鄉鎮市區,交易標的,土地位置建物門牌,土地移轉總面積平方公尺,都市土地使用分區,非都市土地使用分區,非都市土地使用編定,交易年月日,交易筆棟數,移轉層次,總樓層數,建物型態,主要用途,主要建材,建築完成年月,建物移轉總面積平方公尺,建物現況格局-房,建物現況格局-廳,建物現況格局-衛,建物現況格局-隔間,有無管理組織,總價元,單價元平方公尺,車位類別,車位移轉總面積平方公尺,車位總價元,備註,編號,主建物面積,附屬建物面積,陽台面積,電梯,移轉編號
The villages and towns urban district,transaction sign,land sector position building sector house number plate,land shifting total area square meter,the use zoning or compiles and checks,the non-metropolis land use district,non-metropolis land use,transaction year month and day,transaction pen number,shifting level,total floor number,building state,main use,main building materials,construction to complete the years,building shifting total area,Building present situation pattern - room,building present situation pattern - hall,building present situation pattern - health,building present situation pattern - compartmented,Whether there is manages the organization,total price NTD,the unit price (NTD / square meter),the berth category,berth shifting total area square meter,the berth total price NTD,the note,serial number,main building area,auxiliary building area,balcony area,elevator,transaction number
下營區,土地,麻豆寮段418-2地號,155.0,,鄉村區,乙種建築用地,1150701,土地1建物0車位0,,,其他,,,,0.0,0,0,0,無,無,1000000,6452,,0.0,0,未登記建物；,RPQNMLLJPHLGFFD18DA,0.0,0.0,0.0,無,
東區,房地(土地+建物),臺南市東區裕農路３８９巷１弄４號,36.37,住,,,1150701,土地1建物1車位0,一層,五層,公寓(5樓含以下無電梯),住家用,鋼筋混凝土造,0760327,111.97,3,1,2,有,無,7500000,66982,,0.0,0,親友、員工、共有人或其他特殊關係間之交易；其他增建；,RPPNMLLJPHLGFCD77DA,100.21,5.12,0.0,無,001
東區,土地,竹篙厝段1457-17地號,90.0,住,,,1150706,土地1建物0車位0,,,其他,,,,0.0,0,0,0,無,無,11800000,131111,,0.0,0,,RPOOMLQJPHLGFCD28DA,0.0,0.0,0.0,無,
鹽水區,土地,義中段238地號,2415.85,,河川區,農牧用地,1150703,土地1建物0車位0,,,其他,,,,0.0,0,0,0,無,無,1200000,497,,0.0,0,,RPPNMLSJPHLGFDD58DA,0.0,0.0,0.0,無,
東山區,土地,吉貝耍段1501地號,2110.0,,一般農業區,農牧用地,1150706,土地1建物0車位0,,,其他,,,,0.0,0,0,0,無,無,2050000,972,,0.0,0,,RPPNMLSJPHLGFED68DA,0.0,0.0,0.0,無,
白河區,土地,糞箕湖段糞箕湖小段83-1地號,78.67,,鄉村區,乙種建築用地,1150704,土地1建物0車位0,,,其他,,,,0.0,0,0,0,無,無,191000,2428,,0.0,0,親友、員工、共有人或其他特殊關係間之交易；,RPQNMLSJPHLGFED78DA,0.0,0.0,0.0,無,
官田區,土地,湖山段524地號,19.32,都市：其他:住宅區,,,1150702,土地2建物0車位0,,,其他,,,,0.0,0,0,0,無,無,240000,12422,,0.0,0,親友、員工、共有人或其他特殊關係間之交易；未登記建物；,RPWNMLRJPHLGFFD76DA,0.0,0.0,0.0,無,
西港區,建物,臺南市西港區中山路３７９之２０號,0.0,,,,1150701,土地0建物1車位0,全,四層,透天厝,住家用,鋼筋混凝土造,1120322,288.48,5,2,6,有,無,17250000,59796,,0.0,0,建物坐落地號：港安段901-1地號；,RPQNMLTJPHLGFGD09DA,268.73,0.0,19.75,無,
安定區,土地,蘇安段898地號,1.52,住,,,1150702,土地1建物0車位0,,,其他,,,,0.0,0,0,0,無,無,67500,44408,,0.0,0,,RPPNMLTJPHLGFHD09DA,0.0,0.0,0.0,無,
麻豆區,土地,大埤段1260地號,26.96,都市：其他:道路用地,,,1150703,土地1建物0車位0,,,其他,,,,0.0,0,0,0,無,無,23189,860,,0.0,0,親友、員工、共有人或其他特殊關係間之交易；包含公共設施保留地用地；,RPPNMLTJPHLGFFD98EA,0.0,0.0,0.0,無,
安平區,土地,妙壽段741地號,18.2,都市：其他:特定住宅專用區,,,1150606,土地1建物0車位0,,,其他,,,,0.0,0,0,0,無,無,1580000,86813,,0.0,0,本件買賣包含建物門牌：臺南市安平區運河路13巷3弄4號未保存登記建物。親友、員工、共有人或其他特殊關係間之交易；未登記建物；,RPXNMLKKOHLGFAD28DA,0.0,0.0,0.0,無,
北區,房地(土地+建物),臺南市北區開南街１４３巷５０弄４２號,45.0,住,,,1150601,土地1建物1車位0,全,二層,透天厝,住家用,加強磚造,0590110,40.3,3,2,2,有,無,2900000,71960,,0.0,0,親友、員工、共有人或其他特殊關係間之交易；,RPPOMLNLOHLGFAD97DA,40.3,0.0,0.0,無,
安平區,房地(土地+建物)+車位,臺南市安平區建平十七街１２１號四樓之３,6.62,商,,,1150607,土地1建物1車位1,四層,十六層,住宅大樓(11層含以上有電梯),住家用,鋼筋混凝土造,0840819,88.97,1,1,1,有,有,5380000,60470,坡道平面,0.0,0,,RPTNMLOLOHLGFAD38DA,37.01,0.0,3.5,有,
南區,房地(土地+建物)+車位,臺南市南區大同路二段１３６巷７號六樓之３,36.5,住,,,1150603,土地1建物1車位1,六層,十三層,住宅大樓(11層含以上有電梯),住家用,鋼筋混凝土造,0881021,148.84,3,2,2,有,有,8000000,53749,坡道平面,0.0,0,,RPPNMLQKOHLGFCD28DA,89.52,0.0,8.8,有,
東區,房地(土地+建物)+車位,臺南市東區崇善十二街４９號二樓之２,25.58,住,,,1150602,土地1建物1車位1,二層,七層,華廈(10層含以下有電梯),住家用,鋼筋混凝土造,0840307,132.92000000000002,3,2,1,有,有,9000000,67710,坡道機械,0.0,0,其他增建；,RPQNMLSKOHLGFCD58DA,81.03,0.0,10.94,有,
南區,土地,建南段770地號,300.6,都市：其他:保護區,,,1150617,土地1建物0車位0,,,其他,,,,0.0,0,0,0,無,無,4208400,14000,,0.0,0,親友、員工、共有人或其他特殊關係間之交易；,RPPNMLPLOHLGFCD28DA,0.0,0.0,0.0,無,
東區,房地(土地+建物)+車位,臺南市東區長榮路一段２５６號五樓之６,6.11,商,,,1150612,土地2建物1車位1,五層,十二層,住宅大樓(11層含以上有電梯),商業用,鋼筋混凝土造,0821216,79.34,0,0,0,無,有,4000000,50416,升降機械,0.0,0,親友、員工、共有人或其他特殊關係間之交易；,RPVNMLPLOHLGFCD88DA,62.55,0.0,0.0,有,
東區,房地(土地+建物),臺南市東區大同路一段２４１巷６弄８號,22.45,商,,,1150601,土地3建物1車位0,一層,五層,公寓(5樓含以下無電梯),住家用,鋼筋混凝土造,0750610,81.21,3,1,1,有,無,2500000,30784,,0.0,0,親友、員工、共有人或其他特殊關係間之交易；,RPSOMLPLOHLGFCD68DA,66.72,0.0,0.0,無,002
後壁區,土地,頂平段672-7地號,747.28,,鄉村區,乙種建築用地,1150624,土地1建物0車位0,,,其他,,,,0.0,0,0,0,無,無,11390655,15243,,0.0,0,,RPPNMLTLOHLGFED88DA,0.0,0.0,0.0,無,
東山區,土地,二重溪段140-12地號,198.25,,鄉村區,乙種建築用地,1150629,土地3建物0車位0,,,其他,,,,0.0,0,0,0,無,無,600000,3026,,0.0,0,,RPRNMLTLOHLGFED09DA,0.0,0.0,0.0,無,
西港區,土地,西埔段541地號,2348.03,,一般農業區,農牧用地,1150605,土地1建物0車位0,,,其他,,,,0.0,0,0,0,無,無,6800000,2896,,0.0,0,,RPPNMLQJOHLGFGD58DA,0.0,0.0,0.0,無,
七股區,土地,竹橋段1384地號,1595.0,,特定農業區,農牧用地,1150617,土地2建物0車位0,,,其他,,,,0.0,0,0,0,無,無,1400000,878,,0.0,0,親友、員工、共有人或其他特殊關係間之交易；農作物；,RPPNMLKMOHLGFGD28DA,0.0,0.0,0.0,無,
七股區,土地,竹橋段963地號,1542.0,,特定農業區,農牧用地,1150617,土地1建物0車位0,,,其他,,,,0.0,0,0,0,無,無,3000000,1946,,0.0,0,農作物；,RPQNMLKMOHLGFGD38DA,0.0,0.0,0.0,無,
山上區,土地,明北段582地號,126.95,,鄉村區,乙種建築用地,1150601,土地3建物0車位0,,,其他,,,,0.0,0,0,0,無,無,450000,3545,,0.0,0,本案為二親等親屬間共有人應有部分買賣移轉，因土地持分流通性較低，且現受廟宇占用影響利用價值，故以新臺幣450000元成交；價差部分新臺幣565616元已依法申報贈與稅。親友、員工、共有人或其他特殊關係間之交易；,RPSNMLPJOHLGFHD88DA,0.0,0.0,0.0,無,
新市區,房地(土地+建物),臺南市新市區延平街８號八樓之２２,6.03,商,,,1150602,土地2建物1車位0,八層,九層,華廈(10層含以下有電梯),住家用,鋼筋混凝土造,0850522,36.07,1,1,1,有,有,2210000,61270,,0.0,0,,RPPNMLPLOHLGFHD78DA,19.96,0.0,3.01,有,
歸仁區,房地(土地+建物),臺南市歸仁區六甲里中正十五街１３３號,93.87,,一般農業區,甲種建築用地,1150601,土地2建物1車位0,全,二層,透天厝,住家用,鋼筋混凝土造,0810603,109.85,3,2,2,有,無,7250000,65999,,0.0,0,,RPPNMLQKOHLGFID88DA,88.06,15.66,6.13,無,
仁德區,房地(土地+建物),臺南市仁德區大甲里中正西路４０２號四樓之７,4.83,住,,,1150604,土地2建物1車位0,四層,四層,華廈(10層含以下有電梯),辦公用,鋼筋混凝土造,0960920,13.629999999999999,1,1,1,有,有,800000,58694,,0.0,0,夾層；,RPSNMLPLOHLGFID56DA,7.14,0.9,0.0,有,003
關廟區,土地,下湖段7-97地號,301.0,,一般農業區,農牧用地,1150605,土地1建物0車位0,,,其他,,,,0.0,0,0,0,無,無,480000,1595,,0.0,0,,RPSNMLTLOHLGFID96DA,0.0,0.0,0.0,無,
歸仁區,房地(土地+建物)+車位,臺南市歸仁區高發二路３１３號十一樓之３,34.09,住,,,1150607,土地1建物1車位1,十一層,十三層,住宅大樓(11層含以上有電梯),住家用,鋼筋混凝土構造,1120113,145.93,3,2,2,有,有,16000000,109642,坡道平面,20.52,0,,RPUNMLTLOHLGFID17DA,75.21,0.0,6.54,有,004
永康區,房地(土地+建物),臺南市永康區東橋里中山南路３６５巷４號,1657.2,工,,,1150608,土地2建物1車位0,全,一層,透天厝,工業用,鋼造,0840925,1124.62,0,1,1,有,無,37000000,32900,,0.0,0,本案標的為廠辦,RPQNMLPLOHLGFKD56DA,1124.62,0.0,0.0,無,
新營區,土地,土安段415-1地號,13.6,,鄉村區,交通用地,1150617,土地1建物0車位0,,,其他,,,,0.0,0,0,0,無,無,281384,20690,,0.0,0,政府機關標讓售；,RPPNMLLJPHLGFDD97EA,0.0,0.0,0.0,無,
北區,房地(土地+建物)+車位,臺南市北區林森路三段１４０巷９９號七樓之２,49.26,住,,,1150612,土地2建物1車位2,七層,二十四層,住宅大樓(11層含以上有電梯),住家用,鋼筋混凝土造,1130916,235.51,3,2,2,有,有,29600000,125685,坡道平面,50.76,0,,RPROMLOLOHLGFAD28DA,108.89,0.0,12.21,有,005
北區,房地(土地+建物)+車位,臺南市北區開元路５１７號十二樓之３,11.27,商,,,1150601,土地3建物1車位1,十二層,二十四層,住宅大樓(11層含以上有電梯),住家用,鋼筋混凝土構造,1041105,149.23,3,2,2,有,有,10800000,72372,坡道平面,32.55,0,,RPPNMLPLOHLGFAD08DA,71.09,1.65,8.97,有,006
中西區,土地,銀同段903-2地號,2.39,商,,,1150613,土地2建物0車位0,,,其他,,,,0.0,0,0,0,無,無,370000,154812,,0.0,0,畸零地或有合併使用效益；,RPWPMLTLOHLGFAD76DA,0.0,0.0,0.0,無,
北區,房地(土地+建物),臺南市北區開元路５２３號十九樓之２,5.75,商,,,1150616,土地3建物1車位0,十九層,二十四層,住宅大樓(11層含以上有電梯),住家用,鋼筋混凝土構造,1041105,78.60000000000001,2,2,1,有,有,6500000,82697,,0.0,0,,RPTQMLKMOHLGFAD38DA,47.83,0.0,7.26,有,007
安南區,房地(土地+建物),臺南市安南區府安路五段１５７巷２２弄４５號,111.84,住,,,1150615,土地1建物1車位0,全,二層,透天厝,住商用,加強磚造,0700703,129.45,4,1,3,有,無,8000000,61800,,0.0,0,親友、員工、共有人或其他特殊關係間之交易；,RPVNMLMLOHLGFBD48DA,121.18,0.0,8.27,無,
安南區,房地(土地+建物)+車位,臺南市安南區安通路五段３３０號十四樓,27.21,住,,,1150615,土地1建物1車位1,十四層,十四層,住宅大樓(11層含以上有電梯),住家用,鋼筋混凝土造,1120913,156.64999999999998,3,2,2,有,有,14500000,92563,坡道平面,29.82,0,親友、員工、共有人或其他特殊關係間之交易；,RPRNMLKMOHLGFBD97DA,75.87,0.0,7.2,有,008
南區,土地,省躬段973-3地號,111.14,農,,,1150604,土地1建物0車位0,,,其他,,,,0.0,0,0,0,無,無,466800,4200,,0.0,0,親友、員工、共有人或其他特殊關係間之交易；,RPXNMLOLOHLGFCD98DA,0.0,0.0,0.0,無,
南區,土地,華南段1163地號,281.0,農,,,1150610,土地1建物0車位0,,,其他,,,,0.0,0,0,0,無,無,3060000,10890,,0.0,0,親友、員工、共有人或其他特殊關係間之交易；,RPPNMLQLOHLGFCD38DA,0.0,0.0,0.0,無,009
南區,土地,鹽埕段2165地號,25.05,住,,,1150608,土地1建物0車位0,,,其他,,,,0.0,0,0,0,無,無,2440000,97405,,0.0,0,親友、員工、共有人或其他特殊關係間之交易；,RPPNMLTLOHLGFCD68DA,0.0,0.0,0.0,無,
白河區,土地,關子嶺段593地號,655.0,,山坡地保育區,農牧用地,1150603,土地1建物0車位0,,,其他,,,,0.0,0,0,0,無,無,200000,305,,0.0,0,,RPPNMLNJOHLGFED08DA,0.0,0.0,0.0,無,
白河區,房地(土地+建物),臺南市白河區仙草里３鄰仙草２４之５號,33.22,都市：其他:道路用地,,,1150616,土地2建物1車位0,全,一層,透天厝,住家用,木造,0530000,49.08,2,2,1,有,無,1500000,30562,,0.0,0,頂樓加蓋；,RPUNMLSKOHLGFED56DA,49.08,0.0,0.0,無,
麻豆區,土地,油車段1026-7地號,167.47,住,,,1150605,土地2建物0車位0,,,其他,,,,0.0,0,0,0,無,無,11000000,65683,,0.0,0,,RPRNMLOLOHLGFFD68DA,0.0,0.0,0.0,無,010
七股區,土地,三聖段2393地號,533.22,,一般農業區,甲種建築用地,1150608,土地2建物0車位0,,,其他,,,,0.0,0,0,0,無,無,8065000,15125,,0.0,0,親友、員工、共有人或其他特殊關係間之交易；,RPPOMLKKOHLGFGD18DA,0.0,0.0,0.0,無,011
學甲區,土地,中洲南段716地號,12.78,,特定農業區,甲種建築用地,1150622,土地1建物0車位0,,,其他,,,,0.0,0,0,0,無,無,120000,9390,,0.0,0,,RPTNMLNLOHLGFGD88DA,0.0,0.0,0.0,無,
佳里區,房地(土地+建物),臺南市佳里區海澄里１鄰萊芊寮１之１００號,147.92,,工業區,丁種建築用地,1150612,土地1建物1車位0,全,三層,透天厝,辦公用,鋼筋混凝土造,0830407,249.89,6,2,3,有,無,5800000,23210,,0.0,0,其他增建；,RPRNMLTLOHLGFGD66DA,229.96,0.0,19.93,無,
佳里區,土地,延平段189地號,771.58,,一般農業區,農牧用地,1150621,土地1建物0車位0,,,其他,,,,0.0,0,0,0,無,無,3000000,3888,,0.0,0,親友、員工、共有人或其他特殊關係間之交易；,RPOOMLTLOHLGFGD09DA,0.0,0.0,0.0,無,
七股區,房地(土地+建物),臺南市七股區大埕里大埕２９之１５號,100.0,,特定農業區,甲種建築用地,1150611,土地1建物1車位0,全,三層,透天厝,住家用,鋼筋混凝土造,0830518,175.26,4,2,3,有,無,4500000,25676,,0.0,0,,RPSNMLKMOHLGFGD58DA,162.01,7.46,5.79,無,
善化區,土地,曾文段2132地號,1140.0,,特定農業區,農牧用地,1150602,土地1建物0車位0,,,其他,,,,0.0,0,0,0,無,無,8500000,7456,,0.0,0,,RPTNMLMKOHLGFHD78DA,0.0,0.0,0.0,無,
新化區,土地,崙子頂段746地號,42.67,,鄉村區,乙種建築用地,1150623,土地1建物0車位0,,,其他,,,,0.0,0,0,0,無,無,850000,19920,,0.0,0,含土地增值稅或其他稅費；含地政士服務費；親友、員工、共有人或其他特殊關係間之交易；,RPWNMLKMOHLGFHD09DA,0.0,0.0,0.0,無,
關廟區,土地,新埔段1708-2地號,688.5,,一般農業區,農牧用地,1150608,土地1建物0車位0,,,其他,,,,0.0,0,0,0,無,無,1800000,2614,,0.0,0,親友、員工、共有人或其他特殊關係間之交易；,RPTNMLMLOHLGFID98DA,0.0,0.0,0.0,無,
仁德區,房地(土地+建物),臺南市仁德區後壁里德南路２０９巷１７號,92.03,住,,,1150607,土地1建物1車位0,全,四層,透天厝,住家用,鋼筋混凝土造,1020329,179.0,3,2,3,有,無,10000000,55866,,0.0,0,親友、員工、共有人或其他特殊關係間之交易；,RPROMLTLOHLGFID96DA,141.11,0.0,37.89,無,
歸仁區,土地,崙頂段254地號,192.01,,一般農業區,農牧用地,1150616,土地2建物0車位0,,,其他,,,,0.0,0,0,0,無,無,1330000,6927,,0.0,0,,RPPNMLKMOHLGFID48DA,0.0,0.0,0.0,無,012
新營區,房地(土地+建物),臺南市新營區新北八街７６巷２４號,95.57,住,,,1150623,土地1建物1車位0,全,四層,透天厝,住家用,鋼筋混凝土造,0830909,218.25,5,2,4,有,無,9000000,41237,,0.0,0,,RPPNMLMJPHLGFDD08EA,200.04,2.47,15.74,無,
鹽水區,土地,仁光段168地號,992.3,,鄉村區,乙種建築用地,1150616,土地3建物0車位0,,,其他,,,,0.0,0,0,0,無,無,2060000,2076,,0.0,0,本案係共有土地出賣給共有人親友、員工、共有人或其他特殊關係間之交易；未登記建物；,RPQNMLMJPHLGFDD18EA,0.0,0.0,0.0,無,
北區,房地(土地+建物),臺南市北區北園街３８號七樓之１,8.82,商,,,1150606,土地2建物1車位0,七層,十四層,住宅大樓(11層含以上有電梯),住家用,鋼筋混凝土造,0870420,68.42,2,2,1,有,有,5660000,82724,,0.0,0,其他增建；,RPPNMLQJOHLGFAD97DA,50.41,0.0,3.58,有,013
中西區,房地(土地+建物),臺南市中西區忠義路二段１８５號六樓之７,10.35,商,,,1150619,土地1建物1車位0,六層,十層,華廈(10層含以下有電梯),住家用,鋼筋混凝土造,0691203,82.16,1,1,1,有,有,3600000,43817,,0.0,0,,RPUOMLOLOHLGFAD58DA,64.0,0.0,0.0,有,
安南區,土地,安西段657地號,23.86,都市：其他:住宅區,,,1150611,土地3建物0車位0,,,其他,,,,0.0,0,0,0,無,無,720000,30176,,0.0,0,包含公共設施保留地用地；,RPWNMLSKOHLGFBD09DA,0.0,0.0,0.0,無,
安南區,土地,學南段231地號,1312.71,工,,,1150608,土地6建物0車位0,,,其他,,,,0.0,0,0,0,無,無,17869050,13612,,0.0,0,重劃區工業地,RPTNMLTLOHLGFBD98DA,0.0,0.0,0.0,無,014
南區,房地(土地+建物),臺南市南區公英七街１２號,48.54,住,,,1150602,土地1建物1車位0,全,二層,透天厝,住家用,補強磚造,0600520,68.8,4,2,1,有,無,4500000,65407,,0.0,0,其他增建；,RPPNMLSKOHLGFCD48DA,68.8,0.0,0.0,無,
南區,土地,新都段475地號,116.1,,,,1150606,土地1建物0車位0,,,其他,,,,0.0,0,0,0,無,無,950000,8183,,0.0,0,包含公共設施保留地用地；,RPVNMLOLOHLGFCD78DA,0.0,0.0,0.0,無,015
東區,房地(土地+建物)+車位,臺南市東區東榮街７號七樓之４,6.35,住,,,1150620,土地1建物1車位1,七層,八層,華廈(10層含以下有電梯),住家用,鋼筋混凝土造,0830901,45.56999999999999,1,0,1,有,有,2500000,54861,升降機械,0.0,0,,RPROMLPLOHLGFCD58DA,21.54,0.0,1.45,有,
東區,土地,仁和段588-48地號,0.6,住,,,1150625,土地1建物0車位0,,,其他,,,,0.0,0,0,0,無,無,25000,0,,0.0,0,,RPXNMLTLOHLGFCD86DA,0.0,0.0,0.0,無,016
南區,房地(土地+建物),臺南市南區中華南路二段３５０號四樓,37.16,住,,,1150612,土地2建物1車位0,四層,五層,公寓(5樓含以下無電梯),住家用,鋼筋混凝土造,0701126,130.07,3,2,1,有,無,3500000,26909,,0.0,0,陽台外推；,RPQNMLKMOHLGFCD97DA,97.21,0.0,22.31,無,
東區,房地(土地+建物),臺南市東區長東街４１巷２弄１３號,80.0,住,,,1150610,土地2建物1車位0,全,二層,透天厝,住家用,鋼筋混凝土造,0760107,120.02,6,3,2,有,無,11100000,92485,,0.0,0,頂樓加蓋；其他增建；,RPRNMLLJPHLGFCD97DA,114.33,0.0,5.69,無,
南區,房地(土地+建物),臺南市南區德興路１２９號,76.0,住,,,1150615,土地1建物1車位0,全,三層,透天厝,住商用,鋼筋混凝土造,0660805,139.18,6,2,2,有,無,10500000,75442,,0.0,0,,RPTNMLLJPHLGFCD18DA,139.18,0.0,0.0,無,
新營區,土地,茄苳段296-5地號,91.27,住,,,1150618,土地2建物0車位0,,,其他,,,,0.0,0,0,0,無,無,1720000,18845,,0.0,0,未登記建物；,RPPNMLTLOHLGFDD78DA,0.0,0.0,0.0,無,017
新營區,房地(土地+建物),臺南市新營區東光街４０巷４５號二樓,30.02,住,,,1150629,土地1建物1車位0,二層,六層,華廈(10層含以下有電梯),住家用,鋼筋混凝土造,0880317,145.42000000000002,3,2,2,有,有,5100000,35071,,0.0,0,,RPUNMLLJPHLGFDD38DA,84.51,0.0,8.53,有,
大內區,土地,二重溪段119地號,669.0,,山坡地保育區,農牧用地,1150605,土地2建物0車位0,,,其他,,,,0.0,0,0,0,無,無,400000,598,,0.0,0,親友、員工、共有人或其他特殊關係間之交易；,RPQNMLTLOHLGFFD09DA,0.0,0.0,0.0,無,
麻豆區,房地(土地+建物),臺南市麻豆區新興里新生南路３３巷２０號二樓之３,26.7,住,,,1150601,土地1建物1車位0,二層,七層,華廈(10層含以下有電梯),住家用,鋼筋混凝土構造,1120307,75.11,2,2,2,有,有,5200000,69232,,0.0,0,陽台外推；其他增建；,RPQNMLKMOHLGFFD28DA,52.72,0.0,5.63,有,018
佳里區,房地(土地+建物),臺南市佳里區忠孝路３８５巷９號,134.77,住,,,1150605,土地1建物1車位0,全,四層,透天厝,住家用,鋼筋混凝土造,1141231,269.05,5,2,6,有,無,18000000,66902,,0.0,0,,RPUNMLKMOHLGFGD78DA,255.08,0.0,13.97,無,
佳里區,房地(土地+建物),臺南市佳里區麻佳路三段７６號,1210.0,,特定農業區,農牧用地,1150615,土地3建物1車位0,全,三層,透天厝,住家用,鋼筋混凝土造,0740927,258.49,5,3,4,有,無,13000000,50292,,0.0,0,親友、員工、共有人或其他特殊關係間之交易；,RPVNMLKMOHLGFGD88DA,229.5,0.0,28.99,無,
新市區,房地(土地+建物)+車位,臺南市新市區富中街２６９號五樓之６,24.95,住,,,1150614,土地1建物1車位1,五層,十二層,住宅大樓(11層含以上有電梯),住家用,鋼筋混凝土造,1060327,149.82999999999998,4,4,4,有,有,13000000,92899,坡道平面,26.04,1500000,夾層；含租約；,RPQNMLOKOHLGFHD68DA,70.24,0.0,8.86,有,
歸仁區,土地,歸仁北段170-2地號,91.9,農,,,1150603,土地2建物0車位0,,,其他,,,,0.0,0,0,0,無,無,238940,2600,,0.0,0,親友、員工、共有人或其他特殊關係間之交易；,RPQNMLSKOHLGFID56DA,0.0,0.0,0.0,無,019
仁德區,房地(土地+建物),臺南市仁德區大甲里中正西路３６０巷２０弄４３號二樓之２８,5.02,住,,,1150603,土地2建物1車位0,二層,四層,華廈(10層含以下有電梯),辦公用,鋼筋混凝土造,0960920,14.149999999999999,1,1,1,有,有,800000,56537,,0.0,0,,RPSNMLKMOHLGFID78DA,7.14,0.9,0.0,有,020
永康區,房地(土地+建物),臺南市永康區北興路１６６巷５號,95.6,住,,,1150601,土地2建物1車位0,全,四層,透天厝,住家用,鋼筋混凝土構造,1030605,207.44,4,2,4,有,無,16500000,79541,,0.0,0,,RPQOMLRKOHLGFKD76DA,190.69,0.0,16.75,無,
永康區,房地(土地+建物),臺南市永康區復華里復華八街５１巷３９號二樓之６,6.54,住,,,1150613,土地1建物1車位0,二層,十層,華廈(10層含以下有電梯),住家用,鋼筋混凝土造,0850426,23.53,1,1,1,有,有,2200000,93498,,0.0,0,夾層；,RPXNMLKMOHLGFKD86DA,10.96,0.66,4.34,有,
安平區,房地(土地+建物),臺南市安平區安平路３０４號一樓之７,8.25,住,,,1150629,土地2建物1車位0,一層,七層,華廈(10層含以下有電梯),住家用,鋼筋混凝土造,0710223,39.39,2,1,1,有,無,880000,22341,,0.0,0,親友、員工、共有人或其他特殊關係間之交易；,RPPNMLLJPHLGFAD67EA,28.08,0.0,0.0,有,021
官田區,土地,福安段68地號,133.09,農,,,1150601,土地2建物0車位0,,,其他,,,,0.0,0,0,0,無,無,3400000,25547,,0.0,0,包含公共設施保留地用地；,RPPNMLMLOHLGFFD38EA,0.0,0.0,0.0,無,022
官田區,土地,角秀段288-13地號,2881.0,農,,,1150620,土地1建物0車位0,,,其他,,,,0.0,0,0,0,無,無,4350000,1510,,0.0,0,,RPPNMLLJPHLGFFD18EA,0.0,0.0,0.0,無,
永康區,房地(土地+建物),臺南市永康區永大路二段１３１０巷５３號,97.81,住,,,1150618,土地1建物1車位0,全,二層,透天厝,住家用,加強磚造,0720523,118.22,4,2,3,有,無,4047757,34239,,0.0,0,家人之間買賣享用土地增值稅率親友、員工、共有人或其他特殊關係間之交易；,RPPNMLLJPHLGFKD68EA,107.54,6.65,4.03,無,
安平區,土地,金華段153地號,168.0,住,,,1150613,土地1建物0車位0,,,其他,,,,0.0,0,0,0,無,無,28000000,166667,,0.0,0,,RPRNMLNKOHLGFAD97DA,0.0,0.0,0.0,無,
中西區,房地(土地+建物),臺南市中西區中成路１８號八樓之７,2.97,商,,,1150607,土地1建物1車位0,八層,二十層,住宅大樓(11層含以上有電梯),住家用,鋼筋混凝土造,0860127,38.010000000000005,1,0,1,有,有,3700000,97343,,0.0,0,,RPQPMLKMOHLGFAD97DA,21.39,0.0,5.39,有,023
北區,房地(土地+建物)+車位,臺南市北區開元路５１９號十二樓之８,11.27,商,,,1150612,土地3建物1車位1,十二層,二十四層,住宅大樓(11層含以上有電梯),住家用,鋼筋混凝土構造,1041105,157.60000000000002,3,2,2,有,有,10800000,68528,坡道平面,32.55,0,,RPTPMLKMOHLGFAD28DA,74.09,5.97,7.61,有,024
北區,房地(土地+建物)+車位,臺南市北區北成路８０巷２２弄８號八樓,33.54,住,,,1150623,土地1建物1車位1,八層，夾層,九層,華廈(10層含以下有電梯),住家用,鋼筋混凝土造,0840913,138.28,3,2,2,有,有,2450000,17718,坡道平面,0.0,0,親友、員工、共有人或其他特殊關係間之交易；,RPORMLKMOHLGFAD97DA,81.76,0.0,9.69,有,
安平區,房地(土地+建物)+車位,臺南市安平區建平六街１１４號五樓之１０,18.47,住,,,1150618,土地1建物1車位1,五層,七層,華廈(10層含以下有電梯),住家用,鋼筋混凝土造,0830319,116.8,2,1,2,有,有,6000000,51370,坡道機械,0.0,0,親友、員工、共有人或其他特殊關係間之交易；,RPPNMLLJPHLGFAD57DA,73.54,0.0,10.12,有,
東區,房地(土地+建物)+車位,臺南市東區崇明二十二街３６號二樓之５,26.86,住,,,1150615,土地1建物1車位1,二層,七層,華廈(10層含以下有電梯),住家用,鋼筋混凝土構造,1080213,107.19,2,2,2,有,有,9600000,89561,一樓平面,13.77,0,,RPQOMLPKOHLGFCD38DA,59.81,0.0,1.39,有,025
東區,房地(土地+建物),臺南市東區中華東路二段１６７號八樓之６,2.99,住,,,1150613,土地2建物1車位0,八層,十四層,住宅大樓(11層含以上有電梯),住家用,鋼筋混凝土造,0970229,34.19,1,0,1,有,有,3050000,89207,,0.0,0,,RPSNMLLJPHLGFCD08DA,17.29,0.0,4.41,有,
南區,土地,華南段1163地號,82.65,農,,,1150610,土地1建物0車位0,,,其他,,,,0.0,0,0,0,無,無,900000,10889,,0.0,0,親友、員工、共有人或其他特殊關係間之交易；,RPPNMLMJPHLGFCD87DA,0.0,0.0,0.0,無,009
白河區,土地,竹子門段93-4地號,469.18,,一般農業區,農牧用地,1150604,土地4建物0車位0,,,其他,,,,0.0,0,0,0,無,無,60000,128,,0.0,0,親友、員工、共有人或其他特殊關係間之交易；,RPRNMLLJPHLGFED18DA,0.0,0.0,0.0,無,
後壁區,土地,道場段904-1地號,1.52,,鄉村區,乙種建築用地,1150615,土地1建物0車位0,,,其他,,,,0.0,0,0,0,無,無,23000,15132,,0.0,0,,RPSNMLMJPHLGFED38DA,0.0,0.0,0.0,無,
後壁區,土地,道場段906-1地號,4.97,,鄉村區,乙種建築用地,1150615,土地1建物0車位0,,,其他,,,,0.0,0,0,0,無,無,75000,15091,,0.0,0,,RPTNMLMJPHLGFED48DA,0.0,0.0,0.0,無,
下營區,房地(土地+建物),臺南市下營區洲子２３號之６,146.0,,鄉村區,乙種建築用地,1150605,土地1建物1車位0,全,二層,透天厝,住家用,加強磚造,0720425,133.21,4,2,3,有,無,3500000,26274,,0.0,0,,RPTNMLQKOHLGFFD98DA,133.21,0.0,0.0,無,
麻豆區,房地(土地+建物),臺南市麻豆區大埕里祖１號之８,102.22,住,,,1150604,土地1建物1車位0,全,三層,透天厝,住家用,Ｒ．Ｃ磚造,0680426,186.87,5,3,3,有,無,6900000,36924,,0.0,0,其他增建；,RPTNMLLJPHLGFFD48DA,186.87,0.0,0.0,無,
六甲區,土地,水林段459地號,52.44,住,,,1150630,土地1建物0車位0,,,其他,,,,0.0,0,0,0,無,無,150000,2860,,0.0,0,親友、員工、共有人或其他特殊關係間之交易；,RPPNMLMJPHLGFFD18DA,0.0,0.0,0.0,無,
官田區,土地,東西庄段731-2地號,519.19,,特定農業區,甲種建築用地,1150615,土地1建物0車位0,,,其他,,,,0.0,0,0,0,無,無,1300000,2504,,0.0,0,親友、員工、共有人或其他特殊關係間之交易；未登記建物；,RPQNMLNJPHLGFFD38DA,0.0,0.0,0.0,無,
學甲區,土地,興業段725地號,73.77,工,,,1150617,土地3建物0車位0,,,其他,,,,0.0,0,0,0,無,無,228100,3092,,0.0,0,,RPRNMLLJPHLGFGD38DA,0.0,0.0,0.0,無,
新市區,土地,看西段12-1地號,385.0,,,,1150605,土地1建物0車位0,,,其他,,,,0.0,0,0,0,無,無,12204500,31700,,0.0,0,若本契約土地經本市地價及標準地價評議委員會評定徵收補償市價高於協議價購價格者，就徵收補償市價增加之額度，另行以土地差額地價方式補給差額。協議價購；,RPQNMLTJOHLGFHD09DA,0.0,0.0,0.0,無,
安定區,土地,海安段558地號,22.75,,鄉村區,乙種建築用地,1150622,土地1建物0車位0,,,其他,,,,0.0,0,0,0,無,無,825840,36301,,0.0,0,一、規費、印花稅及代書辦理費用，由買方支付全部。二、土地增值稅，由賣方繳納。親友、員工、共有人或其他特殊關係間之交易；,RPQNMLTLOHLGFHD66DA,0.0,0.0,0.0,無,
新市區,房地(土地+建物),臺南市新市區社內１６６之７號,52.88,,鄉村區,乙種建築用地,1150607,土地1建物1車位0,全,三層,透天厝,住家用,鋼筋混凝土加強磚造,0800820,91.69,6,2,3,有,無,2492171,27180,,0.0,0,買方負擔土地增值稅賣清親友、員工、共有人或其他特殊關係間之交易；,RPTNMLMJPHLGFHD78DA,88.13,0.0,3.56,無,
仁德區,房地(土地+建物),臺南市仁德區中正西路３６０巷２０弄４３號四樓之７,3.75,住,,,1150613,土地2建物1車位0,四層,四層,華廈(10層含以下有電梯),辦公用,鋼筋混凝土造,0960920,10.559999999999999,1,1,1,有,有,750000,71023,,0.0,0,親友、員工、共有人或其他特殊關係間之交易；夾層；,RPWNMLSKOHLGFID17DA,7.14,0.9,0.0,有,027
歸仁區,房地(土地+建物),臺南市歸仁區中正南路二段４３巷１號,97.12,住,,,1150601,土地3建物1車位0,全,四層,透天厝,住商用,鋼筋混凝土造,0960215,198.44,5,1,6,有,無,15301157,77107,,0.0,0,含土地增值稅或其他稅費555097元；其他 太陽能設備:308280元；,RPPNMLMLOHLGFID58DA,164.94,7.92,25.58,無,028
仁德區,土地,車路墘段716-1地號,20.33,都市：其他:道路用地,,,1150612,土地3建物0車位0,,,其他,,,,0.0,0,0,0,無,無,280600,13802,,0.0,0,協議價購；,RPVNMLLJPHLGFID98DA,0.0,0.0,0.0,無,029
仁德區,土地,車路墘段709-1地號,6.79,都市：其他:道路用地,,,1150612,土地1建物0車位0,,,其他,,,,0.0,0,0,0,無,無,93725,13803,,0.0,0,協議價購；,RPWNMLLJPHLGFID09DA,0.0,0.0,0.0,無,
關廟區,土地,南花段608地號,80.0,住,,,1150617,土地1建物0車位0,,,其他,,,,0.0,0,0,0,無,無,2904000,36300,,0.0,0,親友、員工、共有人或其他特殊關係間之交易；,RPPNMLNJPHLGFID58DA,0.0,0.0,0.0,無,030
永康區,土地,中灣段433地號,60.02,都市：其他:住宅區,,,1150616,土地3建物0車位0,,,其他,,,,0.0,0,0,0,無,無,918250,15299,,0.0,0,親友、員工、共有人或其他特殊關係間之交易；包含公共設施保留地用地；,RPOOMLMLOHLGFKD78DA,0.0,0.0,0.0,無,
永康區,車位,臺南市永康區勝利里勝利街１９７巷８弄６之１號,3.74,住,,,1150623,土地1建物1車位1,地下層,六層,其他,自用棧房。,鋼筋混凝土造,0790619,20.59,0,0,0,無,有,800000,,坡道平面,0.0,800000,僅車位交易；,RPTNMLPLOHLGFKD86DA,0.0,0.0,0.0,有,031
永康區,房地(土地+建物)+車位,臺南市永康區勝利里中華一路２０３巷８號十一樓之３,9.37,商,,,1150605,土地1建物1車位1,十一層,十一層,住宅大樓(11層含以上有電梯),辦公用,鋼筋混凝土造,0871026,103.41,3,2,2,有,有,6500000,62857,坡道平面,20.11,0,夾層；其他增建；,RPRNMLLJPHLGFKD78DA,49.64,4.31,3.34,有,
北區,房地(土地+建物),臺南市北區南園街１４巷８號,54.0,住,,,1150618,土地1建物1車位0,全,二層,透天厝,住家用,加強磚造,0600822,74.29,5,2,1,有,無,5000000,67304,,0.0,0,親友、員工、共有人或其他特殊關係間之交易；頂樓加蓋；其他增建；,RPPNMLMJPHLGFAD77EA,74.29,0.0,0.0,無,
歸仁區,土地,沙崙段822-1地號,1330.0,,一般農業區,農牧用地,1150620,土地1建物0車位0,,,其他,,,,0.0,0,0,0,無,無,6000000,4511,,0.0,0,親友間交易農作物；,RPPNMLNJPHLGFID68EA,0.0,0.0,0.0,無,032
北區,房地(土地+建物)+車位,臺南市北區開元路５２１號十五樓之６,10.7,商,,,1150604,土地3建物1車位1,十五層,二十四層,住宅大樓(11層含以上有電梯),住家用,鋼筋混凝土構造,1041105,149.38,3,2,2,有,有,10580000,70826,坡道平面,32.55,0,,RPPNMLOLOHLGFAD97DA,69.96,4.49,7.41,有,033
北區,土地,小北段1165地號,4.93,都市：其他:停車場用地,,,1150617,土地2建物0車位0,,,其他,,,,0.0,0,0,0,無,無,268200,54402,,0.0,0,包含公共設施保留地用地；,RPOOMLTLOHLGFAD48DA,0.0,0.0,0.0,無,034
中西區,房地(土地+建物),臺南市中西區民生路一段２０５巷７號五樓之２,5.47,商,,,1150621,土地1建物1車位0,五層,五層,華廈(10層含以下有電梯),住家用,鋼筋混凝土造,0790115,25.67,1,0,1,有,無,2950000,114920,,0.0,0,其他增建；,RPPRMLKMOHLGFAD08DA,15.05,0.0,3.0,有,035
中西區,建物,臺南市中西區南門路１３３號,0.0,,,,1150605,土地0建物1車位0,全,四層,透天厝,住家用,鋼筋混凝土造,1140716,210.54,4,2,4,有,無,10250000,48684,,0.0,0,土地為向仁愛之家租賃使用；建物坐落地號：郡王祠段1019地號；陽台外推；其他增建；,RPQNMLLJPHLGFAD67DA,184.99,0.0,25.55,無,
中西區,房地(土地+建物),臺南市中西區保安路１９１號七樓之８,6.7,住,,,1150609,土地2建物1車位0,七層,七層,華廈(10層含以下有電梯),住家用,鋼筋混凝土造,0701231,34.31,1,1,1,有,有,450000,13116,,0.0,0,,RPSNMLLJPHLGFAD87DA,24.16,0.0,0.0,有,
南區,車位,臺南市南區null,0.5,商,,,1150611,土地1建物1車位1,,,其他,,,,40.0,0,0,0,無,有,800000,,坡道平面,40.0,800000,僅車位交易；,RPSNMLKMOHLGFCD18DA,0.0,0.0,0.0,有,
東區,房地(土地+建物),臺南市東區裕農路４０之５號,52.54,住,,,1150609,土地1建物1車位0,全,二層,透天厝,住家用,加強磚造,0611210,78.24,5,1,3,有,無,2000000,25562,,0.0,0,親友、員工、共有人或其他特殊關係間之交易；頂樓加蓋；,RPVOMLLJPHLGFCD48DA,78.24,0.0,0.0,無,
南區,房地(土地+建物),臺南市南區新孝路６１號四樓,40.5,住,,,1150616,土地1建物1車位0,四層,四層,公寓(5樓含以下無電梯),住家用,鋼筋混凝土造,0670509,75.67,3,2,1,有,無,5000000,66076,,0.0,0,陽台外推；,RPQNMLMJPHLGFCD97DA,75.67,0.0,0.0,無,036
南區,房地(土地+建物)+車位,臺南市南區明興路１１９巷３號十樓之４,18.19,住,,,1150602,土地1建物1車位1,十層,十五層,住宅大樓(11層含以上有電梯),住家用,鋼筋混凝土造,0840812,161.22,3,2,2,有,有,8500000,52723,坡道平面,0.0,0,陽台外推；,RPTNMLMJPHLGFCD28DA,90.05,1.62,11.37,有,037
東區,房地(土地+建物),臺南市東區裕農路６２１巷１７號,141.56,住,,,1150618,土地1建物1車位0,全,二層,透天厝,住商用,加強磚造,0581007,132.27,4,2,3,有,無,6990000,52846,,0.0,0,親友、員工、共有人或其他特殊關係間之交易；,RPQOMLMJPHLGFCD08DA,128.71,0.0,3.56,無,
東區,房地(土地+建物),臺南市東區崇明十六街２６號,93.0,住,,,1150609,土地1建物1車位0,全,二層,透天厝,住家用,鋼筋混凝土造,0760514,126.46,5,1,4,有,無,6400000,50609,,0.0,0,親友、員工、共有人或其他特殊關係間之交易；,RPRNMLNJPHLGFCD18DA,121.9,0.0,4.56,無,
鹽水區,土地,忠義段1169地號,1716.0,,特定農業區,農牧用地,1150625,土地1建物0車位0,,,其他,,,,0.0,0,0,0,無,無,6500000,3788,,0.0,0,未登記建物；,RPPNMLMJPHLGFDD97DA,0.0,0.0,0.0,無,
白河區,土地,秀祐段385-3地號,2153.43,農,,,1150603,土地3建物0車位0,,,其他,,,,0.0,0,0,0,無,無,3450000,1602,,0.0,0,,RPUNMLMJPHLGFED58DA,0.0,0.0,0.0,無,038
後壁區,土地,四安段1590地號,177.95,,鄉村區,乙種建築用地,1150617,土地1建物0車位0,,,其他,,,,0.0,0,0,0,無,無,1000000,5620,,0.0,0,親友、員工、共有人或其他特殊關係間之交易；,RPQNMLQJPHLGFED58DA,0.0,0.0,0.0,無,
官田區,土地,鎮南段441地號,309.6,商,,,1150603,土地3建物0車位0,,,其他,,,,0.0,0,0,0,無,無,7500000,24225,,0.0,0,交易價格包含其他買賣登記案件標的之價格,RPPNMLTKOHLGFFD88DA,0.0,0.0,0.0,無,
麻豆區,房地(土地+建物),臺南市麻豆區東角里６鄰忠孝路４５之２３號,95.39,住,,,1150620,土地1建物1車位0,全,二層,透天厝,住家用,加強磚造,0770913,117.46,5,2,2,有,無,2560000,21795,,0.0,0,價金中244萬元整主張贈與親友、員工、共有人或其他特殊關係間之交易；,RPPNMLOLOHLGFFD48DA,111.54,0.0,5.92,無,
官田區,土地,湖山段561地號,204.48,住,,,1150617,土地2建物0車位0,,,其他,,,,0.0,0,0,0,無,無,4294696,21003,,0.0,0,賣清未登記建物；,RPPNMLNJPHLGFFD28DA,0.0,0.0,0.0,無,
官田區,土地,東西庄段734地號,150.75,,特定農業區,農牧用地,1150615,土地1建物0車位0,,,其他,,,,0.0,0,0,0,無,無,168000,1114,,0.0,0,親友、員工、共有人或其他特殊關係間之交易；,RPRNMLNJPHLGFFD48DA,0.0,0.0,0.0,無,039
佳里區,房地(土地+建物)+車位,臺南市佳里區佳里興４３３之１１號三樓之１,46.81,,鄉村區,乙種建築用地,1150601,土地1建物1車位1,三層,五層,華廈(10層含以下有電梯),住家用,鋼筋混凝土造,1141113,151.25,3,2,2,有,有,9800000,64793,一樓平面,0.0,0,,RPRNMLNJPHLGFGD58DA,93.15,0.0,10.12,有,
北門區,土地,保安段811-2地號,37.36,住,,,1150616,土地3建物0車位0,,,其他,,,,0.0,0,0,0,無,無,362018,9690,,0.0,0,政府機關標讓售；,RPPNMLQJPHLGFGD68DA,0.0,0.0,0.0,無,
安定區,土地,中沙段305地號,174.02,,鄉村區,乙種建築用地,1150601,土地1建物0車位0,,,其他,,,,0.0,0,0,0,無,無,5500000,31606,,0.0,0,,RPOOMLMJOHLGFHD28DA,0.0,0.0,0.0,無,
新市區,房地(土地+建物),臺南市新市區龍目井路１４７巷７號,100.99,都市：其他:生活服務區(產業服務專用),,,1150614,土地5建物1車位0,全,四層,透天厝,住商用,鋼筋混凝土造,1090911,204.78,3,2,5,有,無,20800000,101572,,0.0,0,,RPPNMLQKOHLGFHD78DA,191.91,0.0,12.87,無,040
善化區,房地(土地+建物)+車位,臺南市善化區什乃１７之１８號五樓之６,30.05,,鄉村區,乙種建築用地,1150618,土地1建物1車位1,五層,七層,華廈(10層含以下有電梯),住家用,鋼筋混凝土造,1140926,110.50999999999999,3,2,2,有,有,7830000,68520,一樓平面,13.75,1200000,,RPTNMLNJPHLGFHD88DA,66.03,0.0,3.41,有,
歸仁區,土地,林子邊段632地號,1000.76,,一般農業區,農牧用地,1150604,土地1建物0車位0,,,其他,,,,0.0,0,0,0,無,無,3000000,2998,,0.0,0,,RPQNMLKMOHLGFID58DA,0.0,0.0,0.0,無,
仁德區,土地,保甲段1403地號,1333.15,,一般農業區,交通用地,1150615,土地1建物0車位0,,,其他,,,,0.0,0,0,0,無,無,10745189,8060,,0.0,0,政府機關標讓售；,RPWNMLNJPHLGFID66DA,0.0,0.0,0.0,無,
永康區,房地(土地+建物)+車位,臺南市永康區東橋五路１７８號九樓之２,16.68,住,,,1150601,土地1建物1車位1,九層,十五層,住宅大樓(11層含以上有電梯),住家用,鋼筋混凝土構造,1120818,116.63,2,2,1,有,有,11300000,96888,坡道平面,0.0,0,,RPPNMLKKOHLGFKD48DA,53.68,0.0,4.04,有,041
學甲區,房地(土地+建物),臺南市學甲區民族路２３之３號,88.34,住,,,1150619,土地2建物1車位0,全,三層,透天厝,住商用,鋼筋混凝土造,0701027,146.33,4,1,3,有,無,3000000,20502,,0.0,0,土增稅由權利人負擔親友、員工、共有人或其他特殊關係間之交易；頂樓加蓋；未登記建物；,RPPNMLNJPHLGFGD48EA,141.35,0.0,4.98,無,
將軍區,土地,巷口段一小段965地號,7.46,,鄉村區,乙種建築用地,1150625,土地4建物0車位0,,,其他,,,,0.0,0,0,0,無,無,30600,4102,,0.0,0,親友、員工、共有人或其他特殊關係間之交易；,RPRNMLNJPHLGFGD68EA,0.0,0.0,0.0,無,042
山上區,土地,牛稠埔段99-2地號,141.5,,一般農業區,丙種建築用地,1150602,土地1建物0車位0,,,其他,,,,0.0,0,0,0,無,無,285000,2014,,0.0,0,地清或未辦繼承標售；,RPSNMLSJPHLGFHD76EA,0.0,0.0,0.0,無,
中西區,房地(土地+建物),臺南市中西區樹林街二段１２５巷３３號五樓之１,6.72,住,,,1150617,土地1建物1車位0,五層,五層,華廈(10層含以下有電梯),住家用,鋼筋混凝土造,0790709,24.54,1,0,1,有,無,1650000,67237,,0.0,0,電梯已年久失修,RPQOMLMJPHLGFAD87DA,12.91,0.0,2.83,有,043
中西區,房地(土地+建物),臺南市中西區西門路二段３０７巷２２號四樓之９,3.42,商,,,1150629,土地2建物1車位0,四層,七層,華廈(10層含以下有電梯),住家用,鋼筋混凝土造,0810421,23.36,1,1,1,有,有,1720000,73630,,0.0,0,,RPUOMLMJPHLGFAD28DA,14.91,0.0,0.0,有,044
中西區,房地(土地+建物),臺南市中西區開山路１１５號,38.92,商,,,1150613,土地1建物1車位0,全,一層,透天厝,商業用,加強磚造,0691117,37.65,1,1,1,有,無,5100000,135458,,0.0,0,土地成交500萬建物成交10萬親友、員工、共有人或其他特殊關係間之交易；未登記建物；,RPSOMLNJPHLGFAD18DA,37.65,0.0,0.0,無,
安南區,房地(土地+建物),臺南市安南區淵西路１６３號三樓之３,35.45,住,,,1150607,土地1建物1車位0,三層,五層,華廈(10層含以下有電梯),住家用,鋼筋混凝土造,1150127,94.52000000000001,2,2,2,有,有,8000000,84638,,0.0,0,,RPXNMLKMOHLGFBD58DA,60.35,0.0,7.19,有,
安南區,房地(土地+建物)+車位,臺南市安南區生態街５９號１９樓之２,34.04,住,,,1150602,土地1建物1車位3,十九層,二十層,住宅大樓(11層含以上有電梯),住家用,鋼筋混凝土造,1120525,267.91999999999996,3,2,2,有,有,15800000,63193,坡道平面,81.19,4000000,親友、員工、共有人或其他特殊關係間之交易；,RPPNMLNJPHLGFBD87DA,111.11,0.0,12.49,有,
東區,房地(土地+建物),臺南市東區裕興街２３６號,79.9,住,,,1150609,土地1建物1車位0,全,五層,透天厝,住家用,鋼筋混凝土造,0901029,206.91,5,2,4,有,無,21880000,105746,,0.0,0,頂樓加蓋；其他增建；,RPVOMLQKOHLGFCD98DA,169.91,0.0,37.0,無,
東區,房地(土地+建物),臺南市東區裕農路２７號,73.0,住,,,1150621,土地1建物1車位0,全,二層,透天厝,住商用,加強磚造,0591110,121.24,2,1,2,有,無,12000000,98977,,0.0,0,頂樓加蓋；其他增建；,RPSNMLNLOHLGFCD38DA,120.39,0.85,0.0,無,045
南區,房地(土地+建物),臺南市南區國華街一段９７號,43.34,住,,,1150618,土地1建物1車位0,全,二層,透天厝,住家用,補強磚造,0561212,81.14,3,2,1,有,無,4450000,54843,,0.0,0,頂樓加蓋；其他增建；,RPOOMLTLOHLGFCD68DA,81.14,0.0,0.0,無,
南區,房地(土地+建物),臺南市南區健康路二段５３巷３５號,91.06,住,,,1150615,土地2建物1車位0,全,二層,透天厝,住家用,加強磚造,0690227,112.26,8,2,3,有,無,6800000,60574,,0.0,0,其他增建；,RPUNMLMJPHLGFCD38DA,112.26,0.0,0.0,無,
東區,房地(土地+建物)+車位,臺南市東區崇賢三路９９號,16.62,住,,,1150613,土地1建物1車位1,一層,十五層,住宅大樓(11層含以上有電梯),商業用,鋼筋混凝土造,1130816,113.69,0,0,1,有,有,17000000,182124,坡道平面,30.34,1820000,,RPQNMLQJPHLGFCD38DA,59.82,0.0,0.0,有,
西港區,房地(土地+建物),臺南市西港區大寮５３之２７號,87.43,,鄉村區,乙種建築用地,1150606,土地1建物1車位0,全,三層,透天厝,住家用,鋼筋混凝土造,1141125,164.03,4,2,3,有,無,13220000,80595,,0.0,0,,RPUNMLSJOHLGFGD66DA,147.49,0.0,16.54,無,
將軍區,土地,山子段2015地號,690.0,,一般農業區,農牧用地,1150624,土地2建物0車位0,,,其他,,,,0.0,0,0,0,無,無,900000,1304,,0.0,0,,RPPNMLPJPHLGFGD58DA,0.0,0.0,0.0,無,
佳里區,土地,唐盟段1414地號,1466.95,農,,,1150629,土地3建物0車位0,,,其他,,,,0.0,0,0,0,無,無,4500000,3068,,0.0,0,,RPUNMLQJPHLGFGD56DA,0.0,0.0,0.0,無,
新化區,土地,新東段129地號,10.79,都市：其他:道路用地,,,1150630,土地1建物0車位0,,,其他,,,,0.0,0,0,0,無,無,449943,41700,,0.0,0,協議價購；,RPPNMLRJPHLGFHD88DA,0.0,0.0,0.0,無,
新化區,土地,新東段134地號,22.51,都市：其他:道路用地,,,1150630,土地1建物0車位0,,,其他,,,,0.0,0,0,0,無,無,938667,41700,,0.0,0,協議價購；,RPQNMLRJPHLGFHD98DA,0.0,0.0,0.0,無,
關廟區,土地,深坑子段418地號,2536.0,,一般農業區,農牧用地,1150622,土地1建物0車位0,,,其他,,,,0.0,0,0,0,無,無,25445000,10034,,0.0,0,未保存登記建物其價金拆分為新台幣77萬2千8百元整。未登記建物；,RPSNMLMJPHLGFID78DA,0.0,0.0,0.0,無,
仁德區,房地(土地+建物)+車位,臺南市仁德區崇聖路一段１２號四樓之７,15.39,住,,,1150611,土地1建物1車位1,四層,十四層,住宅大樓(11層含以上有電梯),住家用,鋼筋混凝土造,1131015,114.97,2,2,1,有,有,9380000,96959,坡道平面,31.12,1250000,,RPQNMLNJPHLGFID68DA,53.6,0.0,4.18,有,
仁德區,土地,太乙段335-2地號,26.18,工,,,1150617,土地1建物0車位0,,,其他,,,,0.0,0,0,0,無,無,2024499,77330,,0.0,0,政府機關標讓售；,RPTNMLQJPHLGFID66DA,0.0,0.0,0.0,無,
永康區,土地,東橋段226地號,534.57,工,,,1150626,土地2建物0車位0,,,其他,,,,0.0,0,0,0,無,無,12792500,23930,,0.0,0,本案為私設巷道買賣。,RPUNMLMJPHLGFKD56DA,0.0,0.0,0.0,無,
永康區,房地(土地+建物),臺南市永康區忠孝路４１０巷１０８弄５０號,75.72,住,,,1150612,土地2建物1車位0,全,五層,透天厝,住家用,鋼筋混凝土造,0920120,197.99,4,1,4,有,無,5000000,25254,,0.0,0,親友、員工、共有人或其他特殊關係間之交易；其他增建；,RPQOMLNJPHLGFKD98DA,179.4,0.0,18.59,無,
安南區,房地(土地+建物),臺南市安南區海佃路四段１３６號,95.34,住,,,1150630,土地1建物1車位0,全,三層,透天厝,住商用,鋼筋混凝土造,0900611,182.73,7,3,4,有,無,3737796,20455,,0.0,0,親友、員工、共有人或其他特殊關係間之交易；未登記建物；,RPPNMLRJPHLGFBD38EA,174.11,0.0,8.62,無,
東區,房地(土地+建物),臺南市東區東安路７６巷１６號二樓,32.0,住,,,1150608,土地1建物1車位0,二層,五層,公寓(5樓含以下無電梯),住家用,鋼筋混凝土造,0760608,120.87,3,1,2,有,無,3580000,29619,,0.0,0,親友、員工、共有人或其他特殊關係間之交易；未登記建物；,RPPNMLNJPHLGFCD08EA,89.1,0.0,11.59,無,
將軍區,土地,巷口段一小段965地號,4.26,,鄉村區,乙種建築用地,1150626,土地4建物0車位0,,,其他,,,,0.0,0,0,0,無,無,18600,4366,,0.0,0,親友、員工、共有人或其他特殊關係間之交易；,RPQNMLNJPHLGFGD58EA,0.0,0.0,0.0,無,042
中西區,房地(土地+建物),臺南市中西區正德街４８號七樓之３,10.36,商,,,1150601,土地2建物1車位0,七層,七層,華廈(10層含以下有電梯),住家用,鋼筋混凝土造,0700602,33.85,1,0,1,有,有,2120000,62629,,0.0,0,親友、員工、共有人或其他特殊關係間之交易；,RPPOMLQJPHLGFAD18DA,24.71,0.0,0.0,有,047
安平區,土地,金城段87-18地號,80.0,住,,,1150622,土地1建物0車位0,,,其他,,,,0.0,0,0,0,無,無,10890000,136125,,0.0,0,,RPRNMLSJPHLGFAD48DA,0.0,0.0,0.0,無,
安南區,房地(土地+建物),臺南市安南區國安街１５６巷１７１弄３５號,91.87,住,,,1150619,土地2建物1車位0,全,二層,透天厝,住商用,鋼筋混凝土造,0691108,99.72,2,2,3,有,無,11000000,110309,,0.0,0,頂樓加蓋；其他增建；包含公共設施保留地用地；,RPTNMLNJPHLGFBD28DA,99.72,0.0,0.0,無,048
安南區,房地(土地+建物)+車位,臺南市安南區生態街５９號八樓之３,30.78,住,,,1150603,土地1建物1車位1,八層,二十層,住宅大樓(11層含以上有電梯),住家用,鋼筋混凝土造,1120525,205.02,3,2,2,有,有,16800000,81943,坡道平面,28.13,0,,RPPNMLQJPHLGFBD18DA,105.0,0.0,12.43,有,049
東區,房地(土地+建物)+車位,臺南市東區崇慶街一段９６號十五樓之６,21.81,住,,,1150603,土地1建物1車位1,十五層,十五層,住宅大樓(11層含以上有電梯),住家用,鋼筋混凝土造,1130816,146.01999999999998,3,2,2,有,有,17830000,134925,坡道平面,26.25,1670000,,RPXNMLLKOHLGFCD58DA,69.75,0.0,8.08,有,
南區,房地(土地+建物)+車位,臺南市南區萬年一街２８６巷６號三樓之５,33.3,住,,,1150605,土地1建物1車位1,三層,十五層,住宅大樓(11層含以上有電梯),住家用,鋼筋混凝土構造,1120223,146.06,3,2,2,有,有,12650000,88900,坡道平面,23.0,1710000,含裝潢費；,RPOOMLSKOHLGFCD48DA,68.11,0.0,11.87,有,
東區,房地(土地+建物),臺南市東區崇善路８０３號四樓,21.3,住,,,1150619,土地1建物1車位0,四層,七層,華廈(10層含以下有電梯),住家用,鋼筋混凝土造,0820920,107.39999999999999,2,2,2,有,有,6500000,60521,,0.0,0,陽台外推；,RPQOMLQJPHLGFCD48DA,72.64,0.0,13.99,有,050
東區,房地(土地+建物)+車位,臺南市東區崇慶街一段９２號十五樓之３,16.62,住,,,1150611,土地1建物1車位1,十五層,十五層,住宅大樓(11層含以上有電梯),住家用,鋼筋混凝土造,1130816,114.97,2,2,2,有,有,14500000,145739,坡道平面,26.25,1570000,,RPPNMLRJPHLGFCD38DA,54.03,0.0,3.66,有,
將軍區,土地,巷口段一小段2314地號,674.33,,特定農業區,農牧用地,1150602,土地1建物0車位0,,,其他,,,,0.0,0,0,0,無,無,500000,741,,0.0,0,親友、員工、共有人或其他特殊關係間之交易；未登記建物；急買急賣；,RPOOMLPLOHLGFGD68DA,0.0,0.0,0.0,無,
歸仁區,房地(土地+建物),臺南市歸仁區中正南路一段５８７巷２號,89.04,,一般農業區,甲種建築用地,1150603,土地1建物1車位0,全,二層,透天厝,住家用,加強磚造,0650700,85.69,3,2,1,有,無,4460000,52048,,0.0,0,頂樓加蓋；其他增建；,RPSNMLNJPHLGFID88DA,85.69,0.0,0.0,無,051
永康區,房地(土地+建物),臺南市永康區中山南路５４４巷５９弄２０號,113.05,住,,,1150610,土地1建物1車位0,全,二層,透天厝,住家用,鋼筋混凝土造,0790509,172.98,4,2,4,有,無,9500000,54920,,0.0,0,其他增建；,RPWNMLQKOHLGFKD17DA,143.34,24.09,5.55,無,
永康區,土地,大灣段4698-8地號,39.0,住,,,1150615,土地1建物0車位0,,,其他,,,,0.0,0,0,0,無,無,160000,4103,,0.0,0,袋地本筆土地完全無法通往道路,RPPOMLQKOHLGFKD56DA,0.0,0.0,0.0,無,
永康區,房地(土地+建物)+車位,臺南市永康區東橋五路１０７號五樓,15.66,商,,,1150601,土地1建物1車位1,五層,二十三層,住宅大樓(11層含以上有電梯),住家用,鋼筋混凝土構造,1051026,135.38,2,2,2,有,有,12600000,93071,坡道平面,26.25,0,,RPWNMLNJPHLGFKD86DA,62.6,3.83,3.15,有,
永康區,土地,大灣段6828地號,244.0,住,,,1150601,土地1建物0車位0,,,其他,,,,0.0,0,0,0,無,無,25095400,102850,,0.0,0,,RPSNMLKKPHLGFKD88DA,0.0,0.0,0.0,無,
西港區,土地,州海段1479地號,21.06,農,,,1150605,土地1建物0車位0,,,其他,,,,0.0,0,0,0,無,無,106000,5033,,0.0,0,畸零地或有合併使用效益；水利地承購；,RPPNMLTJPHLGFGD09EA,0.0,0.0,0.0,無,
西港區,土地,州海段1467-1地號,4.75,農,,,1150605,土地1建物0車位0,,,其他,,,,0.0,0,0,0,無,無,24000,5053,,0.0,0,畸零地或有合併使用效益；水利地承購；,RPQNMLTJPHLGFGD56EA,0.0,0.0,0.0,無,
左鎮區,土地,菜寮段255-15地號,18.0,,一般農業區,農牧用地,1150624,土地1建物0車位0,,,其他,,,,0.0,0,0,0,無,無,144000,8000,,0.0,0,政府機關標讓售；,RPQNMLSJPHLGFHD56EA,0.0,0.0,0.0,無,
玉井區,土地,三和段135-2地號,18.1,,鄉村區,交通用地,1150615,土地1建物0車位0,,,其他,,,,0.0,0,0,0,無,無,316388,17480,,0.0,0,政府機關標讓售；,RPPNMLTJPHLGFJD76EA,0.0,0.0,0.0,無,
北區,房地(土地+建物)+車位,臺南市北區北門路二段５２７巷１７號七樓之２,32.27,住,,,1150601,土地1建物1車位1,七層,十層,華廈(10層含以下有電梯),住家用,鋼筋混凝土造,0930329,148.05,3,2,2,有,有,6980000,47146,坡道平面,0.0,0,,RPUNMLLKOHLGFAD08DA,85.48,0.0,11.01,有,
北區,房地(土地+建物),臺南市北區公園南路３５３號六樓之２,12.69,住,,,1150622,土地1建物1車位0,六層,十四層,住宅大樓(11層含以上有電梯),住家用,鋼筋混凝土構造,0960824,111.82000000000001,3,2,2,有,有,11000000,98372,,0.0,0,,RPSNMLMLOHLGFAD08DA,76.36,0.0,9.57,有,
中西區,房地(土地+建物),臺南市中西區永福路二段６７號,87.73,商,,,1150605,土地3建物1車位0,全,二層,透天厝,商業用,磚造,0140000,109.99,2,3,2,有,無,14500000,131830,,0.0,0,其他增建；,RPXNMLMJPHLGFAD48DA,91.63,18.36,0.0,無,
北區,房地(土地+建物),臺南市北區北門路二段２３７巷３４弄１１號,74.53,住,,,1150608,土地1建物1車位0,全,二層,透天厝,住家用,加強磚造,0561100,72.86,2,1,4,有,無,2620000,35959,,0.0,0,親友、員工、共有人或其他特殊關係間之交易；未登記建物；,RPQNMLSJPHLGFAD38DA,72.86,0.0,0.0,無,
安平區,房地(土地+建物),臺南市安平區慶平路２００號四樓之１２,2.51,商,,,1150629,土地1建物1車位0,四層,十三層,住宅大樓(11層含以上有電梯),住家用,鋼筋混凝土造,0841024,28.78,1,0,1,有,有,2100000,72967,,0.0,0,其他增建；,RPPNMLTJPHLGFAD38DA,19.58,0.0,3.06,有,
安南區,房地(土地+建物),臺南市安南區十二佃路５９號,47.35,住,,,1150630,土地1建物1車位0,全,三層,透天厝,住商用,鋼筋混凝土造,1131227,97.39,5,2,4,有,無,9120000,93644,,0.0,0,,RPVNMLKMOHLGFBD38DA,91.98,0.0,5.42,無,
南區,房地(土地+建物),臺南市南區明興路３３８巷９號,102.0,農,,,1150601,土地1建物1車位0,全,二層,透天厝,住商用,加強磚造,0691029,97.61,4,1,2,有,無,5500000,56347,,0.0,0,親友間之買賣親友、員工、共有人或其他特殊關係間之交易；,RPQNMLKMNHLGFCD87DA,97.61,0.0,0.0,無,
東區,建物,臺南市東區光華街１９９之１６號三樓,0.0,,,,1150607,土地0建物1車位0,三層，四層，五層,五層,公寓(5樓含以下無電梯),住家用,鋼筋混凝土造,0780711,126.39,3,2,2,有,有,3850000,30461,,0.0,0,土地為向仁愛之家租賃使用；建物坐落地號：龍泉段805地號；,RPSOMLMJPHLGFCD28DA,108.42,0.0,5.83,無,
東區,房地(土地+建物),臺南市東區大同路二段６１巷１１１號二樓,7.62,住,,,1150630,土地2建物1車位0,二層，走廊,五層,華廈(10層含以下有電梯),住家用,鋼筋混凝土造,0791218,22.509999999999998,1,0,1,有,有,1530000,67970,,0.0,0,陽台外推；,RPUNMLQJPHLGFCD78DA,17.28,0.0,0.74,有,
東區,房地(土地+建物),臺南市東區崇德六街４７號七樓之３,5.23,住,,,1150624,土地1建物1車位0,七層,七層,華廈(10層含以下有電梯),住家用,鋼筋混凝土造,0801226,27.86,1,1,1,有,有,2700000,96913,,0.0,0,未登記建物；急買急賣；,RPWNMLRJPHLGFCD09DA,17.73,1.06,1.53,有,
東區,房地(土地+建物)+車位,臺南市東區富農街一段１８８巷２６弄２２號四樓,49.79,住,,,1150628,土地1建物1車位1,四層,十九層,住宅大樓(11層含以上有電梯),住家用,鋼筋混凝土構造,1071203,243.14,3,2,2,有,有,26800000,110225,坡道平面,25.24,0,,RPVNMLSJPHLGFCD09DA,132.39,0.0,13.53,有,
東區,房地(土地+建物),臺南市東區崇德三十一街５５號,84.0,住,,,1150615,土地2建物1車位0,全,二層,透天厝,住家用,加強磚造,0600510,81.5,4,1,2,有,無,6000000,73620,,0.0,0,,RPWNMLSJPHLGFCD56DA,81.5,0.0,0.0,無,
鹽水區,房地(土地+建物),臺南市鹽水區後厝５１之３７號,79.63,住,,,1150616,土地2建物1車位0,全,四層,透天厝,住商用,鋼筋混凝土造,0860521,227.54,4,2,3,有,無,5800000,25490,,0.0,0,,RPTNMLMLOHLGFDD48DA,203.23,0.0,9.53,無,
佳里區,房地(土地+建物),臺南市佳里區林園街８０號,177.2,住,,,1150623,土地4建物1車位0,全,三層,透天厝,住家用,鋼筋混凝土造,1110506,254.68,5,2,5,有,無,24200000,95021,,0.0,0,親友、員工、共有人或其他特殊關係間之交易；,RPWNMLRJPHLGFGD86DA,241.5,0.0,13.18,有,
學甲區,土地,育英段198-1地號,442.01,,,,1150624,土地1建物0車位0,,,其他,,,,0.0,0,0,0,無,無,2000000,4525,,0.0,0,,RPSNMLSJPHLGFGD56DA,0.0,0.0,0.0,無,
新市區,房地(土地+建物)+車位,臺南市新市區南昌街３６號四樓之７,29.64,住,,,1150615,土地1建物1車位1,四層,五層,華廈(10層含以下有電梯),住家用,鋼筋混凝土造,1141118,90.96000000000001,2,2,2,有,有,8980000,100748,一樓平面,14.73,1300000,土地價款:330萬2千元整建物價款:437萬8千元整,RPTNMLNLOHLGFHD98DA,50.93,0.0,4.25,有,
安定區,土地,港口段3193地號,329.25,,鄉村區,乙種建築用地,1150623,土地2建物0車位0,,,其他,,,,0.0,0,0,0,無,無,10075237,30601,,0.0,0,,RPRNMLRJPHLGFHD09DA,0.0,0.0,0.0,無,
新化區,房地(土地+建物),臺南市新化區中正路６８６巷１２號,50.0,,特定農業區,甲種建築用地,1150622,土地1建物1車位0,全,二層,透天厝,住家用,加強磚造,0650500,87.36,2,1,1,有,無,4000000,45788,,0.0,0,,RPWNMLRJPHLGFHD96DA,87.36,0.0,0.0,無,
安定區,房地(土地+建物),臺南市安定區蘇厝３２９之１０號,81.74,,鄉村區,乙種建築用地,1150605,土地2建物1車位0,全,四層,透天厝,住家用,鋼筋混凝土造,1081021,192.37,4,2,4,有,有,12500000,64979,,0.0,0,,RPPNMLSJPHLGFHD98DA,171.69,0.0,20.68,無,
仁德區,土地,德南段1069-1地號,1091.67,農,,,1150602,土地5建物0車位0,,,其他,,,,0.0,0,0,0,無,無,10570000,9682,,0.0,0,農地,RPRNMLLKOHLGFID58DA,0.0,0.0,0.0,無,
關廟區,土地,新埔段1282-9地號,396.0,,一般農業區,農牧用地,1150603,土地1建物0車位0,,,其他,,,,0.0,0,0,0,無,無,700000,1768,,0.0,0,親友、員工、共有人或其他特殊關係間之交易；,RPSNMLMLOHLGFID88DA,0.0,0.0,0.0,無,
歸仁區,土地,歸仁北段2095地號,3828.56,,一般農業區,農牧用地,1150608,土地2建物0車位0,,,其他,,,,0.0,0,0,0,無,無,26630000,6956,,0.0,0,農作物；,RPPOMLNJPHLGFID68DA,0.0,0.0,0.0,無,
仁德區,房地(土地+建物),臺南市仁德區一甲里忠義路３４１巷２之１２號,83.09,住,,,1150601,土地2建物1車位0,全,四層,透天厝,住家用,鋼筋混凝土造,1001011,182.55,5,2,4,有,無,16800000,92030,,0.0,0,陽台外推；,RPQNMLOJPHLGFID78DA,166.3,0.0,16.25,無,
仁德區,房地(土地+建物),臺南市仁德區太子路１０１巷１５號,63.48,住,,,1150615,土地1建物1車位0,全,二層,透天厝,住商用,加強磚造,0710225,82.32,3,2,2,有,無,1810000,21987,,0.0,0,親友、員工、共有人或其他特殊關係間之交易；,RPUNMLRJPHLGFID86DA,78.96,0.0,3.36,無,
仁德區,房地(土地+建物),臺南市仁德區太乙三街２２號,331.96,工,,,1150630,土地1建物1車位0,全,二層,透天厝,工商用,鋼筋混凝土加強磚造,0731018,239.63,1,0,2,有,無,17300000,72195,,0.0,0,土地價格1700萬元整，建物價格30萬元整親友、員工、共有人或其他特殊關係間之交易；,RPQOMLRJPHLGFID56DA,239.63,0.0,0.0,無,
楠西區,土地,中興段837-1地號,192.73,住,,,1150622,土地4建物0車位0,,,其他,,,,0.0,0,0,0,無,無,2000000,10377,,0.0,0,,RPPNMLTJPHLGFJD66DA,0.0,0.0,0.0,無,
南區,土地,中和段925地號,62.0,住,,,1150614,土地1建物0車位0,,,其他,,,,0.0,0,0,0,無,無,1500000,24194,,0.0,0,親友、員工、共有人或其他特殊關係間之交易；未登記建物；,RPQNMLSJPHLGFCD68EA,0.0,0.0,0.0,無,
新營區,房地(土地+建物),臺南市新營區中華路９２之５號五樓之五,17.9,住,,,1150626,土地1建物1車位0,五層,五層,華廈(10層含以下有電梯),住家用,鋼筋混凝土造,1150330,53.64,1,1,1,有,無,4150000,77368,,0.0,0,其他；,RPRNMLSJPHLGFDD88EA,35.38,0.0,3.8,有,
關廟區,土地,南雄段417地號,113.0,住,,,1150605,土地1建物0車位0,,,其他,,,,0.0,0,0,0,無,無,4270000,37788,,0.0,0,親友、員工、共有人或其他特殊關係間之交易；未登記建物；,RPSOMLKLMHLGFID68EA,0.0,0.0,0.0,無,
安平區,房地(土地+建物)+車位,臺南市安平區國平北路１２３號十三樓之１１,8.46,商,,,1150515,土地1建物1車位1,十三層,十八層,住宅大樓(11層含以上有電梯),住家用,鋼筋混凝土構造,1100503,95.62,2,2,1,有,有,6600000,69023,坡道機械,11.17,0,,RPQPMLPKNHLGFAD18DA,48.15,3.22,4.46,有,052
安平區,房地(土地+建物),臺南市安平區永華八街３２５號,102.0,住,,,1150531,土地1建物1車位0,全,二層,透天厝,住家用,鋼筋混凝土造,0760502,139.54,5,3,3,有,無,11800000,84564,,0.0,0,頂樓加蓋；其他增建；,RPPNMLLMNHLGFAD67DA,130.7,0.0,8.84,無,
安平區,房地(土地+建物)+車位,臺南市安平區怡平路４４２巷６３號五樓之５,21.67,住,,,1150516,土地1建物1車位1,五層,六層,華廈(10層含以下有電梯),住家用,鋼筋混凝土造,0820903,102.75,3,2,2,有,有,6500000,63260,坡道機械,0.0,0,,RPVNMLNLOHLGFAD48DA,67.87,0.0,2.56,有,053
安平區,房地(土地+建物)+車位,臺南市安平區國平北路１３７號三十一樓之６,7.41,商,,,1150516,土地1建物1車位1,三十一層,三十四層,住宅大樓(11層含以上有電梯),住家用,鋼骨鋼筋混凝土造、鋼筋混凝土造,1140415,107.96000000000001,1,2,1,有,有,7580000,70211,坡道平面,27.92,0,,RPTOMLOLOHLGFAD48DA,47.91,0.0,4.21,有,054
安平區,房地(土地+建物)+車位,臺南市安平區永華路二段５０３號七樓之３,25.1,住,,,1150526,土地1建物1車位2,七層,二十三層,住宅大樓(11層含以上有電梯),住家用,鋼筋混凝土構造,1070202,273.56,3,2,3,有,有,23500000,85904,坡道平面,55.36,0,,RPSNMLPLOHLGFAD38DA,122.34,6.57,13.29,有,055
安南區,房地(土地+建物)+車位,臺南市安南區安中二街２３號三樓之６,21.69,住,,,1150503,土地1建物1車位1,三層,十四層,住宅大樓(11層含以上有電梯),住家用,鋼筋混凝土造,1140425,119.88,2,2,2,有,有,12200000,101768,坡道平面,22.07,0,,RPSNMLPLOHLGFBD48DA,61.86,0.0,3.13,有,056
安南區,房地(土地+建物)+車位,臺南市安南區郡安路六段１５１號九樓,23.03,住,,,1150502,土地1建物1車位1,九層,十九層,住宅大樓(11層含以上有電梯),住家用,鋼筋混凝土造,1140722,168.05,2,2,2,有,有,16800000,99970,坡道平面,26.4,0,,RPQNMLTLOHLGFBD68DA,80.18,0.0,9.68,有,057
南區,房地(土地+建物),臺南市南區金華路二段９巷４之３號,39.0,住,,,1150506,土地1建物1車位0,四層,四層,公寓(5樓含以下無電梯),住家用,鋼筋混凝土造,0670509,75.67,3,2,1,有,無,4100000,54183,,0.0,0,,RPSNMLSJOHLGFCD68DA,75.67,0.0,0.0,無,
東區,房地(土地+建物),臺南市東區莊敬路１１８號九樓,15.65,,,,1150522,土地1建物1車位0,九層,十七層,住宅大樓(11層含以上有電梯),住家用,鋼筋混凝土造,0790803,147.11,3,2,2,有,有,9050000,61519,,0.0,0,陽台外推；,RPTNMLSJOHLGFCD78DA,101.02,0.0,15.7,有,
東區,房地(土地+建物)+車位,臺南市東區裕學路１０９號,89.99,住,,,1150502,土地2建物1車位1,全,四層,透天厝,住家用,鋼筋混凝土造,0800909,239.42,5,2,3,有,有,12000000,50121,坡道平面,0.0,0,其他增建；,RPUNMLMLOHLGFCD48DA,211.77,0.7,5.72,無,
南區,房地(土地+建物),臺南市南區福吉路３５號,110.0,住,,,1150505,土地1建物1車位0,全,四層,透天厝,住商用,ＲＣ造,0960105,275.4,7,3,6,有,無,25000000,90777,,0.0,0,,RPUNMLNLOHLGFCD58DA,244.92,0.0,30.48,無,
東區,房地(土地+建物)+車位,臺南市東區崇善十五街３３巷５６號五樓,18.74,住,,,1150525,土地2建物1車位1,五層,七層,華廈(10層含以下有電梯),住家用,鋼筋混凝土造,0830108,96.38,2,2,1,有,有,5800000,60178,坡道平面,0.0,0,,RPRNMLOLOHLGFCD38DA,52.62,0.0,6.66,有,
東山區,土地,東山段2784地號,1462.0,,特定農業區,農牧用地,1150522,土地1建物0車位0,,,其他,,,,0.0,0,0,0,無,無,2300000,1573,,0.0,0,,RPTNMLOLOHLGFED78DA,0.0,0.0,0.0,無,058
官田區,房地(土地+建物),臺南市官田區隆田村大同街１４巷２２號二樓,31.5,住,,,1150510,土地1建物1車位0,二層,三層,公寓(5樓含以下無電梯),住家用,加強磚造,0680728,65.66,2,1,1,有,無,2680000,40816,,0.0,0,,RPPNMLNLOHLGFFD38DA,61.67,0.0,0.0,無,
將軍區,房地(土地+建物),臺南市將軍區長沙里長沙２４之１８號,81.8,,鄉村區,乙種建築用地,1150526,土地1建物1車位0,全,二層,透天厝,住家用,加強磚造,0701228,98.4,4,1,2,有,無,1800000,18293,,0.0,0,親友、員工、共有人或其他特殊關係間之交易；頂樓加蓋；,RPROMLMLOHLGFGD68DA,98.4,0.0,0.0,無,
佳里區,房地(土地+建物),臺南市佳里區建南里１４鄰祥和五街４２號,67.67,住,,,1150525,土地1建物1車位0,全,二層,透天厝,住商用,加強磚造,0670107,98.4,3,2,2,有,無,4300000,43699,,0.0,0,,RPSOMLMLOHLGFGD78DA,98.4,0.0,0.0,無,
西港區,房地(土地+建物),臺南市西港區港東里８鄰烏竹林２２之１２號,76.94,,鄉村區,乙種建築用地,1150525,土地1建物1車位0,全,三層,透天厝,住家用,鋼筋混凝土造,1050901,149.48,5,2,6,有,無,9000000,60209,,0.0,0,其他增建；,RPSNMLNLOHLGFGD78DA,135.42,0.0,14.06,無,
西港區,土地,南海段911-1地號,169.88,住,,,1150516,土地5建物0車位0,,,其他,,,,0.0,0,0,0,無,無,3260000,19190,,0.0,0,,RPSNMLPLOHLGFGD98DA,0.0,0.0,0.0,無,059
西港區,房地(土地+建物),臺南市西港區營西里２鄰後營２１之６號,91.72,,鄉村區,乙種建築用地,1150516,土地2建物1車位0,全,二層,透天厝,住家用,加強磚造,0731120,114.44,3,2,2,有,無,3980000,34778,,0.0,0,,RPSNMLTLOHLGFGD76DA,104.89,0.0,9.55,無,
善化區,房地(土地+建物),臺南市善化區龍目井路８８號七樓之２１,21.98,住,,,1150506,土地2建物1車位0,七層,八層,華廈(10層含以下有電梯),住家用,鋼筋混凝土造,1060111,81.61,2,2,2,有,有,7000000,85774,,0.0,0,,RPWNMLPJOHLGFHD66DA,50.55,0.0,5.69,有,060
善化區,房地(土地+建物)+車位,臺南市善化區民權路５０號六樓之５,13.44,商,,,1150524,土地1建物1車位1,六層,二十六層,住宅大樓(11層含以上有電梯),住家用,鋼骨鋼筋混凝土造,1120927,131.79,2,2,1,有,有,10250000,77775,坡道平面,39.6,0,其他增建；,RPTNMLTJOHLGFHD76DA,58.92,0.0,2.3,有,061
新化區,房地(土地+建物),臺南市新化區頂山１１１之１號,88.92,,鄉村區,乙種建築用地,1150520,土地3建物1車位0,全,四層,透天厝,住家用,鋼筋混凝土造,1140528,159.25,4,2,4,有,無,14550000,91366,,0.0,0,,RPSNMLPLOHLGFHD09DA,148.16,0.0,11.09,無,
新化區,房地(土地+建物)+車位,臺南市新化區正新北路８１巷１１弄３６號二樓之１,34.57,住,,,1150516,土地1建物1車位1,二層,十二層,住宅大樓(11層含以上有電梯),住家用,鋼筋混凝土造,1140822,167.33999999999997,3,2,2,有,有,12940000,84696,一樓平面,34.04,1650000,,RPUNMLTLOHLGFHD07DA,83.38,0.0,6.25,有,
關廟區,土地,北勢段279地號,120.0,都市：其他:道路用地,,,1150527,土地1建物0車位0,,,其他,,,,0.0,0,0,0,無,無,657388,5478,,0.0,0,包含公共設施保留地用地；,RPTNMLSLNHLGFID86DA,0.0,0.0,0.0,無,
關廟區,土地,北勢段296地號,301.0,住,,,1150527,土地1建物0車位0,,,其他,,,,0.0,0,0,0,無,無,13202612,43862,,0.0,0,,SPTNMLSLNHLGFID96DA,0.0,0.0,0.0,無,
歸仁區,房地(土地+建物)+車位,臺南市歸仁區大仁街４５０號七樓之２,38.17,住,,,1150522,土地1建物1車位1,七層,七層,華廈(10層含以下有電梯),住家用,鋼筋混凝土造,1140722,137.89,3,2,2,有,有,12320000,89347,一樓平面,19.64,0,,RPXPMLLJOHLGFID66DA,76.79,0.0,6.44,有,
歸仁區,土地,歸南段1000地號,665.08,,一般農業區,農牧用地,1150521,土地1建物0車位0,,,其他,,,,0.0,0,0,0,無,無,3000000,4511,,0.0,0,,RPOOMLNJOHLGFID48DA,0.0,0.0,0.0,無,062
仁德區,房地(土地+建物)+車位,臺南市仁德區德崙路６７巷１號七樓之６,15.74,商,,,1150519,土地1建物1車位1,七層,十四層,住宅大樓(11層含以上有電梯),住家用,鋼筋混凝土構造,1120815,152.54,3,2,2,有,有,11800000,77357,坡道平面,34.69,0,,RPRNMLNLOHLGFID88DA,71.91,0.0,8.39,有,063
關廟區,房地(土地+建物),臺南市關廟區崇善街８６巷６號,120.35,住,,,1150511,土地3建物1車位0,全,四層,透天厝,住家用,鋼筋混凝土構造,1110928,186.06,6,2,3,有,無,16200000,87069,,0.0,0,其他增建；,RPPNMLOLOHLGFID78DA,162.77,0.0,23.29,無,064
關廟區,房地(土地+建物),臺南市關廟區深坑三街２５巷５６弄２０號,100.11,,鄉村區,乙種建築用地,1150522,土地2建物1車位0,全,三層,透天厝,住家用,鋼筋混凝土造,1130429,169.3,4,2,3,有,無,12500000,73833,,0.0,0,,RPWNMLPLOHLGFID96DA,159.4,0.0,9.9,無,065
關廟區,土地,布袋尾段122-4地號,835.0,,一般農業區,林業用地,1150504,土地1建物0車位0,,,其他,,,,0.0,0,0,0,無,無,1250000,1497,,0.0,0,,RPXOMLTLOHLGFID57DA,0.0,0.0,0.0,無,066
歸仁區,房地(土地+建物),臺南市歸仁區南興里民生北街７４巷８號,89.65,住,,,1150526,土地3建物1車位0,全,二層,透天厝,住家用,加強磚造,0680918,108.24,4,2,3,有,無,8000000,73910,,0.0,0,親友、員工、共有人或其他特殊關係間之交易；,RPPPMLTLOHLGFID86DA,108.24,0.0,0.0,無,
永康區,土地,富強段674地號,63.76,住,,,1150522,土地1建物0車位0,,,其他,,,,0.0,0,0,0,無,無,3472200,54457,,0.0,0,親友、員工、共有人或其他特殊關係間之交易；未登記建物；,RPQNMLSKOHLGFKD76DA,0.0,0.0,0.0,無,067
永康區,房地(土地+建物),臺南市永康區大同街８７巷１５弄１２號,110.61,住,,,1150514,土地1建物1車位0,全,四層,透天厝,住家用,鋼筋混凝土造,1140311,297.42,7,2,7,有,無,26800000,90108,,0.0,0,,RPVNMLSKOHLGFKD27DA,274.44,0.0,22.98,無,
永康區,房地(土地+建物),臺南市永康區中正七街１７號五樓之９,3.36,住,,,1150527,土地1建物1車位0,五層,八層,華廈(10層含以下有電梯),住家用,鋼筋混凝土造,0840417,25.23,1,0,1,有,有,1850000,73325,,0.0,0,,RPTOMLSKOHLGFKD17DA,15.77,0.0,0.0,有,
永康區,土地,兵南段246地號,48.9,都市：其他:道路用地,,,1150527,土地1建物0車位0,,,其他,,,,0.0,0,0,0,無,無,3819824,78115,,0.0,0,協議價購；,RPWPMLOLOHLGFKD27DA,0.0,0.0,0.0,無,
永康區,房地(土地+建物),臺南市永康區中山南路１２０號,171.22,住,,,1150501,土地1建物1車位0,全,四層,透天厝,住商用,鋼筋混凝土造,0761102,493.53,5,2,5,有,無,39000000,79023,,0.0,0,,RPRNMLPLOHLGFKD66DA,463.17,6.44,23.92,無,
北區,土地,小北段1076地號,1449.64,,,,1150507,土地1建物0車位0,,,其他,,,,0.0,0,0,0,無,無,122785600,84701,,0.0,0,包含公共設施保留地用地；,RPPNMLTLNHLGFAD38DA,0.0,0.0,0.0,無,068
中西區,房地(土地+建物),臺南市中西區湖美街５９號,102.65,住,,,1150517,土地1建物1車位0,全,五層,透天厝,住家用,鋼筋混凝土造,0830307,260.79,4,2,5,有,無,17700000,67871,,0.0,0,其他增建；,RPSNMLTJOHLGFAD58DA,237.05,8.21,15.53,無,
北區,房地(土地+建物)+車位,臺南市北區北門路二段５４７巷３９號十樓之５,32.06,住,,,1150526,土地1建物1車位1,十層,十層,華廈(10層含以下有電梯),住家用,鋼筋混凝土造,0930329,143.47,3,2,2,有,有,8900000,62034,坡道平面,0.0,0,,RPPOMLQKOHLGFAD18DA,86.33,0.0,8.61,有,
安平區,房地(土地+建物),臺南市安平區健康三街１２巷１號九樓之１８,21.32,住,,,1150520,土地1建物1車位0,九層,十四層,住宅大樓(11層含以上有電梯),住家用,鋼筋混凝土造,0890822,114.63000000000001,3,2,2,有,有,7500000,65428,,0.0,0,,RPTSMLRKOHLGFAD09DA,78.18,1.29,10.15,有,069
北區,房地(土地+建物),臺南市北區開元路４４２巷２６弄９７號,107.0,住,,,1150502,土地1建物1車位0,全,四層,透天厝,住家用,鋼筋混凝土構造,1020910,283.39,5,3,5,有,無,31000000,109390,,0.0,0,陽台外推；其他增建；,RPPNMLMLOHLGFAD77DA,264.44,0.0,18.95,有,070
北區,房地(土地+建物),臺南市北區文成二路２４０號,86.79,住,,,1150524,土地1建物1車位0,全,四層,透天厝,住商用,鋼筋混凝土造,0920815,224.15,5,3,4,有,無,23500000,104841,,0.0,0,其他增建；,RPQOMLNLOHLGFAD08DA,207.32,1.82,15.01,無,
安平區,房地(土地+建物)+車位,臺南市安平區永華七街６８號,13.63,商,,,1150530,土地1建物1車位1,一層，見其他登記事項,二十二層,住宅大樓(11層含以上有電梯),住家用,鋼筋混凝土造,1121108,142.1,3,2,2,有,有,15700000,117100,坡道平面,25.96,2100000,含裝潢費；,RPPOMLOLOHLGFAD08DA,73.44,0.0,16.75,有,
中西區,房地(土地+建物),臺南市中西區北門路一段１２３巷４８號六樓之１,17.66,商,,,1150528,土地1建物1車位0,六層,六層,華廈(10層含以下有電梯),住家用,鋼筋混凝土造,0721124,90.52,1,2,1,有,無,5300000,58551,,0.0,0,陽台外推；其他增建；,RPQNMLQLOHLGFAD28DA,50.8,0.0,11.14,有,
北區,房地(土地+建物),臺南市北區賢北街２２５巷１２８號,93.6,住,,,1150502,土地1建物1車位0,全,五層,透天厝,住家用,鋼筋混凝土造,0821001,199.73,5,2,3,有,無,13500000,67591,,0.0,0,,RPPNMLKMOHLGFAD67DA,190.38,2.98,6.37,無,
安南區,房地(土地+建物),臺南市安南區本原街一段３８２巷２６弄２號,88.42,住,,,1150512,土地2建物1車位0,全,四層,透天厝,住家用,鋼筋混凝土造,1130925,202.99,5,2,6,有,無,18000000,88674,,0.0,0,陽台外推；,RPQNMLSLNHLGFBD48DA,184.46,0.0,18.53,無,
安南區,房地(土地+建物),臺南市安南區安和路五段１２５號,182.9,住,,,1150529,土地3建物1車位0,全,三層,透天厝,住商用,鋼筋混凝土造,0720608,257.98,0,0,0,無,無,21000000,81402,,0.0,0,,RPTNMLMLOHLGFBD28DA,251.47,0.0,6.51,無,
安南區,房地(土地+建物),臺南市安南區布袋路１３１號,182.93,住,,,1150521,土地1建物1車位0,全,三層,透天厝,住家用,鋼筋混凝土造,1141231,175.72,4,2,4,有,無,23880000,135898,,0.0,0,,RPQOMLPLOHLGFBD38DA,168.03,0.0,7.69,無,
東區,房地(土地+建物),臺南市東區崇德路３３３巷２３弄２８之３號,28.62,住,,,1150508,土地1建物1車位0,四層,五層,公寓(5樓含以下無電梯),住家用,鋼筋混凝土造,0711029,97.61999999999999,3,2,1,有,無,3800000,38926,,0.0,0,,RPUNMLMKNHLGFCD28DA,73.84,0.0,6.65,無,
東區,房地(土地+建物),臺南市東區崇善路５１６號,99.0,住,,,1150527,土地1建物1車位0,全,二層,透天厝,住商用,鋼筋混凝土造,0701229,161.71,4,2,2,有,無,22000000,136046,,0.0,0,頂樓加蓋；其他增建；,RPWNMLRLNHLGFCD09DA,154.15,0.0,7.56,無,
東區,房地(土地+建物),臺南市東區崇仁街６６巷７號,9.68,商,,,1150512,土地1建物1車位0,一層，夾層，見其他登記事項,十四層,住宅大樓(11層含以上有電梯),商業用,鋼筋混凝土造,0960906,93.91000000000001,0,2,2,有,有,10280000,109467,,0.0,0,夾層；,RPOOMLTJOHLGFCD48DA,68.79,0.0,0.0,有,
南區,房地(土地+建物),臺南市南區中華南路二段２３３巷４０弄１０號,74.47,住,,,1150519,土地1建物1車位0,全,二層,透天厝,住家用,加強磚造,0700220,82.19,5,2,4,有,無,9100000,110719,,0.0,0,陽台外推；其他增建；,RPVOMLTJOHLGFCD56DA,78.59,0.0,3.6,無,071
東區,房地(土地+建物)+車位,臺南市東區崇賢一路３６號十三樓之２,22.11,住,,,1150503,土地1建物1車位2,十三層,十五層,住宅大樓(11層含以上有電梯),住家用,鋼筋混凝土造,1140124,164.24,3,2,2,有,有,20770000,134288,坡道平面,43.38,4540000,,RPXNMLPLOHLGFCD09DA,71.76,0.0,6.73,有,
東區,房地(土地+建物)+車位,臺南市東區崇賢一路３６號十三樓之１,21.32,住,,,1150510,土地1建物1車位1,十三層,十五層,住宅大樓(11層含以上有電梯),住家用,鋼筋混凝土造,1140124,138.32,3,2,2,有,有,17400000,129555,坡道平面,21.69,2290000,,RPOOMLPLOHLGFCD28DA,69.2,0.0,6.55,有,
東區,房地(土地+建物)+車位,臺南市東區東成街６８號九樓之３,38.93,住,,,1150523,土地1建物1車位2,九層,十四層,住宅大樓(11層含以上有電梯),住家用,鋼筋混凝土構造,1071220,207.06,3,2,2,有,有,22000000,106249,坡道平面,46.4,0,陽台外推；,RPVNMLTLOHLGFCD66DA,90.41,2.63,14.81,有,072
南區,房地(土地+建物),臺南市南區省躬二街５２之６號,104.7,住,,,1150511,土地1建物1車位0,全,三層,透天厝,住家用,鋼筋混凝土造,1141113,192.52,5,2,5,有,無,19380000,100665,,0.0,0,陽台外推；,RPWNMLTLOHLGFCD76DA,187.9,0.0,4.62,無,
新營區,土地,德隆段649地號,394.28,,特定農業區,農牧用地,1150530,土地1建物0車位0,,,其他,,,,0.0,0,0,0,無,無,600000,1522,,0.0,0,,RPPNMLPLOHLGFDD38DA,0.0,0.0,0.0,無,
麻豆區,房地(土地+建物)+車位,臺南市麻豆區興農里成功街７號三樓之６,36.4,住,,,1150514,土地3建物1車位1,三層,十層,華廈(10層含以下有電梯),住家用,鋼筋混凝土造,1120927,141.89,2,2,2,有,有,9900000,69772,坡道平面,29.95,0,,RPTNMLOJOHLGFFD68DA,69.41,0.0,6.63,有,073
麻豆區,房地(土地+建物),臺南市麻豆區新生南路３７３巷８８號,112.4,住,,,1150512,土地2建物1車位0,全,五層,透天厝,住家用,鋼筋混凝土造,1130621,303.32,4,2,4,有,無,22500000,74179,,0.0,0,,RPRNMLSKOHLGFFD98DA,283.3,0.0,20.02,有,
麻豆區,房地(土地+建物),臺南市麻豆區麻口一街１４０號,101.78,住,,,1150503,土地1建物1車位0,全,四層,透天厝,住家用,鋼筋混凝土造,1140613,215.54,4,2,5,有,無,14800000,68665,,0.0,0,,RPQNMLOLOHLGFFD58DA,198.48,0.0,17.06,無,
官田區,土地,鎮東段228地號,126.01,農,,,1150525,土地2建物0車位0,,,其他,,,,0.0,0,0,0,無,無,3800000,30156,,0.0,0,,RPRNMLKMOHLGFFD38DA,0.0,0.0,0.0,無,
佳里區,房地(土地+建物)+車位,臺南市佳里區博愛東街５９號二樓之２,46.68,商,,,1150508,土地1建物1車位1,二層,六層,華廈(10層含以下有電梯),住家用,鋼筋混凝土造,1140429,195.82999999999998,3,2,3,有,有,11800000,68023,一樓平面,40.0,1200000,,RPQNMLSKNHLGFGD88DA,113.02,0.0,8.92,有,
佳里區,房地(土地+建物)+車位,臺南市佳里區子龍三街３９巷２０號二樓之５,35.63,,鄉村區,乙種建築用地,1150516,土地1建物1車位1,二層,五層,華廈(10層含以下有電梯),住家用,鋼筋混凝土造,1101123,125.13999999999999,3,2,2,有,有,7000000,55937,一樓平面,23.72,0,其他增建；,RPTNMLOLOHLGFGD98DA,69.11,0.0,7.24,有,074
西港區,土地,港安段1466地號,1664.18,農,,,1150521,土地1建物0車位0,,,其他,,,,0.0,0,0,0,無,無,9000000,5408,,0.0,0,,RPTNMLPLOHLGFGD09DA,0.0,0.0,0.0,無,
學甲區,土地,西進段1331地號,273.0,,特定農業區,農牧用地,1150530,土地1建物0車位0,,,其他,,,,0.0,0,0,0,無,無,660000,2418,,0.0,0,,RPUNMLTLOHLGFGD96DA,0.0,0.0,0.0,無,
新市區,房地(土地+建物)+車位,臺南市新市區陽光大道７０號十五樓之６,23.72,都市：其他:生活服務區(產業服務專用),,,1150502,土地1建物1車位1,十五層,十五層,住宅大樓(11層含以上有電梯),其他,鋼筋混凝土造,1080227,87.3,1,1,1,有,有,7000000,88523,坡道平面,21.78,1200000,陽台外推；,RPPNMLMJNHLGFHD18DA,35.23,0.0,3.84,有,075
新化區,房地(土地+建物),臺南市新化區正新南路１７９巷８號五樓,28.82,住,,,1150510,土地1建物1車位0,五層,五層,華廈(10層含以下有電梯),住家用,鋼筋混凝土造,1141217,74.86,2,2,2,有,有,7600000,101523,,0.0,0,,RPRNMLOLOHLGFHD88DA,50.46,0.0,5.71,有,
歸仁區,房地(土地+建物)+車位,臺南市歸仁區高鐵大道３３號十三樓之７,14.94,商,,,1150511,土地1建物1車位1,十三層,十七層,住宅大樓(11層含以上有電梯),住家用,鋼筋混凝土造,1141023,98.41,2,2,1,有,有,13270000,157873,坡道平面,25.44,1750000,,RPQNMLOKNHLGFID68DA,42.77,0.0,4.35,有,
歸仁區,土地,歸仁北段1698-7地號,183.1,都市：其他:住宅區,,,1150515,土地2建物0車位0,,,其他,,,,0.0,0,0,0,無,無,7260000,39650,,0.0,0,未登記建物；包含公共設施保留地用地；,RPPNMLTLNHLGFID56DA,0.0,0.0,0.0,無,
楠西區,土地,永興段417地號,7431.68,,一般農業區,農牧用地,1150502,土地1建物0車位0,,,其他,,,,0.0,0,0,0,無,無,4200000,565,,0.0,0,,RPRNMLNJOHLGFJD78DA,0.0,0.0,0.0,無,
玉井區,土地,口宵里段516-3地號,761.0,,山坡地保育區,農牧用地,1150529,土地1建物0車位0,,,其他,,,,0.0,0,0,0,無,無,170000,223,,0.0,0,親友、員工、共有人或其他特殊關係間之交易；農作物；,RPPNMLOKOHLGFJD78DA,0.0,0.0,0.0,無,
永康區,房地(土地+建物),臺南市永康區國光七街２８號七樓,16.2,住,,,1150524,土地1建物1車位0,七層,七層,華廈(10層含以下有電梯),住家用,鋼筋混凝土造,0811111,92.94,3,2,2,有,有,4850000,52184,,0.0,0,,RPVOMLTLNHLGFKD47DA,61.68,0.0,2.36,有,076
永康區,房地(土地+建物)+車位,臺南市永康區大灣路３５７巷１３號二樓之３,39.29,住,,,1150527,土地1建物1車位1,二層,五層,華廈(10層含以下有電梯),住家用,鋼筋混凝土造,1130806,136.95,3,2,2,有,有,11600000,84702,一樓平面,0.0,1700000,,RPOOMLSKOHLGFKD66DA,78.79,0.0,5.53,有,
西港區,土地,新樂段248-1地號,46.23,,特定農業區,農牧用地,1150526,土地1建物0車位0,,,其他,,,,0.0,0,0,0,無,無,1086867,23510,,0.0,0,政府機關標讓售；,RPPNMLKMOHLGFGD38EA,0.0,0.0,0.0,無,
北區,房地(土地+建物),臺南市北區北忠街６６號二樓之５,10.49,商,,,1150514,土地1建物1車位0,二層,七層,華廈(10層含以下有電梯),住家用,鋼筋混凝土造,0761013,62.13,2,2,1,有,有,3500000,56333,,0.0,0,,RPROMLSJOHLGFAD48DA,45.77,0.0,3.08,有,077
北區,房地(土地+建物)+車位,臺南市北區林森路三段１５５號二十二樓之３,27.06,住,,,1150521,土地5建物1車位2,二十二層,二十四層,住宅大樓(11層含以上有電梯),住家用,鋼筋混凝土構造,1080726,271.07,4,1,3,有,有,35300000,151775,坡道平面,54.96,2500000,,RPSNMLMKOHLGFAD97DA,128.93,0.0,14.02,有,078
北區,房地(土地+建物)+車位,臺南市北區林森路三段１５３號二十二樓之３,23.31,住,,,1150521,土地5建物1車位1,二十二層,二十四層,住宅大樓(11層含以上有電梯),住家用,鋼筋混凝土構造,1080726,243.5,2,2,3,有,有,34080000,151282,坡道平面,27.48,1400000,,RPTNMLMKOHLGFAD08DA,128.84,0.0,14.02,有,079
北區,房地(土地+建物)+車位,臺南市北區中華北路一段２０３巷１６弄２２號三樓之８,19.85,住,,,1150531,土地1建物1車位1,三層,十四層,住宅大樓(11層含以上有電梯),住家用,鋼筋混凝土造,1140814,113.94999999999999,2,2,1,有,有,10000000,87758,坡道平面,33.87,0,,RPSQMLKMOHLGFAD28DA,50.71,0.0,2.58,有,080
安平區,房地(土地+建物),臺南市安平區世平路２６０號,202.19,都市：其他:特定商業專用區,,,1150520,土地2建物1車位0,全,三層,透天厝,住家用,鋼筋混凝土造,0960914,317.17,6,3,3,有,有,36000000,113504,,0.0,0,其他增建；,RPWNMLLJPHLGFAD28DA,305.15,0.0,11.3,無,
安南區,房地(土地+建物),臺南市安南區功安一街１９２號,158.66,住,,,1150504,土地1建物1車位0,全,二層,透天厝,住家用,加強磚造,0750725,126.06,7,2,3,有,無,8880000,70443,,0.0,0,頂樓加蓋；其他增建；,RPWNMLOJNHLGFBD48DA,122.69,0.0,3.37,無,
安南區,房地(土地+建物),臺南市安南區安中路四段３２９巷３０號,90.0,住,,,1150531,土地2建物1車位0,全,三層,透天厝,住家用,鋼筋混凝土造,0860918,166.92,4,2,3,有,無,12600000,75485,,0.0,0,其他增建；,RPRNMLLJPHLGFBD87DA,163.64,0.0,3.28,無,
安南區,土地,州南段1800地號,445.08,住,,,1150514,土地1建物0車位0,,,其他,,,,0.0,0,0,0,無,無,35678725,80162,,0.0,0,親友、員工、共有人或其他特殊關係間之交易；,RPUNMLLJPHLGFBD18DA,0.0,0.0,0.0,無,
南區,房地(土地+建物)+車位,臺南市南區大林路２號八樓之１,33.01,住,,,1150531,土地1建物1車位1,八層,十三層,住宅大樓(11層含以上有電梯),住家用,鋼筋混凝土造,0881021,138.75,3,2,2,有,有,7550000,54414,坡道平面,0.0,0,其他增建；,RPQNMLLMNHLGFCD97DA,81.29,0.0,8.17,有,
東區,房地(土地+建物),臺南市東區崇學路６號七樓之３,6.94,住,,,1150521,土地1建物1車位0,七層,十四層,住宅大樓(11層含以上有電梯),住家用,鋼筋混凝土造,0830401,85.59,2,2,1,有,有,6500000,75943,,0.0,0,其他增建；,RPRNMLNJOHLGFCD08DA,62.51,0.0,5.5,有,
南區,房地(土地+建物)+車位,臺南市南區萬年七街１５１號十樓之３,25.92,住,,,1150527,土地1建物1車位1,十層,十五層,住宅大樓(11層含以上有電梯),住家用,鋼筋混凝土造,1140417,142.88,3,2,2,有,有,13880000,101495,坡道平面,23.17,1730000,含裝潢費；,RPRNMLPKOHLGFCD38DA,68.84,0.0,9.12,有,
南區,房地(土地+建物)+車位,臺南市南區萬年一街２８６巷１２號五樓之６,34.21,住,,,1150518,土地1建物1車位1,五層,十五層,住宅大樓(11層含以上有電梯),住家用,鋼筋混凝土構造,1120223,144.44,3,2,2,有,有,12400000,87658,坡道平面,23.63,1810000,,RPUOMLQKOHLGFCD88DA,70.3,0.0,8.24,有,
東區,房地(土地+建物)+車位,臺南市東區崇德二十一街５８號四樓之７,17.98,住,,,1150518,土地2建物1車位1,四層,九層,華廈(10層含以下有電梯),住家用,鋼筋混凝土造,0821227,152.07,3,2,2,有,有,8600000,56553,坡道平面,0.0,0,其他增建；,RPVNMLNLOHLGFCD68DA,73.26,4.8,10.08,有,
下營區,房地(土地+建物),臺南市下營區中營里２鄰中營９０１之１號,335.0,,鄉村區,乙種建築用地,1150504,土地1建物1車位0,全,三層,透天厝,住家用,鋼筋混凝土造,0771105,209.73,6,3,4,有,無,4050000,19311,,0.0,0,未登記建物；未登記建物；急買急賣；,RPVNMLQKOHLGFFD56DA,205.91,0.0,3.82,無,
麻豆區,房地(土地+建物)+車位,臺南市麻豆區新興里新生南路３３巷２０號三樓之５,37.75,住,,,1150528,土地1建物1車位1,三層,七層,華廈(10層含以下有電梯),住家用,鋼筋混凝土構造,1120307,105.72,3,1,2,有,有,9000000,85131,一樓平面,9.9,0,,RPVNMLKMOHLGFFD78DA,66.48,0.0,7.87,有,081
學甲區,房地(土地+建物),臺南市學甲區新榮街３３巷３７號,79.92,住,,,1150501,土地1建物1車位0,全,三層,透天厝,住家用,鋼筋混凝土造,1140429,167.12,4,2,3,有,無,11860000,70967,,0.0,0,,RPTOMLQJNHLGFGD98DA,152.07,0.0,15.05,無,
學甲區,房地(土地+建物),臺南市學甲區麻學路三段１２１巷２號,81.16,,鄉村區,乙種建築用地,1150513,土地4建物1車位0,全,四層,透天厝,住家用,鋼筋混凝土造,1150303,172.09,4,2,4,有,無,8980000,52182,,0.0,0,,RPPNMLPLOHLGFGD68DA,156.63,0.0,15.46,無,
學甲區,土地,平東段324-1地號,1000.0,,一般農業區,農牧用地,1150530,土地1建物0車位0,,,其他,,,,0.0,0,0,0,無,無,1000000,1000,,0.0,0,,RPVNMLPLOHLGFGD66DA,0.0,0.0,0.0,無,
佳里區,土地,後庄段615地號,1253.5,,特定農業區,農牧用地,1150524,土地1建物0車位0,,,其他,,,,0.0,0,0,0,無,無,1300000,1037,,0.0,0,親友、員工、共有人或其他特殊關係間之交易；農作物；,RPPNMLLJPHLGFGD18DA,0.0,0.0,0.0,無,
新化區,房地(土地+建物),臺南市新化區民生路３１４巷８３號,151.69,住,,,1150525,土地1建物1車位0,全,二層,透天厝,住家用,加強磚造,0681108,110.6,3,2,2,有,無,9000000,81374,,0.0,0,頂樓加蓋；其他增建；,RPQNMLPLOHLGFHD88DA,110.6,0.0,0.0,無,
善化區,房地(土地+建物),臺南市善化區興農路３８１號五樓之２,21.19,住,,,1150510,土地2建物1車位0,五層,七層,華廈(10層含以下有電梯),住家用,鋼筋混凝土造,1070628,81.23,2,2,2,有,有,6680000,82236,,0.0,0,,RPRNMLTLOHLGFHD76DA,56.22,0.0,5.05,有,082
新化區,房地(土地+建物)+車位,臺南市新化區頂山５３之４６３號,28.13,,特定農業區,甲種建築用地,1150508,土地2建物1車位2,一層,七層,華廈(10層含以下有電梯),住家用,鋼筋混凝土造,1120501,154.63,3,2,2,有,有,9800000,63377,坡道平面,36.62,0,其他增建；,RPVNMLKMOHLGFHD98DA,75.81,0.0,0.0,有,083
安定區,房地(土地+建物),臺南市安定區許中營２６之７號五樓之５,27.32,,鄉村區,乙種建築用地,1150529,土地1建物1車位0,五層,五層,華廈(10層含以下有電梯),住家用,鋼筋混凝土造,1101004,81.12,2,1,2,有,有,6000000,73964,,0.0,0,,RPSNMLLJPHLGFHD58DA,54.99,0.0,8.66,有,084
新市區,房地(土地+建物),臺南市新市區豐榮１７６之３號,361.64,,一般農業區,丁種建築用地,1150519,土地4建物1車位0,全,一層,透天厝,工業用,鋼骨構造有牆,1081001,161.27,0,0,0,無,無,23000000,142618,,0.0,0,,RPTNMLLJPHLGFHD68DA,161.27,0.0,0.0,無,085
仁德區,房地(土地+建物),臺南市仁德區中洲路７３９巷１１號,77.52,,鄉村區,乙種建築用地,1150514,土地1建物1車位0,全,三層,透天厝,住家用,鋼筋混凝土造,0800124,157.05,4,2,3,有,無,7000000,44572,,0.0,0,陽台外推；其他增建；,RPRNMLQLOHLGFID56DA,138.03,9.59,9.43,無,
仁德區,土地,大宅段518地號,160.23,住,,,1150516,土地1建物0車位0,,,其他,,,,0.0,0,0,0,無,無,6000000,37446,,0.0,0,地上未保存建物出售價格20300元含土地增值稅或其他稅費54936元；含地政士服務費20000元；未登記建物；,RPUNMLKMOHLGFID98DA,0.0,0.0,0.0,無,
歸仁區,房地(土地+建物)+車位,臺南市歸仁區中正南路一段２１８巷２５號六樓之６,24.13,住,,,1150513,土地2建物1車位1,六層,七層,華廈(10層含以下有電梯),住家用,鋼筋混凝土造,0820303,120.3,3,2,2,有,有,7650000,63591,坡道機械,0.0,0,,RPRNMLLJPHLGFID58DA,79.04,0.0,8.29,有,
龍崎區,土地,中坑子段109-17地號,1000.0,,山坡地保育區,農牧用地,1150519,土地4建物0車位0,,,其他,,,,0.0,0,0,0,無,無,400000,400,,0.0,0,親友、員工、共有人或其他特殊關係間之交易；,RPXNMLLJPHLGFID56DA,0.0,0.0,0.0,無,086
楠西區,房地(土地+建物),臺南市楠西區中興路６３巷１１號,89.83,住,,,1150530,土地1建物1車位0,全,二層,透天厝,住商用,加強磚造,0731008,120.7,3,2,2,有,無,2200000,18227,,0.0,0,頂樓加蓋；,RPRNMLKKOHLGFJD58DA,116.7,0.0,4.0,無,
永康區,房地(土地+建物)+車位,臺南市永康區中華二路３４０巷８號三樓之１,25.63,住,,,1150528,土地1建物1車位1,三層,十七層,住宅大樓(11層含以上有電梯),住家用,鋼筋混凝土造,0811016,182.89,4,2,2,有,有,11080000,60583,坡道平面,0.0,1200000,其他增建；,RPSPMLSLNHLGFKD17DA,111.3,0.57,14.52,有,
安平區,房地(土地+建物)+車位,臺南市安平區建平七街６７７號八樓之１７,20.64,住,,,1150523,土地1建物1車位1,八層,十二層,住宅大樓(11層含以上有電梯),住家用,鋼筋混凝土造,0830914,159.24,3,2,2,有,有,9330000,58591,坡道平面,0.0,0,其他增建；,RPPNMLNLNHLGFAD77DA,85.42,0.0,10.97,有,087
安平區,房地(土地+建物),臺南市安平區建平九街６０巷３１弄３６號,99.0,住,,,1150524,土地1建物1車位0,全,四層,透天厝,住商用,鋼筋混凝土造,0820820,253.0,5,3,6,有,無,18860000,74545,,0.0,0,陽台外推；頂樓加蓋；其他增建；,RPQNMLOLNHLGFAD97DA,231.4,0.0,21.6,無,088
中西區,房地(土地+建物),臺南市中西區大同路一段７０巷１７號四樓之４,17.71,商,,,1150501,土地1建物1車位0,四層,五層,公寓(5樓含以下無電梯),住家用,鋼筋混凝土造,0710222,72.34,3,2,2,有,無,3880000,53636,,0.0,0,,RPXNMLMLOHLGFAD58DA,54.47,0.0,6.26,無,
北區,房地(土地+建物),臺南市北區北成路１２８巷４５弄６號九樓,28.25,住,,,1150530,土地1建物1車位0,九層,九層,華廈(10層含以下有電梯),住家用,鋼筋混凝土造,0841009,112.72,2,2,2,有,有,7000000,62101,,0.0,0,,RPQQMLKMOHLGFAD08DA,80.21,0.0,12.31,有,
安平區,房地(土地+建物)+車位,臺南市安平區國平北路８６號十七樓之１,14.36,商,,,1150505,土地1建物1車位1,十七層,二十六層,住宅大樓(11層含以上有電梯),住家用,鋼筋混凝土造,1140722,171.44,2,2,2,有,有,14000000,81661,坡道平面,22.23,0,,RPVNMLLJPHLGFAD18DA,86.33,0.0,8.86,有,089
安南區,土地,城中段76地號,279.3,住,,,1150514,土地1建物0車位0,,,其他,,,,0.0,0,0,0,無,無,19500000,69817,,0.0,0,,RPSNMLKLNHLGFBD87DA,0.0,0.0,0.0,無,
東區,房地(土地+建物)+車位,臺南市東區崇賢三路２號九樓之５,36.99,住,,,1150516,土地1建物1車位1,九層,十五層,住宅大樓(11層含以上有電梯),住家用,鋼筋混凝土構造,1071205,208.21,3,2,2,有,有,28100000,146001,坡道平面,26.02,1500000,,RPPNMLQKNHLGFCD18DA,109.59,0.0,15.39,有,090
東區,房地(土地+建物),臺南市東區自由路一段１７７號,40.0,住,,,1150515,土地1建物1車位0,全,四層,透天厝,住商用,鋼筋混凝土造,0950627,117.1,7,0,7,有,無,12600000,107600,,0.0,0,本件為三親等共有人間買賣。親友、員工、共有人或其他特殊關係間之交易；,RPQOMLSKOHLGFCD68DA,104.65,1.29,11.16,無,
東區,房地(土地+建物)+車位,臺南市東區中華東路二段２４３巷３５號二樓,15.32,住,,,1150528,土地1建物1車位1,二層,七層,華廈(10層含以下有電梯),住家用,鋼筋混凝土造,0841111,132.74,3,2,2,有,有,8050000,60645,坡道平面,0.0,0,其他增建；,RPRNMLMJPHLGFCD08DA,72.6,0.35,10.73,有,
新營區,房地(土地+建物),臺南市新營區新北街２８６巷２號,170.32,住,,,1150508,土地2建物1車位0,全,五層,透天厝,住家用,鋼筋混凝土造,1110908,310.16,5,2,5,有,無,17300000,55778,,0.0,0,,RPRNMLLJPHLGFDD08DA,285.37,0.0,24.79,有,091
後壁區,土地,本協段321地號,2200.0,,特定農業區,農牧用地,1150528,土地1建物0車位0,,,其他,,,,0.0,0,0,0,無,無,3080000,1400,,0.0,0,,RPTNMLLKOHLGFED38DA,0.0,0.0,0.0,無,
後壁區,土地,本協段322地號,2200.0,,特定農業區,農牧用地,1150528,土地1建物0車位0,,,其他,,,,0.0,0,0,0,無,無,3080000,1400,,0.0,0,,RPUNMLLKOHLGFED48DA,0.0,0.0,0.0,無,
官田區,土地,隆西段168地號,1862.26,,特定農業區,農牧用地,1150528,土地1建物0車位0,,,其他,,,,0.0,0,0,0,無,無,600000,322,,0.0,0,親友、員工、共有人或其他特殊關係間之交易；,RPWNMLKMOHLGFFD88DA,0.0,0.0,0.0,無,
下營區,土地,麻豆寮段1168地號,2150.0,,特定農業區,農牧用地,1150514,土地1建物0車位0,,,其他,,,,0.0,0,0,0,無,無,1000000,465,,0.0,0,親友、員工、共有人或其他特殊關係間之交易；,RPRNMLLJPHLGFFD28DA,0.0,0.0,0.0,無,
西港區,房地(土地+建物),臺南市西港區子林１０９之９號,93.43,,鄉村區,乙種建築用地,1150522,土地1建物1車位0,全,三層,透天厝,住家用,鋼筋混凝土造,1140901,152.04,3,2,3,有,無,10000000,65772,,0.0,0,,RPOOMLKKOHLGFGD08DA,138.63,0.0,13.41,無,
西港區,房地(土地+建物)+車位,臺南市西港區後營１５６之２號六樓之３,30.42,,鄉村區,乙種建築用地,1150502,土地1建物1車位1,六層,七層,華廈(10層含以下有電梯),住家用,鋼筋混凝土造,1140422,116.11,3,2,2,有,有,9050000,80282,一樓平面,18.33,1200000,,RPTOMLRKOHLGFGD66DA,71.95,0.0,7.32,有,
佳里區,房地(土地+建物),臺南市佳里區下８３之３號,190.53,,鄉村區,乙種建築用地,1150509,土地1建物1車位0,全,三層,透天厝,住家用,鋼筋混凝土造,1121103,197.78,4,2,4,有,無,16200000,81909,,0.0,0,,RPUNMLNLOHLGFGD98DA,189.96,0.0,7.82,無,
佳里區,房地(土地+建物),臺南市佳里區佳北路４２６號,169.31,住,,,1150523,土地1建物1車位0,全,五層,透天厝,住商用,鋼筋混凝土造,0820710,287.95,7,2,4,有,無,10500000,36465,,0.0,0,,RPUNMLPLOHLGFGD56DA,269.89,0.0,18.06,無,
佳里區,房地(土地+建物),臺南市佳里區安西里安西路９３巷３０弄４號,88.04,住,,,1150520,土地1建物1車位0,全,四層,透天厝,住家用,鋼筋混凝土造,0801228,205.61,5,2,3,有,無,8500000,41340,,0.0,0,,RPQNMLTLOHLGFGD56DA,188.19,0.0,17.42,無,
新化區,房地(土地+建物),臺南市新化區信義路１６９號六樓之８,16.61,商,,,1150529,土地4建物1車位0,六層,九層,華廈(10層含以下有電梯),住家用,鋼筋混凝土造,0840810,124.28,3,2,2,有,有,4800000,38622,,0.0,0,,RPTNMLPKOHLGFHD09DA,79.11,2.91,11.93,有,092
善化區,房地(土地+建物),臺南市善化區茄拔３００之３號,85.0,,鄉村區,乙種建築用地,1150528,土地1建物1車位0,全,二層,透天厝,住家用,加強磚造,0741227,105.44,3,2,2,有,無,6800000,64492,,0.0,0,其他增建；,RPQNMLSKOHLGFHD09DA,102.32,0.0,3.12,無,
安定區,房地(土地+建物),臺南市安定區許中營９０之２６號四樓之６,18.44,,鄉村區,乙種建築用地,1150529,土地1建物1車位0,四層,九層,華廈(10層含以下有電梯),住家用,鋼筋混凝土造,1100225,83.71000000000001,2,2,2,有,有,6300000,75260,,0.0,0,,RPRNMLMJPHLGFHD58DA,52.86,0.0,5.84,有,093
歸仁區,房地(土地+建物)+車位,臺南市歸仁區高發一路１０號九樓之２,33.63,住,,,1150523,土地1建物1車位2,九層,十五層,住宅大樓(11層含以上有電梯),住家用,鋼筋混凝土造,1140901,186.89,3,2,2,有,有,15150000,95928,坡道平面,55.02,2500000,,RPTNMLLKOHLGFID78DA,77.49,0.0,8.27,有,
歸仁區,房地(土地+建物),臺南市歸仁區大廟里和順路二段２４０巷１０１之３０號,86.5,,特定農業區,甲種建築用地,1150504,土地3建物1車位0,全,四層,透天厝,住家用,鋼筋混凝土造,1041103,174.6,5,2,3,有,無,13900000,79611,,0.0,0,一樓空地、頂樓陽台外推；其他增建；,RPPOMLRKOHLGFID09DA,131.42,0.0,43.18,無,
歸仁區,土地,大潭段26-1地號,1014.0,,一般農業區,農牧用地,1150526,土地1建物0車位0,,,其他,,,,0.0,0,0,0,無,無,6130000,6045,,0.0,0,,RPUNMLNLOHLGFID56DA,0.0,0.0,0.0,無,
仁德區,房地(土地+建物),臺南市仁德區後壁里德崙路２１巷３６號三樓之６,13.69,商,,,1150508,土地1建物1車位0,三層,十四層,住宅大樓(11層含以上有電梯),住家用,鋼筋混凝土構造,1051122,81.33,2,2,1,有,有,5550000,68241,,0.0,0,陽台外推；,RPTNMLLJPHLGFID78DA,48.75,0.0,7.91,有,094
歸仁區,土地,高發段666地號,389.87,,一般農業區,農牧用地,1150520,土地1建物0車位0,,,其他,,,,0.0,0,0,0,無,無,3050000,7823,,0.0,0,親友、員工、共有人或其他特殊關係間之交易；,RPQOMLLJPHLGFID58DA,0.0,0.0,0.0,無,095
永康區,土地,北灣段233地號,46.68,住,,,1150526,土地1建物0車位0,,,其他,,,,0.0,0,0,0,無,無,3053716,65418,,0.0,0,親友、員工、共有人或其他特殊關係間之交易；未登記建物；,RPSNMLSKOHLGFKD96DA,0.0,0.0,0.0,無,
後壁區,土地,長短樹段2463地號,2700.0,,特定農業區,農牧用地,1150513,土地1建物0車位0,,,其他,,,,0.0,0,0,0,無,無,4050000,1500,,0.0,0,,RPQNMLLJPHLGFED18EA,0.0,0.0,0.0,無,
後壁區,土地,長短樹段2464地號,2500.0,,特定農業區,農牧用地,1150513,土地1建物0車位0,,,其他,,,,0.0,0,0,0,無,無,3750000,1500,,0.0,0,,RPRNMLLJPHLGFED28EA,0.0,0.0,0.0,無,
中西區,房地(土地+建物)+車位,臺南市中西區民權路三段４００巷２１號三樓,22.28,住,,,1150514,土地1建物1車位1,三層,十層,華廈(10層含以下有電梯),住家用,鋼筋混凝土造,0880730,151.56,3,2,2,有,有,8880000,58591,坡道平面,26.53,0,,RPROMLQKOHLGFAD38DA,81.97,0.0,9.31,有,096
北區,土地,大興段1367地號,84.46,住,,,1150516,土地1建物0車位0,,,其他,,,,0.0,0,0,0,無,無,6520000,77196,,0.0,0,,RPPNMLTLOHLGFAD48DA,0.0,0.0,0.0,無,
安平區,房地(土地+建物)+車位,臺南市安平區永華路二段９１０號二樓之３,13.56,商,,,1150513,土地1建物1車位1,二層,十四層,住宅大樓(11層含以上有電梯),住家用,ＲＣ造,0960111,162.22,3,2,2,有,有,9100000,56097,坡道平面,28.19,0,,RPQNMLMJPHLGFAD77DA,89.82,0.0,9.37,有,
安平區,房地(土地+建物),臺南市安平區光州六街１６之１號,88.0,住,,,1150527,土地2建物1車位0,全,四層,透天厝,住家用,ＲＣ造,0950127,228.02,5,3,5,有,無,17640000,77362,,0.0,0,其他增建；,RPQNMLNJPHLGFAD87DA,228.02,0.0,0.0,無,097
安平區,房地(土地+建物),臺南市安平區國平北路８６號二十二樓之７,7.01,商,,,1150515,土地1建物1車位0,二十二層,二十六層,住宅大樓(11層含以上有電梯),住家用,鋼筋混凝土造,1140722,74.37,0,0,0,無,有,6300000,84712,,0.0,0,,RPVNMLNJPHLGFAD38DA,40.27,0.0,5.61,有,
中西區,房地(土地+建物),臺南市中西區大新街２２巷９號,143.02,住,,,1150506,土地1建物1車位0,全,三層,透天厝,住家用,加強磚造,0590616,339.76,7,2,3,有,無,5700000,16777,,0.0,0,親友、員工、共有人或其他特殊關係間之交易；,RPQNMLQJPHLGFAD18DA,339.76,0.0,0.0,無,
安南區,房地(土地+建物),臺南市安南區安和路六段２０巷１２０弄４６號,93.0,住,,,1150523,土地3建物1車位0,全,二層,透天厝,住商用,加強磚造,0790516,121.96,4,3,2,有,無,9500000,77894,,0.0,0,頂樓加蓋；其他增建；,RPQOMLKMOHLGFBD97DA,118.0,0.0,3.96,無,
安南區,土地,鹽田段1185地號,662.84,都市：其他:遊樂區,,,1150518,土地1建物0車位0,,,其他,,,,0.0,0,0,0,無,無,6500000,9806,,0.0,0,未登記建物；,RPQNMLLJPHLGFBD77DA,0.0,0.0,0.0,無,098
安南區,房地(土地+建物)+車位,臺南市安南區淵西路１６５號三樓之６,42.98,住,,,1150526,土地1建物1車位1,三層,五層,華廈(10層含以下有電梯),住家用,鋼筋混凝土造,1150127,129.89,3,2,2,有,有,11380000,87652,一樓平面,14.89,1300000,,RPQNMLNJPHLGFBD97DA,76.81,0.0,5.44,有,
東區,房地(土地+建物)+車位,臺南市東區崇慶街一段９２號十五樓之６,21.81,住,,,1150517,土地1建物1車位2,十五層,十五層,住宅大樓(11層含以上有電梯),住家用,鋼筋混凝土造,1130816,172.26999999999998,3,2,2,有,有,19200000,131586,坡道平面,52.5,3440000,2車位合計 344萬元整車位總價中無法拆分個別車位價格,RPVNMLSKNHLGFCD98DA,69.75,0.0,8.08,有,
東區,房地(土地+建物),臺南市東區光明街７６號四樓之１,20.3,住,,,1150526,土地1建物1車位0,四層,五層,公寓(5樓含以下無電梯),住家用,鋼筋混凝土造,0680111,68.36,3,2,2,有,無,3520000,51492,,0.0,0,其他增建；,RPPPMLQLNHLGFCD48DA,59.42,0.0,0.0,無,
東區,房地(土地+建物),臺南市東區裕農路４３巷２９弄２１號四樓之２,22.12,住,,,1150523,土地2建物1車位0,四層,七層,華廈(10層含以下有電梯),住家用,鋼筋混凝土造,0800621,99.02,2,2,2,有,有,6650000,67158,,0.0,0,,RPQNMLRKOHLGFCD48DA,70.95,0.78,7.68,有,
東區,房地(土地+建物)+車位,臺南市東區崇德二十六街２號四樓,11.73,住,,,1150509,土地1建物1車位1,四層,七層,華廈(10層含以下有電梯),住家用,鋼筋混凝土造,0890306,76.36,1,2,1,有,有,5400000,70718,坡道機械,15.02,0,,RPUNMLTLOHLGFCD56DA,43.53,0.0,3.06,有,
南區,房地(土地+建物)+車位,臺南市南區萬年七街１７３號五樓之１,21.44,住,,,1150530,土地1建物1車位1,五層,十五層,住宅大樓(11層含以上有電梯),住家用,鋼筋混凝土構造,1070619,120.21000000000001,2,2,1,有,有,8600000,71541,坡道平面,23.15,0,,RPPNMLKMOHLGFCD87DA,57.12,0.0,7.56,有,099
東區,房地(土地+建物),臺南市東區裕孝路６９８之１２號,86.45,住,,,1150508,土地2建物1車位0,全,四層,透天厝,住家用,鋼筋混凝土造,1060329,210.46,5,2,4,有,無,28700000,136368,,0.0,0,陽台外推；頂樓加蓋；,RPTOMLLJPHLGFCD28DA,185.24,0.0,25.22,無,100
後壁區,土地,土溝段1288地號,3200.0,,特定農業區,農牧用地,1150525,土地1建物0車位0,,,其他,,,,0.0,0,0,0,無,無,4600000,1438,,0.0,0,未登記建物；,RPPNMLPLNHLGFED38DA,0.0,0.0,0.0,無,
後壁區,土地,頂平段661地號,345.9,,鄉村區,交通用地,1150519,土地2建物0車位0,,,其他,,,,0.0,0,0,0,無,無,5070000,14657,,0.0,0,台南市後壁區頂平段661地號出售權利範圍1/5買賣價款為新台幣242萬元整；台南市後壁區頂平段670地號出售權利範圍1/1買賣價款為新台幣265萬元整。農作物；,RPPNMLQLOHLGFED58DA,0.0,0.0,0.0,無,
白河區,土地,頂秀祐段831地號,1274.0,,特定農業區,農牧用地,1150528,土地1建物0車位0,,,其他,,,,0.0,0,0,0,無,無,1710000,1342,,0.0,0,農作物；,RPVNMLMJPHLGFED68DA,0.0,0.0,0.0,無,
白河區,土地,頂秀祐段832地號,1274.0,,特定農業區,農牧用地,1150528,土地1建物0車位0,,,其他,,,,0.0,0,0,0,無,無,1710000,1342,,0.0,0,,RPWNMLMJPHLGFED78DA,0.0,0.0,0.0,無,
麻豆區,土地,南寮段735地號,3042.0,,特定農業區,農牧用地,1150530,土地2建物0車位0,,,其他,,,,0.0,0,0,0,無,無,6000000,1972,,0.0,0,,RPUOMLMLOHLGFFD88DA,0.0,0.0,0.0,無,
官田區,房地(土地+建物),臺南市官田區二鎮１０４號之５,143.7,住,,,1150521,土地1建物1車位0,全,三層,透天厝,住家用,ＲＣ造,0790717,185.1,6,2,3,有,無,7500000,40519,,0.0,0,頂樓加蓋；其他增建；,RPSNMLNJPHLGFFD58DA,185.1,0.0,0.0,無,
佳里區,房地(土地+建物),臺南市佳里區南勢街２０６巷２６號三樓之３,45.19,住,,,1150531,土地1建物1車位0,三層,五層,華廈(10層含以下有電梯),住家用,鋼筋混凝土造,1130202,119.59,3,2,2,有,有,6700000,56025,,0.0,0,,RPQOMLTLOHLGFGD66DA,80.67,0.0,10.73,有,
佳里區,房地(土地+建物)+車位,臺南市佳里區南勢街２０６巷３６號三樓之２,45.67,住,,,1150528,土地1建物1車位1,三層,五層,華廈(10層含以下有電梯),住家用,鋼筋混凝土造,1121228,142.88,3,2,2,有,有,9500000,66287,一樓平面,14.65,1000000,,RPOOMLKMOHLGFGD28DA,80.84,0.0,12.67,有,
善化區,房地(土地+建物),臺南市善化區小新里成功新村５４號二樓,24.37,都市：其他:國宅專用區,,,1150515,土地3建物1車位0,二層,八層,華廈(10層含以下有電梯),住家用,鋼筋混凝土造,0830923,103.95,3,2,2,有,有,4650000,44733,,0.0,0,陽台外推；,RPRNMLMLOHLGFHD68DA,74.77,0.0,8.51,有,
新市區,房地(土地+建物),臺南市新市區可口街８１號,116.97,住,,,1150516,土地1建物1車位0,全,三層,透天厝,住家用,鋼筋混凝土造,1011023,210.84,4,2,5,有,無,17000000,80630,,0.0,0,其他增建；,RPRNMLPLOHLGFHD98DA,195.54,0.0,15.3,無,
安定區,房地(土地+建物)+車位,臺南市安定區港口４３之３號五樓之５,28.57,,鄉村區,乙種建築用地,1150514,土地1建物1車位1,五層,九層,華廈(10層含以下有電梯),住家用,鋼筋混凝土造,1140312,129.42000000000002,3,2,2,有,有,9300000,78062,坡道平面,29.5,1500000,,RPUNMLPLOHLGFHD66DA,64.07,0.0,6.11,有,
安定區,房地(土地+建物)+車位,臺南市安定區港口４３之３號五樓之２,25.48,,鄉村區,乙種建築用地,1150511,土地1建物1車位1,五層,九層,華廈(10層含以下有電梯),住家用,鋼筋混凝土造,1140312,117.62,2,1,2,有,有,8500000,79437,一樓平面,29.5,1500000,,RPVNMLPLOHLGFHD76DA,55.34,0.0,6.51,有,
新化區,土地,竹子腳段801-2地號,360.0,,一般農業區,農牧用地,1150526,土地1建物0車位0,,,其他,,,,0.0,0,0,0,無,無,7623000,21175,,0.0,0,,RPSNMLMJPHLGFHD68DA,0.0,0.0,0.0,無,
仁德區,土地,大宅段514-1地號,26.48,住,,,1150524,土地2建物0車位0,,,其他,,,,0.0,0,0,0,無,無,800000,30211,,0.0,0,含土地增值稅或其他稅費131314元；含地政士服務費14000元；,RPTQMLLJOHLGFID98DA,0.0,0.0,0.0,無,
仁德區,土地,文賢段895地號,401.26,住,,,1150506,土地1建物0車位0,,,其他,,,,0.0,0,0,0,無,無,11000000,27414,,0.0,0,親友、員工、共有人或其他特殊關係間之交易；,RPUNMLMJOHLGFID88DA,0.0,0.0,0.0,無,
歸仁區,房地(土地+建物),臺南市歸仁區八甲村大仁七街６０號三樓之１５,21.13,住,,,1150519,土地1建物1車位0,三層,六層,華廈(10層含以下有電梯),住家用,鋼筋混凝土造,0831117,84.89,2,2,1,有,有,4900000,57722,,0.0,0,,RPVOMLPLOHLGFID96DA,68.5,0.0,5.58,有,
仁德區,房地(土地+建物),臺南市仁德區德崙路２５９號七樓之３,18.37,住,,,1150508,土地1建物1車位0,七層,七層,華廈(10層含以下有電梯),住家用,鋼筋混凝土造,0860922,100.28,3,2,1,有,有,4500000,44874,,0.0,0,,RPSNMLQLOHLGFID66DA,64.49,0.0,8.03,有,101
歸仁區,土地,沙崙段1463地號,1785.0,,特定專用區,農牧用地,1150520,土地1建物0車位0,,,其他,,,,0.0,0,0,0,無,無,21600000,12101,,0.0,0,,RPTNMLMJPHLGFID88DA,0.0,0.0,0.0,無,
仁德區,房地(土地+建物),臺南市仁德區德崙路５９號,13.28,商,,,1150509,土地1建物1車位0,一層，二層,十四層,住宅大樓(11層含以上有電梯),住商用,鋼筋混凝土構造,1120815,83.32,0,0,2,有,有,9500000,114018,,0.0,0,,RPWNMLMJPHLGFID56DA,60.9,0.0,4.1,有,
永康區,房地(土地+建物)+車位,臺南市永康區永康里永大路二段１５２６巷２弄２號十二樓之９,10.24,住,,,1150515,土地1建物1車位1,十二層,十四層,住宅大樓(11層含以上有電梯),住家用,鋼筋混凝土造,0840511,103.46000000000001,2,2,1,有,有,6700000,64766,坡道機械,0.0,0,陽台外推；其他增建；,RPORMLPKNHLGFKD56DA,53.21,0.0,9.72,有,
永康區,房地(土地+建物)+車位,臺南市永康區東橋十二街１７０號四樓之６,19.97,住,,,1150523,土地1建物1車位1,四層,十五層,住宅大樓(11層含以上有電梯),住家用,鋼筋混凝土構造,1080315,120.44,2,2,2,有,有,10800000,89671,坡道平面,25.59,0,陽台外推；,RPSNMLLJPHLGFKD88DA,59.6,0.0,5.66,有,102
永康區,房地(土地+建物)+車位,臺南市永康區南灣街２１號十一樓之７,23.55,住,,,1150523,土地1建物1車位1,十一層,十三層,住宅大樓(11層含以上有電梯),住家用,鋼筋混凝土造,1141212,115.09,3,2,2,有,有,11980000,104092,一樓平面,16.5,0,,RPQNMLMJPHLGFKD78DA,58.7,0.0,5.62,有,103
安平區,房地(土地+建物)+車位,臺南市安平區永華路二段６６３號三樓之３,8.92,商,,,1150524,土地1建物1車位1,三層,二十二層,住宅大樓(11層含以上有電梯),住家用,鋼筋混凝土造,1121108,93.94999999999999,2,2,2,有,有,8260000,94948,坡道機械,18.54,1100000,本案於115年5月27日讓渡，其權力契約買賣價格不變。含裝潢費；,RPPNMLNJPHLGFAD87EA,42.85,2.85,3.34,有,
鹽水區,房地(土地+建物),臺南市鹽水區橋南里１６鄰月津路８７號,140.94,住,,,1150524,土地1建物1車位0,全,二層,透天厝,住商用,鋼筋混凝土造,0721007,152.73,5,1,2,有,無,3500000,22916,,0.0,0,親友、員工、共有人或其他特殊關係間之交易；頂樓加蓋；其他增建；,RPPNMLKMOHLGFDD08EA,144.6,0.0,8.13,無,
中西區,房地(土地+建物),臺南市中西區大同路一段４６巷５０號五樓之８,8.89,商,,,1150518,土地2建物1車位0,五層,五層,華廈(10層含以下有電梯),住家用,鋼筋混凝土造,0870706,65.08,2,2,2,有,有,8200000,125999,,0.0,0,,RPUNMLPLOHLGFAD58DA,43.49,0.0,4.26,有,104
北區,房地(土地+建物),臺南市北區北門路二段２４２號十一樓,29.35,住,,,1150525,土地1建物1車位0,十一層,十一層,住宅大樓(11層含以上有電梯),住家用,鋼筋混凝土造,0911115,133.41,3,2,2,有,有,10900000,81703,,0.0,0,其他增建；,RPOPMLNKPHLGFAD97DA,80.31,0.0,10.82,有,
安南區,房地(土地+建物),臺南市安南區環館路３４２巷２０號,190.98,住,,,1150502,土地5建物1車位0,全,四層,透天厝,住家用,鋼筋混凝土造,1140904,291.17,3,2,3,有,有,31390000,107803,,0.0,0,,RPVNMLNJOHLGFBD38DA,262.04,0.0,25.16,有,
安南區,土地,海東段102-88地號,578.26,,,,1150505,土地8建物0車位0,,,其他,,,,0.0,0,0,0,無,無,12918703,22341,,0.0,0,親友、員工、共有人或其他特殊關係間之交易；,RPPNMLOLOHLGFBD08DA,0.0,0.0,0.0,無,
安南區,房地(土地+建物)+車位,臺南市安南區淵西路１６５號五樓之２,44.27,住,,,1150519,土地1建物1車位1,五層,五層,華廈(10層含以下有電梯),住家用,鋼筋混凝土造,1150127,132.14000000000001,3,2,2,有,有,10050000,77186,一樓平面,14.89,1000000,,RPOOMLKMOHLGFBD77DA,76.12,0.0,7.64,有,
安南區,房地(土地+建物),臺南市安南區長和路二段１２巷２９９弄８號,82.85,住,,,1150513,土地1建物1車位0,全,二層,透天厝,住商用,鋼筋混凝土造,0820112,120.15,5,1,3,有,無,4500000,37453,,0.0,0,親友、員工、共有人或其他特殊關係間之交易；,RPOOMLMJPHLGFBD77DA,114.42,0.0,5.73,無,
安南區,房地(土地+建物),臺南市安南區館前一路１１８號二樓之６,30.87,住,,,1150512,土地1建物1車位0,二層,七層,華廈(10層含以下有電梯),住家用,鋼筋混凝土造,1031105,113.03999999999999,2,2,2,有,有,8000000,70771,,0.0,0,1.其他增建/鐵窗/鐵鋁窗增建  2.含一樓平面停車位一個編號47其他增建；,RPQOMLMJPHLGFBD97DA,60.79,0.0,5.49,有,
南區,房地(土地+建物),臺南市南區金華路二段２８９巷２３弄３７號,88.0,住,,,1150505,土地1建物1車位0,全,五層,透天厝,住商用,鋼筋混凝土造,0770116,372.5,4,2,4,有,無,12000000,32215,,0.0,0,親友、員工、共有人或其他特殊關係間之交易；未登記建物；,RPSNMLSKOHLGFCD78DA,346.41,0.0,26.09,無,
東區,房地(土地+建物),臺南市東區林森路二段１９２巷１９號,22.87,住,,,1150523,土地23建物1車位0,一層,十二層,住宅大樓(11層含以上有電梯),商業用,鋼筋混凝土造,0730118,101.03,3,1,1,有,無,12000000,118788,,0.0,0,陽台外推；,RPPNMLMLOHLGFCD97DA,84.28,0.0,4.7,有,
東區,房地(土地+建物),臺南市東區凱旋路３５號,22.33,住,,,1150517,土地2建物1車位0,一層，二層,十層,華廈(10層含以下有電梯),住商用,鋼筋混凝土造,0780419,95.97,0,2,2,有,有,12000000,125039,,0.0,0,,RPQOMLPLOHLGFCD48DA,84.4,1.83,0.0,有,
東區,房地(土地+建物),臺南市東區勝利路１１５號五樓之１４,5.21,住,,,1150524,土地1建物1車位0,五層,七層,華廈(10層含以下有電梯),辦公用,鋼筋混凝土造,0700116,23.95,1,0,1,有,無,2300000,96033,,0.0,0,其他增建；,RPPOMLNJPHLGFCD08DA,19.83,0.0,0.0,有,105
東區,房地(土地+建物),臺南市東區裕信路３２０之９號,82.7,住,,,1150503,土地2建物1車位0,全,四層,透天厝,住家用,ＲＣ造,0910904,204.03,4,2,5,有,無,22500000,110278,,0.0,0,陽台外推；其他增建；,RPTOMLNJPHLGFCD48DA,181.41,0.0,22.62,無,106
南區,房地(土地+建物),臺南市南區公英五街３３號,84.5,住,,,1150515,土地2建物1車位0,全,二層,透天厝,住家用,加強磚造,0631128,101.52,6,3,3,有,無,7560000,74468,,0.0,0,頂樓加蓋；其他增建；,RPQNMLOJPHLGFCD18DA,101.52,0.0,0.0,無,107
東區,房地(土地+建物),臺南市東區東門路一段８４號八樓之１,3.41,商,,,1150512,土地2建物1車位0,八層,九層,華廈(10層含以下有電梯),住家用,鋼筋混凝土造,0800122,21.71,1,0,1,有,有,1000000,46062,,0.0,0,,RPTNMLQJPHLGFCD68DA,10.62,0.94,1.9,有,
東區,房地(土地+建物)+車位,臺南市東區崇德十八街４０號七樓,16.24,商,,,1150528,土地1建物1車位1,七層,七層,華廈(10層含以下有電梯),住家用,鋼筋混凝土造,0840126,101.52,3,2,1,有,有,6400000,63042,坡道平面,0.0,0,車位僅只有使用權 無所有權。陽台外推；,RPVNMLRJPHLGFCD98DA,64.68,0.77,9.71,有,
鹽水區,房地(土地+建物),臺南市鹽水區橋南里１５鄰月津路１２巷２９弄５號,88.43,住,,,1150525,土地1建物1車位0,全,二層,透天厝,住家用,加強磚造,0710227,112.54,4,1,1,有,無,1300000,11551,,0.0,0,,RPUNMLPLNHLGFDD78DA,112.54,0.0,0.0,無,
新營區,房地(土地+建物),臺南市新營區民榮里裕民路３４巷２５號,36.63,住,,,1150530,土地2建物1車位0,一層,四層,公寓(5樓含以下無電梯),住家用,鋼筋混凝土造,0681124,97.01,3,2,1,有,無,4100000,42264,,0.0,0,,RPPNMLNKOHLGFDD08DA,97.01,0.0,0.0,無,
白河區,土地,長安段260地號,1296.25,農,,,1150520,土地1建物0車位0,,,其他,,,,0.0,0,0,0,無,無,1800000,1389,,0.0,0,親友、員工、共有人或其他特殊關係間之交易；,RPQNMLKLNHLGFED97DA,0.0,0.0,0.0,無,
東山區,土地,崎子頭段741-1地號,9107.0,,山坡地保育區,農牧用地,1150511,土地2建物0車位0,,,其他,,,,0.0,0,0,0,無,無,19000000,2086,,0.0,0,未登記建物；,RPPNMLRKOHLGFED58DA,0.0,0.0,0.0,無,
後壁區,土地,頂平段661地號,344.73,,鄉村區,交通用地,1150515,土地3建物0車位0,,,其他,,,,0.0,0,0,0,無,無,5050000,14649,,0.0,0,台南市後壁區頂平段661地號出售權利範圍1/5買賣價款為新台幣242萬元整；台南市後壁區頂平段667地號出售權利範圍1/1買賣價款為新台幣51萬元整；台南市後壁區頂平段669地號出售權利範圍1/1買賣價款為新台幣212萬元整。,RPQNMLTLOHLGFED98DA,0.0,0.0,0.0,無,
麻豆區,土地,新樓段972-4地號,309.46,農,,,1150520,土地1建物0車位0,,,其他,,,,0.0,0,0,0,無,無,4206225,13592,,0.0,0,,RPTNMLQJPHLGFFD98DA,0.0,0.0,0.0,無,
麻豆區,土地,新樓段970地號,21.51,農,,,1150520,土地1建物0車位0,,,其他,,,,0.0,0,0,0,無,無,53775,2500,,0.0,0,,SPTNMLQJPHLGFFD09DA,0.0,0.0,0.0,無,108
佳里區,房地(土地+建物)+車位,臺南市佳里區南勢街２０６巷３６號五樓之２,45.67,住,,,1150528,土地1建物1車位1,五層,五層,華廈(10層含以下有電梯),住家用,鋼筋混凝土造,1121228,142.88,3,2,2,有,有,9500000,66287,一樓平面,14.65,1000000,,RPXNMLKMOHLGFGD09DA,80.84,0.0,12.67,有,
佳里區,房地(土地+建物)+車位,臺南市佳里區南勢街２０６巷３２號五樓之３,45.67,住,,,1150529,土地1建物1車位1,五層,五層,華廈(10層含以下有電梯),住家用,鋼筋混凝土造,1121228,142.88,3,2,2,有,有,9500000,66287,一樓平面,14.65,1000000,,RPPOMLKMOHLGFGD38DA,80.84,0.0,12.67,有,
佳里區,房地(土地+建物)+車位,臺南市佳里區南勢街２０６巷３２號五樓之５,42.97,住,,,1150528,土地1建物1車位1,五層,五層,華廈(10層含以下有電梯),住家用,鋼筋混凝土造,1121228,136.06,3,2,2,有,有,9500000,70011,一樓平面,14.65,1000000,,RPQOMLKMOHLGFGD48DA,80.67,0.0,7.88,有,
西港區,房地(土地+建物),臺南市西港區慶安路１７１巷７８弄２６號,115.82,住,,,1150503,土地4建物1車位0,全,三層,透天厝,住家用,鋼筋混凝土造,1090416,180.51,6,2,4,有,無,13000000,72018,,0.0,0,,RPQNMLMJPHLGFGD38DA,167.27,0.0,13.24,無,109
佳里區,房地(土地+建物)+車位,臺南市佳里區中興街３１０巷３７弄１２號二樓之１,39.57,住,,,1150524,土地2建物1車位1,二層,八層,華廈(10層含以下有電梯),住家用,鋼筋混凝土造,1150213,151.94,3,2,2,有,有,9800000,64499,一樓平面,0.0,1300000,車位為法定空地停車位，編號16號,RPTNMLQJPHLGFGD09DA,73.4,0.0,7.97,有,
西港區,房地(土地+建物),臺南市西港區林里９鄰子林７３之９號,72.48,,鄉村區,乙種建築用地,1150525,土地1建物1車位0,全,二層,透天厝,住家用,加強磚造,0770331,82.73,3,2,2,有,無,2470000,29856,,0.0,0,,RPPNMLRJPHLGFGD78DA,78.95,0.0,3.78,無,
善化區,房地(土地+建物),臺南市善化區健康街６號,94.38,住,,,1150530,土地1建物1車位0,全,三層,透天厝,住家用,鋼筋混凝土造,0940913,195.67,5,2,3,有,無,15500000,79215,,0.0,0,,RPRNMLKKOHLGFHD38DA,181.25,0.0,14.42,無,110
安定區,土地,新吉段1729地號,2821.0,,特定農業區,農牧用地,1150514,土地1建物0車位0,,,其他,,,,0.0,0,0,0,無,無,13000000,4608,,0.0,0,親友、員工、共有人或其他特殊關係間之交易；,RPSNMLSKOHLGFHD66DA,0.0,0.0,0.0,無,
善化區,房地(土地+建物),臺南市善化區大信路５７號四樓之５,24.96,住,,,1150524,土地1建物1車位0,四層,七層,華廈(10層含以下有電梯),住家用,鋼筋混凝土造,1090923,86.78999999999999,3,2,1,有,有,8600000,99090,,0.0,0,,RPPNMLTKOHLGFHD09DA,55.86,1.32,6.58,有,111
新市區,房地(土地+建物),臺南市新市區內１９８號七樓之１,27.03,,鄉村區,乙種建築用地,1150514,土地1建物1車位0,七層,七層,華廈(10層含以下有電梯),住家用,鋼筋混凝土造,1131205,91.81,3,2,2,有,有,6340000,69056,,0.0,0,親友、員工、共有人或其他特殊關係間之交易；,RPPNMLMLOHLGFHD48DA,66.49,0.0,4.01,有,
安定區,房地(土地+建物)+車位,臺南市安定區許中營８２之１１號七樓之１,33.84,,鄉村區,乙種建築用地,1150510,土地3建物1車位1,七層,八層,華廈(10層含以下有電梯),住家用,鋼筋混凝土造,1131127,146.04000000000002,3,2,2,有,有,10200000,79689,一樓平面,38.12,1600000,,RPOOMLTLOHLGFHD56DA,67.45,0.0,5.84,有,
善化區,房地(土地+建物)+車位,臺南市善化區文化路１０號二樓之３,28.19,住,,,1150515,土地1建物1車位1,二層,十二層,住宅大樓(11層含以上有電梯),住家用,鋼筋混凝土造,0960927,144.03,3,2,2,有,有,10600000,73596,坡道平面,19.98,0,,RPUNMLLJPHLGFHD78DA,85.96,0.0,9.29,有,112
善化區,房地(土地+建物)+車位,臺南市善化區茄拔１之５０號二樓之２,32.04,,鄉村區,乙種建築用地,1150517,土地2建物1車位1,二層,七層,華廈(10層含以下有電梯),住家用,鋼筋混凝土造,1091229,115.27,3,2,2,有,有,6980000,60553,其他,13.2,0,其他增建；,RPUNMLMJPHLGFHD88DA,70.34,0.0,4.13,有,113
新市區,房地(土地+建物)+車位,臺南市新市區內７３之１８號三樓之２,24.62,,鄉村區,乙種建築用地,1150520,土地1建物1車位1,三層,七層,華廈(10層含以下有電梯),住家用,鋼筋混凝土造,1131211,113.25,3,0,3,有,有,10600000,93598,一樓平面,19.41,0,土地總價:371萬元整。建物總價:689萬元整。親友、員工、共有人或其他特殊關係間之交易；,RPSNMLQJPHLGFHD09DA,50.97,0.0,6.23,有,
仁德區,房地(土地+建物)+車位,臺南市仁德區崇聖路一段１２號三樓之２,15.39,住,,,1150512,土地1建物1車位1,三層,十四層,住宅大樓(11層含以上有電梯),住家用,鋼筋混凝土造,1131015,115.82,2,2,1,有,有,9430000,94674,坡道平面,32.27,1520000,,RPVNMLPKNHLGFID66DA,54.51,0.0,3.19,有,
仁德區,房地(土地+建物)+車位,臺南市仁德區崇聖路一段１２號五樓之５,21.92,住,,,1150530,土地1建物1車位1,五層,十四層,住宅大樓(11層含以上有電梯),住家用,鋼筋混凝土造,1131015,152.65,3,2,2,有,有,13070000,95946,坡道平面,32.27,1520000,,RPPOMLSJOHLGFID09DA,77.84,0.0,5.27,有,
歸仁區,房地(土地+建物)+車位,臺南市歸仁區六甲路３０３號二樓之５,32.08,,鄉村區,乙種建築用地,1150516,土地1建物1車位1,二層,六層,華廈(10層含以下有電梯),住家用,鋼筋混凝土造,1131223,120.18,3,1,2,有,有,10060000,81602,一樓平面,15.28,1500000,未登記建物；,RPPNMLTJOHLGFID09DA,75.0,0.0,2.84,有,
仁德區,土地,三甲子段274地號,759.0,,一般農業區,農牧用地,1150512,土地1建物0車位0,,,其他,,,,0.0,0,0,0,無,無,11800000,15547,,0.0,0,,RPSNMLSKOHLGFID76DA,0.0,0.0,0.0,無,
楠西區,房地(土地+建物),臺南市楠西區民族路２６１－５號,145.83,住,,,1150530,土地2建物1車位0,全,三層,透天厝,住家用,鋼筋混凝土造,1130403,133.37,3,2,4,有,無,8450000,63358,,0.0,0,土地價格:338萬元整建物價格:507萬元整,RPRNMLMJOHLGFJD68DA,119.95,0.0,13.42,無,
玉井區,房地(土地+建物),臺南市玉井區和平街１３５號,89.81,住,,,1150512,土地1建物1車位0,全,四層,透天厝,住家用,ＲＣ造,0820628,198.63,3,2,2,有,無,5950000,29955,,0.0,0,含土地增值稅或其他稅費；含地政士服務費；,RPRNMLQJPHLGFJD56DA,185.13,0.0,13.5,無,
玉井區,土地,沙子田段332-36地號,301.0,,山坡地保育區,農牧用地,1150526,土地1建物0車位0,,,其他,,,,0.0,0,0,0,無,無,150000,498,,0.0,0,本案土地有部分供作產業道路使用,RPQNMLRJPHLGFJD56DA,0.0,0.0,0.0,無,
永康區,房地(土地+建物)+車位,臺南市永康區永榮二街１０２號八樓之５,18.93,住,,,1150504,土地1建物1車位1,八層,十四層,住宅大樓(11層含以上有電梯),住家用,鋼筋混凝土造,1140718,126.53,2,2,1,有,有,11290000,101564,坡道平面,30.63,1550000,,RPXOMLTLNHLGFKD67DA,57.91,0.0,4.91,有,
永康區,房地(土地+建物)+車位,臺南市永康區文賢街１３６巷１０號五樓之２,12.74,住,,,1150526,土地1建物1車位1,五層,十一層,住宅大樓(11層含以上有電梯),住家用,鋼筋混凝土造,0840622,101.96000000000001,3,2,2,有,有,5400000,52962,坡道平面,0.0,0,其他增建；,RPPPMLLKOHLGFKD78DA,51.97,0.59,7.19,有,
永康區,土地,大灣段5471地號,1300.0,農,,,1150519,土地1建物0車位0,,,其他,,,,0.0,0,0,0,無,無,22000000,16923,,0.0,0,農作物；,RPVNMLKMOHLGFKD66DA,0.0,0.0,0.0,無,
新營區,土地,金華段478地號,71.7,住,,,1150519,土地1建物0車位0,,,其他,,,,0.0,0,0,0,無,無,1400000,19526,,0.0,0,,RPQNMLQJPHLGFDD58EA,0.0,0.0,0.0,無,
北區,房地(土地+建物),臺南市北區育德二路２１５號五樓之５,17.03,住,,,1150515,土地1建物1車位0,五層,十三層,住宅大樓(11層含以上有電梯),住家用,鋼筋混凝土造,1131004,77.04,1,1,2,有,有,10300000,133697,,0.0,0,另附一格機車車位,RPVNMLLLNHLGFAD18DA,44.78,0.0,4.14,有,114
北區,房地(土地+建物)+車位,臺南市北區公園南路３６２巷２號十一樓之２,14.81,住,,,1150526,土地1建物1車位1,十一層,二十五層,住宅大樓(11層含以上有電梯),住家用,鋼筋混凝土造,0840104,188.08,4,2,2,有,有,9400000,49979,坡道機械,0.0,900000,,RPUPMLQLNHLGFAD78DA,123.1,0.0,13.81,有,
北區,房地(土地+建物),臺南市北區文賢路１１２２巷９４弄２號,179.03,住,,,1150516,土地2建物1車位0,全,三層,透天厝,住商用,鋼筋混凝土造,0821211,234.6,4,2,6,有,無,21500000,91645,,0.0,0,陽台外推；其他增建；,RPSNMLMJOHLGFAD87DA,217.74,0.0,16.86,無,115
安平區,房地(土地+建物)+車位,臺南市安平區民權路四段２５９號十二樓之１,37.26,住,,,1150509,土地1建物1車位2,十二層,十四層,住宅大樓(11層含以上有電梯),住家用,鋼筋混凝土造,1130801,221.89,4,2,2,有,有,28100000,142287,坡道平面,53.92,4200000,本買賣契約兩個車位價格未拆分。,RPRNMLSKOHLGFAD48DA,97.37,0.0,12.12,有,
安平區,房地(土地+建物)+車位,臺南市安平區國平北路１３７號三十三樓之１０,7.13,商,,,1150510,土地1建物1車位1,三十三層,三十四層,住宅大樓(11層含以上有電梯),住家用,鋼骨鋼筋混凝土造、鋼筋混凝土造,1140415,102.02000000000001,2,1,1,有,有,8300000,81357,坡道平面,25.41,0,,RPPOMLMLOHLGFAD87DA,46.19,0.0,3.74,有,116
安平區,房地(土地+建物)+車位,臺南市安平區健康路三段３２９號七樓之１,12.1,商,,,1150529,土地1建物1車位1,七層,二十三層,住宅大樓(11層含以上有電梯),住家用,鋼筋混凝土構造,1060124,157.7,3,2,2,有,有,10200000,64680,坡道平面,30.66,0,,RPPOMLLJPHLGFAD67DA,76.41,3.48,6.03,有,117
中西區,房地(土地+建物)+車位,臺南市中西區五妃街２５８號七樓之１３,9.17,住,,,1150519,土地1建物1車位1,七層,八層,華廈(10層含以下有電梯),住家用,鋼筋混凝土造,0931203,78.96000000000001,2,2,1,有,有,6400000,81054,坡道平面,27.35,0,,RPQOMLNJPHLGFAD97DA,31.67,0.0,6.14,有,118
中西區,房地(土地+建物),臺南市中西區忠義路二段１８５號九樓之１４,4.25,商,,,1150526,土地1建物1車位0,九層,十層,華廈(10層含以下有電梯),住家用,鋼筋混凝土造,0691203,33.72,1,1,1,有,有,2450000,72657,,0.0,0,陽台外推；,RPPNMLQJPHLGFAD08DA,26.18,0.0,0.0,有,119
安南區,房地(土地+建物)+車位,臺南市安南區館前二路１８６號五樓之１,63.75,住,,,1150527,土地1建物1車位3,五層,五層,華廈(10層含以下有電梯),住家用,鋼筋混凝土造,1041204,285.8,3,2,3,有,有,17280000,60462,坡道平面,102.21,0,含裝潢費；,RPXNMLPLOHLGFBD98DA,113.21,0.0,11.84,有,
安南區,房地(土地+建物),臺南市安南區功安三街１１８巷２號,69.15,住,,,1150531,土地2建物1車位0,全,四層,透天厝,住家用,鋼筋混凝土造,1061117,173.65,4,2,4,有,無,15800000,90988,,0.0,0,其他增建；,RPPOMLKMOHLGFBD87DA,153.55,0.0,20.1,無,120
安南區,房地(土地+建物),臺南市安南區本原街一段７５巷７８號,102.0,住,,,1150506,土地1建物1車位0,全,四層,透天厝,住家用,鋼筋混凝土造,1110825,215.61,5,2,5,有,無,19000000,88122,,0.0,0,其他增建；,RPPOMLMJPHLGFBD87DA,191.06,0.0,24.55,無,121
安南區,房地(土地+建物),臺南市安南區青砂街一段６９５巷３１號,85.02,住,,,1150510,土地2建物1車位0,全,三層,透天厝,住家用,鋼筋混凝土造,1150123,112.39,3,2,3,有,無,9880000,87908,,0.0,0,,RPVNMLQJPHLGFBD78DA,99.69,0.0,12.7,無,
南區,土地,新興段242地號,80.0,住,,,1150523,土地1建物0車位0,,,其他,,,,0.0,0,0,0,無,無,4800000,60000,,0.0,0,親友、員工、共有人或其他特殊關係間之交易；未登記建物；,RPUNMLLJPHLGFCD28DA,0.0,0.0,0.0,無,122
東區,房地(土地+建物)+車位,臺南市東區仁東街６３號四樓之７,23.4,住,,,1150515,土地1建物1車位1,四層,十二層,住宅大樓(11層含以上有電梯),住家用,鋼筋混凝土造,0870919,134.25,3,2,2,有,有,10000000,74488,坡道平面,19.86,0,,RPQNMLNJPHLGFCD08DA,80.41,0.0,11.16,有,
南區,房地(土地+建物),臺南市南區金華路一段４８４巷３２弄１７號,83.0,住,,,1150522,土地1建物1車位0,全,二層,透天厝,住家用,加強磚造,0680424,110.32,3,2,2,有,無,6500000,58920,,0.0,0,頂樓加蓋；其他增建；,RPWNMLQJPHLGFCD98DA,103.02,0.0,7.3,無,
南區,房地(土地+建物),臺南市南區中華西路一段２６巷３號,42.46,住,,,1150529,土地2建物1車位0,一層,五層,公寓(5樓含以下無電梯),住家用,鋼筋混凝土造,0720803,93.38,3,2,2,有,無,6200000,66395,,0.0,0,,RPUNMLRJPHLGFCD88DA,76.65,0.0,10.49,無,
麻豆區,土地,北勢寮段2196地號,2462.0,農,,,1150511,土地2建物0車位0,,,其他,,,,0.0,0,0,0,無,無,7900000,3209,,0.0,0,農作物；,RPWNMLQJPHLGFFD66DA,0.0,0.0,0.0,無,
官田區,房地(土地+建物),臺南市官田區烏山頭２之９號,645.84,住,,,1150526,土地2建物1車位0,全,三層,透天厝,住家用,鋼筋混凝土造,0801214,430.88,4,2,4,有,無,11300000,26225,,0.0,0,,RPOOMLQJPHLGFFD58DA,399.53,0.0,31.35,無,123
新市區,房地(土地+建物)+車位,臺南市新市區潭頂３１７之３號七樓之１０,21.42,,鄉村區,乙種建築用地,1150515,土地1建物1車位1,七層,七層,華廈(10層含以下有電梯),住家用,鋼筋混凝土造,1120525,79.97,2,1,2,有,有,6550000,81906,其他,11.2,0,含傢俱設備費；,RPSNMLNJOHLGFHD68DA,47.02,0.0,5.59,有,
善化區,房地(土地+建物)+車位,臺南市善化區陽明新村１５之１號七樓之３,40.88,住,,,1150526,土地1建物1車位1,七層,八層,華廈(10層含以下有電梯),住家用,鋼筋混凝土造,1130626,135.8,3,2,2,有,有,15000000,114034,一樓平面,18.73,1650000,,RPXNMLKMOHLGFHD56DA,72.2,0.0,4.16,有,
善化區,土地,北小新段1024-1地號,796.59,工,,,1150512,土地1建物0車位0,,,其他,,,,0.0,0,0,0,無,無,54580000,68517,,0.0,0,,RPVNMLNJPHLGFHD09DA,0.0,0.0,0.0,無,124
安定區,土地,保加段238地號,124.73,住,,,1150518,土地1建物0車位0,,,其他,,,,0.0,0,0,0,無,無,6300000,50509,,0.0,0,親友、員工、共有人或其他特殊關係間之交易；,RPPOMLQJPHLGFHD88DA,0.0,0.0,0.0,無,
仁德區,房地(土地+建物)+車位,臺南市仁德區崇聖路一段６號三樓之３,15.39,住,,,1150523,土地1建物1車位1,三層,十四層,住宅大樓(11層含以上有電梯),住家用,鋼筋混凝土造,1131015,115.82,2,2,1,有,有,9200000,93956,坡道平面,32.27,1350000,,RPQNMLSLNHLGFID56DA,54.51,0.0,3.19,有,
歸仁區,土地,歸仁北段230-2地號,31.88,住,,,1150512,土地3建物0車位0,,,其他,,,,0.0,0,0,0,無,無,530000,16625,,0.0,0,親友、員工、共有人或其他特殊關係間之交易；,RPWOMLTLOHLGFID47DA,0.0,0.0,0.0,無,125
歸仁區,房地(土地+建物)+車位,臺南市歸仁區高發二路３１２號十二樓之３,15.49,商,,,1150506,土地1建物1車位1,十二層,十五層,住宅大樓(11層含以上有電梯),住家用,鋼筋混凝土造,1120808,88.64,2,2,1,有,有,8700000,98150,坡道機械,11.65,0,,RPVNMLMJPHLGFID09DA,46.35,0.0,3.47,有,126
歸仁區,房地(土地+建物)+車位,臺南市歸仁區辜厝里中正南路一段１１６號三樓,14.89,住,,,1150522,土地1建物1車位1,三層,十四層,住宅大樓(11層含以上有電梯),住家用,鋼筋混凝土造,0870421,130.27,3,2,2,有,有,7000000,53735,坡道平面,25.59,0,,RPPNMLOJPHLGFID68DA,69.67,0.0,12.2,有,
永康區,房地(土地+建物),臺南市永康區龍國街１３１巷１１弄１９號,82.74,住,,,1150513,土地1建物1車位0,全,三層,透天厝,住家用,鋼筋混凝土造,0911114,172.97,5,2,3,有,無,15700000,90767,,0.0,0,其他增建；,RPUPMLOLOHLGFKD07DA,145.74,18.58,8.65,無,
永康區,房地(土地+建物)+車位,臺南市永康區竹園一街４５之３號,17.53,住,,,1150522,土地1建物1車位1,三層,九層,華廈(10層含以下有電梯),住家用,鋼筋混凝土造,0871109,116.87,3,2,2,有,有,8050000,68880,坡道平面,0.0,0,,RPSNMLQJPHLGFKD76DA,72.47,0.0,9.89,有,127
永康區,房地(土地+建物),臺南市永康區仁愛街１３８巷３６號,115.82,住,,,1150507,土地1建物1車位0,全,二層,透天厝,住家用,鋼筋混凝土造,0761209,145.42,4,2,3,有,無,12500000,85958,,0.0,0,頂樓加蓋；其他增建；,RPSOMLQJPHLGFKD86DA,115.2,25.61,4.61,無,128
中西區,土地,老古石段520地號,99.0,住,,,1150521,土地1建物0車位0,,,其他,,,,0.0,0,0,0,無,無,14372700,145179,,0.0,0,,RPOQMLTLOHLGFAD68DA,0.0,0.0,0.0,無,
北區,房地(土地+建物),臺南市北區海安路三段１３５巷２３號,159.68,住,,,1150515,土地1建物1車位0,全,四層,透天厝,住商用,鋼筋混凝土造,0810902,333.27,6,2,4,有,無,35500000,106520,,0.0,0,陽台外推；頂樓加蓋；其他增建；,RPSNMLSJPHLGFAD58DA,296.51,20.31,16.45,無,
東區,房地(土地+建物)+車位,臺南市東區裕和二街１０２號三樓,21.04,住,,,1150524,土地1建物1車位1,三層,七層,華廈(10層含以下有電梯),住家用,鋼筋混凝土造,0961106,92.03999999999999,1,1,1,有,有,10150000,110278,坡道平面,19.81,0,陽台外推；,RPRNMLOJPHLGFCD28DA,40.7,1.37,8.51,有,
東區,房地(土地+建物)+車位,臺南市東區中華東路二段１８５巷３２號十三樓,10.4,都市：其他:住宅區,,,1150506,土地3建物1車位1,十三層,二十層,住宅大樓(11層含以上有電梯),住家用,鋼筋混凝土造,0841106,146.45,3,2,2,有,有,10000000,68283,坡道平面,0.0,0,陽台外推；包含公共設施保留地用地；,RPOOMLRJPHLGFCD38DA,79.47,0.0,12.39,有,
六甲區,房地(土地+建物),臺南市六甲區龜子港８０巷２９弄７之６號,95.9,,鄉村區,乙種建築用地,1150508,土地2建物1車位0,全,三層,透天厝,住家用,鋼筋混凝土造,1131226,140.94,4,2,3,有,無,8880000,63006,,0.0,0,,RPQNMLQJPHLGFFD68DA,125.76,0.0,15.18,無,
麻豆區,土地,南寮段643地號,1564.0,,特定農業區,農牧用地,1150519,土地1建物0車位0,,,其他,,,,0.0,0,0,0,無,無,3900000,2494,,0.0,0,,RPXNMLQJPHLGFFD76DA,0.0,0.0,0.0,無,
六甲區,土地,港子頭段391地號,1033.0,,特定農業區,農牧用地,1150531,土地1建物0車位0,,,其他,,,,0.0,0,0,0,無,無,2250000,2178,,0.0,0,,RPUNMLRJPHLGFFD56DA,0.0,0.0,0.0,無,
官田區,土地,隆本段106地號,55.63,住,,,1150514,土地1建物0車位0,,,其他,,,,0.0,0,0,0,無,無,510000,9168,,0.0,0,親友、員工、共有人或其他特殊關係間之交易；,RPPNMLTJPHLGFFD88DA,0.0,0.0,0.0,無,
善化區,房地(土地+建物)+車位,臺南市善化區陽光大道４４３號三樓之２,52.59,住,,,1150528,土地1建物1車位1,三層,五層,華廈(10層含以下有電梯),住家用,鋼筋混凝土造,1140124,156.73000000000002,3,2,2,有,有,14680000,93664,坡道平面,33.1,0,,RPPNMLNLOHLGFHD58DA,76.85,0.0,6.16,有,
善化區,房地(土地+建物)+車位,臺南市善化區建業路２３３號四樓之１,16.02,,特定農業區,甲種建築用地,1150520,土地3建物1車位1,四層,七層,華廈(10層含以下有電梯),住家用,鋼筋混凝土造,1120724,94.22,2,2,2,有,有,7350000,78009,其他,6.07,0,停車位編號機械下37陽台外推；,RPTNMLPLOHLGFHD56DA,59.9,0.0,6.61,有,
關廟區,房地(土地+建物)+車位,臺南市關廟區北新一街１號十樓之１０,26.77,住,,,1150529,土地1建物1車位1,十層,十四層,住宅大樓(11層含以上有電梯),住家用,鋼筋混凝土造,1130930,137.7,3,2,2,有,有,9268000,67306,坡道平面,26.66,0,,RPTOMLRKOHLGFID86DA,69.35,0.0,8.93,有,
歸仁區,房地(土地+建物)+車位,臺南市歸仁區光明街３３５號五樓之５,35.26,住,,,1150518,土地1建物1車位1,五層,十二層,住宅大樓(11層含以上有電梯),住家用,鋼筋混凝土造,1141013,161.34,3,2,2,有,有,12880000,87494,坡道平面,31.16,1490000,,RPPNMLMJPHLGFID48DA,78.5,0.0,7.62,有,
仁德區,房地(土地+建物),臺南市仁德區土庫路２１１巷１號七樓之２,23.63,住,,,1150518,土地1建物1車位0,七層,八層,華廈(10層含以下有電梯),住家用,鋼筋混凝土造,0820331,119.1,3,2,2,有,有,3300000,27708,,0.0,0,親友、員工、共有人或其他特殊關係間之交易；,RPTNMLRJPHLGFID76DA,87.26,0.0,3.76,有,
仁德區,房地(土地+建物)+車位,臺南市仁德區太子里長興路３２號八樓之３,22.02,商,,,1150526,土地1建物1車位1,八層,十二層,住宅大樓(11層含以上有電梯),住家用,鋼筋混凝土造,1041130,135.04,2,1,1,有,有,11100000,82198,坡道平面,15.92,0,,RPSOMLRJPHLGFID76DA,73.01,0.0,8.51,有,
永康區,房地(土地+建物)+車位,臺南市永康區國華街４７號九樓之１,17.26,商,,,1150506,土地1建物1車位1,九層,十五層,住宅大樓(11層含以上有電梯),住家用,鋼筋混凝土造,0841009,154.31,5,2,2,有,有,7700000,49900,坡道平面,0.0,0,,RPXOMLSJOHLGFKD47DA,95.24,0.0,17.12,有,
永康區,建物,臺南市永康區中山南路３１６巷２９號,0.0,,,,1150519,土地0建物1車位0,全,一層,透天厝,工業用,鋼骨構造有牆,1010327,230.91,0,0,0,無,無,15000000,64960,,0.0,0,建物坐落地號：信義段1219地號；親友、員工、共有人或其他特殊關係間之交易；未登記建物；,RPXOMLLKOHLGFKD86DA,230.91,0.0,0.0,無,
永康區,房地(土地+建物)+車位,臺南市永康區仁愛街５３巷２１號十一樓之６,15.36,商,,,1150530,土地1建物1車位1,十一層,十五層,住宅大樓(11層含以上有電梯),住家用,鋼筋混凝土造,1140409,149.55,3,2,2,有,有,14300000,106283,坡道平面,31.94,1800000,,RPWNMLSJPHLGFKD37DA,69.84,0.0,8.27,有,
永康區,房地(土地+建物),臺南市永康區東橋七路１９５號四樓之３,14.86,住,,,1150525,土地1建物1車位0,四層,十六層,住宅大樓(11層含以上有電梯),住家用,鋼筋混凝土構造,1061114,87.31,3,2,2,有,有,8250000,94491,,0.0,0,,RPOPMLSJPHLGFKD76DA,50.55,2.34,4.82,有,
新營區,房地(土地+建物)+車位,臺南市新營區中華路９２之５號四樓之一,41.39,住,,,1150520,土地1建物1車位1,四層,五層,華廈(10層含以下有電梯),住家用,鋼筋混凝土造,1150330,137.89,3,1,2,有,無,12800000,90221,一樓平面,13.75,1600000,買賣總價包含室內裝修樣品屋含裝潢費；其他；,RPQNMLSJPHLGFDD78EA,83.12,0.0,7.55,有,
永康區,房地(土地+建物),臺南市永康區五福街２１號六樓之１,100.87,都市：其他:住宅區,,,1150518,土地4建物1車位0,六層,七層,華廈(10層含以下有電梯),住家用,鋼筋混凝土造,0800619,308.1,7,1,7,有,無,13000000,42194,,0.0,0,,RPPNMLRJPHLGFKD66EA,206.88,0.0,21.71,有,
安平區,房地(土地+建物)+車位,臺南市安平區國平北路８８號十一樓之３,11.69,商,,,1150423,土地1建物1車位1,十一層,二十六層,住宅大樓(11層含以上有電梯),住家用,鋼筋混凝土造,1140722,146.43,3,2,2,有,有,12880000,87960,坡道平面,22.23,0,,RPRNMLPLOHLGFAD28DA,69.97,0.0,8.72,有,129
北區,房地(土地+建物),臺南市北區裕民街９４巷２４號,96.23,商,,,1150424,土地1建物1車位0,全,二層,透天厝,住家用,加強磚造,0751009,147.12,6,2,3,有,無,11000000,74769,,0.0,0,親友、員工、共有人或其他特殊關係間之交易；,RPXNMLPLOHLGFAD88DA,142.9,0.0,4.22,無,
安南區,房地(土地+建物),臺南市安南區安寧街５１巷１３號,85.52,住,,,1150405,土地2建物1車位0,全,二層,透天厝,住家用,加強磚造,0800402,88.86,3,2,2,有,無,7200000,81026,,0.0,0,,RPWNMLLJOHLGFBD28DA,85.6,0.0,3.26,無,
安南區,房地(土地+建物)+車位,臺南市安南區仁安一街５號三樓之２,39.78,住,,,1150420,土地1建物1車位1,三層,五層,華廈(10層含以下有電梯),住家用,鋼筋混凝土造,1141001,104.8,3,1,2,有,有,10500000,97748,一樓平面,13.75,1600000,,RPSNMLPJOHLGFBD28DA,65.78,0.0,9.19,有,
東區,房地(土地+建物)+車位,臺南市東區裕信路４１５號,25.99,住,,,1150430,土地1建物1車位1,一層，夾層,十層,華廈(10層含以下有電梯),商業用,鋼筋混凝土造,0880312,110.39,0,2,2,有,有,10900000,98741,坡道平面,21.76,0,夾層；,RPRNMLPLOHLGFCD48DA,78.83,0.0,5.87,有,
新營區,房地(土地+建物),臺南市新營區長榮路二段３４９號,93.43,住,,,1150423,土地1建物1車位0,全,四層,透天厝,住家用,鋼筋混凝土造,1080213,179.6,5,2,4,有,無,13900000,77394,,0.0,0,社區名稱:英倫巴洛克，其他增建：遮雨棚1、2、3樓頂樓加蓋；其他增建；,RPPNMLOJOHLGFDD08DA,170.08,0.0,9.52,無,
東山區,房地(土地+建物),臺南市東山區東山里青葉路三段３３號四樓,31.03,都市：其他:道路用地,,,1150421,土地1建物1車位0,四層,五層,華廈(10層含以下有電梯),住家用,鋼筋混凝土造,1150211,89.16,2,2,2,有,無,5880000,65949,,0.0,0,土地價款新台幣264萬6000元建物價款新台幣323萬4000元,RPQNMLOLOHLGFED48DA,53.96,0.0,7.64,有,
麻豆區,土地,麻工段446地號,1470.49,工,,,1150415,土地1建物0車位0,,,其他,,,,0.0,0,0,0,無,無,58716240,39930,,0.0,0,,RPWNMLOJNHLGFFD88DA,0.0,0.0,0.0,無,
佳里區,房地(土地+建物),臺南市佳里區佳里興４１２之２０號,102.46,,鄉村區,乙種建築用地,1150429,土地2建物1車位0,全,三層,透天厝,住家用,鋼筋混凝土造,1141126,121.0,3,2,3,有,無,9750000,80579,,0.0,0,權利人2人產權持分各1/2,RPVNMLLLOHLGFGD88DA,104.7,0.0,16.3,無,
佳里區,房地(土地+建物),臺南市佳里區佳里興４１２之１９號,102.46,,鄉村區,乙種建築用地,1150417,土地2建物1車位0,全,三層,透天厝,住家用,鋼筋混凝土造,1141126,121.0,3,2,3,有,無,9500000,78512,,0.0,0,,RPWNMLLLOHLGFGD98DA,104.7,0.0,16.3,無,
西港區,房地(土地+建物),臺南市西港區大竹林２１之３號,117.94,,鄉村區,乙種建築用地,1150424,土地2建物1車位0,全,三層,透天厝,住家用,鋼筋混凝土造,1140519,161.8,4,2,4,有,無,12880000,79604,,0.0,0,,RPPNMLOLOHLGFGD58DA,146.71,0.0,15.09,無,
關廟區,土地,新埔段33-28地號,3170.0,,山坡地保育區,農牧用地,1150424,土地1建物0車位0,,,其他,,,,0.0,0,0,0,無,無,2178000,687,,0.0,0,標的物有部分面積無法耕作。親友、員工、共有人或其他特殊關係間之交易；,RPQNMLNLOHLGFID78DA,0.0,0.0,0.0,無,
永康區,房地(土地+建物),臺南市永康區西灣里文化路１９１巷７弄２號,83.0,住,,,1150427,土地2建物1車位0,全,四層,透天厝,住家用,鋼筋混凝土造,0820120,201.03,6,2,4,有,無,12000000,59693,,0.0,0,親友、員工、共有人或其他特殊關係間之交易；陽台外推；其他增建；,RPXPMLOLOHLGFKD37DA,179.64,9.15,12.24,無,
永康區,房地(土地+建物),臺南市永康區正南一街４０號,413.04,工,,,1150408,土地1建物2車位0,全,一層,透天厝,工業用,鋼造,0761016,340.17,2,2,2,有,無,33000000,97010,,0.0,0,其他增建；,RPSNMLPLOHLGFKD76DA,334.77,0.0,5.4,無,
永康區,房地(土地+建物)+車位,臺南市永康區南灣街２１號十三樓之５,23.55,住,,,1150419,土地1建物1車位1,十三層,十三層,住宅大樓(11層含以上有電梯),住家用,鋼筋混凝土造,1141212,115.41,3,2,2,有,有,11900000,102315,一樓平面,16.5,1780000,,RPQNMLTLOHLGFKD96DA,58.7,0.0,5.82,有,
安南區,房地(土地+建物),臺南市安南區城北路７３６巷４７號,96.05,住,,,1150402,土地1建物1車位0,全,三層,透天厝,住家用,鋼筋混凝土造,1140123,194.39,5,2,4,有,無,14300000,73563,,0.0,0,,RPTNMLQKOHLGFBD58DA,176.8,0.0,17.59,無,
安南區,房地(土地+建物),臺南市安南區安昌街２６巷８號四樓之２,45.63,住,,,1150414,土地1建物1車位0,四層,五層,華廈(10層含以下有電梯),住家用,鋼筋混凝土造,1150309,108.95,2,2,2,有,有,10500000,96374,,0.0,0,本買賣包含一樓停車位一個，由該承購人區分所有權人約定專用，車位價格:900000元整親友、員工、共有人或其他特殊關係間之交易；,RPQNMLKMOHLGFBD87DA,66.16,0.0,10.82,有,
東區,土地,裕東段323地號,134.56,住,,,1150415,土地1建物0車位0,,,其他,,,,0.0,0,0,0,無,無,23000000,170927,,0.0,0,未登記建物；,RPQNMLTLOHLGFCD78DA,0.0,0.0,0.0,無,130
新營區,房地(土地+建物),臺南市新營區新北六街５巷８弄６８號,124.34,住,,,1150411,土地1建物1車位0,全,三層,透天厝,住家用,鋼筋混凝土造,1020910,183.54,4,2,3,有,無,13500000,73553,,0.0,0,車庫、後院、頂樓露臺採光罩增建，附贈冷氣3台.簡易傢俱其他增建；,RPQNMLTLOHLGFDD88DA,164.77,0.0,18.77,無,
麻豆區,房地(土地+建物)+車位,臺南市麻豆區新興里中華街１０號三樓之３,21.7,商,,,1150424,土地1建物1車位1,三層,七層,華廈(10層含以下有電梯),住家用,鋼筋混凝土造,1120912,101.37,2,2,2,有,有,7600000,74973,其他,7.09,0,,RPQNMLNJOHLGFFD28DA,61.52,0.0,4.89,有,131
下營區,土地,十六甲段51-6地號,311.75,,鄉村區,乙種建築用地,1150417,土地2建物0車位0,,,其他,,,,0.0,0,0,0,無,無,3200000,10265,,0.0,0,,RPQNMLRKOHLGFFD78DA,0.0,0.0,0.0,無,
六甲區,土地,成功段495地號,208.41,住,,,1150421,土地1建物0車位0,,,其他,,,,0.0,0,0,0,無,無,4300000,20632,,0.0,0,賣方另有六甲區成功段473地號土地權利範圍1/10現為供公眾通行之私設通路賣方無償提供買方作為爾後道路通行使用雙方同意以贈與方式辦理產權移轉登記給買方贈與登記相關費用雙方各半負擔土地增值稅則由賣方負擔,RPPNMLSLOHLGFFD88DA,0.0,0.0,0.0,無,
麻豆區,土地,安東段379-1地號,2500.0,,一般農業區,農牧用地,1150419,土地1建物0車位0,,,其他,,,,0.0,0,0,0,無,無,9030000,3612,,0.0,0,因本次買賣所衍生之稅費，均由賣方負擔。親友、員工、共有人或其他特殊關係間之交易；,RPSNMLKMOHLGFFD48DA,0.0,0.0,0.0,無,
學甲區,房地(土地+建物),臺南市學甲區仁得里１７鄰八德街２１９巷５號,196.27,住,,,1150429,土地1建物1車位0,全,二層,透天厝,住家用,加強磚造,0770827,245.25,6,2,2,有,無,5200000,21203,,0.0,0,,RPWNMLPLOHLGFGD76DA,232.63,0.0,12.62,無,
仁德區,房地(土地+建物),臺南市仁德區太乙三街６６號,332.1,工,,,1150403,土地2建物1車位0,全,二層,透天厝,工商用,鋼筋混凝土加強磚造,0730713,229.93,4,1,2,有,無,21800000,94811,,0.0,0,土地總價新台幣貳仟零捌拾萬元整；建物總價新台幣壹佰萬元整。其他增建；,RPVNMLPLNHLGFID76DA,229.93,0.0,0.0,無,
仁德區,房地(土地+建物),臺南市仁德區中山路６０６巷１弄３１號,82.83,住,,,1150429,土地1建物1車位0,全,二層,透天厝,住家用,加強磚造,0670500,91.2,4,2,3,有,無,9000000,98684,,0.0,0,陽台外推；頂樓加蓋；其他增建；,RPTNMLTLOHLGFID07DA,91.2,0.0,0.0,無,132
永康區,房地(土地+建物),臺南市永康區東橋一路２７０巷１２號,78.1,住,,,1150406,土地3建物1車位0,全,四層,透天厝,住家用,鋼筋混凝土構造,1000513,188.07,5,2,4,有,無,22920000,121870,,0.0,0,陽台外推；其他增建；,RPRPMLOLOHLGFKD76DA,165.75,0.0,22.32,無,
中西區,房地(土地+建物),臺南市中西區大同路一段２３８巷２８號二樓,31.18,住,,,1150424,土地1建物1車位0,二層,五層,公寓(5樓含以下無電梯),住家用,鋼筋混凝土造,0690311,92.07000000000001,3,2,2,有,有,6200000,67340,,0.0,0,,RPXOMLOJOHLGFAD68DA,74.06,0.0,0.0,無,133
北區,房地(土地+建物)+車位,臺南市北區林森路三段１４０巷２３號五樓,48.04,住,,,1150416,土地1建物1車位1,五層,八層,華廈(10層含以下有電梯),住家用,鋼筋混凝土造,0860802,142.11,4,1,2,有,有,8800000,61924,坡道平面,0.0,0,,RPRQMLKMOHLGFAD18DA,87.57,0.0,9.01,有,134
北區,房地(土地+建物)+車位,臺南市北區開元路５０１號六樓之１,10.37,商,,,1150423,土地3建物1車位1,六層,二十四層,住宅大樓(11層含以上有電梯),住家用,鋼筋混凝土構造,1041105,148.53,2,2,2,有,有,10050000,67663,坡道機械,21.1,0,,RPXNMLLJPHLGFAD38DA,74.27,2.93,12.25,有,135
安南區,土地,港西段997-3地號,31.27,住,,,1150420,土地1建物0車位0,,,其他,,,,0.0,0,0,0,無,無,382896,12245,,0.0,0,親友、員工、共有人或其他特殊關係間之交易；,RPPNMLSJOHLGFBD28DA,0.0,0.0,0.0,無,
安南區,土地,港西段997-1地號,31.27,住,,,1150420,土地1建物0車位0,,,其他,,,,0.0,0,0,0,無,無,382896,12245,,0.0,0,親友、員工、共有人或其他特殊關係間之交易；,RPRNMLSJOHLGFBD48DA,0.0,0.0,0.0,無,
南區,房地(土地+建物),臺南市南區大德街１７５號,131.41,住,,,1150427,土地1建物1車位0,全,三層,透天厝,住家用,鋼筋混凝土造,0651127,137.06,4,2,3,有,無,18000000,131329,,0.0,0,頂樓加蓋；其他增建；,RPUNMLRLMHLGFCD78DA,129.63,0.0,7.43,無,
南區,房地(土地+建物)+車位,臺南市南區興昌路７６巷１號三樓之１,25.95,住,,,1150427,土地1建物1車位1,三層,十三層,住宅大樓(11層含以上有電梯),住家用,鋼筋混凝土構造,1080823,130.82,2,2,1,有,有,9060000,69255,坡道平面,31.74,0,,RPUNMLPKOHLGFCD68DA,59.03,1.98,5.99,有,136
東區,房地(土地+建物),臺南市東區裕信路２２之５號,72.2,住,,,1150425,土地2建物1車位0,全,四層,透天厝,住家用,鋼筋混凝土造,0960131,195.59,4,2,4,有,有,19000000,97142,,0.0,0,陽台外推；頂樓加蓋；其他增建；,RPQNMLLJPHLGFCD87DA,157.25,16.01,22.33,無,
佳里區,土地,佳化段2091-1地號,160.0,,鄉村區,乙種建築用地,1150422,土地1建物0車位0,,,其他,,,,0.0,0,0,0,無,無,2500000,15625,,0.0,0,,RPRNMLQKOHLGFGD88DA,0.0,0.0,0.0,無,137
將軍區,房地(土地+建物),臺南市將軍區長榮１８６之１７號,89.35,住,,,1150417,土地2建物1車位0,全,四層,透天厝,住家用,鋼筋混凝土造,1140123,154.6,4,2,3,有,無,8750000,56598,,0.0,0,陽台外推；,RPTNMLQKOHLGFGD09DA,125.22,0.0,29.38,無,138
學甲區,房地(土地+建物),臺南市學甲區興業路３９７號,4262.38,工,,,1150409,土地3建物2車位0,全,一層,透天厝,工業用,鋼筋混凝土構造、鋼骨構造,1060426,2644.55,4,1,4,有,無,135000000,51048,,0.0,0,,RPQNMLLJPHLGFGD28DA,2644.55,0.0,0.0,無,
關廟區,房地(土地+建物),臺南市關廟區北安二街７６號,76.0,住,,,1150416,土地1建物1車位0,全,三層,透天厝,住家用,鋼筋混凝土構造,1100204,175.24,5,2,3,有,無,13880000,79206,,0.0,0,其他增建；,RPPPMLQJNHLGFID88DA,141.18,0.0,34.06,無,139
關廟區,土地,五甲段2111地號,1105.0,農,,,1150417,土地1建物0車位0,,,其他,,,,0.0,0,0,0,無,無,5400000,4887,,0.0,0,,RPQNMLSLOHLGFID66DA,0.0,0.0,0.0,無,
歸仁區,房地(土地+建物),臺南市歸仁區歸仁七路２３６號,27.18,住,,,1150425,土地1建物1車位0,一層,十五層,住宅大樓(11層含以上有電梯),商業用,鋼筋混凝土造,1121208,106.73,0,0,0,無,有,14260000,133608,,0.0,0,,RPOPMLTLOHLGFID76DA,63.59,0.0,7.58,有,140
永康區,房地(土地+建物),臺南市永康區復華一街３６巷１號,132.42,住,,,1150426,土地1建物1車位0,全,三層,透天厝,住家用,鋼筋混凝土造,0791019,129.38,3,2,2,有,無,11680000,90277,,0.0,0,其他增建；,RPVNMLPLNHLGFKD96DA,129.38,0.0,0.0,無,
永康區,房地(土地+建物),臺南市永康區國光七街１２號,76.0,住,,,1150417,土地1建物1車位0,全,四層,透天厝,住商用,鋼筋混凝土造,0860520,194.79,5,2,3,有,無,15880000,81524,,0.0,0,其他增建；,RPPNMLLJPHLGFKD58DA,179.82,0.0,14.97,無,
後壁區,土地,菁寮段3038地號,2938.0,,特定農業區,農牧用地,1150430,土地1建物0車位0,,,其他,,,,0.0,0,0,0,無,無,2780000,946,,0.0,0,親友、員工、共有人或其他特殊關係間之交易；,RPPNMLLJPHLGFED97DA,0.0,0.0,0.0,無,
新市區,房地(土地+建物),臺南市新市區新市里中正路３０１巷１５弄２６號四樓之１,28.16,住,,,1150420,土地1建物1車位0,四層,六層,華廈(10層含以下有電梯),住家用,鋼筋混凝土造,0850305,120.03999999999999,3,2,2,有,有,6600000,54982,,0.0,0,,RPUNMLKLMHLGFHD58DA,81.74,0.0,9.48,有,141
永康區,房地(土地+建物)+車位,臺南市永康區中華路５８巷５８號二樓之１,53.07,住,,,1150429,土地1建物1車位1,二層,十層,華廈(10層含以下有電梯),住家用,鋼筋混凝土造,0951215,194.64,4,2,2,有,有,12900000,66276,坡道平面,0.0,0,陽台外推；其他增建；,RPPNMLTKOHLGFKD76DA,114.22,0.0,10.35,有,
安平區,房地(土地+建物)+車位,臺南市安平區育平路５２號七樓之５,20.67,住,,,1150427,土地1建物1車位1,七層,十四層,住宅大樓(11層含以上有電梯),住家用,鋼筋混凝土構造,1021125,169.41,3,2,2,有,有,9500000,56077,坡道平面,0.0,0,親友、員工、共有人或其他特殊關係間之交易；,RPPNMLMJPHLGFAD67DA,80.57,0.0,12.43,有,142
安南區,房地(土地+建物),臺南市安南區安和路五段３３６巷５弄３８號,90.83,住,,,1150428,土地2建物1車位0,全,二層,透天厝,住家用,鋼筋混凝土造,0840104,208.04000000000002,4,2,3,有,有,9000000,43261,,0.0,0,頂樓加蓋；其他增建；,RPTNMLSLMHLGFBD68DA,161.32,22.64,7.56,無,
安南區,房地(土地+建物)+車位,臺南市安南區仁安一街５號五樓之１,39.78,住,,,1150419,土地1建物1車位2,五層,五層,華廈(10層含以下有電梯),住家用,鋼筋混凝土造,1141001,117.63999999999999,3,1,2,有,有,12100000,97545,一樓平面,26.4,3200000,本戶共買2個車位，車位合併計價新台幣320萬元整。,RPRNMLPJOHLGFBD18DA,65.78,0.0,9.35,有,
安南區,土地,鹿北段307地號,394.18,,,,1150429,土地16建物0車位0,,,其他,,,,0.0,0,0,0,無,無,3246000,8235,,0.0,0,包含公共設施保留地用地；,RPTNMLNLOHLGFBD38DA,0.0,0.0,0.0,無,143
新營區,土地,建國段532地號,160.84,,鄉村區,乙種建築用地,1150418,土地2建物0車位0,,,其他,,,,0.0,0,0,0,無,無,5860000,36434,,0.0,0,,RPPNMLPJOHLGFDD18DA,0.0,0.0,0.0,無,
官田區,土地,番子渡頭段321-7地號,490.0,,一般農業區,農牧用地,1150424,土地1建物0車位0,,,其他,,,,0.0,0,0,0,無,無,823200,1680,,0.0,0,,RPSNMLLJPHLGFFD38DA,0.0,0.0,0.0,無,
安定區,房地(土地+建物),臺南市安定區新吉２０８號,132.0,,鄉村區,乙種建築用地,1150414,土地2建物2車位0,全,二層,透天厝,住家用,加強磚造,0651000,184.86,5,3,3,有,無,5200000,28129,,0.0,0,頂樓加蓋；其他增建；,RPWNMLTLOHLGFHD27DA,184.86,0.0,0.0,無,
永康區,房地(土地+建物)+車位,臺南市永康區復華里復華八街５１巷３９號三樓之７,12.26,住,,,1150426,土地1建物1車位1,三層,十層,華廈(10層含以下有電梯),住家用,鋼筋混凝土造,0850426,93.0,2,2,2,有,有,5100000,54839,坡道機械,0.0,0,陽台外推；夾層；,RPUNMLPJNHLGFKD66DA,54.78,2.61,5.75,有,
永康區,房地(土地+建物),臺南市永康區永安一街７３巷３６號,93.0,住,,,1150411,土地1建物1車位0,全,四層,透天厝,住家用,鋼筋混凝土構造,1080522,240.96,5,2,6,有,無,24300000,100847,,0.0,0,,RPRNMLMJPHLGFKD88DA,217.66,0.0,23.3,無,
北區,房地(土地+建物)+車位,臺南市北區開元路４８５巷４１弄１０號三樓之６,10.1,商,,,1150405,土地1建物1車位1,三層,十四層,住宅大樓(11層含以上有電梯),住家用,鋼筋混凝土造,0891120,100.22,3,2,2,有,有,7000000,69846,坡道機械,10.5,0,,RPTRMLKMOHLGFAD48DA,65.65,0.0,3.86,有,
安南區,土地,州南段1846地號,1520.88,住,,,1150401,土地2建物0車位0,,,其他,,,,0.0,0,0,0,無,無,188626650,124025,,0.0,0,,RPOOMLPLOHLGFBD18DA,0.0,0.0,0.0,無,144
安南區,土地,州南段1846地號,1520.88,住,,,1150401,土地2建物0車位0,,,其他,,,,0.0,0,0,0,無,無,188626650,124025,,0.0,0,,SPOOMLPLOHLGFBD28DA,0.0,0.0,0.0,無,144
南區,房地(土地+建物),臺南市南區興隆路３０２巷５９號,85.0,住,,,1150411,土地1建物1車位0,全,三層,透天厝,住家用,鋼筋混凝土造,1130814,187.41,5,2,5,有,無,21000000,112054,,0.0,0,其他增建；,RPPOMLSKOHLGFCD58DA,172.66,0.0,14.75,有,
新營區,房地(土地+建物),臺南市新營區忠政里１２鄰府西路２０２巷９２號,192.36,住,,,1150420,土地1建物1車位0,全,三層,透天厝,住家用,鋼筋混凝土造,1050523,348.87,9,3,7,有,無,25250000,72377,,0.0,0,其他增建；,RPQNMLSLOHLGFDD78DA,325.64,0.0,23.23,無,
柳營區,房地(土地+建物),臺南市柳營區中山西路二段１５０號,61.93,住,,,1150415,土地1建物1車位0,全,三層,透天厝,住家用,鋼筋混凝土造,0840417,115.44,3,2,2,有,無,5000000,43313,,0.0,0,頂樓加蓋；其他增建；,RPPNMLPJPHLGFDD28DA,115.44,0.0,0.0,無,
新化區,土地,新豐段1183-1地號,31.43,商,,,1150415,土地1建物0車位0,,,其他,,,,0.0,0,0,0,無,無,2745500,87353,,0.0,0,新化區新豐段1183-1地號每坪28.9萬/坪,RPPNMLLLMHLGFHD18DA,0.0,0.0,0.0,無,146
新化區,土地,新豐段1149地號,41.86,商,,,1150415,土地1建物0車位0,,,其他,,,,0.0,0,0,0,無,無,3798000,90731,,0.0,0,新化區新豐段1149地號每坪30萬/坪,SPPNMLLLMHLGFHD28DA,0.0,0.0,0.0,無,147
新化區,土地,新豐段1165地號,47.86,商,,,1150415,土地1建物0車位0,,,其他,,,,0.0,0,0,0,無,無,6945600,145123,,0.0,0,新化區新豐段1165地號每坪48萬/坪,TPPNMLLLMHLGFHD38DA,0.0,0.0,0.0,無,148
新化區,土地,新豐段1168地號,246.46,商,,,1150415,土地5建物0車位0,,,其他,,,,0.0,0,0,0,無,無,21010900,85251,,0.0,0,新化區新豐段1153、1166、1167、1168、1184地號每坪281836元/坪,UPPNMLLLMHLGFHD48DA,0.0,0.0,0.0,無,149
仁德區,房地(土地+建物)+車位,臺南市仁德區崇聖路一段１２號三樓之８,15.39,住,,,1150418,土地1建物1車位1,三層,十四層,住宅大樓(11層含以上有電梯),住家用,鋼筋混凝土造,1131015,114.97,2,2,1,有,有,9450000,95051,坡道平面,31.12,1480000,,RPWNMLRLMHLGFID96DA,53.6,0.0,4.18,有,
歸仁區,房地(土地+建物)+車位,臺南市歸仁區成功一街３８號五樓之３,37.36,住,,,1150416,土地1建物1車位1,五層,七層,華廈(10層含以下有電梯),住家用,鋼筋混凝土造,1150109,129.35,3,2,2,有,有,12631200,96796,一樓平面,16.42,1700000,,RPROMLPLOHLGFID56DA,74.85,0.0,6.49,有,
永康區,房地(土地+建物)+車位,臺南市永康區永榮二街１０２號九樓之３,18.93,住,,,1150427,土地1建物1車位1,九層,十四層,住宅大樓(11層含以上有電梯),住家用,鋼筋混凝土造,1140718,127.63999999999999,2,2,1,有,有,11370000,101877,坡道平面,31.74,1600000,,RPWOMLTLNHLGFKD57DA,57.91,0.0,4.91,有,
永康區,房地(土地+建物),臺南市永康區仁愛街８４巷５號,20.26,住,,,1150420,土地1建物1車位0,一層,七層,華廈(10層含以下有電梯),住家用,鋼筋混凝土造,0821002,100.0,3,1,2,有,有,5750000,57500,,0.0,0,,RPXNMLTJOHLGFKD47DA,73.79,0.0,5.32,有,
新營區,房地(土地+建物),臺南市新營區信義街４９、５１號,269.34,商,,,1150428,土地2建物1車位0,全,一層,透天厝,住家用,木石磚造,0320701,97.96,4,2,3,有,無,26000000,265414,,0.0,0,親友、員工、共有人或其他特殊關係間之交易；,RPPNMLQJPHLGFDD48EA,97.96,0.0,0.0,無,
中西區,房地(土地+建物)+車位,臺南市中西區金華路三段１７１號十八樓之３,41.78,商,,,1150428,土地2建物1車位2,十八層，十九層,二十層,住宅大樓(11層含以上有電梯),住家用,鋼筋混凝土構造,1100129,364.70000000000005,2,2,2,有,有,36000000,98711,坡道平面,63.98,0,,RPQNMLKMOHLGFAD77DA,166.07,0.0,29.14,有,150
北區,房地(土地+建物)+車位,臺南市北區長榮路五段４１巷９號十二樓之５,32.32,住,,,1150426,土地2建物1車位1,十二層,十四層,住宅大樓(11層含以上有電梯),住家用,鋼筋混凝土造,0920916,169.37,3,2,2,有,有,12250000,72327,坡道平面,0.0,0,車位為使用權,RPRNMLQJPHLGFAD28DA,101.21,0.0,9.03,有,
安南區,房地(土地+建物)+車位,臺南市安南區樂活一街５６號十六樓,14.09,住,,,1150425,土地1建物1車位1,十六層,二十七層,住宅大樓(11層含以上有電梯),住家用,鋼筋混凝土造,1130116,155.05,2,2,2,有,有,13100000,84489,坡道平面,22.6,0,,RPUNMLQJPHLGFBD68DA,71.38,4.02,8.98,有,151
新營區,土地,隋唐段279地號,154.53,都市：其他:道路用地,,,1150421,土地1建物0車位0,,,其他,,,,0.0,0,0,0,無,無,1652670,10695,,0.0,0,包含公共設施保留地用地；,RPPNMLOKNHLGFDD08DA,0.0,0.0,0.0,無,
學甲區,房地(土地+建物),臺南市學甲區新榮街３３巷３９號,79.51,住,,,1150404,土地1建物1車位0,全,三層,透天厝,住家用,鋼筋混凝土造,1140429,167.12,4,2,3,有,無,12080000,72283,,0.0,0,,RPSNMLNKMHLGFGD48DA,152.07,0.0,15.05,無,
西港區,房地(土地+建物),臺南市西港區溪埔寮６之８６號,93.65,,鄉村區,乙種建築用地,1150417,土地2建物1車位0,全,三層,透天厝,住家用,鋼筋混凝土造,1140208,131.29,4,2,3,有,無,11500000,87592,,0.0,0,,RPQNMLKLMHLGFGD08DA,121.1,0.0,10.19,無,
仁德區,房地(土地+建物),臺南市仁德區太子里太子路９８號,957.02,工,,,1150402,土地2建物2車位0,全,二層,透天厝,工業用,鋼骨構造有牆、鋼筋混凝土構造,1060803,1015.81,1,2,6,有,無,85000000,83677,,0.0,0,1~2樓夾層機車車棚其他增建；,RPOOMLMLOHLGFID58DA,1015.81,0.0,0.0,有,
永康區,房地(土地+建物)+車位,臺南市永康區龍埔街３６９號八樓之５,22.98,商,,,1150420,土地2建物1車位1,八層,十五層,住宅大樓(11層含以上有電梯),住家用,鋼筋混凝土造,1121124,169.98000000000002,3,2,2,有,有,14020000,82480,坡道平面,36.36,0,,RPRNMLNJPHLGFKD98DA,84.42,0.0,7.5,有,152
安平區,房地(土地+建物),臺南市安平區慶平路３８８號五樓之３,1.8,商,,,1150420,土地1建物1車位0,五層,十三層,住宅大樓(11層含以上有電梯),住家用,鋼筋混凝土造,0831216,21.68,1,0,1,有,有,1850000,85332,,0.0,0,,RPPOMLSJPHLGFAD38DA,14.16,0.0,1.94,有,
安平區,房地(土地+建物),臺南市安平區慶平路３８８號十一樓之４,1.8,商,,,1150420,土地1建物1車位0,十一層,十三層,住宅大樓(11層含以上有電梯),住家用,鋼筋混凝土造,0831216,21.68,1,0,1,有,有,1700000,78413,,0.0,0,,RPQOMLSJPHLGFAD48DA,14.16,0.0,1.94,有,
歸仁區,土地,大潭段173-1地號,2753.0,,一般農業區,農牧用地,1150427,土地1建物0車位0,,,其他,,,,0.0,0,0,0,無,無,39760000,14442,,0.0,0,,RPPNMLSJPHLGFID09DA,0.0,0.0,0.0,無,
安南區,房地(土地+建物),臺南市安南區府安路六段１０３巷６０號,115.78,住,,,1150313,土地1建物1車位0,全,四層,透天厝,住家用,鋼筋混凝土造,1130718,206.78,4,2,5,有,無,31500000,152336,,0.0,0,,RPWNMLPLOHLGFBD88DA,199.73,0.0,7.05,有,
佳里區,房地(土地+建物),臺南市佳里區佳里興４１２之８號,111.46,,鄉村區,乙種建築用地,1150330,土地2建物1車位0,全,三層,透天厝,住家用,鋼筋混凝土造,1141126,122.12,3,2,3,有,無,9750000,79840,,0.0,0,,RPSNMLLLOHLGFGD58DA,106.03,0.0,16.09,無,
安南區,房地(土地+建物),臺南市安南區布袋路１３３號,147.13,住,,,1150322,土地1建物1車位0,全,三層,透天厝,住家用,鋼筋混凝土造,1141231,173.09,4,2,4,有,無,21650000,125079,,0.0,0,,RPTNMLLKOHLGFBD08DA,165.54,0.0,7.55,無,
佳里區,房地(土地+建物),臺南市佳里區佳里興４１２之２３號,122.46,,鄉村區,乙種建築用地,1150311,土地2建物1車位0,全,三層,透天厝,住家用,鋼筋混凝土造,1141126,124.99,3,2,3,有,無,10800000,86407,,0.0,0,,RPPNMLLLOHLGFGD28DA,108.06,0.0,16.93,無,
佳里區,房地(土地+建物),臺南市佳里區佳里興４１２之１８號,102.46,,鄉村區,乙種建築用地,1150320,土地2建物1車位0,全,三層,透天厝,住家用,鋼筋混凝土造,1141126,121.0,3,2,3,有,無,9380000,77521,,0.0,0,,RPRNMLLLOHLGFGD48DA,104.7,0.0,16.3,無,
佳里區,房地(土地+建物),臺南市佳里區佳里興４１２之２２號,129.46,,鄉村區,乙種建築用地,1150330,土地2建物1車位0,全,三層,透天厝,住家用,鋼筋混凝土造,1141126,128.52,3,2,3,有,無,11650000,90647,,0.0,0,,RPTNMLLLOHLGFGD68DA,113.57,0.0,14.95,無,
歸仁區,土地,崙頂段684地號,137.56,,一般農業區,農牧用地,1150306,土地1建物0車位0,,,其他,,,,0.0,0,0,0,無,無,600000,4362,,0.0,0,,RPXNMLPLOHLGFID07DA,0.0,0.0,0.0,無,153
永康區,房地(土地+建物)+車位,臺南市永康區正強街２９８號十一樓之２,17.26,住,,,1150328,土地1建物1車位1,十一層,十四層,住宅大樓(11層含以上有電梯),住家用,鋼筋混凝土造,0830502,124.22,3,2,2,有,有,5500000,44276,坡道平面,0.0,0,其他增建；,RPTOMLOLOHLGFKD86DA,71.24,0.75,8.83,有,
東區,房地(土地+建物)+車位,臺南市東區自由路二段２６號五樓之６,20.2,住,,,1150329,土地2建物1車位1,五層,十四層,住宅大樓(11層含以上有電梯),住家用,鋼筋混凝土造,0890829,130.78,3,2,2,有,有,10700000,81817,坡道平面,21.33,0,,RPTOMLQKOHLGFCD78DA,69.79,1.7,10.11,有,
麻豆區,土地,麻工段435地號,3278.33,工,,,1150330,土地1建物0車位0,,,其他,,,,0.0,0,0,0,無,無,128919700,39325,,0.0,0,,RPQNMLTJOHLGFFD88DA,0.0,0.0,0.0,無,
麻豆區,房地(土地+建物),臺南市麻豆區油車里自由路４３之１２號,157.0,住,,,1150328,土地1建物1車位0,全,二層,透天厝,住家用,加強磚造,0701223,171.94,5,2,4,有,無,7800000,45365,,0.0,0,其他增建；,RPQNMLMJPHLGFFD28DA,165.83,0.0,6.11,無,154
東區,房地(土地+建物),臺南市東區東門路三段２６２巷６號,411.0,工,,,1150323,土地2建物1車位0,全,一層,透天厝,工業用,鋼鐵造,0741029,101.35,0,0,0,無,無,53880000,531623,,0.0,0,其他增建；,RPRNMLRKOHLGFCD58DA,101.35,0.0,0.0,無,
歸仁區,房地(土地+建物),臺南市歸仁區歸仁八路３３３號,105.94,住,,,1150307,土地2建物1車位0,全,四層,透天厝,住家用,鋼筋混凝土造,0970128,201.91,5,2,3,有,無,17000000,84196,,0.0,0,其他增建；,RPOPMLKLNHLGFID38DA,179.8,4.16,17.95,無,
玉井區,土地,口宵里段3-738地號,2500.0,,山坡地保育區,農牧用地,1150325,土地1建物0車位0,,,其他,,,,0.0,0,0,0,無,無,1800000,720,,0.0,0,農作物；,RPPNMLPLOHLGFJD98DA,0.0,0.0,0.0,無,
安南區,房地(土地+建物)+車位,臺南市安南區安通路五段３２９號四樓,24.66,住,,,1150316,土地1建物1車位1,四層,十四層,住宅大樓(11層含以上有電梯),住家用,鋼筋混凝土造,1120913,144.01,3,2,2,有,有,11600000,80550,坡道平面,29.82,0,,RPSOMLMJPHLGFBD18DA,70.13,0.0,4.66,有,155
善化區,土地,善特段182-1地號,653.58,都市：其他:生活服務區(住三之二),,,1150316,土地1建物0車位0,,,其他,,,,0.0,0,0,0,無,無,88969500,136126,,0.0,0,,RPSNMLQLNHLGFHD09DA,0.0,0.0,0.0,無,
善化區,土地,善特段182地號,1004.25,都市：其他:生活服務區,,,1150316,土地1建物0車位0,,,其他,,,,0.0,0,0,0,無,無,136705500,136127,,0.0,0,,SPUNMLQLNHLGFHD76DA,0.0,0.0,0.0,無,
仁德區,房地(土地+建物),臺南市仁德區中正路二段９９４巷３５號二樓之３,26.63,住,,,1150307,土地3建物1車位0,二層,五層,華廈(10層含以下有電梯),住家用,鋼筋混凝土造,1150203,81.36,2,2,1,有,有,6620000,81367,,0.0,0,,RPPNMLQLOHLGFID98DA,52.36,0.0,4.38,有,
永康區,土地,永大段652地號,1114.9,,,,1150325,土地4建物0車位0,,,其他,,,,0.0,0,0,0,無,無,150000000,134541,,0.0,0,包含公共設施保留地用地；,RPRNMLKKOHLGFKD68DA,0.0,0.0,0.0,無,156
永康區,土地,永大段652地號,1114.9,,,,1150325,土地4建物0車位0,,,其他,,,,0.0,0,0,0,無,無,150000000,134541,,0.0,0,包含公共設施保留地用地；,RPSNMLKKOHLGFKD78DA,0.0,0.0,0.0,無,156
歸仁區,土地,豬厝段1448地號,2545.19,,特定專用區,農牧用地,1150318,土地1建物0車位0,,,其他,,,,0.0,0,0,0,無,無,53971392,21205,,0.0,0,,RPOOMLQKOHLGFID88DA,0.0,0.0,0.0,無,
歸仁區,房地(土地+建物)+車位,臺南市歸仁區歸仁五路１７２號四樓之２,20.81,住,,,1150206,土地1建物1車位1,四層,十三層,住宅大樓(11層含以上有電梯),住家用,鋼筋混凝土造,1140113,108.66,2,2,2,有,有,13050000,127962,坡道平面,19.18,1600000,,RPUOMLTJLHLGFID76DA,54.36,0.0,3.92,有,
官田區,房地(土地+建物),臺南市官田區官田里官田５６之１５號,108.63,住,,,1150206,土地1建物1車位0,全,一層,透天厝,住家用,磚造,0691203,62.96,3,2,2,有,無,6200000,98475,,0.0,0,,RPPNMLTLOHLGFFD98DA,62.96,0.0,0.0,無,158
鹽水區,房地(土地+建物),臺南市鹽水區汫水里１１鄰溪州寮２０之１號,3410.0,,特定農業區,農牧用地,1150202,土地1建物6車位0,全,一層,透天厝,農業用,磚木造,0830625,2278.38,0,0,0,無,無,15000000,6584,,0.0,0,,RPTNMLMJPHLGFDD38DA,2278.38,0.0,0.0,無,
歸仁區,土地,歸仁北段1548-3地號,245.0,住,,,1150213,土地4建物0車位0,,,其他,,,,0.0,0,0,0,無,無,14080000,57469,,0.0,0,,RPUOMLTLOHLGFID27DA,0.0,0.0,0.0,無,
歸仁區,土地,歸仁北段1548-2地號,88.27,住,,,1150223,土地2建物0車位0,,,其他,,,,0.0,0,0,0,無,無,2650000,30022,,0.0,0,包含公共設施保留地用地；,RPVOMLTLOHLGFID37DA,0.0,0.0,0.0,無,
關廟區,土地,松腳段1054地號,115.2,住,,,1150202,土地1建物0車位0,,,其他,,,,0.0,0,0,0,無,無,1189000,10321,,0.0,0,,RPUOMLPLOHLGFID86DA,0.0,0.0,0.0,無,159
仁德區,房地(土地+建物)+車位,臺南市仁德區仁和里保華路３６９號二樓之５,54.87,住,,,1150226,土地1建物1車位1,二層,十層,華廈(10層含以下有電梯),住家用,鋼筋混凝土造,0990127,197.32999999999998,4,2,2,有,有,13100000,66386,坡道平面,0.0,0,,RPTNMLNJPHLGFID98DA,116.52,0.0,9.4,有,160
永康區,房地(土地+建物)+車位,臺南市永康區忠孝一路６７號十樓之６,20.39,住,,,1150212,土地1建物1車位1,十層,十四層,住宅大樓(11層含以上有電梯),住家用,鋼筋混凝土造,1130112,122.41999999999999,2,2,1,有,有,12500000,111225,坡道平面,24.87,1650000,,RPUNMLMKKHLGFKD78DA,56.18,0.0,6.08,有,161
東區,房地(土地+建物)+車位,臺南市東區崇善十五街３３巷５６號五樓之３,24.98,住,,,1150111,土地2建物1車位1,五層,七層,華廈(10層含以下有電梯),住家用,鋼筋混凝土造,0830108,128.95,3,2,2,有,有,7000000,54285,坡道平面,0.0,0,其他增建；,RPPNMLLKJHLGFCD27DA,71.54,0.81,13.5,有,
仁德區,房地(土地+建物)+車位,臺南市仁德區保生路３８號十五樓之５,18.22,商,,,1150115,土地1建物1車位1,十五層,十五層,住宅大樓(11層含以上有電梯),住家用,鋼筋混凝土造,1141117,157.08999999999997,3,2,2,有,有,14980000,100977,坡道平面,26.07,1750000,,RPRNMLTLOHLGFID86DA,77.32,0.0,9.56,有,
永康區,房地(土地+建物),臺南市永康區中正南路３０６巷１５號,1310.3,工,,,1150104,土地4建物1車位0,全,一層,透天厝,工業用,鋼架、石棉瓦。,0621100,545.14,0,0,0,無,無,101500000,186191,,0.0,0,其他增建；未登記建物；,RPUNMLKKOHLGFKD98DA,545.14,0.0,0.0,無,
安平區,房地(土地+建物)+車位,臺南市安平區健康三街１４０號十四樓之１,19.69,住,,,1150128,土地1建物1車位1,十四層,十四層,住宅大樓(11層含以上有電梯),住家用,ＲＣ造,0950822,183.1,4,2,2,有,有,13880000,75806,坡道平面,0.0,0,,RPUQMLRKOHLGFAD98DA,100.93,0.0,8.56,有,162
南區,房地(土地+建物),臺南市南區喜樹路１１８巷４５號,84.0,農,,,1150117,土地1建物1車位0,全,三層,透天厝,住家用,鋼筋混凝土造,1130719,155.76,4,2,4,有,無,14780000,94890,,0.0,0,,RPWOMLLJPHLGFCD58DA,144.96,0.0,10.8,無,
仁德區,房地(土地+建物),臺南市仁德區太子路１９０巷１號,77.44,住,,,1150127,土地1建物1車位0,全,二層,透天厝,住商用,加強磚造,0691110,99.63,2,2,2,有,無,5200000,52193,,0.0,0,土地買賣價款新台幣5050300元整、建物買賣價款新台幣149700元整。原因：依土地法34條之1出售不動產。,RPUNMLRKOHLGFID86DA,99.63,0.0,0.0,無,
歸仁區,房地(土地+建物)+車位,臺南市歸仁區智慧三街３號十一樓之５,33.87,住,,,1150129,土地1建物1車位1,十一層,十三層,住宅大樓(11層含以上有電梯),住家用,鋼筋混凝土造,1140918,154.32,3,2,2,有,有,15350000,105325,坡道平面,25.67,1800000,115.03.12 成屋讓渡，關係：配偶。,RPTNMLSJPHLGFID86DA,78.09,0.0,7.34,有,
玉井區,房地(土地+建物),臺南市玉井區和平街１８９巷７號,84.09,住,,,1141221,土地2建物1車位0,全,三層,透天厝,住家用,鋼筋混凝土造,1140728,127.64,3,2,3,有,無,10250000,80304,,0.0,0,買賣所衍生之稅費除土地增值稅外，均由買方負擔,RPPNMLMJPHLGFJD58DA,118.5,0.0,9.14,無,
東山區,土地,下南勢段39-1地號,354.0,,山坡地保育區,農牧用地,1141204,土地1建物0車位0,,,其他,,,,0.0,0,0,0,無,無,63720,180,,0.0,0,地清或未辦繼承標售；,RPPNMLTJPHLGFED78DA,0.0,0.0,0.0,無,
東山區,土地,下南勢段40-1地號,722.5,,山坡地保育區,農牧用地,1141204,土地1建物0車位0,,,其他,,,,0.0,0,0,0,無,無,130050,180,,0.0,0,地清或未辦繼承標售；,RPQNMLTJPHLGFED88DA,0.0,0.0,0.0,無,
東山區,土地,下南勢段41地號,519.0,,山坡地保育區,農牧用地,1141204,土地1建物0車位0,,,其他,,,,0.0,0,0,0,無,無,93420,180,,0.0,0,地清或未辦繼承標售；,RPRNMLTJPHLGFED98DA,0.0,0.0,0.0,無,
南區,土地,省躬段235-2地號,428.0,住,,,1141110,土地4建物0車位0,,,其他,,,,0.0,0,0,0,無,無,7200000,16822,,0.0,0,,RPTNMLKLMHLGFCD97DA,0.0,0.0,0.0,無,
柳營區,土地,重溪段1056地號,209.28,,特定農業區,農牧用地,1141104,土地1建物0車位0,,,其他,,,,0.0,0,0,0,無,無,95225,455,,0.0,0,地清或未辦繼承標售；,RPQNMLLJPHLGFDD08EA,0.0,0.0,0.0,無,
柳營區,土地,重溪段1058地號,354.68,,特定農業區,農牧用地,1141104,土地1建物0車位0,,,其他,,,,0.0,0,0,0,無,無,150379,424,,0.0,0,地清或未辦繼承標售；,RPRNMLLJPHLGFDD18EA,0.0,0.0,0.0,無,
永康區,房地(土地+建物)+車位,臺南市永康區復國路５３巷１之２號三樓之２,40.84,住,,,1141123,土地1建物1車位1,三層,五層,華廈(10層含以下有電梯),住家用,鋼筋混凝土造,1150325,120.46000000000001,3,2,2,有,有,13150000,107123,一樓平面,13.76,1720000,預售屋、或土地及建物分件登記案件；,RPUNMLRJNHLGFKD86DA,79.54,0.0,8.13,有,
七股區,土地,竹橋段2432地號,2290.0,,特定農業區,農牧用地,1141104,土地1建物0車位0,,,其他,,,,0.0,0,0,0,無,無,1966600,859,,0.0,0,地清或未辦繼承標售；,RPUNMLRJPHLGFGD66DA,0.0,0.0,0.0,無,
新市區,土地,大營段1489地號,68384.0,工,,,1141113,土地15建物0車位0,,,其他,,,,0.0,0,0,0,無,無,4550955200,66550,,0.0,0,,RPQNMLMJPHLGFHD48DA,0.0,0.0,0.0,無,
東區,房地(土地+建物),臺南市東區裕興街２３５號,106.45,住,,,1141012,土地1建物1車位0,全,四層,透天厝,住家用,鋼筋混凝土造,0911126,245.32,5,3,5,有,無,33000000,134518,,0.0,0,壹樓空地增建、陽台增建。陽台外推；其他增建；,RPPOMLTLOHLGFCD78DA,214.05,0.0,31.27,無,
安定區,房地(土地+建物),臺南市安定區港口３９３之２０號,85.61,,鄉村區,乙種建築用地,1140626,土地3建物1車位0,全,二層,透天厝,住商用,加強磚造,0721024,86.24,5,2,3,有,無,8500000,98562,,0.0,0,,RPTNMLKMOHKGFHD68DA,78.72,0.0,7.52,無,163
歸仁區,房地(土地+建物)+車位,臺南市歸仁區智慧三街５號五樓之２,40.46,住,,,1140310,土地1建物1車位1,五層,十三層,住宅大樓(11層含以上有電梯),住家用,鋼筋混凝土造,1140918,179.26999999999998,4,2,2,有,有,17460000,102279,坡道平面,25.67,1750000,預售屋、或土地及建物分件登記案件；,RPSNMLSJPHLGFID76DA,94.03,0.0,8.05,有,
東區,房地(土地+建物)+車位,臺南市東區裕文路１３３號十樓之３,50.67,住,,,1140208,土地1建物1車位1,十層,十二層,住宅大樓(11層含以上有電梯),住家用,鋼筋混凝土造,1150409,235.59000000000003,3,2,2,有,有,38910000,183995,坡道平面,35.53,2100000,預售屋、或土地及建物分件登記案件；,RPUOMLQLNHLGFCD88DA,122.17,0.0,7.88,有,
永康區,房地(土地+建物)+車位,臺南市永康區永善路１３０號一樓,25.74,住,,,1140228,土地1建物1車位1,一層,十五層,住宅大樓(11層含以上有電梯),住家用,鋼筋混凝土造,1150331,162.53,3,2,2,有,有,18000000,123326,坡道平面,25.9,1150000,預售屋、或土地及建物分件登記案件；,RPRRMLTKNHLGFKD27DA,85.57,0.0,3.77,有,
學甲區,土地,東興段956地號,304.25,,,,1140226,土地7建物0車位0,,,其他,,,,0.0,0,0,0,無,無,2306616,7581,,0.0,0,東興段956957地號依114年度公告現值出售其餘地號為公設地依114年公告現值之5%出售親友、員工、共有人或其他特殊關係間之交易；包含公共設施保留地用地；,RPQOMLPKJHLGFGD28DA,0.0,0.0,0.0,無,
安定區,房地(土地+建物)+車位,臺南市安定區六塊寮７７之３號四樓之３,32.75,,鄉村區,乙種建築用地,1140104,土地3建物1車位1,四層,六層,華廈(10層含以下有電梯),住家用,鋼筋混凝土造,1150326,110.07,3,2,1,有,有,9520000,85182,一樓平面,14.51,1380000,預售屋、或土地及建物分件登記案件；,RPTNMLKMOHLGFHD78DA,63.2,0.0,6.05,有,
永康區,房地(土地+建物)+車位,臺南市永康區永善路１３０號八樓之６,24.22,住,,,1140121,土地1建物1車位1,八層,十五層,住宅大樓(11層含以上有電梯),住家用,鋼筋混凝土造,1150331,154.51,3,2,2,有,有,17300000,122230,坡道平面,25.9,1580000,預售屋、或土地及建物分件登記案件；,RPRTMLTKNHLGFKD47DA,75.9,0.0,8.21,有,
善化區,房地(土地+建物)+車位,臺南市善化區小新營５之１５號五樓之９,37.0,住,,,1131230,土地2建物1車位1,五層,七層,華廈(10層含以下有電梯),住家用,鋼筋混凝土造,1150327,116.49,3,2,2,有,有,10246149,91360,其他,16.16,1080000,於115年6月23日有簽訂增補契約，因成屋面積有調整，交易金額有找補情形，買方找補金額為116149元。預售屋、或土地及建物分件登記案件；,RPWNMLOLOHLGFHD76DA,71.39,0.0,4.02,有,
仁德區,房地(土地+建物)+車位,臺南市仁德區中正路二段９９４巷３７號四樓之１,32.21,住,,,1131214,土地3建物1車位1,四層,五層,華廈(10層含以下有電梯),住家用,鋼筋混凝土造,1150203,94.86000000000001,2,2,2,有,有,9200000,86515,其他,2.39,1200000,預售屋、或土地及建物分件登記案件；,RPRPMLTJPHLGFID96DA,58.24,0.0,6.27,有,
永康區,房地(土地+建物)+車位,臺南市永康區永善路１３２號八樓之５,24.62,住,,,1131116,土地1建物1車位1,八層,十五層,住宅大樓(11層含以上有電梯),住家用,鋼筋混凝土造,1150331,154.66,3,2,2,有,有,17160000,123486,坡道平面,25.9,1260000,讓渡日期:115.4.1；讓渡金額1716萬元整預售屋、或土地及建物分件登記案件；,RPQQMLSKNHLGFKD96DA,76.56,0.0,8.93,有,
東區,房地(土地+建物)+車位,臺南市東區裕文路１３３號七樓之１,50.49,住,,,1130926,土地1建物1車位1,七層,十二層,住宅大樓(11層含以上有電梯),住家用,鋼筋混凝土造,1150409,234.82,3,2,2,有,有,37060000,175423,坡道平面,35.53,2100000,預售屋、或土地及建物分件登記案件；,RPSNMLQLNHLGFCD58DA,120.32,0.0,9.23,有,
永康區,房地(土地+建物)+車位,臺南市永康區永善路１３２號十二樓之８,25.08,住,,,1130921,土地1建物1車位1,十二層,十五層,住宅大樓(11層含以上有電梯),住家用,鋼筋混凝土造,1150331,157.11,3,2,2,有,有,17580000,121180,坡道平面,25.9,1680000,預售屋、或土地及建物分件登記案件；,RPRUMLSKNHLGFKD47DA,78.77,0.0,8.38,有,
永康區,房地(土地+建物)+車位,臺南市永康區永善路１３０號八樓之３,24.37,住,,,1130922,土地1建物1車位1,八層,十五層,住宅大樓(11層含以上有電梯),住家用,鋼筋混凝土造,1150331,155.39,3,2,2,有,有,18280000,129740,坡道平面,25.9,1480000,預售屋、或土地及建物分件登記案件；,RPTQMLTKNHLGFKD37DA,76.41,0.0,8.25,有,
永康區,房地(土地+建物)+車位,臺南市永康區永善路１３０號十三樓之７,24.17,住,,,1130917,土地1建物1車位1,十三層,十五層,住宅大樓(11層含以上有電梯),住家用,鋼筋混凝土造,1150331,154.41,3,2,2,有,有,17580000,124504,坡道平面,25.9,1580000,預售屋、或土地及建物分件登記案件；,RPTOMLTJOHLGFKD17DA,75.8,0.0,8.23,有,
仁德區,房地(土地+建物)+車位,臺南市仁德區中正路二段９９４巷３５號三樓之１,28.3,住,,,1130921,土地3建物1車位1,三層,五層,華廈(10層含以下有電梯),住家用,鋼筋混凝土造,1150203,83.4,2,2,1,有,有,7870000,85422,其他,2.39,950000,預售屋、或土地及建物分件登記案件；,RPXOMLTJPHLGFID47DA,51.95,0.0,4.56,有,
東區,房地(土地+建物),臺南市東區裕文路１３３號九樓之２,54.09,住,,,1130809,土地1建物1車位0,九層,十二層,住宅大樓(11層含以上有電梯),住家用,鋼筋混凝土造,1150409,213.49,3,2,3,有,有,39000000,182678,,0.0,0,預售屋、或土地及建物分件登記案件；,RPQOMLQLNHLGFCD48DA,130.4,0.0,8.28,有,
永康區,房地(土地+建物)+車位,臺南市永康區永善路１３２號五樓之７,18.71,住,,,1130831,土地1建物1車位1,五層,十五層,住宅大樓(11層含以上有電梯),住家用,鋼筋混凝土造,1150331,123.83000000000001,2,2,2,有,有,13380000,120494,坡道平面,25.9,1580000,預售屋、或土地及建物分件登記案件；,RPQSMLSKNHLGFKD17DA,61.67,0.0,3.34,有,
永康區,房地(土地+建物)+車位,臺南市永康區永善路１３０號十三樓之６,24.07,住,,,1130818,土地1建物1車位1,十三層,十五層,住宅大樓(11層含以上有電梯),住家用,鋼筋混凝土造,1150331,153.79000000000002,3,2,2,有,有,17200000,122918,坡道平面,25.9,1480000,預售屋、或土地及建物分件登記案件；,RPWTMLTKNHLGFKD97DA,75.41,0.0,8.21,有,
安南區,房地(土地+建物)+車位,臺南市安南區新宅一街３００號二樓之２,26.76,住,,,1130830,土地1建物1車位1,二層,十四層,住宅大樓(11層含以上有電梯),住家用,鋼筋混凝土造,1150424,154.85,3,2,2,有,有,12700000,90306,坡道平面,31.27,1540000,原購買地下二層82號汽車位，交易總價1260萬、車位價格144萬；114年4月10日更換為地下一層2號汽車位，交易總價變更為1270萬、車位價格154萬，價差10萬元。預售屋、或土地及建物分件登記案件；,RPROMLLKOHLGFBD97DA,71.66,0.0,9.28,有,
仁德區,房地(土地+建物)+車位,臺南市仁德區中正路二段９９４巷３７號五樓之１,32.07,住,,,1130831,土地3建物1車位1,五層,五層,華廈(10層含以下有電梯),住家用,鋼筋混凝土造,1150203,94.86000000000001,2,2,2,有,有,9230000,87920,其他,2.39,1100000,預售屋、或土地及建物分件登記案件；,RPVPMLTJPHLGFID37DA,58.24,0.0,6.27,有,
歸仁區,房地(土地+建物)+車位,臺南市歸仁區光明街３３５號二樓之５,35.26,住,,,1130805,土地1建物1車位1,二層,十二層,住宅大樓(11層含以上有電梯),住家用,鋼筋混凝土造,1141013,161.14,3,2,2,有,有,13690000,93784,坡道平面,31.16,1500000,預售屋、或土地及建物分件登記案件；,RPQNMLMJPHLGFID58DA,78.36,0.0,7.62,有,
安定區,房地(土地+建物)+車位,臺南市安定區六塊寮７７之３號五樓之６,31.95,,鄉村區,乙種建築用地,1130704,土地3建物1車位1,五層,六層,華廈(10層含以下有電梯),住家用,鋼筋混凝土造,1150326,107.47,2,2,2,有,有,9150000,83584,一樓平面,14.51,1380000,預售屋、或土地及建物分件登記案件；,RPWNMLPLOHLGFHD86DA,61.36,0.0,6.01,有,
永康區,房地(土地+建物)+車位,臺南市永康區永善路１３２號十樓之３,25.33,住,,,1130720,土地1建物1車位1,十層,十五層,住宅大樓(11層含以上有電梯),住家用,鋼筋混凝土造,1150331,158.49,3,2,2,有,有,17880000,123690,坡道平面,25.9,1480000,預售屋、或土地及建物分件登記案件；,RPPPMLSKNHLGFKD76DA,78.38,0.0,9.64,有,
永康區,房地(土地+建物)+車位,臺南市永康區永善路１３２號十樓之２,18.35,住,,,1130728,土地1建物1車位1,十層,十五層,住宅大樓(11層含以上有電梯),住家用,鋼筋混凝土造,1150331,121.78999999999999,2,2,2,有,有,13660000,129941,坡道平面,25.9,1200000,預售屋、或土地及建物分件登記案件；,RPQOMLTJOHLGFKD86DA,60.35,0.0,3.34,有,
仁德區,房地(土地+建物)+車位,臺南市仁德區中正路二段９９４巷３７號二樓之３,32.34,住,,,1130713,土地3建物1車位1,二層,五層,華廈(10層含以下有電梯),住家用,鋼筋混凝土造,1150203,95.26,2,2,2,有,有,8880000,83899,其他,2.53,1100000,預售屋、或土地及建物分件登記案件；,RPOQMLTJPHLGFID76DA,58.39,0.0,6.26,有,
東區,房地(土地+建物)+車位,臺南市東區裕文路１３３號六樓之１,50.49,住,,,1130628,土地1建物1車位1,六層,十二層,住宅大樓(11層含以上有電梯),住家用,鋼筋混凝土造,1150409,231.88,3,2,2,有,有,36600000,173625,坡道平面,32.6,2000000,預售屋、或土地及建物分件登記案件；,RPPPMLPLNHLGFCD38DA,120.32,0.0,9.23,有,
中西區,房地(土地+建物)+車位,臺南市中西區頂美三街３７號六樓之３,28.04,住,,,1130629,土地5建物1車位1,六層,十三層,住宅大樓(11層含以上有電梯),住家用,鋼筋混凝土造,1150324,127.74,2,2,2,有,有,14122450,129001,坡道平面,31.83,1750000,合約價格：14080000元，工程款加帳42450元，實際交易總價：14122450元預售屋、或土地及建物分件登記案件；,RPTNMLTLOHLGFAD88DA,59.95,0.0,3.6,有,
安定區,房地(土地+建物),臺南市安定區六塊寮７７之３號五樓之７,27.03,,鄉村區,乙種建築用地,1130601,土地3建物1車位0,五層,六層,華廈(10層含以下有電梯),住家用,鋼筋混凝土造,1150326,76.93,2,2,2,有,有,6550000,85142,,0.0,0,預售屋、或土地及建物分件登記案件；,RPSNMLKMOHLGFHD68DA,49.44,0.0,6.31,有,
新營區,房地(土地+建物)+車位,臺南市新營區新進路５０號二樓之三,33.95,住,,,1130613,土地2建物1車位1,二層,八層,華廈(10層含以下有電梯),住家用,鋼筋混凝土造,1150122,126.28,3,2,2,有,有,9300000,73561,坡道機械,10.05,750000,預售屋、或土地及建物分件登記案件；,RPQNMLMJPHLGFDD08DA,73.09,0.0,6.05,有,
仁德區,房地(土地+建物)+車位,臺南市仁德區中正路二段９９４巷３５號二樓之１,28.44,住,,,1130610,土地3建物1車位1,二層,五層,華廈(10層含以下有電梯),住家用,鋼筋混凝土造,1150203,83.4,2,2,1,有,有,7920000,82953,其他,2.39,1200000,預售屋、或土地及建物分件登記案件；,RPQPMLSJOHLGFID66DA,51.95,0.0,4.56,有,
仁德區,房地(土地+建物)+車位,臺南市仁德區中正路二段９９４巷３５號三樓之２,28.44,住,,,1130615,土地3建物1車位1,三層,五層,華廈(10層含以下有電梯),住家用,鋼筋混凝土造,1150203,83.61,2,2,1,有,有,7850000,83108,其他,2.39,1100000,預售屋、或土地及建物分件登記案件；,RPOPMLTJPHLGFID66DA,51.93,0.0,4.66,有,
仁德區,房地(土地+建物),臺南市仁德區中正路二段９９４巷３７號三樓之５,27.05,住,,,1130615,土地3建物1車位0,三層,五層,華廈(10層含以下有電梯),住家用,鋼筋混凝土造,1150203,82.62,2,2,1,有,有,6850000,82910,,0.0,0,預售屋、或土地及建物分件登記案件；,RPQPMLTJPHLGFID86DA,51.88,0.0,5.72,有,
仁德區,房地(土地+建物)+車位,臺南市仁德區中正路二段９９４巷３３號五樓之５,37.22,住,,,1130611,土地3建物1車位1,五層,五層,華廈(10層含以下有電梯),住家用,鋼筋混凝土造,1150203,105.37,3,2,2,有,有,10750000,93077,一樓平面,5.99,1500000,預售屋、或土地及建物分件登記案件；,RPUPMLTJPHLGFID27DA,63.41,0.0,5.89,有,
仁德區,房地(土地+建物)+車位,臺南市仁德區中正路二段９９４巷３７號四樓之２,32.21,住,,,1130603,土地3建物1車位1,四層,五層,華廈(10層含以下有電梯),住家用,鋼筋混凝土造,1150203,94.94,2,2,2,有,有,8900000,86020,其他,2.52,950000,預售屋、或土地及建物分件登記案件；,RPPNMLNKPHLGFID68DA,58.34,0.0,6.12,有,
安定區,房地(土地+建物)+車位,臺南市安定區六塊寮７７之３號五樓之３,32.75,,鄉村區,乙種建築用地,1130518,土地3建物1車位1,五層,六層,華廈(10層含以下有電梯),住家用,鋼筋混凝土造,1150326,110.07,3,2,2,有,有,9330000,83194,一樓平面,14.51,1380000,預售屋、或土地及建物分件登記案件；,RPTNMLTLOHLGFHD96DA,63.2,0.0,6.05,有,
永康區,房地(土地+建物)+車位,臺南市永康區永善路３６號九樓之７,16.83,住,,,1130527,土地1建物1車位1,九層,十四層,住宅大樓(11層含以上有電梯),住家用,鋼筋混凝土造,1150416,124.53999999999999,2,2,1,有,有,10560000,109814,坡道平面,39.76,1250000,預售屋、或土地及建物分件登記案件；,RPUNMLNJPHLGFKD66DA,50.39,0.0,4.88,有,
仁德區,房地(土地+建物)+車位,臺南市仁德區中正路二段９９４巷３７號二樓之２,32.07,住,,,1130512,土地3建物1車位1,二層,五層,華廈(10層含以下有電梯),住家用,鋼筋混凝土造,1150203,94.81,2,2,2,有,有,8630000,81476,其他,2.39,1100000,預售屋、或土地及建物分件登記案件；,RPPPMLSJOHLGFID56DA,58.34,0.0,6.12,有,
仁德區,房地(土地+建物)+車位,臺南市仁德區中正路二段９９４巷３３號五樓之１,37.22,住,,,1130525,土地3建物1車位1,五層,五層,華廈(10層含以下有電梯),住家用,鋼筋混凝土造,1150203,105.33000000000001,3,2,2,有,有,10730000,92913,一樓平面,5.99,1500000,原預售為哥哥登記後為弟弟預售屋、或土地及建物分件登記案件；,RPTQMLTJPHLGFID27DA,63.37,0.0,5.89,有,
安定區,房地(土地+建物)+車位,臺南市安定區六塊寮７７之３號三樓之６,31.95,,鄉村區,乙種建築用地,1130427,土地3建物1車位1,三層,六層,華廈(10層含以下有電梯),住家用,鋼筋混凝土造,1150326,106.49000000000001,3,2,2,有,有,8650000,84454,其他,13.54,800000,預售屋、或土地及建物分件登記案件；,RPRNMLKMOHLGFHD58DA,61.36,0.0,6.01,有,
永康區,房地(土地+建物)+車位,臺南市永康區永善路１３２號十五樓之８,25.08,住,,,1130413,土地1建物1車位1,十五層,十五層,住宅大樓(11層含以上有電梯),住家用,鋼筋混凝土造,1150331,157.11,3,2,2,有,有,16500000,114473,坡道平面,25.9,1480000,預售屋、或土地及建物分件登記案件；,RPQOMLPKOHLGFKD56DA,78.77,0.0,8.38,有,
中西區,房地(土地+建物)+車位,臺南市中西區友愛東街５１號三樓之２,14.56,商,,,1130406,土地1建物1車位1,三層,五層,華廈(10層含以下有電梯),住家用,鋼筋混凝土造,1150421,74.47999999999999,2,2,1,有,有,12980000,165469,其他,6.31,1700000,1、土地售價：6204000元      建物售價：5076000元      車位售價：1700000元2、代書費、印花稅、規費由買方負擔。預售屋、或土地及建物分件登記案件；,RPQNMLRJPHLGFAD28DA,42.26,0.0,7.79,有,
永康區,房地(土地+建物)+車位,臺南市永康區永安路２８８號二樓之５,22.19,住,,,1130308,土地1建物1車位1,二層,十五層,住宅大樓(11層含以上有電梯),住家用,鋼筋混凝土造,1150303,141.74,3,2,2,有,有,15490000,118379,坡道平面,25.25,1700000,預售屋、或土地及建物分件登記案件；,RPWWMLSJNHLGFKD08DA,71.29,0.0,4.57,有,
永康區,房地(土地+建物)+車位,臺南市永康區永善路１３２號四樓之１,25.69,住,,,1130310,土地1建物1車位1,四層,十五層,住宅大樓(11層含以上有電梯),住家用,鋼筋混凝土造,1150331,160.31,3,2,2,有,有,17020000,115765,坡道平面,25.9,1460000,預售屋、或土地及建物分件登記案件；,RPSNMLOKNHLGFKD09DA,81.1,0.0,8.14,有,
永康區,房地(土地+建物)+車位,臺南市永康區永善路１３２號十樓之１,25.53,住,,,1130323,土地1建物1車位1,十層,十五層,住宅大樓(11層含以上有電梯),住家用,鋼筋混凝土造,1150331,159.55,3,2,2,有,有,17600000,120763,坡道平面,25.9,1460000,預售屋、或土地及建物分件登記案件；,RPXNMLOKNHLGFKD96DA,80.65,0.0,8.14,有,
永康區,房地(土地+建物)+車位,臺南市永康區永善路１３０號四樓之２,30.29,住,,,1130309,土地1建物1車位1,四層,十五層,住宅大樓(11層含以上有電梯),住家用,鋼筋混凝土造,1150331,186.89,4,2,2,有,有,20100000,114417,坡道平面,25.9,1680000,預售屋、或土地及建物分件登記案件；,RPXOMLTKNHLGFKD57DA,96.27,0.0,9.01,有,
永康區,房地(土地+建物)+車位,臺南市永康區永善路１３０號十五樓之３,24.22,住,,,1130329,土地1建物1車位1,十五層,十五層,住宅大樓(11層含以上有電梯),住家用,鋼筋混凝土造,1150331,154.64,3,2,2,有,有,17460000,124126,坡道平面,25.9,1480000,預售屋、或土地及建物分件登記案件；,RPQRMLTKNHLGFKD17DA,75.97,0.0,8.25,有,
永康區,房地(土地+建物)+車位,臺南市永康區永善路１３２號四樓之６,25.59,住,,,1130310,土地1建物1車位1,四層,十五層,住宅大樓(11層含以上有電梯),住家用,鋼筋混凝土造,1150331,159.78,3,2,2,有,有,16360000,109650,坡道平面,25.9,1680000,預售屋、或土地及建物分件登記案件；,RPPOMLPKOHLGFKD09DA,79.97,0.0,8.93,有,
永康區,房地(土地+建物)+車位,臺南市永康區永安路２８８號十二樓之６,15.93,住,,,1130311,土地1建物1車位1,十二層,十五層,住宅大樓(11層含以上有電梯),住家用,鋼筋混凝土造,1150303,108.99000000000001,2,2,1,有,有,12590000,128851,坡道平面,25.25,1800000,預售屋、或土地及建物分件登記案件；,RPWNMLKMOHLGFKD76DA,50.39,0.0,4.17,有,
仁德區,房地(土地+建物)+車位,臺南市仁德區中正路二段９９４巷３７號三樓之３,35.13,住,,,1130302,土地3建物1車位1,三層,五層,華廈(10層含以下有電梯),住家用,鋼筋混凝土造,1150203,98.72,2,2,2,有,有,9170000,82713,一樓平面,5.99,1500000,原預售為姐姐登記後為妹妹預售屋、或土地及建物分件登記案件；,RPQQMLTJPHLGFID96DA,58.39,0.0,6.26,有,
仁德區,房地(土地+建物)+車位,臺南市仁德區中正路二段９９４巷３７號三樓之１,34.99,住,,,1130309,土地3建物1車位1,三層,五層,華廈(10層含以下有電梯),住家用,鋼筋混凝土造,1150203,98.45,2,2,2,有,有,9170000,82955,一樓平面,5.99,1500000,原預售為機械車位登記後為平面車位。113年10月5日簽訂增補合約：增加30萬為平面車位。原價為887萬變更為917萬。預售屋、或土地及建物分件登記案件；,RPRQMLTJPHLGFID07DA,58.24,0.0,6.27,有,
仁德區,房地(土地+建物)+車位,臺南市仁德區中正路二段９９４巷３７號五樓之３,32.21,住,,,1130318,土地3建物1車位1,五層,五層,華廈(10層含以下有電梯),住家用,鋼筋混凝土造,1150203,95.13000000000001,2,2,2,有,有,9220000,87557,其他,2.39,1100000,預售屋、或土地及建物分件登記案件；,RPWPMLTJPHLGFID47DA,58.39,0.0,6.26,有,
永康區,房地(土地+建物)+車位,臺南市永康區永善路１３２號十四樓之８,25.08,住,,,1130228,土地1建物1車位1,十四層,十五層,住宅大樓(11層含以上有電梯),住家用,鋼筋混凝土造,1150331,157.11,3,2,2,有,有,16580000,115235,坡道平面,25.9,1460000,預售屋、或土地及建物分件登記案件；,RPTUMLSKNHLGFKD67DA,78.77,0.0,8.38,有,
永康區,房地(土地+建物)+車位,臺南市永康區永善路１３０號四樓之１,30.29,住,,,1130227,土地1建物1車位1,四層,十五層,住宅大樓(11層含以上有電梯),住家用,鋼筋混凝土造,1150331,186.89,4,2,2,有,有,19950000,114106,坡道平面,25.9,1580000,預售屋、或土地及建物分件登記案件；,RPUNMLTKNHLGFKD17DA,96.27,0.0,9.01,有,
永康區,房地(土地+建物)+車位,臺南市永康區永善路１３０號十樓之７,24.17,住,,,1130203,土地1建物1車位1,十層,十五層,住宅大樓(11層含以上有電梯),住家用,鋼筋混凝土造,1150331,154.41,3,2,2,有,有,16380000,115944,坡道平面,25.9,1480000,預售屋、或土地及建物分件登記案件；,RPXUMLTKNHLGFKD18DA,75.8,0.0,8.23,有,
仁德區,房地(土地+建物)+車位,臺南市仁德區賢路一段５５１號二樓之２,34.24,住,,,1130106,土地1建物1車位1,二層,十四層,住宅大樓(11層含以上有電梯),住家用,鋼筋混凝土造,1150123,155.93,3,2,2,有,有,11860000,80912,坡道平面,27.89,1500000,指定登記名義人預售屋、或土地及建物分件登記案件；,RPWNMLLJOHLGFID98DA,76.96,0.0,8.84,有,
善化區,房地(土地+建物)+車位,臺南市善化區六分寮３３５之１號五樓之２,25.83,,鄉村區,乙種建築用地,1130118,土地1建物1車位1,五層,七層,華廈(10層含以下有電梯),住家用,鋼筋混凝土造,1150312,106.22,3,2,2,有,有,9100000,81869,一樓平面,14.61,1600000,土地價款:338萬元整建物價款:412萬元整預售屋、或土地及建物分件登記案件；,RPPOMLLJOHLGFHD28DA,61.79,0.0,6.21,有,
永康區,房地(土地+建物)+車位,臺南市永康區永善路１３２號十四樓之３,25.33,住,,,1130102,土地1建物1車位1,十四層,十五層,住宅大樓(11層含以上有電梯),住家用,鋼筋混凝土造,1150331,158.49,3,2,2,有,有,17730000,121804,坡道平面,25.9,1580000,預售屋、或土地及建物分件登記案件；,RPTPMLSKNHLGFKD17DA,78.38,0.0,9.64,有,
永康區,房地(土地+建物)+車位,臺南市永康區永善路１３２號五樓之６,25.59,住,,,1130125,土地1建物1車位1,五層,十五層,住宅大樓(11層含以上有電梯),住家用,鋼筋混凝土造,1150331,159.78,3,2,2,有,有,16320000,110995,坡道平面,25.9,1460000,預售屋、或土地及建物分件登記案件；,RPQRMLSKNHLGFKD07DA,79.97,0.0,8.93,有,
善化區,房地(土地+建物)+車位,臺南市善化區六分寮３３５之１號五樓之３,25.83,,鄉村區,乙種建築用地,1130131,土地1建物1車位1,五層,七層,華廈(10層含以下有電梯),住家用,鋼筋混凝土造,1150312,106.22,3,2,2,有,有,8920000,83179,一樓平面,14.61,1300000,變更登記名義人預售屋、或土地及建物分件登記案件；,RPPNMLNJPHLGFHD58EA,58.49,0.0,9.51,有,
安南區,房地(土地+建物)+車位,臺南市安南區新宅一街３０６號五樓之２,26.76,住,,,1130126,土地1建物1車位1,五層,十四層,住宅大樓(11層含以上有電梯),住家用,鋼筋混凝土造,1150424,155.92000000000002,3,2,2,有,有,13600000,96132,坡道平面,32.34,1720000,預售屋、或土地及建物分件登記案件；,RPQNMLKMNHLGFBD77DA,71.66,0.0,9.28,有,
仁德區,房地(土地+建物)+車位,臺南市仁德區中正路二段９９４巷３７號四樓之３,35.13,住,,,1130106,土地3建物1車位1,四層,五層,華廈(10層含以下有電梯),住家用,鋼筋混凝土造,1150203,98.72,2,2,2,有,有,9450000,85733,一樓平面,5.99,1500000,預售屋、或土地及建物分件登記案件；,RPTPMLTJPHLGFID17DA,58.39,0.0,6.26,有,
仁德區,房地(土地+建物)+車位,臺南市仁德區中正路二段９９４巷３３號三樓之１,37.22,住,,,1130108,土地3建物1車位1,三層,五層,華廈(10層含以下有電梯),住家用,鋼筋混凝土造,1150203,105.33000000000001,3,2,2,有,有,10500000,90598,一樓平面,5.99,1500000,預售屋、或土地及建物分件登記案件；,RPPQMLTJPHLGFID86DA,63.37,0.0,5.89,有,
仁德區,房地(土地+建物)+車位,臺南市仁德區中正路二段９９４巷３３號三樓之５,37.22,住,,,1130113,土地3建物1車位1,三層,五層,華廈(10層含以下有電梯),住家用,鋼筋混凝土造,1150203,105.37,3,2,2,有,有,10380000,89354,一樓平面,5.99,1500000,預售屋、或土地及建物分件登記案件；,RPSQMLTJPHLGFID17DA,63.41,0.0,5.89,有,
永康區,房地(土地+建物)+車位,臺南市永康區永安路２８８號十二樓之２,24.23,住,,,1121217,土地1建物1車位1,十二層,十五層,住宅大樓(11層含以上有電梯),住家用,鋼筋混凝土造,1150303,152.42000000000002,3,2,2,有,有,17530000,124479,坡道平面,25.25,1700000,預售屋、或土地及建物分件登記案件；,RPPOMLNJOHLGFKD78DA,73.71,0.0,9.15,有,
中西區,房地(土地+建物)+車位,臺南市中西區頂美三街３７號七樓之２,38.09,住,,,1121213,土地5建物1車位2,七層,十三層,住宅大樓(11層含以上有電梯),住家用,鋼筋混凝土造,1150324,193.93,3,2,2,有,有,21030000,134567,坡道平面,63.66,3500000,預售屋、或土地及建物分件登記案件；,RPUNMLTLOHLGFAD98DA,76.74,0.0,9.59,有,
永康區,房地(土地+建物)+車位,臺南市永康區永善路１５０號,16.33,住,,,1121209,土地1建物1車位1,一層,十五層,住宅大樓(11層含以上有電梯),商業用,鋼筋混凝土造,1150331,111.41,0,0,1,有,有,12680000,130745,坡道平面,25.9,1500000,預售屋、或土地及建物分件登記案件；,RPUVMLTKNHLGFKD97DA,51.58,0.0,5.23,有,
永康區,房地(土地+建物)+車位,臺南市永康區永安路２８８號十三樓之６,15.93,住,,,1121214,土地1建物1車位1,十三層,十五層,住宅大樓(11層含以上有電梯),住家用,鋼筋混凝土造,1150303,108.99000000000001,2,2,1,有,有,12270000,126224,坡道平面,25.25,1700000,115.03.05配偶讓渡預售屋、或土地及建物分件登記案件；,RPRNMLTJNHLGFKD76DA,50.39,0.0,4.17,有,
永康區,房地(土地+建物)+車位,臺南市永康區永善路１３０號五樓之２,30.29,住,,,1121125,土地1建物1車位1,五層,十五層,住宅大樓(11層含以上有電梯),住家用,鋼筋混凝土造,1150331,186.89,4,2,2,有,有,20050000,114231,坡道平面,25.9,1660000,預售屋、或土地及建物分件登記案件；,RPOPMLTKNHLGFKD76DA,96.27,0.0,9.01,有,
永康區,房地(土地+建物)+車位,臺南市永康區永善路１３０號十四樓之２,30.19,住,,,1121115,土地1建物1車位1,十四層,十五層,住宅大樓(11層含以上有電梯),住家用,鋼筋混凝土造,1150331,186.22,4,2,2,有,有,20800000,119885,坡道平面,25.9,1580000,預售屋、或土地及建物分件登記案件；,RPXPMLTKNHLGFKD67DA,95.83,0.0,9.01,有,
永康區,房地(土地+建物)+車位,臺南市永康區永善路１３２號二樓之２,18.35,住,,,1121120,土地1建物1車位1,二層,十五層,住宅大樓(11層含以上有電梯),住家用,鋼筋混凝土造,1150331,121.78999999999999,2,2,2,有,有,12760000,120763,坡道平面,25.9,1180000,含傢俱設備費26230元；預售屋、或土地及建物分件登記案件；,RPQOMLRLNHLGFKD76DA,60.35,0.0,3.34,有,
永康區,房地(土地+建物)+車位,臺南市永康區永善路１３２號七樓之５,24.62,住,,,1121104,土地1建物1車位1,七層,十五層,住宅大樓(11層含以上有電梯),住家用,鋼筋混凝土造,1150331,154.66,3,2,2,有,有,16180000,113545,坡道平面,25.9,1560000,預售屋、或土地及建物分件登記案件；,RPOOMLPKOHLGFKD98DA,76.56,0.0,8.93,有,
安南區,房地(土地+建物)+車位,臺南市安南區新宅一街３０６號八樓之２,26.76,住,,,1121107,土地1建物1車位1,八層,十四層,住宅大樓(11層含以上有電梯),住家用,鋼筋混凝土造,1150424,155.92000000000002,3,2,2,有,有,14080000,99207,坡道平面,32.34,1820000,預售屋、或土地及建物分件登記案件；,RPROMLOKOHLGFBD28DA,71.66,0.0,9.28,有,
永康區,房地(土地+建物)+車位,臺南市永康區永善路１３２號九樓之８,25.08,住,,,1121021,土地1建物1車位1,九層,十五層,住宅大樓(11層含以上有電梯),住家用,鋼筋混凝土造,1150331,157.11,3,2,2,有,有,16000000,109900,坡道平面,25.9,1580000,預售屋、或土地及建物分件登記案件；,RPOUMLSKNHLGFKD17DA,78.77,0.0,8.38,有,
永康區,房地(土地+建物)+車位,臺南市永康區永善路１３０號七樓之５,24.52,住,,,1121015,土地1建物1車位1,七層,十五層,住宅大樓(11層含以上有電梯),住家用,鋼筋混凝土造,1150331,156.17000000000002,3,2,2,有,有,15850000,111998,坡道平面,25.9,1260000,預售屋、或土地及建物分件登記案件；,RPXRMLTKNHLGFKD87DA,76.99,0.0,8.2,有,
新營區,房地(土地+建物)+車位,臺南市新營區新進路５０號五樓之五,33.92,住,,,1121022,土地2建物1車位1,五層,八層,華廈(10層含以下有電梯),住家用,鋼筋混凝土造,1150122,126.21000000000001,3,2,2,有,有,9420000,73519,坡道機械,10.05,880000,原承買人3人，改成登記1人。預售屋、或土地及建物分件登記案件；,RPRNMLMJPHLGFDD18DA,73.04,0.0,6.05,有,
北區,房地(土地+建物)+車位,臺南市北區文賢路１１２２巷９３號三樓之２,30.49,住,,,1120902,土地1建物1車位1,三層,十層,華廈(10層含以下有電梯),住家用,鋼筋混凝土造,1150109,145.72,3,2,2,有,有,15700000,119201,一樓平面,29.11,1800000,預售屋、或土地及建物分件登記案件；,RPVOMLOLOHLGFAD68DA,76.34,0.0,6.65,有,
永康區,房地(土地+建物)+車位,臺南市永康區永善路１４６號,14.97,住,,,1120922,土地1建物1車位1,一層,十五層,住宅大樓(11層含以上有電梯),商業用,鋼筋混凝土造,1150331,104.13,0,0,1,有,有,12280000,137032,坡道平面,25.9,1560000,預售屋、或土地及建物分件登記案件；,RPWVMLTKNHLGFKD18DA,46.6,0.0,5.38,有,
永康區,房地(土地+建物)+車位,臺南市永康區永善路１４０號,12.89,住,,,1120930,土地1建物1車位1,一層,十五層,住宅大樓(11層含以上有電梯),商業用,鋼筋混凝土造,1150331,93.30000000000001,0,0,1,有,有,10980000,138279,坡道平面,25.9,1660000,預售屋、或土地及建物分件登記案件；,RPOWMLTKNHLGFKD47DA,39.68,0.0,5.1,有,
永康區,房地(土地+建物),臺南市永康區永安路２９０號六樓之３,13.58,住,,,1120826,土地1建物1車位0,六層,十五層,住宅大樓(11層含以上有電梯),住家用,鋼筋混凝土造,1150303,71.1,2,2,1,有,有,8450000,118847,,0.0,0,預售屋、或土地及建物分件登記案件；,RPXRMLTJNHLGFKD77DA,43.0,0.0,3.47,有,
永康區,房地(土地+建物)+車位,臺南市永康區永善路１３２號十一樓之５,24.62,住,,,1120821,土地1建物1車位1,十一層,十五層,住宅大樓(11層含以上有電梯),住家用,鋼筋混凝土造,1150331,154.67000000000002,3,2,2,有,有,16500000,116021,坡道平面,25.9,1560000,預售屋、或土地及建物分件登記案件；,RPTQMLSKNHLGFKD27DA,76.56,0.0,8.94,有,
永康區,房地(土地+建物)+車位,臺南市永康區永善路１３２號五樓之９,21.39,住,,,1120819,土地1建物1車位1,五層,十五層,住宅大樓(11層含以上有電梯),住家用,鋼筋混凝土造,1150331,137.7,3,2,2,有,有,13800000,109302,坡道平面,25.9,1580000,預售屋、或土地及建物分件登記案件；,RPOVMLSKNHLGFKD27DA,70.56,0.0,3.68,有,
永康區,房地(土地+建物)+車位,臺南市永康區永善路１３０號十五樓之２,30.19,住,,,1120818,土地1建物1車位2,十五層,十五層,住宅大樓(11層含以上有電梯),住家用,鋼筋混凝土造,1150331,212.12,4,2,2,有,有,22330000,119074,坡道平面,51.8,3240000,112.9.9加購車位，金額156萬。預售屋、或土地及建物分件登記案件；,RPOQMLTKNHLGFKD86DA,95.83,0.0,9.01,有,
永康區,房地(土地+建物)+車位,臺南市永康區永善路１３２號五樓之５,24.62,住,,,1120805,土地1建物1車位1,五層,十五層,住宅大樓(11層含以上有電梯),住家用,鋼筋混凝土造,1150331,154.66,3,2,2,有,有,15860000,111059,坡道平面,25.9,1560000,預售屋、或土地及建物分件登記案件；,RPXNMLPKOHLGFKD17DA,76.56,0.0,8.93,有,
永康區,房地(土地+建物)+車位,臺南市永康區永善路１３０號六樓之３,24.37,住,,,1120826,土地1建物1車位1,六層,十五層,住宅大樓(11層含以上有電梯),住家用,鋼筋混凝土造,1150331,155.39,3,2,2,有,有,16930000,117770,坡道平面,25.9,1680000,預售屋、或土地及建物分件登記案件；,RPPNMLRKOHLGFKD56DA,76.41,0.0,8.25,有,
安南區,房地(土地+建物)+車位,臺南市安南區新宅一街３０６號六樓之２,26.76,住,,,1120813,土地1建物1車位2,六層,十四層,住宅大樓(11層含以上有電梯),住家用,鋼筋混凝土造,1150424,188.26999999999998,3,2,2,有,有,14880000,97257,坡道平面,64.68,2860000,預售屋、或土地及建物分件登記案件；,RPTNMLLJPHLGFBD08DA,71.66,0.0,9.28,有,
新營區,房地(土地+建物)+車位,臺南市新營區新進路二段２２７號九樓之六,17.32,商,,,1120715,土地1建物1車位1,九層,十五層,住宅大樓(11層含以上有電梯),住家用,鋼筋混凝土造,1141104,151.12,3,2,2,有,有,12680000,87819,坡道平面,26.66,1750000,113年10月11日A讓渡給B，讓渡持分1/2，讓渡金額0預售屋、或土地及建物分件登記案件；,RPRNMLSKNHLGFDD68DA,70.52,0.0,8.19,有,
永康區,房地(土地+建物)+車位,臺南市永康區永安路２８８號五樓之７,16.34,住,,,1120722,土地1建物1車位1,五層,十五層,住宅大樓(11層含以上有電梯),住家用,鋼筋混凝土造,1150303,111.16999999999999,2,2,1,有,有,11630000,118482,坡道平面,25.25,1450000,114.11.29配偶讓渡預售屋、或土地及建物分件登記案件；,RPTPMLTJNHLGFKD17DA,51.19,0.0,4.75,有,
永康區,房地(土地+建物)+車位,臺南市永康區永安路２９２號十四樓之１,23.47,住,,,1120728,土地1建物1車位1,十四層,十五層,住宅大樓(11層含以上有電梯),住家用,鋼筋混凝土造,1150303,147.0,3,2,2,有,有,19040000,141602,坡道平面,25.25,1800000,預售屋、或土地及建物分件登記案件；,RPRNNLSKNHLGFKD86DA,71.16,0.0,9.15,有,
永康區,房地(土地+建物)+車位,臺南市永康區永安路２９０號十四樓之２,13.73,住,,,1120619,土地1建物1車位1,十四層,十五層,住宅大樓(11層含以上有電梯),住家用,鋼筋混凝土造,1150303,97.03999999999999,2,2,1,有,有,11350000,135813,坡道平面,25.25,1600000,預售屋、或土地及建物分件登記案件；,RPUSMLTJNHLGFKD57DA,43.46,0.0,3.47,有,
永康區,房地(土地+建物)+車位,臺南市永康區永善路１３０號十五樓之１,30.19,住,,,1120621,土地1建物1車位2,十五層,十五層,住宅大樓(11層含以上有電梯),住家用,鋼筋混凝土造,1150331,212.12,4,2,2,有,有,21900000,117889,坡道平面,51.8,3000000,預售屋、或土地及建物分件登記案件；,RPUOMLTKNHLGFKD27DA,95.83,0.0,9.01,有,
永康區,房地(土地+建物)+車位,臺南市永康區永安路２９０號六樓之７,22.39,住,,,1120521,土地1建物1車位1,六層,十五層,住宅大樓(11層含以上有電梯),住家用,鋼筋混凝土造,1150303,142.57999999999998,3,2,2,有,有,15100000,118043,坡道平面,25.25,1250000,112.06.22讓渡，讓渡總價1510萬元整預售屋、或土地及建物分件登記案件；,RPXNMLRKOHLGFKD37DA,68.19,0.0,8.48,有,
中西區,房地(土地+建物)+車位,臺南市中西區頂美三街３７號四樓之３,28.04,住,,,1120522,土地5建物1車位1,四層,十三層,住宅大樓(11層含以上有電梯),住家用,鋼筋混凝土造,1150324,127.74,2,2,2,有,有,13340000,121885,坡道平面,31.83,1650000,預售屋、或土地及建物分件登記案件；,RPSNMLTLOHLGFAD78DA,59.95,0.0,3.6,有,
中西區,房地(土地+建物)+車位,臺南市中西區頂美三街３７號七樓之６,35.24,住,,,1120531,土地5建物1車位1,七層,十三層,住宅大樓(11層含以上有電梯),住家用,鋼筋混凝土造,1150324,152.32999999999998,3,2,2,有,有,17634047,131403,坡道平面,31.83,1800000,合約價格：17660000元，工程款減帳25953元，實際交易總價：17634047元預售屋、或土地及建物分件登記案件；,RPVNMLTLOHLGFAD09DA,72.32,0.0,7.53,有,
中西區,房地(土地+建物)+車位,臺南市中西區頂美三街３７號九樓之５,28.04,住,,,1120526,土地5建物1車位1,九層,十三層,住宅大樓(11層含以上有電梯),住家用,鋼筋混凝土造,1150324,127.74,2,2,2,有,有,14590000,134397,坡道平面,31.83,1700000,預售屋、或土地及建物分件登記案件；,RPWNMLTLOHLGFAD56DA,59.7,0.0,3.85,有,
永康區,房地(土地+建物)+車位,臺南市永康區永善路１３０號三樓之７,24.17,住,,,1120506,土地1建物1車位1,三層,十五層,住宅大樓(11層含以上有電梯),住家用,鋼筋混凝土造,1150331,154.42000000000002,3,2,2,有,有,15580000,108932,坡道平面,25.9,1580000,預售屋、或土地及建物分件登記案件；,RPQUMLTKNHLGFKD47DA,75.8,0.0,8.24,有,
仁德區,房地(土地+建物)+車位,臺南市仁德區保生路４０號,18.63,商,,,1120424,土地1建物1車位1,一層,十五層,住宅大樓(11層含以上有電梯),住家用,鋼筋混凝土造,1141117,154.99,0,0,0,無,有,19720000,138127,坡道平面,24.82,1740000,114/02/07加購地下一層27號車位，車位價格新台幣174萬元整，原買賣總價款新台幣1798萬元整，變更為新台幣1972萬元整。預售屋、或土地及建物分件登記案件；,RPSNMLPLNHLGFID09DA,82.98,0.0,3.37,有,
永康區,房地(土地+建物)+車位,臺南市永康區永安路２８８號四樓之６,15.93,住,,,1120417,土地1建物1車位1,四層,十五層,住宅大樓(11層含以上有電梯),住家用,鋼筋混凝土造,1150303,108.99000000000001,2,2,1,有,有,11090000,117507,坡道平面,25.25,1250000,預售屋、或土地及建物分件登記案件；,RPQOMLTJNHLGFKD76DA,50.39,0.0,4.17,有,
永康區,房地(土地+建物)+車位,臺南市永康區永安路２９０號四樓之２,13.58,住,,,1120423,土地1建物1車位1,四層,十五層,住宅大樓(11層含以上有電梯),住家用,鋼筋混凝土造,1150303,96.36,2,2,1,有,有,9540000,116580,坡道平面,25.25,1250000,113.02.20讓渡，讓渡總價960萬元整預售屋、或土地及建物分件登記案件；,RPPRMLTJNHLGFKD96DA,43.0,0.0,3.47,有,
仁德區,房地(土地+建物)+車位,臺南市仁德區賢路一段５５１號八樓之７,34.16,住,,,1120402,土地1建物1車位1,八層,十四層,住宅大樓(11層含以上有電梯),住家用,鋼筋混凝土造,1150123,155.69,3,2,2,有,有,12800000,87637,坡道平面,27.89,1600000,預售屋、或土地及建物分件登記案件；,RPTNMLRLNHLGFID76DA,76.4,0.0,9.22,有,
永康區,房地(土地+建物)+車位,臺南市永康區新行街３９０號四樓之２,19.66,住,,,1120430,土地1建物1車位2,四層,十四層,住宅大樓(11層含以上有電梯),住家用,鋼筋混凝土造,1141203,140.11,2,2,2,有,有,12950000,105594,坡道平面,49.48,3380000,預售屋、或土地及建物分件登記案件；,RPUNMLOLKHLGFKD09DA,54.82,0.0,4.52,有,
永康區,房地(土地+建物)+車位,臺南市永康區永善路１３２號九樓之９,21.24,住,,,1120415,土地1建物1車位1,九層,十五層,住宅大樓(11層含以上有電梯),住家用,鋼筋混凝土造,1150331,137.08,3,2,2,有,有,13900000,110991,坡道平面,25.9,1560000,讓渡日期:115.1.28；讓渡金額:1390萬元整預售屋、或土地及建物分件登記案件；,RPSVMLSKNHLGFKD67DA,70.16,0.0,3.68,有,
永康區,房地(土地+建物)+車位,臺南市永康區永善路１３０號四樓之７,24.17,住,,,1120406,土地1建物1車位1,四層,十五層,住宅大樓(11層含以上有電梯),住家用,鋼筋混凝土造,1150331,154.42000000000002,3,2,2,有,有,15000000,106987,坡道平面,25.9,1250000,預售屋、或土地及建物分件登記案件；,RPRUMLTKNHLGFKD57DA,75.8,0.0,8.24,有,
永康區,房地(土地+建物)+車位,臺南市永康區永善路１３２號十五樓之３,25.33,住,,,1120416,土地1建物1車位1,十五層,十五層,住宅大樓(11層含以上有電梯),住家用,鋼筋混凝土造,1150331,158.49,3,2,2,有,有,17460000,119919,坡道平面,25.9,1560000,讓渡日期:115.3.14；讓渡金額:1746萬元整預售屋、或土地及建物分件登記案件；,RPTOMLLKOHLGFKD09DA,78.38,0.0,9.64,有,
仁德區,房地(土地+建物)+車位,臺南市仁德區賢路一段５５１號五樓之７,34.16,住,,,1120314,土地1建物1車位1,五層,十四層,住宅大樓(11層含以上有電梯),住家用,鋼筋混凝土造,1150123,155.69,3,2,2,有,有,12210000,82629,坡道平面,27.89,1650000,預售屋、或土地及建物分件登記案件；,RPRPMLRLNHLGFID76DA,76.4,0.0,9.22,有,
仁德區,房地(土地+建物)+車位,臺南市仁德區賢路一段５５１號七樓之２,34.24,住,,,1120326,土地1建物1車位1,七層,十四層,住宅大樓(11層含以上有電梯),住家用,鋼筋混凝土造,1150123,155.93,3,2,2,有,有,12460000,86379,坡道平面,27.89,1400000,預售屋、或土地及建物分件登記案件；,RPUPMLRLNHLGFID07DA,76.96,0.0,8.84,有,
永康區,房地(土地+建物)+車位,臺南市永康區永善路１３２號十一樓之１,25.53,住,,,1120327,土地1建物1車位1,十一層,十五層,住宅大樓(11層含以上有電梯),住家用,鋼筋混凝土造,1150331,159.55,3,2,2,有,有,17460000,118818,坡道平面,25.9,1580000,預售屋、或土地及建物分件登記案件；,RPOOMLOKNHLGFKD78DA,80.65,0.0,8.14,有,
永康區,房地(土地+建物)+車位,臺南市永康區永善路１３２號七樓之９,21.39,住,,,1120312,土地1建物1車位1,七層,十五層,住宅大樓(11層含以上有電梯),住家用,鋼筋混凝土造,1150331,137.7,3,2,2,有,有,13500000,109571,坡道平面,25.9,1250000,預售屋、或土地及建物分件登記案件；,RPQVMLSKNHLGFKD47DA,70.56,0.0,3.68,有,
永康區,房地(土地+建物)+車位,臺南市永康區永安路２９０號三樓之５,21.57,住,,,1120227,土地1建物1車位1,三層,十五層,住宅大樓(11層含以上有電梯),住家用,鋼筋混凝土造,1150303,138.01,3,2,2,有,有,14850000,117506,坡道平面,25.25,1600000,預售屋、或土地及建物分件登記案件；,RPXSMLTJNHLGFKD87DA,69.16,0.0,4.57,有,
永康區,房地(土地+建物)+車位,臺南市永康區自強路３７７號二樓之３,34.19,住,,,1120113,土地1建物1車位1,二層,九層,華廈(10層含以下有電梯),住家用,鋼筋混凝土造,1150505,131.6,3,2,2,有,有,12600000,102619,一樓平面,23.92,1550000,預售屋、或土地及建物分件登記案件；,RPVNMLOLOHLGFKD96DA,66.28,0.0,7.75,有,
永康區,房地(土地+建物)+車位,臺南市永康區永安路２８８號九樓之６,15.93,住,,,1120117,土地1建物1車位1,九層,十五層,住宅大樓(11層含以上有電梯),住家用,鋼筋混凝土造,1150303,108.99000000000001,2,2,1,有,有,11760000,121328,坡道平面,25.25,1600000,預售屋、或土地及建物分件登記案件；,RPVOMLTJNHLGFKD27DA,50.39,0.0,4.17,有,
永康區,房地(土地+建物)+車位,臺南市永康區永安路２９０號四樓之５,21.57,住,,,1120119,土地1建物1車位1,四層,十五層,住宅大樓(11層含以上有電梯),住家用,鋼筋混凝土造,1150303,138.01,3,2,2,有,有,14870000,116797,坡道平面,25.25,1700000,預售屋、或土地及建物分件登記案件；,RPOTMLTJNHLGFKD07DA,69.16,0.0,4.57,有,
北區,房地(土地+建物)+車位,臺南市北區西門路四段５３３巷２８號十二樓之５,25.3,住,,,1120104,土地1建物1車位1,十二層,十四層,住宅大樓(11層含以上有電梯),住家用,鋼筋混凝土造,1150506,151.87,3,2,2,有,有,11140000,82884,坡道平面,34.96,1450000,親友、員工、共有人或其他特殊關係間之交易；預售屋、或土地及建物分件登記案件；,RPPOMLTLOHLGFAD58DA,72.26,0.0,4.41,有,
北區,房地(土地+建物)+車位,臺南市北區西門路四段５３３巷２８號七樓之１,25.48,住,,,1120104,土地1建物1車位2,七層,十四層,住宅大樓(11層含以上有電梯),住家用,鋼筋混凝土造,1150506,187.07,3,2,2,有,有,12270000,79983,坡道平面,69.92,2900000,親友、員工、共有人或其他特殊關係間之交易；預售屋、或土地及建物分件登記案件；,RPSPMLTLOHLGFAD98DA,72.1,0.0,4.57,有,
北區,房地(土地+建物)+車位,臺南市北區西門路四段５３３巷２８號七樓之２,26.41,住,,,1120104,土地1建物1車位1,七層,十四層,住宅大樓(11層含以上有電梯),住家用,鋼筋混凝土造,1150506,156.4,3,2,2,有,有,11480000,82592,坡道平面,34.96,1450000,親友、員工、共有人或其他特殊關係間之交易；預售屋、或土地及建物分件登記案件；,RPXPMLKMOHLGFAD68DA,74.42,0.0,5.03,有,
仁德區,房地(土地+建物)+車位,臺南市仁德區賢路一段５５３號,44.99,住,,,1111216,土地1建物1車位1,一層,十四層,住宅大樓(11層含以上有電梯),其他,鋼筋混凝土造,1150123,161.82999999999998,0,0,1,有,有,17680000,119420,坡道平面,26.76,1550000,指定登記名義人預售屋、或土地及建物分件登記案件；,RPVOMLRLNHLGFID07DA,112.77,0.0,0.0,有,
永康區,房地(土地+建物)+車位,臺南市永康區自強路３７７號二樓之１,34.19,住,,,1111220,土地1建物1車位1,二層,九層,華廈(10層含以下有電梯),住家用,鋼筋混凝土造,1150505,131.25,3,2,2,有,有,13000000,106680,一樓平面,23.92,1550000,預售屋、或土地及建物分件登記案件；,RPUNMLTLOHLGFKD37DA,66.1,0.0,7.58,有,
仁德區,房地(土地+建物)+車位,臺南市仁德區賢路一段５５１號十二樓之６,30.38,住,,,1111119,土地1建物1車位1,十二層,十四層,住宅大樓(11層含以上有電梯),住家用,鋼筋混凝土造,1150123,141.59,3,2,2,有,有,12070000,93404,坡道平面,27.89,1450000,本案件為預售屋權利讓渡，讓渡後價格為1207萬元預售屋、或土地及建物分件登記案件；,RPOOMLRLNHLGFID98DA,72.09,0.0,4.1,有,
仁德區,房地(土地+建物)+車位,臺南市仁德區賢路一段５５１號十二樓之３,25.44,住,,,1111129,土地1建物1車位1,十二層,十四層,住宅大樓(11層含以上有電梯),住家用,鋼筋混凝土造,1150123,121.95,2,2,1,有,有,10540000,95493,坡道平面,26.76,1450000,此為預售屋讓渡，讓渡後價格1054萬預售屋、或土地及建物分件登記案件；,RPTOMLRLNHLGFID86DA,59.35,0.0,4.4,有,
仁德區,房地(土地+建物)+車位,臺南市仁德區保生路４２號,18.63,商,,,1111017,土地1建物1車位1,一層,十五層,住宅大樓(11層含以上有電梯),住家用,鋼筋混凝土造,1141117,154.97,0,0,0,無,有,19740000,138302,坡道平面,24.82,1740000,114/02/07加購地下一層25號車位，車位價格新台幣174萬元整，原買賣總價款新台幣1800萬元整，變更為新台幣1974萬元整。預售屋、或土地及建物分件登記案件；,RPRNMLPLNHLGFID98DA,82.96,0.0,3.37,有,
北區,房地(土地+建物)+車位,臺南市北區立賢路二段５號六樓之１８,7.22,住,,,1110921,土地1建物1車位1,六層,二十四層,住宅大樓(11層含以上有電梯),住家用,鋼筋混凝土造,1150511,77.38,2,1,1,有,有,8520000,109917,坡道機械,6.69,750000,本案於113年10月24日讓渡，其權利契約買賣價格不變。預售屋、或土地及建物分件登記案件；,RPRPMLMJPHLGFAD08DA,38.59,2.04,4.24,有,
中西區,房地(土地+建物)+車位,臺南市中西區南華街２３號六樓之５,27.83,住,,,1110709,土地2建物1車位1,六層,十二層,住宅大樓(11層含以上有電梯),住家用,鋼筋混凝土造,1141110,191.57999999999998,2,2,2,有,有,21350000,123120,坡道平面,34.01,1950000,預售屋、或土地及建物分件登記案件；,RPSOMLOLOHLGFAD38DA,88.25,0.0,14.16,有,
永康區,房地(土地+建物)+車位,臺南市永康區自強路３７７號六樓之５,27.96,住,,,1110727,土地1建物1車位1,六層,九層,華廈(10層含以下有電梯),住家用,鋼筋混凝土造,1150505,111.6,2,2,2,有,有,11630000,114964,一樓平面,23.92,1550000,預售屋、或土地及建物分件登記案件；,RPQOMLOLOHLGFKD56DA,55.24,0.0,4.92,有,
永康區,房地(土地+建物)+車位,臺南市永康區自強路３７７號八樓之５,27.96,住,,,1110725,土地1建物1車位1,八層,九層,華廈(10層含以下有電梯),住家用,鋼筋混凝土造,1150505,111.6,2,2,2,有,有,11910000,118157,一樓平面,23.92,1550000,讓渡日期：112.01.30母女 價格不變預售屋、或土地及建物分件登記案件；,RPROMLOLOHLGFKD66DA,55.24,0.0,4.92,有,
佳里區,房地(土地+建物)+車位,臺南市佳里區公園路６３６號十樓之１,50.31,住,,,1110611,土地1建物1車位1,十層,十層,華廈(10層含以下有電梯),住家用,鋼筋混凝土造,1141103,206.39999999999998,3,2,2,有,有,15990000,83422,坡道平面,27.91,1100000,預售屋、或土地及建物分件登記案件；,RPTNMLTLOHLGFGD86DA,108.97,0.0,17.13,有,
北區,房地(土地+建物)+車位,臺南市北區立賢路二段５號十九樓之５,7.27,住,,,1110613,土地1建物1車位1,十九層,二十四層,住宅大樓(11層含以上有電梯),住家用,鋼筋混凝土造,1150511,77.64,2,1,1,有,有,8480000,107541,坡道機械,6.69,850000,預售屋、或土地及建物分件登記案件；,RPQPMLOJPHLGFAD18DA,38.7,2.04,4.39,有,
北區,房地(土地+建物)+車位,臺南市北區西門路四段５３３巷２８號四樓之９,25.5,住,,,1110519,土地1建物1車位1,四層,十四層,住宅大樓(11層含以上有電梯),住家用,鋼筋混凝土造,1150506,149.26,3,2,2,有,有,12500000,93745,坡道平面,31.92,1500000,預售屋、或土地及建物分件登記案件；,RPROMLQJPHLGFAD38DA,72.35,0.0,4.41,有,
永康區,房地(土地+建物)+車位,臺南市永康區自強路３７７號六樓之１,34.18,住,,,1110417,土地1建物1車位1,六層,九層,華廈(10層含以下有電梯),住家用,鋼筋混凝土造,1150505,131.25,3,2,2,有,有,13500000,110407,坡道平面,23.92,1650000,預售屋、或土地及建物分件登記案件；,RPQNMLOLOHLGFKD09DA,66.1,0.0,7.58,有,
永康區,房地(土地+建物)+車位,臺南市永康區自強路３７７號四樓之１,34.18,住,,,1110417,土地1建物1車位1,四層,九層,華廈(10層含以下有電梯),住家用,鋼筋混凝土造,1150505,131.25,3,2,2,有,有,13220000,108730,一樓平面,23.92,1550000,預售屋、或土地及建物分件登記案件；,RPSNMLOLOHLGFKD66DA,66.1,0.0,7.58,有,
永康區,房地(土地+建物)+車位,臺南市永康區自強路３７７號三樓之２,34.18,住,,,1110415,土地1建物1車位1,三層,九層,華廈(10層含以下有電梯),住家用,鋼筋混凝土造,1150505,131.6,3,2,2,有,有,13520000,109305,坡道平面,23.92,1750000,預售屋、或土地及建物分件登記案件；,RPTNMLOLOHLGFKD76DA,66.28,0.0,7.75,有,
永康區,房地(土地+建物)+車位,臺南市永康區自強路３７７號六樓之３,34.18,住,,,1110414,土地1建物1車位1,六層,九層,華廈(10層含以下有電梯),住家用,鋼筋混凝土造,1150505,128.26,2,2,2,有,有,13400000,110059,坡道平面,20.59,1550000,預售屋、或土地及建物分件登記案件；,RPXNMLOLOHLGFKD17DA,66.28,0.0,7.75,有,
永康區,房地(土地+建物)+車位,臺南市永康區自強路３７７號三樓之５,27.96,住,,,1110414,土地1建物1車位1,三層,九層,華廈(10層含以下有電梯),住家用,鋼筋混凝土造,1150505,108.27,2,2,2,有,有,11140000,109375,坡道平面,20.59,1550000,預售屋、或土地及建物分件登記案件；,RPOOMLOLOHLGFKD98DA,55.24,0.0,4.92,有,
永康區,房地(土地+建物)+車位,臺南市永康區自強路３７７號四樓之５,27.96,住,,,1110416,土地1建物1車位1,四層,九層,華廈(10層含以下有電梯),住家用,鋼筋混凝土造,1150505,108.27,2,2,2,有,有,10940000,108234,一樓平面,20.59,1450000,預售屋、或土地及建物分件登記案件；,RPPOMLOLOHLGFKD09DA,55.24,0.0,4.92,有,
永康區,房地(土地+建物)+車位,臺南市永康區自強路３７７號三樓之３,34.18,住,,,1110416,土地1建物1車位1,三層,九層,華廈(10層含以下有電梯),住家用,鋼筋混凝土造,1150505,128.26,3,2,2,有,有,13030000,106622,一樓平面,20.59,1550000,預售屋、或土地及建物分件登記案件；,RPSPMLOLOHLGFKD86DA,66.28,0.0,7.75,有,
永康區,房地(土地+建物)+車位,臺南市永康區自強路３７７號八樓之２,34.18,住,,,1110417,土地1建物1車位1,八層,九層,華廈(10層含以下有電梯),住家用,鋼筋混凝土造,1150505,131.6,3,2,2,有,有,14110000,115713,坡道平面,23.92,1650000,讓渡日期：113.11.29夫妻讓渡 價格不變預售屋、或土地及建物分件登記案件；,RPVPMLOLOHLGFKD17DA,66.28,0.0,7.75,有,
北區,房地(土地+建物)+車位,臺南市北區西門路四段５３３巷２８號十四樓之６,25.5,住,,,1110123,土地1建物1車位1,十四層,十四層,住宅大樓(11層含以上有電梯),住家用,鋼筋混凝土造,1150506,152.3,3,2,2,有,有,13770000,104142,坡道平面,34.96,1550000,預售屋、或土地及建物分件登記案件；,RPTOMLKMOHLGFAD18DA,72.35,0.0,4.41,有,
中西區,房地(土地+建物)+車位,臺南市中西區南華街２３號七樓之１,27.73,住,,,1101215,土地2建物1車位1,七層,十二層,住宅大樓(11層含以上有電梯),住家用,鋼筋混凝土造,1141110,190.82,2,2,2,有,有,19880000,115299,坡道平面,34.01,1800000,預售屋、或土地及建物分件登記案件；,RPXNMLOLOHLGFAD78DA,90.33,0.0,11.59,有,
中西區,房地(土地+建物)+車位,臺南市中西區南華街２３號九樓之１,27.73,住,,,1101224,土地2建物1車位1,九層,十二層,住宅大樓(11層含以上有電梯),住家用,鋼筋混凝土造,1141110,190.82,2,2,2,有,有,19830000,113704,坡道平面,34.01,2000000,買方於民國113年9月13日讓渡取得，讓渡金額2175萬元預售屋、或土地及建物分件登記案件；,RPOOMLOLOHLGFAD97DA,90.33,0.0,11.59,有,
北區,房地(土地+建物)+車位,臺南市北區西門路四段５３３巷２８號十三樓之８,17.43,住,,,1101211,土地1建物1車位1,十三層,十四層,住宅大樓(11層含以上有電梯),住家用,鋼筋混凝土造,1150506,115.09,2,2,1,有,有,9680000,102708,坡道平面,34.96,1450000,預售屋、或土地及建物分件登記案件；,RPOPMLTLOHLGFAD58DA,48.35,0.0,4.06,有,
北區,房地(土地+建物)+車位,臺南市北區西門路四段５３３巷２８號十二樓之８,17.43,住,,,1101204,土地1建物1車位1,十二層,十四層,住宅大樓(11層含以上有電梯),住家用,鋼筋混凝土造,1150506,115.09,2,2,1,有,有,9580000,101460,坡道平面,34.96,1450000,夫妻間讓與預售屋、或土地及建物分件登記案件；,RPTOMLQJPHLGFAD58DA,48.35,0.0,4.06,有,
鹽水區,土地,舊營段後寮小段1531地號,1219.88,,特定農業區,農牧用地,1101113,土地3建物0車位0,,,其他,,,,0.0,0,0,0,無,無,900000,738,,0.0,0,親友、員工、共有人或其他特殊關係間之交易；未登記建物；,RPPNMLKMOHLGFDD97DA,0.0,0.0,0.0,無,
北區,房地(土地+建物)+車位,臺南市北區西門路四段５３３巷２８號十一樓之１０,25.01,住,,,1101120,土地1建物1車位1,十一層,十四層,住宅大樓(11層含以上有電梯),住家用,鋼筋混凝土造,1150506,150.06,3,2,2,有,有,12750000,97307,坡道平面,34.96,1550000,預售屋、或土地及建物分件登記案件；,RPXOMLTLOHLGFAD76DA,70.89,0.0,4.41,有,
北區,房地(土地+建物)+車位,臺南市北區西門路四段５３３巷２８號二樓之２,26.41,住,,,1101115,土地1建物1車位1,二層,十四層,住宅大樓(11層含以上有電梯),住家用,鋼筋混凝土造,1150506,156.4,3,2,2,有,有,12900000,93462,坡道平面,34.96,1550000,112/4/22簽立讓渡書，讓渡金額不變。預售屋、或土地及建物分件登記案件；,RPPPMLTLOHLGFAD68DA,74.42,0.0,5.03,有,
北區,房地(土地+建物)+車位,臺南市北區西門路四段５３３巷２８號六樓之９,25.5,住,,,1101115,土地1建物1車位1,六層,十四層,住宅大樓(11層含以上有電梯),住家用,鋼筋混凝土造,1150506,152.3,3,2,2,有,有,12720000,95620,坡道平面,34.96,1500000,113/1/9簽立讓渡書，讓渡金額不變。預售屋、或土地及建物分件登記案件；,RPRPMLTLOHLGFAD88DA,72.35,0.0,4.41,有,
北區,房地(土地+建物)+車位,臺南市北區西門路四段５３３巷２８號八樓之９,25.5,住,,,1101124,土地1建物1車位1,八層,十四層,住宅大樓(11層含以上有電梯),住家用,鋼筋混凝土造,1150506,152.3,3,2,2,有,有,12880000,97409,坡道平面,34.96,1450000,預售屋、或土地及建物分件登記案件；,RPXNMLKMOHLGFAD48DA,72.35,0.0,4.41,有,
北區,房地(土地+建物)+車位,臺南市北區西門路四段５３３巷２８號十樓之３,17.15,住,,,1101112,土地1建物1車位1,十層,十四層,住宅大樓(11層含以上有電梯),住家用,鋼筋混凝土造,1150506,110.72999999999999,2,2,1,有,有,8970000,96688,坡道平面,31.92,1350000,預售屋、或土地及建物分件登記案件；,RPOOMLKMOHLGFAD67DA,47.43,0.0,4.12,有,
北區,房地(土地+建物)+車位,臺南市北區西門路四段５３３巷２８號十三樓之５,25.3,住,,,1101115,土地1建物1車位1,十三層,十四層,住宅大樓(11層含以上有電梯),住家用,鋼筋混凝土造,1150506,151.87,3,2,2,有,有,12890000,96998,坡道平面,34.96,1550000,預售屋、或土地及建物分件登記案件；,RPROMLKMOHLGFAD97DA,72.26,0.0,4.41,有,
北區,房地(土地+建物)+車位,臺南市北區西門路四段５３３巷２８號八樓之１,25.48,住,,,1101111,土地1建物1車位1,八層,十四層,住宅大樓(11層含以上有電梯),住家用,鋼筋混凝土造,1150506,152.11,3,2,2,有,有,12650000,94750,坡道平面,34.96,1550000,113/11/28簽立讓渡書，讓渡金額不變。預售屋、或土地及建物分件登記案件；,RPSOMLKMOHLGFAD08DA,72.1,0.0,4.57,有,
北區,房地(土地+建物)+車位,臺南市北區西門路四段５３３巷２８號五樓之３,17.15,住,,,1101109,土地1建物1車位1,五層,十四層,住宅大樓(11層含以上有電梯),住家用,鋼筋混凝土造,1150506,113.77,2,2,1,有,有,8720000,91613,坡道平面,34.96,1500000,1.111/6/1簽立讓渡書，讓渡金額：新台幣880萬元。2.於114/11/6夫妻間讓與。預售屋、或土地及建物分件登記案件；,RPVPMLKMOHLGFAD48DA,47.43,0.0,4.12,有,
北區,房地(土地+建物)+車位,臺南市北區西門路四段５３３巷２８號十二樓之１０,25.01,住,,,1101114,土地1建物1車位1,十二層,十四層,住宅大樓(11層含以上有電梯),住家用,鋼筋混凝土造,1150506,150.06,3,2,2,有,有,12610000,96525,坡道平面,34.96,1500000,114/11/21簽立讓渡書，讓渡金額：新台幣1368萬元。預售屋、或土地及建物分件登記案件；,RPOQMLKMOHLGFAD87DA,70.89,0.0,4.41,有,
北區,房地(土地+建物)+車位,臺南市北區立賢路二段５號五樓之２２,13.12,住,,,1101125,土地1建物1車位1,五層,二十四層,住宅大樓(11層含以上有電梯),住家用,鋼筋混凝土造,1150511,153.0,3,1,2,有,有,12980000,89973,坡道平面,24.85,1450000,本案於113年11月1日讓渡，其權利契約買賣價格不變。預售屋、或土地及建物分件登記案件；,RPPPMLMJPHLGFAD87DA,67.16,9.85,4.28,有,
北區,房地(土地+建物)+車位,臺南市北區立賢路二段５號六樓之１７,9.97,住,,,1101115,土地1建物1車位1,六層,二十四層,住宅大樓(11層含以上有電梯),住家用,鋼筋混凝土造,1150511,104.32,2,1,1,有,有,9950000,93209,坡道機械,6.69,850000,預售屋、或土地及建物分件登記案件；,RPQPMLMJPHLGFAD97DA,51.4,6.38,4.23,有,
北區,房地(土地+建物)+車位,臺南市北區立賢路二段５號二十四樓之１５,7.85,住,,,1101125,土地1建物1車位1,二十四層,二十四層,住宅大樓(11層含以上有電梯),住家用,鋼筋混凝土造,1150511,83.22,2,1,1,有,有,8280000,97086,坡道機械,6.69,850000,本案於113年10月25日讓渡，其權利契約買賣價格不變。預售屋、或土地及建物分件登記案件；,RPSPMLOJPHLGFAD38DA,41.45,3.98,3.13,有,
北區,房地(土地+建物)+車位,臺南市北區西門路四段５３３巷２８號十樓之２,26.41,住,,,1101115,土地1建物1車位1,十層,十四層,住宅大樓(11層含以上有電梯),住家用,鋼筋混凝土造,1150506,156.4,3,2,2,有,有,13420000,98567,坡道平面,34.96,1450000,預售屋、或土地及建物分件登記案件；,RPQOMLQJPHLGFAD28DA,74.42,0.0,5.03,有,
北區,房地(土地+建物)+車位,臺南市北區西門路四段５３３巷２８號五樓之９,25.5,住,,,1101120,土地1建物1車位1,五層,十四層,住宅大樓(11層含以上有電梯),住家用,鋼筋混凝土造,1150506,149.26,3,2,2,有,有,12660000,95534,坡道平面,31.92,1450000,預售屋、或土地及建物分件登記案件；,RPSOMLQJPHLGFAD48DA,72.35,0.0,4.41,有,
北區,房地(土地+建物)+車位,臺南市北區立賢路二段５號四樓之２,9.97,住,,,1101026,土地1建物1車位1,四層,二十四層,住宅大樓(11層含以上有電梯),住家用,鋼筋混凝土造,1150511,104.1,2,1,1,有,有,9680000,90648,坡道機械,6.69,850000,本案於112年3月14日讓渡，其權利契約買賣價格不變。預售屋、或土地及建物分件登記案件；,RPWNMLMJPHLGFAD38DA,51.58,4.78,5.43,有,
北區,房地(土地+建物)+車位,臺南市北區立賢路二段５號二十一樓之１２,7.85,住,,,1101007,土地1建物1車位1,二十一層,二十四層,住宅大樓(11層含以上有電梯),住家用,鋼筋混凝土造,1150511,83.22,2,1,1,有,有,7730000,89899,坡道機械,6.69,850000,預售屋、或土地及建物分件登記案件；,RPSOMLOJPHLGFAD28DA,41.45,3.98,3.13,有,
北區,房地(土地+建物)+車位,臺南市北區立賢路二段５號十四樓之２,9.97,住,,,1100825,土地1建物1車位1,十四層,二十四層,住宅大樓(11層含以上有電梯),住家用,鋼筋混凝土造,1150511,104.1,2,1,1,有,有,9430000,88081,坡道機械,6.69,850000,預售屋、或土地及建物分件登記案件；,RPVNMLOJPHLGFAD48DA,51.58,4.78,5.43,有,
北區,房地(土地+建物)+車位,臺南市北區立賢路二段５號二十三樓之２１,9.97,住,,,1100826,土地1建物1車位1,二十三層,二十四層,住宅大樓(11層含以上有電梯),住家用,鋼筋混凝土造,1150511,104.1,2,1,1,有,有,9700000,89827,坡道機械,6.69,950000,本案於114年8月23日讓渡，其權利契約買賣價格不變。預售屋、或土地及建物分件登記案件；,RPOPMLOJPHLGFAD97DA,51.58,4.78,5.43,有,
北區,房地(土地+建物)+車位,臺南市北區立賢路二段５號十八樓之１,13.12,住,,,1100822,土地1建物1車位1,十八層,二十四層,住宅大樓(11層含以上有電梯),住家用,鋼筋混凝土造,1150511,153.0,3,2,2,有,有,12750000,87788,坡道平面,24.85,1500000,預售屋、或土地及建物分件登記案件；,RPPPMLOJPHLGFAD08DA,67.16,9.85,4.28,有,
北區,房地(土地+建物)+車位,臺南市北區立賢路二段５號十九樓之１,13.12,住,,,1100516,土地1建物1車位1,十九層,二十四層,住宅大樓(11層含以上有電梯),住家用,鋼筋混凝土造,1150511,153.0,3,1,2,有,有,12130000,82169,坡道平面,24.85,1600000,本案於111年4月8日讓渡，其權利契約買賣價格不變。預售屋、或土地及建物分件登記案件；,RPRPMLOJPHLGFAD28DA,67.16,9.85,4.28,有,
北區,房地(土地+建物)+車位,臺南市北區立賢路二段５號十三樓之１７,9.97,住,,,1100415,土地1建物1車位1,十三層,二十四層,住宅大樓(11層含以上有電梯),住家用,鋼筋混凝土造,1150511,104.32,2,1,1,有,有,9100000,84503,坡道機械,6.69,850000,預售屋、或土地及建物分件登記案件；,RPUNMLOJPHLGFAD38DA,51.4,6.38,4.23,有,
安平區,房地(土地+建物)+車位,臺南市安平區國平南路１００號三樓之７,18.24,商,,,1100321,土地1建物1車位1,三層,二十六層,住宅大樓(11層含以上有電梯),住家用,鋼骨造,1150130,216.38,3,2,2,有,有,15443760,73900,坡道平面,24.99,1300000,111/10/26簽變更設計確認表減少新臺幣76240元整。預售屋、或土地及建物分件登記案件；,RPOOMLNJPHLGFAD77DA,116.35,0.0,12.02,有,
安平區,房地(土地+建物)+車位,臺南市安平區國平南路１００號五樓之１,27.92,商,,,1100318,土地1建物1車位2,五層,二十六層,住宅大樓(11層含以上有電梯),住家用,鋼骨造,1150130,342.48,3,2,4,有,有,29898562,92303,坡道平面,49.98,2900000,112/4/11簽變更設計確認表增加新臺幣308562元整。合約書無拆分車位價格。預售屋、或土地及建物分件登記案件；,RPTNMLPLOHLGFAD48DA,165.25,0.0,30.74,有,
安平區,房地(土地+建物)+車位,臺南市安平區國平南路１０２號十六樓之２,27.64,商,,,1100331,土地1建物1車位1,十六層,二十六層,住宅大樓(11層含以上有電梯),住家用,鋼骨造,1150130,314.81,1,2,2,有,有,28275833,92560,坡道平面,24.99,1450000,112/12/10簽變更設計確認表減少新臺幣34256元整。114/9/10簽變更設計確認表增加新臺幣10089元整。預售屋、或土地及建物分件登記案件；,RPOOMLPLOHLGFAD08DA,165.55,0.0,28.33,有,
北區,房地(土地+建物)+車位,臺南市北區立賢路二段５號十八樓之３,12.72,住,,,1100329,土地1建物1車位1,十八層,二十四層,住宅大樓(11層含以上有電梯),住家用,鋼筋混凝土造,1150511,149.28,2,2,2,有,有,11820000,83742,坡道平面,24.85,1400000,預售屋、或土地及建物分件登記案件；,RPTPMLOJPHLGFAD48DA,66.52,9.07,3.42,有,
北區,房地(土地+建物)+車位,臺南市北區立賢路二段５號三樓之１９,7.22,住,,,1100103,土地1建物1車位1,三層,二十四層,住宅大樓(11層含以上有電梯),住家用,鋼筋混凝土造,1150511,77.38,2,1,1,有,有,6450000,79219,坡道機械,6.69,850000,預售屋、或土地及建物分件登記案件；,RPTNMLMJPHLGFAD08DA,38.7,2.04,4.13,有,
北區,房地(土地+建物)+車位,臺南市北區立賢路二段５號十九樓之８,7.8,住,,,1091220,土地1建物1車位1,十九層,二十四層,住宅大樓(11層含以上有電梯),住家用,鋼筋混凝土造,1150511,100.86,2,1,1,有,有,7200000,78937,坡道平面,24.85,1200000,預售屋、或土地及建物分件登記案件；,RPWNMLOJPHLGFAD58DA,41.45,3.7,3.13,有,
北區,房地(土地+建物)+車位,臺南市北區立賢路二段５號二十樓之２,9.97,住,,,1091219,土地1建物1車位1,二十層,二十四層,住宅大樓(11層含以上有電梯),住家用,鋼筋混凝土造,1150511,122.25999999999999,2,1,1,有,有,8900000,78021,坡道平面,24.85,1300000,預售屋、或土地及建物分件登記案件；,RPQOMLOJPHLGFAD08DA,51.58,4.78,5.43,有,
北區,房地(土地+建物)+車位,臺南市北區立賢路二段５號五樓之８,7.8,住,,,1091107,土地1建物1車位1,五層,二十四層,住宅大樓(11層含以上有電梯),住家用,鋼筋混凝土造,1150511,100.86,2,1,1,有,有,6430000,68807,坡道平面,24.85,1200000,預售屋、或土地及建物分件登記案件；,RPXOMLMJPHLGFAD58DA,41.45,3.7,3.13,有,
北區,房地(土地+建物)+車位,臺南市北區立賢路二段５號十四樓之１２,8.07,住,,,1091104,土地1建物1車位1,十四層,二十四層,住宅大樓(11層含以上有電梯),住家用,鋼筋混凝土造,1150511,85.82,2,1,1,有,有,6050000,66978,坡道機械,6.69,750000,本案於111年7月26日讓渡，其權利契約買賣價格750萬元整。預售屋、或土地及建物分件登記案件；,RPOOMLOJPHLGFAD87DA,39.84,6.35,4.02,有,
北區,房地(土地+建物)+車位,臺南市北區立賢路二段５號十六樓之３,12.72,住,,,1091116,土地1建物1車位1,十六層,二十四層,住宅大樓(11層含以上有電梯),住家用,鋼筋混凝土造,1150511,149.28,3,1,2,有,有,10480000,73776,坡道平面,24.85,1300000,預售屋、或土地及建物分件登記案件；,RPUOMLOJPHLGFAD48DA,66.52,9.07,3.42,有,
北區,房地(土地+建物)+車位,臺南市北區立賢路二段５號十三樓之３,12.72,住,,,1091027,土地1建物1車位1,十三層,二十四層,住宅大樓(11層含以上有電梯),住家用,鋼筋混凝土造,1150511,149.28,3,1,2,有,有,10500000,73133,坡道平面,24.85,1400000,預售屋、或土地及建物分件登記案件；,RPRNMLOJPHLGFAD08DA,66.52,9.07,3.42,有,
北區,房地(土地+建物)+車位,臺南市北區立賢路二段５號七樓之５,7.27,住,,,1091006,土地1建物1車位1,七層,二十四層,住宅大樓(11層含以上有電梯),住家用,鋼筋混凝土造,1150511,77.64,2,1,1,有,有,5720000,68640,坡道機械,6.69,850000,預售屋、或土地及建物分件登記案件；,RPSPMLMJPHLGFAD18DA,38.7,2.04,4.39,有,
北區,房地(土地+建物)+車位,臺南市北區立賢路二段５號十三樓之９,7.85,住,,,1091009,土地1建物1車位1,十三層,二十四層,住宅大樓(11層含以上有電梯),住家用,鋼筋混凝土造,1150511,83.22,2,1,1,有,有,6110000,71345,坡道機械,6.69,650000,本案於113年10月26日讓渡，其權利契約買賣價格不變。預售屋、或土地及建物分件登記案件；,RPTNMLOJPHLGFAD28DA,41.45,3.98,3.13,有,
北區,房地(土地+建物)+車位,臺南市北區立賢路二段５號二十三樓之１,13.12,住,,,1091001,土地1建物1車位1,二十三層,二十四層,住宅大樓(11層含以上有電梯),住家用,鋼筋混凝土造,1150511,153.0,3,1,2,有,有,11400000,78034,坡道平面,24.85,1400000,本案於112年3月23日讓渡，其權利契約買賣價格不變預售屋、或土地及建物分件登記案件；,RPTOMLOJPHLGFAD38DA,67.16,9.85,4.28,有,
北區,房地(土地+建物)+車位,臺南市北區立賢路二段５號十八樓之１１,8.07,住,,,1091009,土地1建物1車位1,十八層,二十四層,住宅大樓(11層含以上有電梯),住家用,鋼筋混凝土造,1150511,85.82,2,1,1,有,有,6310000,67737,坡道機械,6.69,950000,本案於110年5月28日讓渡，其權利契約買賣價格661萬元整。預售屋、或土地及建物分件登記案件；,RPVPMLOJPHLGFAD68DA,39.84,6.35,4.02,有,
北區,房地(土地+建物)+車位,臺南市北區立賢路二段５號二樓之８,7.18,住,,,1090906,土地1建物1車位1,二層,二十四層,住宅大樓(11層含以上有電梯),住家用,鋼筋混凝土造,1150511,76.85,2,1,1,有,有,5660000,68558,坡道機械,6.69,850000,預售屋、或土地及建物分件登記案件；,RPRNMLMJPHLGFAD87DA,41.45,0.0,3.13,有,
北區,房地(土地+建物)+車位,臺南市北區立賢路二段５號三樓之１５,7.85,住,,,1090913,土地1建物1車位1,三層,二十四層,住宅大樓(11層含以上有電梯),住家用,鋼筋混凝土造,1150511,83.22,2,1,1,有,有,6360000,73305,坡道機械,6.69,750000,本案於111年10月6日讓渡，其權利契約買賣價格639萬。預售屋、或土地及建物分件登記案件；,RPSNMLMJPHLGFAD97DA,41.45,3.98,3.13,有,
北區,房地(土地+建物),臺南市北區立賢路二段５號四樓之１２,8.07,住,,,1090904,土地1建物1車位0,四層,二十四層,住宅大樓(11層含以上有電梯),住家用,鋼筋混凝土造,1150511,79.13,2,1,1,有,有,5100000,64451,,0.0,0,1. 本案於110年9月3日讓渡，其權利契約買賣價格550萬。2. 本案於112年1月9日讓渡，其權利契約買賣價格650萬。預售屋、或土地及建物分件登記案件；,RPOOMLMJPHLGFAD67DA,39.84,6.35,4.02,有,
北區,房地(土地+建物)+車位,臺南市北區立賢路二段５號四樓之２０,12.72,住,,,1090910,土地1建物1車位1,四層,二十四層,住宅大樓(11層含以上有電梯),住家用,鋼筋混凝土造,1150511,149.28,3,1,2,有,有,10470000,74500,坡道平面,24.85,1200000,1. 本案於111年10月14日讓渡，其權利契約買賣價格1190萬元。2. 本案於114年8月22日讓渡，其權利契約買賣價格不變。預售屋、或土地及建物分件登記案件；,RPROMLMJPHLGFAD97DA,66.52,9.07,3.42,有,
北區,房地(土地+建物)+車位,臺南市北區立賢路二段５號五樓之７,9.97,住,,,1090922,土地1建物1車位1,五層,二十四層,住宅大樓(11層含以上有電梯),住家用,鋼筋混凝土造,1150511,104.30000000000001,2,1,1,有,有,7960000,71816,坡道機械,6.69,950000,預售屋、或土地及建物分件登記案件；,RPWOMLMJPHLGFAD48DA,51.38,6.38,4.23,有,
北區,房地(土地+建物)+車位,臺南市北區立賢路二段５號十三樓之８,7.8,住,,,1090927,土地1建物1車位1,十三層,二十四層,住宅大樓(11層含以上有電梯),住家用,鋼筋混凝土造,1150511,82.7,2,1,1,有,有,6030000,70780,坡道機械,6.69,650000,本案於110年4月23日讓渡，其權利契約買賣價格不變。預售屋、或土地及建物分件登記案件；,RPSNMLOJPHLGFAD18DA,41.45,3.7,3.13,有,
北區,房地(土地+建物)+車位,臺南市北區立賢路二段５號十四樓之７,9.97,住,,,1090912,土地1建物1車位1,十四層,二十四層,住宅大樓(11層含以上有電梯),住家用,鋼筋混凝土造,1150511,104.30000000000001,2,1,1,有,有,7960000,72841,坡道機械,6.69,850000,預售屋、或土地及建物分件登記案件；,RPXNMLOJPHLGFAD68DA,51.38,6.38,4.23,有,
北區,房地(土地+建物)+車位,臺南市北區立賢路二段５號十五樓之１５,7.85,住,,,1090928,土地1建物1車位1,十五層,二十四層,住宅大樓(11層含以上有電梯),住家用,鋼筋混凝土造,1150511,101.38,2,1,1,有,有,6770000,71475,坡道平面,24.85,1300000,預售屋、或土地及建物分件登記案件；,RPPOMLOJPHLGFAD97DA,41.45,3.98,3.13,有,
北區,房地(土地+建物)+車位,臺南市北區立賢路二段５號二十樓之７,9.97,住,,,1090928,土地1建物1車位1,二十層,二十四層,住宅大樓(11層含以上有電梯),住家用,鋼筋混凝土造,1150511,122.46000000000001,2,1,1,有,有,8550000,74275,坡道平面,24.85,1300000,預售屋、或土地及建物分件登記案件；,RPROMLOJPHLGFAD18DA,51.38,6.38,4.23,有,
北區,房地(土地+建物)+車位,臺南市北區立賢路二段５號十六樓之９,7.85,住,,,1090910,土地1建物1車位1,十六層,二十四層,住宅大樓(11層含以上有電梯),住家用,鋼筋混凝土造,1150511,83.22,2,1,1,有,有,6250000,71867,坡道機械,6.69,750000,本案於110年4月28日讓渡，其權利契約買賣價格675萬元整。預售屋、或土地及建物分件登記案件；,RPWOMLOJPHLGFAD68DA,41.45,3.98,3.13,有,
北區,房地(土地+建物)+車位,臺南市北區立賢路二段５號十九樓之３,12.72,住,,,1090926,土地1建物1車位1,十九層,二十四層,住宅大樓(11層含以上有電梯),住家用,鋼筋混凝土造,1150511,149.28,3,1,2,有,有,10650000,74339,坡道平面,24.85,1400000,1. 本案於113年12月4日讓渡，其權利契約買賣價格不變。2. 本案於114年8月12日讓渡，其權利契約買賣價格不變。預售屋、或土地及建物分件登記案件；,RPUPMLOJPHLGFAD58DA,66.52,9.07,3.42,有,
北區,房地(土地+建物)+車位,臺南市北區立賢路二段５號十六樓之２１,9.97,住,,,1090828,土地1建物1車位1,十六層,二十四層,住宅大樓(11層含以上有電梯),住家用,鋼筋混凝土造,1150511,122.25999999999999,2,1,1,有,有,8210000,70937,坡道平面,24.85,1300000,預售屋、或土地及建物分件登記案件；,RPXOMLOJPHLGFAD78DA,51.58,4.78,5.43,有,
北區,房地(土地+建物)+車位,臺南市北區立賢路二段５號九樓之２１,9.97,住,,,1090826,土地1建物1車位1,九層,二十四層,住宅大樓(11層含以上有電梯),住家用,鋼筋混凝土造,1150511,122.25999999999999,2,1,1,有,有,8020000,70013,坡道平面,24.85,1200000,本案於113年11月5日讓渡，其權利契約買賣價格不變。預售屋、或土地及建物分件登記案件；,RPTNMLQJPHLGFAD48DA,51.58,4.78,5.43,有,
