鄉鎮市區,交易標的,土地位置建物門牌,土地移轉總面積平方公尺,都市土地使用分區,非都市土地使用分區,非都市土地使用編定,交易年月日,交易筆棟數,移轉層次,總樓層數,建物型態,主要用途,主要建材,建築完成年月,建物移轉總面積平方公尺,建物現況格局-房,建物現況格局-廳,建物現況格局-衛,建物現況格局-隔間,有無管理組織,總價元,單價元平方公尺,車位類別,車位移轉總面積平方公尺,車位總價元,備註,編號,主建物面積,附屬建物面積,陽台面積,電梯,移轉編號
The villages and towns urban district,transaction sign,land sector position building sector house number plate,land shifting total area square meter,the use zoning or compiles and checks,the non-metropolis land use district,non-metropolis land use,transaction year month and day,transaction pen number,shifting level,total floor number,building state,main use,main building materials,construction to complete the years,building shifting total area,Building present situation pattern - room,building present situation pattern - hall,building present situation pattern - health,building present situation pattern - compartmented,Whether there is manages the organization,total price NTD,the unit price (NTD / square meter),the berth category,berth shifting total area square meter,the berth total price NTD,the note,serial number,main building area,auxiliary building area,balcony area,elevator,transaction number
安南區,土地,外塭段847-55地號,0.43,都市：其他:細部計畫道路用地,,,1150907,土地1建物0車位0,,,其他,,,,0.0,0,0,0,無,無,8000,0,,0.0,0,包含公共設施保留地用地；,RPVNMLTJRHLGFBD66DA,0.0,0.0,0.0,無,001
東區,房地(土地+建物),臺南市東區大同路二段２４５之１號五樓之２,8.74,都市：其他:住宅區,,,1150903,土地3建物1車位0,五層,七層,華廈(10層含以下有電梯),住家用,鋼筋混凝土造,0720908,48.699999999999996,1,1,1,有,有,1680000,34497,,0.0,0,,RPRNMLOJRHLGFCD48DA,30.52,0.0,6.28,有,
新營區,土地,姑爺段78-11地號,131.0,,鄉村區,乙種建築用地,1150907,土地1建物0車位0,,,其他,,,,0.0,0,0,0,無,無,1585100,12100,,0.0,0,,RPPNMLLKRHLGFDD28EA,0.0,0.0,0.0,無,
北門區,土地,中樞段1024地號,1089.0,,一般農業區,農牧用地,1150904,土地1建物0車位0,,,其他,,,,0.0,0,0,0,無,無,770000,707,,0.0,0,親友、員工、共有人或其他特殊關係間之交易；,RPPNMLKKRHLGFGD48EA,0.0,0.0,0.0,無,002
安南區,土地,城西段505地號,686.4,都市：其他:住宅區,,,1150901,土地8建物0車位0,,,其他,,,,0.0,0,0,0,無,無,3540000,5157,,0.0,0,親友、員工、共有人或其他特殊關係間之交易；未登記建物；包含公共設施保留地用地；,RPTNMLLJRHLGFBD28DA,0.0,0.0,0.0,無,003
麻豆區,房地(土地+建物),臺南市麻豆區寮子１６６之５８號,141.54,,特定農業區,甲種建築用地,1150904,土地2建物1車位0,全,三層,透天厝,住家用,鋼筋混凝土造,1140204,176.88,3,2,4,有,無,12700000,71800,,0.0,0,,RPRNMLLKRHLGFFD58DA,162.66,0.0,14.22,無,
學甲區,房地(土地+建物),臺南市學甲區和平路３１５號之１,38.07,都市：其他:商業區,,,1150907,土地1建物1車位0,全,二層,透天厝,住商用,加強磚造,0710915,73.92,4,2,2,有,無,950000,12852,,0.0,0,,RPPNMLTJRHLGFGD56DA,70.14,0.0,3.78,無,
七股區,土地,三聖段585-1地號,52.46,,一般農業區,農牧用地,1150901,土地1建物0車位0,,,其他,,,,0.0,0,0,0,無,無,35000,667,,0.0,0,親友、員工、共有人或其他特殊關係間之交易；,RPPNMLLKRHLGFGD48DA,0.0,0.0,0.0,無,
歸仁區,房地(土地+建物)+車位,臺南市歸仁區高鐵大道３５號十五樓之９,23.77,都市：其他:商業區,,,1150901,土地1建物1車位1,十五層,十七層,住宅大樓(11層含以上有電梯),住家用,鋼筋混凝土造,1141023,141.32,3,2,2,有,有,19800000,154902,坡道平面,25.44,1850000,,RPOOMLLKRHLGFID68DA,68.27,0.0,7.17,有,
安南區,土地,海東段1304-31地號,0.27,都市：其他:住宅區,,,1150901,土地1建物0車位0,,,其他,,,,0.0,0,0,0,無,無,34417,0,,0.0,0,政府機關標讓售；,RPUNMLRJRHLGFBD98DA,0.0,0.0,0.0,無,
官田區,土地,拔子林段280-20地號,57.0,,一般農業區,農牧用地,1150905,土地1建物0車位0,,,其他,,,,0.0,0,0,0,無,無,137729,2416,,0.0,0,,RPSNMLLKRHLGFFD68DA,0.0,0.0,0.0,無,
學甲區,土地,宅子港段171-12地號,380.0,,特定農業區,水利用地,1150903,土地1建物0車位0,,,其他,,,,0.0,0,0,0,無,無,494000,1300,,0.0,0,公告現值加3成出售,RPUNMLTJRHLGFGD07DA,0.0,0.0,0.0,無,
學甲區,房地(土地+建物),臺南市學甲區中洲里中洲２０６號之４,65.0,,特定農業區,甲種建築用地,1150903,土地1建物1車位0,全,二層,透天厝,住商用,鋼筋混凝土造,0711110,81.8,1,2,2,有,無,350000,4279,,0.0,0,親友、員工、共有人或其他特殊關係間之交易；,RPPNMLOKRHLGFGD78DA,79.24,0.0,2.56,無,
永康區,房地(土地+建物),臺南市永康區大灣路９４２巷３４５號,93.0,都市：其他:住宅區,,,1150901,土地1建物1車位0,全,二層,透天厝,住家用,加強磚造,0691020,103.18,3,2,2,有,無,5400000,52336,,0.0,0,親友、員工、共有人或其他特殊關係間之交易；頂樓加蓋；,RPWNMLMJRHLGFKD96DA,103.18,0.0,0.0,無,
後壁區,土地,四安段1120地號,75.99,,鄉村區,乙種建築用地,1150907,土地1建物0車位0,,,其他,,,,0.0,0,0,0,無,無,80000,1053,,0.0,0,親友、員工、共有人或其他特殊關係間之交易；,RPPNMLLKRHLGFED38EA,0.0,0.0,0.0,無,
山上區,土地,豐德段537地號,545.22,,特定專用區,特定目的事業用地,1150908,土地4建物0車位0,,,其他,,,,0.0,0,0,0,無,無,300000,550,,0.0,0,親友、員工、共有人或其他特殊關係間之交易；,RPPNMLLKRHLGFHD68EA,0.0,0.0,0.0,無,004
東區,房地(土地+建物),臺南市東區崇德路２６０號七樓之３,2.65,都市：其他:鄰里商業區,,,1150906,土地1建物1車位0,七層,十二層,住宅大樓(11層含以上有電梯),住家用,鋼筋混凝土造,0810813,32.89,1,1,1,有,有,2520000,76619,,0.0,0,,RPQOMLRJRHLGFCD78DA,22.13,0.0,0.0,有,005
鹽水區,土地,飯店段1598地號,1535.0,,特定農業區,農牧用地,1150910,土地1建物0車位0,,,其他,,,,0.0,0,0,0,無,無,1105200,720,,0.0,0,,RPQNMLPKRHLGFDD68DA,0.0,0.0,0.0,無,
將軍區,土地,漚汪段西甲小段1776地號,837.0,,特定農業區,農牧用地,1150903,土地1建物0車位0,,,其他,,,,0.0,0,0,0,無,無,1010000,1207,,0.0,0,親友、員工、共有人或其他特殊關係間之交易；,RPRNMLNJRHLGFGD78DA,0.0,0.0,0.0,無,
七股區,土地,下山子寮段235-8地號,687.33,,一般農業區,甲種建築用地,1150901,土地3建物0車位0,,,其他,,,,0.0,0,0,0,無,無,1350000,1964,,0.0,0,親友、員工、共有人或其他特殊關係間之交易；,RPQNMLRJRHLGFGD09DA,0.0,0.0,0.0,無,006
將軍區,土地,將軍段2735地號,1010.0,,特定農業區,農牧用地,1150906,土地1建物0車位0,,,其他,,,,0.0,0,0,0,無,無,1363500,1350,,0.0,0,耕作人承買,RPSNMLOKRHLGFGD09DA,0.0,0.0,0.0,無,
將軍區,土地,忠昌段286地號,435.17,都市：其他:道路用地,,,1150904,土地10建物0車位0,,,其他,,,,0.0,0,0,0,無,無,3100000,7124,,0.0,0,親友、員工、共有人或其他特殊關係間之交易；畸零地或有合併使用效益；,RPUNMLOKRHLGFGD66DA,0.0,0.0,0.0,無,007
關廟區,土地,龜洞段218地號,1843.25,,一般農業區,農牧用地,1150901,土地2建物0車位0,,,其他,,,,0.0,0,0,0,無,無,2000000,1085,,0.0,0,親友、員工、共有人或其他特殊關係間之交易；,RPSNMLRJRHLGFID86DA,0.0,0.0,0.0,無,
下營區,建物,臺南市下營區友愛街１１５號,0.0,,,,1150909,土地0建物1車位0,全,二層,透天厝,住家用,鋼筋混凝土造,0780918,176.8,7,3,3,有,無,2100000,11878,,0.0,0,建物坐落地號：營正段583地號；親友、員工、共有人或其他特殊關係間之交易；,RPPNMLQKRHLGFFD98EA,169.05,0.0,7.75,無,
七股區,土地,三聖段2101地號,470.26,,一般農業區,養殖用地,1150903,土地1建物0車位0,,,其他,,,,0.0,0,0,0,無,無,3085880,6562,,0.0,0,畸零地或有合併使用效益；,RPPNMLLKRHLGFGD58EA,0.0,0.0,0.0,無,
七股區,土地,三聖段2102地號,1100.78,,一般農業區,養殖用地,1150903,土地1建物0車位0,,,其他,,,,0.0,0,0,0,無,無,3329860,3025,,0.0,0,畸零地或有合併使用效益；,RPQNMLLKRHLGFGD68EA,0.0,0.0,0.0,無,008
中西區,房地(土地+建物),臺南市中西區康樂街１５６號八樓之１９,4.09,都市：其他:商業區,,,1150909,土地1建物1車位0,八層,十二層,住宅大樓(11層含以上有電梯),住家用,鋼筋混凝土造,0781002,39.43000000000001,1,1,1,有,有,2580000,65432,,0.0,0,,RPXNMLTJRHLGFAD76DA,26.64,0.0,5.45,有,009
安南區,土地,海北段300地號,9.48,都市：其他:住宅區,,,1150911,土地1建物0車位0,,,其他,,,,0.0,0,0,0,無,無,2100000,221519,,0.0,0,畸零地或有合併使用效益；,RPQNMLPKRHLGFBD48DA,0.0,0.0,0.0,無,
東區,房地(土地+建物)+車位,臺南市東區富農街一段１９９巷３號七樓,26.79,都市：其他:住宅區,,,1150902,土地1建物1車位1,七層,十一層,住宅大樓(11層含以上有電梯),住家用,鋼筋混凝土造,0801121,213.37,3,2,2,有,有,2900000,13591,坡道平面,0.0,0,親友、員工、共有人或其他特殊關係間之交易；,RPSOMLOKRHLGFCD78DA,122.76,0.0,15.8,有,
歸仁區,土地,紅瓦厝段430地號,210.06,都市：其他:公園兼兒童遊樂場用地,,,1150908,土地2建物0車位0,,,其他,,,,0.0,0,0,0,無,無,777000,3699,,0.0,0,包含公共設施保留地用地；,RPPNMLNKRHLGFID88DA,0.0,0.0,0.0,無,
仁德區,土地,神農段148地號,26.64,都市：其他:住宅區,,,1150908,土地1建物0車位0,,,其他,,,,0.0,0,0,0,無,無,685000,25713,,0.0,0,,RPPOMLPKRHLGFID56DA,0.0,0.0,0.0,無,010
北區,建物,臺南市北區北門路二段４１８號五樓之２,0.0,,,,1150904,土地0建物1車位0,五層,五層,公寓(5樓含以下無電梯),住家用,鋼筋混凝土造,0730410,89.19999999999999,3,1,1,有,無,2000000,22422,,0.0,0,建物坐落地號：雙良段8地號；含土地增值稅或其他稅費8358元；,RPPNMLOKRHLGFAD28EA,65.86,0.0,8.46,無,
中西區,房地(土地+建物),臺南市中西區民族路二段５７巷１２號,4.13,都市：其他:商業區,,,1150903,土地1建物1車位0,一層,六層,華廈(10層含以下有電梯),住家用,鋼筋混凝土造,0790705,20.75,1,0,1,有,有,1950000,93976,,0.0,0,,RPWNMLRJRHLGFAD09DA,15.05,0.0,0.0,有,
中西區,房地(土地+建物),臺南市中西區大福街５１號,77.77,都市：其他:住宅區,,,1150905,土地2建物1車位0,全,二層,透天厝,住家用,加強磚造,0580920,123.43,2,2,3,有,無,4300000,34838,,0.0,0,親友、員工、共有人或其他特殊關係間之交易；頂樓加蓋；,RPQNMLKKRHLGFAD87DA,123.43,0.0,0.0,無,
北區,房地(土地+建物)+車位,臺南市北區長榮路五段４１巷１號十樓之１,32.32,都市：其他:住宅區,,,1150906,土地2建物1車位1,十層,十四層,住宅大樓(11層含以上有電梯),住家用,鋼筋混凝土造,0920916,169.29000000000002,3,2,2,有,有,12000000,70884,坡道平面,0.0,0,,RPQNMLQKRHLGFAD48DA,101.18,0.0,9.03,有,
柳營區,土地,東安段664地號,69.0,都市：其他:住宅區,,,1150916,土地2建物0車位0,,,其他,,,,0.0,0,0,0,無,無,40000,580,,0.0,0,親友、員工、共有人或其他特殊關係間之交易；包含公共設施保留地用地；,RPQNMLRKRHLGFDD88DA,0.0,0.0,0.0,無,
白河區,土地,埤子頭段埤子頭小段2632地號,173.45,,鄉村區,乙種建築用地,1150914,土地1建物0車位0,,,其他,,,,0.0,0,0,0,無,無,262300,1512,,0.0,0,親友、員工、共有人或其他特殊關係間之交易；,RPTNMLQKRHLGFED56DA,0.0,0.0,0.0,無,
麻豆區,土地,寮段849地號,335.25,,鄉村區,乙種建築用地,1150903,土地2建物0車位0,,,其他,,,,0.0,0,0,0,無,無,5071000,15126,,0.0,0,親友、員工、共有人或其他特殊關係間之交易；未登記建物；,RPQNMLOKRHLGFFD78DA,0.0,0.0,0.0,無,
仁德區,土地,後壁段1265地號,33.63,都市：其他:住宅區,,,1150902,土地3建物0車位0,,,其他,,,,0.0,0,0,0,無,無,1527000,45406,,0.0,0,,RPRNMLTJRHLGFID96DA,0.0,0.0,0.0,無,011
關廟區,土地,深坑子段863-1地號,10844.0,,一般農業區,農牧用地,1150904,土地1建物0車位0,,,其他,,,,0.0,0,0,0,無,無,22800000,2103,,0.0,0,,RPVNMLTJRHLGFID37DA,0.0,0.0,0.0,無,
歸仁區,土地,成功段171-1地號,3.64,都市：其他:住宅區,,,1150910,土地1建物0車位0,,,其他,,,,0.0,0,0,0,無,無,220000,60440,,0.0,0,,RPTNMLQKRHLGFID96DA,0.0,0.0,0.0,無,
永康區,房地(土地+建物),臺南市永康區中正七街１７號六樓之１,4.74,都市：其他:住宅區,,,1150910,土地1建物1車位0,六層,八層,華廈(10層含以下有電梯),住家用,鋼筋混凝土造,0840417,30.049999999999997,1,0,1,有,有,2060000,68552,,0.0,0,,RPWNMLLKRHLGFKD96DA,18.18,0.0,3.56,有,012
安南區,土地,青草段115地號,2098.37,都市：其他:農業區,,,1150909,土地5建物0車位0,,,其他,,,,0.0,0,0,0,無,無,9521400,4538,,0.0,0,,RPPNMLPKRHLGFBD48EA,0.0,0.0,0.0,無,
下營區,土地,大屯寮段3672地號,2512.0,,特定農業區,農牧用地,1150903,土地1建物0車位0,,,其他,,,,0.0,0,0,0,無,無,3140000,1250,,0.0,0,,RPPNMLRKRHLGFFD09EA,0.0,0.0,0.0,無,
中西區,房地(土地+建物),臺南市中西區西門路一段４６６號四樓之１２,11.95,都市：其他:商業區,,,1150818,土地5建物1車位0,四層,七層,華廈(10層含以下有電梯),住家用,鋼筋混凝土造,0700605,64.31,2,2,1,有,有,4450000,69196,,0.0,0,其他增建；,RPPNMLMLQHLGFAD97DA,50.87,0.0,0.0,有,
北區,房地(土地+建物),臺南市北區育德路６７號,90.73,都市：其他:住宅區,,,1150810,土地1建物1車位0,全,二層,透天厝,住商用,加強磚造,0650108,140.06,4,5,3,有,無,5937509,42393,,0.0,0,親友、員工、共有人或其他特殊關係間之交易；,RPSPMLPLQHLGFAD78DA,140.06,0.0,0.0,無,
中西區,土地,新美段414地號,46.34,都市：其他:商業區,,,1150820,土地7建物0車位0,,,其他,,,,0.0,0,0,0,無,無,2600000,56107,,0.0,0,地上所有權人買回登記規費、印花稅、代書費用由賣方負擔親友、員工、共有人或其他特殊關係間之交易；,RPXNMLRJRHLGFAD56DA,0.0,0.0,0.0,無,
安平區,房地(土地+建物)+車位,臺南市安平區永華路二段６６３號三樓之６,12.06,都市：其他:第三種商業區,,,1150806,土地1建物1車位1,三層,二十二層,住宅大樓(11層含以上有電梯),住家用,鋼筋混凝土造,1121108,127.27000000000001,2,2,2,有,有,10200000,80145,坡道平面,28.02,0,,RPVNMLSJRHLGFAD09DA,56.19,1.51,6.94,有,013
安南區,土地,東和段756-4地號,369.79,都市：其他:農業區,,,1150802,土地1建物0車位0,,,其他,,,,0.0,0,0,0,無,無,4200000,11358,,0.0,0,,RPTNMLNKQHLGFBD48DA,0.0,0.0,0.0,無,
安南區,土地,佃西段683地號,21.93,都市：其他:住宅區,,,1150821,土地1建物0車位0,,,其他,,,,0.0,0,0,0,無,無,1326000,60465,,0.0,0,,RPOOMLRLQHLGFBD58DA,0.0,0.0,0.0,無,014
安南區,土地,佃西段678-2地號,1.92,都市：其他:住宅區,,,1150821,土地1建物0車位0,,,其他,,,,0.0,0,0,0,無,無,116000,60417,,0.0,0,,RPPOMLRLQHLGFBD68DA,0.0,0.0,0.0,無,
安南區,土地,鎮安段1667地號,94.22,都市：其他:住宅區,,,1150806,土地1建物0車位0,,,其他,,,,0.0,0,0,0,無,無,3780000,40119,,0.0,0,本出售土地面前道路，有部分第三人共有而未徵收之公共設施道路用地，如賣方未能於120年12月31日前取得通行權，屆時賣方同意折讓新台幣20萬元予買方。瑕疵物件；,RPTNMLSLQHLGFBD09DA,0.0,0.0,0.0,無,
安南區,土地,淵南段549地號,1813.2,都市：其他:農業區,,,1150810,土地1建物0車位0,,,其他,,,,0.0,0,0,0,無,無,8320000,4589,,0.0,0,,RPRNMLMJRHLGFBD18DA,0.0,0.0,0.0,無,015
安南區,房地(土地+建物),臺南市安南區總安街一段１４１巷２３弄６號,180.5,都市：其他:住宅區,,,1150812,土地2建物1車位0,全,二層,透天厝,住商用,加強磚造,0740307,233.85,3,2,2,有,無,8350000,35707,,0.0,0,親友、員工、共有人或其他特殊關係間之交易；,RPQNMLRJRHLGFBD58DA,218.76,0.0,15.09,無,016
安南區,土地,安東段1032-4地號,49.61,都市：其他:住宅區,,,1150820,土地1建物0車位0,,,其他,,,,0.0,0,0,0,無,無,4669293,94120,,0.0,0,政府機關標讓售；,RPPNMLTJRHLGFBD68DA,0.0,0.0,0.0,無,
安南區,房地(土地+建物),臺南市安南區公學路五段６９７巷１５７號八樓之１,12.84,都市：其他:市場用地,,,1150815,土地1建物1車位0,八層,十二層,住宅大樓(11層含以上有電梯),住家用,鋼筋混凝土造,0870814,88.34,3,2,2,有,有,3950000,44714,,0.0,0,,RPTNMLTJRHLGFBD09DA,61.94,0.0,5.87,有,017
東區,房地(土地+建物),臺南市東區東寧路４７２巷１２號,76.0,都市：其他:住宅區,,,1150817,土地1建物1車位0,全,四層,透天厝,住商用,鋼筋混凝土造,0740917,244.9,6,3,4,有,無,13500000,55125,,0.0,0,陽台外推；其他增建；,RPPOMLRKQHLGFCD68DA,233.38,0.0,11.52,無,
東區,房地(土地+建物),臺南市東區德昌二街５２號,538.25,都市：其他:住宅區,,,1150821,土地2建物1車位0,全,四層,透天厝,住家用,鋼筋混凝土構造,1101221,683.95,8,2,7,有,無,70000000,102347,,0.0,0,買賣雙方同意本件買賣全部費用由買方負擔，賣方賣清不負擔任何稅費。親友、員工、共有人或其他特殊關係間之交易；,RPXNMLMJRHLGFCD88DA,632.83,0.0,51.12,有,
東區,房地(土地+建物),臺南市東區仁和路１１１巷１０１號,65.0,都市：其他:住宅區,,,1150805,土地1建物1車位0,全,二層,透天厝,住家用,加強磚造,0680212,91.52,4,1,2,有,無,6900000,75393,,0.0,0,親友、員工、共有人或其他特殊關係間之交易；,RPTNMLRJRHLGFCD98DA,91.52,0.0,0.0,無,
南區,房地(土地+建物),臺南市南區福吉三街７８號,67.0,都市：其他:細部計畫道路用地,,,1150818,土地1建物1車位0,全,三層,透天厝,住商用,鋼筋混凝土造,0651013,115.56,5,3,3,有,無,8800000,76151,,0.0,0,頂樓加蓋；其他增建；,RPPOMLRJRHLGFCD68DA,115.56,0.0,0.0,無,
南區,房地(土地+建物),臺南市南區西門路一段３８０巷２弄１號,73.4,都市：其他:住宅區,,,1150809,土地2建物1車位0,全,三層,透天厝,住家用,鋼筋混凝土造,0660711,132.85,6,2,3,有,無,12000000,90327,,0.0,0,頂樓加蓋；其他增建；,RPVNMLSJRHLGFCD66DA,132.85,0.0,0.0,無,
南區,房地(土地+建物),臺南市南區金華路一段１５４巷５０號,18.06,都市：其他:住宅區,,,1150818,土地1建物1車位0,一層,五層,華廈(10層含以下有電梯),住家用,鋼筋混凝土造,0710226,42.910000000000004,2,1,1,有,無,1800000,41948,,0.0,0,1、代書費、印花稅、規費、土增稅0元由買方負擔。,RPWNMLSJRHLGFCD76DA,38.85,0.0,0.0,有,
東區,房地(土地+建物),臺南市東區東安路３０巷２２之１號,27.05,都市：其他:住宅區,,,1150810,土地3建物1車位0,二層,五層,公寓(5樓含以下無電梯),住家用,鋼筋混凝土造,0710223,100.67,3,2,2,有,無,6860000,68143,,0.0,0,,RPPNMLKKRHLGFCD97DA,77.26,0.0,11.35,無,
鹽水區,房地(土地+建物),臺南市鹽水區蔦松路１１８號,79.2,都市：其他:住宅區,,,1150801,土地1建物1車位0,全,四層,透天厝,住商用,鋼筋混凝土造,0820617,225.57,6,3,5,有,無,6650000,29481,,0.0,0,,RPQNMLNJRHLGFDD38DA,200.26,7.08,18.23,無,
新營區,土地,茄苳段302地號,271.75,都市：其他:住宅區,,,1150829,土地4建物0車位0,,,其他,,,,0.0,0,0,0,無,無,4000000,14719,,0.0,0,,RPQNMLKKRHLGFDD18DA,0.0,0.0,0.0,無,018
後壁區,土地,新東段480地號,316.86,,特定農業區,農牧用地,1150825,土地2建物0車位0,,,其他,,,,0.0,0,0,0,無,無,1800000,5681,,0.0,0,,RPTNMLNKQHLGFED78DA,0.0,0.0,0.0,無,
麻豆區,土地,南寮段403地號,2210.0,,特定農業區,農牧用地,1150821,土地1建物0車位0,,,其他,,,,0.0,0,0,0,無,無,4400000,1991,,0.0,0,,RPSNMLLLQHLGFFD68DA,0.0,0.0,0.0,無,
佳里區,房地(土地+建物),臺南市佳里區佳西路９８號,87.03,都市：其他:住宅區,,,1150815,土地1建物1車位0,全,四層,透天厝,住商用,鋼筋混凝土造,0791128,222.04,3,3,3,有,無,11940000,53774,,0.0,0,頂樓加蓋；,RPQNMLSKQHLGFGD56DA,203.72,0.0,18.32,無,
佳里區,土地,佳南段260地號,303.39,都市：其他:農業區,,,1150825,土地2建物0車位0,,,其他,,,,0.0,0,0,0,無,無,900000,2966,,0.0,0,親友、員工、共有人或其他特殊關係間之交易；,RPQNMLPLQHLGFGD98DA,0.0,0.0,0.0,無,
佳里區,土地,忠孝南段823-1地號,2707.51,,特定農業區,農牧用地,1150821,土地1建物0車位0,,,其他,,,,0.0,0,0,0,無,無,2400000,886,,0.0,0,親友、員工、共有人或其他特殊關係間之交易；,RPSNMLRJRHLGFGD66DA,0.0,0.0,0.0,無,
佳里區,房地(土地+建物),臺南市佳里區佳北路１８２之２號,96.09,都市：其他:住宅區,,,1150814,土地1建物1車位0,全,四層,透天厝,住家用,鋼筋混凝土造,1130103,209.43,5,2,4,有,無,18380000,87762,,0.0,0,,RPRNMLSJRHLGFGD66DA,185.0,0.0,24.43,無,
學甲區,房地(土地+建物),臺南市學甲區麻學路三段１２１巷３１號,78.16,,鄉村區,乙種建築用地,1150807,土地4建物1車位0,全,四層,透天厝,住家用,鋼筋混凝土造,1150303,170.47,4,2,4,有,無,8560000,50214,,0.0,0,,RPSNMLSJRHLGFGD76DA,154.7,0.0,15.77,無,
學甲區,土地,文衡段434-7地號,32.42,都市：其他:住宅區,,,1150827,土地3建物0車位0,,,其他,,,,0.0,0,0,0,無,無,910353,28080,,0.0,0,政府機關標讓售；,RPPNMLKKRHLGFGD38DA,0.0,0.0,0.0,無,
善化區,房地(土地+建物)+車位,臺南市善化區民權路５２號十一樓之５,11.5,都市：其他:商業區,,,1150802,土地1建物1車位1,十一層,二十六層,住宅大樓(11層含以上有電梯),住家用,鋼骨鋼筋混凝土造,1120927,121.35,2,1,1,有,有,11600000,95591,坡道平面,39.6,0,陽台外推；,RPPNMLMJQHLGFHD48DA,50.27,0.0,3.49,有,019
新市區,土地,大社段2462地號,67.83,,鄉村區,乙種建築用地,1150820,土地1建物0車位0,,,其他,,,,0.0,0,0,0,無,無,2500000,36857,,0.0,0,親友、員工、共有人或其他特殊關係間之交易；未登記建物；,RPQNMLMJRHLGFHD68DA,0.0,0.0,0.0,無,
歸仁區,房地(土地+建物),臺南市歸仁區大順街２９４號,94.4,都市：其他:住宅區,,,1150807,土地2建物1車位0,全,三層,透天厝,住家用,鋼筋混凝土造,0740619,153.24,5,2,4,有,無,11500000,75046,,0.0,0,其他增建；,RPQNMLKKQHLGFID58DA,148.69,0.0,4.55,無,
歸仁區,土地,歸仁北段1161地號,25.46,都市：其他:住宅區,,,1150812,土地1建物0車位0,,,其他,,,,0.0,0,0,0,無,無,648835,25484,,0.0,0,親友、員工、共有人或其他特殊關係間之交易；,RPTNMLRLQHLGFID07DA,0.0,0.0,0.0,無,020
關廟區,土地,南雄段364-2地號,44.93,都市：其他:商業區,,,1150810,土地8建物0車位0,,,其他,,,,0.0,0,0,0,無,無,1500000,33385,,0.0,0,親友、員工、共有人或其他特殊關係間之交易；,RPVNMLSJRHLGFID27DA,0.0,0.0,0.0,無,
關廟區,土地,南雄段364-1地號,137.6,都市：其他:道路用地,,,1150810,土地4建物0車位0,,,其他,,,,0.0,0,0,0,無,無,2500000,18169,,0.0,0,親友、員工、共有人或其他特殊關係間之交易；,RPXNMLSJRHLGFID47DA,0.0,0.0,0.0,無,
永康區,房地(土地+建物)+車位,臺南市永康區忠孝一路８３號十四樓之１,20.17,都市：其他:住宅區,,,1150805,土地1建物1車位1,十四層,十五層,住宅大樓(11層含以上有電梯),住家用,鋼筋混凝土造,1120920,131.99,2,2,2,有,有,12000000,90916,坡道平面,40.68,0,,RPWPMLTKQHLGFKD87DA,55.88,0.0,4.67,有,021
永康區,房地(土地+建物),臺南市永康區仁愛街８４巷３號七樓,19.16,都市：其他:住宅區,,,1150823,土地1建物1車位0,七層,七層,華廈(10層含以下有電梯),住家用,鋼筋混凝土造,0821002,95.1,3,2,2,有,有,4500000,47319,,0.0,0,親友、員工、共有人或其他特殊關係間之交易；,RPROMLLMQHLGFKD66DA,65.72,0.0,8.95,有,
永康區,房地(土地+建物)+車位,臺南市永康區新民街６６巷３號七樓之８,6.71,都市：其他:住宅區,,,1150810,土地1建物1車位1,七層,九層,華廈(10層含以下有電梯),住家用,鋼筋混凝土造,0821230,65.00999999999999,1,1,1,有,有,3800000,58453,坡道平面,0.0,0,,RPVNMLMJRHLGFKD86DA,24.58,0.0,3.24,有,022
永康區,房地(土地+建物),臺南市永康區西灣里永華路２３３巷２６號四樓之１,14.35,都市：其他:住宅區,,,1150831,土地1建物1車位0,四層,九層,華廈(10層含以下有電梯),住家用,鋼筋混凝土造,0811130,53.54,3,2,2,有,有,3900000,72843,,0.0,0,其他增建；,RPSNMLOJRHLGFKD76DA,20.89,0.0,8.5,有,023
永康區,房地(土地+建物)+車位,臺南市永康區仁愛街５３巷２１號十樓之１,18.27,都市：其他:商業區,,,1150805,土地1建物1車位1,十層,十五層,住宅大樓(11層含以上有電梯),住家用,鋼筋混凝土造,1140409,172.05,4,2,2,有,有,15800000,99921,坡道平面,31.94,1800000,,RPRNMLRJRHLGFKD96DA,86.44,0.0,6.63,有,
永康區,房地(土地+建物)+車位,臺南市永康區永安路２８８號十五樓之２,22.95,都市：其他:住宅區,,,1150815,土地1建物1車位1,十五層,十五層,住宅大樓(11層含以上有電梯),住家用,鋼筋混凝土造,1150303,145.69,0,0,0,無,有,17300000,118745,坡道平面,25.25,0,,RPTNMLRJRHLGFKD17DA,73.74,0.0,4.72,有,024
永康區,房地(土地+建物),臺南市永康區大橋里大橋五街１３９號六樓之２,12.29,都市：其他:住宅區,,,1150813,土地1建物1車位0,六層,十層,華廈(10層含以下有電梯),住家用,鋼筋混凝土造,0811003,84.28,2,2,1,有,有,4300000,51020,,0.0,0,其他增建；,RPPOMLRJRHLGFKD86DA,52.76,4.29,6.67,有,
永康區,房地(土地+建物),臺南市永康區中正三街１７５號五樓之３,16.61,都市：其他:住宅區,,,1150806,土地1建物1車位0,五層,十三層,住宅大樓(11層含以上有電梯),住家用,鋼筋混凝土構造,1040625,84.22999999999999,2,2,2,有,有,7180000,85243,,0.0,0,,RPUOMLRJRHLGFKD37DA,46.95,0.0,5.49,有,025
西港區,土地,西港堡段869-1地號,3342.32,都市：其他:公園用地,,,1150803,土地4建物0車位0,,,其他,,,,0.0,0,0,0,無,無,10930921,3270,,0.0,0,協議價購；,RPPNMLSJRHLGFGD56EA,0.0,0.0,0.0,無,
安平區,房地(土地+建物)+車位,臺南市安平區府平路３６６號五樓之８,8.65,都市：其他:第三種商業區(附),,,1150829,土地1建物1車位1,五層,十二層,住宅大樓(11層含以上有電梯),住家用,鋼筋混凝土造,0850427,102.87,3,2,2,有,有,5800000,56382,坡道平面,0.0,0,其他增建；,RPROMLRJRHLGFAD68DA,58.46,0.0,6.3,有,
中西區,房地(土地+建物),臺南市中西區中山路９０號十一樓之１５,3.74,都市：其他:商業區,,,1150820,土地1建物1車位0,十一層,十二層,住宅大樓(11層含以上有電梯),住商用,鋼筋混凝土造,0671026,34.82,1,0,1,有,有,2780000,79839,,0.0,0,,RPSNMLSJRHLGFAD78DA,29.07,0.0,0.0,有,
中西區,房地(土地+建物)+車位,臺南市中西區中華西路二段６５１號六樓之１,27.94,都市：其他:住宅區,,,1150809,土地1建物1車位2,六層,二十四層,住宅大樓(11層含以上有電梯),住家用,鋼筋混凝土構造,1051104,336.3,3,2,3,有,有,29500000,87719,坡道平面,89.54,0,,RPVNMLTJRHLGFAD56DA,159.87,0.0,13.9,有,026
中西區,房地(土地+建物),臺南市中西區開山路１２２巷１０號四樓之２,4.82,都市：其他:商業區,,,1150829,土地2建物1車位0,四層,五層,華廈(10層含以下有電梯),住家用,鋼筋混凝土造,0791008,21.22,1,0,1,有,無,2100000,98963,,0.0,0,其他增建/鐵窗增建其他增建；,RPRNMLKKRHLGFAD97DA,15.93,0.0,0.0,有,027
安南區,房地(土地+建物),臺南市安南區環館三路１３巷３０弄１０號,102.64,都市：其他:住宅區,,,1150825,土地2建物1車位0,全,四層,透天厝,住家用,鋼筋混凝土造,1001114,195.14000000000001,4,2,4,有,有,7500000,38434,,0.0,0,急買急賣；,RPRNMLQLQHLGFBD68DA,172.54,0.0,21.33,無,028
安南區,房地(土地+建物)+車位,臺南市安南區安通路五段３２０號四樓之２,35.45,都市：其他:住宅區,,,1150819,土地1建物1車位1,四層,十四層,住宅大樓(11層含以上有電梯),住家用,鋼筋混凝土造,1110608,188.3,3,2,2,有,有,16000000,84971,坡道平面,22.62,0,,RPQOMLSJRHLGFBD78DA,97.92,0.0,13.03,有,029
安南區,房地(土地+建物)+車位,臺南市安南區宜居路６１０號三樓之５,32.03,都市：其他:住宅區,,,1150805,土地1建物1車位1,三層,五層,華廈(10層含以下有電梯),住家用,鋼筋混凝土造,1140806,91.69,2,2,2,有,有,9050000,102207,其他,11.95,900000,,RPXNMLTJRHLGFBD86DA,57.18,0.0,6.25,有,
南區,房地(土地+建物),臺南市南區大同路二段７５０巷２８弄１３號,81.45,都市：其他:住宅區,,,1150809,土地1建物1車位0,全,二層,透天厝,住家用,加強磚造,0680830,110.17,3,3,2,有,無,8600000,78061,,0.0,0,其他增建；,RPPNMLMJRHLGFCD08DA,110.17,0.0,0.0,無,030
東區,房地(土地+建物),臺南市東區裕平路２６８之１５號,71.42,都市：其他:住宅區,,,1150806,土地4建物1車位0,全,五層,透天厝,住家用,鋼筋混凝土造,0930812,171.03,5,2,3,有,有,18100000,105829,,0.0,0,陽台外推；頂樓加蓋；其他增建；,RPWOMLMJRHLGFCD88DA,147.11,0.0,23.92,無,031
白河區,土地,海豐厝段1407地號,1641.0,,特定農業區,農牧用地,1150826,土地1建物0車位0,,,其他,,,,0.0,0,0,0,無,無,1800000,1097,,0.0,0,,RPPNMLRJRHLGFED78DA,0.0,0.0,0.0,無,
新化區,房地(土地+建物),臺南市新化區崙子頂２５９之３０號,112.88,,鄉村區,乙種建築用地,1150810,土地2建物1車位0,全,三層,透天厝,住家用,鋼筋混凝土造,1061031,152.81,4,1,4,有,無,7800000,51044,,0.0,0,母子及兄弟間買賣移轉。親友、員工、共有人或其他特殊關係間之交易；其他增建；,RPPOMLKKQHLGFHD48DA,143.71,0.0,9.1,無,032
善化區,土地,善進段69地號,143.04,都市：其他:住宅區,,,1150812,土地1建物0車位0,,,其他,,,,0.0,0,0,0,無,無,14711460,102849,,0.0,0,,RPROMLLMQHLGFHD98DA,0.0,0.0,0.0,無,
新市區,土地,月潭段202地號,6533.18,,一般農業區,農牧用地,1150820,土地1建物0車位0,,,其他,,,,0.0,0,0,0,無,無,42000000,6429,,0.0,0,,RPTNMLTJRHLGFHD07DA,0.0,0.0,0.0,無,
新市區,土地,東大社段442地號,2085.0,,特定農業區,農牧用地,1150827,土地1建物0車位0,,,其他,,,,0.0,0,0,0,無,無,5000000,2398,,0.0,0,親友、員工、共有人或其他特殊關係間之交易；,RPQNMLLKRHLGFHD68DA,0.0,0.0,0.0,無,
仁德區,房地(土地+建物)+車位,臺南市仁德區崇聖路一段１２號七樓之１,21.92,都市：其他:住宅區,,,1150802,土地1建物1車位1,七層,十四層,住宅大樓(11層含以上有電梯),住家用,鋼筋混凝土造,1131015,152.65,3,2,2,有,有,12770000,94617,坡道平面,32.27,1380000,,RPTNMLMKQHLGFID09DA,77.84,0.0,5.27,有,
歸仁區,房地(土地+建物)+車位,臺南市歸仁區大順三街２２號四樓之１,23.8,都市：其他:住宅區,,,1150806,土地1建物1車位1,四層,五層,華廈(10層含以下有電梯),住家用,鋼筋混凝土造,1140811,80.46000000000001,2,1,2,有,有,8020000,96288,其他,10.15,1250000,,RPSNMLSJRHLGFID96DA,46.66,0.0,2.97,有,
仁德區,土地,中洲西段1141地號,53.53,,鄉村區,乙種建築用地,1150821,土地1建物0車位0,,,其他,,,,0.0,0,0,0,無,無,931509,17402,,0.0,0,親友、員工、共有人或其他特殊關係間之交易；未登記建物；,RPSNMLKKRHLGFID88DA,0.0,0.0,0.0,無,
仁德區,土地,中洲西段695地號,45.55,,鄉村區,乙種建築用地,1150821,土地1建物0車位0,,,其他,,,,0.0,0,0,0,無,無,798038,17520,,0.0,0,親友、員工、共有人或其他特殊關係間之交易；未登記建物；,RPTNMLKKRHLGFID98DA,0.0,0.0,0.0,無,
永康區,房地(土地+建物)+車位,臺南市永康區復國路７２號五樓之３,50.48,都市：其他:住宅區,,,1150804,土地1建物1車位1,五層,十四層,住宅大樓(11層含以上有電梯),住家用,鋼筋混凝土造,0960920,177.71,3,2,2,有,有,11250000,63305,坡道平面,0.0,0,,RPQOMLQJQHLGFKD76DA,99.29,0.0,10.58,有,033
北區,房地(土地+建物),臺南市北區長榮路四段８４巷２４號,77.0,都市：其他:住宅區,,,1150804,土地3建物1車位0,全,二層,透天厝,住家用,加強磚造,0570130,93.75,4,2,3,有,無,9250000,98667,,0.0,0,其他增建；包含公共設施保留地用地；,RPQOMLMKQHLGFAD08DA,93.75,0.0,0.0,無,
中西區,房地(土地+建物),臺南市中西區萬昌街１３３號八樓之９,7.56,都市：其他:商業區,,,1150812,土地3建物1車位0,八層,十一層,住宅大樓(11層含以上有電梯),住家用,ＲＣ造,0950713,38.13,1,1,1,有,有,5300000,138998,,0.0,0,,RPRNMLMLQHLGFAD18DA,23.38,0.0,3.31,有,
中西區,土地,福安段621地號,120.02,都市：其他:商業區,,,1150811,土地1建物0車位0,,,其他,,,,0.0,0,0,0,無,無,17100000,142476,,0.0,0,,RPUNMLLMQHLGFAD48DA,0.0,0.0,0.0,無,034
安平區,房地(土地+建物)+車位,臺南市安平區建平七街５５０號十一樓之６,10.66,都市：其他:第三種商業區,,,1150801,土地1建物1車位1,十一層,二十二層,住宅大樓(11層含以上有電梯),住家用,鋼筋混凝土造,1121108,112.02000000000001,0,2,2,有,有,9100000,81235,坡道平面,25.96,0,,RPUOMLLJRHLGFAD38DA,48.43,4.51,3.05,有,035
北區,房地(土地+建物)+車位,臺南市北區育賢街８８號十四樓之５,62.42,都市：其他:住宅區,,,1150831,土地1建物1車位2,十四層,二十一層,住宅大樓(11層含以上有電梯),住家用,鋼筋混凝土構造,1060706,355.86,3,2,3,有,有,36800000,103411,坡道平面,75.46,0,,RPWNMLLKRHLGFAD58DA,177.92,0.0,16.54,有,036
安南區,土地,海前段996-9地號,1652.9,都市：其他:農業區,,,1150804,土地1建物0車位0,,,其他,,,,0.0,0,0,0,無,無,5500000,3327,,0.0,0,,RPTNMLOKQHLGFBD58DA,0.0,0.0,0.0,無,
安南區,土地,海東段102-88地號,131.15,都市：其他:細部計畫道路用地,,,1150821,土地8建物0車位0,,,其他,,,,0.0,0,0,0,無,無,2929958,22341,,0.0,0,親友、員工、共有人或其他特殊關係間之交易；,RPSNMLNJRHLGFBD38DA,0.0,0.0,0.0,無,037
南區,房地(土地+建物)+車位,臺南市南區水交社路２０巷２９號二樓,20.55,都市：其他:住宅區,,,1150801,土地2建物1車位1,二層,七層,華廈(10層含以下有電梯),住家用,鋼筋混凝土構造,1071114,134.8,2,2,1,有,有,9500000,70475,坡道平面,35.45,0,,RPSOMLRLQHLGFCD09DA,54.27,0.0,10.65,有,038
南區,房地(土地+建物)+車位,臺南市南區興昌路３８巷８號六樓之６,19.4,都市：其他:住宅區,,,1150808,土地2建物1車位1,六層,十四層,住宅大樓(11層含以上有電梯),住家用,鋼筋混凝土構造,1110324,118.21,2,2,2,有,有,10700000,90517,坡道平面,23.59,0,,RPQOMLMJRHLGFCD28DA,54.27,3.75,3.03,有,039
東區,房地(土地+建物),臺南市東區中華東路一段１２號六樓之３,5.64,都市：其他:鄰里商業區,,,1150816,土地1建物1車位0,六層,十四層,住宅大樓(11層含以上有電梯),住家用,ＲＣ造,0930712,57.36,1,1,1,有,有,7100000,123780,,0.0,0,,RPTNMLNJRHLGFCD58DA,38.63,0.0,5.34,有,
東區,房地(土地+建物),臺南市東區崇德九街３８號,90.0,都市：其他:住宅區,,,1150812,土地1建物1車位0,全,三層,透天厝,住商用,鋼筋混凝土造,0690915,163.33,4,2,3,有,無,15000000,91839,,0.0,0,頂樓加蓋；其他增建；,RPTNMLLKRHLGFCD48DA,163.33,0.0,0.0,無,
新營區,房地(土地+建物),臺南市新營區大宏里綠川路３３號,83.53,都市：其他:住宅區,,,1150803,土地1建物1車位0,全,二層,透天厝,住家用,加強磚造,0681229,105.6,5,2,2,有,無,4500000,42614,,0.0,0,其他增建；,RPPNMLKKRHLGFDD08DA,105.6,0.0,0.0,無,
後壁區,土地,土溝段2050地號,1485.0,,特定農業區,農牧用地,1150817,土地1建物0車位0,,,其他,,,,0.0,0,0,0,無,無,1900000,1279,,0.0,0,,RPPNMLKKRHLGFED18DA,0.0,0.0,0.0,無,040
學甲區,土地,西進段1114地號,1573.2,,特定農業區,甲種建築用地,1150811,土地1建物0車位0,,,其他,,,,0.0,0,0,0,無,無,5234790,3327,,0.0,0,未登記建物；,RPRNMLMKQHLGFGD68DA,0.0,0.0,0.0,無,
學甲區,房地(土地+建物),臺南市學甲區百福里民族路６６之１１２號,84.02,都市：其他:住宅區,,,1150829,土地1建物1車位0,全,二層,透天厝,住家用,加強磚造,0720530,116.86,4,2,2,有,無,1300000,11124,,0.0,0,其他增建；,RPUNMLKKRHLGFGD88DA,111.06,0.0,5.8,無,
新化區,房地(土地+建物),臺南市新化區崙子頂３９６之４０號,91.02,,鄉村區,乙種建築用地,1150826,土地2建物1車位0,全,四層,透天厝,住家用,鋼筋混凝土造,1081030,162.73,4,1,3,有,無,12000000,73742,,0.0,0,,RPPNMLTJRHLGFHD66DA,131.0,0.0,31.73,無,041
仁德區,房地(土地+建物),臺南市仁德區正義路４３號,53.76,都市：其他:第三種住宅區。,,,1150807,土地3建物1車位0,全,四層,透天厝,住家用,鋼筋混凝土構造,1080227,134.77,5,2,5,有,無,10250000,76056,,0.0,0,1/2持分移轉親友、員工、共有人或其他特殊關係間之交易；,RPQOMLLKRHLGFID88DA,134.77,0.0,0.0,無,042
永康區,房地(土地+建物),臺南市永康區六合里新興街８號四樓之５,7.33,都市：其他:住宅區,,,1150822,土地1建物1車位0,四層,十一層,住宅大樓(11層含以上有電梯),住家用,鋼筋混凝土造,0880519,72.86,3,2,2,有,有,5120000,70272,,0.0,0,夾層；,RPPOMLQLQHLGFKD86DA,36.63,6.89,8.04,有,
永康區,房地(土地+建物),臺南市永康區中華路４６１號七樓之４,1.85,都市：其他:住宅區,,,1150808,土地1建物1車位0,七層,七層,華廈(10層含以下有電梯),住家用,鋼筋混凝土造,0831029,122.34,3,2,2,有,有,5800000,47409,,0.0,0,六合段121地號：仁愛之家所有,RPTNMLLMQHLGFKD76DA,76.11,0.0,7.07,有,043
永康區,房地(土地+建物),臺南市永康區西勢里富強路一段２巷３１弄２１號三樓之１,8.83,都市：其他:住宅區,,,1150829,土地2建物1車位0,三層,七層,華廈(10層含以下有電梯),住家用,鋼筋混凝土造,0820610,56.21,1,1,1,有,有,3980000,70806,,0.0,0,陽台外推；,RPUNMLNJRHLGFKD86DA,36.86,0.0,7.39,有,
永康區,房地(土地+建物),臺南市永康區大安街１２號,91.92,都市：其他:住宅區,,,1150801,土地2建物1車位0,全,四層,透天厝,住家用,鋼筋混凝土構造,1090204,192.67,5,2,3,有,無,20000000,103804,,0.0,0,,RPRNMLSJRHLGFKD07DA,178.78,0.0,13.89,有,
官田區,土地,葫蘆埤段2498地號,138.28,,特定農業區,甲種建築用地,1150828,土地2建物0車位0,,,其他,,,,0.0,0,0,0,無,無,1474100,10660,,0.0,0,親友、員工、共有人或其他特殊關係間之交易；,RPPNMLLKRHLGFFD48EA,0.0,0.0,0.0,無,
中西區,房地(土地+建物),臺南市中西區康樂街１５６號十樓之１１,5.11,都市：其他:商業區,,,1150811,土地1建物1車位0,十層,十二層,住宅大樓(11層含以上有電梯),住家用,鋼筋混凝土造,0781002,47.71,1,1,1,有,有,2570000,53867,,0.0,0,,RPPOMLLLQHLGFAD97DA,34.21,0.0,4.37,有,
北區,房地(土地+建物)+車位,臺南市北區長榮路五段４１巷３０號十三樓之５,32.32,都市：其他:住宅區,,,1150811,土地2建物1車位1,十三層,十四層,住宅大樓(11層含以上有電梯),住家用,鋼筋混凝土造,0920916,169.3,3,2,2,有,有,11580000,68399,坡道平面,0.0,0,,RPVNMLLKRHLGFAD48DA,101.14,0.0,9.03,有,
安南區,房地(土地+建物),臺南市安南區頂安街４０１號,470.77,都市：其他:住宅區,,,1150821,土地2建物1車位0,全,一層,透天厝,住工用,骨造,0820226,110.13,0,0,0,無,無,11914800,108189,,0.0,0,怡北段825地號為道路用地親友、員工、共有人或其他特殊關係間之交易；其他增建；包含公共設施保留地用地；,RPQNMLSLQHLGFBD78DA,110.13,0.0,0.0,無,
東區,房地(土地+建物),臺南市東區東寧路２０１巷１４３號,76.0,都市：其他:住宅區,,,1150807,土地1建物1車位0,全,二層,透天厝,住家用,鋼筋混凝土造,0751004,121.82,4,2,3,有,無,18100000,148580,,0.0,0,陽台外推；頂樓加蓋；其他增建；,RPWNMLRJQHLGFCD56DA,111.98,0.0,9.84,無,
南區,房地(土地+建物)+車位,臺南市南區健康路二段４９７號,40.03,都市：其他:中密度住宅區,,,1150815,土地2建物1車位1,一層，二層，騎樓,七層,華廈(10層含以下有電梯),住商用,鋼筋混凝土造,0820208,213.59,1,2,2,有,有,11000000,51501,坡道平面,0.0,0,,RPUNMLLLQHLGFCD58DA,140.57,5.59,5.59,有,
南區,房地(土地+建物),臺南市南區仁慈街１９之３號,11.58,都市：其他:住宅區,,,1150812,土地1建物1車位0,四層,四層,公寓(5樓含以下無電梯),住家用,鋼筋混凝土造,0710628,34.43,2,1,2,有,無,1100000,31949,,0.0,0,親友、員工、共有人或其他特殊關係間之交易；,RPPNMLKMQHLGFCD08DA,23.39,0.0,4.76,無,044
南區,房地(土地+建物),臺南市南區灣裡路８８巷５２弄６號,83.0,都市：其他:住宅區,,,1150810,土地2建物1車位0,全,二層,透天厝,住家用,加強磚造,0691027,79.65,5,2,3,有,無,4000000,50220,,0.0,0,頂樓加蓋；其他增建；包含公共設施保留地用地；,RPQNMLLMQHLGFCD28DA,79.65,0.0,0.0,無,
鹽水區,土地,三和段16地號,1901.09,,特定農業區,農牧用地,1150813,土地1建物0車位0,,,其他,,,,0.0,0,0,0,無,無,1400000,736,,0.0,0,急買急賣；,RPPNMLQJRHLGFDD58DA,0.0,0.0,0.0,無,
新營區,房地(土地+建物)+車位,臺南市新營區中正路５５號十三樓之三,14.95,都市：其他:住宅區,,,1150822,土地1建物1車位1,十三層,十五層,住宅大樓(11層含以上有電梯),住家用,鋼筋混凝土造,0840224,132.34,2,2,2,有,有,5600000,42315,坡道平面,0.0,0,,RPPNMLPKRHLGFDD58DA,67.46,2.41,12.69,有,045
白河區,土地,草店段1473地號,361.75,,一般農業區,農牧用地,1150805,土地2建物0車位0,,,其他,,,,0.0,0,0,0,無,無,150000,415,,0.0,0,父子關係親友、員工或其他特殊關係間之交易。；,RPPNMLMKQHLGFED28DA,0.0,0.0,0.0,無,
新市區,房地(土地+建物),臺南市新市區中正路３０１巷１５弄５３號,87.2,都市：其他:住宅區,,,1150823,土地2建物1車位0,全,二層,透天厝,住家用,加強磚造,0780112,128.79,5,2,2,有,無,11500000,89293,,0.0,0,,RPOOMLLMQHLGFHD68DA,124.18,0.0,4.61,無,046
新市區,房地(土地+建物)+車位,臺南市新市區富安二街１３３號五樓之２,25.96,都市：其他:住宅區,,,1150802,土地1建物1車位1,五層,六層,華廈(10層含以下有電梯),住家用,鋼筋混凝土造,1071206,82.82000000000001,2,2,2,有,有,8800000,106255,一樓平面,4.78,0,,RPVNMLNJRHLGFHD66DA,52.51,2.71,4.73,有,047
善化區,房地(土地+建物)+車位,臺南市善化區建國路４０５號六樓之１,29.54,都市：其他:住宅區,,,1150829,土地1建物1車位1,六層,十四層,住宅大樓(11層含以上有電梯),住家用,鋼筋混凝土造,1071022,177.43,3,2,2,有,有,15080000,84991,坡道平面,0.0,0,,RPSNMLKKRHLGFHD78DA,80.82,0.0,10.08,有,048
新化區,土地,知義段283地號,103.62,都市：其他:農業區,,,1150828,土地1建物0車位0,,,其他,,,,0.0,0,0,0,無,無,2300111,22198,,0.0,0,未登記建物；政府機關標讓售；,RPTNMLPKRHLGFHD76DA,0.0,0.0,0.0,無,
關廟區,土地,新埔段516地號,1135.0,,一般農業區,農牧用地,1150804,土地1建物0車位0,,,其他,,,,0.0,0,0,0,無,無,2950000,2599,,0.0,0,,RPRNMLNJRHLGFID98DA,0.0,0.0,0.0,無,
仁德區,土地,鍾厝段280地號,91.73,都市：其他:第三種住宅區。,,,1150827,土地1建物0車位0,,,其他,,,,0.0,0,0,0,無,無,5000000,54508,,0.0,0,,RPRNMLSJRHLGFID86DA,0.0,0.0,0.0,無,
永康區,房地(土地+建物),臺南市永康區大武街７６巷２號,10.12,都市：其他:住宅區,,,1150801,土地1建物1車位0,一層，二層,十六層,住宅大樓(11層含以上有電梯),商業用,鋼筋混凝土造,0830803,82.97,2,1,2,有,有,10000000,120525,,0.0,0,其他增建；,RPQNMLLJQHLGFKD78DA,67.33,0.0,9.52,有,
永康區,房地(土地+建物),臺南市永康區富強路一段１６８巷６弄１５號,113.22,都市：其他:住宅區,,,1150801,土地5建物1車位0,全,四層,透天厝,住家用,鋼筋混凝土造,0981116,171.96,4,2,3,有,無,15680000,91184,,0.0,0,未登記建物；,RPRNMLMJRHLGFKD09DA,158.09,2.05,11.82,無,
永康區,房地(土地+建物),臺南市永康區西灣里永華路２３３巷２８號六樓之１,26.11,都市：其他:住宅區,,,1150828,土地1建物2車位0,六層,九層,華廈(10層含以下有電梯),住家用,鋼筋混凝土造,0811130,156.04000000000002,4,2,2,有,有,1613806,10342,,0.0,0,親友、員工、共有人或其他特殊關係間之交易；,RPTNMLKKRHLGFKD56DA,94.15,0.0,12.33,有,
永康區,房地(土地+建物)+車位,臺南市永康區永安路２９０號四樓之６,22.39,都市：其他:住宅區,,,1150808,土地1建物1車位1,四層,十五層,住宅大樓(11層含以上有電梯),住家用,鋼筋混凝土造,1150303,142.57999999999998,2,2,2,有,有,15300000,107308,坡道平面,25.25,0,,RPQOMLLKRHLGFKD09DA,68.19,0.0,8.48,有,049
永康區,房地(土地+建物),臺南市永康區中華路３４９號六樓之１０,3.04,都市：其他:住宅區,,,1150819,土地1建物1車位0,六層,十七層,住宅大樓(11層含以上有電梯),辦公用,鋼筋混凝土造,0850129,36.08,1,0,1,有,有,2682000,74335,,0.0,0,,RPQNMLOKRHLGFKD66DA,25.54,0.0,5.03,有,
安南區,房地(土地+建物),臺南市安南區安中路四段２９０巷１９３弄２８號,92.91,都市：其他:住宅區,,,1150811,土地2建物1車位0,全,四層,透天厝,住家用,鋼筋混凝土造,1100408,215.01999999999998,4,2,5,有,無,11000000,51158,,0.0,0,親友、員工、共有人或其他特殊關係間之交易；,RPPNMLKKRHLGFBD97EA,196.79,0.0,18.19,無,050
新營區,房地(土地+建物),臺南市新營區民生里民生路３５６巷２３號,127.94,都市：其他:住宅區,,,1150812,土地1建物1車位0,全,二層,透天厝,住家用,鋼筋混凝土造,0790108,167.05,2,2,2,有,無,7600000,45495,,0.0,0,,RPPNMLPKRHLGFDD68EA,149.5,0.0,17.55,無,
北區,房地(土地+建物)+車位,臺南市北區東豐路２２７巷１２號八樓之５,12.04,都市：其他:住宅區,,,1150811,土地1建物1車位1,八層,十三層,住宅大樓(11層含以上有電梯),住家用,鋼筋混凝土構造,1000908,99.94,1,1,1,有,有,8380000,83850,坡道平面,36.14,0,,RPRNMLOJRHLGFAD28DA,37.48,4.93,0.0,有,
安平區,房地(土地+建物)+車位,臺南市安平區健康路三段３２９號十四樓之１,12.1,都市：其他:商業區(附),,,1150813,土地1建物1車位1,十四層,二十三層,住宅大樓(11層含以上有電梯),住家用,鋼筋混凝土構造,1060124,160.7,3,2,2,有,有,10600000,65966,坡道平面,33.65,0,,RPWNMLSJRHLGFAD56DA,76.41,3.48,6.03,有,051
安平區,房地(土地+建物)+車位,臺南市安平區文平路２０９號十二樓之３,14.29,都市：其他:第三種商業區(附),,,1150806,土地1建物1車位1,十二層,二十一層,住宅大樓(11層含以上有電梯),住家用,鋼筋混凝土造,0960815,185.76999999999998,4,2,2,有,有,18800000,101200,坡道平面,24.22,0,,RPOPMLLKRHLGFAD97DA,97.66,0.0,17.81,有,052
北區,房地(土地+建物)+車位,臺南市北區長榮路五段４１巷１０號八樓之５,32.32,都市：其他:住宅區,,,1150804,土地2建物1車位1,八層,十四層,住宅大樓(11層含以上有電梯),住家用,鋼筋混凝土造,0920916,169.23000000000002,3,2,2,有,有,10580000,62518,坡道平面,0.0,0,車位部分面積使用到公設面積,RPPNMLOKRHLGFAD18DA,101.12,0.0,9.03,有,
安南區,房地(土地+建物)+車位,臺南市安南區仁安一街５號五樓之３,39.7,都市：其他:住宅區,,,1150801,土地1建物1車位1,五層,五層,華廈(10層含以下有電梯),住家用,鋼筋混凝土造,1141001,104.91,3,1,2,有,有,10500000,97631,一樓平面,13.75,1600000,,RPRNMLLJRHLGFBD08DA,65.66,0.0,9.4,有,
安南區,房地(土地+建物)+車位,臺南市安南區長和路二段１２巷２１３弄３４號,80.4,都市：其他:住宅區,,,1150810,土地1建物1車位1,全,四層,透天厝,住商用,鋼筋混凝土造,0861023,179.43,5,2,4,有,無,10000000,55732,一樓平面,25.78,0,土地總價新台幣捌佰零伍萬元整；建物總價新台幣壹佰玖拾伍萬元整。夾層；其他增建；,RPTOMLOKRHLGFBD78DA,142.72,0.0,10.93,無,
東區,車位,臺南市東區崇善一街７８號地下二層之１及７８號地下二層,0.89,都市：其他:住宅區,,,1150825,土地3建物1車位1,地下二層,十八層,其他,停車空間，管理員室,鋼筋混凝土造,0850209,15.4,0,0,0,無,有,730000,,坡道機械,0.0,730000,僅車位交易；,RPPNMLQLQHLGFCD58DA,0.0,0.0,0.0,有,
麻豆區,土地,海埤段794地號,325.31,都市：其他:農業區,,,1150813,土地1建物0車位0,,,其他,,,,0.0,0,0,0,無,無,666000,2047,,0.0,0,,RPQNMLSJRHLGFFD09DA,0.0,0.0,0.0,無,
西港區,房地(土地+建物),臺南市西港區中山路２４６巷９號,77.94,都市：其他:住宅區,,,1150815,土地1建物1車位0,全,三層,透天厝,住家用,鋼筋混凝土造,0690812,129.92,2,1,3,有,無,4600000,35406,,0.0,0,,RPRNMLOKRHLGFGD98DA,122.88,0.0,7.04,無,
西港區,土地,港安段1074地號,84.17,都市：其他:道路用地,,,1150814,土地1建物0車位0,,,其他,,,,0.0,0,0,0,無,無,577000,6855,,0.0,0,1.依公告現值之28%出售2.買方負擔買賣移轉之登記費印花稅代書費等；賣方負擔土地鑑界費用及申請無協議購無徵收證明之費用包含公共設施保留地用地；,RPSNMLPKRHLGFGD56DA,0.0,0.0,0.0,無,053
安定區,土地,六塊寮段2106-1地號,843.0,,特定農業區,農牧用地,1150807,土地1建物0車位0,,,其他,,,,0.0,0,0,0,無,無,6120000,7260,,0.0,0,,RPWNMLRJRHLGFHD17DA,0.0,0.0,0.0,無,
山上區,土地,玉二段1041地號,961.7,都市：其他:道路用地,,,1150825,土地9建物0車位0,,,其他,,,,0.0,0,0,0,無,無,14900000,15493,,0.0,0,包含公共設施保留地用地；,RPQNMLPKRHLGFHD09DA,0.0,0.0,0.0,無,
歸仁區,房地(土地+建物)+車位,臺南市歸仁區大仁街４５０號四樓之３,36.03,都市：其他:住宅區,,,1150805,土地1建物1車位1,四層,七層,華廈(10層含以下有電梯),住家用,鋼筋混凝土造,1140722,128.91,3,2,2,有,有,11400000,88434,一樓平面,19.64,0,,RPSNMLRKQHLGFID86DA,71.22,0.0,5.71,有,
歸仁區,房地(土地+建物),臺南市歸仁區民生南街二段２７７巷７號,31.66,,鄉村區,乙種建築用地,1150806,土地1建物1車位0,全,二層,透天厝,住家用,加強磚造,0650930,40.45,3,2,2,有,無,2500000,61805,,0.0,0,姊妹間買賣移轉。親友、員工、共有人或其他特殊關係間之交易；其他增建；,RPWNMLSKQHLGFID37DA,40.45,0.0,0.0,無,
仁德區,土地,二橋段323-5地號,0.33,,特定農業區,農牧用地,1150819,土地1建物0車位0,,,其他,,,,0.0,0,0,0,無,無,3967,0,,0.0,0,協議價購；,RPROMLLKRHLGFID98DA,0.0,0.0,0.0,無,054
歸仁區,房地(土地+建物)+車位,臺南市歸仁區高發二路３０８號九樓之７,17.67,都市：其他:商業區,,,1150826,土地1建物1車位1,九層,十五層,住宅大樓(11層含以上有電梯),住家用,鋼筋混凝土造,1120808,101.16,2,2,2,有,有,9060000,89561,坡道機械,12.24,0,親友、員工、共有人或其他特殊關係間之交易；,RPQNMLOKRHLGFID09DA,54.11,0.0,3.45,有,055
仁德區,房地(土地+建物),臺南市仁德區中正西路３６０巷２０弄４３號二樓之１,5.02,都市：其他:住宅區,,,1150813,土地2建物1車位0,二層,四層,華廈(10層含以下有電梯),辦公用,鋼筋混凝土造,0960920,14.149999999999999,1,1,1,有,有,750000,53004,,0.0,0,,RPRNMLOKRHLGFID56DA,7.14,0.9,0.0,有,056
永康區,土地,新明段543地號,1700.0,都市：其他:農業區,,,1150811,土地1建物0車位0,,,其他,,,,0.0,0,0,0,無,無,22500000,13235,,0.0,0,,RPQNMLRJRHLGFKD86DA,0.0,0.0,0.0,無,
永康區,房地(土地+建物),臺南市永康區網寮里永二街２４５巷２７之９號五樓,19.48,都市：其他:住宅區,,,1150821,土地1建物1車位0,五層,七層,華廈(10層含以下有電梯),住家用,鋼筋混凝土造,0831213,106.75999999999999,3,2,2,有,有,6300000,59011,,0.0,0,其他增建；,RPXNMLKKRHLGFKD96DA,76.29,0.0,9.62,有,057
永康區,房地(土地+建物),臺南市永康區成功路１７６號四樓之１５,7.04,都市：其他:住宅區,,,1150813,土地1建物1車位0,四層,七層,華廈(10層含以下有電梯),住家用,鋼筋混凝土造,0800130,39.56,1,1,1,有,無,3450000,87231,,0.0,0,其他增建；,RPXNMLLKRHLGFKD07DA,28.56,0.0,0.0,有,
永康區,房地(土地+建物)+車位,臺南市永康區復國路７２號五樓之１,51.38,都市：其他:住宅區,,,1150815,土地1建物1車位1,五層,十四層,住宅大樓(11層含以上有電梯),住家用,鋼筋混凝土造,0960920,180.53,3,2,2,有,有,10800000,59824,坡道平面,0.0,0,共有部分約定專用,RPRNMLOKRHLGFKD76DA,100.89,0.0,10.58,有,
永康區,房地(土地+建物),臺南市永康區大橋一街７３巷３１號,106.0,都市：其他:住宅區,,,1150810,土地1建物1車位0,全,二層,透天厝,住家用,加強磚造,0731016,150.17,5,2,2,有,無,13000000,86569,,0.0,0,其他增建/廚房增建/一樓車庫增建/三樓增建/鐵皮屋增建/頂樓增建其他增建；,RPUNMLOKRHLGFKD07DA,130.07,7.68,12.42,無,058
永康區,房地(土地+建物)+車位,臺南市永康區大橋里大橋一街６３號四樓之３,12.27,都市：其他:住宅區,,,1150805,土地1建物1車位1,四層,十三層,住宅大樓(11層含以上有電梯),住家用,鋼筋混凝土造,0830408,130.23000000000002,3,2,2,有,有,7000000,53751,坡道機械,0.0,0,,RPRNMLPKRHLGFKD86DA,75.61,1.41,11.27,有,
永康區,房地(土地+建物)+車位,臺南市永康區永安路２８８號七樓之７,16.34,都市：其他:住宅區,,,1150817,土地1建物1車位1,七層,十五層,住宅大樓(11層含以上有電梯),住家用,鋼筋混凝土造,1150303,111.16999999999999,2,2,1,有,有,11420000,102726,坡道平面,25.25,0,,RPTNMLPKRHLGFKD07DA,51.19,0.0,4.75,有,059
永康區,土地,西灣段159地號,52.81,都市：其他:住宅區,,,1150814,土地1建物0車位0,,,其他,,,,0.0,0,0,0,無,無,1350000,25563,,0.0,0,地清或未辦繼承標售；,RPVNMLPKRHLGFKD27DA,0.0,0.0,0.0,無,060
永康區,土地,西灣段159地號,26.41,都市：其他:住宅區,,,1150814,土地1建物0車位0,,,其他,,,,0.0,0,0,0,無,無,600000,22719,,0.0,0,地清或未辦繼承標售；,SPVNMLPKRHLGFKD37DA,0.0,0.0,0.0,無,060
新營區,土地,新興段291地號,57.36,都市：其他:住宅區,,,1150806,土地5建物0車位0,,,其他,,,,0.0,0,0,0,無,無,3800000,66248,,0.0,0,公保設施保留地用地482地號持分17/1000包含公共設施保留地用地；,RPPNMLRJRHLGFDD78EA,0.0,0.0,0.0,無,062
新營區,房地(土地+建物)+車位,臺南市新營區新進路二段２２７號十三樓之三,12.37,都市：其他:商業區,,,1150818,土地1建物1車位1,十三層,十五層,住宅大樓(11層含以上有電梯),住家用,鋼筋混凝土造,1141104,115.62,2,2,2,有,有,9950000,86058,坡道平面,25.82,0,,RPRNMLQKRHLGFDD98EA,52.25,0.0,3.94,有,063
新化區,房地(土地+建物),臺南市新化區民生路２６號,72.1,都市：其他:住宅區,,,1150805,土地1建物1車位0,全,三層,透天厝,住家用,加強磚造,0640100,109.2,4,3,2,有,無,5000000,45788,,0.0,0,親友、員工、共有人或其他特殊關係間之交易；,RPRNMLPKRHLGFHD66EA,109.2,0.0,0.0,無,
中西區,房地(土地+建物)+車位,臺南市中西區民生路二段３９９號八樓之１,12.98,都市：其他:住宅區,,,1150817,土地6建物1車位1,八層,二十五層,住宅大樓(11層含以上有電梯),住家用,鋼筋混凝土造,0890306,171.03,4,2,2,有,有,16150000,94428,坡道平面,27.75,0,陽台外推；,RPSNMLKLQHLGFAD08DA,95.0,0.0,12.34,有,
中西區,房地(土地+建物),臺南市中西區府緯街９巷２９號四樓之１１,4.69,都市：其他:住宅區,,,1150828,土地2建物1車位0,四層,五層,華廈(10層含以下有電梯),住家用,鋼筋混凝土造,0791113,21.48,1,0,1,有,有,1450000,67505,,0.0,0,陽台外推；,RPQNMLOJRHLGFAD18DA,11.39,1.25,2.27,有,064
北區,房地(土地+建物)+車位,臺南市北區海安路三段３０９號二十四樓之７,14.27,都市：其他:住宅區,,,1150814,土地1建物1車位1,二十四層,二十四層,住宅大樓(11層含以上有電梯),住家用,鋼筋混凝土造,1140313,172.37,3,2,2,有,有,18300000,113914,坡道平面,24.89,1500000,預售屋、或土地及建物分件登記案件；,RPWOMLLKRHLGFAD68DA,85.29,5.53,3.8,有,
安平區,房地(土地+建物)+車位,臺南市安平區永華路二段９３２號十二樓,33.0,都市：其他:第三種商業區(附),,,1150803,土地1建物1車位2,十二層,二十六層,住宅大樓(11層含以上有電梯),住家用,鋼筋混凝土構造,1030116,451.28,4,2,5,有,有,39000000,86421,坡道平面,55.12,0,,RPSNMLPKRHLGFAD58DA,233.26,6.22,37.28,有,065
安平區,房地(土地+建物),臺南市安平區建平七街３７８號,170.42,都市：其他:第五種住宅區,,,1150806,土地1建物1車位0,全,五層,透天厝,住家用,鋼筋混凝土造,1140910,475.77,4,3,6,有,無,66000000,138722,,0.0,0,土地價款:2545萬元整建物價款:4055萬元整其他增建；,RPPNMLRKRHLGFAD48DA,431.23,0.0,44.54,有,
安南區,房地(土地+建物)+車位,臺南市安南區智安三街１２６號二樓之２,32.02,都市：其他:住宅區,,,1150809,土地1建物1車位1,二層,五層,華廈(10層含以下有電梯),住家用,鋼筋混凝土造,1150508,104.52,3,2,2,有,有,10600000,96470,一樓平面,10.19,1500000,,RPPNMLPKRHLGFBD38DA,66.19,0.0,6.8,有,
安南區,房地(土地+建物)+車位,臺南市安南區安和路一段２８８巷８５號四樓之２,33.23,都市：其他:住宅區,,,1150810,土地2建物1車位1,四層,五層,華廈(10層含以下有電梯),住家用,鋼筋混凝土造,1140611,100.4,2,2,2,有,無,8380000,87376,一樓平面,21.66,1500000,,RPWNMLQKRHLGFBD56DA,53.26,0.0,3.59,有,
東區,土地,竹篙厝段3454地號,181.0,都市：其他:住宅區,,,1150804,土地1建物0車位0,,,其他,,,,0.0,0,0,0,無,無,38600000,213260,,0.0,0,,RPVNMLOJQHLGFCD78DA,0.0,0.0,0.0,無,
東區,房地(土地+建物),臺南市東區林森路一段１４９號十一樓,2.35,都市：其他:中心商業區,,,1150817,土地2建物1車位0,十一層,二十二層,住宅大樓(11層含以上有電梯),住家用,鋼筋混凝土造,0800111,38.45,1,0,1,有,有,2900000,75423,,0.0,0,,RPQOMLTJRHLGFCD98DA,26.45,0.0,3.48,有,
東區,房地(土地+建物),臺南市東區仁和路７９號四樓之３,17.35,都市：其他:住宅區,,,1150811,土地1建物1車位0,四層,七層,華廈(10層含以下有電梯),住商用,鋼筋混凝土造,0821018,101.32,3,2,2,有,有,5650000,55764,,0.0,0,,RPQNMLPKRHLGFCD58DA,65.0,0.0,11.53,有,
東區,房地(土地+建物),臺南市東區崇仁街７２號五樓,9.17,都市：其他:副都心商業區,,,1150801,土地1建物1車位0,五層,十四層,住宅大樓(11層含以上有電梯),住家用,鋼筋混凝土造,0960906,89.29,2,1,1,有,有,8000000,89596,,0.0,0,,RPPNMLQKRHLGFCD58DA,53.09,0.95,10.72,有,
新營區,房地(土地+建物),臺南市新營區新東里２５鄰東興三街２２巷１５號十樓,28.19,都市：其他:住宅區,,,1150802,土地1建物1車位0,十層,十三層,住宅大樓(11層含以上有電梯),住家用,鋼筋混凝土造,0890317,151.02,3,1,2,有,有,7000000,46351,,0.0,0,,RPTNMLOKRHLGFDD88DA,90.87,0.0,10.86,有,
麻豆區,土地,謝西段67地號,1518.08,,特定農業區,農牧用地,1150813,土地2建物0車位0,,,其他,,,,0.0,0,0,0,無,無,3060000,2016,,0.0,0,未登記建物；,RPSNMLOKRHLGFFD98DA,0.0,0.0,0.0,無,
將軍區,土地,嘉昌段589地號,989.0,,特定農業區,農牧用地,1150820,土地1建物0車位0,,,其他,,,,0.0,0,0,0,無,無,800000,809,,0.0,0,,RPPNMLLMQHLGFGD58DA,0.0,0.0,0.0,無,
學甲區,土地,中洲南段2047地號,220.03,,鄉村區,乙種建築用地,1150819,土地1建物0車位0,,,其他,,,,0.0,0,0,0,無,無,1264600,5747,,0.0,0,,RPRNMLKKRHLGFGD58DA,0.0,0.0,0.0,無,
善化區,房地(土地+建物)+車位,臺南市善化區小新營１０７之７號三樓之７,34.26,都市：其他:住宅區,,,1150801,土地1建物1車位1,三層,六層,華廈(10層含以下有電梯),住家用,鋼筋混凝土造,1100708,112.96000000000001,3,2,2,有,有,9200000,81445,一樓平面,13.74,0,,RPSNMLNJQHLGFHD88DA,65.4,0.0,4.75,有,066
新市區,房地(土地+建物)+車位,臺南市新市區富安路６５５號三樓之６,25.82,都市：其他:住宅區,,,1150815,土地1建物1車位1,三層,十層,華廈(10層含以下有電梯),住家用,鋼筋混凝土造,1100205,125.63000000000001,3,2,2,有,有,12600000,100295,一樓平面,15.45,0,,RPWNMLMJRHLGFHD66DA,69.74,1.52,3.53,有,067
新化區,房地(土地+建物)+車位,臺南市新化區民治路５５巷２５號十樓之２,39.33,都市：其他:住宅區,,,1150811,土地1建物1車位1,十層,十二層,住宅大樓(11層含以上有電梯),住家用,鋼筋混凝土造,1150618,153.42000000000002,3,2,2,有,有,13880000,98879,坡道平面,31.25,1800000,土地價格：579萬建物價格：629萬車位價格：180萬,RPVNMLKKRHLGFHD09DA,73.87,0.0,8.06,有,
仁德區,建物,臺南市仁德區義林南路９８８巷４６號,0.0,,,,1150829,土地0建物1車位0,全,二層,透天厝,工業用,鋼骨鋼筋混凝土造,0831123,211.29,4,2,2,有,無,370000,1751,,0.0,0,建物坐落地號：勝利段1181地號；親友、員工、共有人或其他特殊關係間之交易；未登記建物；,RPTNMLLMQHLGFID56DA,187.55,13.54,10.2,無,
歸仁區,土地,潭墘段154地號,2794.62,,特定農業區,丁種建築用地,1150810,土地7建物0車位0,,,其他,,,,0.0,0,0,0,無,無,54554362,19521,,0.0,0,增值稅買方負擔親友、員工、共有人或其他特殊關係間之交易；,RPVNMLNJRHLGFID76DA,0.0,0.0,0.0,無,
歸仁區,土地,潭墘段161地號,662.05,,特定農業區,丁種建築用地,1150810,土地1建物0車位0,,,其他,,,,0.0,0,0,0,無,無,15160945,22900,,0.0,0,增值稅買方負擔親友、員工、共有人或其他特殊關係間之交易；,RPWNMLNJRHLGFID86DA,0.0,0.0,0.0,無,
歸仁區,土地,潭墘段163地號,662.02,,特定農業區,丁種建築用地,1150810,土地1建物0車位0,,,其他,,,,0.0,0,0,0,無,無,15160258,22900,,0.0,0,增值稅買方負擔親友、員工、共有人或其他特殊關係間之交易；,RPXNMLNJRHLGFID96DA,0.0,0.0,0.0,無,
歸仁區,土地,潭墘段164地號,646.04,,特定農業區,丁種建築用地,1150810,土地1建物0車位0,,,其他,,,,0.0,0,0,0,無,無,14794316,22900,,0.0,0,增值稅買方負擔親友、員工、共有人或其他特殊關係間之交易；,RPOOMLNJRHLGFID78DA,0.0,0.0,0.0,無,
歸仁區,土地,潭墘段166地號,622.58,,特定農業區,丁種建築用地,1150810,土地2建物0車位0,,,其他,,,,0.0,0,0,0,無,無,14257082,22900,,0.0,0,增值稅買方負擔親友、員工、共有人或其他特殊關係間之交易；,RPPOMLNJRHLGFID88DA,0.0,0.0,0.0,無,
永康區,房地(土地+建物)+車位,臺南市永康區中山北路１６４巷１１０弄１４號五樓之２,25.63,都市：其他:住宅區,,,1150814,土地1建物1車位1,五層,六層,華廈(10層含以下有電梯),住家用,鋼筋混凝土造,0820121,99.43,3,2,2,有,有,5700000,57327,一樓平面,0.0,0,,RPRNMLLJRHLGFKD98DA,65.84,0.0,4.3,有,
永康區,房地(土地+建物),臺南市永康區成功路１７６號二樓之１,7.5,都市：其他:住宅區,,,1150822,土地1建物1車位0,二層,七層,華廈(10層含以下有電梯),住家用,鋼筋混凝土造,0800130,42.29,1,1,1,有,無,3700000,87491,,0.0,0,其他增建；,RPOOMLLKRHLGFKD88DA,30.57,0.0,0.0,有,
永康區,土地,大灣段7246-2地號,1.0,都市：其他:住宅區,,,1150820,土地1建物0車位0,,,其他,,,,0.0,0,0,0,無,無,90713,0,,0.0,0,鄰房越界占用1平方公尺,RPQNMLNKRHLGFKD56DA,0.0,0.0,0.0,無,
永康區,房地(土地+建物)+車位,臺南市永康區龍埔街３６９號三樓之３,21.3,都市：其他:商業區,,,1150830,土地2建物1車位1,三層,十五層,住宅大樓(11層含以上有電梯),住家用,鋼筋混凝土造,1121124,152.79000000000002,3,2,2,有,有,12600000,82466,坡道機械,23.14,0,,RPPNMLOKRHLGFKD56DA,80.43,0.0,8.86,有,068
永康區,房地(土地+建物),臺南市永康區鹽行里中正路９７０巷２０號,117.23,都市：其他:住宅區,,,1150821,土地1建物1車位0,全,四層,透天厝,住商用,鋼筋混凝土造,0840506,274.2,12,0,12,有,無,17100000,62363,,0.0,0,其他增建；,RPXNMLOKRHLGFKD37DA,237.88,13.33,22.99,無,
永康區,房地(土地+建物),臺南市永康區大灣路７９８巷２１號,120.0,都市：其他:住宅區,,,1150813,土地1建物1車位0,全,二層,透天厝,住家用,加強磚造,0700420,152.06,3,2,2,有,無,15300000,100618,,0.0,0,,RPPOMLQKRHLGFKD86DA,152.06,0.0,0.0,無,
北區,房地(土地+建物)+車位,臺南市北區文成一路８８號五樓之２,20.29,都市：其他:住宅區,,,1150714,土地1建物1車位1,五層,十五層,住宅大樓(11層含以上有電梯),住家用,鋼筋混凝土構造,1120411,115.18,2,2,1,有,有,14200000,123285,坡道平面,19.79,0,,RPTOMLKKQHLGFAD18DA,56.95,0.0,6.2,有,069
安平區,房地(土地+建物)+車位,臺南市安平區健康路三段３３１號十九樓之１,11.97,都市：其他:商業區(附),,,1150709,土地1建物1車位1,十九層,二十六層,住宅大樓(11層含以上有電梯),住家用,鋼筋混凝土構造,1060124,156.78,3,2,2,有,有,10500000,66973,坡道平面,30.66,0,,RPTNMLRKQHLGFAD78DA,74.08,3.16,8.13,有,070
安平區,房地(土地+建物),臺南市安平區健康路三段３３３號八樓之６,7.21,都市：其他:商業區(附),,,1150718,土地1建物1車位0,八層,二十六層,住宅大樓(11層含以上有電梯),住家用,鋼筋混凝土構造,1060124,84.69999999999999,2,2,1,有,有,6020000,71074,,0.0,0,,RPRNMLSKQHLGFAD68DA,49.42,2.68,5.31,有,071
安平區,房地(土地+建物)+車位,臺南市安平區永華路二段５０１號二十三樓之１,21.94,都市：其他:第五種住宅區,,,1150711,土地1建物1車位1,二十三層,二十三層,住宅大樓(11層含以上有電梯),住家用,鋼筋混凝土構造,1070202,224.57999999999998,3,2,2,有,有,22500000,100187,坡道平面,28.87,0,,RPVPMLNJRHLGFAD78DA,112.76,4.76,9.97,有,072
中西區,房地(土地+建物)+車位,臺南市中西區五妃街２３號五樓,20.97,都市：其他:住宅區,,,1150709,土地1建物1車位1,五層,八層,華廈(10層含以下有電梯),住家用,鋼筋混凝土造,0880414,140.23,3,2,2,有,有,13000000,92705,坡道平面,0.0,0,車位編號：５Ｃ陽台外推；,RPVNMLRJRHLGFAD98DA,69.82,0.0,10.23,有,
安南區,房地(土地+建物)+車位,臺南市安南區仁安一街５號三樓之１,39.78,都市：其他:住宅區,,,1150728,土地1建物1車位1,三層,五層,華廈(10層含以下有電梯),住家用,鋼筋混凝土造,1141001,105.0,3,1,2,有,有,10500000,97534,一樓平面,13.75,1600000,,RPRNMLLLQHLGFBD18DA,65.78,0.0,9.35,有,
安南區,房地(土地+建物),臺南市安南區頂安街３３０巷５１弄３號,87.15,都市：其他:住宅區,,,1150723,土地1建物1車位0,全,三層,透天厝,住家用,鋼筋混凝土造,0801024,171.43,4,2,3,有,無,3560000,20766,,0.0,0,親友、員工、共有人或其他特殊關係間之交易；未登記建物；,RPPNMLQJRHLGFBD38DA,164.92,0.0,6.51,無,
安南區,土地,南興段633地號,1715.44,都市：其他:農業區,,,1150724,土地2建物0車位0,,,其他,,,,0.0,0,0,0,無,無,30000000,17488,,0.0,0,未登記建物；,RPOOMLSJRHLGFBD58DA,0.0,0.0,0.0,無,
東區,房地(土地+建物)+車位,臺南市東區東門路三段２９３號九樓,22.27,都市：其他:住宅區,,,1150707,土地1建物1車位1,九層，十層,十六層,住宅大樓(11層含以上有電梯),住家用,鋼筋混凝土造,0851005,212.44,4,2,2,有,有,10250000,48249,坡道平面,0.0,0,陽台外推；,RPRNMLSJRHLGFCD88DA,114.38,0.0,21.5,有,
鹽水區,土地,竹子腳段301地號,434.65,,鄉村區,乙種建築用地,1150731,土地1建物0車位0,,,其他,,,,0.0,0,0,0,無,無,7000000,16105,,0.0,0,未登記建物；,RPVNMLSLQHLGFDD86DA,0.0,0.0,0.0,無,073
鹽水區,房地(土地+建物),臺南市鹽水區下中４６之５６號,95.75,,鄉村區,乙種建築用地,1150731,土地3建物1車位0,全,四層,透天厝,住家用,鋼筋混凝土造,0840512,139.3,3,3,3,有,無,2250000,16152,,0.0,0,,RPVNMLLJRHLGFDD68DA,120.52,3.76,15.02,無,
七股區,土地,大文段861-6地號,23.0,,鄉村區,乙種建築用地,1150723,土地1建物0車位0,,,其他,,,,0.0,0,0,0,無,無,417450,18150,,0.0,0,,RPRNMLTJRHLGFGD76DA,0.0,0.0,0.0,無,
新市區,房地(土地+建物)+車位,臺南市新市區富中街６３２號五樓之２,35.79,都市：其他:住宅區,,,1150703,土地2建物1車位1,五層,五層,華廈(10層含以下有電梯),住家用,鋼筋混凝土造,1041008,100.72,2,1,2,有,有,9300000,92335,一樓平面,14.51,0,,RPSNMLOJRHLGFHD09DA,60.08,0.0,6.38,有,
新化區,房地(土地+建物),臺南市新化區洋子１４１號,367.0,,鄉村區,乙種建築用地,1150718,土地2建物2車位0,全,一層,透天厝,住家用,鋼筋混凝土造,0840411,106.98,6,2,2,有,無,5000000,46738,,0.0,0,土地總價新台幣350萬元整:1585地號新台幣65萬元整；1586地號新台幣285萬元整建物總價款新台幣150萬元整:823建號新台幣75萬元整格局3房1廳1衛；824建號新台幣75萬元整格局3房1廳1衛其他增建；,RPSNMLSJRHLGFHD86DA,106.98,0.0,0.0,無,
仁德區,房地(土地+建物)+車位,臺南市仁德區文心路７６號十八樓之７,12.9,都市：其他:第二之二種商業區,,,1150712,土地1建物1車位1,十八層,二十四層,住宅大樓(11層含以上有電梯),住家用,鋼筋混凝土構造,1100315,137.39,3,2,2,有,有,11000000,79206,坡道平面,17.45,1500000,,RPQNMLMKPHLGFID68DA,67.78,4.15,7.48,有,074
歸仁區,土地,沙崙段1891地號,2426.0,,一般農業區,農牧用地,1150716,土地1建物0車位0,,,其他,,,,0.0,0,0,0,無,無,15775000,6502,,0.0,0,,RPVNMLTKQHLGFID37DA,0.0,0.0,0.0,無,
歸仁區,土地,沙崙段1892地號,2427.0,,一般農業區,農牧用地,1150716,土地1建物0車位0,,,其他,,,,0.0,0,0,0,無,無,15775000,6500,,0.0,0,,RPUNMLKLQHLGFID09DA,0.0,0.0,0.0,無,
永康區,房地(土地+建物),臺南市永康區中華二路２６６巷１８號十樓之５,9.46,都市：其他:住宅區,,,1150719,土地1建物1車位0,十層,十九層,住宅大樓(11層含以上有電梯),住家用,鋼筋混凝土造,0860128,116.59,3,2,2,有,有,6660000,57123,,0.0,0,,RPROMLTKPHLGFKD17DA,79.23,0.0,10.25,有,
永康區,房地(土地+建物),臺南市永康區永大二路１０８巷５７號,102.5,都市：其他:商業區,,,1150724,土地2建物1車位0,全,四層,透天厝,住家用,鋼筋混凝土造,0990708,192.4,5,2,4,有,無,15500000,80561,,0.0,0,頂樓加蓋；其他增建；,RPTOMLRLPHLGFKD27DA,185.7,0.0,6.7,無,075
永康區,房地(土地+建物),臺南市永康區烏竹里龍橋街３５０巷１３弄２號,118.44,都市：其他:住宅區,,,1150715,土地1建物1車位0,全,四層,透天厝,住家用,鋼筋混凝土造,0810720,169.87,4,2,3,有,無,11300000,66521,,0.0,0,,RPOOMLNJQHLGFKD88DA,155.56,6.84,7.47,無,
新營區,房地(土地+建物),臺南市新營區公園路一段２６０巷３３號,120.64,都市：其他:住宅區,,,1150708,土地6建物1車位0,全,四層,透天厝,住家用,鋼筋混凝土造,1140320,237.24,5,2,5,有,無,19500000,82195,,0.0,0,包含公共設施保留地用地；,RPPNMLKKRHLGFDD18EA,225.02,0.0,12.22,無,
北區,房地(土地+建物)+車位,臺南市北區臨安路二段５３號十樓之１,14.87,都市：其他:住宅區,,,1150731,土地1建物1車位2,十層,十五層,住宅大樓(11層含以上有電梯),住商用,鋼筋混凝土造,0821119,166.19,3,2,2,有,有,8150000,49040,坡道機械,0.0,0,土地總價:貳佰壹拾伍萬元整建物總價:陸佰萬元整,RPQOMLNJQHLGFAD08DA,95.93,4.09,16.46,有,076
北區,房地(土地+建物)+車位,臺南市北區開元路５１９號十一樓之１,11.27,都市：其他:廣場兼停車場用地,,,1150725,土地3建物1車位1,十一層,二十四層,住宅大樓(11層含以上有電梯),住家用,鋼筋混凝土構造,1041105,160.86,3,2,2,有,有,11600000,72112,坡道平面,32.55,0,,RPVNMLMKQHLGFAD48DA,77.88,5.8,7.25,有,077
安南區,房地(土地+建物),臺南市安南區本原街二段５１９號,97.72,都市：其他:住宅區,,,1150720,土地1建物1車位0,全,四層,透天厝,住家用,鋼筋混凝土造,0991203,207.63,5,2,3,有,無,16000000,77060,,0.0,0,,RPUNMLQJQHLGFBD78DA,179.25,0.0,28.38,無,
安南區,房地(土地+建物)+車位,臺南市安南區智安三街８８號十三樓之２,33.39,都市：其他:住宅區,,,1150728,土地1建物1車位1,十三層,十三層,住宅大樓(11層含以上有電梯),住家用,鋼筋混凝土造,1140310,159.82999999999998,2,2,2,有,有,12000000,75080,坡道平面,29.85,0,,RPPNMLNKQHLGFBD08DA,77.18,0.0,9.53,有,078
安南區,房地(土地+建物),臺南市安南區本原街二段５１３巷２８弄２號,79.02,都市：其他:住宅區,,,1150702,土地3建物1車位0,全,四層,透天厝,住家用,鋼筋混凝土造,0840729,157.2,4,2,4,有,無,8300000,52799,,0.0,0,其他增建；,RPTNMLRKQHLGFBD88DA,146.14,0.0,11.06,無,
安南區,房地(土地+建物),臺南市安南區長和路一段５５９巷５１號,122.27,都市：其他:住宅區,,,1150706,土地2建物1車位0,全,四層,透天厝,住家用,鋼筋混凝土造,1011204,181.66,4,2,3,有,有,18100000,99637,,0.0,0,其他增建；,RPRNMLRJRHLGFBD68DA,158.94,0.0,18.28,無,
東區,房地(土地+建物),臺南市東區崇德十四街５２號,90.0,都市：其他:住宅區,,,1150708,土地1建物1車位0,全,二層,透天厝,住家用,鋼筋混凝土造,0750106,132.01,5,2,3,有,無,15800000,119688,,0.0,0,頂樓加蓋；其他增建；,RPQOMLSJPHLGFCD68DA,126.11,0.0,5.9,無,
鹽水區,房地(土地+建物),臺南市鹽水區忠孝路９９巷２４號,56.17,都市：其他:住宅區,,,1150701,土地1建物1車位0,全,二層,透天厝,住家用,加強磚造,0660121,76.58,4,2,3,有,無,5680000,74171,,0.0,0,頂樓加蓋；其他增建；,RPPNMLSJRHLGFDD78DA,76.58,0.0,0.0,無,079
新營區,房地(土地+建物)+車位,臺南市新營區金華路二段１５９號九樓之二,36.61,都市：其他:住宅區,,,1150727,土地2建物1車位1,九層,九層,華廈(10層含以下有電梯),住家用,鋼筋混凝土造,1070725,161.37,3,2,2,有,有,12600000,78081,坡道機械,11.8,0,,RPSNMLKKRHLGFDD38DA,102.78,0.0,9.42,有,
新營區,房地(土地+建物),臺南市新營區新北街２８６巷２０號,94.46,都市：其他:住宅區,,,1150728,土地1建物1車位0,全,三層,透天厝,住家用,鋼筋混凝土造,1110908,208.59,5,2,5,有,無,17000000,81500,,0.0,0,,RPPNMLLKRHLGFDD18DA,194.16,0.0,14.43,有,080
官田區,房地(土地+建物),臺南市官田區秋田街１１８巷２弄２０號,78.46,都市：其他:住宅區,,,1150726,土地2建物1車位0,全,三層,透天厝,住家用,鋼筋混凝土造,1131129,113.75,4,2,3,有,無,10800000,94945,,0.0,0,含裝潢費；含傢俱設備費；陽台外推；其他增建；,RPQNMLMLPHLGFFD48DA,90.65,0.0,23.1,無,
麻豆區,房地(土地+建物)+車位,臺南市麻豆區新生南路６９６巷３８號三樓之５,42.05,都市：其他:住宅區,,,1150704,土地3建物1車位1,三層,六層,華廈(10層含以下有電梯),住家用,鋼筋混凝土造,1130624,103.97,2,2,2,有,有,8500000,81754,一樓平面,0.0,0,興國段762、763-14、652-17地號，土地價金:新台幣340萬元整興國段955建號，建物價金:新台幣510萬元整車位編號 : 第21號,RPPNMLSJRHLGFFD98DA,63.94,0.0,5.74,有,
學甲區,房地(土地+建物),臺南市學甲區明宜里１５鄰重信路１號十二樓之九,3.52,都市：其他:商業區,,,1150730,土地1建物1車位0,十二層,十二層,住宅大樓(11層含以上有電梯),住家用,鋼筋混凝土造,0840622,36.14,1,0,1,有,有,1300000,35971,,0.0,0,,RPPNMLMKQHLGFGD48DA,25.08,3.08,0.0,有,081
七股區,土地,竹子港段1115地號,1200.0,,特定農業區,農牧用地,1150704,土地1建物0車位0,,,其他,,,,0.0,0,0,0,無,無,3650000,3042,,0.0,0,,RPRNMLLMQHLGFGD78DA,0.0,0.0,0.0,無,082
新化區,房地(土地+建物),臺南市新化區頂山７３之２號,158.08,,鄉村區,乙種建築用地,1150724,土地3建物1車位0,全,二層,透天厝,住家用,加強磚造,0700513,160.01,5,2,2,有,無,4250000,26561,,0.0,0,陽台外推；頂樓加蓋；其他增建；,RPRNMLTJRHLGFHD86DA,155.84,0.0,4.17,無,
歸仁區,房地(土地+建物)+車位,臺南市歸仁區歸仁七路２１６號八樓之２,33.36,都市：其他:住宅區,,,1150715,土地1建物1車位1,八層,十五層,住宅大樓(11層含以上有電梯),住家用,鋼筋混凝土造,1121208,152.32999999999998,3,2,2,有,有,13600000,89280,坡道平面,25.79,0,,RPPNMLLMPHLGFID68DA,75.94,0.0,8.25,有,083
關廟區,房地(土地+建物)+車位,臺南市關廟區北安一街７５號三樓之２,60.92,都市：其他:住宅區,,,1150704,土地1建物1車位1,三層,七層,華廈(10層含以下有電梯),住家用,鋼筋混凝土造,1140110,182.32,3,2,2,有,有,14380000,78875,一樓平面,15.22,1200000,,RPRNMLRJRHLGFID76DA,118.78,0.0,13.64,有,
歸仁區,土地,媽祖廟段三小段243-3地號,89.0,,鄉村區,乙種建築用地,1150715,土地1建物0車位0,,,其他,,,,0.0,0,0,0,無,無,4700000,52809,,0.0,0,,RPUNMLSJRHLGFID17DA,0.0,0.0,0.0,無,084
歸仁區,房地(土地+建物),臺南市歸仁區南潭三街１６２巷７弄８號,90.29,,特定農業區,甲種建築用地,1150728,土地2建物1車位0,全,四層,透天厝,住家用,鋼筋混凝土造,0830701,169.76,3,2,3,有,無,6500000,38289,,0.0,0,,RPWNMLSJRHLGFID37DA,159.36,0.0,10.4,無,
永康區,房地(土地+建物)+車位,臺南市永康區東橋十二街１６８號三樓之２,25.19,都市：其他:住宅區,,,1150708,土地1建物1車位1,三層,十五層,住宅大樓(11層含以上有電梯),住家用,鋼筋混凝土構造,1080315,151.70999999999998,3,2,2,有,有,15680000,103355,坡道平面,25.59,0,陽台外推；其他增建；,RPRPMLSJPHLGFKD07DA,76.89,0.0,10.66,有,085
永康區,房地(土地+建物),臺南市永康區中華路１之８３號,9.05,都市：其他:住宅區,,,1150720,土地1建物1車位0,十四層,二十四層,住宅大樓(11層含以上有電梯),辦公用,鋼骨造,0791205,148.51,0,0,0,無,有,12000000,80803,,0.0,0,陽台外推；,RPRNMLPLQHLGFKD86DA,96.78,0.0,13.13,有,
永康區,房地(土地+建物),臺南市永康區成功路１７６號三樓之１,7.24,都市：其他:住宅區,,,1150726,土地1建物1車位0,三層,七層,華廈(10層含以下有電梯),住家用,鋼筋混凝土造,0800130,40.83,1,1,1,有,無,3450000,84517,,0.0,0,,RPVNMLQLQHLGFKD37DA,29.52,0.0,0.0,有,
永康區,房地(土地+建物),臺南市永康區烏竹街６６號,98.76,都市：其他:住宅區,,,1150712,土地1建物1車位0,全,四層,透天厝,住家用,鋼筋混凝土造,1150423,219.24,5,2,5,有,無,23000000,104908,,0.0,0,,RPTNMLOJRHLGFKD86DA,200.94,0.0,18.3,無,
北區,房地(土地+建物),臺南市北區西門路四段２７３之２號十二樓,17.22,都市：其他:商業區,,,1150715,土地1建物1車位0,十二層,十五層,住宅大樓(11層含以上有電梯),住家用,鋼筋混凝土造,0870815,154.22,4,2,2,有,有,11000000,71327,,0.0,0,陽台外推；其他增建；,RPSNMLPKPHLGFAD38DA,98.55,0.0,18.52,有,
北區,房地(土地+建物),臺南市北區大港街１１８號,100.45,都市：其他:住宅區,,,1150708,土地1建物1車位0,全,三層,透天厝,住商用,鋼筋混凝土造,0811128,232.51,5,2,3,有,無,15000000,64513,,0.0,0,,RPPNMLKLQHLGFAD77DA,225.44,0.0,7.07,無,
安平區,房地(土地+建物)+車位,臺南市安平區永華八街１６號十樓,47.22,都市：其他:第三種商業區,,,1150718,土地1建物1車位2,十層,二十一層,住宅大樓(11層含以上有電梯),住家用,鋼筋混凝土構造,1070615,321.63,3,2,3,有,有,36500000,113484,坡道平面,61.78,0,,RPOOMLQLQHLGFAD38DA,160.45,0.0,20.09,有,086
中西區,車位,臺南市中西區成功路,0.0,,,,1150717,土地0建物1車位1,,,其他,,,,23.28,0,0,0,無,有,2000000,,坡道平面,23.28,2000000,建物坐落地號：老古石段82地號；僅車位交易；,RPPNMLMJRHLGFAD87DA,0.0,0.0,0.0,有,
北區,房地(土地+建物)+車位,臺南市北區中華北路二段２７９號五樓之２,34.86,都市：其他:住宅區,,,1150730,土地1建物1車位1,五層,八層,華廈(10層含以下有電梯),住家用,鋼筋混凝土造,0870512,149.87,3,2,2,有,有,11200000,74731,坡道平面,12.96,0,,RPUOMLNJRHLGFAD58DA,86.09,0.0,10.55,有,087
北區,房地(土地+建物),臺南市北區小東路２９９巷２７弄３之１號,30.4,都市：其他:住宅區,,,1150729,土地1建物1車位0,二層,五層,公寓(5樓含以下無電梯),住家用,鋼筋混凝土造,0710224,95.66,3,2,2,有,無,7180000,75057,,0.0,0,,RPPNMLSJRHLGFAD48DA,73.88,0.0,9.89,無,088
中西區,房地(土地+建物),臺南市中西區健康路一段４２０巷１號,55.14,都市：其他:商業區,,,1150702,土地1建物1車位0,全,五層,透天厝,住商用,鋼筋混凝土造,0730519,265.6,5,2,3,有,無,8100000,30497,,0.0,0,頂樓加蓋；其他增建；,RPTNMLLKRHLGFAD28DA,265.6,0.0,0.0,無,
安南區,土地,原佃段588-2地號,4967.77,都市：其他:河川區(兼供道路使用),,,1150710,土地7建物0車位0,,,其他,,,,0.0,0,0,0,無,無,102187000,20570,,0.0,0,,RPSNMLTJRHLGFBD98DA,0.0,0.0,0.0,無,089
安南區,房地(土地+建物),臺南市安南區青砂街一段３３巷４９號,476.2,都市：其他:農業區,,,1150722,土地4建物1車位0,全,三層,透天厝,住家用,鋼筋混凝土造,1140417,239.07,5,2,5,有,無,26500000,110846,,0.0,0,建物價格:1000萬元整土地價格:114-6地號10515200元整、112-4地號5758200元整、114-12地號持分24400元整、112-2地號持分202200元整,RPQNMLLKRHLGFBD08DA,226.22,0.0,12.85,有,
安南區,房地(土地+建物),臺南市安南區青砂街一段３３巷３７號,596.24,都市：其他:農業區,,,1150707,土地5建物1車位0,全,三層,透天厝,住家用,鋼筋混凝土造,1140417,330.82,4,2,5,有,無,31180000,94251,,0.0,0,建物價格:1300萬元整土地價格:114-11地號12092600元整、112-9地號5787600元整、114-12地號持分17600元整、112-2地號持分202200元整、132-1地號持分80000元整,RPRNMLLKRHLGFBD18DA,318.34,0.0,12.48,有,
東區,房地(土地+建物),臺南市東區崇德路１６號,83.0,都市：其他:住宅區,,,1150720,土地1建物1車位0,全,四層,透天厝,住商用,鋼筋混凝土造,0751018,241.3,8,1,9,有,無,28500000,118110,,0.0,0,陽台外推；頂樓加蓋；其他增建；,RPQOMLRKQHLGFCD78DA,231.16,0.0,10.14,無,
東區,房地(土地+建物)+車位,臺南市東區崇德十一街５５號五樓,21.31,都市：其他:住宅區,,,1150725,土地1建物1車位1,五層,六層,華廈(10層含以下有電梯),住家用,鋼筋混凝土造,0810125,120.4,3,2,2,有,有,8900000,73920,升降機械,0.0,0,,RPPNMLOJRHLGFCD28DA,79.5,0.0,8.97,有,090
東區,房地(土地+建物)+車位,臺南市東區中華東路三段３７７巷１８號九樓,30.25,都市：其他:住宅區,,,1150718,土地1建物1車位1,九層,九層,華廈(10層含以下有電梯),住家用,鋼筋混凝土造,0880706,198.07,4,2,2,有,有,16500000,83304,坡道平面,41.41,0,,RPTNMLKKRHLGFCD38DA,123.04,0.0,3.48,有,
東區,房地(土地+建物),臺南市東區裕孝路４８０號,66.4,都市：其他:住宅區,,,1150720,土地3建物1車位0,全,四層,透天厝,住家用,鋼筋混凝土造,0950331,175.95,5,2,4,有,有,19500000,110827,,0.0,0,陽台外推；頂樓加蓋；其他增建；,RPWNMLKKRHLGFCD68DA,152.71,0.72,22.52,無,
柳營區,土地,柳營段溫厝小段732地號,2727.0,,特定農業區,農牧用地,1150703,土地2建物0車位0,,,其他,,,,0.0,0,0,0,無,無,4200000,1540,,0.0,0,農作物；,RPSNMLTKQHLGFDD56DA,0.0,0.0,0.0,無,
麻豆區,土地,安東段841地號,1449.19,,一般農業區,農牧用地,1150709,土地2建物0車位0,,,其他,,,,0.0,0,0,0,無,無,3850000,2657,,0.0,0,,RPPNMLNJRHLGFFD48DA,0.0,0.0,0.0,無,
西港區,房地(土地+建物)+車位,臺南市西港區後營３７之６號二樓之１,37.89,,鄉村區,乙種建築用地,1150728,土地1建物1車位1,二層,五層,華廈(10層含以下有電梯),住家用,鋼筋混凝土造,1140312,115.47,2,1,2,有,有,7200000,55096,一樓平面,2.94,1000000,,RPRNMLLJRHLGFGD58DA,75.21,0.0,8.99,有,
西港區,房地(土地+建物)+車位,臺南市西港區後營３７之６號三樓之１,37.89,,鄉村區,乙種建築用地,1150728,土地1建物1車位1,三層,五層,華廈(10層含以下有電梯),住家用,鋼筋混凝土造,1140312,116.28,2,1,2,有,有,7500000,57762,一樓平面,3.75,1000000,,RPVNMLKKRHLGFGD98DA,75.21,0.0,8.99,有,
佳里區,房地(土地+建物),臺南市佳里區安西路１４９巷２１之７號,102.51,都市：其他:住宅區,,,1150709,土地2建物1車位0,全,四層,透天厝,住家用,鋼筋混凝土造,1130711,221.92,4,2,4,有,有,14500000,65339,,0.0,0,,RPQNMLOKRHLGFGD88DA,203.53,0.0,18.39,無,
安定區,土地,港口段2950地號,62.0,,鄉村區,乙種建築用地,1150726,土地1建物0車位0,,,其他,,,,0.0,0,0,0,無,無,2450000,39516,,0.0,0,親友、員工、共有人或其他特殊關係間之交易；未登記建物；,RPUNMLMKQHLGFHD09DA,0.0,0.0,0.0,無,
安定區,房地(土地+建物),臺南市安定區港口１之２３２號,88.0,,特定農業區,甲種建築用地,1150718,土地1建物1車位0,全,四層,透天厝,住家用,鋼筋混凝土造,1141003,208.66,5,2,4,有,無,18300000,87702,,0.0,0,,RPPNMLMLQHLGFHD68DA,187.39,0.0,21.27,無,
仁德區,房地(土地+建物)+車位,臺南市仁德區崇聖路一段６號十一樓之９,22.12,都市：其他:住宅區,,,1150712,土地1建物1車位1,十一層,十四層,住宅大樓(11層含以上有電梯),住家用,鋼筋混凝土造,1131015,153.43,3,2,2,有,有,14750000,108699,坡道平面,32.27,1580000,,RPVNMLTLPHLGFID37DA,78.38,0.0,5.27,有,
仁德區,房地(土地+建物)+車位,臺南市仁德區崇聖路一段１２號六樓之９,22.12,都市：其他:住宅區,,,1150730,土地1建物1車位1,六層,十四層,住宅大樓(11層含以上有電梯),住家用,鋼筋混凝土造,1131015,153.39,3,2,2,有,有,12980000,96020,坡道平面,32.27,1350000,,RPSNMLMKQHLGFID98DA,78.38,0.0,5.27,有,
永康區,房地(土地+建物)+車位,臺南市永康區西勢里廣興街３８巷４７弄２０號四樓,24.12,都市：其他:住宅區,,,1150715,土地1建物1車位1,四層,六層,華廈(10層含以下有電梯),住家用,鋼筋混凝土造,0821202,141.82,3,2,2,有,無,6500000,45833,坡道平面,0.0,0,其他增建；,RPQNMLTJRHLGFKD07DA,76.47,2.42,8.61,有,091
永康區,房地(土地+建物),臺南市永康區復華三街９０巷１２號三樓,9.53,都市：其他:商業區,,,1150714,土地1建物1車位0,三層,十七層,住宅大樓(11層含以上有電梯),住家用,鋼筋混凝土造,0831108,90.06,3,1,1,有,有,4300000,47746,,0.0,0,,RPPNMLLKRHLGFKD98EA,61.37,0.0,5.3,有,092
安平區,房地(土地+建物)+車位,臺南市安平區永華八街２０號十九樓,39.93,都市：其他:第三種商業區,,,1150720,土地1建物1車位1,十九層,二十一層,住宅大樓(11層含以上有電梯),住家用,鋼筋混凝土構造,1070615,253.60000000000002,2,2,3,有,有,26880000,105994,坡道平面,30.89,0,,RPOPMLRJQHLGFAD38DA,141.46,0.0,13.25,有,093
安平區,房地(土地+建物)+車位,臺南市安平區健康路三段３３１號十七樓之２,8.53,都市：其他:商業區(附),,,1150731,土地1建物1車位1,十七層,二十六層,住宅大樓(11層含以上有電梯),住家用,鋼筋混凝土構造,1060124,115.36,2,2,1,有,有,8500000,73682,坡道平面,30.66,0,,RPPNMLRKQHLGFAD38DA,49.42,2.68,5.31,有,094
中西區,房地(土地+建物)+車位,臺南市中西區金華路三段１７１號十六樓之１,27.2,都市：其他:商業區,,,1150725,土地2建物1車位1,十六層,二十層,住宅大樓(11層含以上有電梯),住家用,鋼筋混凝土構造,1100129,244.24,3,2,2,有,有,26750000,109523,坡道平面,31.99,0,,RPPNMLTJRHLGFAD58DA,121.34,2.41,14.91,有,095
安平區,房地(土地+建物),臺南市安平區國平北路１３７號十五樓之１０,7.13,都市：其他:商業區(附),,,1150727,土地1建物1車位0,十五層,三十四層,住宅大樓(11層含以上有電梯),住家用,鋼骨鋼筋混凝土造、鋼筋混凝土造,1140415,76.6,2,1,1,有,有,6346000,82846,,0.0,0,,RPPNMLLKRHLGFAD87DA,46.19,0.0,3.74,有,096
中西區,房地(土地+建物),臺南市中西區健康路一段４２０巷３號,56.01,都市：其他:商業區,,,1150702,土地1建物1車位0,全,五層,透天厝,住商用,鋼筋混凝土造,0730519,266.0,5,2,2,有,無,8100000,30451,,0.0,0,頂樓加蓋；其他增建；,RPUNMLLKRHLGFAD38DA,266.0,0.0,0.0,無,
安平區,房地(土地+建物),臺南市安平區平通路４６０號,103.0,都市：其他:第六種住宅區,,,1150713,土地1建物1車位0,全,四層,透天厝,住商用,鋼筋混凝土造,0761103,215.5,4,2,3,有,無,17000000,78886,,0.0,0,其他增建；,RPUNMLOKRHLGFAD68DA,211.62,0.0,3.88,無,
安南區,房地(土地+建物)+車位,臺南市安南區州南二街１７６號三樓之２,29.26,都市：其他:住宅區,,,1150705,土地1建物1車位1,三層,五層,華廈(10層含以下有電梯),住家用,鋼筋混凝土造,1150420,103.15,2,2,2,有,無,10260000,102100,一樓平面,20.29,1800000,,RPUNMLSLPHLGFBD09DA,53.51,0.0,7.6,有,
安南區,房地(土地+建物),臺南市安南區環館三路１３巷２３弄３號,207.45,都市：其他:住宅區,,,1150706,土地3建物1車位0,全,四層,透天厝,住家用,鋼筋混凝土造,1020627,378.53999999999996,7,2,5,有,有,33800000,89290,,0.0,0,頂樓加蓋；其他增建；,RPQNMLNJRHLGFBD18DA,340.08,0.0,37.19,有,
東區,房地(土地+建物),臺南市東區自由路二段２６號十樓之１,24.24,都市：其他:住宅區,,,1150729,土地2建物1車位0,十層,十四層,住宅大樓(11層含以上有電梯),住家用,鋼筋混凝土造,0890829,133.43,4,2,2,有,有,9000000,67451,,0.0,0,其他增建；,RPUNMLKKRHLGFCD48DA,85.73,2.72,10.61,有,
南區,房地(土地+建物),臺南市南區大同路二段４０６巷３５號之３,48.4,都市：其他:細部計畫道路用地,,,1150718,土地5建物1車位0,四層,五層,公寓(5樓含以下無電梯),住家用,鋼筋混凝土造,0710511,116.69000000000001,3,2,2,有,無,4300000,36850,,0.0,0,陽台外推；,RPWNMLLKRHLGFCD78DA,87.72,0.0,14.07,無,
東區,房地(土地+建物)+車位,臺南市東區崇賢一路３２號十五樓之１,21.32,都市：其他:住宅區,,,1150719,土地1建物1車位1,十五層,十五層,住宅大樓(11層含以上有電梯),住家用,鋼筋混凝土造,1140124,138.32,3,2,2,有,有,18220000,136929,坡道平面,21.69,2250000,,RPWNMLOKRHLGFCD09DA,69.2,0.0,6.55,有,
大內區,土地,頭社段18地號,4378.0,,山坡地保育區,農牧用地,1150719,土地2建物0車位0,,,其他,,,,0.0,0,0,0,無,無,6600000,1508,,0.0,0,未登記建物；農業設施；,RPTNMLPKRHLGFFD56DA,0.0,0.0,0.0,無,097
善化區,房地(土地+建物)+車位,臺南市善化區蓮潭路３號九樓之３,38.96,都市：其他:生活服務區(第三種住宅區),,,1150724,土地2建物1車位1,九層,十三層,住宅大樓(11層含以上有電梯),住家用,鋼筋混凝土造,1071122,161.2,3,2,2,有,有,16380000,112497,坡道平面,28.93,1500000,陽台外推；,RPSNMLOLPHLGFHD09DA,81.55,0.0,4.44,有,098
新化區,土地,頂山腳段1946地號,2228.0,,特定農業區,農牧用地,1150728,土地1建物0車位0,,,其他,,,,0.0,0,0,0,無,無,10450000,4690,,0.0,0,,RPTNMLTKQHLGFHD07DA,0.0,0.0,0.0,無,
善化區,房地(土地+建物),臺南市善化區溪尾１７８之１６號,102.57,,鄉村區,乙種建築用地,1150723,土地2建物1車位0,全,二層,透天厝,住家用,加強磚造,0701229,108.53,5,2,2,有,無,6000000,55284,,0.0,0,1.賣方賣清移轉相關費用如:土增稅.契稅.登記規費及代辦費等由買方負擔.2.因通知共有人什美段220地號是否主張優購買賣雙方協議以115.8.17為公契訂立日期.3.善化區什美段215地號售價新台幣4910400元整.   善化區什美段220地號售價新台幣830400元整.   善化區什美段108建號售價新台幣259200元整.,RPRNMLMLQHLGFHD88DA,104.04,0.0,4.49,無,
善化區,房地(土地+建物),臺南市善化區六分寮６４之１５號,95.55,,鄉村區,乙種建築用地,1150705,土地1建物1車位0,全,三層,透天厝,住家用,鋼筋混凝土造,0860418,148.17,3,2,3,有,無,9800000,66140,,0.0,0,頂樓加蓋；其他增建；,RPQNMLRLQHLGFHD66DA,137.52,0.0,10.65,無,
善化區,房地(土地+建物),臺南市善化區百二甲３０號,101.89,,鄉村區,乙種建築用地,1150705,土地3建物1車位0,全,四層,透天厝,住家用,鋼筋混凝土造,1150305,159.01,4,2,3,有,無,15500000,97478,,0.0,0,,RPQOMLLMQHLGFHD88DA,147.09,0.0,11.92,無,
新化區,土地,唪口段1730-1地號,44.0,,一般農業區,甲種建築用地,1150722,土地1建物0車位0,,,其他,,,,0.0,0,0,0,無,無,1597200,36300,,0.0,0,,RPWNMLKKRHLGFHD56DA,0.0,0.0,0.0,無,
歸仁區,房地(土地+建物)+車位,臺南市歸仁區智慧三街７號十三樓之６,23.49,都市：其他:住宅區,,,1150716,土地1建物1車位1,十三層,十三層,住宅大樓(11層含以上有電梯),住家用,鋼筋混凝土造,1140918,114.84,2,2,1,有,有,10390000,97454,坡道平面,25.67,1700000,,RPQNMLTLQHLGFID96DA,53.33,0.0,5.93,有,
歸仁區,房地(土地+建物),臺南市歸仁區六甲路３０７號六樓之５,23.91,,鄉村區,乙種建築用地,1150705,土地1建物1車位0,六層,六層,華廈(10層含以下有電梯),住家用,鋼筋混凝土造,1131223,77.68,2,1,1,有,有,6660000,85736,,0.0,0,未登記建物；,RPPNMLMJRHLGFID68DA,42.97,0.0,14.57,有,
關廟區,房地(土地+建物),臺南市關廟區四維街２０９巷８號,170.0,都市：其他:住宅區,,,1150713,土地1建物1車位0,全,三層,透天厝,住家用,加強磚造,0670126,274.68,4,3,3,有,無,4527000,16481,,0.0,0,其他增建；,RPQNMLKKRHLGFID68DA,274.68,0.0,0.0,無,
關廟區,土地,南花段533地號,169.0,都市：其他:住宅區,,,1150713,土地1建物0車位0,,,其他,,,,0.0,0,0,0,無,無,4933000,29189,,0.0,0,未登記建物；,RPRNMLKKRHLGFID78DA,0.0,0.0,0.0,無,
歸仁區,房地(土地+建物)+車位,臺南市歸仁區智慧三街７號十一樓之５,32.72,都市：其他:住宅區,,,1150729,土地1建物1車位1,十一層,十三層,住宅大樓(11層含以上有電梯),住家用,鋼筋混凝土造,1140918,149.89999999999998,3,2,2,有,有,14490000,102552,坡道平面,25.67,1750000,,RPWOMLLKRHLGFID86DA,75.14,0.0,7.41,有,
歸仁區,房地(土地+建物)+車位,臺南市歸仁區智慧三街１號十樓之１,24.0,都市：其他:住宅區,,,1150706,土地1建物1車位1,十層,十三層,住宅大樓(11層含以上有電梯),住家用,鋼筋混凝土造,1140918,116.89,2,2,1,有,有,10560000,97128,坡道平面,25.67,1700000,,RPXOMLLKRHLGFID96DA,54.63,0.0,5.91,有,
歸仁區,土地,六甲段403地號,160.41,,鄉村區,乙種建築用地,1150703,土地1建物0車位0,,,其他,,,,0.0,0,0,0,無,無,7278000,45371,,0.0,0,親友、員工、共有人或其他特殊關係間之交易；,RPPNMLOKRHLGFID98DA,0.0,0.0,0.0,無,
永康區,房地(土地+建物)+車位,臺南市永康區中華路５７８巷１５之７２號,13.65,都市：其他:住宅區,,,1150719,土地1建物1車位1,十三層,十七層,住宅大樓(11層含以上有電梯),住家用,鋼筋混凝土造,0810723,148.63,3,2,2,有,有,8680000,58400,坡道平面,0.0,0,,RPSOMLRKQHLGFKD17DA,81.99,0.0,8.8,有,099
永康區,房地(土地+建物)+車位,臺南市永康區東橋七路１９３號三樓之３,22.96,都市：其他:住宅區,,,1150717,土地1建物1車位1,三層,十六層,住宅大樓(11層含以上有電梯),住家用,鋼筋混凝土構造,1061114,147.74,3,2,2,有,有,13150000,89008,坡道平面,22.39,0,,RPOPMLLMQHLGFKD09DA,73.76,2.27,7.19,有,100
永康區,房地(土地+建物),臺南市永康區復國二路２１５巷３６號六樓之２,20.66,都市：其他:住宅區,,,1150728,土地1建物1車位0,六層,十一層,住宅大樓(11層含以上有電梯),住家用,鋼筋混凝土造,0840520,114.72999999999999,3,2,2,有,有,6500000,56655,,0.0,0,,RPQNMLSJRHLGFKD96DA,78.71,0.0,8.39,有,
永康區,房地(土地+建物),臺南市永康區大灣三街７３巷１０７號,93.73,都市：其他:住宅區,,,1150710,土地1建物1車位0,全,四層,透天厝,住家用,鋼筋混凝土造,0871126,191.44,5,1,3,有,無,10000000,52236,,0.0,0,親友、員工、共有人或其他特殊關係間之交易；,RPWNMLKKRHLGFKD86DA,178.87,0.0,12.57,無,
永康區,房地(土地+建物),臺南市永康區中正南路３４４巷１９號,391.77,都市：其他:工業區,,,1150728,土地1建物2車位0,全,一層,透天厝,工業用,鋼造,0751222,274.9,4,2,2,有,無,23500000,85486,,0.0,0,其他增建；,RPPOMLOKRHLGFKD66DA,263.78,6.61,4.51,無,101
六甲區,房地(土地+建物),臺南市六甲區中正路１０６號,199.12,都市：其他:農業區,,,1150715,土地7建物1車位0,全,二層,透天厝,住家用,鋼筋混凝土加強磚造,0710924,17.65,2,2,2,有,無,634315,35939,,0.0,0,親友、員工、共有人或其他特殊關係間之交易；其他增建；,RPPNMLOKRHLGFFD78EA,16.7,0.0,0.95,無,
北區,房地(土地+建物),臺南市北區開南街２７５巷２弄１８號,69.0,都市：其他:住宅區,,,1150720,土地1建物1車位0,全,二層,透天厝,住家用,加強磚造,0590615,70.4,4,2,3,有,無,4600000,65341,,0.0,0,頂樓加蓋；其他增建；,RPQOMLRJRHLGFAD58DA,70.4,0.0,0.0,無,
中西區,房地(土地+建物),臺南市中西區大同路一段４６巷１弄５號,44.76,都市：其他:商業區,,,1150728,土地1建物1車位0,全,二層,透天厝,住家用,磚造,0550000,63.37,2,2,1,有,無,4500000,71012,,0.0,0,急買急賣；,RPSNMLOKRHLGFAD48DA,63.37,0.0,0.0,無,102
安南區,房地(土地+建物),臺南市安南區安中路三段２３３巷１２號,69.18,都市：其他:住宅區,,,1150701,土地1建物1車位0,全,二層,透天厝,住家用,加強磚造,0651216,84.62,3,3,1,有,無,6000000,70905,,0.0,0,頂樓加蓋；其他增建；,RPWNMLLKRHLGFBD68DA,77.58,0.0,7.04,無,
安南區,房地(土地+建物)+車位,臺南市安南區宜居路６１０號四樓之２,34.51,都市：其他:住宅區,,,1150713,土地1建物1車位1,四層,五層,華廈(10層含以下有電梯),住家用,鋼筋混凝土造,1140806,103.1,2,2,2,有,有,10550000,105294,一樓平面,17.15,1500000,,RPPNMLQKRHLGFBD48DA,61.19,0.0,7.18,有,
東區,房地(土地+建物)+車位,臺南市東區崇仁街６０號十樓,10.65,都市：其他:副都心商業區,,,1150718,土地1建物1車位1,十層,十四層,住宅大樓(11層含以上有電梯),住家用,鋼筋混凝土造,0990507,120.0,2,2,2,有,有,12680000,105658,坡道平面,0.0,1600000,陽台外推；,RPQNMLLLPHLGFCD08DA,53.13,0.95,10.72,有,
東區,土地,關帝段148地號,2.97,都市：其他:住宅區,,,1150720,土地1建物0車位0,,,其他,,,,0.0,0,0,0,無,無,120000,40404,,0.0,0,,RPVNMLTJRHLGFCD76DA,0.0,0.0,0.0,無,103
南區,房地(土地+建物),臺南市南區新興路５３３巷１５弄１６號,76.57,都市：其他:住宅區,,,1150720,土地1建物1車位0,全,二層,透天厝,住家用,加強磚造,0671226,92.44,4,2,3,有,無,8000000,86543,,0.0,0,陽台外推；頂樓加蓋；其他增建；,RPUNMLLKRHLGFCD58DA,92.44,0.0,0.0,無,104
柳營區,土地,柳南段741-1地號,499.44,非都市：鄉村區 ; 非都市編定：交通用地,,,1150721,土地13建物0車位0,,,其他,,,,0.0,0,0,0,無,無,3450000,6908,,0.0,0,親友、員工、共有人或其他特殊關係間之交易；未登記建物；包含公共設施保留地用地；,RPSNMLRJRHLGFDD98DA,0.0,0.0,0.0,無,
鹽水區,房地(土地+建物),臺南市鹽水區橋南里５鄰行昌路４５巷２１弄２號,94.61,都市：其他:住宅區,,,1150726,土地1建物1車位0,全,三層,透天厝,住家用,鋼筋混凝土造,1060717,185.31,4,3,3,有,無,12000000,64756,,0.0,0,其他增建/一樓空地增建/頂樓採光罩其他增建；,RPRNMLLKRHLGFDD38DA,175.88,0.0,9.43,無,
鹽水區,房地(土地+建物),臺南市鹽水區月津路１８巷１０３號四樓之二,42.06,都市：其他:住宅區,,,1150731,土地1建物1車位0,四層,五層,華廈(10層含以下有電梯),住家用,鋼筋混凝土造,1130807,105.66,3,2,2,有,無,7070000,66913,,0.0,0,,RPTNMLPKRHLGFDD98DA,72.11,0.0,5.5,有,
麻豆區,土地,東角段803地號,474.88,都市：其他:住宅區,,,1150730,土地6建物0車位0,,,其他,,,,0.0,0,0,0,無,無,10630000,22385,,0.0,0,未登記建物；,RPRNMLSJRHLGFFD56DA,0.0,0.0,0.0,無,105
官田區,房地(土地+建物),臺南市官田區中山路二段１０號,84.59,,鄉村區,乙種建築用地,1150727,土地1建物1車位0,全,四層,透天厝,住商用,鋼筋混凝土造,0840322,189.7,4,1,3,有,無,8800000,46389,,0.0,0,,RPPNMLOKRHLGFFD68DA,172.32,0.0,17.38,無,
佳里區,土地,子龍段380-6地號,204.0,,鄉村區,乙種建築用地,1150718,土地1建物0車位0,,,其他,,,,0.0,0,0,0,無,無,3400000,16667,,0.0,0,,RPVNMLTJRHLGFGD17DA,0.0,0.0,0.0,無,106
學甲區,土地,東興段1389地號,454.2,都市：其他:乙種工業區,,,1150724,土地1建物0車位0,,,其他,,,,0.0,0,0,0,無,無,10300000,22677,,0.0,0,,RPSNMLKKRHLGFGD68DA,0.0,0.0,0.0,無,
西港區,土地,劉厝段2102地號,1273.0,,特定農業區,農牧用地,1150710,土地1建物0車位0,,,其他,,,,0.0,0,0,0,無,無,7300000,5734,,0.0,0,農作物；,RPTNMLKKRHLGFGD78DA,0.0,0.0,0.0,無,107
七股區,土地,新篤加段779地號,14128.82,,一般農業區,養殖用地,1150730,土地9建物0車位0,,,其他,,,,0.0,0,0,0,無,無,17260000,1222,,0.0,0,,RPTNMLOKRHLGFGD56DA,0.0,0.0,0.0,無,108
善化區,房地(土地+建物)+車位,臺南市善化區什乃１７之１８號四樓之６,30.05,,鄉村區,乙種建築用地,1150725,土地1建物1車位1,四層,七層,華廈(10層含以下有電梯),住家用,鋼筋混凝土造,1140926,110.50999999999999,3,2,2,有,有,8000000,72392,一樓平面,0.0,1200000,土地價款:2380000元建物價款:4420000元,RPXNMLOKQHLGFHD96DA,66.03,0.0,3.41,有,
新化區,房地(土地+建物)+車位,臺南市新化區頂山５３之４７９號三樓之７,28.13,,特定農業區,甲種建築用地,1150727,土地2建物1車位2,三層,七層,華廈(10層含以下有電梯),住家用,鋼筋混凝土造,1120501,164.55,3,2,2,有,有,9500000,57733,坡道平面,36.62,0,,RPRNMLLJRHLGFHD68DA,75.81,0.0,8.42,有,109
關廟區,土地,北勢段929-2地號,81.0,都市：其他:住宅區,,,1150718,土地1建物0車位0,,,其他,,,,0.0,0,0,0,無,無,3500000,43210,,0.0,0,,RPPOMLLLQHLGFID78DA,0.0,0.0,0.0,無,
永康區,房地(土地+建物)+車位,臺南市永康區中華二路３４０巷８號四樓之５,25.63,都市：其他:住宅區,,,1150717,土地1建物1車位1,四層,十七層,住宅大樓(11層含以上有電梯),住家用,鋼筋混凝土造,0811016,183.73000000000002,4,2,2,有,有,11600000,66099,坡道平面,30.93,1500000,其他增建；,RPWNMLRKPHLGFKD37DA,112.09,0.57,14.52,有,
北區,房地(土地+建物)+車位,臺南市北區林森路三段１５５號三樓之３,23.31,都市：其他:住宅區,,,1150718,土地5建物1車位1,三層,二十四層,住宅大樓(11層含以上有電梯),住家用,鋼筋混凝土構造,1080726,243.58999999999997,3,2,3,有,有,32500000,133421,坡道平面,27.48,0,,RPQNMLSKPHLGFAD48DA,128.93,0.0,14.02,有,110
北區,房地(土地+建物)+車位,臺南市北區北園街８巷２８號十六樓之９,15.13,都市：其他:商業區,,,1150701,土地1建物1車位2,十六層,十九層,住宅大樓(11層含以上有電梯),住家用,鋼筋混凝土造,0961227,192.5,4,2,3,有,有,13380000,69506,坡道機械,26.8,0,,RPSNMLNJRHLGFAD28DA,107.32,4.61,5.66,有,111
北區,房地(土地+建物),臺南市北區中華北路二段６２巷１０號,82.77,都市：其他:住宅區,,,1150710,土地2建物1車位0,全,四層,透天厝,住家用,ＲＣ造,0930817,214.73,4,2,4,有,無,15000000,69855,,0.0,0,頂樓加蓋；其他增建；,RPPOMLOKRHLGFAD28DA,211.99,0.0,2.74,無,
安南區,房地(土地+建物),臺南市安南區文安街２８巷３號,66.32,都市：其他:住宅區,,,1150710,土地1建物1車位0,全,三層,透天厝,住家用,鋼筋混凝土造,0660203,72.3,3,2,2,有,無,4000000,55325,,0.0,0,頂樓加蓋；其他增建；,RPPNMLMLQHLGFBD08DA,72.3,0.0,0.0,無,
安南區,房地(土地+建物),臺南市安南區環館路３５２巷４６號,233.86,都市：其他:住宅區,,,1150717,土地3建物1車位0,全,四層,透天厝,住家用,鋼筋混凝土造,1050531,457.17,3,2,4,有,有,38800000,84870,,0.0,0,未登記建物；,RPSNMLOJRHLGFBD48DA,416.5,1.48,37.28,有,
安南區,房地(土地+建物)+車位,臺南市安南區博和路２１９號二樓之９,32.69,都市：其他:住宅區,,,1150710,土地1建物1車位1,二層,七層,華廈(10層含以下有電梯),住家用,鋼筋混凝土造,1130229,152.76999999999998,3,2,2,有,有,10500000,68731,坡道平面,23.33,0,,RPTQMLOKRHLGFBD98DA,74.37,0.0,9.94,有,112
安南區,房地(土地+建物),臺南市安南區安西路６９巷２０號,108.61,都市：其他:住宅區,,,1150713,土地2建物1車位0,全,四層,透天厝,住家用,鋼筋混凝土造,1090409,178.8,4,2,4,有,無,20980000,117338,,0.0,0,,RPVQMLOKRHLGFBD56DA,142.61,0.0,36.19,無,113
安南區,房地(土地+建物),臺南市安南區安和路四段５３７巷９６號,122.33,都市：其他:住宅區,,,1150726,土地1建物1車位0,全,二層,透天厝,住家用,鋼筋混凝土造,0820303,159.12,4,2,3,有,無,9500000,59703,,0.0,0,一樓後方增建廚房,RPRNMLPKRHLGFBD58DA,155.07,0.0,4.05,無,
南區,土地,華南段161-3地號,1060.29,都市：其他:農業區,,,1150709,土地2建物0車位0,,,其他,,,,0.0,0,0,0,無,無,19500000,18391,,0.0,0,,RPWNMLNKQHLGFCD88DA,0.0,0.0,0.0,無,
柳營區,土地,大山段74地號,2657.56,,特定農業區,農牧用地,1150715,土地1建物0車位0,,,其他,,,,0.0,0,0,0,無,無,8020000,3018,,0.0,0,,RPRNMLLMQHLGFDD48DA,0.0,0.0,0.0,無,
麻豆區,土地,麻工段399地號,660.53,都市：其他:乙種工業區,,,1150728,土地1建物0車位0,,,其他,,,,0.0,0,0,0,無,無,27974000,42351,,0.0,0,,RPUNMLPKRHLGFFD66DA,0.0,0.0,0.0,無,114
佳里區,房地(土地+建物)+車位,臺南市佳里區佳安東路１０號八樓之２,21.08,,鄉村區,乙種建築用地,1150727,土地1建物1車位1,八層,十層,華廈(10層含以下有電梯),住家用,鋼筋混凝土造,0880917,146.11,3,2,2,有,有,5600000,38327,坡道平面,0.0,0,車位編號:第77號,RPQNMLLMPHLGFGD58DA,87.73,0.0,13.3,有,
善化區,房地(土地+建物),臺南市善化區東勢寮１７１之５號,85.72,,鄉村區,乙種建築用地,1150726,土地4建物1車位0,全,五層,透天厝,住家用,鋼筋混凝土造,1140317,234.57,4,2,4,有,無,15750000,67144,,0.0,0,土地金額新台幣貳佰玖拾柒萬元整建物金額新台幣壹仟貳佰柒拾捌萬元整陽台外推；,RPUNMLPKRHLGFHD86DA,206.76,0.0,27.81,有,
安定區,房地(土地+建物),臺南市安定區許中營３５之９號,87.42,,鄉村區,乙種建築用地,1150726,土地1建物1車位0,全,三層,透天厝,住家用,鋼筋混凝土造,0940707,181.73,4,2,3,有,無,10000000,55027,,0.0,0,其他增建；,RPQNMLQKRHLGFHD56DA,170.98,5.87,4.88,無,
仁德區,土地,岳王段514地號,61.08,都市：其他:第三種住宅區。,,,1150722,土地3建物0車位0,,,其他,,,,0.0,0,0,0,無,無,1570000,25704,,0.0,0,未登記建物；,RPQNMLKMQHLGFID78DA,0.0,0.0,0.0,無,
仁德區,房地(土地+建物)+車位,臺南市仁德區上崙里德崙路７７巷８２號二樓之１,21.21,都市：其他:住宅區,,,1150728,土地1建物1車位1,二層,五層,華廈(10層含以下有電梯),住家用,鋼筋混凝土造,0830625,103.02000000000001,4,2,2,有,有,5650000,54844,坡道平面,0.0,0,夾層；,RPQNMLLJRHLGFID68DA,58.39,0.0,4.96,有,115
仁德區,土地,如意段863地號,550.63,,一般農業區,農牧用地,1150725,土地1建物0車位0,,,其他,,,,0.0,0,0,0,無,無,21650000,39319,,0.0,0,,RPSNMLPKRHLGFID76DA,0.0,0.0,0.0,無,116
仁德區,土地,如意段854地號,4064.52,,一般農業區,農牧用地,1150725,土地1建物0車位0,,,其他,,,,0.0,0,0,0,無,無,22500000,5536,,0.0,0,,RPTNMLPKRHLGFID86DA,0.0,0.0,0.0,無,
關廟區,房地(土地+建物),臺南市關廟區關新路二段６８５之８號,83.23,,一般農業區,甲種建築用地,1150728,土地3建物1車位0,全,四層,透天厝,住家用,鋼筋混凝土構造,1090529,181.09,4,2,5,有,無,13000000,71788,,0.0,0,,RPWNMLPKRHLGFID17DA,166.14,0.0,14.91,無,117
歸仁區,土地,大潭段27地號,3446.0,,一般農業區,農牧用地,1150717,土地2建物0車位0,,,其他,,,,0.0,0,0,0,無,無,20840000,6048,,0.0,0,,RPXNMLPKRHLGFID27DA,0.0,0.0,0.0,無,
永康區,房地(土地+建物),臺南市永康區三村一街１３８巷１１弄１３號,73.67,都市：其他:住宅區,,,1150728,土地2建物1車位0,全,四層,透天厝,住家用,鋼筋混凝土造,1140206,200.33,4,2,5,有,無,22780000,113712,,0.0,0,,RPOOMLRJRHLGFKD76DA,179.85,0.0,20.42,無,
永康區,房地(土地+建物),臺南市永康區東灣里大灣二街１１６號,127.36,都市：其他:住宅區,,,1150716,土地2建物1車位0,全,二層,透天厝,住家用,加強磚造,0730509,211.61,6,2,3,有,無,12000000,56708,,0.0,0,,RPSNMLSJRHLGFKD17DA,198.02,7.57,6.02,無,
永康區,房地(土地+建物),臺南市永康區勝利街１９７巷１８號,63.69,都市：其他:住宅區,,,1150708,土地1建物1車位0,全,二層,透天厝,住商用,加強磚造,0710708,87.17,4,2,2,有,無,7930000,90972,,0.0,0,頂樓加蓋；其他增建；,RPTNMLOKRHLGFKD96DA,84.38,0.0,2.79,無,
永康區,房地(土地+建物),臺南市永康區中華路７巷２０弄３６號八樓之４,10.08,都市：其他:住宅區,,,1150709,土地1建物1車位0,八層,十七層,住宅大樓(11層含以上有電梯),住家用,鋼筋混凝土造,0840407,129.4,3,2,2,有,有,8380000,64760,,0.0,0,,RPWNMLOKRHLGFKD27DA,82.74,3.48,8.32,有,
北區,房地(土地+建物)+車位,臺南市北區長榮路五段４１巷６號六樓之２,36.68,都市：其他:住宅區,,,1150630,土地2建物1車位1,六層,十四層,住宅大樓(11層含以上有電梯),住家用,鋼筋混凝土造,0920916,191.94,4,2,2,有,有,13000000,67729,坡道平面,0.0,0,,RPVNMLPJQHLGFAD68DA,114.45,0.0,10.4,有,
南區,房地(土地+建物),臺南市南區大林路１３５巷９弄９號,77.67,都市：其他:住宅區,,,1150608,土地2建物1車位0,全,四層,透天厝,住家用,鋼筋混凝土造,0920121,218.28,5,2,6,有,無,17200000,78798,,0.0,0,頂樓加蓋；,RPWOMLNKQHLGFCD98DA,198.34,0.0,19.94,無,
歸仁區,土地,林子邊段160-8地號,1947.0,,一般農業區,農牧用地,1150627,土地1建物0車位0,,,其他,,,,0.0,0,0,0,無,無,18840000,9676,,0.0,0,,RPPNMLNKQHLGFID78DA,0.0,0.0,0.0,無,
仁德區,土地,鍾厝段467地號,51.47,都市：其他:道路用地,,,1150629,土地1建物0車位0,,,其他,,,,0.0,0,0,0,無,無,450000,8743,,0.0,0,包含公共設施保留地用地；,RPVNMLSKQHLGFID27DA,0.0,0.0,0.0,無,118
永康區,房地(土地+建物)+車位,臺南市永康區東橋五路１８２號六樓之７,23.93,都市：其他:住宅區,,,1150619,土地1建物1車位1,六層,十五層,住宅大樓(11層含以上有電梯),住家用,鋼筋混凝土構造,1120818,153.43,3,2,2,有,有,16300000,106237,坡道平面,0.0,0,,RPRNMLQJQHLGFKD76DA,78.39,0.0,5.11,有,119
安南區,房地(土地+建物),臺南市安南區宜居路６１０號二樓之３,34.28,都市：其他:住宅區,,,1150605,土地1建物1車位0,二層,五層,華廈(10層含以下有電梯),住家用,鋼筋混凝土造,1140806,85.35,2,2,2,有,有,8980000,105214,,0.0,0,,RPWNMLTJRHLGFBD76DA,60.7,0.0,7.18,有,
東區,房地(土地+建物)+車位,臺南市東區崇賢一路３６號十四樓之１,21.32,都市：其他:住宅區,,,1150613,土地1建物1車位1,十四層,十五層,住宅大樓(11層含以上有電梯),住家用,鋼筋混凝土造,1140124,138.32,3,2,2,有,有,17920000,133842,坡道平面,21.69,2310000,,RPQNMLTJRHLGFCD88DA,69.2,0.0,6.55,有,
東區,房地(土地+建物)+車位,臺南市東區光華街２４５號二樓,60.1,都市：其他:住宅區,,,1150617,土地2建物1車位1,二層,五層,華廈(10層含以下有電梯),住家用,鋼筋混凝土造,1130918,171.92000000000002,3,2,2,有,有,19800000,115170,一樓平面,0.0,0,其他增建；,RPTNMLTJRHLGFCD56DA,106.62,0.0,11.64,有,
南區,土地,永寧段100地號,854.2,都市：其他:農業區,,,1150613,土地1建物0車位0,,,其他,,,,0.0,0,0,0,無,無,20257000,23715,,0.0,0,,RPSNMLLKRHLGFCD38DA,0.0,0.0,0.0,無,
仁德區,房地(土地+建物)+車位,臺南市仁德區崇聖路一段１２號五樓之８,15.39,都市：其他:住宅區,,,1150622,土地1建物1車位1,五層,十四層,住宅大樓(11層含以上有電梯),住家用,鋼筋混凝土造,1131015,116.12,2,2,1,有,有,9750000,100537,坡道平面,32.27,1320000,,RPXNMLTJRHLGFID57DA,53.6,0.0,4.18,有,
歸仁區,土地,高發段661地號,2785.31,,一般農業區,農牧用地,1150603,土地1建物0車位0,,,其他,,,,0.0,0,0,0,無,無,15000000,5385,,0.0,0,,RPPNMLLKRHLGFID68DA,0.0,0.0,0.0,無,
永康區,房地(土地+建物),臺南市永康區大橋里大橋三街２５７號,248.0,都市：其他:住宅區,,,1150611,土地2建物1車位0,全,二層,透天厝,住家用,鋼筋混凝土造,0781220,320.25,8,2,4,有,無,36000000,112412,,0.0,0,頂樓加蓋；夾層；其他增建；,RPTNMLSJRHLGFKD27DA,292.71,16.71,10.83,無,120
東區,房地(土地+建物)+車位,臺南市東區崇善路２５巷５５號,290.99,都市：其他:副都心商業區,,,1150629,土地2建物1車位2,一層，二層，見其他登記事項,二十六層,住宅大樓(11層含以上有電梯),商業用,鋼筋混凝土造,1041029,510.19,5,5,2,有,有,83500000,163665,坡道平面,51.08,0,,RPPNMLKKRHLGFCD08EA,407.33,0.0,0.0,有,121
中西區,房地(土地+建物)+車位,臺南市中西區衛民街１０１號十樓之３,25.0,都市：其他:商業區,,,1150628,土地1建物1車位1,十層,十五層,住宅大樓(11層含以上有電梯),住家用,鋼筋混凝土構造,1060915,232.0,3,2,2,有,有,31080000,133966,坡道平面,33.4,0,,RPOOMLOKPHLGFAD97DA,120.6,0.0,20.34,有,122
南區,土地,同安段174地號,21.79,都市：其他:主要計畫道路用地,,,1150630,土地1建物0車位0,,,其他,,,,0.0,0,0,0,無,無,160000,7343,,0.0,0,包含公共設施保留地用地；,RPWNMLMJRHLGFCD78DA,0.0,0.0,0.0,無,123
麻豆區,房地(土地+建物),臺南市麻豆區民族路１４之１號,85.75,都市：其他:住宅區,,,1150629,土地1建物1車位0,全,二層,透天厝,住家用,加強磚造,0670130,89.48,6,2,2,有,無,3800000,42468,,0.0,0,部分現為私設通路瑕疵物件；,RPPNMLLKRHLGFFD38DA,89.48,0.0,0.0,無,
歸仁區,土地,崙子頂段213地號,3215.0,,一般農業區,農牧用地,1150625,土地1建物0車位0,,,其他,,,,0.0,0,0,0,無,無,34000000,10575,,0.0,0,親友、員工、共有人或其他特殊關係間之交易；,RPPNMLNJRHLGFID78DA,0.0,0.0,0.0,無,
仁德區,房地(土地+建物)+車位,臺南市仁德區崇聖路一段２號十三樓之１,27.12,都市：其他:住宅區,,,1150613,土地1建物1車位1,十三層,十四層,住宅大樓(11層含以上有電梯),住家用,鋼筋混凝土造,1131015,180.96,4,2,2,有,有,15500000,95366,坡道平面,32.27,1320000,,RPOOMLTJRHLGFID76DA,97.94,0.0,4.74,有,
仁德區,房地(土地+建物)+車位,臺南市仁德區崇聖路一段２號十四樓之５,21.72,都市：其他:住宅區,,,1150606,土地1建物1車位1,十四層,十四層,住宅大樓(11層含以上有電梯),住家用,鋼筋混凝土造,1131015,151.03,3,2,2,有,有,14300000,109296,坡道平面,32.27,1320000,,RPQOMLTJRHLGFID96DA,77.15,0.0,4.88,有,
仁德區,房地(土地+建物)+車位,臺南市仁德區崇聖路一段６號十二樓之６,22.12,都市：其他:住宅區,,,1150619,土地1建物1車位1,十二層,十四層,住宅大樓(11層含以上有電梯),住家用,鋼筋混凝土造,1131015,153.43,3,2,2,有,有,14480000,109194,坡道平面,32.27,1250000,,RPROMLTJRHLGFID07DA,78.38,0.0,5.27,有,
中西區,房地(土地+建物)+車位,臺南市中西區民生路二段４２２號二十七樓之３,24.42,都市：其他:商業區,,,1150628,土地1建物1車位1,二十七層,二十七層,住宅大樓(11層含以上有電梯),住家用,鋼筋混凝土構造,1091029,263.77,3,2,3,有,有,27000000,106651,坡道平面,25.61,1600000,,RPSOMLLJPHLGFAD97DA,146.46,0.0,16.55,有,
安平區,房地(土地+建物),臺南市安平區建平五街２２巷３６弄１３號,43.0,都市：其他:第五種住宅區,,,1150609,土地1建物1車位0,全,四層,透天厝,住家用,ＲＣ造,0920512,126.44,4,2,4,有,無,8500000,67226,,0.0,0,親友、員工、共有人或其他特殊關係間之交易；未登記建物；,RPWNMLTJRHLGFAD66DA,110.86,0.0,15.57,無,124
東區,房地(土地+建物),臺南市東區長榮路一段７號八樓之２,12.39,都市：其他:住宅區,,,1150618,土地2建物1車位0,八層,十四層,住宅大樓(11層含以上有電梯),住家用,鋼筋混凝土造,0991213,97.33000000000001,2,2,1,有,有,9550000,98120,,0.0,0,,RPQNMLQLQHLGFCD68DA,52.33,0.0,13.29,有,
麻豆區,房地(土地+建物),臺南市麻豆區新興里３鄰新生南路３３巷３７號,109.0,都市：其他:住宅區,,,1150615,土地1建物1車位0,全,二層,透天厝,住家用,加強磚造,0700319,101.53,5,2,3,有,無,4700000,46292,,0.0,0,其他增建；,RPTNMLLKRHLGFFD78DA,101.53,0.0,0.0,無,
善化區,房地(土地+建物),臺南市善化區民族路１０６號,120.69,都市：其他:住宅區,,,1150618,土地1建物1車位0,全,一層,透天厝,住家用,鋼骨造,0840617,76.95,1,1,1,有,無,16425000,213450,,0.0,0,,RPQNMLOLOHLGFHD78DA,76.95,0.0,0.0,無,
歸仁區,房地(土地+建物),臺南市歸仁區南興里文化二十街３３號,117.34,都市：其他:住宅區,,,1150628,土地1建物1車位0,全,四層,透天厝,住家用,鋼筋混凝土造,0830208,203.08,5,2,3,有,無,11800000,58105,,0.0,0,陽台外推；頂樓加蓋；其他增建；,RPQNMLQLQHLGFID66DA,183.88,3.01,16.19,無,
歸仁區,房地(土地+建物)+車位,臺南市歸仁區智慧三街３號十一樓之２,32.72,都市：其他:住宅區,,,1150630,土地1建物1車位1,十一層,十三層,住宅大樓(11層含以上有電梯),住家用,鋼筋混凝土造,1140918,149.89999999999998,3,2,2,有,有,14260000,101103,坡道平面,25.67,1700000,,RPRNMLTLQHLGFID07DA,75.14,0.0,7.41,有,
歸仁區,房地(土地+建物)+車位,臺南市歸仁區南興里文化街三段３５６號三樓之３,40.93,都市：其他:住宅區,,,1150627,土地1建物1車位1,三層,五層,華廈(10層含以下有電梯),住家用,鋼筋混凝土構造,1050613,125.7,3,2,2,有,有,9100000,72395,一樓平面,13.76,0,,RPPNMLTJRHLGFID76DA,79.71,0.0,7.91,有,
歸仁區,土地,新豐段623地號,99.62,都市：其他:住宅區,,,1150624,土地1建物0車位0,,,其他,,,,0.0,0,0,0,無,無,9343000,93786,,0.0,0,,RPUNMLLKRHLGFID56DA,0.0,0.0,0.0,無,
歸仁區,土地,新豐段625地號,101.84,都市：其他:住宅區,,,1150624,土地1建物0車位0,,,其他,,,,0.0,0,0,0,無,無,9551000,93784,,0.0,0,,RPWNMLLKRHLGFID76DA,0.0,0.0,0.0,無,
歸仁區,房地(土地+建物)+車位,臺南市歸仁區智慧三街３號十三樓之１,23.49,都市：其他:住宅區,,,1150622,土地1建物1車位1,十三層,十三層,住宅大樓(11層含以上有電梯),住家用,鋼筋混凝土造,1140918,114.84,2,2,1,有,有,10390000,97454,坡道平面,25.67,1700000,,RPUOMLLKRHLGFID66DA,53.33,0.0,5.93,有,
永康區,房地(土地+建物)+車位,臺南市永康區復國一路５３５號三樓之２,21.35,都市：其他:住宅區,,,1150627,土地1建物1車位1,三層,十四層,住宅大樓(11層含以上有電梯),住家用,鋼筋混凝土造,1150629,130.84,2,2,2,有,有,12800000,108235,坡道平面,30.41,1930000,預售屋、或土地及建物分件登記案件；,RPVOMLLMQHLGFKD07DA,59.74,0.0,6.46,有,
永康區,房地(土地+建物)+車位,臺南市永康區永平街７６１之９號,28.53,都市：其他:住宅區,,,1150627,土地1建物1車位1,三層,六層,華廈(10層含以下有電梯),住家用,鋼筋混凝土造,0841222,132.48,4,2,2,有,無,6660000,50272,一樓平面,0.0,0,其他增建；,RPSNMLOKRHLGFKD86DA,90.5,0.0,11.17,有,
安南區,房地(土地+建物)+車位,臺南市安南區仁安一街５號二樓之２,39.78,都市：其他:住宅區,,,1150620,土地1建物1車位1,二層,五層,華廈(10層含以下有電梯),住家用,鋼筋混凝土造,1141001,103.69,3,1,2,有,有,11200000,105448,一樓平面,12.65,1600000,含裝潢費；,RPUNMLRKQHLGFBD98DA,65.78,0.0,9.19,有,
東區,房地(土地+建物)+車位,臺南市東區崇仁街６６巷１５號十一樓,13.24,都市：其他:副都心商業區,,,1150630,土地1建物1車位1,十一層,十四層,住宅大樓(11層含以上有電梯),住家用,鋼筋混凝土造,0960906,154.34,3,2,2,有,有,15050000,97506,坡道平面,0.0,0,,RPVNMLOKRHLGFCD98DA,74.88,1.55,10.11,有,125
麻豆區,土地,麻安段739地號,274.22,都市：其他:道路用地,,,1150620,土地3建物0車位0,,,其他,,,,0.0,0,0,0,無,無,7000000,25527,,0.0,0,未登記建物；,RPPNMLLMQHLGFFD48DA,0.0,0.0,0.0,無,
關廟區,房地(土地+建物),臺南市關廟區南雄南路８５２巷３２０號,3002.0,,一般農業區,農牧用地,1150606,土地3建物1車位0,全,一層,透天厝,農業用,鋼筋混凝土構造,1060808,74.57,0,0,0,無,無,10500000,140807,,0.0,0,地上農作物併同移轉農作物；,RPQNMLTJRHLGFID86DA,74.57,0.0,0.0,無,
安平區,房地(土地+建物)+車位,臺南市安平區郡平路３８號十八樓之５,24.6,都市：其他:第三種商業區,,,1150629,土地1建物1車位1,十八層,二十三層,住宅大樓(11層含以上有電梯),住家用,鋼筋混凝土造,1140930,200.5,3,2,2,有,有,18000000,89776,坡道平面,22.52,0,,RPPPMLNKQHLGFAD18DA,108.03,0.0,13.06,有,126
東區,房地(土地+建物)+車位,臺南市東區成功一街１巷３號三樓,33.05,都市：其他:住宅區,,,1150623,土地1建物1車位1,三層,九層,華廈(10層含以下有電梯),住家用,鋼筋混凝土造,1141127,147.92000000000002,3,2,2,有,有,13650000,106973,一樓平面,34.34,1500000,,RPPNMLLKRHLGFCD08DA,65.9,0.0,7.18,有,
東區,房地(土地+建物),臺南市東區德光街６２巷９號,64.0,都市：其他:住宅區,,,1150621,土地1建物1車位0,全,二層,透天厝,住家用,加強磚造,0630923,90.27,3,2,4,有,無,13130000,145453,,0.0,0,頂樓加蓋；其他增建；,RPUOMLOKRHLGFCD98DA,90.27,0.0,0.0,無,
佳里區,房地(土地+建物),臺南市佳里區頂里頂１之３８號,91.15,,特定農業區,甲種建築用地,1150625,土地1建物1車位0,全,四層,透天厝,住商用,鋼筋混凝土造,0830826,227.15,4,2,3,有,無,3080000,13559,,0.0,0,親友、員工、共有人或其他特殊關係間之交易；其他增建；,RPVNMLPKRHLGFGD86DA,191.67,18.74,16.74,無,
安定區,土地,新吉段1784地號,1262.0,,特定農業區,農牧用地,1150620,土地1建物0車位0,,,其他,,,,0.0,0,0,0,無,無,27000000,21395,,0.0,0,未登記建物；,RPQNMLTKQHLGFHD76DA,0.0,0.0,0.0,無,
歸仁區,房地(土地+建物)+車位,臺南市歸仁區光明街３３５號十一樓之２,35.26,都市：其他:住宅區,,,1150629,土地1建物1車位1,十一層,十二層,住宅大樓(11層含以上有電梯),住家用,鋼筋混凝土造,1141013,161.34,3,2,2,有,有,13380000,90567,坡道平面,31.16,1590000,,RPPNMLQKRHLGFID56DA,78.5,0.0,7.62,有,
永康區,房地(土地+建物)+車位,臺南市永康區大灣一街１１號二樓之３,26.38,都市：其他:住宅區,,,1150605,土地1建物1車位1,二層,五層,華廈(10層含以下有電梯),住家用,鋼筋混凝土構造,1100223,83.96,2,2,1,有,有,7350000,87542,其他,9.38,0,,RPXNMLPKRHLGFKD47DA,47.92,0.0,7.06,有,127
北區,房地(土地+建物),臺南市北區海安路三段１５９號,81.39,都市：其他:住宅區,,,1150527,土地2建物1車位0,全,四層,透天厝,住商用,鋼筋混凝土造,0790301,251.05,7,2,6,有,無,20700000,82454,,0.0,0,,RPQNMLNKPHLGFAD97DA,235.66,0.0,15.39,無,
東區,房地(土地+建物),臺南市東區裕忠路１８１之２號,83.42,都市：其他:住宅區,,,1150527,土地3建物1車位0,全,四層,透天厝,住家用,鋼筋混凝土造,0911029,195.22,4,2,4,有,有,19000000,97326,,0.0,0,陽台外推；其他增建；,RPQNMLNJRHLGFCD28DA,159.14,0.0,36.08,無,
東區,房地(土地+建物)+車位,臺南市東區長榮路一段５號八樓之２,19.48,都市：其他:住宅區,,,1150524,土地2建物1車位1,八層,十四層,住宅大樓(11層含以上有電梯),住家用,鋼筋混凝土造,0991213,182.54000000000002,2,2,2,有,有,16000000,87652,坡道平面,0.0,1800000,陽台外推；,RPSNMLOJRHLGFCD58DA,86.37,0.0,12.86,有,
七股區,土地,大文段861地號,651.0,,鄉村區,乙種建築用地,1150502,土地3建物0車位0,,,其他,,,,0.0,0,0,0,無,無,18000000,27650,,0.0,0,,RPXNMLSJRHLGFGD27DA,0.0,0.0,0.0,無,
歸仁區,房地(土地+建物)+車位,臺南市歸仁區光明街３３５號五樓之６,34.22,都市：其他:住宅區,,,1150512,土地1建物1車位1,五層,十二層,住宅大樓(11層含以上有電梯),住家用,鋼筋混凝土造,1141013,157.5,3,2,2,有,有,13100000,91895,坡道平面,31.16,1490000,,RPUNMLLJPHLGFID88DA,75.64,0.0,7.92,有,
歸仁區,土地,大苓段552地號,392.25,,特定專用區,農牧用地,1150507,土地3建物0車位0,,,其他,,,,0.0,0,0,0,無,無,4720000,12033,,0.0,0,,RPWNMLPJQHLGFID96DA,0.0,0.0,0.0,無,128
北區,房地(土地+建物),臺南市北區文成路６２１之３號,113.04,都市：其他:住宅區,,,1150523,土地3建物1車位0,全,四層,透天厝,住家用,鋼筋混凝土構造,1061027,317.7,3,4,6,有,無,35500000,111741,,0.0,0,頂樓加蓋；其他增建；,RPVOMLRJQHLGFAD98DA,277.37,0.0,40.33,有,129
安平區,房地(土地+建物)+車位,臺南市安平區國平南路１００號十五樓之２,27.64,都市：其他:商業區(附),,,1150517,土地1建物1車位2,十五層,二十六層,住宅大樓(11層含以上有電梯),住家用,鋼骨造,1150130,339.77,3,2,3,有,有,29070000,89617,坡道平面,49.98,3100000,合約書無拆分車位個別價格。,RPSOMLNJRHLGFAD38DA,165.55,0.0,28.3,有,
新市區,房地(土地+建物),臺南市新市區大２８５之１號,586.0,,特定農業區,甲種建築用地,1150530,土地4建物1車位0,全,一層,透天厝,住家用,鋼骨造,0830721,208.27,0,0,0,無,無,25000000,120036,,0.0,0,,RPUNMLTJRHLGFHD17DA,208.27,0.0,0.0,無,
後壁區,土地,嘉民段941-10地號,621.35,,特定農業區,農牧用地,1150518,土地2建物0車位0,,,其他,,,,0.0,0,0,0,無,無,210000,338,,0.0,0,買賣以現況交付。,RPQNMLLJOHLGFED97DA,0.0,0.0,0.0,無,
歸仁區,土地,歸仁北段784地號,701.0,都市：其他:農業區,,,1150515,土地1建物0車位0,,,其他,,,,0.0,0,0,0,無,無,23325000,33274,,0.0,0,,RPQOMLLLQHLGFID88DA,0.0,0.0,0.0,無,
歸仁區,土地,武東段567地號,607.42,都市：其他:住宅區,,,1150524,土地2建物0車位0,,,其他,,,,0.0,0,0,0,無,無,91500000,150637,,0.0,0,,RPTNMLRJRHLGFID96DA,0.0,0.0,0.0,無,
歸仁區,房地(土地+建物)+車位,臺南市歸仁區智慧三街１號八樓之６,23.49,都市：其他:住宅區,,,1150504,土地1建物1車位1,八層,十三層,住宅大樓(11層含以上有電梯),住家用,鋼筋混凝土造,1140918,113.68,2,2,1,有,有,10250000,97006,坡道平面,24.51,1600000,,RPVOMLLKRHLGFID76DA,53.33,0.0,5.93,有,
安南區,土地,十字段797-2地號,186.57,都市：其他:細部計畫道路用地,,,1150514,土地1建物0車位0,,,其他,,,,0.0,0,0,0,無,無,2360000,12649,,0.0,0,包含公共設施保留地用地；,RPOPMLRJPHLGFBD38DA,0.0,0.0,0.0,無,
南區,房地(土地+建物),臺南市南區中華南路二段２３３巷３６弄２１號,84.68,都市：其他:住宅區,,,1150517,土地1建物1車位0,全,三層,透天厝,住家用,鋼筋混凝土造,1130814,187.41,5,2,5,有,無,21750000,116056,,0.0,0,其他增建；,RPQNMLKKRHLGFCD08DA,172.66,0.0,14.75,有,
安南區,土地,和農段155地號,401.04,都市：其他:農業區,,,1150511,土地3建物0車位0,,,其他,,,,0.0,0,0,0,無,無,7280000,18153,,0.0,0,,RPRNMLOJRHLGFBD38DA,0.0,0.0,0.0,無,
佳里區,土地,東勢角段352地號,10.63,都市：其他:住宅區,,,1150528,土地1建物0車位0,,,其他,,,,0.0,0,0,0,無,無,500000,47037,,0.0,0,,RPRNMLQKRHLGFGD56DA,0.0,0.0,0.0,無,130
仁德區,房地(土地+建物)+車位,臺南市仁德區保生路１０號十五樓之１,18.22,都市：其他:商業區,,,1150529,土地1建物1車位1,十五層,十五層,住宅大樓(11層含以上有電梯),住家用,鋼筋混凝土造,1141117,155.85,3,2,2,有,有,15000000,101961,坡道平面,24.82,1640000,,RPUNMLPKRHLGFID96DA,77.32,0.0,9.57,有,
玉井區,土地,芒子芒段107地號,3359.0,,一般農業區,農牧用地,1150530,土地1建物0車位0,,,其他,,,,0.0,0,0,0,無,無,1800000,536,,0.0,0,親友、員工、共有人或其他特殊關係間之交易；,RPPNMLQLQHLGFJD66DA,0.0,0.0,0.0,無,
永康區,房地(土地+建物),臺南市永康區正南五街５２０巷５６弄３５號二樓,28.6,都市：其他:住宅區,,,1150526,土地1建物1車位0,二層,五層,公寓(5樓含以下無電梯),住家用,鋼筋混凝土造,0810430,105.38,5,0,5,有,無,6300000,59784,,0.0,0,陽台外推；其他增建；,RPUNMLPKRHLGFKD17DA,78.18,1.68,11.86,無,131
西港區,土地,新樂段236地號,817.3,,鄉村區,乙種建築用地,1150420,土地2建物0車位0,,,其他,,,,0.0,0,0,0,無,無,13615500,16659,,0.0,0,,RPQOMLMJRHLGFGD68DA,0.0,0.0,0.0,無,
佳里區,房地(土地+建物),臺南市佳里區公園路７５巷２２弄９號,99.72,都市：其他:住宅區,,,1150420,土地1建物1車位0,全,四層,透天厝,住家用,鋼筋混凝土造,1130315,226.33,5,2,6,有,無,18500000,81739,,0.0,0,,RPRNMLOJRHLGFGD88DA,212.33,0.0,14.0,無,
安南區,房地(土地+建物),臺南市安南區安和路一段１８５巷１弄１號,88.23,都市：其他:住宅區,,,1150414,土地1建物1車位0,全,二層,透天厝,住家用,加強磚造,0641210,86.91,4,2,3,有,無,6800000,78242,,0.0,0,,RPQNMLTJRHLGFBD78DA,86.91,0.0,0.0,無,
安南區,房地(土地+建物),臺南市安南區安中路四段２１１巷２６弄７８號,106.64,都市：其他:住宅區,,,1150420,土地1建物1車位0,全,三層,透天厝,住家用,鋼筋混凝土造,1100323,197.12,5,3,5,有,無,18500000,93851,,0.0,0,,RPXNMLOKQHLGFBD98DA,191.76,0.0,5.36,無,132
安南區,土地,州南段1844地號,701.74,都市：其他:住宅區,,,1150413,土地1建物0車位0,,,其他,,,,0.0,0,0,0,無,無,61560000,87725,,0.0,0,,RPTNMLNKPHLGFBD38DA,0.0,0.0,0.0,無,
西港區,土地,港安段971地號,569.11,都市：其他:道路用地,,,1150428,土地1建物0車位0,,,其他,,,,0.0,0,0,0,無,無,2661865,4677,,0.0,0,1.依115年公告現值之28%出售2.買方負擔買賣移轉之登記費印花稅代書費等；賣方負擔土地鑑界費用與申請無協議價購無徵收證明費用包含公共設施保留地用地；,RPPNMLPKRHLGFGD88DA,0.0,0.0,0.0,無,133
西港區,土地,港南段881地號,169.97,都市：其他:道路用地,,,1150428,土地1建物0車位0,,,其他,,,,0.0,0,0,0,無,無,724000,4260,,0.0,0,1.依公告現值之28%出售2.買方負擔買賣移轉之登記費印花稅代書費等；賣方負擔土地鑑界費用及申請無協議價購無徵收證明之費用包含公共設施保留地用地；,RPQNMLPKRHLGFGD98DA,0.0,0.0,0.0,無,134
西港區,土地,南海段532地號,487.72,都市：其他:道路用地,,,1150428,土地1建物0車位0,,,其他,,,,0.0,0,0,0,無,無,1606000,3293,,0.0,0,1.依公告現值之28%出售2.買方負擔買賣移轉之登記費印花稅代書費等；賣方負擔土地鑑界費用及申請無協議價購無徵收證明之費用包含公共設施保留地用地；,RPRNMLPKRHLGFGD09DA,0.0,0.0,0.0,無,135
新營區,房地(土地+建物),臺南市新營區新東里６鄰東大街６６巷１９弄１號,125.83,都市：其他:住宅區,,,1150405,土地2建物1車位0,全,四層,透天厝,住家用,鋼筋混凝土造,1041124,222.77,5,2,4,有,無,17130000,76895,,0.0,0,其他增建；,RPTNMLSLQHLGFDD66DA,197.47,0.0,25.3,無,
安平區,土地,金城段39-24地號,312.0,都市：其他:特定住宅專用區,,,1150319,土地1建物0車位0,,,其他,,,,0.0,0,0,0,無,無,36000000,115385,,0.0,0,,RPPNMLPLNHLGFAD97DA,0.0,0.0,0.0,無,136
新市區,房地(土地+建物)+車位,臺南市新市區富安路７１號六樓之５,17.32,都市：其他:住宅區,,,1150307,土地1建物1車位1,六層,十一層,住宅大樓(11層含以上有電梯),住家用,鋼筋混凝土造,1110602,109.46000000000001,2,2,2,有,有,10600000,96839,坡道機械,17.95,0,,RPPNMLSJRHLGFHD56DA,52.69,2.7,4.88,有,137
安南區,房地(土地+建物),臺南市安南區海中街１３０巷６７弄２號,90.03,都市：其他:住宅區,,,1150328,土地4建物1車位0,全,四層,透天厝,住家用,鋼筋混凝土造,1150724,165.61,3,2,2,有,無,15380000,92869,,0.0,0,含停車位1個包含公共設施保留地用地；預售屋、或土地及建物分件登記案件；,RPVNMLNJRHLGFBD68DA,145.27,0.0,20.34,無,
六甲區,房地(土地+建物)+車位,臺南市六甲區光復街７１號三樓之１,37.29,都市：其他:住宅區,,,1150331,土地1建物1車位1,三層,五層,華廈(10層含以下有電梯),住家用,鋼筋混凝土造,1150605,110.36,3,2,2,有,有,8880000,80081,一樓平面,16.33,1350000,預售屋、或土地及建物分件登記案件；,RPSNMLMJRHLGFFD68DA,67.3,0.0,4.42,有,
山上區,土地,媽祖段512地號,508.55,都市：其他:住宅區,,,1150203,土地1建物0車位0,,,其他,,,,0.0,0,0,0,無,無,11999000,23595,,0.0,0,權利讓渡,RPWOMLQKRHLGFHD27DA,0.0,0.0,0.0,無,138
仁德區,房地(土地+建物),臺南市仁德區中正西路３５３巷６１弄１８號,87.79,都市：其他:道路用地,,,1150204,土地3建物1車位0,全,四層,透天厝,住家用,鋼筋混凝土造,1150515,219.81,4,2,5,有,無,15000000,68241,,0.0,0,預售屋、或土地及建物分件登記案件；,RPTNMLRKRHLGFID07DA,204.26,0.0,15.55,無,
安南區,房地(土地+建物),臺南市安南區海中街１３０巷６７弄２６號,87.9,都市：其他:住宅區,,,1150103,土地4建物1車位0,全,四層,透天厝,住家用,鋼筋混凝土造,1150724,165.78,3,2,2,有,無,14330000,86440,,0.0,0,含停車位1個包含公共設施保留地用地；預售屋、或土地及建物分件登記案件；,RPPOMLNJRHLGFBD18DA,143.27,0.0,22.51,無,
六甲區,房地(土地+建物),臺南市六甲區光復街７１號四樓之５,30.07,都市：其他:住宅區,,,1150119,土地1建物1車位0,四層,五層,華廈(10層含以下有電梯),住家用,鋼筋混凝土造,1150605,89.06,2,2,2,有,有,6940000,77925,,0.0,0,總價含1個法定空地停車位，車位價格:90萬元。預售屋、或土地及建物分件登記案件；,RPXNMLMJRHLGFFD56DA,53.36,0.0,4.48,有,
官田區,土地,隆東段659地號,4861.28,都市：其他:農業區,,,1150122,土地8建物0車位0,,,其他,,,,0.0,0,0,0,無,無,45500000,9360,,0.0,0,未登記建物；,RPSNMLKKKHLGFFD87DA,0.0,0.0,0.0,無,
佳里區,土地,仁愛段538地號,227.97,都市：其他:住宅區,,,1141226,土地1建物0車位0,,,其他,,,,0.0,0,0,0,無,無,7930620,34788,,0.0,0,,RPOOMLRKPHLGFGD88DA,0.0,0.0,0.0,無,
佳里區,土地,仁愛段530地號,976.8,都市：其他:住宅區,,,1141226,土地3建物0車位0,,,其他,,,,0.0,0,0,0,無,無,28192172,28862,,0.0,0,土地金額:27692172元未保存建物:500000元包含公共設施保留地用地；,RPWOMLRKPHLGFGD07DA,0.0,0.0,0.0,無,
佳里區,土地,仁愛段528地號,250.61,都市：其他:道路用地,,,1141226,土地1建物0車位0,,,其他,,,,0.0,0,0,0,無,無,1187894,4740,,0.0,0,包含公共設施保留地用地；,RPXOMLRKPHLGFGD17DA,0.0,0.0,0.0,無,
佳里區,土地,仁愛段571地號,14.76,都市：其他:道路用地,,,1141226,土地1建物0車位0,,,其他,,,,0.0,0,0,0,無,無,69962,4740,,0.0,0,包含公共設施保留地用地；,RPOPMLRKPHLGFGD98DA,0.0,0.0,0.0,無,
永康區,房地(土地+建物)+車位,臺南市永康區烏竹北街６６號四樓之１,42.16,都市：其他:住宅區,,,1141214,土地1建物1車位1,四層,五層,華廈(10層含以下有電梯),住家用,鋼筋混凝土造,1150609,128.98000000000002,3,2,2,有,有,12300000,95598,一樓平面,16.53,1550000,預售屋、或土地及建物分件登記案件；,RPWOMLOKQHLGFKD27DA,78.59,0.0,9.58,有,
六甲區,房地(土地+建物),臺南市六甲區光復街７１號二樓之３,29.69,都市：其他:住宅區,,,1141214,土地1建物1車位0,二層,五層,華廈(10層含以下有電梯),住家用,鋼筋混凝土造,1150605,88.08,2,2,2,有,有,6700000,76067,,0.0,0,總價含1個法定空地停車位，車位價格:90萬元。預售屋、或土地及建物分件登記案件；,RPQNMLMJRHLGFFD48DA,52.64,0.0,4.47,有,
東區,房地(土地+建物),臺南市東區長榮路二段２４巷１號,11.17,都市：其他:中心商業區,,,1141104,土地1建物1車位0,全,二層,透天厝,住家用,加強磚造,0560701,15.15,1,1,1,有,無,888888,58672,,0.0,0,地清或未辦繼承標售；,RPQOMLKKRHLGFCD18DA,15.15,0.0,0.0,無,
麻豆區,土地,井東段287地號,83.47,,鄉村區,乙種建築用地,1140820,土地2建物0車位0,,,其他,,,,0.0,0,0,0,無,無,1800000,21565,,0.0,0,286地號不計入價金未登記建物；,RPQNMLOJQHLGFFD58DA,0.0,0.0,0.0,無,
東區,房地(土地+建物)+車位,臺南市東區裕文路１３３號二樓之２,54.09,都市：其他:住宅區,,,1140729,土地1建物1車位2,二層,十二層,住宅大樓(11層含以上有電梯),住家用,鋼筋混凝土造,1150409,284.56,3,2,3,有,有,36880000,155878,坡道平面,71.06,3600000,預售屋、或土地及建物分件登記案件；,RPPOMLPLNHLGFCD28DA,130.4,0.0,8.28,有,
柳營區,房地(土地+建物),臺南市柳營區進學一街３７巷６號,93.56,都市：其他:住宅區,,,1140720,土地2建物1車位0,全,三層,透天厝,住家用,鋼筋混凝土造,1150211,154.07,4,2,3,有,無,10180000,66074,,0.0,0,預售屋、或土地及建物分件登記案件；,RPTNMLPKPHLGFDD78DA,144.79,0.0,9.28,無,
安南區,房地(土地+建物),臺南市安南區海中街１３０巷６７弄２２號,85.14,都市：其他:住宅區,,,1140621,土地4建物1車位0,全,四層,透天厝,住家用,鋼筋混凝土造,1150724,170.43,3,2,2,有,無,14260000,83671,,0.0,0,含停車位1個包含公共設施保留地用地；預售屋、或土地及建物分件登記案件；,RPTNMLNJRHLGFBD48DA,145.66,0.0,24.77,無,
安南區,房地(土地+建物),臺南市安南區海中街１３０巷６７弄１２號,89.14,都市：其他:住宅區,,,1140615,土地4建物1車位0,全,四層,透天厝,住家用,鋼筋混凝土造,1150724,170.19,3,2,3,有,無,14980000,88019,,0.0,0,含停車位1個包含公共設施保留地用地；預售屋、或土地及建物分件登記案件；,RPXNMLNJRHLGFBD88DA,150.27,0.0,19.92,無,
柳營區,房地(土地+建物),臺南市柳營區進學一街３７巷８號,98.34,都市：其他:住宅區,,,1140301,土地2建物1車位0,全,三層,透天厝,住家用,鋼筋混凝土造,1150211,154.07,4,2,3,有,無,10600000,68800,,0.0,0,預售屋、或土地及建物分件登記案件；,RPUNMLPKPHLGFDD88DA,144.79,0.0,9.28,無,
柳營區,房地(土地+建物),臺南市柳營區進學一街３７巷１２號,107.16,都市：其他:住宅區,,,1140329,土地2建物1車位0,全,三層,透天厝,住家用,鋼筋混凝土造,1150211,154.07,4,2,3,有,無,10780000,69968,,0.0,0,預售屋、或土地及建物分件登記案件；,RPWNMLPKPHLGFDD09DA,144.79,0.0,9.28,無,
六甲區,房地(土地+建物)+車位,臺南市六甲區光復街７１號二樓之１,37.29,都市：其他:住宅區,,,1140311,土地1建物1車位1,二層,五層,華廈(10層含以下有電梯),住家用,鋼筋混凝土造,1150605,110.36,3,2,2,有,有,8540000,78060,一樓平面,16.33,1200000,預售屋、或土地及建物分件登記案件；,RPPNMLMJRHLGFFD38DA,67.3,0.0,4.42,有,
六甲區,房地(土地+建物)+車位,臺南市六甲區光復街７１號三樓之２,36.86,都市：其他:住宅區,,,1140314,土地1建物1車位1,三層,五層,華廈(10層含以下有電梯),住家用,鋼筋混凝土造,1150605,109.29,3,2,2,有,有,8550000,79066,一樓平面,16.33,1200000,預售屋、或土地及建物分件登記案件；,RPTNMLMJRHLGFFD78DA,66.3,0.0,4.6,有,
仁德區,房地(土地+建物),臺南市仁德區中正路一段２５１巷２３之１號,67.67,都市：其他:住宅區,,,1140318,土地1建物1車位0,全,三層,透天厝,住家用,鋼筋混凝土造,1150318,163.19,4,2,5,有,無,13900000,85177,,0.0,0,預售屋、或土地及建物分件登記案件；,RPTNMLLKRHLGFID09DA,147.96,0.0,15.23,無,
六甲區,房地(土地+建物)+車位,臺南市六甲區光復街７１號三樓之３,29.69,都市：其他:住宅區,,,1140309,土地1建物1車位1,三層,五層,華廈(10層含以下有電梯),住家用,鋼筋混凝土造,1150605,91.2,2,2,2,有,有,7180000,79872,一樓平面,16.33,1200000,預售屋、或土地及建物分件登記案件；,RPUNMLMJRHLGFFD88DA,52.64,0.0,4.47,有,
六甲區,房地(土地+建物)+車位,臺南市六甲區光復街７１號三樓之６,36.34,都市：其他:住宅區,,,1140316,土地1建物1車位1,三層,五層,華廈(10層含以下有電梯),住家用,鋼筋混凝土造,1150605,107.97999999999999,3,2,2,有,有,8500000,79651,一樓平面,16.33,1200000,預售屋、或土地及建物分件登記案件；,RPVNMLMJRHLGFFD98DA,65.42,0.0,4.49,有,
六甲區,房地(土地+建物)+車位,臺南市六甲區光復街７１號四樓之１,37.29,都市：其他:住宅區,,,1140321,土地1建物1車位1,四層,五層,華廈(10層含以下有電梯),住家用,鋼筋混凝土造,1150605,110.36,3,2,2,有,有,8500000,77635,一樓平面,16.33,1200000,預售屋、或土地及建物分件登記案件；,RPWNMLMJRHLGFFD09DA,67.3,0.0,4.42,有,
六甲區,房地(土地+建物),臺南市六甲區光復街７１號四樓之６,36.34,都市：其他:住宅區,,,1140319,土地1建物1車位0,四層,五層,華廈(10層含以下有電梯),住家用,鋼筋混凝土造,1150605,104.87,3,2,2,有,有,8100000,77238,,0.0,0,總價含1個法定空地停車位，車位價格:80萬元。預售屋、或土地及建物分件登記案件；,RPPOMLMJRHLGFFD48DA,65.42,0.0,4.49,有,
六甲區,房地(土地+建物)+車位,臺南市六甲區光復街７１號五樓之２,39.01,都市：其他:住宅區,,,1140306,土地1建物1車位1,五層,五層,華廈(10層含以下有電梯),住家用,鋼筋混凝土造,1150605,116.84,3,2,2,有,有,9100000,79594,一樓平面,16.33,1100000,含露台親友、員工、共有人或其他特殊關係間之交易；預售屋、或土地及建物分件登記案件；,RPQOMLMJRHLGFFD58DA,69.86,0.0,5.16,有,
六甲區,房地(土地+建物)+車位,臺南市六甲區光復街７１號五樓之５,36.34,都市：其他:住宅區,,,1140318,土地1建物1車位1,五層,五層,華廈(10層含以下有電梯),住家用,鋼筋混凝土造,1150605,109.99,3,2,2,有,有,8650000,79543,一樓平面,16.33,1200000,預售屋、或土地及建物分件登記案件；,RPROMLMJRHLGFFD68DA,65.42,0.0,4.49,有,
柳營區,房地(土地+建物),臺南市柳營區進學一街３５巷１０號,103.98,都市：其他:住宅區,,,1140224,土地1建物1車位0,全,三層,透天厝,住家用,鋼筋混凝土造,1150211,170.8,4,2,3,有,無,13800000,80796,,0.0,0,預售屋、或土地及建物分件登記案件；,RPQNMLPKPHLGFDD48DA,161.28,0.0,9.52,無,
柳營區,房地(土地+建物),臺南市柳營區進學一街３７巷１號,92.47,都市：其他:住宅區,,,1140111,土地2建物1車位0,全,三層,透天厝,住家用,鋼筋混凝土造,1150211,156.86,4,2,3,有,無,9880000,62986,,0.0,0,預售屋、或土地及建物分件登記案件；,RPSNMLPKPHLGFDD68DA,147.38,0.0,9.48,無,
柳營區,房地(土地+建物),臺南市柳營區進學一街３７巷１０號,103.11,都市：其他:住宅區,,,1131228,土地2建物1車位0,全,三層,透天厝,住家用,鋼筋混凝土造,1150211,154.07,4,2,3,有,無,10800000,70098,,0.0,0,預售屋、或土地及建物分件登記案件；,RPVNMLPKPHLGFDD98DA,144.79,0.0,9.28,無,
安南區,房地(土地+建物)+車位,臺南市安南區新宅一街３００號八樓之６,26.32,都市：其他:住宅區,,,1131021,土地1建物1車位1,八層,十四層,住宅大樓(11層含以上有電梯),住家用,鋼筋混凝土造,1150424,153.92000000000002,3,2,2,有,有,14060000,101497,坡道平面,32.34,1720000,預售屋、或土地及建物分件登記案件；,RPPPMLOKRHLGFBD48DA,70.46,0.0,9.16,有,
永康區,房地(土地+建物)+車位,臺南市永康區永善路３６號十一樓之６,24.63,都市：其他:住宅區,,,1130909,土地1建物1車位1,十一層,十四層,住宅大樓(11層含以上有電梯),住家用,鋼筋混凝土造,1150416,163.76,3,2,2,有,有,14970000,107419,坡道平面,39.76,1650000,預售屋、或土地及建物分件登記案件；,RPVNMLLMQHLGFKD96DA,71.85,0.0,9.0,有,
歸仁區,房地(土地+建物)+車位,臺南市歸仁區智慧三街５號三樓之５,39.91,都市：其他:住宅區,,,1130805,土地1建物1車位1,三層,十三層,住宅大樓(11層含以上有電梯),住家用,鋼筋混凝土造,1140918,177.26999999999998,4,2,2,有,有,17100000,102573,坡道平面,25.67,1550000,預售屋、或土地及建物分件登記案件；,RPOPMLLKRHLGFID78DA,92.61,0.0,8.05,有,
永康區,房地(土地+建物)+車位,臺南市永康區永善路３６號十二樓之６,24.63,都市：其他:住宅區,,,1130823,土地1建物1車位1,十二層,十四層,住宅大樓(11層含以上有電梯),住家用,鋼筋混凝土造,1150416,163.76,3,2,2,有,有,14800000,107661,坡道平面,39.76,1450000,預售屋、或土地及建物分件登記案件；,RPWNMLLMQHLGFKD07DA,71.85,0.0,9.0,有,
歸仁區,房地(土地+建物)+車位,臺南市歸仁區智慧三街７號一樓之３,21.95,都市：其他:住宅區,,,1130729,土地1建物1車位1,一層,十三層,住宅大樓(11層含以上有電梯),住家用,鋼筋混凝土造,1140918,109.02,2,2,2,有,有,10910000,111098,坡道平面,25.67,1650000,預售屋、或土地及建物分件登記案件；,RPPNMLTLQHLGFID86DA,55.37,0.0,0.0,有,
東區,房地(土地+建物)+車位,臺南市東區裕文路１３３號五樓之２,54.09,都市：其他:住宅區,,,1130618,土地1建物1車位1,五層,十二層,住宅大樓(11層含以上有電梯),住家用,鋼筋混凝土造,1150409,249.02,3,2,3,有,有,38420000,170593,坡道平面,35.53,2000000,預售屋、或土地及建物分件登記案件；,RPOPMLPLNHLGFCD28DA,130.4,0.0,8.28,有,
東區,房地(土地+建物)+車位,臺南市東區崇善二街３６號十二樓,28.76,都市：其他:住宅區,,,1130619,土地1建物1車位2,十二層,十二層,住宅大樓(11層含以上有電梯),住家用,鋼筋混凝土造,1141231,197.12,3,2,2,有,有,19410000,117679,坡道平面,68.72,4300000,親友、員工、共有人或其他特殊關係間之交易；預售屋、或土地及建物分件登記案件；,RPOOMLRJRHLGFCD58DA,78.02,0.0,8.18,有,
永康區,房地(土地+建物)+車位,臺南市永康區永善路３６號十一樓之２,24.7,都市：其他:住宅區,,,1130601,土地1建物1車位1,十一層,十四層,住宅大樓(11層含以上有電梯),住家用,鋼筋混凝土造,1150416,164.12,3,2,2,有,有,15300000,110968,坡道平面,39.76,1500000,預售屋、或土地及建物分件登記案件；,RPUNMLLMQHLGFKD86DA,71.85,0.0,9.24,有,
東區,房地(土地+建物)+車位,臺南市東區裕文路１３３號十一樓之３,50.67,都市：其他:住宅區,,,1130527,土地1建物1車位1,十一層,十二層,住宅大樓(11層含以上有電梯),住家用,鋼筋混凝土造,1150409,235.59000000000003,3,2,2,有,有,38850000,182945,坡道平面,35.53,2250000,預售屋、或土地及建物分件登記案件；,RPXOMLQLNHLGFCD56DA,122.17,0.0,7.88,有,
永康區,房地(土地+建物)+車位,臺南市永康區永善路３６號六樓之２,24.7,都市：其他:住宅區,,,1130510,土地1建物1車位1,六層,十四層,住宅大樓(11層含以上有電梯),住家用,鋼筋混凝土造,1150416,164.12,3,2,2,有,有,14950000,108958,坡道平面,39.76,1400000,預售屋、或土地及建物分件登記案件；,RPUNMLRJRHLGFKD27DA,71.85,0.0,9.24,有,
大內區,土地,頭社段311地號,332.0,,山坡地保育區,農牧用地,1130501,土地1建物0車位0,,,其他,,,,0.0,0,0,0,無,無,2000000,6024,,0.0,0,親友、員工、共有人或其他特殊關係間之交易；未登記建物；,RPPNMLQKRHLGFFD88DA,0.0,0.0,0.0,無,
安南區,房地(土地+建物)+車位,臺南市安南區新宅一街３００號十一樓之７,18.82,都市：其他:住宅區,,,1130426,土地1建物1車位1,十一層,十四層,住宅大樓(11層含以上有電梯),住家用,鋼筋混凝土造,1150424,119.28999999999999,2,2,1,有,有,10520000,103508,坡道平面,32.34,1520000,預售屋、或土地及建物分件登記案件；,RPVNMLLJRHLGFBD48DA,52.05,0.0,4.88,有,
鹽水區,土地,田寮段1143地號,3493.0,,一般農業區,特定目的事業用地,1130425,土地2建物0車位0,,,其他,,,,0.0,0,0,0,無,無,8033900,2300,,0.0,0,特定目地事業用地買賣,RPQNMLMKQHLGFDD28DA,0.0,0.0,0.0,無,
佳里區,房地(土地+建物)+車位,臺南市佳里區光明街６５號四樓之２,27.24,都市：其他:商業區,,,1130429,土地1建物1車位1,四層,五層,華廈(10層含以下有電梯),住家用,鋼筋混凝土造,1141120,115.57000000000001,2,2,2,有,有,9200000,77664,其他,8.7,900000,預售屋、或土地及建物分件登記案件；,RPWNMLKKRHLGFGD09DA,68.59,0.0,7.17,有,
東區,房地(土地+建物)+車位,臺南市東區裕豐街７號五樓之２,39.53,都市：其他:住宅區,,,1130205,土地3建物1車位1,五層,五層,華廈(10層含以下有電梯),住家用,鋼筋混凝土造,1150319,129.45,3,2,2,有,有,19328447,151446,一樓平面,15.03,2000000,本件預售屋不動產交易總價19270000，另有做工程變更找補，工程找補為買方補貼58447給賣方。補貼後交易總價變更為19328447。預售屋、或土地及建物分件登記案件；,RPQNMLQKRHLGFCD68DA,77.65,0.0,9.51,有,
中西區,房地(土地+建物)+車位,臺南市中西區頂美三街３７號十樓之２,38.09,都市：其他:住宅區,,,1130131,土地5建物1車位1,十層,十三層,住宅大樓(11層含以上有電梯),住家用,鋼筋混凝土造,1150324,162.1,3,2,2,有,有,19820000,139096,坡道平面,31.83,1700000,預售屋、或土地及建物分件登記案件；,RPVNMLKKRHLGFAD38DA,76.74,0.0,9.59,有,
善化區,房地(土地+建物)+車位,臺南市善化區小新營５之１５號六樓之３,38.95,都市：其他:住宅區,,,1130115,土地2建物1車位1,六層,七層,華廈(10層含以下有電梯),住家用,鋼筋混凝土造,1150327,131.36,3,2,2,有,有,10539924,86556,一樓平面,26.92,1500000,115年9月10日有簽訂增補契約，因成屋面積有調整，交易金額有找補情形，買方找補金額為99924元。預售屋、或土地及建物分件登記案件；,RPXNMLKKRHLGFHD66DA,73.18,0.0,5.57,有,
中西區,房地(土地+建物)+車位,臺南市中西區頂美三街３７號四樓之５,28.04,都市：其他:住宅區,,,1121202,土地5建物1車位1,四層,十三層,住宅大樓(11層含以上有電梯),住家用,鋼筋混凝土造,1150324,127.74,2,2,2,有,有,14318422,131565,坡道平面,31.83,1700000,合約價格：14320000元，工程款減帳：1578元，實際交易總價：14318422元預售屋、或土地及建物分件登記案件；,RPTNMLKKRHLGFAD18DA,59.7,0.0,3.85,有,
安平區,房地(土地+建物)+車位,臺南市安平區國平南路１０２號三樓之５,30.63,都市：其他:商業區(附),,,1120620,土地1建物1車位2,三層,二十六層,住宅大樓(11層含以上有電梯),住家用,鋼骨造,1150130,371.93,2,2,4,有,有,35600000,101879,坡道平面,49.98,2800000,夫妻間轉讓。預售屋、或土地及建物分件登記案件；,RPSNMLMKQHLGFAD18DA,183.1,0.0,32.76,有,
安南區,房地(土地+建物),臺南市安南區樂活二街４８巷２弄６號,79.34,都市：其他:住宅區,,,1120629,土地9建物1車位0,全,四層,透天厝,住家用,鋼筋混凝土造,1141105,193.24,3,2,4,有,無,17300000,89526,,0.0,0,權利讓渡預售屋、或土地及建物分件登記案件；,RPUNMLQKOHLGFBD68DA,175.84,0.0,17.4,無,
安平區,房地(土地+建物)+車位,臺南市安平區國平南路１００號十八樓之３,17.88,都市：其他:商業區(附),,,1110710,土地1建物1車位2,十八層,二十六層,住宅大樓(11層含以上有電梯),住家用,鋼骨造,1150130,237.63,2,2,2,有,有,22300120,103918,坡道平面,49.98,2800000,113/1/6簽變更設計確認表增加新臺幣10120元整。預售屋、或土地及建物分件登記案件；,RPRNMLMJRHLGFAD08DA,110.45,0.0,15.05,有,
安平區,房地(土地+建物)+車位,臺南市安平區國平南路１００號十八樓之６,18.81,都市：其他:商業區(附),,,1110310,土地1建物1車位2,十八層,二十六層,住宅大樓(11層含以上有電梯),住家用,鋼骨造,1150130,246.93,3,2,2,有,有,21638928,97684,坡道平面,49.98,2400000,112/12/27簽變更設計確認表增加新臺幣138928元整。預售屋、或土地及建物分件登記案件；,RPROMLLJRHLGFAD08DA,116.7,0.0,15.1,有,
安平區,房地(土地+建物)+車位,臺南市安平區國平南路１０２號二十二樓之７,18.66,都市：其他:商業區(附),,,1110125,土地1建物1車位2,二十二層,二十六層,住宅大樓(11層含以上有電梯),住家用,鋼骨造,1150130,246.58,2,2,2,有,有,21300000,96134,坡道平面,49.98,2400000,預售屋、或土地及建物分件登記案件；,RPOPMLMJRHLGFAD97DA,119.19,0.0,12.36,有,
安平區,房地(土地+建物)+車位,臺南市安平區國平南路１００號六樓之１,27.92,都市：其他:商業區(附),,,1101205,土地1建物1車位2,六層,二十六層,住宅大樓(11層含以上有電梯),住家用,鋼骨造,1150130,342.48,2,2,4,有,有,31302416,96419,坡道平面,49.98,3100000,112/8/15簽變更設計確認表增加新臺幣36785元整。114/9/23簽變更設計確認表減少新臺幣24369元整。預售屋、或土地及建物分件登記案件；,RPTNMLLJRHLGFAD18DA,165.25,0.0,30.74,有,
中西區,房地(土地+建物)+車位,臺南市中西區南華街２３號八樓之１,27.73,都市：其他:住宅區,,,1101230,土地2建物1車位1,八層,十二層,住宅大樓(11層含以上有電梯),住家用,鋼筋混凝土造,1141110,190.82,2,2,2,有,有,21130000,121038,坡道平面,34.01,2150000,預售屋、或土地及建物分件登記案件；,RPTNMLOKRHLGFAD58DA,90.33,0.0,11.59,有,
北區,房地(土地+建物)+車位,臺南市北區西門路四段５３３巷２８號十四樓之５,17.43,都市：其他:住宅區,,,1101217,土地1建物1車位1,十四層,十四層,住宅大樓(11層含以上有電梯),住家用,鋼筋混凝土造,1150506,115.45,2,2,1,有,有,9830000,102249,坡道平面,34.96,1600000,112/8/8簽立讓渡書，讓渡金額不變。預售屋、或土地及建物分件登記案件；,RPQNMLPKRHLGFAD38DA,48.71,0.0,4.06,有,
安平區,房地(土地+建物)+車位,臺南市安平區國平南路１０２號六樓之３,17.88,都市：其他:商業區(附),,,1101111,土地1建物1車位1,六層,二十六層,住宅大樓(11層含以上有電梯),住家用,鋼骨造,1150130,212.76,3,2,2,有,有,16647803,82536,坡道平面,24.99,1150000,111/11/8簽變更設計確認表增加新臺幣77803元整。預售屋、或土地及建物分件登記案件；,RPUOMLMJRHLGFAD48DA,110.45,0.0,14.88,有,
安平區,房地(土地+建物)+車位,臺南市安平區國平南路１０２號十六樓之７,18.66,都市：其他:商業區(附),,,1101109,土地1建物1車位2,十六層,二十六層,住宅大樓(11層含以上有電梯),住家用,鋼骨造,1150130,246.58,1,2,2,有,有,20721575,93192,坡道平面,49.98,2400000,112/12/7簽變更設計確認表減少新臺幣42381元整。115/9/1簽變更設計確認表減少新臺幣6044元整。預售屋、或土地及建物分件登記案件；,RPVOMLMJRHLGFAD58DA,119.19,0.0,12.36,有,
安平區,房地(土地+建物)+車位,臺南市安平區國平南路１０２號十樓之７,18.66,都市：其他:商業區(附),,,1101030,土地1建物1車位2,十層,二十六層,住宅大樓(11層含以上有電梯),住家用,鋼骨造,1150130,246.58,2,2,2,有,有,20265611,90873,坡道平面,49.98,2400000,112/8/25簽變更設計確認表增加新臺幣35611元整。夫妻間轉讓。預售屋、或土地及建物分件登記案件；,RPXNMLKLPHLGFAD48DA,119.19,0.0,12.36,有,
安平區,房地(土地+建物)+車位,臺南市安平區國平南路１００號十二樓之６,18.81,都市：其他:商業區(附),,,1101004,土地1建物1車位2,十二層,二十六層,住宅大樓(11層含以上有電梯),住家用,鋼骨造,1150130,246.93,3,2,2,有,有,18616986,82848,坡道平面,49.98,2300000,112/9/7簽變更設計確認表增加新臺幣86986元整。預售屋、或土地及建物分件登記案件；,RPRPMLMJRHLGFAD28DA,116.7,0.0,15.1,有,
安平區,房地(土地+建物)+車位,臺南市安平區國平南路１０２號十七樓之３,17.88,都市：其他:商業區(附),,,1100929,土地1建物1車位2,十七層,二十六層,住宅大樓(11層含以上有電梯),住家用,鋼骨造,1150130,237.75,2,2,2,有,有,19000000,86808,坡道平面,49.98,2700000,114/2/8簽名義變更切結書，交易總價不變。預售屋、或土地及建物分件登記案件；,RPPOMLLJRHLGFAD87DA,110.45,0.0,14.88,有,
安平區,房地(土地+建物)+車位,臺南市安平區國平南路１０２號十樓之３,17.88,都市：其他:商業區(附),,,1100928,土地1建物1車位2,十層,二十六層,住宅大樓(11層含以上有電梯),住家用,鋼骨造,1150130,237.75,2,2,2,有,有,18030000,83773,坡道平面,49.98,2300000,夫妻間轉讓。預售屋、或土地及建物分件登記案件；,RPQPMLMJRHLGFAD18DA,110.45,0.0,14.88,有,
安平區,房地(土地+建物)+車位,臺南市安平區國平南路１００號十六樓之６,18.81,都市：其他:商業區(附),,,1100907,土地1建物1車位1,十六層,二十六層,住宅大樓(11層含以上有電梯),住家用,鋼骨造,1150130,221.94,3,2,2,有,有,17940958,84239,坡道平面,24.99,1350000,112/11/15簽變更設計確認表增加新臺幣10958元整。預售屋、或土地及建物分件登記案件；,RPWNMLMJRHLGFAD58DA,116.7,0.0,15.1,有,
安平區,房地(土地+建物)+車位,臺南市安平區國平南路１００號十九樓之３,17.88,都市：其他:商業區(附),,,1100827,土地1建物1車位2,十九層,二十六層,住宅大樓(11層含以上有電梯),住家用,鋼骨造,1150130,237.63,2,2,2,有,有,19170000,87770,坡道平面,49.98,2700000,預售屋、或土地及建物分件登記案件；,RPXNMLLJRHLGFAD58DA,110.45,0.0,15.05,有,
安平區,房地(土地+建物)+車位,臺南市安平區國平南路１００號二十四樓之３,17.88,都市：其他:商業區(附),,,1100807,土地1建物1車位2,二十四層,二十六層,住宅大樓(11層含以上有電梯),住家用,鋼骨造,1150130,237.63,2,2,2,有,有,19600000,90061,坡道平面,49.98,2700000,預售屋、或土地及建物分件登記案件；,RPSNMLMJRHLGFAD18DA,110.45,0.0,15.05,有,
永康區,房地(土地+建物)+車位,臺南市永康區東橋五路１５９號七樓之８,10.34,都市：其他:商業區,,,1100708,土地1建物1車位1,七層,二十三層,住宅大樓(11層含以上有電梯),住家用,鋼筋混凝土造,1150326,103.52000000000001,0,0,0,無,有,5810000,60818,坡道平面,27.72,1200000,111.4.1轉讓權利讓與金額700萬元114.2.26轉讓權利讓與金額820萬元預售屋、或土地及建物分件登記案件；,RPWNMLLJRHLGFKD86DA,44.86,0.0,3.85,有,
安平區,房地(土地+建物)+車位,臺南市安平區國平南路１０２號十四樓之６,34.76,都市：其他:商業區(附),,,1100630,土地1建物1車位3,十四層,二十六層,住宅大樓(11層含以上有電梯),住家用,鋼骨造,1150130,440.26,3,2,5,有,有,37320000,93131,坡道平面,74.97,3300000,合約書無拆分車位個別價格。預售屋、或土地及建物分件登記案件；,RPXOMLOKQHLGFAD98DA,204.42,0.0,40.16,有,
安平區,房地(土地+建物)+車位,臺南市安平區國平南路１００號十一樓之７,18.24,都市：其他:商業區(附),,,1100627,土地1建物1車位2,十一層,二十六層,住宅大樓(11層含以上有電梯),住家用,鋼骨造,1150130,241.36,2,2,2,有,有,17680000,80886,坡道平面,49.98,2200000,114/12/9簽名義變更切結書，交易總價不變。合約書無拆分車位個別價格。預售屋、或土地及建物分件登記案件；,RPPOMLNJRHLGFAD08DA,116.35,0.0,12.02,有,
安平區,房地(土地+建物)+車位,臺南市安平區國平南路１００號十樓之１,27.92,都市：其他:商業區(附),,,1100501,土地1建物1車位2,十層,二十六層,住宅大樓(11層含以上有電梯),住家用,鋼骨造,1150130,342.48,3,2,4,有,有,29824277,91365,坡道平面,49.98,3100000,112/8/4簽變更設計確認表增加新臺幣24277元整。合約書無拆分車位個別價格。預售屋、或土地及建物分件登記案件；,RPUNMLLJRHLGFAD28DA,165.25,0.0,30.74,有,
安平區,房地(土地+建物)+車位,臺南市安平區國平南路１０２號十一樓之２,27.64,都市：其他:商業區(附),,,1100501,土地1建物1車位2,十一層,二十六層,住宅大樓(11層含以上有電梯),住家用,鋼骨造,1150130,339.79999999999995,3,2,4,有,有,28419091,87361,坡道平面,49.98,3100000,112/9/2簽變更設計確認表增加新臺幣266607元整。114/9/15簽變更設計確認表減少新臺幣127516元整。合約書無拆分車位個別價格。夫妻間轉讓。預售屋、或土地及建物分件登記案件；,RPSOMLMJRHLGFAD28DA,165.55,0.0,28.33,有,
安平區,房地(土地+建物)+車位,臺南市安平區國平南路１００號十一樓之５,20.87,都市：其他:商業區(附),,,1100411,土地1建物1車位2,十一層,二十六層,住宅大樓(11層含以上有電梯),住家用,鋼骨造,1150130,268.89,2,2,2,有,有,24093373,96813,坡道平面,49.98,2900000,112/9/9簽變更設計確認表增加新臺幣93373元整。合約書無拆分車位個別價格。夫妻間轉讓。預售屋、或土地及建物分件登記案件；,RPPPMLMJRHLGFAD08DA,127.08,0.0,19.42,有,
安平區,房地(土地+建物)+車位,臺南市安平區國平南路１００號六樓之２,27.64,都市：其他:商業區(附),,,1100424,土地1建物1車位2,六層,二十六層,住宅大樓(11層含以上有電梯),住家用,鋼骨造,1150130,339.77,3,2,4,有,有,28768231,89265,坡道平面,49.98,2900000,111/12/24簽變更設計確認表增加新臺幣95691元整。114/8/22簽變更設計確認表增加新臺幣2540元整。合約書無拆分車位個別價格。預售屋、或土地及建物分件登記案件；,RPVOMLLJRHLGFAD48DA,165.55,0.0,28.3,有,
安平區,房地(土地+建物)+車位,臺南市安平區國平南路１０２號十五樓之２,27.64,都市：其他:商業區(附),,,1100401,土地1建物1車位2,十五層,二十六層,住宅大樓(11層含以上有電梯),住家用,鋼骨造,1150130,339.79999999999995,2,2,4,有,有,30310142,94576,坡道平面,49.98,2900000,112/10/25簽變更設計確認表增加新臺幣130142元整。合約書無拆分車位個別價格。預售屋、或土地及建物分件登記案件；,RPTOMLMJRHLGFAD38DA,165.55,0.0,28.33,有,
安平區,房地(土地+建物)+車位,臺南市安平區國平南路１０２號二十二樓之２,27.64,都市：其他:商業區(附),,,1100327,土地1建物1車位2,二十二層,二十六層,住宅大樓(11層含以上有電梯),住家用,鋼骨造,1150130,339.79999999999995,3,2,3,有,有,29870578,92370,坡道平面,49.98,3100000,113/3/23簽變更設計確認表減少新臺幣662075元整。114/11/18簽變更設計確認表減少新臺幣67347元整。合約書無拆分車位個別價格。預售屋、或土地及建物分件登記案件；,RPQNMLRJRHLGFAD48DA,165.55,0.0,28.33,有,
永康區,房地(土地+建物)+車位,臺南市永康區東橋五路１５９號十一樓之８,10.34,都市：其他:商業區,,,1100301,土地1建物1車位1,十一層,二十三層,住宅大樓(11層含以上有電梯),住家用,鋼筋混凝土造,1150326,103.52000000000001,0,0,0,無,有,5900000,62005,坡道平面,27.72,1200000,111.4.22轉讓權利讓與金額710萬元預售屋、或土地及建物分件登記案件；,RPUTMLOLOHLGFKD47DA,44.86,0.0,3.85,有,
永康區,房地(土地+建物)+車位,臺南市永康區東橋五路１５９號二十二樓之９,10.34,都市：其他:商業區,,,1100301,土地1建物1車位1,二十二層,二十三層,住宅大樓(11層含以上有電梯),住家用,鋼筋混凝土造,1150326,103.53,0,0,0,無,有,6200000,65295,坡道平面,27.72,1250000,預售屋、或土地及建物分件登記案件；,RPPUMLOLQHLGFKD27DA,44.87,0.0,3.85,有,
安平區,房地(土地+建物)+車位,臺南市安平區國平南路１００號九樓之７,18.24,都市：其他:商業區(附),,,1100328,土地1建物1車位2,九層,二十六層,住宅大樓(11層含以上有電梯),住家用,鋼骨造,1150130,241.36,2,2,2,有,有,17350000,79162,坡道平面,49.98,2200000,合約書無拆分車位個別價格預售屋、或土地及建物分件登記案件；,RPRNMLNLOHLGFAD08DA,116.35,0.0,12.02,有,
安平區,房地(土地+建物)+車位,臺南市安平區國平南路１００號十六樓之５,20.87,都市：其他:商業區(附),,,1100328,土地1建物1車位2,十六層,二十六層,住宅大樓(11層含以上有電梯),住家用,鋼骨造,1150130,268.89,2,2,2,有,有,23940000,95199,坡道平面,49.98,3100000,合約書無拆分車位個別價格。預售屋、或土地及建物分件登記案件；,RPUNMLMJRHLGFAD38DA,127.08,0.0,19.42,有,
安平區,房地(土地+建物)+車位,臺南市安平區國平南路１００號十四樓之５,20.87,都市：其他:商業區(附),,,1100324,土地1建物1車位2,十四層,二十六層,住宅大樓(11層含以上有電梯),住家用,鋼骨造,1150130,268.89,2,2,2,有,有,23667661,93955,坡道平面,49.98,3100000,112/10/7簽變更設計確認表增加新臺幣57661元整。113/6/3簽增購車位買賣條款，買賣總價款新臺幣155萬元整。車位清冊序號2為加購車位夫妻間轉讓。預售屋、或土地及建物分件登記案件；,RPOOMLNJRHLGFAD97DA,127.08,0.0,19.42,有,
安平區,房地(土地+建物)+車位,臺南市安平區國平南路１０２號七樓之１,27.92,都市：其他:商業區(附),,,1100331,土地1建物1車位2,七層,二十六層,住宅大樓(11層含以上有電梯),住家用,鋼骨造,1150130,342.77,1,2,3,有,有,29371267,90410,坡道平面,49.98,2900000,112/7/3簽變更設計確認表增加新臺幣171267元整。合約書無拆分車位個別價格。夫妻間轉讓。預售屋、或土地及建物分件登記案件；,RPWNMLTLPHLGFAD66DA,165.25,0.0,30.84,有,
永康區,房地(土地+建物)+車位,臺南市永康區東橋五路１５９號五樓之８,10.34,都市：其他:商業區,,,1100203,土地1建物1車位1,五層,二十三層,住宅大樓(11層含以上有電梯),住家用,鋼筋混凝土造,1150326,103.52000000000001,0,0,0,無,有,5710000,60158,坡道平面,27.72,1150000,111.01.18轉讓權利讓與金額660萬元預售屋、或土地及建物分件登記案件；,RPSQMLTKQHLGFKD57DA,44.86,0.0,3.85,有,
永康區,房地(土地+建物)+車位,臺南市永康區東橋五路１５９號十樓之８,10.34,都市：其他:商業區,,,1100201,土地1建物1車位1,十層,二十三層,住宅大樓(11層含以上有電梯),住家用,鋼筋混凝土造,1150326,103.52000000000001,0,0,0,無,有,5870000,61609,坡道平面,27.72,1200000,預售屋、或土地及建物分件登記案件；,RPVTMLOLQHLGFKD77DA,44.86,0.0,3.85,有,
永康區,房地(土地+建物)+車位,臺南市永康區東橋五路１５９號二十二樓之１０,14.49,都市：其他:商業區,,,1100208,土地1建物1車位1,二十二層,二十三層,住宅大樓(11層含以上有電梯),住家用,鋼筋混凝土造,1150326,141.78,2,2,2,有,有,10100000,76714,坡道平面,27.72,1350000,預售屋、或土地及建物分件登記案件；,RPRUMLOLQHLGFKD47DA,69.56,0.0,3.71,有,
永康區,房地(土地+建物)+車位,臺南市永康區東橋五路１５９號二十一樓之１０,14.49,都市：其他:商業區,,,1100108,土地1建物1車位1,二十一層,二十三層,住宅大樓(11層含以上有電梯),住家用,鋼筋混凝土造,1150326,141.78,2,2,2,有,有,10310000,76363,坡道平面,27.72,1600000,115.4.24轉讓權利讓與金額相同預售屋、或土地及建物分件登記案件；,RPOQMLQKQHLGFKD86DA,69.56,0.0,3.71,有,
永康區,房地(土地+建物)+車位,臺南市永康區東橋五路１５９號二十三樓之１０,14.49,都市：其他:商業區,,,1100123,土地1建物1車位1,二十三層,二十三層,住宅大樓(11層含以上有電梯),住家用,鋼筋混凝土造,1150326,141.78,2,2,2,有,有,10360000,76802,坡道平面,27.72,1600000,預售屋、或土地及建物分件登記案件；,RPPQMLQKQHLGFKD96DA,69.56,0.0,3.71,有,
北區,房地(土地+建物)+車位,臺南市北區立賢路二段５號二十樓之９,7.85,都市：其他:住宅區,,,1091216,土地1建物1車位1,二十層,二十四層,住宅大樓(11層含以上有電梯),住家用,鋼筋混凝土造,1150511,101.38,2,1,1,有,有,7800000,84945,坡道平面,24.86,1300000,本案於113年4月26日讓渡，其權利契約買賣價格785萬元整。預售屋、或土地及建物分件登記案件；,RPXNMLPJRHLGFAD98DA,41.45,3.98,3.13,有,
永康區,房地(土地+建物)+車位,臺南市永康區東橋五路１５９號六樓之１１,11.91,都市：其他:商業區,,,1091216,土地1建物1車位1,六層,二十三層,住宅大樓(11層含以上有電梯),住家用,鋼筋混凝土造,1150326,118.52,1,2,1,有,有,7070000,61894,坡道平面,27.72,1450000,110.5.6轉讓權利讓與金額相同115.3.4再轉讓權利讓與金額相同預售屋、或土地及建物分件登記案件；,RPTUMLOLQHLGFKD67DA,53.82,0.0,4.47,有,
北區,房地(土地+建物)+車位,臺南市北區立賢路二段５號十六樓之２,9.97,都市：其他:住宅區,,,1091027,土地1建物1車位1,十六層,二十四層,住宅大樓(11層含以上有電梯),住家用,鋼筋混凝土造,1150511,122.25999999999999,2,1,1,有,有,8400000,71869,坡道平面,24.86,1400000,預售屋、或土地及建物分件登記案件；,RPTNMLPJRHLGFAD58DA,51.58,4.78,5.43,有,
北區,房地(土地+建物)+車位,臺南市北區立賢路二段５號二十樓之１１,8.07,都市：其他:住宅區,,,1091009,土地1建物1車位1,二十層,二十四層,住宅大樓(11層含以上有電梯),住家用,鋼筋混凝土造,1150511,85.82,2,1,1,有,有,6320000,67863,坡道機械,6.69,950000,本案於115年6月23日讓渡，其權利契約買賣價格780萬元整。預售屋、或土地及建物分件登記案件；,RPOOMLPJRHLGFAD18DA,39.84,6.35,4.02,有,
北區,房地(土地+建物)+車位,臺南市北區立賢路二段５號十八樓之２,9.97,都市：其他:住宅區,,,1091021,土地1建物1車位1,十八層,二十四層,住宅大樓(11層含以上有電梯),住家用,鋼筋混凝土造,1150511,122.25999999999999,1,1,1,有,有,8880000,77815,坡道平面,24.85,1300000,本案於113年11月2日讓渡，其權利契約買賣價格不變。預售屋、或土地及建物分件登記案件；,RPURMLPKPHLGFAD98DA,51.58,4.78,5.43,有,
永康區,房地(土地+建物)+車位,臺南市永康區東橋五路１５９號十二樓之１０,14.49,都市：其他:商業區,,,1090901,土地1建物1車位1,十二層,二十三層,住宅大樓(11層含以上有電梯),住家用,鋼筋混凝土造,1150326,141.78,2,2,2,有,有,9350000,69700,坡道平面,27.72,1400000,預售屋、或土地及建物分件登記案件；,RPXPMLQKQHLGFKD67DA,69.56,0.0,3.71,有,
永康區,房地(土地+建物)+車位,臺南市永康區東橋五路１５９號三樓之１０,14.49,都市：其他:商業區,,,1090806,土地1建物1車位1,三層,二十三層,住宅大樓(11層含以上有電梯),住家用,鋼筋混凝土造,1150326,141.78,2,2,2,有,有,8520000,62423,坡道平面,27.72,1400000,115.4.7轉讓權利讓與金額相同預售屋、或土地及建物分件登記案件；,RPUPMLQKQHLGFKD37DA,69.56,0.0,3.71,有,
永康區,房地(土地+建物)+車位,臺南市永康區東橋五路１５９號十七樓之１０,14.49,都市：其他:商業區,,,1090816,土地1建物1車位1,十七層,二十三層,住宅大樓(11層含以上有電梯),住家用,鋼筋混凝土造,1150326,141.78,2,2,2,有,有,9600000,70577,坡道平面,27.72,1550000,115.04.10轉讓權利讓與金額相同預售屋、或土地及建物分件登記案件；,RPRRMLTKQHLGFKD57DA,69.56,0.0,3.71,有,
永康區,房地(土地+建物)+車位,臺南市永康區東橋五路１５９號十四樓之１０,10.41,都市：其他:商業區,,,1090804,土地1建物1車位1,十四層,二十三層,住宅大樓(11層含以上有電梯),住家用,鋼筋混凝土造,1150326,101.31,1,2,1,有,有,6450000,63333,坡道機械,10.52,700000,預售屋、或土地及建物分件登記案件；,RPRNMLTLQHLGFKD27DA,53.82,0.0,4.47,有,
永康區,房地(土地+建物)+車位,臺南市永康區東橋五路１５９號六樓之１０,14.49,都市：其他:商業區,,,1090811,土地1建物1車位1,六層,二十三層,住宅大樓(11層含以上有電梯),住家用,鋼筋混凝土造,1150326,141.78,2,2,2,有,有,8500000,63125,坡道平面,27.72,1300000,115.4.21轉讓權利讓與金額相同預售屋、或土地及建物分件登記案件；,RPPOMLKMQHLGFKD98DA,69.56,0.0,3.71,有,
永康區,房地(土地+建物)+車位,臺南市永康區東橋五路１５９號十六樓之１０,14.49,都市：其他:商業區,,,1090717,土地1建物1車位1,十六層,二十三層,住宅大樓(11層含以上有電梯),住家用,鋼筋混凝土造,1150326,141.78,2,2,2,有,有,8980000,66456,坡道平面,27.72,1400000,預售屋、或土地及建物分件登記案件；,RPWPMLQKQHLGFKD57DA,69.56,0.0,3.71,有,
永康區,房地(土地+建物)+車位,臺南市永康區東橋五路１５９號十八樓之１０,12.99,都市：其他:商業區,,,1090717,土地1建物1車位1,十八層,二十三層,住宅大樓(11層含以上有電梯),住家用,鋼筋混凝土造,1150326,124.57,2,2,2,有,有,8700000,67514,坡道機械,10.52,1000000,預售屋、或土地及建物分件登記案件；,RPSRMLTKQHLGFKD67DA,69.56,0.0,3.71,有,
永康區,房地(土地+建物)+車位,臺南市永康區東橋五路１５９號三樓之１１,10.41,都市：其他:商業區,,,1090621,土地1建物1車位1,三層,二十三層,住宅大樓(11層含以上有電梯),住家用,鋼筋混凝土造,1150326,101.31,1,2,1,有,有,6180000,59808,坡道機械,10.52,750000,預售屋、或土地及建物分件登記案件；,RPSUMLOLQHLGFKD57DA,53.82,0.0,4.47,有,
永康區,房地(土地+建物)+車位,臺南市永康區東橋五路１５９號二十三樓之９,8.84,都市：其他:商業區,,,1090511,土地1建物1車位1,二十三層,二十三層,住宅大樓(11層含以上有電梯),住家用,鋼筋混凝土造,1150326,86.32,0,0,0,無,有,5500000,63325,坡道機械,10.52,700000,115.2.2轉讓權利讓與金額792萬元預售屋、或土地及建物分件登記案件；,RPOOMLKMQHLGFKD88DA,44.87,0.0,3.85,有,
永康區,房地(土地+建物)+車位,臺南市永康區東橋五路１５９號八樓之１１,10.41,都市：其他:商業區,,,1090427,土地1建物1車位1,八層,二十三層,住宅大樓(11層含以上有電梯),住家用,鋼筋混凝土造,1150326,101.31,1,2,1,有,有,6230000,60359,坡道機械,10.52,750000,預售屋、或土地及建物分件登記案件；,RPUUMLOLQHLGFKD77DA,53.82,0.0,4.47,有,
永康區,房地(土地+建物)+車位,臺南市永康區東橋五路１５９號九樓之１０,14.49,都市：其他:商業區,,,1090402,土地1建物1車位1,九層,二十三層,住宅大樓(11層含以上有電梯),住家用,鋼筋混凝土造,1150326,141.78,2,2,2,有,有,8600000,64001,坡道平面,27.72,1300000,114.8.16轉讓權利讓與金額1180萬元預售屋、或土地及建物分件登記案件；,RPVNMLLJRHLGFKD76DA,69.56,0.0,3.71,有,
永康區,房地(土地+建物)+車位,臺南市永康區東橋五路１５９號五樓之１１,10.41,都市：其他:商業區,,,1090118,土地1建物1車位1,五層,二十三層,住宅大樓(11層含以上有電梯),住家用,鋼筋混凝土造,1150326,101.31,1,2,1,有,有,6400000,60579,坡道機械,10.52,900000,預售屋、或土地及建物分件登記案件；,RPTRMLTKQHLGFKD77DA,53.82,0.0,4.47,有,
永康區,房地(土地+建物)+車位,臺南市永康區東橋五路１５９號十一樓之１０,14.49,都市：其他:商業區,,,1081218,土地1建物1車位1,十一層,二十三層,住宅大樓(11層含以上有電梯),住家用,鋼筋混凝土造,1150326,141.78,2,2,2,有,有,8700000,64878,坡道平面,27.72,1300000,115.05.11轉讓權利讓與金額相同預售屋、或土地及建物分件登記案件；,RPQRMLTKQHLGFKD47DA,69.56,0.0,3.71,有,
永康區,房地(土地+建物),臺南市永康區東橋五路１５９號十一樓之１１,9.46,都市：其他:商業區,,,1081218,土地1建物1車位0,十一層,二十三層,住宅大樓(11層含以上有電梯),住家用,鋼筋混凝土造,1150326,90.78999999999999,1,2,1,有,有,5800000,63884,,0.0,0,預售屋、或土地及建物分件登記案件；,RPURMLTKQHLGFKD87DA,53.82,0.0,4.47,有,
永康區,房地(土地+建物)+車位,臺南市永康區東橋五路１５９號二十三樓之７,15.1,都市：其他:商業區,,,1081103,土地1建物1車位1,二十三層,二十三層,住宅大樓(11層含以上有電梯),住家用,鋼筋混凝土造,1150326,146.32999999999998,2,2,2,有,有,9990000,70314,坡道平面,27.72,1650000,112.10.20轉讓權利讓與金額1200萬元預售屋、或土地及建物分件登記案件；,RPQPMLQKQHLGFKD96DA,72.94,0.0,3.29,有,
永康區,房地(土地+建物)+車位,臺南市永康區東橋五路１５９號十五樓之９,10.34,都市：其他:商業區,,,1081105,土地1建物1車位1,十五層,二十三層,住宅大樓(11層含以上有電梯),住家用,鋼筋混凝土造,1150326,103.53,0,0,0,無,有,5990000,63184,坡道平面,27.72,1200000,110.05.11轉讓權利讓與金額相同預售屋、或土地及建物分件登記案件；,RPXQMLTKQHLGFKD08DA,44.87,0.0,3.85,有,
永康區,房地(土地+建物)+車位,臺南市永康區東橋五路１５９號十八樓之８,8.84,都市：其他:商業區,,,1081014,土地1建物1車位1,十八層,二十三層,住宅大樓(11層含以上有電梯),住家用,鋼筋混凝土造,1150326,86.31,0,0,0,無,有,5560000,63465,坡道機械,10.52,750000,113.11.29轉讓權利讓與金額790萬元預售屋、或土地及建物分件登記案件；,RPRPMLQKQHLGFKD07DA,44.86,0.0,3.85,有,
永康區,房地(土地+建物)+車位,臺南市永康區東橋五路１５９號十樓之９,10.34,都市：其他:商業區,,,1081002,土地1建物1車位1,十層,二十三層,住宅大樓(11層含以上有電梯),住家用,鋼筋混凝土造,1150326,103.53,0,0,0,無,有,5870000,61601,坡道平面,27.72,1200000,預售屋、或土地及建物分件登記案件；,RPSPMLQKQHLGFKD17DA,44.87,0.0,3.85,有,
永康區,房地(土地+建物)+車位,臺南市永康區東橋五路１５９號十六樓之８,10.34,都市：其他:商業區,,,1081006,土地1建物1車位1,十六層,二十三層,住宅大樓(11層含以上有電梯),住家用,鋼筋混凝土造,1150326,103.52000000000001,0,0,0,無,有,6010000,63456,坡道平面,27.72,1200000,113.8.24轉讓權利讓與金額相同預售屋、或土地及建物分件登記案件；,RPWTMLOLQHLGFKD87DA,44.86,0.0,3.85,有,
永康區,房地(土地+建物)+車位,臺南市永康區東橋五路１５９號十六樓之９,10.34,都市：其他:商業區,,,1081012,土地1建物1車位1,十六層,二十三層,住宅大樓(11層含以上有電梯),住家用,鋼筋混凝土造,1150326,103.53,0,0,0,無,有,6010000,63448,坡道平面,27.72,1200000,114.2.6轉讓權利讓與金額相同預售屋、或土地及建物分件登記案件；,RPXTMLOLQHLGFKD97DA,44.87,0.0,3.85,有,
永康區,房地(土地+建物)+車位,臺南市永康區東橋五路１５９號十八樓之９,8.84,都市：其他:商業區,,,1081002,土地1建物1車位1,十八層,二十三層,住宅大樓(11層含以上有電梯),住家用,鋼筋混凝土造,1150326,86.32,0,0,0,無,有,5560000,63456,坡道機械,10.52,750000,110.5.3轉讓權利讓與金額相同預售屋、或土地及建物分件登記案件；,RPOUMLOLQHLGFKD17DA,44.87,0.0,3.85,有,
