鄉鎮市區,交易標的,土地位置建物門牌,土地移轉總面積平方公尺,都市土地使用分區,非都市土地使用分區,非都市土地使用編定,交易年月日,交易筆棟數,移轉層次,總樓層數,建物型態,主要用途,主要建材,建築完成年月,建物移轉總面積平方公尺,建物現況格局-房,建物現況格局-廳,建物現況格局-衛,建物現況格局-隔間,有無管理組織,總價元,單價元平方公尺,車位類別,車位移轉總面積平方公尺,車位總價元,備註,編號,主建物面積,附屬建物面積,陽台面積,電梯,移轉編號
The villages and towns urban district,transaction sign,land sector position building sector house number plate,land shifting total area square meter,the use zoning or compiles and checks,the non-metropolis land use district,non-metropolis land use,transaction year month and day,transaction pen number,shifting level,total floor number,building state,main use,main building materials,construction to complete the years,building shifting total area,Building present situation pattern - room,building present situation pattern - hall,building present situation pattern - health,building present situation pattern - compartmented,Whether there is manages the organization,total price NTD,the unit price (NTD / square meter),the berth category,berth shifting total area square meter,the berth total price NTD,the note,serial number,main building area,auxiliary building area,balcony area,elevator,transaction number
南區,房地(土地+建物),臺南市南區惠南街１０９巷２０號三樓之２,4.96,都市：其他:住宅區,,,1150903,土地1建物1車位0,三層,六層,華廈(10層含以下有電梯),商業用,鋼筋混凝土造,0790412,22.4,1,0,1,有,有,1350000,60268,,0.0,0,,RPVNMLRJRHLGFCD56DA,14.88,0.0,1.45,有,
麻豆區,土地,安西段984地號,21.38,,鄉村區,乙種建築用地,1150902,土地1建物0車位0,,,其他,,,,0.0,0,0,0,無,無,144000,6735,,0.0,0,親友、員工、共有人或其他特殊關係間之交易；,RPTNMLSJRHLGFFD76DA,0.0,0.0,0.0,無,
北區,土地,北安段1376地號,59.83,都市：其他:道路用地(兼供河川使用),,,1150806,土地2建物0車位0,,,其他,,,,0.0,0,0,0,無,無,4774149,79795,,0.0,0,協議價購；,RPSNMLRLQHLGFAD78DA,0.0,0.0,0.0,無,001
北區,土地,北安段1376地號,59.83,都市：其他:道路用地(兼供河川使用),,,1150806,土地2建物0車位0,,,其他,,,,0.0,0,0,0,無,無,4774149,79795,,0.0,0,協議價購；,RPTNMLRLQHLGFAD88DA,0.0,0.0,0.0,無,001
北區,土地,北安段1376地號,59.83,都市：其他:道路用地(兼供河川使用),,,1150806,土地2建物0車位0,,,其他,,,,0.0,0,0,0,無,無,4774149,79795,,0.0,0,協議價購；,RPUNMLRLQHLGFAD98DA,0.0,0.0,0.0,無,001
北區,土地,北安段1376地號,83.76,都市：其他:道路用地(兼供河川使用),,,1150806,土地2建物0車位0,,,其他,,,,0.0,0,0,0,無,無,6683808,79797,,0.0,0,協議價購；,RPVNMLRLQHLGFAD09DA,0.0,0.0,0.0,無,001
安南區,房地(土地+建物),臺南市安南區田六街１８號,107.43,都市：其他:住宅區,,,1150804,土地1建物1車位0,全,三層,透天厝,住家用,鋼筋混凝土造,0910412,188.89,5,2,3,有,無,9500000,50294,,0.0,0,其他增建；,RPRNMLNKQHLGFBD28DA,174.12,0.0,14.77,無,
東區,房地(土地+建物),臺南市東區慶東街１２７巷４號三樓,29.86,都市：其他:住宅區,,,1150809,土地1建物1車位0,三層,五層,公寓(5樓含以下無電梯),住家用,鋼筋混凝土造,0700202,90.57000000000001,3,2,2,有,無,5120000,56531,,0.0,0,其他增建；,RPQNMLTJQHLGFCD78DA,77.76,0.0,0.0,無,005
南區,房地(土地+建物)+車位,臺南市南區水交社路２０巷３號七樓,20.55,都市：其他:住宅區,,,1150810,土地2建物1車位1,七層,七層,華廈(10層含以下有電梯),住家用,鋼筋混凝土構造,1071114,133.36,2,2,1,有,有,8240000,61788,坡道平面,35.45,0,親友、員工、共有人或其他特殊關係間之交易；,RPQPMLNKQHLGFCD48DA,54.27,0.0,10.65,有,006
東區,房地(土地+建物)+車位,臺南市東區崇明十三街１１巷７３號三樓之１,20.72,都市：其他:住宅區,,,1150818,土地1建物1車位1,三層,八層,華廈(10層含以下有電梯),住家用,鋼筋混凝土造,0861003,129.57,3,2,2,有,有,7600000,58656,坡道平面,0.0,0,其他增建；,RPXNMLKLQHLGFCD78DA,71.91,0.0,7.69,有,
南區,房地(土地+建物),臺南市南區福吉四街２４號,76.0,都市：其他:住宅區,,,1150817,土地1建物1車位0,全,四層,透天厝,住家用,鋼筋混凝土造,0650910,188.34,4,2,3,有,無,4500000,23893,,0.0,0,土地增值稅印花稅規費由買方負擔含地政士服務費20000元；親友、員工、共有人或其他特殊關係間之交易；,RPPOMLQLQHLGFCD68DA,188.34,0.0,0.0,無,
柳營區,房地(土地+建物),臺南市柳營區義士路一段８３２巷１２號,183.0,,鄉村區,乙種建築用地,1150819,土地1建物1車位0,全,一層,透天厝,住家用,加強磚造,,24.28,3,1,1,有,無,2200000,90610,,0.0,0,,RPPNMLMLQHLGFDD28DA,24.28,0.0,0.0,無,007
柳營區,土地,篤農段15-1地號,810.62,,特定農業區,水利用地,1150803,土地1建物0車位0,,,其他,,,,0.0,0,0,0,無,無,972744,1200,,0.0,0,協議價購；,RPPNMLPLQHLGFDD58DA,0.0,0.0,0.0,無,
柳營區,土地,篤農段17地號,20.68,,特定農業區,水利用地,1150803,土地1建物0車位0,,,其他,,,,0.0,0,0,0,無,無,19228,930,,0.0,0,協議價購；,RPQNMLPLQHLGFDD68DA,0.0,0.0,0.0,無,008
柳營區,土地,篤農段18-1地號,29.82,,特定農業區,水利用地,1150803,土地1建物0車位0,,,其他,,,,0.0,0,0,0,無,無,35780,1200,,0.0,0,協議價購；,SPQNMLPLQHLGFDD78DA,0.0,0.0,0.0,無,009
柳營區,土地,篤農段100-3地號,141.62,,一般農業區,水利用地,1150803,土地1建物0車位0,,,其他,,,,0.0,0,0,0,無,無,131707,930,,0.0,0,協議價購；,RPSNMLPLQHLGFDD88DA,0.0,0.0,0.0,無,
柳營區,土地,篤農段17地號,41.35,,特定農業區,水利用地,1150803,土地1建物0車位0,,,其他,,,,0.0,0,0,0,無,無,38456,930,,0.0,0,協議價購；,RPTNMLPLQHLGFDD98DA,0.0,0.0,0.0,無,008
柳營區,土地,篤農段18-1地號,116.86,,特定農業區,水利用地,1150803,土地2建物0車位0,,,其他,,,,0.0,0,0,0,無,無,140236,1200,,0.0,0,協議價購；,SPTNMLPLQHLGFDD09DA,0.0,0.0,0.0,無,
柳營區,土地,小腿段975-1地號,123.67,,一般農業區,水利用地,1150803,土地1建物0車位0,,,其他,,,,0.0,0,0,0,無,無,115010,930,,0.0,0,協議價購；,RPUNMLPLQHLGFDD09DA,0.0,0.0,0.0,無,011
柳營區,土地,篤農段17地號,2.58,,特定農業區,水利用地,1150803,土地1建物0車位0,,,其他,,,,0.0,0,0,0,無,無,2404,932,,0.0,0,協議價購；,RPVNMLPLQHLGFDD56DA,0.0,0.0,0.0,無,008
柳營區,土地,篤農段18-1地號,3.73,,特定農業區,水利用地,1150803,土地1建物0車位0,,,其他,,,,0.0,0,0,0,無,無,4472,1199,,0.0,0,協議價購；,SPVNMLPLQHLGFDD66DA,0.0,0.0,0.0,無,009
柳營區,土地,篤農段17地號,1.72,,特定農業區,水利用地,1150803,土地1建物0車位0,,,其他,,,,0.0,0,0,0,無,無,1602,931,,0.0,0,協議價購；,RPWNMLPLQHLGFDD66DA,0.0,0.0,0.0,無,008
柳營區,土地,篤農段18-1地號,2.48,,特定農業區,水利用地,1150803,土地1建物0車位0,,,其他,,,,0.0,0,0,0,無,無,2982,1202,,0.0,0,協議價購；,SPWNMLPLQHLGFDD76DA,0.0,0.0,0.0,無,009
柳營區,土地,小腿段975-1地號,123.67,,一般農業區,水利用地,1150803,土地1建物0車位0,,,其他,,,,0.0,0,0,0,無,無,115010,930,,0.0,0,協議價購；,RPPOMLPLQHLGFDD68DA,0.0,0.0,0.0,無,011
柳營區,土地,篤農段99-2地號,2263.17,,一般農業區,水利用地,1150803,土地1建物0車位0,,,其他,,,,0.0,0,0,0,無,無,2104748,930,,0.0,0,協議價購；,RPQOMLPLQHLGFDD78DA,0.0,0.0,0.0,無,
柳營區,土地,篤農段45-1地號,262.52,,一般農業區,水利用地,1150803,土地2建物0車位0,,,其他,,,,0.0,0,0,0,無,無,244148,930,,0.0,0,協議價購；,RPROMLPLQHLGFDD88DA,0.0,0.0,0.0,無,017
柳營區,土地,篤農段13地號,270.19,,一般農業區,水利用地,1150803,土地1建物0車位0,,,其他,,,,0.0,0,0,0,無,無,251276,930,,0.0,0,協議價購；,RPSOMLPLQHLGFDD98DA,0.0,0.0,0.0,無,
柳營區,土地,篤農段14-2地號,29.52,,一般農業區,水利用地,1150803,土地1建物0車位0,,,其他,,,,0.0,0,0,0,無,無,35424,1200,,0.0,0,協議價購；,SPSOMLPLQHLGFDD09DA,0.0,0.0,0.0,無,
柳營區,土地,小腿段1017-2地號,126.67,,一般農業區,水利用地,1150803,土地1建物0車位0,,,其他,,,,0.0,0,0,0,無,無,103850,820,,0.0,0,協議價購；,RPUOMLPLQHLGFDD56DA,0.0,0.0,0.0,無,018
柳營區,土地,篤農段45-1地號,262.52,,一般農業區,水利用地,1150803,土地2建物0車位0,,,其他,,,,0.0,0,0,0,無,無,244149,930,,0.0,0,協議價購；,RPWOMLPLQHLGFDD76DA,0.0,0.0,0.0,無,017
柳營區,土地,小腿段1017-2地號,126.67,,一般農業區,水利用地,1150803,土地1建物0車位0,,,其他,,,,0.0,0,0,0,無,無,117800,930,,0.0,0,協議價購；,RPQNMLLJRHLGFDD18DA,0.0,0.0,0.0,無,018
官田區,土地,隆本段163地號,7.14,都市：其他:住宅區,,,1150814,土地1建物0車位0,,,其他,,,,0.0,0,0,0,無,無,460530,64500,,0.0,0,政府機關標讓售；,RPQNMLSLQHLGFFD56DA,0.0,0.0,0.0,無,
西港區,土地,州海段1467地號,289.66,都市：其他:甲種工業區,,,1150803,土地1建物0車位0,,,其他,,,,0.0,0,0,0,無,無,10520000,36318,,0.0,0,,RPWNMLPJQHLGFGD76DA,0.0,0.0,0.0,無,
佳里區,房地(土地+建物),臺南市佳里區佳興里佳里興４０５號之２０,695.0,,特定農業區,農牧用地,1150813,土地1建物1車位0,全,三層,透天厝,農業用,ＲＣ造,0851014,187.93,5,2,4,有,無,4000000,21285,,0.0,0,親友、員工、共有人或其他特殊關係間之交易；,RPRNMLRLQHLGFGD66DA,187.93,0.0,0.0,無,
學甲區,房地(土地+建物),臺南市學甲區仁得里八德街１６１號五樓之九,8.0,都市：其他:住宅區,,,1150822,土地3建物1車位0,五層,六層,華廈(10層含以下有電梯),住家用,鋼筋混凝土造,0840707,36.88,1,1,1,有,有,1100000,29826,,0.0,0,,RPQNMLSLQHLGFGD66DA,25.84,0.0,2.16,有,
善化區,房地(土地+建物)+車位,臺南市善化區陽光大道４４５號五樓之７,45.68,都市：其他:生活服務區(第二種住宅區),,,1150813,土地1建物1車位1,五層,五層,華廈(10層含以下有電梯),住家用,鋼筋混凝土造,1140124,139.26999999999998,2,2,2,有,有,12950000,92985,坡道平面,32.01,0,,RPVNMLLLQHLGFHD56DA,68.56,0.0,3.41,有,021
善化區,土地,什美段913地號,140.28,,鄉村區,乙種建築用地,1150808,土地1建物0車位0,,,其他,,,,0.0,0,0,0,無,無,2600000,18534,,0.0,0,,RPRNMLSLQHLGFHD86DA,0.0,0.0,0.0,無,
歸仁區,土地,歸仁北段215-59地號,386.0,都市：其他:住宅區,,,1150813,土地6建物0車位0,,,其他,,,,0.0,0,0,0,無,無,38183250,98920,,0.0,0,1.歸仁北段215-2215-59215-60215-61等四筆土地每坪以34.5萬元計價2.歸仁北段215-62215-63等二筆依115年公告現值計價親友、員工、共有人或其他特殊關係間之交易；,RPPNMLOKQHLGFID88DA,0.0,0.0,0.0,無,
歸仁區,房地(土地+建物),臺南市歸仁區大順二街９號四樓之７,20.8,都市：其他:住宅區,,,1150803,土地1建物1車位0,四層,七層,華廈(10層含以下有電梯),住家用,鋼筋混凝土造,0830302,109.21000000000001,3,2,2,有,有,4850000,44410,,0.0,0,,RPSNMLSKQHLGFID96DA,73.47,2.41,7.21,有,
永康區,房地(土地+建物),臺南市永康區中華二路３４０巷１２號九樓之７,18.51,都市：其他:住宅區,,,1150819,土地1建物1車位0,九層,十六層,住宅大樓(11層含以上有電梯),住家用,鋼筋混凝土造,0811016,118.08,3,2,2,有,有,4700000,39804,,0.0,0,,RPSOMLLLQHLGFKD66DA,83.11,1.0,12.03,有,022
安南區,土地,淵東段138-2地號,62.85,都市：其他:住宅區,,,1150817,土地1建物0車位0,,,其他,,,,0.0,0,0,0,無,無,5420184,86240,,0.0,0,畸零地或有合併使用效益；政府機關標讓售；,RPPNMLSLQHLGFBD78EA,0.0,0.0,0.0,無,
安南區,土地,淵東段139-5地號,15.91,都市：其他:住宅區,,,1150817,土地1建物0車位0,,,其他,,,,0.0,0,0,0,無,無,1418695,89170,,0.0,0,畸零地或有合併使用效益；政府機關標讓售；,RPQNMLSLQHLGFBD88EA,0.0,0.0,0.0,無,
東區,房地(土地+建物)+車位,臺南市東區東寧路１８６號十樓之５,14.76,都市：其他:住宅區,,,1150801,土地1建物1車位1,十層,十四層,住宅大樓(11層含以上有電梯),住家用,鋼筋混凝土造,0841221,160.91,3,2,2,有,有,13300000,82655,坡道平面,0.0,0,,RPQNMLRLQHLGFCD88EA,100.56,1.41,11.19,有,
七股區,土地,榔段900地號,454.67,,鄉村區,乙種建築用地,1150824,土地2建物0車位0,,,其他,,,,0.0,0,0,0,無,無,6876500,15124,,0.0,0,親友、員工、共有人或其他特殊關係間之交易；,RPPNMLSLQHLGFGD66EA,0.0,0.0,0.0,無,
北區,土地,北安段1376地號,83.76,都市：其他:道路用地(兼供河川使用),,,1150806,土地2建物0車位0,,,其他,,,,0.0,0,0,0,無,無,6683808,79797,,0.0,0,協議價購；,RPWNMLRLQHLGFAD56DA,0.0,0.0,0.0,無,001
北區,土地,北安段1376地號,83.76,都市：其他:道路用地(兼供河川使用),,,1150806,土地2建物0車位0,,,其他,,,,0.0,0,0,0,無,無,6683808,79797,,0.0,0,協議價購；,RPXNMLRLQHLGFAD66DA,0.0,0.0,0.0,無,001
北區,土地,北安段1376地號,29.91,都市：其他:道路用地(兼供河川使用),,,1150806,土地2建物0車位0,,,其他,,,,0.0,0,0,0,無,無,2387075,79809,,0.0,0,協議價購；,RPOOMLRLQHLGFAD48DA,0.0,0.0,0.0,無,001
北區,土地,北安段1376地號,29.91,都市：其他:道路用地(兼供河川使用),,,1150806,土地2建物0車位0,,,其他,,,,0.0,0,0,0,無,無,2387075,79809,,0.0,0,協議價購；,RPPOMLRLQHLGFAD58DA,0.0,0.0,0.0,無,001
北區,土地,北安段1376地號,11.97,都市：其他:道路用地(兼供河川使用),,,1150806,土地2建物0車位0,,,其他,,,,0.0,0,0,0,無,無,954830,79769,,0.0,0,協議價購；,RPSOMLRLQHLGFAD88DA,0.0,0.0,0.0,無,001
北區,土地,北安段1376地號,11.97,都市：其他:道路用地(兼供河川使用),,,1150806,土地2建物0車位0,,,其他,,,,0.0,0,0,0,無,無,954830,79769,,0.0,0,協議價購；,RPTOMLRLQHLGFAD98DA,0.0,0.0,0.0,無,001
北區,土地,北安段1376地號,11.97,都市：其他:道路用地(兼供河川使用),,,1150806,土地2建物0車位0,,,其他,,,,0.0,0,0,0,無,無,954830,79769,,0.0,0,協議價購；,RPUOMLRLQHLGFAD09DA,0.0,0.0,0.0,無,001
北區,土地,北安段1376地號,29.91,都市：其他:道路用地(兼供河川使用),,,1150806,土地2建物0車位0,,,其他,,,,0.0,0,0,0,無,無,2387075,79809,,0.0,0,協議價購；,RPVOMLRLQHLGFAD56DA,0.0,0.0,0.0,無,001
中西區,房地(土地+建物),臺南市中西區忠義路二段１８５號七樓之１２,4.25,都市：其他:商業區,,,1150802,土地1建物1車位0,七層,十層,華廈(10層含以下有電梯),住家用,鋼筋混凝土造,0691203,33.72,1,0,1,有,有,2600000,77106,,0.0,0,土地金額新台幣1572740元整建物金額新台幣1027260元整,RPTPMLRLQHLGFAD09DA,26.18,0.0,0.0,有,031
北區,土地,北安段1503地號,11.8,都市：其他:道路用地(兼供河川使用),,,1150806,土地2建物0車位0,,,其他,,,,0.0,0,0,0,無,無,941441,79783,,0.0,0,協議價購；,RPXPMLRLQHLGFAD86DA,0.0,0.0,0.0,無,032
北區,土地,北安段1522地號,1.31,都市：其他:道路用地(兼供河川使用),,,1150806,土地1建物0車位0,,,其他,,,,0.0,0,0,0,無,無,104142,79498,,0.0,0,協議價購；,RPOQMLRLQHLGFAD68DA,0.0,0.0,0.0,無,033
北區,土地,北安段1539地號,18.82,都市：其他:道路用地(兼供河川使用),,,1150806,土地2建物0車位0,,,其他,,,,0.0,0,0,0,無,無,1501736,79795,,0.0,0,協議價購；,RPPQMLRLQHLGFAD78DA,0.0,0.0,0.0,無,034
北區,土地,文元段14地號,20.43,都市：其他:道路用地(兼供河川使用),,,1150806,土地1建物0車位0,,,其他,,,,0.0,0,0,0,無,無,1630698,79819,,0.0,0,協議價購；,RPQQMLRLQHLGFAD88DA,0.0,0.0,0.0,無,035
北區,土地,文元段14-3地號,3.37,都市：其他:道路用地(兼供河川使用),,,1150806,土地1建物0車位0,,,其他,,,,0.0,0,0,0,無,無,268660,79721,,0.0,0,協議價購；,RPRQMLRLQHLGFAD98DA,0.0,0.0,0.0,無,036
安南區,房地(土地+建物)+車位,臺南市安南區培安路３０５巷７號十五樓之６,17.71,都市：其他:住宅區,,,1150811,土地1建物1車位1,十五層,十五層,住宅大樓(11層含以上有電梯),住家用,鋼筋混凝土造,1101207,134.27,3,2,2,有,有,11880000,101643,坡道平面,30.18,1300000,,RPQOMLKKQHLGFBD97DA,63.4,0.0,6.97,有,037
安南區,房地(土地+建物),臺南市安南區富東路２２號五樓之２,19.43,都市：其他:住宅區,,,1150811,土地1建物1車位0,五層，夾層,五層,華廈(10層含以下有電梯),住家用,鋼筋混凝土造,0831027,70.83,3,1,2,有,有,3800000,53650,,0.0,0,陽台外推；夾層；,RPWNMLNKQHLGFBD78DA,45.79,0.0,4.83,有,038
安南區,土地,青草段811-12地號,3.33,都市：其他:農業區,,,1150817,土地1建物0車位0,,,其他,,,,0.0,0,0,0,無,無,29000,8709,,0.0,0,,RPUNMLQLQHLGFBD98DA,0.0,0.0,0.0,無,
安南區,房地(土地+建物),臺南市安南區州南六街１４０號五樓之５,29.24,都市：其他:住宅區,,,1150805,土地1建物1車位0,五層,五層,華廈(10層含以下有電梯),住家用,鋼筋混凝土造,1140808,84.24,2,2,2,有,有,7500000,89031,,0.0,0,,RPXNMLLMQHLGFBD88DA,55.11,0.0,7.39,有,
南區,房地(土地+建物),臺南市南區新愛路９號,1680.0,都市：其他:工業區,,,1150828,土地1建物2車位0,全,一層,透天厝,工業用,加強磚造　　鐵骨石棉瓦,0660811,526.06,2,1,2,有,無,116000000,220507,,0.0,0,急買急賣；,RPPNMLTLQHLGFCD88DA,526.06,0.0,0.0,無,
柳營區,土地,篤農段17地號,1.72,,特定農業區,水利用地,1150803,土地1建物0車位0,,,其他,,,,0.0,0,0,0,無,無,1602,931,,0.0,0,協議價購；,RPXNMLPLQHLGFDD76DA,0.0,0.0,0.0,無,008
柳營區,土地,篤農段18-1地號,2.48,,特定農業區,水利用地,1150803,土地1建物0車位0,,,其他,,,,0.0,0,0,0,無,無,2982,1202,,0.0,0,協議價購；,SPXNMLPLQHLGFDD86DA,0.0,0.0,0.0,無,009
柳營區,土地,篤農段17地號,2.58,,特定農業區,水利用地,1150803,土地1建物0車位0,,,其他,,,,0.0,0,0,0,無,無,2404,932,,0.0,0,協議價購；,RPVOMLPLQHLGFDD66DA,0.0,0.0,0.0,無,008
柳營區,土地,篤農段18-1地號,3.73,,特定農業區,水利用地,1150803,土地1建物0車位0,,,其他,,,,0.0,0,0,0,無,無,4472,1199,,0.0,0,協議價購；,SPVOMLPLQHLGFDD76DA,0.0,0.0,0.0,無,009
柳營區,土地,篤農段17地號,10.34,,特定農業區,水利用地,1150803,土地1建物0車位0,,,其他,,,,0.0,0,0,0,無,無,9614,930,,0.0,0,協議價購；,RPXOMLPLQHLGFDD86DA,0.0,0.0,0.0,無,008
柳營區,土地,篤農段18-1地號,14.91,,特定農業區,水利用地,1150803,土地1建物0車位0,,,其他,,,,0.0,0,0,0,無,無,17890,1200,,0.0,0,協議價購；,SPXOMLPLQHLGFDD96DA,0.0,0.0,0.0,無,009
麻豆區,土地,安東段400地號,330.58,,鄉村區,乙種建築用地,1150805,土地1建物0車位0,,,其他,,,,0.0,0,0,0,無,無,3200000,9680,,0.0,0,,RPQNMLRJQHLGFFD88DA,0.0,0.0,0.0,無,
大內區,房地(土地+建物),臺南市大內區曲溪里二重溪７９號,401.5,,鄉村區,乙種建築用地,1150817,土地2建物1車位0,全,一層,透天厝,住家用,磚木造,0680226,107.05,4,1,1,有,無,3000000,28024,,0.0,0,其他增建；,RPPNMLLJRHLGFFD28DA,107.05,0.0,0.0,無,
學甲區,土地,宅子港段9-33地號,134.0,,鄉村區,乙種建築用地,1150814,土地1建物0車位0,,,其他,,,,0.0,0,0,0,無,無,1700000,12687,,0.0,0,,RPRNMLSLQHLGFGD76DA,0.0,0.0,0.0,無,
新市區,土地,日潭段45地號,1233.75,,一般農業區,農牧用地,1150804,土地1建物0車位0,,,其他,,,,0.0,0,0,0,無,無,1700000,1378,,0.0,0,農作物；,RPVNMLLMQHLGFHD66DA,0.0,0.0,0.0,無,045
永康區,房地(土地+建物),臺南市永康區復國一路４７５巷２８號五樓之２６,5.06,都市：其他:住宅區,,,1150817,土地1建物1車位0,五層,五層,華廈(10層含以下有電梯),住家用,鋼筋混凝土構造,1070402,13.61,1,1,1,有,有,1500000,110213,,0.0,0,,RPROMLQLQHLGFKD07DA,8.06,0.0,1.36,有,046
永康區,房地(土地+建物),臺南市永康區復國一路４７５巷２８號五樓之２５,5.06,都市：其他:住宅區,,,1150817,土地1建物1車位0,五層,五層,華廈(10層含以下有電梯),住家用,鋼筋混凝土構造,1070402,13.61,1,1,1,有,有,1500000,110213,,0.0,0,,RPSOMLQLQHLGFKD17DA,8.06,0.0,1.36,有,047
永康區,房地(土地+建物),臺南市永康區勝利里中華一路２０３巷１２號八樓之１,5.44,都市：其他:商業區,,,1150814,土地1建物1車位0,八層,十一層,住宅大樓(11層含以上有電梯),住家用,鋼筋混凝土造,0871026,60.730000000000004,3,2,2,有,有,3880000,63889,,0.0,0,夾層；,RPPNMLSLQHLGFKD96DA,37.26,2.47,2.04,有,
新營區,房地(土地+建物),臺南市新營區民榮里裕民路３４巷２２號,74.9,都市：其他:住宅區,,,1150825,土地1建物1車位0,全,三層,透天厝,住商用,鋼筋混凝土造,0681124,146.25,4,2,3,有,無,1774630,12134,,0.0,0,親友、員工、共有人或其他特殊關係間之交易；,RPPNMLMJRHLGFDD28EA,146.25,0.0,0.0,無,
北區,土地,北安段1376地號,29.91,都市：其他:道路用地(兼供河川使用),,,1150806,土地2建物0車位0,,,其他,,,,0.0,0,0,0,無,無,2387075,79809,,0.0,0,協議價購；,RPXOMLRLQHLGFAD76DA,0.0,0.0,0.0,無,001
北區,土地,北安段1376地號,16.75,都市：其他:道路用地(兼供河川使用),,,1150806,土地2建物0車位0,,,其他,,,,0.0,0,0,0,無,無,1336762,79807,,0.0,0,協議價購；,RPOPMLRLQHLGFAD58DA,0.0,0.0,0.0,無,001
北區,土地,北安段1376地號,16.75,都市：其他:道路用地(兼供河川使用),,,1150806,土地2建物0車位0,,,其他,,,,0.0,0,0,0,無,無,1336762,79807,,0.0,0,協議價購；,RPPPMLRLQHLGFAD68DA,0.0,0.0,0.0,無,001
北區,土地,北安段1376地號,16.75,都市：其他:道路用地(兼供河川使用),,,1150806,土地2建物0車位0,,,其他,,,,0.0,0,0,0,無,無,1336762,79807,,0.0,0,協議價購；,RPQPMLRLQHLGFAD78DA,0.0,0.0,0.0,無,001
北區,土地,北安段1376地號,16.75,都市：其他:道路用地(兼供河川使用),,,1150806,土地2建物0車位0,,,其他,,,,0.0,0,0,0,無,無,1336762,79807,,0.0,0,協議價購；,RPRPMLRLQHLGFAD88DA,0.0,0.0,0.0,無,001
北區,土地,北安段1376地號,16.75,都市：其他:道路用地(兼供河川使用),,,1150806,土地2建物0車位0,,,其他,,,,0.0,0,0,0,無,無,1336762,79807,,0.0,0,協議價購；,RPSPMLRLQHLGFAD98DA,0.0,0.0,0.0,無,001
北區,土地,北安段1376地號,27.92,都市：其他:道路用地(兼供河川使用),,,1150806,土地2建物0車位0,,,其他,,,,0.0,0,0,0,無,無,2227936,79797,,0.0,0,協議價購；,RPUPMLRLQHLGFAD56DA,0.0,0.0,0.0,無,001
北區,土地,北安段1376地號,27.92,都市：其他:道路用地(兼供河川使用),,,1150806,土地2建物0車位0,,,其他,,,,0.0,0,0,0,無,無,2227936,79797,,0.0,0,協議價購；,RPVPMLRLQHLGFAD66DA,0.0,0.0,0.0,無,001
北區,土地,北安段1376地號,27.92,都市：其他:道路用地(兼供河川使用),,,1150806,土地2建物0車位0,,,其他,,,,0.0,0,0,0,無,無,2227936,79797,,0.0,0,協議價購；,RPWPMLRLQHLGFAD76DA,0.0,0.0,0.0,無,001
北區,土地,北安段1376地號,11.97,都市：其他:道路用地(兼供河川使用),,,1150806,土地2建物0車位0,,,其他,,,,0.0,0,0,0,無,無,954830,79769,,0.0,0,協議價購；,RPTQMLRLQHLGFAD56DA,0.0,0.0,0.0,無,001
安南區,房地(土地+建物),臺南市安南區安和路一段２８８巷８５號三樓之１,33.31,都市：其他:住宅區,,,1150815,土地2建物1車位0,三層,五層,華廈(10層含以下有電梯),住家用,鋼筋混凝土造,1140611,78.97999999999999,2,2,2,有,無,6500000,82299,,0.0,0,,RPWNMLLMQHLGFBD78DA,53.39,0.0,3.59,有,
南區,房地(土地+建物),臺南市南區建南路１２９號,92.0,都市：其他:住宅區,,,1150815,土地1建物1車位0,全,三層,透天厝,住商用,鋼筋混凝土造,0690212,162.88,5,1,3,有,無,17000000,104371,,0.0,0,含土地增值稅或其他稅費378909元；親友、員工、共有人或其他特殊關係間之交易；,RPPNMLRLQHLGFCD68DA,162.88,0.0,0.0,無,
東區,房地(土地+建物)+車位,臺南市東區林森路一段３７０號,321.29,都市：其他:副都心商業區,,,1150814,土地1建物1車位6,一層，二層,二十六層,住宅大樓(11層含以上有電梯),其他,鋼筋混凝土造,1041029,2401.88,0,0,0,無,有,460000000,198965,坡道平面,153.24,12600000,,RPQNMLSLQHLGFCD88DA,1709.66,0.0,70.94,有,
柳營區,土地,重溪段6-1地號,4.52,,一般農業區,水利用地,1150814,土地1建物0車位0,,,其他,,,,0.0,0,0,0,無,無,3977,880,,0.0,0,協議價購；,RPTNMLMJRHLGFDD58DA,0.0,0.0,0.0,無,
白河區,土地,白水溪段356-2地號,11328.0,,森林區,林業用地,1150813,土地1建物0車位0,,,其他,,,,0.0,0,0,0,無,無,800000,71,,0.0,0,,RPRNMLLMQHLGFED58DA,0.0,0.0,0.0,無,
將軍區,土地,將軍段2450地號,1871.0,,特定農業區,農牧用地,1150811,土地1建物0車位0,,,其他,,,,0.0,0,0,0,無,無,1300000,695,,0.0,0,,RPVNMLQLQHLGFGD96DA,0.0,0.0,0.0,無,058
佳里區,房地(土地+建物),臺南市佳里區營頂１０３之１１３號,75.0,,特定農業區,甲種建築用地,1150803,土地1建物1車位0,全,四層,透天厝,住家用,鋼筋混凝土造,1140902,171.3,5,2,6,有,無,13200000,77058,,0.0,0,,RPPNMLTLQHLGFGD66DA,147.37,0.0,23.93,無,
學甲區,房地(土地+建物),臺南市學甲區明宜里１５鄰重信路１號六樓之五,7.52,都市：其他:商業區,,,1150802,土地1建物1車位0,六層,十二層,住宅大樓(11層含以上有電梯),住家用,鋼筋混凝土造,0840622,70.23,2,2,1,有,有,2500000,35597,,0.0,0,,RPSNMLLJRHLGFGD68DA,53.1,0.0,0.0,有,059
佳里區,土地,蚶寮段103地號,1106.0,,特定農業區,農牧用地,1150819,土地1建物0車位0,,,其他,,,,0.0,0,0,0,無,無,2500000,2260,,0.0,0,,RPTNMLMJRHLGFGD88DA,0.0,0.0,0.0,無,
善化區,房地(土地+建物),臺南市善化區什乃１７之１８號六樓之６,30.05,,鄉村區,乙種建築用地,1150810,土地1建物1車位0,六層,七層,華廈(10層含以下有電梯),住家用,鋼筋混凝土造,1140926,110.50999999999999,3,2,2,有,有,7900000,71487,,0.0,0,總價含1個法定空地停車位，車位價格:120萬元。,RPRNMLTKQHLGFHD86DA,66.03,0.0,3.41,有,
善化區,房地(土地+建物)+車位,臺南市善化區茄拔３１之５號二樓之５,36.34,,鄉村區,乙種建築用地,1150802,土地5建物1車位1,二層,八層,華廈(10層含以下有電梯),住家用,鋼筋混凝土造,1140822,137.74,3,2,2,有,有,10600000,79203,一樓平面,20.33,1300000,,RPUNMLRJRHLGFHD96DA,68.26,0.0,13.48,有,
歸仁區,房地(土地+建物)+車位,臺南市歸仁區高鐵大道３７號二樓之１,24.18,都市：其他:商業區,,,1150812,土地1建物1車位1,二層,十九層,住宅大樓(11層含以上有電梯),住家用,鋼筋混凝土造,1141023,143.6,3,2,2,有,有,18800000,142180,坡道平面,25.44,2000000,,RPWNMLTKQHLGFID47DA,69.0,0.0,7.88,有,
仁德區,土地,正義段544地號,25.37,都市：其他:道路用地,,,1150808,土地1建物0車位0,,,其他,,,,0.0,0,0,0,無,無,732050,28855,,0.0,0,包含公共設施保留地用地；,RPTNMLQLQHLGFID96DA,0.0,0.0,0.0,無,
仁德區,土地,正義段544-2地號,30.87,都市：其他:道路用地,,,1150808,土地1建物0車位0,,,其他,,,,0.0,0,0,0,無,無,890752,28855,,0.0,0,包含公共設施保留地用地；,RPUNMLQLQHLGFID07DA,0.0,0.0,0.0,無,
仁德區,土地,正義段544-3地號,31.51,都市：其他:道路用地,,,1150808,土地1建物0車位0,,,其他,,,,0.0,0,0,0,無,無,909219,28855,,0.0,0,包含公共設施保留地用地；,RPVNMLQLQHLGFID17DA,0.0,0.0,0.0,無,
仁德區,土地,正義段544-4地號,32.43,都市：其他:道路用地,,,1150808,土地1建物0車位0,,,其他,,,,0.0,0,0,0,無,無,935766,28855,,0.0,0,包含公共設施保留地用地；,RPWNMLQLQHLGFID27DA,0.0,0.0,0.0,無,
仁德區,土地,正義段544-6地號,30.82,都市：其他:道路用地,,,1150808,土地1建物0車位0,,,其他,,,,0.0,0,0,0,無,無,889309,28855,,0.0,0,包含公共設施保留地用地；,RPXNMLQLQHLGFID37DA,0.0,0.0,0.0,無,
仁德區,土地,正義段544-7地號,30.51,都市：其他:道路用地,,,1150808,土地1建物0車位0,,,其他,,,,0.0,0,0,0,無,無,880364,28855,,0.0,0,包含公共設施保留地用地；,RPOOMLQLQHLGFID56DA,0.0,0.0,0.0,無,
仁德區,土地,正義段544-8地號,30.17,都市：其他:道路用地,,,1150808,土地1建物0車位0,,,其他,,,,0.0,0,0,0,無,無,870554,28855,,0.0,0,包含公共設施保留地用地；,RPPOMLQLQHLGFID66DA,0.0,0.0,0.0,無,
仁德區,土地,正義段544-9地號,29.85,都市：其他:道路用地,,,1150808,土地1建物0車位0,,,其他,,,,0.0,0,0,0,無,無,861320,28855,,0.0,0,包含公共設施保留地用地；,RPQOMLQLQHLGFID76DA,0.0,0.0,0.0,無,
仁德區,土地,正義段544-10地號,29.53,都市：其他:道路用地,,,1150808,土地1建物0車位0,,,其他,,,,0.0,0,0,0,無,無,852087,28855,,0.0,0,包含公共設施保留地用地；,RPROMLQLQHLGFID86DA,0.0,0.0,0.0,無,
仁德區,土地,正義段544-12地號,28.88,都市：其他:道路用地,,,1150808,土地1建物0車位0,,,其他,,,,0.0,0,0,0,無,無,833331,28855,,0.0,0,包含公共設施保留地用地；,RPSOMLQLQHLGFID96DA,0.0,0.0,0.0,無,
永康區,房地(土地+建物),臺南市永康區龍埔街４９５巷６號,80.97,都市：其他:住宅區,,,1150808,土地3建物1車位0,全,四層,透天厝,住家用,鋼筋混凝土造,1130222,201.21,4,2,4,有,無,22500000,111823,,0.0,0,,RPOOMLLLQHLGFKD88DA,201.21,0.0,0.0,無,
永康區,房地(土地+建物),臺南市永康區尚頂里南台街１７０號二樓之６,4.32,都市：其他:住宅區,,,1150818,土地4建物1車位0,二層,七層,華廈(10層含以下有電梯),住家用,鋼筋混凝土造,0850130,27.59,1,0,1,有,有,2000000,72490,,0.0,0,包含公共設施保留地用地；,RPWNMLSLQHLGFKD67DA,15.96,0.0,2.13,有,060
下營區,土地,下營段2751地號,817.0,都市：其他:農業區,,,1150817,土地1建物0車位0,,,其他,,,,0.0,0,0,0,無,無,2200000,2693,,0.0,0,,RPPNMLMJRHLGFFD48EA,0.0,0.0,0.0,無,061
安平區,房地(土地+建物),臺南市安平區健康三街３５號,99.54,都市：其他:第六種住宅區,,,1150811,土地1建物1車位0,全,五層,透天厝,住商用,ＲＣ造,0950707,290.69,4,3,5,有,無,25150000,86518,,0.0,0,,RPPPMLOKQHLGFAD28DA,252.64,0.0,38.05,無,062
安平區,房地(土地+建物)+車位,臺南市安平區育平六街９９號四樓,57.5,都市：其他:第三種商業區(附),,,1150818,土地1建物1車位1,四層,七層,華廈(10層含以下有電梯),住家用,鋼筋混凝土構造,1080926,301.35,4,1,3,有,有,25000000,82960,一樓平面,7.56,0,,RPRNMLLMQHLGFAD18DA,146.02,0.0,15.26,有,063
安平區,房地(土地+建物)+車位,臺南市安平區永華八街２２號十三樓,40.51,都市：其他:第三種商業區,,,1150805,土地1建物1車位2,十三層,二十一層,住宅大樓(11層含以上有電梯),住家用,鋼筋混凝土構造,1070615,281.42,3,2,3,有,有,29000000,103049,坡道平面,59.29,0,,RPTNMLLMQHLGFAD38DA,141.23,0.0,13.13,有,064
中西區,土地,保西段709地號,0.81,都市：其他:主要計畫道路用地,,,1150827,土地1建物0車位0,,,其他,,,,0.0,0,0,0,無,無,42852,0,,0.0,0,包含公共設施保留地用地；,RPTNMLNJRHLGFAD38DA,0.0,0.0,0.0,無,065
中西區,土地,保西段709地號,3.8,都市：其他:主要計畫道路用地,,,1150827,土地1建物0車位0,,,其他,,,,0.0,0,0,0,無,無,200000,52632,,0.0,0,包含公共設施保留地用地；,RPVNMLNJRHLGFAD58DA,0.0,0.0,0.0,無,065
安南區,房地(土地+建物),臺南市安南區安和路二段１１１巷２之２號,147.0,都市：其他:住宅區,,,1150826,土地1建物1車位0,全,二層,透天厝,住家用,加強磚造,0780513,180.32,4,3,2,有,無,8000000,44366,,0.0,0,親友、員工、共有人或其他特殊關係間之交易；未登記建物；未登記建物；,RPQNMLRLQHLGFBD68DA,174.79,0.0,5.53,無,
安南區,土地,佃北段1093地號,25.52,都市：其他:住宅區,,,1150814,土地1建物0車位0,,,其他,,,,0.0,0,0,0,無,無,539800,21152,,0.0,0,親友、員工、共有人或其他特殊關係間之交易；,RPUNMLLMQHLGFBD58DA,0.0,0.0,0.0,無,
安南區,土地,佃北段1093-1地號,13.6,都市：其他:細部計畫道路用地,,,1150814,土地1建物0車位0,,,其他,,,,0.0,0,0,0,無,無,225200,16559,,0.0,0,親友、員工、共有人或其他特殊關係間之交易；,SPUNMLLMQHLGFBD68DA,0.0,0.0,0.0,無,067
安南區,土地,南興段484-1地號,4.93,都市：其他:主要計畫道路用地,,,1150825,土地4建物0車位0,,,其他,,,,0.0,0,0,0,無,無,80787,16387,,0.0,0,協議價購；,RPOOMLLMQHLGFBD08DA,0.0,0.0,0.0,無,068
南區,土地,鹽埕段233-3地號,58.83,都市：其他:細部計畫道路用地,,,1150810,土地2建物0車位0,,,其他,,,,0.0,0,0,0,無,無,6423450,109187,,0.0,0,協議價購；,RPOOMLNKQHLGFCD18DA,0.0,0.0,0.0,無,069
南區,土地,鹽埕段233-3地號,58.83,都市：其他:細部計畫道路用地,,,1150810,土地2建物0車位0,,,其他,,,,0.0,0,0,0,無,無,6423450,109187,,0.0,0,協議價購；,RPPOMLNKQHLGFCD28DA,0.0,0.0,0.0,無,069
南區,土地,鹽埕段233-3地號,58.83,都市：其他:細部計畫道路用地,,,1150810,土地2建物0車位0,,,其他,,,,0.0,0,0,0,無,無,6423450,109187,,0.0,0,協議價購；,RPQOMLNKQHLGFCD38DA,0.0,0.0,0.0,無,069
南區,土地,鹽埕段233-3地號,58.83,都市：其他:細部計畫道路用地,,,1150810,土地2建物0車位0,,,其他,,,,0.0,0,0,0,無,無,6423450,109187,,0.0,0,協議價購；,RPROMLNKQHLGFCD48DA,0.0,0.0,0.0,無,069
南區,土地,鹽埕段233-3地號,58.83,都市：其他:細部計畫道路用地,,,1150810,土地2建物0車位0,,,其他,,,,0.0,0,0,0,無,無,6423450,109187,,0.0,0,協議價購；,RPSOMLNKQHLGFCD58DA,0.0,0.0,0.0,無,069
東區,房地(土地+建物)+車位,臺南市東區榮譽街１０６號四樓,17.42,都市：其他:住宅區,,,1150814,土地1建物1車位1,四層,七層,華廈(10層含以下有電梯),住家用,鋼筋混凝土造,0840330,95.26,2,1,1,有,有,7000000,73483,坡道機械,0.0,0,親友、員工、共有人或其他特殊關係間之交易；,RPVNMLTKQHLGFCD76DA,57.6,0.0,8.8,有,
南區,房地(土地+建物),臺南市南區中華南路二段３００巷１０號,75.17,都市：其他:住宅區,,,1150819,土地1建物1車位0,全,四層,透天厝,住商用,鋼筋混凝土造,0751230,185.33,6,3,4,有,無,2500000,13489,,0.0,0,親友、員工、共有人或其他特殊關係間之交易；其他增建；,RPROMLTKQHLGFCD09DA,165.89,0.0,19.44,無,
東區,房地(土地+建物),臺南市東區林森路二段２００號之８,20.29,都市：其他:住宅區,,,1150814,土地23建物1車位0,九層,十二層,住宅大樓(11層含以上有電梯),住家用,鋼筋混凝土造,0730118,93.65,3,2,1,有,有,7200000,76890,,0.0,0,,RPQOMLKLQHLGFCD18DA,73.33,0.0,7.67,有,074
東區,房地(土地+建物),臺南市東區裕誠街２２０號,88.06,都市：其他:住宅區,,,1150802,土地3建物1車位0,全,四層,透天厝,住家用,鋼筋混凝土造,1130807,224.34,4,2,5,有,有,32330000,144112,,0.0,0,,RPSNMLSLQHLGFCD09DA,201.06,0.0,23.28,有,
東區,房地(土地+建物),臺南市東區崇德六街４７號二樓之２,7.26,都市：其他:住宅區,,,1150821,土地1建物1車位0,二層,七層,華廈(10層含以下有電梯),住家用,鋼筋混凝土造,0801226,39.66,1,1,1,有,無,3200000,80686,,0.0,0,陽台外推；,RPVNMLMJRHLGFCD68DA,23.16,1.64,3.78,有,
東區,房地(土地+建物)+車位,臺南市東區崇善路２５巷５９號,182.02,都市：其他:副都心商業區,,,1150810,土地2建物1車位1,一層，二層，三層,二十六層,住宅大樓(11層含以上有電梯),住家用,鋼筋混凝土造,1041029,426.46999999999997,5,2,4,有,有,63500000,148897,坡道平面,25.54,0,,RPROMLMJRHLGFCD38DA,345.04,0.0,9.98,有,075
新營區,房地(土地+建物),臺南市新營區府西路２３０巷７號,81.68,都市：其他:住宅區,,,1150804,土地1建物1車位0,全,二層,透天厝,住商用,加強磚造,0711203,104.67,4,2,2,有,無,5320000,50826,,0.0,0,增建或占用範圍:壹樓空地增建頂樓含傢俱設備費；,RPPRMLRKQHLGFDD09DA,104.67,0.0,0.0,無,
柳營區,土地,果毅後段2975地號,1222.0,,特定農業區,農牧用地,1150801,土地1建物0車位0,,,其他,,,,0.0,0,0,0,無,無,1360000,1113,,0.0,0,,RPQNMLMLQHLGFDD38DA,0.0,0.0,0.0,無,
鹽水區,房地(土地+建物),臺南市鹽水區歡雅８２之２３號,79.8,,鄉村區,乙種建築用地,1150820,土地2建物1車位0,全,三層,透天厝,住家用,鋼筋混凝土造,0840913,144.12,5,2,3,有,無,2000000,13877,,0.0,0,四樓增建鐵皮屋.一樓車庫其他增建；受民情風俗因素影響；,RPPNMLLJRHLGFDD08DA,138.94,0.0,5.18,無,
鹽水區,土地,田寮段602地號,170.0,,特定農業區,農牧用地,1150826,土地1建物0車位0,,,其他,,,,0.0,0,0,0,無,無,224400,1320,,0.0,0,協議價購；,RPRNMLLJRHLGFDD28DA,0.0,0.0,0.0,無,
鹽水區,土地,飯店段1525地號,4143.33,,一般農業區,農牧用地,1150826,土地6建物0車位0,,,其他,,,,0.0,0,0,0,無,無,4764834,1150,,0.0,0,協議價購；,RPSNMLLJRHLGFDD38DA,0.0,0.0,0.0,無,076
鹽水區,土地,飯店段1525地號,4143.33,,一般農業區,農牧用地,1150826,土地6建物0車位0,,,其他,,,,0.0,0,0,0,無,無,4764833,1150,,0.0,0,協議價購；,RPTNMLLJRHLGFDD48DA,0.0,0.0,0.0,無,076
鹽水區,土地,飯店段1525地號,4143.33,,一般農業區,農牧用地,1150826,土地6建物0車位0,,,其他,,,,0.0,0,0,0,無,無,4764833,1150,,0.0,0,協議價購；,RPUNMLLJRHLGFDD58DA,0.0,0.0,0.0,無,076
新營區,土地,南新段938地號,39.5,都市：其他:商業區,,,1150825,土地1建物0車位0,,,其他,,,,0.0,0,0,0,無,無,3000000,75949,,0.0,0,姊弟間之買賣未登記建物；,RPRNMLNJRHLGFDD48DA,0.0,0.0,0.0,無,
麻豆區,土地,客子寮段207地號,31.87,,一般農業區,養殖用地,1150826,土地4建物0車位0,,,其他,,,,0.0,0,0,0,無,無,1253400,39329,,0.0,0,親友、員工、共有人或其他特殊關係間之交易；,RPRNMLRLQHLGFFD56DA,0.0,0.0,0.0,無,
麻豆區,土地,龍泉段692地號,65.69,都市：其他:住宅區,,,1150817,土地1建物0車位0,,,其他,,,,0.0,0,0,0,無,無,2676868,40750,,0.0,0,政府機關標讓售；,RPTNMLSLQHLGFFD86DA,0.0,0.0,0.0,無,
善化區,土地,善西段225地號,129.57,都市：其他:道路用地,,,1150807,土地1建物0車位0,,,其他,,,,0.0,0,0,0,無,無,2000000,15436,,0.0,0,包含公共設施保留地用地；,RPSNMLLMQHLGFHD98DA,0.0,0.0,0.0,無,079
新市區,土地,信義段759地號,12.51,都市：其他:住宅區,,,1150825,土地1建物0車位0,,,其他,,,,0.0,0,0,0,無,無,1030000,82334,,0.0,0,,RPTNMLLJRHLGFHD88DA,0.0,0.0,0.0,無,080
新化區,房地(土地+建物),臺南市新化區和平街２８之２號,49.63,都市：其他:住宅區,,,1150818,土地1建物1車位0,三層,四層,公寓(5樓含以下無電梯),住家用,鋼筋混凝土造,0750605,95.46000000000001,3,2,2,有,無,3980000,41693,,0.0,0,前後陽台增建其他增建；,RPVNMLMJRHLGFHD56DA,84.26,0.0,0.0,無,
善化區,房地(土地+建物)+車位,臺南市善化區茄拔３１之３號四樓之５,33.4,,鄉村區,乙種建築用地,1150807,土地5建物1車位1,四層,八層,華廈(10層含以下有電梯),住家用,鋼筋混凝土造,1140822,129.19,3,2,2,有,有,10110000,82306,一樓平面,22.16,1300000,,RPVNMLRJRHLGFHD07DA,68.25,0.0,6.41,有,081
歸仁區,土地,歸仁北段974-2地號,107.0,都市：其他:商業區,,,1150819,土地1建物0車位0,,,其他,,,,0.0,0,0,0,無,無,7500000,70093,,0.0,0,親友、員工、共有人或其他特殊關係間之交易；,RPXNMLLLQHLGFID86DA,0.0,0.0,0.0,無,
永康區,房地(土地+建物)+車位,臺南市永康區大安街４６８巷１２號十樓之１,23.33,都市：其他:住宅區,,,1150803,土地1建物1車位1,十層,十層,華廈(10層含以下有電梯),住家用,鋼筋混凝土構造,1080131,105.78,2,2,1,有,有,8500000,80355,坡道平面,24.84,0,,RPWNMLMKQHLGFKD96DA,47.71,0.0,6.01,有,082
南區,房地(土地+建物),臺南市南區西門路一段３３３巷２４號,56.38,都市：其他:住宅區,,,1150811,土地2建物1車位0,全,二層,透天厝,住家用,加強磚造,0630610,100.17,2,1,3,有,無,10500000,104822,,0.0,0,未登記建物為地下室未登記建物；,RPPNMLLJRHLGFCD08EA,100.17,0.0,0.0,無,
後壁區,土地,道場段1289地號,4544.33,,一般農業區,農牧用地,1150819,土地1建物0車位0,,,其他,,,,0.0,0,0,0,無,無,3090000,680,,0.0,0,,RPPNMLNJRHLGFED48EA,0.0,0.0,0.0,無,
學甲區,土地,溪洲子寮段90-23地號,1936.0,,特定農業區,農牧用地,1150810,土地1建物0車位0,,,其他,,,,0.0,0,0,0,無,無,3500000,1808,,0.0,0,,RPPNMLNJRHLGFGD68EA,0.0,0.0,0.0,無,083
中西區,房地(土地+建物),臺南市中西區永福路一段２７號三樓之２,26.37,都市：其他:住宅區,,,1150801,土地1建物1車位0,三層,五層,公寓(5樓含以下無電梯),住家用,鋼筋混凝土造,0770405,110.82,3,2,2,有,無,6500000,58654,,0.0,0,,RPPOMLSKQHLGFAD58DA,88.94,0.0,13.64,無,
安南區,土地,海中段358地號,166.44,都市：其他:細部計畫道路用地,,,1150820,土地4建物0車位0,,,其他,,,,0.0,0,0,0,無,無,4228000,25403,,0.0,0,,RPUNMLNJRHLGFBD58DA,0.0,0.0,0.0,無,
安南區,房地(土地+建物)+車位,臺南市安南區安富二街８６號三樓之３,24.61,都市：其他:低密度住宅區,,,1150812,土地1建物1車位1,三層,十四層,住宅大樓(11層含以上有電梯),住家用,鋼筋混凝土造,1140402,145.12,3,2,2,有,有,13300000,91648,坡道平面,26.43,0,,RPQOMLNJRHLGFBD28DA,69.84,0.0,8.11,有,084
東區,房地(土地+建物),臺南市東區勝利路５０號四樓,4.41,都市：其他:住宅區,,,1150818,土地3建物1車位0,四層,八層,華廈(10層含以下有電梯),住家用,鋼筋混凝土造,0830208,31.61,1,0,1,有,有,2400000,75925,,0.0,0,包含公共設施保留地用地；,RPVNMLRLQHLGFCD66DA,18.82,0.0,3.44,有,
東區,房地(土地+建物),臺南市東區大同路二段６０３號十五樓之２,6.22,都市：其他:鄰里商業區,,,1150813,土地2建物1車位0,十五層,二十四層,住宅大樓(11層含以上有電梯),住家用,鋼筋混凝土造,0840107,91.88,3,2,2,有,有,7450000,81084,,0.0,0,,RPQNMLLJRHLGFCD08DA,69.26,0.0,4.34,有,085
柳營區,土地,新厝段4地號,446.88,,特定農業區,農牧用地,1150824,土地1建物0車位0,,,其他,,,,0.0,0,0,0,無,無,400000,895,,0.0,0,親友、員工、共有人或其他特殊關係間之交易；,RPRNMLPLQHLGFDD78DA,0.0,0.0,0.0,無,
新營區,土地,許丑段151地號,439.0,,特定農業區,農牧用地,1150824,土地1建物0車位0,,,其他,,,,0.0,0,0,0,無,無,500000,1139,,0.0,0,,RPQNMLMJRHLGFDD28DA,0.0,0.0,0.0,無,
將軍區,土地,將軍段1498地號,2172.0,,特定農業區,農牧用地,1150826,土地1建物0車位0,,,其他,,,,0.0,0,0,0,無,無,1737600,800,,0.0,0,畸零地或有合併使用效益；,RPQNMLMJRHLGFGD58DA,0.0,0.0,0.0,無,
西港區,房地(土地+建物),臺南市西港區慶安路１８６巷１７號,119.8,都市：其他:住宅區,,,1150804,土地1建物1車位0,全,三層,透天厝,其他,鋼筋混凝土造,0781127,189.85,5,2,2,有,無,7300000,38451,,0.0,0,,RPWNMLMJRHLGFGD56DA,184.77,0.0,5.08,無,
將軍區,土地,巷口段一小段115地號,1286.0,,一般農業區,農牧用地,1150827,土地1建物0車位0,,,其他,,,,0.0,0,0,0,無,無,1864700,1450,,0.0,0,,RPXNMLMJRHLGFGD66DA,0.0,0.0,0.0,無,086
關廟區,土地,仁愛段1048地號,87.0,都市：其他:住宅區,,,1150826,土地1建物0車位0,,,其他,,,,0.0,0,0,0,無,無,6575000,75575,,0.0,0,,RPRNMLKMQHLGFID88DA,0.0,0.0,0.0,無,
歸仁區,土地,八甲段4087地號,1365.0,,一般農業區,農牧用地,1150810,土地1建物0車位0,,,其他,,,,0.0,0,0,0,無,無,12000000,8791,,0.0,0,親友、員工、共有人或其他特殊關係間之交易；,RPRNMLMJRHLGFID88DA,0.0,0.0,0.0,無,
玉井區,土地,九層林段916-1地號,175.0,,山坡地保育區,農牧用地,1150814,土地1建物0車位0,,,其他,,,,0.0,0,0,0,無,無,103250,590,,0.0,0,政府機關標讓售；,RPPNMLNJRHLGFJD88DA,0.0,0.0,0.0,無,
永康區,房地(土地+建物)+車位,臺南市永康區鹽行里永安一街９０號五樓之１,21.82,都市：其他:住宅區,,,1150805,土地1建物1車位1,五層,十層,華廈(10層含以下有電梯),住家用,鋼筋混凝土造,0890816,145.59,3,2,2,有,有,9500000,65252,坡道平面,0.0,0,,RPROMLLLQHLGFKD56DA,79.92,0.0,10.22,有,
永康區,土地,東灣段407-1地號,3.97,都市：其他:道路用地,,,1150818,土地1建物0車位0,,,其他,,,,0.0,0,0,0,無,無,60000,15113,,0.0,0,包含公共設施保留地用地；,RPQNMLPLQHLGFKD76DA,0.0,0.0,0.0,無,
永康區,房地(土地+建物)+車位,臺南市永康區中華路９３６號三樓之３,10.54,都市：其他:住宅區,,,1150801,土地2建物1車位1,三層,二十一層,住宅大樓(11層含以上有電梯),住家用,鋼筋混凝土構造,1100204,125.78,2,2,1,有,有,12000000,95405,坡道平面,22.05,0,,RPPNMLLJRHLGFKD78DA,59.91,0.0,9.75,有,087
北區,房地(土地+建物),臺南市北區西門路四段７巷８５號,101.25,都市：其他:住宅區,,,1150804,土地1建物1車位0,全,二層,透天厝,住家用,加強磚造,0650108,126.51,5,4,5,有,無,13300000,105130,,0.0,0,頂樓加蓋；其他增建；,RPROMLRLQHLGFAD78DA,126.51,0.0,0.0,無,088
北區,房地(土地+建物),臺南市北區西門路四段２８０巷３７號,54.96,都市：其他:住宅區,,,1150808,土地2建物2車位0,一層,五層,公寓(5樓含以下無電梯),住家用,鋼筋混凝土造,0710603,189.03,4,2,5,有,無,8500000,44966,,0.0,0,一樓金額新台幣肆佰伍拾萬元整二樓金額新台幣肆佰萬元整其他增建；,RPRPMLNJRHLGFAD38DA,150.63,0.0,6.75,無,089
北區,建物,臺南市北區公園路５９７巷１號三樓之３,0.0,,,,1150806,土地0建物1車位0,三層,五層,公寓(5樓含以下無電梯),住家用,鋼筋混凝土造,0710120,109.39,3,2,1,有,無,2500000,22854,,0.0,0,土地為仁愛之家土地；建物坐落地號：正興段496-8地號；,RPUNMLRJRHLGFAD88DA,71.71,0.0,8.27,無,
安南區,房地(土地+建物),臺南市安南區安寧街６５巷４８號,81.45,都市：其他:住宅區,,,1150808,土地1建物1車位0,全,二層,透天厝,住家用,加強磚造,0800703,83.67,3,2,2,有,無,2800000,33465,,0.0,0,,RPVNMLKKQHLGFBD38DA,80.41,0.0,3.26,無,
安南區,房地(土地+建物),臺南市安南區佃西路５２號二樓之３,31.76,都市：其他:住宅區,,,1150807,土地1建物1車位0,二層,五層,華廈(10層含以下有電梯),住家用,鋼筋混凝土造,1080924,82.25,2,2,1,有,有,5200000,63222,,0.0,0,,RPPNMLKLQHLGFBD87DA,54.61,0.0,4.92,有,090
安南區,房地(土地+建物)+車位,臺南市安南區智安三街１２６號二樓之１,33.94,都市：其他:住宅區,,,1150804,土地1建物1車位1,二層,五層,華廈(10層含以下有電梯),住家用,鋼筋混凝土造,1150508,112.29,3,2,2,有,有,11130000,94234,一樓平面,12.22,1700000,,RPRNMLRLQHLGFBD78DA,71.78,0.0,5.65,有,
安南區,房地(土地+建物),臺南市安南區郡安路五段１８４巷９４弄２５號,81.25,都市：其他:住宅區,,,1150822,土地1建物1車位0,全,二層,透天厝,住家用,加強磚造,0720211,106.41,6,2,2,有,無,6000000,56386,,0.0,0,親友、員工、共有人或其他特殊關係間之交易；頂樓加蓋；,RPQNMLLMQHLGFBD18DA,100.95,0.0,5.46,無,
安南區,土地,鹽田段528-3地號,3736.2,都市：其他:遊樂區,,,1150817,土地2建物0車位0,,,其他,,,,0.0,0,0,0,無,無,11500000,3078,,0.0,0,親友、員工、共有人或其他特殊關係間之交易；,RPOOMLNJRHLGFBD08DA,0.0,0.0,0.0,無,091
安南區,房地(土地+建物),臺南市安南區安中路六段３５１巷２０號,105.3,都市：其他:住宅區,,,1150811,土地1建物1車位0,全,二層,透天厝,住家用,加強磚造,0691231,102.08,4,2,2,有,無,4000000,39185,,0.0,0,親友、員工、共有人或其他特殊關係間之交易；,RPSOMLNJRHLGFBD48DA,102.08,0.0,0.0,無,
南區,房地(土地+建物),臺南市南區健康路二段４６７號,397.82,都市：其他:中密度住宅區,,,1150806,土地3建物1車位0,全,四層,透天厝,住家用,鋼筋混凝土構造,1100804,902.67,4,5,11,有,無,82000000,90842,,0.0,0,,RPXNMLQLQHLGFCD76DA,841.97,0.0,60.7,有,
柳營區,土地,果毅後段3601-7地號,144.5,,鄉村區,乙種建築用地,1150819,土地2建物0車位0,,,其他,,,,0.0,0,0,0,無,無,1000000,6920,,0.0,0,,RPSNMLNJRHLGFDD58DA,0.0,0.0,0.0,無,
麻豆區,土地,井東段270地號,338.73,,鄉村區,乙種建築用地,1150820,土地3建物0車位0,,,其他,,,,0.0,0,0,0,無,無,8880000,26216,,0.0,0,本件包含一筆井東段270地號為鄉村區交通用地未登記建物；,RPQNMLLJRHLGFFD38DA,0.0,0.0,0.0,無,
將軍區,土地,苓子寮段一小段127地號,2200.0,,特定農業區,農牧用地,1150811,土地1建物0車位0,,,其他,,,,0.0,0,0,0,無,無,1500000,682,,0.0,0,規費.代書費均由買方負擔親友、員工、共有人或其他特殊關係間之交易；,RPPNMLOJRHLGFGD68DA,0.0,0.0,0.0,無,
新市區,土地,大營段3440-1地號,56.0,,鄉村區,交通用地,1150814,土地2建物0車位0,,,其他,,,,0.0,0,0,0,無,無,4094720,73120,,0.0,0,政府機關標讓售；,RPPNMLOJRHLGFHD78DA,0.0,0.0,0.0,無,
新化區,土地,礁坑子段173-4地號,1280.0,,山坡地保育區,農牧用地,1150823,土地2建物0車位0,,,其他,,,,0.0,0,0,0,無,無,2000000,1563,,0.0,0,未登記建物一併移轉不另計價。本案土地位處山坡地，部分有坍塌情形。未登記建物；農作物；瑕疵物件；,RPQNMLRJRHLGFHD56DA,0.0,0.0,0.0,無,
仁德區,房地(土地+建物)+車位,臺南市仁德區崇聖路一段１０號七樓之１,22.63,都市：其他:住宅區,,,1150814,土地1建物1車位1,七層,十四層,住宅大樓(11層含以上有電梯),住家用,鋼筋混凝土造,1131015,156.09,3,2,2,有,有,13580000,97561,坡道平面,32.27,1500000,,RPTOMLOKQHLGFID76DA,80.7,0.0,4.97,有,092
歸仁區,房地(土地+建物)+車位,臺南市歸仁區高發二路３１２號七樓之６,15.49,都市：其他:商業區,,,1150818,土地1建物1車位1,七層,十五層,住宅大樓(11層含以上有電梯),住家用,鋼筋混凝土造,1120808,88.64,2,2,1,有,有,8560000,96570,坡道機械,11.65,0,,RPVNMLPLQHLGFID07DA,46.35,0.0,3.47,有,093
南化區,房地(土地+建物),臺南市南化區南化３１之１９號,90.0,,山坡地保育區,丙種建築用地,1150823,土地1建物1車位0,全,二層,透天厝,其他,加強磚造,065,115.2,5,2,3,有,無,1400000,12153,,0.0,0,頂樓加蓋；其他增建；,RPPNMLLJRHLGFJD68DA,115.2,0.0,0.0,無,
永康區,房地(土地+建物),臺南市永康區鹽行里中正路８７２巷２號四樓,16.55,都市：其他:住宅區,,,1150802,土地1建物1車位0,四層,八層,華廈(10層含以下有電梯),住家用,鋼筋混凝土造,0820526,83.01,3,1,2,有,有,4350000,52403,,0.0,0,,RPTOMLPJQHLGFKD96DA,60.21,0.0,5.58,有,
永康區,土地,東灣段406-1地號,0.53,都市：其他:道路用地,,,1150818,土地2建物0車位0,,,其他,,,,0.0,0,0,0,無,無,9120,0,,0.0,0,包含公共設施保留地用地；,RPPNMLPLQHLGFKD66DA,0.0,0.0,0.0,無,
永康區,房地(土地+建物)+車位,臺南市永康區鹽行里永安路１０５巷４６弄２４號四樓之１,21.6,都市：其他:住宅區,,,1150809,土地1建物1車位1,四層,七層,華廈(10層含以下有電梯),住家用,鋼筋混凝土造,0830423,113.63999999999999,3,1,2,有,有,5700000,50158,坡道平面,0.0,0,其他增建；,RPSOMLSLQHLGFKD37DA,61.87,0.0,13.45,有,
安平區,房地(土地+建物)+車位,臺南市安平區府平路３９２號十樓之３,7.57,都市：其他:第六種住宅區,,,1150824,土地1建物1車位1,十層,十五層,住宅大樓(11層含以上有電梯),住家用,鋼筋混凝土構造,1100930,64.5,2,1,1,有,有,3620000,56124,坡道平面,18.18,0,親友、員工、共有人或其他特殊關係間之交易；,RPSPMLMJRHLGFAD38DA,28.48,0.0,2.33,有,094
北區,土地,北安段1482地號,21.49,都市：其他:道路用地(兼供河川使用),,,1150827,土地2建物0車位0,,,其他,,,,0.0,0,0,0,無,無,1714623,79787,,0.0,0,協議價購；,RPSNMLOJRHLGFAD38DA,0.0,0.0,0.0,無,095
北區,土地,北安段1482地號,21.49,都市：其他:道路用地(兼供河川使用),,,1150827,土地2建物0車位0,,,其他,,,,0.0,0,0,0,無,無,1714623,79787,,0.0,0,協議價購；,RPTNMLOJRHLGFAD48DA,0.0,0.0,0.0,無,095
北區,土地,北安段1500地號,3.0,都市：其他:道路用地(兼供河川使用),,,1150827,土地2建物0車位0,,,其他,,,,0.0,0,0,0,無,無,239710,79903,,0.0,0,協議價購；,RPWNMLOJRHLGFAD78DA,0.0,0.0,0.0,無,097
安南區,土地,怡中段900-3地號,30.33,都市：其他:細部計畫道路用地,,,1150808,土地1建物0車位0,,,其他,,,,0.0,0,0,0,無,無,1045000,34454,,0.0,0,包含公共設施保留地用地；,RPWNMLSKQHLGFBD66DA,0.0,0.0,0.0,無,
安南區,房地(土地+建物),臺南市安南區安中路六段２０６號,79.3,都市：其他:工業區,,,1150821,土地2建物1車位0,全,三層,透天厝,住商用,加強磚造,0640828,89.03,3,1,1,有,無,2400000,26957,,0.0,0,親友、員工、共有人或其他特殊關係間之交易；未登記建物；,RPPNMLNJRHLGFBD08DA,89.03,0.0,0.0,無,098
安南區,房地(土地+建物),臺南市安南區惠安街３９巷５號,76.4,都市：其他:住宅區,,,1150824,土地1建物1車位0,全,二層,透天厝,住家用,加強磚造,0670124,91.23,4,2,2,有,無,2500000,27403,,0.0,0,親友、員工、共有人或其他特殊關係間之交易；其他增建；,RPPNMLPJRHLGFBD28DA,84.27,0.0,6.96,無,
南區,房地(土地+建物),臺南市南區文南路９５號,122.5,都市：其他:住宅區,,,1150804,土地1建物1車位0,全,四層,透天厝,住商用,鋼筋混凝土構造,1080715,268.25,3,4,4,有,無,35500000,132339,,0.0,0,,RPWNMLSKQHLGFCD76DA,247.1,0.0,21.15,有,099
南區,房地(土地+建物),臺南市南區新建路４９巷８之２號,34.56,都市：其他:中密度住宅區,,,1150831,土地2建物1車位0,三層,五層,公寓(5樓含以下無電梯),住家用,鋼筋混凝土造,0720803,93.38,3,2,2,有,無,3050000,32662,,0.0,0,,RPUNMLLMQHLGFCD68DA,76.65,0.0,10.49,無,
白河區,土地,草店段678-1地號,50.0,,特定農業區,農牧用地,1150807,土地1建物0車位0,,,其他,,,,0.0,0,0,0,無,無,432500,8650,,0.0,0,政府機關標讓售；,RPPNMLSJRHLGFED88DA,0.0,0.0,0.0,無,
七股區,土地,榔段1069地號,1200.0,,一般農業區,農牧用地,1150818,土地1建物0車位0,,,其他,,,,0.0,0,0,0,無,無,2500000,2083,,0.0,0,,RPPNMLSLQHLGFGD56DA,0.0,0.0,0.0,無,
安定區,土地,安定段2477地號,2210.0,都市：其他:農業區,,,1150803,土地1建物0車位0,,,其他,,,,0.0,0,0,0,無,無,69390000,31398,,0.0,0,,RPQNMLKKQHLGFHD48DA,0.0,0.0,0.0,無,
新市區,房地(土地+建物),臺南市新市區大社４１１之２號四樓之２,32.51,,鄉村區,乙種建築用地,1150803,土地2建物1車位0,四層,七層,華廈(10層含以下有電梯),住家用,鋼筋混凝土造,1141205,112.97,3,2,2,有,有,9620000,85155,,0.0,0,車位壹個，面積：13.89平方公尺，位置：一樓平面車位。陽台外推；,RPRNMLPLQHLGFHD56DA,72.33,0.0,8.55,有,
新化區,房地(土地+建物),臺南市新化區北勢６０號,275.0,,鄉村區,乙種建築用地,1150830,土地1建物1車位0,全,三層,透天厝,住家用,鋼筋混凝土造,0850124,449.76,6,2,6,有,無,6000000,13340,,0.0,0,親友、員工、共有人或其他特殊關係間之交易；,RPQNMLLMQHLGFHD78DA,435.98,0.0,13.78,無,
善化區,土地,善中段269地號,25.09,都市：其他:道路用地,,,1150817,土地1建物0車位0,,,其他,,,,0.0,0,0,0,無,無,1501218,59833,,0.0,0,本案買賣移轉之印花稅、登記規費、代辦代書費等相關費用由買方負擔。包含公共設施保留地用地；,RPTNMLRJRHLGFHD86DA,0.0,0.0,0.0,無,100
永康區,房地(土地+建物),臺南市永康區中華路６６１巷１８之３號,4.29,都市：其他:住宅區,,,1150822,土地5建物1車位0,一層,七層,華廈(10層含以下有電梯),住商用,鋼筋混凝土造,0830222,20.33,1,1,1,有,有,1260000,61977,,0.0,0,陽台外推；其他增建；,RPQOMLLMQHLGFKD56DA,12.39,2.69,0.0,有,
永康區,房地(土地+建物)+車位,臺南市永康區中山南路１６６之３０號,14.79,都市：其他:住宅區,,,1150807,土地1建物1車位3,十七層,十九層,住宅大樓(11層含以上有電梯),住家用,鋼筋混凝土造,0810723,173.93,3,2,2,有,有,7150000,41108,坡道機械,0.0,0,其他增建；,RPRNMLOJRHLGFKD66DA,87.67,0.0,13.75,有,
新營區,土地,茄苳段1062-2地號,133.0,都市：其他:住宅區,,,1150820,土地1建物0車位0,,,其他,,,,0.0,0,0,0,無,無,3620700,27223,,0.0,0,,RPPNMLNJRHLGFDD38EA,0.0,0.0,0.0,無,
下營區,土地,下營段2751地號,817.0,都市：其他:農業區,,,1150817,土地1建物0車位0,,,其他,,,,0.0,0,0,0,無,無,2200000,2693,,0.0,0,,RPPNMLTJRHLGFFD56EA,0.0,0.0,0.0,無,061
中西區,房地(土地+建物),臺南市中西區民權路三段１９４之１號,3.99,都市：其他:商業區,,,1150802,土地1建物1車位0,一層,七層,華廈(10層含以下有電梯),商業用,鋼筋混凝土造,0810611,31.31,1,0,1,有,無,1450000,46311,,0.0,0,,RPQNMLQLQHLGFAD48DA,19.15,0.0,0.0,有,
北區,土地,北安段1482地號,21.49,都市：其他:道路用地(兼供河川使用),,,1150827,土地2建物0車位0,,,其他,,,,0.0,0,0,0,無,無,1714623,79787,,0.0,0,協議價購；,RPUNMLOJRHLGFAD58DA,0.0,0.0,0.0,無,
北區,土地,北安段1482地號,21.49,都市：其他:道路用地(兼供河川使用),,,1150827,土地2建物0車位0,,,其他,,,,0.0,0,0,0,無,無,1714623,79787,,0.0,0,協議價購；,RPVNMLOJRHLGFAD68DA,0.0,0.0,0.0,無,
北區,房地(土地+建物),臺南市北區成功路６００巷２１號之４,7.8,都市：其他:住宅區,,,1150830,土地3建物1車位0,一層,五層,公寓(5樓含以下無電梯),住家用,鋼筋混凝土造,0790707,27.599999999999998,1,0,1,有,無,1620000,58696,,0.0,0,其他增建；,RPOOMLRJRHLGFAD38DA,19.31,0.0,0.0,無,
安南區,房地(土地+建物),臺南市安南區州南二街１７６號三樓之３,31.59,都市：其他:住宅區,,,1150802,土地1建物1車位0,三層,五層,華廈(10層含以下有電梯),住家用,鋼筋混凝土造,1150420,89.72,3,2,2,有,無,9230000,102876,,0.0,0,,RPVNMLPLQHLGFBD98DA,60.25,0.0,5.79,有,
安南區,房地(土地+建物),臺南市安南區館前二路８３巷４１號,101.19,都市：其他:住宅區,,,1150801,土地4建物1車位0,全,四層,透天厝,住家用,鋼筋混凝土造,1011205,179.43,4,2,4,有,有,18350000,102268,,0.0,0,,RPWNMLRLQHLGFBD66DA,157.84,0.0,21.48,無,
安南區,土地,學南段235地號,444.51,都市：其他:工業區,,,1150804,土地1建物0車位0,,,其他,,,,0.0,0,0,0,無,無,5640000,12688,,0.0,0,,RPUNMLLJRHLGFBD38DA,0.0,0.0,0.0,無,
東區,房地(土地+建物)+車位,臺南市東區崇德十一街５５號六樓,21.31,都市：其他:住宅區,,,1150821,土地1建物1車位1,六層,六層,華廈(10層含以下有電梯),住家用,鋼筋混凝土造,0810125,122.78,5,2,3,有,有,7250000,59049,升降機械,0.0,0,其他增建；,RPUNMLSLQHLGFCD66DA,79.5,0.0,8.97,有,
東區,土地,竹篙厝段2369地號,72.0,都市：其他:甲種工業區,,,1150828,土地1建物0車位0,,,其他,,,,0.0,0,0,0,無,無,2840000,39444,,0.0,0,親友、員工、共有人或其他特殊關係間之交易；,RPXNMLSLQHLGFCD96DA,0.0,0.0,0.0,無,
東區,房地(土地+建物),臺南市東區長榮路二段３２巷６６號,73.0,都市：其他:住宅區,,,1150814,土地1建物1車位0,全,二層,透天厝,住家用,加強磚造,0621210,94.81,4,2,5,有,無,7000000,73832,,0.0,0,其他增建；,RPUNMLRJRHLGFCD09DA,94.81,0.0,0.0,無,
東區,房地(土地+建物),臺南市東區崇明路９７２號,89.0,都市：其他:住宅區,,,1150829,土地1建物1車位0,全,五層,透天厝,住商用,鋼筋混凝土造,0960626,244.24,5,3,6,有,無,25500000,104406,,0.0,0,其他增建；,RPQNMLSJRHLGFCD78DA,219.37,0.0,24.87,無,
東山區,土地,下南勢段92地號,432.0,,山坡地保育區,農牧用地,1150827,土地1建物0車位0,,,其他,,,,0.0,0,0,0,無,無,168480,390,,0.0,0,,RPQNMLRJRHLGFED88DA,0.0,0.0,0.0,無,
將軍區,土地,巷口段一小段113地號,1470.0,,特定農業區,農牧用地,1150827,土地1建物0車位0,,,其他,,,,0.0,0,0,0,無,無,2131500,1450,,0.0,0,,RPOOMLMJRHLGFGD48DA,0.0,0.0,0.0,無,
仁德區,房地(土地+建物)+車位,臺南市仁德區崇聖路一段６號十四樓之５,21.92,都市：其他:住宅區,,,1150817,土地1建物1車位1,十四層,十四層,住宅大樓(11層含以上有電梯),住家用,鋼筋混凝土造,1131015,152.65,3,2,2,有,有,12310000,91876,坡道平面,32.27,1250000,,RPUNMLRJRHLGFID07DA,77.84,0.0,5.27,有,
新營區,房地(土地+建物),臺南市新營區五間厝１１０之１２號,227.11,,鄉村區,乙種建築用地,1150813,土地1建物1車位0,全,三層,透天厝,住家用,鋼筋混凝土造,0871105,250.18,4,2,2,有,無,3050000,12191,,0.0,0,親友、員工、共有人或其他特殊關係間之交易；,RPPNMLTJRHLGFDD98EA,234.92,0.0,15.26,無,
鹽水區,土地,下中段下中小段1392地號,2365.0,,特定農業區,農牧用地,1150811,土地1建物0車位0,,,其他,,,,0.0,0,0,0,無,無,2800000,1184,,0.0,0,,RPQNMLKKRHLGFDD28EA,0.0,0.0,0.0,無,
將軍區,土地,忠昌段286地號,87.03,都市：其他:道路用地,,,1150821,土地10建物0車位0,,,其他,,,,0.0,0,0,0,無,無,700000,8043,,0.0,0,持分交易親友、員工、共有人或其他特殊關係間之交易；,RPPNMLOJRHLGFGD78EA,0.0,0.0,0.0,無,
將軍區,土地,忠昌段286地號,87.03,都市：其他:道路用地,,,1150827,土地10建物0車位0,,,其他,,,,0.0,0,0,0,無,無,620000,7124,,0.0,0,持分交易親友、員工、共有人或其他特殊關係間之交易；,RPQNMLOJRHLGFGD88EA,0.0,0.0,0.0,無,
安平區,房地(土地+建物),臺南市安平區永華八街１７０號,81.0,都市：其他:第六種住宅區,,,1150715,土地1建物1車位0,全,二層,透天厝,住商用,鋼筋混凝土造,0760806,118.72,6,2,4,有,無,11600000,97709,,0.0,0,陽台外推；頂樓加蓋；其他增建；,RPRNMLPKPHLGFAD28DA,112.31,0.0,6.41,無,
安平區,房地(土地+建物)+車位,臺南市安平區郡平路３６號二十一樓之１,39.67,都市：其他:第三種商業區,,,1150726,土地1建物1車位2,二十一層,二十三層,住宅大樓(11層含以上有電梯),住家用,鋼筋混凝土造,1140930,331.11,4,2,3,有,有,35000000,105705,坡道平面,45.06,0,,RPPNMLRLQHLGFAD48DA,176.3,0.0,18.85,有,102
東區,房地(土地+建物)+車位,臺南市東區東寧路６２號,24.54,都市：其他:住宅區,,,1150717,土地1建物1車位1,一層，二層,十五層,住宅大樓(11層含以上有電梯),住家用,鋼筋混凝土造,0860131,174.96,4,2,3,有,有,12800000,73160,坡道平面,0.0,0,其他增建；,RPWNMLQLQHLGFCD66DA,107.12,0.0,6.13,有,
南區,房地(土地+建物),臺南市南區省躬二街５２之７號,98.6,都市：其他:住宅區,,,1150728,土地1建物1車位0,全,三層,透天厝,住家用,鋼筋混凝土造,1141113,189.45,5,2,5,有,無,18700000,98707,,0.0,0,,RPRNMLSLQHLGFCD98DA,184.83,0.0,4.62,無,
柳營區,房地(土地+建物),臺南市柳營區太康里７鄰太康５８之１號,100.09,,鄉村區,乙種建築用地,1150729,土地1建物1車位0,全,二層,透天厝,住家用,加強磚造,0650701,118.92,0,0,0,無,無,3027722,25460,,0.0,0,,RPORMLRKQHLGFDD98DA,118.92,0.0,0.0,無,
後壁區,土地,福安段8地號,13664.28,,一般農業區,農牧用地,1150707,土地2建物0車位0,,,其他,,,,0.0,0,0,0,無,無,1500000,110,,0.0,0,本案農地位於內側，出入條件及通行非常差低窪地，故成交價格低於土地公告現值，確為買賣雙方實際成交價格。親友、員工、共有人或其他特殊關係間之交易；,RPPNMLRKQHLGFED78DA,0.0,0.0,0.0,無,
麻豆區,土地,北勢寮段2664地號,1850.0,,一般農業區,農牧用地,1150730,土地1建物0車位0,,,其他,,,,0.0,0,0,0,無,無,1907000,1031,,0.0,0,,RPRNMLNKQHLGFFD68DA,0.0,0.0,0.0,無,
下營區,土地,茅港尾段3019地號,2909.0,,特定農業區,農牧用地,1150714,土地1建物0車位0,,,其他,,,,0.0,0,0,0,無,無,12260000,4215,,0.0,0,,RPPNMLSLQHLGFFD09DA,0.0,0.0,0.0,無,
學甲區,房地(土地+建物)+車位,臺南市學甲區裕農街６６號六樓之２,40.51,都市：其他:住宅區,,,1150713,土地3建物1車位1,六層,七層,華廈(10層含以下有電梯),住家用,鋼筋混凝土造,1110726,99.19,2,2,2,有,有,5000000,50408,一樓平面,0.0,600000,,RPQNMLLLQHLGFGD58DA,65.2,0.0,5.97,有,103
西港區,房地(土地+建物)+車位,臺南市西港區後營３７之６號二樓之２,42.59,,鄉村區,乙種建築用地,1150712,土地1建物1車位1,二層,五層,華廈(10層含以下有電梯),住家用,鋼筋混凝土造,1140312,140.35,3,2,2,有,有,7500000,51125,一樓平面,13.21,1000000,親友、員工、共有人或其他特殊關係間之交易；,RPSNMLQLQHLGFGD66DA,86.57,0.0,7.77,有,
山上區,土地,明南段466-1地號,17.6,都市：其他:住宅區,,,1150720,土地1建物0車位0,,,其他,,,,0.0,0,0,0,無,無,704000,40000,,0.0,0,,RPRNMLLLPHLGFHD68DA,0.0,0.0,0.0,無,
新市區,土地,永安段551地號,86.03,都市：其他:商業區,,,1150730,土地1建物0車位0,,,其他,,,,0.0,0,0,0,無,無,8000000,92991,,0.0,0,親友、員工、共有人或其他特殊關係間之交易；,RPQNMLQLQHLGFHD56DA,0.0,0.0,0.0,無,
歸仁區,房地(土地+建物)+車位,臺南市歸仁區高發一路１０號十二樓之２,33.63,都市：其他:住宅區,,,1150703,土地1建物1車位1,十二層,十五層,住宅大樓(11層含以上有電梯),住家用,鋼筋混凝土造,1140901,159.38,3,2,2,有,有,13950000,95928,坡道平面,27.51,1300000,,RPUNMLRLPHLGFID07DA,77.49,0.0,8.27,有,
仁德區,土地,林仔段110地號,2916.16,都市：其他:農業區,,,1150725,土地1建物0車位0,,,其他,,,,0.0,0,0,0,無,無,17640000,6049,,0.0,0,農作物；,RPVNMLNKQHLGFID76DA,0.0,0.0,0.0,無,
歸仁區,房地(土地+建物),臺南市歸仁區大順一街１號三樓,12.26,都市：其他:住宅區,,,1150726,土地1建物1車位0,三層,十四層,住宅大樓(11層含以上有電梯),住家用,鋼筋混凝土造,0870421,85.74,3,2,2,有,有,5400000,62981,,0.0,0,,RPQNMLLLQHLGFID78DA,55.14,0.0,11.85,有,
歸仁區,房地(土地+建物)+車位,臺南市歸仁區智慧三街５號五樓之３,22.61,都市：其他:住宅區,,,1150716,土地1建物1車位1,五層,十三層,住宅大樓(11層含以上有電梯),住家用,鋼筋混凝土造,1140918,111.46000000000001,2,2,2,有,有,10660000,104441,坡道平面,25.67,1700000,,RPOOMLRLQHLGFID66DA,52.83,0.0,4.21,有,
永康區,房地(土地+建物),臺南市永康區大橋里大橋一街２５０巷３之１號,22.62,都市：其他:住宅區,,,1150709,土地1建物1車位0,二層,五層,公寓(5樓含以下無電梯),住家用,鋼筋混凝土造,0701202,82.98,3,2,1,有,無,3600000,43384,,0.0,0,其他增建；,RPPNMLLKQHLGFKD78DA,60.91,0.0,10.1,無,104
永康區,建物,臺南市永康區尚頂路１７５號,0.0,,,,1150731,土地0建物1車位0,全,三層,透天厝,辦公用,鋼筋混凝土造,0810519,91.31,1,1,1,有,無,559300,6125,,0.0,0,建物坐落地號：頂東段31地號；,RPPSMLQKQHLGFKD17DA,82.8,8.51,0.0,無,
永康區,房地(土地+建物)+車位,臺南市永康區埔園里埔東街１２之３０號,19.12,都市：其他:住宅區,,,1150730,土地1建物1車位1,五層,八層,華廈(10層含以下有電梯),住家用,鋼筋混凝土造,0831006,103.3,3,2,2,有,有,7200000,69700,坡道平面,0.0,0,,RPWNMLQLQHLGFKD47DA,62.95,0.0,6.52,有,105
永康區,房地(土地+建物)+車位,臺南市永康區永安一街５６巷５號三樓之５,18.2,都市：其他:住宅區,,,1150721,土地1建物1車位1,三層,十二層,住宅大樓(11層含以上有電梯),住家用,鋼筋混凝土構造,1070109,117.12,2,2,1,有,有,9850000,84102,坡道平面,38.07,0,其他增建；,RPQOMLQLQHLGFKD96DA,51.07,0.0,5.13,有,106
永康區,房地(土地+建物)+車位,臺南市永康區東橋十街７３號十四樓之９,21.32,都市：其他:住宅區,,,1150719,土地1建物1車位1,十四層,十八層,住宅大樓(11層含以上有電梯),住家用,鋼筋混凝土造,1140605,139.71,3,2,2,有,有,10700000,76587,坡道平面,22.99,0,,RPPNMLRLQHLGFKD86DA,65.17,3.93,6.96,有,
下營區,土地,下營段1597地號,214.29,,特定農業區,農牧用地,1150717,土地1建物0車位0,,,其他,,,,0.0,0,0,0,無,無,260000,1213,,0.0,0,水利地承購；,RPQNMLSLQHLGFFD66EA,0.0,0.0,0.0,無,
中西區,房地(土地+建物)+車位,臺南市中西區五妃街６號六樓之２,41.41,都市：其他:住宅區,,,1150702,土地1建物1車位1,六層,十四層,住宅大樓(11層含以上有電梯),住家用,鋼筋混凝土構造,1080123,230.32999999999998,3,2,2,有,有,33000000,155269,坡道平面,28.1,1600000,,RPTPMLMJPHLGFAD28DA,119.62,1.92,13.35,有,107
中西區,房地(土地+建物)+車位,臺南市中西區民生路二段３９８之１號十樓,33.39,都市：其他:住宅區,,,1150704,土地1建物1車位1,十層,十三層,住宅大樓(11層含以上有電梯),住家用,鋼筋混凝土造,0880716,222.01,4,2,2,有,有,16580000,74681,坡道平面,26.65,0,,RPRPMLQJQHLGFAD58DA,130.48,0.0,19.36,有,
安平區,房地(土地+建物)+車位,臺南市安平區育平九街３７２巷１２０號九樓之２,44.7,都市：其他:第五種住宅區,,,1150701,土地1建物1車位1,九層,十四層,住宅大樓(11層含以上有電梯),住家用,鋼筋混凝土造,1140507,234.49,3,2,2,有,有,28350000,126675,坡道平面,29.24,2350000,土地售價1385萬元；建物售價1450萬元,RPQNMLSLQHLGFAD68DA,121.61,0.0,12.91,有,
安南區,房地(土地+建物)+車位,臺南市安南區永續三街８０號八樓之５,18.95,都市：其他:住宅區,,,1150713,土地1建物1車位1,八層,十五層,住宅大樓(11層含以上有電梯),住家用,鋼筋混凝土造,1140826,149.2,2,2,2,有,有,14080000,94370,坡道平面,32.02,0,,RPQNMLSLPHLGFBD68DA,69.39,0.0,7.99,有,
安南區,土地,顯宮段129地號,1265.55,都市：其他:農業區,,,1150705,土地1建物0車位0,,,其他,,,,0.0,0,0,0,無,無,18000000,14223,,0.0,0,,RPPNMLLMPHLGFBD97DA,0.0,0.0,0.0,無,
安南區,房地(土地+建物),臺南市安南區府安路七段２８巷１３之１號,89.04,都市：其他:住宅區,,,1150710,土地1建物1車位0,全,三層,透天厝,住家用,鋼筋混凝土造,1140812,168.06,3,2,3,有,無,20900000,124360,,0.0,0,親友、員工、共有人或其他特殊關係間之交易；,RPSNMLQLQHLGFBD78DA,156.72,0.0,11.34,無,
安南區,房地(土地+建物),臺南市安南區海環街３２巷１８號,93.07,都市：其他:細部計畫道路用地,,,1150727,土地2建物1車位0,全,二層,透天厝,住家用,加強磚造,0680104,88.0,6,2,3,有,無,7000000,79545,,0.0,0,頂樓加蓋；其他增建；,RPPNMLSLQHLGFBD68DA,88.0,0.0,0.0,無,
安南區,土地,長溪段335-3地號,2976.86,都市：其他:農業區,,,1150701,土地2建物0車位0,,,其他,,,,0.0,0,0,0,無,無,20000000,6718,,0.0,0,親友、員工、共有人或其他特殊關係間之交易；,RPSNMLSLQHLGFBD98DA,0.0,0.0,0.0,無,108
南區,房地(土地+建物),臺南市南區金華路一段４８４巷２１７弄１號,115.5,都市：其他:住宅區,,,1150709,土地2建物1車位0,全,三層,透天厝,住家用,鋼筋混凝土造,0920403,192.4,4,2,3,有,無,17000000,88358,,0.0,0,陽台外推；其他增建；,RPTOMLNKQHLGFCD68DA,178.92,5.36,8.12,無,
東區,房地(土地+建物)+車位,臺南市東區仁東街２５號二樓之７,19.34,都市：其他:住宅區,,,1150713,土地1建物1車位1,二層,十四層,住宅大樓(11層含以上有電梯),住家用,鋼筋混凝土造,0871218,130.27,4,2,2,有,有,9100000,69855,坡道機械,9.83,0,其他增建；,RPXNMLRKQHLGFCD76DA,87.29,0.0,10.33,有,109
南區,房地(土地+建物),臺南市南區新建路１６巷４之４號,37.9,都市：其他:中密度住宅區,,,1150706,土地1建物1車位0,五層,五層,公寓(5樓含以下無電梯),住家用,鋼筋混凝土造,0720422,93.25,3,2,2,有,無,3380000,36247,,0.0,0,,RPUNMLQLQHLGFCD09DA,76.54,0.0,10.48,無,110
東區,房地(土地+建物),臺南市東區裕信路３號,152.06,都市：其他:住宅區,,,1150703,土地1建物1車位0,全,五層,透天厝,住家用,鋼筋混凝土造,1010102,363.8,6,2,6,有,無,42800000,117647,,0.0,0,陽台外推；其他增建；,RPTNMLLMQHLGFCD58DA,321.5,0.0,42.3,有,
新營區,房地(土地+建物),臺南市新營區太子宮３０３之５號,103.04,都市：其他:農業區,,,1150712,土地3建物1車位0,全,三層,透天厝,住家用,鋼筋混凝土造,1080610,163.77,4,2,4,有,無,10200000,62282,,0.0,0,,RPSNMLLLQHLGFDD48DA,143.47,0.0,20.3,無,111
新營區,房地(土地+建物)+車位,臺南市新營區新進路二段５００號五樓,15.03,都市：其他:住宅區,,,1150701,土地1建物1車位1,五層,十四層,住宅大樓(11層含以上有電梯),住家用,鋼筋混凝土造,0831227,125.97999999999999,3,2,2,有,有,5400000,42864,坡道機械,0.0,0,停車位編號43號,RPSNMLRLQHLGFDD09DA,79.52,0.0,12.19,有,
新營區,房地(土地+建物),臺南市新營區同濟街２２６號二樓之二,24.07,都市：其他:住宅區,,,1150714,土地1建物1車位0,二層,五層,華廈(10層含以下有電梯),住家用,鋼筋混凝土造,1140613,69.23,2,1,1,有,無,6460000,93312,,0.0,0,,RPSNMLSLQHLGFDD56DA,47.79,0.0,3.38,有,112
新營區,土地,長榮段553地號,1767.77,都市：其他:農業區,,,1150710,土地1建物0車位0,,,其他,,,,0.0,0,0,0,無,無,12830000,7258,,0.0,0,未登記建物；,RPUNMLSLQHLGFDD76DA,0.0,0.0,0.0,無,
白河區,土地,關帝段176地號,908.0,,特定農業區,農牧用地,1150727,土地1建物0車位0,,,其他,,,,0.0,0,0,0,無,無,1044200,1150,,0.0,0,政府機關標讓售；,RPPNMLLJRHLGFED18DA,0.0,0.0,0.0,無,
七股區,土地,竹子港段1198地號,3100.0,,一般農業區,農牧用地,1150703,土地1建物0車位0,,,其他,,,,0.0,0,0,0,無,無,6480000,2090,,0.0,0,農作物；,RPWNMLQLQHLGFGD07DA,0.0,0.0,0.0,無,
安定區,房地(土地+建物),臺南市安定區蘇厝３３３之２８號,142.4,,鄉村區,乙種建築用地,1150722,土地2建物1車位0,全,四層,透天厝,住家用,鋼筋混凝土造,0960227,218.36,4,2,3,有,無,10500000,48086,,0.0,0,,RPPNMLTKQHLGFHD66DA,206.21,0.0,12.15,無,
安定區,房地(土地+建物),臺南市安定區港口２９３之７號,96.0,,鄉村區,乙種建築用地,1150710,土地1建物1車位0,全,二層,透天厝,住商用,加強磚造,0691100,121.51,4,1,4,有,無,8000000,65838,,0.0,0,,RPVNMLPLQHLGFHD96DA,121.51,0.0,0.0,無,113
善化區,房地(土地+建物),臺南市善化區溪尾１５７號,112.25,,鄉村區,乙種建築用地,1150721,土地2建物1車位0,全,二層,透天厝,住家用,加強磚造,0690400,95.22,4,2,3,有,無,9200000,96618,,0.0,0,頂樓加蓋；其他增建；,RPPNMLRLQHLGFHD56DA,95.22,0.0,0.0,無,114
關廟區,土地,東勢段310-2地號,120.0,都市：其他:住宅區,,,1150720,土地1建物0車位0,,,其他,,,,0.0,0,0,0,無,無,4100000,34167,,0.0,0,未登記建物；,RPTOMLQLQHLGFID07DA,0.0,0.0,0.0,無,
玉井區,房地(土地+建物),臺南市玉井區民族路４７號,72.38,都市：其他:商業區,,,1150724,土地1建物1車位0,全,二層,透天厝,住商用,加強磚造,0721213,120.38,3,1,2,有,無,1500000,12461,,0.0,0,親友、員工、共有人或其他特殊關係間之交易；,RPQNMLLJRHLGFJD78DA,113.54,0.0,6.84,無,
永康區,房地(土地+建物),臺南市永康區中華里小東路５０９號七樓之１０,5.95,都市：其他:住宅區,,,1150727,土地1建物1車位0,七層,十三層,住宅大樓(11層含以上有電梯),住家用,鋼筋混凝土造,0851122,44.339999999999996,1,0,1,有,有,3800000,85701,,0.0,0,,RPQNMLTLPHLGFKD07DA,30.38,0.0,4.1,有,
永康區,房地(土地+建物),臺南市永康區中正路１巷１弄１０號,62.41,都市：其他:住宅區,,,1150712,土地1建物1車位0,全,二層,透天厝,住家用,加強磚造,0691101,75.74,5,2,1,有,無,6460000,85292,,0.0,0,其他增建；,RPQOMLPJQHLGFKD66DA,75.74,0.0,0.0,無,
永康區,房地(土地+建物)+車位,臺南市永康區東橋五路１７８號二樓之２,16.68,都市：其他:住宅區,,,1150718,土地1建物1車位1,二層,十五層,住宅大樓(11層含以上有電梯),住家用,鋼筋混凝土構造,1120818,116.63,2,2,1,有,有,10500000,112503,坡道平面,34.41,1250000,,RPXNMLMKQHLGFKD07DA,53.68,0.0,4.04,有,
永康區,房地(土地+建物),臺南市永康區中正路６３５巷５２號,62.81,都市：其他:住宅區,,,1150708,土地1建物1車位0,全,二層,透天厝,住商用,加強磚造,0690502,87.75,4,2,2,有,無,8000000,91168,,0.0,0,親友、員工、共有人或其他特殊關係間之交易；,RPOOMLQLQHLGFKD76DA,87.75,0.0,0.0,無,
永康區,房地(土地+建物)+車位,臺南市永康區中華路５７８巷１５之６６號,13.65,都市：其他:住宅區,,,1150727,土地1建物1車位1,十二層,十七層,住宅大樓(11層含以上有電梯),住家用,鋼筋混凝土造,0810723,133.02,3,2,2,有,有,7600000,57134,坡道機械,0.0,0,,RPQNMLRLQHLGFKD96DA,81.99,0.0,8.8,有,
永康區,房地(土地+建物)+車位,臺南市永康區勝華街９８巷６號十五樓之５,23.59,都市：其他:住宅區,,,1150714,土地1建物1車位1,十五層,十五層,住宅大樓(11層含以上有電梯),住家用,鋼筋混凝土構造,1120309,153.07,3,2,2,有,有,14300000,93421,坡道平面,33.53,0,,RPSNMLRLQHLGFKD17DA,69.21,0.0,10.41,有,115
北區,房地(土地+建物)+車位,臺南市北區開元路５０７號十四樓之１,11.49,都市：其他:廣場兼停車場用地,,,1150708,土地3建物1車位1,十四層,二十四層,住宅大樓(11層含以上有電梯),住家用,鋼筋混凝土構造,1041105,154.88,3,2,2,有,有,10400000,67149,坡道平面,27.73,0,,RPRNMLQKPHLGFAD38DA,74.26,2.66,12.25,有,116
北區,房地(土地+建物)+車位,臺南市北區海安路三段３０９號九樓之７,14.27,都市：其他:住宅區,,,1150705,土地1建物1車位1,九層,二十四層,住宅大樓(11層含以上有電梯),住家用,鋼筋混凝土造,1140313,172.37,3,2,2,有,有,17200000,99785,坡道平面,24.89,0,,RPQOMLRLQHLGFAD68DA,85.29,5.53,3.8,有,117
安南區,房地(土地+建物)+車位,臺南市安南區安富二街８８號五樓之１,22.58,都市：其他:低密度住宅區,,,1150713,土地1建物1車位2,五層,十四層,住宅大樓(11層含以上有電梯),住家用,鋼筋混凝土造,1140402,159.36,3,2,2,有,有,12000000,88406,坡道平面,50.77,2400000,,RPOOMLSLPHLGFBD58DA,63.74,0.0,7.75,有,
安南區,土地,新淵段342地號,198.3,都市：其他:住宅區,,,1150723,土地2建物0車位0,,,其他,,,,0.0,0,0,0,無,無,14096500,71087,,0.0,0,,RPSNMLMKQHLGFBD28DA,0.0,0.0,0.0,無,
安南區,房地(土地+建物)+車位,臺南市安南區安中二街２５號十一樓之５,30.62,都市：其他:住宅區,,,1150701,土地1建物1車位1,十一層,十四層,住宅大樓(11層含以上有電梯),住家用,鋼筋混凝土造,1140425,159.59,2,2,2,有,有,16100000,100884,坡道平面,22.07,0,,RPQNMLLJRHLGFBD97DA,82.38,0.0,8.88,有,118
東區,房地(土地+建物),臺南市東區自由路三段２４３號五樓之１,12.08,都市：其他:住宅區,,,1150706,土地1建物1車位0,五層,十層,華廈(10層含以下有電梯),住家用,鋼筋混凝土造,0831024,84.85,3,1,2,有,有,5050000,59517,,0.0,0,,RPWNMLLLQHLGFCD78DA,50.77,3.19,6.35,有,
南區,房地(土地+建物),臺南市南區德興路１２３巷３３號,90.0,都市：其他:住宅區,,,1150730,土地1建物1車位0,全,二層,透天厝,住家用,加強磚造,0690526,114.08,4,2,2,有,無,7000000,61360,,0.0,0,其他增建；,RPUOMLRLQHLGFCD66DA,114.08,0.0,0.0,無,
東區,房地(土地+建物)+車位,臺南市東區富強二街１９號四樓,16.35,都市：其他:鄰里商業區,,,1150717,土地1建物1車位1,四層,十層,華廈(10層含以下有電梯),住家用,鋼筋混凝土造,0951207,167.13,3,2,2,有,有,14500000,86759,坡道平面,34.06,0,,RPVNMLSLQHLGFCD76DA,84.47,0.0,10.49,有,119
東區,房地(土地+建物),臺南市東區崇德路６７２號六樓之９,16.57,都市：其他:住宅區,,,1150714,土地1建物1車位0,六層,七層,華廈(10層含以下有電梯),住家用,鋼筋混凝土造,0800920,110.22,3,2,2,有,有,6860000,62239,,0.0,0,陽台外推；,RPVNMLLMQHLGFCD78DA,70.63,0.0,21.47,有,
新營區,房地(土地+建物)+車位,臺南市新營區太子路３２之９號五樓,19.39,都市：其他:住宅區,,,1150722,土地4建物1車位1,五層,十一層,住宅大樓(11層含以上有電梯),住家用,鋼筋混凝土造,0820927,115.45,3,2,2,有,有,5380000,46600,坡道平面,0.0,0,其他增建；,RPQNMLLMQHLGFDD38DA,72.43,0.92,10.18,有,
白河區,房地(土地+建物),臺南市白河區關子嶺４５之１０１號二樓,19.09,都市：其他:第一種住宅區,,,1150714,土地4建物1車位0,二層,六層,華廈(10層含以下有電梯),住家用,鋼筋混凝土造,0841207,47.5,1,1,1,有,無,1890000,39789,,0.0,0,,RPRNMLLJRHLGFED38DA,24.3,0.0,3.76,有,
麻豆區,房地(土地+建物),臺南市麻豆區興農里新生南路１５９巷３０號,89.87,都市：其他:住宅區,,,1150720,土地3建物1車位0,全,四層,透天厝,住家用,鋼筋混凝土構造,1110531,219.0,5,2,5,有,無,16500000,75342,,0.0,0,陽台外推；頂樓加蓋；其他增建；,RPRNMLSKQHLGFFD56DA,201.17,0.0,17.83,無,120
北門區,土地,中樞段686地號,1725.0,,一般農業區,農牧用地,1150720,土地1建物0車位0,,,其他,,,,0.0,0,0,0,無,無,1620000,939,,0.0,0,,RPQNMLQLQHLGFGD09DA,0.0,0.0,0.0,無,
安定區,房地(土地+建物)+車位,臺南市安定區港口１之２１６號四樓,34.28,,特定農業區,甲種建築用地,1150718,土地2建物1車位1,四層,七層,華廈(10層含以下有電梯),住家用,鋼筋混凝土造,1130105,127.72999999999999,2,2,2,有,有,11700000,91599,坡道平面,14.12,0,陽台外推；,RPPNMLSKQHLGFHD56DA,79.99,0.0,7.72,有,121
仁德區,房地(土地+建物)+車位,臺南市仁德區文心路８０號十四樓之８,10.12,都市：其他:第二之二種商業區,,,1150708,土地1建物1車位1,十四層,二十四層,住宅大樓(11層含以上有電梯),住家用,鋼筋混凝土構造,1100315,105.28,2,2,1,有,有,8480000,79472,坡道平面,17.45,1500000,,RPVNMLSJPHLGFID07DA,49.88,3.55,4.56,有,122
仁德區,房地(土地+建物)+車位,臺南市仁德區德崙路２１巷１０弄１６號十樓之１,12.89,都市：其他:商業區,,,1150722,土地1建物1車位1,十層,十三層,住宅大樓(11層含以上有電梯),住家用,鋼筋混凝土造,0850731,104.01,2,2,2,有,有,5480000,52687,坡道機械,0.0,0,,RPQNMLOKQHLGFID98DA,68.95,0.0,7.47,有,
仁德區,房地(土地+建物)+車位,臺南市仁德區保生路１０號四樓之６,18.22,都市：其他:商業區,,,1150723,土地1建物1車位1,四層,十五層,住宅大樓(11層含以上有電梯),住家用,鋼筋混凝土造,1141117,155.49,3,2,2,有,有,13000000,83607,坡道平面,24.82,0,,RPQNMLSLQHLGFID86DA,77.1,0.0,9.59,有,123
歸仁區,土地,媽祖廟段二小段1069地號,1809.0,,特定農業區,農牧用地,1150713,土地1建物0車位0,,,其他,,,,0.0,0,0,0,無,無,15014700,8300,,0.0,0,,RPPNMLKMQHLGFID68DA,0.0,0.0,0.0,無,
永康區,房地(土地+建物),臺南市永康區大橋五街７２號四樓,18.46,都市：其他:住宅區,,,1150719,土地1建物1車位0,四層,六層,華廈(10層含以下有電梯),住家用,鋼筋混凝土造,0810622,82.08,2,2,2,有,無,6800000,82846,,0.0,0,,RPWNMLPLQHLGFKD37DA,57.93,0.0,5.25,有,124
永康區,房地(土地+建物)+車位,臺南市永康區大灣一街１１號四樓之１,34.61,都市：其他:住宅區,,,1150702,土地1建物1車位1,四層,五層,華廈(10層含以下有電梯),住家用,鋼筋混凝土構造,1100223,115.91,3,2,2,有,有,10800000,93176,一樓平面,18.76,0,,RPPOMLLMQHLGFKD09DA,67.98,0.0,3.8,有,125
鹽水區,土地,岸南段348地號,2256.0,,特定農業區,農牧用地,1150729,土地1建物0車位0,,,其他,,,,0.0,0,0,0,無,無,4512000,2000,,0.0,0,,RPQNMLMJRHLGFDD38EA,0.0,0.0,0.0,無,
中西區,房地(土地+建物),臺南市中西區金華路三段２５２號十樓之２,4.66,都市：其他:商業區,,,1150719,土地2建物1車位0,十層,二十一層,住宅大樓(11層含以上有電梯),住家用,鋼筋混凝土造,0870219,53.04,1,2,1,有,有,4000000,75415,,0.0,0,其他增建；,RPPNMLTKPHLGFAD48DA,34.14,0.58,3.57,有,
北區,房地(土地+建物)+車位,臺南市北區公園南路３７０巷１１號八樓之５,17.24,都市：其他:住宅區,,,1150717,土地1建物1車位1,八層,二十三層,住宅大樓(11層含以上有電梯),住家用,鋼筋混凝土造,0890406,198.97,3,2,2,有,有,16000000,80414,坡道平面,39.31,0,其他增建；,RPUNMLSLQHLGFAD09DA,113.13,0.0,13.24,有,126
安平區,房地(土地+建物)+車位,臺南市安平區永華路二段２８６號二十六樓,9.35,都市：其他:第三種商業區(附),,,1150701,土地1建物1車位1,二十六層,二十九層,住宅大樓(11層含以上有電梯),住家用,鋼筋混凝土構造,1070921,185.63,3,2,2,有,有,17300000,93196,坡道平面,31.6,0,,RPQNMLMJRHLGFAD97DA,95.77,0.85,9.48,有,127
安南區,房地(土地+建物),臺南市安南區功安三街１１８巷８號,66.79,都市：其他:住宅區,,,1150707,土地2建物1車位0,全,四層,透天厝,住家用,鋼筋混凝土造,1061117,167.18,4,2,4,有,有,15880000,94987,,0.0,0,其他增建；,RPSNMLKLQHLGFBD18DA,147.83,0.0,19.35,無,128
安南區,房地(土地+建物),臺南市安南區安昌街１７４巷１３２弄１９號,86.83,都市：其他:住宅區,,,1150706,土地4建物1車位0,全,三層,透天厝,住家用,鋼筋混凝土造,0821006,170.09,5,2,3,有,無,8200000,48210,,0.0,0,其他增建；,RPVNMLMJRHLGFBD58DA,161.93,0.0,8.16,無,129
南區,房地(土地+建物),臺南市南區西門路一段４７１巷６號,191.19,都市：其他:商業區,,,1150731,土地4建物1車位0,全,四層,透天厝,住家用,鋼筋混凝土造,0691230,254.11,29,0,29,有,無,28000000,110189,,0.0,0,其他增建；未登記建物；,RPOPMLNKQHLGFCD28DA,254.11,0.0,0.0,無,
東區,房地(土地+建物)+車位,臺南市東區仁東街６３號六樓之１０,23.4,都市：其他:住宅區,,,1150724,土地1建物1車位1,六層,十二層,住宅大樓(11層含以上有電梯),住家用,鋼筋混凝土造,0870919,134.25,3,2,2,有,有,10100000,75233,坡道平面,19.86,0,,RPRNMLLJRHLGFCD18DA,80.41,0.0,11.16,有,130
東區,房地(土地+建物),臺南市東區長榮路二段３２巷１６０之２號二樓之２,7.25,都市：其他:住宅區,,,1150718,土地1建物1車位0,二層,五層,華廈(10層含以下有電梯),商業用,鋼筋混凝土造,0800530,37.25,1,1,1,有,有,2100000,56376,,0.0,0,陽台外推；,RPSNMLLJRHLGFCD28DA,22.51,0.0,5.23,有,131
東區,房地(土地+建物),臺南市東區裕永路７之７號,107.13,都市：其他:住宅區,,,1150726,土地2建物1車位0,全,四層,透天厝,住家用,鋼筋混凝土構造,1120328,261.5,3,2,6,有,無,37150000,142065,,0.0,0,,RPTOMLMJRHLGFCD58DA,239.71,0.0,21.79,有,
東區,房地(土地+建物),臺南市東區裕永路７之６號,104.74,都市：其他:住宅區,,,1150716,土地2建物1車位0,全,四層,透天厝,住家用,鋼筋混凝土構造,1120328,256.83,3,2,6,有,無,37180000,144765,,0.0,0,,RPUOMLMJRHLGFCD68DA,234.72,0.0,22.11,有,
後壁區,土地,頂豐段491地號,132.01,,鄉村區,乙種建築用地,1150729,土地1建物0車位0,,,其他,,,,0.0,0,0,0,無,無,2000000,15150,,0.0,0,,RPPNMLRLQHLGFED88DA,0.0,0.0,0.0,無,
白河區,房地(土地+建物),臺南市白河區關子嶺４５之９６號一樓,19.8,都市：其他:第一種住宅區,,,1150715,土地4建物1車位0,一層,六層,華廈(10層含以下有電梯),住家用,鋼筋混凝土造,0841207,45.230000000000004,1,1,1,有,無,1920000,42450,,0.0,0,,RPSNMLLJRHLGFED48DA,25.06,0.0,0.0,有,
白河區,房地(土地+建物),臺南市白河區關子嶺４５之９７號二樓,19.09,都市：其他:第一種住宅區,,,1150717,土地4建物1車位0,二層,六層,華廈(10層含以下有電梯),住家用,鋼筋混凝土造,0841207,47.5,1,1,1,有,無,1890000,39789,,0.0,0,,RPTNMLLJRHLGFED58DA,24.3,0.0,3.76,有,
官田區,土地,番子渡頭段321-32地號,3169.0,,一般農業區,農牧用地,1150731,土地3建物0車位0,,,其他,,,,0.0,0,0,0,無,無,6247780,1972,,0.0,0,協議價購；,RPTNMLKKQHLGFFD58DA,0.0,0.0,0.0,無,
麻豆區,房地(土地+建物),臺南市麻豆區麻工二路４１６號,273.85,都市：其他:乙種工業區,,,1150722,土地3建物1車位0,全,一層,透天厝,其他,鋼骨造有牆,1140611,178.24,1,0,1,有,無,17500000,98182,,0.0,0,其他增建；,RPPNMLQLQHLGFFD88DA,178.24,0.0,0.0,無,
麻豆區,房地(土地+建物),臺南市麻豆區寮子１６６之６０號,135.39,,特定農業區,甲種建築用地,1150708,土地2建物1車位0,全,三層,透天厝,住家用,鋼筋混凝土造,1140204,176.88,3,2,4,有,無,12680000,71687,,0.0,0,,RPRNMLLJRHLGFFD48DA,162.66,0.0,14.22,無,
西港區,房地(土地+建物),臺南市西港區溪埔寮６之６１號,99.95,,鄉村區,乙種建築用地,1150707,土地2建物1車位0,全,三層,透天厝,住家用,鋼筋混凝土造,1140208,155.23,4,2,5,有,無,13000000,83747,,0.0,0,,RPSNMLTKQHLGFGD86DA,136.59,0.0,18.64,無,
學甲區,房地(土地+建物),臺南市學甲區濟生路６之２０號二樓之７,32.27,都市：其他:住宅區,,,1150719,土地1建物1車位0,二層,五層,華廈(10層含以下有電梯),住家用,鋼筋混凝土造,1140626,86.27,2,2,2,有,有,4800000,55639,,0.0,0,,RPQNMLLJRHLGFGD48DA,55.07,0.0,6.09,有,
新市區,房地(土地+建物),臺南市新市區豐華４７之３３號,80.0,都市：其他:農業區,,,1150731,土地1建物1車位0,全,三層,透天厝,住家用,ＲＣ造、鋼鐵造,0791116,153.83,5,2,2,有,無,7000000,45505,,0.0,0,其他增建；,RPUNMLPLQHLGFHD86DA,144.99,0.0,8.84,無,
善化區,房地(土地+建物)+車位,臺南市善化區小新營５之１５號三樓之２,36.94,都市：其他:住宅區,,,1150718,土地2建物1車位1,三層,七層,華廈(10層含以下有電梯),住家用,鋼筋混凝土造,1150327,115.99,3,2,2,有,有,9450000,84844,其他,16.16,980000,預售屋、或土地及建物分件登記案件；,RPROMLPLQHLGFHD66DA,71.14,0.0,3.77,有,
新市區,土地,看西段324-2地號,1374.0,都市：其他:農業區,,,1150714,土地5建物0車位0,,,其他,,,,0.0,0,0,0,無,無,32400000,23581,,0.0,0,,RPXNMLLMQHLGFHD86DA,0.0,0.0,0.0,無,
山上區,土地,樹王段711地號,142.36,都市：其他:道路用地,,,1150715,土地4建物0車位0,,,其他,,,,0.0,0,0,0,無,無,2700000,18966,,0.0,0,包含公共設施保留地用地；,RPSNMLNJRHLGFHD98DA,0.0,0.0,0.0,無,
仁德區,房地(土地+建物)+車位,臺南市仁德區山三街３號,346.77,都市：其他:第三種住宅區。,,,1150729,土地6建物1車位1,全,三層,透天厝,其他,鋼骨造,1140519,526.17,5,0,4,有,無,49880000,94798,一樓平面,0.0,0,,RPPNMLKKQHLGFID48DA,506.99,0.0,19.18,有,
仁德區,房地(土地+建物),臺南市仁德區德崙路３７０巷４９弄４６號,111.58,都市：其他:住宅區,,,1150724,土地2建物1車位0,全,三層,透天厝,住家用,鋼筋混凝土構造,1070619,176.85,5,2,3,有,無,14000000,79163,,0.0,0,頂樓加蓋；其他增建；,RPPNMLLJRHLGFID58DA,139.96,0.0,36.89,無,132
永康區,房地(土地+建物)+車位,臺南市永康區復國二路８５巷５號三樓之１,37.54,都市：其他:住宅區,,,1150716,土地1建物1車位1,三層,七層,華廈(10層含以下有電梯),住家用,鋼筋混凝土構造,1030528,112.6,2,2,2,有,有,11000000,97691,一樓平面,0.0,0,其他增建；,RPPNMLLMQHLGFKD98DA,72.68,0.0,7.51,有,
永康區,房地(土地+建物)+車位,臺南市永康區復華五街５５巷６號六樓之２,16.12,都市：其他:商業區,,,1150722,土地2建物1車位1,六層,十層,華廈(10層含以下有電梯),住家用,鋼筋混凝土構造,1040810,125.74000000000001,2,2,1,有,有,9200000,73167,坡道平面,34.57,0,,RPUNMLLJRHLGFKD66DA,57.89,0.0,7.12,有,
永康區,房地(土地+建物)+車位,臺南市永康區大橋里大橋一街４０號六樓之３,19.43,都市：其他:住宅區,,,1150723,土地3建物1車位1,六層,九層,華廈(10層含以下有電梯),住家用,鋼筋混凝土造,0821221,139.48000000000002,3,2,2,有,有,7650000,54847,坡道平面,0.0,0,,RPQNMLMJRHLGFKD98DA,75.19,0.57,8.05,有,
安平區,房地(土地+建物)+車位,臺南市安平區文平路３１８號八樓之５,24.32,都市：其他:第五種住宅區,,,1150712,土地1建物1車位1,八層,十五層,住宅大樓(11層含以上有電梯),住家用,鋼筋混凝土構造,1060307,151.88,3,2,2,有,有,14720000,96919,坡道平面,14.99,0,,RPTPMLMKPHLGFAD38DA,81.04,1.0,9.3,有,133
中西區,房地(土地+建物)+車位,臺南市中西區成功路４５３號三樓之９,21.2,都市：其他:商業區,,,1150724,土地2建物1車位1,三層,十三層,住宅大樓(11層含以上有電梯),住家用,鋼筋混凝土造,0960720,239.55,3,2,3,有,有,17800000,74306,坡道機械,20.7,0,,RPPQMLOKQHLGFAD38DA,128.12,3.59,28.55,有,
安平區,房地(土地+建物)+車位,臺南市安平區怡平路４４２巷６３號之２,22.04,都市：其他:第六種住宅區,,,1150723,土地1建物1車位1,一層,六層,華廈(10層含以下有電梯),住家用,鋼筋混凝土造,0820903,111.84,3,2,2,有,有,5300000,47389,坡道機械,0.0,0,其他增建；,RPSNMLMLQHLGFAD28DA,69.1,10.13,0.0,有,134
安平區,房地(土地+建物),臺南市安平區永華六街２１４號九樓之４,4.26,都市：其他:第三種商業區(附),,,1150727,土地1建物1車位0,九層,十二層,住宅大樓(11層含以上有電梯),住家用,鋼筋混凝土造,0820612,51.93000000000001,2,1,1,有,有,3850000,74138,,0.0,0,,RPWOMLLJRHLGFAD58DA,38.45,0.0,3.39,有,
北區,房地(土地+建物)+車位,臺南市北區開元路１８３巷８號四樓之２,32.94,都市：其他:住宅區,,,1150727,土地2建物1車位1,四層，五層,五層,華廈(10層含以下有電梯),住家用,鋼筋混凝土構造,1110407,110.77,3,2,2,有,有,12700000,114652,一樓平面,14.87,0,陽台外推；夾層；,RPTOMLNJRHLGFAD48DA,67.64,0.0,1.71,有,
安南區,房地(土地+建物)+車位,臺南市安南區布袋三街６７號四樓之１,36.03,都市：其他:住宅區,,,1150720,土地1建物1車位1,四層,五層,華廈(10層含以下有電梯),住家用,鋼筋混凝土造,1130315,128.78,2,1,1,有,有,10500000,81534,一樓平面,13.75,0,,RPWNMLMJRHLGFBD68DA,77.57,0.0,10.7,有,
東區,房地(土地+建物),臺南市東區崇明四街２６巷６號五樓之２,17.95,都市：其他:住宅區,,,1150706,土地1建物1車位0,五層,九層,華廈(10層含以下有電梯),住家用,鋼筋混凝土造,0830302,99.65,2,2,2,有,有,6960000,69844,,0.0,0,,RPPOMLRJPHLGFCD48DA,72.62,0.0,7.72,有,
東區,房地(土地+建物)+車位,臺南市東區仁和路１３０號三樓之１,25.79,都市：其他:住宅區,,,1150706,土地1建物1車位1,三層,八層,華廈(10層含以下有電梯),住家用,鋼筋混凝土造,1140515,129.88,3,2,2,有,有,14580000,117592,一樓平面,22.9,2000000,,RPQNMLRJQHLGFCD58DA,68.57,0.0,7.51,有,
新營區,房地(土地+建物),臺南市新營區東平街２３號,131.64,都市：其他:商業區,,,1150722,土地1建物1車位0,全,四層,透天厝,住家用,鋼筋混凝土造,1120817,312.01,4,2,5,有,無,21400000,68588,,0.0,0,,RPPNMLKLQHLGFDD08DA,292.41,0.0,19.6,有,
新營區,房地(土地+建物)+車位,臺南市新營區南昌街３９號五樓之二,38.02,都市：其他:住宅區,,,1150710,土地2建物1車位1,五層,五層,華廈(10層含以下有電梯),住家用,鋼筋混凝土造,1120911,131.61,3,2,2,有,有,8850000,67244,一樓平面,0.0,0,分管停車位編號18其他增建；,RPQNMLKMQHLGFDD28DA,83.68,0.0,8.01,有,135
新營區,房地(土地+建物),臺南市新營區太子路２００巷７９弄２２號,101.67,都市：其他:住宅區,,,1150720,土地1建物1車位0,全,三層,透天厝,住家用,鋼筋混凝土造,0810528,155.89,4,2,3,有,無,4500000,28867,,0.0,0,其他增建；,RPPNMLMJRHLGFDD18DA,152.05,0.0,3.84,無,
鹽水區,土地,飯店段1673地號,4160.0,,特定農業區,農牧用地,1150727,土地2建物0車位0,,,其他,,,,0.0,0,0,0,無,無,3100000,745,,0.0,0,農作物；,RPRNMLMJRHLGFDD38DA,0.0,0.0,0.0,無,
東山區,房地(土地+建物),臺南市東山區東山里東山１３３之１號,122.13,都市：其他:住宅區,,,1150710,土地1建物1車位0,全,二層,透天厝,住商用,加強磚造,0721212,167.96,4,2,3,有,無,4700000,27983,,0.0,0,,RPQNMLLJRHLGFED28DA,157.01,0.0,10.95,無,
麻豆區,房地(土地+建物),臺南市麻豆區寮子１６６之６１號,132.33,,特定農業區,甲種建築用地,1150712,土地2建物1車位0,全,三層,透天厝,住家用,鋼筋混凝土造,1140204,177.18,3,2,4,有,無,12600000,71114,,0.0,0,,RPSNMLLJRHLGFFD58DA,162.66,0.0,14.52,無,
麻豆區,房地(土地+建物),臺南市麻豆區安業２３５之８號,91.57,,鄉村區,乙種建築用地,1150710,土地2建物1車位0,全,三層,透天厝,住家用,鋼筋混凝土造,1140326,159.77,5,2,3,有,無,11500000,71978,,0.0,0,,RPOOMLMJRHLGFFD38DA,159.77,0.0,0.0,無,
佳里區,土地,龍安段457地號,1000.0,,特定農業區,農牧用地,1150703,土地1建物0車位0,,,其他,,,,0.0,0,0,0,無,無,2600000,2600,,0.0,0,未登記建物；,RPVNMLMJRHLGFGD09DA,0.0,0.0,0.0,無,
仁德區,房地(土地+建物),臺南市仁德區中正路二段１１０９巷２８號,147.17,都市：其他:第三種住宅區。,,,1150703,土地3建物1車位0,全,三層,透天厝,住家用,鋼筋混凝土造,1130308,190.65,5,2,5,有,無,24000000,125885,,0.0,0,陽台外推；,RPTNMLRJQHLGFID86DA,180.34,0.0,10.31,無,
永康區,房地(土地+建物)+車位,臺南市永康區忠孝一路６６巷２５號三樓之１,30.68,都市：其他:住宅區,,,1150728,土地1建物1車位1,三層,二十層,住宅大樓(11層含以上有電梯),住家用,鋼筋混凝土造,1130401,164.61,3,2,2,有,有,16480000,100115,坡道平面,33.76,0,,RPSNMLMJRHLGFKD56DA,76.61,0.0,9.0,有,136
永康區,房地(土地+建物)+車位,臺南市永康區大橋二街１９２號六樓之１,20.46,都市：其他:住宅區,,,1150729,土地4建物1車位1,六層,十三層,住宅大樓(11層含以上有電梯),住家用,鋼筋混凝土造,0821229,146.94,3,2,2,有,有,9200000,62611,坡道平面,0.0,0,二等親買賣。,RPOOMLNJRHLGFKD98DA,79.21,0.56,11.08,有,
永康區,房地(土地+建物),臺南市永康區中山東路３８６巷２號,162.82,都市：其他:住宅區,,,1150730,土地1建物1車位0,全,二層,透天厝,住家用,加強磚造,0720319,138.86,4,1,2,有,無,6735682,48507,,0.0,0,含土地增值稅或其他稅費；含地政士服務費；親友、員工、共有人或其他特殊關係間之交易；頂樓加蓋；,RPWOMLRJRHLGFKD57DA,135.16,0.0,3.7,無,
安平區,房地(土地+建物)+車位,臺南市安平區國平北路１２３號十三樓之１２,8.38,都市：其他:商業區(附),,,1150728,土地1建物1車位1,十三層,十八層,住宅大樓(11層含以上有電梯),住家用,鋼筋混凝土構造,1100503,95.72999999999999,2,2,1,有,有,5300000,55364,坡道機械,11.17,0,,RPSNMLLMQHLGFAD28DA,48.14,3.43,4.37,有,137
中西區,房地(土地+建物),臺南市中西區大同路一段７０巷１７號二樓之１,17.71,都市：其他:商業區,,,1150719,土地1建物1車位0,二層,五層,公寓(5樓含以下無電梯),住家用,鋼筋混凝土造,0710222,86.15,3,2,2,有,無,4200000,48752,,0.0,0,陽台外推；,RPUNMLNJRHLGFAD48DA,60.0,0.0,14.54,無,
安平區,房地(土地+建物)+車位,臺南市安平區永華路二段５０３號五樓之２,29.0,都市：其他:第五種住宅區,,,1150705,土地1建物1車位1,五層,二十三層,住宅大樓(11層含以上有電梯),住家用,鋼筋混凝土構造,1070202,287.28999999999996,3,2,3,有,有,26800000,93286,坡道平面,26.49,0,,RPPNMLOJRHLGFAD08DA,141.91,3.26,24.72,有,138
安南區,房地(土地+建物),臺南市安南區培安路２６５號,129.3,都市：其他:住宅區,,,1150709,土地1建物1車位0,全,四層,透天厝,住商用,鋼筋混凝土造,0801123,213.72,5,2,4,有,無,20300000,94984,,0.0,0,,RPVNMLRLPHLGFBD09DA,197.19,0.0,16.53,無,
南區,土地,大林段529地號,54.03,都市：其他:細部計畫道路用地,,,1150720,土地1建物0車位0,,,其他,,,,0.0,0,0,0,無,無,800000,14807,,0.0,0,包含公共設施保留地用地；,RPPNMLQJQHLGFCD38DA,0.0,0.0,0.0,無,
白河區,土地,埤子頭段埤子頭小段2095地號,1330.0,,特定農業區,農牧用地,1150717,土地1建物0車位0,,,其他,,,,0.0,0,0,0,無,無,2120000,1594,,0.0,0,,RPUNMLLJRHLGFED68DA,0.0,0.0,0.0,無,
六甲區,房地(土地+建物),臺南市六甲區龜子港８０巷２９弄７之３號,91.83,,鄉村區,乙種建築用地,1150720,土地2建物1車位0,全,三層,透天厝,住家用,鋼筋混凝土造,1131226,140.94,4,2,3,有,無,8880000,63006,,0.0,0,,RPPNMLOJRHLGFFD58DA,125.76,0.0,15.18,無,
七股區,土地,七十二分段984-1地號,3050.0,,特定專用區,農牧用地,1150722,土地2建物0車位0,,,其他,,,,0.0,0,0,0,無,無,5100000,1672,,0.0,0,,RPROMLRLQHLGFGD76DA,0.0,0.0,0.0,無,139
新市區,房地(土地+建物)+車位,臺南市新市區復興路１０５號十一樓之２,20.96,都市：其他:住宅區,,,1150708,土地1建物1車位1,十一層,十四層,住宅大樓(11層含以上有電梯),住家用,鋼筋混凝土造,1091021,136.45999999999998,2,2,2,有,有,15300000,112121,坡道平面,32.09,0,,RPOPMLSKQHLGFHD66DA,65.6,0.0,3.22,有,140
善化區,房地(土地+建物),臺南市善化區陽光二路１５１巷９號,90.4,都市：其他:生活服務區(第三-一種住宅區),,,1150708,土地3建物1車位0,全,四層,透天厝,住家用,鋼筋混凝土造,1010521,196.02,4,2,4,有,有,18500000,94378,,0.0,0,,RPTNMLQLQHLGFHD86DA,175.66,8.87,11.49,無,
安定區,房地(土地+建物),臺南市安定區新吉９９之１３號,271.3,,鄉村區,乙種建築用地,1150702,土地2建物1車位0,全,二層,透天厝,住家用,加強磚造,0800927,186.85,6,3,5,有,無,16000000,85630,,0.0,0,親友、員工、共有人或其他特殊關係間之交易；頂樓加蓋；其他增建；包含公共設施保留地用地；,RPQNMLSLQHLGFHD76DA,182.68,0.0,4.17,無,
善化區,房地(土地+建物)+車位,臺南市善化區小新營１０２之１５號六樓之３,30.1,都市：其他:住宅區,,,1150712,土地1建物1車位1,六層,六層,華廈(10層含以下有電梯),住家用,鋼筋混凝土造,1091019,98.21000000000001,2,2,2,有,有,8800000,89604,一樓平面,13.75,0,,RPXNMLLJRHLGFHD66DA,57.92,0.0,3.82,有,141
永康區,房地(土地+建物)+車位,臺南市永康區東橋五路１６３號三樓之７,9.18,都市：其他:商業區,,,1150709,土地1建物1車位1,三層,二十三層,住宅大樓(11層含以上有電梯),住家用,鋼筋混凝土造,1150326,92.63999999999999,1,1,1,有,有,7880000,85060,坡道平面,27.72,0,,RPWNMLKKPHLGFKD66DA,38.79,0.0,2.87,有,142
永康區,房地(土地+建物),臺南市永康區龍中街７０７巷１２號,98.6,都市：其他:住宅區,,,1150719,土地1建物1車位0,全,四層,透天厝,住家用,鋼筋混凝土構造,1030319,177.91,4,2,3,有,無,18580000,104435,,0.0,0,其他增建；,RPSOMLSLPHLGFKD27DA,156.96,0.0,20.95,無,
永康區,房地(土地+建物),臺南市永康區復華五街５５巷１１號,22.05,都市：其他:商業區,,,1150714,土地1建物1車位0,一層，二層，騎樓,十層,華廈(10層含以下有電梯),住商用,鋼筋混凝土構造,1040810,120.1,2,1,2,有,有,11500000,95754,,0.0,0,,RPPOMLPJQHLGFKD56DA,94.89,0.0,5.21,有,
中西區,房地(土地+建物)+車位,臺南市中西區湖美街７０巷６號四樓之１２,9.52,都市：其他:市場用地,,,1150707,土地1建物1車位1,四層,十四層,住宅大樓(11層含以上有電梯),住家用,鋼筋混凝土造,0871203,95.35,2,1,1,有,有,7000000,74526,坡道平面,21.55,1500000,,RPOOMLQJPHLGFAD08DA,52.66,0.0,5.21,有,
安平區,房地(土地+建物)+車位,臺南市安平區育平五街６號七樓之１２,11.1,都市：其他:第六種住宅區,,,1150707,土地1建物1車位1,七層,二十二層,住宅大樓(11層含以上有電梯),住家用,鋼筋混凝土造,0861021,159.69,3,2,2,有,有,10100000,63248,坡道平面,31.47,0,其他增建；,RPXNMLRJPHLGFAD98DA,88.29,0.0,9.95,有,143
中西區,房地(土地+建物),臺南市中西區文和街４４之２號,7.32,都市：其他:住宅區,,,1150720,土地1建物1車位0,全,二層,透天厝,住家用,加強磚造,0640726,11.24,3,2,2,有,無,300000,26690,,0.0,0,親友、員工、共有人或其他特殊關係間之交易；,RPWNMLNLPHLGFAD68DA,11.24,0.0,0.0,無,
北區,房地(土地+建物),臺南市北區海安路三段７８１巷２１１弄１７號,46.81,都市：其他:住宅區,,,1150705,土地2建物1車位0,全,四層,透天厝,住家用,鋼筋混凝土造,0880531,136.0,3,2,4,有,無,11600000,85294,,0.0,0,頂樓加蓋；,RPUNMLKLQHLGFAD28DA,126.54,3.83,5.63,無,
北區,房地(土地+建物)+車位,臺南市北區公園南路３３７號十樓之２,9.04,都市：其他:住宅區,,,1150721,土地2建物1車位1,十層,十四層,住宅大樓(11層含以上有電梯),住家用,鋼筋混凝土造,0971219,89.99000000000001,2,2,1,有,有,8800000,97789,坡道機械,11.61,0,,RPVOMLNJRHLGFAD68DA,50.23,0.0,6.72,有,
安平區,房地(土地+建物),臺南市安平區永華六街１９８號,85.0,都市：其他:第五種住宅區,,,1150701,土地1建物1車位0,全,五層,透天厝,住家用,鋼筋混凝土造,0861209,240.57,4,2,4,有,有,15880000,66010,,0.0,0,陽台外推；,RPTPMLNJRHLGFAD58DA,218.9,0.0,21.67,無,
安南區,房地(土地+建物)+車位,臺南市安南區州南二街１７６號四樓之３,31.59,都市：其他:住宅區,,,1150711,土地1建物1車位1,四層,五層,華廈(10層含以下有電梯),住家用,鋼筋混凝土造,1150420,110.01,3,2,2,有,無,11080000,103433,一樓平面,20.29,1800000,,RPTNMLSLPHLGFBD98DA,60.25,0.0,5.79,有,
安南區,房地(土地+建物),臺南市安南區州南二街１７６號四樓之２,29.26,都市：其他:住宅區,,,1150718,土地1建物1車位0,四層,五層,華廈(10層含以下有電梯),住家用,鋼筋混凝土造,1150420,82.85,2,2,2,有,無,8600000,103802,,0.0,0,,RPVNMLSLPHLGFBD56DA,53.51,0.0,7.6,有,
安南區,房地(土地+建物),臺南市安南區國安街２１０巷９１號,85.74,都市：其他:住宅區,,,1150719,土地3建物1車位0,全,四層,透天厝,住商用,鋼筋混凝土造,0980320,206.31,5,2,4,有,無,13880000,67277,,0.0,0,,RPUNMLTKQHLGFBD56DA,178.57,1.37,26.37,無,
安南區,土地,溪東段89-7地號,6.74,都市：其他:道路用地,,,1150721,土地1建物0車位0,,,其他,,,,0.0,0,0,0,無,無,162000,24036,,0.0,0,包含公共設施保留地用地；,RPPOMLLLQHLGFBD08DA,0.0,0.0,0.0,無,
南區,房地(土地+建物),臺南市南區永吉街９２號,43.0,都市：其他:住宅區,,,1150702,土地1建物1車位0,全,二層,透天厝,住商用,加強磚造,0680413,53.92,2,1,1,有,無,2420000,44881,,0.0,0,親友、員工、共有人或其他特殊關係間之交易；,RPSNMLRLQHLGFCD98DA,53.92,0.0,0.0,無,
南區,房地(土地+建物),臺南市南區永吉街９４號,43.0,都市：其他:住宅區,,,1150708,土地1建物1車位0,全,二層,透天厝,住商用,加強磚造,0680413,54.44,2,1,2,有,無,2420000,44453,,0.0,0,親友、員工、共有人或其他特殊關係間之交易；,RPTNMLRLQHLGFCD09DA,54.44,0.0,0.0,無,
東區,房地(土地+建物)+車位,臺南市東區崇賢一路３０號十二樓之３,15.01,都市：其他:住宅區,,,1150706,土地1建物1車位1,十二層,十五層,住宅大樓(11層含以上有電梯),住家用,鋼筋混凝土造,1140124,104.95,2,2,2,有,有,13800000,137521,坡道平面,21.69,2350000,,RPQNMLRJRHLGFCD68DA,50.29,0.0,3.81,有,
鹽水區,房地(土地+建物),臺南市鹽水區治水路７３巷１４２弄１１３號,319.51,都市：其他:工業區,,,1150727,土地8建物1車位0,全,一層,透天厝,工業用,鋼骨構造,1080820,164.67,7,3,4,有,無,13360000,81132,,0.0,0,夾層；其他增建；,RPSNMLMJRHLGFDD48DA,164.67,0.0,0.0,無,144
大內區,土地,石仔瀨北段1323地號,1357.2,都市：其他:農業區,,,1150728,土地1建物0車位0,,,其他,,,,0.0,0,0,0,無,無,1600000,1179,,0.0,0,親友、員工、共有人或其他特殊關係間之交易；,RPXNMLSLPHLGFFD17DA,0.0,0.0,0.0,無,
大內區,土地,石城段675地號,486.83,都市：其他:農業區,,,1150728,土地1建物0車位0,,,其他,,,,0.0,0,0,0,無,無,868000,1783,,0.0,0,親友、員工、共有人或其他特殊關係間之交易；,RPPOMLSLPHLGFFD09DA,0.0,0.0,0.0,無,
官田區,房地(土地+建物),臺南市官田區二鎮７５之３３８號,125.95,都市：其他:農業區,,,1150717,土地2建物1車位0,全,三層,透天厝,住家用,鋼筋混凝土構造,1080530,200.56,5,3,5,有,無,11500000,57339,,0.0,0,其他增建；,RPRNMLMKQHLGFFD58DA,200.56,0.0,0.0,無,
官田區,房地(土地+建物),臺南市官田區二鎮里鎮森路１７６巷３弄３６號,94.04,都市：其他:住宅區,,,1150716,土地3建物1車位0,全,三層,透天厝,住家用,鋼筋混凝土構造,1110617,150.37,4,2,3,有,無,10050000,66835,,0.0,0,陽台外推；其他增建；,RPQNMLQLQHLGFFD98DA,132.37,0.0,18.0,無,145
西港區,房地(土地+建物),臺南市西港區西港２８之１８號四樓之５,29.27,都市：其他:住宅區,,,1150714,土地2建物1車位0,四層,五層,華廈(10層含以下有電梯),住家用,鋼筋混凝土造,1140715,82.37,2,2,2,有,有,6200000,75270,,0.0,0,,RPSNMLNJRHLGFGD88DA,53.9,0.0,5.15,有,
七股區,房地(土地+建物),臺南市七股區義合里義合２３之１０號,92.0,,鄉村區,乙種建築用地,1150719,土地1建物1車位0,全,三層,透天厝,住家用,鋼筋混凝土造,0850509,154.06,4,2,3,有,無,5000000,32455,,0.0,0,,RPQNMLOJRHLGFGD78DA,140.04,6.16,7.86,無,
新化區,房地(土地+建物),臺南市新化區中正路６３３巷８７號,89.93,都市：其他:住宅區,,,1150724,土地3建物1車位0,全,四層,透天厝,住家用,鋼筋混凝土造,1110120,178.91,4,2,5,有,無,16500000,92225,,0.0,0,陽台外推；其他增建；,RPQNMLRJQHLGFHD09DA,163.13,0.0,15.78,無,146
仁德區,房地(土地+建物),臺南市仁德區仁德里仁中六街６８號,90.12,都市：其他:第三種住宅區。,,,1150716,土地2建物1車位0,全,四層,透天厝,住家用,鋼筋混凝土造,0851127,223.39,5,2,4,有,無,10400000,46555,,0.0,0,交易代辦費用及產生之相關稅規費，均由買方負擔。親友、員工、共有人或其他特殊關係間之交易；,RPWNMLMKQHLGFID76DA,200.1,6.8,16.49,無,
仁德區,土地,文賢段1278-14地號,834.66,都市：其他:溝渠用地,,,1150705,土地5建物0車位0,,,其他,,,,0.0,0,0,0,無,無,11000000,13179,,0.0,0,,RPSNMLNJRHLGFID09DA,0.0,0.0,0.0,無,
關廟區,房地(土地+建物),臺南市關廟區東安街１２６號,94.0,都市：其他:住宅區,,,1150705,土地1建物1車位0,全,三層,透天厝,住商用,鋼筋混凝土造,0770906,201.88,7,2,3,有,無,8500000,42104,,0.0,0,其他增建；,RPTNMLNJRHLGFID56DA,179.28,7.55,15.05,無,
永康區,房地(土地+建物),臺南市永康區二王路１３５巷５３弄５號,80.45,都市：其他:住宅區,,,1150726,土地1建物1車位0,全,四層,透天厝,住家用,鋼筋混凝土構造,1020312,184.95,4,2,3,有,無,20000000,108137,,0.0,0,陽台外推；頂樓加蓋；其他增建；,RPRNMLSKQHLGFKD07DA,153.22,0.0,31.73,無,
永康區,土地,西灣段366地號,48.72,都市：其他:住宅區,,,1150722,土地2建物0車位0,,,其他,,,,0.0,0,0,0,無,無,2850000,58498,,0.0,0,親友、員工、共有人或其他特殊關係間之交易；,RPOOMLPLQHLGFKD66DA,0.0,0.0,0.0,無,
永康區,房地(土地+建物)+車位,臺南市永康區復國路８７巷２３號六樓之３,24.98,都市：其他:住宅區,,,1150726,土地2建物1車位1,六層,九層,華廈(10層含以下有電梯),住家用,鋼筋混凝土構造,1070305,163.95,3,2,2,有,有,15000000,91491,坡道平面,40.45,0,,RPTNMLMJRHLGFKD66DA,77.03,0.0,6.41,有,147
永康區,房地(土地+建物),臺南市永康區三村一街１３８巷１１弄１６號,73.61,都市：其他:住宅區,,,1150713,土地2建物1車位0,全,四層,透天厝,住家用,鋼筋混凝土造,1140206,201.63,4,2,5,有,無,23800000,118038,,0.0,0,含裝潢費；,RPWNMLNJRHLGFKD07DA,183.38,0.0,18.19,無,
永康區,房地(土地+建物)+車位,臺南市永康區西勢路６６巷６號二樓之１,41.87,都市：其他:住宅區,,,1150711,土地1建物1車位1,二層,五層,華廈(10層含以下有電梯),住家用,鋼筋混凝土構造,1090611,123.9,2,1,2,有,有,10280000,82970,一樓平面,21.45,0,其他增建；,RPPNMLOJRHLGFKD09DA,63.3,0.0,10.88,有,148
永康區,房地(土地+建物),臺南市永康區南灣里大安街９３號,95.47,都市：其他:住宅區,,,1150725,土地1建物1車位0,全,三層,透天厝,住商用,鋼筋混凝土造,0860723,197.04,3,3,3,有,無,14150000,71813,,0.0,0,其他增建；,RPQOMLRJRHLGFKD96DA,182.28,10.57,4.19,無,
安平區,房地(土地+建物),臺南市安平區永華十一街１７巷３５號一樓之２,15.01,都市：其他:第三種商業區(附),,,1150712,土地1建物1車位0,一層,六層,華廈(10層含以下有電梯),住家用,鋼筋混凝土造,0850205,94.47,3,1,2,有,有,4800000,50810,,0.0,0,,RPSNMLMLPHLGFAD18DA,67.49,0.0,0.0,有,
安平區,房地(土地+建物)+車位,臺南市安平區建平十七街２３１號十四樓之１０,8.42,都市：其他:第三種商業區(附),,,1150723,土地1建物1車位1,十四層,十七層,住宅大樓(11層含以上有電梯),住家用,鋼筋混凝土造,0840829,131.47,4,2,2,有,有,9100000,69217,坡道平面,0.0,0,,RPPOMLPJQHLGFAD18DA,76.07,0.0,4.22,有,
安平區,房地(土地+建物)+車位,臺南市安平區育平九街１９２巷７１號六樓之２１,11.04,都市：其他:第三種商業區(附),,,1150715,土地1建物1車位1,六層,十一層,住宅大樓(11層含以上有電梯),住家用,鋼筋混凝土造,0830512,120.47999999999999,3,2,2,有,有,7750000,64326,坡道平面,0.0,0,陽台外推；,RPVPMLLKQHLGFAD58DA,63.13,1.56,10.44,有,
中西區,房地(土地+建物),臺南市中西區大同路一段４６巷５０號五樓之３,16.63,都市：其他:商業區,,,1150731,土地2建物1車位0,五層,五層,華廈(10層含以下有電梯),住家用,鋼筋混凝土造,0870706,65.88,2,2,2,有,有,8450000,128264,,0.0,0,,RPSNMLRJRHLGFAD68DA,42.75,0.0,5.45,有,
安南區,房地(土地+建物),臺南市安南區安富街１０號,21.55,都市：其他:住宅區,,,1150727,土地1建物1車位0,一層，二層,十五層,住宅大樓(11層含以上有電梯),住商用,鋼筋混凝土造,1110415,99.35,1,1,2,有,有,8550000,86059,,0.0,0,,RPOOMLRLPHLGFBD48DA,66.75,0.0,8.0,有,
東區,房地(土地+建物),臺南市東區大學路１２巷７號之３,19.92,都市：其他:住宅區,,,1150731,土地1建物1車位0,二層,五層,華廈(10層含以下有電梯),住家用,鋼筋混凝土造,0840331,51.260000000000005,5,1,3,有,有,6500000,126805,,0.0,0,陽台外推；其他增建；,RPWNMLLMPHLGFCD78DA,19.29,0.0,5.76,有,
東區,房地(土地+建物),臺南市東區裕孝路３１９之３號,68.23,都市：其他:住宅區,,,1150703,土地3建物1車位0,全,四層,透天厝,住家用,鋼筋混凝土造,0920627,167.82,5,2,3,有,有,18100000,107854,,0.0,0,陽台外推；其他增建；,RPROMLQLQHLGFCD88DA,148.69,0.88,18.25,無,
東區,房地(土地+建物),臺南市東區裕信二街１２３號,36.54,都市：其他:住宅區,,,1150727,土地2建物1車位0,全,四層,透天厝,住家用,鋼筋混凝土造,0991214,101.86,5,2,4,有,無,11000000,107991,,0.0,0,親友、員工、共有人或其他特殊關係間之交易；,RPRNMLNJRHLGFCD38DA,87.31,2.07,12.48,無,
東區,房地(土地+建物),臺南市東區衛國街１１４巷９弄１０之３號三樓之２,7.26,都市：其他:住宅區,,,1150710,土地2建物1車位0,三層,七層,華廈(10層含以下有電梯),住家用,鋼筋混凝土造,0790921,39.589999999999996,1,0,1,有,有,2500000,63147,,0.0,0,親友、員工、共有人或其他特殊關係間之交易；,RPWNMLRJRHLGFCD66DA,24.48,0.0,3.76,有,
新營區,房地(土地+建物),臺南市新營區新北里２７鄰民生路４３１巷１號,83.53,都市：其他:住宅區,,,1150719,土地1建物1車位0,全,三層,透天厝,住家用,鋼筋混凝土造,0931208,179.4,3,2,4,有,無,11200000,62430,,0.0,0,,RPQNMLRJRHLGFDD78DA,172.36,0.0,7.04,無,
麻豆區,房地(土地+建物),臺南市麻豆區子寮１９之８號,119.0,,特定農業區,甲種建築用地,1150707,土地1建物1車位0,全,三層,透天厝,住家用,鋼筋混凝土造,1140520,207.82,4,2,5,有,無,15100000,72659,,0.0,0,,RPSNMLSJRHLGFFD66DA,194.58,0.0,13.24,無,
將軍區,土地,漚汪段西甲小段1580地號,40.0,,特定農業區,農牧用地,1150726,土地1建物0車位0,,,其他,,,,0.0,0,0,0,無,無,80000,2000,,0.0,0,親友、員工、共有人或其他特殊關係間之交易；,RPSNMLKMPHLGFGD68DA,0.0,0.0,0.0,無,
佳里區,房地(土地+建物)+車位,臺南市佳里區佳安東路１０號七樓之２,21.08,,鄉村區,乙種建築用地,1150721,土地1建物1車位1,七層,十層,華廈(10層含以下有電梯),住家用,鋼筋混凝土造,0880917,146.11,3,2,2,有,有,5560000,38054,坡道平面,0.0,0,露台加窗其他增建；,RPROMLMJRHLGFGD78DA,87.73,0.0,13.3,有,
佳里區,房地(土地+建物),臺南市佳里區鎮山街１３１巷５弄８號,101.94,都市：其他:住宅區,,,1150711,土地3建物1車位0,全,四層,透天厝,住家用,鋼筋混凝土造,1101115,209.44,5,2,5,有,無,13200000,63025,,0.0,0,其他增建；,RPVNMLOJRHLGFGD66DA,195.53,0.0,13.91,無,
善化區,房地(土地+建物)+車位,臺南市善化區西拉雅大道３３０號十五樓之２,19.21,都市：其他:生活服務區(第一種商業區),,,1150713,土地2建物1車位1,十五層,十五層,住宅大樓(11層含以上有電梯),住家用,鋼筋混凝土造,1100901,129.6,3,2,2,有,有,11800000,101258,坡道平面,27.88,1500000,其他增建；,RPRNMLOLPHLGFHD98DA,65.47,0.0,4.0,有,
善化區,房地(土地+建物),臺南市善化區小新里成功新村５號四樓,24.37,都市：其他:國宅專用區,,,1150727,土地3建物1車位0,四層,八層,華廈(10層含以下有電梯),住家用,鋼筋混凝土造,0830923,107.58,2,2,1,有,有,3950000,36717,,0.0,0,,RPRNMLNJRHLGFHD88DA,71.76,0.0,12.6,有,
安定區,車位,臺南市安定區港口５１之３７號二樓之１至七樓之７等３６戶之公共設施,0.0,,,,1150730,土地0建物1車位1,,,其他,,,,11.58,0,0,0,無,有,600000,,其他,11.58,600000,建物坐落地號：港口段3202地號；僅車位交易；,RPXNMLRJRHLGFHD27DA,0.0,0.0,0.0,有,
仁德區,房地(土地+建物),臺南市仁德區全路７８號,78.1,都市：其他:住宅區,,,1150704,土地1建物1車位0,全,二層,透天厝,住商用,加強磚造,0660721,77.0,3,1,2,有,無,6100000,79221,,0.0,0,頂樓加蓋；其他增建；,RPVOMLKMPHLGFID66DA,77.0,0.0,0.0,無,
仁德區,房地(土地+建物)+車位,臺南市仁德區仁和里和愛街１２號八樓之３,47.2,都市：其他:住宅區,,,1150730,土地1建物1車位1,八層,十三層,住宅大樓(11層含以上有電梯),住家用,鋼筋混凝土造,0990422,174.15,3,2,2,有,有,12850000,73787,坡道平面,0.0,0,,RPVNMLLLQHLGFID66DA,102.03,0.0,10.11,有,
永康區,房地(土地+建物),臺南市永康區復國里復國一路１２０巷６３號,86.95,都市：其他:住宅區,,,1150704,土地1建物1車位0,全,二層,透天厝,住家用,鋼筋混凝土造,0780511,118.78,5,1,2,有,無,11500000,96818,,0.0,0,,RPVOMLKLPHLGFKD76DA,85.42,20.1,13.26,無,
永康區,房地(土地+建物)+車位,臺南市永康區東橋七路３６７號十四樓之８,26.67,都市：其他:住宅區,,,1150729,土地1建物1車位1,十四層,十八層,住宅大樓(11層含以上有電梯),住家用,鋼筋混凝土構造,1071214,173.76999999999998,3,2,2,有,有,19200000,114533,坡道平面,19.23,1500000,,RPVNMLTLPHLGFKD57DA,82.07,4.07,14.41,有,
永康區,房地(土地+建物)+車位,臺南市永康區東橋十二街５９號十三樓之２,22.08,都市：其他:住宅區,,,1150729,土地1建物1車位1,十三層,十五層,住宅大樓(11層含以上有電梯),住家用,鋼筋混凝土構造,1060623,132.57,3,2,2,有,有,14500000,109376,坡道平面,24.3,0,,RPSOMLRJRHLGFKD17DA,69.5,0.0,5.58,有,
安平區,房地(土地+建物),臺南市安平區建平八街５５１號十四樓之１３,7.71,都市：其他:第六種住宅區,,,1150621,土地1建物1車位0,十四層,二十六層,住宅大樓(11層含以上有電梯),住家用,鋼筋混凝土造,0870105,107.94,3,2,2,有,有,5800000,53734,,0.0,0,,RPOOMLOLPHLGFAD08DA,74.94,0.0,10.41,有,
北區,土地,北元段586-1地號,94.38,都市：其他:住宅區,,,1150617,土地1建物0車位0,,,其他,,,,0.0,0,0,0,無,無,14846000,157300,,0.0,0,,RPRNMLQLQHLGFAD58DA,0.0,0.0,0.0,無,
安南區,房地(土地+建物)+車位,臺南市安南區新宅路６８號三樓之２,33.85,都市：其他:住宅區,,,1150620,土地1建物1車位1,三層,九層,華廈(10層含以下有電梯),住家用,鋼筋混凝土造,1100813,145.75,3,2,2,有,有,11000000,75472,一樓平面,35.73,0,其他增建；,RPROMLLLPHLGFBD18DA,71.76,0.0,5.08,有,149
安南區,房地(土地+建物),臺南市安南區青砂街二段２９９巷２４號,86.84,都市：其他:住宅區,,,1150620,土地2建物1車位0,全,二層,透天厝,住家用,鋼筋混凝土造,0820903,122.45,4,2,3,有,無,5980000,48836,,0.0,0,頂樓加蓋；其他增建；,RPPOMLTLPHLGFBD78DA,117.13,0.0,5.32,無,150
安南區,房地(土地+建物)+車位,臺南市安南區大安街８１１號四樓之１,34.99,都市：其他:住宅區,,,1150607,土地1建物1車位1,四層,六層,華廈(10層含以下有電梯),住家用,鋼筋混凝土造,1150409,167.0,3,2,2,有,有,13850000,90008,坡道平面,29.79,1500000,,RPUNMLRLQHLGFBD09DA,80.89,0.0,8.2,有,
南區,房地(土地+建物),臺南市南區聖南街７１號二樓之２,12.39,都市：其他:住宅區,,,1150619,土地1建物1車位0,二層,五層,公寓(5樓含以下無電梯),住家用,鋼筋混凝土造,0741226,49.47,2,1,1,有,無,2700000,54579,,0.0,0,,RPPNMLSLPHLGFCD68DA,35.75,0.0,6.82,無,
南區,房地(土地+建物),臺南市南區聖南街７１號二樓之１,12.39,都市：其他:住宅區,,,1150616,土地1建物1車位0,二層,五層,公寓(5樓含以下無電梯),住家用,鋼筋混凝土造,0741226,52.4,2,1,1,有,無,3300000,62977,,0.0,0,,RPRNMLSLPHLGFCD88DA,36.56,0.0,8.94,無,
六甲區,房地(土地+建物),臺南市六甲區中正路１８９巷２４弄１號,83.47,都市：其他:住宅區,,,1150606,土地1建物1車位0,全,二層,透天厝,住商用,加強磚造,0690918,102.68,4,2,2,有,無,4000000,38956,,0.0,0,頂樓加蓋；其他增建；,RPQNMLRLQHLGFFD09DA,102.68,0.0,0.0,無,
新化區,房地(土地+建物),臺南市新化區復興路２０３巷９號,93.85,都市：其他:住宅區,,,1150618,土地1建物1車位0,全,三層,透天厝,住家用,鋼筋混凝土造,0790220,179.13,5,2,3,有,無,9180000,51248,,0.0,0,其他增建；,RPPNMLRJQHLGFHD98DA,173.04,0.0,6.09,無,
仁德區,房地(土地+建物)+車位,臺南市仁德區崇聖路一段１０號九樓之１,22.63,都市：其他:住宅區,,,1150614,土地1建物1車位1,九層,十四層,住宅大樓(11層含以上有電梯),住家用,鋼筋混凝土造,1131015,156.09,3,2,2,有,有,13400000,85848,坡道平面,32.27,0,,RPRPMLKMPHLGFID98DA,80.7,0.0,4.97,有,151
安南區,房地(土地+建物),臺南市安南區長和路四段２３１巷６０弄１１號,103.9,都市：其他:住宅區,,,1150625,土地2建物1車位0,全,四層,透天厝,住家用,鋼筋混凝土造,1130924,174.18,4,2,4,有,無,16100000,92433,,0.0,0,其他增建；,RPRNMLSLQHLGFBD88DA,147.53,0.0,26.65,無,
東區,房地(土地+建物),臺南市東區裕永一街２６之２號,82.1,都市：其他:住宅區,,,1150625,土地2建物1車位0,全,四層,透天厝,住家用,鋼筋混凝土構造,1100922,220.27,5,2,5,有,無,30680000,139284,,0.0,0,頂樓加蓋；,RPPNMLLMQHLGFCD18DA,192.62,0.0,27.65,無,152
柳營區,房地(土地+建物)+車位,臺南市柳營區柳營路一段５３９號三樓之一,24.35,,一般農業區,甲種建築用地,1150614,土地1建物1車位1,三層,五層,華廈(10層含以下有電梯),住家用,鋼筋混凝土造,1140414,90.64,2,2,2,有,有,5950000,65644,一樓平面,15.22,0,,RPRNMLRLQHLGFDD98DA,52.09,0.0,5.73,有,153
新營區,房地(土地+建物),臺南市新營區東興三街２２巷６８號六樓,31.44,都市：其他:住宅區,,,1150603,土地1建物1車位0,六層,六層,華廈(10層含以下有電梯),住家用,鋼筋混凝土造,0880317,148.32999999999998,3,2,2,有,有,6200000,41799,,0.0,0,,RPRNMLKMQHLGFDD38DA,95.42,0.69,5.49,有,154
官田區,房地(土地+建物),臺南市官田區二鎮里二鎮７號之１０,138.53,都市：其他:商業區,,,1150610,土地3建物1車位0,全,三層,透天厝,住家用,鋼筋混凝土造,0840303,304.33,8,3,5,有,無,6000000,19715,,0.0,0,親友、員工、共有人或其他特殊關係間之交易；,RPSNMLSLQHLGFFD76DA,282.16,0.0,22.17,無,
佳里區,房地(土地+建物),臺南市佳里區安西里義民街３２１號,73.96,都市：其他:住宅區,,,1150630,土地1建物1車位0,一層，二層，三層，騎樓,十層,華廈(10層含以下有電梯),住商用,鋼筋混凝土造,0850821,204.75,5,2,3,有,有,9000000,43956,,0.0,0,,RPRNMLKLQHLGFGD58DA,168.62,0.0,5.4,有,
永康區,房地(土地+建物)+車位,臺南市永康區龍潭街１４４巷１號五樓之３,37.97,都市：其他:住宅區,,,1150605,土地1建物1車位1,五層,五層,華廈(10層含以下有電梯),住家用,鋼筋混凝土造,1141022,117.02000000000001,2,2,2,有,有,11880000,101521,一樓平面,0.0,0,本案汽機車採約定專用，於管委會成立時抽籤分配，每戶配汽機車一位另簽定停車位分管同意書約定,RPRPMLSJOHLGFKD96DA,73.96,0.0,6.97,有,
永康區,房地(土地+建物)+車位,臺南市永康區信義街３３巷６號五樓之１,32.7,都市：其他:住宅區,,,1150620,土地1建物1車位1,五層,五層,華廈(10層含以下有電梯),住家用,鋼筋混凝土構造,1070109,110.4,2,2,2,有,有,8450000,76540,一樓平面,15.13,0,,RPPPMLPKPHLGFKD66DA,63.13,0.0,6.31,有,155
永康區,房地(土地+建物)+車位,臺南市永康區東橋七路１９３號十三樓之３,22.96,都市：其他:住宅區,,,1150629,土地1建物1車位1,十三層,十六層,住宅大樓(11層含以上有電梯),住家用,鋼筋混凝土構造,1061114,147.74,3,2,2,有,有,14420000,97604,坡道平面,22.39,0,,RPROMLPJQHLGFKD76DA,73.76,2.27,7.19,有,156
安南區,房地(土地+建物)+車位,臺南市安南區佃西路５０號三樓之３,36.14,都市：其他:住宅區,,,1150611,土地1建物1車位1,三層,五層,華廈(10層含以下有電梯),住家用,鋼筋混凝土造,1080924,113.46000000000001,2,2,1,有,有,6850000,60374,一樓平面,0.0,0,,RPSNMLQKPHLGFBD58DA,63.6,0.0,4.15,有,157
東區,房地(土地+建物)+車位,臺南市東區仁和路２５５號二樓之６,16.67,都市：其他:住宅區,,,1150606,土地1建物1車位1,二層,十三層,住宅大樓(11層含以上有電梯),住家用,鋼筋混凝土造,1140205,118.4,2,2,2,有,有,11880000,112511,坡道平面,29.52,1880000,其他增建；,RPVOMLKKOHLGFCD38DA,51.76,0.0,4.68,有,
南區,房地(土地+建物),臺南市南區西門路一段３６１巷５號,80.22,都市：其他:住宅區,,,1150613,土地2建物1車位0,全,三層,透天厝,住家用,鋼筋混凝土造,0690716,161.37,4,2,3,有,無,7050000,43688,,0.0,0,陽台外推；頂樓加蓋；其他增建；,RPWNMLKKQHLGFCD58DA,161.37,0.0,0.0,無,
東區,房地(土地+建物),臺南市東區裕信路３４６之３號,82.89,都市：其他:住宅區,,,1150628,土地2建物1車位0,全,五層,透天厝,住家用,鋼筋混凝土造,0940124,223.01,5,2,5,有,有,21800000,97753,,0.0,0,陽台外推；頂樓加蓋；其他增建；,RPQOMLQLQHLGFCD78DA,174.57,2.01,46.43,無,
新營區,房地(土地+建物),臺南市新營區太子路１３９巷６６號五樓之一,20.45,都市：其他:住宅區,,,1150619,土地1建物1車位0,五層，六層,七層,華廈(10層含以下有電梯),住家用,鋼筋混凝土造,0840810,136.64000000000001,4,2,3,有,有,4680000,34251,,0.0,0,,RPPNMLSLQHLGFDD88DA,101.66,0.0,6.32,有,
新市區,房地(土地+建物),臺南市新市區中正路２６８巷１３號,97.18,都市：其他:商業區,,,1150629,土地1建物1車位0,全,四層,透天厝,住商用,鋼筋混凝土造,0980211,285.81,5,2,5,有,無,16880000,59060,,0.0,0,其他增建；,RPWNMLLJRHLGFHD56DA,265.21,0.0,20.6,無,
歸仁區,房地(土地+建物),臺南市歸仁區南興里保興一街１３號,73.24,都市：其他:住宅區,,,1150603,土地2建物1車位0,全,二層,透天厝,住商用,加強磚造,0700500,96.8,3,2,3,有,無,5880000,60744,,0.0,0,其他增建：1樓廚房、鐵皮屋頂增建其他增建；,RPSNMLLMQHLGFID09DA,96.8,0.0,0.0,無,
永康區,房地(土地+建物),臺南市永康區富強路一段９３巷１９弄３７號,90.0,都市：其他:住宅區,,,1150628,土地1建物1車位0,全,四層,透天厝,住家用,鋼筋混凝土構造,1030909,207.75,6,2,3,有,無,16900000,81348,,0.0,0,陽台外推；頂樓加蓋；其他增建；,RPUNMLRLQHLGFKD37DA,157.85,0.0,49.9,無,
安平區,房地(土地+建物),臺南市安平區建平十二街２４巷７０號,84.28,都市：其他:第五種住宅區,,,1150628,土地2建物1車位0,全,四層,透天厝,住家用,鋼筋混凝土構造,1080227,244.44,0,5,4,有,有,27000000,110457,,0.0,0,陽台外推；其他增建；,RPPNMLSLOHLGFAD38DA,220.49,0.0,23.61,有,158
北區,房地(土地+建物),臺南市北區臨安路二段１４３巷１１２弄３０號,86.76,都市：其他:住宅區,,,1150611,土地2建物1車位0,全,四層,透天厝,住家用,鋼筋混凝土構造,1000324,180.23,5,2,4,有,有,16800000,93214,,0.0,0,頂樓加蓋；其他增建；,RPPNMLLJRHLGFAD77DA,153.7,0.0,26.53,無,
北區,房地(土地+建物)+車位,臺南市北區北園街８巷２６號十樓之６,7.96,都市：其他:商業區,,,1150619,土地1建物1車位1,十層,十九層,住宅大樓(11層含以上有電梯),住家用,鋼筋混凝土造,0961227,101.35,2,2,1,有,有,7100000,70054,坡道機械,16.66,0,,RPSOMLLJRHLGFAD18DA,50.47,4.95,4.7,有,159
東區,房地(土地+建物),臺南市東區生產路３２１巷２４號,96.0,都市：其他:住宅區,,,1150617,土地1建物1車位0,全,四層,透天厝,住家用,鋼筋混凝土造,0781211,218.23,5,2,3,有,無,17500000,80191,,0.0,0,其他增建；,RPWNMLRKOHLGFCD09DA,206.97,0.0,11.26,無,
東區,房地(土地+建物)+車位,臺南市東區中華東路三段３９１號三樓之３,14.43,都市：其他:住宅區,,,1150630,土地1建物1車位1,三層,二十層,住宅大樓(11層含以上有電梯),住家用,鋼筋混凝土造,0891128,164.95,3,2,2,有,有,4350000,26372,坡道平面,37.11,0,親友、員工、共有人或其他特殊關係間之交易；,RPQNMLMJRHLGFCD18DA,91.05,0.0,10.01,有,
六甲區,房地(土地+建物),臺南市六甲區光復街７１號二樓之５,30.07,都市：其他:住宅區,,,1150619,土地1建物1車位0,二層,五層,華廈(10層含以下有電梯),住家用,鋼筋混凝土造,1150605,89.06,2,2,2,有,有,6750000,75792,,0.0,0,總價含1個法定空地停車位，車位價格:90萬元。預售屋、或土地及建物分件登記案件；,RPRNMLMJRHLGFFD58DA,53.36,0.0,4.48,有,
仁德區,房地(土地+建物),臺南市仁德區成功里德功路９０之３號,27.01,都市：其他:第一種住宅區,,,1150615,土地1建物1車位0,全,三層,透天厝,住家用,鋼筋混凝土造,1030508,412.59999999999997,4,2,5,有,有,18000000,43626,,0.0,0,親友、員工、共有人或其他特殊關係間之交易；,RPUNMLPLQHLGFID96DA,377.92,0.0,28.03,有,
仁德區,房地(土地+建物),臺南市仁德區成功里文賢路一段２３８號,273.85,都市：其他:第一種住宅區,,,1150613,土地2建物1車位0,全,三層,透天厝,住家用,鋼筋混凝土造,1030508,376.73999999999995,5,3,4,有,無,37800000,100334,,0.0,0,,RPWNMLLMQHLGFID86DA,357.97,0.0,12.12,無,
東區,房地(土地+建物)+車位,臺南市東區仁和路１３０號七樓之２,25.88,都市：其他:住宅區,,,1150613,土地1建物1車位1,七層,八層,華廈(10層含以下有電梯),住家用,鋼筋混凝土造,1140515,130.24,3,2,2,有,有,14680000,119993,坡道平面,22.9,1800000,,RPOOMLSKQHLGFCD68DA,68.84,0.0,7.5,有,
南區,房地(土地+建物),臺南市南區永成路二段８８１巷１６號,99.0,都市：其他:住宅區,,,1150605,土地1建物1車位0,全,二層,透天厝,住家用,鋼筋混凝土造,0790414,126.56,6,2,3,有,無,10000000,79014,,0.0,0,親友、員工、共有人或其他特殊關係間之交易；陽台外推；未登記建物；,RPTNMLMJRHLGFCD48DA,119.84,0.0,6.72,無,
新營區,房地(土地+建物),臺南市新營區三興街２０５巷２７弄１７５之７號,81.03,都市：其他:住宅區,,,1150614,土地3建物1車位0,全,四層,透天厝,住家用,鋼筋混凝土造,1141114,176.31,4,2,4,有,無,15500000,87913,,0.0,0,,RPPNMLTLQHLGFDD98DA,170.1,0.0,6.21,無,
將軍區,土地,將軍段3435地號,97.11,,鄉村區,乙種建築用地,1150623,土地1建物0車位0,,,其他,,,,0.0,0,0,0,無,無,150000,1545,,0.0,0,以土地法34-1出售。親友、員工、共有人或其他特殊關係間之交易；,RPQNMLNJQHLGFGD58DA,0.0,0.0,0.0,無,
仁德區,房地(土地+建物)+車位,臺南市仁德區保生路２２號九樓之１,12.42,都市：其他:商業區,,,1150630,土地1建物1車位1,九層,十五層,住宅大樓(11層含以上有電梯),住家用,鋼筋混凝土造,1141117,111.88,2,2,1,有,有,10980000,108431,坡道平面,24.82,1540000,,RPRNMLLJRHLGFID78DA,53.19,0.0,4.5,有,
仁德區,房地(土地+建物)+車位,臺南市仁德區保生路２２號十樓之１,12.42,都市：其他:商業區,,,1150616,土地1建物1車位1,十層,十五層,住宅大樓(11層含以上有電梯),住家用,鋼筋混凝土造,1141117,111.88,2,2,1,有,有,11100000,108661,坡道平面,24.82,1640000,,RPSNMLLJRHLGFID88DA,53.19,0.0,4.5,有,
關廟區,土地,新埔段719地號,1150.0,,一般農業區,農牧用地,1150630,土地1建物0車位0,,,其他,,,,0.0,0,0,0,無,無,2404000,2090,,0.0,0,本買賣標的部分土地供公眾通行,RPQNMLNJRHLGFID88DA,0.0,0.0,0.0,無,
永康區,房地(土地+建物),臺南市永康區勝利里勝學路２６０巷１２號二樓之３,10.52,都市：其他:住宅區,,,1150625,土地1建物1車位0,二層,十二層,住宅大樓(11層含以上有電梯),住家用,鋼筋混凝土造,0880426,81.41,3,1,2,有,有,5300000,65103,,0.0,0,,RPPOMLLJRHLGFKD88DA,46.73,5.9,6.02,有,160
鹽水區,房地(土地+建物)+車位,臺南市鹽水區月津路１８巷１０３號三樓之三,35.01,都市：其他:住宅區,,,1150627,土地1建物1車位1,三層,五層,華廈(10層含以下有電梯),住家用,鋼筋混凝土造,1130807,101.75,2,2,2,有,無,6800000,67606,一樓平面,13.74,850000,,RPPNMLNJRHLGFDD28DA,59.24,0.0,5.4,有,
新營區,房地(土地+建物),臺南市新營區南紙街１１７巷５６號,24.81,都市：其他:住宅區,,,1150627,土地2建物1車位0,一層，二層，騎樓,七層,華廈(10層含以下有電梯),住商用,鋼筋混凝土造,0831230,124.62,1,1,2,有,有,5000000,40122,,0.0,0,其他增建；,RPPNMLOJRHLGFDD38DA,90.71,3.31,5.7,有,
永康區,房地(土地+建物),臺南市永康區復國二路２１５巷４６號二樓,20.26,都市：其他:住宅區,,,1150614,土地1建物1車位0,二層,十一層,住宅大樓(11層含以上有電梯),住家用,鋼筋混凝土造,0840520,113.36,3,2,2,有,有,5550000,48959,,0.0,0,,RPTNMLNJRHLGFKD76DA,76.21,0.0,10.04,有,
安平區,房地(土地+建物)+車位,臺南市安平區國平北路１３７號三十三樓之１２,7.34,都市：其他:商業區(附),,,1150620,土地1建物1車位1,三十三層,三十四層,住宅大樓(11層含以上有電梯),住家用,鋼骨鋼筋混凝土造、鋼筋混凝土造,1140415,106.81,2,2,1,有,有,7820000,73214,坡道平面,27.92,0,,RPQNMLKLOHLGFAD67DA,48.1,0.0,3.29,有,161
安平區,房地(土地+建物)+車位,臺南市安平區國平北路１４７號二十五樓之７,7.48,都市：其他:商業區(附),,,1150608,土地1建物1車位1,二十五層,三十四層,住宅大樓(11層含以上有電梯),住家用,鋼骨鋼筋混凝土造、鋼筋混凝土造,1140415,113.44,2,1,1,有,有,8250000,72726,坡道平面,33.34,0,,RPXNMLTLPHLGFAD76DA,47.83,0.0,4.36,有,162
安南區,房地(土地+建物)+車位,臺南市安南區州南二街１７６號三樓之５,31.45,都市：其他:住宅區,,,1150622,土地1建物1車位1,三層,五層,華廈(10層含以下有電梯),住家用,鋼筋混凝土造,1150420,109.22,3,2,2,有,無,10980000,103227,一樓平面,20.29,1800000,,RPRNMLSLPHLGFBD78DA,59.94,0.0,5.79,有,
安南區,房地(土地+建物)+車位,臺南市安南區慈興六街９３號十三樓之３,15.68,都市：其他:住宅區,,,1150620,土地1建物1車位1,十三層,十三層,住宅大樓(11層含以上有電梯),住家用,鋼筋混凝土造,1140303,104.18,2,1,2,有,有,8730000,86118,坡道平面,24.29,1850000,,RPTNMLSJRHLGFBD98DA,46.15,0.0,3.84,有,
東區,房地(土地+建物)+車位,臺南市東區崇賢三路３２號五樓之２,31.65,都市：其他:住宅區,,,1150618,土地1建物1車位1,五層,十五層,住宅大樓(11層含以上有電梯),住家用,鋼筋混凝土造,1061031,184.66000000000003,3,2,2,有,有,19500000,115323,坡道平面,29.01,1550000,,RPUOMLSKOHLGFCD09DA,94.21,0.0,14.55,有,163
東區,房地(土地+建物)+車位,臺南市東區崇賢一路３２號十五樓之２,22.11,都市：其他:住宅區,,,1150613,土地1建物1車位1,十五層,十五層,住宅大樓(11層含以上有電梯),住家用,鋼筋混凝土造,1140124,142.55,3,2,2,有,有,19050000,137845,坡道平面,21.69,2390000,,RPRNMLRJRHLGFCD78DA,71.76,0.0,6.73,有,
鹽水區,房地(土地+建物),臺南市鹽水區仁愛路６２６之３號,101.8,都市：其他:住宅區,,,1150614,土地2建物1車位0,全,四層,透天厝,住家用,鋼筋混凝土造,1121016,178.68,4,2,4,有,無,10000000,55966,,0.0,0,其他增建；,RPVNMLNKQHLGFDD88DA,173.26,0.0,5.06,無,164
仁德區,房地(土地+建物)+車位,臺南市仁德區善街７７號四樓之６,18.47,都市：其他:第二之二種商業區,,,1150625,土地1建物1車位1,四層,十五層,住宅大樓(11層含以上有電梯),住家用,鋼筋混凝土造,1140717,135.68,3,2,2,有,有,14500000,113599,坡道機械,14.2,700000,,RPRNMLMJPHLGFID68DA,73.57,0.0,4.41,有,
永康區,房地(土地+建物),臺南市永康區東橋十街８８巷１６號,113.27,都市：其他:住宅區,,,1150627,土地4建物1車位0,全,四層,透天厝,住家用,鋼筋混凝土構造,1010209,199.59,5,2,4,有,有,24800000,124255,,0.0,0,陽台外推；其他增建；,RPUOMLLLQHLGFKD86DA,169.9,5.66,24.03,無,
安南區,房地(土地+建物),臺南市安南區海佃路四段９６號,107.31,都市：其他:住宅區,,,1150611,土地1建物1車位0,全,四層,透天厝,住家用,鋼筋混凝土造,0960411,212.53,7,1,5,有,無,17600000,82812,,0.0,0,頂樓加蓋；其他增建；,RPXNMLRJRHLGFBD66DA,182.15,0.0,30.38,無,
善化區,房地(土地+建物)+車位,臺南市善化區蓮潭路３號八樓之２,28.05,都市：其他:生活服務區(第三種住宅區),,,1150622,土地2建物1車位1,八層,十三層,住宅大樓(11層含以上有電梯),住家用,鋼筋混凝土造,1071122,125.59,2,2,2,有,有,11900000,105525,坡道平面,28.93,1700000,,RPWNMLKMPHLGFHD56DA,57.08,0.0,4.87,有,
歸仁區,房地(土地+建物)+車位,臺南市歸仁區高發一路１０號八樓之２,33.63,都市：其他:住宅區,,,1150629,土地1建物1車位2,八層,十五層,住宅大樓(11層含以上有電梯),住家用,鋼筋混凝土造,1140901,184.68,3,2,2,有,有,14780000,94639,坡道平面,52.81,2300000,親友、員工、共有人或其他特殊關係間之交易；,RPQNMLMKQHLGFID78DA,77.49,0.0,8.27,有,
龍崎區,土地,中坑子段544-92地號,1585.5,,山坡地保育區,農牧用地,1150601,土地4建物0車位0,,,其他,,,,0.0,0,0,0,無,無,600000,378,,0.0,0,親友、員工、共有人或其他特殊關係間之交易；農作物；,RPOOMLSJRHLGFID66DA,0.0,0.0,0.0,無,
安南區,房地(土地+建物),臺南市安南區環館路３４２巷１１號,129.75,都市：其他:住宅區,,,1150502,土地5建物1車位0,全,四層,透天厝,住家用,鋼筋混凝土造,1140904,275.86,3,2,3,有,有,29900000,108384,,0.0,0,,RPPOMLNJOHLGFBD87DA,250.74,0.0,21.15,有,
歸仁區,房地(土地+建物)+車位,臺南市歸仁區智慧三街７號四樓之５,32.72,都市：其他:住宅區,,,1150521,土地1建物1車位1,四層,十三層,住宅大樓(11層含以上有電梯),住家用,鋼筋混凝土造,1140918,149.89999999999998,3,2,2,有,有,12790000,89270,坡道平面,25.67,1700000,,RPXNMLRLQHLGFID47DA,75.14,0.0,7.41,有,
歸仁區,土地,豬厝段1061-1地號,4849.5,,一般農業區,農牧用地,1150507,土地1建物0車位0,,,其他,,,,0.0,0,0,0,無,無,41800000,8619,,0.0,0,,RPVNMLRJQHLGFID07DA,0.0,0.0,0.0,無,
歸仁區,房地(土地+建物)+車位,臺南市歸仁區歸仁五路１７２號六樓之１,29.27,都市：其他:住宅區,,,1150501,土地1建物1車位1,六層,十三層,住宅大樓(11層含以上有電梯),住家用,鋼筋混凝土造,1140113,145.10000000000002,2,2,2,有,有,15950000,111976,坡道平面,19.18,1850000,,RPQNMLLMQHLGFID88DA,75.37,0.0,6.64,有,
中西區,房地(土地+建物),臺南市中西區新美街２８６號,98.37,都市：其他:商業區,,,1150502,土地1建物1車位0,一層，二層，三層,三層,公寓(5樓含以下無電梯),住家用,加強磚造,0430000,218.67,4,2,3,有,無,5653324,25853,,0.0,0,土地買賣價款新台幣5430024元整、建物買賣價款新台幣223300元整。親友、員工、共有人或其他特殊關係間之交易；,RPQNMLLJRHLGFAD87DA,211.31,7.36,0.0,無,
安南區,土地,國安段1516地號,679.26,都市：其他:住宅區,,,1150511,土地1建物0車位0,,,其他,,,,0.0,0,0,0,無,無,57531600,84697,,0.0,0,,RPVNMLSLQHLGFBD66DA,0.0,0.0,0.0,無,165
南區,房地(土地+建物),臺南市南區興隆路３２６號,122.84,都市：其他:住宅區,,,1150521,土地1建物1車位0,全,三層,透天厝,住家用,鋼筋混凝土造,1130409,212.73,4,2,5,有,無,27000000,126921,,0.0,0,其他增建；,RPUNMLRJQHLGFCD98DA,195.33,0.0,17.4,有,
南區,房地(土地+建物),臺南市南區興隆路３０２巷２９號,82.23,都市：其他:住宅區,,,1150511,土地1建物1車位0,全,三層,透天厝,住家用,鋼筋混凝土造,1130409,186.91,4,2,5,有,無,20800000,111284,,0.0,0,其他增建；,RPXNMLLMQHLGFCD98DA,172.16,0.0,14.75,有,
安定區,房地(土地+建物),臺南市安定區新吉４９之２８號,98.21,,鄉村區,乙種建築用地,1150528,土地3建物1車位0,全,三層,透天厝,住家用,鋼筋混凝土造,1031103,161.21,4,2,3,有,無,12450000,77228,,0.0,0,,RPTNMLNKPHLGFHD98DA,152.23,0.0,8.98,無,
歸仁區,土地,歸仁北段229地號,75.0,都市：其他:住宅區,,,1150512,土地1建物0車位0,,,其他,,,,0.0,0,0,0,無,無,3350000,44667,,0.0,0,,RPQNMLTLNHLGFID66DA,0.0,0.0,0.0,無,166
安南區,土地,安東段270-1地號,941.09,都市：其他:住宅區,,,1150525,土地7建物0車位0,,,其他,,,,0.0,0,0,0,無,無,68000000,72257,,0.0,0,價格拆分如下：安東段1. 268-4 地號新臺幣下同2萬元2. 270-1 地號5830萬元3. 276-3 地號154萬元。4. 270-2 地號462萬元。5. 270 地號140萬元。6. 270-3 地號136萬元7. 271地號 16萬元8. 建物總價（未保存建物）60萬元未登記建物；,RPSNMLMJPHLGFBD08DA,0.0,0.0,0.0,無,167
柳營區,土地,平和段952-10地號,1300.57,都市：其他:農業區,,,1150515,土地2建物0車位0,,,其他,,,,0.0,0,0,0,無,無,6380000,4906,,0.0,0,,RPTNMLNKQHLGFDD68DA,0.0,0.0,0.0,無,
新化區,土地,新國段689地號,35.05,都市：其他:商業區,,,1150527,土地3建物0車位0,,,其他,,,,0.0,0,0,0,無,無,6388000,182254,,0.0,0,畸零地或有合併使用效益；,RPXNMLNJRHLGFHD86DA,0.0,0.0,0.0,無,
新化區,土地,新國段690地號,153.6,都市：其他:商業區,,,1150524,土地3建物0車位0,,,其他,,,,0.0,0,0,0,無,無,28000000,182292,,0.0,0,未登記建物；畸零地或有合併使用效益；,RPOOMLNJRHLGFHD68DA,0.0,0.0,0.0,無,
歸仁區,土地,大苓段641地號,3366.0,,特定專用區,農牧用地,1150521,土地2建物0車位0,,,其他,,,,0.0,0,0,0,無,無,60074390,17847,,0.0,0,,RPPNMLMLQHLGFID78DA,0.0,0.0,0.0,無,168
北區,房地(土地+建物),臺南市北區文成三路９９２號,92.1,都市：其他:住宅區,,,1150504,土地1建物1車位0,全,四層,透天厝,住家用,鋼筋混凝土構造,1030429,209.7,5,2,4,有,無,26000000,123987,,0.0,0,其他增建；,RPPNMLPLQHLGFAD28DA,187.01,0.0,22.69,無,169
安南區,房地(土地+建物)+車位,臺南市安南區永續三街２６２號九樓之３,20.85,都市：其他:住宅區,,,1150523,土地1建物1車位1,九層,十五層,住宅大樓(11層含以上有電梯),住家用,鋼筋混凝土造,1100114,148.54000000000002,3,2,2,有,有,12000000,80786,坡道平面,25.6,0,,RPQNMLOJRHLGFBD28DA,75.68,0.0,8.97,有,170
安南區,房地(土地+建物),臺南市安南區安和路一段２２０巷２３號,101.37,都市：其他:住宅區,,,1150408,土地1建物1車位0,全,四層,透天厝,住家用,鋼筋混凝土造,1150109,268.94,5,2,5,有,無,28500000,105972,,0.0,0,,RPTNMLRLQHLGFBD98DA,249.3,0.0,19.64,有,
安定區,土地,保加段1049地號,1229.51,都市：其他:道路用地,,,1150428,土地3建物0車位0,,,其他,,,,0.0,0,0,0,無,無,94000000,76453,,0.0,0,親友、員工、共有人或其他特殊關係間之交易；,RPTNMLRJQHLGFHD76DA,0.0,0.0,0.0,無,171
新營區,房地(土地+建物),臺南市新營區復興路８０３巷４弄１之２號,84.04,都市：其他:住宅區,,,1150429,土地1建物1車位0,全,四層,透天厝,住家用,鋼筋混凝土造,0830923,186.68,4,2,3,有,無,6800000,36426,,0.0,0,陽台外推；,RPQNMLLLQHLGFDD28DA,168.34,1.54,16.8,無,172
白河區,房地(土地+建物),臺南市白河區昇安里６鄰三間厝７９之８號,1983.0,,特定農業區,農牧用地,1150411,土地2建物1車位0,全,一層,透天厝,農業用,鋼鐵造有牆， 鋼鐵造無牆,0970909,1558.28,3,2,2,有,無,7300000,4685,,0.0,0,其他增建；,RPQNMLLMQHLGFED48DA,1558.28,0.0,0.0,無,
安平區,房地(土地+建物),臺南市安平區光州八街４９之１０號,61.0,都市：其他:特定住宅專用區,,,1150429,土地1建物1車位0,全,三層,透天厝,住家用,鋼筋混凝土造,0821021,175.67,4,1,3,有,無,10000000,56925,,0.0,0,親友、員工、共有人或其他特殊關係間之交易；,RPPPMLPLQHLGFAD48DA,169.67,0.0,6.0,無,
七股區,土地,三吉段112地號,885.92,,鄉村區,乙種建築用地,1150420,土地1建物0車位0,,,其他,,,,0.0,0,0,0,無,無,10000000,11288,,0.0,0,,RPQNMLNJRHLGFGD68DA,0.0,0.0,0.0,無,
安定區,房地(土地+建物),臺南市安定區港口２００之３號,197.7,,鄉村區,乙種建築用地,1150416,土地3建物1車位0,全,二層,透天厝,住家用,加強磚造,0840331,208.75,4,2,5,有,無,9500000,45509,,0.0,0,,RPRNMLKLQHLGFHD68DA,208.75,0.0,0.0,無,173
南區,房地(土地+建物),臺南市南區興隆路３０２巷９號,82.25,都市：其他:住宅區,,,1150429,土地1建物1車位0,全,三層,透天厝,住家用,鋼筋混凝土造,1130409,186.91,4,2,5,有,無,21000000,112354,,0.0,0,其他增建；,RPPNMLSJRHLGFCD68DA,172.16,0.0,14.75,有,
楠西區,房地(土地+建物),臺南市楠西區油車４６之２號,3139.33,,一般農業區,農牧用地,1150403,土地1建物1車位0,全,二層,透天厝,農業用,加強磚造,0740716,135.91,4,2,3,有,無,12000000,88294,,0.0,0,含傢俱設備費；,RPQNMLNJRHLGFJD98DA,130.48,0.0,5.43,無,174
安南區,房地(土地+建物)+車位,臺南市安南區新宅一街３００號二樓之３,19.99,都市：其他:住宅區,,,1150311,土地1建物1車位1,二層,十四層,住宅大樓(11層含以上有電梯),住家用,鋼筋混凝土造,1150424,124.67,2,2,1,有,有,9910000,90870,坡道平面,32.34,1520000,預售屋、或土地及建物分件登記案件；,RPSNMLPLQHLGFBD68DA,52.05,0.0,8.42,有,
安南區,房地(土地+建物)+車位,臺南市安南區大安街８１１號三樓之１,34.99,都市：其他:住宅區,,,1150311,土地1建物1車位1,三層,六層,華廈(10層含以下有電梯),住家用,鋼筋混凝土造,1150409,165.74,3,2,2,有,有,13960000,90445,一樓平面,28.53,1550000,預售屋、或土地及建物分件登記案件；,RPSNMLRLQHLGFBD88DA,80.89,0.0,8.2,有,
麻豆區,房地(土地+建物),臺南市麻豆區南勢里南勢８４之１２號,86.46,都市：其他:農業區,,,1150307,土地1建物1車位0,全,一層,透天厝,住家用,鋼筋磚水泥造,,61.31,2,2,1,有,無,1000000,16311,,0.0,0,其他增建；,RPTNMLPLQHLGFFD56DA,61.31,0.0,0.0,無,
東區,房地(土地+建物)+車位,臺南市東區仁東街２５號十四樓之１,19.43,都市：其他:住宅區,,,1150315,土地1建物1車位1,十四層,十四層,住宅大樓(11層含以上有電梯),住家用,鋼筋混凝土造,0871218,130.89,4,2,2,有,有,8350000,63794,坡道機械,9.83,0,其他增建；,RPWNMLPJQHLGFCD98DA,87.15,0.0,11.13,有,175
仁德區,土地,中正段249地號,109.2,都市：其他:第三種住宅區。,,,1150324,土地2建物0車位0,,,其他,,,,0.0,0,0,0,無,無,4500000,41209,,0.0,0,包含公共設施保留地用地；,RPTNMLQJNHLGFID09DA,0.0,0.0,0.0,無,176
將軍區,房地(土地+建物),臺南市將軍區苓和１０１之１２號,109.19,,鄉村區,乙種建築用地,1150314,土地3建物1車位0,全,三層,透天厝,住家用,鋼筋混凝土造,1150106,141.25,3,1,4,有,無,8550000,60531,,0.0,0,,RPPNMLLJRHLGFGD38DA,131.57,0.0,9.68,無,
中西區,房地(土地+建物)+車位,臺南市中西區衛民街９９號十樓之１,29.7,都市：其他:商業區,,,1150302,土地1建物1車位2,十層,十五層,住宅大樓(11層含以上有電梯),住家用,鋼筋混凝土構造,1060915,302.74,3,2,2,有,有,31000000,113588,坡道平面,66.8,4200000,,RPQRMLOKQHLGFAD58DA,144.27,0.0,23.18,有,177
新市區,房地(土地+建物)+車位,臺南市新市區富中街３號三樓之１,42.25,都市：其他:住宅區,,,1150329,土地1建物1車位1,三層,七層,華廈(10層含以下有電梯),住家用,鋼筋混凝土造,1090609,128.70999999999998,3,2,2,有,有,12300000,95564,一樓平面,22.16,0,其他增建；,RPTNMLNJRHLGFHD09DA,68.06,0.0,10.07,有,178
仁德區,房地(土地+建物)+車位,臺南市仁德區文心路７８號二樓之３,9.74,都市：其他:第二之二種商業區,,,1150309,土地1建物1車位1,二層,二十四層,住宅大樓(11層含以上有電梯),住家用,鋼筋混凝土構造,1100315,100.13,2,2,1,有,有,7380000,73704,坡道平面,17.45,0,,RPSNMLQLQHLGFID86DA,49.96,0.0,4.57,有,179
將軍區,土地,保源段1979地號,216.67,,鄉村區,乙種建築用地,1150201,土地1建物0車位0,,,其他,,,,0.0,0,0,0,無,無,820000,3785,,0.0,0,親友、員工、共有人或其他特殊關係間之交易；,RPQOMLRLQHLGFGD66DA,0.0,0.0,0.0,無,180
將軍區,土地,保源段1980地號,22.17,,鄉村區,交通用地,1150201,土地1建物0車位0,,,其他,,,,0.0,0,0,0,無,無,84233,3799,,0.0,0,親友、員工、共有人或其他特殊關係間之交易；,SPQOMLRLQHLGFGD76DA,0.0,0.0,0.0,無,
東區,房地(土地+建物)+車位,臺南市東區崇賢一路３６號三樓之１,21.32,都市：其他:住宅區,,,1141215,土地1建物1車位1,三層,十五層,住宅大樓(11層含以上有電梯),住家用,鋼筋混凝土造,1140124,138.32,3,2,2,有,有,17050000,129298,坡道平面,21.69,1970000,,RPWNMLRLQHLGFCD76DA,69.2,0.0,6.55,有,
後壁區,土地,下茄苳段1731-12地號,775.0,都市：其他:住宅區,,,1141222,土地7建物0車位0,,,其他,,,,0.0,0,0,0,無,無,16700000,21548,,0.0,0,,RPQNMLNJRHLGFED48DA,0.0,0.0,0.0,無,
佳里區,土地,仁愛段504地號,769.09,都市：其他:住宅區,,,1141226,土地1建物0車位0,,,其他,,,,0.0,0,0,0,無,無,26755010,34788,,0.0,0,,RPUNMLRKPHLGFGD76DA,0.0,0.0,0.0,無,
佳里區,土地,仁愛段505地號,655.13,都市：其他:住宅區,,,1141226,土地1建物0車位0,,,其他,,,,0.0,0,0,0,無,無,22790643,34788,,0.0,0,,RPVNMLRKPHLGFGD86DA,0.0,0.0,0.0,無,
佳里區,土地,仁愛段529地號,292.52,都市：其他:住宅區,,,1141226,土地1建物0車位0,,,其他,,,,0.0,0,0,0,無,無,14063205,48076,,0.0,0,土地金額:10176205元未保存建物金額:3887000元未登記建物；,RPXNMLRKPHLGFGD07DA,0.0,0.0,0.0,無,
佳里區,土地,仁愛段506地號,2251.46,都市：其他:住宅區,,,1141226,土地1建物0車位0,,,其他,,,,0.0,0,0,0,無,無,70005619,31093,,0.0,0,土地金額:67880619元未保存建物:2125000元未登記建物；,RPPOMLRKPHLGFGD98DA,0.0,0.0,0.0,無,
佳里區,土地,仁愛段527地號,46.4,都市：其他:道路用地,,,1141226,土地1建物0車位0,,,其他,,,,0.0,0,0,0,無,無,197942,4266,,0.0,0,包含公共設施保留地用地；,RPSOMLRKPHLGFGD66DA,0.0,0.0,0.0,無,
永康區,房地(土地+建物)+車位,臺南市永康區烏竹北街６６號三樓之１,42.16,都市：其他:住宅區,,,1141128,土地1建物1車位1,三層,五層,華廈(10層含以下有電梯),住家用,鋼筋混凝土造,1150609,128.98000000000002,3,2,2,有,有,12200000,93819,一樓平面,16.53,1650000,預售屋、或土地及建物分件登記案件；,RPVOMLOKQHLGFKD17DA,78.59,0.0,9.58,有,
永康區,房地(土地+建物)+車位,臺南市永康區復國一路５３７號九樓之１,28.73,都市：其他:住宅區,,,1140703,土地1建物1車位1,九層,十五層,住宅大樓(11層含以上有電梯),住家用,鋼筋混凝土造,1150629,165.41000000000003,3,2,2,有,有,16700000,110889,坡道平面,30.41,1730000,預售屋、或土地及建物分件登記案件；,RPTNMLSKQHLGFKD27DA,79.46,0.0,9.52,有,
官田區,土地,官田段97地號,616.0,都市：其他:農業區,,,1140606,土地1建物0車位0,,,其他,,,,0.0,0,0,0,無,無,1870000,3036,,0.0,0,,RPRNMLRLNHLGFFD88DA,0.0,0.0,0.0,無,
永康區,土地,大灣段6126地號,1842.0,都市：其他:商業區,,,1140507,土地1建物0車位0,,,其他,,,,0.0,0,0,0,無,無,330000000,179153,,0.0,0,,RPROMLSLQHLGFKD27DA,0.0,0.0,0.0,無,
永康區,房地(土地+建物)+車位,臺南市永康區復國一路５３５號四樓之２,21.35,都市：其他:住宅區,,,1140406,土地1建物1車位1,四層,十四層,住宅大樓(11層含以上有電梯),住家用,鋼筋混凝土造,1150629,130.84,2,2,2,有,有,13000000,112217,坡道平面,30.41,1730000,預售屋、或土地及建物分件登記案件；,RPQNMLQLQHLGFKD86DA,59.74,0.0,6.46,有,
安南區,房地(土地+建物)+車位,臺南市安南區大安街８１１號五樓之９,34.91,都市：其他:住宅區,,,1140304,土地1建物1車位1,五層,六層,華廈(10層含以下有電梯),住家用,鋼筋混凝土造,1150409,165.46,3,2,2,有,有,14650000,95669,一樓平面,28.53,1550000,預售屋、或土地及建物分件登記案件；,RPRNMLNJRHLGFBD28DA,80.73,0.0,8.2,有,
東區,土地,虎尾段62-3地號,167.92,都市：其他:住宅區,,,1140207,土地1建物0車位0,,,其他,,,,0.0,0,0,0,無,無,30477000,181497,,0.0,0,,RPSNMLNJQHLGFCD38DA,0.0,0.0,0.0,無,
永康區,房地(土地+建物)+車位,臺南市永康區復國一路５３５號十一樓之１,20.8,都市：其他:住宅區,,,1140213,土地1建物1車位1,十一層,十四層,住宅大樓(11層含以上有電梯),住家用,鋼筋混凝土造,1150629,128.68,2,2,2,有,有,13250000,116923,坡道平面,30.41,1760000,預售屋、或土地及建物分件登記案件；,RPRNMLSLQHLGFKD17DA,59.57,0.0,5.2,有,
安南區,房地(土地+建物),臺南市安南區安中路四段３２０巷１２２號,78.73,都市：其他:住宅區,,,1140209,土地6建物1車位0,全,四層,透天厝,住家用,鋼筋混凝土造,1150325,176.56,4,2,5,有,無,16200000,91754,,0.0,0,預售屋、或土地及建物分件登記案件；,RPTOMLLMQHLGFBD58DA,157.49,0.0,19.07,無,
安南區,房地(土地+建物),臺南市安南區安中路四段３２０巷１３２號,79.96,都市：其他:住宅區,,,1131221,土地6建物1車位0,全,四層,透天厝,住家用,鋼筋混凝土造,1150325,177.68,4,2,5,有,無,16220000,91288,,0.0,0,預售屋、或土地及建物分件登記案件；,RPSOMLLMQHLGFBD48DA,158.97,0.0,18.71,無,
安南區,房地(土地+建物),臺南市安南區安中路四段３２０巷１３０號,86.37,都市：其他:住宅區,,,1131214,土地6建物1車位0,全,四層,透天厝,住家用,鋼筋混凝土造,1150325,179.01,4,2,5,有,無,16320000,91168,,0.0,0,預售屋、或土地及建物分件登記案件；,RPROMLLMQHLGFBD38DA,160.14,0.0,18.87,無,
安南區,房地(土地+建物)+車位,臺南市安南區新宅一街３００號六樓之１,26.41,都市：其他:住宅區,,,1131011,土地1建物1車位1,六層,十四層,住宅大樓(11層含以上有電梯),住家用,鋼筋混凝土造,1150424,153.17000000000002,3,2,2,有,有,13610000,99016,坡道平面,31.27,1540000,預售屋、或土地及建物分件登記案件；,RPWNMLPLQHLGFBD09DA,70.42,0.0,9.42,有,
安南區,房地(土地+建物)+車位,臺南市安南區新宅一街３００號五樓之６,26.32,都市：其他:住宅區,,,1131009,土地1建物1車位1,五層,十四層,住宅大樓(11層含以上有電梯),住家用,鋼筋混凝土造,1150424,153.92000000000002,3,2,2,有,有,13420000,97055,坡道平面,32.34,1620000,預售屋、或土地及建物分件登記案件；,RPOOMLQLQHLGFBD48DA,70.46,0.0,9.16,有,
永康區,房地(土地+建物)+車位,臺南市永康區復國一路５３７號十二樓之２,27.09,都市：其他:住宅區,,,1130915,土地1建物1車位1,十二層,十五層,住宅大樓(11層含以上有電梯),住家用,鋼筋混凝土造,1150629,157.36,3,2,2,有,有,16100000,113194,坡道平面,30.41,1730000,預售屋、或土地及建物分件登記案件；,RPPNMLQLQHLGFKD76DA,74.49,0.0,9.21,有,
永康區,房地(土地+建物)+車位,臺南市永康區復國一路５３５號三樓之３,18.88,都市：其他:住宅區,,,1130914,土地1建物1車位1,三層,十四層,住宅大樓(11層含以上有電梯),住家用,鋼筋混凝土造,1150629,118.49,2,2,1,有,有,11720000,112284,坡道平面,30.41,1830000,預售屋、或土地及建物分件登記案件；,RPPNMLOLQHLGFKD56DA,52.64,0.0,5.44,有,
安南區,房地(土地+建物)+車位,臺南市安南區新宅一街３００號七樓之２,26.76,都市：其他:住宅區,,,1130916,土地1建物1車位1,七層,十四層,住宅大樓(11層含以上有電梯),住家用,鋼筋混凝土造,1150424,155.92000000000002,3,2,2,有,有,13470000,96698,坡道平面,32.34,1520000,預售屋、或土地及建物分件登記案件；,RPXNMLPLQHLGFBD56DA,71.66,0.0,9.28,有,
安定區,房地(土地+建物)+車位,臺南市安定區六塊寮７７之３號五樓之１,32.89,,鄉村區,乙種建築用地,1130921,土地3建物1車位1,五層,六層,華廈(10層含以下有電梯),住家用,鋼筋混凝土造,1150326,110.52,3,2,2,有,有,9250000,81971,一樓平面,14.51,1380000,夫妻更名:原預售夫 登記為妻預售屋、或土地及建物分件登記案件；,RPRNMLOJRHLGFHD98DA,64.12,0.0,5.46,有,
後壁區,房地(土地+建物),臺南市後壁區後壁里後壁１４８之２９號,106.75,都市：其他:住宅區,,,1130930,土地1建物1車位0,全,三層,透天厝,住家用,鋼筋混凝土造,1150507,156.61,4,2,4,有,無,13300000,84924,,0.0,0,本案依據建設公司提供之預售契約書登載，總價新台幣  1330萬元，土地售價 420萬元，房屋售價910萬元。預售屋、或土地及建物分件登記案件；,RPQNMLPKOHLGFED48DA,141.25,0.0,15.36,無,
永康區,房地(土地+建物)+車位,臺南市永康區復國一路５３５號十四樓之２,21.35,都市：其他:住宅區,,,1130801,土地1建物1車位1,十四層,十四層,住宅大樓(11層含以上有電梯),住家用,鋼筋混凝土造,1150629,130.84,2,2,2,有,有,13310000,115304,坡道平面,30.41,1730000,預售屋、或土地及建物分件登記案件；,RPVNMLSLQHLGFKD57DA,59.74,0.0,6.46,有,
永康區,房地(土地+建物)+車位,臺南市永康區永善路３６號十三樓之６,24.63,都市：其他:住宅區,,,1130802,土地1建物1車位1,十三層,十四層,住宅大樓(11層含以上有電梯),住家用,鋼筋混凝土造,1150416,163.76,3,2,2,有,有,14890000,107984,坡道平面,39.76,1500000,預售屋、或土地及建物分件登記案件；,RPVPMLPKNHLGFKD07DA,71.85,0.0,9.0,有,
永康區,房地(土地+建物)+車位,臺南市永康區復國一路５３７號六樓之２,27.09,都市：其他:住宅區,,,1130703,土地1建物1車位1,六層,十五層,住宅大樓(11層含以上有電梯),住家用,鋼筋混凝土造,1150629,157.36,3,2,2,有,有,16300000,113982,坡道平面,30.41,1830000,預售屋、或土地及建物分件登記案件；,RPTNMLLLQHLGFKD66DA,74.49,0.0,9.21,有,
永康區,房地(土地+建物)+車位,臺南市永康區復國一路５３５號十一樓之２,21.35,都市：其他:住宅區,,,1130707,土地1建物1車位1,十一層,十四層,住宅大樓(11層含以上有電梯),住家用,鋼筋混凝土造,1150629,130.84,2,2,2,有,有,12550000,107637,坡道平面,30.41,1740000,親友、員工、共有人或其他特殊關係間之交易；預售屋、或土地及建物分件登記案件；,RPTOMLLMQHLGFKD86DA,59.74,0.0,6.46,有,
永康區,房地(土地+建物)+車位,臺南市永康區復國一路５３５號六樓之５,18.88,都市：其他:住宅區,,,1130713,土地1建物1車位1,六層,十四層,住宅大樓(11層含以上有電梯),住家用,鋼筋混凝土造,1150629,118.49,2,2,1,有,有,11650000,112625,坡道平面,30.41,1730000,預售屋、或土地及建物分件登記案件；,RPWOMLLMQHLGFKD17DA,52.64,0.0,5.44,有,
永康區,房地(土地+建物)+車位,臺南市永康區復國一路５３５號二樓之２,21.07,都市：其他:住宅區,,,1130719,土地1建物1車位1,二層,十四層,住宅大樓(11層含以上有電梯),住家用,鋼筋混凝土造,1150629,129.88,2,2,2,有,有,12990000,111893,坡道平面,30.41,1860000,預售屋、或土地及建物分件登記案件；,RPUNMLLLQHLGFKD76DA,59.11,0.0,6.46,有,
永康區,房地(土地+建物)+車位,臺南市永康區復國一路５３５號三樓之５,18.88,都市：其他:住宅區,,,1130703,土地1建物1車位1,三層,十四層,住宅大樓(11層含以上有電梯),住家用,鋼筋混凝土造,1150629,118.49,2,2,1,有,有,11360000,110127,坡道平面,30.41,1660000,預售屋、或土地及建物分件登記案件；,RPXNMLLLQHLGFKD07DA,52.64,0.0,5.44,有,
永康區,房地(土地+建物)+車位,臺南市永康區永善路３６號十二樓之３,18.01,都市：其他:住宅區,,,1130612,土地1建物1車位1,十二層,十四層,住宅大樓(11層含以上有電梯),住家用,鋼筋混凝土造,1150416,130.44,2,2,1,有,有,11670000,113255,坡道平面,39.76,1400000,預售屋、或土地及建物分件登記案件；,RPXNMLPLQHLGFKD47DA,50.54,0.0,8.58,有,
安南區,房地(土地+建物)+車位,臺南市安南區新宅一街３００號十二樓之７,18.82,都市：其他:住宅區,,,1130624,土地1建物1車位1,十二層,十四層,住宅大樓(11層含以上有電梯),住家用,鋼筋混凝土造,1150424,119.28999999999999,2,2,1,有,有,10660000,106153,坡道平面,32.34,1430000,預售屋、或土地及建物分件登記案件；,RPOOMLPLQHLGFBD38DA,52.05,0.0,4.88,有,
大內區,房地(土地+建物),臺南市大內區石城里石子瀨１２０之２５號,88.08,都市：其他:住宅區,,,1130621,土地2建物1車位0,全,四層,透天厝,住家用,鋼筋混凝土造,1150326,195.01,4,2,5,有,有,12650000,64868,,0.0,0,土地價款:506萬元整建物價款:759萬元整預售屋、或土地及建物分件登記案件；,RPUNMLLJRHLGFFD78DA,184.57,0.0,10.44,無,
永康區,房地(土地+建物)+車位,臺南市永康區復國一路５３５號九樓之２,21.35,都市：其他:住宅區,,,1130612,土地1建物1車位1,九層,十四層,住宅大樓(11層含以上有電梯),住家用,鋼筋混凝土造,1150629,130.84,2,2,2,有,有,13350000,114707,坡道平面,30.41,1830000,預售屋、或土地及建物分件登記案件；,RPSNMLSLQHLGFKD27DA,59.74,0.0,6.46,有,
北區,房地(土地+建物)+車位,臺南市北區和緯路二段３４１號十一樓之１,19.18,都市：其他:住宅區,,,1130531,土地1建物1車位1,十一層,十五層,住宅大樓(11層含以上有電梯),住家用,鋼筋混凝土造,1141110,169.67000000000002,2,2,3,有,有,22400000,139435,坡道平面,22.29,1850000,預售屋、或土地及建物分件登記案件；,RPSNMLSLQHLGFAD88DA,85.99,0.0,8.01,有,
歸仁區,房地(土地+建物)+車位,臺南市歸仁區高鐵大道３３號二樓之７,14.94,都市：其他:商業區,,,1130412,土地1建物1車位1,二層,十七層,住宅大樓(11層含以上有電梯),住家用,鋼筋混凝土造,1141023,98.41,2,2,1,有,有,9230000,110045,坡道平面,25.44,1200000,預售屋、或土地及建物分件登記案件；,RPVTMLPKKIKGFID96DA,42.77,0.0,4.35,有,
安南區,房地(土地+建物)+車位,臺南市安南區新宅一街３００號六樓之６,26.32,都市：其他:住宅區,,,1130122,土地1建物1車位1,六層,十四層,住宅大樓(11層含以上有電梯),住家用,鋼筋混凝土造,1150424,153.92000000000002,3,2,2,有,有,13350000,96480,坡道平面,32.34,1620000,預售屋、或土地及建物分件登記案件；,RPSNMLLKQHLGFBD18DA,70.46,0.0,9.16,有,
善化區,房地(土地+建物)+車位,臺南市善化區小新營５之１５號五樓之８,38.95,都市：其他:住宅區,,,1130121,土地2建物1車位1,五層,七層,華廈(10層含以下有電梯),住家用,鋼筋混凝土造,1150327,138.74,3,2,2,有,有,10993094,86734,一樓平面,33.67,1880000,115年8月17日有簽訂增補契約，因成屋面積有調整，交易金額有找補情形，買方找補金額為113094元。預售屋、或土地及建物分件登記案件；,RPOOMLPLQHLGFHD98DA,73.63,0.0,5.76,有,
善化區,房地(土地+建物),臺南市善化區小新營５之１５號三樓之５,29.79,都市：其他:住宅區,,,1130107,土地2建物1車位0,三層,七層,華廈(10層含以下有電梯),住家用,鋼筋混凝土造,1150327,79.68,2,2,2,有,有,6749381,84706,,0.0,0,115年8月26日有簽訂增補契約，因成屋面積有調整，交易金額有找補情形，買方找補金額為69381 元。預售屋、或土地及建物分件登記案件；,RPRNMLQLQHLGFHD66DA,55.58,0.0,4.6,有,
善化區,房地(土地+建物),臺南市善化區小新營５之１５號四樓之１,31.03,都市：其他:住宅區,,,1130120,土地2建物1車位0,四層,七層,華廈(10層含以下有電梯),住家用,鋼筋混凝土造,1150327,81.99,2,2,2,有,有,6995467,85321,,0.0,0,115年8月28日有簽訂增補契約，因成屋面積有調整，交易金額有找補情形，買方找補金額為55467元預售屋、或土地及建物分件登記案件；,RPVNMLSLQHLGFHD27DA,55.5,0.0,7.08,有,
安南區,房地(土地+建物)+車位,臺南市安南區新宅一街３００號九樓之７,18.82,都市：其他:住宅區,,,1121215,土地1建物1車位1,九層,十四層,住宅大樓(11層含以上有電梯),住家用,鋼筋混凝土造,1150424,119.28999999999999,2,2,1,有,有,10370000,100633,坡道平面,32.34,1620000,預售屋、或土地及建物分件登記案件；,RPTNMLLKQHLGFBD28DA,52.05,0.0,4.88,有,
善化區,房地(土地+建物)+車位,臺南市善化區小新營５之１５號七樓之２,38.96,都市：其他:住宅區,,,1121223,土地2建物1車位1,七層,七層,華廈(10層含以下有電梯),住家用,鋼筋混凝土造,1150327,132.03,3,2,2,有,有,10453641,85184,一樓平面,26.92,1500000,115年8月1日有簽訂增補契約，因成屋面積有調整，交易金額有找補情形，買方找補金額為13641元。預售屋、或土地及建物分件登記案件；,RPPOMLPLQHLGFHD09DA,75.16,0.0,4.24,有,
善化區,房地(土地+建物)+車位,臺南市善化區小新營５之１５號七樓之３,37.0,都市：其他:住宅區,,,1121223,土地2建物1車位1,七層,七層,華廈(10層含以下有電梯),住家用,鋼筋混凝土造,1150327,127.25,3,2,2,有,有,10149603,86212,一樓平面,26.92,1500000,115年8月21日有簽訂增補契約，因成屋面積有調整，交易金額有找補情形，買方找補金額為109603元。預售屋、或土地及建物分件登記案件；,RPQOMLPLQHLGFHD56DA,71.39,0.0,4.02,有,
善化區,房地(土地+建物),臺南市善化區小新營５之１５號七樓之１,29.79,都市：其他:住宅區,,,1121223,土地2建物1車位0,七層,七層,華廈(10層含以下有電梯),住家用,鋼筋混凝土造,1150327,80.33,2,2,2,有,有,6907804,85993,,0.0,0,115年8月31日有簽訂增補契約，因成屋面積有調整，交易金額有找補情形，買方找補金額為77804元。預售屋、或土地及建物分件登記案件；,RPUNMLLJRHLGFHD98DA,56.13,0.0,4.7,有,
安定區,土地,六塊寮段1822地號,1271.0,,特定農業區,農牧用地,1121225,土地1建物0車位0,,,其他,,,,0.0,0,0,0,無,無,18000000,14162,,0.0,0,農作物；,RPOOMLMLPHLGFHD58DA,0.0,0.0,0.0,無,
新化區,房地(土地+建物)+車位,臺南市新化區民治路５５巷２５號六樓之２,39.33,都市：其他:住宅區,,,1121029,土地1建物1車位1,六層,十二層,住宅大樓(11層含以上有電梯),住家用,鋼筋混凝土造,1150618,153.42000000000002,3,2,2,有,有,12800000,90448,一樓平面,31.25,1750000,土地總價530萬元，建物總價575萬元預售屋、或土地及建物分件登記案件；,RPQOMLPKQHLGFHD09DA,73.87,0.0,8.06,有,
歸仁區,房地(土地+建物)+車位,臺南市歸仁區高發一路１０號一樓之１,29.54,都市：其他:住宅區,,,1120630,土地1建物1車位2,一層,十五層,住宅大樓(11層含以上有電梯),住家用,鋼筋混凝土造,1140901,155.59,2,2,2,有,有,13200000,102160,坡道平面,52.81,2700000,預售屋、或土地及建物分件登記案件；,RPQNMLRLQHLGFID76DA,66.14,0.0,9.06,有,
安南區,房地(土地+建物)+車位,臺南市安南區新宅一街３０６號二樓之３,20.43,都市：其他:住宅區,,,1120621,土地1建物1車位1,二層,十四層,住宅大樓(11層含以上有電梯),住家用,鋼筋混凝土造,1150424,125.6,2,2,1,有,有,10230000,94244,坡道平面,31.27,1340000,預售屋、或土地及建物分件登記案件；,RPPOMLQLQHLGFBD58DA,52.29,0.0,9.5,有,
善化區,房地(土地+建物)+車位,臺南市善化區小新營５之１５號四樓之５,29.79,都市：其他:住宅區,,,1120503,土地2建物1車位1,四層,七層,華廈(10層含以下有電梯),住家用,鋼筋混凝土造,1150327,95.84,2,2,2,有,有,8031456,87242,其他,16.16,1080000,115年8月20日有簽訂增補契約，因成屋面積有調整，交易金額有找補情形，買方找補金額為71456元。預售屋、或土地及建物分件登記案件；,RPWNMLPLQHLGFHD07DA,55.58,0.0,4.6,有,
歸仁區,房地(土地+建物)+車位,臺南市歸仁區高發一路１０號四樓之３,21.11,都市：其他:住宅區,,,1120512,土地1建物1車位1,四層,十五層,住宅大樓(11層含以上有電梯),住家用,鋼筋混凝土造,1140901,110.35,2,2,2,有,有,8950000,94157,坡道平面,27.51,1150000,讓渡日期：114.10.30讓渡金額895萬預售屋、或土地及建物分件登記案件；,RPPNMLSJRHLGFID66DA,49.24,0.0,4.64,有,
善化區,房地(土地+建物)+車位,臺南市善化區小新營５之１５號四樓之６,29.79,都市：其他:住宅區,,,1120429,土地2建物1車位1,四層,七層,華廈(10層含以下有電梯),住家用,鋼筋混凝土造,1150327,95.84,2,2,2,有,有,8031456,87242,其他,16.16,1080000,由指定登記名義人辦理登記115年7月13日有簽訂增補契約，因成屋面積有調整，交易金額有找補情形，買方找補金額為71456元。預售屋、或土地及建物分件登記案件；,RPXNMLPLQHLGFHD17DA,55.58,0.0,4.6,有,
歸仁區,房地(土地+建物)+車位,臺南市歸仁區智發街９號,44.4,都市：其他:住宅區,,,1111017,土地1建物1車位2,一層，見其他登記事項,十四層,住宅大樓(11層含以上有電梯),商業用,鋼筋混凝土造,1140124,205.6,0,0,0,無,有,25590000,145527,坡道平面,53.12,3400000,讓渡日期114.3.6讓渡總價2729萬。由繼承人繼受。預售屋、或土地及建物分件登記案件；,RPPNMLNLPHLGFID78DA,103.28,0.0,10.1,有,
中西區,房地(土地+建物)+車位,臺南市中西區南華街２３號四樓之３,21.81,都市：其他:住宅區,,,1101230,土地2建物1車位1,四層,十二層,住宅大樓(11層含以上有電梯),住家用,鋼筋混凝土造,1141110,156.96,2,2,2,有,有,13900000,100854,坡道平面,34.01,1500000,預售屋、或土地及建物分件登記案件；,RPOOMLMKQHLGFAD87DA,73.03,0.0,6.87,有,
北區,房地(土地+建物)+車位,臺南市北區西門路四段５３３巷２８號十三樓之７,17.43,都市：其他:住宅區,,,1101212,土地1建物1車位1,十三層,十四層,住宅大樓(11層含以上有電梯),住家用,鋼筋混凝土造,1150506,115.09,2,2,1,有,有,9670000,102583,坡道平面,34.96,1450000,1.112/1/8簽立讓渡書，讓渡金額不變。2.114/11/14簽立讓渡書，讓渡金額：新台幣970萬元。預售屋、或土地及建物分件登記案件；,RPXNMLQLQHLGFAD56DA,48.35,0.0,4.06,有,
北區,房地(土地+建物)+車位,臺南市北區立賢路二段５號二十一樓之１１,16.49,都市：其他:住宅區,,,1101121,土地1建物1車位2,二十一層,二十四層,住宅大樓(11層含以上有電梯),住家用,鋼筋混凝土造,1150511,211.22,3,1,2,有,有,18980000,97709,坡道平面,49.72,3200000,預售屋、或土地及建物分件登記案件；,RPUOMLPLQHLGFAD88DA,86.58,7.65,8.24,有,
北區,房地(土地+建物)+車位,臺南市北區西門路四段５３３巷２８號十一樓之２,26.41,都市：其他:住宅區,,,1101118,土地1建物1車位1,十一層,十四層,住宅大樓(11層含以上有電梯),住家用,鋼筋混凝土造,1150506,156.4,3,2,2,有,有,13520000,99391,坡道平面,34.96,1450000,預售屋、或土地及建物分件登記案件；,RPUNMLQLQHLGFAD88DA,74.42,0.0,5.03,有,
北區,房地(土地+建物)+車位,臺南市北區西門路四段５３３巷２８號十四樓之３,17.15,都市：其他:住宅區,,,1101110,土地1建物1車位1,十四層,十四層,住宅大樓(11層含以上有電梯),住家用,鋼筋混凝土造,1150506,113.77,2,2,1,有,有,9270000,97957,坡道平面,34.96,1550000,預售屋、或土地及建物分件登記案件；,RPWNMLQLQHLGFAD09DA,47.43,0.0,4.12,有,
北區,房地(土地+建物)+車位,臺南市北區立賢路二段５號十八樓之１７,9.97,都市：其他:住宅區,,,1101125,土地1建物1車位1,十八層,二十四層,住宅大樓(11層含以上有電梯),住家用,鋼筋混凝土造,1150511,104.32,2,1,1,有,有,10390000,96692,坡道機械,6.69,950000,預售屋、或土地及建物分件登記案件；,RPUNMLPJRHLGFAD68DA,51.4,6.38,4.23,有,
北區,房地(土地+建物)+車位,臺南市北區立賢路二段５號二十二樓之９,7.85,都市：其他:住宅區,,,1101111,土地1建物1車位1,二十二層,二十四層,住宅大樓(11層含以上有電梯),住家用,鋼筋混凝土造,1150511,83.22,2,1,1,有,有,8080000,95779,坡道機械,6.69,750000,本案於113年11月2日讓渡，其權利契約買賣價格不變。預售屋、或土地及建物分件登記案件；,RPQOMLPJRHLGFAD38DA,41.45,3.98,3.13,有,
北區,房地(土地+建物)+車位,臺南市北區立賢路二段５號二十三樓之１７,9.97,都市：其他:住宅區,,,1101019,土地1建物1車位1,二十三層,二十四層,住宅大樓(11層含以上有電梯),住家用,鋼筋混凝土造,1150511,104.32,2,1,1,有,有,10380000,96589,坡道機械,6.69,950000,預售屋、或土地及建物分件登記案件；,RPWOMLPLQHLGFAD09DA,51.4,6.38,4.23,有,
永康區,房地(土地+建物)+車位,臺南市永康區東橋五路１５９號十三樓之３,8.78,都市：其他:商業區,,,1101018,土地1建物1車位1,十三層,二十三層,住宅大樓(11層含以上有電梯),住家用,鋼筋混凝土造,1150326,85.09,0,0,0,無,有,5190000,59541,坡道機械,10.52,750000,110.10.18轉讓取得權利讓與金額535萬元預售屋、或土地及建物分件登記案件；,RPTNMLKMQHLGFKD66DA,44.86,0.0,2.95,有,
北區,房地(土地+建物)+車位,臺南市北區立賢路二段５號二十樓之２２,13.12,都市：其他:住宅區,,,1101001,土地1建物1車位1,二十層,二十四層,住宅大樓(11層含以上有電梯),住家用,鋼筋混凝土造,1150511,153.0,3,1,2,有,有,12850000,87795,坡道平面,24.86,1600000,預售屋、或土地及建物分件登記案件；,RPPOMLPJRHLGFAD28DA,67.16,9.85,4.28,有,
永康區,房地(土地+建物)+車位,臺南市永康區東橋五路１５９號十八樓之３,8.78,都市：其他:商業區,,,1101022,土地1建物1車位1,十八層,二十三層,住宅大樓(11層含以上有電梯),住家用,鋼筋混凝土造,1150326,85.09,0,0,0,無,有,5260000,61151,坡道機械,10.52,700000,110.10.22轉讓取得權利讓與金額540萬元預售屋、或土地及建物分件登記案件；,RPUNMLKMQHLGFKD76DA,44.86,0.0,2.95,有,
永康區,房地(土地+建物)+車位,臺南市永康區東橋五路１６３號十七樓之８,7.69,都市：其他:商業區,,,1100826,土地1建物1車位1,十七層,二十三層,住宅大樓(11層含以上有電梯),住家用,鋼筋混凝土造,1150326,75.44,0,0,0,無,有,4900000,61614,坡道機械,10.52,900000,110.08.26轉讓取得權利讓與金額578萬元預售屋、或土地及建物分件登記案件；,RPOSMLQKQHLGFKD07DA,38.79,0.0,2.87,有,
永康區,房地(土地+建物)+車位,臺南市永康區東橋五路１６３號十一樓之２,12.52,都市：其他:商業區,,,1100706,土地1建物1車位1,十一層,二十三層,住宅大樓(11層含以上有電梯),住家用,鋼筋混凝土造,1150326,122.45,1,2,1,有,有,7780000,69988,坡道平面,27.72,1150000,113.01.22轉讓權利讓與金額1038萬元預售屋、或土地及建物分件登記案件；,RPXRMLQKQHLGFKD87DA,57.68,0.0,3.27,有,
永康區,房地(土地+建物)+車位,臺南市永康區東橋五路１５９號二十樓之６,10.41,都市：其他:商業區,,,1100726,土地1建物1車位1,二十層,二十三層,住宅大樓(11層含以上有電梯),住家用,鋼筋混凝土造,1150326,101.31,1,2,1,有,有,6660000,65095,坡道機械,10.52,750000,110.07.19轉讓取得權利讓與金額730萬元預售屋、或土地及建物分件登記案件；,RPVOMLQKQHLGFKD37DA,53.82,0.0,4.47,有,
永康區,房地(土地+建物)+車位,臺南市永康區東橋五路１６１號八樓之２,12.52,都市：其他:商業區,,,1100716,土地1建物1車位1,八層,二十三層,住宅大樓(11層含以上有電梯),住家用,鋼筋混凝土造,1150326,122.77000000000001,1,2,1,有,有,7680000,67123,坡道平面,27.72,1300000,115.5.5轉讓權利讓與金額相同預售屋、或土地及建物分件登記案件；,RPVNMLTLQHLGFKD67DA,57.68,0.0,3.27,有,
北區,房地(土地+建物)+車位,臺南市北區立賢路二段５號十二樓之５,7.27,都市：其他:住宅區,,,1100517,土地1建物1車位1,十二層,二十四層,住宅大樓(11層含以上有電梯),住家用,鋼筋混凝土造,1150511,77.64,2,1,1,有,有,6730000,84285,坡道機械,6.69,750000,本案於113年10月24日讓渡，其權利契約買賣價格不變。預售屋、或土地及建物分件登記案件；,RPXNMLPLQHLGFAD09DA,38.7,2.04,4.39,有,
北區,房地(土地+建物)+車位,臺南市北區立賢路二段５號十三樓之２２,13.12,都市：其他:住宅區,,,1100507,土地1建物1車位1,十三層,二十四層,住宅大樓(11層含以上有電梯),住家用,鋼筋混凝土造,1150511,158.01,3,1,2,有,有,11750000,80771,坡道平面,29.87,1400000,預售屋、或土地及建物分件登記案件；,RPPOMLPLQHLGFAD38DA,67.16,9.85,4.28,有,
北區,房地(土地+建物)+車位,臺南市北區立賢路二段５號十三樓之２０,12.72,都市：其他:住宅區,,,1100502,土地1建物1車位1,十三層,二十四層,住宅大樓(11層含以上有電梯),住家用,鋼筋混凝土造,1150511,154.3,2,2,2,有,有,11750000,82376,坡道平面,29.87,1500000,本案於113年10月7日讓渡，其權利契約買賣價格不變。預售屋、或土地及建物分件登記案件；,RPOOMLPLQHLGFAD28DA,66.52,9.07,3.42,有,
北區,房地(土地+建物)+車位,臺南市北區立賢路二段５號十八樓之２０,12.72,都市：其他:住宅區,,,1100404,土地1建物1車位1,十八層,二十四層,住宅大樓(11層含以上有電梯),住家用,鋼筋混凝土造,1150511,149.28,1,1,2,有,有,11860000,83266,坡道平面,24.86,1500000,本案於110年12月27日讓渡，其權利契約買賣價格1220萬元整。預售屋、或土地及建物分件登記案件；,RPVNMLPJRHLGFAD78DA,66.52,9.07,3.42,有,
北區,房地(土地+建物)+車位,臺南市北區立賢路二段５號十九樓之９,7.85,都市：其他:住宅區,,,1100302,土地1建物1車位1,十九層,二十四層,住宅大樓(11層含以上有電梯),住家用,鋼筋混凝土造,1150511,83.22,2,2,1,有,有,7370000,83889,坡道機械,6.69,950000,本案於113年11月1日讓渡，其權利契約買賣價格不變。預售屋、或土地及建物分件登記案件；,RPSOMLPLQHLGFAD68DA,41.45,3.98,3.13,有,
永康區,房地(土地+建物)+車位,臺南市永康區東橋五路１６１號十八樓之７,13.4,都市：其他:商業區,,,1100308,土地1建物1車位1,十八層,二十三層,住宅大樓(11層含以上有電梯),住家用,鋼筋混凝土造,1150326,133.22,2,2,2,有,有,8600000,68246,坡道平面,27.72,1400000,預售屋、或土地及建物分件登記案件；,RPXNMLOLQHLGFKD37DA,63.14,0.0,4.76,有,
永康區,房地(土地+建物)+車位,臺南市永康區東橋五路１５９號二樓之７,15.1,都市：其他:商業區,,,1100209,土地1建物1車位1,二層,二十三層,住宅大樓(11層含以上有電梯),住家用,鋼筋混凝土造,1150326,146.32999999999998,2,2,2,有,有,9550000,68713,坡道平面,27.72,1400000,112.09.27轉讓權利讓與金額1030萬元113.7.8再轉讓權利讓與金額相同預售屋、或土地及建物分件登記案件；,RPWOMLQKQHLGFKD47DA,72.94,0.0,3.29,有,
永康區,房地(土地+建物)+車位,臺南市永康區東橋五路１５９號十六樓之７,15.1,都市：其他:商業區,,,1100201,土地1建物1車位1,十六層,二十三層,住宅大樓(11層含以上有電梯),住家用,鋼筋混凝土造,1150326,146.32999999999998,2,2,2,有,有,10620000,76048,坡道平面,27.72,1600000,預售屋、或土地及建物分件登記案件；,RPOPMLQKQHLGFKD76DA,72.94,0.0,3.29,有,
永康區,房地(土地+建物)+車位,臺南市永康區東橋五路１５９號十九樓之７,15.1,都市：其他:商業區,,,1100201,土地1建物1車位1,十九層,二十三層,住宅大樓(11層含以上有電梯),住家用,鋼筋混凝土造,1150326,146.32999999999998,2,2,2,有,有,10800000,77565,坡道平面,27.72,1600000,預售屋、或土地及建物分件登記案件；,RPPPMLQKQHLGFKD86DA,72.94,0.0,3.29,有,
永康區,房地(土地+建物)+車位,臺南市永康區東橋五路１６３號二樓之６,14.63,都市：其他:商業區,,,1100205,土地1建物1車位1,二層,二十三層,住宅大樓(11層含以上有電梯),住家用,鋼筋混凝土造,1150326,144.31,2,2,2,有,有,9750000,71190,坡道平面,27.72,1450000,114.8.24轉讓權利讓與金額1045萬元預售屋、或土地及建物分件登記案件；,RPPRMLQKQHLGFKD07DA,69.99,0.0,4.85,有,
永康區,房地(土地+建物)+車位,臺南市永康區東橋五路１６３號三樓之６,14.63,都市：其他:商業區,,,1100205,土地1建物1車位1,三層,二十三層,住宅大樓(11層含以上有電梯),住家用,鋼筋混凝土造,1150326,144.31,2,2,2,有,有,10020000,72648,坡道平面,27.72,1550000,預售屋、或土地及建物分件登記案件；,RPQRMLQKQHLGFKD17DA,69.99,0.0,4.85,有,
永康區,房地(土地+建物)+車位,臺南市永康區東橋五路１６１號七樓之３,15.51,都市：其他:商業區,,,1100220,土地1建物1車位1,七層,二十三層,住宅大樓(11層含以上有電梯),住家用,鋼筋混凝土造,1150326,155.75,2,2,2,有,有,9950000,66781,坡道平面,27.72,1400000,預售屋、或土地及建物分件登記案件；,RPPNMLRKQHLGFKD76DA,75.51,0.0,6.63,有,
永康區,房地(土地+建物)+車位,臺南市永康區東橋八街１０２號,12.93,都市：其他:商業區,,,1100203,土地1建物1車位1,一層,二十三層,住宅大樓(11層含以上有電梯),商業用,鋼筋混凝土造,1150326,110.19999999999999,0,0,0,無,有,12380000,132517,坡道平面,27.72,1450000,110.12.1轉讓權利讓與金額1390萬元預售屋、或土地及建物分件登記案件；,RPQOMLRKQHLGFKD96DA,59.22,0.0,0.0,有,
永康區,房地(土地+建物)+車位,臺南市永康區東橋五路１５９號五樓之５,15.92,都市：其他:商業區,,,1100221,土地1建物1車位1,五層,二十三層,住宅大樓(11層含以上有電梯),住家用,鋼筋混凝土造,1150326,153.81,2,2,2,有,有,10510000,72250,坡道平面,27.72,1400000,預售屋、或土地及建物分件登記案件；,RPPOMLTKQHLGFKD07DA,77.75,0.0,3.41,有,
永康區,房地(土地+建物)+車位,臺南市永康區東橋五路１６１號二十二樓之５,13.4,都市：其他:商業區,,,1100110,土地1建物1車位1,二十二層,二十三層,住宅大樓(11層含以上有電梯),住家用,鋼筋混凝土造,1150326,133.64999999999998,2,2,2,有,有,9500000,75994,坡道平面,27.72,1450000,115.04.13轉讓權利轉讓金額相同預售屋、或土地及建物分件登記案件；,RPXNMLSKPHLGFKD57DA,63.46,0.0,4.87,有,
永康區,房地(土地+建物)+車位,臺南市永康區東橋五路１６１號二樓之７,13.4,都市：其他:商業區,,,1100116,土地1建物1車位1,二層,二十三層,住宅大樓(11層含以上有電梯),住家用,鋼筋混凝土造,1150326,133.22,2,2,2,有,有,7660000,60758,坡道平面,27.72,1250000,預售屋、或土地及建物分件登記案件；,RPRPMLNKQHLGFKD76DA,63.14,0.0,4.76,有,
永康區,房地(土地+建物)+車位,臺南市永康區東橋五路１６１號二十樓之５,13.4,都市：其他:商業區,,,1100115,土地1建物1車位1,二十層,二十三層,住宅大樓(11層含以上有電梯),住家用,鋼筋混凝土造,1150326,133.64999999999998,2,2,2,有,有,9480000,75805,坡道平面,27.72,1450000,預售屋、或土地及建物分件登記案件；,RPSQMLRKQHLGFKD37DA,63.46,0.0,4.87,有,
永康區,房地(土地+建物)+車位,臺南市永康區東橋五路１５９號十三樓之１,15.31,都市：其他:商業區,,,1100102,土地1建物1車位1,十三層,二十三層,住宅大樓(11層含以上有電梯),住家用,鋼筋混凝土造,1150326,148.44,2,2,2,有,有,10400000,74139,坡道平面,27.72,1450000,112.02.24轉讓權利讓與金額1046萬元114.03.07再轉讓權利讓與金額1355萬元預售屋、或土地及建物分件登記案件；,RPRNMLTKQHLGFKD17DA,73.99,0.0,3.71,有,
永康區,房地(土地+建物)+車位,臺南市永康區東橋五路１５９號二十二樓之１,15.31,都市：其他:商業區,,,1100123,土地1建物1車位1,二十二層,二十三層,住宅大樓(11層含以上有電梯),住家用,鋼筋混凝土造,1150326,148.44,2,2,2,有,有,10850000,76624,坡道平面,27.72,1600000,115.04.29轉讓權利讓與金額1528萬元預售屋、或土地及建物分件登記案件；,RPSNMLTKQHLGFKD27DA,73.99,0.0,3.71,有,
永康區,房地(土地+建物)+車位,臺南市永康區東橋五路１５９號二十三樓之１,15.31,都市：其他:商業區,,,1100117,土地1建物1車位1,二十三層,二十三層,住宅大樓(11層含以上有電梯),住家用,鋼筋混凝土造,1150326,148.44,2,2,2,有,有,10790000,76127,坡道平面,27.72,1600000,115.03.13轉讓權利讓與金額相同預售屋、或土地及建物分件登記案件；,RPTNMLTKQHLGFKD37DA,73.99,0.0,3.71,有,
永康區,房地(土地+建物)+車位,臺南市永康區東橋五路１５９號十二樓之７,15.1,都市：其他:商業區,,,1100101,土地1建物1車位1,十二層,二十三層,住宅大樓(11層含以上有電梯),住家用,鋼筋混凝土造,1150326,146.32999999999998,2,2,2,有,有,10280000,74867,坡道平面,27.72,1400000,112.05.17轉讓權利讓與金額1038萬元預售屋、或土地及建物分件登記案件；,RPQQMLTKQHLGFKD37DA,72.94,0.0,3.29,有,
永康區,房地(土地+建物)+車位,臺南市永康區東橋五路１６３號十四樓之５,12.45,都市：其他:商業區,,,1100122,土地1建物1車位1,十四層,二十三層,住宅大樓(11層含以上有電梯),住家用,鋼筋混凝土造,1150326,124.88,1,2,1,有,有,8700000,75648,坡道平面,27.72,1350000,預售屋、或土地及建物分件登記案件；,RPTPMLOLQHLGFKD17DA,57.11,0.0,5.31,有,
永康區,房地(土地+建物)+車位,臺南市永康區東橋五路１５９號六樓之５,15.92,都市：其他:商業區,,,1100125,土地1建物1車位1,六層,二十三層,住宅大樓(11層含以上有電梯),住家用,鋼筋混凝土造,1150326,153.81,2,2,2,有,有,10700000,73757,坡道平面,27.72,1400000,預售屋、或土地及建物分件登記案件；,RPRRMLOLQHLGFKD17DA,77.75,0.0,3.41,有,
永康區,房地(土地+建物)+車位,臺南市永康區東橋五路１６１號五樓之８,10.68,都市：其他:商業區,,,1091205,土地1建物1車位1,五層,二十三層,住宅大樓(11層含以上有電梯),住家用,鋼筋混凝土造,1150326,104.8,1,2,1,有,有,7460000,71701,坡道機械,10.52,700000,預售屋、或土地及建物分件登記案件；,RPVPMLNKQHLGFKD17DA,55.49,0.0,5.02,有,
永康區,房地(土地+建物)+車位,臺南市永康區東橋五路１６１號十樓之８,10.68,都市：其他:商業區,,,1091207,土地1建物1車位1,十層,二十三層,住宅大樓(11層含以上有電梯),住家用,鋼筋混凝土造,1150326,104.8,1,2,1,有,有,7650000,72656,坡道機械,10.52,800000,預售屋、或土地及建物分件登記案件；,RPXPMLNKQHLGFKD37DA,55.49,0.0,5.02,有,
永康區,房地(土地+建物)+車位,臺南市永康區東橋五路１６１號二樓之８,10.68,都市：其他:商業區,,,1091201,土地1建物1車位1,二層,二十三層,住宅大樓(11層含以上有電梯),住家用,鋼筋混凝土造,1150326,104.8,1,2,1,有,有,7200000,68944,坡道機械,10.52,700000,115.4.14轉讓權利讓與金額相同預售屋、或土地及建物分件登記案件；,RPXNMLTLQHLGFKD87DA,55.49,0.0,5.02,有,
永康區,房地(土地+建物)+車位,臺南市永康區東橋五路１５９號十九樓之１,15.31,都市：其他:商業區,,,1091204,土地1建物1車位1,十九層,二十三層,住宅大樓(11層含以上有電梯),住家用,鋼筋混凝土造,1150326,148.44,2,2,2,有,有,10780000,76044,坡道平面,27.72,1600000,預售屋、或土地及建物分件登記案件；,RPSNMLQKQHLGFKD96DA,73.99,0.0,3.71,有,
永康區,房地(土地+建物)+車位,臺南市永康區東橋五路１６１號四樓之８,10.68,都市：其他:商業區,,,1091107,土地1建物1車位1,四層,二十三層,住宅大樓(11層含以上有電梯),住家用,鋼筋混凝土造,1150326,104.8,1,2,1,有,有,7450000,68413,坡道機械,10.52,1000000,115.04.27轉讓權利轉讓金額800萬元預售屋、或土地及建物分件登記案件；,RPUPMLNKQHLGFKD07DA,55.49,0.0,5.02,有,
永康區,房地(土地+建物)+車位,臺南市永康區東橋五路１６１號九樓之８,10.68,都市：其他:商業區,,,1091121,土地1建物1車位1,九層,二十三層,住宅大樓(11層含以上有電梯),住家用,鋼筋混凝土造,1150326,104.8,1,2,1,有,有,7350000,69474,坡道機械,10.52,800000,預售屋、或土地及建物分件登記案件；,RPWPMLNKQHLGFKD27DA,55.49,0.0,5.02,有,
永康區,房地(土地+建物)+車位,臺南市永康區東橋五路１６１號三樓之８,10.68,都市：其他:商業區,,,1091113,土地1建物1車位1,三層,二十三層,住宅大樓(11層含以上有電梯),住家用,鋼筋混凝土造,1150326,104.8,1,2,1,有,有,7000000,66822,坡道機械,10.52,700000,111.3.23轉讓權利讓與金額725萬元115.1.8再轉讓權利讓與金額870萬元預售屋、或土地及建物分件登記案件；,RPSRMLRKQHLGFKD47DA,55.49,0.0,5.02,有,
北區,房地(土地+建物)+車位,臺南市北區立賢路二段５號十九樓之７,9.97,都市：其他:住宅區,,,1091104,土地1建物1車位1,十九層,二十四層,住宅大樓(11層含以上有電梯),住家用,鋼筋混凝土造,1150511,104.30000000000001,2,1,1,有,有,8570000,80115,坡道機械,6.69,750000,本案於111年7月24日讓渡，其權利契約買賣價格859萬元整。預售屋、或土地及建物分件登記案件；,RPWNMLPJRHLGFAD88DA,51.38,6.38,4.23,有,
永康區,房地(土地+建物)+車位,臺南市永康區東橋五路１５９號十五樓之７,15.1,都市：其他:商業區,,,1091101,土地1建物1車位1,十五層,二十三層,住宅大樓(11層含以上有電梯),住家用,鋼筋混凝土造,1150326,146.32999999999998,2,2,2,有,有,10360000,73434,坡道平面,27.72,1650000,預售屋、或土地及建物分件登記案件；,RPXOMLQKQHLGFKD57DA,72.94,0.0,3.29,有,
永康區,房地(土地+建物)+車位,臺南市永康區東橋五路１６３號二十二樓之９,11.57,都市：其他:商業區,,,1091107,土地1建物1車位1,二十二層,二十三層,住宅大樓(11層含以上有電梯),住家用,鋼筋混凝土造,1150326,113.72,1,2,2,有,有,8000000,69767,坡道機械,10.52,800000,預售屋、或土地及建物分件登記案件；,RPVRMLQKQHLGFKD67DA,61.53,0.0,5.03,有,
永康區,房地(土地+建物)+車位,臺南市永康區東橋五路１６１號二十樓之３,15.51,都市：其他:商業區,,,1091105,土地1建物1車位1,二十層,二十三層,住宅大樓(11層含以上有電梯),住家用,鋼筋混凝土造,1150326,155.75,2,2,2,有,有,12000000,81621,坡道平面,27.72,1550000,111.2.19轉讓權利讓與金額1350萬元112.8.11再轉讓權利讓與金額相同預售屋、或土地及建物分件登記案件；,RPOQMLRKQHLGFKD96DA,75.51,0.0,6.63,有,
永康區,房地(土地+建物)+車位,臺南市永康區東橋五路１６３號十六樓之５,12.45,都市：其他:商業區,,,1091106,土地1建物1車位1,十六層,二十三層,住宅大樓(11層含以上有電梯),住家用,鋼筋混凝土造,1150326,124.88,1,2,1,有,有,9150000,79765,坡道平面,27.72,1400000,預售屋、或土地及建物分件登記案件；,RPPOMLMLQHLGFKD09DA,57.11,0.0,5.31,有,
永康區,房地(土地+建物)+車位,臺南市永康區東橋五路１６３號二十一樓之９,11.57,都市：其他:商業區,,,1091107,土地1建物1車位1,二十一層,二十三層,住宅大樓(11層含以上有電梯),住家用,鋼筋混凝土造,1150326,113.72,1,2,2,有,有,8000000,69767,坡道機械,10.52,800000,110.12.30轉讓權利讓與金額840萬元111.4.22再轉讓權利讓與金額920萬元113.4.23再轉讓權利讓與金額1055萬元預售屋、或土地及建物分件登記案件；,RPXNMLLJRHLGFKD96DA,61.53,0.0,5.03,有,
北區,房地(土地+建物)+車位,臺南市北區立賢路二段５號十一樓之３,12.72,都市：其他:住宅區,,,1091009,土地1建物1車位1,十一層,二十四層,住宅大樓(11層含以上有電梯),住家用,鋼筋混凝土造,1150511,149.28,3,1,2,有,有,10450000,73535,坡道平面,24.85,1300000,預售屋、或土地及建物分件登記案件；,RPVNMLPLQHLGFAD88DA,66.52,9.07,3.42,有,
北區,房地(土地+建物)+車位,臺南市北區立賢路二段５號二十二樓之２,9.97,都市：其他:住宅區,,,1091001,土地1建物1車位1,二十二層,二十四層,住宅大樓(11層含以上有電梯),住家用,鋼筋混凝土造,1150511,122.25999999999999,2,1,1,有,有,9000000,78021,坡道平面,24.85,1400000,本案於113年1月10日讓渡，其權利契約買賣價格903萬元整。預售屋、或土地及建物分件登記案件；,RPVOMLPLQHLGFAD98DA,51.58,4.78,5.43,有,
北區,房地(土地+建物)+車位,臺南市北區立賢路二段５號十五樓之１２,8.07,都市：其他:住宅區,,,1091011,土地1建物1車位1,十五層,二十四層,住宅大樓(11層含以上有電梯),住家用,鋼筋混凝土造,1150511,85.82,2,1,1,有,有,6280000,67358,坡道機械,6.69,950000,本案於111年4月11日讓渡，其權利契約買賣價格630萬元整。預售屋、或土地及建物分件登記案件；,RPROMLPLQHLGFAD58DA,39.84,6.35,4.02,有,
永康區,房地(土地+建物)+車位,臺南市永康區東橋五路１６１號十六樓之５,13.4,都市：其他:商業區,,,1091022,土地1建物1車位1,十六層,二十三層,住宅大樓(11層含以上有電梯),住家用,鋼筋混凝土造,1150326,133.64999999999998,2,2,2,有,有,9160000,73256,坡道平面,27.72,1400000,預售屋、或土地及建物分件登記案件；,RPVOMLMLPHLGFKD96DA,63.46,0.0,4.87,有,
永康區,房地(土地+建物)+車位,臺南市永康區東橋五路１６１號二十一樓之８,12.18,都市：其他:商業區,,,1091005,土地1建物1車位1,二十一層,二十三層,住宅大樓(11層含以上有電梯),住家用,鋼筋混凝土造,1150326,122.00999999999999,1,2,1,有,有,8380000,73497,坡道平面,27.72,1450000,預售屋、或土地及建物分件登記案件；,RPPPMLMLPHLGFKD09DA,55.49,0.0,5.02,有,
永康區,房地(土地+建物)+車位,臺南市永康區東橋五路１５９號十四樓之９,14.49,都市：其他:商業區,,,1091016,土地1建物1車位1,十四層,二十三層,住宅大樓(11層含以上有電梯),住家用,鋼筋混凝土造,1150326,141.78,2,2,2,有,有,9550000,71454,坡道平面,27.72,1400000,預售屋、或土地及建物分件登記案件；,RPSOMLNLPHLGFKD76DA,69.56,0.0,3.71,有,
永康區,房地(土地+建物)+車位,臺南市永康區東橋五路１６１號十九樓之８,12.18,都市：其他:商業區,,,1091005,土地1建物1車位1,十九層,二十三層,住宅大樓(11層含以上有電梯),住家用,鋼筋混凝土造,1150326,122.00999999999999,1,2,1,有,有,8290000,73072,坡道平面,27.72,1400000,預售屋、或土地及建物分件登記案件；,RPURMLRKQHLGFKD67DA,55.49,0.0,5.02,有,
永康區,房地(土地+建物)+車位,臺南市永康區東橋五路１６３號九樓之２,12.52,都市：其他:商業區,,,1091009,土地1建物1車位1,九層,二十三層,住宅大樓(11層含以上有電梯),住家用,鋼筋混凝土造,1150326,122.45,1,2,1,有,有,7630000,68405,坡道平面,27.72,1150000,預售屋、或土地及建物分件登記案件；,RPUNMLMLQHLGFKD86DA,57.68,0.0,3.27,有,
永康區,房地(土地+建物)+車位,臺南市永康區東橋五路１６３號十五樓之６,14.63,都市：其他:商業區,,,1091001,土地1建物1車位1,十五層,二十三層,住宅大樓(11層含以上有電梯),住家用,鋼筋混凝土造,1150326,144.31,2,2,2,有,有,10280000,75735,坡道平面,27.72,1450000,115.4.16轉讓權利讓與金額相同預售屋、或土地及建物分件登記案件；,RPPNMLKMQHLGFKD88DA,69.99,0.0,4.85,有,
永康區,房地(土地+建物)+車位,臺南市永康區東橋五路１６１號十八樓之２,12.52,都市：其他:商業區,,,1091013,土地1建物1車位1,十八層,二十三層,住宅大樓(11層含以上有電梯),住家用,鋼筋混凝土造,1150326,122.77000000000001,1,2,1,有,有,8000000,71541,坡道平面,27.72,1200000,115.4.17轉讓1/2權利讓與金額549萬元115.4.22轉讓其餘1/2權利讓與金額400萬元預售屋、或土地及建物分件登記案件；,RPXQMLOLOHLGFKD47DA,57.68,0.0,3.27,有,
永康區,房地(土地+建物)+車位,臺南市永康區東橋五路１５９號二十三樓之６,10.41,都市：其他:商業區,,,1091001,土地1建物1車位1,二十三層,二十三層,住宅大樓(11層含以上有電梯),住家用,鋼筋混凝土造,1150326,101.31,1,2,1,有,有,7450000,71043,坡道機械,10.52,1000000,預售屋、或土地及建物分件登記案件；,RPRTMLOLOHLGFKD17DA,53.82,0.0,4.47,有,
永康區,房地(土地+建物)+車位,臺南市永康區東橋五路１５９號二十一樓之２,8.78,都市：其他:商業區,,,1091008,土地1建物1車位1,二十一層,二十三層,住宅大樓(11層含以上有電梯),住家用,鋼筋混凝土造,1150326,85.1,0,0,0,無,有,5880000,68115,坡道機械,10.52,800000,預售屋、或土地及建物分件登記案件；,RPVNMLQKQHLGFKD27DA,44.87,0.0,2.95,有,
永康區,房地(土地+建物)+車位,臺南市永康區東橋五路１５９號二十三樓之３,8.78,都市：其他:商業區,,,1091015,土地1建物1車位1,二十三層,二十三層,住宅大樓(11層含以上有電梯),住家用,鋼筋混凝土造,1150326,85.09,0,0,0,無,有,5940000,68929,坡道機械,10.52,800000,110.12.20轉讓權利讓與金額645萬元預售屋、或土地及建物分件登記案件；,RPOOMLTKQHLGFKD96DA,44.86,0.0,2.95,有,
永康區,房地(土地+建物)+車位,臺南市永康區東橋五路１５９號二十樓之５,15.92,都市：其他:商業區,,,1091001,土地1建物1車位1,二十層,二十三層,住宅大樓(11層含以上有電梯),住家用,鋼筋混凝土造,1150326,153.81,2,2,2,有,有,11050000,74946,坡道平面,27.72,1600000,預售屋、或土地及建物分件登記案件；,RPXSMLOLQHLGFKD87DA,77.75,0.0,3.41,有,
永康區,房地(土地+建物)+車位,臺南市永康區東橋五路１５９號二十三樓之１１,10.41,都市：其他:商業區,,,1091013,土地1建物1車位1,二十三層,二十三層,住宅大樓(11層含以上有電梯),住家用,鋼筋混凝土造,1150326,101.31,1,2,1,有,有,7400000,70492,坡道機械,10.52,1000000,預售屋、或土地及建物分件登記案件；,RPVUMLOLQHLGFKD87DA,53.82,0.0,4.47,有,
永康區,房地(土地+建物)+車位,臺南市永康區東橋五路１６１號十七樓之７,13.4,都市：其他:商業區,,,1090901,土地1建物1車位1,十七層,二十三層,住宅大樓(11層含以上有電梯),住家用,鋼筋混凝土造,1150326,133.22,2,2,2,有,有,9300000,75355,坡道平面,27.72,1350000,115.4.20轉讓權利讓與金額相同預售屋、或土地及建物分件登記案件；,RPRNMLKMQHLGFKD09DA,63.14,0.0,4.76,有,
永康區,房地(土地+建物)+車位,臺南市永康區東橋五路１５９號十一樓之７,15.1,都市：其他:商業區,,,1090906,土地1建物1車位1,十一層,二十三層,住宅大樓(11層含以上有電梯),住家用,鋼筋混凝土造,1150326,146.32999999999998,2,2,2,有,有,9580000,68966,坡道平面,27.72,1400000,預售屋、或土地及建物分件登記案件；,RPVNMLKMQHLGFKD86DA,72.94,0.0,3.29,有,
永康區,房地(土地+建物)+車位,臺南市永康區東橋五路１５９號二十一樓之３,8.78,都市：其他:商業區,,,1090908,土地1建物1車位1,二十一層,二十三層,住宅大樓(11層含以上有電梯),住家用,鋼筋混凝土造,1150326,85.09,0,0,0,無,有,5570000,65308,坡道機械,10.52,700000,112.5.2轉讓權利讓與金額565萬元114.12.3再轉讓權利金額565萬元預售屋、或土地及建物分件登記案件；,RPQOMLKMQHLGFKD09DA,44.86,0.0,2.95,有,
北區,房地(土地+建物)+車位,臺南市北區立賢路二段５號十四樓之８,7.8,都市：其他:住宅區,,,1090928,土地1建物1車位1,十四層,二十四層,住宅大樓(11層含以上有電梯),住家用,鋼筋混凝土造,1150511,100.86,2,1,1,有,有,6570000,69342,坡道平面,24.86,1300000,本案於113年10月26日讓渡，其權利契約買賣價格不變。預售屋、或土地及建物分件登記案件；,RPSNMLPJRHLGFAD48DA,41.45,3.7,3.13,有,
永康區,房地(土地+建物)+車位,臺南市永康區東橋五路１５９號二十樓之２,8.78,都市：其他:商業區,,,1090904,土地1建物1車位1,二十層,二十三層,住宅大樓(11層含以上有電梯),住家用,鋼筋混凝土造,1150326,85.1,0,0,0,無,有,5600000,65701,坡道機械,10.52,700000,預售屋、或土地及建物分件登記案件；,RPRQMLKLOHLGFKD09DA,44.87,0.0,2.95,有,
永康區,房地(土地+建物)+車位,臺南市永康區東橋五路１５９號二十二樓之２,8.78,都市：其他:商業區,,,1090927,土地1建物1車位1,二十二層,二十三層,住宅大樓(11層含以上有電梯),住家用,鋼筋混凝土造,1150326,85.1,0,0,0,無,有,5660000,66506,坡道機械,10.52,700000,預售屋、或土地及建物分件登記案件；,RPXSMLOLOHLGFKD67DA,44.87,0.0,2.95,有,
永康區,房地(土地+建物)+車位,臺南市永康區東橋五路１５９號二十二樓之３,8.78,都市：其他:商業區,,,1090910,土地1建物1車位1,二十二層,二十三層,住宅大樓(11層含以上有電梯),住家用,鋼筋混凝土造,1150326,85.09,0,0,0,無,有,5830000,67453,坡道機械,10.52,800000,111.4.18轉讓權利讓與金額680萬元112.1.19再轉讓權利讓與金額688萬元預售屋、或土地及建物分件登記案件；,RPOTMLOLOHLGFKD86DA,44.86,0.0,2.95,有,
永康區,房地(土地+建物)+車位,臺南市永康區東橋五路１６１號二樓之３,15.51,都市：其他:商業區,,,1090916,土地1建物1車位1,二層,二十三層,住宅大樓(11層含以上有電梯),住家用,鋼筋混凝土造,1150326,155.75,2,2,2,有,有,10850000,71858,坡道平面,27.72,1650000,112.04.07轉讓權利轉讓金額1095萬元預售屋、或土地及建物分件登記案件；,RPQOMLNKQHLGFKD56DA,75.51,0.0,6.63,有,
永康區,房地(土地+建物)+車位,臺南市永康區東橋五路１５９號五樓之６,11.91,都市：其他:商業區,,,1090919,土地1建物1車位1,五層,二十三層,住宅大樓(11層含以上有電梯),住家用,鋼筋混凝土造,1150326,118.52,1,2,1,有,有,6710000,60132,坡道平面,27.72,1250000,115.03.02轉讓權利讓與金額1058萬元預售屋、或土地及建物分件登記案件；,RPSOMLQKQHLGFKD07DA,53.82,0.0,4.47,有,
永康區,房地(土地+建物)+車位,臺南市永康區東橋五路１５９號十四樓之５,10.41,都市：其他:商業區,,,1090901,土地1建物1車位1,十四層,二十三層,住宅大樓(11層含以上有電梯),住家用,鋼筋混凝土造,1150326,101.31,1,2,1,有,有,7000000,66087,坡道機械,10.52,1000000,112.8.28轉讓權利讓與金額相同預售屋、或土地及建物分件登記案件；,RPUOMLQKQHLGFKD27DA,53.82,0.0,4.47,有,
永康區,房地(土地+建物)+車位,臺南市永康區東橋五路１６３號十三樓之６,14.63,都市：其他:商業區,,,1090911,土地1建物1車位1,十三層,二十三層,住宅大樓(11層含以上有電梯),住家用,鋼筋混凝土造,1150326,144.31,2,2,2,有,有,10000000,73763,坡道平面,27.72,1400000,預售屋、或土地及建物分件登記案件；,RPTRMLQKQHLGFKD47DA,69.99,0.0,4.85,有,
永康區,房地(土地+建物)+車位,臺南市永康區東橋五路１５９號二樓之１,15.31,都市：其他:商業區,,,1090925,土地1建物1車位1,二層,二十三層,住宅大樓(11層含以上有電梯),住家用,鋼筋混凝土造,1150326,148.44,2,2,2,有,有,9200000,65027,坡道平面,27.72,1350000,115.03.26轉讓權利讓與金額1300萬元預售屋、或土地及建物分件登記案件；,RPPNMLTKQHLGFKD96DA,73.99,0.0,3.71,有,
永康區,房地(土地+建物)+車位,臺南市永康區東橋五路１５９號九樓之１,15.31,都市：其他:商業區,,,1090910,土地1建物1車位1,九層,二十三層,住宅大樓(11層含以上有電梯),住家用,鋼筋混凝土造,1150326,148.44,2,2,2,有,有,9650000,68340,坡道平面,27.72,1400000,114.12.29轉讓權利讓與金額965萬元預售屋、或土地及建物分件登記案件；,RPQNMLTKQHLGFKD07DA,73.99,0.0,3.71,有,
永康區,房地(土地+建物)+車位,臺南市永康區東橋五路１５９號二十樓之３,8.78,都市：其他:商業區,,,1090918,土地1建物1車位1,二十層,二十三層,住宅大樓(11層含以上有電梯),住家用,鋼筋混凝土造,1150326,85.09,0,0,0,無,有,5620000,65978,坡道機械,10.52,700000,111.01.05轉讓權利讓與金額578萬元預售屋、或土地及建物分件登記案件；,RPXNMLTKQHLGFKD77DA,44.86,0.0,2.95,有,
永康區,房地(土地+建物)+車位,臺南市永康區東橋五路１６３號十六樓之６,14.63,都市：其他:商業區,,,1090914,土地1建物1車位1,十六層,二十三層,住宅大樓(11層含以上有電梯),住家用,鋼筋混凝土造,1150326,144.31,2,2,2,有,有,10150000,74620,坡道平面,27.72,1450000,預售屋、或土地及建物分件登記案件；,RPSOMLMLQHLGFKD76DA,69.99,0.0,4.85,有,
永康區,房地(土地+建物)+車位,臺南市永康區東橋五路１６３號十七樓之６,14.63,都市：其他:商業區,,,1090916,土地1建物1車位1,十七層,二十三層,住宅大樓(11層含以上有電梯),住家用,鋼筋混凝土造,1150326,144.31,2,2,2,有,有,10180000,74878,坡道平面,27.72,1450000,預售屋、或土地及建物分件登記案件；,RPTOMLMLQHLGFKD86DA,69.99,0.0,4.85,有,
永康區,房地(土地+建物)+車位,臺南市永康區東橋五路１６１號七樓之５,13.4,都市：其他:商業區,,,1090901,土地1建物1車位1,七層,二十三層,住宅大樓(11層含以上有電梯),住家用,鋼筋混凝土造,1150326,133.64999999999998,2,2,2,有,有,8800000,69385,坡道平面,27.72,1450000,預售屋、或土地及建物分件登記案件；,RPTNMLOLQHLGFKD96DA,63.46,0.0,4.87,有,
北區,房地(土地+建物)+車位,臺南市北區立賢路二段５號六樓之２０,12.72,都市：其他:住宅區,,,1090823,土地1建物1車位1,六層,二十四層,住宅大樓(11層含以上有電梯),住家用,鋼筋混凝土造,1150511,149.28,3,1,1,有,有,10150000,71124,坡道平面,24.85,1300000,預售屋、或土地及建物分件登記案件；,RPUNMLPLQHLGFAD78DA,66.52,9.07,3.42,有,
北區,房地(土地+建物)+車位,臺南市北區立賢路二段５號十一樓之６,7.27,都市：其他:住宅區,,,1090823,土地1建物1車位1,十一層,二十四層,住宅大樓(11層含以上有電梯),住家用,鋼筋混凝土造,1150511,77.53,2,1,1,有,有,5900000,72699,坡道機械,6.69,750000,預售屋、或土地及建物分件登記案件；,RPWNMLPLQHLGFAD98DA,38.59,2.04,4.39,有,
永康區,房地(土地+建物)+車位,臺南市永康區東橋五路１６１號四樓之１,15.17,都市：其他:商業區,,,1090820,土地1建物1車位1,四層,二十三層,住宅大樓(11層含以上有電梯),住家用,鋼筋混凝土造,1150326,152.48000000000002,2,2,2,有,有,10950000,74944,坡道平面,27.72,1600000,115.04.09轉讓權利轉讓金額相同預售屋、或土地及建物分件登記案件；,RPPNMLSKPHLGFKD76DA,73.27,0.0,6.88,有,
永康區,房地(土地+建物)+車位,臺南市永康區東橋五路１６３號十一樓之５,12.45,都市：其他:商業區,,,1090817,土地1建物1車位1,十一層,二十三層,住宅大樓(11層含以上有電梯),住家用,鋼筋混凝土造,1150326,124.88,1,2,1,有,有,7980000,69782,坡道平面,27.72,1200000,115.04.27轉讓權利讓與金額相同預售屋、或土地及建物分件登記案件；,RPPNMLTKPHLGFKD86DA,57.11,0.0,5.31,有,
永康區,房地(土地+建物)+車位,臺南市永康區東橋五路１６３號二十樓之１,15.51,都市：其他:商業區,,,1090820,土地1建物1車位1,二十層,二十三層,住宅大樓(11層含以上有電梯),住家用,鋼筋混凝土造,1150326,155.43,2,2,2,有,有,11680000,78929,坡道平面,27.72,1600000,預售屋、或土地及建物分件登記案件；,RPUQMLQKQHLGFKD47DA,75.51,0.0,6.63,有,
永康區,房地(土地+建物)+車位,臺南市永康區東橋五路１６３號八樓之２,12.52,都市：其他:商業區,,,1090824,土地1建物1車位1,八層,二十三層,住宅大樓(11層含以上有電梯),住家用,鋼筋混凝土造,1150326,122.45,1,2,1,有,有,7560000,67138,坡道平面,27.72,1200000,預售屋、或土地及建物分件登記案件；,RPVQMLQKQHLGFKD57DA,57.68,0.0,3.27,有,
永康區,房地(土地+建物)+車位,臺南市永康區東橋五路１６１號十四樓之６,13.4,都市：其他:商業區,,,1090806,土地1建物1車位1,十四層,二十三層,住宅大樓(11層含以上有電梯),住家用,鋼筋混凝土造,1150326,133.22,2,2,2,有,有,9020000,71754,坡道平面,27.72,1450000,111.12.7轉讓權利讓與金額相同預售屋、或土地及建物分件登記案件；,RPPRMLRKQHLGFKD17DA,63.14,0.0,4.76,有,
北區,房地(土地+建物)+車位,臺南市北區立賢路二段５號五樓之１９,7.22,都市：其他:住宅區,,,1090811,土地1建物1車位1,五層,二十四層,住宅大樓(11層含以上有電梯),住家用,鋼筋混凝土造,1150511,77.38,1,1,1,有,有,6000000,74268,坡道機械,6.69,750000,本案於111年5月6日讓渡，其權利契約買賣價格不變。預售屋、或土地及建物分件登記案件；,RPPNMLPJRHLGFAD18DA,38.7,2.04,4.13,有,
北區,房地(土地+建物)+車位,臺南市北區立賢路二段５號八樓之８,7.8,都市：其他:住宅區,,,1090830,土地1建物1車位1,八層,二十四層,住宅大樓(11層含以上有電梯),住家用,鋼筋混凝土造,1150511,100.86,2,1,1,有,有,6800000,71053,坡道平面,24.86,1400000,本案於111年11月3日讓渡，其權利契約買賣價格825萬元整。預售屋、或土地及建物分件登記案件；,RPQNMLPJRHLGFAD28DA,41.45,3.7,3.13,有,
北區,房地(土地+建物)+車位,臺南市北區立賢路二段５號九樓之６,7.27,都市：其他:住宅區,,,1090831,土地1建物1車位1,九層,二十四層,住宅大樓(11層含以上有電梯),住家用,鋼筋混凝土造,1150511,95.69,2,1,1,有,有,6280000,71721,坡道平面,24.86,1200000,預售屋、或土地及建物分件登記案件；,RPRNMLPJRHLGFAD38DA,38.59,2.04,4.39,有,
永康區,房地(土地+建物)+車位,臺南市永康區東橋五路１５９號十七樓之１,15.31,都市：其他:商業區,,,1090821,土地1建物1車位1,十七層,二十三層,住宅大樓(11層含以上有電梯),住家用,鋼筋混凝土造,1150326,148.44,2,2,2,有,有,10100000,70411,坡道平面,27.72,1600000,114.08.08轉讓權利讓與金額相同預售屋、或土地及建物分件登記案件；,RPRNMLQKQHLGFKD86DA,73.99,0.0,3.71,有,
永康區,房地(土地+建物)+車位,臺南市永康區東橋五路１５９號二十三樓之５,15.92,都市：其他:商業區,,,1090801,土地1建物1車位1,二十三層,二十三層,住宅大樓(11層含以上有電梯),住家用,鋼筋混凝土造,1150326,153.81,2,2,2,有,有,10000000,68205,坡道平面,27.72,1400000,115.4.9轉讓權利讓與金額相同預售屋、或土地及建物分件登記案件；,RPQOMLQKQHLGFKD86DA,77.75,0.0,3.41,有,
永康區,房地(土地+建物)+車位,臺南市永康區東橋五路１５９號十二樓之６,10.41,都市：其他:商業區,,,1090815,土地1建物1車位1,十二層,二十三層,住宅大樓(11層含以上有電梯),住家用,鋼筋混凝土造,1150326,101.31,1,2,1,有,有,6860000,67849,坡道機械,10.52,700000,預售屋、或土地及建物分件登記案件；,RPTOMLQKQHLGFKD17DA,53.82,0.0,4.47,有,
永康區,房地(土地+建物)+車位,臺南市永康區東橋五路１５９號二十樓之１１,10.41,都市：其他:商業區,,,1090811,土地1建物1車位1,二十層,二十三層,住宅大樓(11層含以上有電梯),住家用,鋼筋混凝土造,1150326,101.31,1,2,1,有,有,6900000,68289,坡道機械,10.52,700000,預售屋、或土地及建物分件登記案件；,RPRQMLQKQHLGFKD17DA,53.82,0.0,4.47,有,
永康區,房地(土地+建物)+車位,臺南市永康區東橋五路１６３號十三樓之９,11.5,都市：其他:商業區,,,1090812,土地1建物1車位1,十三層,二十三層,住宅大樓(11層含以上有電梯),住家用,鋼筋混凝土造,1150326,113.72,1,2,2,有,有,7100000,62016,坡道機械,10.52,700000,預售屋、或土地及建物分件登記案件；,RPURMLQKQHLGFKD57DA,61.53,0.0,5.03,有,
永康區,房地(土地+建物)+車位,臺南市永康區東橋五路１６３號十二樓之３,15.17,都市：其他:商業區,,,1090822,土地1建物1車位1,十二層,二十三層,住宅大樓(11層含以上有電梯),住家用,鋼筋混凝土造,1150326,152.17000000000002,2,2,2,有,有,11600000,80354,坡道平面,27.72,1600000,預售屋、或土地及建物分件登記案件；,RPWNMLMLQHLGFKD07DA,73.27,0.0,6.88,有,
永康區,房地(土地+建物)+車位,臺南市永康區東橋五路１６３號十九樓之７,7.69,都市：其他:商業區,,,1090810,土地1建物1車位1,十九層,二十三層,住宅大樓(11層含以上有電梯),住家用,鋼筋混凝土造,1150326,75.44,0,0,0,無,有,4800000,63155,坡道機械,10.52,700000,預售屋、或土地及建物分件登記案件；,RPOPMLMLQHLGFKD09DA,38.79,0.0,2.87,有,
永康區,房地(土地+建物)+車位,臺南市永康區東橋五路１６３號二十樓之７,9.18,都市：其他:商業區,,,1090815,土地1建物1車位1,二十層,二十三層,住宅大樓(11層含以上有電梯),住家用,鋼筋混凝土造,1150326,92.63999999999999,0,0,0,無,有,5600000,64695,坡道平面,27.72,1400000,115.3.27轉讓權利讓與金額相同預售屋、或土地及建物分件登記案件；,RPXPMLOLQHLGFKD57DA,38.79,0.0,2.87,有,
永康區,房地(土地+建物)+車位,臺南市永康區東橋五路１６３號二十樓之８,7.69,都市：其他:商業區,,,1090815,土地1建物1車位1,二十層,二十三層,住宅大樓(11層含以上有電梯),住家用,鋼筋混凝土造,1150326,75.44,0,0,0,無,有,4900000,64695,坡道機械,10.52,700000,113.3.27轉讓權利讓與金額相同預售屋、或土地及建物分件登記案件；,RPRQMLOLQHLGFKD07DA,38.79,0.0,2.87,有,
永康區,房地(土地+建物)+車位,臺南市永康區東橋五路１５９號四樓之１,13.81,都市：其他:商業區,,,1090807,土地1建物1車位1,四層,二十三層,住宅大樓(11層含以上有電梯),住家用,鋼筋混凝土造,1150326,131.23000000000002,2,2,2,有,有,8260000,62629,坡道機械,10.52,700000,預售屋、或土地及建物分件登記案件；,RPVQMLOLQHLGFKD47DA,73.99,0.0,3.71,有,
永康區,房地(土地+建物)+車位,臺南市永康區東橋五路１５９號四樓之２,8.78,都市：其他:商業區,,,1090811,土地1建物1車位1,四層,二十三層,住宅大樓(11層含以上有電梯),住家用,鋼筋混凝土造,1150326,85.1,0,0,0,無,有,5240000,60874,坡道機械,10.52,700000,預售屋、或土地及建物分件登記案件；,RPORMLOLQHLGFKD86DA,44.87,0.0,2.95,有,
永康區,房地(土地+建物)+車位,臺南市永康區東橋五路１５９號八樓之６,10.41,都市：其他:商業區,,,1090801,土地1建物1車位1,八層,二十三層,住宅大樓(11層含以上有電梯),住家用,鋼筋混凝土造,1150326,101.31,1,2,1,有,有,6300000,61681,坡道機械,10.52,700000,預售屋、或土地及建物分件登記案件；,RPRTMLOLQHLGFKD37DA,53.82,0.0,4.47,有,
永康區,房地(土地+建物)+車位,臺南市永康區東橋五路１５９號十六樓之６,10.41,都市：其他:商業區,,,1090820,土地1建物1車位1,十六層,二十三層,住宅大樓(11層含以上有電梯),住家用,鋼筋混凝土造,1150326,101.31,1,2,1,有,有,7000000,69391,坡道機械,10.52,700000,預售屋、或土地及建物分件登記案件；,RPTTMLOLQHLGFKD57DA,53.82,0.0,4.47,有,
永康區,房地(土地+建物)+車位,臺南市永康區東橋五路１５９號十一樓之６,10.41,都市：其他:商業區,,,1090811,土地1建物1車位1,十一層,二十三層,住宅大樓(11層含以上有電梯),住家用,鋼筋混凝土造,1150326,101.31,1,2,1,有,有,6380000,62562,坡道機械,10.52,700000,110.5.21轉讓權利讓與金額相同111.9.26再轉讓權利讓與金額643萬元113.5.30再轉讓權利讓與金額660萬元115.5.6再轉讓權利讓與金額相同預售屋、或土地及建物分件登記案件；,RPOOMLLJRHLGFKD78DA,53.82,0.0,4.47,有,
永康區,房地(土地+建物)+車位,臺南市永康區東橋五路１５９號十樓之６,10.41,都市：其他:商業區,,,1090711,土地1建物1車位1,十層,二十三層,住宅大樓(11層含以上有電梯),住家用,鋼筋混凝土造,1150326,101.31,1,2,1,有,有,6320000,61901,坡道機械,10.52,700000,預售屋、或土地及建物分件登記案件；,RPSNMLNLPHLGFKD66DA,53.82,0.0,4.47,有,
永康區,房地(土地+建物)+車位,臺南市永康區東橋五路１６３號四樓之６,14.63,都市：其他:商業區,,,1090731,土地1建物1車位1,四層,二十三層,住宅大樓(11層含以上有電梯),住家用,鋼筋混凝土造,1150326,144.31,2,2,2,有,有,8300000,59182,坡道平面,27.72,1400000,115.03.14轉讓權利讓與金額1280萬元預售屋、或土地及建物分件登記案件；,RPUPMLLJPHLGFKD66DA,69.99,0.0,4.85,有,
永康區,房地(土地+建物)+車位,臺南市永康區東橋五路１５９號十五樓之２,8.78,都市：其他:商業區,,,1090724,土地1建物1車位1,十五層,二十三層,住宅大樓(11層含以上有電梯),住家用,鋼筋混凝土造,1150326,85.1,0,0,0,無,有,5300000,61679,坡道機械,10.52,700000,預售屋、或土地及建物分件登記案件；,RPUNMLQKQHLGFKD17DA,44.87,0.0,2.95,有,
永康區,房地(土地+建物)+車位,臺南市永康區東橋五路１５９號四樓之６,10.41,都市：其他:商業區,,,1090717,土地1建物1車位1,四層,二十三層,住宅大樓(11層含以上有電梯),住家用,鋼筋混凝土造,1150326,101.31,1,2,1,有,有,6150000,60029,坡道機械,10.52,700000,110.06.28轉讓權利讓與金額相同預售屋、或土地及建物分件登記案件；,RPROMLQKQHLGFKD96DA,53.82,0.0,4.47,有,
永康區,房地(土地+建物)+車位,臺南市永康區東橋五路１６１號十三樓之１,15.17,都市：其他:商業區,,,1090712,土地1建物1車位1,十三層,二十三層,住宅大樓(11層含以上有電梯),住家用,鋼筋混凝土造,1150326,152.48000000000002,2,2,2,有,有,10800000,73742,坡道平面,27.72,1600000,預售屋、或土地及建物分件登記案件；,RPVOMLRKQHLGFKD47DA,73.27,0.0,6.88,有,
永康區,房地(土地+建物)+車位,臺南市永康區東橋五路１６１號二十二樓之６,11.09,都市：其他:商業區,,,1090713,土地1建物1車位1,二十二層,二十三層,住宅大樓(11層含以上有電梯),住家用,鋼筋混凝土造,1150326,109.78,1,2,1,有,有,7500000,73727,坡道平面,27.72,1450000,預售屋、或土地及建物分件登記案件；,RPWQMLRKQHLGFKD77DA,49.28,0.0,3.46,有,
永康區,房地(土地+建物)+車位,臺南市永康區東橋五路１５９號九樓之６,10.41,都市：其他:商業區,,,1090701,土地1建物1車位1,九層,二十三層,住宅大樓(11層含以上有電梯),住家用,鋼筋混凝土造,1150326,101.31,1,2,1,有,有,6350000,62232,坡道機械,10.52,700000,預售屋、或土地及建物分件登記案件；,RPUOMLTKQHLGFKD57DA,53.82,0.0,4.47,有,
永康區,房地(土地+建物)+車位,臺南市永康區東橋五路１５９號七樓之７,15.1,都市：其他:商業區,,,1090701,土地1建物1車位1,七層,二十三層,住宅大樓(11層含以上有電梯),住家用,鋼筋混凝土造,1150326,146.32999999999998,2,2,2,有,有,8950000,64497,坡道平面,27.72,1300000,115.04.02轉讓權利讓與金額相同預售屋、或土地及建物分件登記案件；,RPXOMLTKQHLGFKD87DA,72.94,0.0,3.29,有,
永康區,房地(土地+建物)+車位,臺南市永康區東橋五路１５９號十五樓之１１,10.41,都市：其他:商業區,,,1090701,土地1建物1車位1,十五層,二十三層,住宅大樓(11層含以上有電梯),住家用,鋼筋混凝土造,1150326,101.31,1,2,1,有,有,6390000,62672,坡道機械,10.52,700000,112.07.12轉讓權利讓與金額830萬元預售屋、或土地及建物分件登記案件；,RPVRMLTKQHLGFKD97DA,53.82,0.0,4.47,有,
永康區,房地(土地+建物)+車位,臺南市永康區東橋五路１５９號十樓之１,15.31,都市：其他:商業區,,,1090616,土地1建物1車位1,十層,二十三層,住宅大樓(11層含以上有電梯),住家用,鋼筋混凝土造,1150326,148.44,2,2,2,有,有,9150000,63784,坡道平面,27.72,1450000,預售屋、或土地及建物分件登記案件；,RPPNMLQKQHLGFKD66DA,73.99,0.0,3.71,有,
永康區,房地(土地+建物)+車位,臺南市永康區東橋五路１５９號十七樓之１１,10.41,都市：其他:商業區,,,1090610,土地1建物1車位1,十七層,二十三層,住宅大樓(11層含以上有電梯),住家用,鋼筋混凝土造,1150326,101.31,1,2,1,有,有,6530000,63663,坡道機械,10.52,750000,預售屋、或土地及建物分件登記案件；,RPQQMLQKQHLGFKD07DA,53.82,0.0,4.47,有,
永康區,房地(土地+建物)+車位,臺南市永康區東橋五路１６３號十三樓之５,12.45,都市：其他:商業區,,,1090623,土地1建物1車位1,十三層,二十三層,住宅大樓(11層含以上有電梯),住家用,鋼筋混凝土造,1150326,124.88,1,2,1,有,有,8000000,69988,坡道平面,27.72,1200000,112.1.9轉讓權利讓與金額相同預售屋、或土地及建物分件登記案件；,RPORMLQKQHLGFKD96DA,57.11,0.0,5.31,有,
永康區,房地(土地+建物)+車位,臺南市永康區東橋五路１６１號二樓之２,12.52,都市：其他:商業區,,,1090601,土地1建物1車位1,二層,二十三層,住宅大樓(11層含以上有電梯),住家用,鋼筋混凝土造,1150326,122.77000000000001,1,2,1,有,有,7400000,65229,坡道平面,27.72,1200000,115.5.6轉讓權利讓與金額相同預售屋、或土地及建物分件登記案件；,RPXOMLRKQHLGFKD67DA,57.68,0.0,3.27,有,
永康區,房地(土地+建物)+車位,臺南市永康區東橋五路１５９號十三樓之２,8.78,都市：其他:商業區,,,1090603,土地1建物1車位1,十三層,二十三層,住宅大樓(11層含以上有電梯),住家用,鋼筋混凝土造,1150326,85.1,0,0,0,無,有,5200000,60338,坡道機械,10.52,700000,115.04.29轉讓權利讓與金額相同預售屋、或土地及建物分件登記案件；,RPUNMLTKQHLGFKD47DA,44.87,0.0,2.95,有,
永康區,房地(土地+建物)+車位,臺南市永康區東橋五路１６３號八樓之９,11.5,都市：其他:商業區,,,1090601,土地1建物1車位1,八層,二十三層,住宅大樓(11層含以上有電梯),住家用,鋼筋混凝土造,1150326,113.72,1,2,2,有,有,6930000,60853,坡道機械,10.52,650000,110.5.18轉讓權利讓與金額相同預售屋、或土地及建物分件登記案件；,RPTQMLOLQHLGFKD27DA,61.53,0.0,5.03,有,
永康區,房地(土地+建物)+車位,臺南市永康區東橋五路１５９號六樓之６,11.91,都市：其他:商業區,,,1090601,土地1建物1車位1,六層,二十三層,住宅大樓(11層含以上有電梯),住家用,鋼筋混凝土造,1150326,118.52,1,2,1,有,有,6690000,60463,坡道平面,27.72,1200000,110.6.8轉讓權利讓與金額相同111.2.16再轉讓權利讓與金額689萬元113.6.6轉讓權利讓與金額相同預售屋、或土地及建物分件登記案件；,RPQTMLOLQHLGFKD27DA,53.82,0.0,4.47,有,
永康區,房地(土地+建物)+車位,臺南市永康區東橋五路１５９號十三樓之６,11.91,都市：其他:商業區,,,1090602,土地1建物1車位1,十三層,二十三層,住宅大樓(11層含以上有電梯),住家用,鋼筋混凝土造,1150326,118.52,1,2,1,有,有,7020000,63546,坡道平面,27.72,1250000,預售屋、或土地及建物分件登記案件；,RPTOMLQLQHLGFKD27DA,53.82,0.0,4.47,有,
永康區,房地(土地+建物)+車位,臺南市永康區東橋五路１６３號十八樓之３,15.17,都市：其他:商業區,,,1090522,土地1建物1車位1,十八層,二十三層,住宅大樓(11層含以上有電梯),住家用,鋼筋混凝土造,1150326,152.17000000000002,2,2,2,有,有,10950000,74729,坡道平面,27.72,1650000,113.5.17轉讓權利讓與金額1598萬元預售屋、或土地及建物分件登記案件；,RPXPMLMLPHLGFKD27DA,73.27,0.0,6.88,有,
永康區,房地(土地+建物)+車位,臺南市永康區東橋五路１６３號二十一樓之８,7.69,都市：其他:商業區,,,1090502,土地1建物1車位1,二十一層,二十三層,住宅大樓(11層含以上有電梯),住家用,鋼筋混凝土造,1150326,75.44,0,0,0,無,有,5080000,64387,坡道機械,10.52,900000,預售屋、或土地及建物分件登記案件；,RPTPMLMLQHLGFKD96DA,38.79,0.0,2.87,有,
永康區,房地(土地+建物)+車位,臺南市永康區東橋五路１６１號六樓之１,15.17,都市：其他:商業區,,,1090520,土地1建物1車位1,六層,二十三層,住宅大樓(11層含以上有電梯),住家用,鋼筋混凝土造,1150326,152.48000000000002,2,2,2,有,有,10530000,71177,坡道平面,27.72,1650000,預售屋、或土地及建物分件登記案件；,RPQNMLOLQHLGFKD66DA,73.27,0.0,6.88,有,
永康區,房地(土地+建物)+車位,臺南市永康區東橋五路１６１號九樓之１,15.17,都市：其他:商業區,,,1090523,土地1建物1車位1,九層,二十三層,住宅大樓(11層含以上有電梯),住家用,鋼筋混凝土造,1150326,152.48000000000002,2,2,2,有,有,10450000,70535,坡道平面,27.72,1650000,預售屋、或土地及建物分件登記案件；,RPRNMLOLQHLGFKD76DA,73.27,0.0,6.88,有,
永康區,房地(土地+建物)+車位,臺南市永康區東橋五路１５９號十樓之３,8.78,都市：其他:商業區,,,1090503,土地1建物1車位1,十層,二十三層,住宅大樓(11層含以上有電梯),住家用,鋼筋混凝土造,1150326,85.09,0,0,0,無,有,5080000,58737,坡道機械,10.52,700000,115.5.15轉讓權利讓與金額相同預售屋、或土地及建物分件登記案件；,RPQNMLTLQHLGFKD17DA,44.86,0.0,2.95,有,
永康區,房地(土地+建物)+車位,臺南市永康區東橋五路１６１號二十樓之７,13.4,都市：其他:商業區,,,1090402,土地1建物1車位1,二十層,二十三層,住宅大樓(11層含以上有電梯),住家用,鋼筋混凝土造,1150326,133.22,2,2,2,有,有,8660000,68815,坡道平面,27.72,1400000,112.02.24轉讓權利轉讓金額1060萬元預售屋、或土地及建物分件登記案件；,RPTPMLNKQHLGFKD96DA,63.14,0.0,4.76,有,
永康區,房地(土地+建物)+車位,臺南市永康區東橋五路１６１號十五樓之７,13.4,都市：其他:商業區,,,1090424,土地1建物1車位1,十五層,二十三層,住宅大樓(11層含以上有電梯),住家用,鋼筋混凝土造,1150326,133.22,2,2,2,有,有,8430000,66161,坡道平面,27.72,1450000,111.3.14轉讓權利讓與金額873萬元預售屋、或土地及建物分件登記案件；,RPQRMLRKQHLGFKD27DA,63.14,0.0,4.76,有,
永康區,房地(土地+建物)+車位,臺南市永康區東橋五路１６１號十九樓之７,13.4,都市：其他:商業區,,,1090402,土地1建物1車位1,十九層,二十三層,住宅大樓(11層含以上有電梯),住家用,鋼筋混凝土造,1150326,133.22,2,2,2,有,有,8640000,68626,坡道平面,27.72,1400000,112.3.18轉讓權利轉讓金額1048萬元預售屋、或土地及建物分件登記案件；,RPOOMLOLQHLGFKD56DA,63.14,0.0,4.76,有,
永康區,房地(土地+建物)+車位,臺南市永康區東橋五路１５９號十七樓之３,8.78,都市：其他:商業區,,,1090417,土地1建物1車位1,十七層,二十三層,住宅大樓(11層含以上有電梯),住家用,鋼筋混凝土造,1150326,85.09,0,0,0,無,有,5250000,61016,坡道機械,10.52,700000,115.05.15轉讓權利讓與金額相同預售屋、或土地及建物分件登記案件；,RPOOMLQKQHLGFKD66DA,44.86,0.0,2.95,有,
永康區,房地(土地+建物)+車位,臺南市永康區東橋五路１６３號十四樓之３,15.17,都市：其他:商業區,,,1090402,土地1建物1車位1,十四層,二十三層,住宅大樓(11層含以上有電梯),住家用,鋼筋混凝土造,1150326,152.17000000000002,2,2,2,有,有,10180000,70550,坡道平面,27.72,1400000,預售屋、或土地及建物分件登記案件；,RPXQMLQKQHLGFKD77DA,73.27,0.0,6.88,有,
永康區,房地(土地+建物)+車位,臺南市永康區東橋五路１６１號十四樓之１,15.17,都市：其他:商業區,,,1090402,土地1建物1車位1,十四層,二十三層,住宅大樓(11層含以上有電梯),住家用,鋼筋混凝土造,1150326,152.48000000000002,2,2,2,有,有,10000000,68932,坡道平面,27.72,1400000,預售屋、或土地及建物分件登記案件；,RPWOMLRKQHLGFKD57DA,73.27,0.0,6.88,有,
永康區,房地(土地+建物)+車位,臺南市永康區東橋五路１５９號十二樓之３,8.78,都市：其他:商業區,,,1090415,土地1建物1車位1,十二層,二十三層,住宅大樓(11層含以上有電梯),住家用,鋼筋混凝土造,1150326,85.09,0,0,0,無,有,5130000,59407,坡道機械,10.52,700000,預售屋、或土地及建物分件登記案件；,RPVNMLTKQHLGFKD57DA,44.86,0.0,2.95,有,
永康區,房地(土地+建物)+車位,臺南市永康區東橋五路１６３號十三樓之７,7.69,都市：其他:商業區,,,1090419,土地1建物1車位1,十三層,二十三層,住宅大樓(11層含以上有電梯),住家用,鋼筋混凝土造,1150326,75.44,0,0,0,無,有,4820000,60382,坡道機械,10.52,900000,110.09.17轉讓權利讓與金額相同預售屋、或土地及建物分件登記案件；,RPXOMLMLQHLGFKD27DA,38.79,0.0,2.87,有,
永康區,房地(土地+建物)+車位,臺南市永康區東橋五路１６３號十三樓之８,9.18,都市：其他:商業區,,,1090402,土地1建物1車位1,十三層,二十三層,住宅大樓(11層含以上有電梯),住家用,鋼筋混凝土造,1150326,92.63999999999999,0,0,0,無,有,5120000,60382,坡道平面,27.72,1200000,110.11.18轉讓權利讓與金額527萬元預售屋、或土地及建物分件登記案件；,RPPPMLMLQHLGFKD56DA,38.79,0.0,2.87,有,
永康區,房地(土地+建物)+車位,臺南市永康區東橋五路１６３號十四樓之８,9.18,都市：其他:商業區,,,1090419,土地1建物1車位1,十四層,二十三層,住宅大樓(11層含以上有電梯),住家用,鋼筋混凝土造,1150326,92.63999999999999,0,0,0,無,有,5020000,58842,坡道平面,27.72,1200000,110.09.17轉讓權利讓與金額相同112.07.03轉讓權利讓與金額相同預售屋、或土地及建物分件登記案件；,RPQPMLMLQHLGFKD66DA,38.79,0.0,2.87,有,
永康區,房地(土地+建物)+車位,臺南市永康區東橋五路１５９號十一樓之３,8.78,都市：其他:商業區,,,1090423,土地1建物1車位1,十一層,二十三層,住宅大樓(11層含以上有電梯),住家用,鋼筋混凝土造,1150326,85.09,0,0,0,無,有,5150000,59005,坡道機械,10.52,750000,預售屋、或土地及建物分件登記案件；,RPQRMLOLQHLGFKD07DA,44.86,0.0,2.95,有,
永康區,房地(土地+建物)+車位,臺南市永康區東橋五路１５９號十七樓之２,8.78,都市：其他:商業區,,,1090417,土地1建物1車位1,十七層,二十三層,住宅大樓(11層含以上有電梯),住家用,鋼筋混凝土造,1150326,85.1,0,0,0,無,有,5430000,60740,坡道機械,10.52,900000,預售屋、或土地及建物分件登記案件；,RPSSMLOLQHLGFKD37DA,44.87,0.0,2.95,有,
永康區,房地(土地+建物)+車位,臺南市永康區東橋五路１５９號十樓之２,8.78,都市：其他:商業區,,,1090423,土地1建物1車位1,十層,二十三層,住宅大樓(11層含以上有電梯),住家用,鋼筋混凝土造,1150326,85.1,0,0,0,無,有,5080000,58729,坡道機械,10.52,700000,預售屋、或土地及建物分件登記案件；,RPTSMLOLQHLGFKD47DA,44.87,0.0,2.95,有,
永康區,房地(土地+建物)+車位,臺南市永康區東橋五路１５９號十二樓之２,8.78,都市：其他:商業區,,,1090415,土地1建物1車位1,十二層,二十三層,住宅大樓(11層含以上有電梯),住家用,鋼筋混凝土造,1150326,85.1,0,0,0,無,有,5320000,59265,坡道機械,10.52,900000,預售屋、或土地及建物分件登記案件；,RPSNMLKMQHLGFKD56DA,44.87,0.0,2.95,有,
永康區,房地(土地+建物)+車位,臺南市永康區東橋五路１６１號八樓之５,13.4,都市：其他:商業區,,,1090406,土地1建物1車位1,八層,二十三層,住宅大樓(11層含以上有電梯),住家用,鋼筋混凝土造,1150326,133.64999999999998,2,2,2,有,有,8160000,63344,坡道平面,27.72,1450000,115.5.7轉讓權利讓與金額相同預售屋、或土地及建物分件登記案件；,RPXNMLKMQHLGFKD07DA,63.46,0.0,4.87,有,
永康區,房地(土地+建物)+車位,臺南市永康區東橋五路１６１號十九樓之６,9.59,都市：其他:商業區,,,1090313,土地1建物1車位1,十九層,二十三層,住宅大樓(11層含以上有電梯),住家用,鋼筋混凝土造,1150326,92.57,1,2,1,有,有,6550000,68860,坡道機械,10.52,900000,預售屋、或土地及建物分件登記案件；,RPSOMLSKPHLGFKD17DA,49.28,0.0,3.46,有,
永康區,房地(土地+建物)+車位,臺南市永康區東橋五路１６３號五樓之３,15.17,都市：其他:商業區,,,1090301,土地1建物1車位1,五層,二十三層,住宅大樓(11層含以上有電梯),住家用,鋼筋混凝土造,1150326,152.17000000000002,2,2,2,有,有,9880000,67738,坡道平面,27.72,1450000,預售屋、或土地及建物分件登記案件；,RPUPMLMLPHLGFKD96DA,73.27,0.0,6.88,有,
永康區,房地(土地+建物)+車位,臺南市永康區東橋五路１６３號十三樓之１,15.51,都市：其他:商業區,,,1090301,土地1建物1車位1,十三層,二十三層,住宅大樓(11層含以上有電梯),住家用,鋼筋混凝土造,1150326,155.43,2,2,2,有,有,10200000,68515,坡道平面,27.72,1450000,115.02.23轉讓權利讓與金額相同預售屋、或土地及建物分件登記案件；,RPRNMLMLQHLGFKD56DA,75.51,0.0,6.63,有,
永康區,房地(土地+建物)+車位,臺南市永康區東橋五路１６１號四樓之５,13.4,都市：其他:商業區,,,1090308,土地1建物1車位1,四層,二十三層,住宅大樓(11層含以上有電梯),住家用,鋼筋混凝土造,1150326,133.64999999999998,2,2,2,有,有,7900000,60889,坡道平面,27.72,1450000,預售屋、或土地及建物分件登記案件；,RPXOMLNKQHLGFKD27DA,63.46,0.0,4.87,有,
永康區,房地(土地+建物)+車位,臺南市永康區東橋五路１５９號十五樓之３,8.78,都市：其他:商業區,,,1090314,土地1建物1車位1,十五層,二十三層,住宅大樓(11層含以上有電梯),住家用,鋼筋混凝土造,1150326,85.09,0,0,0,無,有,5400000,60346,坡道機械,10.52,900000,114.03.15轉讓權利讓與金額790萬元預售屋、或土地及建物分件登記案件；,RPXNMLQKQHLGFKD47DA,44.86,0.0,2.95,有,
永康區,房地(土地+建物)+車位,臺南市永康區東橋五路１６３號八樓之５,12.45,都市：其他:商業區,,,1090314,土地1建物1車位1,八層,二十三層,住宅大樓(11層含以上有電梯),住家用,鋼筋混凝土造,1150326,124.88,1,2,1,有,有,7700000,64841,坡道平面,27.72,1400000,預售屋、或土地及建物分件登記案件；,RPRPMLOLQHLGFKD96DA,57.11,0.0,5.31,有,
永康區,房地(土地+建物)+車位,臺南市永康區東橋五路１６３號十八樓之７,7.69,都市：其他:商業區,,,1090310,土地1建物1車位1,十八層,二十三層,住宅大樓(11層含以上有電梯),住家用,鋼筋混凝土造,1150326,75.44,0,0,0,無,有,4600000,60844,坡道機械,10.52,650000,115.5.5轉讓權利讓與金額相同預售屋、或土地及建物分件登記案件；,RPWPMLOLQHLGFKD47DA,38.79,0.0,2.87,有,
永康區,房地(土地+建物)+車位,臺南市永康區東橋五路１５９號十樓之７,15.1,都市：其他:商業區,,,1090310,土地1建物1車位1,十層,二十三層,住宅大樓(11層含以上有電梯),住家用,鋼筋混凝土造,1150326,146.32999999999998,2,2,2,有,有,9000000,65340,坡道平面,27.72,1250000,預售屋、或土地及建物分件登記案件；,RPUTMLOLQHLGFKD67DA,72.94,0.0,3.29,有,
永康區,房地(土地+建物)+車位,臺南市永康區東橋五路１６３號十六樓之３,15.17,都市：其他:商業區,,,1090210,土地1建物1車位1,十六層,二十三層,住宅大樓(11層含以上有電梯),住家用,鋼筋混凝土造,1150326,152.17000000000002,2,2,2,有,有,10270000,72077,坡道平面,27.72,1300000,114.12.19轉讓權利讓與金額1032萬元預售屋、或土地及建物分件登記案件；,RPXNMLMLQHLGFKD17DA,73.27,0.0,6.88,有,
永康區,房地(土地+建物)+車位,臺南市永康區東橋五路１６３號十三樓之３,15.17,都市：其他:商業區,,,1090209,土地1建物1車位1,十三層,二十三層,住宅大樓(11層含以上有電梯),住家用,鋼筋混凝土造,1150326,152.17000000000002,2,2,2,有,有,10400000,72318,坡道平面,27.72,1400000,預售屋、或土地及建物分件登記案件；,RPXOMLOLQHLGFKD47DA,73.27,0.0,6.88,有,
永康區,房地(土地+建物)+車位,臺南市永康區東橋五路１６３號十七樓之７,7.69,都市：其他:商業區,,,1090211,土地1建物1車位1,十七層,二十三層,住宅大樓(11層含以上有電梯),住家用,鋼筋混凝土造,1150326,75.44,0,0,0,無,有,4670000,61152,坡道機械,10.52,700000,110.6.10轉讓權利讓與金額相同預售屋、或土地及建物分件登記案件；,RPVPMLOLQHLGFKD37DA,38.79,0.0,2.87,有,
永康區,房地(土地+建物)+車位,臺南市永康區東橋五路１６１號七樓之７,13.4,都市：其他:商業區,,,1090111,土地1建物1車位1,七層,二十三層,住宅大樓(11層含以上有電梯),住家用,鋼筋混凝土造,1150326,133.22,2,2,2,有,有,8250000,64929,坡道平面,27.72,1400000,114.2.8轉讓權利讓與金額1236萬元預售屋、或土地及建物分件登記案件；,RPXQMLRKQHLGFKD87DA,63.14,0.0,4.76,有,
永康區,房地(土地+建物)+車位,臺南市永康區東橋五路１６３號四樓之１,15.51,都市：其他:商業區,,,1090122,土地1建物1車位1,四層,二十三層,住宅大樓(11層含以上有電梯),住家用,鋼筋混凝土造,1150326,155.43,2,2,2,有,有,9750000,64991,坡道平面,27.72,1450000,預售屋、或土地及建物分件登記案件；,RPPOMLOLQHLGFKD66DA,75.51,0.0,6.63,有,
永康區,房地(土地+建物)+車位,臺南市永康區東橋五路１６１號九樓之３,15.51,都市：其他:商業區,,,1090101,土地1建物1車位1,九層,二十三層,住宅大樓(11層含以上有電梯),住家用,鋼筋混凝土造,1150326,155.75,2,2,2,有,有,10250000,68734,坡道平面,27.72,1450000,預售屋、或土地及建物分件登記案件；,RPUPMLRKQHLGFKD47DA,75.51,0.0,6.63,有,
永康區,房地(土地+建物)+車位,臺南市永康區東橋五路１６１號十五樓之１,15.17,都市：其他:商業區,,,1081205,土地1建物1車位1,十五層,二十三層,住宅大樓(11層含以上有電梯),住家用,鋼筋混凝土造,1150326,152.48000000000002,2,2,2,有,有,9980000,70375,坡道平面,27.72,1200000,115.03.17轉讓權利轉讓金額相同預售屋、或土地及建物分件登記案件；,RPQNMLSKPHLGFKD86DA,73.27,0.0,6.88,有,
永康區,房地(土地+建物)+車位,臺南市永康區東橋五路１５９號八樓之１０,14.49,都市：其他:商業區,,,1081207,土地1建物1車位1,八層,二十三層,住宅大樓(11層含以上有電梯),住家用,鋼筋混凝土造,1150326,141.78,2,2,2,有,有,8760000,65404,坡道平面,27.72,1300000,預售屋、或土地及建物分件登記案件；,RPROMLNLPHLGFKD66DA,69.56,0.0,3.71,有,
永康區,房地(土地+建物)+車位,臺南市永康區東橋五路１６１號六樓之７,13.4,都市：其他:商業區,,,1081201,土地1建物1車位1,六層,二十三層,住宅大樓(11層含以上有電梯),住家用,鋼筋混凝土造,1150326,133.22,2,2,2,有,有,8150000,64929,坡道平面,27.72,1300000,預售屋、或土地及建物分件登記案件；,RPSPMLNKQHLGFKD86DA,63.14,0.0,4.76,有,
永康區,房地(土地+建物)+車位,臺南市永康區東橋五路１６３號三樓之１,15.51,都市：其他:商業區,,,1081214,土地1建物1車位1,三層,二十三層,住宅大樓(11層含以上有電梯),住家用,鋼筋混凝土造,1150326,155.43,2,2,2,有,有,9600000,65774,坡道平面,27.72,1200000,115.1.9轉讓權利讓與金額1447萬元預售屋、或土地及建物分件登記案件；,RPSQMLQKQHLGFKD27DA,75.51,0.0,6.63,有,
永康區,房地(土地+建物)+車位,臺南市永康區東橋五路１６１號十二樓之１,18.91,都市：其他:商業區,,,1081220,土地1建物1車位2,十二層,二十三層,住宅大樓(11層含以上有電梯),住家用,鋼筋混凝土造,1150326,194.87,2,2,2,有,有,13200000,78945,坡道平面,70.1,3350000,111.04.18轉讓權利轉讓金額相同114.07.31轉讓權利轉讓金額1350萬元預售屋、或土地及建物分件登記案件；,RPOOMLNKQHLGFKD98DA,73.27,0.0,6.88,有,
永康區,房地(土地+建物)+車位,臺南市永康區東橋五路１６１號四樓之２,12.52,都市：其他:商業區,,,1081220,土地1建物1車位1,四層,二十三層,住宅大樓(11層含以上有電梯),住家用,鋼筋混凝土造,1150326,122.77000000000001,1,2,1,有,有,7670000,67017,坡道平面,27.72,1300000,115.05.04轉讓權利轉讓金額相同預售屋、或土地及建物分件登記案件；,RPPOMLNKQHLGFKD09DA,57.68,0.0,3.27,有,
永康區,房地(土地+建物)+車位,臺南市永康區東橋五路１６１號十五樓之３,15.51,都市：其他:商業區,,,1081215,土地1建物1車位1,十五層,二十三層,住宅大樓(11層含以上有電梯),住家用,鋼筋混凝土造,1150326,155.75,2,2,2,有,有,10300000,69124,坡道平面,27.72,1450000,預售屋、或土地及建物分件登記案件；,RPUOMLNKQHLGFKD96DA,75.51,0.0,6.63,有,
永康區,房地(土地+建物)+車位,臺南市永康區東橋五路１５９號二樓之２,8.78,都市：其他:商業區,,,1081202,土地1建物1車位1,二層,二十三層,住宅大樓(11層含以上有電梯),住家用,鋼筋混凝土造,1150326,85.1,0,0,0,無,有,4950000,56315,坡道機械,10.52,750000,115.5.7轉讓權利讓與金額相同預售屋、或土地及建物分件登記案件；,RPTNMLQKQHLGFKD07DA,44.87,0.0,2.95,有,
永康區,房地(土地+建物)+車位,臺南市永康區東橋五路１６１號十八樓之６,9.59,都市：其他:商業區,,,1081226,土地1建物1車位1,十八層,二十三層,住宅大樓(11層含以上有電梯),住家用,鋼筋混凝土造,1150326,92.57,1,2,1,有,有,6500000,68251,坡道機械,10.52,900000,預售屋、或土地及建物分件登記案件；,RPVQMLRKQHLGFKD67DA,49.28,0.0,3.46,有,
永康區,房地(土地+建物)+車位,臺南市永康區東橋五路１５９號二十一樓之７,16.4,都市：其他:商業區,,,1081201,土地1建物1車位1,二十一層,二十三層,住宅大樓(11層含以上有電梯),住家用,鋼筋混凝土造,1150326,160.99,2,2,2,有,有,10600000,74614,坡道平面,42.38,1750000,114.11.26轉讓權利讓與金額相同預售屋、或土地及建物分件登記案件；,RPRQMLTKQHLGFKD47DA,72.94,0.0,3.29,有,
永康區,房地(土地+建物)+車位,臺南市永康區東橋五路１６３號八樓之７,7.69,都市：其他:商業區,,,1081203,土地1建物1車位1,八層,二十三層,住宅大樓(11層含以上有電梯),住家用,鋼筋混凝土造,1150326,75.44,0,0,0,無,有,4600000,60074,坡道機械,10.52,700000,預售屋、或土地及建物分件登記案件；,RPVOMLMLQHLGFKD07DA,38.79,0.0,2.87,有,
永康區,房地(土地+建物)+車位,臺南市永康區東橋五路１６３號二十樓之２,12.52,都市：其他:商業區,,,1081206,土地1建物1車位1,二十層,二十三層,住宅大樓(11層含以上有電梯),住家用,鋼筋混凝土造,1150326,122.45,1,2,1,有,有,8290000,73789,坡道平面,27.72,1300000,預售屋、或土地及建物分件登記案件；,RPVOMLOLQHLGFKD27DA,57.68,0.0,3.27,有,
永康區,房地(土地+建物)+車位,臺南市永康區東橋五路１６１號三樓之２,12.52,都市：其他:商業區,,,1081219,土地1建物1車位1,三層,二十三層,住宅大樓(11層含以上有電梯),住家用,鋼筋混凝土造,1150326,122.77000000000001,1,2,1,有,有,7470000,66491,坡道平面,27.72,1150000,112.8.14轉讓權利讓與金額963萬元預售屋、或土地及建物分件登記案件；,RPUNMLTLQHLGFKD57DA,57.68,0.0,3.27,有,
永康區,房地(土地+建物)+車位,臺南市永康區東橋五路１６３號十九樓之３,15.17,都市：其他:商業區,,,1081106,土地1建物1車位1,十九層,二十三層,住宅大樓(11層含以上有電梯),住家用,鋼筋混凝土造,1150326,152.17000000000002,2,2,2,有,有,10600000,73524,坡道平面,27.72,1450000,預售屋、或土地及建物分件登記案件；,RPWPMLSKPHLGFKD67DA,73.27,0.0,6.88,有,
永康區,房地(土地+建物)+車位,臺南市永康區東橋五路１６３號十一樓之８,7.69,都市：其他:商業區,,,1081101,土地1建物1車位1,十一層,二十三層,住宅大樓(11層含以上有電梯),住家用,鋼筋混凝土造,1150326,75.44,0,0,0,無,有,4680000,61306,坡道機械,10.52,700000,110.3.22轉讓權利讓與金額相同115.4.29再轉讓權利讓與金額相同預售屋、或土地及建物分件登記案件；,RPSOMLTKPHLGFKD27DA,38.79,0.0,2.87,有,
永康區,房地(土地+建物)+車位,臺南市永康區東橋五路１６３號三樓之５,12.45,都市：其他:商業區,,,1081110,土地1建物1車位1,三層,二十三層,住宅大樓(11層含以上有電梯),住家用,鋼筋混凝土造,1150326,124.88,1,2,1,有,有,7600000,65356,坡道平面,27.72,1250000,113.12.19轉讓權利讓與金額1179萬元預售屋、或土地及建物分件登記案件；,RPOQMLMLPHLGFKD09DA,57.11,0.0,5.31,有,
永康區,房地(土地+建物)+車位,臺南市永康區東橋五路１６３號十七樓之１,15.51,都市：其他:商業區,,,1081118,土地1建物1車位1,十七層,二十三層,住宅大樓(11層含以上有電梯),住家用,鋼筋混凝土造,1150326,155.43,2,2,2,有,有,10430000,71490,坡道平面,27.72,1300000,預售屋、或土地及建物分件登記案件；,RPTQMLQKQHLGFKD37DA,75.51,0.0,6.63,有,
永康區,房地(土地+建物)+車位,臺南市永康區東橋五路１６３號十三樓之２,12.52,都市：其他:商業區,,,1081106,土地1建物1車位1,十三層,二十三層,住宅大樓(11層含以上有電梯),住家用,鋼筋混凝土造,1150326,122.45,1,2,1,有,有,7880000,70516,坡道平面,27.72,1200000,114.11.30轉讓權利讓與金額1188萬元預售屋、或土地及建物分件登記案件；,RPWQMLQKQHLGFKD67DA,57.68,0.0,3.27,有,
永康區,房地(土地+建物)+車位,臺南市永康區東橋五路１６１號十七樓之６,9.59,都市：其他:商業區,,,1081101,土地1建物1車位1,十七層,二十三層,住宅大樓(11層含以上有電梯),住家用,鋼筋混凝土造,1150326,92.57,1,2,1,有,有,6550000,68860,坡道機械,10.52,900000,預售屋、或土地及建物分件登記案件；,RPQPMLNKQHLGFKD66DA,49.28,0.0,3.46,有,
永康區,房地(土地+建物)+車位,臺南市永康區東橋五路１５９號十六樓之５,15.92,都市：其他:商業區,,,1081110,土地1建物1車位1,十六層,二十三層,住宅大樓(11層含以上有電梯),住家用,鋼筋混凝土造,1150326,153.81,2,2,2,有,有,10070000,68760,坡道平面,27.72,1400000,預售屋、或土地及建物分件登記案件；,RPPOMLQKQHLGFKD76DA,77.75,0.0,3.41,有,
永康區,房地(土地+建物)+車位,臺南市永康區東橋五路１６３號十二樓之６,14.63,都市：其他:商業區,,,1081101,土地1建物1車位1,十二層,二十三層,住宅大樓(11層含以上有電梯),住家用,鋼筋混凝土造,1150326,144.31,2,2,2,有,有,9230000,68445,坡道平面,27.72,1250000,預售屋、或土地及建物分件登記案件；,RPSRMLQKQHLGFKD37DA,69.99,0.0,4.85,有,
永康區,房地(土地+建物)+車位,臺南市永康區東橋五路１６７號,13.74,都市：其他:商業區,,,1081101,土地1建物1車位1,一層,二十三層,住宅大樓(11層含以上有電梯),商業用,鋼筋混凝土造,1150326,116.94999999999999,0,0,0,無,有,13750000,140648,坡道平面,27.72,1200000,114.9.23轉讓權利讓與金額1375萬元預售屋、或土地及建物分件登記案件；,RPTOMLRKQHLGFKD27DA,64.05,0.0,0.0,有,
永康區,房地(土地+建物)+車位,臺南市永康區東橋五路１６１號十二樓之３,17.96,都市：其他:商業區,,,1081101,土地1建物1車位2,十二層,二十三層,住宅大樓(11層含以上有電梯),住家用,鋼筋混凝土造,1150326,183.47,2,2,2,有,有,11190000,68265,坡道平面,55.44,2450000,預售屋、或土地及建物分件登記案件；,RPVPMLRKQHLGFKD57DA,75.51,0.0,6.63,有,
永康區,房地(土地+建物)+車位,臺南市永康區東橋五路１６３號九樓之５,12.45,都市：其他:商業區,,,1081107,土地1建物1車位1,九層,二十三層,住宅大樓(11層含以上有電梯),住家用,鋼筋混凝土造,1150326,124.88,1,2,1,有,有,7800000,67415,坡道平面,27.72,1250000,預售屋、或土地及建物分件登記案件；,RPOOMLMLQHLGFKD98DA,57.11,0.0,5.31,有,
永康區,房地(土地+建物)+車位,臺南市永康區東橋五路１６３號十九樓之８,7.69,都市：其他:商業區,,,1081119,土地1建物1車位1,十九層,二十三層,住宅大樓(11層含以上有電梯),住家用,鋼筋混凝土造,1150326,75.44,0,0,0,無,有,4990000,63001,坡道機械,10.52,900000,預售屋、或土地及建物分件登記案件；,RPSPMLMLQHLGFKD86DA,38.79,0.0,2.87,有,
永康區,房地(土地+建物),臺南市永康區東橋五路１６３號七樓之５,10.0,都市：其他:商業區,,,1081104,土地1建物1車位0,七層,二十三層,住宅大樓(11層含以上有電梯),住家用,鋼筋混凝土造,1150326,97.15,1,2,1,有,有,6540000,67319,,0.0,0,114.3.17轉讓權利讓與金額相同預售屋、或土地及建物分件登記案件；,RPQPMLOLQHLGFKD86DA,57.11,0.0,5.31,有,
永康區,房地(土地+建物)+車位,臺南市永康區東橋五路１６３號六樓之８,7.69,都市：其他:商業區,,,1081118,土地1建物1車位1,六層,二十三層,住宅大樓(11層含以上有電梯),住家用,鋼筋混凝土造,1150326,75.44,0,0,0,無,有,4770000,59612,坡道機械,10.52,900000,113.1.9轉讓權利讓與金額相同預售屋、或土地及建物分件登記案件；,RPPQMLOLQHLGFKD86DA,38.79,0.0,2.87,有,
永康區,房地(土地+建物)+車位,臺南市永康區東橋五路１６３號九樓之９,12.99,都市：其他:商業區,,,1081104,土地1建物1車位1,九層,二十三層,住宅大樓(11層含以上有電梯),住家用,鋼筋混凝土造,1150326,130.93,1,2,2,有,有,7710000,60653,坡道平面,27.72,1450000,114.3.17轉讓權利讓與金額相同預售屋、或土地及建物分件登記案件；,RPUQMLOLQHLGFKD37DA,61.53,0.0,5.03,有,
永康區,房地(土地+建物)+車位,臺南市永康區東橋五路１６３號二樓之５,12.45,都市：其他:商業區,,,1081110,土地1建物1車位1,二層,二十三層,住宅大樓(11層含以上有電梯),住家用,鋼筋混凝土造,1150326,124.88,1,2,1,有,有,7650000,63812,坡道平面,27.72,1450000,預售屋、或土地及建物分件登記案件；,RPWNMLTLQHLGFKD77DA,57.11,0.0,5.31,有,
永康區,房地(土地+建物)+車位,臺南市永康區東橋五路１６１號二十二樓之３,15.51,都市：其他:商業區,,,1081106,土地1建物1車位1,二十二層,二十三層,住宅大樓(11層含以上有電梯),住家用,鋼筋混凝土造,1150326,155.75,2,2,2,有,有,10580000,70530,坡道平面,27.72,1550000,115.5.11轉讓權利讓與金額相同預售屋、或土地及建物分件登記案件；,RPQNMLKMQHLGFKD98DA,75.51,0.0,6.63,有,
永康區,房地(土地+建物)+車位,臺南市永康區東橋五路１６３號六樓之３,15.17,都市：其他:商業區,,,1081021,土地1建物1車位1,六層,二十三層,住宅大樓(11層含以上有電梯),住家用,鋼筋混凝土造,1150326,152.17000000000002,2,2,2,有,有,9940000,69425,坡道平面,27.72,1300000,111.4.15轉讓權利讓與金額1010萬元預售屋、或土地及建物分件登記案件；,RPUPMLSKPHLGFKD47DA,73.27,0.0,6.88,有,
永康區,房地(土地+建物)+車位,臺南市永康區東橋五路１６３號十樓之７,9.18,都市：其他:商業區,,,1081015,土地1建物1車位1,十層,二十三層,住宅大樓(11層含以上有電梯),住家用,鋼筋混凝土造,1150326,92.63999999999999,0,0,0,無,有,5060000,60998,坡道平面,27.72,1100000,114.4.12轉讓取得權利讓與金額相同預售屋、或土地及建物分件登記案件；,RPXNMLTKPHLGFKD67DA,38.79,0.0,2.87,有,
永康區,房地(土地+建物)+車位,臺南市永康區東橋五路１６３號十二樓之８,7.69,都市：其他:商業區,,,1081016,土地1建物1車位1,十二層,二十三層,住宅大樓(11層含以上有電梯),住家用,鋼筋混凝土造,1150326,75.44,0,0,0,無,有,4890000,61460,坡道機械,10.52,900000,預售屋、或土地及建物分件登記案件；,RPTOMLTKPHLGFKD37DA,38.79,0.0,2.87,有,
永康區,房地(土地+建物)+車位,臺南市永康區東橋五路１６３號十四樓之１,15.51,都市：其他:商業區,,,1081017,土地1建物1車位1,十四層,二十三層,住宅大樓(11層含以上有電梯),住家用,鋼筋混凝土造,1150326,155.43,2,2,2,有,有,10190000,69611,坡道平面,27.72,1300000,預售屋、或土地及建物分件登記案件；,RPQPMLMLPHLGFKD56DA,75.51,0.0,6.63,有,
永康區,房地(土地+建物)+車位,臺南市永康區東橋五路１６３號十六樓之１,15.51,都市：其他:商業區,,,1081013,土地1建物1車位1,十六層,二十三層,住宅大樓(11層含以上有電梯),住家用,鋼筋混凝土造,1150326,155.43,2,2,2,有,有,10120000,69846,坡道平面,27.72,1200000,114.06.26轉讓權利讓與金額1549萬元預售屋、或土地及建物分件登記案件；,RPSNMLMLQHLGFKD66DA,75.51,0.0,6.63,有,
永康區,房地(土地+建物)+車位,臺南市永康區東橋五路１６３號十八樓之１,15.51,都市：其他:商業區,,,1081024,土地1建物1車位1,十八層,二十三層,住宅大樓(11層含以上有電梯),住家用,鋼筋混凝土造,1150326,155.43,2,2,2,有,有,10240000,70785,坡道平面,27.72,1200000,預售屋、或土地及建物分件登記案件；,RPTNMLMLQHLGFKD76DA,75.51,0.0,6.63,有,
永康區,房地(土地+建物)+車位,臺南市永康區東橋五路１６３號四樓之２,12.52,都市：其他:商業區,,,1081015,土地1建物1車位1,四層,二十三層,住宅大樓(11層含以上有電梯),住家用,鋼筋混凝土造,1150326,122.45,1,2,1,有,有,7440000,66399,坡道平面,27.72,1150000,113.5.20轉讓權利讓與金額相同預售屋、或土地及建物分件登記案件；,RPSOMLOLQHLGFKD96DA,57.68,0.0,3.27,有,
永康區,房地(土地+建物)+車位,臺南市永康區東橋五路１６３號十七樓之２,12.52,都市：其他:商業區,,,1081013,土地1建物1車位1,十七層,二十三層,住宅大樓(11層含以上有電梯),住家用,鋼筋混凝土造,1150326,122.45,1,2,1,有,有,8050000,71783,坡道平面,27.72,1250000,110.03.26轉讓權利讓與金額相同115.03.30再轉讓權利讓與金額1120萬元預售屋、或土地及建物分件登記案件；,RPUOMLOLQHLGFKD17DA,57.68,0.0,3.27,有,
永康區,房地(土地+建物)+車位,臺南市永康區東橋五路１６１號二十二樓之８,14.63,都市：其他:商業區,,,1081015,土地1建物1車位2,二十二層,二十三層,住宅大樓(11層含以上有電梯),住家用,鋼筋混凝土造,1150326,149.73,1,2,1,有,有,8820000,66497,坡道平面,55.44,2550000,115.4.28轉讓權利讓與金額相同預售屋、或土地及建物分件登記案件；,RPSNMLTLQHLGFKD37DA,55.49,0.0,5.02,有,
永康區,房地(土地+建物)+車位,臺南市永康區東橋五路１５９號四樓之８,10.34,都市：其他:商業區,,,1081010,土地1建物1車位1,四層,二十三層,住宅大樓(11層含以上有電梯),住家用,鋼筋混凝土造,1150326,103.52000000000001,0,0,0,無,有,5720000,59631,坡道平面,27.72,1200000,預售屋、或土地及建物分件登記案件；,RPROMLKMQHLGFKD56DA,44.86,0.0,3.85,有,
永康區,房地(土地+建物)+車位,臺南市永康區東橋五路１６１號六樓之３,15.51,都市：其他:商業區,,,1081010,土地1建物1車位1,六層,二十三層,住宅大樓(11層含以上有電梯),住家用,鋼筋混凝土造,1150326,155.75,2,2,2,有,有,9800000,67172,坡道平面,27.72,1200000,112.03.25轉讓權利轉讓金額1160萬元預售屋、或土地及建物分件登記案件；,RPROMLNKQHLGFKD66DA,75.51,0.0,6.63,有,
永康區,房地(土地+建物)+車位,臺南市永康區東橋五路１６１號十樓之３,15.51,都市：其他:商業區,,,1081005,土地1建物1車位1,十層,二十三層,住宅大樓(11層含以上有電梯),住家用,鋼筋混凝土造,1150326,155.75,2,2,2,有,有,10210000,68421,坡道平面,27.72,1450000,114.07.28轉讓權利讓與金額相同預售屋、或土地及建物分件登記案件；,RPTOMLNKQHLGFKD86DA,75.51,0.0,6.63,有,
永康區,房地(土地+建物)+車位,臺南市永康區東橋五路１６１號十六樓之３,15.51,都市：其他:商業區,,,1081023,土地1建物1車位1,十六層,二十三層,住宅大樓(11層含以上有電梯),住家用,鋼筋混凝土造,1150326,155.75,2,2,2,有,有,10500000,70687,坡道平面,27.72,1450000,113.12.18轉讓權利讓與金額1090萬元預售屋、或土地及建物分件登記案件；,RPVOMLNKQHLGFKD07DA,75.51,0.0,6.63,有,
永康區,房地(土地+建物)+車位,臺南市永康區東橋五路１６１號十二樓之５,13.4,都市：其他:商業區,,,1081012,土地1建物1車位1,十二層,二十三層,住宅大樓(11層含以上有電梯),住家用,鋼筋混凝土造,1150326,133.64999999999998,2,2,2,有,有,8300000,66081,坡道平面,27.72,1300000,115.04.01轉讓權利讓與金額相同預售屋、或土地及建物分件登記案件；,RPOPMLNKQHLGFKD09DA,63.46,0.0,4.87,有,
永康區,房地(土地+建物)+車位,臺南市永康區東橋五路１６１號二樓之６,11.09,都市：其他:商業區,,,1081017,土地1建物1車位1,二層,二十三層,住宅大樓(11層含以上有電梯),住家用,鋼筋混凝土造,1150326,109.78,1,2,1,有,有,6280000,60687,坡道平面,27.72,1300000,115.04.15轉讓權利讓與金額相同預售屋、或土地及建物分件登記案件；,RPPPMLNKQHLGFKD56DA,49.28,0.0,3.46,有,
永康區,房地(土地+建物)+車位,臺南市永康區東橋五路１５９號十六樓之１,15.31,都市：其他:商業區,,,1081015,土地1建物1車位1,十六層,二十三層,住宅大樓(11層含以上有電梯),住家用,鋼筋混凝土造,1150326,148.44,2,2,2,有,有,9480000,66932,坡道平面,27.72,1400000,預售屋、或土地及建物分件登記案件；,RPQNMLQKQHLGFKD76DA,73.99,0.0,3.71,有,
永康區,房地(土地+建物)+車位,臺南市永康區東橋五路１６３號六樓之６,14.63,都市：其他:商業區,,,1081006,土地1建物1車位1,六層,二十三層,住宅大樓(11層含以上有電梯),住家用,鋼筋混凝土造,1150326,144.31,2,2,2,有,有,9160000,66129,坡道平面,27.72,1450000,預售屋、或土地及建物分件登記案件；,RPRRMLQKQHLGFKD27DA,69.99,0.0,4.85,有,
永康區,房地(土地+建物)+車位,臺南市永康區東橋五路１６１號十五樓之２,12.52,都市：其他:商業區,,,1081021,土地1建物1車位1,十五層,二十三層,住宅大樓(11層含以上有電梯),住家用,鋼筋混凝土造,1150326,122.77000000000001,1,2,1,有,有,7810000,70594,坡道平面,27.72,1100000,111.5.4轉讓權利讓與金額950萬元預售屋、或土地及建物分件登記案件；,RPPPMLRKQHLGFKD96DA,57.68,0.0,3.27,有,
永康區,房地(土地+建物)+車位,臺南市永康區東橋五路１６１號二十樓之２,12.52,都市：其他:商業區,,,1081009,土地1建物1車位1,二十層,二十三層,住宅大樓(11層含以上有電梯),住家用,鋼筋混凝土造,1150326,122.77000000000001,1,2,1,有,有,8310000,72173,坡道平面,27.72,1450000,預售屋、或土地及建物分件登記案件；,RPQPMLRKQHLGFKD07DA,57.68,0.0,3.27,有,
永康區,房地(土地+建物)+車位,臺南市永康區東橋五路１６１號三樓之３,15.51,都市：其他:商業區,,,1081024,土地1建物1車位1,三層,二十三層,住宅大樓(11層含以上有電梯),住家用,鋼筋混凝土造,1150326,155.75,2,2,2,有,有,9700000,66391,坡道平面,27.72,1200000,預售屋、或土地及建物分件登記案件；,RPSPMLRKQHLGFKD27DA,75.51,0.0,6.63,有,
永康區,房地(土地+建物)+車位,臺南市永康區東橋五路１６１號五樓之３,15.51,都市：其他:商業區,,,1081023,土地1建物1車位1,五層,二十三層,住宅大樓(11層含以上有電梯),住家用,鋼筋混凝土造,1150326,155.75,2,2,2,有,有,9820000,66937,坡道平面,27.72,1250000,110.5.10轉讓權利讓與金額相同預售屋、或土地及建物分件登記案件；,RPTPMLRKQHLGFKD37DA,75.51,0.0,6.63,有,
永康區,房地(土地+建物)+車位,臺南市永康區東橋五路１６１號十三樓之３,15.51,都市：其他:商業區,,,1081006,土地1建物1車位1,十三層,二十三層,住宅大樓(11層含以上有電梯),住家用,鋼筋混凝土造,1150326,155.75,2,2,2,有,有,10190000,69437,坡道平面,27.72,1300000,111.2.23轉讓權利讓與金額1245萬元112.7.29再轉讓權利讓與金額1470萬元預售屋、或土地及建物分件登記案件；,RPWPMLRKQHLGFKD67DA,75.51,0.0,6.63,有,
永康區,房地(土地+建物)+車位,臺南市永康區東橋五路１６１號十六樓之６,9.59,都市：其他:商業區,,,1081012,土地1建物1車位1,十六層,二十三層,住宅大樓(11層含以上有電梯),住家用,鋼筋混凝土造,1150326,92.57,1,2,1,有,有,6270000,67276,坡道機械,10.52,750000,112.6.14轉讓權利讓與金額相同預售屋、或土地及建物分件登記案件；,RPUQMLRKQHLGFKD57DA,49.28,0.0,3.46,有,
永康區,房地(土地+建物)+車位,臺南市永康區東橋五路１５９號十五樓之５,15.92,都市：其他:商業區,,,1081017,土地1建物1車位1,十五層,二十三層,住宅大樓(11層含以上有電梯),住家用,鋼筋混凝土造,1150326,153.81,2,2,2,有,有,10000000,67809,坡道平面,27.72,1450000,111.05.08轉讓權利讓與金額1288萬元預售屋、或土地及建物分件登記案件；,RPTOMLTKQHLGFKD47DA,77.75,0.0,3.41,有,
永康區,房地(土地+建物)+車位,臺南市永康區東橋五路１６３號十一樓之７,7.69,都市：其他:商業區,,,1081007,土地1建物1車位1,十一層,二十三層,住宅大樓(11層含以上有電梯),住家用,鋼筋混凝土造,1150326,75.44,0,0,0,無,有,4730000,61306,坡道機械,10.52,750000,113.02.06轉讓權利讓與金額相同預售屋、或土地及建物分件登記案件；,RPWOMLMLQHLGFKD17DA,38.79,0.0,2.87,有,
永康區,房地(土地+建物)+車位,臺南市永康區東橋五路１６１號二十二樓之２,12.52,都市：其他:商業區,,,1081015,土地1建物1車位1,二十二層,二十三層,住宅大樓(11層含以上有電梯),住家用,鋼筋混凝土造,1150326,122.77000000000001,1,2,1,有,有,8060000,72173,坡道平面,27.72,1200000,預售屋、或土地及建物分件登記案件；,RPSNMLOLQHLGFKD86DA,57.68,0.0,3.27,有,
永康區,房地(土地+建物)+車位,臺南市永康區東橋五路１６１號十一樓之６,9.59,都市：其他:商業區,,,1081006,土地1建物1車位1,十一層,二十三層,住宅大樓(11層含以上有電梯),住家用,鋼筋混凝土造,1150326,92.57,1,2,1,有,有,6150000,65814,坡道機械,10.52,750000,預售屋、或土地及建物分件登記案件；,RPUNMLOLQHLGFKD07DA,49.28,0.0,3.46,有,
永康區,房地(土地+建物)+車位,臺南市永康區東橋五路１６１號十三樓之６,9.59,都市：其他:商業區,,,1081006,土地1建物1車位1,十三層,二十三層,住宅大樓(11層含以上有電梯),住家用,鋼筋混凝土造,1150326,92.57,1,2,1,有,有,6200000,66423,坡道機械,10.52,750000,預售屋、或土地及建物分件登記案件；,RPVNMLOLQHLGFKD17DA,49.28,0.0,3.46,有,
永康區,房地(土地+建物)+車位,臺南市永康區東橋五路１６３號十樓之８,7.69,都市：其他:商業區,,,1081020,土地1建物1車位1,十層,二十三層,住宅大樓(11層含以上有電梯),住家用,鋼筋混凝土造,1150326,75.44,0,0,0,無,有,4690000,60690,坡道機械,10.52,750000,113.7.30轉讓權利讓與金額相同預售屋、或土地及建物分件登記案件；,RPQQMLOLQHLGFKD96DA,38.79,0.0,2.87,有,
永康區,房地(土地+建物)+車位,臺南市永康區東橋五路１６３號五樓之９,12.99,都市：其他:商業區,,,1081011,土地1建物1車位1,五層,二十三層,住宅大樓(11層含以上有電梯),住家用,鋼筋混凝土造,1150326,130.93,1,2,2,有,有,7330000,59393,坡道平面,27.72,1200000,112.1.8轉讓權利讓與金額940萬元預售屋、或土地及建物分件登記案件；,RPSQMLOLQHLGFKD17DA,61.53,0.0,5.03,有,
永康區,房地(土地+建物)+車位,臺南市永康區東橋五路１５９號二樓之６,11.91,都市：其他:商業區,,,1081014,土地1建物1車位1,二層,二十三層,住宅大樓(11層含以上有電梯),住家用,鋼筋混凝土造,1150326,118.52,1,2,1,有,有,6730000,59802,坡道平面,27.72,1300000,預售屋、或土地及建物分件登記案件；,RPOTMLOLQHLGFKD07DA,53.82,0.0,4.47,有,
永康區,房地(土地+建物)+車位,臺南市永康區東橋五路１５９號九樓之３,10.27,都市：其他:商業區,,,1081005,土地1建物1車位1,九層,二十三層,住宅大樓(11層含以上有電梯),住家用,鋼筋混凝土造,1150326,102.30000000000001,0,0,0,無,有,5690000,60874,坡道平面,27.72,1150000,預售屋、或土地及建物分件登記案件；,RPWNMLKMQHLGFKD96DA,44.86,0.0,2.95,有,
永康區,房地(土地+建物)+車位,臺南市永康區東橋五路１６３號十二樓之９,11.5,都市：其他:商業區,,,1080816,土地1建物1車位1,十二層,二十三層,住宅大樓(11層含以上有電梯),住家用,鋼筋混凝土造,1150326,113.72,1,2,2,有,有,7260000,63566,坡道機械,10.52,700000,預售屋、或土地及建物分件登記案件；,RPPNMLTLQHLGFKD07DA,61.53,0.0,5.03,有,
學甲區,土地,學甲段385-148地號,231040.0,,一般農業區,養殖用地,1080717,土地39建物0車位0,,,其他,,,,0.0,0,0,0,無,無,161976000,701,,0.0,0,本案經高分院判決回復所有權及確認優先購買權確定登記,RPPNMLMJRHLGFGD58EA,0.0,0.0,0.0,無,
