鄉鎮市區,交易標的,土地位置建物門牌,土地移轉總面積平方公尺,都市土地使用分區,非都市土地使用分區,非都市土地使用編定,交易年月日,交易筆棟數,移轉層次,總樓層數,建物型態,主要用途,主要建材,建築完成年月,建物移轉總面積平方公尺,建物現況格局-房,建物現況格局-廳,建物現況格局-衛,建物現況格局-隔間,有無管理組織,總價元,單價元平方公尺,車位類別,車位移轉總面積平方公尺,車位總價元,備註,編號,主建物面積,附屬建物面積,陽台面積,電梯,移轉編號
The villages and towns urban district,transaction sign,land sector position building sector house number plate,land shifting total area square meter,the use zoning or compiles and checks,the non-metropolis land use district,non-metropolis land use,transaction year month and day,transaction pen number,shifting level,total floor number,building state,main use,main building materials,construction to complete the years,building shifting total area,Building present situation pattern - room,building present situation pattern - hall,building present situation pattern - health,building present situation pattern - compartmented,Whether there is manages the organization,total price NTD,the unit price (NTD / square meter),the berth category,berth shifting total area square meter,the berth total price NTD,the note,serial number,main building area,auxiliary building area,balcony area,elevator,transaction number
鹽水區,房地(土地+建物),臺南市鹽水區北門路９巷６弄３０號,84.41,都市：其他:住宅區,,,1150803,土地1建物1車位0,全,三層,透天厝,住家用,鋼筋混凝土造,0850716,170.35,4,2,4,有,無,5400000,31699,,0.0,0,親友、員工、共有人或其他特殊關係間之交易；,RPPNMLLKQHLGFDD18EA,159.97,0.0,10.38,無,
北區,土地,立人段682地號,22.0,都市：其他:住宅區,,,1150803,土地1建物0車位0,,,其他,,,,0.0,0,0,0,無,無,1880000,85455,,0.0,0,親友、員工、共有人或其他特殊關係間之交易；未登記建物；,RPUNMLTLPHLGFAD09DA,0.0,0.0,0.0,無,
大內區,房地(土地+建物),臺南市大內區石林里石子瀨２１９之１０號,103.15,都市：其他:住宅區,,,1150801,土地1建物1車位0,全,二層,透天厝,住商用,鋼筋混凝土造,0721128,104.9,2,2,2,有,無,2300000,21926,,0.0,0,,RPTNMLQJQHLGFFD09DA,95.54,0.0,9.36,無,
官田區,土地,葫蘆埤段246-2地號,2963.44,,特定農業區,農牧用地,1150804,土地1建物0車位0,,,其他,,,,0.0,0,0,0,無,無,2518924,850,,0.0,0,親友、員工、共有人或其他特殊關係間之交易；,RPQNMLKKQHLGFFD28DA,0.0,0.0,0.0,無,
北區,房地(土地+建物)+車位,臺南市北區長榮路五段４１巷９號八樓之３,8.08,都市：其他:住宅區,,,1150806,土地2建物1車位1,八層,十四層,住宅大樓(11層含以上有電梯),住家用,鋼筋混凝土造,0920916,42.33,3,2,2,有,有,1500000,35436,坡道平面,0.0,0,親友、員工、共有人或其他特殊關係間之交易；,RPXQMLKKQHLGFAD78DA,25.28,0.0,2.26,有,
北區,房地(土地+建物)+車位,臺南市北區林森路三段１５５號十六樓之３,23.31,都市：其他:住宅區,,,1150801,土地5建物1車位1,十六層,二十四層,住宅大樓(11層含以上有電梯),住家用,鋼筋混凝土構造,1080726,243.58999999999997,3,2,3,有,有,35000000,143684,坡道平面,27.48,0,,RPROMLLKQHLGFAD08DA,128.93,0.0,14.02,有,001
安南區,土地,十二佃段120地號,5598.46,都市：其他:工業區,,,1150803,土地1建物0車位0,,,其他,,,,0.0,0,0,0,無,無,101935081,18208,,0.0,0,政府機關標讓售；,RPSNMLNJQHLGFBD28DA,0.0,0.0,0.0,無,
安南區,房地(土地+建物)+車位,臺南市安南區淵西路１６５號四樓之２,44.27,都市：其他:住宅區,,,1150806,土地1建物1車位1,四層,五層,華廈(10層含以下有電梯),住家用,鋼筋混凝土造,1150127,132.14000000000001,3,2,2,有,無,10120000,77783,一樓平面,14.89,1000000,,RPTOMLQJQHLGFBD78DA,76.12,0.0,7.64,有,
安南區,房地(土地+建物)+車位,臺南市安南區淵西路１６５號四樓之３,44.27,都市：其他:住宅區,,,1150806,土地1建物1車位1,四層,五層,華廈(10層含以下有電梯),住家用,鋼筋混凝土造,1150127,132.14000000000001,3,2,2,有,無,10120000,77783,一樓平面,14.89,1000000,,RPUOMLQJQHLGFBD88DA,76.12,0.0,7.64,有,
南區,土地,喜北段477地號,299.78,都市：其他:綠地,,,1150804,土地1建物0車位0,,,其他,,,,0.0,0,0,0,無,無,2611000,8710,,0.0,0,未登記建物；包含公共設施保留地用地；,RPTNMLPJQHLGFCD68DA,0.0,0.0,0.0,無,002
東區,車位,臺南市東區崇善路２５巷９６號,1.07,都市：其他:副都心商業區,,,1150809,土地1建物1車位1,一層,十四層,其他,辦公室。,鋼筋混凝土造,0990507,23.95,0,0,0,無,無,1200000,,坡道平面,23.95,1200000,僅車位交易；,RPUNMLMKQHLGFCD58DA,0.0,0.0,0.0,有,003
新營區,土地,忠政段1538-1地號,1.82,都市：其他:住宅區,,,1150804,土地1建物0車位0,,,其他,,,,0.0,0,0,0,無,無,100000,54945,,0.0,0,,RPQNMLNJQHLGFDD28DA,0.0,0.0,0.0,無,
鹽水區,土地,汫水段422地號,1934.44,,一般農業區,農牧用地,1150805,土地1建物0車位0,,,其他,,,,0.0,0,0,0,無,無,1600000,827,,0.0,0,,RPPNMLRJQHLGFDD58DA,0.0,0.0,0.0,無,
佳里區,房地(土地+建物),臺南市佳里區麻興路二段５２１號,100.0,,鄉村區,乙種建築用地,1150805,土地1建物1車位0,全,三層,透天厝,住家用,加強磚造、磚木造,0770213,191.63,5,3,4,有,無,1140100,5949,,0.0,0,登記費用土地增值稅房屋契稅全部由承買人負擔親友、員工、共有人或其他特殊關係間之交易；未登記建物；,RPPNMLLKQHLGFGD38DA,179.13,0.0,12.5,無,
北門區,房地(土地+建物),臺南市北門區三光里２鄰三寮灣５１號,102.26,,鄉村區,乙種建築用地,1150803,土地1建物1車位0,全,二層,透天厝,住家用,加強磚造,0701128,101.06,1,2,1,有,無,460000,4552,,0.0,0,親友、員工、共有人或其他特殊關係間之交易；,RPRNMLLKQHLGFGD58DA,94.79,0.0,6.27,無,
六甲區,房地(土地+建物),臺南市六甲區中山路３４４號,24.0,都市：其他:住宅區,,,1150809,土地1建物1車位0,全,三層,透天厝,住商用,鋼筋混凝土加強磚造,0711016,46.45,4,2,3,有,無,1000000,21529,,0.0,0,親友、員工、共有人或其他特殊關係間之交易；,RPPNMLNKQHLGFFD58EA,43.74,0.0,2.71,無,
後壁區,土地,長短樹段4431地號,2213.0,,特定農業區,農牧用地,1150803,土地1建物0車位0,,,其他,,,,0.0,0,0,0,無,無,2323650,1050,,0.0,0,,RPPNMLKKQHLGFED08DA,0.0,0.0,0.0,無,
後壁區,土地,土溝段2700地號,2373.0,,特定農業區,農牧用地,1150812,土地1建物0車位0,,,其他,,,,0.0,0,0,0,無,無,2300000,969,,0.0,0,,RPPNMLNKQHLGFED38DA,0.0,0.0,0.0,無,
大內區,房地(土地+建物),臺南市大內區石城里石子瀨１１２之２９號,81.94,都市：其他:住宅區,,,1150810,土地1建物1車位0,全,二層,透天厝,住家用,加強磚造,0750715,108.81,2,2,3,有,無,2200000,20219,,0.0,0,其他增建；未登記建物；,RPRNMLKKQHLGFFD38DA,106.16,0.0,2.65,無,
下營區,土地,茅港尾段4771地號,104.02,,鄉村區,乙種建築用地,1150807,土地1建物0車位0,,,其他,,,,0.0,0,0,0,無,無,200000,1923,,0.0,0,親友、員工、共有人或其他特殊關係間之交易；,RPQNMLMKQHLGFFD48DA,0.0,0.0,0.0,無,
關廟區,房地(土地+建物),臺南市關廟區成功路１１８號,74.0,都市：其他:住宅區,,,1150803,土地1建物1車位0,全,三層,透天厝,住家用,鋼筋混凝土加強磚造,0661122,177.8,6,2,3,有,無,7350000,41339,,0.0,0,,RPRNMLMKQHLGFID88DA,170.53,5.87,1.4,無,
永康區,房地(土地+建物),臺南市永康區安康里大橋一街５７之５號十樓之１１,3.08,都市：其他:住宅區,,,1150802,土地1建物1車位0,十層,十四層,住宅大樓(11層含以上有電梯),住家用,鋼筋混凝土造,0880824,31.0,1,1,1,有,有,2330000,75161,,0.0,0,,RPUNMLRJQHLGFKD17DA,20.02,0.0,3.17,有,
永康區,房地(土地+建物)+車位,臺南市永康區中華二路３５８巷６號六樓之２,16.88,都市：其他:住宅區,,,1150801,土地2建物1車位1,六層,二十層,住宅大樓(11層含以上有電梯),住家用,鋼筋混凝土造,0810919,181.38000000000002,4,2,2,有,有,10220000,56346,坡道平面,30.93,0,親友、員工、共有人或其他特殊關係間之交易；,RPOOMLKKQHLGFKD68DA,112.09,0.57,14.52,有,
永康區,房地(土地+建物),臺南市永康區忠街１１８號七樓之１１,4.15,都市：其他:住宅區,,,1150803,土地1建物1車位0,七層,八層,華廈(10層含以下有電梯),辦公用,鋼筋混凝土造,0950918,17.259999999999998,1,0,1,有,有,1220000,70684,,0.0,0,夾層；,RPQNMLLKQHLGFKD88DA,8.29,0.35,0.0,有,
東區,房地(土地+建物),臺南市東區崇善路２０５巷６弄３６號,98.0,都市：其他:住宅區,,,1150803,土地1建物1車位0,全,三層,透天厝,住商用,鋼筋混凝土造,0710811,230.28,4,1,4,有,無,7000000,30398,,0.0,0,親友、員工、共有人或其他特殊關係間之交易；,RPTNMLNKQHLGFCD58DA,216.2,0.0,14.08,無,
白河區,土地,蓮潭段一小段274-3地號,60.0,,一般農業區,農牧用地,1150803,土地1建物0車位0,,,其他,,,,0.0,0,0,0,無,無,72000,1200,,0.0,0,協議價購；,RPPNMLLKQHLGFED18DA,0.0,0.0,0.0,無,004
白河區,土地,蓮潭段一小段273-1地號,71.5,,一般農業區,農牧用地,1150803,土地1建物0車位0,,,其他,,,,0.0,0,0,0,無,無,85800,1200,,0.0,0,協議價購；,RPQNMLLKQHLGFED28DA,0.0,0.0,0.0,無,
白河區,土地,蓮潭段一小段274-3地號,60.0,,一般農業區,農牧用地,1150803,土地1建物0車位0,,,其他,,,,0.0,0,0,0,無,無,72000,1200,,0.0,0,協議價購；,RPRNMLLKQHLGFED38DA,0.0,0.0,0.0,無,004
白河區,土地,蓮潭段一小段274-3地號,60.0,,一般農業區,農牧用地,1150803,土地1建物0車位0,,,其他,,,,0.0,0,0,0,無,無,72000,1200,,0.0,0,協議價購；,RPTNMLLKQHLGFED58DA,0.0,0.0,0.0,無,004
白河區,土地,詔安段180-1地號,1191.0,,特定農業區,農牧用地,1150803,土地4建物0車位0,,,其他,,,,0.0,0,0,0,無,無,1548300,1300,,0.0,0,協議價購；,RPUNMLLKQHLGFED68DA,0.0,0.0,0.0,無,
安南區,土地,海東段1335-1地號,13.48,都市：其他:住宅區,,,1150801,土地2建物0車位0,,,其他,,,,0.0,0,0,0,無,無,394000,29228,,0.0,0,未登記建物；,RPPNMLMKQHLGFBD08EA,0.0,0.0,0.0,無,
七股區,土地,頂山段285地號,235.59,,鄉村區,乙種建築用地,1150803,土地2建物0車位0,,,其他,,,,0.0,0,0,0,無,無,570080,2420,,0.0,0,親友、員工、共有人或其他特殊關係間之交易；未登記建物；包含公共設施保留地用地；,RPPNMLNKQHLGFGD68EA,0.0,0.0,0.0,無,
安平區,房地(土地+建物),臺南市安平區國平路５９９號十二樓之４,4.61,都市：其他:第三種商業區(附),,,1150806,土地1建物1車位0,十二層,二十一層,住宅大樓(11層含以上有電梯),住家用,鋼筋混凝土造,0831222,53.900000000000006,2,1,1,有,有,4050000,75139,,0.0,0,,RPROMLMKQHLGFAD18DA,36.13,0.33,5.56,有,007
安平區,房地(土地+建物)+車位,臺南市安平區國平北路１３７號二十樓之１２,7.34,都市：其他:商業區(附),,,1150805,土地1建物1車位1,二十層,三十四層,住宅大樓(11層含以上有電梯),住家用,鋼骨鋼筋混凝土造、鋼筋混凝土造,1140415,106.81,2,1,1,有,有,7900000,73963,坡道平面,27.92,0,,RPSPMLNKQHLGFAD48DA,48.1,0.0,3.29,有,008
安南區,房地(土地+建物)+車位,臺南市安南區淵西路１６５號二樓之８,24.06,都市：其他:住宅區,,,1150806,土地1建物1車位1,二層,五層,華廈(10層含以下有電梯),住家用,鋼筋混凝土造,1150127,71.91,3,2,2,有,無,5600000,77875,一樓平面,7.44,0,車位僅移轉持分2分之1，持分合併為全部親友、員工、共有人或其他特殊關係間之交易；,RPVNMLOKQHLGFBD78DA,42.22,0.0,3.83,有,009
東區,房地(土地+建物),臺南市東區東寧路５３８巷７號三樓之２,3.52,都市：其他:住宅區,,,1150808,土地2建物1車位0,三層,七層,華廈(10層含以下有電梯),住家用,鋼筋混凝土造,0780425,17.95,1,0,1,有,有,1620000,90251,,0.0,0,,RPRNMLOKQHLGFCD48DA,10.73,0.0,0.0,有,010
柳營區,土地,柳營段溫厝小段1648地號,83.0,,特定農業區,甲種建築用地,1150809,土地1建物0車位0,,,其他,,,,0.0,0,0,0,無,無,1200000,14458,,0.0,0,本件買賣範圍包含地上工作物及電力設備。,RPPNMLTJQHLGFDD78DA,0.0,0.0,0.0,無,011
柳營區,土地,綠隧段488-4地號,8.0,,鄉村區,乙種建築用地,1150810,土地1建物0車位0,,,其他,,,,0.0,0,0,0,無,無,72600,9075,,0.0,0,土地增值稅、代書勞務費、規費、印花稅等費用由買方繳納。親友、員工、共有人或其他特殊關係間之交易；,RPSNMLOKQHLGFDD68DA,0.0,0.0,0.0,無,
下營區,土地,大屯寮段579-168地號,222.0,,鄉村區,乙種建築用地,1150810,土地3建物0車位0,,,其他,,,,0.0,0,0,0,無,無,1200000,5405,,0.0,0,,RPOOMLKKQHLGFFD18DA,0.0,0.0,0.0,無,
官田區,土地,隆興段413地號,549.19,都市：其他:農業區,,,1150804,土地1建物0車位0,,,其他,,,,0.0,0,0,0,無,無,4570000,8321,,0.0,0,政府機關標讓售；,RPSNMLOKQHLGFFD88DA,0.0,0.0,0.0,無,
學甲區,土地,中洲南段79地號,129.48,,特定農業區,甲種建築用地,1150801,土地1建物0車位0,,,其他,,,,0.0,0,0,0,無,無,2740000,21162,,0.0,0,,RPTNMLMKQHLGFGD88DA,0.0,0.0,0.0,無,
將軍區,房地(土地+建物),臺南市將軍區玉山里１８之２２號,87.0,,鄉村區,乙種建築用地,1150803,土地1建物1車位0,全,三層,透天厝,住家用,鋼筋混凝土造,0821212,163.59,4,1,3,有,無,4950000,30259,,0.0,0,,RPROMLMKQHLGFGD78DA,148.23,10.08,5.28,無,
南化區,土地,南化段1017-3地號,30.31,,山坡地保育區,農牧用地,1150807,土地1建物0車位0,,,其他,,,,0.0,0,0,0,無,無,24000,792,,0.0,0,,RPPNMLNKQHLGFJD88DA,0.0,0.0,0.0,無,
新營區,房地(土地+建物),臺南市新營區金華路二段１１５號,295.51,都市：其他:住宅區,,,1150806,土地4建物1車位0,全,五層,透天厝,住商用,鋼筋混凝土造,0870918,419.92,8,2,9,有,無,25000000,59535,,0.0,0,,RPQNMLOKQHLGFDD58EA,387.51,0.0,32.41,無,
大內區,土地,石仔瀨北段179地號,68.02,都市：其他:農業區,,,1150803,土地2建物0車位0,,,其他,,,,0.0,0,0,0,無,無,1282000,18847,,0.0,0,政府機關標讓售；,RPQNMLSKQHLGFFD56EA,0.0,0.0,0.0,無,
柳營區,土地,旭山段686地號,140.5,,一般農業區,農牧用地,1150810,土地3建物0車位0,,,其他,,,,0.0,0,0,0,無,無,150000,1068,,0.0,0,特殊交易情況、合夥人撤出。,RPPNMLQKQHLGFDD58DA,0.0,0.0,0.0,無,012
鹽水區,土地,飯店段1524地號,1976.0,,一般農業區,農牧用地,1150812,土地1建物0車位0,,,其他,,,,0.0,0,0,0,無,無,2272400,1150,,0.0,0,協議價購；,RPPNMLRKQHLGFDD68DA,0.0,0.0,0.0,無,
鹽水區,土地,飯店段1546地號,53.75,,一般農業區,農牧用地,1150812,土地1建物0車位0,,,其他,,,,0.0,0,0,0,無,無,61812,1150,,0.0,0,協議價購；,RPQNMLRKQHLGFDD78DA,0.0,0.0,0.0,無,013
鹽水區,土地,飯店段1546地號,53.75,,一般農業區,農牧用地,1150812,土地1建物0車位0,,,其他,,,,0.0,0,0,0,無,無,61812,1150,,0.0,0,協議價購；,RPSNMLRKQHLGFDD98DA,0.0,0.0,0.0,無,013
鹽水區,土地,飯店段1547地號,3690.0,,一般農業區,農牧用地,1150812,土地6建物0車位0,,,其他,,,,0.0,0,0,0,無,無,4243500,1150,,0.0,0,協議價購；,RPUNMLRKQHLGFDD56DA,0.0,0.0,0.0,無,
鹽水區,土地,飯店段1519地號,11991.0,,一般農業區,農牧用地,1150812,土地7建物0車位0,,,其他,,,,0.0,0,0,0,無,無,13789650,1150,,0.0,0,協議價購；,RPVNMLRKQHLGFDD66DA,0.0,0.0,0.0,無,
鹽水區,土地,田寮段105-3地號,25.71,,一般農業區,水利用地,1150812,土地1建物0車位0,,,其他,,,,0.0,0,0,0,無,無,27514,1070,,0.0,0,協議價購；,RPWNMLRKQHLGFDD76DA,0.0,0.0,0.0,無,015
鹽水區,土地,田寮段105-3地號,25.71,,一般農業區,水利用地,1150812,土地1建物0車位0,,,其他,,,,0.0,0,0,0,無,無,27514,1070,,0.0,0,協議價購；,RPXNMLRKQHLGFDD86DA,0.0,0.0,0.0,無,015
鹽水區,土地,田寮段105-3地號,25.71,,一般農業區,水利用地,1150812,土地1建物0車位0,,,其他,,,,0.0,0,0,0,無,無,27514,1070,,0.0,0,協議價購；,RPOOMLRKQHLGFDD68DA,0.0,0.0,0.0,無,015
鹽水區,土地,飯店段1546地號,53.75,,一般農業區,農牧用地,1150812,土地1建物0車位0,,,其他,,,,0.0,0,0,0,無,無,61813,1150,,0.0,0,協議價購；,RPSPMLRKQHLGFDD56DA,0.0,0.0,0.0,無,013
鹽水區,土地,飯店段1546地號,53.75,,一般農業區,農牧用地,1150812,土地1建物0車位0,,,其他,,,,0.0,0,0,0,無,無,61813,1150,,0.0,0,協議價購；,RPTPMLRKQHLGFDD66DA,0.0,0.0,0.0,無,013
鹽水區,土地,田寮段105-3地號,25.71,,一般農業區,水利用地,1150812,土地1建物0車位0,,,其他,,,,0.0,0,0,0,無,無,27514,1070,,0.0,0,協議價購；,RPXQMLRKQHLGFDD17DA,0.0,0.0,0.0,無,015
後壁區,土地,嘉民段114地號,65.82,,鄉村區,乙種建築用地,1150801,土地1建物0車位0,,,其他,,,,0.0,0,0,0,無,無,900000,13674,,0.0,0,,RPQNMLLMPHLGFED38DA,0.0,0.0,0.0,無,
善化區,房地(土地+建物),臺南市善化區成功路１６９巷９６弄１７７號,77.53,都市：其他:住宅區,,,1150811,土地1建物1車位0,全,四層,透天厝,住家用,鋼筋混凝土造,1140109,214.36,4,2,5,有,無,26580000,123997,,0.0,0,,RPQNMLSKQHLGFHD66DA,193.08,0.0,21.28,有,
關廟區,房地(土地+建物),臺南市關廟區北勢里仁愛路１７６巷２９號,62.0,都市：其他:住宅區,,,1150804,土地1建物1車位0,全,三層,透天厝,住家用,鋼筋混凝土加強磚造,0640604,64.56,4,1,3,有,無,500000,7745,,0.0,0,親友、員工、共有人或其他特殊關係間之交易；,RPWNMLRKQHLGFID27DA,62.84,0.0,1.73,無,
官田區,土地,角秀段266-1地號,174.5,都市：其他:農業區,,,1150810,土地1建物0車位0,,,其他,,,,0.0,0,0,0,無,無,210000,1203,,0.0,0,,RPPNMLRKQHLGFFD98EA,0.0,0.0,0.0,無,
中西區,房地(土地+建物),臺南市中西區西門路二段１２０號八樓之５,5.92,都市：其他:商業區,,,1150804,土地2建物1車位0,八層,十一層,住宅大樓(11層含以上有電梯),商業用,鋼筋混凝土造,0680619,40.95,1,1,1,有,有,619000,15116,,0.0,0,,RPWNMLPJQHLGFAD78DA,40.95,0.0,0.0,有,
安南區,土地,南興段816地號,3773.26,都市：其他:主要計畫道路用地,,,1150807,土地3建物0車位0,,,其他,,,,0.0,0,0,0,無,無,30450209,8070,,0.0,0,協議價購；,RPXNMLKKQHLGFBD58DA,0.0,0.0,0.0,無,
安南區,土地,外塭段854地號,11.19,都市：其他:住宅區,,,1150814,土地2建物0車位0,,,其他,,,,0.0,0,0,0,無,無,5070000,453083,,0.0,0,親友、員工、共有人或其他特殊關係間之交易；,RPPNMLSKQHLGFBD58DA,0.0,0.0,0.0,無,
安南區,土地,外塭段854地號,11.19,都市：其他:住宅區,,,1150814,土地2建物0車位0,,,其他,,,,0.0,0,0,0,無,無,5070000,453083,,0.0,0,親友、員工、共有人或其他特殊關係間之交易；,RPQNMLSKQHLGFBD68DA,0.0,0.0,0.0,無,
南區,房地(土地+建物),臺南市南區體育路４３巷３８號,37.99,都市：其他:中密度住宅區,,,1150801,土地2建物1車位0,一層，二層,五層,公寓(5樓含以下無電梯),住商用,鋼筋混凝土造,0700911,97.74000000000001,2,2,1,有,無,6000000,61387,,0.0,0,其他增建；,RPPNMLLJQHLGFCD87DA,67.9,0.0,9.55,無,
南區,土地,鹽埕段230-55地號,11.0,都市：其他:細部計畫道路用地,,,1150810,土地1建物0車位0,,,其他,,,,0.0,0,0,0,無,無,1028500,93500,,0.0,0,協議價購；,RPPNMLNKQHLGFCD18DA,0.0,0.0,0.0,無,
南區,土地,鹽埕段234-15地號,8.0,都市：其他:細部計畫道路用地,,,1150810,土地3建物0車位0,,,其他,,,,0.0,0,0,0,無,無,897600,112200,,0.0,0,協議價購；,RPRNMLNKQHLGFCD38DA,0.0,0.0,0.0,無,
南區,土地,鹽埕段234-15地號,8.0,都市：其他:細部計畫道路用地,,,1150810,土地3建物0車位0,,,其他,,,,0.0,0,0,0,無,無,897600,112200,,0.0,0,協議價購；,RPSNMLNKQHLGFCD48DA,0.0,0.0,0.0,無,
南區,土地,鹽埕段234-15地號,8.0,都市：其他:細部計畫道路用地,,,1150810,土地3建物0車位0,,,其他,,,,0.0,0,0,0,無,無,897600,112200,,0.0,0,協議價購；,RPVNMLNKQHLGFCD78DA,0.0,0.0,0.0,無,
南區,土地,鹽埕段230-398地號,1.0,都市：其他:住宅區,,,1150810,土地1建物0車位0,,,其他,,,,0.0,0,0,0,無,無,93500,0,,0.0,0,協議價購；,RPUOMLNKQHLGFCD78DA,0.0,0.0,0.0,無,
南區,土地,鹽埕段230-464地號,1.22,都市：其他:細部計畫道路用地,,,1150810,土地1建物0車位0,,,其他,,,,0.0,0,0,0,無,無,114399,93770,,0.0,0,協議價購；,RPVOMLNKQHLGFCD88DA,0.0,0.0,0.0,無,
東區,房地(土地+建物),臺南市東區崇明路１３７號十一樓之５,3.83,都市：其他:住宅區,,,1150812,土地1建物1車位0,十一層,十六層,住宅大樓(11層含以上有電梯),住家用,鋼筋混凝土造,0850203,39.49,1,0,1,有,有,3600000,91162,,0.0,0,,RPQNMLSKQHLGFCD78DA,25.25,0.0,5.36,有,
鹽水區,土地,田寮段600-2地號,451.0,,特定農業區,農牧用地,1150812,土地2建物0車位0,,,其他,,,,0.0,0,0,0,無,無,595320,1320,,0.0,0,協議價購；,RPPOMLRKQHLGFDD78DA,0.0,0.0,0.0,無,
鹽水區,土地,田寮段595-5地號,116.0,,特定農業區,農牧用地,1150812,土地2建物0車位0,,,其他,,,,0.0,0,0,0,無,無,153120,1320,,0.0,0,協議價購；,RPQOMLRKQHLGFDD88DA,0.0,0.0,0.0,無,
鹽水區,土地,田寮段1835地號,3775.0,,特定農業區,農牧用地,1150812,土地3建物0車位0,,,其他,,,,0.0,0,0,0,無,無,5354500,1418,,0.0,0,協議價購；,RPROMLRKQHLGFDD98DA,0.0,0.0,0.0,無,
鹽水區,土地,田寮段595-3地號,46.0,,特定農業區,農牧用地,1150812,土地2建物0車位0,,,其他,,,,0.0,0,0,0,無,無,60720,1320,,0.0,0,協議價購；,RPSOMLRKQHLGFDD09DA,0.0,0.0,0.0,無,
鹽水區,土地,田寮段1810地號,1728.0,,特定農業區,農牧用地,1150812,土地1建物0車位0,,,其他,,,,0.0,0,0,0,無,無,2453760,1420,,0.0,0,協議價購；,RPTOMLRKQHLGFDD56DA,0.0,0.0,0.0,無,
鹽水區,土地,田寮段1833地號,1994.0,,特定農業區,農牧用地,1150812,土地1建物0車位0,,,其他,,,,0.0,0,0,0,無,無,2831480,1420,,0.0,0,協議價購；,RPUOMLRKQHLGFDD66DA,0.0,0.0,0.0,無,
鹽水區,土地,田寮段603地號,48.5,,特定農業區,農牧用地,1150812,土地2建物0車位0,,,其他,,,,0.0,0,0,0,無,無,64020,1320,,0.0,0,協議價購；,RPVOMLRKQHLGFDD76DA,0.0,0.0,0.0,無,
鹽水區,土地,田寮段607-4地號,108.0,,特定農業區,農牧用地,1150812,土地1建物0車位0,,,其他,,,,0.0,0,0,0,無,無,145800,1350,,0.0,0,協議價購；,RPXOMLRKQHLGFDD96DA,0.0,0.0,0.0,無,
鹽水區,土地,田寮段1839地號,3940.0,,特定農業區,農牧用地,1150812,土地2建物0車位0,,,其他,,,,0.0,0,0,0,無,無,5594800,1420,,0.0,0,協議價購；,RPOPMLRKQHLGFDD78DA,0.0,0.0,0.0,無,
鹽水區,土地,田寮段1834地號,2062.0,,特定農業區,農牧用地,1150812,土地1建物0車位0,,,其他,,,,0.0,0,0,0,無,無,2928040,1420,,0.0,0,協議價購；,RPPPMLRKQHLGFDD88DA,0.0,0.0,0.0,無,
鹽水區,土地,田寮段1808地號,3052.0,,特定農業區,農牧用地,1150812,土地2建物0車位0,,,其他,,,,0.0,0,0,0,無,無,4327190,1418,,0.0,0,協議價購；,RPQPMLRKQHLGFDD98DA,0.0,0.0,0.0,無,
鹽水區,土地,田寮段1809地號,2786.0,,特定農業區,農牧用地,1150812,土地1建物0車位0,,,其他,,,,0.0,0,0,0,無,無,3956120,1420,,0.0,0,協議價購；,RPRPMLRKQHLGFDD09DA,0.0,0.0,0.0,無,
鹽水區,土地,田寮段594-2地號,107.0,,特定農業區,農牧用地,1150812,土地1建物0車位0,,,其他,,,,0.0,0,0,0,無,無,141240,1320,,0.0,0,協議價購；,RPUPMLRKQHLGFDD76DA,0.0,0.0,0.0,無,
鹽水區,土地,田寮段607-5地號,78.0,,特定農業區,農牧用地,1150812,土地1建物0車位0,,,其他,,,,0.0,0,0,0,無,無,105300,1350,,0.0,0,協議價購；,RPVPMLRKQHLGFDD86DA,0.0,0.0,0.0,無,
鹽水區,土地,田寮段609-7地號,124.0,,特定農業區,農牧用地,1150812,土地1建物0車位0,,,其他,,,,0.0,0,0,0,無,無,167400,1350,,0.0,0,協議價購；,RPXPMLRKQHLGFDD07DA,0.0,0.0,0.0,無,
官田區,土地,二鎮段二鎮小段264地號,84.0,都市：其他:住宅區,,,1150805,土地1建物0車位0,,,其他,,,,0.0,0,0,0,無,無,3000000,35714,,0.0,0,,RPPNMLPJQHLGFFD58DA,0.0,0.0,0.0,無,
善化區,房地(土地+建物)+車位,臺南市善化區蓮潭路３號四樓之２,27.98,都市：其他:生活服務區(第三種住宅區),,,1150803,土地2建物1車位1,四層,十三層,住宅大樓(11層含以上有電梯),住家用,鋼筋混凝土造,1071122,124.7,2,2,2,有,有,11000000,88212,坡道平面,28.93,0,,RPQOMLQJQHLGFHD09DA,57.08,0.0,4.87,有,
歸仁區,房地(土地+建物)+車位,臺南市歸仁區高鐵大道３７號十五樓之５,14.94,都市：其他:商業區,,,1150805,土地1建物1車位1,十五層,十九層,住宅大樓(11層含以上有電梯),住家用,鋼筋混凝土造,1141023,98.87,2,2,1,有,有,13850000,163421,坡道平面,25.44,1850000,,RPTNMLTKQHLGFID17DA,43.39,0.0,4.19,有,
永康區,房地(土地+建物)+車位,臺南市永康區中山路１９０號,135.9,都市：其他:住宅區,,,1150806,土地2建物1車位2,三層,五層,華廈(10層含以下有電梯),住家用,鋼筋混凝土構造,1060412,345.96,4,2,4,有,有,32220000,93135,一樓平面,33.83,0,其中一個車位為約定專用包含公共設施保留地用地；,RPUOMLOKQHLGFKD07DA,202.2,0.0,33.34,有,
柳營區,房地(土地+建物),臺南市柳營區義士路一段３５３號,222.0,,鄉村區,乙種建築用地,1150810,土地2建物1車位0,全,二層,透天厝,住家用,加強磚造,0760923,170.79,4,2,2,有,無,1681100,9843,,0.0,0,親友、員工、共有人或其他特殊關係間之交易；,RPPNMLKLQHLGFDD18EA,165.76,0.0,5.03,無,
新營區,土地,新北段406地號,99.56,都市：其他:道路用地,,,1150812,土地1建物0車位0,,,其他,,,,0.0,0,0,0,無,無,271025,2722,,0.0,0,親友、員工、共有人或其他特殊關係間之交易；包含公共設施保留地用地；,RPRNMLKLQHLGFDD38EA,0.0,0.0,0.0,無,
歸仁區,土地,媽祖廟段三小段103-3地號,157.5,,鄉村區,乙種建築用地,1150812,土地2建物0車位0,,,其他,,,,0.0,0,0,0,無,無,3600000,22857,,0.0,0,,RPPNMLTKQHLGFID86EA,0.0,0.0,0.0,無,
安平區,建物,臺南市安平區育平九街３７２巷８９弄７１號二樓,0.0,,,,1150724,土地0建物1車位0,二層,四層,公寓(5樓含以下無電梯),住家用,鋼筋混凝土造,0761116,352.42,5,2,2,有,無,3000000,8512,,0.0,0,建物坐落地號：金城段23-7地號；親友、員工、共有人或其他特殊關係間之交易；,RPPNMLQJQHLGFAD18DA,220.65,0.0,31.35,無,
安平區,建物,臺南市安平區育平九街３７２巷８９弄７１號四樓,0.0,,,,1150724,土地0建物1車位0,四層,四層,公寓(5樓含以下無電梯),住家用,鋼筋混凝土造,0761116,65.78,4,1,2,有,無,500000,7601,,0.0,0,建物坐落地號：金城段23-7地號；親友、員工、共有人或其他特殊關係間之交易；,SPPNMLQJQHLGFAD28DA,35.4,0.0,5.27,無,
中西區,房地(土地+建物),臺南市中西區成功路５１５號十一樓,41.6,都市：其他:住宅區,,,1150709,土地9建物1車位0,十一層,十二層,住宅大樓(11層含以上有電梯),商業用,鋼筋混凝土造,0831116,556.95,5,0,0,有,有,15000000,26932,,0.0,0,親友、員工、共有人或其他特殊關係間之交易；,RPTOMLQJQHLGFAD68DA,390.38,0.0,20.34,有,
安南區,房地(土地+建物),臺南市安南區環館路３５０巷１６號,130.37,都市：其他:住宅區,,,1150703,土地5建物1車位0,全,四層,透天厝,住家用,鋼筋混凝土造,1140904,275.86,3,2,3,有,有,29180000,105774,,0.0,0,,RPPNMLSKPHLGFBD48DA,250.74,0.0,21.15,有,
安南區,房地(土地+建物)+車位,臺南市安南區公學路四段１２２巷８５弄３號五樓之１,20.6,都市：其他:市場用地,,,1150703,土地1建物1車位1,五層,九層,華廈(10層含以下有電梯),住家用,鋼筋混凝土造,0850829,135.79000000000002,3,2,2,有,有,4300000,31667,坡道機械,0.0,0,陽台外推；,RPPOMLKMPHLGFBD97DA,79.7,0.0,20.95,有,021
安南區,房地(土地+建物),臺南市安南區本原街一段９４巷５號,94.24,都市：其他:住宅區,,,1150724,土地2建物1車位0,全,二層,透天厝,住家用,鋼筋混凝土造,0790220,133.65,3,2,2,有,無,7400000,55368,,0.0,0,親友、員工、共有人或其他特殊關係間之交易；,RPPNMLPJQHLGFBD18DA,127.17,0.0,6.48,無,
南區,房地(土地+建物)+車位,臺南市南區萬年七街１５１號三樓之７,24.27,都市：其他:住宅區,,,1150724,土地1建物1車位1,三層,十五層,住宅大樓(11層含以上有電梯),住家用,鋼筋混凝土造,1140417,129.78,3,2,2,有,有,11180000,88172,坡道平面,23.17,1780000,,RPTNMLNJQHLGFCD48DA,64.67,0.0,4.79,有,
南區,房地(土地+建物),臺南市南區中華西路一段１６０號,136.77,都市：其他:住宅區,,,1150707,土地1建物1車位0,全,三層,透天厝,住商用,鋼筋混凝土造,0710218,230.68,4,2,4,有,無,8540000,37021,,0.0,0,親友、員工、共有人或其他特殊關係間之交易；頂樓加蓋；其他增建；,RPQNMLQJQHLGFCD48DA,220.82,0.0,9.86,無,
南區,土地,中和段978-5地號,1.26,都市：其他:住宅區,,,1150716,土地1建物0車位0,,,其他,,,,0.0,0,0,0,無,無,70686,56100,,0.0,0,政府機關標讓售；,RPUNMLQJQHLGFCD88DA,0.0,0.0,0.0,無,
東區,房地(土地+建物),臺南市東區崇明十三街１０巷９４號,83.0,都市：其他:住宅區,,,1150716,土地1建物1車位0,全,三層,透天厝,住商用,鋼筋混凝土造,0701109,162.12,5,2,3,有,無,14500000,89440,,0.0,0,,RPVNMLQJQHLGFCD98DA,154.52,0.0,7.6,無,
柳營區,土地,綠隧段781地號,1010.77,,鄉村區,乙種建築用地,1150717,土地1建物0車位0,,,其他,,,,0.0,0,0,0,無,無,27518220,27225,,0.0,0,,RPSNMLQKPHLGFDD78DA,0.0,0.0,0.0,無,
後壁區,土地,頂中段222地號,749.44,,鄉村區,乙種建築用地,1150725,土地2建物0車位0,,,其他,,,,0.0,0,0,0,無,無,3500000,4670,,0.0,0,親友、員工、共有人或其他特殊關係間之交易；未登記建物；,RPPNMLPJQHLGFED48DA,0.0,0.0,0.0,無,
麻豆區,土地,龍泉段485地號,164.63,都市：其他:住宅區,,,1150710,土地6建物0車位0,,,其他,,,,0.0,0,0,0,無,無,1390000,8443,,0.0,0,未登記建物；包含公共設施保留地用地；,RPRNMLNJQHLGFFD58DA,0.0,0.0,0.0,無,022
麻豆區,土地,龍泉段485地號,164.63,都市：其他:住宅區,,,1150710,土地6建物0車位0,,,其他,,,,0.0,0,0,0,無,無,1390000,8443,,0.0,0,未登記建物；包含公共設施保留地用地；,RPSNMLNJQHLGFFD68DA,0.0,0.0,0.0,無,022
麻豆區,房地(土地+建物),臺南市麻豆區巷口里新生南路６１７巷５８號,80.42,都市：其他:住宅區,,,1150712,土地2建物1車位0,全,四層,透天厝,住家用,鋼筋混凝土造,1120911,178.34,4,2,4,有,有,13500000,75698,,0.0,0,,RPUNMLQJQHLGFFD56DA,158.18,0.0,20.16,無,
麻豆區,土地,五王段356-3地號,21.16,都市：其他:農業區,,,1150720,土地1建物0車位0,,,其他,,,,0.0,0,0,0,無,無,410292,19390,,0.0,0,政府機關標讓售；,RPPNMLRJQHLGFFD78DA,0.0,0.0,0.0,無,
佳里區,土地,三協段181地號,334.73,,鄉村區,乙種建築用地,1150729,土地4建物0車位0,,,其他,,,,0.0,0,0,0,無,無,1815912,5425,,0.0,0,親友、員工、共有人或其他特殊關係間之交易；,RPRNMLKMPHLGFGD58DA,0.0,0.0,0.0,無,
學甲區,土地,學甲段73-7地號,217.0,,一般農業區,農牧用地,1150719,土地1建物0車位0,,,其他,,,,0.0,0,0,0,無,無,427000,1968,,0.0,0,,RPPNMLRJQHLGFGD88DA,0.0,0.0,0.0,無,
佳里區,房地(土地+建物),臺南市佳里區林園街８２號,152.98,都市：其他:住宅區,,,1150719,土地4建物1車位0,全,三層,透天厝,住家用,鋼筋混凝土造,1110506,234.68,5,2,5,有,無,27380000,116670,,0.0,0,陽台外推；頂樓加蓋；其他增建；,RPUNMLRJQHLGFGD76DA,221.75,0.0,12.93,有,024
佳里區,房地(土地+建物),臺南市佳里區中興街３１０巷３７弄１２號七樓之６,29.08,都市：其他:住宅區,,,1150722,土地2建物1車位0,七層,八層,華廈(10層含以下有電梯),住家用,鋼筋混凝土造,1150213,87.25,2,2,2,有,有,6500000,74499,,0.0,0,,RPQNMLKKQHLGFGD38DA,55.79,0.0,3.84,有,
山上區,土地,玉二段535地號,218.21,都市：其他:道路用地,,,1150702,土地2建物0車位0,,,其他,,,,0.0,0,0,0,無,無,1551387,7110,,0.0,0,包含公共設施保留地用地；,RPROMLRJPHLGFHD56DA,0.0,0.0,0.0,無,
善化區,土地,東勢寮段二小段439-21地號,10.0,,鄉村區,乙種建築用地,1150710,土地1建物0車位0,,,其他,,,,0.0,0,0,0,無,無,181500,18150,,0.0,0,,RPUNMLRKPHLGFHD86DA,0.0,0.0,0.0,無,
善化區,房地(土地+建物)+車位,臺南市善化區成功路１６９巷９號十三樓之９,24.94,都市：其他:住宅區,,,1150705,土地1建物1車位1,十三層,十五層,住宅大樓(11層含以上有電梯),住家用,鋼筋混凝土造,1140902,146.69,3,2,2,有,有,15300000,116536,一樓平面,29.13,1600000,土地買賣價為：新台幣7956000元整；建物買賣價為：新台幣7344000元整房屋價款內含車位價款新台幣 :160萬元整,RPTNMLQJQHLGFHD66DA,69.58,0.0,6.75,有,
新化區,土地,新太段265-2地號,5.58,都市：其他:道路用地,,,1150723,土地4建物0車位0,,,其他,,,,0.0,0,0,0,無,無,284580,51000,,0.0,0,協議價購；,RPSPMLQJQHLGFHD76DA,0.0,0.0,0.0,無,025
仁德區,土地,二橋段138-3地號,0.24,,特定農業區,農牧用地,1150713,土地1建物0車位0,,,其他,,,,0.0,0,0,0,無,無,2856,0,,0.0,0,協議價購；,RPWNMLKMPHLGFID66DA,0.0,0.0,0.0,無,026
仁德區,土地,二橋段138-3地號,0.96,,特定農業區,農牧用地,1150713,土地1建物0車位0,,,其他,,,,0.0,0,0,0,無,無,11424,0,,0.0,0,協議價購；,RPXNMLKMPHLGFID76DA,0.0,0.0,0.0,無,026
仁德區,土地,二橋段138-3地號,0.96,,特定農業區,農牧用地,1150713,土地1建物0車位0,,,其他,,,,0.0,0,0,0,無,無,11424,0,,0.0,0,協議價購；,RPOOMLKMPHLGFID58DA,0.0,0.0,0.0,無,026
仁德區,土地,德南段195地號,56.35,都市：其他:住宅區,,,1150710,土地1建物0車位0,,,其他,,,,0.0,0,0,0,無,無,2203285,39100,,0.0,0,含土地增值稅或其他稅費179156元；急買急賣；,RPUNMLQJQHLGFID86DA,0.0,0.0,0.0,無,
南化區,土地,南庄段298地號,79.89,,鄉村區,乙種建築用地,1150722,土地1建物0車位0,,,其他,,,,0.0,0,0,0,無,無,6660000,83365,,0.0,0,未登記建物；,RPQNMLQJQHLGFJD56DA,0.0,0.0,0.0,無,
永康區,土地,埔園段273地號,78.62,都市：其他:商業區,,,1150702,土地1建物0車位0,,,其他,,,,0.0,0,0,0,無,無,3010400,38291,,0.0,0,未登記建物；急買急賣；,RPTNMLNJPHLGFKD56DA,0.0,0.0,0.0,無,
永康區,房地(土地+建物),臺南市永康區五王里中華路５７８巷２之３號五樓之４,3.97,都市：其他:住宅區,,,1150713,土地2建物1車位0,五層,八層,華廈(10層含以下有電梯),住家用,鋼筋混凝土造,0851028,23.31,1,1,1,有,有,1900000,81510,,0.0,0,其他增建；,RPWNMLOJQHLGFKD07DA,15.03,0.0,2.28,有,
永康區,房地(土地+建物)+車位,臺南市永康區永安一街５６巷３號八樓之２,27.5,都市：其他:住宅區,,,1150710,土地1建物1車位1,八層,十二層,住宅大樓(11層含以上有電梯),住家用,鋼筋混凝土構造,1070109,156.01,3,2,2,有,有,14380000,92174,坡道平面,38.07,0,,RPSOMLPJQHLGFKD86DA,78.11,0.0,7.41,有,029
永康區,土地,信義段225地號,160.79,都市：其他:住宅區,,,1150714,土地1建物0車位0,,,其他,,,,0.0,0,0,0,無,無,15000000,93289,,0.0,0,親友、員工、共有人或其他特殊關係間之交易；,RPPNMLRJQHLGFKD66DA,0.0,0.0,0.0,無,
永康區,房地(土地+建物),臺南市永康區永華路７０２巷４７弄２３號,68.14,都市：其他:住宅區,,,1150706,土地1建物1車位0,全,四層,透天厝,住家用,鋼筋混凝土造,1140206,213.75,5,2,4,有,無,19250000,90058,,0.0,0,,RPRNMLRJQHLGFKD86DA,181.26,0.0,32.49,無,
中西區,土地,星鑽段930地號,23.68,都市：其他:細部計畫道路用地,,,1150710,土地2建物0車位0,,,其他,,,,0.0,0,0,0,無,無,1880000,79392,,0.0,0,未登記建物；包含公共設施保留地用地；,RPQPMLNKPHLGFAD18DA,0.0,0.0,0.0,無,
中西區,房地(土地+建物),臺南市中西區頂美一街７號七樓之１,9.28,都市：其他:住宅區,,,1150728,土地1建物1車位0,七層，陽台,七層,華廈(10層含以下有電梯),住家用,鋼筋混凝土造,0661202,43.809999999999995,1,0,1,有,有,2600000,59347,,0.0,0,其他增建；,RPPNMLSLPHLGFAD48DA,37.66,0.0,0.0,有,
中西區,房地(土地+建物),臺南市中西區文賢路４０之２號,84.12,都市：其他:住宅區,,,1150703,土地1建物1車位0,全,三層,透天厝,住家用,鋼筋混凝土造,0700919,183.32,4,1,2,有,無,3449088,18815,,0.0,0,親友、員工、共有人或其他特殊關係間之交易；,RPQNMLNJQHLGFAD97DA,164.02,0.0,19.3,無,
北區,房地(土地+建物)+車位,臺南市北區開元路５１７號十九樓之６,11.15,都市：其他:廣場兼停車場用地,,,1150725,土地3建物1車位1,十九層,二十四層,住宅大樓(11層含以上有電梯),住家用,鋼筋混凝土構造,1041105,156.01,3,2,2,有,有,11500000,73713,坡道平面,32.55,0,,RPRNMLPJQHLGFAD28DA,75.07,4.49,7.12,有,030
安南區,房地(土地+建物)+車位,臺南市安南區安六街１號四樓之５,19.6,都市：其他:住宅區,,,1150714,土地1建物1車位1,四層,十四層,住宅大樓(11層含以上有電梯),住家用,鋼筋混凝土造,1141203,120.55,2,2,2,有,有,7920000,73570,坡道平面,27.17,1050000,,RPTNMLQJQHLGFBD68DA,56.24,0.0,4.41,有,
安南區,房地(土地+建物)+車位,臺南市安南區仁安一街５號五樓之２,39.78,都市：其他:住宅區,,,1150704,土地1建物1車位1,五層,五層,華廈(10層含以下有電梯),住家用,鋼筋混凝土造,1141001,104.8,3,1,2,有,有,11000000,103240,一樓平面,13.75,1600000,含裝潢費；,RPVNMLQJQHLGFBD88DA,65.78,0.0,9.19,有,
新營區,土地,茄苳段762地號,1371.0,都市：其他:農業區,,,1150710,土地1建物0車位0,,,其他,,,,0.0,0,0,0,無,無,12390000,9037,,0.0,0,本案土地目前仍屬都市計畫內農業區土地，有申請農地農用證明書。具重建或重劃、都更等效益；,RPPNMLLKPHLGFDD97DA,0.0,0.0,0.0,無,
柳營區,土地,小腿段1265-5地號,96.5,,鄉村區,乙種建築用地,1150727,土地1建物0車位0,,,其他,,,,0.0,4,2,2,有,無,1450000,15026,,0.0,0,親友、員工、共有人或其他特殊關係間之交易；未登記建物；,RPVNMLKMPHLGFDD68DA,0.0,0.0,0.0,無,
新營區,土地,新秀才段374地號,1191.87,,一般農業區,農牧用地,1150728,土地1建物0車位0,,,其他,,,,0.0,0,0,0,無,無,2380000,1997,,0.0,0,親友、員工、共有人或其他特殊關係間之交易；,RPSNMLQJQHLGFDD78DA,0.0,0.0,0.0,無,
後壁區,土地,土溝段2762地號,3934.0,,特定農業區,農牧用地,1150720,土地2建物0車位0,,,其他,,,,0.0,0,0,0,無,無,5300000,1347,,0.0,0,,RPSNMLLKQHLGFED48DA,0.0,0.0,0.0,無,031
官田區,土地,鎮南段251地號,149.78,都市：其他:道路用地,,,1150722,土地3建物0車位0,,,其他,,,,0.0,0,0,0,無,無,3000000,20029,,0.0,0,親友、員工、共有人或其他特殊關係間之交易；未登記建物；包含公共設施保留地用地；,RPSNMLNLPHLGFFD78DA,0.0,0.0,0.0,無,
大內區,土地,大內段1899地號,250.67,,一般農業區,農牧用地,1150712,土地1建物0車位0,,,其他,,,,0.0,0,0,0,無,無,100000,399,,0.0,0,親友、員工、共有人或其他特殊關係間之交易；,RPVNMLQJQHLGFFD66DA,0.0,0.0,0.0,無,
將軍區,土地,中社段1218地號,40.79,都市：其他:住宅區,,,1150728,土地2建物0車位0,,,其他,,,,0.0,0,0,0,無,無,600000,14709,,0.0,0,畸零地或有合併使用效益；,RPSNMLPJQHLGFGD98DA,0.0,0.0,0.0,無,
佳里區,房地(土地+建物),臺南市佳里區營溪里溪州７５之６號,115.75,,特定農業區,甲種建築用地,1150726,土地2建物1車位0,全,二層,透天厝,農業用,加強磚造,0710621,32.42,5,2,2,有,無,600775,18531,,0.0,0,親友、員工、共有人或其他特殊關係間之交易；,RPPNMLQJQHLGFGD78DA,30.84,0.0,1.58,無,
七股區,土地,樹林段466地號,178.0,,鄉村區,乙種建築用地,1150726,土地1建物0車位0,,,其他,,,,0.0,0,0,0,無,無,2040000,11461,,0.0,0,親友、員工、共有人或其他特殊關係間之交易；,RPQNMLLKQHLGFGD48DA,0.0,0.0,0.0,無,
善化區,房地(土地+建物),臺南市善化區溪尾１０２號二樓之７,26.78,,鄉村區,乙種建築用地,1150721,土地1建物1車位0,二層,七層,華廈(10層含以下有電梯),住家用,鋼筋混凝土造,1140110,97.54,3,2,2,有,有,6300000,64589,,0.0,0,,RPQNMLQJQHLGFHD98DA,62.64,0.0,3.51,有,
善化區,土地,坐駕段625-4地號,1546.0,都市：其他:農業區,,,1150708,土地1建物0車位0,,,其他,,,,0.0,0,0,0,無,無,25720000,16636,,0.0,0,,RPSNMLRJQHLGFHD66DA,0.0,0.0,0.0,無,
新化區,土地,竹子腳段1108-6地號,74.0,,鄉村區,水利用地,1150724,土地2建物0車位0,,,其他,,,,0.0,0,0,0,無,無,4140000,55946,,0.0,0,,RPOOMLKKQHLGFHD38DA,0.0,0.0,0.0,無,
新化區,土地,竹子腳段1108-5地號,17.0,,鄉村區,水利用地,1150724,土地2建物0車位0,,,其他,,,,0.0,0,0,0,無,無,950000,55882,,0.0,0,,RPQOMLKKQHLGFHD58DA,0.0,0.0,0.0,無,
新化區,土地,竹子腳段1108-4地號,17.0,,鄉村區,水利用地,1150724,土地2建物0車位0,,,其他,,,,0.0,0,0,0,無,無,950000,55882,,0.0,0,,RPROMLKKQHLGFHD68DA,0.0,0.0,0.0,無,
善化區,土地,慶安段629地號,110.44,都市：其他:住宅區,,,1150717,土地3建物0車位0,,,其他,,,,0.0,2,2,1,有,無,7300000,66099,,0.0,0,未登記建物；,RPQNMLLKQHLGFHD58DA,0.0,0.0,0.0,無,
歸仁區,房地(土地+建物),臺南市歸仁區媽廟里保大路一段１１７巷２６弄１４號,80.37,,鄉村區,乙種建築用地,1150716,土地2建物1車位0,全,三層,透天厝,住家用,鋼筋混凝土造,0850126,124.37,3,2,2,有,無,6500000,52263,,0.0,0,頂樓加蓋；其他增建；,RPSNMLKKQHLGFID78DA,116.16,0.63,7.58,無,
永康區,房地(土地+建物)+車位,臺南市永康區北興路８８巷８５號,111.0,都市：其他:住宅區,,,1150714,土地1建物1車位2,全,四層,透天厝,住家用,鋼筋混凝土造,1140326,301.18,5,2,5,有,有,29000000,96288,一樓平面,0.0,0,,RPVOMLLLPHLGFKD86DA,286.35,0.0,14.83,有,
永康區,房地(土地+建物)+車位,臺南市永康區東橋七路１９１號四樓之５,21.76,都市：其他:住宅區,,,1150710,土地1建物1車位1,四層,十六層,住宅大樓(11層含以上有電梯),住家用,鋼筋混凝土構造,1061114,141.45,3,2,2,有,有,13000000,91905,坡道平面,22.39,0,,RPPNMLTLPHLGFKD96DA,69.81,4.61,4.41,有,032
永康區,房地(土地+建物),臺南市永康區大同街８７巷１５弄１５號,85.43,都市：其他:住宅區,,,1150719,土地1建物1車位0,全,四層,透天厝,住家用,鋼筋混凝土造,1140311,209.72,5,2,3,有,無,21750000,103710,,0.0,0,,RPXNMLTLPHLGFKD77DA,187.8,0.0,21.92,無,
永康區,房地(土地+建物),臺南市永康區大灣三街１３１號,171.47,都市：其他:住宅區,,,1150703,土地2建物1車位0,全,四層,透天厝,住商用,鋼筋混凝土構造,1030923,301.64,5,2,7,有,無,20000000,66304,,0.0,0,,RPUOMLKMPHLGFKD76DA,281.95,0.0,19.69,無,
永康區,房地(土地+建物),臺南市永康區五王里五福街２１號三樓之２,5.48,都市：其他:住宅區,,,1150730,土地2建物1車位0,三層,七層,華廈(10層含以下有電梯),住家用,鋼筋混凝土造,0800619,32.49,1,1,1,有,無,1800000,55402,,0.0,0,其他增建；,RPSNMLNJQHLGFKD56DA,23.61,0.0,0.0,有,033
永康區,房地(土地+建物),臺南市永康區大橋一街５７之５號八樓之２２,4.04,都市：其他:住宅區,,,1150723,土地1建物1車位0,八層,十四層,住宅大樓(11層含以上有電梯),住家用,鋼筋混凝土造,0880824,40.269999999999996,1,1,1,有,有,3350000,83188,,0.0,0,其他增建；,RPPOMLQJQHLGFKD66DA,26.29,0.0,3.7,有,034
永康區,房地(土地+建物),臺南市永康區甲頂路１０６號,138.06,都市：其他:住宅區,,,1150718,土地1建物1車位0,全,二層,透天厝,住商用,加強磚造,0700521,180.42,4,2,2,有,無,7100000,39353,,0.0,0,親友、員工、共有人或其他特殊關係間之交易；未登記建物；,RPQNMLKKQHLGFKD78DA,173.71,0.0,6.71,無,
永康區,房地(土地+建物),臺南市永康區忠孝路４１０巷５０弄１４號六樓,20.07,都市：其他:住宅區,,,1150704,土地1建物1車位0,六層,六層,華廈(10層含以下有電梯),住家用,鋼筋混凝土造,0810918,97.77,3,2,2,有,有,4580000,46845,,0.0,0,陽台外推；,RPUNMLKKQHLGFKD56DA,58.29,0.0,10.35,有,
安平區,房地(土地+建物)+車位,臺南市安平區育平六街５２號十一樓,22.77,都市：其他:第三種商業區(附),,,1150712,土地1建物1車位1,十一層,十四層,住宅大樓(11層含以上有電梯),住家用,鋼筋混凝土構造,1110623,157.33999999999997,2,2,2,有,有,12680000,94194,坡道平面,39.71,1600000,,RPRNMLMKPHLGFAD97DA,70.88,0.0,7.5,有,035
北區,房地(土地+建物),臺南市北區中華北路一段３６２巷３弄５１號,75.72,都市：其他:住宅區,,,1150721,土地1建物1車位0,全,四層,透天厝,住家用,鋼筋混凝土造,0840525,194.93,4,2,3,有,無,12500000,64126,,0.0,0,,RPSNMLRLPHLGFAD68DA,184.97,0.0,9.96,無,
北區,房地(土地+建物),臺南市北區長北街１７６號三樓之２,8.37,都市：其他:住宅區,,,1150726,土地1建物1車位0,三層,五層,華廈(10層含以下有電梯),住家用,鋼筋混凝土造,0780904,36.63,1,0,1,有,有,2850000,77805,,0.0,0,,RPWOMLQJQHLGFAD98DA,25.28,0.0,1.98,有,036
安平區,房地(土地+建物)+車位,臺南市安平區國平南路１０２號十一樓之３,17.88,都市：其他:商業區(附),,,1150703,土地1建物1車位1,十一層,二十六層,住宅大樓(11層含以上有電梯),住家用,鋼骨造,1150130,212.76,2,2,2,有,有,17460000,82064,坡道平面,24.99,0,親友、員工、共有人或其他特殊關係間之交易；,RPPNMLLKQHLGFAD77DA,110.45,0.0,14.88,有,037
安南區,房地(土地+建物),臺南市安南區安興街１８１巷２６弄１５號,67.69,都市：其他:住宅區,,,1150706,土地2建物1車位0,全,四層,透天厝,住家用,鋼筋混凝土造,1130924,161.34,4,2,5,有,無,13880000,86030,,0.0,0,,RPUOMLSLPHLGFBD56DA,140.77,0.0,20.57,無,
安南區,房地(土地+建物),臺南市安南區海佃路二段３４２巷８２號,74.5,都市：其他:住宅區,,,1150704,土地2建物1車位0,全,四層,透天厝,住家用,鋼筋混凝土造,1150114,177.13,4,2,4,有,無,18060000,101959,,0.0,0,陽台外推；其他增建；,RPPNMLOJQHLGFBD08DA,153.93,0.0,23.2,無,
安南區,土地,淵西段232-3地號,128.92,都市：其他:住宅區,,,1150727,土地3建物0車位0,,,其他,,,,0.0,0,0,0,無,無,2000000,15513,,0.0,0,具重建或重劃、都更等效益；,RPRNMLRJQHLGFBD58DA,0.0,0.0,0.0,無,
安南區,土地,公塭段188地號,1877.24,都市：其他:農業區,,,1150703,土地4建物0車位0,,,其他,,,,0.0,0,0,0,無,無,21578680,11495,,0.0,0,包含公共設施保留地用地；,RPQNMLKKQHLGFBD87DA,0.0,0.0,0.0,無,
東區,房地(土地+建物),臺南市東區崇明九街１０８號六樓之１２,4.09,都市：其他:住宅區,,,1150707,土地1建物1車位0,六層,六層,華廈(10層含以下有電梯),住家用,鋼筋混凝土造,0800204,20.69,1,1,1,有,有,1450000,70082,,0.0,0,,RPQOMLKMPHLGFCD18DA,9.73,1.83,3.65,有,
南區,房地(土地+建物),臺南市南區中華南路二段３０２巷６弄１２號三樓,44.74,都市：其他:住宅區,,,1150729,土地3建物1車位0,三層,五層,公寓(5樓含以下無電梯),住家用,鋼筋混凝土造,0711129,93.7,3,2,2,有,無,3200000,34148,,0.0,0,親友、員工、共有人或其他特殊關係間之交易；,RPUNMLOJQHLGFCD68DA,77.33,0.0,10.08,無,
南區,車位,臺南市南區null,0.0,,,,1150722,土地0建物1車位1,,,其他,,,,37.14,0,0,0,無,有,1400000,,坡道平面,37.14,1400000,建物坐落地號：水交社段29地號；僅車位交易；,RPPOMLPJQHLGFCD38DA,0.0,0.0,0.0,有,038
新營區,房地(土地+建物)+車位,臺南市新營區長榮路三段１０１巷２５號三樓之八,33.27,都市：其他:住宅區,,,1150702,土地1建物1車位1,三層,五層,華廈(10層含以下有電梯),住家用,鋼筋混凝土造,1130416,107.58,3,2,2,有,有,9050000,84123,一樓平面,18.13,0,,RPTNMLTJQHLGFDD56DA,62.12,0.0,5.16,有,039
鹽水區,土地,番子厝段3263地號,1313.0,,一般農業區,農牧用地,1150718,土地1建物0車位0,,,其他,,,,0.0,0,0,0,無,無,1050000,800,,0.0,0,,RPQNMLKKQHLGFDD08DA,0.0,0.0,0.0,無,
白河區,土地,永安段124地號,52.42,都市：其他:商業區,,,1150722,土地3建物0車位0,,,其他,,,,0.0,0,0,0,無,無,6400000,122091,,0.0,0,親友、員工、共有人或其他特殊關係間之交易；,RPTNMLPJQHLGFED88DA,0.0,0.0,0.0,無,
官田區,土地,神農段237-2地號,137.0,都市：其他:住宅區,,,1150730,土地1建物0車位0,,,其他,,,,0.0,0,0,0,無,無,1000000,7299,,0.0,0,親友、員工、共有人或其他特殊關係間之交易；,RPRNMLLMPHLGFFD58DA,0.0,0.0,0.0,無,
西港區,房地(土地+建物),臺南市西港區慶安路２２８巷２６號,158.55,都市：其他:住宅區,,,1150722,土地1建物1車位0,全,三層,透天厝,住家用,鋼筋混凝土造,0990324,203.18,4,2,4,有,無,13000000,63983,,0.0,0,其他增建；,RPROMLLMPHLGFGD78DA,196.1,0.0,7.08,無,
學甲區,房地(土地+建物),臺南市學甲區一秀街２１７號,144.93,都市：其他:道路用地,,,1150703,土地3建物1車位0,全,三層,透天厝,住家用,鋼筋混凝土造,1140812,186.55,5,2,3,有,無,12680000,67971,,0.0,0,陽台外推；其他增建；,RPRNMLRJQHLGFGD09DA,171.21,0.0,15.34,無,
佳里區,房地(土地+建物)+車位,臺南市佳里區復興路１３８號六樓之６,40.97,都市：其他:住宅區,,,1150713,土地1建物1車位1,六層,九層,華廈(10層含以下有電梯),住家用,鋼筋混凝土造,1121024,138.89,3,2,2,有,有,8500000,61200,坡道平面,26.55,0,,RPRNMLKKQHLGFGD48DA,74.56,0.0,6.6,有,040
將軍區,土地,忠昌段364-1地號,942.07,都市：其他:農業區,,,1150722,土地3建物0車位0,,,其他,,,,0.0,0,0,0,無,無,1284486,1363,,0.0,0,親友、員工、共有人或其他特殊關係間之交易；,RPQNMLMKQHLGFGD58DA,0.0,0.0,0.0,無,041
西港區,土地,劉厝段1303地號,1330.0,,特定農業區,農牧用地,1150723,土地1建物0車位0,,,其他,,,,0.0,0,0,0,無,無,3800000,2857,,0.0,0,,RPVNMLMKQHLGFGD09DA,0.0,0.0,0.0,無,
新市區,房地(土地+建物)+車位,臺南市新市區大營２５３號二樓之２,31.06,,鄉村區,乙種建築用地,1150701,土地1建物1車位1,二層,六層,華廈(10層含以下有電梯),住家用,鋼筋混凝土造,1090901,102.37,3,2,2,有,有,8000000,78148,一樓平面,0.0,0,,RPVNMLQJQHLGFHD86DA,73.8,0.0,7.71,有,042
新市區,土地,大社段2208-31地號,198.53,,鄉村區,乙種建築用地,1150702,土地3建物0車位0,,,其他,,,,0.0,0,0,0,無,無,5500000,27704,,0.0,0,,RPRNMLRJQHLGFHD56DA,0.0,0.0,0.0,無,043
新市區,房地(土地+建物)+車位,臺南市新市區富安二街１３３號五樓之５,26.86,都市：其他:住宅區,,,1150718,土地1建物1車位1,五層,六層,華廈(10層含以下有電梯),住家用,鋼筋混凝土造,1071206,85.78,2,2,2,有,有,8700000,101422,一樓平面,7.66,0,,RPUNMLRJQHLGFHD86DA,52.51,2.79,4.73,有,044
山上區,土地,玉二段1041地號,284.65,都市：其他:道路用地,,,1150702,土地6建物0車位0,,,其他,,,,0.0,0,0,0,無,無,2519153,8850,,0.0,0,包含公共設施保留地用地；,RPQNMLMKQHLGFHD68DA,0.0,0.0,0.0,無,045
關廟區,土地,龜洞段238-2地號,82.5,,一般農業區,甲種建築用地,1150727,土地1建物0車位0,,,其他,,,,0.0,0,0,0,無,無,396000,4800,,0.0,0,親友、員工、共有人或其他特殊關係間之交易；,RPPOMLRJQHLGFID56DA,0.0,0.0,0.0,無,
永康區,房地(土地+建物)+車位,臺南市永康區中華二路３５８巷８號十二樓之２,16.88,都市：其他:住宅區,,,1150712,土地2建物1車位1,十二層,二十層,住宅大樓(11層含以上有電梯),住家用,鋼筋混凝土造,0810919,180.56,4,2,2,有,有,10380000,57488,坡道平面,0.0,0,,RPXNMLSLPHLGFKD67DA,111.3,0.57,14.52,有,
永康區,房地(土地+建物),臺南市永康區鹽行里正南五街２８９巷９８號,5.25,都市：其他:住宅區,,,1150719,土地2建物1車位0,一層,七層,華廈(10層含以下有電梯),住家用,鋼筋混凝土造,0830413,26.020000000000003,1,0,1,有,有,1500000,57648,,0.0,0,,RPOOMLQJQHLGFKD56DA,16.6,2.82,0.0,有,046
永康區,房地(土地+建物),臺南市永康區龍橋街４５９巷８之２９號,86.02,都市：其他:住宅區,,,1150719,土地1建物1車位0,全,四層,透天厝,住家用,鋼筋混凝土構造,1090716,175.2,5,2,3,有,無,16500000,94178,,0.0,0,其他增建；,RPPOMLKKQHLGFKD78DA,141.94,0.0,33.26,無,047
永康區,房地(土地+建物),臺南市永康區大灣三街５７巷５號二樓之６,29.16,都市：其他:住宅區,,,1150731,土地1建物1車位0,二層,五層,華廈(10層含以下有電梯),住家用,鋼筋混凝土造,1121229,84.84,2,2,2,有,無,9390000,110679,,0.0,0,,RPQOMLKKQHLGFKD88DA,58.14,0.0,5.39,有,
永康區,房地(土地+建物)+車位,臺南市永康區中華路５８巷５６號六樓之５,58.85,都市：其他:住宅區,,,1150731,土地1建物1車位1,六層,十四層,住宅大樓(11層含以上有電梯),住家用,鋼筋混凝土造,0951215,175.16,3,2,2,有,有,12850000,73361,坡道平面,0.0,0,,RPTNMLMKQHLGFKD66DA,104.64,0.0,9.88,有,
新營區,土地,下角帶圍段22-10地號,110.12,,鄉村區,乙種建築用地,1150727,土地3建物0車位0,,,其他,,,,0.0,0,0,0,無,無,1000000,9081,,0.0,0,叔姪間之移轉無訂立私契親友、員工、共有人或其他特殊關係間之交易；,RPRNMLQJQHLGFDD78EA,0.0,0.0,0.0,無,048
中西區,土地,新美段965地號,16.87,都市：其他:商業區,,,1150708,土地1建物0車位0,,,其他,,,,0.0,0,0,0,無,無,2680000,158862,,0.0,0,未登記建物；,RPPPMLNKPHLGFAD08DA,0.0,0.0,0.0,無,
北區,房地(土地+建物),臺南市北區北安路一段１７６巷２０號十一樓,18.97,都市：其他:住宅區,,,1150712,土地1建物1車位0,十一層,十三層,住宅大樓(11層含以上有電梯),住家用,ＲＣ造,0951129,74.51,2,2,1,有,有,7500000,100658,,0.0,0,,RPUOMLKMPHLGFAD38DA,54.27,0.0,3.57,有,
北區,房地(土地+建物)+車位,臺南市北區公園南路３３７號七樓之１,9.51,都市：其他:住宅區,,,1150704,土地2建物1車位1,七層,十四層,住宅大樓(11層含以上有電梯),住家用,鋼筋混凝土造,0971219,103.97999999999999,2,2,1,有,有,9360000,90017,坡道平面,24.8,0,,RPPPMLQJQHLGFAD38DA,51.35,0.0,6.23,有,
北區,房地(土地+建物),臺南市北區文賢路３０７號,131.65,都市：其他:住宅區,,,1150720,土地2建物1車位0,全,四層,透天厝,住商用,鋼筋混凝土造,0690808,370.12,7,4,6,有,無,32000000,86458,,0.0,0,頂樓加蓋；其他增建；,RPVOMLKKQHLGFAD38DA,370.12,0.0,0.0,無,
安南區,房地(土地+建物)+車位,臺南市安南區公學路四段１２６巷１１５號二樓之３,31.47,都市：其他:住宅區,,,1150704,土地1建物1車位1,二層,五層,華廈(10層含以下有電梯),住家用,鋼筋混凝土造,1141124,85.12,2,2,2,有,無,7500000,82000,一樓平面,10.73,1400000,,RPQOMLLLPHLGFBD08DA,50.86,0.0,5.32,有,
安南區,房地(土地+建物),臺南市安南區仁安六街２５巷２７號,71.3,都市：其他:住宅區,,,1150717,土地2建物1車位0,全,四層,透天厝,住商用,鋼筋混凝土造,0950704,213.17,4,2,4,有,無,13800000,64737,,0.0,0,頂樓加蓋；,RPTNMLMLPHLGFBD38DA,183.1,0.0,30.07,無,049
安南區,房地(土地+建物),臺南市安南區安中路一段３５４巷３２弄２１號,68.13,都市：其他:住宅區,,,1150709,土地1建物1車位0,全,三層,透天厝,住家用,鋼筋混凝土造,0680808,127.46,6,2,4,有,無,9850000,77279,,0.0,0,頂樓加蓋；其他增建；,RPROMLKKQHLGFBD08DA,113.38,0.0,14.08,無,050
安南區,房地(土地+建物),臺南市安南區城西街二段２９１巷３５弄３２號,75.9,都市：其他:住宅區,,,1150701,土地1建物1車位0,全,三層,透天厝,住商用,鋼筋混凝土造,0890502,126.56,4,2,3,有,無,5700000,45038,,0.0,0,其他增建/廚房增建/防火巷增建其他增建；,RPQNMLLKQHLGFBD97DA,113.89,0.0,12.67,無,
東區,房地(土地+建物),臺南市東區裕農路２８８巷９６弄４２號,68.59,都市：其他:細部計畫道路用地,,,1150713,土地2建物1車位0,全,二層,透天厝,住家用,加強磚造,0631113,75.25,3,2,2,有,無,4000000,53156,,0.0,0,頂樓加蓋；其他增建；包含公共設施保留地用地；,RPSNMLQJQHLGFCD68DA,75.25,0.0,0.0,無,
東區,房地(土地+建物)+車位,臺南市東區文化二街３號六樓,54.2,都市：其他:住宅區,,,1150705,土地1建物1車位2,六層,十三層,住宅大樓(11層含以上有電梯),住家用,鋼筋混凝土造,1010723,292.79,4,2,3,有,有,30880000,105468,坡道平面,48.86,0,其他增建；,RPRNMLRJQHLGFCD68DA,143.2,9.15,15.95,有,
南區,房地(土地+建物),臺南市南區國民路１６５巷７弄４８號,53.8,都市：其他:住宅區,,,1150716,土地1建物1車位0,全,二層,透天厝,住家用,加強磚造,0640412,67.5,4,2,2,有,無,6600000,97778,,0.0,0,,RPWNMLMKQHLGFCD78DA,67.5,0.0,0.0,無,
柳營區,土地,綠隧段99地號,109.57,,鄉村區,乙種建築用地,1150715,土地1建物0車位0,,,其他,,,,0.0,0,0,0,無,無,900000,8214,,0.0,0,親友、員工、共有人或其他特殊關係間之交易；未登記建物；,RPQNMLNKQHLGFDD38DA,0.0,0.0,0.0,無,
柳營區,房地(土地+建物),臺南市柳營區太康１４９之１號,116.89,,鄉村區,乙種建築用地,1150715,土地1建物1車位0,全,二層,透天厝,住家用,鋼造,0900307,140.16,5,2,2,有,無,3100000,22118,,0.0,0,親友、員工、共有人或其他特殊關係間之交易；,RPUNMLNKQHLGFDD78DA,133.15,0.0,7.01,無,
白河區,房地(土地+建物),臺南市白河區關子嶺４５之９９號六樓,20.76,都市：其他:第一種住宅區,,,1150718,土地4建物1車位0,六層,六層,華廈(10層含以下有電梯),住家用,鋼筋混凝土造,0841207,51.59,1,1,1,有,無,2700000,52336,,0.0,0,土地價格新台幣189萬元整建物價格新台幣81萬元整,RPSNMLPJQHLGFED78DA,26.33,0.0,4.12,有,
下營區,土地,營和段709-2地號,21.38,都市：其他:住宅區,,,1150702,土地1建物0車位0,,,其他,,,,0.0,0,0,0,無,無,490000,22919,,0.0,0,,RPTNMLNJPHLGFFD68DA,0.0,0.0,0.0,無,051
下營區,土地,仁里段963地號,124.75,都市：其他:住宅區,,,1150704,土地4建物0車位0,,,其他,,,,0.0,0,0,0,無,無,2800000,22445,,0.0,0,,RPRNMLPJQHLGFFD78DA,0.0,0.0,0.0,無,
六甲區,房地(土地+建物),臺南市六甲區龜港里１３鄰龜子港２８８巷１９號,140.0,,一般農業區,甲種建築用地,1150710,土地2建物2車位0,全,三層,透天厝,住家用,鋼筋混凝土造,0840608,279.05,6,4,6,有,無,3800000,13618,,0.0,0,出售標的為2棟房屋：臺南市六甲區龜港里０１３鄰龜子港２８８巷18，19號親友、員工、共有人或其他特殊關係間之交易；,RPRNMLLKQHLGFFD48DA,269.69,0.0,9.36,無,052
官田區,土地,南段1435地號,1180.0,都市：其他:農業區,,,1150720,土地1建物0車位0,,,其他,,,,0.0,0,0,0,無,無,4484000,3800,,0.0,0,,RPPNMLNKQHLGFFD48DA,0.0,0.0,0.0,無,
學甲區,房地(土地+建物)+車位,臺南市學甲區民權路２１號二樓之６,47.12,都市：其他:住宅區,,,1150710,土地1建物1車位1,二層,五層,華廈(10層含以下有電梯),住家用,鋼筋混凝土造,1130529,140.14,3,2,2,有,有,8500000,60654,一樓平面,0.0,0,,RPTNMLQKPHLGFGD56DA,86.56,0.0,8.01,有,
將軍區,土地,漚汪段西甲小段1708地號,1523.0,,特定農業區,農牧用地,1150726,土地1建物0車位0,,,其他,,,,0.0,0,0,0,無,無,1200000,788,,0.0,0,,RPWNMLRLPHLGFGD07DA,0.0,0.0,0.0,無,
西港區,房地(土地+建物),臺南市西港區後營３７７之１０號,98.46,,鄉村區,乙種建築用地,1150725,土地2建物1車位0,全,四層,透天厝,住家用,鋼筋混凝土造,1120829,160.4,5,2,3,有,無,13600000,84788,,0.0,0,,RPUNMLLKQHLGFGD88DA,148.74,0.0,11.66,無,
新市區,土地,東大社段1276-1地號,2580.0,,特定農業區,農牧用地,1150720,土地1建物0車位0,,,其他,,,,0.0,0,0,0,無,無,12000000,4651,,0.0,0,,RPUNMLMLPHLGFHD09DA,0.0,0.0,0.0,無,
安定區,房地(土地+建物)+車位,臺南市安定區新吉３７之３號二樓之２,37.9,,鄉村區,乙種建築用地,1150709,土地1建物1車位1,二層,五層,華廈(10層含以下有電梯),住家用,鋼筋混凝土造,1131022,108.78999999999999,3,2,2,有,有,8800000,78094,其他,8.27,950000,,RPRNMLRLPHLGFHD66DA,66.12,0.0,7.4,有,
安定區,土地,蘇林段757-2地號,191.98,,鄉村區,乙種建築用地,1150701,土地2建物0車位0,,,其他,,,,0.0,0,0,0,無,無,6388000,33274,,0.0,0,地上物若需拆除，拆除時由買方負責，賣方另需貼補拆除費用10萬元。未登記建物；,RPQOMLLKQHLGFHD68DA,0.0,0.0,0.0,無,
仁德區,土地,二橋段323-5地號,0.08,,特定農業區,農牧用地,1150713,土地1建物0車位0,,,其他,,,,0.0,0,0,0,無,無,992,0,,0.0,0,協議價購；,RPQOMLKMPHLGFID78DA,0.0,0.0,0.0,無,053
關廟區,土地,龜洞段62-1地號,662.83,,一般農業區,農牧用地,1150727,土地1建物0車位0,,,其他,,,,0.0,0,0,0,無,無,1126817,1700,,0.0,0,親友、員工、共有人或其他特殊關係間之交易；,RPUNMLRJQHLGFID96DA,0.0,0.0,0.0,無,
關廟區,土地,龜洞段238-1地號,605.83,,一般農業區,農牧用地,1150727,土地1建物0車位0,,,其他,,,,0.0,0,0,0,無,無,969333,1600,,0.0,0,親友、員工、共有人或其他特殊關係間之交易；,RPOOMLRJQHLGFID09DA,0.0,0.0,0.0,無,
關廟區,土地,龜洞段238-4地號,210.0,,一般農業區,農牧用地,1150727,土地1建物0車位0,,,其他,,,,0.0,0,0,0,無,無,336000,1600,,0.0,0,親友、員工、共有人或其他特殊關係間之交易；,RPQOMLRJQHLGFID66DA,0.0,0.0,0.0,無,
關廟區,土地,新埔段596-2地號,5690.0,,山坡地保育區,農牧用地,1150702,土地1建物0車位0,,,其他,,,,0.0,0,0,0,無,無,7500000,1318,,0.0,0,親友、員工、共有人或其他特殊關係間之交易；,RPXNMLLKQHLGFID76DA,0.0,0.0,0.0,無,
歸仁區,土地,凱旋段620地號,433.38,,一般農業區,農牧用地,1150709,土地1建物0車位0,,,其他,,,,0.0,0,0,0,無,無,1650000,3807,,0.0,0,,RPPOMLLKQHLGFID68DA,0.0,0.0,0.0,無,
永康區,房地(土地+建物),臺南市永康區甲頂里正新街１０號,79.02,都市：其他:住宅區,,,1150710,土地1建物1車位0,全,二層,透天厝,住家用,鋼筋混凝土造,0780918,131.25,4,2,3,有,無,3751380,28582,,0.0,0,親友、員工、共有人或其他特殊關係間之交易；,RPTNMLKKPHLGFKD98DA,112.16,15.49,3.6,無,
新營區,房地(土地+建物),臺南市新營區民生里南新街５０巷１１號,115.03,都市：其他:住宅區,,,1150724,土地2建物1車位0,全,二層,透天厝,住家用,加強磚造,0671024,102.09,3,2,2,有,無,6100000,59751,,0.0,0,,RPPNMLOKQHLGFDD48EA,102.09,0.0,0.0,無,054
東山區,土地,大客段科里小段537地號,2200.0,,特定農業區,農牧用地,1150707,土地1建物0車位0,,,其他,,,,0.0,0,0,0,無,無,2200000,1000,,0.0,0,,RPPNMLNKQHLGFED48EA,0.0,0.0,0.0,無,
安平區,房地(土地+建物),臺南市安平區永華八街２號五樓之５,6.81,都市：其他:第三種商業區,,,1150709,土地1建物1車位0,五層,十四層,住宅大樓(11層含以上有電梯),住家用,鋼筋混凝土造,0960719,71.11,2,1,1,有,有,6000000,84376,,0.0,0,,RPVNMLTLPHLGFAD56DA,47.18,0.0,2.67,有,055
北區,房地(土地+建物),臺南市北區開元路４８５巷４１弄８號九樓之１０,3.19,都市：其他:商業區,,,1150731,土地1建物1車位0,九層,十四層,住宅大樓(11層含以上有電梯),住家用,鋼筋混凝土造,0891120,33.11,1,0,1,有,有,2900000,87587,,0.0,0,陽台外推；,RPTNMLLMPHLGFAD28DA,21.84,0.0,3.82,有,056
北區,土地,北安段1145地號,55.57,都市：其他:道路用地(兼供河川使用),,,1150715,土地1建物0車位0,,,其他,,,,0.0,0,0,0,無,無,4434486,79800,,0.0,0,協議價購；,RPQOMLPJQHLGFAD28DA,0.0,0.0,0.0,無,
北區,土地,北安段1191地號,186.09,都市：其他:道路用地(兼供河川使用),,,1150715,土地3建物0車位0,,,其他,,,,0.0,0,0,0,無,無,14850381,79802,,0.0,0,協議價購；,RPROMLPJQHLGFAD38DA,0.0,0.0,0.0,無,057
北區,土地,北安段1191地號,46.52,都市：其他:道路用地(兼供河川使用),,,1150715,土地3建物0車位0,,,其他,,,,0.0,0,0,0,無,無,3712595,79806,,0.0,0,協議價購；,RPSOMLPJQHLGFAD48DA,0.0,0.0,0.0,無,057
安平區,房地(土地+建物)+車位,臺南市安平區國平北路８８號十四樓之３,11.69,都市：其他:商業區(附),,,1150717,土地1建物1車位1,十四層,二十六層,住宅大樓(11層含以上有電梯),住家用,鋼筋混凝土造,1140722,145.20999999999998,2,2,2,有,有,12380000,85256,坡道平面,21.02,0,,RPROMLRJQHLGFAD58DA,69.97,0.0,8.72,有,059
北區,土地,北安段1238地號,6.21,都市：其他:道路用地(兼供河川使用),,,1150715,土地1建物0車位0,,,其他,,,,0.0,0,0,0,無,無,495279,79755,,0.0,0,協議價購；,RPWOMLKKQHLGFAD48DA,0.0,0.0,0.0,無,060
北區,土地,北安段1238地號,6.21,都市：其他:道路用地(兼供河川使用),,,1150715,土地1建物0車位0,,,其他,,,,0.0,0,0,0,無,無,495279,79755,,0.0,0,協議價購；,RPOPMLKKQHLGFAD77DA,0.0,0.0,0.0,無,060
北區,土地,北安段1240地號,25.26,都市：其他:道路用地(兼供河川使用),,,1150715,土地1建物0車位0,,,其他,,,,0.0,0,0,0,無,無,2015615,79795,,0.0,0,協議價購；,RPRPMLKKQHLGFAD08DA,0.0,0.0,0.0,無,062
北區,土地,北安段1240地號,25.26,都市：其他:道路用地(兼供河川使用),,,1150715,土地1建物0車位0,,,其他,,,,0.0,0,0,0,無,無,2015615,79795,,0.0,0,協議價購；,RPSPMLKKQHLGFAD18DA,0.0,0.0,0.0,無,062
北區,土地,北安段1241地號,4.02,都市：其他:道路用地(兼供河川使用),,,1150715,土地1建物0車位0,,,其他,,,,0.0,0,0,0,無,無,320746,79788,,0.0,0,協議價購；,RPTPMLKKQHLGFAD28DA,0.0,0.0,0.0,無,064
北區,土地,北安段1241地號,4.02,都市：其他:道路用地(兼供河川使用),,,1150715,土地1建物0車位0,,,其他,,,,0.0,0,0,0,無,無,320746,79788,,0.0,0,協議價購；,RPUPMLKKQHLGFAD38DA,0.0,0.0,0.0,無,064
北區,土地,北安段1251地號,158.35,都市：其他:道路用地(兼供河川使用),,,1150715,土地2建物0車位0,,,其他,,,,0.0,0,0,0,無,無,12636330,79800,,0.0,0,協議價購；,RPPQMLKKQHLGFAD97DA,0.0,0.0,0.0,無,
北區,土地,北安段1482地號,85.95,都市：其他:道路用地(兼供河川使用),,,1150715,土地2建物0車位0,,,其他,,,,0.0,0,0,0,無,無,6858491,79796,,0.0,0,協議價購；,RPQQMLKKQHLGFAD08DA,0.0,0.0,0.0,無,066
北區,土地,北安段1539地號,34.31,都市：其他:道路用地(兼供河川使用),,,1150715,土地13建物0車位0,,,其他,,,,0.0,0,0,0,無,無,2737938,79800,,0.0,0,協議價購；,RPSOMLLKQHLGFAD18DA,0.0,0.0,0.0,無,067
北區,土地,北安段1539地號,34.31,都市：其他:道路用地(兼供河川使用),,,1150715,土地13建物0車位0,,,其他,,,,0.0,0,0,0,無,無,2737938,79800,,0.0,0,協議價購；,RPTOMLLKQHLGFAD28DA,0.0,0.0,0.0,無,067
北區,土地,北安段1539地號,34.31,都市：其他:道路用地(兼供河川使用),,,1150715,土地13建物0車位0,,,其他,,,,0.0,0,0,0,無,無,2737938,79800,,0.0,0,協議價購；,RPUOMLLKQHLGFAD38DA,0.0,0.0,0.0,無,067
北區,土地,北安段1539地號,34.31,都市：其他:道路用地(兼供河川使用),,,1150715,土地13建物0車位0,,,其他,,,,0.0,0,0,0,無,無,2737938,79800,,0.0,0,協議價購；,RPVOMLLKQHLGFAD48DA,0.0,0.0,0.0,無,067
安南區,土地,安昌段574地號,3.29,都市：其他:住宅區,,,1150723,土地1建物0車位0,,,其他,,,,0.0,0,0,0,無,無,164000,49848,,0.0,0,,RPQNMLMKQHLGFBD08DA,0.0,0.0,0.0,無,
南區,土地,華南段22-12地號,6.11,都市：其他:農業區,,,1150707,土地1建物0車位0,,,其他,,,,0.0,0,0,0,無,無,270000,44190,,0.0,0,畸零地或有合併使用效益；,RPSNMLRJPHLGFCD68DA,0.0,0.0,0.0,無,
南區,房地(土地+建物),臺南市南區灣裡路８８巷１５２號之１,268.5,都市：其他:住宅區,,,1150717,土地5建物1車位0,全,二層,透天厝,住家用,加強磚造,0740129,148.23,4,2,4,有,無,5130000,34608,,0.0,0,親友、員工、共有人或其他特殊關係間之交易；其他增建；,RPTNMLRJQHLGFCD88DA,144.51,0.0,3.72,無,
東區,房地(土地+建物),臺南市東區東門路二段９６號九樓之１,10.12,都市：其他:中心商業區,,,1150729,土地1建物1車位0,九層,十二層,住宅大樓(11層含以上有電梯),住家用,鋼筋混凝土造,0830909,119.41,2,1,2,有,有,7300000,61134,,0.0,0,,RPQNMLKKQHLGFCD97DA,94.26,0.0,4.12,有,071
南區,房地(土地+建物),臺南市南區西門路一段５７５巷３０號,61.1,都市：其他:住宅區,,,1150723,土地1建物1車位0,全,三層,透天厝,住家用,鋼筋混凝土造,0640117,114.4,4,2,2,有,無,6000000,52448,,0.0,0,,RPSNMLLKQHLGFCD28DA,114.4,0.0,0.0,無,
南區,房地(土地+建物),臺南市南區中華南路二段４００巷４弄９號五樓,40.99,都市：其他:住宅區,,,1150705,土地2建物1車位0,五層,五層,公寓(5樓含以下無電梯),住家用,鋼筋混凝土造,0711129,89.68,3,2,2,有,無,2800000,31222,,0.0,0,,RPXNMLMKQHLGFCD88DA,74.85,0.0,7.63,無,
鹽水區,土地,月港段590地號,123.31,都市：其他:住宅區,,,1150723,土地1建物0車位0,,,其他,,,,0.0,0,0,0,無,無,3000000,24329,,0.0,0,,RPPNMLMKQHLGFDD18DA,0.0,0.0,0.0,無,
鹽水區,土地,天保厝段573地號,1737.0,,特定農業區,農牧用地,1150708,土地1建物0車位0,,,其他,,,,0.0,0,0,0,無,無,1380000,794,,0.0,0,,RPRNMLMKQHLGFDD38DA,0.0,0.0,0.0,無,072
白河區,房地(土地+建物),臺南市白河區關子嶺４５之１００號三樓,23.62,都市：其他:第一種住宅區,,,1150725,土地4建物1車位0,三層,六層,華廈(10層含以下有電梯),住家用,鋼筋混凝土造,0841207,57.41,1,0,1,有,有,2431800,42358,,0.0,0,,RPSNMLQJQHLGFED88DA,29.54,0.0,3.82,有,073
白河區,房地(土地+建物),臺南市白河區關子嶺４５之９５號三樓,23.62,都市：其他:第一種住宅區,,,1150725,土地4建物1車位0,三層,六層,華廈(10層含以下有電梯),住家用,鋼筋混凝土造,0841207,57.41,1,0,1,有,有,2952900,51435,,0.0,0,,RPTNMLQJQHLGFED98DA,29.54,0.0,3.82,有,074
官田區,土地,湖山段619地號,211.92,都市：其他:住宅區,,,1150719,土地2建物0車位0,,,其他,,,,0.0,0,0,0,無,無,3260000,15383,,0.0,0,包含公共設施保留地用地；,RPPNMLQJQHLGFFD68DA,0.0,0.0,0.0,無,075
六甲區,土地,民族段538地號,310.02,都市：其他:住宅區,,,1150717,土地2建物0車位0,,,其他,,,,0.0,0,0,0,無,無,6300000,20321,,0.0,0,,RPPNMLLKQHLGFFD28DA,0.0,0.0,0.0,無,076
西港區,土地,港安段971-12地號,3.79,都市：其他:道路保留地,,,1150709,土地2建物0車位0,,,其他,,,,0.0,0,0,0,無,無,42270,11153,,0.0,0,包含公共設施保留地用地；,RPUNMLOJQHLGFGD09DA,0.0,0.0,0.0,無,
西港區,土地,子林段832地號,1798.0,,特定農業區,農牧用地,1150721,土地1建物0車位0,,,其他,,,,0.0,0,0,0,無,無,4495000,2500,,0.0,0,,RPTNMLRJQHLGFGD66DA,0.0,0.0,0.0,無,
學甲區,房地(土地+建物),臺南市學甲區仁得里自立街６９號三樓之五,10.67,都市：其他:住宅區,,,1150727,土地1建物1車位0,三層,六層,華廈(10層含以下有電梯),住家用,鋼筋混凝土造,0830813,44.97,1,0,1,有,無,1450000,32244,,0.0,0,,RPQNMLNKQHLGFGD68DA,30.08,0.0,4.88,有,
新化區,土地,洋子段799地號,216.67,,特定農業區,交通用地,1150724,土地1建物0車位0,,,其他,,,,0.0,0,0,0,無,無,650000,3000,,0.0,0,與政府機關有關之交易：競標購買包含公共設施保留地用地；,RPRNMLLMPHLGFHD78DA,0.0,0.0,0.0,無,
新市區,土地,大營段1323地號,174.0,,特定農業區,交通用地,1150724,土地2建物0車位0,,,其他,,,,0.0,0,0,0,無,無,428040,2460,,0.0,0,與政府機關有關之交易：競標購買包含公共設施保留地用地；,RPVNMLLMPHLGFHD56DA,0.0,0.0,0.0,無,077
新市區,土地,大營段1323地號,174.0,,特定農業區,交通用地,1150724,土地2建物0車位0,,,其他,,,,0.0,0,0,0,無,無,428040,2460,,0.0,0,與政府機關有關之交易：競標購買包含公共設施保留地用地；,RPWNMLLMPHLGFHD66DA,0.0,0.0,0.0,無,077
新市區,土地,大營段1323地號,174.0,,特定農業區,交通用地,1150724,土地2建物0車位0,,,其他,,,,0.0,0,0,0,無,無,428040,2460,,0.0,0,與政府機關有關之交易：競標購買包含公共設施保留地用地；,RPXNMLLMPHLGFHD76DA,0.0,0.0,0.0,無,077
新市區,土地,大營段1323地號,174.0,,特定農業區,交通用地,1150724,土地2建物0車位0,,,其他,,,,0.0,0,0,0,無,無,413772,2378,,0.0,0,與政府機關有關之交易：競標購買包含公共設施保留地用地；,RPOOMLLMPHLGFHD58DA,0.0,0.0,0.0,無,077
新化區,土地,唪口段2043地號,367.0,,特定農業區,交通用地,1150724,土地3建物0車位0,,,其他,,,,0.0,0,0,0,無,無,1101000,3000,,0.0,0,與政府機關有關之交易：競標購買包含公共設施保留地用地；,RPPOMLLMPHLGFHD68DA,0.0,0.0,0.0,無,
善化區,房地(土地+建物)+車位,臺南市善化區陽光大道５９１號四樓之３,17.78,都市：其他:生活服務區(第四種住宅區),,,1150720,土地1建物1車位1,四層,二十二層,住宅大樓(11層含以上有電梯),住家用,鋼筋混凝土造,1081120,109.30000000000001,2,1,1,有,有,8300000,75938,坡道平面,21.49,0,,RPPNMLPJQHLGFHD78DA,48.03,2.2,6.11,有,081
新市區,房地(土地+建物)+車位,臺南市新市區大３０３號六樓之５,29.4,,鄉村區,乙種建築用地,1150703,土地1建物1車位1,六層,七層,華廈(10層含以下有電梯),住家用,鋼筋混凝土造,1131219,109.55,3,2,2,有,有,8850000,80785,其他,9.92,0,,RPWNMLKKQHLGFHD09DA,68.35,0.0,7.65,有,
安定區,土地,安定段2132地號,3170.0,都市：其他:農業區,,,1150701,土地3建物0車位0,,,其他,,,,0.0,0,0,0,無,無,112194810,35393,,0.0,0,,RPRNMLMKQHLGFHD78DA,0.0,0.0,0.0,無,
山上區,土地,玉二段535地號,174.19,都市：其他:道路用地,,,1150709,土地2建物0車位0,,,其他,,,,0.0,0,0,0,無,無,1346422,7730,,0.0,0,包含公共設施保留地用地；,RPOOMLNKQHLGFHD68DA,0.0,0.0,0.0,無,
仁德區,房地(土地+建物)+車位,臺南市仁德區文孝路１２７號三樓之６,16.19,都市：其他:第二之二種商業區,,,1150704,土地1建物1車位1,三層,二十三層,住宅大樓(11層含以上有電梯),住家用,鋼筋混凝土構造,1120426,146.87,3,2,2,有,有,13260000,90284,坡道機械,21.12,0,,RPVNMLPKPHLGFID86DA,75.36,0.0,7.35,有,082
關廟區,房地(土地+建物),臺南市關廟區田大路１１６號,77.0,,鄉村區,乙種建築用地,1150705,土地1建物1車位0,全,二層,透天厝,住商用,加強磚造,0710930,104.6,4,2,2,有,無,2350000,22467,,0.0,0,親友、員工、共有人或其他特殊關係間之交易；其他增建；,RPQPMLKMPHLGFID88DA,93.51,5.39,5.7,無,
歸仁區,土地,八甲段2808地號,1100.0,,特定農業區,農牧用地,1150713,土地1建物0車位0,,,其他,,,,0.0,0,0,0,無,無,5800000,5273,,0.0,0,,RPUOMLQJQHLGFID96DA,0.0,0.0,0.0,無,
歸仁區,房地(土地+建物)+車位,臺南市歸仁區歸仁七路２２２號十二樓之１,22.24,都市：其他:住宅區,,,1150725,土地1建物1車位1,十二層,十五層,住宅大樓(11層含以上有電梯),住家用,鋼筋混凝土造,1121208,109.19,2,2,1,有,有,9800000,89752,坡道平面,25.79,0,,RPQNMLLKQHLGFID68DA,52.41,0.0,3.03,有,083
永康區,房地(土地+建物),臺南市永康區復華一街１８０號五樓之７,20.75,都市：其他:住宅區,,,1150724,土地1建物1車位0,五層,十四層,住宅大樓(11層含以上有電梯),住家用,鋼筋混凝土構造,1090909,90.94999999999999,2,2,1,有,有,9050000,99505,,0.0,0,其他增建；,RPVNMLLKQHLGFKD76DA,57.03,0.0,4.45,有,084
永康區,房地(土地+建物),臺南市永康區自強路７５０巷６８弄８０號,99.77,都市：其他:住宅區,,,1150711,土地1建物1車位0,全,三層,透天厝,住家用,鋼骨Ｒ．Ｃ造,0980120,179.56,5,2,3,有,無,15500000,86322,,0.0,0,其他增建；,RPVNMLMKQHLGFKD86DA,162.71,0.0,16.85,無,
安平區,房地(土地+建物)+車位,臺南市安平區國平北路１３７號十九樓之２,10.22,都市：其他:商業區(附),,,1150719,土地1建物1車位1,十九層,三十四層,住宅大樓(11層含以上有電梯),住家用,鋼骨鋼筋混凝土造、鋼筋混凝土造,1140415,137.81,3,2,2,有,有,9800000,71112,坡道平面,27.92,0,,RPPNMLLLPHLGFAD77DA,67.69,0.0,3.87,有,085
北區,土地,北安段1191地號,46.52,都市：其他:道路用地(兼供河川使用),,,1150715,土地3建物0車位0,,,其他,,,,0.0,0,0,0,無,無,3712595,79806,,0.0,0,協議價購；,RPTOMLPJQHLGFAD58DA,0.0,0.0,0.0,無,057
北區,土地,北安段1191地號,46.52,都市：其他:道路用地(兼供河川使用),,,1150715,土地3建物0車位0,,,其他,,,,0.0,0,0,0,無,無,3712595,79806,,0.0,0,協議價購；,RPUOMLPJQHLGFAD68DA,0.0,0.0,0.0,無,057
北區,土地,北安段1191地號,46.52,都市：其他:道路用地(兼供河川使用),,,1150715,土地3建物0車位0,,,其他,,,,0.0,0,0,0,無,無,3712595,79806,,0.0,0,協議價購；,RPVOMLPJQHLGFAD78DA,0.0,0.0,0.0,無,057
北區,土地,北安段1191地號,46.52,都市：其他:道路用地(兼供河川使用),,,1150715,土地3建物0車位0,,,其他,,,,0.0,0,0,0,無,無,3712595,79806,,0.0,0,協議價購；,RPWOMLPJQHLGFAD88DA,0.0,0.0,0.0,無,057
北區,土地,北安段1191地號,46.52,都市：其他:道路用地(兼供河川使用),,,1150715,土地3建物0車位0,,,其他,,,,0.0,0,0,0,無,無,3712595,79806,,0.0,0,協議價購；,RPXOMLPJQHLGFAD98DA,0.0,0.0,0.0,無,057
北區,土地,北安段1191地號,46.52,都市：其他:道路用地(兼供河川使用),,,1150715,土地3建物0車位0,,,其他,,,,0.0,0,0,0,無,無,3712595,79806,,0.0,0,協議價購；,RPOPMLPJQHLGFAD18DA,0.0,0.0,0.0,無,057
北區,土地,北安段1191地號,46.52,都市：其他:道路用地(兼供河川使用),,,1150715,土地3建物0車位0,,,其他,,,,0.0,0,0,0,無,無,3712595,79806,,0.0,0,協議價購；,RPPPMLPJQHLGFAD28DA,0.0,0.0,0.0,無,057
北區,土地,北安段1191地號,46.52,都市：其他:道路用地(兼供河川使用),,,1150715,土地3建物0車位0,,,其他,,,,0.0,0,0,0,無,無,3712595,79806,,0.0,0,協議價購；,RPQPMLPJQHLGFAD38DA,0.0,0.0,0.0,無,057
安平區,房地(土地+建物),臺南市安平區育平五街７０號十九樓之４,7.33,都市：其他:第六種住宅區,,,1150713,土地1建物1車位0,十九層,二十七層,住宅大樓(11層含以上有電梯),住家用,鋼筋混凝土造,0850213,121.47,3,2,2,有,有,7400000,60920,,0.0,0,,RPVOMLQJQHLGFAD88DA,82.78,0.0,9.77,有,094
北區,土地,北安段1238地號,6.21,都市：其他:道路用地(兼供河川使用),,,1150715,土地1建物0車位0,,,其他,,,,0.0,0,0,0,無,無,495279,79755,,0.0,0,協議價購；,RPPPMLKKQHLGFAD87DA,0.0,0.0,0.0,無,060
北區,土地,北安段1238地號,160.0,都市：其他:道路用地,,,1150715,土地2建物0車位0,,,其他,,,,0.0,0,0,0,無,無,12768000,79800,,0.0,0,協議價購；,RPQPMLKKQHLGFAD97DA,0.0,0.0,0.0,無,
北區,土地,北安段1241地號,8.04,都市：其他:道路用地(兼供河川使用),,,1150715,土地1建物0車位0,,,其他,,,,0.0,0,0,0,無,無,641492,79788,,0.0,0,協議價購；,RPVPMLKKQHLGFAD48DA,0.0,0.0,0.0,無,064
北區,土地,北安段1241地號,8.04,都市：其他:道路用地(兼供河川使用),,,1150715,土地1建物0車位0,,,其他,,,,0.0,0,0,0,無,無,641492,79788,,0.0,0,協議價購；,RPWPMLKKQHLGFAD58DA,0.0,0.0,0.0,無,064
北區,土地,北安段1241地號,4.02,都市：其他:道路用地(兼供河川使用),,,1150715,土地1建物0車位0,,,其他,,,,0.0,0,0,0,無,無,320746,79788,,0.0,0,協議價購；,RPXPMLKKQHLGFAD68DA,0.0,0.0,0.0,無,064
北區,土地,北安段1241地號,4.02,都市：其他:道路用地(兼供河川使用),,,1150715,土地1建物0車位0,,,其他,,,,0.0,0,0,0,無,無,320746,79788,,0.0,0,協議價購；,RPOQMLKKQHLGFAD87DA,0.0,0.0,0.0,無,064
北區,土地,北安段1482地號,28.65,都市：其他:道路用地(兼供河川使用),,,1150715,土地2建物0車位0,,,其他,,,,0.0,0,0,0,無,無,2286164,79796,,0.0,0,協議價購；,RPRQMLKKQHLGFAD18DA,0.0,0.0,0.0,無,066
北區,土地,北安段1482地號,28.65,都市：其他:道路用地(兼供河川使用),,,1150715,土地2建物0車位0,,,其他,,,,0.0,0,0,0,無,無,2286164,79796,,0.0,0,協議價購；,RPSQMLKKQHLGFAD28DA,0.0,0.0,0.0,無,066
北區,土地,北安段1482地號,14.32,都市：其他:道路用地(兼供河川使用),,,1150715,土地2建物0車位0,,,其他,,,,0.0,0,0,0,無,無,1143082,79824,,0.0,0,協議價購；,RPTQMLKKQHLGFAD38DA,0.0,0.0,0.0,無,066
北區,土地,北安段1482地號,14.32,都市：其他:道路用地(兼供河川使用),,,1150715,土地2建物0車位0,,,其他,,,,0.0,0,0,0,無,無,1143082,79824,,0.0,0,協議價購；,RPUQMLKKQHLGFAD48DA,0.0,0.0,0.0,無,066
北區,土地,北安段1482地號,85.95,都市：其他:道路用地(兼供河川使用),,,1150715,土地2建物0車位0,,,其他,,,,0.0,0,0,0,無,無,6858491,79796,,0.0,0,協議價購；,RPVQMLKKQHLGFAD58DA,0.0,0.0,0.0,無,066
北區,土地,北安段1482地號,85.95,都市：其他:道路用地(兼供河川使用),,,1150715,土地2建物0車位0,,,其他,,,,0.0,0,0,0,無,無,6858491,79796,,0.0,0,協議價購；,RPWQMLKKQHLGFAD68DA,0.0,0.0,0.0,無,066
北區,土地,北安段1500地號,9.01,都市：其他:道路用地(兼供河川使用),,,1150715,土地2建物0車位0,,,其他,,,,0.0,0,0,0,無,無,719132,79815,,0.0,0,協議價購；,RPORMLKKQHLGFAD97DA,0.0,0.0,0.0,無,106
北區,土地,北安段1500地號,1.0,都市：其他:道路用地(兼供河川使用),,,1150715,土地2建物0車位0,,,其他,,,,0.0,0,0,0,無,無,79903,0,,0.0,0,協議價購；,RPPRMLKKQHLGFAD08DA,0.0,0.0,0.0,無,106
北區,土地,北安段1500地號,1.0,都市：其他:道路用地(兼供河川使用),,,1150715,土地2建物0車位0,,,其他,,,,0.0,0,0,0,無,無,79903,0,,0.0,0,協議價購；,RPQRMLKKQHLGFAD18DA,0.0,0.0,0.0,無,106
北區,土地,北安段1500地號,1.0,都市：其他:道路用地(兼供河川使用),,,1150715,土地2建物0車位0,,,其他,,,,0.0,0,0,0,無,無,79903,0,,0.0,0,協議價購；,RPRRMLKKQHLGFAD28DA,0.0,0.0,0.0,無,106
北區,土地,北安段1500地號,2.97,都市：其他:道路用地(兼供河川使用),,,1150715,土地2建物0車位0,,,其他,,,,0.0,0,0,0,無,無,236622,79671,,0.0,0,協議價購；,RPSRMLKKQHLGFAD38DA,0.0,0.0,0.0,無,106
北區,土地,北安段1500地號,2.97,都市：其他:道路用地(兼供河川使用),,,1150715,土地2建物0車位0,,,其他,,,,0.0,0,0,0,無,無,236622,79671,,0.0,0,協議價購；,RPTRMLKKQHLGFAD48DA,0.0,0.0,0.0,無,106
北區,土地,北安段1500地號,2.97,都市：其他:道路用地(兼供河川使用),,,1150715,土地2建物0車位0,,,其他,,,,0.0,0,0,0,無,無,236622,79671,,0.0,0,協議價購；,RPURMLKKQHLGFAD58DA,0.0,0.0,0.0,無,106
北區,土地,北安段1539地號,34.31,都市：其他:道路用地(兼供河川使用),,,1150715,土地13建物0車位0,,,其他,,,,0.0,0,0,0,無,無,2737938,79800,,0.0,0,協議價購；,RPWOMLLKQHLGFAD58DA,0.0,0.0,0.0,無,067
北區,土地,北安段1539地號,34.31,都市：其他:道路用地(兼供河川使用),,,1150715,土地13建物0車位0,,,其他,,,,0.0,0,0,0,無,無,2737938,79800,,0.0,0,協議價購；,RPXOMLLKQHLGFAD68DA,0.0,0.0,0.0,無,067
北區,土地,北安段1539地號,34.31,都市：其他:道路用地(兼供河川使用),,,1150715,土地13建物0車位0,,,其他,,,,0.0,0,0,0,無,無,2737938,79800,,0.0,0,協議價購；,RPOPMLLKQHLGFAD87DA,0.0,0.0,0.0,無,067
北區,土地,北安段1539地號,34.31,都市：其他:道路用地(兼供河川使用),,,1150715,土地13建物0車位0,,,其他,,,,0.0,0,0,0,無,無,2737938,79800,,0.0,0,協議價購；,RPPPMLLKQHLGFAD97DA,0.0,0.0,0.0,無,067
北區,土地,北安段1539地號,34.31,都市：其他:道路用地(兼供河川使用),,,1150715,土地13建物0車位0,,,其他,,,,0.0,0,0,0,無,無,2737938,79800,,0.0,0,協議價購；,RPQPMLLKQHLGFAD08DA,0.0,0.0,0.0,無,067
北區,土地,北安段1539地號,18.82,都市：其他:道路用地(兼供河川使用),,,1150715,土地2建物0車位0,,,其他,,,,0.0,0,0,0,無,無,1501736,79795,,0.0,0,協議價購；,RPXPMLLKQHLGFAD78DA,0.0,0.0,0.0,無,
安南區,房地(土地+建物)+車位,臺南市安南區公學路四段１２６巷１１７號三樓之３,31.47,都市：其他:住宅區,,,1150704,土地1建物1車位1,三層,五層,華廈(10層含以下有電梯),住家用,鋼筋混凝土造,1141124,84.86,2,2,2,有,無,7680000,84716,一樓平面,10.73,1400000,,RPQNMLOLPHLGFBD28DA,51.02,0.0,4.9,有,
安南區,房地(土地+建物),臺南市安南區安富街２５１巷２８弄５６號,104.03,都市：其他:住宅區,,,1150709,土地2建物1車位0,全,二層,透天厝,住家用,加強磚造,0691002,89.23,2,2,2,有,無,7500000,84052,,0.0,0,頂樓加蓋；其他增建；,RPSOMLKKQHLGFBD18DA,82.6,0.0,6.63,無,
安南區,房地(土地+建物),臺南市安南區本原街三段３２１巷７號,101.48,都市：其他:住宅區,,,1150708,土地2建物1車位0,全,二層,透天厝,住商用,加強磚造,0730425,122.6,3,2,4,有,無,10500000,85644,,0.0,0,,RPVNMLLKQHLGFBD48DA,115.03,0.0,7.57,無,118
安南區,土地,草湖段735地號,707.77,都市：其他:住宅區,,,1150728,土地1建物0車位0,,,其他,,,,0.0,0,0,0,無,無,100627000,142175,,0.0,0,,RPPOMLLKQHLGFBD97DA,0.0,0.0,0.0,無,
安南區,土地,公塭段715地號,2233.56,都市：其他:農業區,,,1150723,土地2建物0車位0,,,其他,,,,0.0,0,0,0,無,無,3800000,1701,,0.0,0,,RPPOMLMKQHLGFBD08DA,0.0,0.0,0.0,無,119
安南區,土地,長溪段85地號,835.53,都市：其他:農業區,,,1150707,土地1建物0車位0,,,其他,,,,0.0,0,0,0,無,無,8000000,9575,,0.0,0,,RPUNMLOKQHLGFBD68DA,0.0,0.0,0.0,無,120
南區,土地,永寧段655地號,3.59,都市：其他:住宅區,,,1150717,土地1建物0車位0,,,其他,,,,0.0,0,0,0,無,無,363847,101350,,0.0,0,政府機關標讓售；,RPUNMLKKQHLGFCD38DA,0.0,0.0,0.0,無,
南區,車位,臺南市南區null,4.02,都市：其他:住宅區,,,1150731,土地2建物1車位1,,,其他,,,,23.59,0,0,0,無,有,2300000,,坡道平面,23.59,2300000,僅車位交易；,RPXNMLKKQHLGFCD68DA,0.0,0.0,0.0,有,
新營區,房地(土地+建物)+車位,臺南市新營區中華路３２號五樓之二,33.35,都市：其他:商業區,,,1150706,土地1建物1車位1,五層,五層,華廈(10層含以下有電梯),住家用,鋼筋混凝土造,1120824,106.86,2,2,2,有,有,7900000,73929,其他,14.89,0,,RPRNMLNKQHLGFDD48DA,64.82,0.0,3.38,有,121
新營區,土地,育德段720-1地號,14.32,都市：其他:住宅區,,,1150729,土地1建物0車位0,,,其他,,,,0.0,0,0,0,無,無,710272,49600,,0.0,0,政府機關標讓售；,RPXNMLNKQHLGFDD09DA,0.0,0.0,0.0,無,
新營區,房地(土地+建物),臺南市新營區富強街５２巷２７號二樓之一,34.05,都市：其他:住宅區,,,1150706,土地2建物1車位0,二層,五層,華廈(10層含以下有電梯),住家用,鋼筋混凝土造,1140414,98.91,2,1,2,有,有,7500000,75827,,0.0,0,買賣權利範圍含屋內現有家具家電。,RPQNMLQKQHLGFDD68DA,64.99,0.0,8.64,有,122
官田區,土地,鎮南段762-2地號,352.22,都市：其他:第一種住宅區,,,1150721,土地2建物0車位0,,,其他,,,,0.0,0,0,0,無,無,10503425,29821,,0.0,0,本案土地買賣價由官田區鎮南段762-2地號建地成交價1038萬3877元加上官田區鎮南段764-2地號道路用地成交價11萬9548元合計總價1050萬3425元包含公共設施保留地用地；,RPSNMLLLPHLGFFD58DA,0.0,0.0,0.0,無,
下營區,土地,營平段263地號,10.8,都市：其他:住宅區,,,1150723,土地1建物0車位0,,,其他,,,,0.0,0,0,0,無,無,473520,43844,,0.0,0,親友、員工、共有人或其他特殊關係間之交易；,RPTNMLMKQHLGFFD78DA,0.0,0.0,0.0,無,123
下營區,土地,營平段263-1地號,8.88,都市：其他:住宅區,,,1150723,土地1建物0車位0,,,其他,,,,0.0,0,0,0,無,無,389548,43868,,0.0,0,親友、員工、共有人或其他特殊關係間之交易；,RPVNMLMKQHLGFFD98DA,0.0,0.0,0.0,無,124
下營區,土地,營平段263-2地號,8.54,都市：其他:住宅區,,,1150723,土地1建物0車位0,,,其他,,,,0.0,0,0,0,無,無,374391,43840,,0.0,0,親友、員工、共有人或其他特殊關係間之交易；,RPWNMLMKQHLGFFD09DA,0.0,0.0,0.0,無,125
下營區,土地,營平段263-3地號,8.38,都市：其他:住宅區,,,1150723,土地1建物0車位0,,,其他,,,,0.0,0,0,0,無,無,367471,43851,,0.0,0,親友、員工、共有人或其他特殊關係間之交易；,RPXNMLMKQHLGFFD56DA,0.0,0.0,0.0,無,126
下營區,土地,營平段263-4地號,8.63,都市：其他:住宅區,,,1150723,土地1建物0車位0,,,其他,,,,0.0,0,0,0,無,無,378583,43868,,0.0,0,親友、員工、共有人或其他特殊關係間之交易；,RPOOMLMKQHLGFFD38DA,0.0,0.0,0.0,無,127
下營區,土地,營平段263-5地號,7.63,都市：其他:住宅區,,,1150723,土地1建物0車位0,,,其他,,,,0.0,0,0,0,無,無,334865,43888,,0.0,0,親友、員工、共有人或其他特殊關係間之交易；,RPPOMLMKQHLGFFD48DA,0.0,0.0,0.0,無,128
下營區,土地,營平段263-6地號,7.28,都市：其他:住宅區,,,1150723,土地1建物0車位0,,,其他,,,,0.0,0,0,0,無,無,319172,43842,,0.0,0,親友、員工、共有人或其他特殊關係間之交易；,RPQOMLMKQHLGFFD58DA,0.0,0.0,0.0,無,129
下營區,土地,營平段263-7地號,12.55,都市：其他:住宅區,,,1150723,土地2建物0車位0,,,其他,,,,0.0,0,0,0,無,無,550278,43847,,0.0,0,親友、員工、共有人或其他特殊關係間之交易；,RPROMLMKQHLGFFD68DA,0.0,0.0,0.0,無,130
下營區,土地,營平段263-9地號,20.19,都市：其他:住宅區,,,1150723,土地1建物0車位0,,,其他,,,,0.0,0,0,0,無,無,885584,43863,,0.0,0,親友、員工、共有人或其他特殊關係間之交易；,RPSOMLMKQHLGFFD78DA,0.0,0.0,0.0,無,131
官田區,土地,隆西段1077地號,68.09,,鄉村區,乙種建築用地,1150718,土地3建物0車位0,,,其他,,,,0.0,0,0,0,無,無,400000,5875,,0.0,0,親友、員工、共有人或其他特殊關係間之交易；,RPQNMLOKQHLGFFD68DA,0.0,0.0,0.0,無,
佳里區,土地,港墘段257地號,3000.0,,特定農業區,農牧用地,1150716,土地1建物0車位0,,,其他,,,,0.0,0,0,0,無,無,3000000,1000,,0.0,0,,RPWNMLTLPHLGFGD27DA,0.0,0.0,0.0,無,
學甲區,土地,西進段1870地號,1150.0,,特定農業區,農牧用地,1150723,土地1建物0車位0,,,其他,,,,0.0,0,0,0,無,無,700000,609,,0.0,0,,RPPNMLPJQHLGFGD68DA,0.0,0.0,0.0,無,
學甲區,房地(土地+建物),臺南市學甲區仁得里公館路９號四樓之二,23.65,都市：其他:住宅區,,,1150726,土地1建物1車位0,四層,五層,公寓(5樓含以下無電梯),住家用,鋼筋混凝土造,0830422,76.1,2,1,2,有,無,2400000,31537,,0.0,0,,RPSNMLOKQHLGFGD98DA,63.95,0.0,4.1,無,
善化區,土地,茄拔段一小段608地號,576.33,,特定農業區,交通用地,1150724,土地3建物0車位0,,,其他,,,,0.0,0,0,0,無,無,916370,1590,,0.0,0,與政府機關有關之交易：競標購買包含公共設施保留地用地；,RPSNMLLMPHLGFHD88DA,0.0,0.0,0.0,無,
善化區,土地,茄拔段一小段561地號,938.33,,特定農業區,交通用地,1150724,土地2建物0車位0,,,其他,,,,0.0,0,0,0,無,無,1491944,1590,,0.0,0,與政府機關有關之交易：競標購買包含公共設施保留地用地；,RPTNMLLMPHLGFHD98DA,0.0,0.0,0.0,無,
安定區,土地,蘇興段839地號,77.67,,鄉村區,乙種建築用地,1150713,土地1建物0車位0,,,其他,,,,0.0,0,0,0,無,無,3640000,46865,,0.0,0,,RPQNMLOKQHLGFHD88DA,0.0,0.0,0.0,無,
新市區,土地,潭頂段1227地號,2197.0,,特定農業區,農牧用地,1150724,土地1建物0車位0,,,其他,,,,0.0,0,0,0,無,無,11059000,5034,,0.0,0,,RPRNMLOKQHLGFHD98DA,0.0,0.0,0.0,無,
仁德區,土地,太乙段329-2地號,15.75,都市：其他:工業區,,,1150724,土地1建物0車位0,,,其他,,,,0.0,0,0,0,無,無,1100000,69841,,0.0,0,越界建築未登記建物；,RPUNMLNJQHLGFID56DA,0.0,0.0,0.0,無,
玉井區,土地,芒子芒段799-8地號,12.0,,鄉村區,乙種建築用地,1150725,土地1建物0車位0,,,其他,,,,0.0,0,0,0,無,無,180000,15000,,0.0,0,畸零地或有合併使用效益；,RPQNMLMKQHLGFJD88DA,0.0,0.0,0.0,無,
楠西區,土地,東勢段518地號,124.29,都市：其他:住宅區,,,1150718,土地1建物0車位0,,,其他,,,,0.0,0,0,0,無,無,2050000,16494,,0.0,0,,RPPNMLPKQHLGFJD09DA,0.0,0.0,0.0,無,
永康區,房地(土地+建物)+車位,臺南市永康區埔園里中正路５７之３號,35.02,都市：其他:住宅區,,,1150724,土地1建物1車位1,一層，二層，三層，騎樓,八層,華廈(10層含以下有電梯),住商用,鋼筋混凝土造,0821230,204.84,3,1,4,有,有,11600000,56630,坡道平面,0.0,0,,RPXNMLOLPHLGFKD27DA,139.05,7.67,9.8,有,
永康區,土地,東灣段406-3地號,2.08,都市：其他:道路用地,,,1150727,土地1建物0車位0,,,其他,,,,0.0,0,0,0,無,無,35800,17212,,0.0,0,包含公共設施保留地用地；,RPTNMLOJQHLGFKD76DA,0.0,0.0,0.0,無,
永康區,房地(土地+建物)+車位,臺南市永康區龍潭里中山北路１６４巷８０之１９號,17.96,都市：其他:住宅區,,,1150702,土地1建物1車位1,七層,九層,華廈(10層含以下有電梯),住家用,鋼筋混凝土造,0861120,120.35999999999999,3,2,2,有,有,7200000,59821,一樓平面,0.0,0,陽台外推；,RPUNMLQJQHLGFKD07DA,70.65,0.0,16.92,有,
永康區,房地(土地+建物),臺南市永康區永華路７０２巷４７弄２５號,68.76,都市：其他:住宅區,,,1150714,土地1建物1車位0,全,四層,透天厝,住家用,鋼筋混凝土造,1140206,204.09,5,2,4,有,無,19000000,93096,,0.0,0,,RPSNMLRJQHLGFKD96DA,180.94,0.0,23.15,無,
永康區,房地(土地+建物),臺南市永康區大橋里大橋五街１３９號八樓之１,8.16,都市：其他:住宅區,,,1150718,土地1建物1車位0,八層,十層,華廈(10層含以下有電梯),住家用,鋼筋混凝土造,0811003,68.44,2,1,1,有,有,3500000,51140,,0.0,0,陽台外推；,RPTNMLLKQHLGFKD56DA,37.42,6.22,6.81,有,
永康區,房地(土地+建物),臺南市永康區埔園里四維街６８巷１４之２號四樓,24.77,都市：其他:住宅區,,,1150703,土地1建物1車位0,四層,四層,公寓(5樓含以下無電梯),住家用,鋼筋混凝土造,0701025,80.84,2,2,1,有,無,2650000,32781,,0.0,0,其他增建；,RPOOMLMKQHLGFKD88DA,65.93,0.0,5.55,無,
善化區,土地,茄拔段一小段194地號,800.0,,特定農業區,農牧用地,1150706,土地1建物0車位0,,,其他,,,,0.0,0,0,0,無,無,1520000,1900,,0.0,0,政府機關標讓售；,RPPNMLRKQHLGFHD56EA,0.0,0.0,0.0,無,
歸仁區,土地,八甲段2780地號,2000.0,,特定農業區,農牧用地,1150713,土地1建物0車位0,,,其他,,,,0.0,0,0,0,無,無,15000000,7500,,0.0,0,,RPPNMLRKQHLGFID66EA,0.0,0.0,0.0,無,
永康區,土地,忠孝段943地號,267.7,都市：其他:住宅區,,,1150710,土地1建物0車位0,,,其他,,,,0.0,0,0,0,無,無,13700000,51177,,0.0,0,,RPPNMLOKQHLGFKD56EA,0.0,0.0,0.0,無,132
北區,房地(土地+建物)+車位,臺南市北區北門路二段５７７巷１９號五樓之２,28.99,都市：其他:住宅區,,,1150705,土地1建物1車位1,五層,十一層,住宅大樓(11層含以上有電梯),住家用,鋼筋混凝土造,0930521,133.06,3,2,2,有,有,6000000,45092,坡道平面,0.0,0,親友、員工、共有人或其他特殊關係間之交易；,RPUNMLMLPHLGFAD38DA,80.31,0.0,10.78,有,133
北區,土地,北安段1191地號,46.52,都市：其他:道路用地(兼供河川使用),,,1150715,土地3建物0車位0,,,其他,,,,0.0,0,0,0,無,無,3712595,79806,,0.0,0,協議價購；,RPRPMLPJQHLGFAD48DA,0.0,0.0,0.0,無,057
北區,土地,北安段1191地號,46.52,都市：其他:道路用地(兼供河川使用),,,1150710,土地3建物0車位0,,,其他,,,,0.0,0,0,0,無,無,3712595,79806,,0.0,0,協議價購；,RPSPMLPJQHLGFAD58DA,0.0,0.0,0.0,無,057
北區,土地,北安段1191地號,46.52,都市：其他:道路用地(兼供河川使用),,,1150715,土地3建物0車位0,,,其他,,,,0.0,0,0,0,無,無,3712595,79806,,0.0,0,協議價購；,RPTPMLPJQHLGFAD68DA,0.0,0.0,0.0,無,057
北區,土地,北安段1191地號,46.52,都市：其他:道路用地(兼供河川使用),,,1150715,土地3建物0車位0,,,其他,,,,0.0,0,0,0,無,無,3712595,79806,,0.0,0,協議價購；,RPUPMLPJQHLGFAD78DA,0.0,0.0,0.0,無,057
中西區,房地(土地+建物),臺南市中西區忠義路二段１８５號九樓之７,5.31,都市：其他:商業區,,,1150726,土地1建物1車位0,九層,十層,華廈(10層含以下有電梯),住家用,鋼筋混凝土造,0691203,42.4,1,0,1,有,有,2500000,58962,,0.0,0,,RPXOMLQJQHLGFAD09DA,33.04,0.0,0.0,有,
北區,土地,北安段1191地號,46.52,都市：其他:道路用地(兼供河川使用),,,1150715,土地3建物0車位0,,,其他,,,,0.0,0,0,0,無,無,3712595,79806,,0.0,0,協議價購；,RPSPMLQJQHLGFAD68DA,0.0,0.0,0.0,無,057
北區,土地,北安段1191地號,46.52,都市：其他:道路用地(兼供河川使用),,,1150715,土地3建物0車位0,,,其他,,,,0.0,0,0,0,無,無,3712595,79806,,0.0,0,協議價購；,RPTPMLQJQHLGFAD78DA,0.0,0.0,0.0,無,057
北區,土地,北安段1191地號,46.52,都市：其他:道路用地(兼供河川使用),,,1150715,土地3建物0車位0,,,其他,,,,0.0,0,0,0,無,無,3712595,79806,,0.0,0,協議價購；,RPUPMLQJQHLGFAD88DA,0.0,0.0,0.0,無,057
北區,土地,北安段1191地號,18.61,都市：其他:道路用地(兼供河川使用),,,1150715,土地3建物0車位0,,,其他,,,,0.0,0,0,0,無,無,1485038,79798,,0.0,0,協議價購；,RPVPMLQJQHLGFAD98DA,0.0,0.0,0.0,無,057
北區,土地,北安段1500地號,2.97,都市：其他:道路用地(兼供河川使用),,,1150715,土地2建物0車位0,,,其他,,,,0.0,0,0,0,無,無,236622,79671,,0.0,0,協議價購；,RPTNMLLKQHLGFAD18DA,0.0,0.0,0.0,無,106
北區,土地,北安段1500地號,2.97,都市：其他:道路用地(兼供河川使用),,,1150715,土地2建物0車位0,,,其他,,,,0.0,0,0,0,無,無,236622,79671,,0.0,0,協議價購；,RPUNMLLKQHLGFAD28DA,0.0,0.0,0.0,無,106
北區,土地,北安段1500地號,2.56,都市：其他:道路用地(兼供河川使用),,,1150715,土地2建物0車位0,,,其他,,,,0.0,0,0,0,無,無,204413,79849,,0.0,0,協議價購；,RPVNMLLKQHLGFAD38DA,0.0,0.0,0.0,無,106
北區,土地,北安段1500地號,2.56,都市：其他:道路用地(兼供河川使用),,,1150715,土地2建物0車位0,,,其他,,,,0.0,0,0,0,無,無,204415,79850,,0.0,0,協議價購；,RPWNMLLKQHLGFAD48DA,0.0,0.0,0.0,無,106
北區,土地,北安段1500地號,2.56,都市：其他:道路用地(兼供河川使用),,,1150715,土地2建物0車位0,,,其他,,,,0.0,0,0,0,無,無,204413,79849,,0.0,0,協議價購；,RPXNMLLKQHLGFAD58DA,0.0,0.0,0.0,無,106
北區,土地,北安段1500地號,2.56,都市：其他:道路用地(兼供河川使用),,,1150715,土地2建物0車位0,,,其他,,,,0.0,0,0,0,無,無,204413,79849,,0.0,0,協議價購；,RPOOMLLKQHLGFAD77DA,0.0,0.0,0.0,無,106
北區,土地,北安段1500地號,3.0,都市：其他:道路用地(兼供河川使用),,,1150715,土地2建物0車位0,,,其他,,,,0.0,0,0,0,無,無,239710,79903,,0.0,0,協議價購；,RPPOMLLKQHLGFAD87DA,0.0,0.0,0.0,無,106
北區,土地,北安段1500地號,14.9,都市：其他:道路用地(兼供河川使用),,,1150715,土地1建物0車位0,,,其他,,,,0.0,0,0,0,無,無,1188672,79777,,0.0,0,協議價購；,RPQOMLLKQHLGFAD97DA,0.0,0.0,0.0,無,149
北區,房地(土地+建物)+車位,臺南市北區長榮路五段４１巷２６號十二樓之１,32.32,都市：其他:住宅區,,,1150726,土地2建物1車位1,十二層,十四層,住宅大樓(11層含以上有電梯),住家用,鋼筋混凝土造,0920916,169.37,3,2,2,有,有,12550000,74098,坡道平面,0.0,0,,RPVNMLRKQHLGFAD98DA,101.21,0.0,9.03,有,150
安南區,房地(土地+建物),臺南市安南區安和路四段５３３巷１００弄２５號,88.72,都市：其他:住宅區,,,1150701,土地1建物1車位0,全,四層,透天厝,住家用,鋼筋混凝土造,1140827,208.15,4,2,4,有,無,19000000,91280,,0.0,0,,RPSNMLLJPHLGFBD97DA,185.35,0.0,22.8,無,
安南區,土地,國安段1705-2地號,310.14,都市：其他:住宅區,,,1150727,土地2建物0車位0,,,其他,,,,0.0,0,0,0,無,無,33000000,106404,,0.0,0,,RPSNMLRLPHLGFBD78DA,0.0,0.0,0.0,無,151
安南區,房地(土地+建物),臺南市安南區環館路３５０巷４１號,218.73,都市：其他:住宅區,,,1150706,土地5建物1車位0,全,四層,透天厝,住家用,鋼筋混凝土造,1140904,307.51000000000005,3,2,3,有,有,33300000,108286,,0.0,0,,RPUNMLNKQHLGFBD58DA,280.36,0.0,23.18,有,
安南區,土地,海前段996地號,1096.7,都市：其他:農業區,,,1150730,土地1建物0車位0,,,其他,,,,0.0,0,0,0,無,無,7298500,6655,,0.0,0,,RPSNMLOKQHLGFBD48DA,0.0,0.0,0.0,無,
東區,土地,竹篙厝段1235地號,156.0,都市：其他:住宅區,,,1150704,土地1建物0車位0,,,其他,,,,0.0,0,0,0,無,無,9000000,57692,,0.0,0,,RPOOMLKMPHLGFCD97DA,0.0,0.0,0.0,無,152
東區,房地(土地+建物)+車位,臺南市東區崇賢一路３０號十樓之３,15.01,都市：其他:住宅區,,,1150704,土地1建物1車位1,十層,十五層,住宅大樓(11層含以上有電梯),住家用,鋼筋混凝土造,1140124,104.95,2,2,2,有,有,11660000,111101,坡道平面,21.69,0,,RPQOMLKKQHLGFCD08DA,50.29,0.0,3.81,有,153
南區,房地(土地+建物),臺南市南區中華南路二段２３３巷３６弄３７號,87.0,都市：其他:住宅區,,,1150722,土地1建物1車位0,全,三層,透天厝,住家用,鋼筋混凝土造,1130814,190.35,5,2,5,有,無,20400000,107171,,0.0,0,其他增建；,RPQNMLNKQHLGFCD28DA,176.18,0.0,14.17,有,
南區,土地,華南段161地號,413.81,都市：其他:農業區,,,1150709,土地1建物0車位0,,,其他,,,,0.0,0,0,0,無,無,7761000,18755,,0.0,0,,RPUNMLNKQHLGFCD68DA,0.0,0.0,0.0,無,154
南區,房地(土地+建物),臺南市南區中華南路二段２１１巷１６號,93.99,都市：其他:住宅區,,,1150723,土地2建物1車位0,全,三層,透天厝,住家用,鋼筋混凝土造,1140122,194.8,4,3,4,有,無,29250000,150154,,0.0,0,含裝潢費；其他增建；包含公共設施保留地用地；,RPSNMLRKQHLGFCD88DA,179.67,0.0,15.13,無,
東區,房地(土地+建物),臺南市東區長東街４１巷７９號,75.0,都市：其他:住宅區,,,1150707,土地2建物1車位0,全,二層,透天厝,住商用,鋼筋混凝土造,0680615,78.46,4,2,2,有,無,3050000,38873,,0.0,0,親友、員工、共有人或其他特殊關係間之交易；,RPUNMLRKQHLGFCD09DA,78.46,0.0,0.0,無,
後壁區,土地,新港東段新港東小段990地號,2175.0,,特定農業區,農牧用地,1150719,土地1建物0車位0,,,其他,,,,0.0,0,0,0,無,無,3000000,1379,,0.0,0,親友、員工、共有人或其他特殊關係間之交易；,RPPNMLQJQHLGFED58DA,0.0,0.0,0.0,無,
官田區,土地,鎮南段762-1地號,349.14,都市：其他:第一種住宅區,,,1150721,土地2建物0車位0,,,其他,,,,0.0,0,0,0,無,無,10473819,29999,,0.0,0,本案土地買賣價由官田區鎮南段762-1地號建地成交價1038萬4183元加上官田區鎮南段764-1地號道路用地成交價8萬9636元合計總價1047萬3819元包含公共設施保留地用地；,RPRNMLLLPHLGFFD48DA,0.0,0.0,0.0,無,
六甲區,土地,龜子港段71-3地號,49.7,,一般農業區,交通用地,1150724,土地1建物0車位0,,,其他,,,,0.0,0,0,0,無,無,47712,960,,0.0,0,與政府機關有關之交易：競標購買包含公共設施保留地用地；,RPQNMLLMPHLGFFD48DA,0.0,0.0,0.0,無,155
麻豆區,土地,晉江段1302地號,18.56,都市：其他:道路用地,,,1150724,土地2建物0車位0,,,其他,,,,0.0,0,0,0,無,無,155364,8371,,0.0,0,與政府機關有關之交易：競標購買包含公共設施保留地用地；,RPTNMLLMPHLGFFD78DA,0.0,0.0,0.0,無,156
六甲區,土地,龜子港段391-1地號,188.67,,鄉村區,交通用地,1150724,土地2建物0車位0,,,其他,,,,0.0,0,0,0,無,無,435820,2310,,0.0,0,與政府機關有關之交易：競標購買包含公共設施保留地用地；,RPVNMLLMPHLGFFD98DA,0.0,0.0,0.0,無,157
官田區,土地,南段217-1地號,3161.5,,特定農業區,交通用地,1150724,土地5建物0車位0,,,其他,,,,0.0,0,0,0,無,無,2228925,705,,0.0,0,與政府機關有關之交易：競標購買包含公共設施保留地用地；,RPWNMLLMPHLGFFD09DA,0.0,0.0,0.0,無,158
將軍區,土地,角帶圍段1452地號,618.0,,一般農業區,交通用地,1150724,土地2建物0車位0,,,其他,,,,0.0,0,0,0,無,無,407880,660,,0.0,0,與政府機關有關之交易：競標購買包含公共設施保留地用地；,RPUNMLLMPHLGFGD98DA,0.0,0.0,0.0,無,
將軍區,土地,將軍段1264地號,137.0,,特定農業區,交通用地,1150724,土地1建物0車位0,,,其他,,,,0.0,0,0,0,無,無,283590,2070,,0.0,0,與政府機關有關之交易：競標購買包含公共設施保留地用地；,RPVNMLLMPHLGFGD09DA,0.0,0.0,0.0,無,159
佳里區,房地(土地+建物),臺南市佳里區同安寮１００之８２號二樓之３,24.05,,鄉村區,乙種建築用地,1150712,土地1建物1車位0,二層,五層,華廈(10層含以下有電梯),住家用,鋼筋混凝土造,1130229,74.36,2,2,2,有,有,6200000,83378,,0.0,0,,RPPNMLRKQHLGFGD98DA,47.62,0.0,8.33,有,
學甲區,房地(土地+建物),臺南市學甲區麻學路三段１２１巷２１號,78.16,,鄉村區,乙種建築用地,1150717,土地4建物1車位0,全,四層,透天厝,住家用,鋼筋混凝土造,1150303,170.49,4,2,4,有,無,8560000,50208,,0.0,0,,RPQNMLRKQHLGFGD09DA,154.7,0.0,15.79,無,
安定區,土地,安定段2327地號,882.0,都市：其他:農業區,,,1150703,土地1建物0車位0,,,其他,,,,0.0,0,0,0,無,無,24500000,27778,,0.0,0,農作物；,RPQNMLNLPHLGFHD78DA,0.0,0.0,0.0,無,
新市區,房地(土地+建物),臺南市新市區忠孝街２１７號,96.87,都市：其他:住宅區,,,1150728,土地1建物1車位0,全,三層,透天厝,住家用,鋼筋混凝土造,0760603,152.08,5,2,3,有,無,11500000,75618,,0.0,0,,RPPOMLSLPHLGFHD66DA,152.08,0.0,0.0,無,
善化區,土地,茄拔段一小段550地號,1557.67,,特定農業區,交通用地,1150724,土地7建物0車位0,,,其他,,,,0.0,0,0,0,無,無,2476696,1590,,0.0,0,與政府機關有關之交易：競標購買包含公共設施保留地用地；,RPUNMLLMPHLGFHD09DA,0.0,0.0,0.0,無,
善化區,土地,光華段136地號,697.09,都市：其他:農業區,,,1150731,土地1建物0車位0,,,其他,,,,0.0,0,0,0,無,無,45680308,65530,,0.0,0,政府機關標讓售；,RPRNMLKKQHLGFHD58DA,0.0,0.0,0.0,無,
關廟區,土地,深坑子段868-14地號,475.0,,一般農業區,甲種建築用地,1150731,土地1建物0車位0,,,其他,,,,0.0,0,0,0,無,無,2800000,5895,,0.0,0,,RPPNMLLKQHLGFID58DA,0.0,0.0,0.0,無,
仁德區,房地(土地+建物)+車位,臺南市仁德區文心路８０號十樓之１０,12.9,都市：其他:第二之二種商業區,,,1150729,土地1建物1車位1,十層,二十四層,住宅大樓(11層含以上有電梯),住家用,鋼筋混凝土構造,1100315,137.57999999999998,3,2,2,有,有,10500000,76319,坡道平面,17.45,0,,RPUNMLOKQHLGFID76DA,67.5,4.02,8.08,有,160
永康區,房地(土地+建物),臺南市永康區大橋三街５７巷７弄６３號,107.0,都市：其他:住宅區,,,1150723,土地1建物1車位0,全,四層,透天厝,住家用,鋼筋混凝土造,0860505,227.66,5,2,5,有,無,15000000,65888,,0.0,0,,RPUNMLOJQHLGFKD86DA,204.12,6.21,17.33,無,
永康區,房地(土地+建物),臺南市永康區永大路三段５１１巷１６號,85.21,都市：其他:住宅區,,,1150710,土地1建物1車位0,全,四層,透天厝,住家用,鋼筋混凝土構造,1010213,200.91,5,2,5,有,無,17600000,87601,,0.0,0,其他增建；,RPWNMLQJQHLGFKD27DA,179.1,0.0,21.81,無,
永康區,房地(土地+建物)+車位,臺南市永康區新行街３８８號十三樓之１,27.52,都市：其他:住宅區,,,1150701,土地1建物1車位2,十三層,十四層,住宅大樓(11層含以上有電梯),住家用,鋼筋混凝土造,1141203,175.42000000000002,3,2,2,有,有,17000000,114152,坡道平面,47.52,2400000,,RPWNMLOKQHLGFKD17DA,75.44,0.0,7.85,有,
安平區,土地,金城段31-28地號,184.0,都市：其他:第四種住宅區,,,1150707,土地1建物0車位0,,,其他,,,,0.0,0,0,0,無,無,30000000,163043,,0.0,0,115年8月21日立契因免除賣方無掩埋廢棄物之瑕疵擔保責任，減價金額為10萬元，減價後總金額為2990萬元。,RPQNMLSKQHLGFAD68EA,0.0,0.0,0.0,無,
六甲區,土地,港子頭段440地號,3350.0,,特定農業區,農牧用地,1150722,土地2建物0車位0,,,其他,,,,0.0,0,0,0,無,無,4690000,1400,,0.0,0,,RPPNMLSKQHLGFFD09EA,0.0,0.0,0.0,無,
北區,房地(土地+建物)+車位,臺南市北區北園街８巷２８號十八樓之２,8.71,都市：其他:商業區,,,1150707,土地1建物1車位1,十八層,十九層,住宅大樓(11層含以上有電梯),住家用,鋼筋混凝土造,0961227,110.84,2,2,1,有,有,8500000,76687,坡道平面,24.91,0,其他增建；,RPVNMLKKPHLGFAD18DA,52.34,0.0,8.68,有,
北區,土地,北安段1191地號,18.61,都市：其他:道路用地(兼供河川使用),,,1150715,土地3建物0車位0,,,其他,,,,0.0,0,0,0,無,無,1485038,79798,,0.0,0,協議價購；,RPWPMLQJQHLGFAD09DA,0.0,0.0,0.0,無,
北區,土地,北安段1191地號,37.22,都市：其他:道路用地(兼供河川使用),,,1150715,土地3建物0車位0,,,其他,,,,0.0,0,0,0,無,無,2970075,79798,,0.0,0,協議價購；,RPXPMLQJQHLGFAD56DA,0.0,0.0,0.0,無,
北區,土地,北安段1191地號,37.22,都市：其他:道路用地(兼供河川使用),,,1150715,土地3建物0車位0,,,其他,,,,0.0,0,0,0,無,無,2970075,79798,,0.0,0,協議價購；,RPOQMLQJQHLGFAD38DA,0.0,0.0,0.0,無,
北區,土地,北安段1191地號,37.22,都市：其他:道路用地(兼供河川使用),,,1150715,土地3建物0車位0,,,其他,,,,0.0,0,0,0,無,無,2970075,79798,,0.0,0,協議價購；,RPPQMLQJQHLGFAD48DA,0.0,0.0,0.0,無,
北區,土地,北安段1191地號,37.22,都市：其他:道路用地(兼供河川使用),,,1150715,土地3建物0車位0,,,其他,,,,0.0,0,0,0,無,無,2970075,79798,,0.0,0,協議價購；,RPQQMLQJQHLGFAD58DA,0.0,0.0,0.0,無,
北區,房地(土地+建物)+車位,臺南市北區海安路三段７９８號十三樓之１,25.08,都市：其他:住宅區,,,1150726,土地1建物1車位1,十三層,二十四層,住宅大樓(11層含以上有電梯),住家用,鋼筋混凝土構造,1060518,249.51999999999998,3,2,2,有,有,31800000,127445,坡道平面,38.74,0,,RPOQMLNKQHLGFAD18DA,138.83,0.0,12.37,有,
安平區,房地(土地+建物)+車位,臺南市安平區國平南路１００號十樓之２,27.64,都市：其他:商業區(附),,,1150723,土地1建物1車位2,十層,二十六層,住宅大樓(11層含以上有電梯),住家用,鋼骨造,1150130,339.77,3,2,4,有,有,39050000,114931,坡道平面,49.98,0,,RPUNMLRKQHLGFAD88DA,165.55,0.0,28.3,有,
中西區,房地(土地+建物),臺南市中西區永福路一段６８巷１２號六樓之２,25.85,都市：其他:住宅區,,,1150729,土地1建物1車位0,六層,六層,華廈(10層含以下有電梯),住家用,鋼筋混凝土造,0840401,101.18,3,2,2,有,有,7680000,75904,,0.0,0,,RPQNMLSKQHLGFAD58DA,73.02,2.45,9.5,有,
安南區,土地,海東段102-88地號,429.3,都市：其他:細部計畫道路用地,,,1150725,土地8建物0車位0,,,其他,,,,0.0,0,0,0,無,無,9590843,22341,,0.0,0,親友、員工、共有人或其他特殊關係間之交易；包含公共設施保留地用地；,RPPNMLOKQHLGFBD18DA,0.0,0.0,0.0,無,
安南區,房地(土地+建物),臺南市安南區仁安路１２９號,121.97,都市：其他:住宅區,,,1150730,土地1建物1車位0,全,四層,透天厝,住家用,鋼筋混凝土造,1121201,239.22,5,2,5,有,無,26420000,110442,,0.0,0,,RPRNMLOKQHLGFBD38DA,210.73,0.0,28.49,無,
安南區,土地,怡安段386地號,5.35,都市：其他:主要計畫道路用地,,,1150720,土地1建物0車位0,,,其他,,,,0.0,0,0,0,無,無,78900,14748,,0.0,0,包含公共設施保留地用地；,RPOOMLOKQHLGFBD18DA,0.0,0.0,0.0,無,
南區,房地(土地+建物)+車位,臺南市南區大同路二段１８６巷６號六樓之３,36.5,都市：其他:住宅區,,,1150712,土地1建物1車位1,六層,十三層,住宅大樓(11層含以上有電梯),住家用,鋼筋混凝土造,0881021,152.01999999999998,3,2,2,有,有,8700000,57229,坡道平面,0.0,0,,RPRNMLTLPHLGFCD98DA,89.52,0.0,8.8,有,
鹽水區,土地,三和段15地號,2441.06,,特定農業區,農牧用地,1150716,土地1建物0車位0,,,其他,,,,0.0,0,0,0,無,無,2680000,1098,,0.0,0,,RPPNMLNKQHLGFDD28DA,0.0,0.0,0.0,無,
六甲區,土地,龜子港段71-3地號,49.7,,一般農業區,交通用地,1150724,土地1建物0車位0,,,其他,,,,0.0,0,0,0,無,無,47712,960,,0.0,0,與政府機關有關之交易：競標購買包含公共設施保留地用地；,RPSNMLLMPHLGFFD68DA,0.0,0.0,0.0,無,
麻豆區,土地,晉江段1302地號,167.06,都市：其他:道路用地,,,1150724,土地2建物0車位0,,,其他,,,,0.0,0,0,0,無,無,1398276,8370,,0.0,0,與政府機關有關之交易：競標購買包含公共設施保留地用地；,RPUNMLLMPHLGFFD88DA,0.0,0.0,0.0,無,
學甲區,房地(土地+建物),臺南市學甲區新榮街３３巷４１號,79.1,都市：其他:住宅區,,,1150711,土地1建物1車位0,全,三層,透天厝,住家用,鋼筋混凝土造,1140429,167.12,4,2,3,有,無,12680000,75874,,0.0,0,,RPQNMLRJQHLGFGD98DA,152.07,0.0,15.05,無,
將軍區,土地,漚汪段北甲小段1056地號,1419.0,,特定農業區,農牧用地,1150728,土地1建物0車位0,,,其他,,,,0.0,0,0,0,無,無,1419000,1000,,0.0,0,,RPPNMLTJQHLGFGD09DA,0.0,0.0,0.0,無,
西港區,房地(土地+建物),臺南市西港區西港里堀子頭６９號之１６,105.34,都市：其他:住宅區,,,1150731,土地2建物1車位0,全,三層,透天厝,住家用,鋼筋混凝土造,0830126,196.29,4,1,2,有,無,7000000,35662,,0.0,0,親友、員工、共有人或其他特殊關係間之交易；未登記建物；,RPQNMLOKQHLGFGD78DA,171.72,11.29,13.28,無,
新化區,房地(土地+建物),臺南市新化區正新路１２１號,90.0,都市：其他:住宅區,,,1150713,土地1建物1車位0,全,三層,透天厝,住商用,鋼筋混凝土造,1060511,195.66,4,1,3,有,無,16880000,86272,,0.0,0,頂樓加蓋；,RPTNMLKKQHLGFHD78DA,181.23,0.0,14.43,無,
善化區,房地(土地+建物),臺南市善化區陽光大道４６３號,110.63,都市：其他:生活服務區(第二種住宅區),,,1150716,土地2建物1車位0,全,三層,透天厝,住家用,鋼筋混凝土造,1140124,237.09,4,3,4,有,有,23200000,97853,,0.0,0,,RPPNMLMKQHLGFHD58DA,218.67,0.0,18.42,無,
善化區,房地(土地+建物)+車位,臺南市善化區茄拔３１之２號九樓之３,27.28,,鄉村區,乙種建築用地,1150724,土地7建物1車位1,九層,九層,華廈(10層含以下有電梯),住家用,鋼筋混凝土造,1140625,99.75,2,2,1,有,有,7980000,86484,一樓平面,22.51,1300000,,RPPOMLNKQHLGFHD78DA,50.31,0.0,3.66,有,
安定區,房地(土地+建物),臺南市安定區六塊寮３１之５號,63.0,,鄉村區,乙種建築用地,1150712,土地1建物1車位0,全,三層,透天厝,住家用,鋼筋混凝土造,0831109,151.98,5,2,3,有,無,8380000,55139,,0.0,0,頂樓加蓋；其他增建；,RPQOMLOKQHLGFHD98DA,144.46,0.0,7.52,無,
新化區,房地(土地+建物),臺南市新化區茄冬坑１５１號,416.0,都市：其他:低密度住宅區,,,1150730,土地3建物1車位0,全,二層,透天厝,住家用,加強磚造,0660216,127.5,4,1,2,有,無,3680500,28867,,0.0,0,親友、員工、共有人或其他特殊關係間之交易；,RPTNMLRKQHLGFHD86DA,127.5,0.0,0.0,無,
山上區,土地,北勢洲段695-3地號,3106.0,,一般農業區,農牧用地,1150713,土地3建物0車位0,,,其他,,,,0.0,0,0,0,無,無,5200000,1674,,0.0,0,農作物；,RPUNMLRKQHLGFHD96DA,0.0,0.0,0.0,無,
仁德區,土地,興安段669地號,119.73,都市：其他:第三種住宅區。,,,1150713,土地1建物0車位0,,,其他,,,,0.0,0,0,0,無,無,6500000,54289,,0.0,0,,RPXNMLQKPHLGFID17DA,0.0,0.0,0.0,無,
仁德區,房地(土地+建物)+車位,臺南市仁德區保生東路６８號五樓之１,71.75,都市：其他:住宅區,,,1150727,土地1建物1車位2,五層,十四層,住宅大樓(11層含以上有電梯),住家用,鋼筋混凝土構造,1090218,374.96000000000004,3,2,4,有,有,39980000,106625,坡道平面,68.56,0,,RPTNMLLMPHLGFID09DA,176.4,0.0,29.2,有,
仁德區,房地(土地+建物),臺南市仁德區中洲六街８３號,105.47,,鄉村區,乙種建築用地,1150709,土地1建物1車位0,全,三層,透天厝,住家用,鋼筋混凝土構造,1070530,154.74,5,3,5,有,無,12600000,81427,,0.0,0,,RPXNMLMKQHLGFID86DA,144.22,0.0,10.52,無,
歸仁區,土地,大成段520地號,72.63,都市：其他:農業區,,,1150710,土地1建物0車位0,,,其他,,,,0.0,0,0,0,無,無,2400000,33044,,0.0,0,,RPROMLOKQHLGFID56DA,0.0,0.0,0.0,無,
仁德區,房地(土地+建物)+車位,臺南市仁德區崇聖路一段１２號十樓之１,21.92,都市：其他:住宅區,,,1150706,土地1建物1車位1,十層,十四層,住宅大樓(11層含以上有電梯),住家用,鋼筋混凝土造,1131015,152.65,3,2,2,有,有,13200000,86472,坡道平面,32.27,0,,RPXNMLRKQHLGFID37DA,77.84,0.0,5.27,有,
歸仁區,土地,八甲段148-3地號,1.87,,一般農業區,交通用地,1150710,土地1建物0車位0,,,其他,,,,0.0,0,0,0,無,無,30000,16043,,0.0,0,交通用地親友、員工、共有人或其他特殊關係間之交易；,RPRNMLSKQHLGFID86DA,0.0,0.0,0.0,無,
歸仁區,土地,大成段462地號,310.4,都市：其他:農業區,,,1150710,土地1建物0車位0,,,其他,,,,0.0,0,0,0,無,無,10340000,33312,,0.0,0,未登記建物；,RPQNMLKLQHLGFID68DA,0.0,0.0,0.0,無,
玉井區,土地,九層林段401-1地號,21.43,,山坡地保育區,農牧用地,1150731,土地1建物0車位0,,,其他,,,,0.0,0,0,0,無,無,51800,2417,,0.0,0,,RPPNMLRJQHLGFJD56DA,0.0,0.0,0.0,無,
永康區,房地(土地+建物)+車位,臺南市永康區新行街３９０號十一樓之３,30.74,都市：其他:住宅區,,,1150722,土地1建物1車位2,十一層,十四層,住宅大樓(11層含以上有電梯),住家用,鋼筋混凝土造,1141203,190.89999999999998,3,3,2,有,有,18200000,111017,坡道平面,49.48,2500000,,RPXNMLOKQHLGFKD27DA,81.98,0.0,10.6,有,
永康區,房地(土地+建物),臺南市永康區二王里永二街３９６之１４號,11.89,都市：其他:住宅區,,,1150719,土地1建物1車位0,四層,八層,華廈(10層含以下有電梯),住家用,鋼筋混凝土造,0821006,62.69,2,2,1,有,有,4300000,68591,,0.0,0,,RPPOMLOKQHLGFKD56DA,41.02,0.0,4.36,有,
永康區,土地,正強段169-1地號,83.7,都市：其他:住宅區,,,1150716,土地2建物0車位0,,,其他,,,,0.0,0,0,0,無,無,3235000,38650,,0.0,0,親友、員工、共有人或其他特殊關係間之交易；,RPTOMLOKQHLGFKD96DA,0.0,0.0,0.0,無,
永康區,土地,西灣段139地號,110.25,都市：其他:住宅區,,,1150715,土地1建物0車位0,,,其他,,,,0.0,0,0,0,無,無,2700000,24490,,0.0,0,地清或未辦繼承標售；,RPVNMLRKQHLGFKD37DA,0.0,0.0,0.0,無,
永康區,土地,西灣段139地號,55.13,都市：其他:住宅區,,,1150715,土地1建物0車位0,,,其他,,,,0.0,0,0,0,無,無,1425000,25848,,0.0,0,地清或未辦繼承標售；,SPVNMLRKQHLGFKD47DA,0.0,0.0,0.0,無,
永康區,土地,西灣段139地號,55.13,都市：其他:住宅區,,,1150715,土地1建物0車位0,,,其他,,,,0.0,0,0,0,無,無,1425000,25848,,0.0,0,地清或未辦繼承標售；,TPVNMLRKQHLGFKD57DA,0.0,0.0,0.0,無,
永康區,房地(土地+建物),臺南市永康區三村一街１３８巷１１弄１號,75.86,都市：其他:住宅區,,,1150719,土地2建物1車位0,全,四層,透天厝,住家用,鋼筋混凝土造,1140206,204.47,4,2,5,有,無,23200000,113464,,0.0,0,,RPTQMLRKQHLGFKD47DA,185.72,0.0,18.69,無,
永康區,房地(土地+建物),臺南市永康區南灣街２１號十一樓之９,18.43,都市：其他:住宅區,,,1150721,土地1建物1車位0,十一層,十三層,住宅大樓(11層含以上有電梯),住家用,鋼筋混凝土造,1141212,77.25999999999999,2,1,2,有,有,7400000,95780,,0.0,0,,RPTPMLTKQHLGFKD57DA,45.41,0.0,4.95,有,
佳里區,土地,同安寮段824-1地號,18.41,,鄉村區,交通用地,1150729,土地1建物0車位0,,,其他,,,,0.0,0,0,0,無,無,743948,40410,,0.0,0,政府機關標讓售；,RPPNMLTKQHLGFGD66EA,0.0,0.0,0.0,無,
北區,房地(土地+建物)+車位,臺南市北區公園南路３４７號十一樓之２,14.83,都市：其他:住宅區,,,1150613,土地2建物1車位1,十一層,十四層,住宅大樓(11層含以上有電梯),住家用,鋼筋混凝土造,0971219,148.82999999999998,3,2,2,有,有,13200000,94258,坡道平面,21.52,1200000,,RPPNMLNKOHLGFAD77DA,85.54,0.0,7.98,有,
中西區,房地(土地+建物),臺南市中西區中山路１６４巷３號三樓之２,11.34,都市：其他:商業區,,,1150624,土地1建物1車位0,三層,五層,公寓(5樓含以下無電梯),住家用,鋼筋混凝土造,0801228,51.800000000000004,2,1,2,有,無,4180000,80679,,0.0,0,其他增建；含租約；,RPOOMLQJQHLGFAD18DA,42.87,0.0,3.83,無,161
安南區,房地(土地+建物),臺南市安南區環館路３４６巷１８號,129.83,都市：其他:住宅區,,,1150605,土地5建物1車位0,全,四層,透天厝,住家用,鋼筋混凝土造,1140904,275.86,3,2,3,有,有,29000000,105122,,0.0,0,,RPOOMLNKPHLGFBD97DA,250.74,0.0,21.15,有,
安南區,房地(土地+建物),臺南市安南區環館路３４６巷１１號,130.24,都市：其他:住宅區,,,1150613,土地5建物1車位0,全,四層,透天厝,住家用,鋼筋混凝土造,1140904,275.86,3,2,3,有,有,29880000,108312,,0.0,0,,RPRNMLSKPHLGFBD68DA,250.74,0.0,21.15,有,
安南區,房地(土地+建物),臺南市安南區環館路３６６巷１８號,185.16,都市：其他:住宅區,,,1150616,土地3建物1車位0,全,四層,透天厝,住家用,鋼筋混凝土造,1041027,359.78999999999996,4,2,6,有,有,30000000,83382,,0.0,0,,RPTNMLLMPHLGFBD38DA,333.83,0.0,24.06,有,
東區,房地(土地+建物)+車位,臺南市東區裕義路７３８號三樓之３,39.62,都市：其他:住宅區,,,1150608,土地1建物1車位1,三層,五層,華廈(10層含以下有電梯),住家用,鋼筋混凝土造,1130715,101.72999999999999,2,2,2,有,有,12700000,125013,其他,8.94,1100000,,RPWOMLKKOHLGFCD48DA,60.58,0.0,7.33,有,
南區,土地,中和段1260地號,63.36,都市：其他:住宅區,,,1150614,土地1建物0車位0,,,其他,,,,0.0,0,0,0,無,無,1700000,26831,,0.0,0,未登記建物；,RPTNMLOJQHLGFCD58DA,0.0,0.0,0.0,無,
佳里區,土地,九龍段982地號,111.62,都市：其他:住宅區,,,1150610,土地4建物0車位0,,,其他,,,,0.0,0,0,0,無,無,2800000,25085,,0.0,0,親友、員工、共有人或其他特殊關係間之交易；,RPQNMLQJQHLGFGD88DA,0.0,0.0,0.0,無,162
安定區,房地(土地+建物),臺南市安定區蘇厝１１１之３２號,200.09,,鄉村區,乙種建築用地,1150630,土地2建物1車位0,全,三層,透天厝,住家用,鋼筋混凝土造,0990615,213.27,5,2,4,有,有,13800000,64707,,0.0,0,其他增建；,RPXNMLSLPHLGFHD37DA,188.03,0.0,25.24,無,
善化區,房地(土地+建物),臺南市善化區公園路２５３號十一樓之５,15.29,都市：其他:商業區,,,1150625,土地1建物1車位0,十一層,十三層,住宅大樓(11層含以上有電梯),住家用,鋼筋混凝土造,0980504,90.6,2,2,2,有,有,5500000,60706,,0.0,0,,RPQNMLNJQHLGFHD68DA,51.63,2.59,6.76,有,
善化區,房地(土地+建物)+車位,臺南市善化區大信路６７號七樓之一　,17.53,都市：其他:住宅區,,,1150611,土地2建物1車位1,七層,十三層,住宅大樓(11層含以上有電梯),住家用,鋼筋混凝土造,0840124,147.15,3,2,2,有,有,7600000,51648,坡道平面,0.0,0,,RPRNMLQJQHLGFHD09DA,82.16,1.09,18.38,有,
山上區,土地,媽祖段511地號,46.38,都市：其他:住宅區,,,1150629,土地1建物0車位0,,,其他,,,,0.0,0,0,0,無,無,2525400,54450,,0.0,0,,RPUOMLQJQHLGFHD86DA,0.0,0.0,0.0,無,163
安定區,房地(土地+建物)+車位,臺南市安定區港口４３之２號七樓之６,25.48,,鄉村區,乙種建築用地,1150628,土地1建物1車位1,七層,九層,華廈(10層含以下有電梯),住家用,鋼筋混凝土造,1140312,117.62,2,1,2,有,有,8600000,80572,一樓平面,29.5,1500000,,RPWOMLQJQHLGFHD07DA,55.34,0.0,6.51,有,
山上區,土地,媽祖段511地號,46.38,都市：其他:住宅區,,,1150629,土地1建物0車位0,,,其他,,,,0.0,0,0,0,無,無,2525400,54450,,0.0,0,,RPXOMLQJQHLGFHD17DA,0.0,0.0,0.0,無,163
永康區,房地(土地+建物),臺南市永康區六合里新興街６號十樓之７,6.88,都市：其他:住宅區,,,1150618,土地1建物1車位0,十層,十一層,住宅大樓(11層含以上有電梯),住家用,鋼筋混凝土造,0880519,66.16,3,1,2,有,有,5300000,80109,,0.0,0,陽台外推；夾層；其他增建；,RPTNMLSKOHLGFKD07DA,38.27,3.35,5.01,有,
永康區,房地(土地+建物),臺南市永康區鹽平街２３６號,234.33,都市：其他:工業區,,,1150630,土地1建物1車位0,全,三層,透天厝,工業用,鋼筋混凝土造,0840823,332.89,4,1,4,有,無,23000000,69092,,0.0,0,其他增建；,RPVNMLOJQHLGFKD96DA,326.32,0.0,6.57,無,165
中西區,房地(土地+建物),臺南市中西區武聖路６９巷４０弄３０號四樓之９,14.52,都市：其他:市場用地,,,1150621,土地1建物1車位0,四層,十二層,住宅大樓(11層含以上有電梯),住家用,鋼筋混凝土造,0831108,105.49000000000001,2,2,1,有,有,5600000,53086,,0.0,0,其他增建；,RPQNMLLLOHLGFAD77DA,66.31,0.0,14.5,有,
安平區,房地(土地+建物),臺南市安平區健康路三段３２９號十二樓之２,7.41,都市：其他:商業區(附),,,1150614,土地1建物1車位0,十二層,二十三層,住宅大樓(11層含以上有電梯),住家用,鋼筋混凝土構造,1060124,87.06,2,1,1,有,有,6450000,74087,,0.0,0,,RPTOMLPKPHLGFAD58DA,51.28,2.59,5.15,有,166
中西區,房地(土地+建物),臺南市中西區文和街８８號之４,32.62,都市：其他:住宅區,,,1150603,土地1建物1車位0,全,二層,透天厝,住家用,鋼筋混凝土構造,1060126,53.2,0,2,1,有,無,4100000,77068,,0.0,0,,RPOOMLPJQHLGFAD08DA,53.2,0.0,0.0,無,167
北區,房地(土地+建物)+車位,臺南市北區海安路三段３０９號十樓之７,14.27,都市：其他:住宅區,,,1150628,土地1建物1車位1,十層,二十四層,住宅大樓(11層含以上有電梯),住家用,鋼筋混凝土造,1140313,174.02,3,2,2,有,有,17500000,100563,坡道平面,26.54,0,,RPQOMLKKQHLGFAD87DA,85.29,5.53,3.8,有,168
北門區,土地,溪底寮段836地號,20.23,,鄉村區,乙種建築用地,1150624,土地1建物0車位0,,,其他,,,,0.0,0,0,0,無,無,100000,4943,,0.0,0,親友、員工、共有人或其他特殊關係間之交易；,RPPNMLKLPHLGFGD28DA,0.0,0.0,0.0,無,169
北門區,土地,溪底寮段836地號,56.21,,鄉村區,乙種建築用地,1150629,土地1建物0車位0,,,其他,,,,0.0,0,0,0,無,無,252000,4483,,0.0,0,親友、員工、共有人或其他特殊關係間之交易；,RPSNMLLLPHLGFGD68DA,0.0,0.0,0.0,無,169
佳里區,房地(土地+建物),臺南市佳里區海澄里萊芊寮１之８２號,136.59,,工業區,丁種建築用地,1150613,土地1建物1車位0,全,三層,透天厝,商業用,鋼筋混凝土造,0830407,218.33,4,2,4,有,無,6500000,29771,,0.0,0,其他增建；,RPQNMLPJQHLGFGD78DA,198.17,0.0,20.16,無,
西港區,房地(土地+建物),臺南市西港區後營１５３號之７,115.53,,鄉村區,乙種建築用地,1150615,土地3建物1車位0,全,四層,透天厝,住家用,鋼筋混凝土造,1140529,236.71,4,2,5,有,無,15800000,66748,,0.0,0,,RPSNMLQJQHLGFGD09DA,219.51,0.0,17.2,無,
佳里區,房地(土地+建物),臺南市佳里區鎮山里８鄰仁愛路１４６巷１７號,135.37,都市：其他:住宅區,,,1150625,土地1建物1車位0,全,二層,透天厝,住家用,加強磚造,0770727,123.77,7,1,3,有,無,8000000,64636,,0.0,0,其他增建；,RPPNMLSJQHLGFGD98DA,115.12,0.0,8.65,無,
西港區,土地,營段1075地號,136.56,,鄉村區,乙種建築用地,1150617,土地1建物0車位0,,,其他,,,,0.0,0,0,0,無,無,550000,4028,,0.0,0,親友、員工、共有人或其他特殊關係間之交易；,RPPNMLKKQHLGFGD28DA,0.0,0.0,0.0,無,
善化區,房地(土地+建物),臺南市善化區西拉雅大道５２１巷２弄２號,98.54,都市：其他:生活服務區,,,1150606,土地7建物1車位0,全,四層,透天厝,住家用,鋼筋混凝土造,1110106,200.16,3,2,4,有,無,15500000,77438,,0.0,0,親友、員工、共有人或其他特殊關係間之交易；,RPWNMLKLPHLGFHD09DA,178.49,0.0,21.65,無,171
善化區,房地(土地+建物),臺南市善化區陽光大道４６７號,127.99,都市：其他:生活服務區(第二種住宅區),,,1150630,土地2建物1車位0,全,三層,透天厝,住家用,鋼筋混凝土造,1140124,239.93,4,3,4,有,有,24000000,100029,,0.0,0,,RPXNMLQJQHLGFHD07DA,221.51,0.0,18.42,無,
山上區,土地,媽祖段511地號,46.38,都市：其他:住宅區,,,1150629,土地1建物0車位0,,,其他,,,,0.0,0,0,0,無,無,2525400,54450,,0.0,0,,RPVOMLQJQHLGFHD96DA,0.0,0.0,0.0,無,163
山上區,土地,媽祖段511地號,46.38,都市：其他:住宅區,,,1150630,土地1建物0車位0,,,其他,,,,0.0,0,0,0,無,無,2525400,54450,,0.0,0,,RPQPMLQJQHLGFHD56DA,0.0,0.0,0.0,無,163
歸仁區,房地(土地+建物),臺南市歸仁區大廟一街２８巷２１弄２８號二樓之１,30.36,,鄉村區,乙種建築用地,1150610,土地1建物1車位0,二層,七層,華廈(10層含以下有電梯),住家用,鋼筋混凝土構造,1091231,101.03999999999999,3,2,2,有,有,7500000,74228,,0.0,0,,RPXNMLMJPHLGFID66DA,70.72,0.0,7.64,有,174
歸仁區,房地(土地+建物),臺南市歸仁區大德路１９３巷１６弄１４號,82.5,都市：其他:住宅區,,,1150623,土地1建物1車位0,全,二層,透天厝,住家用,加強磚造,0680604,88.88,5,2,2,有,無,2640000,29703,,0.0,0,土地買賣價款新台幣2534500元整、建物買賣價款新台幣105500元整。親友、員工、共有人或其他特殊關係間之交易；,RPRNMLQJPHLGFID09DA,88.88,0.0,0.0,無,
仁德區,土地,保甲段855-1地號,2913.73,,一般農業區,農牧用地,1150609,土地3建物0車位0,,,其他,,,,0.0,0,0,0,無,無,12000000,4118,,0.0,0,,RPWOMLQJQHLGFID17DA,0.0,0.0,0.0,無,175
永康區,房地(土地+建物),臺南市永康區龍埔街４９５巷２０號,82.91,都市：其他:住宅區,,,1150606,土地4建物1車位0,全,四層,透天厝,住家用,鋼筋混凝土造,1130222,206.15,4,2,4,有,無,20260000,98278,,0.0,0,,RPVNMLPKPHLGFKD07DA,206.15,0.0,0.0,無,
永康區,房地(土地+建物),臺南市永康區復國二路１３４巷１號,65.28,都市：其他:住宅區,,,1150627,土地1建物1車位0,全,二層,透天厝,住商用,加強磚造,0710827,91.15,3,1,2,有,無,7500000,82282,,0.0,0,親友、員工、共有人或其他特殊關係間之交易；,RPQOMLNJQHLGFKD09DA,79.08,4.8,7.27,無,
中西區,房地(土地+建物),臺南市中西區金華路三段３號,82.23,都市：其他:住宅區,,,1150620,土地1建物1車位0,全,二層,透天厝,住家用,加強磚造,0570510,131.46,3,3,3,有,無,12880000,97977,,0.0,0,親友、員工、共有人或其他特殊關係間之交易；,RPRNMLKKPHLGFAD77DA,131.46,0.0,0.0,無,
安南區,房地(土地+建物)+車位,臺南市安南區溪東一街５號二樓,28.47,都市：其他:住宅區,,,1150610,土地1建物1車位1,二層,十三層,住宅大樓(11層含以上有電梯),住家用,鋼筋混凝土造,1101103,155.88,3,2,2,有,有,12080000,77496,坡道平面,24.69,0,,RPROMLQJQHLGFBD58DA,76.68,0.0,11.4,有,176
東區,房地(土地+建物),臺南市東區中華東路二段４１巷１１號,91.91,都市：其他:住宅區,,,1150625,土地2建物1車位0,全,二層,透天厝,住家用,加強磚造,0631102,116.28,4,2,3,有,無,15500000,133299,,0.0,0,頂樓加蓋；其他增建；,RPOOMLKKQHLGFCD87DA,116.28,0.0,0.0,無,
麻豆區,土地,安西段647地號,486.68,,鄉村區,乙種建築用地,1150610,土地2建物0車位0,,,其他,,,,0.0,0,0,0,無,無,11330000,23280,,0.0,0,,RPPNMLKKQHLGFFD18DA,0.0,0.0,0.0,無,
北門區,土地,溪底寮段836地號,33.72,,鄉村區,乙種建築用地,1150629,土地1建物0車位0,,,其他,,,,0.0,0,0,0,無,無,200000,5931,,0.0,0,親友、員工、共有人或其他特殊關係間之交易；,RPPNMLLLPHLGFGD38DA,0.0,0.0,0.0,無,169
學甲區,土地,興善段34地號,15.37,都市：其他:商業區,,,1150625,土地4建物0車位0,,,其他,,,,0.0,0,0,0,無,無,500000,32531,,0.0,0,親友、員工、共有人或其他特殊關係間之交易；,RPVNMLRJQHLGFGD86DA,0.0,0.0,0.0,無,178
學甲區,房地(土地+建物),臺南市學甲區民族路７２之１號五樓之３,33.91,都市：其他:住宅區,,,1150620,土地1建物1車位0,五層,五層,華廈(10層含以下有電梯),住家用,鋼筋混凝土造,1140515,92.61999999999999,2,2,2,有,有,5200000,56143,,0.0,0,,RPTNMLLKQHLGFGD78DA,59.64,0.0,6.07,有,
仁德區,土地,土庫段1051地號,517.64,都市：其他:農業區,,,1150624,土地1建物0車位0,,,其他,,,,0.0,0,0,0,無,無,1800000,3477,,0.0,0,,RPTNMLMLPHLGFID09DA,0.0,0.0,0.0,無,
歸仁區,土地,沙崙段781地號,1328.0,,一般農業區,農牧用地,1150616,土地1建物0車位0,,,其他,,,,0.0,0,0,0,無,無,10500000,7907,,0.0,0,,RPOOMLSLPHLGFID66DA,0.0,0.0,0.0,無,
歸仁區,房地(土地+建物),臺南市歸仁區崙頂一街３２巷１８號,119.98,都市：其他:住宅區,,,1150628,土地1建物1車位0,全,四層,透天厝,住家用,鋼筋混凝土造,1130401,318.06,5,2,5,有,無,29000000,91178,,0.0,0,頂樓加蓋；其他增建；,RPUOMLPJQHLGFID86DA,297.34,0.0,20.72,有,
關廟區,土地,東勢段259-1地號,112.0,都市：其他:住宅區,,,1150618,土地1建物0車位0,,,其他,,,,0.0,0,0,0,無,無,5398000,48196,,0.0,0,,RPWNMLLKQHLGFID66DA,0.0,0.0,0.0,無,
玉井區,土地,芒子芒段979-29地號,9699.0,,山坡地保育區,農牧用地,1150629,土地1建物0車位0,,,其他,,,,0.0,0,0,0,無,無,5980000,617,,0.0,0,另賣方補貼買方新台幣100萬元整，由買方自行整地。,RPPNMLKLPHLGFJD58DA,0.0,0.0,0.0,無,
楠西區,土地,鹿田段391地號,3881.18,,一般農業區,農牧用地,1150618,土地1建物0車位0,,,其他,,,,0.0,0,0,0,無,無,2500000,644,,0.0,0,農作物；,RPPNMLLMPHLGFJD78DA,0.0,0.0,0.0,無,
永康區,房地(土地+建物),臺南市永康區網寮里永興路９３號六樓之３,10.33,都市：其他:商業區,,,1150625,土地1建物1車位0,六層,十一層,住宅大樓(11層含以上有電梯),住家用,鋼筋混凝土造,0830322,112.54,3,2,2,有,有,6500000,57757,,0.0,0,,RPUNMLNKPHLGFKD76DA,76.89,0.0,5.01,有,
永康區,房地(土地+建物),臺南市永康區忠義街６０巷１號十樓之１３,7.01,都市：其他:商業區,,,1150627,土地1建物1車位0,十層,十五層,住宅大樓(11層含以上有電梯),辦公用,鋼筋混凝土造,0840331,63.230000000000004,1,1,1,有,有,4800000,75913,,0.0,0,,RPSNMLPJQHLGFKD76DA,45.38,0.0,6.33,有,
永康區,房地(土地+建物),臺南市永康區網寮里文化路１２８巷８號,27.1,都市：其他:住宅區,,,1150623,土地1建物1車位0,一層，二層,八層,華廈(10層含以下有電梯),住商用,鋼筋混凝土造,0840109,132.96,1,1,2,有,有,7300000,54904,,0.0,0,,RPSNMLKKQHLGFKD98DA,95.4,0.0,7.26,有,
安平區,房地(土地+建物)+車位,臺南市安平區育平路２１２號十一樓之３７,8.21,都市：其他:第六種住宅區,,,1150619,土地1建物1車位1,十一層,十七層,住宅大樓(11層含以上有電梯),住家用,鋼筋混凝土造,0840729,104.61,1,2,1,有,有,6600000,63091,坡道平面,0.0,0,,RPPOMLLMPHLGFAD97DA,48.65,0.79,6.73,有,179
安南區,房地(土地+建物),臺南市安南區安中路六段４０８巷１６號,91.66,都市：其他:住宅區,,,1150628,土地1建物1車位0,全,四層,透天厝,住家用,鋼筋混凝土造,1130528,204.49,5,2,5,有,無,17700000,86557,,0.0,0,,RPUNMLLKQHLGFBD38DA,182.48,0.0,22.01,無,
南區,房地(土地+建物),臺南市南區喜樹路１０２號,135.0,都市：其他:住宅區,,,1150626,土地2建物1車位0,全,四層,透天厝,住家用,鋼筋混凝土構造,1120324,381.5,5,2,5,有,無,27900000,73132,,0.0,0,其他增建；,RPPOMLSLPHLGFCD78DA,353.4,0.0,28.1,有,
南區,房地(土地+建物),臺南市南區健康路二段４０１巷１號五樓,26.1,都市：其他:住宅區,,,1150630,土地1建物1車位0,五層,五層,公寓(5樓含以下無電梯),住家用,鋼筋混凝土造,0701214,86.63,4,2,2,有,無,5500000,63488,,0.0,0,親友、員工、共有人或其他特殊關係間之交易；,RPQNMLMKQHLGFCD18DA,64.62,0.0,9.02,無,
鹽水區,房地(土地+建物),臺南市鹽水區下中４６之５５號,102.58,,鄉村區,乙種建築用地,1150630,土地5建物1車位0,全,四層,透天厝,住家用,鋼筋混凝土造,0840512,141.41,3,3,3,有,無,2900000,20508,,0.0,0,頂樓加蓋；其他增建；,RPSNMLTJQHLGFDD09DA,122.56,3.76,15.09,無,
鹽水區,房地(土地+建物),臺南市鹽水區月津路１８巷１１０號,85.85,都市：其他:住宅區,,,1150623,土地1建物1車位0,全,三層,透天厝,住家用,鋼筋混凝土造,1131022,190.64,5,2,4,有,無,12080000,63366,,0.0,0,土地價格604萬元及建物價格604萬元。,RPPNMLLKQHLGFDD08DA,174.17,0.0,16.47,無,
東山區,房地(土地+建物),臺南市東山區東中里永平街２５號,96.0,都市：其他:住宅區,,,1150620,土地1建物1車位0,全,四層,透天厝,住家用,鋼筋混凝土造,1131121,195.0,4,3,4,有,無,11900000,61026,,0.0,0,,RPPNMLRLPHLGFED78DA,181.14,0.0,13.86,無,
佳里區,房地(土地+建物),臺南市佳里區民安里１０鄰同安寮３１之７號,114.47,,鄉村區,乙種建築用地,1150613,土地2建物1車位0,全,二層,透天厝,住家用,加強磚造,0870302,106.08,3,2,2,有,無,4500000,42421,,0.0,0,其他增建；,RPXNMLSLPHLGFGD27DA,98.47,4.78,2.83,無,180
善化區,房地(土地+建物),臺南市善化區小新里成功新村８２號四樓,26.94,都市：其他:國宅專用區,,,1150607,土地3建物1車位0,四層,八層,華廈(10層含以下有電梯),住家用,鋼筋混凝土造,0830923,118.04,3,2,2,有,有,4750000,40241,,0.0,0,,RPSNMLSLPHLGFHD86DA,82.01,0.0,10.05,有,181
仁德區,房地(土地+建物),臺南市仁德區仁德里文宏二街７２號,32.3,都市：其他:第三種住宅區。,,,1150615,土地2建物1車位0,全,四層,透天厝,住家用,鋼筋混凝土造,0910813,90.16,4,2,3,有,無,4740000,52573,,0.0,0,親友、員工、共有人或其他特殊關係間之交易；,RPUOMLRJPHLGFID96DA,70.99,8.53,10.64,無,
仁德區,房地(土地+建物),臺南市仁德區德善路３０５巷１號,86.41,都市：其他:住宅區,,,1150606,土地1建物1車位0,全,四層,透天厝,住家用,鋼筋混凝土造,0841223,144.48,5,1,4,有,無,7800000,53987,,0.0,0,頂樓加蓋；其他增建；,RPTOMLKMPHLGFID09DA,133.64,0.0,10.84,無,182
永康區,房地(土地+建物)+車位,臺南市永康區大安街４６８巷１６號七樓之１,32.3,都市：其他:住宅區,,,1150625,土地1建物1車位1,七層,十層,華廈(10層含以下有電梯),住家用,鋼筋混凝土構造,1080131,134.26,3,2,2,有,有,11000000,81931,一樓平面,24.84,0,含裝潢費；,RPOOMLKMPHLGFKD78DA,66.73,0.0,5.9,有,183
將軍區,土地,馬沙溝段946地號,19.88,,鄉村區,乙種建築用地,1150611,土地1建物0車位0,,,其他,,,,0.0,0,0,0,無,無,76000,3823,,0.0,0,,RPQNMLNLOHLGFGD68EA,0.0,0.0,0.0,無,
北區,房地(土地+建物),臺南市北區文賢路１１２２巷３４弄２６號,58.24,都市：其他:住宅區,,,1150619,土地1建物1車位0,全,一層,透天厝,住家用,加強磚造,0621215,41.4,3,2,2,有,無,5000000,120773,,0.0,0,其他增建；,RPTNMLMLPHLGFAD28DA,41.4,0.0,0.0,無,
中西區,房地(土地+建物)+車位,臺南市中西區民權路四段１３０號七樓之２,16.17,都市：其他:住宅區,,,1150614,土地1建物1車位1,七層,十層,華廈(10層含以下有電梯),住家用,鋼筋混凝土構造,1070531,156.26,2,2,2,有,有,13000000,83195,坡道平面,38.26,0,陽台外推；,RPVNMLMLPHLGFAD48DA,71.43,3.83,3.63,有,184
北區,房地(土地+建物)+車位,臺南市北區西門路四段２００巷２８號七樓,31.98,都市：其他:住宅區,,,1150620,土地1建物1車位1,七層,九層,華廈(10層含以下有電梯),住家用,鋼筋混凝土造,0851009,134.69,3,2,2,有,有,9100000,67563,坡道平面,0.0,0,,RPTNMLMKQHLGFAD28DA,82.7,0.0,11.89,有,185
安南區,房地(土地+建物)+車位,臺南市安南區永續三街９２號七樓之６,20.52,都市：其他:住宅區,,,1150603,土地1建物1車位1,七層,十四層,住宅大樓(11層含以上有電梯),住家用,鋼筋混凝土造,1111201,147.31,3,2,2,有,有,12800000,86892,坡道平面,29.79,0,,RPXNMLRLPHLGFBD66DA,72.27,0.0,5.18,有,186
安南區,土地,科工段164地號,2006.75,都市：其他:住宅區,,,1150601,土地1建物0車位0,,,其他,,,,0.0,0,0,0,無,無,156200000,77837,,0.0,0,,RPUNMLMKQHLGFBD48DA,0.0,0.0,0.0,無,187
南區,房地(土地+建物),臺南市南區金華路一段１１６巷４２號,72.0,都市：其他:住宅區,,,1150624,土地1建物1車位0,全,二層,透天厝,住家用,加強磚造,0651202,102.31,4,2,2,有,無,6300000,61578,,0.0,0,頂樓加蓋；其他增建；,RPRNMLKKQHLGFCD08DA,102.31,0.0,0.0,無,
南區,房地(土地+建物),臺南市南區中華西路一段１１１號四樓之１,15.2,都市：其他:住宅區,,,1150604,土地2建物1車位0,四層,七層,華廈(10層含以下有電梯),住家用,鋼筋混凝土造,0701226,91.45,2,2,2,有,無,4550000,49754,,0.0,0,陽台外推；,RPRNMLLKQHLGFCD18DA,64.26,0.0,19.82,有,188
東區,房地(土地+建物),臺南市東區自由路三段２８０號四樓之１,16.64,都市：其他:住宅區,,,1150619,土地1建物1車位0,四層,七層,華廈(10層含以下有電梯),住家用,鋼筋混凝土造,0820907,92.66999999999999,3,2,1,有,有,6180000,66688,,0.0,0,,RPPNMLMKQHLGFCD08DA,63.46,0.0,7.5,有,
南區,房地(土地+建物),臺南市南區中華南路二段４００巷１弄８號四樓,40.84,都市：其他:住宅區,,,1150624,土地2建物1車位0,四層,五層,公寓(5樓含以下無電梯),住家用,鋼筋混凝土造,0711129,92.59,3,2,2,有,無,4900000,52916,,0.0,0,,RPXNMLNKQHLGFCD98DA,76.22,0.0,10.08,無,189
新營區,房地(土地+建物),臺南市新營區王公里１４鄰公正街７０巷７號,71.05,都市：其他:住宅區,,,1150621,土地2建物1車位0,全,二層,透天厝,住家用,磚造,0630115,78.26,3,2,1,有,無,1950000,24917,,0.0,0,,RPVNMLMKQHLGFDD78DA,78.26,0.0,0.0,無,190
後壁區,房地(土地+建物),臺南市後壁區後壁里４３之４６號,3900.0,都市：其他:農業區,,,1150611,土地2建物1車位0,全,二層,透天厝,農業用,加強磚造,0820118,374.49,6,3,5,有,無,18800000,50202,,0.0,0,,RPPNMLTJQHLGFED88DA,336.32,0.0,38.17,無,191
七股區,土地,新生段9-8地號,19989.0,,一般農業區,養殖用地,1150609,土地1建物0車位0,,,其他,,,,0.0,0,0,0,無,無,11335000,567,,0.0,0,,RPXNMLSJOHLGFGD96DA,0.0,0.0,0.0,無,192
新化區,房地(土地+建物)+車位,臺南市新化區頂山５３之４９２號十三樓之５,36.98,,特定農業區,甲種建築用地,1150628,土地1建物1車位2,十三層,十四層,住宅大樓(11層含以上有電梯),住家用,鋼筋混凝土造,1130222,226.36,3,2,2,有,有,16500000,71530,坡道平面,36.23,2900000,,RPTPMLTJPHLGFHD07DA,112.85,0.0,13.89,有,
安定區,房地(土地+建物),臺南市安定區海寮１３２之４４號,97.44,,鄉村區,乙種建築用地,1150627,土地1建物1車位0,全,四層,透天厝,住商用,鋼筋混凝土造,0810131,206.05,4,2,3,有,無,7500000,36399,,0.0,0,親友、員工、共有人或其他特殊關係間之交易；,RPXNMLKKQHLGFHD56DA,206.05,0.0,0.0,無,
歸仁區,房地(土地+建物),臺南市歸仁區民生六街２３號,174.77,都市：其他:甲種工業區,,,1150609,土地2建物1車位0,全,三層,透天厝,工業用,鋼筋混凝土造,0830910,375.19,0,0,3,有,無,16500000,43978,,0.0,0,,RPRNMLKKQHLGFID68DA,359.48,15.71,0.0,有,
歸仁區,房地(土地+建物),臺南市歸仁區南丁路４３７巷５５號,75.59,,特定農業區,甲種建築用地,1150607,土地2建物1車位0,全,四層,透天厝,住家用,鋼筋混凝土造,1141008,167.35,4,2,5,有,無,15500000,92620,,0.0,0,,RPVNMLLKQHLGFID56DA,152.54,0.0,14.81,無,
仁德區,房地(土地+建物),臺南市仁德區保華路６８巷４號,78.57,都市：其他:住宅區,,,1150629,土地1建物1車位0,全,二層,透天厝,住家用,加強磚造,0660303,67.77,3,2,2,有,無,8000000,118046,,0.0,0,其他增建；,RPRNMLNKQHLGFID98DA,67.77,0.0,0.0,無,
玉井區,土地,沙坑段231地號,2916.64,,山坡地保育區,農牧用地,1150627,土地1建物0車位0,,,其他,,,,0.0,0,0,0,無,無,3200000,1097,,0.0,0,,RPPNMLMKQHLGFJD78DA,0.0,0.0,0.0,無,
永康區,房地(土地+建物),臺南市永康區中山南路１１３號四樓之３,6.88,都市：其他:住宅區,,,1150625,土地2建物1車位0,四層,八層,華廈(10層含以下有電梯),住家用,鋼筋混凝土造,0820910,51.88,1,1,1,有,無,3180000,61295,,0.0,0,,RPSNMLRLPHLGFKD07DA,26.39,0.0,3.14,有,193
永康區,房地(土地+建物)+車位,臺南市永康區興里永安路１６５巷２４號三樓之３,27.26,都市：其他:住宅區,,,1150625,土地1建物1車位1,三層,七層,華廈(10層含以下有電梯),住家用,鋼筋混凝土造,0830122,132.29999999999998,3,2,2,有,有,6860000,51852,坡道平面,0.0,0,,RPVNMLKKQHLGFKD66DA,89.08,0.0,14.49,有,
北區,房地(土地+建物),臺南市北區北園街１２４巷９弄１號,402.0,都市：其他:住宅區,,,1150606,土地2建物1車位0,全,一層,透天厝,工業用,加強磚造,0620626,108.42,0,2,1,有,無,13660194,125993,,0.0,0,,RPPNMLMKQHLGFAD97EA,108.42,0.0,0.0,無,194
善化區,房地(土地+建物),臺南市善化區大成路１巷１弄９號,115.47,都市：其他:住宅區,,,1150606,土地2建物1車位0,全,四層,透天厝,住家用,鋼筋混凝土造,1040428,223.49,5,2,5,有,無,15500000,69354,,0.0,0,頂樓加蓋；其他增建；,RPPNMLOKQHLGFHD88EA,201.64,0.0,21.85,無,
安平區,房地(土地+建物)+車位,臺南市安平區建平七街５６０號五樓之９,8.76,都市：其他:第三種商業區,,,1150619,土地1建物1車位1,五層,二十二層,住宅大樓(11層含以上有電梯),住家用,鋼筋混凝土造,1121108,92.41,2,2,2,有,有,8300000,97469,坡道機械,18.54,1100000,含裝潢費；含傢俱設備費；,RPWPMLLKQHLGFAD68DA,42.22,2.35,3.34,有,
安平區,房地(土地+建物)+車位,臺南市安平區建平七街５６０號三樓之８,11.24,都市：其他:第三種商業區,,,1150604,土地1建物1車位2,三層,二十二層,住宅大樓(11層含以上有電梯),住家用,鋼筋混凝土造,1121108,118.33000000000001,2,2,2,有,有,10200000,94812,坡道平面,44.5,3200000,含裝潢費；含傢俱設備費；,RPPNMLMKQHLGFAD87DA,42.22,2.32,3.34,有,
安南區,房地(土地+建物),臺南市安南區環館路３５０巷３０號,129.06,都市：其他:住宅區,,,1150608,土地5建物1車位0,全,四層,透天厝,住家用,鋼筋混凝土造,1140904,273.5,3,2,3,有,有,31500000,115169,,0.0,0,,RPQNMLSKPHLGFBD58DA,248.15,0.0,21.38,有,
安南區,房地(土地+建物)+車位,臺南市安南區永續三街２６２號十二樓之６,20.85,都市：其他:住宅區,,,1150601,土地1建物1車位1,十二層,十五層,住宅大樓(11層含以上有電梯),住家用,鋼筋混凝土造,1100114,149.29000000000002,3,2,2,有,有,11300000,75692,坡道平面,25.6,0,,RPPNMLQKQHLGFBD38DA,72.81,0.0,12.37,有,195
安南區,房地(土地+建物)+車位,臺南市安南區宜居路６１０號二樓之１,32.26,都市：其他:住宅區,,,1150610,土地1建物1車位1,二層,五層,華廈(10層含以下有電梯),住家用,鋼筋混凝土造,1140806,92.33,2,2,2,有,有,8580000,95546,其他,11.95,900000,,RPQNMLRKQHLGFBD58DA,57.67,0.0,6.25,有,
官田區,土地,嘉南段289-1地號,2412.0,都市：其他:農業區,,,1150608,土地1建物0車位0,,,其他,,,,0.0,0,0,0,無,無,4000000,1658,,0.0,0,,RPRNMLOJQHLGFFD68DA,0.0,0.0,0.0,無,
大內區,房地(土地+建物),臺南市大內區內江里內庄２８５號之１０,90.17,都市：其他:住宅區,,,1150610,土地2建物1車位0,全,二層,透天厝,住家用,加強磚造,0690209,101.06,4,2,2,有,無,2500000,24738,,0.0,0,,RPRNMLOKQHLGFFD78DA,101.06,0.0,0.0,無,
佳里區,土地,港墘段161地號,1302.0,,特定農業區,農牧用地,1150629,土地1建物0車位0,,,其他,,,,0.0,0,0,0,無,無,2860000,2197,,0.0,0,,RPXNMLTLPHLGFGD37DA,0.0,0.0,0.0,無,
西港區,土地,成功段975地號,430.45,,鄉村區,乙種建築用地,1150611,土地1建物0車位0,,,其他,,,,0.0,0,0,0,無,無,4351108,10108,,0.0,0,親友、員工、共有人或其他特殊關係間之交易；地清或未辦繼承標售；,RPWNMLMKQHLGFGD56DA,0.0,0.0,0.0,無,196
西港區,土地,成功段975地號,430.45,,鄉村區,乙種建築用地,1150611,土地1建物0車位0,,,其他,,,,0.0,0,0,0,無,無,4311108,10015,,0.0,0,親友、員工、共有人或其他特殊關係間之交易；地清或未辦繼承標售；,RPOOMLMKQHLGFGD48DA,0.0,0.0,0.0,無,196
西港區,土地,成功段975地號,1721.81,,鄉村區,乙種建築用地,1150611,土地1建物0車位0,,,其他,,,,0.0,0,0,0,無,無,17200000,9989,,0.0,0,地清或未辦繼承標售；,RPPOMLMKQHLGFGD58DA,0.0,0.0,0.0,無,196
善化區,房地(土地+建物),臺南市善化區興農路３７９號三樓之２,21.33,都市：其他:住宅區,,,1150622,土地2建物1車位0,三層,七層,華廈(10層含以下有電梯),住家用,鋼筋混凝土造,1070628,82.29,2,2,2,有,有,7080000,86037,,0.0,0,,RPVNMLMLOHLGFHD09DA,57.34,0.0,4.83,有,199
安定區,土地,蘇興段770-1地號,198.48,,鄉村區,乙種建築用地,1150608,土地2建物0車位0,,,其他,,,,0.0,0,0,0,無,無,8700000,43833,,0.0,0,未登記建物；,RPXNMLNJQHLGFHD76DA,0.0,0.0,0.0,無,
安定區,房地(土地+建物)+車位,臺南市安定區港口８５之２號四樓之１,30.59,,鄉村區,乙種建築用地,1150605,土地1建物1車位1,四層,六層,華廈(10層含以下有電梯),住家用,鋼筋混凝土造,1071015,106.09,2,2,1,有,有,7400000,69752,一樓平面,20.44,0,其他增建/陽台增建/陽台窗戶其他增建；,RPPNMLNKQHLGFHD68DA,59.53,0.0,4.86,有,200
仁德區,房地(土地+建物)+車位,臺南市仁德區保生路２２號十樓之２,12.42,都市：其他:商業區,,,1150609,土地1建物1車位1,十層,十五層,住宅大樓(11層含以上有電梯),住家用,鋼筋混凝土造,1141117,111.88,2,2,1,有,有,11330000,111303,坡道平面,24.82,1640000,,RPXNMLOKQHLGFID07DA,53.19,0.0,4.5,有,
永康區,房地(土地+建物)+車位,臺南市永康區中華路５８巷５８號八樓之５,53.07,都市：其他:住宅區,,,1150612,土地1建物1車位1,八層,十層,華廈(10層含以下有電梯),住家用,鋼筋混凝土造,0951215,194.64,4,2,2,有,有,6100000,31340,坡道平面,0.0,0,親友、員工、共有人或其他特殊關係間之交易；,RPVNMLKKPHLGFKD56DA,114.22,0.0,10.35,有,201
永康區,房地(土地+建物)+車位,臺南市永康區大安街４６８巷１２號二樓之２,21.53,都市：其他:住宅區,,,1150604,土地1建物1車位1,二層,十層,華廈(10層含以下有電梯),住家用,鋼筋混凝土構造,1080131,95.29,2,2,1,有,有,6660000,69892,一樓平面,24.84,0,陽台外推；,RPUNMLPKPHLGFKD96DA,42.07,0.0,4.7,有,202
新營區,房地(土地+建物)+車位,臺南市新營區富強街５２巷２７號四樓之五,34.05,都市：其他:住宅區,,,1150624,土地2建物1車位1,四層,五層,華廈(10層含以下有電梯),住家用,鋼筋混凝土造,1140414,119.27,2,2,2,有,有,8570000,71854,一樓平面,20.4,0,,RPQNMLRKQHLGFDD88EA,64.99,0.0,8.62,有,203
北區,房地(土地+建物)+車位,臺南市北區海安路三段８１２號二十四樓之７,15.18,都市：其他:住宅區,,,1150615,土地1建物1車位1,二十四層,二十四層,住宅大樓(11層含以上有電梯),住家用,鋼筋混凝土構造,1090131,164.47,3,2,2,有,有,21400000,130115,坡道平面,33.38,0,,RPXPMLPKOHLGFAD98DA,80.64,2.55,7.14,有,204
安平區,房地(土地+建物)+車位,臺南市安平區平豐路１２２號八樓之５,15.66,都市：其他:第五種住宅區,,,1150613,土地1建物1車位2,八層,二十七層,住宅大樓(11層含以上有電梯),住家用,鋼筋混凝土構造,1050604,152.72,2,2,2,有,有,9500000,62205,坡道平面,69.77,0,其他增建；,RPTNMLOKPHLGFAD38DA,57.26,0.0,0.0,有,205
安南區,房地(土地+建物)+車位,臺南市安南區安六街１號六樓之６,25.5,都市：其他:住宅區,,,1150621,土地1建物1車位1,六層,十四層,住宅大樓(11層含以上有電梯),住家用,鋼筋混凝土造,1141203,146.27999999999997,3,2,2,有,有,11510000,83368,坡道平面,27.17,1580000,,RPOOMLKKQHLGFBD77DA,71.96,0.0,5.36,有,
南區,房地(土地+建物)+車位,臺南市南區大同路二段１３２號八樓之１,33.01,都市：其他:住宅區,,,1150624,土地1建物1車位1,八層,十三層,住宅大樓(11層含以上有電梯),住家用,鋼筋混凝土造,0881021,139.12,4,1,2,有,有,8100000,58223,坡道平面,0.0,0,其他增建；,RPTNMLQJQHLGFCD78DA,81.29,0.0,8.17,有,
南區,房地(土地+建物),臺南市南區興隆路３０２巷５７號,85.0,都市：其他:住宅區,,,1150623,土地1建物1車位0,全,三層,透天厝,住家用,鋼筋混凝土造,1130814,187.41,5,2,5,有,無,20800000,110987,,0.0,0,其他增建；,RPPNMLOKQHLGFCD28DA,172.66,0.0,14.75,有,
東區,房地(土地+建物)+車位,臺南市東區崇善一街６６號十六樓,10.67,都市：其他:住宅區,,,1150603,土地3建物1車位1,十六層,十八層,住宅大樓(11層含以上有電梯),住家用,鋼筋混凝土造,0850209,129.28,3,2,2,有,有,7100000,54920,坡道機械,0.0,0,親友、員工、共有人或其他特殊關係間之交易；,RPUNMLOKQHLGFCD78DA,79.59,0.0,10.55,有,
東區,房地(土地+建物),臺南市東區仁和路７３之９７號,63.0,都市：其他:住宅區,,,1150615,土地2建物1車位0,全,二層,透天厝,住家用,加強磚造,0641107,80.2,4,2,3,有,無,6500000,81047,,0.0,0,親友、員工、共有人或其他特殊關係間之交易；其他增建；,RPRNMLRKQHLGFCD78DA,80.2,0.0,0.0,無,
白河區,房地(土地+建物),臺南市白河區永安里三民路５０７巷２號,120.0,都市：其他:住宅區,,,1150607,土地1建物1車位0,全,三層,透天厝,住家用,鋼筋混凝土造,0800326,174.2,5,3,3,有,無,4980000,28588,,0.0,0,頂樓加蓋；其他增建；,RPRNMLPJQHLGFED68DA,171.28,0.0,2.92,無,
歸仁區,房地(土地+建物)+車位,臺南市歸仁區高發一路１０號十樓之３,21.11,都市：其他:住宅區,,,1150624,土地1建物1車位1,十層,十五層,住宅大樓(11層含以上有電梯),住家用,鋼筋混凝土造,1140901,110.35,2,2,2,有,有,10100000,104418,坡道平面,27.51,1450000,,RPWNMLSLPHLGFID37DA,49.24,0.0,4.64,有,
仁德區,房地(土地+建物)+車位,臺南市仁德區保生路３６號九樓之５,12.42,都市：其他:商業區,,,1150609,土地1建物1車位1,九層,十五層,住宅大樓(11層含以上有電梯),住家用,鋼筋混凝土造,1141117,111.88,2,2,1,有,有,11330000,110154,坡道平面,24.82,1740000,,RPOOMLOKQHLGFID88DA,53.19,0.0,4.5,有,
永康區,房地(土地+建物),臺南市永康區鹽行里仁愛街５０之２號,102.71,都市：其他:住宅區,,,1150626,土地1建物1車位0,全,五層,透天厝,住商用,鋼筋混凝土造,0840220,358.34,5,3,8,有,無,19600000,54697,,0.0,0,,RPRNMLTLPHLGFKD17DA,319.67,12.06,26.61,無,
永康區,房地(土地+建物)+車位,臺南市永康區新民街６６巷２號四樓之３,19.16,都市：其他:住宅區,,,1150629,土地1建物1車位1,四層,九層,華廈(10層含以下有電梯),住家用,鋼筋混凝土造,0821230,145.37,3,2,2,有,有,7260000,49942,坡道平面,0.0,0,其他增建；,RPSNMLKMPHLGFKD09DA,75.41,8.87,4.4,有,206
新營區,房地(土地+建物)+車位,臺南市新營區中華路９２之５號五樓之二,41.33,都市：其他:住宅區,,,1150626,土地1建物1車位1,五層,五層,華廈(10層含以下有電梯),住家用,鋼筋混凝土造,1150330,137.69,3,1,2,有,無,12900000,91181,一樓平面,13.76,1600000,其他；,RPQNMLSKQHLGFDD98EA,82.98,0.0,7.55,有,
新營區,房地(土地+建物),臺南市新營區中華路９２之５號四樓之五,17.9,都市：其他:住宅區,,,1150626,土地1建物1車位0,四層,五層,華廈(10層含以下有電梯),住家用,鋼筋混凝土造,1150330,53.64,1,1,1,有,無,4100000,76435,,0.0,0,其他；,RPRNMLSKQHLGFDD09EA,35.38,0.0,3.8,有,
東區,房地(土地+建物)+車位,臺南市東區崇德十二街７２號七樓,19.84,都市：其他:住宅區,,,1150620,土地1建物1車位1,七層,七層,華廈(10層含以下有電梯),住家用,鋼筋混凝土造,0810709,117.47,3,2,2,有,有,7300000,62144,坡道平面,0.0,0,陽台外推；,RPQOMLQKPHLGFCD58DA,72.44,4.42,7.6,有,
東區,房地(土地+建物),臺南市東區仁和路９３之１號六樓,23.15,都市：其他:住宅區,,,1150625,土地1建物1車位0,六層,九層,華廈(10層含以下有電梯),住家用,鋼筋混凝土造,0831107,132.11,3,2,2,有,有,6000000,45417,,0.0,0,,RPVNMLMKQHLGFCD68DA,85.69,0.0,11.34,有,
東區,房地(土地+建物),臺南市東區中華東路一段２１７巷３０號,19.6,都市：其他:住宅區,,,1150614,土地2建物1車位0,一層,五層,公寓(5樓含以下無電梯),住家用,鋼筋混凝土造,0720119,73.02,3,1,2,有,無,4380000,59984,,0.0,0,其他增建；,RPTNMLRKQHLGFCD98DA,53.57,0.0,10.51,無,
鹽水區,土地,舊營段後寮小段217-1地號,200.67,,鄉村區,乙種建築用地,1150626,土地2建物0車位0,,,其他,,,,0.0,0,0,0,無,無,2700000,13455,,0.0,0,1.買賣標的:217-1地號有無門牌且未保存登記之地上物1間.2.217-1地號買賣價格為新台幣265萬元整217-3地號交通用地買賣價格為新台幣5萬元整合計新台幣270萬元整.未登記建物；,RPTNMLMLPHLGFDD58DA,0.0,0.0,0.0,無,
新營區,房地(土地+建物),臺南市新營區土庫５之１２號,134.69,,鄉村區,乙種建築用地,1150602,土地1建物1車位0,全,三層,透天厝,住家用,鋼筋混凝土造,0840506,203.12,6,2,3,有,無,6000000,29539,,0.0,0,頂樓增建、鐵皮屋頂增建。其他增建；,RPSNMLNKQHLGFDD58DA,192.79,0.0,10.33,無,
新營區,房地(土地+建物),臺南市新營區南興里建業路１３７巷１號,63.02,都市：其他:住宅區,,,1150627,土地1建物1車位0,全,二層,透天厝,住家用,加強磚造,0651115,76.26,4,2,3,有,無,6600000,86546,,0.0,0,頂樓加蓋；其他增建；,RPPNMLSKQHLGFDD78DA,76.26,0.0,0.0,無,
官田區,房地(土地+建物),臺南市官田區二鎮里二鎮７５之５３６號,110.13,都市：其他:農業區,,,1150606,土地2建物1車位0,全,四層,透天厝,住家用,鋼筋混凝土構造,1050510,162.15,4,2,3,有,無,9300000,57354,,0.0,0,陽台外推；頂樓加蓋；其他增建；,RPQNMLNKQHLGFFD58DA,139.14,0.0,23.01,無,
麻豆區,房地(土地+建物),臺南市麻豆區麻工二路４２８號,307.17,都市：其他:乙種工業區,,,1150623,土地4建物1車位0,全,一層,透天厝,其他,鋼骨造有牆,1140611,185.27,1,0,1,有,無,19500000,105252,,0.0,0,,RPTNMLOKQHLGFFD98DA,185.27,0.0,0.0,無,
佳里區,房地(土地+建物),臺南市佳里區育善街３０３號,122.73,都市：其他:住宅區,,,1150610,土地2建物1車位0,全,二層,透天厝,住家用,加強磚造,0730927,121.29,4,1,3,有,無,3120000,25723,,0.0,0,親友、員工、共有人或其他特殊關係間之交易；,RPPNMLKMPHLGFGD38DA,114.49,0.0,6.8,無,
新市區,房地(土地+建物),臺南市新市區豐榮３６之１號,121.37,,鄉村區,乙種建築用地,1150617,土地2建物1車位0,全,四層,透天厝,住家用,鋼筋混凝土造,1120829,264.56,5,2,6,有,無,23000000,86937,,0.0,0,土地總價新台幣1035萬元整新市區大營段2790-16地號，總價新台幣9986300元整新市區大營段2790-1地號，總價新台幣363700元整建物總價新台幣1265萬元整其他增建；,RPXNMLKLPHLGFHD56DA,241.38,0.0,23.18,無,
安定區,房地(土地+建物),臺南市安定區港口４３之２號五樓之７,29.34,,鄉村區,乙種建築用地,1150623,土地1建物1車位0,五層,九層,華廈(10層含以下有電梯),住家用,鋼筋混凝土造,1140312,102.47,3,2,2,有,有,8070000,78755,,0.0,0,,RPVNMLRKQHLGFHD07DA,65.8,0.0,6.11,有,
歸仁區,房地(土地+建物)+車位,臺南市歸仁區智慧三街７號二樓之２,33.86,都市：其他:住宅區,,,1150629,土地1建物1車位1,二層,十三層,住宅大樓(11層含以上有電梯),住家用,鋼筋混凝土造,1140918,154.32,3,2,2,有,有,13070000,88379,坡道平面,25.67,1700000,,RPRNMLPJQHLGFID09DA,78.09,0.0,7.34,有,
仁德區,土地,太子段206-2地號,135.38,都市：其他:第三種住宅區。,,,1150601,土地3建物0車位0,,,其他,,,,0.0,0,0,0,無,無,4537064,33514,,0.0,0,親友、員工、共有人或其他特殊關係間之交易；,RPOOMLLKQHLGFID58DA,0.0,0.0,0.0,無,
關廟區,房地(土地+建物),臺南市關廟區中山路一段２００巷２７號,80.0,都市：其他:住宅區,,,1150623,土地1建物1車位0,全,二層,透天厝,住家用,鋼筋混凝土造,0830503,114.75,5,2,3,有,無,8800000,76688,,0.0,0,其他增建；,RPPNMLRKQHLGFID56DA,94.45,15.02,5.28,無,
永康區,房地(土地+建物),臺南市永康區中華路４８５巷１３號,110.19,都市：其他:住宅區,,,1150626,土地1建物1車位0,全,二層,透天厝,住家用,加強磚造,0730220,113.46,4,2,3,有,無,7300000,64340,,0.0,0,,RPPOMLRJQHLGFKD76DA,101.6,6.36,5.5,無,
永康區,土地,大灣段4688-2地號,415.0,都市：其他:住宅區,,,1150628,土地1建物0車位0,,,其他,,,,0.0,0,0,0,無,無,22600000,54458,,0.0,0,未登記建物；,RPQNMLRKQHLGFKD86DA,0.0,0.0,0.0,無,
永康區,房地(土地+建物),臺南市永康區六合里中華二路３０３號,24.96,都市：其他:住宅區,,,1150618,土地1建物1車位0,一層，二層，三層，四層，騎樓,十七層,住宅大樓(11層含以上有電梯),住商用,鋼筋混凝土造,0850129,286.47,4,2,4,有,有,15000000,52362,,0.0,0,,RPUNMLRKQHLGFKD27DA,191.13,0.0,49.9,有,
永康區,房地(土地+建物),臺南市永康區西灣里永華路２３３巷２８號四樓之１,14.18,都市：其他:住宅區,,,1150629,土地1建物1車位0,四層,九層,華廈(10層含以下有電梯),住家用,鋼筋混凝土造,0811130,86.65,2,2,2,有,有,5200000,60012,,0.0,0,,RPPOMLRKQHLGFKD86DA,52.4,0.0,11.06,有,
永康區,房地(土地+建物),臺南市永康區中華路５７８巷１５之９號,9.86,都市：其他:住宅區,,,1150625,土地1建物1車位0,三層,十七層,住宅大樓(11層含以上有電梯),住家用,鋼筋混凝土造,0810723,85.25,2,1,1,有,有,5500000,64516,,0.0,0,,RPPNMLSKQHLGFKD86DA,59.83,0.0,5.85,有,
北區,房地(土地+建物),臺南市北區小東路２９７之１號,77.0,都市：其他:住宅區,,,1150528,土地1建物1車位0,全,四層,透天厝,住商用,鋼筋混凝土造,0730818,242.58,5,2,4,有,無,25200000,103883,,0.0,0,親友、員工、共有人或其他特殊關係間之交易；,RPQOMLQJQHLGFAD38DA,224.37,0.0,18.21,無,
善化區,房地(土地+建物),臺南市善化區陽光北一路９０巷８號,152.92,都市：其他:生活服務區(第一種住宅區),,,1150514,土地2建物1車位0,全,三層,透天厝,住家用,鋼筋混凝土造,1111021,207.85000000000002,4,2,4,有,有,28300000,136156,,0.0,0,其他增建；,RPTNMLPJQHLGFHD56DA,201.61,0.0,6.22,無,
善化區,土地,北子店段二小段14地號,1024.5,,特定農業區,農牧用地,1150530,土地2建物0車位0,,,其他,,,,0.0,0,0,0,無,無,12500000,12201,,0.0,0,,RPWNMLQJQHLGFHD96DA,0.0,0.0,0.0,無,
歸仁區,土地,歸仁北段830-3地號,330.58,都市：其他:農業區,,,1150518,土地1建物0車位0,,,其他,,,,0.0,0,0,0,無,無,11000000,33275,,0.0,0,,RPUNMLRLOHLGFID96DA,0.0,0.0,0.0,無,207
歸仁區,土地,林子邊段140-1地號,2421.5,,一般農業區,農牧用地,1150519,土地2建物0車位0,,,其他,,,,0.0,0,0,0,無,無,32962500,13612,,0.0,0,親友、員工、共有人或其他特殊關係間之交易；,RPSNMLRJPHLGFID66DA,0.0,0.0,0.0,無,208
歸仁區,土地,歸南段679地號,2220.6,,一般農業區,農牧用地,1150531,土地2建物0車位0,,,其他,,,,0.0,0,0,0,無,無,16120000,7259,,0.0,0,農作物；,RPQOMLPJQHLGFID09DA,0.0,0.0,0.0,無,
歸仁區,土地,沙崙段1147-7地號,934.0,,一般農業區,農牧用地,1150519,土地2建物0車位0,,,其他,,,,0.0,0,0,0,無,無,19830000,21231,,0.0,0,預售屋、或土地及建物分件登記案件；,RPQOMLQJQHLGFID56DA,0.0,0.0,0.0,無,
永康區,房地(土地+建物),臺南市永康區五王里中華路５７８巷２之２號六樓之１,3.97,都市：其他:住宅區,,,1150530,土地2建物1車位0,六層,八層,華廈(10層含以下有電梯),住家用,鋼筋混凝土造,0851028,23.31,1,0,1,有,有,1600000,68640,,0.0,0,,RPXNMLQJQHLGFKD37DA,14.95,0.0,2.36,有,
中西區,土地,中正段707地號,135.38,都市：其他:商業區,,,1150518,土地3建物0車位0,,,其他,,,,0.0,0,0,0,無,無,17000000,125572,,0.0,0,未登記建物；,RPPOMLOJQHLGFAD08DA,0.0,0.0,0.0,無,
中西區,土地,中正段699地號,162.4,都市：其他:商業區,,,1150518,土地10建物0車位0,,,其他,,,,0.0,0,0,0,無,無,16750000,103140,,0.0,0,包含公共設施保留地用地；,RPQOMLOJQHLGFAD18DA,0.0,0.0,0.0,無,
安南區,房地(土地+建物),臺南市安南區環館路３５０巷７號,156.3,都市：其他:住宅區,,,1150509,土地5建物1車位0,全,四層,透天厝,住家用,鋼筋混凝土造,1140904,290.12,3,2,3,有,有,31180000,107469,,0.0,0,,RPSNMLSKPHLGFBD78DA,264.26,0.0,21.89,有,
南區,房地(土地+建物),臺南市南區明興路８８３巷３６號,69.02,都市：其他:住宅區,,,1150506,土地1建物1車位0,全,三層,透天厝,住家用,鋼筋混凝土造,1140521,154.5,4,2,3,有,無,17350000,112298,,0.0,0,,RPUNMLPJQHLGFCD78DA,145.95,0.0,8.55,無,
麻豆區,土地,興農段639地號,59.0,都市：其他:道路用地,,,1150518,土地2建物0車位0,,,其他,,,,0.0,0,0,0,無,無,480000,8136,,0.0,0,包含公共設施保留地用地；,RPPNMLLMPHLGFFD38DA,0.0,0.0,0.0,無,
麻豆區,土地,中興段924地號,533.0,都市：其他:道路用地,,,1150518,土地2建物0車位0,,,其他,,,,0.0,0,0,0,無,無,36600000,68668,,0.0,0,包含公共設施保留地用地；,SPPNMLLMPHLGFFD48DA,0.0,0.0,0.0,無,
歸仁區,土地,沙崙段1147-10地號,2622.0,,一般農業區,農牧用地,1150519,土地3建物0車位0,,,其他,,,,0.0,0,0,0,無,無,55670000,21232,,0.0,0,預售屋、或土地及建物分件登記案件；,RPOOMLQJQHLGFID98DA,0.0,0.0,0.0,無,
永康區,房地(土地+建物),臺南市永康區復興路１巷２６號,1508.0,都市：其他:零星工廠區,,,1150515,土地1建物1車位0,全,二層,透天厝,工業用,加強磚造／鐵骨造,0700126,1495.03,1,0,4,有,無,90000000,60199,,0.0,0,土地價款8370萬建物價款630萬,RPSNMLOJQHLGFKD66DA,1495.03,0.0,0.0,無,
東區,房地(土地+建物),臺南市東區仁和路１０３號,73.0,都市：其他:住宅區,,,1150531,土地1建物1車位0,全,三層,透天厝,住商用,鋼筋混凝土造,0680911,157.32,5,2,4,有,無,13800000,87719,,0.0,0,頂樓加蓋；其他增建；,RPPNMLKKQHLGFCD97EA,157.32,0.0,0.0,無,
官田區,房地(土地+建物),臺南市官田區二鎮里工業西路８號,6738.0,都市：其他:甲種工業區,,,1150506,土地1建物3車位0,全,一層,透天厝,工業用,鋼造,0780227,3052.97,0,1,2,有,無,346500000,113496,,0.0,0,頂樓加蓋；,RPPNMLRJQHLGFFD88EA,3048.83,0.0,4.14,無,209
北區,房地(土地+建物),臺南市北區大興街１６４巷１１號,85.05,都市：其他:住宅區,,,1150506,土地1建物1車位0,全,二層,透天厝,住家用,加強磚造,0690908,105.88,2,2,2,有,無,9000000,85002,,0.0,0,親友、員工、共有人或其他特殊關係間之交易；其他增建；,RPWNMLKKQHLGFAD38DA,105.88,0.0,0.0,無,
東區,房地(土地+建物),臺南市東區文化六街２０號,86.0,都市：其他:住宅區,,,1150530,土地1建物1車位0,全,五層,透天厝,住家用,鋼筋混凝土造,0941014,247.0,4,2,5,有,無,25600000,103644,,0.0,0,其他增建；,RPOOMLLJPHLGFCD77DA,218.27,0.79,27.94,無,
東區,房地(土地+建物),臺南市東區崇明十五街５１號,227.0,都市：其他:住宅區,,,1150531,土地1建物1車位0,全,二層,透天厝,住家用,鋼筋混凝土造,0741118,341.48,4,3,3,有,無,32600000,95467,,0.0,0,頂樓加蓋；其他增建；,RPPOMLKKQHLGFCD97DA,325.21,0.0,16.27,無,
新營區,土地,太子宮段埤子底小段313地號,2527.0,,特定農業區,農牧用地,1150522,土地1建物0車位0,,,其他,,,,0.0,0,0,0,無,無,4000000,1583,,0.0,0,,RPQNMLTJQHLGFDD88DA,0.0,0.0,0.0,無,
新市區,房地(土地+建物),臺南市新市區內１１８之１３號,84.18,,鄉村區,乙種建築用地,1150523,土地2建物1車位0,全,四層,透天厝,住家用,鋼筋混凝土造,1121213,199.18,4,2,4,有,無,18880000,94789,,0.0,0,,RPUNMLKKQHLGFHD88DA,195.25,0.0,3.93,無,
仁德區,土地,新工段1635-1地號,559.2,都市：其他:住宅區,,,1150506,土地1建物0車位0,,,其他,,,,0.0,0,0,0,無,無,43980000,78648,,0.0,0,,RPPNMLRLPHLGFID56DA,0.0,0.0,0.0,無,
楠西區,土地,中興段492-14地號,1.03,都市：其他:住宅區,,,1150518,土地1建物0車位0,,,其他,,,,0.0,0,0,0,無,無,7622,7400,,0.0,0,,RPSNMLTJPHLGFJD96DA,0.0,0.0,0.0,無,
永康區,房地(土地+建物)+車位,臺南市永康區永康里永中街３２號五樓之５,24.24,都市：其他:住宅區,,,1150527,土地1建物1車位1,五層,七層,華廈(10層含以下有電梯),住家用,鋼筋混凝土造,0821110,136.36,3,1,2,有,有,3200000,23467,升降機械,0.0,0,親友、員工、共有人或其他特殊關係間之交易；,RPUNMLKMOHLGFKD56DA,90.69,0.0,11.12,有,
南區,房地(土地+建物),臺南市南區明興路８８３巷２７號,132.95,都市：其他:住宅區,,,1150513,土地1建物1車位0,全,二層,透天厝,住家用,鋼筋混凝土造,0780410,165.49,4,3,3,有,無,10900000,65865,,0.0,0,夾層；其他增建；,RPSNMLMKQHLGFCD38DA,152.88,0.0,12.61,無,
北區,房地(土地+建物)+車位,臺南市北區西門路三段１５１號十五樓之１,14.84,都市：其他:商業區,,,1150521,土地1建物1車位1,十五層,十九層,住宅大樓(11層含以上有電梯),住家用,鋼筋混凝土造,0980908,204.69,3,2,2,有,有,20380000,99565,坡道平面,35.13,0,陽台外推；其他增建；,RPPOMLLLNHLGFAD67DA,98.67,0.0,14.23,有,
新營區,土地,東站段181地號,258.99,都市：其他:乙種工業區,,,1150506,土地1建物0車位0,,,其他,,,,0.0,0,0,0,無,無,6000000,23167,,0.0,0,,RPPNMLSJQHLGFDD68DA,0.0,0.0,0.0,無,
新營區,房地(土地+建物)+車位,臺南市新營區新進路６９之５號九樓,26.64,都市：其他:住宅區,,,1150518,土地1建物1車位1,九層,十層,華廈(10層含以下有電梯),住家用,鋼筋混凝土造,0870903,167.04000000000002,3,2,2,有,有,6680000,39990,坡道機械,16.49,0,陽台外推；,RPUNMLMKQHLGFDD68DA,94.35,0.0,18.58,有,
鹽水區,房地(土地+建物),臺南市鹽水區水正里１鄰中山路２之５５號,151.7,都市：其他:住宅區,,,1150513,土地4建物1車位0,全,四層,透天厝,住家用,鋼筋混凝土造,0951218,249.29,6,3,4,有,無,12850000,51546,,0.0,0,,RPWNMLNKQHLGFDD98DA,246.45,0.0,2.84,無,
柳營區,房地(土地+建物),臺南市柳營區柳營路一段５３７號五樓之二,24.35,,一般農業區,甲種建築用地,1150529,土地1建物1車位0,五層,五層,華廈(10層含以下有電梯),住家用,鋼筋混凝土造,1140414,75.33,2,2,2,有,有,4710000,62525,,0.0,0,,RPPNMLOKQHLGFDD38DA,53.25,0.0,4.48,有,210
佳里區,房地(土地+建物),臺南市佳里區營溪里營頂１０３之７２號,240.62,,特定農業區,甲種建築用地,1150515,土地3建物1車位0,全,三層,透天厝,住家用,鋼筋混凝土造,1040306,174.55,4,2,3,有,無,10200000,58436,,0.0,0,其他增建；,RPPOMLSJOHLGFGD88DA,150.6,0.0,23.95,無,
南化區,土地,南庄段488地號,466.17,,鄉村區,乙種建築用地,1150505,土地5建物0車位0,,,其他,,,,0.0,0,0,0,無,無,5800000,12442,,0.0,0,,RPPNMLSKOHLGFJD56DA,0.0,0.0,0.0,無,
永康區,房地(土地+建物),臺南市永康區中山南路４９０巷４５號,74.23,都市：其他:住宅區,,,1150531,土地1建物1車位0,全,二層,透天厝,住家用,加強磚造,0720905,110.06,3,2,3,有,無,8380000,76140,,0.0,0,未登記建物；,RPPNMLQLOHLGFKD56DA,101.47,3.84,4.75,無,
永康區,房地(土地+建物),臺南市永康區永興路３５５巷７２號,134.75,都市：其他:住宅區,,,1150528,土地3建物1車位0,全,四層,透天厝,住家用,鋼筋混凝土構造,1011015,263.05,4,2,4,有,有,23000000,87436,,0.0,0,本案有拆土地價物價款，土地價格新台幣貳仟零肆拾萬元整，建物價格新台幣貳佰陸拾萬元整。,RPSNMLQJQHLGFKD86DA,249.2,1.07,12.78,有,
永康區,房地(土地+建物)+車位,臺南市永康區復華三街６４號八樓之７,11.34,都市：其他:市場用地,,,1150509,土地1建物1車位1,八層,十九層,住宅大樓(11層含以上有電梯),住家用,鋼筋混凝土造,0840908,126.62,4,2,2,有,有,6250000,49360,坡道平面,0.0,0,,RPRNMLKKQHLGFKD88DA,85.92,0.0,7.0,有,
中西區,房地(土地+建物)+車位,臺南市中西區民生路二段３９２號九樓,56.47,都市：其他:住宅區,,,1150514,土地1建物1車位2,九層,十三層,住宅大樓(11層含以上有電梯),住家用,鋼筋混凝土造,0880716,380.42,4,2,3,有,有,23400000,61511,坡道平面,53.3,0,,RPRQMLRLPHLGFAD88DA,224.22,0.0,26.39,有,211
南區,土地,鹽埕段2485地號,150.75,都市：其他:住宅區,,,1150516,土地1建物0車位0,,,其他,,,,0.0,0,0,0,無,無,13002000,86249,,0.0,0,親友、員工、共有人或其他特殊關係間之交易；,RPTNMLMKQHLGFCD48DA,0.0,0.0,0.0,無,
歸仁區,房地(土地+建物),臺南市歸仁區長榮路二段１４５巷５５弄８號,116.0,,鄉村區,乙種建築用地,1150526,土地2建物1車位0,全,四層,透天厝,住家用,鋼筋混凝土造,1140610,248.71,5,2,6,有,無,19880000,79932,,0.0,0,其他增建；,RPSNMLRJQHLGFID76DA,231.9,0.0,16.81,無,
仁德區,土地,後壁段572地號,19.76,都市：其他:道路用地,,,1150508,土地1建物0車位0,,,其他,,,,0.0,0,0,0,無,無,145000,7338,,0.0,0,包含公共設施保留地用地；,RPRNMLLKQHLGFID78DA,0.0,0.0,0.0,無,212
新營區,房地(土地+建物),臺南市新營區公園路一段２８６巷２５號,174.03,都市：其他:道路用地,,,1150526,土地3建物1車位0,全,三層,透天厝,住家用,鋼筋混凝土造,1140320,257.85,5,2,5,有,無,25800000,100058,,0.0,0,,RPPNMLSKQHLGFDD88EA,233.7,0.0,24.15,無,
安南區,房地(土地+建物)+車位,臺南市安南區館前一路１１２號四樓之１,45.09,都市：其他:住宅區,,,1150524,土地1建物1車位1,四層,七層,華廈(10層含以下有電梯),住家用,鋼筋混凝土造,1031105,167.38,3,2,2,有,有,12000000,71693,坡道平面,20.19,0,其他增建；,RPOOMLNLOHLGFBD97DA,96.4,0.0,8.7,有,213
鹽水區,房地(土地+建物),臺南市鹽水區仁愛路６２０之１號,135.82,都市：其他:住宅區,,,1150523,土地2建物1車位0,全,四層,透天厝,住家用,鋼筋混凝土造,1121016,243.70999999999998,5,2,3,有,無,13000000,53342,,0.0,0,其他增建；,RPPNMLOJQHLGFDD28DA,222.7,0.0,20.72,無,
大內區,土地,石仔瀨北段1109地號,12.04,都市：其他:農業區,,,1150515,土地10建物0車位0,,,其他,,,,0.0,0,0,0,無,無,48187,4002,,0.0,0,全部依公告現值加4成出售親友、員工、共有人或其他特殊關係間之交易；包含公共設施保留地用地；,RPTNMLMLOHLGFFD68DA,0.0,0.0,0.0,無,214
大內區,土地,石仔瀨北段1109地號,13.04,都市：其他:農業區,,,1150515,土地10建物0車位0,,,其他,,,,0.0,0,0,0,無,無,52204,4003,,0.0,0,全部依公告現值加4成出售親友、員工、共有人或其他特殊關係間之交易；包含公共設施保留地用地；,RPUNMLMLOHLGFFD78DA,0.0,0.0,0.0,無,214
大內區,土地,石仔瀨北段1109地號,8.02,都市：其他:農業區,,,1150516,土地10建物0車位0,,,其他,,,,0.0,0,0,0,無,無,32125,4006,,0.0,0,全部依公告現值加4成出售親友、員工、共有人或其他特殊關係間之交易；包含公共設施保留地用地；,RPVNMLMLOHLGFFD88DA,0.0,0.0,0.0,無,214
大內區,土地,石仔瀨北段1109地號,8.02,都市：其他:農業區,,,1150516,土地10建物0車位0,,,其他,,,,0.0,0,0,0,無,無,32125,4006,,0.0,0,全部依公告現值加4成出售親友、員工、共有人或其他特殊關係間之交易；包含公共設施保留地用地；,RPWNMLMLOHLGFFD98DA,0.0,0.0,0.0,無,214
大內區,土地,石仔瀨北段1109地號,208.65,都市：其他:農業區,,,1150516,土地10建物0車位0,,,其他,,,,0.0,0,0,0,無,無,835261,4003,,0.0,0,全部依公告現值加4成出售親友、員工、共有人或其他特殊關係間之交易；包含公共設施保留地用地；,RPXNMLMLOHLGFFD09DA,0.0,0.0,0.0,無,214
大內區,土地,石仔瀨北段1109地號,83.46,都市：其他:農業區,,,1150516,土地10建物0車位0,,,其他,,,,0.0,0,0,0,無,無,334105,4003,,0.0,0,全部依公告現值加4成出售親友、員工、共有人或其他特殊關係間之交易；包含公共設施保留地用地；,RPOOMLMLOHLGFFD28DA,0.0,0.0,0.0,無,214
大內區,土地,石仔瀨北段1109地號,17.39,都市：其他:農業區,,,1150516,土地10建物0車位0,,,其他,,,,0.0,0,0,0,無,無,69604,4003,,0.0,0,全部依公告現值加4成出售親友、員工、共有人或其他特殊關係間之交易；包含公共設施保留地用地；,RPPOMLMLOHLGFFD38DA,0.0,0.0,0.0,無,214
七股區,土地,玉成段1564地號,490.86,都市：其他:第一種住宅區,,,1150519,土地3建物0車位0,,,其他,,,,0.0,0,0,0,無,無,13067000,26621,,0.0,0,未登記建物；,RPRNMLPJQHLGFGD88DA,0.0,0.0,0.0,無,
七股區,土地,大文段714地號,204.0,,鄉村區,乙種建築用地,1150512,土地1建物0車位0,,,其他,,,,0.0,0,0,0,無,無,960000,4706,,0.0,0,,RPRNMLRKQHLGFGD56DA,0.0,0.0,0.0,無,
仁德區,房地(土地+建物)+車位,臺南市仁德區保生路３８號十二樓之３,18.22,都市：其他:商業區,,,1150529,土地1建物1車位1,十二層,十五層,住宅大樓(11層含以上有電梯),住家用,鋼筋混凝土造,1141117,155.85,3,2,2,有,有,15300000,103946,坡道平面,24.82,1680000,,RPPOMLOKQHLGFID98DA,77.32,0.0,9.57,有,
東區,房地(土地+建物),臺南市東區中華東路三段３８０巷５５弄１６號,85.0,都市：其他:住宅區,,,1150514,土地1建物1車位0,全,四層,透天厝,住家用,鋼筋混凝土造,0781130,262.6,5,2,3,有,無,18000000,68545,,0.0,0,親友、員工、共有人或其他特殊關係間之交易；,RPPNMLRKQHLGFCD68EA,245.13,0.0,17.47,無,
東區,房地(土地+建物),臺南市東區崇善路４７３號,38.46,都市：其他:住宅區,,,1150522,土地1建物1車位0,全,四層,透天厝,住商用,ＲＣ造,0930219,113.52,4,1,2,有,無,10000000,88090,,0.0,0,親友、員工、共有人或其他特殊關係間之交易；,RPUNMLSKQHLGFCD56DA,97.34,0.0,16.18,無,
大內區,土地,石仔瀨北段1109地號,16.05,都市：其他:農業區,,,1150520,土地10建物0車位0,,,其他,,,,0.0,0,0,0,無,無,64251,4003,,0.0,0,全部依公告現值出售親友、員工、共有人或其他特殊關係間之交易；包含公共設施保留地用地；,RPQOMLMLOHLGFFD48DA,0.0,0.0,0.0,無,
大內區,土地,石仔瀨北段1109地號,17.39,都市：其他:農業區,,,1150525,土地10建物0車位0,,,其他,,,,0.0,0,0,0,無,無,69604,4003,,0.0,0,全部依公告現值加4成出售親友、員工、共有人或其他特殊關係間之交易；包含公共設施保留地用地；,RPROMLMLOHLGFFD58DA,0.0,0.0,0.0,無,
麻豆區,土地,興農段48地號,288.0,都市：其他:住宅區,,,1150529,土地1建物0車位0,,,其他,,,,0.0,0,0,0,無,無,13068000,45375,,0.0,0,,RPUNMLQJPHLGFFD09DA,0.0,0.0,0.0,無,
關廟區,房地(土地+建物)+車位,臺南市關廟區北新一街１０號六樓之６,30.9,都市：其他:住宅區,,,1150530,土地1建物1車位1,六層,十層,華廈(10層含以下有電梯),住家用,鋼筋混凝土造,1121117,117.9,3,2,2,有,有,8000000,67854,坡道機械,15.87,0,,RPSPMLKMPHLGFID09DA,67.17,0.0,8.27,有,
歸仁區,房地(土地+建物)+車位,臺南市歸仁區智慧三街９號十二樓之６,24.0,都市：其他:住宅區,,,1150526,土地1建物1車位1,十二層,十三層,住宅大樓(11層含以上有電梯),住家用,鋼筋混凝土造,1140918,115.72999999999999,2,2,1,有,有,10600000,98663,坡道平面,24.51,1600000,,RPSOMLRJQHLGFID86DA,54.63,0.0,5.91,有,
歸仁區,房地(土地+建物)+車位,臺南市歸仁區智慧三街５號八樓之１,34.05,都市：其他:住宅區,,,1150507,土地1建物1車位1,八層,十三層,住宅大樓(11層含以上有電梯),住家用,鋼筋混凝土造,1140918,155.01,3,2,2,有,有,13910000,94402,坡道平面,25.67,1700000,,RPTOMLRJQHLGFID96DA,79.08,0.0,6.84,有,
七股區,土地,新生段8-25地號,45000.0,,一般農業區,養殖用地,1150526,土地1建物0車位0,,,其他,,,,0.0,0,0,0,無,無,35260200,784,,0.0,0,,RPPNMLSKQHLGFGD56EA,0.0,0.0,0.0,無,
歸仁區,房地(土地+建物)+車位,臺南市歸仁區高發二路２９０號,30.26,都市：其他:商業區,,,1150425,土地1建物1車位1,一層，騎樓,十五層,住宅大樓(11層含以上有電梯),商業用,鋼筋混凝土造,1120808,102.12,0,0,0,無,有,15000000,146886,坡道平面,20.61,0,,RPPOMLSKOHLGFID56DA,60.91,0.0,0.0,有,221
南區,房地(土地+建物)+車位,臺南市南區水交社路１號十四樓之１３,24.37,都市：其他:住宅區,,,1150422,土地3建物1車位1,十四層,十四層,住宅大樓(11層含以上有電梯),住家用,鋼筋混凝土造,1061101,156.45,3,2,2,有,有,13500000,86290,坡道平面,27.64,0,,RPUNMLKKPHLGFCD28DA,77.84,0.0,5.88,有,222
永康區,房地(土地+建物),臺南市永康區正強里四維街１８１巷１７號,86.36,都市：其他:住宅區,,,1150426,土地1建物1車位0,全,二層,透天厝,住家用,加強磚造,0750515,114.88,6,2,2,有,無,7500000,65286,,0.0,0,交易內含台糖承租地其他增建為壹樓前方、壹樓後方、參樓其他增建；,RPPNMLKKQHLGFKD68DA,95.36,15.43,4.09,無,
東區,房地(土地+建物)+車位,臺南市東區仁和路２５７號十三樓之１,22.84,都市：其他:住宅區,,,1150415,土地1建物1車位1,十三層,十三層,住宅大樓(11層含以上有電梯),住家用,鋼筋混凝土造,1140205,158.5,3,2,2,有,有,17110000,124517,坡道平面,36.99,1980000,其他增建；預售屋、或土地及建物分件登記案件；,RPOOMLQJQHLGFCD38DA,71.09,0.0,6.1,有,
東區,房地(土地+建物)+車位,臺南市東區仁和路２５７號十三樓之２,22.84,都市：其他:住宅區,,,1150415,土地1建物1車位1,十三層,十三層,住宅大樓(11層含以上有電梯),住家用,鋼筋混凝土造,1140205,151.03,3,2,2,有,有,16910000,124517,坡道平面,29.52,1780000,其他增建；預售屋、或土地及建物分件登記案件；,RPPOMLQJQHLGFCD48DA,71.09,0.0,6.1,有,
東區,房地(土地+建物)+車位,臺南市東區仁和路２５７號十三樓之３,16.94,都市：其他:住宅區,,,1150415,土地1建物1車位1,十三層,十三層,住宅大樓(11層含以上有電梯),住家用,鋼筋混凝土造,1140205,105.65,2,2,2,有,有,13560000,128348,一樓平面,0.0,1880000,本戶車位為法定空地上一樓平面車位。其他增建；預售屋、或土地及建物分件登記案件；,RPQOMLQJQHLGFCD58DA,52.55,0.0,4.75,有,
東區,房地(土地+建物)+車位,臺南市東區仁和路２５７號十三樓之５,17.1,都市：其他:住宅區,,,1150415,土地1建物1車位1,十三層,十三層,住宅大樓(11層含以上有電梯),住家用,鋼筋混凝土造,1140205,106.4,2,2,2,有,有,13860000,130263,一樓平面,0.0,1880000,本戶車位為法定空地上一樓平面車位。其他增建；預售屋、或土地及建物分件登記案件；,RPROMLQJQHLGFCD68DA,52.7,0.0,5.12,有,
東區,房地(土地+建物)+車位,臺南市東區仁和路２５７號十三樓之６,16.67,都市：其他:住宅區,,,1150415,土地1建物1車位1,十三層,十三層,住宅大樓(11層含以上有電梯),住家用,鋼筋混凝土造,1140205,104.25,2,2,2,有,有,13560000,130072,一樓平面,0.0,1880000,本戶車位為法定空地上一樓平面車位。其他增建；預售屋、或土地及建物分件登記案件；,RPSOMLQJQHLGFCD78DA,51.74,0.0,4.68,有,
歸仁區,房地(土地+建物)+車位,臺南市歸仁區智慧三街９號五樓之５,33.29,都市：其他:住宅區,,,1150417,土地1建物1車位1,五層,十三層,住宅大樓(11層含以上有電梯),住家用,鋼筋混凝土造,1140918,152.10000000000002,3,2,2,有,有,13640000,94440,坡道平面,25.67,1700000,,RPTNMLQJQHLGFID76DA,76.57,0.0,7.41,有,
麻豆區,土地,興國段794地號,1429.11,都市：其他:農業區,,,1150429,土地2建物0車位0,,,其他,,,,0.0,0,0,0,無,無,4500000,3149,,0.0,0,農作物；,RPWNMLSLPHLGFFD07DA,0.0,0.0,0.0,無,
新市區,房地(土地+建物)+車位,臺南市新市區富安路６９號五樓之２,25.08,都市：其他:住宅區,,,1150419,土地1建物1車位1,五層,十一層,住宅大樓(11層含以上有電梯),住家用,鋼筋混凝土造,1110602,142.48000000000002,3,2,2,有,有,14500000,101769,坡道平面,24.83,0,,RPPOMLLKQHLGFHD58DA,71.27,1.63,4.66,有,223
關廟區,土地,南花段918地號,740.0,都市：其他:住宅區,,,1150417,土地3建物0車位0,,,其他,,,,0.0,0,0,0,無,無,33574500,45371,,0.0,0,本買賣土地上之未保存登記建物，於土地登記完成後，由賣方拆除建物後點交土地。未登記建物；,RPRNMLNJQHLGFID88DA,0.0,0.0,0.0,無,224
永康區,房地(土地+建物)+車位,臺南市永康區東橋七路３６１號九樓之６,24.87,都市：其他:住宅區,,,1150422,土地1建物1車位1,九層,十八層,住宅大樓(11層含以上有電梯),住家用,鋼筋混凝土構造,1071214,161.53,2,2,2,有,有,17300000,107101,坡道平面,19.23,0,,RPVOMLKMPHLGFKD86DA,82.19,0.0,10.56,有,225
永康區,房地(土地+建物),臺南市永康區永正路１０３號,177.28,都市：其他:住宅區,,,1150430,土地2建物1車位0,全,四層,透天厝,住家用,鋼筋混凝土造,0980709,355.0,6,0,3,有,無,35000000,98592,,0.0,0,頂樓加蓋；,RPQNMLOJQHLGFKD09DA,346.32,0.0,8.68,無,
東區,房地(土地+建物)+車位,臺南市東區崇明路１２３號,20.69,都市：其他:住宅區,,,1150403,土地1建物1車位1,一層，二層，騎樓,十六層,住宅大樓(11層含以上有電梯),住商用,鋼筋混凝土造,0850203,216.47,2,1,1,有,有,17000000,78533,坡道平面,0.0,0,,RPPNMLMKQHLGFCD18EA,148.13,0.0,10.81,有,
北區,土地,大北門段508地號,1.4,都市：其他:細部計畫道路用地,,,1150422,土地2建物0車位0,,,其他,,,,0.0,0,0,0,無,無,160851,114894,,0.0,0,包含公共設施保留地用地；,RPQNMLQKPHLGFAD28DA,0.0,0.0,0.0,無,
安定區,土地,海寮段1812地號,1700.0,,特定農業區,農牧用地,1150403,土地1建物0車位0,,,其他,,,,0.0,0,0,0,無,無,8415000,4950,,0.0,0,農作物；,RPWNMLOJQHLGFHD76DA,0.0,0.0,0.0,無,
新化區,房地(土地+建物),臺南市新化區竹子２４７之２１４號,90.46,,特定農業區,甲種建築用地,1150404,土地12建物1車位0,全,四層,透天厝,住家用,鋼筋混凝土造,0830816,207.42,6,2,3,有,有,9000000,43390,,0.0,0,其他增建；,RPUNMLLKQHLGFHD98DA,191.22,0.12,15.67,無,
新市區,土地,大洲段986地號,623.6,都市：其他:農業區,,,1150421,土地1建物0車位0,,,其他,,,,0.0,0,0,0,無,無,8231454,13200,,0.0,0,協議價購；,RPUNMLSKQHLGFHD07DA,0.0,0.0,0.0,無,226
新市區,土地,大洲段986地號,623.6,都市：其他:農業區,,,1150421,土地1建物0車位0,,,其他,,,,0.0,0,0,0,無,無,8231454,13200,,0.0,0,協議價購；,RPWNMLSKQHLGFHD27DA,0.0,0.0,0.0,無,226
新市區,土地,大洲段986地號,311.8,都市：其他:農業區,,,1150421,土地1建物0車位0,,,其他,,,,0.0,0,0,0,無,無,4115727,13200,,0.0,0,協議價購；,RPXNMLSKQHLGFHD37DA,0.0,0.0,0.0,無,226
新市區,土地,大洲段986地號,311.8,都市：其他:農業區,,,1150421,土地1建物0車位0,,,其他,,,,0.0,0,0,0,無,無,4115727,13200,,0.0,0,協議價購；,RPOOMLSKQHLGFHD56DA,0.0,0.0,0.0,無,226
新市區,土地,大洲段959-1地號,1188.0,都市：其他:農業區,,,1150421,土地1建物0車位0,,,其他,,,,0.0,0,0,0,無,無,15681600,13200,,0.0,0,協議價購；,RPPOMLSKQHLGFHD66DA,0.0,0.0,0.0,無,
新市區,土地,大洲段982地號,48.0,都市：其他:河川區,,,1150430,土地1建物0車位0,,,其他,,,,0.0,0,0,0,無,無,633600,13200,,0.0,0,協議價購；,RPQOMLSKQHLGFHD76DA,0.0,0.0,0.0,無,
新市區,土地,大洲段980-1地號,240.0,都市：其他:農業區,,,1150421,土地2建物0車位0,,,其他,,,,0.0,0,0,0,無,無,3168000,13200,,0.0,0,協議價購；,RPTOMLSKQHLGFHD07DA,0.0,0.0,0.0,無,
安南區,房地(土地+建物),臺南市安南區安中路三段３１６巷８號,111.16,都市：其他:住宅區,,,1150406,土地2建物1車位0,全,四層,透天厝,住家用,鋼筋混凝土造,0840126,245.26,5,3,4,有,無,11000000,44850,,0.0,0,親友、員工、共有人或其他特殊關係間之交易；,RPVNMLKMPHLGFBD48DA,237.39,2.76,5.11,無,230
安南區,房地(土地+建物)+車位,臺南市安南區永續三街２６６號十二樓之６,20.85,都市：其他:住宅區,,,1150407,土地1建物1車位1,十二層,十五層,住宅大樓(11層含以上有電梯),住家用,鋼筋混凝土造,1100114,149.29000000000002,3,2,2,有,有,11200000,75022,坡道平面,25.6,0,,RPQNMLOJQHLGFBD18DA,72.81,0.0,12.37,有,231
永康區,建物,臺南市永康區五王里南工街２８１號,0.0,,,,1150428,土地0建物1車位0,全,一層,透天厝,住家用,磚造,0631007,61.21,3,2,3,有,無,5200000,84953,,0.0,0,土地282、283地號為向仁愛之家租賃使用；建物坐落地號：仁愛段282地號；其他增建；,RPQNMLOLPHLGFKD56DA,61.21,0.0,0.0,無,
永康區,房地(土地+建物),臺南市永康區中山南路２８５號,573.38,都市：其他:工業區,,,1150430,土地3建物1車位0,全,一層,透天厝,工業用,鋼骨造,0861009,158.76,0,0,0,無,無,62000000,390527,,0.0,0,土地售價:6034萬元整；建物售價:166萬元整其他增建；未登記建物；,RPSNMLLKQHLGFKD09DA,158.76,0.0,0.0,無,
永康區,房地(土地+建物),臺南市永康區蔦松三街１４７巷３６號,1915.23,都市：其他:工業區,,,1150430,土地1建物1車位0,全,一層,透天厝,工業用,鋼骨構造有牆,1010303,167.96,0,0,0,無,無,108000000,643010,,0.0,0,另有一貨櫃屋及廁所一間未登記建物；,RPOQMLNKQHLGFKD56DA,167.96,0.0,0.0,無,
永康區,土地,龍潭段1044地號,209.56,都市：其他:住宅區,,,1150401,土地5建物0車位0,,,其他,,,,0.0,0,0,0,無,無,10150000,48435,,0.0,0,龍潭段1041地號買賣價為：15768元；1041-1地號買賣價為：462元；1044地號買賣價為：9091690元；1044-1地號買賣價為：1028040元；1047地號買賣價為：14040元；包含公共設施保留地用地；,RPOOMLRKQHLGFKD76DA,0.0,0.0,0.0,無,
西港區,房地(土地+建物),臺南市西港區新興街８之６７號,77.0,都市：其他:道路用地,,,1150320,土地2建物1車位0,全,三層,透天厝,住家用,鋼筋混凝土造,1140205,173.38,4,2,3,有,無,12950000,74691,,0.0,0,,RPTNMLMJPHLGFGD68DA,160.41,0.0,12.97,無,
柳營區,土地,雙和段766-5地號,207.73,都市：其他:住宅區,,,1150305,土地1建物0車位0,,,其他,,,,0.0,0,0,0,無,無,5000000,24070,,0.0,0,,RPQNMLLKNHLGFDD87DA,0.0,0.0,0.0,無,
永康區,房地(土地+建物)+車位,臺南市永康區復國一路５３７號六樓之１,28.73,都市：其他:住宅區,,,1150302,土地1建物1車位2,六層,十五層,住宅大樓(11層含以上有電梯),住家用,鋼筋混凝土造,1150629,195.82,3,2,2,有,有,17100000,106593,坡道平面,60.82,2710000,預售屋、或土地及建物分件登記案件；,RPVNMLOLPHLGFKD07DA,79.46,0.0,9.52,有,
歸仁區,房地(土地+建物)+車位,臺南市歸仁區智慧三街５號三樓之２,40.47,都市：其他:住宅區,,,1150304,土地1建物1車位2,三層,十三層,住宅大樓(11層含以上有電梯),住家用,鋼筋混凝土造,1140918,203.78,4,2,2,有,有,18680000,99479,坡道平面,50.18,3400000,115.05.21 成屋讓渡，關係：父女。預售屋、或土地及建物分件登記案件；,RPSNMLPJQHLGFID56DA,94.03,0.0,8.05,有,
安南區,房地(土地+建物),臺南市安南區同安路１６７巷３號,109.37,都市：其他:住宅區,,,1150326,土地1建物1車位0,全,三層,透天厝,住商用,鋼筋混凝土造,0791123,203.97,3,2,3,有,無,13720000,67265,,0.0,0,頂樓加蓋；其他增建；,RPQNMLNKQHLGFBD18DA,190.61,0.0,13.36,無,232
大內區,土地,石仔瀨北段1109地號,418.3,都市：其他:農業區,,,1150321,土地10建物0車位0,,,其他,,,,0.0,0,0,0,無,無,1674538,4003,,0.0,0,全部依公告現值加4成出售親友、員工、共有人或其他特殊關係間之交易；包含公共設施保留地用地；,RPRNMLMLOHLGFFD48DA,0.0,0.0,0.0,無,214
新化區,房地(土地+建物),臺南市新化區中正路６９１巷４２之２號,91.28,都市：其他:住宅區,,,1150308,土地2建物1車位0,全,二層,透天厝,住家用,加強磚造,0700300,104.92,3,2,2,有,無,3470000,33073,,0.0,0,陽台外推；頂樓加蓋；其他增建；,RPQNMLNKQHLGFHD78DA,104.92,0.0,0.0,無,
安平區,房地(土地+建物),臺南市安平區健康二街４３９號,89.0,都市：其他:第六種住宅區,,,1150322,土地1建物1車位0,全,三層,透天厝,住商用,鋼筋混凝土造,0761103,162.79,4,2,3,有,無,19680000,120892,,0.0,0,,RPUPMLLKQHLGFAD48DA,155.08,0.0,7.71,無,234
大內區,土地,石仔瀨北段1109地號,16.05,都市：其他:農業區,,,1150330,土地10建物0車位0,,,其他,,,,0.0,0,0,0,無,無,64251,4003,,0.0,0,全部依公告現值加4成山出售親友、員工、共有人或其他特殊關係間之交易；包含公共設施保留地用地；,RPSNMLMLOHLGFFD58DA,0.0,0.0,0.0,無,214
仁德區,房地(土地+建物),臺南市仁德區中正西路３５３巷６１弄８號,92.62,都市：其他:道路用地,,,1150329,土地3建物1車位0,全,四層,透天厝,住家用,鋼筋混凝土造,1150515,220.23,4,2,5,有,無,15500000,70381,,0.0,0,預售屋、或土地及建物分件登記案件；,RPTNMLRKQHLGFID96DA,203.97,0.0,16.26,無,
新營區,房地(土地+建物)+車位,臺南市新營區金華路一段２３０號十樓之五,26.36,都市：其他:住宅區,,,1150310,土地1建物1車位1,十層,十二層,住宅大樓(11層含以上有電梯),住家用,鋼筋混凝土造,1141110,142.75,3,2,2,有,無,12670000,92533,一樓平面,27.44,2000000,,RPPNMLTKQHLGFDD98EA,68.76,0.0,5.54,有,
山上區,土地,媽祖段514-1地號,195.95,都市：其他:住宅區,,,1150203,土地2建物0車位0,,,其他,,,,0.0,0,0,0,無,無,5521938,28180,,0.0,0,權利讓渡,RPSOMLQJQHLGFHD66DA,0.0,0.0,0.0,無,
山上區,土地,媽祖段514-1地號,195.95,都市：其他:住宅區,,,1150207,土地2建物0車位0,,,其他,,,,0.0,0,0,0,無,無,5521938,28180,,0.0,0,權利讓渡,RPTOMLQJQHLGFHD76DA,0.0,0.0,0.0,無,
永康區,房地(土地+建物)+車位,臺南市永康區復國一路５３５號十二樓之３,18.88,都市：其他:住宅區,,,1150205,土地1建物1車位2,十二層,十四層,住宅大樓(11層含以上有電梯),住家用,鋼筋混凝土造,1150629,148.89999999999998,2,2,1,有,有,12580000,109900,坡道平面,60.82,2900000,預售屋、或土地及建物分件登記案件；,RPUNMLOLPHLGFKD96DA,52.64,0.0,5.44,有,
安南區,土地,鎮安段1658地號,82.06,都市：其他:細部計畫道路用地,,,1150213,土地3建物0車位0,,,其他,,,,0.0,0,0,0,無,無,2610000,31806,,0.0,0,未登記建物；,RPRNMLMKQHLGFBD18DA,0.0,0.0,0.0,無,
安南區,土地,鎮安段1657地號,247.94,都市：其他:細部計畫道路用地,,,1150213,土地5建物0車位0,,,其他,,,,0.0,0,0,0,無,無,7990000,32226,,0.0,0,未登記建物；,RPPNMLMKQHLGFBD97DA,0.0,0.0,0.0,無,236
山上區,土地,媽祖段514-1地號,97.98,都市：其他:住宅區,,,1150203,土地2建物0車位0,,,其他,,,,0.0,0,0,0,無,無,2760969,28179,,0.0,0,權利讓渡,RPOOMLOKQHLGFHD78DA,0.0,0.0,0.0,無,
山上區,土地,媽祖段514-1地號,97.98,都市：其他:住宅區,,,1150203,土地2建物0車位0,,,其他,,,,0.0,0,0,0,無,無,2760969,28179,,0.0,0,權利讓渡,RPPOMLOKQHLGFHD88DA,0.0,0.0,0.0,無,
永康區,房地(土地+建物)+車位,臺南市永康區東橋一路５８６號八樓之３,29.39,都市：其他:住宅區,,,1150215,土地1建物1車位1,八層,十五層,住宅大樓(11層含以上有電梯),住家用,鋼筋混凝土構造,1050829,197.59,3,2,2,有,有,18300000,92616,坡道平面,30.26,0,,RPWNMLNLOHLGFKD96DA,106.63,0.0,10.79,有,
山上區,土地,媽祖段530-6地號,182.09,都市：其他:住宅區,,,1150120,土地1建物0車位0,,,其他,,,,0.0,0,0,0,無,無,9914800,54450,,0.0,0,權利讓渡,RPOPMLQJQHLGFHD98DA,0.0,0.0,0.0,無,
山上區,土地,媽祖段530-5地號,53.56,都市：其他:住宅區,,,1150122,土地1建物0車位0,,,其他,,,,0.0,0,0,0,無,無,2430000,45370,,0.0,0,權利讓渡,RPPPMLQJQHLGFHD09DA,0.0,0.0,0.0,無,
永康區,房地(土地+建物)+車位,臺南市永康區復國一路５３７號十四樓之１,28.73,都市：其他:住宅區,,,1150131,土地1建物1車位2,十四層,十五層,住宅大樓(11層含以上有電梯),住家用,鋼筋混凝土造,1150629,195.82,3,2,2,有,有,17300000,109185,坡道平面,60.82,2560000,預售屋、或土地及建物分件登記案件；,RPTQMLNLPHLGFKD07DA,79.46,0.0,9.52,有,
麻豆區,土地,五王段122-2地號,224.02,都市：其他:農業區,,,1150127,土地4建物0車位0,,,其他,,,,0.0,0,0,0,無,無,9548748,42625,,0.0,0,120地號成交價為83361元122-2地號成交價為8801526元123地號成交價為407714元124地號成交價為256147元交易價格包含其他買賣登記案件標的之價格未登記建物；,RPSNMLPLOHLGFFD88DA,0.0,0.0,0.0,無,237
歸仁區,土地,媽祖廟段2121地號,335.0,,特定農業區,甲種建築用地,1150120,土地1建物0車位0,,,其他,,,,0.0,0,0,0,無,無,3200000,9552,,0.0,0,本案確依土地法第34條之1第一項、第二項、第三項等規定辦理。本標的上之未保存登記建物權屬不明，由買方自行處理。親友、員工、共有人或其他特殊關係間之交易；未登記建物；,RPTNMLOJQHLGFID56DA,0.0,0.0,0.0,無,
麻豆區,土地,五王段121地號,105.44,都市：其他:農業區,,,1150127,土地3建物0車位0,,,其他,,,,0.0,0,0,0,無,無,4830000,45808,,0.0,0,,RPTNMLPLOHLGFFD98DA,0.0,0.0,0.0,無,237
仁德區,土地,神農段648地號,78.57,都市：其他:住宅區,,,1150129,土地1建物0車位0,,,其他,,,,0.0,0,0,0,無,無,1077300,13711,,0.0,0,地清或未辦繼承標售；,RPTNMLNKQHLGFID56DA,0.0,0.0,0.0,無,239
東區,土地,德高段360-9地號,7.33,都市：其他:住宅區,,,1150129,土地1建物0車位0,,,其他,,,,0.0,0,0,0,無,無,300000,40928,,0.0,0,地清或未辦繼承標售；,RPPNMLRJQHLGFCD58EA,0.0,0.0,0.0,無,
仁德區,土地,神農段648地號,45.49,都市：其他:住宅區,,,1150129,土地1建物0車位0,,,其他,,,,0.0,0,0,0,無,無,623700,13711,,0.0,0,地清或未辦繼承標售；,RPUNMLNKQHLGFID66DA,0.0,0.0,0.0,無,239
六甲區,土地,民生段409地號,119.97,都市：其他:商業區,,,1150130,土地2建物0車位0,,,其他,,,,0.0,0,0,0,無,無,2359000,19663,,0.0,0,,RPUNMLOLPHLGFFD09DA,0.0,0.0,0.0,無,
歸仁區,房地(土地+建物)+車位,臺南市歸仁區智慧三街３號九樓之２,32.72,都市：其他:住宅區,,,1150113,土地1建物1車位1,九層,十三層,住宅大樓(11層含以上有電梯),住家用,鋼筋混凝土造,1140918,151.06,3,2,2,有,有,14730000,104073,坡道平面,26.82,1800000,,RPVOMLRJQHLGFID17DA,75.14,0.0,7.41,有,
永康區,房地(土地+建物)+車位,臺南市永康區復國一路５３７號十樓之５,28.46,都市：其他:住宅區,,,1141222,土地1建物1車位2,十層,十五層,住宅大樓(11層含以上有電梯),住家用,鋼筋混凝土造,1150629,195.09,3,2,2,有,有,17520000,111417,坡道平面,60.82,2560000,預售屋、或土地及建物分件登記案件；,RPUQMLNLPHLGFKD17DA,78.76,0.0,9.74,有,
善化區,土地,六分段1251地號,1603.76,,特定農業區,農牧用地,1141219,土地2建物0車位0,,,其他,,,,0.0,0,0,0,無,無,10420000,6497,,0.0,0,未登記建物；,RPPOMLQJQHLGFHD98DA,0.0,0.0,0.0,無,
新市區,土地,大洲段966-4地號,45227.0,都市：其他:農業區,,,1141217,土地8建物0車位0,,,其他,,,,0.0,0,0,0,無,無,596996400,13200,,0.0,0,協議價購；,RPSOMLSKQHLGFHD96DA,0.0,0.0,0.0,無,
永康區,房地(土地+建物)+車位,臺南市永康區復國一路５３７號三樓之２,27.09,都市：其他:住宅區,,,1141204,土地1建物1車位1,三層,十五層,住宅大樓(11層含以上有電梯),住家用,鋼筋混凝土造,1150629,157.36,3,2,2,有,有,15600000,107680,坡道平面,30.41,1930000,預售屋、或土地及建物分件登記案件；,RPSNMLMKQHLGFKD56DA,74.49,0.0,9.21,有,
麻豆區,土地,興國段1492地號,290.26,都市：其他:住宅區,,,1141119,土地2建物0車位0,,,其他,,,,0.0,0,0,0,無,無,16600000,57190,,0.0,0,,RPRNMLQJQHLGFFD88DA,0.0,0.0,0.0,無,
永康區,房地(土地+建物)+車位,臺南市永康區復國一路５３７號十一樓之２,27.09,都市：其他:住宅區,,,1141102,土地1建物1車位1,十一層,十五層,住宅大樓(11層含以上有電梯),住家用,鋼筋混凝土造,1150629,157.36,3,2,2,有,有,16000000,112406,坡道平面,30.41,1730000,預售屋、或土地及建物分件登記案件；,RPOOMLKLPHLGFKD68DA,74.49,0.0,9.21,有,
善化區,房地(土地+建物),臺南市善化區小新營５之１５號四樓之２,36.94,都市：其他:住宅區,,,1141017,土地2建物1車位0,四層,七層,華廈(10層含以下有電梯),住家用,鋼筋混凝土造,1150327,99.83,3,2,2,有,有,8387623,84019,,0.0,0,115年7月30日有簽訂增補契約，因成屋面積有調整，交易金額有找補情形，買方找補金額為97623元。預售屋、或土地及建物分件登記案件；,RPOOMLOJQHLGFHD68DA,71.14,0.0,3.77,有,
佳里區,建物,臺南市佳里區民安里３鄰同安寮４４之７號,0.0,,,,1140925,土地0建物1車位0,全,二層,透天厝,住商用,加強磚造,0700416,100.26,1,1,1,有,無,233000,2324,,0.0,0,建物坐落地號：同安寮段921地號；地清或未辦繼承標售；,RPPNMLTLPHLGFGD66EA,94.72,0.0,5.54,無,
仁德區,土地,土庫段22-1地號,146.52,都市：其他:住宅區,,,1140819,土地1建物0車位0,,,其他,,,,0.0,0,0,0,無,無,7445760,50817,,0.0,0,親友、員工、共有人或其他特殊關係間之交易；未登記建物；,RPPNMLNJQHLGFID68DA,0.0,0.0,0.0,無,
西港區,房地(土地+建物),臺南市西港區金砂里施寮５１號,1583.0,,特定農業區,農牧用地,1140807,土地1建物1車位0,全,一層,透天厝,農業用,鋼鐵造,0850818,1186.37,0,0,0,無,無,10000000,8429,,0.0,0,買賣雙方同意於買方尾款資金到位再辦理買賣過戶手續。最晚應於115年8月7日前交付尾款,RPWNMLRJQHLGFGD96DA,1186.37,0.0,0.0,無,
永康區,房地(土地+建物)+車位,臺南市永康區復國一路５３７號四樓之２,27.09,都市：其他:住宅區,,,1140608,土地1建物1車位1,四層,十五層,住宅大樓(11層含以上有電梯),住家用,鋼筋混凝土造,1150629,157.36,3,2,2,有,有,15850000,110437,坡道平面,30.41,1830000,預售屋、或土地及建物分件登記案件；,RPUNMLKLPHLGFKD56DA,74.49,0.0,9.21,有,
永康區,房地(土地+建物)+車位,臺南市永康區復國一路５３７號五樓之２,27.09,都市：其他:住宅區,,,1140608,土地1建物1車位1,五層,十五層,住宅大樓(11層含以上有電梯),住家用,鋼筋混凝土造,1150629,157.36,3,2,2,有,有,16160000,113430,坡道平面,30.41,1760000,預售屋、或土地及建物分件登記案件；,RPVNMLKLPHLGFKD66DA,74.49,0.0,9.21,有,
東區,房地(土地+建物)+車位,臺南市東區裕文路１３３號六樓之３,50.67,都市：其他:住宅區,,,1140614,土地1建物1車位2,六層,十二層,住宅大樓(11層含以上有電梯),住家用,鋼筋混凝土造,1150409,271.12,3,2,2,有,有,37800000,170949,坡道平面,71.06,3600000,預售屋、或土地及建物分件登記案件；,RPQNMLQLNHLGFCD38DA,122.17,0.0,7.88,有,
東山區,土地,番子嶺段35-2地號,4850.0,,山坡地保育區,農牧用地,1140603,土地1建物0車位0,,,其他,,,,0.0,0,0,0,無,無,2100000,433,,0.0,0,,RPQNMLSKQHLGFED09EA,0.0,0.0,0.0,無,
東區,房地(土地+建物)+車位,臺南市東區裕文路１３３號十樓之１,50.49,都市：其他:住宅區,,,1140516,土地1建物1車位1,十層,十二層,住宅大樓(11層含以上有電梯),住家用,鋼筋混凝土造,1150409,234.02,3,2,2,有,有,39000000,184906,坡道平面,34.73,2150000,預售屋、或土地及建物分件登記案件；,RPSOMLQLNHLGFCD68DA,120.32,0.0,9.23,有,
善化區,房地(土地+建物)+車位,臺南市善化區小新營５之１５號四樓之９,37.0,都市：其他:住宅區,,,1140401,土地2建物1車位1,四層,七層,華廈(10層含以下有電梯),住家用,鋼筋混凝土造,1150327,116.49,3,2,2,有,有,10114478,90048,其他,16.16,1080000,115年8月3日有簽訂增補契約，因成屋面積有調整，交易金額有找補情形，買方找補金額為114478元。預售屋、或土地及建物分件登記案件；,RPQOMLOJQHLGFHD88DA,71.39,0.0,4.02,有,
善化區,房地(土地+建物),臺南市善化區小新營５之１５號五樓之５,29.79,都市：其他:住宅區,,,1140213,土地2建物1車位0,五層,七層,華廈(10層含以下有電梯),住家用,鋼筋混凝土造,1150327,79.68,2,2,2,有,有,7466759,93709,,0.0,0,115年7月29日有簽訂增補契約，因成屋面積有調整，交易金額有找補情形，買方找補金額為76759元。預售屋、或土地及建物分件登記案件；,RPSOMLOJQHLGFHD09DA,55.58,0.0,4.6,有,
永康區,房地(土地+建物)+車位,臺南市永康區永善路１３２號八樓之２,18.35,都市：其他:住宅區,,,1140101,土地1建物1車位1,八層,十五層,住宅大樓(11層含以上有電梯),住家用,鋼筋混凝土造,1150331,121.78999999999999,2,2,2,有,有,14180000,132443,坡道平面,25.9,1480000,含傢俱設備費26230元；預售屋、或土地及建物分件登記案件；,RPUNMLPJQHLGFKD96DA,60.35,0.0,3.34,有,
善化區,房地(土地+建物)+車位,臺南市善化區小新營５之１５號三樓之８,38.95,都市：其他:住宅區,,,1140108,土地2建物1車位1,三層,七層,華廈(10層含以下有電梯),住家用,鋼筋混凝土造,1150327,121.23,3,2,2,有,有,10496864,89625,其他,16.16,1080000,115年8月4日有簽訂增補契約，因成屋面積有調整，交易金額有找補情形，買方找補金額為116864元。預售屋、或土地及建物分件登記案件；,RPXNMLOJQHLGFHD86DA,73.63,0.0,5.76,有,
善化區,房地(土地+建物),臺南市善化區小新營５之１５號二樓之６,29.79,都市：其他:住宅區,,,1140111,土地2建物1車位0,二層,七層,華廈(10層含以下有電梯),住家用,鋼筋混凝土造,1150327,79.68,2,2,2,有,有,6941355,87115,,0.0,0,115年8月4日有簽訂增補契約，因成屋面積有調整，交易金額有找補情形，買方找補金額為 71355元預售屋、或土地及建物分件登記案件；,RPPNMLQJQHLGFHD88DA,55.58,0.0,4.6,有,
官田區,土地,三塊厝段216-3地號,1573.0,,一般農業區,農牧用地,1131222,土地1建物0車位0,,,其他,,,,0.0,0,0,0,無,無,1800000,1144,,0.0,0,農作物；,RPQNMLPJQHLGFFD68DA,0.0,0.0,0.0,無,
永康區,房地(土地+建物)+車位,臺南市永康區復國一路５３５號十三樓之２,21.35,都市：其他:住宅區,,,1131201,土地1建物1車位1,十三層,十四層,住宅大樓(11層含以上有電梯),住家用,鋼筋混凝土造,1150629,130.84,2,2,2,有,有,13500000,117196,坡道平面,30.41,1730000,預售屋、或土地及建物分件登記案件；,RPROMLMLPHLGFKD56DA,59.74,0.0,6.46,有,
永康區,房地(土地+建物)+車位,臺南市永康區復國一路５４３號,13.96,都市：其他:住宅區,,,1131209,土地1建物1車位1,一層,十五層,住宅大樓(11層含以上有電梯),商業用,鋼筋混凝土造,1150629,95.45,0,0,1,有,有,10800000,136378,坡道平面,30.41,1930000,預售屋、或土地及建物分件登記案件；,RPSNMLKLPHLGFKD98DA,39.62,0.0,3.23,有,
歸仁區,房地(土地+建物)+車位,臺南市歸仁區智慧三街５號三樓之６,33.55,都市：其他:住宅區,,,1131104,土地1建物1車位1,三層,十三層,住宅大樓(11層含以上有電梯),住家用,鋼筋混凝土造,1140918,153.15,3,2,2,有,有,13990000,96015,坡道平面,25.67,1750000,預售屋、或土地及建物分件登記案件；,RPTNMLPJQHLGFID66DA,77.78,0.0,6.86,有,
永康區,房地(土地+建物)+車位,臺南市永康區復國一路５３５號五樓之３,18.88,都市：其他:住宅區,,,1131027,土地1建物1車位1,五層,十四層,住宅大樓(11層含以上有電梯),住家用,鋼筋混凝土造,1150629,118.49,2,2,1,有,有,11860000,115009,坡道平面,30.41,1730000,預售屋、或土地及建物分件登記案件；,RPWOMLMLPHLGFKD07DA,52.64,0.0,5.44,有,
永康區,房地(土地+建物)+車位,臺南市永康區復國一路５３５號八樓之２,21.35,都市：其他:住宅區,,,1130922,土地1建物1車位2,八層,十四層,住宅大樓(11層含以上有電梯),住家用,鋼筋混凝土造,1150629,161.25,2,2,2,有,有,14540000,117993,坡道平面,60.82,2690000,115.2.28加購B1車位一個，車位價格為93萬元整預售屋、或土地及建物分件登記案件；,RPXNMLMLPHLGFKD07DA,59.74,0.0,6.46,有,
永康區,房地(土地+建物)+車位,臺南市永康區復國一路５３５號七樓之３,18.88,都市：其他:住宅區,,,1130910,土地1建物1車位1,七層,十四層,住宅大樓(11層含以上有電梯),住家用,鋼筋混凝土造,1150629,118.49,2,2,1,有,有,11910000,115577,坡道平面,30.41,1730000,預售屋、或土地及建物分件登記案件；,RPRPMLNLPHLGFKD76DA,52.64,0.0,5.44,有,
永康區,房地(土地+建物)+車位,臺南市永康區復國一路５３５號十一樓之５,18.88,都市：其他:住宅區,,,1130918,土地1建物1車位1,十一層,十四層,住宅大樓(11層含以上有電梯),住家用,鋼筋混凝土造,1150629,118.49,2,2,1,有,有,11800000,114328,坡道平面,30.41,1730000,預售屋、或土地及建物分件登記案件；,RPQQMLNLPHLGFKD76DA,52.64,0.0,5.44,有,
善化區,房地(土地+建物),臺南市善化區小新營５之１５號五樓之１,31.03,都市：其他:住宅區,,,1130907,土地2建物1車位0,五層,七層,華廈(10層含以下有電梯),住家用,鋼筋混凝土造,1150327,81.99,2,2,2,有,有,7469224,91099,,0.0,0,115年7月21日有簽訂增補契約，因成屋面積有調整，交易金額有找補情形，買方找補金額為59224元。預售屋、或土地及建物分件登記案件；,RPROMLOJQHLGFHD98DA,55.5,0.0,7.08,有,
後壁區,房地(土地+建物),臺南市後壁區後壁里後壁１４８之２８號,112.98,都市：其他:住宅區,,,1130929,土地1建物1車位0,全,三層,透天厝,住家用,鋼筋混凝土造,1150507,158.45,4,2,3,有,無,13600000,85831,,0.0,0,本案依據建設公司提供之預售契約書登載，總價新台幣  1360萬元，土地售價445萬元，房屋售價915萬元。預售屋、或土地及建物分件登記案件；,RPPNMLPKOHLGFED38DA,143.4,0.0,15.05,無,
後壁區,房地(土地+建物),臺南市後壁區後壁里後壁１４８之３３號,99.05,都市：其他:住宅區,,,1130920,土地1建物1車位0,全,三層,透天厝,住家用,鋼筋混凝土造,1150507,161.42,4,2,4,有,無,12200000,75579,,0.0,0,本案依據建設公司提供之預售契約書登載，總價新台幣  1220萬元，土地售價390萬元，房屋售價830萬元。預售屋、或土地及建物分件登記案件；,RPUNMLPKOHLGFED88DA,146.66,0.0,14.76,無,
歸仁區,房地(土地+建物)+車位,臺南市歸仁區智慧三街５號十一樓之６,33.55,都市：其他:住宅區,,,1130909,土地1建物1車位1,十一層,十三層,住宅大樓(11層含以上有電梯),住家用,鋼筋混凝土造,1140918,153.15,3,2,2,有,有,16010000,111076,坡道平面,25.67,1850000,預售屋、或土地及建物分件登記案件；,RPUOMLRJQHLGFID07DA,77.78,0.0,6.86,有,
永康區,房地(土地+建物)+車位,臺南市永康區復國一路５３５號十四樓之１,21.07,都市：其他:住宅區,,,1130801,土地1建物1車位1,十四層,十四層,住宅大樓(11層含以上有電梯),住家用,鋼筋混凝土造,1150629,129.63,2,2,2,有,有,13380000,115400,坡道平面,30.41,1930000,預售屋、或土地及建物分件登記案件；,RPUNMLLLPHLGFKD66DA,60.2,0.0,5.2,有,
永康區,房地(土地+建物)+車位,臺南市永康區復國一路５３５號五樓之２,21.35,都市：其他:住宅區,,,1130814,土地1建物1車位1,五層,十四層,住宅大樓(11層含以上有電梯),住家用,鋼筋混凝土造,1150629,130.84,2,2,2,有,有,13420000,116399,坡道平面,30.41,1730000,預售屋、或土地及建物分件登記案件；,RPWNMLLLPHLGFKD86DA,59.74,0.0,6.46,有,
永康區,房地(土地+建物)+車位,臺南市永康區復國一路５３５號五樓之５,18.88,都市：其他:住宅區,,,1130813,土地1建物1車位1,五層,十四層,住宅大樓(11層含以上有電梯),住家用,鋼筋混凝土造,1150629,118.49,2,2,1,有,有,11520000,111944,坡道平面,30.41,1660000,預售屋、或土地及建物分件登記案件；,RPVPMLNLPHLGFKD17DA,52.64,0.0,5.44,有,
永康區,房地(土地+建物)+車位,臺南市永康區復國一路５３５號十樓之５,18.88,都市：其他:住宅區,,,1130828,土地1建物1車位1,十層,十四層,住宅大樓(11層含以上有電梯),住家用,鋼筋混凝土造,1150629,118.49,2,2,1,有,有,11800000,114328,坡道平面,30.41,1730000,預售屋、或土地及建物分件登記案件；,RPPQMLNLPHLGFKD66DA,52.64,0.0,5.44,有,
永康區,房地(土地+建物)+車位,臺南市永康區復國一路５３５號四樓之１,21.07,都市：其他:住宅區,,,1130723,土地1建物1車位1,四層,十四層,住宅大樓(11層含以上有電梯),住家用,鋼筋混凝土造,1150629,129.63,2,2,2,有,有,12750000,111772,坡道平面,30.41,1660000,預售屋、或土地及建物分件登記案件；,RPQOMLKLPHLGFKD88DA,60.2,0.0,5.2,有,
永康區,房地(土地+建物)+車位,臺南市永康區復國一路５３５號五樓之１,21.07,都市：其他:住宅區,,,1130718,土地1建物1車位1,五層,十四層,住宅大樓(11層含以上有電梯),住家用,鋼筋混凝土造,1150629,129.63,2,2,2,有,有,13350000,115098,坡道平面,30.41,1930000,預售屋、或土地及建物分件登記案件；,RPROMLKLPHLGFKD98DA,60.2,0.0,5.2,有,
永康區,房地(土地+建物)+車位,臺南市永康區復國一路５３５號七樓之１,21.07,都市：其他:住宅區,,,1130706,土地1建物1車位1,七層,十四層,住宅大樓(11層含以上有電梯),住家用,鋼筋混凝土造,1150629,129.63,2,2,2,有,有,13150000,113082,坡道平面,30.41,1930000,親友、員工、共有人或其他特殊關係間之交易；預售屋、或土地及建物分件登記案件；,RPTOMLKLPHLGFKD56DA,60.2,0.0,5.2,有,
永康區,房地(土地+建物)+車位,臺南市永康區復國一路５３５號十樓之１,21.07,都市：其他:住宅區,,,1130706,土地1建物1車位1,十層,十四層,住宅大樓(11層含以上有電梯),住家用,鋼筋混凝土造,1150629,129.63,2,2,2,有,有,13210000,113687,坡道平面,30.41,1930000,親友、員工、共有人或其他特殊關係間之交易；預售屋、或土地及建物分件登記案件；,RPRNMLLLPHLGFKD98DA,60.2,0.0,5.2,有,
永康區,房地(土地+建物)+車位,臺南市永康區復國一路５３５號十二樓之１,21.07,都市：其他:住宅區,,,1130717,土地1建物1車位1,十二層,十四層,住宅大樓(11層含以上有電梯),住家用,鋼筋混凝土造,1150629,129.63,2,2,2,有,有,12500000,107438,坡道平面,30.41,1840000,親友、員工、共有人或其他特殊關係間之交易；預售屋、或土地及建物分件登記案件；,RPTNMLLLPHLGFKD56DA,60.2,0.0,5.2,有,
永康區,房地(土地+建物)+車位,臺南市永康區復國一路５３５號十樓之２,21.35,都市：其他:住宅區,,,1130701,土地1建物1車位1,十層,十四層,住宅大樓(11層含以上有電梯),住家用,鋼筋混凝土造,1150629,130.84,2,2,2,有,有,12590000,108035,坡道平面,30.41,1740000,親友、員工、共有人或其他特殊關係間之交易；預售屋、或土地及建物分件登記案件；,RPPOMLMLPHLGFKD98DA,59.74,0.0,6.46,有,
永康區,房地(土地+建物)+車位,臺南市永康區復國一路５３５號六樓之３,18.88,都市：其他:住宅區,,,1130711,土地1建物1車位1,六層,十四層,住宅大樓(11層含以上有電梯),住家用,鋼筋混凝土造,1150629,118.49,2,2,1,有,有,11130000,106608,坡道平面,30.41,1740000,親友、員工、共有人或其他特殊關係間之交易；預售屋、或土地及建物分件登記案件；,RPXOMLMLPHLGFKD17DA,52.64,0.0,5.44,有,
永康區,房地(土地+建物)+車位,臺南市永康區復國一路５３５號十四樓之５,18.88,都市：其他:住宅區,,,1130701,土地1建物1車位1,十四層,十四層,住宅大樓(11層含以上有電梯),住家用,鋼筋混凝土造,1150629,118.49,2,2,1,有,有,11500000,111717,坡道平面,30.41,1660000,預售屋、或土地及建物分件登記案件；,RPSQMLNLPHLGFKD96DA,52.64,0.0,5.44,有,
歸仁區,房地(土地+建物)+車位,臺南市歸仁區智慧三街３號三樓之５,33.87,都市：其他:住宅區,,,1130715,土地1建物1車位1,三層,十三層,住宅大樓(11層含以上有電梯),住家用,鋼筋混凝土造,1140918,154.32,3,2,2,有,有,13920000,96541,坡道平面,25.67,1500000,114.10.23 預售屋讓渡，關係：母女。預售屋、或土地及建物分件登記案件；,RPUNMLOJQHLGFID66DA,78.09,0.0,7.34,有,
東區,房地(土地+建物)+車位,臺南市東區裕文路１３３號三樓之１,50.49,都市：其他:住宅區,,,1130707,土地1建物1車位2,三層,十二層,住宅大樓(11層含以上有電梯),住家用,鋼筋混凝土造,1150409,264.47,3,2,2,有,有,35370000,158428,坡道平面,65.2,3800000,預售屋、或土地及建物分件登記案件；,RPQOMLPLNHLGFCD38DA,120.32,0.0,9.23,有,
東區,房地(土地+建物)+車位,臺南市東區裕文路１３３號十樓之２,54.09,都市：其他:住宅區,,,1130726,土地1建物1車位2,十層,十二層,住宅大樓(11層含以上有電梯),住家用,鋼筋混凝土造,1150409,283.76,3,2,3,有,有,42600000,181499,坡道平面,70.26,3850000,114.9.18增購車位地下二層14、15號，金額分別為185萬、200萬因增購2個車位總價變為4260萬。預售屋、或土地及建物分件登記案件；,RPTOMLQLNHLGFCD78DA,130.4,0.0,8.28,有,
永康區,房地(土地+建物)+車位,臺南市永康區永善路３６號六樓之１,24.68,都市：其他:住宅區,,,1130710,土地1建物1車位1,六層,十四層,住宅大樓(11層含以上有電梯),住家用,鋼筋混凝土造,1150416,164.1,3,2,2,有,有,14730000,107608,坡道平面,39.76,1350000,預售屋、或土地及建物分件登記案件；,RPUOMLPJQHLGFKD07DA,71.69,0.0,9.38,有,
永康區,房地(土地+建物)+車位,臺南市永康區復國一路５３７號十四樓之２,27.09,都市：其他:住宅區,,,1130701,土地1建物1車位1,十四層,十五層,住宅大樓(11層含以上有電梯),住家用,鋼筋混凝土造,1150629,157.36,3,2,2,有,有,16300000,113982,坡道平面,30.41,1830000,預售屋、或土地及建物分件登記案件；,RPRNMLNKQHLGFKD56DA,74.49,0.0,9.21,有,
永康區,房地(土地+建物)+車位,臺南市永康區復國一路５３７號七樓之２,27.09,都市：其他:住宅區,,,1130626,土地1建物1車位1,七層,十五層,住宅大樓(11層含以上有電梯),住家用,鋼筋混凝土造,1150629,157.36,3,2,2,有,有,16400000,113982,坡道平面,30.41,1930000,115.3.19權利轉讓總價為新台幣1640萬元整配偶115.6.15權利轉讓總價為新台幣1640萬元整配偶預售屋、或土地及建物分件登記案件；,RPWNMLKLPHLGFKD76DA,74.49,0.0,9.21,有,
永康區,房地(土地+建物)+車位,臺南市永康區復國一路５３５號八樓之１,21.07,都市：其他:住宅區,,,1130622,土地1建物1車位1,八層,十四層,住宅大樓(11層含以上有電梯),住家用,鋼筋混凝土造,1150629,129.63,2,2,2,有,有,13300000,114594,坡道平面,30.41,1930000,預售屋、或土地及建物分件登記案件；,RPPNMLLLPHLGFKD78DA,60.2,0.0,5.2,有,
永康區,房地(土地+建物)+車位,臺南市永康區復國一路５３５號六樓之２,21.35,都市：其他:住宅區,,,1130621,土地1建物1車位1,六層,十四層,住宅大樓(11層含以上有電梯),住家用,鋼筋混凝土造,1150629,130.84,2,2,2,有,有,13200000,113213,坡道平面,30.41,1830000,預售屋、或土地及建物分件登記案件；,RPUNMLMLPHLGFKD76DA,59.74,0.0,6.46,有,
永康區,房地(土地+建物)+車位,臺南市永康區復國一路５３５號十三樓之５,18.88,都市：其他:住宅區,,,1130603,土地1建物1車位1,十三層,十四層,住宅大樓(11層含以上有電梯),住家用,鋼筋混凝土造,1150629,118.49,2,2,1,有,有,11660000,111603,坡道平面,30.41,1830000,預售屋、或土地及建物分件登記案件；,RPRQMLNLPHLGFKD86DA,52.64,0.0,5.44,有,
永康區,房地(土地+建物)+車位,臺南市永康區復國一路５３５號七樓之５,18.88,都市：其他:住宅區,,,1130607,土地1建物1車位1,七層,十四層,住宅大樓(11層含以上有電梯),住家用,鋼筋混凝土造,1150629,118.49,2,2,1,有,有,11630000,112398,坡道平面,30.41,1730000,115.1.14權利轉讓總價為新台幣1163萬元整配偶預售屋、或土地及建物分件登記案件；,RPXPMLNLPHLGFKD37DA,52.64,0.0,5.44,有,
永康區,房地(土地+建物)+車位,臺南市永康區復國一路５３５號八樓之５,18.88,都市：其他:住宅區,,,1130609,土地1建物1車位1,八層,十四層,住宅大樓(11層含以上有電梯),住家用,鋼筋混凝土造,1150629,118.49,2,2,1,有,有,11680000,112965,坡道平面,30.41,1730000,預售屋、或土地及建物分件登記案件；,RPOQMLNLPHLGFKD56DA,52.64,0.0,5.44,有,
永康區,房地(土地+建物)+車位,臺南市永康區復國一路５３５號十二樓之５,18.88,都市：其他:住宅區,,,1130615,土地1建物1車位2,十二層,十四層,住宅大樓(11層含以上有電梯),住家用,鋼筋混凝土造,1150629,148.89999999999998,2,2,1,有,有,12600000,112284,坡道平面,60.82,2710000,115.1.7權利轉讓總價為新台幣1260萬元整配偶114.12.28加購B2車位1個，車位價格為新台幣88萬元整預售屋、或土地及建物分件登記案件；,RPRNMLMKQHLGFKD09DA,52.64,0.0,5.44,有,
永康區,房地(土地+建物)+車位,臺南市永康區復國一路５３７號九樓之２,27.09,都市：其他:住宅區,,,1130605,土地1建物1車位1,九層,十五層,住宅大樓(11層含以上有電梯),住家用,鋼筋混凝土造,1150629,157.36,3,2,2,有,有,16230000,113982,坡道平面,30.41,1760000,預售屋、或土地及建物分件登記案件；,RPPNMLNKQHLGFKD98DA,74.49,0.0,9.21,有,
永康區,房地(土地+建物)+車位,臺南市永康區復國一路５３５號七樓之２,21.07,都市：其他:住宅區,,,1130529,土地1建物1車位1,七層,十四層,住宅大樓(11層含以上有電梯),住家用,鋼筋混凝土造,1150629,129.88,2,2,2,有,有,12980000,113099,坡道平面,30.41,1730000,預售屋、或土地及建物分件登記案件；,RPWNMLMLPHLGFKD96DA,59.11,0.0,6.46,有,
永康區,房地(土地+建物)+車位,臺南市永康區復國一路５３５號四樓之３,18.88,都市：其他:住宅區,,,1130528,土地1建物1車位1,四層,十四層,住宅大樓(11層含以上有電梯),住家用,鋼筋混凝土造,1150629,118.49,2,2,1,有,有,11250000,108878,坡道平面,30.41,1660000,預售屋、或土地及建物分件登記案件；,RPUOMLMLPHLGFKD86DA,52.64,0.0,5.44,有,
永康區,房地(土地+建物)+車位,臺南市永康區復國一路５３５號八樓之３,18.88,都市：其他:住宅區,,,1130529,土地1建物1車位1,八層,十四層,住宅大樓(11層含以上有電梯),住家用,鋼筋混凝土造,1150629,118.49,2,2,1,有,有,11720000,113420,坡道平面,30.41,1730000,預售屋、或土地及建物分件登記案件；,RPSPMLNLPHLGFKD86DA,52.64,0.0,5.44,有,
永康區,房地(土地+建物)+車位,臺南市永康區復國一路５３５號九樓之１,21.07,都市：其他:住宅區,,,1130514,土地1建物1車位1,九層,十四層,住宅大樓(11層含以上有電梯),住家用,鋼筋混凝土造,1150629,129.63,2,2,2,有,有,13030000,113888,坡道平面,30.41,1730000,115.1.23權利轉讓總價為新台幣1303萬元整父女預售屋、或土地及建物分件登記案件；,RPTNMLOLPHLGFKD86DA,60.2,0.0,5.2,有,
安南區,房地(土地+建物)+車位,臺南市安南區新宅一街３０６號十樓之２,26.76,都市：其他:住宅區,,,1130513,土地1建物1車位1,十層,十四層,住宅大樓(11層含以上有電梯),住家用,鋼筋混凝土造,1150424,155.92000000000002,3,2,2,有,有,14180000,101635,坡道平面,32.34,1620000,預售屋、或土地及建物分件登記案件；,RPRNMLRKQHLGFBD68DA,71.66,0.0,9.28,有,
永康區,房地(土地+建物)+車位,臺南市永康區復國一路５３７號八樓之２,26.54,都市：其他:住宅區,,,1130519,土地1建物1車位1,八層,十五層,住宅大樓(11層含以上有電梯),住家用,鋼筋混凝土造,1150629,155.36,3,2,2,有,有,15950000,113806,坡道平面,30.41,1730000,預售屋、或土地及建物分件登記案件；,RPXNMLKLPHLGFKD86DA,73.14,0.0,9.21,有,
永康區,房地(土地+建物)+車位,臺南市永康區復國一路５３５號四樓之５,18.88,都市：其他:住宅區,,,1130517,土地1建物1車位1,四層,十四層,住宅大樓(11層含以上有電梯),住家用,鋼筋混凝土造,1150629,118.49,2,2,1,有,有,11180000,107289,坡道平面,30.41,1730000,預售屋、或土地及建物分件登記案件；,RPSNMLNKQHLGFKD66DA,52.64,0.0,5.44,有,
下營區,土地,營和段615-1地號,433.25,都市：其他:住宅區,,,1130419,土地6建物0車位0,,,其他,,,,0.0,0,0,0,無,無,6300000,14541,,0.0,0,,RPSNMLQJQHLGFFD98DA,0.0,0.0,0.0,無,
善化區,房地(土地+建物)+車位,臺南市善化區小新營５之１５號四樓之８,38.95,都市：其他:住宅區,,,1130409,土地2建物1車位1,四層,七層,華廈(10層含以下有電梯),住家用,鋼筋混凝土造,1150327,121.23,3,2,2,有,有,10091835,85770,其他,16.16,1080000,115年7月17日有簽訂增補契約，因成屋面積有調整，交易金額有找補情形，買方找補金額為111835元。預售屋、或土地及建物分件登記案件；,RPPOMLOJQHLGFHD78DA,73.63,0.0,5.76,有,
善化區,房地(土地+建物)+車位,臺南市善化區小新營５之１５號五樓之６,29.79,都市：其他:住宅區,,,1130411,土地2建物1車位1,五層,七層,華廈(10層含以下有電梯),住家用,鋼筋混凝土造,1150327,95.84,2,2,2,有,有,7992083,88003,其他,16.16,980000,115年7月27日有簽訂增補契約，因成屋面積有調整，交易金額有找補情形，買方找補金額為72083元。預售屋、或土地及建物分件登記案件；,RPTOMLOJQHLGFHD56DA,55.58,0.0,4.6,有,
永康區,房地(土地+建物)+車位,臺南市永康區永安路２９２號二樓之２,24.18,都市：其他:住宅區,,,1130329,土地1建物1車位1,二層,十五層,住宅大樓(11層含以上有電梯),住家用,鋼筋混凝土造,1150303,150.60000000000002,3,2,2,有,有,16440000,119186,坡道平面,25.25,1500000,預售屋、或土地及建物分件登記案件；,RPTPMLMLPHLGFKD86DA,74.58,0.0,8.1,有,
永康區,房地(土地+建物)+車位,臺南市永康區永善路３６號十三樓之５,24.61,都市：其他:住宅區,,,1130301,土地1建物1車位1,十三層,十四層,住宅大樓(11層含以上有電梯),住家用,鋼筋混凝土造,1150416,163.63,3,2,2,有,有,15390000,110923,坡道平面,39.76,1650000,預售屋、或土地及建物分件登記案件；,RPVOMLPJQHLGFKD17DA,71.88,0.0,8.9,有,
東區,房地(土地+建物)+車位,臺南市東區裕豐街７號五樓之１,39.53,都市：其他:住宅區,,,1130205,土地3建物1車位1,五層,五層,華廈(10層含以下有電梯),住家用,鋼筋混凝土造,1150319,129.8,3,2,2,有,有,19172606,149626,一樓平面,15.03,2000000,本件預售屋不動產交易總價19100000，另有做工程變更找補，工程找補為買方補貼72606給賣方。補貼後交易總價變更為19172606。預售屋、或土地及建物分件登記案件；,RPQNMLOJQHLGFCD28DA,77.65,0.0,9.86,有,
新化區,房地(土地+建物)+車位,臺南市新化區民治路５５巷２５號三樓之２,39.33,都市：其他:住宅區,,,1130220,土地1建物1車位1,三層,十二層,住宅大樓(11層含以上有電梯),住家用,鋼筋混凝土造,1150618,150.92000000000002,3,2,2,有,有,11800000,83081,一樓平面,28.75,1650000,土地總價487萬元，建物總價528萬元預售屋、或土地及建物分件登記案件；,RPTNMLPKQHLGFHD66DA,73.87,0.0,8.06,有,
新化區,房地(土地+建物),臺南市新化區民治路５５巷２５號四樓之１,38.3,都市：其他:住宅區,,,1130222,土地1建物1車位0,四層,十二層,住宅大樓(11層含以上有電梯),住家用,鋼筋混凝土造,1150618,119.22,3,2,2,有,有,10640000,89247,,0.0,0,土地總價511萬元，建物總價553萬元預售屋、或土地及建物分件登記案件；,RPUNMLPKQHLGFHD76DA,73.31,0.0,6.64,有,
善化區,房地(土地+建物),臺南市善化區小新營５之１５號六樓之６,29.79,都市：其他:住宅區,,,1130115,土地2建物1車位0,六層,七層,華廈(10層含以下有電梯),住家用,鋼筋混凝土造,1150327,79.68,2,2,2,有,有,6900940,86608,,0.0,0,115年7月17日有簽訂增補契約，因成屋面積有調整，交易金額有找補情形，買方找補金額為70940元。預售屋、或土地及建物分件登記案件；,RPUOMLOJQHLGFHD66DA,55.58,0.0,4.6,有,
新化區,房地(土地+建物)+車位,臺南市新化區民治路５５巷２５號七樓之１,38.3,都市：其他:住宅區,,,1130121,土地1建物1車位1,七層,十二層,住宅大樓(11層含以上有電梯),住家用,鋼筋混凝土造,1150618,150.46,3,2,2,有,有,12560000,90680,坡道平面,31.25,1750000,土地總價519萬元，建物總價562萬元預售屋、或土地及建物分件登記案件；,RPROMLPKQHLGFHD56DA,73.31,0.0,6.64,有,
東區,房地(土地+建物)+車位,臺南市東區裕文路１３３號十一樓之１,50.49,都市：其他:住宅區,,,1121205,土地1建物1車位3,十一層,十二層,住宅大樓(11層含以上有電梯),住家用,鋼筋混凝土造,1150409,304.28,4,2,2,有,有,42670000,183000,坡道平面,104.99,6200000,預售屋、或土地及建物分件登記案件；,RPVNMLLJPHLGFCD38DA,120.32,0.0,9.23,有,
善化區,房地(土地+建物)+車位,臺南市善化區小新營５之１５號六樓之８,38.96,都市：其他:住宅區,,,1121228,土地2建物1車位1,六層,七層,華廈(10層含以下有電梯),住家用,鋼筋混凝土造,1150327,132.0,3,2,2,有,有,10613094,86725,一樓平面,26.92,1500000,115年7月29日有簽訂增補契約，因成屋面積有調整，交易金額有找補情形，買方找補金額為113094元。預售屋、或土地及建物分件登記案件；,RPVOMLOJQHLGFHD76DA,73.63,0.0,5.76,有,
新化區,房地(土地+建物)+車位,臺南市新化區民治路５５巷２５號七樓之２,39.33,都市：其他:住宅區,,,1121230,土地1建物1車位1,七層,十二層,住宅大樓(11層含以上有電梯),住家用,鋼筋混凝土造,1150618,158.55,3,2,2,有,有,12960000,90939,一樓平面,36.38,1850000,土地總價533萬元，建物總價578萬元預售屋、或土地及建物分件登記案件；,RPSOMLPKQHLGFHD66DA,73.87,0.0,8.06,有,
新化區,房地(土地+建物),臺南市新化區民治路５５巷２５號三樓之１,38.3,都市：其他:住宅區,,,1121208,土地1建物1車位0,三層,十二層,住宅大樓(11層含以上有電梯),住家用,鋼筋混凝土造,1150618,119.22,3,2,2,有,有,11150000,93525,,0.0,0,土地總價535萬元，建物總價580萬元預售屋、或土地及建物分件登記案件；,RPPNMLRKQHLGFHD09DA,73.31,0.0,6.64,有,
新化區,房地(土地+建物)+車位,臺南市新化區民治路５５巷２５號九樓之２,39.33,都市：其他:住宅區,,,1121111,土地1建物1車位1,九層,十二層,住宅大樓(11層含以上有電梯),住家用,鋼筋混凝土造,1150618,153.42000000000002,3,2,2,有,有,13000000,92085,一樓平面,31.25,1750000,土地總價540萬元，建物總價585萬元預售屋、或土地及建物分件登記案件；,RPWOMLPKQHLGFHD07DA,73.87,0.0,8.06,有,
新化區,房地(土地+建物)+車位,臺南市新化區民治路５５巷２５號十一樓之１,38.55,都市：其他:住宅區,,,1121130,土地1建物1車位1,十一層,十二層,住宅大樓(11層含以上有電梯),住家用,鋼筋混凝土造,1150618,151.25,3,2,2,有,有,12800000,92083,坡道平面,31.25,1750000,土地總價530萬元，建物總價575萬元預售屋、或土地及建物分件登記案件；,RPPPMLPKQHLGFHD09DA,73.31,0.0,7.17,有,
新化區,房地(土地+建物)+車位,臺南市新化區民治路５５巷２５號十一樓之２,39.33,都市：其他:住宅區,,,1121130,土地1建物1車位1,十一層,十二層,住宅大樓(11層含以上有電梯),住家用,鋼筋混凝土造,1150618,153.42000000000002,3,2,2,有,有,13000000,92085,坡道平面,31.25,1750000,土地總價540萬元，建物總價585萬元預售屋、或土地及建物分件登記案件；,RPQPMLPKQHLGFHD56DA,73.87,0.0,8.06,有,
新營區,房地(土地+建物)+車位,臺南市新營區金華路一段２３０號十一樓之五,26.36,都市：其他:住宅區,,,1120615,土地1建物1車位1,十一層,十二層,住宅大樓(11層含以上有電梯),住家用,鋼筋混凝土造,1141110,142.75,3,2,2,有,無,12300000,86165,一樓平面,27.44,0,親友、員工、共有人或其他特殊關係間之交易；預售屋、或土地及建物分件登記案件；,RPPNMLSJPHLGFDD68EA,68.76,0.0,5.54,有,
永康區,房地(土地+建物)+車位,臺南市永康區永善路１３０號四樓之６,24.22,都市：其他:住宅區,,,1120324,土地1建物1車位1,四層,十五層,住宅大樓(11層含以上有電梯),住家用,鋼筋混凝土造,1150331,154.51,3,2,2,有,有,15500000,107457,坡道平面,25.9,1680000,預售屋、或土地及建物分件登記案件；,RPWNMLPJQHLGFKD17DA,75.9,0.0,8.21,有,
北區,房地(土地+建物)+車位,臺南市北區西門路四段５３３巷２８號十四樓之１,25.48,都市：其他:住宅區,,,1120104,土地1建物1車位1,十四層,十四層,住宅大樓(11層含以上有電梯),住家用,鋼筋混凝土造,1150506,152.11,3,2,2,有,有,11180000,84336,坡道平面,34.96,1300000,親友、員工、共有人或其他特殊關係間之交易；預售屋、或土地及建物分件登記案件；,RPQNMLQJQHLGFAD28DA,72.1,0.0,4.57,有,
東區,房地(土地+建物)+車位,臺南市東區裕文路１３３號十一樓之２,54.09,都市：其他:住宅區,,,1111117,土地1建物1車位3,十一層,十二層,住宅大樓(11層含以上有電梯),住家用,鋼筋混凝土造,1150409,317.15,2,2,3,有,有,45260000,182959,坡道平面,103.66,6200000,115年6月3日增購車位地下一層9號，金額200萬因增購1個車位總價變為4526萬。預售屋、或土地及建物分件登記案件；,RPXNMLLJPHLGFCD58DA,130.4,0.0,8.28,有,
後壁區,房地(土地+建物),臺南市後壁區新嘉里白沙屯１６０之１６０號,6302.0,,特定農業區,農牧用地,1110831,土地3建物1車位0,全,二層,透天厝,其他,鋼骨造有牆、鋼鐵造,1140806,6635.72,0,0,0,無,無,68660000,10347,,0.0,0,畜牧設施,RPPNMLMLOHLGFED18DA,6635.72,0.0,0.0,無,
安南區,房地(土地+建物)+車位,臺南市安南區樂活五街８１號十五樓,13.8,都市：其他:住宅區,,,1110605,土地1建物1車位1,十五層,十九層,住宅大樓(11層含以上有電梯),住家用,鋼筋混凝土造,1150107,108.56,2,2,1,有,有,8750000,102889,坡道機械,32.75,950000,權利讓渡金額875萬元預售屋、或土地及建物分件登記案件；,RPSOMLLKQHLGFBD28DA,42.46,0.0,5.81,有,
北區,房地(土地+建物)+車位,臺南市北區立賢路二段５號四樓之３,12.72,都市：其他:住宅區,,,1110506,土地1建物1車位1,四層,二十四層,住宅大樓(11層含以上有電梯),住家用,鋼筋混凝土造,1150511,149.28,3,1,2,有,有,14710000,105360,坡道平面,24.85,1600000,預售屋、或土地及建物分件登記案件；,RPUNMLQJQHLGFAD68DA,66.52,9.07,3.42,有,
安平區,房地(土地+建物)+車位,臺南市安平區國平南路１０２號七樓之３,17.88,都市：其他:商業區(附),,,1110508,土地1建物1車位2,七層,二十六層,住宅大樓(11層含以上有電梯),住家用,鋼骨造,1150130,237.75,2,2,2,有,有,19980000,93625,坡道平面,49.98,2400000,夫妻間轉讓。預售屋、或土地及建物分件登記案件；,RPOOMLKMPHLGFAD77DA,110.45,0.0,14.88,有,
中西區,房地(土地+建物)+車位,臺南市中西區南華街２３號五樓之１,27.73,都市：其他:住宅區,,,1110120,土地2建物1車位1,五層,十二層,住宅大樓(11層含以上有電梯),住家用,鋼筋混凝土造,1141110,190.82,2,2,2,有,有,19820000,114916,坡道平面,34.01,1800000,預售屋、或土地及建物分件登記案件；,RPPOMLMKQHLGFAD97DA,90.33,0.0,11.59,有,
中西區,房地(土地+建物)+車位,臺南市中西區南華街２３號九樓之２,26.48,都市：其他:住宅區,,,1110108,土地2建物1車位1,九層,十二層,住宅大樓(11層含以上有電梯),住家用,鋼筋混凝土造,1141110,183.38,2,2,2,有,有,18600000,112472,坡道平面,34.01,1800000,民國113年6月5日讓渡取得，讓渡金額2150萬元預售屋、或土地及建物分件登記案件；,RPUPMLNKQHLGFAD68DA,83.72,0.0,13.36,有,
北區,房地(土地+建物)+車位,臺南市北區西門路四段５３３巷２８號十四樓之７,25.01,都市：其他:住宅區,,,1101210,土地1建物1車位1,十四層,十四層,住宅大樓(11層含以上有電梯),住家用,鋼筋混凝土造,1150506,150.06,3,2,2,有,有,13070000,100087,坡道平面,34.96,1550000,預售屋、或土地及建物分件登記案件；,RPQNMLKKQHLGFAD77DA,70.89,0.0,4.41,有,
中西區,房地(土地+建物)+車位,臺南市中西區南華街２３號九樓之５,27.83,都市：其他:住宅區,,,1101223,土地2建物1車位1,九層,十二層,住宅大樓(11層含以上有電梯),住家用,鋼筋混凝土造,1141110,209.51,2,2,2,有,有,19440000,111950,坡道平面,51.94,1800000,民國113年5月24日讓渡取得預售屋、或土地及建物分件登記案件；,RPOPMLNKQHLGFAD08DA,88.25,0.0,14.16,有,
中西區,房地(土地+建物)+車位,臺南市中西區南華街２３號七樓之５,27.83,都市：其他:住宅區,,,1101217,土地2建物1車位1,七層,十二層,住宅大樓(11層含以上有電梯),住家用,鋼筋混凝土造,1141110,191.57999999999998,2,2,2,有,有,19300000,110427,坡道平面,34.01,1900000,民國114年5月8日讓渡取得，讓渡金額1950萬元預售屋、或土地及建物分件登記案件；,RPRPMLNKQHLGFAD38DA,88.25,0.0,14.16,有,
中西區,房地(土地+建物)+車位,臺南市中西區南華街２３號二樓之３,21.81,都市：其他:住宅區,,,1101224,土地2建物1車位1,二層,十二層,住宅大樓(11層含以上有電梯),住家用,鋼筋混凝土造,1141110,156.96,2,2,2,有,有,14160000,102155,坡道平面,34.01,1600000,預售屋、或土地及建物分件登記案件；,RPWNMLMKQHLGFAD58DA,73.03,0.0,6.87,有,
仁德區,房地(土地+建物)+車位,臺南市仁德區賢路一段７巷２３號十一樓之３,17.66,都市：其他:住宅區,,,1101127,土地1建物1車位1,十一層,十三層,住宅大樓(11層含以上有電梯),住家用,鋼筋混凝土造,1141231,118.58,2,2,1,有,有,8073360,77334,坡道平面,33.58,1500000,110/12/21廚具設計變更，加價新台幣13360元。預售屋、或土地及建物分件登記案件；,RPRNMLRJQHLGFID66DA,50.38,0.0,5.31,有,
永康區,房地(土地+建物)+車位,臺南市永康區東橋五路１５９號二十樓之９,8.84,都市：其他:商業區,,,1101105,土地1建物1車位1,二十層,二十三層,住宅大樓(11層含以上有電梯),住家用,鋼筋混凝土造,1150326,86.32,0,0,0,無,有,5600000,63984,坡道機械,10.52,750000,110.11.02轉讓取得，權利讓與金額610萬元。預售屋、或土地及建物分件登記案件；,RPXOMLLJPHLGFKD86DA,44.87,0.0,3.85,有,
北區,房地(土地+建物)+車位,臺南市北區西門路四段５３３巷２８號六樓之３,17.15,都市：其他:住宅區,,,1101110,土地1建物1車位1,六層,十四層,住宅大樓(11層含以上有電梯),住家用,鋼筋混凝土造,1150506,113.77,2,2,1,有,有,8740000,92501,坡道平面,34.96,1450000,111.4.13簽立讓渡書，讓渡金額：新台幣903萬元。預售屋、或土地及建物分件登記案件；,RPVRMLOKQHLGFAD09DA,47.43,0.0,4.12,有,
北區,房地(土地+建物)+車位,臺南市北區立賢路二段５號三樓之７,9.97,都市：其他:住宅區,,,1101008,土地1建物1車位1,三層,二十四層,住宅大樓(11層含以上有電梯),住家用,鋼筋混凝土造,1150511,104.30000000000001,2,1,1,有,有,9370000,86262,坡道機械,6.69,950000,預售屋、或土地及建物分件登記案件；,RPTNMLQJQHLGFAD58DA,51.38,6.38,4.23,有,
安平區,房地(土地+建物)+車位,臺南市安平區國平南路１００號六樓之３,17.88,都市：其他:商業區(附),,,1101009,土地1建物1車位1,六層,二十六層,住宅大樓(11層含以上有電梯),住家用,鋼骨造,1150130,212.64,2,2,2,有,有,16570000,82174,坡道平面,24.99,1150000,預售屋、或土地及建物分件登記案件；,RPSNMLRKPHLGFAD58DA,110.45,0.0,15.05,有,
永康區,房地(土地+建物)+車位,臺南市永康區東橋五路１６３號十八樓之８,7.69,都市：其他:商業區,,,1100924,土地1建物1車位1,十八層,二十三層,住宅大樓(11層含以上有電梯),住家用,鋼筋混凝土造,1150326,75.44,0,0,0,無,有,4800000,63155,坡道機械,10.52,700000,111.5.9轉讓權利讓與金額570萬元112.11.10再轉讓權利讓與金額595萬元預售屋、或土地及建物分件登記案件；,RPTNMLPLPHLGFKD96DA,38.79,0.0,2.87,有,
安平區,房地(土地+建物)+車位,臺南市安平區國平南路１００號十九樓之７,18.24,都市：其他:商業區(附),,,1100930,土地1建物1車位2,十九層,二十六層,住宅大樓(11層含以上有電梯),住家用,鋼骨造,1150130,241.36,2,2,2,有,有,19450000,87522,坡道平面,49.98,2700000,115/2/20簽名義變更切結書，交易總價不變。預售屋、或土地及建物分件登記案件；,RPSNMLPJQHLGFAD38DA,116.35,0.0,12.02,有,
安平區,房地(土地+建物)+車位,臺南市安平區國平南路１０２號十三樓之３,17.88,都市：其他:商業區(附),,,1100919,土地1建物1車位2,十三層,二十六層,住宅大樓(11層含以上有電梯),住家用,鋼骨造,1150130,237.75,2,2,2,有,有,18278089,85094,坡道平面,49.98,2300000,112/9/23簽變更設計確認表增加新臺幣18089元整。預售屋、或土地及建物分件登記案件；,RPRNMLRJQHLGFAD48DA,110.45,0.0,14.88,有,
安平區,房地(土地+建物)+車位,臺南市安平區國平南路１００號十四樓之３,17.88,都市：其他:商業區(附),,,1100807,土地1建物1車位1,十四層,二十六層,住宅大樓(11層含以上有電梯),住家用,鋼骨造,1150130,212.64,2,2,2,有,有,17410103,85585,坡道平面,24.99,1350000,112/9/27簽變更設計確認表增加新臺幣20103元整。預售屋、或土地及建物分件登記案件；,RPSNMLKLPHLGFAD97DA,110.45,0.0,15.05,有,
安平區,房地(土地+建物)+車位,臺南市安平區國平南路１００號二十一樓之６,18.81,都市：其他:商業區(附),,,1100808,土地1建物1車位2,二十一層,二十六層,住宅大樓(11層含以上有電梯),住家用,鋼骨造,1150130,246.93,3,2,2,有,有,19403784,86843,坡道平面,49.98,2300000,113/2/6簽變更設計確認表增加新臺幣83784元整。夫妻間轉讓。預售屋、或土地及建物分件登記案件；,RPSNMLRJQHLGFAD58DA,116.7,0.0,15.1,有,
永康區,房地(土地+建物)+車位,臺南市永康區東橋五路１６１號十三樓之８,12.18,都市：其他:商業區,,,1100630,土地1建物1車位1,十三層,二十三層,住宅大樓(11層含以上有電梯),住家用,鋼筋混凝土造,1150326,122.00999999999999,1,2,1,有,有,7330000,65012,坡道平面,27.72,1200000,111.5.25轉讓權利讓與金額782萬元預售屋、或土地及建物分件登記案件；,RPQNMLPLPHLGFKD66DA,55.49,0.0,5.02,有,
麻豆區,土地,五王段1033地號,3065.33,都市：其他:農業區,,,1100525,土地7建物0車位0,,,其他,,,,0.0,0,0,0,無,無,69805000,22772,,0.0,0,,RPRNMLKKPHLGFFD28DA,0.0,0.0,0.0,無,241
北區,房地(土地+建物)+車位,臺南市北區立賢路二段５號十四樓之２１,9.97,都市：其他:住宅區,,,1100517,土地1建物1車位1,十四層,二十四層,住宅大樓(11層含以上有電梯),住家用,鋼筋混凝土造,1150511,104.1,2,1,1,有,有,8800000,81614,坡道機械,6.69,850000,本案於110年12月13日讓渡，其權利契約買賣價格908萬元整。預售屋、或土地及建物分件登記案件；,RPUPMLRJQHLGFAD98DA,51.58,4.78,5.43,有,
北區,房地(土地+建物)+車位,臺南市北區立賢路二段５號十樓之２０,12.72,都市：其他:住宅區,,,1100308,土地1建物1車位1,十層,二十四層,住宅大樓(11層含以上有電梯),住家用,鋼筋混凝土造,1150511,149.28,3,1,2,有,有,11770000,81733,坡道平面,24.85,1600000,本案於111年11月18日讓渡，其權利契約買賣價格1180萬元整。預售屋、或土地及建物分件登記案件；,RPPPMLRJQHLGFAD48DA,66.52,9.07,3.42,有,
北區,房地(土地+建物)+車位,臺南市北區立賢路二段５號二十樓之２１,9.97,都市：其他:住宅區,,,1100328,土地1建物1車位1,二十層,二十四層,住宅大樓(11層含以上有電梯),住家用,鋼筋混凝土造,1150511,122.25999999999999,2,1,1,有,有,9380000,81922,坡道平面,24.85,1400000,預售屋、或土地及建物分件登記案件；,RPPQMLRJQHLGFAD58DA,51.58,4.78,5.43,有,
安平區,房地(土地+建物)+車位,臺南市安平區國平南路１０２號十二樓之１,27.92,都市：其他:商業區(附),,,1100321,土地1建物1車位2,十二層,二十六層,住宅大樓(11層含以上有電梯),住家用,鋼骨造,1150130,342.77,2,2,4,有,有,30152947,92397,坡道平面,49.98,3100000,112/9/9簽變更設計確認表增加新臺幣82947元整。合約書無拆分車位個別價格。預售屋、或土地及建物分件登記案件；,RPOOMLKLPHLGFAD67DA,165.25,0.0,30.84,有,
安平區,房地(土地+建物)+車位,臺南市安平區國平南路１００號七樓之１,27.92,都市：其他:商業區(附),,,1100309,土地1建物1車位2,七層,二十六層,住宅大樓(11層含以上有電梯),住家用,鋼骨造,1150130,342.48,2,2,4,有,有,29895656,92293,坡道平面,49.98,2900000,112/1/16簽變更設計確認表增加新臺幣23006元整。114/11/6簽變更設計確認表增加新臺幣12650元整。合約書無拆分車位價格。預售屋、或土地及建物分件登記案件；,RPWNMLLLPHLGFAD48DA,165.25,0.0,30.74,有,
安平區,房地(土地+建物)+車位,臺南市安平區國平南路１０２號十六樓之５,30.63,都市：其他:商業區(附),,,1100331,土地1建物1車位2,十六層,二十六層,住宅大樓(11層含以上有電梯),住家用,鋼骨造,1150130,371.93,1,2,4,有,有,33708483,95072,坡道平面,49.98,3100000,112/12/9簽變更設計確認表增加新臺幣18483元整。合約書無拆分車位個別價格。預售屋、或土地及建物分件登記案件；,RPOOMLNLPHLGFAD97DA,183.1,0.0,32.76,有,
安平區,房地(土地+建物)+車位,臺南市安平區國平南路１０２號十二樓之２,27.64,都市：其他:商業區(附),,,1100323,土地1建物1車位2,十二層,二十六層,住宅大樓(11層含以上有電梯),住家用,鋼骨造,1150130,339.79999999999995,2,2,4,有,有,28850000,89538,坡道平面,49.98,2900000,合約書無拆分車位個別價格。預售屋、或土地及建物分件登記案件；,RPUNMLKKQHLGFAD18DA,165.55,0.0,28.33,有,
安平區,房地(土地+建物)+車位,臺南市安平區國平南路１００號十八樓之５,20.87,都市：其他:商業區(附),,,1100316,土地1建物1車位1,十八層,二十六層,住宅大樓(11層含以上有電梯),住家用,鋼骨造,1150130,243.9,2,2,2,有,有,22729487,96750,坡道平面,24.99,1550000,112/12/30簽變更設計確認表增加新臺幣9487元整。預售屋、或土地及建物分件登記案件；,RPVNMLKKQHLGFAD28DA,127.08,0.0,19.42,有,
永康區,房地(土地+建物)+車位,臺南市永康區東橋五路１５９號五樓之１,15.31,都市：其他:商業區,,,1100221,土地1建物1車位1,五層,二十三層,住宅大樓(11層含以上有電梯),住家用,鋼筋混凝土造,1150326,148.44,2,2,2,有,有,10100000,72068,坡道平面,27.72,1400000,預售屋、或土地及建物分件登記案件；,RPVPMLKLOHLGFKD76DA,73.99,0.0,3.71,有,
永康區,房地(土地+建物)+車位,臺南市永康區東橋五路１６１號十四樓之５,13.13,都市：其他:商業區,,,1100201,土地1建物1車位1,十四層,二十三層,住宅大樓(11層含以上有電梯),住家用,鋼筋混凝土造,1150326,128.32999999999998,1,2,2,有,有,8820000,73253,坡道平面,27.72,1450000,原111.04.13轉讓取得權利轉讓金額882萬元預售屋、或土地及建物分件登記案件；,RPROMLSKPHLGFKD07DA,61.14,0.0,3.46,有,
永康區,房地(土地+建物)+車位,臺南市永康區東橋五路１６１號七樓之８,10.68,都市：其他:商業區,,,1100205,土地1建物1車位1,七層,二十三層,住宅大樓(11層含以上有電梯),住家用,鋼筋混凝土造,1150326,104.8,1,2,1,有,有,7450000,71595,坡道機械,10.52,700000,114.12.1轉讓權利讓與金額相同預售屋、或土地及建物分件登記案件；,RPXOMLSKPHLGFKD67DA,55.49,0.0,5.02,有,
永康區,房地(土地+建物)+車位,臺南市永康區東橋五路１５９號十八樓之１,15.31,都市：其他:商業區,,,1100201,土地1建物1車位1,十八層,二十三層,住宅大樓(11層含以上有電梯),住家用,鋼筋混凝土造,1150326,148.44,2,2,2,有,有,10720000,75547,坡道平面,27.72,1600000,112.4.25轉讓權利讓與金額相同預售屋、或土地及建物分件登記案件；,RPRRMLMLPHLGFKD86DA,73.99,0.0,3.71,有,
永康區,房地(土地+建物)+車位,臺南市永康區東橋五路１５９號三樓之５,17.21,都市：其他:商業區,,,1100221,土地1建物1車位1,三層,二十三層,住宅大樓(11層含以上有電梯),住家用,鋼筋混凝土造,1150326,168.47,2,2,2,有,有,10800000,71774,坡道平面,42.38,1750000,115.4.20轉讓權利轉讓金額相同預售屋、或土地及建物分件登記案件；,RPWRMLMLPHLGFKD37DA,77.75,0.0,3.41,有,
永康區,房地(土地+建物)+車位,臺南市永康區東橋五路１５９號十八樓之５,15.92,都市：其他:商業區,,,1100201,土地1建物1車位1,十八層,二十三層,住宅大樓(11層含以上有電梯),住家用,鋼筋混凝土造,1150326,153.81,2,2,2,有,有,11200000,76136,坡道平面,27.72,1600000,預售屋、或土地及建物分件登記案件；,RPWNMLPLPHLGFKD27DA,77.75,0.0,3.41,有,
永康區,房地(土地+建物)+車位,臺南市永康區東橋五路１５９號四樓之５,15.92,都市：其他:商業區,,,1100112,土地1建物1車位1,四層,二十三層,住宅大樓(11層含以上有電梯),住家用,鋼筋混凝土造,1150326,153.81,2,2,2,有,有,10380000,71219,坡道平面,27.72,1400000,預售屋、或土地及建物分件登記案件；,RPVQMLKLOHLGFKD86DA,77.75,0.0,3.41,有,
永康區,房地(土地+建物)+車位,臺南市永康區東橋五路１６１號十七樓之５,13.4,都市：其他:商業區,,,1100114,土地1建物1車位1,十七層,二十三層,住宅大樓(11層含以上有電梯),住家用,鋼筋混凝土造,1150326,133.64999999999998,2,2,2,有,有,9500000,75994,坡道平面,27.72,1450000,114.10.28轉讓權利轉讓金額相同預售屋、或土地及建物分件登記案件；,RPWNMLSKPHLGFKD47DA,63.46,0.0,4.87,有,
永康區,房地(土地+建物)+車位,臺南市永康區東橋五路１６１號九樓之６,9.59,都市：其他:商業區,,,1100123,土地1建物1車位1,九層,二十三層,住宅大樓(11層含以上有電梯),住家用,鋼筋混凝土造,1150326,92.57,1,2,1,有,有,6100000,65204,坡道機械,10.52,750000,原110.01.18轉讓取得權利轉讓金額643萬元預售屋、或土地及建物分件登記案件；,RPQOMLSKPHLGFKD96DA,49.28,0.0,3.46,有,
永康區,房地(土地+建物)+車位,臺南市永康區東橋五路１６１號二樓之１,15.17,都市：其他:商業區,,,1100124,土地1建物1車位1,二層,二十三層,住宅大樓(11層含以上有電梯),住家用,鋼筋混凝土造,1150326,152.48000000000002,2,2,2,有,有,10900000,74543,坡道平面,27.72,1600000,115.3.1轉讓權利讓與金額1338萬元預售屋、或土地及建物分件登記案件；,RPVNMLMLPHLGFKD86DA,73.27,0.0,6.88,有,
永康區,房地(土地+建物)+車位,臺南市永康區東橋五路１６３號十七樓之５,12.45,都市：其他:商業區,,,1100121,土地1建物1車位1,十七層,二十三層,住宅大樓(11層含以上有電梯),住家用,鋼筋混凝土造,1150326,124.88,1,2,1,有,有,8820000,76369,坡道平面,27.72,1400000,111.7.7轉讓權利讓與金額相同115.4.23再轉讓權利讓與金額938萬元預售屋、或土地及建物分件登記案件；,RPQQMLMLPHLGFKD66DA,57.11,0.0,5.31,有,
永康區,房地(土地+建物)+車位,臺南市永康區東橋五路１５９號二十樓之１,15.31,都市：其他:商業區,,,1100109,土地1建物1車位1,二十層,二十三層,住宅大樓(11層含以上有電梯),住家用,鋼筋混凝土造,1150326,148.44,1,2,2,有,有,10750000,75795,坡道平面,27.72,1600000,預售屋、或土地及建物分件登記案件；,RPPNMLNLPHLGFKD98DA,73.99,0.0,3.71,有,
永康區,房地(土地+建物)+車位,臺南市永康區東橋五路１５９號六樓之１,15.31,都市：其他:商業區,,,1091205,土地1建物1車位1,六層,二十三層,住宅大樓(11層含以上有電梯),住家用,鋼筋混凝土造,1150326,148.44,2,2,2,有,有,10040000,71571,坡道平面,27.72,1400000,預售屋、或土地及建物分件登記案件；,RPWOMLTKPHLGFKD67DA,73.99,0.0,3.71,有,
永康區,房地(土地+建物)+車位,臺南市永康區東橋五路１６３號十九樓之９,11.57,都市：其他:商業區,,,1091102,土地1建物1車位1,十九層,二十三層,住宅大樓(11層含以上有電梯),住家用,鋼筋混凝土造,1150326,113.72,1,2,2,有,有,7790000,67733,坡道機械,10.52,800000,預售屋、或土地及建物分件登記案件；,RPVOMLTKPHLGFKD57DA,61.53,0.0,5.03,有,
永康區,房地(土地+建物)+車位,臺南市永康區東橋五路１６１號十二樓之８,10.68,都市：其他:商業區,,,1091125,土地1建物1車位1,十二層,二十三層,住宅大樓(11層含以上有電梯),住家用,鋼筋混凝土造,1150326,104.8,1,2,1,有,有,7600000,72126,坡道機械,10.52,800000,預售屋、或土地及建物分件登記案件；,RPOPMLMLPHLGFKD98DA,55.49,0.0,5.02,有,
永康區,房地(土地+建物)+車位,臺南市永康區東橋五路１５９號十三樓之７,15.1,都市：其他:商業區,,,1091120,土地1建物1車位1,十三層,二十三層,住宅大樓(11層含以上有電梯),住家用,鋼筋混凝土造,1150326,146.32999999999998,2,2,2,有,有,10100000,73350,坡道平面,27.72,1400000,115.4.23轉讓權利轉讓金額相同預售屋、或土地及建物分件登記案件；,RPPSMLMLPHLGFKD76DA,72.94,0.0,3.29,有,
永康區,房地(土地+建物)+車位,臺南市永康區東橋五路１５９號二十二樓之７,15.1,都市：其他:商業區,,,1091101,土地1建物1車位1,二十二層,二十三層,住宅大樓(11層含以上有電梯),住家用,鋼筋混凝土造,1150326,146.32999999999998,2,2,2,有,有,10480000,74867,坡道平面,27.72,1600000,預售屋、或土地及建物分件登記案件；,RPXNMLNLPHLGFKD17DA,72.94,0.0,3.29,有,
北區,房地(土地+建物)+車位,臺南市北區立賢路二段５號五樓之１０,7.89,都市：其他:住宅區,,,1091119,土地1建物1車位1,五層,二十四層,住宅大樓(11層含以上有電梯),住家用,鋼筋混凝土造,1150511,102.05000000000001,2,1,1,有,有,6500000,68653,坡道平面,24.85,1200000,本案於113年10月29日讓渡，其權利契約買賣價格不變。預售屋、或土地及建物分件登記案件；,RPWNMLQJQHLGFAD88DA,42.14,3.61,3.24,有,
北區,房地(土地+建物)+車位,臺南市北區立賢路二段５號十二樓之１３,7.89,都市：其他:住宅區,,,1091104,土地1建物1車位1,十二層,二十四層,住宅大樓(11層含以上有電梯),住家用,鋼筋混凝土造,1150511,102.05000000000001,2,1,1,有,有,7010000,73964,坡道平面,24.85,1300000,預售屋、或土地及建物分件登記案件；,RPRPMLRJQHLGFAD68DA,42.14,3.61,3.24,有,
北區,房地(土地+建物)+車位,臺南市北區立賢路二段５號十四樓之１３,7.89,都市：其他:住宅區,,,1091113,土地1建物1車位1,十四層,二十四層,住宅大樓(11層含以上有電梯),住家用,鋼筋混凝土造,1150511,102.05000000000001,2,1,1,有,有,6870000,72150,坡道平面,24.85,1300000,預售屋、或土地及建物分件登記案件；,RPTPMLRJQHLGFAD88DA,42.14,3.61,3.24,有,
北區,房地(土地+建物)+車位,臺南市北區立賢路二段５號十六樓之１９,7.27,都市：其他:住宅區,,,1091120,土地1建物1車位1,十六層,二十四層,住宅大樓(11層含以上有電梯),住家用,鋼筋混凝土造,1150511,77.53999999999999,2,1,1,有,有,6500000,78335,坡道機械,6.69,950000,預售屋、或土地及建物分件登記案件；,RPXPMLRJQHLGFAD66DA,38.7,2.04,4.29,有,
永康區,房地(土地+建物)+車位,臺南市永康區東橋五路１６１號十一樓之２,12.52,都市：其他:商業區,,,1091001,土地1建物1車位1,十一層,二十三層,住宅大樓(11層含以上有電梯),住家用,鋼筋混凝土造,1150326,122.77000000000001,1,2,1,有,有,7920000,69648,坡道平面,27.72,1300000,預售屋、或土地及建物分件登記案件；,RPXNMLLJPHLGFKD76DA,57.68,0.0,3.27,有,
永康區,房地(土地+建物)+車位,臺南市永康區東橋五路１６１號十三樓之５,13.4,都市：其他:商業區,,,1091019,土地1建物1車位1,十三層,二十三層,住宅大樓(11層含以上有電梯),住家用,鋼筋混凝土造,1150326,133.64999999999998,2,2,2,有,有,9300000,74106,坡道平面,27.72,1450000,115.05.02轉讓，權利讓與金額930萬元。預售屋、或土地及建物分件登記案件；,RPPOMLLJPHLGFKD68DA,63.46,0.0,4.87,有,
永康區,房地(土地+建物)+車位,臺南市永康區東橋五路１６３號六樓之７,7.69,都市：其他:商業區,,,1091001,土地1建物1車位1,六層,二十三層,住宅大樓(11層含以上有電梯),住家用,鋼筋混凝土造,1150326,75.44,0,0,0,無,有,4730000,58996,坡道機械,10.52,900000,預售屋、或土地及建物分件登記案件；,RPWNMLTKPHLGFKD57DA,38.79,0.0,2.87,有,
北區,房地(土地+建物)+車位,臺南市北區立賢路二段５號九樓之１６,7.8,都市：其他:住宅區,,,1091019,土地1建物1車位1,九層,二十四層,住宅大樓(11層含以上有電梯),住家用,鋼筋混凝土造,1150511,100.86,2,1,1,有,有,6750000,70385,坡道平面,24.85,1400000,本案於110年11月11日讓渡，其權利契約買賣價格700萬元整。預售屋、或土地及建物分件登記案件；,RPXNMLQJQHLGFAD98DA,41.45,3.7,3.13,有,
北區,房地(土地+建物)+車位,臺南市北區立賢路二段５號十六樓之１５,7.85,都市：其他:住宅區,,,1091007,土地1建物1車位1,十六層,二十四層,住宅大樓(11層含以上有電梯),住家用,鋼筋混凝土造,1150511,83.22,2,1,1,有,有,6580000,73566,坡道機械,6.69,950000,本案於111年3月10日讓渡，其權利契約買賣價格673萬元整。預售屋、或土地及建物分件登記案件；,RPWPMLRJQHLGFAD56DA,41.45,3.98,3.13,有,
北區,房地(土地+建物)+車位,臺南市北區立賢路二段５號二十一樓之３,12.72,都市：其他:住宅區,,,1091008,土地1建物1車位1,二十一層,二十四層,住宅大樓(11層含以上有電梯),住家用,鋼筋混凝土造,1150511,149.28,2,1,2,有,有,11250000,79161,坡道平面,24.85,1400000,本案於111年8月31日讓渡，其權利契約買賣價格不變。預售屋、或土地及建物分件登記案件；,RPQQMLRJQHLGFAD68DA,66.52,9.07,3.42,有,
永康區,房地(土地+建物)+車位,臺南市永康區東橋五路１６１號五樓之５,13.4,都市：其他:商業區,,,1090901,土地1建物1車位1,五層,二十三層,住宅大樓(11層含以上有電梯),住家用,鋼筋混凝土造,1150326,133.64999999999998,2,2,2,有,有,8470000,66742,坡道平面,27.72,1400000,111.01.21轉讓，權利讓與金額相同111.06.17再轉讓，權利讓與金額相同預售屋、或土地及建物分件登記案件；,RPWNMLLJPHLGFKD66DA,63.46,0.0,4.87,有,
永康區,房地(土地+建物)+車位,臺南市永康區東橋五路１６３號二十樓之６,14.63,都市：其他:商業區,,,1090903,土地1建物1車位1,二十層,二十三層,住宅大樓(11層含以上有電梯),住家用,鋼筋混凝土造,1150326,144.31,2,2,2,有,有,10550000,76336,坡道平面,27.72,1650000,預售屋、或土地及建物分件登記案件；,RPTNMLTKPHLGFKD27DA,69.99,0.0,4.85,有,
永康區,房地(土地+建物)+車位,臺南市永康區東橋五路１６３號二十二樓之６,14.63,都市：其他:商業區,,,1090916,土地1建物1車位1,二十二層,二十三層,住宅大樓(11層含以上有電梯),住家用,鋼筋混凝土造,1150326,144.31,2,2,2,有,有,10580000,76593,坡道平面,27.72,1650000,預售屋、或土地及建物分件登記案件；,RPUNMLTKPHLGFKD37DA,69.99,0.0,4.85,有,
永康區,房地(土地+建物)+車位,臺南市永康區東橋五路１６１號十四樓之３,15.51,都市：其他:商業區,,,1090908,土地1建物1車位1,十四層,二十三層,住宅大樓(11層含以上有電梯),住家用,鋼筋混凝土造,1150326,155.75,2,2,2,有,有,10030000,68187,坡道平面,27.72,1300000,110.6.21轉讓權利讓與金額相同預售屋、或土地及建物分件登記案件；,RPSOMLMLPHLGFKD66DA,75.51,0.0,6.63,有,
永康區,房地(土地+建物)+車位,臺南市永康區東橋五路１５９號二十一樓之６,10.41,都市：其他:商業區,,,1090901,土地1建物1車位1,二十一層,二十三層,住宅大樓(11層含以上有電梯),住家用,鋼筋混凝土造,1150326,101.31,1,2,1,有,有,7220000,68510,坡道機械,10.52,1000000,預售屋、或土地及建物分件登記案件；,RPQRMLMLPHLGFKD76DA,53.82,0.0,4.47,有,
永康區,房地(土地+建物)+車位,臺南市永康區東橋五路１５９號十七樓之６,10.41,都市：其他:商業區,,,1090914,土地1建物1車位1,十七層,二十三層,住宅大樓(11層含以上有電梯),住家用,鋼筋混凝土造,1150326,101.31,1,2,1,有,有,7000000,68289,坡道機械,10.52,800000,預售屋、或土地及建物分件登記案件；,RPTNMLNLPHLGFKD76DA,53.82,0.0,4.47,有,
永康區,房地(土地+建物)+車位,臺南市永康區東橋五路１５９號二十二樓之６,10.41,都市：其他:商業區,,,1090909,土地1建物1車位1,二十二層,二十三層,住宅大樓(11層含以上有電梯),住家用,鋼筋混凝土造,1150326,101.31,1,2,1,有,有,7000000,69391,坡道機械,10.52,700000,預售屋、或土地及建物分件登記案件；,RPUNMLNLPHLGFKD86DA,53.82,0.0,4.47,有,
北區,房地(土地+建物),臺南市北區立賢路二段５號四樓之８,7.8,都市：其他:住宅區,,,1090907,土地1建物1車位0,四層,二十四層,住宅大樓(11層含以上有電梯),住家用,鋼筋混凝土造,1150511,76.01,2,1,1,有,有,5230000,68807,,0.0,0,本案於110年9月9日讓渡，其權利契約買賣價格580萬元整。本案於113年10月24日讓渡，其權利契約買賣價格不變。預售屋、或土地及建物分件登記案件；,RPVNMLQJQHLGFAD78DA,41.45,3.7,3.13,有,
北區,房地(土地+建物)+車位,臺南市北區立賢路二段５號十二樓之１７,9.97,都市：其他:住宅區,,,1090923,土地1建物1車位1,十二層,二十四層,住宅大樓(11層含以上有電梯),住家用,鋼筋混凝土造,1150511,122.47999999999999,2,1,1,有,有,8900000,77845,坡道平面,24.85,1300000,預售屋、或土地及建物分件登記案件；,RPSPMLRJQHLGFAD78DA,51.4,6.38,4.23,有,
北區,房地(土地+建物)+車位,臺南市北區立賢路二段５號十五樓之１６,7.8,都市：其他:住宅區,,,1090928,土地1建物1車位1,十五層,二十四層,住宅大樓(11層含以上有電梯),住家用,鋼筋混凝土造,1150511,100.86,2,1,1,有,有,6730000,71438,坡道平面,24.85,1300000,預售屋、或土地及建物分件登記案件；,RPVPMLRJQHLGFAD09DA,41.45,3.7,3.13,有,
北區,房地(土地+建物)+車位,臺南市北區立賢路二段５號十七樓之９,7.85,都市：其他:住宅區,,,1090921,土地1建物1車位1,十七層,二十四層,住宅大樓(11層含以上有電梯),住家用,鋼筋混凝土造,1150511,101.38,2,1,1,有,有,6880000,72913,坡道平面,24.85,1300000,本案於111年7月27日讓渡，其權利契約買賣價格700萬元整。預售屋、或土地及建物分件登記案件；,RPOQMLRJQHLGFAD48DA,41.45,3.98,3.13,有,
北區,房地(土地+建物)+車位,臺南市北區立賢路二段５號二十三樓之７,9.97,都市：其他:住宅區,,,1090928,土地1建物1車位1,二十三層,二十四層,住宅大樓(11層含以上有電梯),住家用,鋼筋混凝土造,1150511,122.46000000000001,2,1,1,有,有,8600000,74787,坡道平面,24.85,1300000,預售屋、或土地及建物分件登記案件；,RPRQMLRJQHLGFAD78DA,51.38,6.38,4.23,有,
北區,房地(土地+建物)+車位,臺南市北區立賢路二段５號十二樓之１０,7.89,都市：其他:住宅區,,,1090922,土地1建物1車位1,十二層,二十四層,住宅大樓(11層含以上有電梯),住家用,鋼筋混凝土造,1150511,102.05000000000001,2,1,1,有,有,6920000,74093,坡道平面,24.85,1200000,本案於110年11月26日讓渡，其權利契約買賣價格712萬元整。本案於114年1月23日讓渡，其權利契約買賣價格不變。預售屋、或土地及建物分件登記案件；,RPQPMLRJQHLGFAD58DA,42.14,3.61,3.24,有,
永康區,房地(土地+建物)+車位,臺南市永康區東橋五路１６１號十四樓之７,12.18,都市：其他:商業區,,,1090807,土地1建物1車位1,十四層,二十三層,住宅大樓(11層含以上有電梯),住家用,鋼筋混凝土造,1150326,122.00999999999999,1,2,1,有,有,7900000,69467,坡道平面,27.72,1350000,115.2.2轉讓權利讓與金額相同預售屋、或土地及建物分件登記案件；,RPQOMLKLOHLGFKD78DA,55.49,0.0,5.02,有,
永康區,房地(土地+建物)+車位,臺南市永康區東橋五路１５９號二十一樓之５,15.92,都市：其他:商業區,,,1090814,土地1建物1車位1,二十一層,二十三層,住宅大樓(11層含以上有電梯),住家用,鋼筋混凝土造,1150326,153.81,2,2,2,有,有,10500000,70585,坡道平面,27.72,1600000,115.5.4轉讓權利轉讓金額相同預售屋、或土地及建物分件登記案件；,RPOSMLMLPHLGFKD66DA,77.75,0.0,3.41,有,
永康區,房地(土地+建物)+車位,臺南市永康區東橋五路１５９號十七樓之７,15.1,都市：其他:商業區,,,1090809,土地1建物1車位1,十七層,二十三層,住宅大樓(11層含以上有電梯),住家用,鋼筋混凝土造,1150326,146.32999999999998,2,2,2,有,有,9650000,69134,坡道平面,27.72,1450000,預售屋、或土地及建物分件登記案件；,RPWNMLNLPHLGFKD07DA,72.94,0.0,3.29,有,
永康區,房地(土地+建物)+車位,臺南市永康區東橋五路１５９號十九樓之１１,10.41,都市：其他:商業區,,,1090817,土地1建物1車位1,十九層,二十三層,住宅大樓(11層含以上有電梯),住家用,鋼筋混凝土造,1150326,101.31,1,2,1,有,有,6550000,64434,坡道機械,10.52,700000,預售屋、或土地及建物分件登記案件；,RPVNMLPLPHLGFKD17DA,53.82,0.0,4.47,有,
北區,房地(土地+建物)+車位,臺南市北區立賢路二段５號二樓之１７,9.57,都市：其他:住宅區,,,1090819,土地1建物1車位1,二層,二十四層,住宅大樓(11層含以上有電梯),住家用,鋼筋混凝土造,1150511,118.42,2,1,1,有,有,8000000,72673,坡道平面,24.85,1200000,預售屋、或土地及建物分件登記案件；,RPSNMLQJQHLGFAD48DA,51.58,2.37,5.43,有,
永康區,房地(土地+建物)+車位,臺南市永康區東橋五路１５９號十四樓之２,8.78,都市：其他:商業區,,,1090724,土地1建物1車位1,十四層,二十三層,住宅大樓(11層含以上有電梯),住家用,鋼筋混凝土造,1150326,85.09,0,0,0,無,有,5100000,59005,坡道機械,10.52,700000,預售屋、或土地及建物分件登記案件；,RPTQMLKLOHLGFKD66DA,44.86,0.0,2.95,有,
永康區,房地(土地+建物)+車位,臺南市永康區東橋五路１５９號九樓之５,15.92,都市：其他:商業區,,,1090705,土地1建物1車位1,九層,二十三層,住宅大樓(11層含以上有電梯),住家用,鋼筋混凝土造,1150326,153.81,2,2,2,有,有,9380000,64478,坡道平面,27.72,1250000,預售屋、或土地及建物分件登記案件；,RPWOMLLJPHLGFKD76DA,77.75,0.0,3.41,有,
永康區,房地(土地+建物)+車位,臺南市永康區東橋五路１６３號十四樓之６,14.63,都市：其他:商業區,,,1090709,土地1建物1車位1,十四層,二十三層,住宅大樓(11層含以上有電梯),住家用,鋼筋混凝土造,1150326,144.31,2,2,2,有,有,9600000,69903,坡道平面,27.72,1450000,115.4.28轉讓權利讓與金額相同預售屋、或土地及建物分件登記案件；,RPSNMLPLPHLGFKD86DA,69.99,0.0,4.85,有,
永康區,房地(土地+建物)+車位,臺南市永康區東橋五路１６１號二十一樓之１,15.17,都市：其他:商業區,,,1090703,土地1建物1車位1,二十一層,二十三層,住宅大樓(11層含以上有電梯),住家用,鋼筋混凝土造,1150326,152.48000000000002,2,2,2,有,有,10920000,74703,坡道平面,27.72,1600000,115.5.5轉讓權利讓與金額相同預售屋、或土地及建物分件登記案件；,RPPOMLPLPHLGFKD66DA,73.27,0.0,6.88,有,
永康區,房地(土地+建物)+車位,臺南市永康區東橋五路１５９號十三樓之１１,10.41,都市：其他:商業區,,,1090601,土地1建物1車位1,十三層,二十三層,住宅大樓(11層含以上有電梯),住家用,鋼筋混凝土造,1150326,101.31,1,2,1,有,有,6370000,62452,坡道機械,10.52,700000,115.5.4轉讓權利轉讓金額相同預售屋、或土地及建物分件登記案件；,RPSSMLMLPHLGFKD07DA,53.82,0.0,4.47,有,
永康區,房地(土地+建物)+車位,臺南市永康區東橋五路１６１號七樓之１,15.17,都市：其他:商業區,,,1090510,土地1建物1車位1,七層,二十三層,住宅大樓(11層含以上有電梯),住家用,鋼筋混凝土造,1150326,152.48000000000002,2,2,2,有,有,10300000,70936,坡道平面,27.72,1450000,預售屋、或土地及建物分件登記案件；,RPRNMLKLOHLGFKD78DA,73.27,0.0,6.88,有,
永康區,房地(土地+建物)+車位,臺南市永康區東橋五路１５９號十樓之１１,10.41,都市：其他:商業區,,,1090508,土地1建物1車位1,十層,二十三層,住宅大樓(11層含以上有電梯),住家用,鋼筋混凝土造,1150326,101.31,1,2,1,有,有,6450000,61130,坡道機械,10.52,900000,預售屋、或土地及建物分件登記案件；,RPUOMLNLPHLGFKD96DA,53.82,0.0,4.47,有,
永康區,房地(土地+建物)+車位,臺南市永康區東橋五路１５９號十二樓之１,15.31,都市：其他:商業區,,,1090502,土地1建物1車位1,十二層,二十三層,住宅大樓(11層含以上有電梯),住家用,鋼筋混凝土造,1150326,148.44,2,2,2,有,有,8990000,64529,坡道平面,27.72,1200000,110.6.29轉讓權利轉讓金額相同預售屋、或土地及建物分件登記案件；,RPXNMLPLPHLGFKD37DA,73.99,0.0,3.71,有,
永康區,房地(土地+建物)+車位,臺南市永康區東橋五路１５９號六樓之７,15.1,都市：其他:商業區,,,1090418,土地1建物1車位1,六層,二十三層,住宅大樓(11層含以上有電梯),住家用,鋼筋混凝土造,1150326,146.32999999999998,2,2,2,有,有,8930000,64328,坡道平面,27.72,1300000,預售屋、或土地及建物分件登記案件；,RPURMLKLOHLGFKD86DA,72.94,0.0,3.29,有,
永康區,房地(土地+建物)+車位,臺南市永康區東橋五路１６３號三樓之３,15.17,都市：其他:商業區,,,1090417,土地1建物1車位1,三層,二十三層,住宅大樓(11層含以上有電梯),住家用,鋼筋混凝土造,1150326,152.17000000000002,2,2,2,有,有,10200000,70711,坡道平面,27.72,1400000,115.3.1轉讓權利讓與金額相同預售屋、或土地及建物分件登記案件；,RPQSMLOLOHLGFKD96DA,73.27,0.0,6.88,有,
永康區,房地(土地+建物)+車位,臺南市永康區東橋五路１５９號三樓之９,8.84,都市：其他:商業區,,,1090412,土地1建物1車位1,三層,二十三層,住宅大樓(11層含以上有電梯),住家用,鋼筋混凝土造,1150326,86.32,0,0,0,無,有,5080000,58443,坡道機械,10.52,650000,114.6.28轉讓權利轉讓金額800萬元預售屋、或土地及建物分件登記案件；,RPRSMLMLPHLGFKD96DA,44.87,0.0,3.85,有,
永康區,房地(土地+建物)+車位,臺南市永康區東橋五路１６１號十一樓之７,13.4,都市：其他:商業區,,,1090312,土地1建物1車位1,十一層,二十三層,住宅大樓(11層含以上有電梯),住家用,鋼筋混凝土造,1150326,133.22,2,2,2,有,有,8280000,65213,坡道平面,27.72,1400000,預售屋、或土地及建物分件登記案件；,RPWRMLOLOHLGFKD47DA,63.14,0.0,4.76,有,
永康區,房地(土地+建物)+車位,臺南市永康區東橋五路１６１號四樓之３,15.51,都市：其他:商業區,,,1090315,土地1建物1車位1,四層,二十三層,住宅大樓(11層含以上有電梯),住家用,鋼筋混凝土造,1150326,155.75,2,2,2,有,有,9700000,64438,坡道平面,27.72,1450000,115.02.09轉讓轉讓金額相同預售屋、或土地及建物分件登記案件；,RPUNMLSKPHLGFKD27DA,75.51,0.0,6.63,有,
永康區,房地(土地+建物)+車位,臺南市永康區東橋五路１６１號十二樓之７,13.4,都市：其他:商業區,,,1090317,土地1建物1車位1,十二層,二十三層,住宅大樓(11層含以上有電梯),住家用,鋼筋混凝土造,1150326,133.22,2,2,2,有,有,8190000,65308,坡道平面,27.72,1300000,預售屋、或土地及建物分件登記案件；,RPUOMLSKPHLGFKD37DA,63.14,0.0,4.76,有,
永康區,房地(土地+建物)+車位,臺南市永康區東橋五路１６１號十六樓之７,13.4,都市：其他:商業區,,,1090317,土地1建物1車位1,十六層,二十三層,住宅大樓(11層含以上有電梯),住家用,鋼筋混凝土造,1150326,133.22,2,2,2,有,有,8270000,66540,坡道平面,27.72,1250000,111.04.12轉讓權利轉讓金額1115萬元預售屋、或土地及建物分件登記案件；,RPVOMLSKPHLGFKD47DA,63.14,0.0,4.76,有,
永康區,房地(土地+建物)+車位,臺南市永康區東橋五路１６３號九樓之３,15.17,都市：其他:商業區,,,1090306,土地1建物1車位1,九層,二十三層,住宅大樓(11層含以上有電梯),住家用,鋼筋混凝土造,1150326,152.17000000000002,2,2,2,有,有,10150000,69908,坡道平面,27.72,1450000,115.03.03轉讓，權利讓與金額1100萬元預售屋、或土地及建物分件登記案件；,RPWOMLNLPHLGFKD17DA,73.27,0.0,6.88,有,
永康區,房地(土地+建物)+車位,臺南市永康區東橋五路１５９號四樓之９,8.84,都市：其他:商業區,,,1090211,土地1建物1車位1,四層,二十三層,住宅大樓(11層含以上有電梯),住家用,鋼筋混凝土造,1150326,86.32,0,0,0,無,有,5030000,57784,坡道機械,10.52,650000,預售屋、或土地及建物分件登記案件；,RPPOMLNLPHLGFKD09DA,44.87,0.0,3.85,有,
永康區,房地(土地+建物)+車位,臺南市永康區東橋五路１６１號九樓之７,11.91,都市：其他:商業區,,,1090202,土地1建物1車位1,九層,二十三層,住宅大樓(11層含以上有電梯),住家用,鋼筋混凝土造,1150326,116.02000000000001,2,2,2,有,有,7680000,65687,坡道機械,10.52,750000,,RPQOMLPLPHLGFKD76DA,63.14,0.0,4.76,有,
永康區,房地(土地+建物)+車位,臺南市永康區東橋五路１６１號八樓之７,13.4,都市：其他:商業區,,,1081201,土地1建物1車位1,八層,二十三層,住宅大樓(11層含以上有電梯),住家用,鋼筋混凝土造,1150326,133.22,2,2,2,有,有,8150000,64929,坡道平面,27.72,1300000,113.8.16轉讓權利讓與金額相同預售屋、或土地及建物分件登記案件；,RPTOMLSKPHLGFKD27DA,63.14,0.0,4.76,有,
永康區,房地(土地+建物)+車位,臺南市永康區東橋五路１６３號十二樓之７,7.69,都市：其他:商業區,,,1081220,土地1建物1車位1,十二層,二十三層,住宅大樓(11層含以上有電梯),住家用,鋼筋混凝土造,1150326,75.44,0,0,0,無,有,4850000,60844,坡道機械,10.52,900000,預售屋、或土地及建物分件登記案件；,RPOOMLTKPHLGFKD86DA,38.79,0.0,2.87,有,
永康區,房地(土地+建物)+車位,臺南市永康區東橋五路１６３號九樓之８,7.69,都市：其他:商業區,,,1081201,土地1建物1車位1,九層,二十三層,住宅大樓(11層含以上有電梯),住家用,鋼筋混凝土造,1150326,75.44,0,0,0,無,有,4730000,58996,坡道機械,10.52,900000,預售屋、或土地及建物分件登記案件；,RPQOMLTKPHLGFKD07DA,38.79,0.0,2.87,有,
永康區,房地(土地+建物)+車位,臺南市永康區東橋五路１６３號十五樓之３,15.17,都市：其他:商業區,,,1081221,土地1建物1車位1,十五層,二十三層,住宅大樓(11層含以上有電梯),住家用,鋼筋混凝土造,1150326,152.17000000000002,2,2,2,有,有,10400000,71916,坡道平面,27.72,1450000,110.12.27轉讓權利讓與金額1090萬元預售屋、或土地及建物分件登記案件；,RPWPMLMLPHLGFKD17DA,73.27,0.0,6.88,有,
永康區,房地(土地+建物)+車位,臺南市永康區東橋五路１５９號二樓之１１,11.91,都市：其他:商業區,,,1081215,土地1建物1車位1,二層,二十三層,住宅大樓(11層含以上有電梯),住家用,鋼筋混凝土造,1150326,118.52,1,2,1,有,有,6470000,59141,坡道平面,27.72,1100000,預售屋、或土地及建物分件登記案件；,RPTOMLNLPHLGFKD86DA,53.82,0.0,4.47,有,
永康區,房地(土地+建物)+車位,臺南市永康區東橋五路１６３號七樓之３,15.17,都市：其他:商業區,,,1081207,土地1建物1車位1,七層,二十三層,住宅大樓(11層含以上有電梯),住家用,鋼筋混凝土造,1150326,152.17000000000002,2,2,2,有,有,10300000,70309,坡道平面,27.72,1550000,110.05.06轉讓權利讓與金額相同110.12.16再轉讓權利讓與金額1077萬元預售屋、或土地及建物分件登記案件；,RPRNMLPLPHLGFKD76DA,73.27,0.0,6.88,有,
永康區,房地(土地+建物)+車位,臺南市永康區東橋五路１５９號二樓之８,8.84,都市：其他:商業區,,,1081125,土地1建物1車位1,二層,二十三層,住宅大樓(11層含以上有電梯),住家用,鋼筋混凝土造,1150326,86.31,0,0,0,無,有,5250000,57395,坡道機械,10.52,900000,110.12.14轉讓權利轉讓金額540萬元預售屋、或土地及建物分件登記案件；,RPOSMLKLOHLGFKD98DA,44.86,0.0,3.85,有,
永康區,房地(土地+建物)+車位,臺南市永康區東橋五路１６３號十七樓之３,15.17,都市：其他:商業區,,,1081102,土地1建物1車位1,十七層,二十三層,住宅大樓(11層含以上有電梯),住家用,鋼筋混凝土造,1150326,152.17000000000002,2,2,2,有,有,10250000,71916,坡道平面,27.72,1300000,110.12.27轉讓權利讓與金額1052萬元預售屋、或土地及建物分件登記案件；,RPRSMLOLOHLGFKD07DA,73.27,0.0,6.88,有,
永康區,房地(土地+建物)+車位,臺南市永康區東橋五路１６１號八樓之８,12.18,都市：其他:商業區,,,1081101,土地1建物1車位1,八層,二十三層,住宅大樓(11層含以上有電梯),住家用,鋼筋混凝土造,1150326,122.00999999999999,1,2,1,有,有,7430000,65012,坡道平面,27.72,1300000,預售屋、或土地及建物分件登記案件；,RPQOMLLJPHLGFKD78DA,55.49,0.0,5.02,有,
永康區,房地(土地+建物)+車位,臺南市永康區東橋五路１６３號十四樓之２,12.52,都市：其他:商業區,,,1081103,土地1建物1車位1,十四層,二十三層,住宅大樓(11層含以上有電梯),住家用,鋼筋混凝土造,1150326,122.45,1,2,1,有,有,7900000,70200,坡道平面,27.72,1250000,預售屋、或土地及建物分件登記案件；,RPSOMLLJPHLGFKD98DA,57.68,0.0,3.27,有,
永康區,房地(土地+建物)+車位,臺南市永康區東橋五路１６１號六樓之２,12.52,都市：其他:商業區,,,1081107,土地1建物1車位1,六層,二十三層,住宅大樓(11層含以上有電梯),住家用,鋼筋混凝土造,1150326,122.77000000000001,1,2,1,有,有,7750000,67859,坡道平面,27.72,1300000,111.6.9轉讓轉讓金額785萬元預售屋、或土地及建物分件登記案件；,RPSNMLSKPHLGFKD07DA,57.68,0.0,3.27,有,
永康區,房地(土地+建物)+車位,臺南市永康區東橋五路１６１號十四樓之２,12.52,都市：其他:商業區,,,1081118,土地1建物1車位1,十四層,二十三層,住宅大樓(11層含以上有電梯),住家用,鋼筋混凝土造,1150326,122.77000000000001,1,2,1,有,有,7890000,70384,坡道平面,27.72,1200000,114.11.19轉讓轉讓金額1120萬元預售屋、或土地及建物分件登記案件；,RPTNMLSKPHLGFKD17DA,57.68,0.0,3.27,有,
永康區,房地(土地+建物)+車位,臺南市永康區東橋五路１６１號七樓之６,9.59,都市：其他:商業區,,,1081103,土地1建物1車位1,七層,二十三層,住宅大樓(11層含以上有電梯),住家用,鋼筋混凝土造,1150326,92.57,1,2,1,有,有,6050000,64595,坡道機械,10.52,750000,113.03.20轉讓權利轉讓金額相同預售屋、或土地及建物分件登記案件；,RPPOMLSKPHLGFKD86DA,49.28,0.0,3.46,有,
永康區,房地(土地+建物)+車位,臺南市永康區東橋五路１６１號六樓之８,12.18,都市：其他:商業區,,,1081103,土地1建物1車位1,六層,二十三層,住宅大樓(11層含以上有電梯),住家用,鋼筋混凝土造,1150326,122.00999999999999,1,2,1,有,有,7140000,63527,坡道平面,27.72,1150000,預售屋、或土地及建物分件登記案件；,RPWOMLSKPHLGFKD57DA,55.49,0.0,5.02,有,
永康區,房地(土地+建物)+車位,臺南市永康區東橋五路１６３號二十一樓之１,17.96,都市：其他:商業區,,,1081102,土地1建物1車位2,二十一層,二十三層,住宅大樓(11層含以上有電梯),住家用,鋼筋混凝土造,1150326,183.15,2,2,2,有,有,11750000,71647,坡道平面,55.44,2600000,預售屋、或土地及建物分件登記案件；,RPRPMLSKPHLGFKD17DA,75.51,0.0,6.63,有,
永康區,房地(土地+建物)+車位,臺南市永康區東橋五路１６３號五樓之２,12.52,都市：其他:商業區,,,1081101,土地1建物1車位1,五層,二十三層,住宅大樓(11層含以上有電梯),住家用,鋼筋混凝土造,1150326,122.45,1,2,1,有,有,7700000,68088,坡道平面,27.72,1250000,預售屋、或土地及建物分件登記案件；,RPTPMLSKPHLGFKD37DA,57.68,0.0,3.27,有,
永康區,房地(土地+建物)+車位,臺南市永康區東橋五路１６３號十二樓之２,12.52,都市：其他:商業區,,,1081103,土地1建物1車位1,十二層,二十三層,住宅大樓(11層含以上有電梯),住家用,鋼筋混凝土造,1150326,122.45,1,2,1,有,有,7850000,69144,坡道平面,27.72,1300000,110.3.26轉讓權利讓與金額相同預售屋、或土地及建物分件登記案件；,RPSPMLMLPHLGFKD76DA,57.68,0.0,3.27,有,
永康區,房地(土地+建物)+車位,臺南市永康區東橋五路１６１號四樓之６,9.59,都市：其他:商業區,,,1081103,土地1建物1車位1,四層,二十三層,住宅大樓(11層含以上有電梯),住家用,鋼筋混凝土造,1150326,92.57,1,2,1,有,有,5900000,62767,坡道機械,10.52,750000,113.03.20轉讓權利轉讓金額相同預售屋、或土地及建物分件登記案件；,RPPNMLPLPHLGFKD56DA,49.28,0.0,3.46,有,
永康區,房地(土地+建物)+車位,臺南市永康區東橋五路１６１號十樓之１,15.17,都市：其他:商業區,,,1081007,土地1建物1車位1,十層,二十三層,住宅大樓(11層含以上有電梯),住家用,鋼筋混凝土造,1150326,152.48000000000002,2,2,2,有,有,9930000,69173,坡道平面,27.72,1300000,預售屋、或土地及建物分件登記案件；,RPVQMLOLOHLGFKD27DA,73.27,0.0,6.88,有,
永康區,房地(土地+建物)+車位,臺南市永康區東橋五路１６１號五樓之７,13.4,都市：其他:商業區,,,1081019,土地1建物1車位1,五層,二十三層,住宅大樓(11層含以上有電梯),住家用,鋼筋混凝土造,1150326,133.22,2,2,2,有,有,8160000,65024,坡道平面,27.72,1300000,預售屋、或土地及建物分件登記案件；,RPVRMLOLOHLGFKD37DA,63.14,0.0,4.76,有,
永康區,房地(土地+建物)+車位,臺南市永康區東橋五路１５９號十二樓之１１,11.91,都市：其他:商業區,,,1081018,土地1建物1車位1,十二層,二十三層,住宅大樓(11層含以上有電梯),住家用,鋼筋混凝土造,1150326,118.52,1,2,1,有,有,7030000,63656,坡道平面,27.72,1250000,112.02.09轉讓，權利讓與金額750萬元。預售屋、或土地及建物分件登記案件；,RPOPMLLJPHLGFKD68DA,53.82,0.0,4.47,有,
永康區,房地(土地+建物)+車位,臺南市永康區東橋五路１６１號十九樓之３,17.96,都市：其他:商業區,,,1081015,土地1建物1車位2,十九層,二十三層,住宅大樓(11層含以上有電梯),住家用,鋼筋混凝土造,1150326,183.47,2,2,2,有,有,11660000,71155,坡道平面,55.44,2550000,預售屋、或土地及建物分件登記案件；,RPVNMLSKPHLGFKD37DA,75.51,0.0,6.63,有,
永康區,房地(土地+建物)+車位,臺南市永康區東橋五路１６３號八樓之１,15.51,都市：其他:商業區,,,1081006,土地1建物1車位1,八層,二十三層,住宅大樓(11層含以上有電梯),住家用,鋼筋混凝土造,1150326,155.43,2,2,2,有,有,10110000,67810,坡道平面,27.72,1450000,預售屋、或土地及建物分件登記案件；,RPPPMLSKPHLGFKD96DA,75.51,0.0,6.63,有,
永康區,房地(土地+建物)+車位,臺南市永康區東橋五路１６３號二十樓之５,12.45,都市：其他:商業區,,,1081016,土地1建物1車位1,二十層,二十三層,住宅大樓(11層含以上有電梯),住家用,鋼筋混凝土造,1150326,124.88,1,2,1,有,有,7950000,69473,坡道平面,27.72,1200000,預售屋、或土地及建物分件登記案件；,RPQNMLTKPHLGFKD96DA,57.11,0.0,5.31,有,
永康區,房地(土地+建物),臺南市永康區東橋五路１６３號四樓之７,6.74,都市：其他:商業區,,,1081014,土地1建物1車位0,四層,二十三層,住宅大樓(11層含以上有電梯),住家用,鋼筋混凝土造,1150326,64.92,0,0,0,無,有,3850000,59304,,0.0,0,預售屋、或土地及建物分件登記案件；,RPVNMLTKPHLGFKD47DA,38.79,0.0,2.87,有,
永康區,房地(土地+建物)+車位,臺南市永康區東橋五路１５９號七樓之１,15.31,都市：其他:商業區,,,1081005,土地1建物1車位1,七層,二十三層,住宅大樓(11層含以上有電梯),住家用,鋼筋混凝土造,1150326,148.44,2,2,2,有,有,9050000,64612,坡道平面,27.72,1250000,預售屋、或土地及建物分件登記案件；,RPXOMLTKPHLGFKD77DA,73.99,0.0,3.71,有,
永康區,房地(土地+建物)+車位,臺南市永康區東橋五路１６３號十八樓之５,12.45,都市：其他:商業區,,,1081005,土地1建物1車位1,十八層,二十三層,住宅大樓(11層含以上有電梯),住家用,鋼筋混凝土造,1150326,124.88,1,2,1,有,有,7930000,69267,坡道平面,27.72,1200000,115.4.7轉讓權利讓與金額相同預售屋、或土地及建物分件登記案件；,RPUQMLMLPHLGFKD07DA,57.11,0.0,5.31,有,
永康區,房地(土地+建物)+車位,臺南市永康區東橋五路１６３號十樓之６,14.63,都市：其他:商業區,,,1081012,土地1建物1車位1,十層,二十三層,住宅大樓(11層含以上有電梯),住家用,鋼筋混凝土造,1150326,144.31,2,2,2,有,有,9230000,68016,坡道平面,27.72,1300000,預售屋、或土地及建物分件登記案件；,RPSRMLMLPHLGFKD96DA,69.99,0.0,4.85,有,
永康區,房地(土地+建物)+車位,臺南市永康區東橋五路１６３號八樓之６,14.63,都市：其他:商業區,,,1081013,土地1建物1車位1,八層,二十三層,住宅大樓(11層含以上有電梯),住家用,鋼筋混凝土造,1150326,144.31,2,2,2,有,有,9080000,66730,坡道平面,27.72,1300000,預售屋、或土地及建物分件登記案件；,RPTRMLMLPHLGFKD07DA,69.99,0.0,4.85,有,
永康區,房地(土地+建物)+車位,臺南市永康區東橋五路１５９號九樓之１１,11.7,都市：其他:商業區,,,1081010,土地1建物1車位1,九層,二十三層,住宅大樓(11層含以上有電梯),住家用,鋼筋混凝土造,1150326,116.6,1,2,1,有,有,6750000,62782,坡道平面,25.81,1050000,110.4.29轉讓權利轉讓金額相同預售屋、或土地及建物分件登記案件；,RPUNMLPLPHLGFKD07DA,53.82,0.0,4.47,有,
永康區,房地(土地+建物)+車位,臺南市永康區東橋五路１６３號十五樓之５,12.25,都市：其他:商業區,,,1081021,土地1建物1車位1,十五層,二十三層,住宅大樓(11層含以上有電梯),住家用,鋼筋混凝土造,1150326,122.96000000000001,1,2,1,有,有,7870000,69686,坡道平面,25.81,1100000,115.4.22轉讓權利讓與金額相同預售屋、或土地及建物分件登記案件；,RPOOMLPLPHLGFKD56DA,57.11,0.0,5.31,有,
永康區,房地(土地+建物)+車位,臺南市永康區東橋五路１６３號九樓之１,15.51,都市：其他:商業區,,,1081010,土地1建物1車位1,九層,二十三層,住宅大樓(11層含以上有電梯),住家用,鋼筋混凝土造,1150326,155.43,2,2,2,有,有,10000000,68123,坡道平面,27.72,1300000,112.4.27轉讓權利讓與金額1300萬115.7.15再轉讓權利讓與金額相同預售屋、或土地及建物分件登記案件；,RPROMLPLPHLGFKD86DA,75.51,0.0,6.63,有,
