鄉鎮市區,交易標的,土地位置建物門牌,土地移轉總面積平方公尺,都市土地使用分區,非都市土地使用分區,非都市土地使用編定,交易年月日,交易筆棟數,移轉層次,總樓層數,建物型態,主要用途,主要建材,建築完成年月,建物移轉總面積平方公尺,建物現況格局-房,建物現況格局-廳,建物現況格局-衛,建物現況格局-隔間,有無管理組織,總價元,單價元平方公尺,車位類別,車位移轉總面積平方公尺,車位總價元,備註,編號,主建物面積,附屬建物面積,陽台面積,電梯,移轉編號
The villages and towns urban district,transaction sign,land sector position building sector house number plate,land shifting total area square meter,the use zoning or compiles and checks,the non-metropolis land use district,non-metropolis land use,transaction year month and day,transaction pen number,shifting level,total floor number,building state,main use,main building materials,construction to complete the years,building shifting total area,Building present situation pattern - room,building present situation pattern - hall,building present situation pattern - health,building present situation pattern - compartmented,Whether there is manages the organization,total price NTD,the unit price (NTD / square meter),the berth category,berth shifting total area square meter,the berth total price NTD,the note,serial number,main building area,auxiliary building area,balcony area,elevator,transaction number
北區,房地(土地+建物),臺南市北區臨安路二段５３號四樓之３,6.23,住,,,1150705,土地1建物1車位0,四層,十五層,住宅大樓(11層含以上有電梯),商業用,鋼筋混凝土造,0821119,57.61,1,1,1,有,有,3250000,56414,,0.0,0,,RPVQMLQJPHLGFAD98DA,39.05,0.0,0.0,有,
北區,房地(土地+建物),臺南市北區開元路４８５巷４１弄１２號二樓之２,7.97,商,,,1150701,土地1建物1車位0,二層,十四層,住宅大樓(11層含以上有電梯),住家用,鋼筋混凝土造,0891120,73.28,2,1,1,有,有,5350000,73008,,0.0,0,,RPUNMLTJPHLGFAD88DA,53.92,0.0,3.4,有,001
新營區,房地(土地+建物),臺南市新營區民生路３０之２號,52.62,商,,,1150702,土地2建物1車位0,全,三層,透天厝,住商用,鋼筋混凝土造,0670527,110.56,4,2,1,有,無,3500000,31657,,0.0,0,,RPQNMLKKPHLGFDD97DA,110.56,0.0,0.0,無,
大內區,土地,頭社段334-1地號,238.0,,鄉村區,乙種建築用地,1150703,土地1建物0車位0,,,其他,,,,0.0,0,0,0,無,無,3380000,14202,,0.0,0,,RPQNMLSJPHLGFFD88DA,0.0,0.0,0.0,無,
山上區,土地,玉二段1041地號,284.65,都市：其他:道路用地,,,1150702,土地6建物0車位0,,,其他,,,,0.0,0,0,0,無,無,2519153,8850,,0.0,0,包含公共設施保留地用地；,RPUOMLTJPHLGFHD07DA,0.0,0.0,0.0,無,
東區,房地(土地+建物)+車位,臺南市東區崇德二十一街６７號五樓之２,27.56,住,,,1150706,土地1建物1車位1,五層,六層,華廈(10層含以下有電梯),住家用,鋼筋混凝土造,0800517,129.03,3,2,2,有,無,7500000,58126,坡道平面,0.0,0,車位僅有使用權,RPPNMLKKPHLGFCD77DA,81.81,0.0,14.97,有,
東山區,土地,許秀才段1987地號,1600.0,,特定農業區,農牧用地,1150702,土地1建物0車位0,,,其他,,,,0.0,0,0,0,無,無,1600000,1000,,0.0,0,,RPQNMLNKPHLGFED38DA,0.0,0.0,0.0,無,
佳里區,房地(土地+建物),臺南市佳里區進學路２５０巷１５號二樓,64.99,住,,,1150704,土地1建物1車位0,二層,四層,公寓(5樓含以下無電梯),住家用,鋼筋混凝土造,0720810,98.65,3,2,2,有,無,1800000,18246,,0.0,0,親友、員工、共有人或其他特殊關係間之交易；含租約；,RPPNMLKKPHLGFGD18DA,82.69,0.0,14.29,無,
新市區,土地,大榮段511地號,111.61,住,,,1150703,土地1建物0車位0,,,其他,,,,0.0,0,0,0,無,無,5739421,51424,,0.0,0,親友、員工、共有人或其他特殊關係間之交易；,RPSNMLKKPHLGFHD58DA,0.0,0.0,0.0,無,
永康區,土地,兵北段24地號,90.45,都市：其他:道路用地,,,1150704,土地2建物0車位0,,,其他,,,,0.0,0,0,0,無,無,800000,8845,,0.0,0,親友、員工、共有人或其他特殊關係間之交易；包含公共設施保留地用地；,RPPNMLRJPHLGFKD56DA,0.0,0.0,0.0,無,
新營區,房地(土地+建物),臺南市新營區大同路３０之３２號,12.19,住,,,1150702,土地1建物1車位0,七層,八層,華廈(10層含以下有電梯),住家用,鋼筋混凝土造,0811015,84.94,3,2,2,有,有,3700000,43560,,0.0,0,陽台外推；其他增建；,RPPNMLNKPHLGFDD18DA,45.72,0.0,17.27,有,
學甲區,土地,中洲南段730地號,31.53,,特定農業區,甲種建築用地,1150706,土地1建物0車位0,,,其他,,,,0.0,0,0,0,無,無,123110,3905,,0.0,0,,RPSNMLQJPHLGFGD98DA,0.0,0.0,0.0,無,
佳里區,土地,佳里段964-36地號,8.0,住,,,1150701,土地1建物0車位0,,,其他,,,,0.0,0,0,0,無,無,242000,30250,,0.0,0,,RPSNMLNKPHLGFGD78DA,0.0,0.0,0.0,無,
關廟區,房地(土地+建物),臺南市關廟區大富街３２５號,71.0,住,,,1150701,土地1建物1車位0,全,二層,透天厝,住商用,加強磚造,0670527,113.12,3,1,2,有,無,5000000,44201,,0.0,0,,RPUNMLNKPHLGFID56DA,113.12,0.0,0.0,無,
楠西區,土地,東勢段574地號,17.38,商,,,1150704,土地2建物0車位0,,,其他,,,,0.0,0,0,0,無,無,250000,14384,,0.0,0,親友、員工、共有人或其他特殊關係間之交易；,RPQNMLTJPHLGFJD76DA,0.0,0.0,0.0,無,
永康區,土地,大灣段5521-1地號,344.0,農,,,1150706,土地1建物0車位0,,,其他,,,,0.0,0,0,0,無,無,5200000,15116,,0.0,0,政府機關標讓售；,RPOOMLSJPHLGFKD66DA,0.0,0.0,0.0,無,
永康區,房地(土地+建物),臺南市永康區正南一街１１８巷２０號,306.62,工,,,1150703,土地1建物1車位0,全,二層,透天厝,辦公用,鋼筋混凝土造,0740729,223.35,2,1,2,有,無,18000000,80591,,0.0,0,含土地增值稅或其他稅費；親友、員工、共有人或其他特殊關係間之交易；頂樓加蓋；未登記建物；,RPSNMLNKPHLGFKD56DA,212.49,8.17,2.69,有,
後壁區,土地,頂平段736-2地號,432.63,,鄉村區,乙種建築用地,1150706,土地2建物0車位0,,,其他,,,,0.0,0,0,0,無,無,3926117,9075,,0.0,0,,RPPNMLOKPHLGFED48EA,0.0,0.0,0.0,無,
新市區,土地,東大社段1281地號,130.0,,特定農業區,農牧用地,1150706,土地1建物0車位0,,,其他,,,,0.0,0,0,0,無,無,400000,3077,,0.0,0,政府機關標讓售；,RPSNMLNKPHLGFHD98EA,0.0,0.0,0.0,無,
北區,房地(土地+建物)+車位,臺南市北區開元路５１７號五樓之６,11.15,商,,,1150701,土地3建物1車位1,五層,二十四層,住宅大樓(11層含以上有電梯),住家用,鋼筋混凝土構造,1041105,156.01,3,2,2,有,有,10560000,67688,坡道平面,32.55,0,,RPWOMLTJPHLGFAD56DA,75.07,4.49,7.12,有,002
安南區,房地(土地+建物),臺南市安南區大聖三街１１號,86.49,住,,,1150707,土地1建物1車位0,全,三層,透天厝,住家用,鋼筋混凝土造,1020726,176.06,4,2,3,有,無,8000000,45439,,0.0,0,親友、員工、共有人或其他特殊關係間之交易；,RPQNMLOKPHLGFBD18DA,158.51,0.0,17.55,無,003
東區,土地,竹篙厝段3066地號,90.0,住,,,1150701,土地1建物0車位0,,,其他,,,,0.0,0,0,0,無,無,12360000,137333,,0.0,0,,RPSNMLSJPHLGFCD78DA,0.0,0.0,0.0,無,
新營區,房地(土地+建物)+車位,臺南市新營區新進路５０號五樓之三,33.95,住,,,1150706,土地2建物1車位1,五層,八層,華廈(10層含以下有電梯),住家用,鋼筋混凝土造,1150122,126.28,3,2,2,有,無,10600000,83940,坡道機械,0.0,0,,RPRNMLKKPHLGFDD08DA,73.09,0.0,6.05,有,004
鹽水區,房地(土地+建物),臺南市鹽水區三福路４１號,93.38,商,,,1150705,土地2建物1車位0,全,二層,透天厝,住商用,鋼筋混凝土造,,131.9,4,3,3,有,無,6100000,46247,,0.0,0,,RPRNMLQKPHLGFDD68DA,131.9,0.0,0.0,無,
白河區,土地,大桐段103地號,414.68,,鄉村區,乙種建築用地,1150706,土地1建物0車位0,,,其他,,,,0.0,0,0,0,無,無,3000000,7234,,0.0,0,,RPRNMLOKPHLGFED58DA,0.0,0.0,0.0,無,
學甲區,土地,學甲段204-2地號,1566.0,,一般農業區,農牧用地,1150707,土地1建物0車位0,,,其他,,,,0.0,0,0,0,無,無,500000,319,,0.0,0,畸零地或有合併使用效益；,RPPNMLMKPHLGFGD38DA,0.0,0.0,0.0,無,
玉井區,房地(土地+建物),臺南市玉井區望明８９之２０號,96.0,,一般農業區,甲種建築用地,1150706,土地1建物1車位0,全,二層,透天厝,住家用,加強磚造,0850110,114.75,3,1,2,有,無,2000000,17429,,0.0,0,,RPPNMLPKPHLGFJD98DA,86.4,22.14,6.21,無,
新營區,土地,下角帶圍段32地號,211.83,,鄉村區,乙種建築用地,1150707,土地2建物0車位0,,,其他,,,,0.0,0,0,0,無,無,1024000,4834,,0.0,0,親友、員工、共有人或其他特殊關係間之交易；,RPQNMLPKPHLGFDD58EA,0.0,0.0,0.0,無,005
麻豆區,土地,大埤段1260地號,26.96,都市：其他:道路用地,,,1150708,土地1建物0車位0,,,其他,,,,0.0,0,0,0,無,無,23189,860,,0.0,0,親友、員工、共有人或其他特殊關係間之交易；包含公共設施保留地用地；,RPPNMLPKPHLGFFD68EA,0.0,0.0,0.0,無,006
中西區,房地(土地+建物),臺南市中西區武聖路６９巷４０弄３０號四樓之１４,4.84,,,,1150706,土地1建物1車位0,四層,十二層,住宅大樓(11層含以上有電梯),住家用,鋼筋混凝土造,0831108,34.69,1,0,1,有,有,2000000,57654,,0.0,0,親友、員工、共有人或其他特殊關係間之交易；,RPRNMLOKPHLGFAD18DA,20.81,0.0,3.91,有,007
安南區,房地(土地+建物)+車位,臺南市安南區淵西路１６５號二樓之８,48.13,住,,,1150708,土地1建物1車位1,二層,五層,華廈(10層含以下有電梯),住家用,鋼筋混凝土造,1150127,143.82,3,2,2,有,無,11200000,75617,一樓平面,14.88,1450000,親友、員工、共有人或其他特殊關係間之交易；,RPRNMLNKPHLGFBD18DA,84.44,0.0,7.65,有,
安南區,房地(土地+建物)+車位,臺南市安南區淵西路１６５號三樓之５,44.45,住,,,1150704,土地1建物1車位1,三層,五層,華廈(10層含以下有電梯),住家用,鋼筋混凝土造,1150127,133.65,3,2,2,有,有,10350000,76625,一樓平面,14.89,1250000,,RPUNMLNKPHLGFBD48DA,77.26,0.0,7.64,有,
安南區,房地(土地+建物)+車位,臺南市安南區淵西路１６５號二樓之１,44.45,住,,,1150709,土地1建物1車位1,二層,五層,華廈(10層含以下有電梯),住家用,鋼筋混凝土造,1150127,133.65,3,2,2,有,有,11280000,84035,一樓平面,14.89,1300000,,RPWNMLNKPHLGFBD68DA,77.26,0.0,7.64,有,
安南區,土地,州南段1795地號,215.4,住,,,1150709,土地1建物0車位0,,,其他,,,,0.0,0,0,0,無,無,7791449,36172,,0.0,0,市地重劃抵費地之分回,RPROMLOKPHLGFBD38DA,0.0,0.0,0.0,無,
安南區,土地,州南段1796地號,268.2,住,,,1150709,土地1建物0車位0,,,其他,,,,0.0,0,0,0,無,無,9869492,36799,,0.0,0,市地重劃抵費地之分回,SPROMLOKPHLGFBD48DA,0.0,0.0,0.0,無,
安南區,土地,州南段1797地號,302.72,住,,,1150709,土地1建物0車位0,,,其他,,,,0.0,0,0,0,無,無,11140096,36800,,0.0,0,市地重劃抵費地之分回,TPROMLOKPHLGFBD58DA,0.0,0.0,0.0,無,
安南區,土地,州南段1803地號,731.4,住,,,1150709,土地1建物0車位0,,,其他,,,,0.0,0,0,0,無,無,15944520,21800,,0.0,0,市地重劃抵費地之分回,UPROMLOKPHLGFBD68DA,0.0,0.0,0.0,無,
安南區,土地,州南段1787地號,1632.3,住,,,1150709,土地1建物0車位0,,,其他,,,,0.0,0,0,0,無,無,43730949,26791,,0.0,0,市地重劃抵費地之分回,VPROMLOKPHLGFBD78DA,0.0,0.0,0.0,無,
白河區,土地,仙草一段19地號,261.57,農,,,1150703,土地1建物0車位0,,,其他,,,,0.0,0,0,0,無,無,1900000,7264,,0.0,0,,RPPNMLKKPHLGFED97DA,0.0,0.0,0.0,無,
官田區,土地,福安段388地號,185.27,住,,,1150702,土地2建物0車位0,,,其他,,,,0.0,0,0,0,無,無,1500000,8096,,0.0,0,伯侄間買賣親友、員工、共有人或其他特殊關係間之交易；,RPPNMLKKPHLGFFD08DA,0.0,0.0,0.0,無,
下營區,土地,茅港尾段963-8地號,45.0,,鄉村區,乙種建築用地,1150708,土地1建物0車位0,,,其他,,,,0.0,0,0,0,無,無,252000,5600,,0.0,0,本案地上未保存登記建物，為石棉瓦等不環保建材，不宜使用，後續處理全部由買方負責。未登記建物；急買急賣；,RPRNMLOKPHLGFFD68DA,0.0,0.0,0.0,無,
佳里區,房地(土地+建物),臺南市佳里區勝利路１５１號,146.11,住,,,1150703,土地2建物1車位0,全,四層,透天厝,住家用,鋼筋混凝土造,1140502,275.26,4,2,5,有,無,21800000,79198,,0.0,0,,RPUNMLOKPHLGFGD09DA,258.4,0.0,16.86,有,
新市區,土地,崙頂段397地號,161.42,,鄉村區,乙種建築用地,1150702,土地1建物0車位0,,,其他,,,,0.0,0,0,0,無,無,6640818,41140,,0.0,0,,RPWNMLOKPHLGFHD76DA,0.0,0.0,0.0,無,008
永康區,土地,保生段308地號,73.97,住,,,1150703,土地2建物0車位0,,,其他,,,,0.0,0,0,0,無,無,6000000,81114,,0.0,0,親友、員工、共有人或其他特殊關係間之交易；,RPTNMLNKPHLGFKD66DA,0.0,0.0,0.0,無,
永康區,土地,富強段675地號,99.87,住,,,1150709,土地2建物0車位0,,,其他,,,,0.0,0,0,0,無,無,6042000,60499,,0.0,0,親友、員工、共有人或其他特殊關係間之交易；,RPQOMLOKPHLGFKD56DA,0.0,0.0,0.0,無,009
柳營區,土地,柳中段757地號,4.63,都市：其他:道路用地,,,1150710,土地1建物0車位0,,,其他,,,,0.0,0,0,0,無,無,75000,16199,,0.0,0,親友、員工、共有人或其他特殊關係間之交易；,RPQNMLQKPHLGFDD68EA,0.0,0.0,0.0,無,
柳營區,土地,東昇段432地號,105.79,住,,,1150710,土地1建物0車位0,,,其他,,,,0.0,0,0,0,無,無,4160000,39323,,0.0,0,,RPRNMLQKPHLGFDD78EA,0.0,0.0,0.0,無,
後壁區,土地,菁寮段3175地號,2000.0,,特定農業區,農牧用地,1150715,土地1建物0車位0,,,其他,,,,0.0,0,0,0,無,無,3200000,1600,,0.0,0,,RPRNMLQKPHLGFED88EA,0.0,0.0,0.0,無,
安平區,房地(土地+建物),臺南市安平區郡平路１９８號,14.81,住,,,1150702,土地1建物1車位0,一層，二層，三層，騎樓，見使用執照,十七層,住宅大樓(11層含以上有電梯),住商用,鋼筋混凝土造,0850907,166.54999999999998,2,2,3,有,有,10000000,60042,,0.0,0,陽台外推；,RPTOMLRJPHLGFAD68DA,119.59,9.02,16.12,有,
中西區,房地(土地+建物)+車位,臺南市中西區南寧街３７巷３號二樓,49.08,住,,,1150706,土地1建物1車位1,二層,四層,公寓(5樓含以下無電梯),住家用,鋼筋混凝土造,0850410,151.55,3,2,2,有,有,7500000,49489,升降平面,0.0,0,,RPPNMLSJPHLGFAD28DA,98.0,0.0,6.58,無,
南區,房地(土地+建物),臺南市南區金華路二段５１巷８１號,33.75,住,,,1150705,土地1建物1車位0,一層,四層,公寓(5樓含以下無電梯),住家用,鋼筋混凝土造,0670509,62.19,3,1,2,有,無,4800000,77183,,0.0,0,親友、員工、共有人或其他特殊關係間之交易；,RPRNMLSJPHLGFCD68DA,62.19,0.0,0.0,無,
新營區,房地(土地+建物),臺南市新營區茄苳１３之６號五樓之二,26.36,住,,,1150707,土地2建物1車位0,五層,五層,公寓(5樓含以下無電梯),住家用,鋼筋混凝土造,0810729,101.89,3,2,2,有,無,2530000,24831,,0.0,0,,RPPNMLQKPHLGFDD48DA,76.12,0.53,6.27,無,
官田區,土地,隆興段169地號,207.08,住,,,1150702,土地1建物0車位0,,,其他,,,,0.0,0,0,0,無,無,4000000,19316,,0.0,0,親友、員工、共有人或其他特殊關係間之交易；未登記建物；,RPRNMLQKPHLGFFD88DA,0.0,0.0,0.0,無,
左鎮區,房地(土地+建物),臺南市左鎮區光和里５１之７號,39.0,,一般農業區,丙種建築用地,1150709,土地1建物1車位0,全,二層,透天厝,住家用,加強磚造,0700700,88.72,3,2,2,有,無,850000,9581,,0.0,0,,RPQOMLPKPHLGFHD98DA,88.72,0.0,0.0,無,
新市區,房地(土地+建物),臺南市新市區忠孝街８３巷７號,69.03,住,,,1150704,土地1建物1車位0,全,二層,透天厝,住家用,加強磚造,0680227,95.46,4,1,2,有,無,5700000,59711,,0.0,0,交易含未辦理所有權第一次登記建物，稅籍課稅面積135.20平方公尺，登記面積95.46平方公尺，總價包含未登記建物，成交價格已反映屋況及修繕成本。未登記建物；,RPROMLQKPHLGFHD56DA,95.46,0.0,0.0,無,
中西區,房地(土地+建物),臺南市中西區西華南街２０之１號,4.35,商,,,1150620,土地1建物1車位0,一層,六層,華廈(10層含以下有電梯),商業用,鋼筋混凝土造,0790404,29.39,1,0,1,有,有,2700000,91868,,0.0,0,,RPPNMLOJPHLGFAD87DA,17.82,0.0,3.31,有,
中西區,房地(土地+建物),臺南市中西區開山路１２２巷１０號五樓之２,6.04,商,,,1150613,土地2建物1車位0,五層,五層,公寓(5樓含以下無電梯),住家用,鋼筋混凝土造,0791008,27.419999999999998,1,0,1,有,無,2680000,97739,,0.0,0,,RPVOMLRJPHLGFAD88DA,22.13,0.0,0.0,無,
北區,房地(土地+建物)+車位,臺南市北區文成三路３０５號十二樓之１,28.32,住,,,1150601,土地1建物1車位1,十二層,十四層,住宅大樓(11層含以上有電梯),住家用,鋼筋混凝土構造,1100623,159.74,3,2,2,有,有,20600000,128960,坡道平面,16.61,0,,RPQNMLTJPHLGFAD48DA,80.88,3.61,8.54,有,010
北區,房地(土地+建物)+車位,臺南市北區文成一路９６號八樓之２,20.29,住,,,1150624,土地1建物1車位1,八層,十五層,住宅大樓(11層含以上有電梯),住家用,鋼筋混凝土構造,1120411,115.89,2,2,1,有,有,13550000,116921,坡道平面,19.79,0,,RPTOMLTJPHLGFAD88DA,56.95,0.0,6.2,有,011
安南區,土地,和農段58-2地號,5103.92,農,,,1150625,土地1建物0車位0,,,其他,,,,0.0,0,0,0,無,無,40200000,7876,,0.0,0,,RPUNMLKMOHLGFBD28DA,0.0,0.0,0.0,無,
安南區,房地(土地+建物),臺南市安南區郡安路五段５２號五樓之３,15.63,住,,,1150608,土地1建物1車位0,五層,十五層,住宅大樓(11層含以上有電梯),住家用,鋼筋混凝土造,1110415,82.68,2,2,1,有,有,7800000,94340,,0.0,0,,RPPNMLSJPHLGFBD38DA,51.37,0.0,3.31,有,012
安南區,土地,公親段518地號,1573.55,農,,,1150629,土地1建物0車位0,,,其他,,,,0.0,0,0,0,無,無,7080975,4500,,0.0,0,3坪空間存放農具,RPRNMLTJPHLGFBD68DA,0.0,0.0,0.0,無,
安南區,土地,和農段55-1地號,309.12,農,,,1150625,土地1建物0車位0,,,其他,,,,0.0,0,0,0,無,無,2450000,7926,,0.0,0,親友、員工、共有人或其他特殊關係間之交易；,RPVNMLTJPHLGFBD09DA,0.0,0.0,0.0,無,013
安南區,土地,和農段58地號,470.53,農,,,1150625,土地1建物0車位0,,,其他,,,,0.0,0,0,0,無,無,3730000,7927,,0.0,0,親友、員工、共有人或其他特殊關係間之交易；,SPVNMLTJPHLGFBD56DA,0.0,0.0,0.0,無,014
東區,房地(土地+建物),臺南市東區長榮路一段２２７號十二樓之１５,3.1,商,,,1150611,土地2建物1車位0,十二層,十二層,住宅大樓(11層含以上有電梯),住家用,鋼筋混凝土造,0880805,38.43,1,0,1,有,有,3000000,78064,,0.0,0,陽台外推；,RPUOMLLKOHLGFCD38DA,21.17,0.0,5.92,有,
東區,房地(土地+建物)+車位,臺南市東區文化一街１３３號六樓,36.6,住,,,1150630,土地1建物1車位2,六層,十四層,住宅大樓(11層含以上有電梯),住家用,鋼筋混凝土造,1130409,251.9,3,2,2,有,有,34920000,138626,坡道平面,56.36,0,親友、員工、共有人或其他特殊關係間之交易；,RPVNMLMJPHLGFCD48DA,111.61,0.0,11.98,有,015
東區,房地(土地+建物)+車位,臺南市東區崇明二十三街２號五樓,19.51,住,,,1150616,土地1建物1車位1,五層,七層,華廈(10層含以下有電梯),住家用,鋼筋混凝土造,0801120,123.07,2,2,2,有,有,7000000,56874,坡道平面,0.0,0,,RPTOMLSJPHLGFCD98DA,79.89,0.0,8.25,有,
鹽水區,房地(土地+建物),臺南市鹽水區和平路６３２巷８弄１１號,106.94,住,,,1150612,土地1建物1車位0,全,三層,透天厝,住家用,鋼筋混凝土造,0800121,158.35,3,3,2,有,無,6500000,41048,,0.0,0,,RPQNMLQJPHLGFDD48DA,147.99,0.0,10.36,無,016
新營區,土地,新茄苳段98-2地號,579.17,工,,,1150609,土地1建物0車位0,,,其他,,,,0.0,0,0,0,無,無,21000000,36259,,0.0,0,,RPSNMLSJPHLGFDD88DA,0.0,0.0,0.0,無,
新營區,土地,新橋段254地號,278.36,,鄉村區,乙種建築用地,1150605,土地2建物0車位0,,,其他,,,,0.0,0,0,0,無,無,1308270,4700,,0.0,0,未簽訂私契過戶費用皆由買方負擔。親友、員工、共有人或其他特殊關係間之交易；未登記建物；,RPUNMLSJPHLGFDD09DA,0.0,0.0,0.0,無,
新營區,土地,興安段180地號,44.93,都市：其他:道路用地,,,1150612,土地2建物0車位0,,,其他,,,,0.0,0,0,0,無,無,584210,13003,,0.0,0,協議價購；,RPPNMLTJPHLGFDD68DA,0.0,0.0,0.0,無,
白河區,土地,草店段236地號,1500.0,,特定農業區,農牧用地,1150617,土地1建物0車位0,,,其他,,,,0.0,0,0,0,無,無,1560000,1040,,0.0,0,,RPSNMLRJPHLGFED88DA,0.0,0.0,0.0,無,
學甲區,土地,光華段1282地號,327.87,,鄉村區,乙種建築用地,1150614,土地3建物0車位0,,,其他,,,,0.0,0,0,0,無,無,3350000,10217,,0.0,0,畸零地或有合併使用效益；,RPTNMLSJPHLGFGD66DA,0.0,0.0,0.0,無,017
佳里區,房地(土地+建物)+車位,臺南市佳里區南勢街２０６巷３２號二樓之３,45.67,住,,,1150626,土地1建物1車位1,二層,五層,華廈(10層含以下有電梯),住家用,鋼筋混凝土造,1121228,142.88,3,2,2,有,有,9750000,66677,一樓平面,14.65,1200000,,RPSNMLTJPHLGFGD66DA,80.84,0.0,12.67,有,
佳里區,房地(土地+建物),臺南市佳里區南勢街２００號四樓之３,46.11,住,,,1150621,土地1建物1車位0,四層,五層,華廈(10層含以下有電梯),住家用,鋼筋混凝土造,1121228,128.44,3,2,2,有,有,8000000,62286,,0.0,0,,RPUNMLTJPHLGFGD86DA,80.84,0.0,12.67,有,
仁德區,房地(土地+建物),臺南市仁德區後壁里德洋路２２７巷１１號,75.57,住,,,1150617,土地4建物1車位0,全,四層,透天厝,住家用,鋼筋混凝土造,0870910,166.84,4,2,3,有,無,10300000,61736,,0.0,0,,RPRNMLRJPHLGFID56DA,157.14,2.22,7.48,無,018
仁德區,房地(土地+建物),臺南市仁德區中山路８２８號,47.48,住,,,1150603,土地1建物1車位0,全,二層,透天厝,住家用,加強磚造,0630600,25.69,5,2,2,有,無,4000000,155703,,0.0,0,親友、員工、共有人或其他特殊關係間之交易；,RPUNMLSJPHLGFID96DA,22.26,3.43,0.0,無,019
永康區,土地,國聖段476地號,60.22,住,,,1150624,土地1建物0車位0,,,其他,,,,0.0,0,0,0,無,無,2294572,38103,,0.0,0,親友、員工、共有人或其他特殊關係間之交易；未登記建物；,RPXNMLSJPHLGFKD47DA,0.0,0.0,0.0,無,
新營區,土地,太子段205-4地號,8.0,住,,,1150625,土地1建物0車位0,,,其他,,,,0.0,0,0,0,無,無,222640,27830,,0.0,0,政府機關標讓售；,RPPNMLKKPHLGFDD97EA,0.0,0.0,0.0,無,
七股區,土地,三合段831地號,750.0,農,,,1150610,土地1建物0車位0,,,其他,,,,0.0,0,0,0,無,無,1050000,1400,,0.0,0,親友、員工、共有人或其他特殊關係間之交易；,RPPNMLMJPHLGFGD38EA,0.0,0.0,0.0,無,
新化區,土地,新平段792地號,172.4,住,,,1150617,土地1建物0車位0,,,其他,,,,0.0,0,0,0,無,無,12250000,71056,,0.0,0,,RPPNMLRJPHLGFHD98EA,0.0,0.0,0.0,無,
善化區,房地(土地+建物),臺南市善化區大成路９號,108.55,住,,,1150621,土地2建物1車位0,全,四層,透天厝,住家用,鋼筋混凝土造,0940913,197.01,4,2,3,有,無,4740606,24063,,0.0,0,親友、員工、共有人或其他特殊關係間之交易；,RPPNMLTJPHLGFHD56EA,174.04,0.0,22.97,無,
善化區,土地,東勢寮段二小段564地號,139.17,,鄉村區,乙種建築用地,1150630,土地2建物0車位0,,,其他,,,,0.0,0,0,0,無,無,2699833,19400,,0.0,0,親友、員工、共有人或其他特殊關係間之交易；,RPQNMLKKPHLGFHD48EA,0.0,0.0,0.0,無,
善化區,土地,灣裡段152地號,635.81,,特定農業區,農牧用地,1150620,土地1建物0車位0,,,其他,,,,0.0,0,0,0,無,無,4500000,7078,,0.0,0,,RPQNMLNKPHLGFHD78EA,0.0,0.0,0.0,無,
玉井區,土地,三和段135-1地號,16.43,,鄉村區,交通用地,1150616,土地1建物0車位0,,,其他,,,,0.0,0,0,0,無,無,279639,17020,,0.0,0,政府機關標讓售；,RPPNMLKKPHLGFJD58EA,0.0,0.0,0.0,無,
玉井區,土地,三和段194-1地號,2.57,,鄉村區,交通用地,1150616,土地1建物0車位0,,,其他,,,,0.0,0,0,0,無,無,43741,17020,,0.0,0,政府機關標讓售；,SPPNMLKKPHLGFJD68EA,0.0,0.0,0.0,無,
中西區,房地(土地+建物)+車位,臺南市中西區中華西路二段４１６號十五樓之５,28.01,住,,,1150607,土地1建物1車位2,十五層,二十五層,住宅大樓(11層含以上有電梯),住家用,鋼筋混凝土構造,1060817,316.94,3,2,3,有,有,30700000,111895,坡道平面,67.6,2800000,其他增建；,RPPOMLSJOHLGFAD28DA,161.91,0.0,14.14,有,020
北區,房地(土地+建物),臺南市北區勝利路２０６巷３７號,68.0,住,,,1150627,土地2建物1車位0,全,二層,透天厝,住家用,加強磚造,0580809,92.43,6,0,6,有,無,7500000,81142,,0.0,0,其他增建；,RPTOMLMJPHLGFAD18DA,92.43,0.0,0.0,無,021
北區,土地,大港段24地號,15.91,都市：其他:道路用地,,,1150625,土地1建物0車位0,,,其他,,,,0.0,0,0,0,無,無,365944,23001,,0.0,0,包含公共設施保留地用地；,RPSNMLRJPHLGFAD48DA,0.0,0.0,0.0,無,022
北區,房地(土地+建物)+車位,臺南市北區海安路三段８１２號七樓之３,15.21,住,,,1150628,土地1建物1車位1,七層,二十四層,住宅大樓(11層含以上有電梯),住家用,鋼筋混凝土構造,1090131,164.5,3,2,2,有,有,18800000,114286,坡道平面,33.38,0,,RPXOMLNKPHLGFAD78DA,80.67,2.55,7.14,有,023
安南區,土地,怡安段386地號,10.7,都市：其他:主要計畫道路用地,,,1150611,土地1建物0車位0,,,其他,,,,0.0,0,0,0,無,無,156000,14579,,0.0,0,包含公共設施保留地用地；,RPPNMLQKOHLGFBD18DA,0.0,0.0,0.0,無,024
安南區,土地,南興段480-1地號,546.62,都市：其他:主要計畫道路用地,,,1150626,土地1建物0車位0,,,其他,,,,0.0,0,0,0,無,無,4411183,8070,,0.0,0,協議價購；,RPSNMLQJPHLGFBD48DA,0.0,0.0,0.0,無,025
安南區,土地,南興段480-1地號,546.62,都市：其他:主要計畫道路用地,,,1150626,土地1建物0車位0,,,其他,,,,0.0,0,0,0,無,無,4411183,8070,,0.0,0,協議價購；,RPWNMLQJPHLGFBD88DA,0.0,0.0,0.0,無,025
安南區,房地(土地+建物)+車位,臺南市安南區海佃路一段１５８巷２０３號六樓之２,48.7,住,,,1150622,土地1建物1車位1,六層,十二層,住宅大樓(11層含以上有電梯),住家用,鋼筋混凝土造,1140819,292.0,3,2,2,有,有,31000000,112480,坡道平面,29.73,1500000,,RPOOMLQJPHLGFBD18DA,126.74,0.0,20.32,有,027
安南區,車位,臺南市安南區富東路１２３號等,0.0,,,,1150622,土地0建物1車位1,,,其他,,,,29.73,0,0,0,無,有,1700000,,坡道平面,29.73,1700000,建物坐落地號：溪東段1780地號；僅車位交易；,RPPOMLQJPHLGFBD28DA,0.0,0.0,0.0,有,
安南區,土地,南興段484-1地號,9.85,都市：其他:主要計畫道路用地,,,1150626,土地4建物0車位0,,,其他,,,,0.0,0,0,0,無,無,161574,16403,,0.0,0,協議價購；,RPWOMLQJPHLGFBD98DA,0.0,0.0,0.0,無,028
安南區,土地,南興段484地號,14.49,都市：其他:主要計畫道路用地,,,1150626,土地1建物0車位0,,,其他,,,,0.0,0,0,0,無,無,237706,16405,,0.0,0,協議價購；,RPPNMLRJPHLGFBD28DA,0.0,0.0,0.0,無,029
安南區,土地,南興段484地號,14.49,都市：其他:主要計畫道路用地,,,1150626,土地1建物0車位0,,,其他,,,,0.0,0,0,0,無,無,237706,16405,,0.0,0,協議價購；,RPQNMLRJPHLGFBD38DA,0.0,0.0,0.0,無,029
安南區,土地,南興段490-1地號,232.54,都市：其他:主要計畫道路用地,,,1150626,土地4建物0車位0,,,其他,,,,0.0,0,0,0,無,無,3813674,16400,,0.0,0,協議價購；,RPSNMLRJPHLGFBD58DA,0.0,0.0,0.0,無,031
安南區,土地,南興段490-1地號,232.54,都市：其他:主要計畫道路用地,,,1150626,土地4建物0車位0,,,其他,,,,0.0,0,0,0,無,無,3813674,16400,,0.0,0,協議價購；,RPUNMLRJPHLGFBD78DA,0.0,0.0,0.0,無,031
安南區,土地,南興段756地號,155.21,都市：其他:主要計畫道路用地,,,1150626,土地1建物0車位0,,,其他,,,,0.0,0,0,0,無,無,1252577,8070,,0.0,0,協議價購；,RPUOMLRJPHLGFBD88DA,0.0,0.0,0.0,無,033
安南區,土地,南興段756地號,155.21,都市：其他:主要計畫道路用地,,,1150626,土地1建物0車位0,,,其他,,,,0.0,0,0,0,無,無,1252577,8070,,0.0,0,協議價購；,RPVOMLRJPHLGFBD98DA,0.0,0.0,0.0,無,033
安南區,土地,南興段756地號,413.9,都市：其他:主要計畫道路用地,,,1150626,土地1建物0車位0,,,其他,,,,0.0,0,0,0,無,無,3340205,8070,,0.0,0,協議價購；,RPWOMLRJPHLGFBD09DA,0.0,0.0,0.0,無,033
安南區,土地,南興段756地號,310.43,都市：其他:主要計畫道路用地,,,1150626,土地1建物0車位0,,,其他,,,,0.0,0,0,0,無,無,2505154,8070,,0.0,0,協議價購；,RPXOMLRJPHLGFBD56DA,0.0,0.0,0.0,無,033
安南區,土地,南興段761-6地號,1308.16,都市：其他:主要計畫道路用地,,,1150626,土地2建物0車位0,,,其他,,,,0.0,0,0,0,無,無,10556869,8070,,0.0,0,協議價購；,RPUPMLRJPHLGFBD98DA,0.0,0.0,0.0,無,037
安南區,土地,南興段767-3地號,134.1,都市：其他:主要計畫道路用地,,,1150626,土地1建物0車位0,,,其他,,,,0.0,0,0,0,無,無,1082201,8070,,0.0,0,協議價購；,RPWPMLRJPHLGFBD56DA,0.0,0.0,0.0,無,037
安南區,土地,南興段767-3地號,75.73,都市：其他:主要計畫道路用地,,,1150626,土地1建物0車位0,,,其他,,,,0.0,0,0,0,無,無,611123,8070,,0.0,0,協議價購；,RPXPMLRJPHLGFBD66DA,0.0,0.0,0.0,無,037
安南區,土地,南興段771-2地號,574.92,都市：其他:主要計畫道路用地,,,1150626,土地1建物0車位0,,,其他,,,,0.0,0,0,0,無,無,4639616,8070,,0.0,0,協議價購；,RPQQMLRJPHLGFBD68DA,0.0,0.0,0.0,無,040
安南區,土地,南興段771-2地號,757.15,都市：其他:主要計畫道路用地,,,1150626,土地1建物0車位0,,,其他,,,,0.0,0,0,0,無,無,6110189,8070,,0.0,0,協議價購；,RPRQMLRJPHLGFBD78DA,0.0,0.0,0.0,無,040
安南區,土地,南興段828地號,259.6,都市：其他:主要計畫道路用地,,,1150626,土地1建物0車位0,,,其他,,,,0.0,0,0,0,無,無,2094988,8070,,0.0,0,協議價購；,RPTRMLRJPHLGFBD09DA,0.0,0.0,0.0,無,042
安南區,土地,南興段828地號,259.6,都市：其他:主要計畫道路用地,,,1150626,土地1建物0車位0,,,其他,,,,0.0,0,0,0,無,無,2094988,8070,,0.0,0,協議價購；,RPURMLRJPHLGFBD56DA,0.0,0.0,0.0,無,042
安南區,土地,南興段828地號,259.6,都市：其他:主要計畫道路用地,,,1150626,土地1建物0車位0,,,其他,,,,0.0,0,0,0,無,無,2094988,8070,,0.0,0,協議價購；,RPVRMLRJPHLGFBD66DA,0.0,0.0,0.0,無,042
安南區,土地,南興段843地號,287.13,都市：其他:主要計畫道路用地,,,1150626,土地3建物0車位0,,,其他,,,,0.0,0,0,0,無,無,2317123,8070,,0.0,0,協議價購；,RPOSMLRJPHLGFBD68DA,0.0,0.0,0.0,無,045
安南區,土地,南興段843地號,287.13,都市：其他:主要計畫道路用地,,,1150626,土地3建物0車位0,,,其他,,,,0.0,0,0,0,無,無,2317123,8070,,0.0,0,協議價購；,RPPSMLRJPHLGFBD78DA,0.0,0.0,0.0,無,045
安南區,土地,溪南段728-1地號,1169.91,都市：其他:主要計畫道路用地,,,1150626,土地7建物0車位0,,,其他,,,,0.0,0,0,0,無,無,9441141,8070,,0.0,0,協議價購；,RPQUMLRJPHLGFBD09DA,0.0,0.0,0.0,無,047
安南區,土地,溪南段728-1地號,1169.91,都市：其他:主要計畫道路用地,,,1150626,土地7建物0車位0,,,其他,,,,0.0,0,0,0,無,無,9441141,8070,,0.0,0,協議價購；,RPRUMLRJPHLGFBD56DA,0.0,0.0,0.0,無,047
安南區,土地,溪南段728-1地號,1169.91,都市：其他:主要計畫道路用地,,,1150626,土地7建物0車位0,,,其他,,,,0.0,0,0,0,無,無,9441141,8070,,0.0,0,協議價購；,RPSUMLRJPHLGFBD66DA,0.0,0.0,0.0,無,047
安南區,土地,溪南段736-7地號,383.71,都市：其他:農業區,,,1150626,土地2建物0車位0,,,其他,,,,0.0,0,0,0,無,無,6177731,16100,,0.0,0,協議價購；,RPVUMLRJPHLGFBD96DA,0.0,0.0,0.0,無,
安南區,土地,鎮安段973-13地號,1322.42,農,,,1150608,土地2建物0車位0,,,其他,,,,0.0,0,0,0,無,無,16000000,12099,,0.0,0,農作物；,RPQNMLSJPHLGFBD48DA,0.0,0.0,0.0,無,050
安南區,土地,南興段490-1地號,232.54,都市：其他:主要計畫道路用地,,,1150626,土地4建物0車位0,,,其他,,,,0.0,0,0,0,無,無,3813674,16400,,0.0,0,協議價購；,RPUNMLSJPHLGFBD88DA,0.0,0.0,0.0,無,031
安南區,土地,南興段767-3地號,134.1,都市：其他:主要計畫道路用地,,,1150626,土地1建物0車位0,,,其他,,,,0.0,0,0,0,無,無,1082201,8070,,0.0,0,協議價購；,RPUNMLTJPHLGFBD98DA,0.0,0.0,0.0,無,037
安南區,土地,南興段761-6地號,1162.78,都市：其他:主要計畫道路用地,,,1150626,土地2建物0車位0,,,其他,,,,0.0,0,0,0,無,無,9383645,8070,,0.0,0,協議價購；,RPXNMLTJPHLGFBD66DA,0.0,0.0,0.0,無,037
安南區,土地,布袋段41-1地號,138.11,農,,,1150617,土地1建物0車位0,,,其他,,,,0.0,0,0,0,無,無,2427974,17580,,0.0,0,政府機關標讓售；,RPPOMLTJPHLGFBD58DA,0.0,0.0,0.0,無,
南區,房地(土地+建物),臺南市南區德南街３號二樓之２,15.45,住,,,1150630,土地1建物1車位0,二層,六層,華廈(10層含以下有電梯),住家用,鋼筋混凝土造,0810901,73.99000000000001,3,2,2,有,有,5500000,74334,,0.0,0,,RPSNMLMJPHLGFCD18DA,50.75,1.05,3.02,有,
東區,房地(土地+建物)+車位,臺南市東區文化一街１３９號六樓,36.6,住,,,1150630,土地1建物1車位2,六層,十四層,住宅大樓(11層含以上有電梯),住家用,鋼筋混凝土造,1130409,251.9,3,2,2,有,有,35520000,141008,坡道平面,56.36,0,親友、員工、共有人或其他特殊關係間之交易；,RPWNMLMJPHLGFCD58DA,111.61,0.0,11.98,有,054
南區,土地,新都段473地號,4.91,,,,1150619,土地1建物0車位0,,,其他,,,,0.0,0,0,0,無,無,82000,16701,,0.0,0,包含公共設施保留地用地；,RPWNMLNJPHLGFCD68DA,0.0,0.0,0.0,無,055
東區,房地(土地+建物),臺南市東區中華東路二段２９５巷５７號七樓之２,20.45,都市：其他:住宅區,,,1150617,土地2建物1車位0,七層,八層,華廈(10層含以下有電梯),住家用,鋼筋混凝土造,0830726,115.49,3,2,2,有,有,6880000,59572,,0.0,0,,RPXNMLSJPHLGFCD66DA,75.15,0.0,10.68,有,
東區,房地(土地+建物),臺南市東區中華東路二段１９３號十七樓之６,2.6,都市：其他:住宅區,,,1150605,土地3建物1車位0,十七層,二十層,住宅大樓(11層含以上有電梯),住家用,鋼筋混凝土造,0841106,34.339999999999996,1,0,1,有,有,2950000,85906,,0.0,0,,RPOOMLSJPHLGFCD48DA,19.5,0.0,3.72,有,056
新營區,土地,新茄苳段98-3地號,579.17,工,,,1150609,土地1建物0車位0,,,其他,,,,0.0,0,0,0,無,無,21000000,36259,,0.0,0,,RPQNMLSJPHLGFDD68DA,0.0,0.0,0.0,無,
學甲區,房地(土地+建物)+車位,臺南市學甲區民權路２１號四樓之１,47.55,住,,,1150609,土地1建物1車位1,四層,五層,華廈(10層含以下有電梯),住家用,鋼筋混凝土造,1130529,143.0,3,2,2,有,有,8700000,60839,一樓平面,0.0,0,,RPRNMLKKOHLGFGD28DA,88.63,0.0,8.39,有,
佳里區,土地,新安段397地號,362.04,,鄉村區,乙種建築用地,1150621,土地2建物0車位0,,,其他,,,,0.0,0,0,0,無,無,4120000,11380,,0.0,0,,RPPNMLTJPHLGFGD98DA,0.0,0.0,0.0,無,
佳里區,土地,新安段395地號,45.76,,鄉村區,乙種建築用地,1150621,土地2建物0車位0,,,其他,,,,0.0,0,0,0,無,無,280000,6119,,0.0,0,親友、員工、共有人或其他特殊關係間之交易；,SPPNMLTJPHLGFGD09DA,0.0,0.0,0.0,無,
佳里區,房地(土地+建物)+車位,臺南市佳里區中山路４５１號三樓之７,27.66,住,,,1150602,土地1建物1車位1,三層,五層,華廈(10層含以下有電梯),住家用,鋼筋混凝土造,1130115,88.97,1,2,2,有,無,6500000,73058,一樓平面,12.71,0,,RPRNMLTJPHLGFGD56DA,51.27,0.0,4.67,有,057
佳里區,房地(土地+建物)+車位,臺南市佳里區南勢街２０６巷３６號二樓之２,45.67,住,,,1150609,土地1建物1車位1,二層,五層,華廈(10層含以下有電梯),住家用,鋼筋混凝土造,1121228,142.88,3,2,2,有,有,8200000,56149,一樓平面,14.65,1000000,,RPTNMLTJPHLGFGD76DA,80.84,0.0,12.67,有,
新化區,房地(土地+建物),臺南市新化區崙子頂２０９之２號,75.61,,鄉村區,乙種建築用地,1150605,土地2建物1車位0,全,四層,透天厝,住家用,鋼筋混凝土造,1080315,205.48,4,2,5,有,無,12200000,59373,,0.0,0,其他增建；,RPQNMLKKOHLGFHD28DA,182.98,0.0,22.5,無,058
善化區,土地,善成段443地號,93.08,住,,,1150602,土地1建物0車位0,,,其他,,,,0.0,0,0,0,無,無,9005769,96753,,0.0,0,親友、員工、共有人或其他特殊關係間之交易；,RPPNMLKKPHLGFHD28DA,0.0,0.0,0.0,無,
歸仁區,土地,歸仁北段757地號,105.62,農,,,1150616,土地1建物0車位0,,,其他,,,,0.0,0,0,0,無,無,3650000,34558,,0.0,0,,RPQOMLRKOHLGFID56DA,0.0,0.0,0.0,無,059
歸仁區,土地,歸仁北段757地號,105.62,農,,,1150616,土地1建物0車位0,,,其他,,,,0.0,0,0,0,無,無,3650000,34558,,0.0,0,,RPROMLRKOHLGFID66DA,0.0,0.0,0.0,無,059
歸仁區,土地,歸仁北段761地號,181.02,農,,,1150616,土地3建物0車位0,,,其他,,,,0.0,0,0,0,無,無,6300000,34803,,0.0,0,,RPSOMLRKOHLGFID76DA,0.0,0.0,0.0,無,059
歸仁區,房地(土地+建物),臺南市歸仁區保大路一段１３２號,85.0,,鄉村區,乙種建築用地,1150629,土地2建物1車位0,全,四層,透天厝,住商用,鋼筋混凝土造,0840307,199.13,5,2,3,有,無,5110000,25662,,0.0,0,土地買賣價款新台幣4781900元整、建物買賣價款新台幣328100元整。親友、員工、共有人或其他特殊關係間之交易；,RPVOMLTJPHLGFID27DA,182.38,0.0,16.75,無,
永康區,房地(土地+建物)+車位,臺南市永康區勝華街９８巷１８號九樓之３,24.17,住,,,1150607,土地1建物1車位1,九層,十五層,住宅大樓(11層含以上有電梯),住家用,鋼筋混凝土構造,1110718,123.78,3,2,2,有,有,13800000,120387,坡道平面,22.44,1600000,,RPPNMLRJOHLGFKD09DA,59.52,0.0,6.84,有,062
永康區,土地,頂安段870地號,282.6,住,,,1150617,土地7建物0車位0,,,其他,,,,0.0,0,0,0,無,無,33341100,117980,,0.0,0,,RPQNMLMKOHLGFKD78DA,0.0,0.0,0.0,無,
永康區,房地(土地+建物),臺南市永康區正強里正強街２１５巷２５號,95.22,住,,,1150602,土地1建物1車位0,全,四層,透天厝,住家用,鋼筋混凝土造,0951212,185.73,5,2,4,有,無,19300000,103914,,0.0,0,其他增建/頂樓增建其他增建；,RPROMLSJPHLGFKD96DA,175.54,0.0,10.19,無,
永康區,房地(土地+建物),臺南市永康區新中街３１巷１號,73.64,住,,,1150602,土地1建物1車位0,全,四層,透天厝,住家用,鋼筋混凝土構造,1030827,183.96,5,2,6,有,無,19100000,103827,,0.0,0,陽台外推；其他增建；,RPSNMLTJPHLGFKD07DA,167.61,0.0,16.35,無,
中西區,房地(土地+建物)+車位,臺南市中西區中華西路二段６５１號三樓之２,30.81,住,,,1150625,土地1建物1車位2,三層,二十四層,住宅大樓(11層含以上有電梯),住家用,鋼筋混凝土構造,1051104,367.37,4,2,3,有,有,34000000,92550,坡道平面,89.54,0,,RPRNMLTLOHLGFAD68DA,177.52,0.0,18.5,有,063
安平區,房地(土地+建物),臺南市安平區慶平路１９３巷６號八樓之９,18.68,住,,,1150610,土地1建物1車位0,八層,八層,華廈(10層含以下有電梯),住家用,鋼筋混凝土造,0850716,112.99000000000001,2,2,2,有,有,6300000,55757,,0.0,0,,RPSQMLQJPHLGFAD68DA,74.16,0.0,11.68,有,064
中西區,房地(土地+建物),臺南市中西區赤嵌街１３號六樓之４,4.26,商,,,1150623,土地1建物1車位0,六層,七層,華廈(10層含以下有電梯),商業用,鋼筋混凝土造,0790226,24.07,0,1,1,有,有,2400000,99709,,0.0,0,其他增建；,RPUOMLTJPHLGFAD98DA,18.94,0.0,0.0,有,
安南區,土地,南興段473-1地號,9.42,都市：其他:主要計畫道路用地,,,1150626,土地1建物0車位0,,,其他,,,,0.0,0,0,0,無,無,76019,8070,,0.0,0,協議價購；,RPQNMLQJPHLGFBD28DA,0.0,0.0,0.0,無,
安南區,土地,南興段480地號,1095.12,都市：其他:主要計畫道路用地,,,1150626,土地3建物0車位0,,,其他,,,,0.0,0,0,0,無,無,8466751,7731,,0.0,0,協議價購；,RPRNMLQJPHLGFBD38DA,0.0,0.0,0.0,無,065
安南區,土地,南興段481-1地號,175.41,都市：其他:道路用地(兼供排水使用),,,1150626,土地1建物0車位0,,,其他,,,,0.0,0,0,0,無,無,1264706,7210,,0.0,0,協議價購；,RPXNMLQJPHLGFBD98DA,0.0,0.0,0.0,無,
安南區,土地,南興段484-1地號,184.29,都市：其他:主要計畫道路用地,,,1150626,土地6建物0車位0,,,其他,,,,0.0,0,0,0,無,無,3022383,16400,,0.0,0,協議價購；,RPQOMLQJPHLGFBD38DA,0.0,0.0,0.0,無,
安南區,土地,南興段484-1地號,4.93,都市：其他:主要計畫道路用地,,,1150626,土地4建物0車位0,,,其他,,,,0.0,0,0,0,無,無,80787,16387,,0.0,0,協議價購；,RPROMLQJPHLGFBD48DA,0.0,0.0,0.0,無,028
安南區,土地,南興段484-1地號,4.43,都市：其他:主要計畫道路用地,,,1150626,土地4建物0車位0,,,其他,,,,0.0,0,0,0,無,無,72708,16413,,0.0,0,協議價購；,RPTOMLQJPHLGFBD68DA,0.0,0.0,0.0,無,028
安南區,土地,南興段484-1地號,3.06,都市：其他:主要計畫道路用地,,,1150626,土地2建物0車位0,,,其他,,,,0.0,0,0,0,無,無,50197,16404,,0.0,0,協議價購；,RPVNMLRJPHLGFBD88DA,0.0,0.0,0.0,無,
安南區,土地,南興段485-1地號,620.34,都市：其他:主要計畫道路用地,,,1150626,土地7建物0車位0,,,其他,,,,0.0,0,0,0,無,無,10173576,16400,,0.0,0,協議價購；,RPWNMLRJPHLGFBD98DA,0.0,0.0,0.0,無,
安南區,土地,南興段492-1地號,986.85,都市：其他:主要計畫道路用地,,,1150626,土地7建物0車位0,,,其他,,,,0.0,0,0,0,無,無,17127630,17356,,0.0,0,協議價購；,RPXNMLRJPHLGFBD09DA,0.0,0.0,0.0,無,
安南區,土地,南興段515-1地號,3.06,農,,,1150626,土地1建物0車位0,,,其他,,,,0.0,0,0,0,無,無,24694,8070,,0.0,0,協議價購；,RPOOMLRJPHLGFBD28DA,0.0,0.0,0.0,無,068
安南區,土地,南興段515-2地號,268.61,都市：其他:主要計畫道路用地,,,1150626,土地2建物0車位0,,,其他,,,,0.0,0,0,0,無,無,2060372,7670,,0.0,0,協議價購；,RPPOMLRJPHLGFBD38DA,0.0,0.0,0.0,無,
安南區,土地,南興段753-5地號,33.15,都市：其他:主要計畫道路用地,,,1150626,土地2建物0車位0,,,其他,,,,0.0,0,0,0,無,無,267521,8070,,0.0,0,協議價購；,RPQOMLRJPHLGFBD48DA,0.0,0.0,0.0,無,
安南區,土地,南興段753-1地號,237.04,都市：其他:主要計畫道路用地,,,1150626,土地1建物0車位0,,,其他,,,,0.0,0,0,0,無,無,1912913,8070,,0.0,0,協議價購；,RPROMLRJPHLGFBD58DA,0.0,0.0,0.0,無,
安南區,土地,南興段753-4地號,181.77,都市：其他:主要計畫道路用地,,,1150626,土地1建物0車位0,,,其他,,,,0.0,0,0,0,無,無,1466884,8070,,0.0,0,協議價購；,RPSOMLRJPHLGFBD68DA,0.0,0.0,0.0,無,
安南區,土地,南興段755地號,1375.2,都市：其他:主要計畫道路用地,,,1150626,土地1建物0車位0,,,其他,,,,0.0,0,0,0,無,無,11097864,8070,,0.0,0,協議價購；,RPTOMLRJPHLGFBD78DA,0.0,0.0,0.0,無,
安南區,土地,南興段757-1地號,865.3,都市：其他:主要計畫道路用地,,,1150626,土地1建物0車位0,,,其他,,,,0.0,0,0,0,無,無,6982971,8070,,0.0,0,協議價購；,RPQPMLRJPHLGFBD58DA,0.0,0.0,0.0,無,
安南區,土地,南興段758-1地號,1411.42,都市：其他:主要計畫道路用地,,,1150626,土地2建物0車位0,,,其他,,,,0.0,0,0,0,無,無,11390159,8070,,0.0,0,協議價購；,RPSPMLRJPHLGFBD78DA,0.0,0.0,0.0,無,
安南區,土地,南興段761-3地號,1243.47,都市：其他:主要計畫道路用地,,,1150626,土地1建物0車位0,,,其他,,,,0.0,0,0,0,無,無,10034803,8070,,0.0,0,協議價購；,RPTPMLRJPHLGFBD88DA,0.0,0.0,0.0,無,
安南區,土地,南興段767-3地號,75.73,都市：其他:主要計畫道路用地,,,1150626,土地1建物0車位0,,,其他,,,,0.0,0,0,0,無,無,611123,8070,,0.0,0,協議價購；,RPOQMLRJPHLGFBD48DA,0.0,0.0,0.0,無,037
安南區,土地,南興段767-3地號,75.73,都市：其他:主要計畫道路用地,,,1150626,土地1建物0車位0,,,其他,,,,0.0,0,0,0,無,無,611123,8070,,0.0,0,協議價購；,RPPQMLRJPHLGFBD58DA,0.0,0.0,0.0,無,037
安南區,土地,南興段773-1地號,280.67,都市：其他:主要計畫道路用地,,,1150626,土地1建物0車位0,,,其他,,,,0.0,0,0,0,無,無,2265007,8070,,0.0,0,協議價購；,RPSQMLRJPHLGFBD88DA,0.0,0.0,0.0,無,
安南區,土地,南興段776-1地號,997.19,都市：其他:主要計畫道路用地,,,1150626,土地1建物0車位0,,,其他,,,,0.0,0,0,0,無,無,8047323,8070,,0.0,0,協議價購；,RPTQMLRJPHLGFBD98DA,0.0,0.0,0.0,無,
安南區,土地,南興段782-1地號,424.94,都市：其他:主要計畫道路用地,,,1150626,土地1建物0車位0,,,其他,,,,0.0,0,0,0,無,無,3429266,8070,,0.0,0,協議價購；,RPUQMLRJPHLGFBD09DA,0.0,0.0,0.0,無,
安南區,土地,南興段788-1地號,82.96,都市：其他:主要計畫道路用地,,,1150626,土地1建物0車位0,,,其他,,,,0.0,0,0,0,無,無,669487,8070,,0.0,0,協議價購；,RPVQMLRJPHLGFBD56DA,0.0,0.0,0.0,無,071
安南區,土地,南興段788-1地號,82.96,都市：其他:主要計畫道路用地,,,1150626,土地1建物0車位0,,,其他,,,,0.0,0,0,0,無,無,669487,8070,,0.0,0,協議價購；,RPWQMLRJPHLGFBD66DA,0.0,0.0,0.0,無,071
安南區,土地,南興段820-1地號,664.6,都市：其他:主要計畫道路用地,,,1150626,土地3建物0車位0,,,其他,,,,0.0,0,0,0,無,無,5363322,8070,,0.0,0,協議價購；,RPXQMLRJPHLGFBD76DA,0.0,0.0,0.0,無,
安南區,土地,南興段823地號,13.63,都市：其他:主要計畫道路用地,,,1150626,土地1建物0車位0,,,其他,,,,0.0,0,0,0,無,無,110008,8071,,0.0,0,協議價購；,RPPRMLRJPHLGFBD68DA,0.0,0.0,0.0,無,073
安南區,土地,南興段823地號,13.63,都市：其他:主要計畫道路用地,,,1150626,土地1建物0車位0,,,其他,,,,0.0,0,0,0,無,無,110008,8071,,0.0,0,協議價購；,RPQRMLRJPHLGFBD78DA,0.0,0.0,0.0,無,073
安南區,土地,南興段823地號,27.26,都市：其他:主要計畫道路用地,,,1150626,土地1建物0車位0,,,其他,,,,0.0,0,0,0,無,無,220015,8071,,0.0,0,協議價購；,RPSRMLRJPHLGFBD98DA,0.0,0.0,0.0,無,073
安南區,土地,南興段832地號,1355.75,都市：其他:主要計畫道路用地,,,1150626,土地1建物0車位0,,,其他,,,,0.0,0,0,0,無,無,10940903,8070,,0.0,0,協議價購；,RPWRMLRJPHLGFBD76DA,0.0,0.0,0.0,無,
安南區,土地,南興段840-1地號,1425.66,都市：其他:主要計畫道路用地,,,1150626,土地3建物0車位0,,,其他,,,,0.0,0,0,0,無,無,11505077,8070,,0.0,0,協議價購；,RPXRMLRJPHLGFBD86DA,0.0,0.0,0.0,無,
安南區,土地,南興段843地號,287.13,都市：其他:主要計畫道路用地,,,1150626,土地3建物0車位0,,,其他,,,,0.0,0,0,0,無,無,2317123,8070,,0.0,0,協議價購；,RPQSMLRJPHLGFBD88DA,0.0,0.0,0.0,無,045
安南區,土地,南興段843地號,287.13,都市：其他:主要計畫道路用地,,,1150626,土地3建物0車位0,,,其他,,,,0.0,0,0,0,無,無,2317123,8070,,0.0,0,協議價購；,RPRSMLRJPHLGFBD98DA,0.0,0.0,0.0,無,045
安南區,土地,南興段843地號,287.13,都市：其他:主要計畫道路用地,,,1150626,土地3建物0車位0,,,其他,,,,0.0,0,0,0,無,無,2317123,8070,,0.0,0,協議價購；,RPSSMLRJPHLGFBD09DA,0.0,0.0,0.0,無,045
安南區,土地,南興段858-1地號,13.23,都市：其他:主要計畫道路用地,,,1150626,土地1建物0車位0,,,其他,,,,0.0,0,0,0,無,無,106766,8070,,0.0,0,協議價購；,RPTSMLRJPHLGFBD56DA,0.0,0.0,0.0,無,079
安南區,土地,南興段858-1地號,13.23,都市：其他:主要計畫道路用地,,,1150626,土地1建物0車位0,,,其他,,,,0.0,0,0,0,無,無,106766,8070,,0.0,0,協議價購；,RPUSMLRJPHLGFBD66DA,0.0,0.0,0.0,無,079
安南區,土地,南興段859地號,1098.64,都市：其他:主要計畫道路用地,,,1150626,土地1建物0車位0,,,其他,,,,0.0,0,0,0,無,無,8866025,8070,,0.0,0,協議價購；,RPWSMLRJPHLGFBD86DA,0.0,0.0,0.0,無,
安南區,土地,南興段860-1地號,841.02,都市：其他:主要計畫道路用地,,,1150626,土地1建物0車位0,,,其他,,,,0.0,0,0,0,無,無,6787031,8070,,0.0,0,協議價購；,RPXSMLRJPHLGFBD96DA,0.0,0.0,0.0,無,
安南區,土地,南興段861-1地號,30.4,都市：其他:主要計畫道路用地,,,1150626,土地1建物0車位0,,,其他,,,,0.0,0,0,0,無,無,245328,8070,,0.0,0,協議價購；,RPOTMLRJPHLGFBD78DA,0.0,0.0,0.0,無,
安南區,土地,南興段863-1地號,0.78,都市：其他:主要計畫道路用地,,,1150626,土地1建物0車位0,,,其他,,,,0.0,0,0,0,無,無,6295,0,,0.0,0,協議價購；,RPPTMLRJPHLGFBD88DA,0.0,0.0,0.0,無,
安南區,土地,南興段912-1地號,0.11,農,,,1150626,土地1建物0車位0,,,其他,,,,0.0,0,0,0,無,無,888,0,,0.0,0,協議價購；,RPQTMLRJPHLGFBD98DA,0.0,0.0,0.0,無,065
安南區,土地,南興段916-1地號,1.89,農,,,1150626,土地1建物0車位0,,,其他,,,,0.0,0,0,0,無,無,15252,8070,,0.0,0,協議價購；,RPRTMLRJPHLGFBD09DA,0.0,0.0,0.0,無,
安南區,土地,溪南段480-2地號,179.12,都市：其他:主要計畫道路用地,,,1150626,土地1建物0車位0,,,其他,,,,0.0,0,0,0,無,無,1445498,8070,,0.0,0,協議價購；,RPSTMLRJPHLGFBD56DA,0.0,0.0,0.0,無,
安南區,土地,溪南段488-1地號,1257.43,都市：其他:主要計畫道路用地,,,1150626,土地1建物0車位0,,,其他,,,,0.0,0,0,0,無,無,10147487,8070,,0.0,0,協議價購；,RPTTMLRJPHLGFBD66DA,0.0,0.0,0.0,無,082
安南區,土地,溪南段488-1地號,2514.87,都市：其他:主要計畫道路用地,,,1150626,土地1建物0車位0,,,其他,,,,0.0,0,0,0,無,無,20294974,8070,,0.0,0,協議價購；,RPVTMLRJPHLGFBD86DA,0.0,0.0,0.0,無,082
安南區,土地,溪南段497-1地號,15.57,都市：其他:主要計畫道路用地,,,1150626,土地2建物0車位0,,,其他,,,,0.0,0,0,0,無,無,125650,8070,,0.0,0,協議價購；,RPWTMLRJPHLGFBD96DA,0.0,0.0,0.0,無,
安南區,土地,溪南段498-1地號,1210.23,都市：其他:主要計畫道路用地,,,1150626,土地1建物0車位0,,,其他,,,,0.0,0,0,0,無,無,9766556,8070,,0.0,0,協議價購；,RPXTMLRJPHLGFBD07DA,0.0,0.0,0.0,無,
安南區,土地,溪南段505地號,901.02,都市：其他:主要計畫道路用地,,,1150626,土地1建物0車位0,,,其他,,,,0.0,0,0,0,無,無,7271231,8070,,0.0,0,協議價購；,RPOUMLRJPHLGFBD88DA,0.0,0.0,0.0,無,
安南區,土地,溪南段506-1地號,446.02,都市：其他:主要計畫道路用地,,,1150626,土地1建物0車位0,,,其他,,,,0.0,0,0,0,無,無,3599381,8070,,0.0,0,協議價購；,RPPUMLRJPHLGFBD98DA,0.0,0.0,0.0,無,
安南區,土地,溪南段728-1地號,1169.91,都市：其他:主要計畫道路用地,,,1150626,土地7建物0車位0,,,其他,,,,0.0,0,0,0,無,無,9441141,8070,,0.0,0,協議價購；,RPTUMLRJPHLGFBD76DA,0.0,0.0,0.0,無,047
安南區,土地,溪南段728-1地號,1169.91,都市：其他:主要計畫道路用地,,,1150626,土地7建物0車位0,,,其他,,,,0.0,0,0,0,無,無,9441141,8070,,0.0,0,協議價購；,RPUUMLRJPHLGFBD86DA,0.0,0.0,0.0,無,047
安南區,土地,南興段484-1地號,4.43,都市：其他:主要計畫道路用地,,,1150626,土地4建物0車位0,,,其他,,,,0.0,0,0,0,無,無,72708,16413,,0.0,0,協議價購；,RPTNMLSJPHLGFBD78DA,0.0,0.0,0.0,無,028
安南區,土地,南興段490-1地號,232.54,都市：其他:主要計畫道路用地,,,1150626,土地4建物0車位0,,,其他,,,,0.0,0,0,0,無,無,3813674,16400,,0.0,0,協議價購；,RPVNMLSJPHLGFBD98DA,0.0,0.0,0.0,無,031
安南區,土地,南興段824-1地號,248.18,都市：其他:主要計畫道路用地,,,1150626,土地2建物0車位0,,,其他,,,,0.0,0,0,0,無,無,2002812,8070,,0.0,0,協議價購；,RPWNMLSJPHLGFBD09DA,0.0,0.0,0.0,無,073
安南區,土地,南興段822地號,1016.77,都市：其他:主要計畫道路用地,,,1150626,土地1建物0車位0,,,其他,,,,0.0,0,0,0,無,無,8205334,8070,,0.0,0,協議價購；,RPOOMLSJPHLGFBD38DA,0.0,0.0,0.0,無,
安南區,土地,南興段858-1地號,13.23,都市：其他:主要計畫道路用地,,,1150626,土地1建物0車位0,,,其他,,,,0.0,0,0,0,無,無,106766,8070,,0.0,0,協議價購；,RPSNMLTJPHLGFBD78DA,0.0,0.0,0.0,無,079
安南區,土地,溪南段509-1地號,3004.71,都市：其他:主要計畫道路用地,,,1150626,土地4建物0車位0,,,其他,,,,0.0,0,0,0,無,無,24248018,8070,,0.0,0,協議價購；,RPTNMLTJPHLGFBD88DA,0.0,0.0,0.0,無,090
東區,建物,臺南市東區裕敬路１１９號,0.0,,,,1150611,土地0建物1車位0,全,一層,透天厝,工業用,鐵骨石棉瓦,0581215,156.24,1,1,1,有,無,60000,384,,0.0,0,建物坐落地號：裕東段887-2地號；親友、員工、共有人或其他特殊關係間之交易；,RPTNMLNLOHLGFCD48DA,156.24,0.0,0.0,無,
東區,房地(土地+建物)+車位,臺南市東區仁東街２３號十二樓之８,11.94,住,,,1150604,土地1建物1車位1,十二層,十四層,住宅大樓(11層含以上有電梯),住家用,鋼筋混凝土造,0871218,80.19,2,2,1,有,有,5220000,65095,坡道機械,9.83,0,,RPUNMLOLOHLGFCD68DA,49.53,0.0,8.01,有,
東區,房地(土地+建物),臺南市東區崇學路１３５巷１２號,38.0,住,,,1150630,土地1建物1車位0,全,三層,透天厝,住商用,鋼筋混凝土造,0700106,78.23,4,2,3,有,無,5650000,72223,,0.0,0,親友、員工、共有人或其他特殊關係間之交易；頂樓加蓋；其他增建；,RPXNMLMJPHLGFCD68DA,78.23,0.0,0.0,無,
東區,土地,光華段1053地號,32.08,商,,,1150629,土地5建物0車位0,,,其他,,,,0.0,0,0,0,無,無,5500000,171446,,0.0,0,未登記建物；,RPPNMLNJPHLGFCD97DA,0.0,0.0,0.0,無,
東區,房地(土地+建物),臺南市東區府東街９３號五樓,3.9,商,,,1150606,土地2建物1車位0,五層,十二層,住宅大樓(11層含以上有電梯),住家用,鋼筋混凝土造,0880805,36.92,1,1,1,有,有,3050000,82611,,0.0,0,,RPTNMLRJPHLGFCD78DA,25.99,0.0,0.0,有,
後壁區,土地,新港東段新港東小段606地號,2500.0,,特定農業區,農牧用地,1150630,土地2建物0車位0,,,其他,,,,0.0,0,0,0,無,無,3000000,1200,,0.0,0,,RPPNMLOKPHLGFED38DA,0.0,0.0,0.0,無,
大內區,土地,二重溪段152-1地號,1431.0,,山坡地保育區,農牧用地,1150618,土地3建物0車位0,,,其他,,,,0.0,0,0,0,無,無,2350000,1642,,0.0,0,,RPPNMLNKPHLGFFD38DA,0.0,0.0,0.0,無,
七股區,土地,新生段9-5地號,172.73,,一般農業區,養殖用地,1150609,土地1建物0車位0,,,其他,,,,0.0,0,0,0,無,無,97955,567,,0.0,0,,RPOOMLSJOHLGFGD78DA,0.0,0.0,0.0,無,
善化區,房地(土地+建物)+車位,臺南市善化區西拉雅大道３５０號八樓之５,16.3,商,,,1150606,土地2建物1車位1,八層,十五層,住宅大樓(11層含以上有電梯),住家用,鋼筋混凝土造,1100901,112.08,2,2,2,有,有,10500000,93683,坡道平面,27.88,0,,RPSNMLTLOHLGFHD86DA,53.42,0.0,3.8,有,091
善化區,土地,善西段470地號,43.93,住,,,1150615,土地3建物0車位0,,,其他,,,,0.0,0,0,0,無,無,2923800,66556,,0.0,0,,RPVNMLTJPHLGFHD07DA,0.0,0.0,0.0,無,092
仁德區,房地(土地+建物),臺南市仁德區仁德里中正路二段１２０５巷８號五樓之２,25.03,住,,,1150607,土地1建物1車位0,五層,七層,華廈(10層含以下有電梯),住家用,鋼筋混凝土造,0830225,127.54,3,2,2,有,有,6200000,48612,,0.0,0,,RPOOMLSKOHLGFID09DA,86.26,0.0,11.75,有,
歸仁區,車位,臺南市歸仁區高發一路１０號一樓之１等８６戶,0.0,,,,1150624,土地0建物1車位1,,,其他,,,,25.3,0,0,0,無,有,800000,,坡道平面,25.3,800000,建物坐落地號：武東段126地號；僅車位交易；,RPSNMLTJPHLGFID86DA,0.0,0.0,0.0,有,
歸仁區,房地(土地+建物)+車位,臺南市歸仁區高鐵大道３３號六樓之７,14.94,商,,,1150630,土地1建物1車位1,六層,十七層,住宅大樓(11層含以上有電梯),住家用,鋼筋混凝土造,1141023,98.41,2,2,1,有,有,12000000,141839,坡道平面,25.44,1650000,,RPPNMLMKPHLGFID58DA,42.77,0.0,4.35,有,
永康區,房地(土地+建物),臺南市永康區勝利街７５巷２２號,79.42,住,,,1150612,土地6建物1車位0,全,二層,透天厝,住家用,加強磚造,0621200,88.81,4,2,2,有,無,5000000,56300,,0.0,0,包含公共設施保留地用地；,RPXNMLMKOHLGFKD86DA,88.81,0.0,0.0,無,
永康區,房地(土地+建物),臺南市永康區中正路２５６巷５號之１２,14.72,住,,,1150607,土地1建物1車位0,五層,十六層,住宅大樓(11層含以上有電梯),住家用,鋼筋混凝土造,0820824,82.99000000000001,2,1,1,有,有,5260000,63381,,0.0,0,其他增建；,RPTNMLRKOHLGFKD96DA,58.63,1.15,5.87,有,
永康區,房地(土地+建物),臺南市永康區西勢里廣興街３８巷２５弄７號,43.55,住,,,1150624,土地1建物1車位0,一層，二層,四層,公寓(5樓含以下無電梯),住家用,鋼筋混凝土造,0820513,115.47,3,2,2,有,無,5500000,47631,,0.0,0,,RPOOMLNJPHLGFKD78DA,98.68,2.74,2.74,無,
永康區,房地(土地+建物),臺南市永康區新民街６６巷５號八樓之８,5.68,住,,,1150613,土地1建物1車位0,八層,九層,華廈(10層含以下有電梯),住家用,鋼筋混凝土造,0821230,40.22,1,0,1,有,有,2200000,54699,,0.0,0,,RPPNMLOJPHLGFKD88DA,19.03,2.26,2.92,有,
永康區,房地(土地+建物),臺南市永康區安康里大橋一街５７之５號十三樓之３２,4.24,住,,,1150613,土地1建物1車位0,十三層,十四層,住宅大樓(11層含以上有電梯),住家用,鋼筋混凝土造,0880824,40.79,1,1,1,有,有,3450000,84580,,0.0,0,,RPOOMLKKPHLGFKD58DA,27.44,0.0,2.74,有,093
永康區,建物,臺南市永康區中山南路３１６巷７５號,0.0,,,,1150630,土地0建物7車位0,全,一層,透天厝,工業用,鐵架石棉瓦。,0610300,823.55,0,0,0,無,無,2800000,3400,,0.0,0,本案買賣交易標的為商用廠房等建築設施，不含土地所有權。；建物坐落地號：信義段774地號；親友、員工、共有人或其他特殊關係間之交易；未登記建物；,RPOOMLNKPHLGFKD88DA,823.55,0.0,0.0,無,
新營區,房地(土地+建物),臺南市新營區埤寮里許丑１９之３號,79.45,,鄉村區,乙種建築用地,1150630,土地1建物1車位0,全,二層,透天厝,住家用,加強磚造,0710724,94.19,3,2,2,有,無,1390055,14758,,0.0,0,親友、員工、共有人或其他特殊關係間之交易；,RPPNMLOKPHLGFDD38EA,94.19,0.0,0.0,無,
鹽水區,土地,田寮段1317地號,2401.0,,特定農業區,農牧用地,1150622,土地1建物0車位0,,,其他,,,,0.0,0,0,0,無,無,2881200,1200,,0.0,0,,RPQNMLOKPHLGFDD48EA,0.0,0.0,0.0,無,
麻豆區,房地(土地+建物),臺南市麻豆區大山里１鄰大山腳１０號之２５,86.4,住,,,1150620,土地1建物1車位0,全,三層,透天厝,住家用,鋼筋混凝土造,0951214,165.51,4,1,2,有,無,2400000,14501,,0.0,0,親友、員工、共有人或其他特殊關係間之交易；,RPPNMLKKPHLGFFD18EA,165.51,0.0,0.0,無,
北區,房地(土地+建物),臺南市北區海安路三段８１２號七樓之２,11.15,住,,,1150621,土地1建物1車位0,七層,二十四層,住宅大樓(11層含以上有電梯),住家用,鋼筋混凝土構造,1090131,95.73,2,2,2,有,有,12000000,125353,,0.0,0,,RPPNMLLLOHLGFAD67DA,59.25,1.55,4.99,有,094
中西區,房地(土地+建物),臺南市中西區金城街１號二樓,28.5,住,,,1150616,土地1建物1車位0,二層,五層,公寓(5樓含以下無電梯),住家用,鋼筋混凝土造,0761017,107.06,3,2,2,有,無,4500000,42033,,0.0,0,陽台外推；,RPSNMLKMOHLGFAD97DA,82.88,0.0,9.01,無,095
北區,房地(土地+建物)+車位,臺南市北區海安路三段８７０號十五樓之２,20.1,住,,,1150601,土地1建物1車位1,十五層,二十四層,住宅大樓(11層含以上有電梯),住家用,鋼筋混凝土構造,1070409,214.66000000000003,3,2,2,有,有,28000000,130439,坡道平面,35.35,0,,RPSNMLKKPHLGFAD87DA,114.05,0.0,13.35,有,096
安平區,房地(土地+建物),臺南市安平區古堡街１２０號之１４,81.1,都市：其他:特定住宅專用區,,,1150618,土地2建物1車位0,二層，三層，四層,四層,公寓(5樓含以下無電梯),住家用,鋼筋混凝土造,0860213,186.14999999999998,4,2,4,有,無,11000000,59092,,0.0,0,親友、員工、共有人或其他特殊關係間之交易；,RPRNMLNKPHLGFAD08DA,130.02,0.0,12.71,無,
安南區,土地,南興段484-1地號,8.87,都市：其他:主要計畫道路用地,,,1150626,土地4建物0車位0,,,其他,,,,0.0,0,0,0,無,無,145417,16394,,0.0,0,協議價購；,RPVOMLQJPHLGFBD88DA,0.0,0.0,0.0,無,028
安南區,房地(土地+建物),臺南市安南區公學路五段６９７巷１５７號十樓之１,12.84,,,,1150602,土地1建物1車位0,十層,十二層,住宅大樓(11層含以上有電梯),住家用,鋼筋混凝土造,0870814,88.34,3,2,2,有,有,3100000,35092,,0.0,0,,RPTNMLKKPHLGFBD08DA,61.94,0.0,5.87,有,
南區,房地(土地+建物),臺南市南區中華南路二段３１５巷３弄１４號四樓,34.64,住,,,1150602,土地2建物1車位0,四層,五層,公寓(5樓含以下無電梯),住家用,鋼筋混凝土造,0710528,92.50999999999999,3,2,1,有,無,4000000,43239,,0.0,0,,RPVNMLKKOHLGFCD28DA,75.56,0.0,10.44,無,098
南區,土地,永寧段136地號,46.31,農,,,1150606,土地1建物0車位0,,,其他,,,,0.0,0,0,0,無,無,800000,17275,,0.0,0,共有人間買賣親友、員工、共有人或其他特殊關係間之交易；農作物；,RPRNMLTLOHLGFCD88DA,0.0,0.0,0.0,無,099
南區,土地,大山段100地號,27.75,住,,,1150606,土地1建物0車位0,,,其他,,,,0.0,0,0,0,無,無,1480000,53333,,0.0,0,共有人間買賣親友、員工、共有人或其他特殊關係間之交易；,RPSNMLTLOHLGFCD98DA,0.0,0.0,0.0,無,100
南區,房地(土地+建物)+車位,臺南市南區萬年七街２６號三樓之１,34.6,住,,,1150605,土地1建物1車位1,三層,十五層,住宅大樓(11層含以上有電梯),住家用,鋼筋混凝土造,1130205,181.72,3,3,2,有,有,12000000,66036,坡道平面,24.05,0,,RPPNMLTJPHLGFCD58DA,91.59,0.0,12.28,有,101
東區,房地(土地+建物),臺南市東區東安路３０巷２１號,95.0,住,,,1150617,土地1建物1車位0,全,三層,透天厝,住家用,鋼筋混凝土造,0750326,167.35,6,2,3,有,無,20500000,122498,,0.0,0,陽台外推；頂樓加蓋；其他增建；,RPUNMLTJPHLGFCD09DA,161.15,0.0,6.2,無,
南區,房地(土地+建物),臺南市南區德興路２７４巷７０弄３６號,92.0,住,,,1150605,土地1建物1車位0,全,二層,透天厝,住家用,鋼筋混凝土造,0771108,126.52,6,2,4,有,無,8000000,63231,,0.0,0,親友、員工、共有人或其他特殊關係間之交易；,RPPOMLKKPHLGFCD87DA,116.45,0.0,10.07,無,
後壁區,土地,新港東段茄苳子小段675地號,1888.0,,特定農業區,農牧用地,1150622,土地1建物0車位0,,,其他,,,,0.0,0,0,0,無,無,3000000,1589,,0.0,0,親友、員工、共有人或其他特殊關係間之交易；,RPPNMLPKPHLGFED48DA,0.0,0.0,0.0,無,
西港區,房地(土地+建物),臺南市西港區大寮５３之２６號,110.77,,鄉村區,乙種建築用地,1150612,土地1建物1車位0,全,三層,透天厝,住家用,鋼筋混凝土造,1141125,166.24,4,2,3,有,無,14360000,86381,,0.0,0,,RPUNMLQKOHLGFGD56DA,150.76,0.0,15.48,無,
新化區,土地,頂山腳段1861地號,2643.0,,特定農業區,農牧用地,1150612,土地1建物0車位0,,,其他,,,,0.0,0,0,0,無,無,6100000,2308,,0.0,0,,RPTNMLQJPHLGFHD56DA,0.0,0.0,0.0,無,
善化區,土地,善西段471地號,59.31,住,,,1150615,土地3建物0車位0,,,其他,,,,0.0,0,0,0,無,無,3944600,66508,,0.0,0,,RPWNMLTJPHLGFHD17DA,0.0,0.0,0.0,無,092
仁德區,土地,車頭段1071地號,4.41,都市：其他:道路用地,,,1150612,土地1建物0車位0,,,其他,,,,0.0,0,0,0,無,無,244551,55454,,0.0,0,協議價購；,RPWNMLTJPHLGFID27DA,0.0,0.0,0.0,無,103
仁德區,土地,車頭段1071地號,4.41,都市：其他:道路用地,,,1150612,土地1建物0車位0,,,其他,,,,0.0,0,0,0,無,無,244551,55454,,0.0,0,協議價購；,RPXNMLTJPHLGFID37DA,0.0,0.0,0.0,無,103
仁德區,土地,車頭段1071地號,4.41,都市：其他:道路用地,,,1150612,土地1建物0車位0,,,其他,,,,0.0,0,0,0,無,無,244551,55454,,0.0,0,協議價購；,RPOOMLTJPHLGFID56DA,0.0,0.0,0.0,無,103
仁德區,土地,車頭段1071地號,4.41,都市：其他:道路用地,,,1150612,土地1建物0車位0,,,其他,,,,0.0,0,0,0,無,無,244551,55454,,0.0,0,協議價購；,RPROMLTJPHLGFID86DA,0.0,0.0,0.0,無,103
仁德區,土地,車頭段1071地號,2.21,都市：其他:道路用地,,,1150612,土地1建物0車位0,,,其他,,,,0.0,0,0,0,無,無,122276,55329,,0.0,0,協議價購；,RPSOMLTJPHLGFID96DA,0.0,0.0,0.0,無,103
仁德區,土地,車頭段1071地號,2.21,都市：其他:道路用地,,,1150612,土地1建物0車位0,,,其他,,,,0.0,0,0,0,無,無,122276,55329,,0.0,0,協議價購；,RPTOMLTJPHLGFID07DA,0.0,0.0,0.0,無,103
仁德區,土地,車頭段1071地號,4.41,都市：其他:道路用地,,,1150612,土地1建物0車位0,,,其他,,,,0.0,0,0,0,無,無,244551,55454,,0.0,0,協議價購；,RPUOMLTJPHLGFID17DA,0.0,0.0,0.0,無,103
仁德區,土地,崙尾段523地號,401.8,,,,1150629,土地3建物0車位0,,,其他,,,,0.0,0,0,0,無,無,2431000,6050,,0.0,0,1.持分土地買賣2.二親等間買賣親友、員工、共有人或其他特殊關係間之交易；,RPVNMLKKPHLGFID98DA,0.0,0.0,0.0,無,
永康區,土地,大灣段3158-1地號,156.86,都市：其他:道路用地,,,1150608,土地1建物0車位0,,,其他,,,,0.0,0,0,0,無,無,3894291,24827,,0.0,0,包含公共設施保留地用地；,RPQPMLSJOHLGFKD86DA,0.0,0.0,0.0,無,110
永康區,房地(土地+建物),臺南市永康區復國一路４７５巷２８號四樓之２７,5.2,住,,,1150606,土地1建物1車位0,四層,五層,華廈(10層含以下有電梯),住家用,鋼筋混凝土構造,1070402,13.989999999999998,1,0,1,有,有,1560000,111508,,0.0,0,夾層；其他增建；,RPUQMLOLOHLGFKD17DA,8.32,0.0,1.36,有,111
永康區,房地(土地+建物)+車位,臺南市永康區東橋三路１３０號十七樓之５,16.81,商,,,1150618,土地1建物1車位1,十七層,二十層,住宅大樓(11層含以上有電梯),住家用,鋼筋混凝土構造,1050512,161.25,3,2,2,有,有,17360000,107659,坡道平面,22.0,0,,RPPOMLSJPHLGFKD76DA,80.08,5.59,9.33,有,112
永康區,房地(土地+建物)+車位,臺南市永康區勝利里中華一路２０３巷１０號七樓之５,8.16,商,,,1150608,土地1建物1車位1,七層,十一層,住宅大樓(11層含以上有電梯),住家用,鋼筋混凝土造,0871026,90.16,3,2,2,有,有,5400000,59894,坡道機械,10.28,0,夾層；,RPSNMLOKPHLGFKD66DA,43.59,4.92,6.54,有,
鹽水區,土地,下中段下中小段1346地號,444.0,,特定農業區,農牧用地,1150617,土地1建物0車位0,,,其他,,,,0.0,0,0,0,無,無,60000,135,,0.0,0,親友、員工、共有人或其他特殊關係間之交易；,RPPNMLPKPHLGFDD48EA,0.0,0.0,0.0,無,113
安南區,土地,海北段171地號,36.13,住,,,1150610,土地1建物0車位0,,,其他,,,,0.0,0,0,0,無,無,3000000,83033,,0.0,0,畸零地或有合併使用效益；,RPPOMLPJOHLGFBD08DA,0.0,0.0,0.0,無,
安南區,房地(土地+建物),臺南市安南區海佃路二段５０９巷３６號五樓之１,29.97,住,,,1150614,土地1建物1車位0,五層,五層,華廈(10層含以下有電梯),住家用,鋼筋混凝土造,1141002,80.96000000000001,2,2,1,有,有,7160000,88439,,0.0,0,陽台外推；其他增建；,RPPNMLPLOHLGFBD18DA,44.85,0.0,4.51,有,
安南區,房地(土地+建物),臺南市安南區十二佃路２１６巷２６弄２０號,87.7,住,,,1150602,土地1建物1車位0,全,三層,透天厝,住家用,鋼筋混凝土造,0990512,172.76,5,2,3,有,無,12600000,72934,,0.0,0,其他增建；,RPPNMLKKPHLGFBD67DA,147.05,3.12,22.59,無,114
安南區,房地(土地+建物)+車位,臺南市安南區淵西路１６３號五樓之１,38.94,住,,,1150611,土地1建物1車位1,五層,五層,華廈(10層含以下有電梯),住家用,鋼筋混凝土造,1150127,119.13,3,2,2,有,有,8560000,72525,一樓平面,14.89,1000000,,RPVNMLNKPHLGFBD58DA,69.7,0.0,4.77,有,
安南區,房地(土地+建物),臺南市安南區淵西路１６３號四樓之３,35.45,住,,,1150626,土地1建物1車位0,四層,五層,華廈(10層含以下有電梯),住家用,鋼筋混凝土造,1150127,94.52000000000001,2,2,2,有,有,7280000,77021,,0.0,0,,RPXNMLNKPHLGFBD78DA,60.35,0.0,7.19,有,
東區,房地(土地+建物)+車位,臺南市東區德祥街１６９號十一樓之５,24.97,住,,,1150620,土地1建物1車位1,十一層,十五層,住宅大樓(11層含以上有電梯),住家用,鋼筋混凝土造,1140814,146.51999999999998,3,2,2,有,有,14300000,109151,坡道平面,32.0,1800000,,RPWNMLNLOHLGFCD78DA,71.18,0.0,4.38,有,
南區,房地(土地+建物),臺南市南區鹽埕路２９１巷１４弄６９號,86.78,住,,,1150604,土地2建物1車位0,全,三層,透天厝,住家用,鋼筋混凝土造,0680806,146.58,5,1,2,有,無,5800000,39569,,0.0,0,親友、員工、共有人或其他特殊關係間之交易；頂樓加蓋；,RPPOMLSJPHLGFCD58DA,129.85,0.0,16.73,無,115
南區,房地(土地+建物)+車位,臺南市南區萬年七街１６９號三樓之６,21.44,住,,,1150616,土地1建物1車位1,三層,十五層,住宅大樓(11層含以上有電梯),住家用,鋼筋混凝土構造,1070619,111.09,2,2,1,有,有,8000000,72014,坡道平面,24.09,0,,RPTNMLTJPHLGFCD98DA,53.45,0.0,4.37,有,116
南區,房地(土地+建物),臺南市南區中華西路一段５４巷３號三樓,42.3,住,,,1150624,土地1建物1車位0,三層,五層,公寓(5樓含以下無電梯),住家用,鋼筋混凝土造,0720422,93.25,3,2,2,有,無,4300000,46113,,0.0,0,,RPRNMLNKPHLGFCD28DA,76.54,0.0,10.48,無,
東區,房地(土地+建物),臺南市東區怡東路７２巷１２號五樓,28.85,住,,,1150619,土地1建物1車位0,五層,五層,公寓(5樓含以下無電梯),住家用,鋼筋混凝土造,0721216,104.92999999999999,3,2,2,有,無,4600000,43839,,0.0,0,其他增建；,RPVNMLNKPHLGFCD68DA,85.6,0.0,6.72,無,
東區,房地(土地+建物),臺南市東區立德十路８０巷２１號,54.29,住,,,1150622,土地1建物1車位0,全,二層,透天厝,住家用,加強磚造,0620220,71.23,3,2,1,有,無,5500000,77215,,0.0,0,頂樓加蓋；未登記建物；,RPTNMLOKPHLGFCD58DA,71.23,0.0,0.0,無,
新營區,土地,新茄苳段99地號,1003.14,工,,,1150601,土地1建物0車位0,,,其他,,,,0.0,0,0,0,無,無,35000000,34890,,0.0,0,,RPPNMLOKPHLGFDD28DA,0.0,0.0,0.0,無,
新營區,土地,新橋段597-1地號,1635.75,,一般農業區,農牧用地,1150629,土地1建物0車位0,,,其他,,,,0.0,0,0,0,無,無,1000000,611,,0.0,0,,RPPNMLPKPHLGFDD38DA,0.0,0.0,0.0,無,
下營區,土地,麻豆寮段462地號,328.86,,鄉村區,乙種建築用地,1150611,土地2建物0車位0,,,其他,,,,0.0,0,0,0,無,無,1436000,4367,,0.0,0,,RPSNMLOKPHLGFFD78DA,0.0,0.0,0.0,無,
將軍區,土地,西和段958地號,2805.26,農,,,1150603,土地1建物0車位0,,,其他,,,,0.0,0,0,0,無,無,5320000,1896,,0.0,0,親友、員工、共有人或其他特殊關係間之交易；,RPROMLNJOHLGFGD58DA,0.0,0.0,0.0,無,
七股區,土地,大文段232地號,1128.0,,特定農業區,農牧用地,1150602,土地1建物0車位0,,,其他,,,,0.0,0,0,0,無,無,2500000,2216,,0.0,0,,RPWNMLRKOHLGFGD86DA,0.0,0.0,0.0,無,
佳里區,房地(土地+建物),臺南市佳里區佳安中街７９號,80.82,,鄉村區,乙種建築用地,1150604,土地1建物1車位0,全,三層,透天厝,住家用,鋼筋混凝土造,0880917,192.73000000000002,4,2,3,有,有,5800000,30094,,0.0,0,其他增建；,RPRNMLPLOHLGFGD88DA,111.98,0.0,13.8,無,
佳里區,土地,安西段1064地號,163.93,都市：其他:道路用地,,,1150601,土地2建物0車位0,,,其他,,,,0.0,0,0,0,無,無,680000,4148,,0.0,0,包含公共設施保留地用地；,RPPNMLNJPHLGFGD38DA,0.0,0.0,0.0,無,
學甲區,土地,集和段1051-1地號,111.97,住,,,1150620,土地1建物0車位0,,,其他,,,,0.0,0,0,0,無,無,2700000,24114,,0.0,0,,RPPNMLNKPHLGFGD48DA,0.0,0.0,0.0,無,
西港區,房地(土地+建物),臺南市西港區林里三合寮７之９號,105.21,,特定農業區,甲種建築用地,1150608,土地1建物1車位0,全,三層,透天厝,住家用,鋼筋混凝土造,0870917,165.26,4,2,3,有,無,7250000,43870,,0.0,0,頂樓加蓋；其他增建；,RPRNMLOKPHLGFGD78DA,150.42,14.84,0.0,無,
將軍區,土地,嘉昌段802地號,1032.0,,特定農業區,農牧用地,1150630,土地1建物0車位0,,,其他,,,,0.0,0,0,0,無,無,1455000,1410,,0.0,0,,RPWNMLOKPHLGFGD66DA,0.0,0.0,0.0,無,
學甲區,土地,仁得段663地號,172.39,住,,,1150630,土地2建物0車位0,,,其他,,,,0.0,0,0,0,無,無,3120000,18098,,0.0,0,親友、員工、共有人或其他特殊關係間之交易；未登記建物；,RPSNMLPKPHLGFGD98DA,0.0,0.0,0.0,無,
新市區,房地(土地+建物)+車位,臺南市新市區南昌街３６號三樓之６,40.62,住,,,1150618,土地1建物1車位1,三層,五層,華廈(10層含以下有電梯),住家用,鋼筋混凝土造,1141118,119.67,3,2,2,有,有,11680000,98914,一樓平面,14.73,1300000,土地價款:446萬3千元整建物價款:591萬7千元整,RPXNMLOLOHLGFHD86DA,72.39,0.0,3.7,有,
善化區,房地(土地+建物),臺南市善化區光華路８２號二樓之３,24.73,住,,,1150606,土地3建物1車位0,二層,六層,華廈(10層含以下有電梯),住家用,鋼筋混凝土造,1140211,68.53,2,2,1,有,有,6300000,91931,,0.0,0,,RPTNMLKKPHLGFHD68DA,48.47,0.0,3.3,有,117
新市區,房地(土地+建物),臺南市新市區富林路１０２號四樓之５,14.63,住,,,1150603,土地1建物1車位0,四層,十三層,住宅大樓(11層含以上有電梯),住家用,鋼筋混凝土造,1070830,87.1,2,2,2,有,有,7080000,81286,,0.0,0,,RPQOMLNKPHLGFHD78DA,53.34,0.0,4.35,有,118
善化區,土地,善中段398地號,237.13,住,,,1150614,土地1建物0車位0,,,其他,,,,0.0,0,0,0,無,無,26934612,113586,,0.0,0,買方權利人六人親友、員工、共有人或其他特殊關係間之交易；,RPUOMLNKPHLGFHD56DA,0.0,0.0,0.0,無,119
歸仁區,房地(土地+建物)+車位,臺南市歸仁區智發街１３號八樓之３,19.2,住,,,1150603,土地1建物1車位1,八層,十四層,住宅大樓(11層含以上有電梯),住家用,鋼筋混凝土造,1140124,103.07,2,2,1,有,有,10400000,100902,坡道平面,27.67,0,,RPTOMLRJPHLGFID86DA,44.47,0.0,4.56,有,120
歸仁區,房地(土地+建物)+車位,臺南市歸仁區高發二路３１０號十一樓之５,15.62,商,,,1150614,土地1建物1車位1,十一層,十五層,住宅大樓(11層含以上有電梯),住家用,鋼筋混凝土造,1120808,89.24000000000001,2,1,1,有,有,8400000,94128,坡道機械,12.24,0,,RPWOMLTJPHLGFID37DA,46.35,0.0,3.47,有,121
永康區,房地(土地+建物),臺南市永康區忠孝路７６巷６３弄８號五樓,39.87,住,,,1150601,土地8建物1車位0,五層,五層,公寓(5樓含以下無電梯),住家用,鋼筋混凝土造,0720224,94.32,3,2,2,有,無,4300000,45589,,0.0,0,,RPPOMLSKOHLGFKD76DA,76.95,0.0,9.87,無,122
永康區,房地(土地+建物),臺南市永康區復國路５３巷１之２號四樓之２,40.84,住,,,1150622,土地1建物1車位0,四層,五層,華廈(10層含以下有電梯),住家用,鋼筋混凝土造,1150325,106.69,3,2,2,有,有,11420000,107039,,0.0,0,,RPPNMLPLOHLGFKD09DA,79.54,0.0,8.13,有,
永康區,房地(土地+建物),臺南市永康區東橋五路１１７號四樓,9.68,商,,,1150618,土地1建物1車位0,四層,二十三層,住宅大樓(11層含以上有電梯),住家用,鋼筋混凝土構造,1051026,93.50999999999999,2,1,1,有,有,9180000,98171,,0.0,0,,RPRNMLKKPHLGFKD78DA,49.46,5.13,4.55,有,
永康區,土地,平道段257地號,210.01,住,,,1150626,土地3建物0車位0,,,其他,,,,0.0,0,0,0,無,無,29854400,142157,,0.0,0,親友、員工、共有人或其他特殊關係間之交易；,RPPNMLOKPHLGFKD98DA,0.0,0.0,0.0,無,
新營區,土地,復興段249地號,151.46,住,,,1150624,土地2建物0車位0,,,其他,,,,0.0,0,0,0,無,無,4000000,26410,,0.0,0,親友、員工、共有人或其他特殊關係間之交易；,RPPNMLQKPHLGFDD58EA,0.0,0.0,0.0,無,
北區,房地(土地+建物),臺南市北區開元路４８５巷２４號五樓之３,13.36,商,,,1150629,土地2建物1車位0,五層,十二層,住宅大樓(11層含以上有電梯),住家用,鋼筋混凝土造,0701228,113.49,3,2,2,有,有,5000000,44057,,0.0,0,其他增建；,RPRQMLTLOHLGFAD98DA,81.47,0.0,15.47,有,
安平區,房地(土地+建物),臺南市安平區建平六街９０巷９弄６號,78.0,住,,,1150605,土地1建物1車位0,全,五層,透天厝,住家用,鋼筋混凝土造,0801212,213.83,4,2,3,有,無,15500000,72487,,0.0,0,其他增建；,RPPOMLNJPHLGFAD87DA,206.1,3.06,4.67,無,
安平區,房地(土地+建物)+車位,臺南市安平區民權路四段１１１號三樓之６,33.19,住,,,1150623,土地1建物1車位1,三層,十四層,住宅大樓(11層含以上有電梯),住家用,鋼筋混凝土造,1141027,182.44,3,2,2,有,有,18800000,103048,坡道平面,34.87,0,,RPROMLNJPHLGFAD08DA,89.66,0.0,5.6,有,
安平區,房地(土地+建物)+車位,臺南市安平區建平七街５６０號五樓之２,8.92,商,,,1150617,土地1建物1車位1,五層,二十二層,住宅大樓(11層含以上有電梯),住家用,鋼筋混凝土造,1121108,94.0,2,1,2,有,有,8360000,96210,坡道機械,18.54,1100000,含裝潢費；含傢俱設備費；,RPQNMLLKPHLGFAD77DA,42.85,2.9,3.34,有,
安平區,房地(土地+建物)+車位,臺南市安平區建平七街５６０號三樓之９,8.76,商,,,1150602,土地1建物1車位1,三層,二十二層,住宅大樓(11層含以上有電梯),住家用,鋼筋混凝土造,1121108,92.41,2,1,2,有,有,8200000,96115,坡道機械,18.54,1100000,含裝潢費；含傢俱設備費；,RPRPMLNKPHLGFAD28DA,42.22,2.35,3.34,有,
北區,房地(土地+建物)+車位,臺南市北區臨安路二段２５６號十九樓之５,17.08,住,,,1150614,土地1建物1車位2,十九層,二十三層,住宅大樓(11層含以上有電梯),住家用,鋼筋混凝土造,0890406,241.07,4,2,2,有,有,16880000,70021,坡道平面,84.92,0,,RPOOMLQKPHLGFAD18DA,111.84,0.0,13.65,有,
安南區,房地(土地+建物),臺南市安南區安昌街１０３巷５７號,94.06,住,,,1150604,土地1建物1車位0,全,四層,透天厝,住商用,鋼筋混凝土造,0950504,208.93,5,2,4,有,無,14080000,67391,,0.0,0,頂樓加蓋；其他增建；,RPPNMLPKPHLGFBD18DA,187.2,2.4,19.33,無,
南區,房地(土地+建物),臺南市南區水交社路３３７號一樓之５,13.91,住,,,1150614,土地1建物1車位0,一層,五層,華廈(10層含以下有電梯),住家用,鋼筋混凝土造,0840627,41.03,1,1,1,有,有,2610000,63612,,0.0,0,陽台外推；,RPPNMLOKOHLGFCD08DA,29.44,0.0,3.7,有,
東區,房地(土地+建物),臺南市東區裕誠街２１８號,88.06,住,,,1150607,土地3建物1車位0,全,四層,透天厝,住家用,鋼筋混凝土造,1130807,224.34,4,2,5,有,有,32330000,144112,,0.0,0,,RPQNMLTJPHLGFCD68DA,201.06,0.0,23.28,有,
南區,房地(土地+建物),臺南市南區新建路５４巷２之３號,38.16,住,,,1150606,土地2建物1車位0,四層,五層,公寓(5樓含以下無電梯),住家用,鋼筋混凝土造,0711129,94.19999999999999,3,2,2,有,無,5280000,56051,,0.0,0,其他增建；,RPRNMLOKPHLGFCD38DA,77.47,0.0,10.49,無,
柳營區,土地,平和段935地號,2703.75,農,,,1150618,土地2建物0車位0,,,其他,,,,0.0,0,0,0,無,無,8000000,2959,,0.0,0,,RPPNMLQJPHLGFDD38DA,0.0,0.0,0.0,無,
新營區,房地(土地+建物),臺南市新營區民生里６２鄰新北六街５１號,79.05,住,,,1150621,土地1建物1車位0,全,二層,透天厝,住商用,加強磚造,0700921,109.8,1,2,2,有,無,4200000,38251,,0.0,0,頂樓加蓋；其他增建；,RPQNMLQKPHLGFDD58DA,109.8,0.0,0.0,無,
官田區,土地,渡社崎段301-1地號,31.6,,一般農業區,農牧用地,1150624,土地1建物0車位0,,,其他,,,,0.0,0,0,0,無,無,91640,2900,,0.0,0,協議價購；,RPPNMLRLOHLGFFD78DA,0.0,0.0,0.0,無,
官田區,土地,義田段314地號,51.81,農,,,1150610,土地1建物0車位0,,,其他,,,,0.0,0,0,0,無,無,1560000,30110,,0.0,0,未登記建物；,RPQNMLQKPHLGFFD78DA,0.0,0.0,0.0,無,
西港區,房地(土地+建物),臺南市西港區大竹林１１５之９號,88.35,,鄉村區,乙種建築用地,1150628,土地1建物1車位0,全,三層,透天厝,住家用,鋼筋混凝土造,1131105,170.92,5,2,5,有,無,15000000,87760,,0.0,0,含裝潢費1800000元；,RPQNMLPKPHLGFGD78DA,145.52,0.0,25.4,無,
新市區,土地,番子寮段1494地號,1128.0,,河川區,農牧用地,1150624,土地2建物0車位0,,,其他,,,,0.0,0,0,0,無,無,5978400,5300,,0.0,0,協議價購；,RPVNMLMJPHLGFHD98DA,0.0,0.0,0.0,無,
新市區,土地,番子寮段1492地號,1252.0,,河川區,農牧用地,1150624,土地1建物0車位0,,,其他,,,,0.0,0,0,0,無,無,8012800,6400,,0.0,0,協議價購；,RPWNMLMJPHLGFHD09DA,0.0,0.0,0.0,無,
新市區,土地,番子寮段1497地號,2601.0,,河川區,農牧用地,1150624,土地1建物0車位0,,,其他,,,,0.0,0,0,0,無,無,14045400,5400,,0.0,0,協議價購；,RPXNMLMJPHLGFHD56DA,0.0,0.0,0.0,無,
新市區,土地,番子寮段1497-1地號,1446.0,,特定農業區,農牧用地,1150624,土地1建物0車位0,,,其他,,,,0.0,0,0,0,無,無,8097600,5600,,0.0,0,協議價購；,RPOOMLMJPHLGFHD38DA,0.0,0.0,0.0,無,
新市區,土地,番子寮段1498地號,1445.0,,河川區,水利用地,1150624,土地1建物0車位0,,,其他,,,,0.0,0,0,0,無,無,7803000,5400,,0.0,0,協議價購；,RPPNMLNJPHLGFHD48DA,0.0,0.0,0.0,無,
新市區,土地,番子寮段1503地號,808.5,,河川區,水利用地,1150624,土地1建物0車位0,,,其他,,,,0.0,0,0,0,無,無,4365873,5400,,0.0,0,協議價購；,RPQNMLNJPHLGFHD58DA,0.0,0.0,0.0,無,
新市區,土地,番子寮段1503地號,316.25,,河川區,水利用地,1150624,土地1建物0車位0,,,其他,,,,0.0,0,0,0,無,無,1707750,5400,,0.0,0,協議價購；,RPRNMLNJPHLGFHD68DA,0.0,0.0,0.0,無,
新市區,土地,番子寮段1505地號,247.0,,河川區,水利用地,1150624,土地1建物0車位0,,,其他,,,,0.0,0,0,0,無,無,1333800,5400,,0.0,0,協議價購；,RPSNMLNJPHLGFHD78DA,0.0,0.0,0.0,無,
新市區,土地,大營段2833地號,139.0,,鄉村區,乙種建築用地,1150622,土地3建物0車位0,,,其他,,,,0.0,0,0,0,無,無,9460000,68058,,0.0,0,未登記建物；受債權債務關係影響或債務抵償；,RPSNMLSJPHLGFHD66DA,0.0,0.0,0.0,無,
安定區,房地(土地+建物),臺南市安定區許中營８２之１２號四樓之１,27.33,,鄉村區,乙種建築用地,1150610,土地3建物1車位0,四層,八層,華廈(10層含以下有電梯),住家用,鋼筋混凝土造,1131127,87.53999999999999,2,2,2,有,有,6780000,77450,,0.0,0,,RPXNMLTJPHLGFHD27DA,51.56,0.0,7.92,有,
善化區,房地(土地+建物),臺南市善化區龍目井路８８號八樓之１６,11.5,住,,,1150614,土地2建物1車位0,八層,八層,華廈(10層含以下有電梯),住家用,鋼筋混凝土造,1060111,43.35,2,1,2,有,有,4250000,98039,,0.0,0,親友、員工、共有人或其他特殊關係間之交易；,RPQNMLQKPHLGFHD98DA,26.1,0.0,3.86,有,
新市區,土地,日潭段245地號,1258.49,,一般農業區,農牧用地,1150621,土地1建物0車位0,,,其他,,,,0.0,0,0,0,無,無,4380000,3480,,0.0,0,農作物；農業設施；,RPTNMLQKPHLGFHD66DA,0.0,0.0,0.0,無,
仁德區,房地(土地+建物)+車位,臺南市仁德區賢路一段５５１號二樓之７,34.16,住,,,1150613,土地1建物1車位1,二層,十四層,住宅大樓(11層含以上有電梯),住家用,鋼筋混凝土造,1150123,155.69,3,2,2,有,有,13360000,91236,坡道平面,27.89,1700000,,RPUNMLMJPHLGFID98DA,76.4,0.0,9.22,有,
仁德區,土地,太子段206-7地號,68.16,住,,,1150624,土地3建物0車位0,,,其他,,,,0.0,0,0,0,無,無,2783437,40837,,0.0,0,親友、員工、共有人或其他特殊關係間之交易；,RPSNMLQJPHLGFID56DA,0.0,0.0,0.0,無,
歸仁區,房地(土地+建物)+車位,臺南市歸仁區智慧三街７號五樓之２,33.86,住,,,1150612,土地1建物1車位1,五層,十三層,住宅大樓(11層含以上有電梯),住家用,鋼筋混凝土造,1140918,154.32,3,2,2,有,有,15020000,97330,坡道平面,25.67,0,,RPROMLRJPHLGFID66DA,78.09,0.0,7.34,有,
歸仁區,房地(土地+建物)+車位,臺南市歸仁區高發二路３１０號五樓之５,15.49,商,,,1150609,土地1建物1車位1,五層,十五層,住宅大樓(11層含以上有電梯),住家用,鋼筋混凝土造,1120808,88.64,2,2,1,有,有,8770000,98940,坡道機械,11.65,0,,RPWOMLOKPHLGFID96DA,46.35,0.0,3.47,有,
永康區,房地(土地+建物),臺南市永康區西勢里富強路一段２巷１１號,89.0,住,,,1150628,土地1建物1車位0,全,二層,透天厝,住商用,加強磚造,0690812,104.58,5,2,2,有,無,10100000,96577,,0.0,0,其他增建；,RPXNMLNJPHLGFKD96DA,104.58,0.0,0.0,無,
永康區,房地(土地+建物),臺南市永康區復國里復國一路３１５巷３６號,90.18,商,,,1150609,土地1建物1車位0,全,五層,透天厝,住商用,鋼筋混凝土造,0830114,265.74,5,4,4,有,無,14500000,54565,,0.0,0,其他增建；,RPSOMLPKPHLGFKD86DA,228.78,4.7,32.26,無,
後壁區,土地,白沙屯段1537地號,850.0,,特定農業區,農牧用地,1150610,土地1建物0車位0,,,其他,,,,0.0,0,0,0,無,無,500000,588,,0.0,0,親友、員工、共有人或其他特殊關係間之交易；農作物；,RPPNMLPKPHLGFED58EA,0.0,0.0,0.0,無,
北區,房地(土地+建物)+車位,臺南市北區小東路１４７巷２２弄１０號,102.38,住,,,1150524,土地6建物1車位1,全,四層,透天厝,住家用,鋼筋混凝土造,0851217,290.44,6,2,4,有,有,24250000,83494,坡道平面,37.78,0,陽台外推；頂樓加蓋；其他增建；,RPPNMLOLNHLGFAD87DA,187.36,1.38,10.77,無,123
安平區,房地(土地+建物)+車位,臺南市安平區育平九街１９２巷７１號九樓之３,13.94,商,,,1150530,土地1建物1車位1,九層,十一層,住宅大樓(11層含以上有電梯),住家用,鋼筋混凝土造,0830512,155.2,4,2,2,有,有,7800000,50258,坡道平面,0.0,0,陽台外推；其他增建；,RPSNMLKMNHLGFAD87DA,85.36,1.69,14.0,有,124
安平區,房地(土地+建物)+車位,臺南市安平區永華六街２１４號七樓之１２,11.63,商,,,1150518,土地1建物1車位1,七層,十二層,住宅大樓(11層含以上有電梯),住家用,鋼筋混凝土造,0820612,172.61,3,2,2,有,有,8900000,51561,坡道平面,0.0,0,,RPXPMLTLOHLGFAD86DA,106.81,0.0,6.45,有,
安平區,房地(土地+建物)+車位,臺南市安平區國平北路１３７號七樓之３,7.27,商,,,1150519,土地1建物1車位1,七層,三十四層,住宅大樓(11層含以上有電梯),住家用,鋼骨鋼筋混凝土造、鋼筋混凝土造,1140415,90.24000000000001,2,1,1,有,有,6500000,72030,坡道機械,12.5,0,,RPUNMLQJPHLGFAD58DA,46.35,0.0,4.3,有,125
北區,房地(土地+建物)+車位,臺南市北區海安路三段３０９號三樓之６,15.22,住,,,1150518,土地1建物1車位1,三層,二十四層,住宅大樓(11層含以上有電梯),住家用,鋼筋混凝土造,1140313,183.88,4,2,2,有,有,18000000,97890,坡道平面,26.54,0,,RPWNMLRJPHLGFAD88DA,87.71,4.97,8.29,有,126
北區,房地(土地+建物),臺南市北區臨安路二段１６９巷２６號,79.43,住,,,1150520,土地1建物1車位0,全,三層,透天厝,住商用,鋼筋混凝土造,0810902,161.13,3,1,3,有,無,13500000,83783,,0.0,0,,RPUOMLRJPHLGFAD78DA,142.91,8.69,9.53,無,
北區,房地(土地+建物)+車位,臺南市北區長榮路五段４１巷３６號四樓之５,32.32,住,,,1150515,土地2建物1車位1,四層,十四層,住宅大樓(11層含以上有電梯),住家用,鋼筋混凝土造,0920916,169.29000000000002,3,2,2,有,有,6000000,35442,坡道平面,0.0,0,親友、員工、共有人或其他特殊關係間之交易；,RPROMLSJPHLGFAD58DA,101.18,0.0,9.03,有,
安平區,房地(土地+建物),臺南市安平區平通路６２號,75.75,住,,,1150514,土地1建物1車位0,一層，二層，三層，四層，五層，地下層,六層,公寓(5樓含以下無電梯),住商用,鋼筋混凝土造,0791228,275.09999999999997,4,2,4,有,無,20120000,73137,,0.0,0,,RPVNMLTJPHLGFAD98DA,231.06,2.14,17.84,無,127
安南區,房地(土地+建物)+車位,臺南市安南區富東路２６號二樓之２,17.4,住,,,1150531,土地1建物1車位1,二層,五層,華廈(10層含以下有電梯),住家用,鋼筋混凝土造,0831027,87.84,2,2,2,有,有,5000000,56922,坡道平面,0.0,0,夾層；其他增建；,RPXUMLRJPHLGFBD17DA,41.09,0.0,3.23,有,
安南區,房地(土地+建物),臺南市安南區安中路一段７００巷７９之２號,65.37,住,,,1150521,土地14建物1車位0,三層,四層,公寓(5樓含以下無電梯),住家用,鋼筋混凝土造,0700907,100.92,3,2,2,有,有,5380000,53310,,0.0,0,陽台外推；,RPWNMLTJPHLGFBD56DA,79.94,0.01,9.81,無,128
南區,房地(土地+建物)+車位,臺南市南區新興路５４１號二樓之３,31.11,住,,,1150510,土地1建物1車位1,二層,十六層,住宅大樓(11層含以上有電梯),住家用,鋼筋混凝土造,0850321,184.04000000000002,3,2,2,有,有,8200000,44556,坡道平面,0.0,0,,RPUOMLNJPHLGFCD58DA,106.89,0.0,13.01,有,
南區,房地(土地+建物),臺南市南區金華路一段４６０巷１７號,71.0,住,,,1150522,土地1建物1車位0,全,三層,透天厝,住家用,鋼筋混凝土造,0680425,162.61,4,2,3,有,無,8000000,49197,,0.0,0,頂樓加蓋；其他增建；,RPVNMLQJPHLGFCD88DA,147.83,0.0,14.78,無,
東區,房地(土地+建物),臺南市東區仁和路１３９巷７弄８號,69.0,住,,,1150526,土地1建物1車位0,全,二層,透天厝,住家用,加強磚造,0720530,97.46,5,2,3,有,無,7000000,71824,,0.0,0,陽台外推；其他增建；,RPPOMLQJPHLGFCD38DA,90.49,0.0,6.97,無,
東區,房地(土地+建物)+車位,臺南市東區德昌路９８號五樓之３,20.51,住,,,1150530,土地1建物1車位1,五層,七層,華廈(10層含以下有電梯),住家用,鋼筋混凝土構造,1070830,99.74000000000001,2,1,2,有,有,9000000,90235,一樓平面,27.05,0,陽台外推；,RPTNMLSJPHLGFCD88DA,46.07,0.0,3.31,有,129
鹽水區,房地(土地+建物),臺南市鹽水區月津路１８巷１０８號,91.69,住,,,1150516,土地1建物1車位0,全,三層,透天厝,住家用,鋼筋混凝土造,1131022,193.59,5,2,4,有,無,12880000,66532,,0.0,0,土地價格644萬元及建物價格644萬元。,RPTNMLSJPHLGFDD98DA,176.97,0.0,16.62,無,
東山區,房地(土地+建物),臺南市東山區東中里東仁街８１巷３８號,132.19,住,,,1150516,土地3建物1車位0,全,四層,透天厝,住家用,鋼筋混凝土造,1131121,201.43,4,3,4,有,無,11300000,56099,,0.0,0,,RPTNMLMJOHLGFED38DA,188.08,0.0,13.35,無,
佳里區,房地(土地+建物),臺南市佳里區忠仁街１１３巷１１號,102.0,住,,,1150526,土地2建物1車位0,全,三層,透天厝,住商用,鋼筋混凝土造,0661126,181.93,4,3,5,有,無,9350000,51393,,0.0,0,其他增建:一樓空地增建至三樓陽台外推；頂樓加蓋；其他增建；,RPROMLLKOHLGFGD48DA,181.93,0.0,0.0,無,130
善化區,房地(土地+建物),臺南市善化區燈會街３０巷１７號,101.39,住,,,1150523,土地2建物1車位0,全,四層,透天厝,住家用,鋼筋混凝土造,1070927,169.01,4,2,4,有,有,18400000,108869,,0.0,0,陽台外推；其他增建；,RPPNMLNLNHLGFHD48DA,153.53,1.65,13.16,無,131
善化區,房地(土地+建物),臺南市善化區大信路５７號五樓之７,21.1,住,,,1150509,土地1建物1車位0,五層,七層,華廈(10層含以下有電梯),住家用,鋼筋混凝土造,1090923,76.06,2,1,1,有,有,7400000,97292,,0.0,0,,RPPNMLLKOHLGFHD28DA,47.16,3.04,6.13,有,132
安定區,房地(土地+建物),臺南市安定區安定３８６之２６號,86.45,住,,,1150518,土地3建物1車位0,全,三層,透天厝,住家用,鋼筋混凝土構造,1120314,150.97,4,2,3,有,無,14380000,95251,,0.0,0,其他增建；,RPTNMLSKOHLGFHD76DA,146.17,0.0,4.8,無,133
新市區,房地(土地+建物)+車位,臺南市新市區富安路６５號十三樓之７,17.24,住,,,1150501,土地1建物1車位1,十三層,十四層,住宅大樓(11層含以上有電梯),住家用,鋼筋混凝土造,1131125,120.14,2,2,2,有,有,10500000,87398,坡道平面,27.2,0,,RPRNMLSJPHLGFHD56DA,54.31,0.0,6.06,有,134
新市區,房地(土地+建物)+車位,臺南市新市區復興路１０５號十樓之５,20.96,住,,,1150520,土地1建物1車位1,十層,十四層,住宅大樓(11層含以上有電梯),住家用,鋼筋混凝土造,1091021,134.16,3,2,2,有,有,14500000,108080,坡道平面,29.54,0,,RPTNMLTJPHLGFHD86DA,65.68,0.0,3.29,有,135
仁德區,房地(土地+建物)+車位,臺南市仁德區北保路６１號五樓之７,22.02,住,,,1150530,土地1建物1車位1,五層,十二層,住宅大樓(11層含以上有電梯),住家用,鋼筋混凝土構造,1070628,115.13,2,2,1,有,有,8880000,77130,坡道平面,32.0,0,其他增建；,RPQOMLMLOHLGFID78DA,51.06,0.0,5.01,有,136
仁德區,房地(土地+建物),臺南市仁德區仁德里中正路二段８６７巷４２號,120.97,住,,,1150531,土地1建物1車位0,全,四層,透天厝,住家用,鋼筋混凝土造,1030905,224.87,5,2,5,有,無,22500000,100058,,0.0,0,,RPUNMLQJPHLGFID76DA,207.47,0.0,17.4,無,
仁德區,房地(土地+建物),臺南市仁德區大甲里行大一街２０２號三樓之４,20.63,住,,,1150530,土地1建物1車位0,三層,四層,公寓(5樓含以下無電梯),住家用,鋼筋混凝土造,0840309,33.57,1,0,1,有,無,1050000,31278,,0.0,0,,RPQNMLTJPHLGFID66DA,23.04,0.0,2.72,無,
永康區,土地,頭前段136地號,26.33,住,,,1150528,土地5建物0車位0,,,其他,,,,0.0,0,0,0,無,無,980000,37220,,0.0,0,親友、員工、共有人或其他特殊關係間之交易；,RPSNMLRJPHLGFKD86DA,0.0,0.0,0.0,無,137
永康區,房地(土地+建物),臺南市永康區東橋七路１９５號四樓之２,14.86,住,,,1150525,土地1建物1車位0,四層,十六層,住宅大樓(11層含以上有電梯),住家用,鋼筋混凝土構造,1061114,87.31,3,2,2,有,有,8250000,94491,,0.0,0,,RPXOMLSJPHLGFKD57DA,50.55,2.34,4.82,有,138
永康區,房地(土地+建物),臺南市永康區龍中街４５０巷２８號,86.38,住,,,1150530,土地3建物1車位0,全,四層,透天厝,住家用,鋼筋混凝土造,1120421,204.08,5,2,5,有,無,18680000,91533,,0.0,0,,RPRNMLTJPHLGFKD96DA,192.63,0.0,11.45,無,
永康區,房地(土地+建物),臺南市永康區八德街３２６巷５３弄１１號,69.4,住,,,1150517,土地2建物1車位0,全,四層,透天厝,住家用,鋼筋混凝土構造,1020205,187.66,4,2,4,有,無,17000000,90589,,0.0,0,陽台外推；其他增建；,RPUNMLTJPHLGFKD27DA,145.2,1.5,40.96,無,
新營區,土地,太子段215-3地號,369.0,住,,,1150520,土地1建物0車位0,,,其他,,,,0.0,0,0,0,無,無,10604137,28737,,0.0,0,,RPRNMLKKPHLGFDD18EA,0.0,0.0,0.0,無,
新營區,土地,太子段215-4地號,369.0,住,,,1150520,土地1建物0車位0,,,其他,,,,0.0,0,0,0,無,無,10604137,28737,,0.0,0,,RPSNMLKKPHLGFDD28EA,0.0,0.0,0.0,無,
北區,建物,臺南市北區實踐街３９巷３６弄７０號,0.0,,,,1150509,土地0建物1車位0,全,二層,透天厝,住家用,鋼筋混凝土造,0730406,103.64,3,2,2,有,無,4000000,38595,,0.0,0,土地為向仁愛之家租賃使用。；建物坐落地號：康祥段320地號；頂樓加蓋；其他增建；,RPURMLQJPHLGFAD98DA,100.42,0.0,3.22,無,
安平區,房地(土地+建物)+車位,臺南市安平區育平九街１９２巷７１號十一樓之６,7.74,商,,,1150511,土地1建物1車位1,十一層,十一層,住宅大樓(11層含以上有電梯),住家用,鋼筋混凝土造,0830512,86.33,2,1,1,有,有,6500000,75292,坡道平面,0.0,0,,RPSOMLRJPHLGFAD58DA,41.25,2.47,9.83,有,
安南區,房地(土地+建物)+車位,臺南市安南區海佃路一段１５８巷２０３號十二樓之１,49.71,住,,,1150503,土地1建物1車位2,十二層,十二層,住宅大樓(11層含以上有電梯),住家用,鋼筋混凝土造,1140819,297.08,3,2,2,有,有,35950000,136983,坡道平面,59.46,3400000,,RPSNMLPKNHLGFBD28DA,130.07,0.0,20.32,有,
安南區,房地(土地+建物),臺南市安南區環館北路８４９巷６弄２５號,103.46,住,,,1150507,土地5建物1車位0,全,四層,透天厝,住家用,鋼筋混凝土造,0971128,252.85999999999999,3,3,3,有,有,18000000,71186,,0.0,0,其他增建；,RPXNMLPKNHLGFBD78DA,228.42,0.0,21.25,無,
安南區,土地,佃北段1414地號,89.63,住,,,1150523,土地1建物0車位0,,,其他,,,,0.0,0,0,0,無,無,6500000,72520,,0.0,0,,RPUNMLPLOHLGFBD68DA,0.0,0.0,0.0,無,
東區,房地(土地+建物),臺南市東區東門路三段６５號,80.03,住,,,1150506,土地3建物1車位0,全,四層,透天厝,住商用,鋼筋混凝土造,0690314,217.35,5,2,4,有,無,15000000,69013,,0.0,0,,RPQOMLTJOHLGFCD68DA,217.35,0.0,0.0,無,
東區,房地(土地+建物),臺南市東區東門路三段１７９巷１６弄２號,93.45,住,,,1150528,土地3建物1車位0,全,四層,透天厝,住家用,鋼筋混凝土造,0970128,185.06,4,2,4,有,無,17000000,91862,,0.0,0,其他增建；,RPUOMLLJPHLGFCD38DA,178.72,0.0,6.34,無,
後壁區,土地,嘉民段412地號,84.01,,鄉村區,乙種建築用地,1150514,土地1建物0車位0,,,其他,,,,0.0,0,0,0,無,無,1420000,16903,,0.0,0,,RPSNMLTLOHLGFED56DA,0.0,0.0,0.0,無,
後壁區,土地,嘉民段419地號,224.31,,鄉村區,乙種建築用地,1150514,土地1建物0車位0,,,其他,,,,0.0,0,0,0,無,無,3880000,17297,,0.0,0,,RPTNMLTLOHLGFED66DA,0.0,0.0,0.0,無,
白河區,土地,虎山段1621地號,2903.05,,一般農業區,農牧用地,1150527,土地1建物0車位0,,,其他,,,,0.0,0,0,0,無,無,3300000,1137,,0.0,0,,RPQNMLLJPHLGFED08DA,0.0,0.0,0.0,無,
後壁區,土地,新港東段茄苳子小段638-1地號,560.0,,特定農業區,農牧用地,1150514,土地1建物0車位0,,,其他,,,,0.0,0,0,0,無,無,873600,1560,,0.0,0,,RPRNMLSJPHLGFED88DA,0.0,0.0,0.0,無,
佳里區,房地(土地+建物),臺南市佳里區建南里安南路５８８巷１６號,88.4,住,,,1150524,土地1建物1車位0,全,四層,透天厝,住商用,鋼筋混凝土造,0820701,215.28,5,2,4,有,無,8800000,40877,,0.0,0,頂樓加蓋；其他增建；,RPSNMLRLNHLGFGD09DA,194.97,0.0,20.31,無,
西港區,房地(土地+建物)+車位,臺南市西港區後營１５６之２號五樓之３,30.42,,鄉村區,乙種建築用地,1150512,土地1建物1車位1,五層,七層,華廈(10層含以下有電梯),住家用,鋼筋混凝土造,1140422,115.75999999999999,3,2,2,有,有,8960000,79647,一樓平面,18.33,1200000,,RPSOMLRKOHLGFGD56DA,71.95,0.0,7.04,有,
佳里區,房地(土地+建物),臺南市佳里區成功路２２１號,93.61,住,,,1150518,土地1建物1車位0,全,四層,透天厝,住商用,鋼筋混凝土造,0800420,266.63,5,2,4,有,無,10600000,39755,,0.0,0,其他增建；,RPPNMLSJPHLGFGD88DA,237.65,0.0,28.98,無,
善化區,房地(土地+建物),臺南市善化區牛庄６６之４５號,95.8,,鄉村區,乙種建築用地,1150509,土地4建物1車位0,全,四層,透天厝,住家用,鋼筋混凝土構造,1120313,143.95,4,2,3,有,無,12700000,88225,,0.0,0,其他增建/頂樓採光罩加蓋/車庫採光罩加蓋其他增建；,RPRNMLTJPHLGFHD66DA,120.97,0.0,22.98,無,139
仁德區,土地,中洲東段800地號,2415.37,,特定農業區,農牧用地,1150503,土地1建物0車位0,,,其他,,,,0.0,0,0,0,無,無,6100000,2525,,0.0,0,,RPPNMLLJPHLGFID38DA,0.0,0.0,0.0,無,
楠西區,土地,保生段608地號,3303.53,,一般農業區,農牧用地,1150505,土地1建物0車位0,,,其他,,,,0.0,0,0,0,無,無,5750000,1741,,0.0,0,,RPPNMLSJPHLGFJD56DA,0.0,0.0,0.0,無,
永康區,房地(土地+建物)+車位,臺南市永康區大民街１５３號四樓之３,29.6,住,,,1150504,土地1建物1車位1,四層,五層,華廈(10層含以下有電梯),住家用,鋼筋混凝土構造,1080401,95.38,2,2,1,有,有,7800000,81778,一樓平面,18.35,0,,RPUNMLRKOHLGFKD07DA,52.11,0.0,4.43,有,140
東山區,房地(土地+建物),臺南市東山區東正里４鄰東勢２９號,268.25,住,,,1150525,土地2建物1車位0,全,二層,透天厝,住家用,加強磚造,0831014,278.91,6,3,4,有,無,8400000,30117,,0.0,0,頂樓加蓋；其他增建；,RPPNMLNKPHLGFED38EA,253.76,0.0,25.15,無,141
學甲區,土地,宅子港段165-50地號,1870.0,,特定農業區,農牧用地,1150515,土地3建物0車位0,,,其他,,,,0.0,0,0,0,無,無,2800000,1497,,0.0,0,,RPPNMLNKPHLGFGD58EA,0.0,0.0,0.0,無,
北區,房地(土地+建物)+車位,臺南市北區文成二路２３７號九樓之３,16.33,住,,,1150524,土地1建物1車位1,九層,十三層,住宅大樓(11層含以上有電梯),住家用,鋼筋混凝土構造,1111014,95.16,1,1,2,有,有,10500000,110340,坡道平面,16.55,0,,RPQNMLLJOHLGFAD57DA,47.17,0.0,3.08,有,142
安南區,房地(土地+建物),臺南市安南區青砂街一段６９５巷２９號,85.37,住,,,1150531,土地2建物1車位0,全,三層,透天厝,住家用,鋼筋混凝土造,1150123,107.76,3,2,3,有,無,9880000,91685,,0.0,0,,RPUNMLKKPHLGFBD18DA,95.58,0.0,12.18,無,
安南區,房地(土地+建物),臺南市安南區青砂街一段６９５巷２７號,88.61,住,,,1150510,土地2建物1車位0,全,三層,透天厝,住家用,鋼筋混凝土造,1150123,108.1,3,2,3,有,無,9880000,91397,,0.0,0,,RPVNMLKKPHLGFBD28DA,95.92,0.0,12.18,無,
新營區,土地,建國段1542-3地號,82.64,,鄉村區,乙種建築用地,1150529,土地1建物0車位0,,,其他,,,,0.0,0,0,0,無,無,1960000,23717,,0.0,0,親友、員工、共有人或其他特殊關係間之交易；,RPPNMLOKOHLGFDD18DA,0.0,0.0,0.0,無,143
柳營區,房地(土地+建物),臺南市柳營區中山西路一段２１６號,117.77,住,,,1150504,土地1建物1車位0,全,三層,透天厝,住家用,磚、ＲＣ,0630827,167.09,5,2,2,有,無,8500000,50871,,0.0,0,,RPUNMLTJPHLGFDD56DA,159.42,0.0,7.67,無,
鹽水區,房地(土地+建物),臺南市鹽水區金和路３２８號,108.14,住,,,1150524,土地2建物1車位0,全,三層,透天厝,住家用,鋼筋混凝土造,1121016,201.31,4,2,3,有,無,13850000,68799,,0.0,0,,RPRNMLNKPHLGFDD38DA,190.46,0.0,10.85,無,144
下營區,房地(土地+建物),臺南市下營區中正北路１０６巷８號,80.82,住,,,1150517,土地2建物1車位0,全,三層,透天厝,住家用,鋼筋混凝土造,0700328,102.27,5,2,3,有,無,5200000,50846,,0.0,0,頂樓加蓋；其他增建；,RPVNMLNKPHLGFFD98DA,102.27,0.0,0.0,無,145
北門區,土地,麗湖段214地號,4397.02,,一般農業區,農牧用地,1150516,土地1建物0車位0,,,其他,,,,0.0,0,0,0,無,無,2270000,516,,0.0,0,,RPPNMLLLNHLGFGD18DA,0.0,0.0,0.0,無,
西港區,房地(土地+建物),臺南市西港區溪埔寮６之７１號,96.35,,鄉村區,乙種建築用地,1150523,土地2建物1車位0,全,三層,透天厝,住家用,鋼筋混凝土造,1140208,150.46,4,2,5,有,無,12900000,85737,,0.0,0,,RPSNMLSKOHLGFGD56DA,133.03,0.0,17.43,無,
佳里區,房地(土地+建物),臺南市佳里區文新里１１鄰安西１２８之３０號,100.68,,鄉村區,乙種建築用地,1150522,土地1建物1車位0,全,三層,透天厝,住家用,鋼筋混凝土造,0790529,143.0,5,2,2,有,無,7800000,54545,,0.0,0,其他增建；,RPQNMLQJPHLGFGD78DA,139.83,0.0,3.17,無,
仁德區,房地(土地+建物),臺南市仁德區中正路一段２５１巷１０號四樓之３,19.85,商,,,1150512,土地1建物1車位0,四層,五層,公寓(5樓含以下無電梯),住家用,鋼筋混凝土構造,1111110,82.08,2,1,2,有,有,6000000,73099,,0.0,0,,RPRNMLPLOHLGFID09DA,57.83,0.0,5.04,無,146
歸仁區,房地(土地+建物)+車位,臺南市歸仁區高發二路３１２號四樓之３,15.49,商,,,1150505,土地1建物1車位1,四層,十五層,住宅大樓(11層含以上有電梯),住家用,鋼筋混凝土造,1120808,88.64,2,2,1,有,有,8000000,90253,坡道機械,11.65,0,,RPRNMLKMOHLGFID68DA,46.35,0.0,3.47,有,147
關廟區,土地,埤頭段2720地號,3947.07,,一般農業區,農牧用地,1150528,土地1建物0車位0,,,其他,,,,0.0,0,0,0,無,無,5200000,1317,,0.0,0,,RPVNMLNJPHLGFID56DA,0.0,0.0,0.0,無,
仁德區,土地,後壁段1265地號,67.27,住,,,1150530,土地3建物0車位0,,,其他,,,,0.0,0,0,0,無,無,3052500,45377,,0.0,0,未登記建物；,RPQOMLTJPHLGFID76DA,0.0,0.0,0.0,無,
仁德區,房地(土地+建物)+車位,臺南市仁德區後壁里德安路８８之１號六樓之２,19.25,住,,,1150528,土地1建物1車位1,六層,七層,華廈(10層含以下有電梯),住家用,鋼筋混凝土造,0851212,121.32,3,1,2,有,有,5100000,42038,坡道平面,0.0,0,,RPRNMLNKPHLGFID88DA,72.63,0.0,10.08,有,148
楠西區,土地,萊宅段100-1地號,5511.0,,山坡地保育區,農牧用地,1150517,土地1建物0車位0,,,其他,,,,0.0,0,0,0,無,無,8700000,1579,,0.0,0,未登記建物；,RPPNMLLJPHLGFJD48DA,0.0,0.0,0.0,無,
永康區,房地(土地+建物),臺南市永康區大灣路４０巷７２弄２０號,109.38,住,,,1150510,土地2建物1車位0,全,三層,透天厝,住家用,鋼筋混凝土構造,1011228,185.58,5,2,3,有,無,15000000,80828,,0.0,0,頂樓加蓋；其他增建；,RPRNMLRJPHLGFKD76DA,166.32,0.0,19.26,無,
永康區,房地(土地+建物),臺南市永康區國光七街３８巷１８號,127.0,住,,,1150502,土地1建物1車位0,全,二層,透天厝,住家用,鋼筋混凝土造,0770802,137.99,5,3,2,有,無,13850000,100370,,0.0,0,其他增建；,RPQOMLSJPHLGFKD86DA,111.72,26.27,0.0,無,
永康區,房地(土地+建物),臺南市永康區六合里中華二路３４０巷１６號十四樓之５,24.92,住,,,1150527,土地1建物1車位0,十四層,十六層,住宅大樓(11層含以上有電梯),住家用,鋼筋混凝土造,0811016,152.8,4,2,2,有,有,8500000,55628,,0.0,0,陽台外推；其他增建；,RPQPMLSJPHLGFKD96DA,112.09,0.57,14.52,有,
安平區,房地(土地+建物)+車位,臺南市安平區永華五街１２號二十四樓,5.21,商,,,1150516,土地1建物1車位1,二十四層,二十九層,住宅大樓(11層含以上有電梯),住家用,鋼筋混凝土構造,1070921,103.58000000000001,2,2,1,有,有,9050000,87372,坡道機械,23.36,0,,RPQNMLQKNHLGFAD08DA,51.11,0.0,4.13,有,149
中西區,房地(土地+建物),臺南市中西區國華街二段１８８號,65.02,商,,,1150525,土地1建物1車位0,全,二層,透天厝,住商用,加強磚造,0570620,130.59,4,1,4,有,無,29800000,228195,,0.0,0,1.供役地重測後:中西區府前段243地號主權利移轉時，從權利依法隨同移轉。2.貨梯保留，以現況交付，賣方不負瑕疵擔保責任及損害賠償責任。頂樓加蓋；其他增建；,RPPNMLNKPHLGFAD87DA,130.59,0.0,0.0,無,
安平區,房地(土地+建物)+車位,臺南市安平區文平路１８７巷８８弄２７號六樓之１,20.46,住,,,1150515,土地1建物1車位1,六層,七層,華廈(10層含以下有電梯),住家用,鋼筋混凝土造,0820611,109.97999999999999,3,2,2,有,有,5700000,51828,坡道機械,0.0,0,陽台外推；,RPUOMLNKPHLGFAD48DA,72.01,1.08,7.76,有,
安南區,房地(土地+建物),臺南市安南區政安路５７巷５號,296.07,工,,,1150506,土地2建物1車位0,全,三層,透天厝,住工用,鋼筋混凝土造,0830503,338.33,4,3,6,有,無,26000000,76848,,0.0,0,其他增建；,RPOOMLQJNHLGFBD97DA,323.35,0.0,14.98,無,
安南區,房地(土地+建物),臺南市安南區安中路一段７０３巷４之３號,72.33,住,,,1150512,土地14建物1車位0,四層,四層,公寓(5樓含以下無電梯),住家用,鋼筋混凝土造,0700907,103.82000000000001,3,2,2,有,無,3500000,33712,,0.0,0,,RPTNMLKLNHLGFBD97DA,81.42,0.01,10.97,無,
安南區,房地(土地+建物)+車位,臺南市安南區新宅一街３００號九樓之６,26.32,住,,,1150504,土地1建物1車位2,九層,十四層,住宅大樓(11層含以上有電梯),住家用,鋼筋混凝土造,1150424,186.27,3,2,2,有,有,15400000,98363,坡道平面,64.68,3440000,購買兩個停車位，價格合計共344萬元。預售屋、或土地及建物分件登記案件；,RPUNMLOKOHLGFBD48DA,70.46,0.0,9.16,有,
安南區,房地(土地+建物),臺南市安南區長和路一段５７７巷４０號,117.95,住,,,1150524,土地2建物1車位0,全,四層,透天厝,住家用,鋼筋混凝土造,1011204,187.69,4,2,3,有,無,18580000,98993,,0.0,0,陽台外推；頂樓加蓋；其他增建；未登記建物；,RPQNMLNKPHLGFBD08DA,163.12,0.0,19.48,無,
南區,房地(土地+建物),臺南市南區大同路二段４８２巷１７５號,62.0,住,,,1150513,土地1建物1車位0,全,二層,透天厝,住家用,加強磚造,0731116,88.07,4,2,4,有,無,11700000,132849,,0.0,0,頂樓加蓋；其他增建；,RPVNMLRKOHLGFCD98DA,80.96,0.0,7.11,無,150
下營區,房地(土地+建物),臺南市下營區大和街８７號,92.0,住,,,1150527,土地1建物1車位0,全,四層,透天厝,住家用,鋼筋混凝土造,1140220,204.58,5,2,5,有,無,12200000,59634,,0.0,0,,RPRNMLTJPHLGFFD09DA,188.72,0.0,15.86,無,
將軍區,土地,西湖段120地號,31.31,住,,,1150509,土地1建物0車位0,,,其他,,,,0.0,0,0,0,無,無,360000,11498,,0.0,0,畸零地或有合併使用效益；,RPRNMLSJPHLGFGD09DA,0.0,0.0,0.0,無,
歸仁區,土地,高發段606地號,1861.57,,一般農業區,農牧用地,1150525,土地2建物0車位0,,,其他,,,,0.0,0,0,0,無,無,22000000,11818,,0.0,0,,RPUNMLPLOHLGFID76DA,0.0,0.0,0.0,無,151
永康區,房地(土地+建物)+車位,臺南市永康區新行街３９０號十樓之３,30.74,住,,,1150525,土地1建物1車位2,十層,十四層,住宅大樓(11層含以上有電梯),住家用,鋼筋混凝土造,1141203,190.89999999999998,3,2,2,有,有,18800000,115967,坡道平面,49.48,2400000,,RPRNMLNJOHLGFKD88DA,81.98,0.0,10.6,有,
安平區,土地,新南段126-3地號,257.0,住,,,1150505,土地1建物0車位0,,,其他,,,,0.0,0,0,0,無,無,32760000,127471,,0.0,0,親友、員工、共有人或其他特殊關係間之交易；,RPVNMLQJPHLGFAD68DA,0.0,0.0,0.0,無,152
北區,房地(土地+建物),臺南市北區公園路７５８巷３號,65.0,住,,,1150505,土地1建物1車位0,全,三層,透天厝,住家用,鋼筋混凝土造,0760626,128.76,6,2,4,有,無,10000000,77664,,0.0,0,親友、員工、共有人或其他特殊關係間之交易；,RPOOMLPKPHLGFAD08DA,117.31,0.0,11.45,無,
安南區,房地(土地+建物),臺南市安南區安富街２５１巷１８號,111.26,住,,,1150513,土地2建物1車位0,全,二層,透天厝,住商用,加強磚造,0790516,108.21,3,1,1,有,無,7080000,65428,,0.0,0,其他增建；,RPVNMLPKNHLGFBD58DA,101.59,0.0,6.62,無,
安南區,房地(土地+建物),臺南市安南區環館北路８４９巷７弄１９號,126.64,住,,,1150508,土地6建物1車位0,全,四層,透天厝,住家用,鋼筋混凝土造,1000613,270.44,4,2,4,有,有,20000000,73951,,0.0,0,增建頂樓露台採光罩其他增建；,RPPNMLRLNHLGFBD28DA,244.49,0.0,22.38,無,
安南區,房地(土地+建物),臺南市安南區環館路３４６巷２３號,126.8,住,,,1150504,土地5建物1車位0,全,四層,透天厝,住家用,鋼筋混凝土造,1140904,273.11,3,2,3,有,有,32500000,118995,,0.0,0,,RPXNMLNJOHLGFBD58DA,248.15,0.0,20.99,有,
安南區,房地(土地+建物),臺南市安南區環館路３５０巷５號,156.4,住,,,1150516,土地5建物1車位0,全,四層,透天厝,住家用,鋼筋混凝土造,1140904,290.12,3,2,3,有,有,31180000,107469,,0.0,0,,RPOOMLNJOHLGFBD77DA,264.26,0.0,21.89,有,
安南區,房地(土地+建物),臺南市安南區樂活二十二街２巷１１號,70.78,住,,,1150522,土地3建物1車位0,全,四層,透天厝,住家用,鋼筋混凝土造,1121227,182.79,5,2,3,有,無,20200000,110509,,0.0,0,陽台外推；頂樓加蓋；其他增建；,RPPNMLOKPHLGFBD08DA,164.26,0.0,18.53,無,153
安南區,房地(土地+建物),臺南市安南區國安街２１０巷４號,116.1,住,,,1150514,土地1建物1車位0,全,二層,透天厝,住家用,加強磚造,0700602,111.17,5,2,2,有,無,8880000,79878,,0.0,0,頂樓加蓋；其他增建；,RPTNMLOKPHLGFBD48DA,111.17,0.0,0.0,無,
南區,房地(土地+建物),臺南市南區新建路２５巷２７之４號,27.6,住,,,1150515,土地1建物1車位0,五層,五層,公寓(5樓含以下無電梯),住家用,鋼筋混凝土造,0720718,76.28,3,2,1,有,無,3000000,39329,,0.0,0,,RPROMLSKOHLGFCD78DA,62.26,0.0,8.23,無,
東區,房地(土地+建物),臺南市東區文化一街１５６巷１號,82.05,住,,,1150529,土地4建物1車位0,全,四層,透天厝,住家用,鋼筋混凝土造,0971023,200.91,5,2,4,有,無,19800000,98552,,0.0,0,,RPOOMLNKPHLGFCD08DA,187.17,0.0,13.7,無,
南區,房地(土地+建物),臺南市南區永南一街３７號,91.0,住,,,1150528,土地1建物1車位0,全,三層,透天厝,住家用,鋼筋混凝土造,0761009,163.22,6,3,3,有,無,13900000,85161,,0.0,0,頂樓加蓋；其他增建；,RPSNMLOKPHLGFCD48DA,151.12,4.89,7.21,無,
南區,房地(土地+建物),臺南市南區中華西路一段６巷７號四樓,34.86,住,,,1150531,土地2建物1車位0,四層,五層,公寓(5樓含以下無電梯),住家用,鋼筋混凝土造,0711129,94.19999999999999,3,2,2,有,無,4200000,44586,,0.0,0,,RPVOMLOKPHLGFCD88DA,77.47,0.0,10.49,無,
柳營區,房地(土地+建物),臺南市柳營區果毅里１鄰果毅後３號之２７,782.0,,特定農業區,農牧用地,1150523,土地4建物1車位0,全,三層,透天厝,住家用,鋼筋混凝土造,1021203,142.95,3,2,3,有,無,10380000,72613,,0.0,0,1783地號金額新台幣陸拾捌萬肆仟貳佰元整；其他地號及建號合計金額新台幣玖佰陸拾玖萬伍仟捌佰元整其他增建；,RPRNMLOKPHLGFDD48DA,142.95,0.0,0.0,無,
六甲區,房地(土地+建物),臺南市六甲區六甲里中華路９９巷４號,114.66,住,,,1150501,土地1建物1車位0,全,三層,透天厝,住家用,鋼筋混凝土造,0790402,224.78,5,3,5,有,無,7500000,33366,,0.0,0,頂樓加蓋；其他增建；,RPRNMLPKPHLGFFD78DA,192.16,0.0,32.62,無,
七股區,土地,大埕段680地號,752.0,,特定農業區,農牧用地,1150526,土地3建物0車位0,,,其他,,,,0.0,0,0,0,無,無,1000000,1330,,0.0,0,親友、員工、共有人或其他特殊關係間之交易；,RPSNMLKKPHLGFGD48DA,0.0,0.0,0.0,無,
安定區,房地(土地+建物),臺南市安定區海寮１７５之６號,101.03,,鄉村區,乙種建築用地,1150528,土地4建物1車位0,全,四層,透天厝,住家用,鋼筋混凝土造,1140425,221.41,4,2,5,有,無,17800000,80394,,0.0,0,親友、員工、共有人或其他特殊關係間之交易；陽台外推；,RPQNMLTJPHLGFHD56DA,207.62,0.0,13.79,有,
龍崎區,土地,龍船段230地號,902.5,,山坡地保育區,農牧用地,1150531,土地2建物0車位0,,,其他,,,,0.0,0,0,0,無,無,300000,332,,0.0,0,持分土地買賣,RPRNMLPKPHLGFID09DA,0.0,0.0,0.0,無,
玉井區,土地,口宵里段3-529地號,13409.0,,山坡地保育區,特定目的事業用地,1150527,土地4建物0車位0,,,其他,,,,0.0,0,0,0,無,無,6000000,447,,0.0,0,未登記建物；,RPPNMLSLNHLGFJD56DA,0.0,0.0,0.0,無,
永康區,房地(土地+建物),臺南市永康區大橋一街１５０號三樓之１,13.29,住,,,1150530,土地2建物1車位0,三層,五層,公寓(5樓含以下無電梯),住家用,鋼筋混凝土造,0731029,52.86,1,2,1,有,無,2700000,51078,,0.0,0,陽台外推；,RPPNMLKMNHLGFKD58DA,29.77,0.0,16.07,無,
安平區,房地(土地+建物),臺南市安平區府前四街１２３號,91.8,住,,,1150518,土地1建物1車位0,全,四層,透天厝,住商用,鋼筋混凝土構造,1080227,246.45,0,5,4,有,無,32000000,129844,,0.0,0,買賣總價拆分土地價格新台幣2400萬元整.建物價格新台幣800萬元整陽台外推；頂樓加蓋；其他增建；,RPPNMLPKPHLGFAD18EA,219.86,0.0,26.59,無,
後壁區,土地,新嘉段1023地號,368.49,,鄉村區,乙種建築用地,1150530,土地3建物0車位0,,,其他,,,,0.0,0,0,0,無,無,4300000,11669,,0.0,0,,RPPNMLQKPHLGFED68EA,0.0,0.0,0.0,無,154
將軍區,土地,保源段1837地號,69.0,,特定農業區,農牧用地,1150513,土地1建物0車位0,,,其他,,,,0.0,0,0,0,無,無,144900,2100,,0.0,0,政府機關標讓售；,RPPNMLKKPHLGFGD28EA,0.0,0.0,0.0,無,
北區,房地(土地+建物)+車位,臺南市北區海安路三段３０９號六樓之３,13.06,住,,,1150511,土地1建物1車位1,六層,二十四層,住宅大樓(11層含以上有電梯),住家用,鋼筋混凝土造,1140313,161.49,3,2,2,有,有,15700000,97220,坡道平面,26.54,0,,RPPOMLSLNHLGFAD38DA,79.67,2.98,3.94,有,
安平區,房地(土地+建物),臺南市安平區慶平路５０７之６號十樓之２,9.21,住,,,1150522,土地1建物1車位0,十層,二十二層,住宅大樓(11層含以上有電梯),住家用,鋼筋混凝土造,0840516,133.29,3,2,2,有,有,7570000,56793,,0.0,0,親友、員工、共有人或其他特殊關係間之交易；,RPWOMLNKPHLGFAD68DA,90.99,0.0,8.73,有,
安平區,房地(土地+建物)+車位,臺南市安平區國平北路１３７號八樓之１,10.22,商,,,1150521,土地1建物1車位1,八層,三十四層,住宅大樓(11層含以上有電梯),住家用,鋼骨鋼筋混凝土造、鋼筋混凝土造,1140415,137.72,3,2,2,有,有,10250000,74426,坡道平面,27.92,0,,RPVNMLOKPHLGFAD58DA,67.29,0.0,4.18,有,
安南區,房地(土地+建物)+車位,臺南市安南區郡安路六段１５２號三樓,21.03,住,,,1150514,土地1建物1車位1,三層,十九層,住宅大樓(11層含以上有電梯),住家用,鋼筋混凝土造,1140722,156.35000000000002,3,2,2,有,有,14400000,92101,坡道平面,26.4,0,,RPRNMLKKPHLGFBD87DA,72.03,0.0,10.14,有,
安南區,房地(土地+建物),臺南市安南區長溪路三段４６１之２號,66.61,住,,,1150502,土地1建物1車位0,全,三層,透天厝,住商用,鋼筋混凝土造,0750920,189.98,7,2,4,有,無,10500000,55269,,0.0,0,陽台外推；其他增建；,RPTOMLOKPHLGFBD58DA,182.19,0.0,7.79,無,
安南區,房地(土地+建物),臺南市安南區長溪路三段４６１之３號,113.27,住,,,1150502,土地1建物1車位0,全,三層,透天厝,住商用,鋼筋混凝土造,0750920,183.09,6,2,4,有,無,14500000,79196,,0.0,0,其他增建；,RPWOMLOKPHLGFBD88DA,179.2,0.0,3.89,無,
東區,房地(土地+建物),臺南市東區裕農路２８８巷９６弄６５號,103.53,住,,,1150517,土地2建物1車位0,全,四層,透天厝,住家用,鋼筋混凝土造,1131121,263.28,5,2,5,有,無,35880000,136281,,0.0,0,陽台外推；其他增建；,RPWNMLLJOHLGFCD38DA,238.78,0.0,24.5,有,
南區,房地(土地+建物),臺南市南區德興路１３０巷６７號,255.0,住,,,1150517,土地2建物1車位0,全,四層,透天厝,住家用,鋼筋混凝土造,1020305,427.76,6,3,6,有,無,38000000,88835,,0.0,0,其他增建；,RPPNMLNLOHLGFCD08DA,386.94,0.0,40.82,無,
東區,房地(土地+建物)+車位,臺南市東區崇賢三路８號七樓之３,36.61,住,,,1150510,土地1建物1車位1,七層,十五層,住宅大樓(11層含以上有電梯),住家用,鋼筋混凝土構造,1071205,250.57,3,2,2,有,有,27500000,109750,坡道平面,26.02,0,,RPXNMLNKPHLGFCD88DA,108.81,0.0,15.06,有,
東區,房地(土地+建物),臺南市東區崇仁街７２號,11.2,商,,,1150515,土地1建物1車位0,一層，夾層，見其他登記事項,十四層,住宅大樓(11層含以上有電梯),商業用,鋼筋混凝土造,0960906,104.87,0,2,2,有,有,14800000,141127,,0.0,0,其他增建；,RPUNMLOKPHLGFCD68DA,76.69,0.0,0.0,有,
新營區,土地,茄苳段277地號,119.0,住,,,1150510,土地2建物0車位0,,,其他,,,,0.0,0,0,0,無,無,4050000,34034,,0.0,0,,RPRNMLTLOHLGFDD98DA,0.0,0.0,0.0,無,
新營區,土地,茄苳段278地號,153.0,住,,,1150510,土地2建物0車位0,,,其他,,,,0.0,0,0,0,無,無,4350000,28431,,0.0,0,,RPTNMLTLOHLGFDD56DA,0.0,0.0,0.0,無,
白河區,土地,埤子頭段五汴頭小段776地號,5795.0,,特定農業區,農牧用地,1150528,土地1建物0車位0,,,其他,,,,0.0,0,0,0,無,無,5650000,975,,0.0,0,,RPQNMLNLOHLGFED38DA,0.0,0.0,0.0,無,
西港區,房地(土地+建物),臺南市西港區溪埔寮６之６９號,96.35,,鄉村區,乙種建築用地,1150526,土地2建物1車位0,全,三層,透天厝,住家用,鋼筋混凝土造,1140208,150.2,4,2,5,有,無,12880000,85752,,0.0,0,,RPSOMLKMOHLGFGD68DA,132.87,0.0,17.33,無,
西港區,土地,南海埔段1150地號,1586.0,,特定農業區,農牧用地,1150510,土地1建物0車位0,,,其他,,,,0.0,0,0,0,無,無,3880000,2446,,0.0,0,,RPQNMLKKPHLGFGD28DA,0.0,0.0,0.0,無,
新市區,房地(土地+建物)+車位,臺南市新市區復興路１０５號八樓之５,20.96,住,,,1150531,土地1建物1車位1,八層,十四層,住宅大樓(11層含以上有電梯),住家用,鋼筋混凝土造,1091021,134.16,3,2,2,有,有,13800000,117568,坡道平面,29.54,1500000,其他增建；,RPQOMLLJOHLGFHD38DA,65.68,0.0,3.29,有,
新市區,房地(土地+建物)+車位,臺南市新市區大３０３號二樓之５,29.4,,鄉村區,乙種建築用地,1150502,土地1建物1車位1,二層,七層,華廈(10層含以下有電梯),住家用,鋼筋混凝土造,1131219,109.45,3,2,2,有,有,9300000,84970,其他,9.92,0,含裝潢費；,RPOOMLKMOHLGFHD38DA,68.35,0.0,7.55,有,
善化區,房地(土地+建物),臺南市善化區陽光北一路９０巷３０號,152.92,住,,,1150504,土地2建物1車位0,全,三層,透天厝,住家用,鋼筋混凝土造,1111021,207.85000000000002,4,2,4,有,有,27500000,132307,,0.0,0,其他增建；,RPQNMLLJPHLGFHD38DA,201.61,0.0,6.22,無,
新市區,土地,南社內段437-1地號,91.96,,鄉村區,乙種建築用地,1150527,土地2建物0車位0,,,其他,,,,0.0,0,0,0,無,無,8640000,93954,,0.0,0,,RPPOMLTJPHLGFHD56DA,0.0,0.0,0.0,無,
新市區,建物,臺南市新市區內１１８之１２號,0.0,,,,1150527,土地0建物1車位0,全,四層,透天厝,住家用,鋼筋混凝土造,1121213,192.89,4,2,4,有,無,9740000,50495,,0.0,0,建物坐落地號：南社內段437-1地號；,RPQOMLTJPHLGFHD66DA,173.88,0.0,19.01,無,
山上區,房地(土地+建物),臺南市山上區南洲３４４之４號,99.87,住,,,1150524,土地1建物1車位0,全,二層,透天厝,住家用,加強磚造,0750612,105.91,3,2,2,有,無,4500000,42489,,0.0,0,親友、員工、共有人或其他特殊關係間之交易；頂樓加蓋；其他增建；,RPRNMLKKPHLGFHD48DA,102.32,0.0,3.59,無,
山上區,土地,牛稠埔段69-5地號,2429.0,,一般農業區,農牧用地,1150502,土地1建物0車位0,,,其他,,,,0.0,0,0,0,無,無,4858000,2000,,0.0,0,,RPXNMLPKPHLGFHD96DA,0.0,0.0,0.0,無,
仁德區,房地(土地+建物),臺南市仁德區中正路二段１１０９巷１２號,107.95,住,,,1150525,土地3建物1車位0,全,三層,透天厝,住家用,鋼筋混凝土造,1130308,182.64,5,2,5,有,無,21850000,119634,,0.0,0,陽台外推；,RPSNMLPKPHLGFID56DA,165.53,0.0,17.11,無,
歸仁區,房地(土地+建物),臺南市歸仁區中正南路一段５７２號,78.78,,一般農業區,甲種建築用地,1150528,土地1建物1車位0,全,二層,透天厝,住家用,加強磚造,0651000,84.2,3,2,2,有,無,5500000,65321,,0.0,0,,RPTNMLRKPHLGFID86DA,84.2,0.0,0.0,無,
玉井區,房地(土地+建物),臺南市玉井區豐里７４之８號,1830.0,,一般農業區,農牧用地,1150502,土地1建物1車位0,全,一層,透天厝,農業用,加強磚造,0850913,197.56,10,4,4,有,無,16800000,85037,,0.0,0,其他增建；,RPQNMLQJPHLGFJD09DA,188.47,9.09,0.0,無,
永康區,房地(土地+建物),臺南市永康區小東路６８９號之８９,7.96,住,,,1150501,土地1建物1車位0,十七層,二十二層,住宅大樓(11層含以上有電梯),辦公用,鋼筋混凝土造,0810519,92.82,0,2,0,有,有,3700000,39862,,0.0,0,,RPQNMLKKPHLGFKD68DA,66.75,0.0,0.0,有,
永康區,房地(土地+建物)+車位,臺南市永康區龍埔街５００巷６號二樓之５,39.66,住,,,1150522,土地3建物1車位1,二層,五層,華廈(10層含以下有電梯),住家用,鋼筋混凝土構造,1120314,107.91,3,2,2,有,有,10000000,92670,其他,7.11,0,陽台外推；,RPXNMLPKPHLGFKD27DA,69.29,0.0,6.48,有,
北區,房地(土地+建物)+車位,臺南市北區開元路１１０號十二樓之６,18.66,商,,,1150411,土地2建物1車位1,十二層,十五層,住宅大樓(11層含以上有電梯),住家用,鋼筋混凝土構造,1121103,170.24,3,2,2,有,有,27650000,186178,坡道平面,34.08,2300000,,RPTOMLOJNHLGFAD18DA,84.2,0.0,9.37,有,
中西區,房地(土地+建物),臺南市中西區開山路２３５巷２３之１號,19.17,商,,,1150426,土地1建物1車位0,二層,四層,公寓(5樓含以下無電梯),住家用,鋼筋混凝土造,0670427,50.72,1,2,1,有,無,3260000,64274,,0.0,0,,RPWRMLQJPHLGFAD56DA,46.81,0.0,0.0,無,
安南區,房地(土地+建物)+車位,臺南市安南區永續三街２６６號十三樓之１,15.47,住,,,1150424,土地1建物1車位1,十三層,十五層,住宅大樓(11層含以上有電梯),住家用,鋼筋混凝土造,1100114,116.75,2,2,1,有,有,9150000,78373,坡道平面,25.6,0,,RPTNMLQJPHLGFBD58DA,53.99,0.0,8.76,有,155
善化區,房地(土地+建物),臺南市善化區北子店９６號,94.0,,一般農業區,甲種建築用地,1150421,土地2建物1車位0,全,四層,透天厝,住家用,鋼筋混凝土造,1130719,198.08,5,2,6,有,無,22800000,115105,,0.0,0,土地價格1140萬元及建物價格1140萬元。含土地增值稅或其他稅費；含地政士服務費；,RPVNMLSJPHLGFHD96DA,183.8,0.0,14.28,無,
仁德區,房地(土地+建物),臺南市仁德區成功村成功三街９３巷９號,98.66,住,,,1150424,土地2建物1車位0,全,二層,透天厝,住家用,加強磚造,0700408,97.66,4,2,2,有,無,8100000,82941,,0.0,0,,RPRNMLSJPHLGFID66DA,97.66,0.0,0.0,無,
玉井區,土地,中正段1071-3地號,305.63,住,,,1150417,土地1建物0車位0,,,其他,,,,0.0,0,0,0,無,無,5080000,16621,,0.0,0,,RPRNMLTJPHLGFJD86DA,0.0,0.0,0.0,無,
中西區,房地(土地+建物),臺南市中西區府前路一段１９６巷１８號一樓之１,22.48,商,,,1150417,土地1建物1車位0,一層,五層,公寓(5樓含以下無電梯),住家用,鋼筋混凝土造,0710803,96.86,2,2,1,有,無,10000000,103242,,0.0,0,,RPOOMLSJPHLGFAD28DA,77.64,0.0,0.0,無,
安南區,房地(土地+建物)+車位,臺南市安南區樂活一街１８號五樓,14.96,住,,,1150427,土地1建物1車位1,五層,十九層,住宅大樓(11層含以上有電梯),住家用,鋼筋混凝土造,1100526,150.3,2,2,2,有,有,13000000,86494,坡道平面,23.35,0,,RPQOMLPJOHLGFBD18DA,70.38,4.04,6.23,有,156
新營區,房地(土地+建物),臺南市新營區民族路４之３號,170.48,商,,,1150403,土地1建物1車位0,全,一層,透天厝,其他,磚ＲＣ造平房,0570516,91.55,6,4,4,有,無,12450000,135991,,0.0,0,頂樓增建、鐵皮屋頂增建、2、3樓磚造增建、4樓鐵皮增建及加磚增建其他增建；,RPRNMLMJOHLGFDD08DA,91.55,0.0,0.0,無,
麻豆區,房地(土地+建物),臺南市麻豆區新建里４鄰中山路１２８之１號,266.56,住,,,1150424,土地3建物1車位0,全,二層,透天厝,住家用,加強磚造,0541111,119.46,3,2,2,有,無,16236600,135917,,0.0,0,親友、員工、共有人或其他特殊關係間之交易；,RPRNMLQJPHLGFFD78DA,116.07,0.0,3.39,無,
七股區,土地,龍山段17地號,400.84,,一般農業區,農牧用地,1150417,土地1建物0車位0,,,其他,,,,0.0,0,0,0,無,無,1000000,2495,,0.0,0,含附條件交易親友、員工、共有人或其他特殊關係間之交易；未登記建物；,RPTNMLPJOHLGFGD88DA,0.0,0.0,0.0,無,
七股區,土地,樹林段290地號,1705.0,,一般農業區,農牧用地,1150401,土地1建物0車位0,,,其他,,,,0.0,0,0,0,無,無,4000000,2346,,0.0,0,,RPQNMLOLOHLGFGD68DA,0.0,0.0,0.0,無,
安南區,房地(土地+建物),臺南市安南區大安街２７５號,92.48,住,,,1150420,土地2建物1車位0,全,二層,透天厝,住商用,加強磚造,0701006,107.99,3,1,2,有,無,5000000,46301,,0.0,0,,RPPNMLNKPHLGFBD97DA,101.45,0.0,6.54,無,
東區,房地(土地+建物),臺南市東區仁和路１３９巷５１弄６號,79.0,住,,,1150429,土地3建物1車位0,全,二層,透天厝,住家用,加強磚造,0650323,91.88,3,2,2,有,無,6350000,69112,,0.0,0,頂樓加蓋；其他增建；,RPTNMLTLOHLGFCD09DA,91.88,0.0,0.0,無,
新營區,土地,新卯舍段1063地號,2276.79,,工業區,農牧用地,1150427,土地2建物0車位0,,,其他,,,,0.0,0,0,0,無,無,42700000,18754,,0.0,0,,RPQNMLNKPHLGFDD28DA,0.0,0.0,0.0,無,157
麻豆區,房地(土地+建物),臺南市麻豆區朝天一街１２１巷１號,151.33,,鄉村區,乙種建築用地,1150412,土地4建物1車位0,全,三層,透天厝,住家用,鋼筋混凝土造,1140613,150.26,4,2,5,有,無,13800000,91841,,0.0,0,土地價格:690萬元整建物價格:690萬元整,RPSNMLTJPHLGFFD56DA,137.6,0.0,12.66,無,
關廟區,土地,五甲段2174-1地號,336.33,農,,,1150408,土地1建物0車位0,,,其他,,,,0.0,0,0,0,無,無,400000,1189,,0.0,0,,RPPNMLRLMHLGFID88DA,0.0,0.0,0.0,無,
北區,房地(土地+建物)+車位,臺南市北區育德一街１９號六樓,29.56,住,,,1150415,土地1建物1車位1,六層,十層,華廈(10層含以下有電梯),住家用,鋼筋混凝土造,0930818,137.12,3,2,2,有,有,1500000,10939,坡道平面,23.79,0,親友、員工、共有人或其他特殊關係間之交易；,RPUNMLMJPHLGFAD18DA,79.54,0.0,7.87,有,
安南區,房地(土地+建物)+車位,臺南市安南區博和路２１９號五樓之５,35.42,住,,,1150417,土地1建物1車位1,五層,七層,華廈(10層含以下有電梯),住家用,鋼筋混凝土造,1130229,163.6,3,2,2,有,有,11280000,68949,坡道平面,23.33,0,含傢俱設備費；,RPUNMLNLOHLGFBD48DA,80.45,0.0,10.91,有,158
白河區,土地,六重溪段31-24地號,3.33,,山坡地保育區,林業用地,1150420,土地1建物0車位0,,,其他,,,,0.0,0,0,0,無,無,10000,3003,,0.0,0,親友、員工、共有人或其他特殊關係間之交易；,RPQNMLPKPHLGFED58DA,0.0,0.0,0.0,無,
白河區,土地,六重溪段31-1地號,1056.13,,山坡地保育區,農牧用地,1150420,土地1建物0車位0,,,其他,,,,0.0,0,0,0,無,無,2556739,2421,,0.0,0,親友、員工、共有人或其他特殊關係間之交易；,RPRNMLPKPHLGFED68DA,0.0,0.0,0.0,無,159
官田區,房地(土地+建物),臺南市官田區隆田里大同街１４巷２４號三樓,31.5,住,,,1150426,土地1建物1車位0,三層,三層,公寓(5樓含以下無電梯),住家用,加強磚造,0680728,66.8,2,2,1,有,無,2700000,40419,,0.0,0,,RPQNMLTJPHLGFFD98DA,62.81,0.0,0.0,無,160
將軍區,土地,苓子寮段一小段1221-2地號,271.67,,鄉村區,乙種建築用地,1150429,土地5建物0車位0,,,其他,,,,0.0,0,0,0,無,無,2415119,8890,,0.0,0,,RPPNMLOKPHLGFGD58DA,0.0,0.0,0.0,無,161
歸仁區,房地(土地+建物)+車位,臺南市歸仁區成功一街３８號四樓之１,37.36,住,,,1150416,土地1建物1車位1,四層,七層,華廈(10層含以下有電梯),住家用,鋼筋混凝土造,1150109,129.35999999999999,3,2,2,有,有,12631200,96788,一樓平面,16.42,1700000,,RPWNMLNKPHLGFID76DA,74.96,0.0,6.39,有,
仁德區,土地,大宅段1203-2地號,3000.0,,特定農業區,農牧用地,1150411,土地1建物0車位0,,,其他,,,,0.0,0,0,0,無,無,10800000,3600,,0.0,0,農作物；,RPPNMLOKPHLGFID78DA,0.0,0.0,0.0,無,
歸仁區,土地,豬厝段469-8地號,586.25,,一般農業區,甲種建築用地,1150404,土地3建物0車位0,,,其他,,,,0.0,0,0,0,無,無,12380000,21117,,0.0,0,,RPSOMLOKPHLGFID56DA,0.0,0.0,0.0,無,
安南區,房地(土地+建物),臺南市安南區智安三街１２６號四樓之３,25.6,住,,,1150410,土地1建物1車位0,四層,五層,華廈(10層含以下有電梯),住家用,鋼筋混凝土造,1150508,75.57,2,2,2,有,有,7500000,99246,,0.0,0,預售屋、或土地及建物分件登記案件；,RPUNMLPKPHLGFBD68DA,53.12,0.0,5.35,有,
柳營區,土地,東安段1254地號,116.06,,,,1150425,土地2建物0車位0,,,其他,,,,0.0,0,0,0,無,無,1335000,11503,,0.0,0,包含公共設施保留地用地；,RPQNMLRJPHLGFDD58DA,0.0,0.0,0.0,無,
柳營區,土地,東安段1252地號,453.81,住,,,1150425,土地1建物0車位0,,,其他,,,,0.0,0,0,0,無,無,14265000,31434,,0.0,0,,SPQNMLRJPHLGFDD68DA,0.0,0.0,0.0,無,
北門區,土地,渡子頭段510-24地號,21107.0,,一般農業區,養殖用地,1150430,土地6建物0車位0,,,其他,,,,0.0,0,0,0,無,無,7600000,360,,0.0,0,,RPPNMLRKPHLGFGD88DA,0.0,0.0,0.0,無,
東區,房地(土地+建物),臺南市東區裕誠街２２２號,88.06,住,,,1150407,土地3建物1車位0,全,四層,透天厝,住家用,鋼筋混凝土造,1130807,224.34,4,2,5,有,有,31880000,142106,,0.0,0,,RPQNMLNKPHLGFCD18DA,201.06,0.0,23.28,有,
東區,房地(土地+建物),臺南市東區東興路４０巷１２之２號,32.67,住,,,1150430,土地2建物1車位0,三層，電梯樓梯間,五層,公寓(5樓含以下無電梯),住家用,鋼筋混凝土造,0700904,118.49000000000001,3,2,2,有,無,4000000,33758,,0.0,0,本案除土地增值稅由賣方負擔，其餘因買賣所衍生之稅費均由買方負擔。親友、員工、共有人或其他特殊關係間之交易；,RPTNMLQKPHLGFCD78DA,92.71,0.0,10.41,無,
新營區,土地,茄苳段1108地號,68.25,都市：其他:道路用地,,,1150421,土地2建物0車位0,,,其他,,,,0.0,0,0,0,無,無,160730,2355,,0.0,0,,RPTNMLTJPHLGFDD09DA,0.0,0.0,0.0,無,
西港區,房地(土地+建物),臺南市西港區慶安路１７１巷８８號,133.99,住,,,1150421,土地5建物1車位0,全,四層,透天厝,住商用,鋼筋混凝土造,1090416,192.16,4,2,5,有,無,14500000,75458,,0.0,0,,RPPNMLQKPHLGFGD78DA,172.35,0.0,19.81,無,
仁德區,房地(土地+建物),臺南市仁德區德善二街５１巷２２之２號,97.2,住,,,1150415,土地2建物1車位0,全,五層,透天厝,住家用,鋼筋混凝土造,1130301,318.17,4,2,6,有,無,26500000,83289,,0.0,0,,RPUNMLKKPHLGFID88DA,290.33,0.0,27.84,有,
仁德區,房地(土地+建物)+車位,臺南市仁德區保生路１０號六樓之３,12.83,商,,,1150420,土地1建物1車位1,六層,十五層,住宅大樓(11層含以上有電梯),住家用,鋼筋混凝土造,1141117,116.35,2,2,2,有,有,10000000,85948,坡道平面,24.81,0,,RPTNMLQKPHLGFID76DA,55.25,0.0,5.49,有,
永康區,房地(土地+建物),臺南市永康區洲尾街２７５號,81.48,住,,,1150422,土地2建物1車位0,全,二層,透天厝,住商用,鋼筋混凝土造,0691114,106.37,4,2,5,有,無,12000000,112814,,0.0,0,其他增建；,RPOPMLTLNHLGFKD86DA,106.37,0.0,0.0,無,
北區,房地(土地+建物),臺南市北區北園街１２２巷１８號,60.0,住,,,1150322,土地1建物1車位0,全,二層,透天厝,住家用,加強磚造,0630831,82.52,3,2,4,有,無,14000000,169656,,0.0,0,頂樓加蓋；其他增建；,RPWNMLSJPHLGFAD98DA,82.52,0.0,0.0,無,162
安南區,房地(土地+建物),臺南市安南區大安街２２２巷１３號,117.06,住,,,1150331,土地1建物1車位0,全,二層,透天厝,住家用,加強磚造,0700910,99.36,3,2,2,有,無,9700000,97625,,0.0,0,陽台外推；頂樓加蓋；其他增建；,RPRNMLLMLHLGFBD77DA,93.97,0.0,5.39,無,
安南區,房地(土地+建物),臺南市安南區安通一街１９２巷３８弄６號,115.98,住,,,1150331,土地2建物1車位0,全,四層,透天厝,住家用,鋼筋混凝土造,0990420,190.52,5,2,4,有,無,14000000,73483,,0.0,0,陽台外推；其他增建；,RPSNMLLMLHLGFBD87DA,149.21,0.0,41.31,無,
東區,房地(土地+建物)+車位,臺南市東區裕誠街３９號十一樓之２,75.79,住,,,1150323,土地1建物1車位3,十一層,十一層,住宅大樓(11層含以上有電梯),住家用,鋼筋混凝土造,1120822,429.19,3,2,3,有,有,73680000,207240,坡道平面,100.2,5500000,,RPRNMLMLMHLGFCD97DA,194.56,0.0,14.17,有,
新市區,房地(土地+建物)+車位,臺南市新市區龍目井路１５７號五樓之２,25.41,都市：其他:生活服務區(產業服務專用),,,1150328,土地4建物1車位1,五層,十四層,住宅大樓(11層含以上有電梯),住家用,鋼筋混凝土造,1121003,113.33000000000001,2,2,2,有,有,8670000,76502,坡道平面,26.06,0,親友、員工、共有人或其他特殊關係間之交易；,RPVNMLSJOHLGFHD86DA,54.04,0.0,3.8,有,163
歸仁區,房地(土地+建物),臺南市歸仁區忠孝南路１１７巷２０號,148.56,住,,,1150304,土地8建物1車位0,全,四層,透天厝,住家用,鋼筋混凝土造,1140620,275.95,5,2,5,有,無,21500000,77913,,0.0,0,陽台外推；其他增建；包含公共設施保留地用地；,RPQNMLSJPHLGFID56DA,255.42,0.0,20.53,無,
安南區,土地,怡中段151-1地號,902.36,農,,,1150328,土地3建物0車位0,,,其他,,,,0.0,0,0,0,無,無,24400000,27040,,0.0,0,怡中段156、157地號買賣價額合計388000元，怡中段151-1地號買賣價額24012000元。,RPTNMLMJPHLGFBD18DA,0.0,0.0,0.0,無,
鹽水區,土地,南港段414地號,663.67,,鄉村區,乙種建築用地,1150331,土地2建物0車位0,,,其他,,,,0.0,0,0,0,無,無,4260000,6419,,0.0,0,,RPQNMLPKMHLGFDD18DA,0.0,0.0,0.0,無,164
佳里區,房地(土地+建物)+車位,臺南市佳里區六安里林園街２１２之７號六樓,4.24,住,,,1150324,土地6建物1車位1,六層,十二層,住宅大樓(11層含以上有電梯),住家用,鋼筋混凝土造,0850215,29.0,3,2,2,有,有,700000,24138,坡道機械,0.0,0,親友、員工、共有人或其他特殊關係間之交易；,RPVNMLRJPHLGFGD76DA,19.06,0.0,2.25,有,165
新營區,房地(土地+建物)+車位,臺南市新營區金華路一段２３０號十一樓之六,21.76,住,,,1150305,土地1建物1車位1,十一層,十二層,住宅大樓(11層含以上有電梯),住家用,鋼筋混凝土造,1141110,121.59,3,2,2,有,無,10500000,94530,一樓平面,27.44,1600000,親友、員工、共有人或其他特殊關係間之交易；預售屋、或土地及建物分件登記案件；,RPSNMLRJPHLGFDD88EA,54.81,0.0,5.47,有,
新營區,房地(土地+建物)+車位,臺南市新營區金華路一段２３０號十一樓之七,26.65,住,,,1150301,土地1建物1車位1,十一層,十二層,住宅大樓(11層含以上有電梯),住家用,鋼筋混凝土造,1141110,143.98000000000002,3,2,2,有,無,12970000,94131,一樓平面,27.44,2000000,親友、員工、共有人或其他特殊關係間之交易；預售屋、或土地及建物分件登記案件；,RPTNMLRJPHLGFDD98EA,69.54,0.0,5.54,有,
安平區,房地(土地+建物),臺南市安平區安平路３５０號,121.24,住,,,1150307,土地1建物1車位0,全,一層,透天厝,其他,鋼鐵造,0760403,76.45,1,1,1,有,無,18300000,239372,,0.0,0,其他增建；,RPRNMLSLNHLGFAD48DA,76.45,0.0,0.0,無,166
南區,土地,正義段442地號,74.9,住,,,1150327,土地1建物0車位0,,,其他,,,,0.0,0,0,0,無,無,6300000,84112,,0.0,0,,RPSNMLPKMHLGFCD28DA,0.0,0.0,0.0,無,
南區,房地(土地+建物)+車位,臺南市南區萬年七街１７３號十一樓之５,25.27,住,,,1150314,土地1建物1車位1,十一層,十五層,住宅大樓(11層含以上有電梯),住家用,鋼筋混凝土構造,1070619,144.65,3,2,2,有,有,10200000,70515,坡道平面,24.09,0,,RPTNMLSKNHLGFCD78DA,71.49,0.0,8.98,有,167
北區,房地(土地+建物),臺南市北區長勝路３９號,48.76,住,,,1150305,土地2建物1車位0,一層，二層，三層,十四層,住宅大樓(11層含以上有電梯),住商用,鋼筋混凝土造,0920916,175.68,3,2,3,有,有,11500000,65460,,0.0,0,,RPROMLPKPHLGFAD38DA,151.64,0.0,13.39,有,
仁德區,房地(土地+建物)+車位,臺南市仁德區保生路３８號八樓之３,18.22,商,,,1150320,土地1建物1車位1,八層,十五層,住宅大樓(11層含以上有電梯),住家用,鋼筋混凝土造,1141117,155.85,3,2,2,有,有,15300000,105014,坡道平面,24.82,1540000,,RPSNMLOKPHLGFID09DA,77.32,0.0,9.57,有,
仁德區,房地(土地+建物)+車位,臺南市仁德區保生路１０號八樓之５,18.22,商,,,1150303,土地1建物1車位1,八層,十五層,住宅大樓(11層含以上有電梯),住家用,鋼筋混凝土造,1141117,155.43,3,2,2,有,有,14540000,99227,坡道平面,24.82,1580000,,RPQOMLOKPHLGFID98DA,77.04,0.0,9.59,有,
新營區,房地(土地+建物)+車位,臺南市新營區金華路一段２３０號十樓之七,26.65,住,,,1150215,土地1建物1車位1,十層,十二層,住宅大樓(11層含以上有電梯),住家用,鋼筋混凝土造,1141110,158.51999999999998,3,2,2,有,無,13260000,92329,一樓平面,41.98,2500000,親友、員工、共有人或其他特殊關係間之交易；預售屋、或土地及建物分件登記案件；,RPRNMLRJPHLGFDD78EA,69.54,0.0,5.54,有,
北區,房地(土地+建物),臺南市北區大興街３７６巷２７號,77.12,住,,,1150101,土地2建物1車位0,全,四層,透天厝,住家用,鋼筋混凝土造,1141217,208.25,5,2,5,有,無,27000000,129652,,0.0,0,,RPRNMLOJNHLGFAD87DA,194.28,0.0,13.97,無,
新營區,房地(土地+建物),臺南市新營區中正路３７巷５之１號,52.76,住,,,1150106,土地2建物1車位0,一層，二層,四層,公寓(5樓含以下無電梯),住家用,鋼筋混凝土造,0720617,125.85,3,2,2,有,無,4600000,36554,,0.0,0,,RPSNMLOKPHLGFDD58DA,93.6,0.0,9.64,無,
善化區,房地(土地+建物)+車位,臺南市善化區小新營５之１５號二樓之８,38.95,住,,,1150101,土地2建物1車位1,二層,七層,華廈(10層含以下有電梯),住家用,鋼筋混凝土造,1150327,121.23,3,2,2,有,有,9485554,80951,其他,16.16,980000,115年6月25日有簽訂增補契約，因成屋面積有調整，交易金額有找補情形，買方找補金額為105554元預售屋、或土地及建物分件登記案件；,RPOPMLTJPHLGFHD56DA,73.63,0.0,5.76,有,
永康區,房地(土地+建物)+車位,臺南市永康區復華一街１７８號五樓之２,30.73,住,,,1150116,土地1建物1車位1,五層,十四層,住宅大樓(11層含以上有電梯),住家用,鋼筋混凝土構造,1090909,158.29000000000002,3,2,2,有,有,14300000,90341,坡道平面,28.2,0,,RPSNMLRLJHLGFKD09DA,78.91,0.0,8.99,有,168
東區,房地(土地+建物),臺南市東區林森路一段１３２號四樓之１１,8.41,住,,,1141205,土地2建物1車位0,四層,十六層,住宅大樓(11層含以上有電梯),辦公用,鋼筋混凝土造,0820609,106.66,3,2,2,有,有,6290000,58972,,0.0,0,親友、員工、共有人或其他特殊關係間之交易；,RPSNMLQJPHLGFCD58DA,67.06,0.0,13.45,有,
麻豆區,土地,大山段48地號,31.56,住,,,1141204,土地1建物0車位0,,,其他,,,,0.0,0,0,0,無,無,298228,9450,,0.0,0,地清或未辦繼承標售；,RPPNMLPKPHLGFFD58DA,0.0,0.0,0.0,無,
安南區,房地(土地+建物)+車位,臺南市安南區智安三街１２６號四樓之１,33.94,住,,,1141026,土地1建物1車位1,四層,五層,華廈(10層含以下有電梯),住家用,鋼筋混凝土造,1150508,112.29,3,2,2,有,有,11580000,98731,一樓平面,12.22,1700000,預售屋、或土地及建物分件登記案件；,RPTNMLPKPHLGFBD58DA,71.78,0.0,5.65,有,
東區,土地,竹篙厝段2378-4地號,1116.0,住,,,1141028,土地3建物0車位0,,,其他,,,,0.0,0,0,0,無,無,135040000,121004,,0.0,0,親友、員工、共有人或其他特殊關係間之交易；,RPXNMLPKPHLGFCD09DA,0.0,0.0,0.0,無,
仁德區,房地(土地+建物)+車位,臺南市仁德區賢路一段５５１號九樓之２,34.24,住,,,1141028,土地1建物1車位1,九層,十四層,住宅大樓(11層含以上有電梯),住家用,鋼筋混凝土造,1150123,155.93,3,2,2,有,有,14700000,103093,坡道平面,27.89,1500000,1.原合約車位編號B1-28，115/6/10增補契約變更車位為B1-09，車位價格不變，維持150萬預售屋、或土地及建物分件登記案件；,RPOOMLRJPHLGFID98DA,76.96,0.0,8.84,有,
善化區,房地(土地+建物),臺南市善化區小新營５之１５號二樓之７,29.79,住,,,1140920,土地2建物1車位0,二層,七層,華廈(10層含以下有電梯),住家用,鋼筋混凝土造,1150327,79.68,2,2,2,有,有,7052498,88510,,0.0,0,115年7月1日有簽訂增補契約，因成屋面積有調整，交易金額有找補情形，買方找補金額為72498元預售屋、或土地及建物分件登記案件；,RPXOMLTJPHLGFHD37DA,55.58,0.0,4.6,有,
安南區,建物,臺南市安南區安中路五段１８８號,0.0,,,,1140925,土地0建物11車位0,全,六層,透天厝,辦公用,鋼筋混凝土造,0901129,74927.16,888,0,0,有,有,30000000,400,,0.0,0,建物坐落地號：農場段157地號；親友、員工、共有人或其他特殊關係間之交易；地上權房屋；,RPXOMLQJPHLGFBD09DA,73849.41,174.22,903.53,有,
安南區,房地(土地+建物)+車位,臺南市安南區智安三街１２６號三樓之３,26.33,住,,,1140708,土地1建物1車位1,三層,五層,華廈(10層含以下有電梯),住家用,鋼筋混凝土造,1150508,87.63,2,2,2,有,有,9330000,99819,一樓平面,10.19,1600000,預售屋、或土地及建物分件登記案件；,RPSNMLPKPHLGFBD48DA,53.12,0.0,6.8,有,
仁德區,房地(土地+建物)+車位,臺南市仁德區賢路一段５５５號,54.39,住,,,1140723,土地1建物1車位1,一層,十四層,住宅大樓(11層含以上有電梯),其他,鋼筋混凝土造,1150123,191.20999999999998,0,0,1,有,有,22240000,126990,坡道平面,27.89,1500000,預售屋、或土地及建物分件登記案件；,RPVNMLRJPHLGFID96DA,136.35,0.0,0.0,有,
仁德區,房地(土地+建物)+車位,臺南市仁德區賢路一段５５１號十三樓之１,100.47,住,,,1140724,土地1建物1車位3,十三層,十四層,住宅大樓(11層含以上有電梯),住家用,鋼筋混凝土造,1150123,467.77,6,2,4,有,有,47940000,113392,坡道平面,91.73,5300000,原契約總價4744萬，車位3位總價480萬，車位編號B1-09、B1-10、B1-11。115/6/10增補契約變更車位，總價變更為4794萬，車位3位總價變更為530萬，車位編號B1-01、B1-02、B1-03。預售屋、或土地及建物分件登記案件；,RPPOMLRJPHLGFID09DA,226.29,0.0,25.57,有,
下營區,土地,營中段397-12地號,91.96,住,,,1140504,土地1建物0車位0,,,其他,,,,0.0,0,0,0,無,無,1980000,21531,,0.0,0,同段397397-10398401地號無償贈與,RPWNMLOKPHLGFFD56DA,0.0,0.0,0.0,無,
永康區,房地(土地+建物)+車位,臺南市永康區永善路３６號三樓之１,24.68,住,,,1140405,土地1建物1車位1,三層,十四層,住宅大樓(11層含以上有電梯),住家用,鋼筋混凝土造,1150416,162.98,3,2,2,有,有,14400000,103346,坡道平面,38.64,1550000,預售屋、或土地及建物分件登記案件；,RPXNMLQJPHLGFKD27DA,71.69,0.0,9.38,有,
善化區,房地(土地+建物),臺南市善化區溪尾７３之１５號,78.98,,鄉村區,乙種建築用地,1140409,土地2建物1車位0,全,四層,透天厝,住家用,鋼筋混凝土造,1141030,167.37,4,2,4,有,無,17500000,104559,,0.0,0,預售屋、或土地及建物分件登記案件；,RPPNMLNKPHLGFHD58DA,161.51,0.0,5.86,無,
安南區,房地(土地+建物)+車位,臺南市安南區智安三街１２６號二樓之５,27.22,住,,,1140426,土地1建物1車位1,二層,五層,華廈(10層含以下有電梯),住家用,鋼筋混凝土造,1150508,90.18,2,2,2,有,有,9300000,97512,一樓平面,10.19,1500000,預售屋、或土地及建物分件登記案件；,RPQNMLPKPHLGFBD28DA,54.81,0.0,7.08,有,
安南區,房地(土地+建物)+車位,臺南市安南區智安三街１２６號三樓之１,34.65,住,,,1140412,土地1建物1車位1,三層,五層,華廈(10層含以下有電梯),住家用,鋼筋混凝土造,1150508,112.1,3,2,2,有,有,11610000,98224,一樓平面,10.19,1600000,預售屋、或土地及建物分件登記案件；,RPRNMLPKPHLGFBD38DA,71.78,0.0,7.08,有,
安南區,房地(土地+建物)+車位,臺南市安南區智安三街１２６號五樓之２,31.29,住,,,1140322,土地1建物1車位1,五層,五層,華廈(10層含以下有電梯),住家用,鋼筋混凝土造,1150508,102.64000000000001,3,2,2,有,有,11280000,104705,一樓平面,10.19,1600000,預售屋、或土地及建物分件登記案件；,RPWNMLPKPHLGFBD88DA,66.19,0.0,5.35,有,
安南區,房地(土地+建物)+車位,臺南市安南區智安三街１２６號五樓之３,26.33,住,,,1140322,土地1建物1車位1,五層,五層,華廈(10層含以下有電梯),住家用,鋼筋混凝土造,1150508,87.63,2,2,2,有,有,9770000,105501,一樓平面,10.19,1600000,預售屋、或土地及建物分件登記案件；,RPPNMLPKPHLGFBD28EA,53.12,0.0,6.8,有,
中西區,房地(土地+建物),臺南市中西區臨安路一段２６７巷９號,40.08,住,,,1140307,土地2建物1車位0,全,一層,透天厝,住家用,磚造,0530000,32.66,2,1,1,有,無,3000000,91855,,0.0,0,其他增建；,RPWNMLTJPHLGFAD09DA,32.66,0.0,0.0,無,
善化區,房地(土地+建物)+車位,臺南市善化區小新營５之１５號三樓之３,38.95,住,,,1140104,土地2建物1車位1,三層,七層,華廈(10層含以下有電梯),住家用,鋼筋混凝土造,1150327,120.59,3,2,2,有,有,10483948,90050,其他,16.16,1080000,115年7月7日有簽訂增補契約，因成屋面積有調整，交易金額有找補情形，買方找補金額為  103948 元。預售屋、或土地及建物分件登記案件；,RPROMLTJPHLGFHD76DA,73.18,0.0,5.57,有,
善化區,房地(土地+建物)+車位,臺南市善化區小新營５之１５號二樓之３,38.95,住,,,1140110,土地2建物1車位1,二層,七層,華廈(10層含以下有電梯),住家用,鋼筋混凝土造,1150327,120.59,3,2,2,有,有,9968247,85112,其他,16.16,1080000,115年7月1日有簽訂增補契約，因成屋面積有調整，交易金額有找補情形，買方找補金額為98247元預售屋、或土地及建物分件登記案件；,RPVOMLTJPHLGFHD17DA,73.18,0.0,5.57,有,
安南區,房地(土地+建物)+車位,臺南市安南區智安三街１２６號五樓之１,34.65,住,,,1140111,土地1建物1車位1,五層,五層,華廈(10層含以下有電梯),住家用,鋼筋混凝土造,1150508,112.1,3,2,2,有,有,12300000,104995,一樓平面,10.19,1600000,預售屋、或土地及建物分件登記案件；,RPVNMLPKPHLGFBD78DA,71.78,0.0,7.08,有,
北區,房地(土地+建物),臺南市北區大興街３７６巷３５號,77.19,住,,,1131228,土地2建物1車位0,全,四層,透天厝,住家用,鋼筋混凝土造,1141217,210.27,4,2,5,有,無,27000000,128406,,0.0,0,預售屋、或土地及建物分件登記案件；,RPUOMLKMMHLGFAD08DA,196.3,0.0,13.97,無,
永康區,房地(土地+建物)+車位,臺南市永康區永善路１３２號八樓之７,18.71,住,,,1131210,土地1建物1車位1,八層,十五層,住宅大樓(11層含以上有電梯),住家用,鋼筋混凝土造,1150331,123.83000000000001,2,2,2,有,有,13880000,124579,坡道平面,25.9,1680000,預售屋、或土地及建物分件登記案件；,RPTSMLSKNHLGFKD47DA,61.67,0.0,3.34,有,
安定區,房地(土地+建物),臺南市安定區六塊寮７７之３號四樓之２,28.9,,鄉村區,乙種建築用地,1131106,土地3建物1車位0,四層,六層,華廈(10層含以下有電梯),住家用,鋼筋混凝土造,1150326,83.09,2,2,2,有,有,6900000,83042,,0.0,0,預售屋、或土地及建物分件登記案件；,RPWNMLNKPHLGFHD66DA,53.77,0.0,6.48,有,
永康區,房地(土地+建物)+車位,臺南市永康區永善路１３０號八樓之７,24.17,住,,,1131006,土地1建物1車位1,八層,十五層,住宅大樓(11層含以上有電梯),住家用,鋼筋混凝土造,1150331,154.42000000000002,3,2,2,有,有,17500000,123094,坡道平面,25.9,1680000,預售屋、或土地及建物分件登記案件；,RPVUMLTKNHLGFKD97DA,75.8,0.0,8.24,有,
善化區,房地(土地+建物)+車位,臺南市善化區小新營５之１５號三樓之９,37.0,住,,,1131018,土地2建物1車位1,三層,七層,華廈(10層含以下有電梯),住家用,鋼筋混凝土造,1150327,116.49,3,2,2,有,有,9871399,87625,其他,16.16,1080000,115年7月2日有簽訂增補契約，因成屋面積有調整，交易金額有找補情形，買方找補金額為111399元。預售屋、或土地及建物分件登記案件；,RPVNMLQJPHLGFHD76DA,71.39,0.0,4.02,有,
安定區,房地(土地+建物)+車位,臺南市安定區六塊寮７７之３號五樓之２,28.9,,鄉村區,乙種建築用地,1131027,土地3建物1車位1,五層,六層,華廈(10層含以下有電梯),住家用,鋼筋混凝土造,1150326,96.63,2,2,2,有,有,7700000,83644,其他,13.54,750000,預售屋、或土地及建物分件登記案件；,RPOOMLNKPHLGFHD58DA,53.77,0.0,6.48,有,
永康區,房地(土地+建物)+車位,臺南市永康區永善路１３０號十三樓之１,30.19,住,,,1131026,土地1建物1車位1,十三層,十五層,住宅大樓(11層含以上有電梯),住家用,鋼筋混凝土造,1150331,186.22,4,2,2,有,有,21880000,126622,坡道平面,25.9,1580000,含傢俱設備費26230元；預售屋、或土地及建物分件登記案件；,RPQNMLNLOHLGFKD98DA,95.83,0.0,9.01,有,
永康區,房地(土地+建物)+車位,臺南市永康區永善路１３０號十三樓之５,24.37,住,,,1130928,土地1建物1車位1,十三層,十五層,住宅大樓(11層含以上有電梯),住家用,鋼筋混凝土造,1150331,155.47,3,2,2,有,有,17760000,124875,坡道平面,25.9,1580000,預售屋、或土地及建物分件登記案件；,RPTSMLTKNHLGFKD57DA,76.52,0.0,8.2,有,
永康區,房地(土地+建物)+車位,臺南市永康區永善路１３２號十三樓之６,25.59,住,,,1130914,土地1建物1車位1,十三層,十五層,住宅大樓(11層含以上有電梯),住家用,鋼筋混凝土造,1150331,159.81,3,2,2,有,有,18180000,123964,坡道平面,25.9,1580000,預售屋、或土地及建物分件登記案件；,RPQNMLRKOHLGFKD66DA,79.97,0.0,8.94,有,
善化區,房地(土地+建物),臺南市善化區小新營５之１５號二樓之５,29.79,住,,,1130911,土地2建物1車位0,二層,七層,華廈(10層含以下有電梯),住家用,鋼筋混凝土造,1150327,79.68,2,2,2,有,有,6769584,84960,,0.0,0,115年7月7日有簽訂增補契約，因成屋面積有調整，交易金額有找補情形，買方找補金額為69584元預售屋、或土地及建物分件登記案件；,RPSPMLTJPHLGFHD96DA,55.58,0.0,4.6,有,
永康區,房地(土地+建物)+車位,臺南市永康區永善路１３２號十三樓之５,24.62,住,,,1130927,土地1建物1車位1,十三層,十五層,住宅大樓(11層含以上有電梯),住家用,鋼筋混凝土造,1150331,154.67000000000002,3,2,2,有,有,17280000,126427,坡道平面,25.9,1000000,預售屋、或土地及建物分件登記案件；,RPVQMLSKNHLGFKD47DA,76.56,0.0,8.94,有,
永康區,房地(土地+建物)+車位,臺南市永康區永善路１３２號三樓之６,25.59,住,,,1130802,土地1建物1車位1,三層,十五層,住宅大樓(11層含以上有電梯),住家用,鋼筋混凝土造,1150331,159.78,3,2,2,有,有,16860000,114879,坡道平面,25.9,1480000,預售屋、或土地及建物分件登記案件；,RPORMLSKNHLGFKD86DA,79.97,0.0,8.93,有,
永康區,房地(土地+建物)+車位,臺南市永康區永善路１３０號十三樓之３,24.22,住,,,1130827,土地1建物1車位1,十三層,十五層,住宅大樓(11層含以上有電梯),住家用,鋼筋混凝土造,1150331,154.64,3,2,2,有,有,18180000,129719,坡道平面,25.9,1480000,預售屋、或土地及建物分件登記案件；,RPPRMLTKNHLGFKD07DA,75.97,0.0,8.25,有,
永康區,房地(土地+建物)+車位,臺南市永康區永善路１３２號十三樓之８,25.08,住,,,1130824,土地1建物1車位1,十三層,十五層,住宅大樓(11層含以上有電梯),住家用,鋼筋混凝土造,1150331,157.11,3,2,2,有,有,17200000,119808,坡道平面,25.9,1480000,預售屋、或土地及建物分件登記案件；,RPSUMLSKNHLGFKD57DA,78.77,0.0,8.38,有,
永康區,房地(土地+建物),臺南市永康區永善一街１０１號,17.19,住,,,1130803,土地1建物1車位0,一層,十五層,住宅大樓(11層含以上有電梯),商業用,鋼筋混凝土造,1150331,91.42,0,0,1,有,有,13280000,145264,,0.0,0,預售屋、或土地及建物分件登記案件；,RPRWMLTKNHLGFKD77DA,54.27,0.0,5.51,有,
永康區,房地(土地+建物)+車位,臺南市永康區永善路１３２號二樓之３,25.33,住,,,1130705,土地1建物1車位1,二層,十五層,住宅大樓(11層含以上有電梯),住家用,鋼筋混凝土造,1150331,158.49,3,2,2,有,有,18300000,127611,坡道平面,25.9,1380000,含傢俱設備費73830元；預售屋、或土地及建物分件登記案件；,RPSOMLRLNHLGFKD96DA,78.38,0.0,9.64,有,
永康區,房地(土地+建物)+車位,臺南市永康區永善路１３０號十二樓之５,24.37,住,,,1130731,土地1建物1車位1,十二層,十五層,住宅大樓(11層含以上有電梯),住家用,鋼筋混凝土造,1150331,155.47,3,2,2,有,有,17180000,121324,坡道平面,25.9,1460000,讓渡日期:115.2.6；讓渡金額:1718萬元整預售屋、或土地及建物分件登記案件；,RPSOMLRKOHLGFKD96DA,76.52,0.0,8.2,有,
永康區,房地(土地+建物)+車位,臺南市永康區永善路１３２號八樓之９,21.39,住,,,1130713,土地1建物1車位1,八層,十五層,住宅大樓(11層含以上有電梯),住家用,鋼筋混凝土造,1150331,137.7,3,2,2,有,有,14580000,118068,坡道平面,25.9,1380000,預售屋、或土地及建物分件登記案件；,RPRVMLSKNHLGFKD57DA,70.56,0.0,3.68,有,
善化區,房地(土地+建物)+車位,臺南市善化區小新營５之１５號六樓之２,36.94,住,,,1130730,土地2建物1車位1,六層,七層,華廈(10層含以下有電梯),住家用,鋼筋混凝土造,1150327,115.99,3,2,2,有,有,10175860,91113,其他,16.16,1080000,115年7月3日有簽訂增補契約，因成屋面積有調整，交易金額有找補情形，買方找補金額為105860元。預售屋、或土地及建物分件登記案件；,RPXNMLQJPHLGFHD96DA,71.14,0.0,3.77,有,
歸仁區,房地(土地+建物)+車位,臺南市歸仁區智慧三街３號一樓之２,31.26,住,,,1130722,土地1建物1車位1,一層,十三層,住宅大樓(11層含以上有電梯),住家用,鋼筋混凝土造,1140918,144.26999999999998,3,2,2,有,有,13830000,103541,坡道平面,25.67,1550000,預售屋、或土地及建物分件登記案件；,RPQOMLPKPHLGFID09DA,78.22,0.0,0.63,有,
仁德區,房地(土地+建物)+車位,臺南市仁德區太子三街７３號三樓之５,26.67,住,,,1130624,土地1建物1車位1,三層,五層,華廈(10層含以下有電梯),住家用,鋼筋混凝土造,1150223,87.42,2,2,2,有,有,8850000,100919,其他,10.13,1050000,預售屋、或土地及建物分件登記案件；,RPROMLTKNHLGFID76DA,51.64,0.0,4.87,有,
永康區,房地(土地+建物)+車位,臺南市永康區永善一街１０５號,17.65,住,,,1130624,土地1建物1車位1,一層,十五層,住宅大樓(11層含以上有電梯),商業用,鋼筋混凝土造,1150331,119.75,0,0,1,有,有,15280000,148109,坡道平面,25.9,1380000,預售屋、或土地及建物分件登記案件；,RPTWMLTKNHLGFKD97DA,55.09,0.0,6.29,有,
善化區,房地(土地+建物),臺南市善化區小新營５之１５號五樓之７,29.79,住,,,1130608,土地2建物1車位0,五層,七層,華廈(10層含以下有電梯),住家用,鋼筋混凝土造,1150327,79.68,2,2,2,有,有,7062600,88637,,0.0,0,於115年6月30日有簽訂增補契約因成屋面積有調整，交易金額有找補情形，買方找補金額為72600元。預售屋、或土地及建物分件登記案件；,RPQOMLMJPHLGFHD58DA,55.58,0.0,4.6,有,
歸仁區,房地(土地+建物),臺南市歸仁區中正南路一段１３１巷１６號五樓之１,38.35,住,,,1130626,土地3建物1車位0,五層,五層,華廈(10層含以下有電梯),住家用,鋼筋混凝土造,1150129,109.42999999999999,3,2,2,有,有,10700000,97779,,0.0,0,預售屋、或土地及建物分件登記案件；,RPSOMLLJOHLGFID68DA,75.9,0.0,7.62,有,
永康區,房地(土地+建物)+車位,臺南市永康區永善路１３２號三樓之８,25.08,住,,,1130602,土地1建物1車位1,三層,十五層,住宅大樓(11層含以上有電梯),住家用,鋼筋混凝土造,1150331,157.11,3,2,2,有,有,16080000,109900,坡道平面,25.9,1660000,預售屋、或土地及建物分件登記案件；,RPRTMLSKNHLGFKD37DA,78.77,0.0,8.38,有,
永康區,房地(土地+建物)+車位,臺南市永康區永善路１３０號二樓之２,30.29,住,,,1130614,土地1建物1車位1,二層,十五層,住宅大樓(11層含以上有電梯),住家用,鋼筋混凝土造,1150331,186.89,4,2,2,有,有,20550000,117833,坡道平面,25.9,1580000,預售屋、或土地及建物分件登記案件；,RPVOMLTKNHLGFKD37DA,96.27,0.0,9.01,有,
永康區,房地(土地+建物)+車位,臺南市永康區永善路１３０號十二樓之２,30.19,住,,,1130614,土地1建物1車位1,十二層,十五層,住宅大樓(11層含以上有電梯),住家用,鋼筋混凝土造,1150331,186.22,4,2,2,有,有,21130000,122567,坡道平面,25.9,1480000,預售屋、或土地及建物分件登記案件；,RPVPMLTKNHLGFKD47DA,95.83,0.0,9.01,有,
永康區,房地(土地+建物),臺南市永康區永善一街１０３號,18.81,住,,,1130621,土地1建物1車位0,一層,十五層,住宅大樓(11層含以上有電梯),商業用,鋼筋混凝土造,1150331,99.84,0,0,1,有,有,13500000,135216,,0.0,0,讓渡日期:114.9.12；讓渡金額:1350萬元整預售屋、或土地及建物分件登記案件；,RPSWMLTKNHLGFKD87DA,59.42,0.0,5.91,有,
善化區,房地(土地+建物)+車位,臺南市善化區小新營５之１５號五樓之２,36.94,住,,,1130626,土地2建物1車位1,五層,七層,華廈(10層含以下有電梯),住家用,鋼筋混凝土造,1150327,126.75,3,2,2,有,有,10875631,90911,一樓平面,26.92,1800000,115年7月7日有簽訂增補契約，因成屋面積有調整，交易金額有找補情形，買方找補金額為105631元。預售屋、或土地及建物分件登記案件；,RPVNMLRJPHLGFHD86DA,71.14,0.0,3.77,有,
安定區,房地(土地+建物)+車位,臺南市安定區六塊寮７７之３號五樓之５,26.78,,鄉村區,乙種建築用地,1130612,土地3建物1車位1,五層,六層,華廈(10層含以下有電梯),住家用,鋼筋混凝土造,1150326,89.61,2,2,2,有,有,7130000,84527,其他,13.54,700000,預售屋、或土地及建物分件登記案件；,RPXNMLNKPHLGFHD76DA,49.59,0.0,5.54,有,
歸仁區,房地(土地+建物)+車位,臺南市歸仁區中正南路一段１３１巷１２號五樓之３,38.81,住,,,1130612,土地3建物1車位1,五層,五層,華廈(10層含以下有電梯),住家用,鋼筋混凝土造,1150129,118.56,3,2,2,有,有,11370000,96792,其他,8.84,750000,115年6月1日增購汽車停車位1位車位價格75萬元。親友、員工、共有人或其他特殊關係間之交易；預售屋、或土地及建物分件登記案件；,RPTNMLKKPHLGFID78DA,72.32,0.0,11.36,有,
中西區,房地(土地+建物),臺南市中西區友愛東街５１號二樓之１,12.59,商,,,1130506,土地1建物1車位0,二層,五層,華廈(10層含以下有電梯),住家用,鋼筋混凝土造,1150421,58.96,2,2,1,有,有,9500000,161126,,0.0,0,1、土地售價：5225000元      建物售價：4275000元2、代書費、印花稅、規費由買方負擔。預售屋、或土地及建物分件登記案件；,RPUQMLQJPHLGFAD88DA,37.25,0.0,6.04,有,
永康區,房地(土地+建物)+車位,臺南市永康區永善路３６號五樓之５,24.61,住,,,1130510,土地1建物1車位1,五層,十四層,住宅大樓(11層含以上有電梯),住家用,鋼筋混凝土造,1150416,163.63,3,2,2,有,有,14700000,107371,坡道平面,39.76,1400000,114年5月13日有轉讓，轉讓金額不變，轉讓關係為姊妹。預售屋、或土地及建物分件登記案件；,RPPPMLNJOHLGFKD88DA,71.88,0.0,8.9,有,
安南區,房地(土地+建物)+車位,臺南市安南區新宅一街３００號三樓之５,26.76,住,,,1130521,土地1建物1車位1,三層,十四層,住宅大樓(11層含以上有電梯),住家用,鋼筋混凝土造,1150424,155.69,3,2,2,有,有,12600000,89015,坡道平面,32.34,1620000,預售屋、或土地及建物分件登記案件；,RPXOMLLKOHLGFBD58DA,71.79,0.0,9.02,有,
善化區,房地(土地+建物)+車位,臺南市善化區小新營５之１５號三樓之１,31.03,住,,,1130518,土地2建物1車位1,三層,七層,華廈(10層含以下有電梯),住家用,鋼筋混凝土造,1150327,98.15,2,2,2,有,有,7995628,85567,其他,16.16,980000,115年7月6日有簽訂增補契約，因成屋面積有調整，交易金額有找補情形，買方找補金額為55628元預售屋、或土地及建物分件登記案件；,RPTOMLTJPHLGFHD96DA,55.5,0.0,7.08,有,
善化區,房地(土地+建物),臺南市善化區小新營５之１５號六樓之１,31.03,住,,,1130504,土地2建物1車位0,六層,七層,華廈(10層含以下有電梯),住家用,鋼筋混凝土造,1150327,81.99,2,2,2,有,有,7086185,86427,,0.0,0,115年7月2日有簽訂增補契約，因成屋面積有調整，交易金額有找補情形，買方找補金額為56185元。預售屋、或土地及建物分件登記案件；,RPWNMLQJPHLGFHD86DA,55.5,0.0,7.08,有,
歸仁區,房地(土地+建物)+車位,臺南市歸仁區中正南路一段１３１巷１２號二樓之３,38.81,住,,,1130512,土地3建物1車位1,二層,五層,華廈(10層含以下有電梯),住家用,鋼筋混凝土造,1150129,127.39000000000001,3,2,2,有,有,11300000,85217,一樓平面,17.67,1950000,預售屋、或土地及建物分件登記案件；,RPRPMLLJOHLGFID68DA,72.32,0.0,11.36,有,
永康區,房地(土地+建物),臺南市永康區永善一街１１１號,18.81,住,,,1130522,土地1建物1車位0,一層,十五層,住宅大樓(11層含以上有電梯),商業用,鋼筋混凝土造,1150331,99.80000000000001,0,0,1,有,有,14960000,149900,,0.0,0,預售屋、或土地及建物分件登記案件；,RPWWMLTKNHLGFKD28DA,59.97,0.0,5.32,有,
永康區,房地(土地+建物)+車位,臺南市永康區永善路１３２號二樓之５,24.62,住,,,1130529,土地1建物1車位1,二層,十五層,住宅大樓(11層含以上有電梯),住家用,鋼筋混凝土造,1150331,154.66,3,2,2,有,有,17500000,125194,坡道平面,25.9,1380000,含傢俱設備費47600元；預售屋、或土地及建物分件登記案件；,RPUOMLRLNHLGFKD17DA,76.56,0.0,8.93,有,
安定區,房地(土地+建物)+車位,臺南市安定區六塊寮７７之３號六樓之３,32.75,,鄉村區,乙種建築用地,1130518,土地3建物1車位1,六層,六層,華廈(10層含以下有電梯),住家用,鋼筋混凝土造,1150326,110.07,3,2,2,有,有,9390000,83822,一樓平面,14.51,1380000,預售屋、或土地及建物分件登記案件；,RPROMLNKPHLGFHD88DA,63.2,0.0,6.05,有,
中西區,房地(土地+建物),臺南市中西區友愛東街５１號五樓之２,14.56,商,,,1130408,土地1建物1車位0,五層,五層,華廈(10層含以下有電梯),住家用,鋼筋混凝土造,1150421,68.17,2,2,1,有,有,11580000,169869,,0.0,0,1、土地售價：6369000元      建物售價：5211000元2、代書費、印花稅、規費由買方負擔。預售屋、或土地及建物分件登記案件；,RPVRMLQJPHLGFAD09DA,42.26,0.0,7.79,有,
永康區,房地(土地+建物)+車位,臺南市永康區永善路１３０號十四樓之５,24.37,住,,,1130421,土地1建物1車位1,十四層,十五層,住宅大樓(11層含以上有電梯),住家用,鋼筋混凝土造,1150331,155.47,3,2,2,有,有,16960000,118855,坡道平面,25.9,1560000,預售屋、或土地及建物分件登記案件；,RPUSMLTKNHLGFKD67DA,76.52,0.0,8.2,有,
永康區,房地(土地+建物)+車位,臺南市永康區永善路１３０號二樓之１,30.29,住,,,1130420,土地1建物1車位1,二層,十五層,住宅大樓(11層含以上有電梯),住家用,鋼筋混凝土造,1150331,186.89,4,2,2,有,有,19960000,115411,坡道平面,25.9,1380000,含傢俱設備費73830元；預售屋、或土地及建物分件登記案件；,RPTOMLPKOHLGFKD86DA,96.27,0.0,9.01,有,
永康區,房地(土地+建物)+車位,臺南市永康區永善路３６號九樓之１,24.68,住,,,1130416,土地1建物1車位1,九層,十四層,住宅大樓(11層含以上有電梯),住家用,鋼筋混凝土造,1150416,164.1,3,2,2,有,有,14880000,107608,坡道平面,39.76,1500000,預售屋、或土地及建物分件登記案件；,RPXOMLNJOHLGFKD96DA,71.69,0.0,9.38,有,
新營區,房地(土地+建物)+車位,臺南市新營區新進路５０號四樓之七,33.6,住,,,1130416,土地2建物1車位1,四層,八層,華廈(10層含以下有電梯),住家用,鋼筋混凝土造,1150122,125.16999999999999,3,2,2,有,有,9250000,73836,坡道機械,10.05,750000,預售屋、或土地及建物分件登記案件；,RPQNMLTJPHLGFDD78DA,72.36,0.0,6.05,有,
東區,房地(土地+建物)+車位,臺南市東區崇善二街３６號八樓,28.76,住,,,1130403,土地1建物1車位1,八層,十二層,住宅大樓(11層含以上有電梯),住家用,鋼筋混凝土造,1141231,162.78,3,2,2,有,有,17180795,117823,坡道平面,34.36,2050000,由指定名義人辦理登記。115年07月15日有簽訂增補契約，因成屋面積有調整，交易金額有找補情形，買方找補金額為130795元。預售屋、或土地及建物分件登記案件；,RPXNMLOKPHLGFCD98DA,78.02,0.0,8.18,有,
永康區,房地(土地+建物)+車位,臺南市永康區永善路１３０號十四樓之６,24.07,住,,,1130428,土地1建物1車位1,十四層,十五層,住宅大樓(11層含以上有電梯),住家用,鋼筋混凝土造,1150331,153.79000000000002,3,2,2,有,有,16680000,119009,坡道平面,25.9,1460000,預售屋、或土地及建物分件登記案件；,RPXTMLTKNHLGFKD08DA,75.41,0.0,8.21,有,
永康區,房地(土地+建物)+車位,臺南市永康區永善路１３２號二樓之１,25.69,住,,,1130427,土地1建物1車位1,二層,十五層,住宅大樓(11層含以上有電梯),住家用,鋼筋混凝土造,1150331,160.31,3,2,2,有,有,17130000,116435,坡道平面,25.9,1480000,含傢俱設備費26230元；預售屋、或土地及建物分件登記案件；,RPRNMLTLOHLGFKD07DA,81.1,0.0,8.14,有,
善化區,房地(土地+建物)+車位,臺南市善化區小新營５之１５號六樓之５,29.79,住,,,1130409,土地2建物1車位1,六層,七層,華廈(10層含以下有電梯),住家用,鋼筋混凝土造,1150327,95.84,2,2,2,有,有,7951668,87496,其他,16.16,980000,115年7月3日有簽訂增補契約，因成屋面積有調整，交易金額有找補情形，買方找補金額為71668元。預售屋、或土地及建物分件登記案件；,RPOOMLQJPHLGFHD78DA,55.58,0.0,4.6,有,
永康區,房地(土地+建物)+車位,臺南市永康區永善路１３２號四樓之５,24.62,住,,,1130329,土地1建物1車位1,四層,十五層,住宅大樓(11層含以上有電梯),住家用,鋼筋混凝土造,1150331,154.66,3,2,2,有,有,15800000,111215,坡道平面,25.9,1480000,預售屋、或土地及建物分件登記案件；,RPWPMLSKNHLGFKD47DA,76.56,0.0,8.93,有,
安南區,房地(土地+建物),臺南市安南區安和路一段２２０巷２７弄５號,96.4,住,,,1130310,土地1建物1車位0,全,三層,透天厝,住家用,鋼筋混凝土造,1150109,184.42,5,2,4,有,無,18500000,100314,,0.0,0,預售屋、或土地及建物分件登記案件；,RPSNMLKKPHLGFBD97DA,181.21,0.0,3.21,無,
永康區,房地(土地+建物)+車位,臺南市永康區永善路１３２號十樓之５,24.62,住,,,1130322,土地1建物1車位1,十層,十五層,住宅大樓(11層含以上有電梯),住家用,鋼筋混凝土造,1150331,154.67000000000002,3,2,2,有,有,16580000,117263,坡道平面,25.9,1480000,讓渡日期:115.3.6；讓渡金額:1658萬元整預售屋、或土地及建物分件登記案件；,RPSQMLSKNHLGFKD17DA,76.56,0.0,8.94,有,
永康區,房地(土地+建物)+車位,臺南市永康區永善路１３２號四樓之３,25.33,住,,,1130322,土地1建物1車位1,四層,十五層,住宅大樓(11層含以上有電梯),住家用,鋼筋混凝土造,1150331,158.49,3,2,2,有,有,16580000,115997,坡道平面,25.9,1200000,含傢俱設備費73830元；預售屋、或土地及建物分件登記案件；,RPTOMLRLNHLGFKD07DA,78.38,0.0,9.64,有,
永康區,房地(土地+建物)+車位,臺南市永康區永善路１３０號十五樓之７,24.17,住,,,1130319,土地1建物1車位1,十五層,十五層,住宅大樓(11層含以上有電梯),住家用,鋼筋混凝土造,1150331,154.41,3,2,2,有,有,16800000,117656,坡道平面,25.9,1680000,讓渡日期:115.2.6；讓渡金額:1680萬元整預售屋、或土地及建物分件登記案件；,RPTNMLMJPHLGFKD09DA,75.8,0.0,8.23,有,
善化區,房地(土地+建物)+車位,臺南市善化區小新營５之１５號四樓之７,29.79,住,,,1130309,土地2建物1車位1,四層,七層,華廈(10層含以下有電梯),住家用,鋼筋混凝土造,1150327,95.84,2,2,2,有,有,7779898,85340,其他,16.16,980000,於115年7月1日有簽訂增補契約，因成屋面積有調整，交易金額有找補情形，買方找補金額為69898元。預售屋、或土地及建物分件登記案件；,RPROMLMJPHLGFHD68DA,55.58,0.0,4.6,有,
永康區,房地(土地+建物)+車位,臺南市永康區永善路１３２號三樓之３,25.33,住,,,1130203,土地1建物1車位1,三層,十五層,住宅大樓(11層含以上有電梯),住家用,鋼筋混凝土造,1150331,158.49,3,2,2,有,有,16690000,115469,坡道平面,25.9,1380000,預售屋、或土地及建物分件登記案件；,RPROMLSKNHLGFKD86DA,78.38,0.0,9.64,有,
善化區,房地(土地+建物)+車位,臺南市善化區小新營５之１５號三樓之６,29.79,住,,,1130223,土地2建物1車位1,三層,七層,華廈(10層含以下有電梯),住家用,鋼筋混凝土造,1150327,95.84,2,2,2,有,有,7729381,84706,其他,16.16,980000,115年7月2日有簽訂增補契約，因成屋面積有調整，交易金額有找補情形，買方找補金額為69381元預售屋、或土地及建物分件登記案件；,RPQPMLTJPHLGFHD76DA,55.58,0.0,4.6,有,
永康區,房地(土地+建物)+車位,臺南市永康區永善路１３０號十五樓之５,24.37,住,,,1130226,土地1建物1車位1,十五層,十五層,住宅大樓(11層含以上有電梯),住家用,鋼筋混凝土造,1150331,155.47,3,2,2,有,有,16830000,117697,坡道平面,25.9,1580000,預售屋、或土地及建物分件登記案件；,RPVSMLTKNHLGFKD77DA,76.52,0.0,8.2,有,
永康區,房地(土地+建物)+車位,臺南市永康區永善路１３０號十樓之６,24.07,住,,,1130203,土地1建物1車位1,十層,十五層,住宅大樓(11層含以上有電梯),住家用,鋼筋混凝土造,1150331,153.79000000000002,3,2,2,有,有,16280000,114943,坡道平面,25.9,1580000,預售屋、或土地及建物分件登記案件；,RPTTMLTKNHLGFKD67DA,75.41,0.0,8.21,有,
永康區,房地(土地+建物)+車位,臺南市永康區永善路１３２號五樓之１,25.69,住,,,1130108,土地1建物1車位1,五層,十五層,住宅大樓(11層含以上有電梯),住家用,鋼筋混凝土造,1150331,160.31,3,2,2,有,有,17280000,116063,坡道平面,25.9,1680000,預售屋、或土地及建物分件登記案件；,RPTNMLOKNHLGFKD56DA,81.1,0.0,8.14,有,
永康區,房地(土地+建物)+車位,臺南市永康區永善路１３２號十樓之７,18.61,住,,,1130128,土地1建物1車位1,十層,十五層,住宅大樓(11層含以上有電梯),住家用,鋼筋混凝土造,1150331,123.22,2,2,2,有,有,12980000,118372,坡道平面,25.9,1460000,預售屋、或土地及建物分件登記案件；,RPVSMLSKNHLGFKD67DA,61.27,0.0,3.34,有,
永康區,房地(土地+建物)+車位,臺南市永康區永善路１３０號七樓之２,30.29,住,,,1130114,土地1建物1車位1,七層,十五層,住宅大樓(11層含以上有電梯),住家用,鋼筋混凝土造,1150331,186.89,4,2,2,有,有,20180000,116777,坡道平面,25.9,1380000,預售屋、或土地及建物分件登記案件；,RPQPMLTKNHLGFKD96DA,96.27,0.0,9.01,有,
永康區,房地(土地+建物)+車位,臺南市永康區永善路１３２號二樓之８,25.08,住,,,1130107,土地1建物1車位1,二層,十五層,住宅大樓(11層含以上有電梯),住家用,鋼筋混凝土造,1150331,157.11,3,2,2,有,有,16080000,112034,坡道平面,25.9,1380000,讓渡日期:115.2.4；讓渡金額:1608萬元整含傢俱設備費26230元；預售屋、或土地及建物分件登記案件；,RPWOMLRLNHLGFKD37DA,78.77,0.0,8.38,有,
善化區,房地(土地+建物),臺南市善化區小新營５之１５號三樓之７,29.79,住,,,1130128,土地2建物1車位0,三層,七層,華廈(10層含以下有電梯),住家用,鋼筋混凝土造,1150327,79.68,2,2,2,有,有,6749381,84706,,0.0,0,115年7月2日有簽訂增補契約，因成屋面積有調整，交易金額有找補情形，買方找補金額為69381元預售屋、或土地及建物分件登記案件；,RPPPMLTJPHLGFHD66DA,55.58,0.0,4.6,有,
善化區,房地(土地+建物)+車位,臺南市善化區小新營５之１５號五樓之３,38.95,住,,,1130112,土地2建物1車位1,五層,七層,華廈(10層含以下有電梯),住家用,鋼筋混凝土造,1150327,131.36,3,2,2,有,有,10600595,87137,一樓平面,26.92,1500000,115年7月7日有簽訂增補契約，因成屋面積有調整，交易金額有找補情形，買方找補金額為100595元。預售屋、或土地及建物分件登記案件；,RPQOMLRJPHLGFHD09DA,73.18,0.0,5.57,有,
永康區,房地(土地+建物)+車位,臺南市永康區永善路１３２號十四樓之１,25.53,住,,,1130106,土地1建物1車位1,十四層,十五層,住宅大樓(11層含以上有電梯),住家用,鋼筋混凝土造,1150331,159.55,3,2,2,有,有,17500000,121960,坡道平面,25.9,1200000,預售屋、或土地及建物分件登記案件；,RPROMLOKNHLGFKD09DA,80.65,0.0,8.14,有,
善化區,房地(土地+建物)+車位,臺南市善化區小新營５之１５號六樓之９,37.0,住,,,1130115,土地2建物1車位1,六層,七層,華廈(10層含以下有電梯),住家用,鋼筋混凝土造,1150327,127.25,3,2,2,有,有,10210374,86817,一樓平面,26.92,1500000,115年7月7日有簽訂增補契約，因成屋面積有調整，交易金額有找補情形，買方找補金額為110374元。預售屋、或土地及建物分件登記案件；,RPXNMLRJPHLGFHD07DA,71.39,0.0,4.02,有,
善化區,房地(土地+建物),臺南市善化區小新營５之１５號六樓之７,29.79,住,,,1130105,土地2建物1車位0,六層,七層,華廈(10層含以下有電梯),住家用,鋼筋混凝土造,1150327,79.68,2,2,2,有,有,6941355,87115,,0.0,0,115年7月8日有簽訂增補契約，因成屋面積有調整，交易金額有找補情形，買方找補金額為71355元。預售屋、或土地及建物分件登記案件；,RPWNMLSJPHLGFHD07DA,55.58,0.0,4.6,有,
善化區,房地(土地+建物)+車位,臺南市善化區小新營５之１５號四樓之３,38.95,住,,,1130128,土地2建物1車位1,四層,七層,華廈(10層含以下有電梯),住家用,鋼筋混凝土造,1150327,131.36,3,2,2,有,有,10418583,85394,一樓平面,26.92,1500000,115年7月9日有簽訂增補契約，因成屋面積有調整，交易金額有找補情形，買方找補金額為98583元預售屋、或土地及建物分件登記案件；,RPRPMLTJPHLGFHD86DA,73.18,0.0,5.57,有,
永康區,房地(土地+建物)+車位,臺南市永康區永善路１３２號九樓之１,25.53,住,,,1121215,土地1建物1車位1,九層,十五層,住宅大樓(11層含以上有電梯),住家用,鋼筋混凝土造,1150331,159.55,3,2,2,有,有,17300000,118219,坡道平面,25.9,1500000,預售屋、或土地及建物分件登記案件；,RPWNMLOKNHLGFKD86DA,80.65,0.0,8.14,有,
永康區,房地(土地+建物)+車位,臺南市永康區永善路１３２號十四樓之２,18.35,住,,,1121216,土地1建物1車位1,十四層,十五層,住宅大樓(11層含以上有電梯),住家用,鋼筋混凝土造,1150331,121.78999999999999,2,2,2,有,有,13700000,126395,坡道平面,25.9,1580000,預售屋、或土地及建物分件登記案件；,RPPOMLSKNHLGFKD66DA,60.35,0.0,3.34,有,
永康區,房地(土地+建物)+車位,臺南市永康區永善路１３０號五樓之５,24.52,住,,,1121216,土地1建物1車位1,五層,十五層,住宅大樓(11層含以上有電梯),住家用,鋼筋混凝土造,1150331,156.17000000000002,3,2,2,有,有,15980000,111307,坡道平面,25.9,1480000,預售屋、或土地及建物分件登記案件；,RPVRMLTKNHLGFKD67DA,76.99,0.0,8.2,有,
永康區,房地(土地+建物)+車位,臺南市永康區永善路１３０號十一樓之６,24.07,住,,,1121230,土地1建物1車位1,十一層,十五層,住宅大樓(11層含以上有電梯),住家用,鋼筋混凝土造,1150331,153.79000000000002,3,2,2,有,有,16280000,115099,坡道平面,25.9,1560000,預售屋、或土地及建物分件登記案件；,RPUTMLTKNHLGFKD77DA,75.41,0.0,8.21,有,
永康區,房地(土地+建物)+車位,臺南市永康區永善路１３２號六樓之８,25.08,住,,,1121205,土地1建物1車位1,六層,十五層,住宅大樓(11層含以上有電梯),住家用,鋼筋混凝土造,1150331,157.11,3,2,2,有,有,15800000,108986,坡道平面,25.9,1500000,預售屋、或土地及建物分件登記案件；,RPUTMLSKNHLGFKD67DA,78.77,0.0,8.38,有,
中西區,房地(土地+建物)+車位,臺南市中西區頂美三街３７號三樓之５,28.04,住,,,1121114,土地5建物1車位1,三層,十三層,住宅大樓(11層含以上有電梯),住家用,鋼筋混凝土造,1150324,127.74,2,2,2,有,有,14220000,130539,坡道平面,31.83,1700000,預售屋、或土地及建物分件登記案件；,RPWQMLQJPHLGFAD09DA,59.7,0.0,3.85,有,
永康區,房地(土地+建物)+車位,臺南市永康區永善路１３０號三樓之５,24.52,住,,,1121119,土地1建物1車位1,三層,十五層,住宅大樓(11層含以上有電梯),住家用,鋼筋混凝土造,1150331,156.17000000000002,3,2,2,有,有,15980000,110693,坡道平面,25.9,1560000,含傢俱設備費26230元；預售屋、或土地及建物分件登記案件；,RPXNMLSKOHLGFKD47DA,76.99,0.0,8.2,有,
歸仁區,房地(土地+建物)+車位,臺南市歸仁區中正南路一段１３１巷１２號三樓之１,36.81,住,,,1121130,土地3建物1車位1,三層,五層,華廈(10層含以下有電梯),住家用,鋼筋混凝土造,1150129,123.13,3,2,2,有,有,11180000,90366,一樓平面,17.67,1650000,預售屋、或土地及建物分件登記案件；,RPPNMLPJOHLGFID68DA,71.35,0.0,9.06,有,
永康區,房地(土地+建物)+車位,臺南市永康區永善路１３２號十四樓之９,21.24,住,,,1121118,土地1建物1車位1,十四層,十五層,住宅大樓(11層含以上有電梯),住家用,鋼筋混凝土造,1150331,137.08,3,2,2,有,有,14250000,114679,坡道平面,25.9,1500000,預售屋、或土地及建物分件登記案件；,RPXVMLSKNHLGFKD18DA,70.16,0.0,3.68,有,
永康區,房地(土地+建物)+車位,臺南市永康區永安路２９２號十三樓之５,21.31,住,,,1121129,土地1建物1車位1,十三層,十五層,住宅大樓(11層含以上有電梯),住家用,鋼筋混凝土造,1150303,135.63,3,2,2,有,有,15270000,125657,坡道平面,25.25,1400000,預售屋、或土地及建物分件登記案件；,RPOOMLMLNHLGFKD68DA,65.22,0.0,7.6,有,
永康區,房地(土地+建物)+車位,臺南市永康區永善路１３２號十五樓之１,25.53,住,,,1121017,土地1建物1車位1,十五層,十五層,住宅大樓(11層含以上有電梯),住家用,鋼筋混凝土造,1150331,159.55,3,2,2,有,有,17680000,120614,坡道平面,25.9,1560000,預售屋、或土地及建物分件登記案件；,RPSOMLOKNHLGFKD56DA,80.65,0.0,8.14,有,
永康區,房地(土地+建物)+車位,臺南市永康區永善路１４８號,17.95,住,,,1121021,土地1建物1車位1,一層,十五層,住宅大樓(11層含以上有電梯),商業用,鋼筋混凝土造,1150331,119.75,0,0,1,有,有,14460000,137453,坡道平面,25.9,1560000,預售屋、或土地及建物分件登記案件；,RPVVMLTKNHLGFKD08DA,57.08,0.0,5.29,有,
永康區,房地(土地+建物)+車位,臺南市永康區永善路１３６號,19.67,住,,,1121002,土地1建物1車位1,一層,十五層,住宅大樓(11層含以上有電梯),商業用,鋼筋混凝土造,1150331,128.69,0,0,1,有,有,16460000,144956,坡道平面,25.9,1560000,讓渡日期:115.1.21；讓渡金額:1646萬元整預售屋、或土地及建物分件登記案件；,RPQWMLTKNHLGFKD67DA,62.69,0.0,5.62,有,
永康區,房地(土地+建物)+車位,臺南市永康區永善路１３０號十樓之２,30.19,住,,,1121021,土地1建物1車位1,十層,十五層,住宅大樓(11層含以上有電梯),住家用,鋼筋混凝土造,1150331,186.22,4,2,2,有,有,20080000,116642,坡道平面,25.9,1380000,預售屋、或土地及建物分件登記案件；,RPTPMLTKNHLGFKD27DA,95.83,0.0,9.01,有,
永康區,房地(土地+建物)+車位,臺南市永康區永善路１４２號,12.99,住,,,1121013,土地1建物1車位1,一層,十五層,住宅大樓(11層含以上有電梯),商業用,鋼筋混凝土造,1150331,93.8,0,0,1,有,有,11050000,138292,坡道平面,25.9,1660000,預售屋、或土地及建物分件登記案件；,RPXVMLTKNHLGFKD28DA,40.04,0.0,5.07,有,
安平區,房地(土地+建物)+車位,臺南市安平區國平南路１０２號四樓之１,27.92,商,,,1120912,土地1建物1車位2,四層,二十六層,住宅大樓(11層含以上有電梯),住家用,鋼骨造,1150130,342.77,2,2,4,有,有,33580000,105127,坡道平面,49.98,2800000,夫妻間讓與。預售屋、或土地及建物分件登記案件；,RPVNMLSJPHLGFAD88DA,165.25,0.0,30.84,有,
永康區,房地(土地+建物)+車位,臺南市永康區永善路１３２號六樓之９,21.39,住,,,1120827,土地1建物1車位1,六層,十五層,住宅大樓(11層含以上有電梯),住家用,鋼筋混凝土造,1150331,137.7,3,2,2,有,有,13360000,109839,坡道平面,25.9,1080000,預售屋、或土地及建物分件登記案件；,RPPVMLSKNHLGFKD37DA,70.56,0.0,3.68,有,
永康區,房地(土地+建物)+車位,臺南市永康區永善路１３２號二樓之９,21.39,住,,,1120816,土地1建物1車位1,二層,十五層,住宅大樓(11層含以上有電梯),住家用,鋼筋混凝土造,1150331,137.7,3,2,2,有,有,15180000,121825,坡道平面,25.9,1560000,預售屋、或土地及建物分件登記案件；,RPVUMLSKNHLGFKD87DA,70.56,0.0,3.68,有,
仁德區,房地(土地+建物)+車位,臺南市仁德區保生路２２號三樓之６,14.08,商,,,1120829,土地1建物1車位1,三層,十五層,住宅大樓(11層含以上有電梯),住家用,鋼筋混凝土造,1141117,125.66,2,2,2,有,有,10860000,91432,坡道平面,24.82,1640000,預售屋、或土地及建物分件登記案件；,RPPNMLPKPHLGFID88DA,61.56,0.0,5.35,有,
永康區,房地(土地+建物)+車位,臺南市永康區永善路１３２號六樓之５,24.62,住,,,1120731,土地1建物1車位1,六層,十五層,住宅大樓(11層含以上有電梯),住家用,鋼筋混凝土造,1150331,154.66,3,2,2,有,有,15880000,111836,坡道平面,25.9,1480000,預售屋、或土地及建物分件登記案件；,RPOQMLSKNHLGFKD76DA,76.56,0.0,8.93,有,
永康區,房地(土地+建物)+車位,臺南市永康區永善路１３２號九樓之７,18.61,住,,,1120729,土地1建物1車位1,九層,十五層,住宅大樓(11層含以上有電梯),住家用,鋼筋混凝土造,1150331,123.22,2,2,2,有,有,12400000,116317,坡道平面,25.9,1080000,預售屋、或土地及建物分件登記案件；,RPUSMLSKNHLGFKD57DA,61.27,0.0,3.34,有,
東區,房地(土地+建物)+車位,臺南市東區崇善二街５０號八樓,25.12,住,,,1120719,土地1建物1車位1,八層,十二層,住宅大樓(11層含以上有電梯),住家用,鋼筋混凝土造,1141231,146.43,3,2,2,有,有,14785244,113637,坡道平面,34.36,2050000,115年06月24日有簽訂增補契約，因成屋面積有調整，交易金額有找補情形，買方找補金額為85244元整。親友、員工、共有人或其他特殊關係間之交易；預售屋、或土地及建物分件登記案件；,RPQNMLRJPHLGFCD48DA,67.12,0.0,8.09,有,
中西區,房地(土地+建物)+車位,臺南市中西區頂美三街３７號七樓之５,28.04,住,,,1120627,土地5建物1車位1,七層,十三層,住宅大樓(11層含以上有電梯),住家用,鋼筋混凝土造,1150324,127.74,2,2,2,有,有,14550000,133980,坡道平面,31.83,1700000,預售屋、或土地及建物分件登記案件；,RPXQMLQJPHLGFAD56DA,59.7,0.0,3.85,有,
中西區,房地(土地+建物)+車位,臺南市中西區頂美三街３７號八樓之５,28.04,住,,,1120627,土地5建物1車位1,八層,十三層,住宅大樓(11層含以上有電梯),住家用,鋼筋混凝土造,1150324,127.74,2,2,2,有,有,14500000,132416,坡道平面,31.83,1800000,預售屋、或土地及建物分件登記案件；,RPORMLQJPHLGFAD38DA,59.7,0.0,3.85,有,
中西區,房地(土地+建物)+車位,臺南市中西區頂美三街３７號九樓之６,35.24,住,,,1120602,土地5建物1車位1,九層,十三層,住宅大樓(11層含以上有電梯),住家用,鋼筋混凝土造,1150324,152.32999999999998,3,2,2,有,有,17730000,132199,坡道平面,31.83,1800000,預售屋、或土地及建物分件登記案件；,RPPRMLQJPHLGFAD48DA,72.32,0.0,7.53,有,
中西區,房地(土地+建物)+車位,臺南市中西區頂美三街３７號十一樓之６,35.24,住,,,1120602,土地5建物1車位1,十一層,十三層,住宅大樓(11層含以上有電梯),住家用,鋼筋混凝土造,1150324,152.32999999999998,3,2,2,有,有,18100000,135270,坡道平面,31.83,1800000,預售屋、或土地及建物分件登記案件；,RPQRMLQJPHLGFAD58DA,72.32,0.0,7.53,有,
永康區,房地(土地+建物)+車位,臺南市永康區永善路１３２號十五樓之２,18.35,住,,,1120604,土地1建物1車位1,十五層,十五層,住宅大樓(11層含以上有電梯),住家用,鋼筋混凝土造,1150331,121.78999999999999,2,2,2,有,有,13280000,125352,坡道平面,25.9,1260000,讓渡日期:115.3.14；讓渡金額:1328萬元整預售屋、或土地及建物分件登記案件；,RPQOMLSKNHLGFKD76DA,60.35,0.0,3.34,有,
永康區,房地(土地+建物)+車位,臺南市永康區永善路１３２號三樓之９,21.39,住,,,1120629,土地1建物1車位1,三層,十五層,住宅大樓(11層含以上有電梯),住家用,鋼筋混凝土造,1150331,137.7,3,2,2,有,有,13180000,107603,坡道平面,25.9,1150000,讓渡日期:114/05/02:讓渡金額1350萬預售屋、或土地及建物分件登記案件；,RPRNMLRKOHLGFKD76DA,70.56,0.0,3.68,有,
永康區,房地(土地+建物)+車位,臺南市永康區永善路１３２號六樓之６,25.59,住,,,1120630,土地1建物1車位1,六層,十五層,住宅大樓(11層含以上有電梯),住家用,鋼筋混凝土造,1150331,159.78,3,2,2,有,有,16100000,110547,坡道平面,25.9,1300000,預售屋、或土地及建物分件登記案件；,RPRRMLSKNHLGFKD17DA,79.97,0.0,8.93,有,
永康區,房地(土地+建物)+車位,臺南市永康區永善路１３０號九樓之６,24.07,住,,,1120630,土地1建物1車位1,九層,十五層,住宅大樓(11層含以上有電梯),住家用,鋼筋混凝土造,1150331,153.79000000000002,3,2,2,有,有,15950000,112519,坡道平面,25.9,1560000,預售屋、或土地及建物分件登記案件；,RPSTMLTKNHLGFKD57DA,75.41,0.0,8.21,有,
仁德區,土地,二空段529-3地號,74.4,都市：其他:道路用地,,,1120505,土地3建物0車位0,,,其他,,,,0.0,0,0,0,無,無,3446334,46322,,0.0,0,包含公共設施保留地用地；,RPXNMLKKPHLGFID56DA,0.0,0.0,0.0,無,
永康區,房地(土地+建物)+車位,臺南市永康區永善路１３０號九樓之１,30.19,住,,,1120408,土地1建物1車位1,九層,十五層,住宅大樓(11層含以上有電梯),住家用,鋼筋混凝土造,1150331,186.22,4,2,2,有,有,20180000,116143,坡道平面,25.9,1560000,讓渡日期:115.1.21；讓渡金額:2018萬元整預售屋、或土地及建物分件登記案件；,RPOOMLTKNHLGFKD66DA,95.83,0.0,9.01,有,
永康區,房地(土地+建物)+車位,臺南市永康區永善路１３０號九樓之７,24.17,住,,,1120416,土地1建物1車位1,九層,十五層,住宅大樓(11層含以上有電梯),住家用,鋼筋混凝土造,1150331,154.41,3,2,2,有,有,15680000,112209,坡道平面,25.9,1260000,預售屋、或土地及建物分件登記案件；,RPWUMLTKNHLGFKD08DA,75.8,0.0,8.23,有,
永康區,房地(土地+建物)+車位,臺南市永康區新行街３８８號三樓之５,25.74,住,,,1120430,土地1建物1車位1,三層,十四層,住宅大樓(11層含以上有電梯),住家用,鋼筋混凝土造,1141203,145.0,3,2,2,有,有,13950000,102860,坡道平面,24.74,1580000,預售屋、或土地及建物分件登記案件；,RPTWMLOLKHLGFKD27DA,70.03,0.0,8.25,有,
永康區,房地(土地+建物)+車位,臺南市永康區永善路１３２號十一樓之６,25.59,住,,,1120410,土地1建物1車位1,十一層,十五層,住宅大樓(11層含以上有電梯),住家用,鋼筋混凝土造,1150331,159.81,3,2,2,有,有,16500000,113808,坡道平面,25.9,1260000,讓渡日期:115.3.4；讓渡金額:1650萬元整預售屋、或土地及建物分件登記案件；,RPVRMLSKNHLGFKD57DA,79.97,0.0,8.94,有,
永康區,房地(土地+建物)+車位,臺南市永康區永善路１３０號六樓之１,30.29,住,,,1120428,土地1建物1車位1,六層,十五層,住宅大樓(11層含以上有電梯),住家用,鋼筋混凝土造,1150331,186.89,4,2,2,有,有,19660000,114293,坡道平面,25.9,1260000,讓渡日期:115.2.11；讓渡金額:1966萬元整預售屋、或土地及建物分件登記案件；,RPWNMLTKNHLGFKD37DA,96.27,0.0,9.01,有,
永康區,房地(土地+建物)+車位,臺南市永康區永善路１３０號六樓之２,30.29,住,,,1120318,土地1建物1車位1,六層,十五層,住宅大樓(11層含以上有電梯),住家用,鋼筋混凝土造,1150331,186.89,4,2,2,有,有,19980000,113672,坡道平面,25.9,1680000,預售屋、或土地及建物分件登記案件；,RPPPMLTKNHLGFKD86DA,96.27,0.0,9.01,有,
永康區,房地(土地+建物)+車位,臺南市永康區永善路１３０號六樓之７,24.17,住,,,1120310,土地1建物1車位1,六層,十五層,住宅大樓(11層含以上有電梯),住家用,鋼筋混凝土造,1150331,154.42000000000002,3,2,2,有,有,15780000,110333,坡道平面,25.9,1600000,預售屋、或土地及建物分件登記案件；,RPTUMLTKNHLGFKD77DA,75.8,0.0,8.24,有,
永康區,房地(土地+建物)+車位,臺南市永康區永善路１３２號四樓之９,21.39,住,,,1120307,土地1建物1車位1,四層,十五層,住宅大樓(11層含以上有電梯),住家用,鋼筋混凝土造,1150331,137.7,3,2,2,有,有,13500000,106619,坡道平面,25.9,1580000,預售屋、或土地及建物分件登記案件；,RPXUMLSKNHLGFKD08DA,70.56,0.0,3.68,有,
永康區,房地(土地+建物)+車位,臺南市永康區永善路１３２號十五樓之９,21.24,住,,,1120313,土地1建物1車位1,十五層,十五層,住宅大樓(11層含以上有電梯),住家用,鋼筋混凝土造,1150331,137.08,3,2,2,有,有,13800000,113510,坡道平面,25.9,1180000,預售屋、或土地及建物分件登記案件；,RPOWMLSKNHLGFKD37DA,70.16,0.0,3.68,有,
永康區,房地(土地+建物)+車位,臺南市永康區永善路１３２號四樓之７,18.71,住,,,1120312,土地1建物1車位1,四層,十五層,住宅大樓(11層含以上有電梯),住家用,鋼筋混凝土造,1150331,123.83000000000001,2,2,2,有,有,12380000,110283,坡道平面,25.9,1580000,讓渡日期:115.3.14；讓渡金額:1238萬元整預售屋、或土地及建物分件登記案件；,RPPSMLSKNHLGFKD07DA,61.67,0.0,3.34,有,
永康區,房地(土地+建物)+車位,臺南市永康區永善路１３２號十五樓之７,18.61,住,,,1120312,土地1建物1車位1,十五層,十五層,住宅大樓(11層含以上有電梯),住家用,鋼筋混凝土造,1150331,123.22,2,2,2,有,有,12680000,118167,坡道平面,25.9,1180000,預售屋、或土地及建物分件登記案件；,RPQTMLSKNHLGFKD27DA,61.27,0.0,3.34,有,
永康區,房地(土地+建物)+車位,臺南市永康區永善路１３２號七樓之８,25.08,住,,,1120311,土地1建物1車位1,七層,十五層,住宅大樓(11層含以上有電梯),住家用,鋼筋混凝土造,1150331,157.11,3,2,2,有,有,15730000,107842,坡道平面,25.9,1580000,預售屋、或土地及建物分件登記案件；,RPVTMLSKNHLGFKD77DA,78.77,0.0,8.38,有,
永康區,房地(土地+建物)+車位,臺南市永康區永安路２８８號十五樓之１,24.9,住,,,1120214,土地1建物1車位1,十五層,十五層,住宅大樓(11層含以上有電梯),住家用,鋼筋混凝土造,1150303,155.97,3,2,2,有,有,17690000,125000,坡道平面,25.25,1350000,115.03.06配偶讓渡115.04.02配偶讓渡預售屋、或土地及建物分件登記案件；,RPQNMLNKPHLGFKD98DA,76.0,0.0,9.15,有,
永康區,房地(土地+建物)+車位,臺南市永康區永安路２９０號十樓之６,22.39,住,,,1120217,土地1建物1車位2,十層,十五層,住宅大樓(11層含以上有電梯),住家用,鋼筋混凝土造,1150303,167.82,3,2,2,有,有,16900000,121548,坡道平面,50.5,2640000,115.03.07配偶讓渡預售屋、或土地及建物分件登記案件；,RPTUMLTJNHLGFKD67DA,68.19,0.0,8.48,有,
北區,房地(土地+建物)+車位,臺南市北區西門路四段５３３巷２８號三樓之６,26.56,住,,,1120104,土地1建物1車位1,三層,十四層,住宅大樓(11層含以上有電梯),住家用,鋼筋混凝土造,1150506,154.13,3,2,2,有,有,11100000,81008,坡道平面,31.92,1200000,親友、員工、共有人或其他特殊關係間之交易；預售屋、或土地及建物分件登記案件；,RPPPMLKMOHLGFAD87DA,75.33,0.0,4.6,有,
安平區,房地(土地+建物)+車位,臺南市安平區國平南路１０２號四樓之５,30.63,商,,,1120130,土地1建物1車位2,四層,二十六層,住宅大樓(11層含以上有電梯),住家用,鋼骨造,1150130,371.93,2,2,4,有,有,35640000,102003,坡道平面,49.98,2800000,預售屋、或土地及建物分件登記案件；,RPQNMLPLOHLGFAD18DA,183.1,0.0,32.76,有,
永康區,房地(土地+建物)+車位,臺南市永康區永安路２９０號三樓之２,13.58,住,,,1120114,土地1建物1車位1,三層,十五層,住宅大樓(11層含以上有電梯),住家用,鋼筋混凝土造,1150303,96.36,2,2,1,有,有,9530000,116439,坡道平面,25.25,1250000,預售屋、或土地及建物分件登記案件；,RPORMLTJNHLGFKD86DA,43.0,0.0,3.47,有,
永康區,房地(土地+建物)+車位,臺南市永康區永安路２９０號五樓之３,13.58,住,,,1120113,土地1建物1車位1,五層,十五層,住宅大樓(11層含以上有電梯),住家用,鋼筋混凝土造,1150303,96.34,2,2,1,有,有,9620000,117738,坡道平面,25.25,1250000,預售屋、或土地及建物分件登記案件；,RPWRMLTJNHLGFKD67DA,43.0,0.0,3.47,有,
安南區,房地(土地+建物)+車位,臺南市安南區永續三街８２號十三樓之２,18.15,住,,,1110801,土地1建物1車位1,十三層,十五層,住宅大樓(11層含以上有電梯),住家用,鋼筋混凝土造,1140826,144.46,2,2,2,有,有,11770000,91782,坡道平面,32.02,1450000,本件於115年5月5日權利買賣契約成交價格不變。預售屋、或土地及建物分件登記案件；,RPSNMLNJOHLGFBD08DA,66.78,0.0,7.42,有,
佳里區,房地(土地+建物)+車位,臺南市佳里區公園路６３６號十樓之２,54.87,住,,,1110611,土地1建物1車位2,十層,十層,華廈(10層含以下有電梯),住家用,鋼筋混凝土造,1141103,250.10999999999999,3,2,2,有,有,17860000,80601,坡道平面,55.82,2200000,預售屋、或土地及建物分件登記案件；,RPTNMLRJPHLGFGD56DA,125.88,0.0,11.26,有,
佳里區,房地(土地+建物)+車位,臺南市佳里區公園路６３６號十樓之３,34.14,住,,,1110611,土地1建物1車位1,十層,十層,華廈(10層含以下有電梯),住家用,鋼筋混凝土造,1141103,148.77,3,2,2,有,有,10840000,80589,坡道平面,27.91,1100000,115年3月23日轉讓；轉讓價格新台幣10840000元整。預售屋、或土地及建物分件登記案件；,RPRNMLRJPHLGFGD98DA,77.46,0.0,7.85,有,
安平區,房地(土地+建物)+車位,臺南市安平區國平南路１００號二十二樓之７,18.24,商,,,1110623,土地1建物1車位2,二十二層,二十六層,住宅大樓(11層含以上有電梯),住家用,鋼骨造,1150130,241.36,1,2,2,有,有,22685789,105997,坡道平面,49.98,2400000,113/2/17簽變更設計確認表增加新臺幣85789元整。預售屋、或土地及建物分件登記案件；,RPPOMLKMOHLGFAD77DA,116.35,0.0,12.02,有,
北區,房地(土地+建物)+車位,臺南市北區西門路四段５３３巷２８號十一樓之５,25.3,住,,,1110507,土地1建物1車位1,十一層,十四層,住宅大樓(11層含以上有電梯),住家用,鋼筋混凝土造,1150506,151.87,3,2,2,有,有,13390000,101274,坡道平面,34.96,1550000,預售屋、或土地及建物分件登記案件；,RPXOMLKMOHLGFAD58DA,72.26,0.0,4.41,有,
永康區,房地(土地+建物)+車位,臺南市永康區自強路３７７號九樓之２,35.08,住,,,1110507,土地1建物1車位1,九層,九層,華廈(10層含以下有電梯),住家用,鋼筋混凝土造,1150505,135.08,3,2,2,有,有,16460000,133207,坡道平面,23.9,1650000,預售屋、或土地及建物分件登記案件；,RPUNMLSJPHLGFKD17DA,68.28,0.0,8.37,有,
西港區,房地(土地+建物),臺南市西港區新寮２８之５號,143.26,,鄉村區,乙種建築用地,1110424,土地5建物1車位0,全,三層,透天厝,住家用,鋼筋混凝土造,1150330,146.55,4,2,5,有,無,10150000,69260,,0.0,0,契約變更前預售價格新台幣780萬元。預售屋、或土地及建物分件登記案件；,RPRNMLTJPHLGFGD66EA,140.04,0.0,6.51,無,
永康區,房地(土地+建物)+車位,臺南市永康區自強路３７７號八樓之１,34.18,住,,,1110417,土地1建物1車位1,八層,九層,華廈(10層含以下有電梯),住家用,鋼筋混凝土造,1150505,131.25,3,2,2,有,有,14110000,116091,坡道平面,23.92,1650000,預售屋、或土地及建物分件登記案件；,RPQNMLSJPHLGFKD76DA,66.1,0.0,7.58,有,
永康區,房地(土地+建物)+車位,臺南市永康區自強路３７７號九樓之１,34.95,住,,,1110418,土地1建物1車位1,九層,九層,華廈(10層含以下有電梯),住家用,鋼筋混凝土造,1150505,134.64,3,2,2,有,有,16500000,135001,一樓平面,23.9,1550000,讓渡日期：113.04.10   買賣金額不變兄弟讓渡預售屋、或土地及建物分件登記案件；,RPRNMLSJPHLGFKD86DA,68.28,0.0,8.06,有,
永康區,房地(土地+建物)+車位,臺南市永康區自強路３７７號八樓之３,34.18,住,,,1110417,土地1建物1車位1,八層,九層,華廈(10層含以下有電梯),住家用,鋼筋混凝土造,1150505,128.26,3,2,2,有,有,14010000,115724,坡道平面,20.59,1550000,預售屋、或土地及建物分件登記案件；,RPSNMLSJPHLGFKD96DA,66.28,0.0,7.75,有,
永康區,房地(土地+建物)+車位,臺南市永康區自強路３７７號七樓之５,27.96,住,,,1110414,土地1建物1車位1,七層,九層,華廈(10層含以下有電梯),住家用,鋼筋混凝土造,1150505,111.6,2,2,2,有,有,11820000,117130,一樓平面,23.92,1550000,預售屋、或土地及建物分件登記案件；,RPTNMLSJPHLGFKD07DA,55.24,0.0,4.92,有,
永康區,房地(土地+建物)+車位,臺南市永康區自強路３７７號七樓之２,34.18,住,,,1110417,土地1建物1車位1,七層,九層,華廈(10層含以下有電梯),住家用,鋼筋混凝土造,1150505,131.6,3,2,2,有,有,13930000,114042,坡道平面,23.92,1650000,買賣日期：113.01.13；買賣金額新台幣：1393萬元讓渡日期：113.01.13  原因：平價轉讓 預售屋、或土地及建物分件登記案件；,RPVNMLSJPHLGFKD27DA,66.28,0.0,7.75,有,
北區,房地(土地+建物)+車位,臺南市北區西門路四段５３３巷２８號二樓之１,25.48,住,,,1110306,土地1建物1車位1,二層,十四層,住宅大樓(11層含以上有電梯),住家用,鋼筋混凝土造,1150506,152.11,3,2,2,有,有,12470000,94067,坡道平面,34.96,1450000,預售屋、或土地及建物分件登記案件；,RPUPMLKMOHLGFAD38DA,72.1,0.0,4.57,有,
安平區,房地(土地+建物)+車位,臺南市安平區國平南路１０２號五樓之５,30.63,商,,,1110226,土地1建物1車位2,五層,二十六層,住宅大樓(11層含以上有電梯),住家用,鋼骨造,1150130,371.93,3,2,4,有,有,35235302,100746,坡道平面,49.98,2800000,111/11/3簽變更設計確認表增加減少新臺幣264698元整。預售屋、或土地及建物分件登記案件；,RPVNMLRJPHLGFAD78DA,183.1,0.0,32.76,有,
北區,房地(土地+建物)+車位,臺南市北區西門路四段５３３巷２８號十樓之６,26.56,住,,,1110115,土地1建物1車位1,十層,十四層,住宅大樓(11層含以上有電梯),住家用,鋼筋混凝土造,1150506,157.11,3,2,2,有,有,14050000,103152,坡道平面,34.96,1450000,夫妻間讓與預售屋、或土地及建物分件登記案件；,RPVOMLTLOHLGFAD56DA,75.33,0.0,4.6,有,
北區,房地(土地+建物)+車位,臺南市北區西門路四段５３３巷２８號八樓之５,25.3,住,,,1110106,土地1建物1車位1,八層,十四層,住宅大樓(11層含以上有電梯),住家用,鋼筋混凝土造,1150506,151.87,3,2,2,有,有,12440000,93576,坡道平面,34.96,1500000,預售屋、或土地及建物分件登記案件；,RPRPMLKMOHLGFAD08DA,72.26,0.0,4.41,有,
安平區,房地(土地+建物)+車位,臺南市安平區國平南路１００號十八樓之７,18.24,商,,,1110103,土地1建物1車位1,十八層,二十六層,住宅大樓(11層含以上有電梯),住家用,鋼骨造,1150130,216.38,3,2,2,有,有,19569946,94937,坡道平面,24.99,1400000,112/12/30簽變更設計確認表增加新臺幣89946元整。預售屋、或土地及建物分件登記案件；,RPQOMLRJPHLGFAD38DA,116.35,0.0,12.02,有,
北區,房地(土地+建物)+車位,臺南市北區西門路四段５３３巷２８號十一樓之７,17.43,住,,,1101204,土地1建物1車位1,十一層,十四層,住宅大樓(11層含以上有電梯),住家用,鋼筋混凝土造,1150506,115.09,2,2,1,有,有,9610000,101835,坡道平面,34.96,1450000,預售屋、或土地及建物分件登記案件；,RPWOMLTLOHLGFAD66DA,48.35,0.0,4.06,有,
北區,房地(土地+建物)+車位,臺南市北區西門路四段５３３巷２８號九樓之６,26.56,住,,,1101218,土地1建物1車位1,九層,十四層,住宅大樓(11層含以上有電梯),住家用,鋼筋混凝土造,1150506,157.11,3,2,2,有,有,13980000,102579,坡道平面,34.96,1450000,預售屋、或土地及建物分件登記案件；,RPVPMLTLOHLGFAD66DA,75.33,0.0,4.6,有,
北區,房地(土地+建物),臺南市北區西門路四段５３３巷２８號九樓之７,17.43,住,,,1101204,土地1建物1車位0,九層,十四層,住宅大樓(11層含以上有電梯),住家用,鋼筋混凝土造,1150506,80.13,2,2,1,有,有,8000000,99838,,0.0,0,預售屋原買方為2人，於114/12/30簽立讓渡書權利範圍1/2，故成屋登記時由1人登記全部預售屋、或土地及建物分件登記案件；,RPRNMLKMOHLGFAD87DA,48.35,0.0,4.06,有,
北區,房地(土地+建物)+車位,臺南市北區西門路四段５３３巷２８號五樓之５,25.3,住,,,1101103,土地1建物1車位1,五層,十四層,住宅大樓(11層含以上有電梯),住家用,鋼筋混凝土造,1150506,151.87,3,2,2,有,有,12220000,91267,坡道平面,34.96,1550000,113/11/2簽立讓渡書，讓渡金額不變。預售屋、或土地及建物分件登記案件；,RPQOMLTLOHLGFAD68DA,72.26,0.0,4.41,有,
北區,房地(土地+建物)+車位,臺南市北區西門路四段５３３巷２８號六樓之７,17.43,住,,,1101122,土地1建物1車位1,六層,十四層,住宅大樓(11層含以上有電梯),住家用,鋼筋混凝土造,1150506,115.09,2,2,1,有,有,9110000,95595,坡道平面,34.96,1450000,114/6/9簽立讓渡書，讓渡金額：新台幣917萬元。預售屋、或土地及建物分件登記案件；,RPROMLTLOHLGFAD78DA,48.35,0.0,4.06,有,
北區,房地(土地+建物)+車位,臺南市北區西門路四段５３３巷２８號二樓之５,25.3,住,,,1101119,土地1建物1車位1,二層,十四層,住宅大樓(11層含以上有電梯),住家用,鋼筋混凝土造,1150506,151.87,3,2,2,有,有,12000000,90240,坡道平面,34.96,1450000,預售屋、或土地及建物分件登記案件；,RPTOMLTLOHLGFAD98DA,72.26,0.0,4.41,有,
北區,房地(土地+建物)+車位,臺南市北區西門路四段５３３巷２８號七樓之８,17.43,住,,,1101117,土地1建物1車位1,七層,十四層,住宅大樓(11層含以上有電梯),住家用,鋼筋混凝土造,1150506,115.09,2,2,1,有,有,9230000,96468,坡道平面,34.96,1500000,111/6/29簽立讓渡書，讓渡金額：新台幣933萬元。預售屋、或土地及建物分件登記案件；,RPUOMLTLOHLGFAD09DA,48.35,0.0,4.06,有,
北區,房地(土地+建物)+車位,臺南市北區西門路四段５３３巷２８號七樓之６,26.56,住,,,1101119,土地1建物1車位1,七層,十四層,住宅大樓(11層含以上有電梯),住家用,鋼筋混凝土造,1150506,157.11,3,2,2,有,有,13770000,100041,坡道平面,34.96,1550000,114/2/14簽立讓渡書，讓渡金額：新台幣1527萬元。預售屋、或土地及建物分件登記案件；,RPUPMLTLOHLGFAD56DA,75.33,0.0,4.6,有,
北區,房地(土地+建物)+車位,臺南市北區西門路四段５３３巷２８號九樓之８,17.43,住,,,1101114,土地1建物1車位1,九層,十四層,住宅大樓(11層含以上有電梯),住家用,鋼筋混凝土造,1150506,115.09,2,2,1,有,有,9435000,98403,坡道平面,34.96,1550000,預售屋、或土地及建物分件登記案件；,RPTNMLKMOHLGFAD08DA,48.35,0.0,4.06,有,
北區,房地(土地+建物)+車位,臺南市北區西門路四段５３３巷２８號十二樓之１,25.48,住,,,1101108,土地1建物1車位1,十二層,十四層,住宅大樓(11層含以上有電梯),住家用,鋼筋混凝土造,1150506,155.09,3,2,2,有,有,12860000,97397,坡道平面,37.94,1450000,113/11/28簽立讓渡書，讓渡金額：新台幣1412萬元。預售屋、或土地及建物分件登記案件；,RPUNMLKMOHLGFAD18DA,72.1,0.0,4.57,有,
北區,房地(土地+建物)+車位,臺南市北區西門路四段５３３巷２８號十樓之１０,25.01,住,,,1101121,土地1建物1車位1,十層,十四層,住宅大樓(11層含以上有電梯),住家用,鋼筋混凝土造,1150506,150.06,3,2,2,有,有,12520000,96177,坡道平面,34.96,1450000,預售屋、或土地及建物分件登記案件；,RPVNMLKMOHLGFAD28DA,70.89,0.0,4.41,有,
北區,房地(土地+建物)+車位,臺南市北區西門路四段５３３巷２８號七樓之９,25.5,住,,,1101124,土地1建物1車位1,七層,十四層,住宅大樓(11層含以上有電梯),住家用,鋼筋混凝土造,1150506,152.3,3,2,2,有,有,12780000,96557,坡道平面,34.96,1450000,預售屋、或土地及建物分件登記案件；,RPWNMLKMOHLGFAD38DA,72.35,0.0,4.41,有,
北區,房地(土地+建物)+車位,臺南市北區西門路四段５３３巷２８號三樓之２,26.41,住,,,1101119,土地1建物1車位1,三層,十四層,住宅大樓(11層含以上有電梯),住家用,鋼筋混凝土造,1150506,156.4,3,2,2,有,有,12820000,93626,坡道平面,34.96,1450000,夫妻間讓與預售屋、或土地及建物分件登記案件；,RPVOMLKMOHLGFAD38DA,74.42,0.0,5.03,有,
北區,房地(土地+建物)+車位,臺南市北區西門路四段５３３巷２８號八樓之８,17.43,住,,,1101122,土地1建物1車位1,八層,十四層,住宅大樓(11層含以上有電梯),住家用,鋼筋混凝土造,1150506,115.09,2,2,1,有,有,9330000,98340,坡道平面,34.96,1450000,預售屋、或土地及建物分件登記案件；,RPWOMLKMOHLGFAD48DA,48.35,0.0,4.06,有,
北區,房地(土地+建物)+車位,臺南市北區西門路四段５３３巷２８號十三樓之２,26.41,住,,,1101118,土地1建物1車位1,十三層,十四層,住宅大樓(11層含以上有電梯),住家用,鋼筋混凝土造,1150506,156.4,3,2,2,有,有,13730000,100296,坡道平面,34.96,1550000,預售屋、或土地及建物分件登記案件；,RPOPMLKMOHLGFAD77DA,74.42,0.0,5.03,有,
北區,房地(土地+建物)+車位,臺南市北區西門路四段５３３巷２８號十樓之１,25.48,住,,,1101114,土地1建物1車位1,十層,十四層,住宅大樓(11層含以上有電梯),住家用,鋼筋混凝土造,1150506,152.11,3,2,2,有,有,13150000,99018,坡道平面,34.96,1550000,預售屋、或土地及建物分件登記案件；,RPSPMLKMOHLGFAD18DA,72.1,0.0,4.57,有,
安南區,房地(土地+建物)+車位,臺南市安南區宜居三路２８８號十二樓之３,16.26,住,,,1101009,土地2建物1車位1,十二層,十五層,住宅大樓(11層含以上有電梯),住家用,鋼筋混凝土造,1140912,141.68,3,2,2,有,有,11800000,87756,坡道平面,21.46,1250000,原承買人於110年10月9日承買預售屋復於115年5月11日轉讓予現承買人預售屋、或土地及建物分件登記案件；,RPPNMLKKPHLGFBD77EA,73.2,0.0,6.42,有,
安平區,房地(土地+建物)+車位,臺南市安平區國平南路１０２號五樓之２,27.64,商,,,1101009,土地1建物1車位1,五層,二十六層,住宅大樓(11層含以上有電梯),住家用,鋼骨造,1150130,314.81,2,2,4,有,有,27593585,90551,坡道平面,24.99,1350000,111/10/8簽變更設計確認表減少新臺幣34972元整。114/8/6簽變更設計確認表增加新臺幣8557元整。預售屋、或土地及建物分件登記案件；,RPQNMLNLOHLGFAD97DA,165.55,0.0,28.33,有,
安平區,房地(土地+建物)+車位,臺南市安平區國平南路１００號四樓之６,18.81,商,,,1101004,土地1建物1車位1,四層,二十六層,住宅大樓(11層含以上有電梯),住家用,鋼骨造,1150130,221.94,3,2,2,有,有,17085056,80655,坡道平面,24.99,1200000,111/8/24簽變更設計確認表增加新臺幣25056元整。115/1/13簽簽約人名義變更切結書，交易總價不變。預售屋、或土地及建物分件登記案件；,RPUNMLSJPHLGFAD78DA,116.7,0.0,15.1,有,
安平區,房地(土地+建物)+車位,臺南市安平區國平南路１０２號五樓之７,18.66,商,,,1100926,土地1建物1車位1,五層,二十六層,住宅大樓(11層含以上有電梯),住家用,鋼骨造,1150130,221.60000000000002,2,2,2,有,有,17180000,81532,坡道平面,24.99,1150000,預售屋、或土地及建物分件登記案件；,RPXNMLPKOHLGFAD78DA,119.19,0.0,12.36,有,
永康區,房地(土地+建物)+車位,臺南市永康區東橋五路１６１號五樓之１,14.97,商,,,1100901,土地1建物1車位1,五層,二十三層,住宅大樓(11層含以上有電梯),住家用,鋼筋混凝土造,1150326,150.57,2,2,2,有,有,10450000,72139,坡道平面,25.81,1450000,110.08.18轉讓取得，權利讓與金額1250萬元。預售屋、或土地及建物分件登記案件；,RPUNMLLJPHLGFKD09DA,73.27,0.0,6.88,有,
安平區,房地(土地+建物)+車位,臺南市安平區國平南路１００號六樓之７,18.24,商,,,1100819,土地1建物1車位1,六層,二十六層,住宅大樓(11層含以上有電梯),住家用,鋼骨造,1150130,216.38,2,2,2,有,有,16840000,81979,坡道平面,24.99,1150000,預售屋、或土地及建物分件登記案件；,RPUNMLNLOHLGFAD38DA,116.35,0.0,12.02,有,
永康區,房地(土地+建物)+車位,臺南市永康區東橋五路１６１號十三樓之２,12.52,商,,,1100802,土地1建物1車位1,十三層,二十三層,住宅大樓(11層含以上有電梯),住家用,鋼筋混凝土造,1150326,122.77000000000001,1,2,1,有,有,8110000,70068,坡道平面,27.72,1450000,110.8.2轉讓取得權利讓與金額978萬113.4.12再轉讓權利讓與金額1125萬預售屋、或土地及建物分件登記案件；,RPSNMLMLOHLGFKD09DA,57.68,0.0,3.27,有,
安平區,房地(土地+建物)+車位,臺南市安平區國平南路１００號十二樓之７,18.24,商,,,1100731,土地1建物1車位2,十二層,二十六層,住宅大樓(11層含以上有電梯),住家用,鋼骨造,1150130,241.36,2,2,2,有,有,18474823,84517,坡道平面,49.98,2300000,112/8/26簽變更設計確認表增加新臺幣34823元整。預售屋、或土地及建物分件登記案件；,RPUOMLOJNHLGFAD28DA,116.35,0.0,12.02,有,
安平區,房地(土地+建物)+車位,臺南市安平區國平南路１００號八樓之７,18.24,商,,,1100622,土地1建物1車位1,八層,二十六層,住宅大樓(11層含以上有電梯),住家用,鋼骨造,1150130,216.38,2,2,2,有,有,16560000,80777,坡道平面,24.99,1100000,預售屋、或土地及建物分件登記案件；,RPPQMLTLOHLGFAD78DA,116.35,0.0,12.02,有,
安平區,房地(土地+建物)+車位,臺南市安平區國平南路１０２號九樓之６,34.76,商,,,1100622,土地1建物1車位2,九層,二十六層,住宅大樓(11層含以上有電梯),住家用,鋼骨造,1150130,415.27,3,2,4,有,有,35929456,90420,坡道平面,49.98,2900000,112/8/8簽變更設計確認表增加新臺幣116628元整。114/9/19簽變更設計確認表增加新臺幣5371元整。115/6/25簽變更設計確認表減少新臺幣2543元整。合約書無拆分車位個別價格。預售屋、或土地及建物分件登記案件；,RPQQMLTLOHLGFAD88DA,204.42,0.0,40.16,有,
安平區,房地(土地+建物)+車位,臺南市安平區國平南路１０２號九樓之１,27.92,商,,,1100327,土地1建物1車位2,九層,二十六層,住宅大樓(11層含以上有電梯),住家用,鋼骨造,1150130,342.77,3,2,4,有,有,29929344,91633,坡道平面,49.98,3100000,112/7/25簽變更設計確認表增加新臺幣259344元整。115/1/15簽簽約人名義變更切結書，交易總價不變。合約書無拆分車位個別價格。預售屋、或土地及建物分件登記案件；,RPQOMLNJOHLGFAD87DA,165.25,0.0,30.84,有,
安平區,房地(土地+建物)+車位,臺南市安平區國平南路１０２號九樓之５,30.63,商,,,1100325,土地1建物1車位2,九層,二十六層,住宅大樓(11層含以上有電梯),住家用,鋼骨造,1150130,371.93,2,2,4,有,有,32222898,91079,坡道平面,49.98,2900000,112/8/16簽變更設計確認表增加新臺幣142898元整。合約書無拆分車位個別價格。預售屋、或土地及建物分件登記案件；,RPQNMLLKOHLGFAD67DA,183.1,0.0,32.76,有,
安平區,房地(土地+建物)+車位,臺南市安平區國平南路１０２號十八樓之２,27.64,商,,,1100330,土地1建物1車位2,十八層,二十六層,住宅大樓(11層含以上有電梯),住家用,鋼骨造,1150130,339.79999999999995,2,2,2,有,有,30030906,93613,坡道平面,49.98,2900000,112/12/25簽變更設計確認表減少新臺幣99626元整。114/11/9簽變更設計確認表減少新臺幣59468元整。115/5/29簽簽約人名義變更切結書，交易總價不變。合約書無拆分車位個別價格。預售屋、或土地及建物分件登記案件；,RPUOMLKMOHLGFAD28DA,165.55,0.0,28.33,有,
安平區,房地(土地+建物)+車位,臺南市安平區國平南路１００號十樓之２,27.64,商,,,1100325,土地1建物1車位2,十層,二十六層,住宅大樓(11層含以上有電梯),住家用,鋼骨造,1150130,339.77,2,2,4,有,有,27950000,86442,坡道平面,49.98,2900000,合約書無拆分車位個別價格。預售屋、或土地及建物分件登記案件；,RPQOMLTJPHLGFAD58DA,165.55,0.0,28.3,有,
安平區,房地(土地+建物)+車位,臺南市安平區國平南路１００號二十樓之５,20.87,商,,,1100316,土地1建物1車位2,二十層,二十六層,住宅大樓(11層含以上有電梯),住家用,鋼骨造,1150130,268.89,2,2,2,有,有,24887619,99528,坡道平面,49.98,3100000,113/1/16簽變更設計確認表增加新臺幣68728元整。114/11/10簽變更設計確認表減少新臺幣321109元整。合約書無拆分車位個別價格。預售屋、或土地及建物分件登記案件；,RPSOMLTJPHLGFAD78DA,127.08,0.0,19.42,有,
永康區,房地(土地+建物)+車位,臺南市永康區東橋五路１５９號十二樓之９,10.34,商,,,1100316,土地1建物1車位1,十二層,二十三層,住宅大樓(11層含以上有電梯),住家用,鋼筋混凝土造,1150326,103.53,0,0,0,無,有,5920000,62261,坡道平面,27.72,1200000,110.06.15轉讓權利讓與金額相同預售屋、或土地及建物分件登記案件；,RPRNMLMLOHLGFKD98DA,44.87,0.0,3.85,有,
永康區,房地(土地+建物)+車位,臺南市永康區東橋五路１６１號三樓之１,15.17,商,,,1100205,土地1建物1車位1,三層,二十三層,住宅大樓(11層含以上有電梯),住家用,鋼筋混凝土造,1150326,152.48000000000002,2,2,2,有,有,11200000,77349,坡道平面,27.72,1550000,預售屋、或土地及建物分件登記案件；,RPQNMLKLOHLGFKD68DA,73.27,0.0,6.88,有,
永康區,房地(土地+建物)+車位,臺南市永康區東橋五路１６３號九樓之７,9.18,商,,,1100221,土地1建物1車位1,九層,二十三層,住宅大樓(11層含以上有電梯),住家用,鋼筋混凝土造,1150326,92.63999999999999,0,0,0,無,有,5090000,60690,坡道平面,27.72,1150000,預售屋、或土地及建物分件登記案件；,RPOPMLKLOHLGFKD68DA,38.79,0.0,2.87,有,
永康區,房地(土地+建物)+車位,臺南市永康區東橋五路１６１號十八樓之５,13.4,商,,,1100205,土地1建物1車位1,十八層,二十三層,住宅大樓(11層含以上有電梯),住家用,鋼筋混凝土造,1150326,133.64999999999998,2,2,2,有,有,9330000,74861,坡道平面,27.72,1400000,115.04.17轉讓權利讓與金額相同預售屋、或土地及建物分件登記案件；,RPQOMLMLOHLGFKD98DA,63.46,0.0,4.87,有,
永康區,房地(土地+建物)+車位,臺南市永康區東橋五路１６１號二十一樓之５,13.4,商,,,1100201,土地1建物1車位1,二十一層,二十三層,住宅大樓(11層含以上有電梯),住家用,鋼筋混凝土造,1150326,133.64999999999998,2,2,2,有,有,9680000,76749,坡道平面,27.72,1550000,預售屋、或土地及建物分件登記案件；,RPRRMLOLOHLGFKD96DA,63.46,0.0,4.87,有,
永康區,房地(土地+建物)+車位,臺南市永康區東橋五路１５９號十五樓之１,15.31,商,,,1100122,土地1建物1車位1,十五層,二十三層,住宅大樓(11層含以上有電梯),住家用,鋼筋混凝土造,1150326,148.44,2,2,2,有,有,10460000,74636,坡道平面,27.72,1450000,預售屋、或土地及建物分件登記案件；,RPPNMLNJPHLGFKD78DA,73.99,0.0,3.71,有,
永康區,房地(土地+建物)+車位,臺南市永康區東橋五路１５９號二十一樓之１,15.31,商,,,1100109,土地1建物1車位1,二十一層,二十三層,住宅大樓(11層含以上有電梯),住家用,鋼筋混凝土造,1150326,148.44,2,2,2,有,有,10800000,76209,坡道平面,27.72,1600000,112.7.20轉讓權利讓與金額相同預售屋、或土地及建物分件登記案件；,RPXPMLKLOHLGFKD96DA,73.99,0.0,3.71,有,
永康區,房地(土地+建物)+車位,臺南市永康區東橋五路１５９號十八樓之７,15.1,商,,,1100117,土地1建物1車位1,十八層,二十三層,住宅大樓(11層含以上有電梯),住家用,鋼筋混凝土造,1150326,146.32999999999998,2,2,2,有,有,10680000,76975,坡道平面,27.72,1550000,115.4.8轉讓權利轉讓金額相同預售屋、或土地及建物分件登記案件；,RPWRMLKLOHLGFKD07DA,72.94,0.0,3.29,有,
永康區,房地(土地+建物)+車位,臺南市永康區東橋五路１５９號二十二樓之８,8.84,商,,,1100119,土地1建物1車位1,二十二層,二十三層,住宅大樓(11層含以上有電梯),住家用,鋼筋混凝土造,1150326,86.31,0,0,0,無,有,5650000,64652,坡道機械,10.52,750000,預售屋、或土地及建物分件登記案件；,RPQSMLKLOHLGFKD56DA,44.86,0.0,3.85,有,
永康區,房地(土地+建物)+車位,臺南市永康區東橋五路１６３號二樓之１,15.51,商,,,1100122,土地1建物1車位1,二層,二十三層,住宅大樓(11層含以上有電梯),住家用,鋼筋混凝土造,1150326,155.43,2,2,2,有,有,11600000,78302,坡道平面,27.72,1600000,111.11.9轉讓權利讓與金額1165萬元預售屋、或土地及建物分件登記案件；,RPOSMLOLOHLGFKD76DA,75.51,0.0,6.63,有,
永康區,房地(土地+建物)+車位,臺南市永康區東橋五路１６３號六樓之９,12.99,商,,,1100105,土地1建物1車位1,六層,二十三層,住宅大樓(11層含以上有電梯),住家用,鋼筋混凝土造,1150326,130.93,1,2,2,有,有,7330000,59393,坡道平面,27.72,1200000,預售屋、或土地及建物分件登記案件；,RPVSMLOLOHLGFKD47DA,61.53,0.0,5.03,有,
永康區,房地(土地+建物)+車位,臺南市永康區東橋五路１６１號二樓之５,13.4,商,,,1100105,土地1建物1車位1,二層,二十三層,住宅大樓(11層含以上有電梯),住家用,鋼筋混凝土造,1150326,133.64999999999998,2,2,2,有,有,8700000,69385,坡道平面,27.72,1350000,113.4.18轉讓權利讓與金額1080萬元預售屋、或土地及建物分件登記案件；,RPROMLLJPHLGFKD88DA,63.46,0.0,4.87,有,
永康區,房地(土地+建物)+車位,臺南市永康區東橋五路１６１號八樓之６,9.59,商,,,1091203,土地1建物1車位1,八層,二十三層,住宅大樓(11層含以上有電梯),住家用,鋼筋混凝土造,1150326,92.57,1,2,1,有,有,6080000,64960,坡道機械,10.52,750000,預售屋、或土地及建物分件登記案件；,RPXNMLKLOHLGFKD76DA,49.28,0.0,3.46,有,
永康區,房地(土地+建物)+車位,臺南市永康區東橋五路１５９號二樓之５,15.92,商,,,1091201,土地1建物1車位1,二層,二十三層,住宅大樓(11層含以上有電梯),住家用,鋼筋混凝土造,1150326,153.81,2,2,2,有,有,10000000,68205,坡道平面,27.72,1400000,預售屋、或土地及建物分件登記案件；,RPUQMLKLOHLGFKD76DA,77.75,0.0,3.41,有,
永康區,房地(土地+建物)+車位,臺南市永康區東橋五路１５９號十七樓之５,15.92,商,,,1091205,土地1建物1車位1,十七層,二十三層,住宅大樓(11層含以上有電梯),住家用,鋼筋混凝土造,1150326,153.81,2,2,2,有,有,11230000,77564,坡道平面,27.72,1450000,預售屋、或土地及建物分件登記案件；,RPQTMLOLOHLGFKD07DA,77.75,0.0,3.41,有,
永康區,房地(土地+建物)+車位,臺南市永康區東橋五路１６１號十五樓之５,13.4,商,,,1091106,土地1建物1車位1,十五層,二十三層,住宅大樓(11層含以上有電梯),住家用,鋼筋混凝土造,1150326,133.64999999999998,2,2,2,有,有,9180000,72973,坡道平面,27.72,1450000,111.04.18轉讓權利讓與金額1050萬預售屋、或土地及建物分件登記案件；,RPVNMLKLOHLGFKD56DA,63.46,0.0,4.87,有,
永康區,房地(土地+建物)+車位,臺南市永康區東橋五路１６３號二十二樓之５,12.65,商,,,1091101,土地1建物1車位1,二十二層,二十三層,住宅大樓(11層含以上有電梯),住家用,鋼筋混凝土造,1150326,127.74,1,2,1,有,有,9510000,81420,坡道平面,30.59,1600000,預售屋、或土地及建物分件登記案件；,RPWOMLKLOHLGFKD76DA,57.11,0.0,5.31,有,
永康區,房地(土地+建物)+車位,臺南市永康區東橋五路１５９號八樓之５,15.92,商,,,1091120,土地1建物1車位1,八層,二十三層,住宅大樓(11層含以上有電梯),住家用,鋼筋混凝土造,1150326,153.81,2,2,2,有,有,10420000,71536,坡道平面,27.72,1400000,預售屋、或土地及建物分件登記案件；,RPWQMLKLOHLGFKD96DA,77.75,0.0,3.41,有,
永康區,房地(土地+建物)+車位,臺南市永康區東橋五路１５９號十樓之５,15.92,商,,,1091109,土地1建物1車位1,十層,二十三層,住宅大樓(11層含以上有電梯),住家用,鋼筋混凝土造,1150326,153.81,2,2,2,有,有,10600000,72567,坡道平面,27.72,1450000,預售屋、或土地及建物分件登記案件；,RPXQMLKLOHLGFKD07DA,77.75,0.0,3.41,有,
永康區,房地(土地+建物)+車位,臺南市永康區東橋五路１５９號十二樓之５,15.92,商,,,1091101,土地1建物1車位1,十二層,二十三層,住宅大樓(11層含以上有電梯),住家用,鋼筋混凝土造,1150326,153.81,2,2,2,有,有,10520000,71933,坡道平面,27.72,1450000,預售屋、或土地及建物分件登記案件；,RPORMLKLOHLGFKD88DA,77.75,0.0,3.41,有,
永康區,房地(土地+建物)+車位,臺南市永康區東橋五路１５９號二十二樓之５,15.92,商,,,1091109,土地1建物1車位1,二十二層,二十三層,住宅大樓(11層含以上有電梯),住家用,鋼筋混凝土造,1150326,153.81,2,2,2,有,有,11200000,76136,坡道平面,27.72,1600000,115.03.06轉讓權利讓與金額相同預售屋、或土地及建物分件登記案件；,RPQRMLKLOHLGFKD09DA,77.75,0.0,3.41,有,
永康區,房地(土地+建物)+車位,臺南市永康區東橋五路１５９號四樓之７,15.1,商,,,1091110,土地1建物1車位1,四層,二十三層,住宅大樓(11層含以上有電梯),住家用,鋼筋混凝土造,1150326,146.32999999999998,2,2,2,有,有,9490000,68628,坡道平面,27.72,1350000,預售屋、或土地及建物分件登記案件；,RPTRMLKLOHLGFKD76DA,72.94,0.0,3.29,有,
永康區,房地(土地+建物)+車位,臺南市永康區東橋五路１６１號十七樓之８,10.68,商,,,1091119,土地1建物1車位1,十七層,二十三層,住宅大樓(11層含以上有電梯),住家用,鋼筋混凝土造,1150326,104.8,1,2,1,有,有,7680000,74035,坡道機械,10.52,700000,113.6.7轉讓權利讓與金額1038萬元預售屋、或土地及建物分件登記案件；,RPXRMLOLOHLGFKD57DA,55.49,0.0,5.02,有,
永康區,房地(土地+建物)+車位,臺南市永康區東橋五路１６１號十八樓之１,15.17,商,,,1091106,土地1建物1車位1,十八層,二十三層,住宅大樓(11層含以上有電梯),住家用,鋼筋混凝土造,1150326,152.48000000000002,2,2,2,有,有,11900000,82158,坡道平面,27.72,1650000,110.6.18轉讓權利讓與金額相同112.8.8再轉讓權利讓與金額1529萬元114.2.20再轉讓權利讓與金額1529萬元預售屋、或土地及建物分件登記案件；,RPRPMLLJPHLGFKD98DA,73.27,0.0,6.88,有,
永康區,房地(土地+建物)+車位,臺南市永康區東橋五路１６３號十九樓之２,12.52,商,,,1091017,土地1建物1車位1,十九層,二十三層,住宅大樓(11層含以上有電梯),住家用,鋼筋混凝土造,1150326,122.45,1,2,1,有,有,8000000,72311,坡道平面,27.72,1150000,111.10.27轉讓權利讓與金額805萬元115.1.24再轉讓權利讓與金額855萬元預售屋、或土地及建物分件登記案件；,RPUOMLKLOHLGFKD56DA,57.68,0.0,3.27,有,
永康區,房地(土地+建物)+車位,臺南市永康區東橋五路１６５號,17.76,商,,,1091014,土地1建物1車位1,一層,二十三層,住宅大樓(11層含以上有電梯),商業用,鋼筋混凝土造,1150326,148.46,0,0,0,無,有,18650000,143697,坡道平面,27.72,1300000,預售屋、或土地及建物分件登記案件；,RPPNMLLLOHLGFKD68DA,86.64,0.0,0.0,有,
永康區,房地(土地+建物)+車位,臺南市永康區東橋五路１６１號八樓之３,15.51,商,,,1091011,土地1建物1車位1,八層,二十三層,住宅大樓(11層含以上有電梯),住家用,鋼筋混凝土造,1150326,155.75,2,2,2,有,有,9940000,67484,坡道平面,27.72,1300000,115.4.10轉讓權利讓與金額相同預售屋、或土地及建物分件登記案件；,RPPRMLOLOHLGFKD76DA,75.51,0.0,6.63,有,
永康區,房地(土地+建物)+車位,臺南市永康區東橋五路１５９號七樓之５,15.92,商,,,1091012,土地1建物1車位1,七層,二十三層,住宅大樓(11層含以上有電梯),住家用,鋼筋混凝土造,1150326,153.81,2,2,2,有,有,10300000,70188,坡道平面,27.72,1450000,111.1.14轉讓權利讓與金額相同預售屋、或土地及建物分件登記案件；,RPPTMLOLOHLGFKD96DA,77.75,0.0,3.41,有,
永康區,房地(土地+建物)+車位,臺南市永康區東橋五路１６３號十七樓之９,13.06,商,,,1090902,土地1建物1車位1,十七層,二十三層,住宅大樓(11層含以上有電梯),住家用,鋼筋混凝土造,1150326,130.93,1,2,2,有,有,8130000,65207,坡道平面,27.72,1400000,預售屋、或土地及建物分件登記案件；,RPUPMLKLOHLGFKD66DA,61.53,0.0,5.03,有,
永康區,房地(土地+建物)+車位,臺南市永康區東橋五路１５９號十一樓之１,15.31,商,,,1090919,土地1建物1車位1,十一層,二十三層,住宅大樓(11層含以上有電梯),住家用,鋼筋混凝土造,1150326,148.44,2,2,2,有,有,9700000,68754,坡道平面,27.72,1400000,預售屋、或土地及建物分件登記案件；,RPWPMLKLOHLGFKD86DA,73.99,0.0,3.71,有,
永康區,房地(土地+建物)+車位,臺南市永康區東橋五路１５９號二十樓之７,15.1,商,,,1090914,土地1建物1車位1,二十層,二十三層,住宅大樓(11層含以上有電梯),住家用,鋼筋混凝土造,1150326,146.32999999999998,2,2,2,有,有,9750000,68713,坡道平面,27.72,1600000,預售屋、或土地及建物分件登記案件；,RPXRMLKLOHLGFKD17DA,72.94,0.0,3.29,有,
永康區,房地(土地+建物)+車位,臺南市永康區東橋五路１６３號二樓之９,11.5,商,,,1090908,土地1建物1車位1,二層,二十三層,住宅大樓(11層含以上有電梯),住家用,鋼筋混凝土造,1150326,113.72,1,2,2,有,有,6750000,58624,坡道機械,10.52,700000,預售屋、或土地及建物分件登記案件；,RPUSMLOLOHLGFKD37DA,61.53,0.0,5.03,有,
永康區,房地(土地+建物)+車位,臺南市永康區東橋五路１５９號十八樓之２,8.78,商,,,1090813,土地1建物1車位1,十八層,二十三層,住宅大樓(11層含以上有電梯),住家用,鋼筋混凝土造,1150326,85.1,0,0,0,無,有,5430000,63422,坡道機械,10.52,700000,預售屋、或土地及建物分件登記案件；,RPOQMLKLOHLGFKD78DA,44.87,0.0,2.95,有,
永康區,房地(土地+建物)+車位,臺南市永康區東橋五路１５９號十九樓之２,8.78,商,,,1090815,土地1建物1車位1,十九層,二十三層,住宅大樓(11層含以上有電梯),住家用,鋼筋混凝土造,1150326,85.1,0,0,0,無,有,5460000,63824,坡道機械,10.52,700000,預售屋、或土地及建物分件登記案件；,RPQQMLKLOHLGFKD98DA,44.87,0.0,2.95,有,
永康區,房地(土地+建物)+車位,臺南市永康區東橋五路１５９號十五樓之６,10.41,商,,,1090816,土地1建物1車位1,十五層,二十三層,住宅大樓(11層含以上有電梯),住家用,鋼筋混凝土造,1150326,101.31,1,2,1,有,有,6700000,64985,坡道機械,10.52,800000,112.05.11轉讓權利讓與金額680萬元預售屋、或土地及建物分件登記案件；,RPRRMLKLOHLGFKD56DA,53.82,0.0,4.47,有,
永康區,房地(土地+建物)+車位,臺南市永康區東橋五路１５９號九樓之７,15.1,商,,,1090811,土地1建物1車位1,九層,二十三層,住宅大樓(11層含以上有電梯),住家用,鋼筋混凝土造,1150326,146.32999999999998,2,2,2,有,有,9450000,67448,坡道平面,27.72,1450000,預售屋、或土地及建物分件登記案件；,RPVRMLKLOHLGFKD96DA,72.94,0.0,3.29,有,
永康區,房地(土地+建物)+車位,臺南市永康區東橋五路１６３號三樓之９,11.5,商,,,1090821,土地1建物1車位1,三層,二十三層,住宅大樓(11層含以上有電梯),住家用,鋼筋混凝土造,1150326,113.72,1,2,2,有,有,6900000,60078,坡道機械,10.52,700000,預售屋、或土地及建物分件登記案件；,RPQNMLQJPHLGFKD56DA,61.53,0.0,5.03,有,
永康區,房地(土地+建物)+車位,臺南市永康區東橋五路１５９號十九樓之５,15.92,商,,,1090725,土地1建物1車位1,十九層,二十三層,住宅大樓(11層含以上有電梯),住家用,鋼筋混凝土造,1150326,153.81,2,2,2,有,有,10000000,68205,坡道平面,27.72,1400000,115.04.30轉讓權利讓與金額相同預售屋、或土地及建物分件登記案件；,RPPRMLKLOHLGFKD98DA,77.75,0.0,3.41,有,
永康區,房地(土地+建物)+車位,臺南市永康區東橋五路１５９號十九樓之６,11.91,商,,,1090602,土地1建物1車位1,十九層,二十三層,住宅大樓(11層含以上有電梯),住家用,鋼筋混凝土造,1150326,118.52,1,2,1,有,有,7330000,65859,坡道平面,27.72,1350000,預售屋、或土地及建物分件登記案件；,RPROMLMLOHLGFKD09DA,53.82,0.0,4.47,有,
永康區,房地(土地+建物)+車位,臺南市永康區東橋五路１６１號十七樓之１,15.17,商,,,1090511,土地1建物1車位1,十七層,二十三層,住宅大樓(11層含以上有電梯),住家用,鋼筋混凝土造,1150326,152.48000000000002,2,2,2,有,有,10850000,74142,坡道平面,27.72,1600000,預售屋、或土地及建物分件登記案件；,RPSNMLKLOHLGFKD88DA,73.27,0.0,6.88,有,
永康區,房地(土地+建物)+車位,臺南市永康區東橋五路１５９號七樓之１１,10.41,商,,,1090501,土地1建物1車位1,七層,二十三層,住宅大樓(11層含以上有電梯),住家用,鋼筋混凝土造,1150326,101.31,1,2,1,有,有,6200000,60579,坡道機械,10.52,700000,預售屋、或土地及建物分件登記案件；,RPVSMLKLOHLGFKD07DA,53.82,0.0,4.47,有,
永康區,房地(土地+建物)+車位,臺南市永康區東橋五路１５９號十六樓之１１,10.41,商,,,1090517,土地1建物1車位1,十六層,二十三層,住宅大樓(11層含以上有電梯),住家用,鋼筋混凝土造,1150326,101.31,1,2,1,有,有,6670000,63553,坡道機械,10.52,900000,115.4.17轉讓權利轉讓金額相同預售屋、或土地及建物分件登記案件；,RPWSMLKLOHLGFKD17DA,53.82,0.0,4.47,有,
永康區,房地(土地+建物)+車位,臺南市永康區東橋五路１５９號七樓之１０,14.49,商,,,1090509,土地1建物1車位1,七層,二十三層,住宅大樓(11層含以上有電梯),住家用,鋼筋混凝土造,1150326,141.78,2,2,2,有,有,8500000,63563,坡道平面,27.72,1250000,115.01.21轉讓權利轉讓金額相同預售屋、或土地及建物分件登記案件；,RPPOMLMLOHLGFKD88DA,69.56,0.0,3.71,有,
永康區,房地(土地+建物)+車位,臺南市永康區東橋五路１６１號二十一樓之６,11.09,商,,,1090408,土地1建物1車位1,二十一層,二十三層,住宅大樓(11層含以上有電梯),住家用,鋼筋混凝土造,1150326,109.78,1,2,1,有,有,7000000,68243,坡道平面,27.72,1400000,114.11.13轉讓權利讓與金額相同預售屋、或土地及建物分件登記案件；,RPOOMLKLOHLGFKD58DA,49.28,0.0,3.46,有,
永康區,房地(土地+建物)+車位,臺南市永康區東橋五路１６３號十六樓之８,9.18,商,,,1090402,土地1建物1車位1,十六層,二十三層,住宅大樓(11層含以上有電梯),住家用,鋼筋混凝土造,1150326,92.63999999999999,0,0,0,無,有,5180000,61306,坡道平面,27.72,1200000,110.11.29轉讓權利讓與金額534萬元預售屋、或土地及建物分件登記案件；,RPRPMLKLOHLGFKD98DA,38.79,0.0,2.87,有,
永康區,房地(土地+建物)+車位,臺南市永康區東橋五路１５９號八樓之３,8.78,商,,,1090425,土地1建物1車位1,八層,二十三層,住宅大樓(11層含以上有電梯),住家用,鋼筋混凝土造,1150326,85.09,0,0,0,無,有,4980000,58066,坡道機械,10.52,650000,115.4.30轉讓權利讓與金額相同預售屋、或土地及建物分件登記案件；,RPSQMLKLOHLGFKD56DA,44.86,0.0,2.95,有,
永康區,房地(土地+建物)+車位,臺南市永康區東橋五路１６３號七樓之７,7.69,商,,,1090419,土地1建物1車位1,七層,二十三層,住宅大樓(11層含以上有電梯),住家用,鋼筋混凝土造,1150326,75.44,0,0,0,無,有,4700000,58534,坡道機械,10.52,900000,110.04.21轉讓權利讓與金額相同114.10.18再轉讓權利讓與金額677萬5千元預售屋、或土地及建物分件登記案件；,RPQNMLMLOHLGFKD88DA,38.79,0.0,2.87,有,
永康區,房地(土地+建物)+車位,臺南市永康區東橋五路１６１號十一樓之１,15.17,商,,,1090401,土地1建物1車位1,十一層,二十三層,住宅大樓(11層含以上有電梯),住家用,鋼筋混凝土造,1150326,152.48000000000002,2,2,2,有,有,9850000,68131,坡道平面,27.72,1350000,113.2.2轉讓權利讓與金額相同預售屋、或土地及建物分件登記案件；,RPWQMLOLOHLGFKD37DA,73.27,0.0,6.88,有,
永康區,房地(土地+建物)+車位,臺南市永康區東橋五路１６１號三樓之７,13.4,商,,,1090312,土地1建物1車位1,三層,二十三層,住宅大樓(11層含以上有電梯),住家用,鋼筋混凝土造,1150326,133.22,2,2,2,有,有,7900000,62559,坡道平面,27.72,1300000,預售屋、或土地及建物分件登記案件；,RPPOMLKLOHLGFKD68DA,63.14,0.0,4.76,有,
永康區,房地(土地+建物)+車位,臺南市永康區東橋五路１５９號二十三樓之８,8.84,商,,,1090315,土地1建物1車位1,二十三層,二十三層,住宅大樓(11層含以上有電梯),住家用,鋼筋混凝土造,1150326,86.31,0,0,0,無,有,5750000,63993,坡道機械,10.52,900000,115.2.4轉讓權利轉讓金額相同預售屋、或土地及建物分件登記案件；,RPRSMLKLOHLGFKD66DA,44.86,0.0,3.85,有,
永康區,房地(土地+建物)+車位,臺南市永康區東橋五路１５９號十四樓之７,8.84,商,,,1090211,土地1建物1車位1,十四層,二十三層,住宅大樓(11層含以上有電梯),住家用,鋼筋混凝土造,1150326,86.31,0,0,0,無,有,5450000,62673,坡道機械,10.52,700000,110.11.15轉讓權利轉讓金額565萬元115.3.30再轉讓權利轉讓金額相同預售屋、或土地及建物分件登記案件；,RPPSMLKLOHLGFKD09DA,44.86,0.0,3.85,有,
永康區,房地(土地+建物)+車位,臺南市永康區東橋五路１６１號十五樓之８,12.18,商,,,1081203,土地1建物1車位1,十五層,二十三層,住宅大樓(11層含以上有電梯),住家用,鋼筋混凝土造,1150326,122.00999999999999,1,2,1,有,有,7550000,66285,坡道平面,27.72,1300000,預售屋、或土地及建物分件登記案件；,RPROMLKLOHLGFKD88DA,55.49,0.0,5.02,有,
永康區,房地(土地+建物)+車位,臺南市永康區東橋五路１６３號十六樓之２,12.52,商,,,1081223,土地1建物1車位1,十六層,二十三層,住宅大樓(11層含以上有電梯),住家用,鋼筋混凝土造,1150326,122.45,1,2,1,有,有,7980000,71044,坡道平面,27.72,1250000,預售屋、或土地及建物分件登記案件；,RPTPMLLJPHLGFKD56DA,57.68,0.0,3.27,有,
永康區,房地(土地+建物)+車位,臺南市永康區東橋五路１６３號二十一樓之２,12.52,商,,,1081118,土地1建物1車位1,二十一層,二十三層,住宅大樓(11層含以上有電梯),住家用,鋼筋混凝土造,1150326,122.45,1,2,1,有,有,8110000,72416,坡道平面,27.72,1250000,113.05.20轉讓權利讓與金額相同預售屋、或土地及建物分件登記案件；,RPVOMLKLOHLGFKD66DA,57.68,0.0,3.27,有,
永康區,房地(土地+建物)+車位,臺南市永康區東橋五路１５９號十一樓之９,10.34,商,,,1081102,土地1建物1車位1,十一層,二十三層,住宅大樓(11層含以上有電梯),住家用,鋼筋混凝土造,1150326,103.53,0,0,0,無,有,5900000,61997,坡道平面,27.72,1200000,110.12.09轉讓權利轉讓金額630萬元111.05.18再轉讓權利轉讓金額750萬元預售屋、或土地及建物分件登記案件；,RPSSMLKLOHLGFKD76DA,44.87,0.0,3.85,有,
永康區,房地(土地+建物)+車位,臺南市永康區東橋五路１５９號十九樓之９,10.34,商,,,1081101,土地1建物1車位1,十九層,二十三層,住宅大樓(11層含以上有電梯),住家用,鋼筋混凝土造,1150326,103.53,0,0,0,無,有,6030000,64371,坡道平面,27.72,1150000,114.07.04轉讓權利轉讓金額930萬元預售屋、或土地及建物分件登記案件；,RPTSMLKLOHLGFKD86DA,44.87,0.0,3.85,有,
永康區,房地(土地+建物)+車位,臺南市永康區東橋五路１６１號十九樓之２,12.52,商,,,1081118,土地1建物1車位1,十九層,二十三層,住宅大樓(11層含以上有電梯),住家用,鋼筋混凝土造,1150326,122.77000000000001,1,2,1,有,有,8080000,71857,坡道平面,27.72,1250000,預售屋、或土地及建物分件登記案件；,RPORMLOLOHLGFKD66DA,57.68,0.0,3.27,有,
永康區,房地(土地+建物)+車位,臺南市永康區東橋五路１６１號六樓之６,11.09,商,,,1081101,土地1建物1車位1,六層,二十三層,住宅大樓(11層含以上有電梯),住家用,鋼筋混凝土造,1150326,109.78,1,2,1,有,有,6480000,64343,坡道平面,27.72,1200000,110.6.9轉讓權利讓與金額相同114.8.2再轉讓權利讓與金額910萬元預售屋、或土地及建物分件登記案件；,RPSPMLLJPHLGFKD09DA,49.28,0.0,3.46,有,
永康區,房地(土地+建物)+車位,臺南市永康區東橋五路１６１號十一樓之３,15.51,商,,,1081014,土地1建物1車位1,十一層,二十三層,住宅大樓(11層含以上有電梯),住家用,鋼筋混凝土造,1150326,155.75,2,2,2,有,有,10100000,68734,坡道平面,27.72,1300000,115.3.18轉讓權利讓與金額1014萬預售屋、或土地及建物分件登記案件；,RPUNMLKLOHLGFKD09DA,75.51,0.0,6.63,有,
永康區,房地(土地+建物)+車位,臺南市永康區東橋五路１６３號二樓之２,12.52,商,,,1081006,土地1建物1車位1,二層,二十三層,住宅大樓(11層含以上有電梯),住家用,鋼筋混凝土造,1150326,122.45,1,2,1,有,有,7340000,65871,坡道平面,27.72,1100000,112.8.21轉讓權利讓與金額965萬元預售屋、或土地及建物分件登記案件；,RPSOMLKLOHLGFKD98DA,57.68,0.0,3.27,有,
永康區,房地(土地+建物)+車位,臺南市永康區東橋五路１６３號十八樓之２,12.52,商,,,1081017,土地1建物1車位1,十八層,二十三層,住宅大樓(11層含以上有電梯),住家用,鋼筋混凝土造,1150326,122.45,1,2,1,有,有,7930000,71572,坡道平面,27.72,1150000,預售屋、或土地及建物分件登記案件；,RPTOMLKLOHLGFKD09DA,57.68,0.0,3.27,有,
永康區,房地(土地+建物)+車位,臺南市永康區東橋五路１６３號九樓之６,14.63,商,,,1081019,土地1建物1車位1,九層,二十三層,住宅大樓(11層含以上有電梯),住家用,鋼筋混凝土造,1150326,144.31,2,2,2,有,有,9100000,67330,坡道平面,27.72,1250000,預售屋、或土地及建物分件登記案件；,RPXOMLKLOHLGFKD86DA,69.99,0.0,4.85,有,
永康區,房地(土地+建物),臺南市永康區東橋五路１６３號十六樓之７,6.74,商,,,1081005,土地1建物1車位0,十六層,二十三層,住宅大樓(11層含以上有電梯),住家用,鋼筋混凝土造,1150326,64.92,0,0,0,無,有,4180000,64387,,0.0,0,預售屋、或土地及建物分件登記案件；,RPPPMLKLOHLGFKD78DA,38.79,0.0,2.87,有,
永康區,房地(土地+建物)+車位,臺南市永康區東橋五路１６３號十一樓之９,12.99,商,,,1081013,土地1建物1車位1,十一層,二十三層,住宅大樓(11層含以上有電梯),住家用,鋼筋混凝土造,1150326,130.93,1,2,2,有,有,7700000,60556,坡道平面,27.72,1450000,112.6.26轉讓權利讓與金額相同預售屋、或土地及建物分件登記案件；,RPTPMLKLOHLGFKD56DA,61.53,0.0,5.03,有,
永康區,房地(土地+建物)+車位,臺南市永康區東橋五路１６１號十樓之６,9.59,商,,,1081009,土地1建物1車位1,十層,二十三層,住宅大樓(11層含以上有電梯),住家用,鋼筋混凝土造,1150326,92.57,1,2,1,有,有,6130000,65570,坡道機械,10.52,750000,114.1.13轉讓權利讓與金額1000萬元預售屋、或土地及建物分件登記案件；,RPURMLOLOHLGFKD27DA,49.28,0.0,3.46,有,
永康區,房地(土地+建物)+車位,臺南市永康區東橋五路１６３號十一樓之１,15.51,商,,,1081011,土地1建物1車位1,十一層,二十三層,住宅大樓(11層含以上有電梯),住家用,鋼筋混凝土造,1150326,155.43,2,2,2,有,有,9930000,68358,坡道平面,27.72,1200000,110.11.17轉讓權利讓與金額1165萬元預售屋、或土地及建物分件登記案件；,RPPSMLOLOHLGFKD86DA,75.51,0.0,6.63,有,
永康區,房地(土地+建物)+車位,臺南市永康區東橋五路１６３號五樓之６,14.63,商,,,1081014,土地1建物1車位1,五層,二十三層,住宅大樓(11層含以上有電梯),住家用,鋼筋混凝土造,1150326,144.31,2,2,2,有,有,8870000,65786,坡道平面,27.72,1200000,預售屋、或土地及建物分件登記案件；,RPSSMLOLOHLGFKD17DA,69.99,0.0,4.85,有,
永康區,房地(土地+建物),臺南市永康區東橋五路１６３號四樓之８,6.74,商,,,1081014,土地1建物1車位0,四層,二十三層,住宅大樓(11層含以上有電梯),住家用,鋼筋混凝土造,1150326,64.92,0,0,0,無,有,3850000,59304,,0.0,0,預售屋、或土地及建物分件登記案件；,RPTSMLOLOHLGFKD27DA,38.79,0.0,2.87,有,
永康區,房地(土地+建物)+車位,臺南市永康區東橋五路１６３號十六樓之９,13.06,商,,,1081018,土地1建物1車位1,十六層,二十三層,住宅大樓(11層含以上有電梯),住家用,鋼筋混凝土造,1150326,130.93,1,2,2,有,有,7750000,62494,坡道平面,27.72,1300000,預售屋、或土地及建物分件登記案件；,RPUOMLLJPHLGFKD56DA,61.53,0.0,5.03,有,
仁德區,土地,二空段529-3地號,35.03,都市：其他:道路用地,,,1080730,土地5建物0車位0,,,其他,,,,0.0,0,0,0,無,無,1613582,46063,,0.0,0,包含公共設施保留地用地；,RPROMLQLNHLGFID56DA,0.0,0.0,0.0,無,
