鄉鎮市區,交易標的,土地位置建物門牌,土地移轉總面積平方公尺,都市土地使用分區,非都市土地使用分區,非都市土地使用編定,交易年月日,交易筆棟數,移轉層次,總樓層數,建物型態,主要用途,主要建材,建築完成年月,建物移轉總面積平方公尺,建物現況格局-房,建物現況格局-廳,建物現況格局-衛,建物現況格局-隔間,有無管理組織,總價元,單價元平方公尺,車位類別,車位移轉總面積平方公尺,車位總價元,備註,編號,主建物面積,附屬建物面積,陽台面積,電梯,移轉編號
The villages and towns urban district,transaction sign,land sector position building sector house number plate,land shifting total area square meter,the use zoning or compiles and checks,the non-metropolis land use district,non-metropolis land use,transaction year month and day,transaction pen number,shifting level,total floor number,building state,main use,main building materials,construction to complete the years,building shifting total area,Building present situation pattern - room,building present situation pattern - hall,building present situation pattern - health,building present situation pattern - compartmented,Whether there is manages the organization,total price NTD,the unit price (NTD / square meter),the berth category,berth shifting total area square meter,the berth total price NTD,the note,serial number,main building area,auxiliary building area,balcony area,elevator,transaction number
中西區,房地(土地+建物),臺南市中西區康樂街１５６號八樓之１５,3.97,都市：其他:商業區,,,1150804,土地1建物1車位0,八層,十二層,住宅大樓(11層含以上有電梯),住家用,鋼筋混凝土造,0781002,37.42,1,0,1,有,有,2200000,58792,,0.0,0,,RPWOMLRJQHLGFAD09DA,27.21,0.0,3.06,有,
中西區,房地(土地+建物),臺南市中西區中華西路二段７８７號,113.07,都市：其他:住宅區,,,1150803,土地1建物1車位0,全,五層,透天厝,住商用,ＲＣ造,0930903,342.49,8,2,7,有,無,20000000,58396,,0.0,0,親友、員工、共有人或其他特殊關係間之交易；,RPQNMLLLQHLGFAD97DA,312.23,0.0,30.26,有,
東區,房地(土地+建物),臺南市東區德東街９號三樓,33.33,都市：其他:住宅區,,,1150811,土地1建物1車位0,三層,四層,公寓(5樓含以下無電梯),住家用,鋼筋混凝土造,0701013,89.41,2,1,1,有,無,3500000,39146,,0.0,0,,RPQOMLSKQHLGFCD88DA,54.76,0.0,10.25,無,001
新營區,車位,臺南市新營區中正路５５號地下室,6.98,都市：其他:住宅區,,,1150808,土地1建物1車位1,地下一層,十五層,其他,商業用,鋼筋混凝土造,0840224,64.99000000000001,0,0,0,無,有,900000,,坡道平面,0.0,0,車位編號6號僅車位交易；,RPTNMLOKQHLGFDD78DA,0.0,0.0,0.0,有,002
新營區,車位,臺南市新營區中正路５５號地下室,6.98,都市：其他:住宅區,,,1150808,土地1建物1車位1,地下一層,十五層,其他,商業用,鋼筋混凝土造,0840224,64.99000000000001,0,0,0,無,有,900000,,坡道平面,0.0,0,車位編號5號僅車位交易；,RPUNMLOKQHLGFDD88DA,0.0,0.0,0.0,有,002
鹽水區,土地,田寮段1830地號,181.5,,特定農業區,農牧用地,1150812,土地4建物0車位0,,,其他,,,,0.0,0,0,0,無,無,239580,1320,,0.0,0,協議價購；,RPWOMLRKQHLGFDD86DA,0.0,0.0,0.0,無,004
鹽水區,土地,田寮段595-3地號,46.0,,特定農業區,農牧用地,1150812,土地2建物0車位0,,,其他,,,,0.0,0,0,0,無,無,60720,1320,,0.0,0,協議價購；,RPWPMLRKQHLGFDD96DA,0.0,0.0,0.0,無,005
鹽水區,土地,田寮段1841地號,2349.0,,特定農業區,農牧用地,1150812,土地1建物0車位0,,,其他,,,,0.0,0,0,0,無,無,3335580,1420,,0.0,0,協議價購；,RPOQMLRKQHLGFDD88DA,0.0,0.0,0.0,無,
鹽水區,土地,田寮段1828地號,3636.0,,特定農業區,農牧用地,1150812,土地2建物0車位0,,,其他,,,,0.0,0,0,0,無,無,5417640,1490,,0.0,0,協議價購；,RPPQMLRKQHLGFDD98DA,0.0,0.0,0.0,無,
鹽水區,土地,田寮段1851地號,1625.0,,特定農業區,農牧用地,1150812,土地1建物0車位0,,,其他,,,,0.0,0,0,0,無,無,2307500,1420,,0.0,0,協議價購；,RPQQMLRKQHLGFDD09DA,0.0,0.0,0.0,無,
鹽水區,土地,田寮段1842地號,671.0,,特定農業區,農牧用地,1150812,土地1建物0車位0,,,其他,,,,0.0,0,0,0,無,無,952820,1420,,0.0,0,協議價購；,RPRQMLRKQHLGFDD56DA,0.0,0.0,0.0,無,006
鹽水區,土地,田寮段1842地號,672.0,,特定農業區,農牧用地,1150812,土地1建物0車位0,,,其他,,,,0.0,0,0,0,無,無,954240,1420,,0.0,0,協議價購；,RPSQMLRKQHLGFDD66DA,0.0,0.0,0.0,無,006
鹽水區,土地,田寮段1813地號,5268.0,,特定農業區,農牧用地,1150812,土地2建物0車位0,,,其他,,,,0.0,0,0,0,無,無,7849320,1490,,0.0,0,協議價購；,RPTQMLRKQHLGFDD76DA,0.0,0.0,0.0,無,
鹽水區,土地,田寮段1852地號,2765.0,,特定農業區,農牧用地,1150812,土地2建物0車位0,,,其他,,,,0.0,0,0,0,無,無,3825300,1383,,0.0,0,協議價購；,RPUQMLRKQHLGFDD86DA,0.0,0.0,0.0,無,
鹽水區,土地,田寮段589地號,600.0,,特定農業區,農牧用地,1150812,土地3建物0車位0,,,其他,,,,0.0,0,0,0,無,無,792000,1320,,0.0,0,協議價購；,RPVQMLRKQHLGFDD96DA,0.0,0.0,0.0,無,
鹽水區,土地,田寮段1842地號,672.0,,特定農業區,農牧用地,1150812,土地1建物0車位0,,,其他,,,,0.0,0,0,0,無,無,954240,1420,,0.0,0,協議價購；,RPWQMLRKQHLGFDD07DA,0.0,0.0,0.0,無,006
東山區,土地,東河段1028-1地號,93.8,,一般農業區,農牧用地,1150803,土地2建物0車位0,,,其他,,,,0.0,0,0,0,無,無,89112,950,,0.0,0,協議價購；,RPUNMLNKQHLGFED88DA,0.0,0.0,0.0,無,
東山區,土地,田尾段764-3地號,180.0,,一般農業區,農牧用地,1150803,土地1建物0車位0,,,其他,,,,0.0,0,0,0,無,無,163800,910,,0.0,0,協議價購；,RPVNMLNKQHLGFED98DA,0.0,0.0,0.0,無,
東山區,土地,東河段1059地號,10.84,,一般農業區,農牧用地,1150803,土地1建物0車位0,,,其他,,,,0.0,0,0,0,無,無,10295,950,,0.0,0,協議價購；,RPPNMLOKQHLGFED48DA,0.0,0.0,0.0,無,009
東山區,土地,東河段1054-2地號,286.32,,一般農業區,農牧用地,1150803,土地1建物0車位0,,,其他,,,,0.0,0,0,0,無,無,260547,910,,0.0,0,協議價購；,SPPNMLOKQHLGFED58DA,0.0,0.0,0.0,無,010
東山區,土地,東河段1047-1地號,514.37,,一般農業區,農牧用地,1150803,土地2建物0車位0,,,其他,,,,0.0,0,0,0,無,無,524658,1020,,0.0,0,協議價購；,RPUNMLOKQHLGFED98DA,0.0,0.0,0.0,無,011
柳營區,房地(土地+建物),臺南市柳營區篤農里１８鄰小腿３３８號之８,2646.83,,特定農業區,農牧用地,1150804,土地2建物1車位0,全,三層,透天厝,農業用,鋼筋混凝土造,0930127,406.17,6,2,4,有,無,19600000,48256,,0.0,0,,RPQNMLKLQHLGFDD28EA,402.01,0.0,4.16,無,
安平區,房地(土地+建物)+車位,臺南市安平區永華二街４１巷５０號四樓之３,14.93,都市：其他:第五種住宅區,,,1150811,土地1建物1車位1,四層,七層,華廈(10層含以下有電梯),住家用,鋼筋混凝土造,0821018,88.21000000000001,2,1,1,有,有,5500000,62351,坡道機械,0.0,0,,RPPNMLQKQHLGFAD28DA,49.13,0.0,8.39,有,
北區,房地(土地+建物),臺南市北區成功路２號十一樓之３１,2.72,都市：其他:細部計畫道路用地,,,1150803,土地4建物1車位0,十一層,十四層,住宅大樓(11層含以上有電梯),住家用,鋼筋混凝土造,0731228,38.98,1,0,1,有,有,1700000,43612,,0.0,0,,RPQOMLSKQHLGFAD68DA,29.13,0.0,0.0,有,012
安南區,房地(土地+建物)+車位,臺南市安南區淵西路１６５號四樓之３,44.27,都市：其他:住宅區,,,1150814,土地1建物1車位1,四層,五層,華廈(10層含以下有電梯),住家用,鋼筋混凝土造,1150127,132.14000000000001,3,2,2,有,無,10120000,77783,一樓平面,14.89,1000000,,RPVNMLRKQHLGFBD09DA,76.12,0.0,7.64,有,013
安南區,房地(土地+建物)+車位,臺南市安南區淵西路１６５號四樓之２,44.27,都市：其他:住宅區,,,1150814,土地1建物1車位1,四層,五層,華廈(10層含以下有電梯),住家用,鋼筋混凝土造,1150127,132.14000000000001,3,2,2,有,無,10120000,77783,一樓平面,14.89,1000000,,RPWNMLRKQHLGFBD56DA,76.12,0.0,7.64,有,014
東區,房地(土地+建物),臺南市東區林森路二段１９２巷２４弄７７號之２,33.31,都市：其他:住宅區,,,1150804,土地23建物1車位0,三層,五層,公寓(5樓含以下無電梯),住家用,鋼筋混凝土造,0721118,95.23,3,2,1,有,無,2100000,22050,,0.0,0,,RPPNMLSKQHLGFCD68DA,75.92,0.0,8.84,無,015
東區,房地(土地+建物)+車位,臺南市東區崇德二十五街１０號二樓,24.76,都市：其他:住宅區,,,1150810,土地1建物1車位2,二層,十二層,住宅大樓(11層含以上有電梯),住家用,鋼筋混凝土造,0890621,194.12,3,2,2,有,有,13880000,71502,坡道平面,68.72,0,親友、員工、共有人或其他特殊關係間之交易；,RPROMLKLQHLGFCD28DA,88.93,0.0,11.75,有,
東山區,土地,東河段1028-1地號,184.82,,一般農業區,農牧用地,1150803,土地1建物0車位0,,,其他,,,,0.0,0,0,0,無,無,175579,950,,0.0,0,協議價購；,RPOOMLNKQHLGFED38DA,0.0,0.0,0.0,無,
東山區,土地,東河段1059地號,5.42,,一般農業區,農牧用地,1150803,土地1建物0車位0,,,其他,,,,0.0,0,0,0,無,無,5148,950,,0.0,0,協議價購；,RPQNMLOKQHLGFED58DA,0.0,0.0,0.0,無,009
東山區,土地,東河段1054-2地號,143.16,,一般農業區,農牧用地,1150803,土地1建物0車位0,,,其他,,,,0.0,0,0,0,無,無,130274,910,,0.0,0,協議價購；,SPQNMLOKQHLGFED68DA,0.0,0.0,0.0,無,010
東山區,土地,東河段1059地號,16.26,,一般農業區,農牧用地,1150803,土地1建物0車位0,,,其他,,,,0.0,0,0,0,無,無,15443,950,,0.0,0,協議價購；,RPRNMLOKQHLGFED68DA,0.0,0.0,0.0,無,009
東山區,土地,東河段1054-2地號,429.47,,一般農業區,農牧用地,1150803,土地1建物0車位0,,,其他,,,,0.0,0,0,0,無,無,390821,910,,0.0,0,協議價購；,SPRNMLOKQHLGFED78DA,0.0,0.0,0.0,無,010
東山區,土地,東河段1059地號,5.42,,一般農業區,農牧用地,1150803,土地1建物0車位0,,,其他,,,,0.0,0,0,0,無,無,5148,950,,0.0,0,協議價購；,RPSNMLOKQHLGFED78DA,0.0,0.0,0.0,無,009
東山區,土地,東河段1054-2地號,143.16,,一般農業區,農牧用地,1150803,土地1建物0車位0,,,其他,,,,0.0,0,0,0,無,無,130274,910,,0.0,0,協議價購；,SPSNMLOKQHLGFED88DA,0.0,0.0,0.0,無,010
東山區,土地,東河段1059地號,5.42,,一般農業區,農牧用地,1150803,土地1建物0車位0,,,其他,,,,0.0,0,0,0,無,無,5148,950,,0.0,0,協議價購；,RPTNMLOKQHLGFED88DA,0.0,0.0,0.0,無,009
東山區,土地,東河段1054-2地號,143.16,,一般農業區,農牧用地,1150803,土地1建物0車位0,,,其他,,,,0.0,0,0,0,無,無,130274,910,,0.0,0,協議價購；,SPTNMLOKQHLGFED98DA,0.0,0.0,0.0,無,010
東山區,土地,東河段1038-1地號,1055.67,,一般農業區,農牧用地,1150803,土地3建物0車位0,,,其他,,,,0.0,0,0,0,無,無,1045115,990,,0.0,0,協議價購；,RPVNMLOKQHLGFED09DA,0.0,0.0,0.0,無,
東山區,土地,東河段1035-1地號,14.71,,一般農業區,農牧用地,1150803,土地1建物0車位0,,,其他,,,,0.0,0,0,0,無,無,14567,990,,0.0,0,協議價購；,RPWNMLOKQHLGFED56DA,0.0,0.0,0.0,無,024
東山區,土地,東河段1050-1地號,5634.02,,一般農業區,農牧用地,1150803,土地2建物0車位0,,,其他,,,,0.0,0,0,0,無,無,5352315,950,,0.0,0,協議價購；,RPXNMLOKQHLGFED66DA,0.0,0.0,0.0,無,
東山區,土地,東河段1039-1地號,1220.77,,一般農業區,農牧用地,1150803,土地6建物0車位0,,,其他,,,,0.0,0,0,0,無,無,1208560,990,,0.0,0,協議價購；,RPOOMLOKQHLGFED48DA,0.0,0.0,0.0,無,024
東山區,土地,東河段1050-1地號,1788.56,,一般農業區,農牧用地,1150803,土地3建物0車位0,,,其他,,,,0.0,0,0,0,無,無,1714135,958,,0.0,0,協議價購；,RPPOMLOKQHLGFED58DA,0.0,0.0,0.0,無,024
東山區,土地,東河段1060地號,1070.29,,一般農業區,農牧用地,1150803,土地2建物0車位0,,,其他,,,,0.0,0,0,0,無,無,1016775,950,,0.0,0,協議價購；,RPQOMLOKQHLGFED68DA,0.0,0.0,0.0,無,009
東山區,土地,東河段1049-1地號,8404.7,,一般農業區,農牧用地,1150803,土地1建物0車位0,,,其他,,,,0.0,0,0,0,無,無,7984467,950,,0.0,0,協議價購；,RPROMLOKQHLGFED78DA,0.0,0.0,0.0,無,028
東山區,土地,東河段1054地號,7814.31,,一般農業區,農牧用地,1150803,土地4建物0車位0,,,其他,,,,0.0,0,0,0,無,無,7423595,950,,0.0,0,協議價購；,RPSOMLOKQHLGFED88DA,0.0,0.0,0.0,無,
東山區,土地,東河段1050-1地號,1413.61,,一般農業區,農牧用地,1150803,土地1建物0車位0,,,其他,,,,0.0,0,0,0,無,無,1342927,950,,0.0,0,協議價購；,RPTOMLOKQHLGFED98DA,0.0,0.0,0.0,無,
東山區,土地,田尾段789-6地號,255.0,,一般農業區,農牧用地,1150803,土地1建物0車位0,,,其他,,,,0.0,0,0,0,無,無,242250,950,,0.0,0,協議價購；,RPUOMLOKQHLGFED09DA,0.0,0.0,0.0,無,
東山區,土地,東河段1047-1地號,514.37,,一般農業區,農牧用地,1150803,土地2建物0車位0,,,其他,,,,0.0,0,0,0,無,無,524657,1020,,0.0,0,協議價購；,RPVOMLOKQHLGFED56DA,0.0,0.0,0.0,無,011
東山區,土地,東河段1049-1地號,959.87,,一般農業區,農牧用地,1150803,土地1建物0車位0,,,其他,,,,0.0,0,0,0,無,無,911875,950,,0.0,0,協議價購；,RPWOMLOKQHLGFED66DA,0.0,0.0,0.0,無,028
後壁區,土地,新港東段茄苳子小段555地號,2262.0,,特定農業區,農牧用地,1150817,土地2建物0車位0,,,其他,,,,0.0,0,0,0,無,無,3200000,1415,,0.0,0,,RPRNMLKLQHLGFED38DA,0.0,0.0,0.0,無,
麻豆區,土地,磚井段1044地號,124.9,都市：其他:農業區,,,1150812,土地1建物0車位0,,,其他,,,,0.0,0,0,0,無,無,1031674,8260,,0.0,0,政府機關標讓售；,RPPNMLLLQHLGFFD38DA,0.0,0.0,0.0,無,
七股區,土地,三聖段2088地號,338.51,,鄉村區,乙種建築用地,1150812,土地2建物0車位0,,,其他,,,,0.0,0,0,0,無,無,4450000,13146,,0.0,0,買方買清。2088地號按每坪5萬售出。急買急賣；,RPWNMLTKQHLGFGD27DA,0.0,0.0,0.0,無,
將軍區,土地,將軍段1220地號,633.0,,特定農業區,交通用地,1150812,土地1建物0車位0,,,其他,,,,0.0,0,0,0,無,無,200000,316,,0.0,0,包含公共設施保留地用地；,RPQNMLKLQHLGFGD48DA,0.0,0.0,0.0,無,031
新化區,土地,那拔段944地號,212.34,,鄉村區,乙種建築用地,1150803,土地1建物0車位0,,,其他,,,,0.0,0,0,0,無,無,650000,3061,,0.0,0,親友、員工、共有人或其他特殊關係間之交易；,RPVOMLSKQHLGFHD27DA,0.0,0.0,0.0,無,
仁德區,房地(土地+建物)+車位,臺南市仁德區德崙路３９５巷６號,55.36,都市：其他:住宅區,,,1150801,土地1建物1車位1,全,四層,透天厝,住家用,鋼筋混凝土造,0841016,128.39,4,2,3,有,無,5300000,41280,一樓平面,0.0,0,親友間之買賣，權利人土地及建物原持分各為1/3，買受取得土地及建物2/3，持分併計為1/1親友、員工、共有人或其他特殊關係間之交易；未登記建物；,RPPNMLQKQHLGFID09DA,118.43,0.0,9.95,無,
仁德區,土地,中清段377-13地號,29.11,都市：其他:農業區,,,1150806,土地1建物0車位0,,,其他,,,,0.0,0,0,0,無,無,990031,34010,,0.0,0,政府機關標讓售；,RPTNMLLLQHLGFID09DA,0.0,0.0,0.0,無,
永康區,車位,臺南市永康區勝學路２６０巷２號地下三層,1.91,都市：其他:住宅區,,,1150805,土地1建物1車位1,地下三層,十二層,其他,管理員室,鋼筋混凝土造,0880426,15.08,0,0,0,無,有,1250000,,坡道平面,14.99,1250000,買方繳土地增值稅5917元僅車位交易；,RPQNMLOKQHLGFKD56DA,0.0,0.0,0.0,有,032
新營區,土地,德隆段495-3地號,208.66,,一般農業區,甲種建築用地,1150812,土地1建物0車位0,,,其他,,,,0.0,0,0,0,無,無,3156000,15125,,0.0,0,,RPQNMLTKQHLGFDD09EA,0.0,0.0,0.0,無,
北區,房地(土地+建物)+車位,臺南市北區西門路四段５３３巷２８號十一樓之７,17.43,都市：其他:住宅區,,,1150808,土地1建物1車位1,十一層,十四層,住宅大樓(11層含以上有電梯),住家用,鋼筋混凝土造,1150506,115.09,2,2,1,有,有,10300000,89495,坡道平面,34.96,0,,RPSNMLLLQHLGFAD18DA,48.35,0.0,4.06,有,033
北區,房地(土地+建物),臺南市北區文賢一路２３巷１５號,85.55,都市：其他:住宅區,,,1150817,土地2建物1車位0,全,五層,透天厝,住家用,鋼筋混凝土造,0940316,221.91,5,2,4,有,無,16000000,72101,,0.0,0,其他增建；,RPTNMLLLQHLGFAD28DA,192.04,0.0,29.87,無,034
安南區,土地,州南段1795-1地號,455.32,都市：其他:住宅區,,,1150811,土地2建物0車位0,,,其他,,,,0.0,0,0,0,無,無,31710000,69643,,0.0,0,,RPRNMLSKQHLGFBD78DA,0.0,0.0,0.0,無,035
安南區,土地,州南段1795地號,1062.4,都市：其他:住宅區,,,1150811,土地2建物0車位0,,,其他,,,,0.0,0,0,0,無,無,73990000,69644,,0.0,0,,RPSNMLSKQHLGFBD88DA,0.0,0.0,0.0,無,
安南區,房地(土地+建物),臺南市安南區城北路７３６巷３７號,104.26,都市：其他:住宅區,,,1150819,土地1建物1車位0,全,三層,透天厝,住家用,鋼筋混凝土造,1140123,214.81,5,2,5,有,無,16500000,76812,,0.0,0,,RPTNMLTKQHLGFBD09DA,202.66,0.0,12.15,無,
東區,房地(土地+建物),臺南市東區崇善一街３巷６弄１８之４號,27.3,都市：其他:住宅區,,,1150810,土地1建物1車位0,五層,五層,公寓(5樓含以下無電梯),住家用,鋼筋混凝土造,0710226,107.36,3,1,1,有,無,2800000,26080,,0.0,0,親友、員工、共有人或其他特殊關係間之交易；,RPWNMLTKQHLGFCD86DA,77.61,0.0,17.25,無,
東山區,土地,東河段1054-1地號,6149.91,,一般農業區,農牧用地,1150803,土地3建物0車位0,,,其他,,,,0.0,0,0,0,無,無,5842419,950,,0.0,0,協議價購；,RPXOMLOKQHLGFED76DA,0.0,0.0,0.0,無,009
白河區,土地,詔安段176地號,457.0,,河川區,農牧用地,1150803,土地3建物0車位0,,,其他,,,,0.0,0,0,0,無,無,548400,1200,,0.0,0,協議價購；,RPQNMLKLQHLGFED28DA,0.0,0.0,0.0,無,
白河區,土地,詔安段184-1地號,386.0,,特定農業區,農牧用地,1150803,土地1建物0車位0,,,其他,,,,0.0,0,0,0,無,無,501800,1300,,0.0,0,協議價購；,SPQNMLKLQHLGFED38DA,0.0,0.0,0.0,無,
學甲區,土地,學甲段684-8地號,37.75,,一般農業區,交通用地,1150811,土地1建物0車位0,,,其他,,,,0.0,0,0,0,無,無,75500,2000,,0.0,0,協議價購；,RPRNMLTKQHLGFGD76DA,0.0,0.0,0.0,無,037
歸仁區,土地,歸仁北段1180-75地號,87.53,都市：其他:住宅區,,,1150810,土地11建物0車位0,,,其他,,,,0.0,0,0,0,無,無,1852700,21166,,0.0,0,親友、員工、共有人或其他特殊關係間之交易；,RPRNMLOKQHLGFID09DA,0.0,0.0,0.0,無,038
仁德區,房地(土地+建物),臺南市仁德區仁德四街１２巷１０號,76.08,都市：其他:第三種住宅區。,,,1150803,土地1建物1車位0,全,二層,透天厝,住商用,加強磚造,0691211,81.8,3,2,2,有,無,2014708,24630,,0.0,0,無另立私契  以當年度的公告現值為買賣總價親友、員工、共有人或其他特殊關係間之交易；,RPOOMLLLQHLGFID68DA,81.8,0.0,0.0,無,
永康區,房地(土地+建物),臺南市永康區中正七街１７號五樓之５,5.81,都市：其他:住宅區,,,1150808,土地1建物1車位0,五層,八層,華廈(10層含以下有電梯),住家用,鋼筋混凝土造,0840417,38.730000000000004,1,1,1,有,有,2450000,63258,,0.0,0,其他增建；,RPSOMLTKQHLGFKD37DA,22.17,0.0,0.0,有,
安南區,房地(土地+建物),臺南市安南區海環街７１５巷４１弄１５號,34.71,都市：其他:住宅區,,,1150817,土地1建物1車位0,全,二層,透天厝,住家用,加強磚造,0691126,34.51,0,0,0,無,無,1700000,49261,,0.0,0,親友、員工、共有人或其他特殊關係間之交易；,RPPNMLKLQHLGFBD97EA,34.51,0.0,0.0,無,
安南區,土地,草湖段847地號,807.35,都市：其他:住宅區,,,1150811,土地1建物0車位0,,,其他,,,,0.0,0,0,0,無,無,17366099,21510,,0.0,0,抵費地交易,RPPNMLLLQHLGFBD08EA,0.0,0.0,0.0,無,
安南區,土地,草湖段1102地號,239.28,都市：其他:住宅區,,,1150811,土地1建物0車位0,,,其他,,,,0.0,0,0,0,無,無,5000234,20897,,0.0,0,抵費地交易,RPQNMLLLQHLGFBD18EA,0.0,0.0,0.0,無,
安南區,土地,草湖段1103地號,1291.5,都市：其他:住宅區,,,1150811,土地1建物0車位0,,,其他,,,,0.0,0,0,0,無,無,25830000,20000,,0.0,0,抵費地交易,RPRNMLLLQHLGFBD28EA,0.0,0.0,0.0,無,
官田區,土地,角秀段580地號,289.51,都市：其他:住宅區,,,1150813,土地3建物0車位0,,,其他,,,,0.0,0,0,0,無,無,10587381,36570,,0.0,0,政府機關標讓售；,RPPNMLPLQHLGFFD88EA,0.0,0.0,0.0,無,
北區,土地,開元段319-15地號,2.6,都市：其他:細部計畫道路用地,,,1150804,土地1建物0車位0,,,其他,,,,0.0,0,0,0,無,無,135000,51923,,0.0,0,包含公共設施保留地用地；,RPVQMLNKQHLGFAD88DA,0.0,0.0,0.0,無,
北區,房地(土地+建物),臺南市北區長榮路四段１０２巷８號,56.0,都市：其他:商業區,,,1150806,土地4建物1車位0,全,二層,透天厝,住家用,加強磚造,0600908,71.6,3,2,2,有,無,5000000,69832,,0.0,0,親友、員工、共有人或其他特殊關係間之交易；,RPRQMLOKQHLGFAD58DA,71.6,0.0,0.0,無,
中西區,房地(土地+建物),臺南市中西區康樂街２７２號四樓之２,29.66,都市：其他:住宅區,,,1150801,土地2建物1車位0,四層，走廊,五層,公寓(5樓含以下無電梯),商業用,鋼筋混凝土造,0750915,111.9,3,2,2,有,無,4730000,42270,,0.0,0,陽台外推；,RPPNMLLLQHLGFAD87DA,86.37,0.0,9.8,無,
北區,房地(土地+建物),臺南市北區公園路２５７號十樓之２,12.19,都市：其他:商業區,,,1150804,土地2建物1車位0,十層,十層,華廈(10層含以下有電梯),商業用,鋼筋混凝土造,0780824,111.28,2,1,2,有,有,5200000,46729,,0.0,0,,RPQNMLPLQHLGFAD38DA,75.89,0.0,14.4,有,
東區,房地(土地+建物)+車位,臺南市東區崇慶街一段９２號十四樓之７,20.77,都市：其他:住宅區,,,1150815,土地1建物1車位1,十四層,十五層,住宅大樓(11層含以上有電梯),住家用,鋼筋混凝土造,1130816,144.05,3,2,2,有,有,16610000,130068,坡道平面,30.34,1820000,,RPPOMLTKQHLGFCD88DA,69.34,0.0,4.47,有,
東區,房地(土地+建物),臺南市東區裕農路６６８巷７５弄３６號,85.76,都市：其他:住宅區,,,1150810,土地1建物1車位0,全,二層,透天厝,住家用,加強磚造,0690828,98.3,5,2,3,有,無,10000000,101729,,0.0,0,頂樓加蓋；其他增建；,RPPNMLMLQHLGFCD18DA,98.3,0.0,0.0,無,
鹽水區,土地,番子厝段3609地號,2545.0,,特定農業區,農牧用地,1150805,土地1建物0車位0,,,其他,,,,0.0,0,0,0,無,無,1700000,668,,0.0,0,,RPQNMLSKQHLGFDD88DA,0.0,0.0,0.0,無,
下營區,土地,仁里段1125地號,199.15,都市：其他:道路用地,,,1150807,土地5建物0車位0,,,其他,,,,0.0,0,0,0,無,無,2860000,14361,,0.0,0,親友、員工、共有人或其他特殊關係間之交易；未登記建物；,RPTNMLSKQHLGFFD76DA,0.0,0.0,0.0,無,
麻豆區,土地,港埔段1427地號,405.33,,鄉村區,乙種建築用地,1150805,土地1建物0車位0,,,其他,,,,0.0,0,0,0,無,無,1742876,4300,,0.0,0,本案增值稅全部由買方負擔親友、員工、共有人或其他特殊關係間之交易；,RPTNMLLLQHLGFFD78DA,0.0,0.0,0.0,無,
六甲區,土地,龍湖段842地號,64.66,都市：其他:住宅區,,,1150813,土地5建物0車位0,,,其他,,,,0.0,0,0,0,無,無,300000,4640,,0.0,0,親友、員工、共有人或其他特殊關係間之交易；,RPPNMLPLQHLGFFD78DA,0.0,0.0,0.0,無,039
七股區,土地,三聖段2084地號,198.96,,鄉村區,乙種建築用地,1150815,土地1建物0車位0,,,其他,,,,0.0,0,0,0,無,無,1500000,7539,,0.0,0,買方買清。急買急賣；,RPUNMLTKQHLGFGD07DA,0.0,0.0,0.0,無,
七股區,土地,三聖段1938地號,1272.82,,一般農業區,養殖用地,1150815,土地18建物0車位0,,,其他,,,,0.0,0,0,0,無,無,2610000,2051,,0.0,0,買方買清。2051、2058、2059、2090、2017、2129等6筆地號按公告現值的2倍售出，其餘地號按公告現值售出急買急賣；,RPVNMLTKQHLGFGD17DA,0.0,0.0,0.0,無,
佳里區,土地,仁愛段279地號,26.67,都市：其他:住宅區,,,1150814,土地2建物0車位0,,,其他,,,,0.0,0,0,0,無,無,250000,9374,,0.0,0,包含公共設施保留地用地；,RPRNMLPLQHLGFGD09DA,0.0,0.0,0.0,無,
玉井區,房地(土地+建物),臺南市玉井區望明２６之３號,250.53,,鄉村區,乙種建築用地,1150801,土地1建物1車位0,全,二層,透天厝,住家用,加強磚造,0781109,168.4,5,2,3,有,無,4950000,29394,,0.0,0,親友、員工、共有人或其他特殊關係間之交易；,RPPNMLPLQHLGFJD56DA,160.56,0.0,7.84,無,
永康區,房地(土地+建物),臺南市永康區尚頂路５９巷９號,257.08,都市：其他:工業區,,,1150802,土地1建物2車位0,全,二層,透天厝,辦公用,加強磚造,0770414,242.9,0,0,0,無,無,24500000,100865,,0.0,0,土地交易價格:新台幣2244萬元整；建物交易價格:新台幣206萬元整,RPTOMLLLQHLGFKD76DA,242.9,0.0,0.0,無,
永康區,土地,保生段965地號,30.07,都市：其他:道路用地,,,1150805,土地1建物0車位0,,,其他,,,,0.0,0,0,0,無,無,1150000,38244,,0.0,0,包含公共設施保留地用地；,RPTNMLPLQHLGFKD07DA,0.0,0.0,0.0,無,040
安南區,土地,草湖段798地號,371.69,都市：其他:住宅區,,,1150811,土地1建物0車位0,,,其他,,,,0.0,0,0,0,無,無,7805490,21000,,0.0,0,抵費地交易,RPSNMLLLQHLGFBD38EA,0.0,0.0,0.0,無,
安南區,土地,草湖段806地號,1168.79,都市：其他:住宅區,,,1150811,土地1建物0車位0,,,其他,,,,0.0,0,0,0,無,無,23375800,20000,,0.0,0,抵費地交易,RPTNMLLLQHLGFBD48EA,0.0,0.0,0.0,無,
安南區,土地,草湖段833地號,659.65,都市：其他:住宅區,,,1150811,土地1建物0車位0,,,其他,,,,0.0,0,0,0,無,無,13852650,21000,,0.0,0,抵費地交易,RPUNMLLLQHLGFBD58EA,0.0,0.0,0.0,無,
安南區,土地,草湖段871地號,898.68,都市：其他:住宅區,,,1150811,土地1建物0車位0,,,其他,,,,0.0,0,0,0,無,無,18239609,20296,,0.0,0,抵費地交易,RPVNMLLLQHLGFBD68EA,0.0,0.0,0.0,無,
安南區,土地,草湖段891地號,1750.0,都市：其他:住宅區,,,1150811,土地1建物0車位0,,,其他,,,,0.0,0,0,0,無,無,43750000,25000,,0.0,0,抵費地交易,RPWNMLLLQHLGFBD78EA,0.0,0.0,0.0,無,
安南區,土地,草湖段977地號,260.8,都市：其他:住宅區,,,1150811,土地1建物0車位0,,,其他,,,,0.0,0,0,0,無,無,5216000,20000,,0.0,0,抵費地交易,RPXNMLLLQHLGFBD88EA,0.0,0.0,0.0,無,
新營區,房地(土地+建物),臺南市新營區王公里４２鄰東大街５２巷３１號,85.98,都市：其他:住宅區,,,1150817,土地1建物1車位0,全,二層,透天厝,住家用,加強磚造,0731019,114.88,4,1,2,有,無,2349690,20453,,0.0,0,親友、員工、共有人或其他特殊關係間之交易；,RPRNMLQLQHLGFDD98EA,109.1,0.0,5.78,無,
新營區,房地(土地+建物),臺南市新營區信義街５３巷３之４號三樓之五,7.6,都市：其他:商業區,,,1150825,土地1建物1車位0,三層,五層,華廈(10層含以下有電梯),住家用,鋼筋混凝土造,0811229,33.18,1,0,1,有,無,1700000,51236,,0.0,0,其他增建；,RPQNMLRLQHLGFDD98EA,26.75,0.0,0.0,有,
北區,土地,裕民段1145地號,8.21,都市：其他:住宅區,,,1150803,土地2建物0車位0,,,其他,,,,0.0,0,0,0,無,無,2232000,271864,,0.0,0,,RPSNMLNJQHLGFAD18DA,0.0,0.0,0.0,無,
中西區,房地(土地+建物),臺南市中西區民權路一段９２號,27.79,都市：其他:商業區,,,1150812,土地1建物1車位0,全,三層,透天厝,住商用,磚造,0520000,52.0,3,4,4,有,無,13100000,251923,,0.0,0,其他增建；,RPQNMLRKQHLGFAD48DA,52.0,0.0,0.0,無,041
中西區,房地(土地+建物),臺南市中西區健康路一段２００巷５之３號,55.06,都市：其他:住宅區,,,1150817,土地1建物1車位0,四層,四層,公寓(5樓含以下無電梯),住家用,鋼筋混凝土造,0691003,110.39,3,1,2,有,無,3000000,27176,,0.0,0,,RPRNMLKLQHLGFAD97DA,90.0,0.0,0.0,無,042
安平區,土地,金城段48-63地號,8.8,都市：其他:第四種住宅區,,,1150820,土地1建物0車位0,,,其他,,,,0.0,0,0,0,無,無,1010000,114773,,0.0,0,,RPTOMLPLQHLGFAD78DA,0.0,0.0,0.0,無,
中西區,房地(土地+建物),臺南市中西區中正路５０號,195.86,都市：其他:商業區,,,1150820,土地2建物1車位0,全,三層,透天厝,住商用,磚造,0210000,305.07,6,2,3,有,有,50000000,163897,,0.0,0,未登記建物；,RPXOMLPLQHLGFAD56DA,287.17,17.9,0.0,有,
中西區,建物,臺南市中西區大智街６９號之１,0.0,,,,1150807,土地0建物1車位0,全,三層,透天厝,住商用,加強磚造,0620211,185.42,3,3,3,有,無,7000000,37752,,0.0,0,土地為仁愛之家；建物坐落地號：南廠段2760地號；頂樓加蓋；其他增建；,RPRPMLPLQHLGFAD68DA,184.23,0.0,1.19,無,
北區,土地,立人段1518地號,827.44,都市：其他:細部計畫道路用地,,,1150811,土地7建物0車位0,,,其他,,,,0.0,0,0,0,無,無,29197124,35286,,0.0,0,本案買賣移轉之印花稅、登記規費、代辦代書費等費用由買方負擔。包含公共設施保留地用地；,RPSNMLQLQHLGFAD68DA,0.0,0.0,0.0,無,043
安南區,房地(土地+建物),臺南市安南區北安路四段５４８巷１４號,81.14,都市：其他:住宅區,,,1150803,土地1建物1車位0,全,二層,透天厝,住商用,鋼筋混凝土造,0811013,118.68,4,2,3,有,無,9600000,80890,,0.0,0,土地總價新台幣捌佰萬元整；建物總價新台幣壹佰陸拾萬元整。陽台外推；頂樓加蓋；其他增建；,RPQOMLLLQHLGFBD18DA,112.96,0.0,5.72,無,
新營區,房地(土地+建物),臺南市新營區建業路８之４號,54.93,都市：其他:住宅區,,,1150805,土地2建物1車位0,一層，二層，騎樓,四層,公寓(5樓含以下無電梯),住家用,加強磚造,0640605,121.89,2,2,3,有,無,5800000,47584,,0.0,0,其他增建；,RPTNMLTKQHLGFDD66DA,121.89,0.0,0.0,無,
大內區,土地,頭社段250-12地號,130.0,,山坡地保育區,丙種建築用地,1150808,土地1建物0車位0,,,其他,,,,0.0,0,0,0,無,無,840000,6462,,0.0,0,,RPQNMLSKQHLGFFD09DA,0.0,0.0,0.0,無,
麻豆區,土地,清水段473地號,10.86,,鄉村區,乙種建築用地,1150819,土地2建物0車位0,,,其他,,,,0.0,0,0,0,無,無,103052,9489,,0.0,0,為現有巷道,RPWNMLTKQHLGFFD17DA,0.0,0.0,0.0,無,
六甲區,房地(土地+建物),臺南市六甲區裕農街２９６巷２３號,45.83,都市：其他:住宅區,,,1150819,土地7建物1車位0,全,二層,透天厝,住商用,加強磚造,0700328,21.05,5,1,3,有,無,500000,23753,,0.0,0,親友、員工、共有人或其他特殊關係間之交易；包含公共設施保留地用地；,RPOOMLTKQHLGFFD09DA,21.05,0.0,0.0,無,
官田區,土地,八田段133地號,81.47,都市：其他:住宅區,,,1150818,土地4建物0車位0,,,其他,,,,0.0,0,0,0,無,無,500000,6137,,0.0,0,未登記建物；,RPRNMLPLQHLGFFD98DA,0.0,0.0,0.0,無,
新化區,土地,新音段927-6地號,93.87,住,,,1150804,土地1建物0車位0,,,其他,,,,0.0,0,0,0,無,無,8520000,90764,,0.0,0,,RPSNMLKKQHLGFHD68DA,0.0,0.0,0.0,無,
仁德區,土地,大宅段1025地號,263.37,都市：其他:農業區,,,1150812,土地2建物0車位0,,,其他,,,,0.0,0,0,0,無,無,1200000,4556,,0.0,0,,RPUNMLLLQHLGFID56DA,0.0,0.0,0.0,無,
歸仁區,土地,媽祖廟段一小段1028-2地號,104.12,,鄉村區,乙種建築用地,1150813,土地2建物0車位0,,,其他,,,,0.0,0,0,0,無,無,1600000,15367,,0.0,0,,RPRNMLQLQHLGFID76DA,0.0,0.0,0.0,無,
楠西區,土地,楠中段292地號,90.92,都市：其他:住宅區,,,1150818,土地4建物0車位0,,,其他,,,,0.0,0,0,0,無,無,650000,7149,,0.0,0,未登記建物；,RPQNMLSKQHLGFJD86DA,0.0,0.0,0.0,無,
楠西區,房地(土地+建物),臺南市楠西區茄拔路１７７巷１８號,71.38,都市：其他:住宅區,,,1150818,土地2建物1車位0,全,二層,透天厝,住家用,鋼筋混凝土造,,75.02,2,1,1,有,無,650000,8664,,0.0,0,其他增建；,RPRNMLSKQHLGFJD96DA,75.02,0.0,0.0,無,
永康區,土地,北灣段634-4地號,54.12,都市：其他:住宅區,,,1150808,土地1建物0車位0,,,其他,,,,0.0,0,0,0,無,無,4092500,75619,,0.0,0,,RPSNMLRKQHLGFKD07DA,0.0,0.0,0.0,無,
永康區,土地,北灣段634-7地號,63.6,都市：其他:住宅區,,,1150808,土地1建物0車位0,,,其他,,,,0.0,0,0,0,無,無,4810000,75629,,0.0,0,,RPTNMLRKQHLGFKD17DA,0.0,0.0,0.0,無,
永康區,土地,北灣段634-5地號,28.63,都市：其他:住宅區,,,1150807,土地1建物0車位0,,,其他,,,,0.0,0,0,0,無,無,2165000,75620,,0.0,0,,RPOQMLTKQHLGFKD17DA,0.0,0.0,0.0,無,
永康區,車位,臺南市永康區五王里中華路５３６號等共同使用,0.0,,,,1150810,土地0建物1車位1,,,其他,,,,18.91,0,0,0,無,有,450000,,坡道機械,18.91,450000,建物坐落地號：南新段973地號；僅車位交易；,RPQOMLLLQHLGFKD09DA,0.0,0.0,0.0,有,
鹽水區,土地,下中段下中小段1124地號,217.0,,特定農業區,農牧用地,1150803,土地1建物0車位0,,,其他,,,,0.0,0,0,0,無,無,171111,789,,0.0,0,政府機關標讓售；,RPPNMLNKQHLGFDD38EA,0.0,0.0,0.0,無,
鹽水區,土地,岸南段349地號,2697.0,,特定農業區,農牧用地,1150806,土地1建物0車位0,,,其他,,,,0.0,0,0,0,無,無,5200000,1928,,0.0,0,,RPPNMLRLQHLGFDD88EA,0.0,0.0,0.0,無,044
六甲區,土地,水林段463地號,164.47,都市：其他:住宅區,,,1150818,土地1建物0車位0,,,其他,,,,0.0,0,0,0,無,無,4350000,26449,,0.0,0,交易價格包含其他買賣登記案件標的之價格,RPPNMLRLQHLGFFD09EA,0.0,0.0,0.0,無,
仁德區,土地,大宅段1028地號,97.69,都市：其他:農業區,,,1150812,土地1建物0車位0,,,其他,,,,0.0,0,0,0,無,無,450000,4606,,0.0,0,,RPPNMLQLQHLGFID66EA,0.0,0.0,0.0,無,
安平區,房地(土地+建物)+車位,臺南市安平區平通路３６２號四樓之５,27.52,都市：其他:第三種商業區(附),,,1150805,土地1建物1車位1,四層,八層,華廈(10層含以下有電梯),住家用,鋼筋混凝土造,1131227,157.66,3,2,2,有,有,19200000,137523,坡道平面,32.59,2000000,交易總價分土地價款921萬6仟元、建物價款798萬4仟元、車位價款200萬元,RPXNMLLLQHLGFAD68DA,71.38,0.0,9.06,有,
北區,房地(土地+建物),臺南市北區成功路２號八樓之４７,5.43,都市：其他:細部計畫道路用地,,,1150812,土地4建物1車位0,八層,十四層,住宅大樓(11層含以上有電梯),住家用,鋼筋混凝土造,0731228,62.68,1,1,1,有,有,2300000,36694,,0.0,0,,RPPOMLQLQHLGFAD48DA,46.86,0.0,0.0,有,
北區,土地,北安段1240地號,50.52,都市：其他:道路用地(兼供河川使用),,,1150814,土地1建物0車位0,,,其他,,,,0.0,0,0,0,無,無,4031230,79795,,0.0,0,協議價購；,RPWQMLRLQHLGFAD86DA,0.0,0.0,0.0,無,
安南區,土地,溪東段1651地號,155.04,都市：其他:住宅區,,,1150807,土地1建物0車位0,,,其他,,,,0.0,0,0,0,無,無,19930000,128547,,0.0,0,,RPQNMLQLQHLGFBD58DA,0.0,0.0,0.0,無,
東區,房地(土地+建物)+車位,臺南市東區東門路三段２９３號四樓,44.78,都市：其他:住宅區,,,1150801,土地1建物4車位2,四層,十六層,住宅大樓(11層含以上有電梯),辦公用,鋼筋混凝土造,0851005,423.40999999999997,0,0,0,無,有,18360000,43361,坡道平面,0.0,0,親友、員工、共有人或其他特殊關係間之交易；,RPPNMLNLQHLGFCD28DA,236.91,0.0,3.7,有,
東區,房地(土地+建物)+車位,臺南市東區東門路三段２９３號四樓之７,43.31,都市：其他:住宅區,,,1150801,土地1建物3車位2,四層,十六層,住宅大樓(11層含以上有電梯),辦公用,鋼筋混凝土造,0851005,414.78999999999996,0,0,0,無,有,17640000,42528,坡道平面,0.0,0,親友、員工、共有人或其他特殊關係間之交易；,RPQNMLNLQHLGFCD38DA,229.35,0.0,0.0,有,
南區,房地(土地+建物),臺南市南區金華路二段３４巷２３號,83.0,都市：其他:住宅區,,,1150810,土地1建物1車位0,全,二層,透天厝,住商用,加強磚造,0671021,99.56,3,1,2,有,無,3020000,30333,,0.0,0,親友、員工、共有人或其他特殊關係間之交易；,RPQNMLPLQHLGFCD58DA,99.56,0.0,0.0,無,
麻豆區,房地(土地+建物),臺南市麻豆區海埔里２鄰埤子尾２５號,237.18,都市：其他:住宅區,,,1150802,土地2建物1車位0,全,一層,透天厝,住商用,磚木、水泥造,0540000,117.0,0,0,0,無,無,3600000,30769,,0.0,0,,RPQNMLPLQHLGFFD88DA,117.0,0.0,0.0,無,
下營區,土地,十六甲段101地號,63.65,,鄉村區,乙種建築用地,1150813,土地1建物0車位0,,,其他,,,,0.0,0,0,0,無,無,420000,6599,,0.0,0,賣方另有下營區十六甲段103-10地號土地權利範圍1/3現為供通行之私設通路賣方同意提供買方爾後道路通行使用雙方同意以贈與方式辦理產權移轉登記給買方贈與登記相關費用由雙方各半負擔土地增值稅則由賣方負擔親友、員工、共有人或其他特殊關係間之交易；,RPQNMLLMQHLGFFD58DA,0.0,0.0,0.0,無,
佳里區,土地,育善段45地號,68.63,都市：其他:道路用地,,,1150803,土地1建物0車位0,,,其他,,,,0.0,0,0,0,無,無,350000,5100,,0.0,0,包含公共設施保留地用地；,RPPNMLOJQHLGFGD58DA,0.0,0.0,0.0,無,
西港區,車位,臺南市西港區西港２８之１８號等共有部分,0.0,,,,1150806,土地0建物1車位2,,,其他,,,,19.85,0,0,0,無,無,500000,,其他,19.84,500000,建物坐落地號：慶安段956-1地號；僅車位交易；,RPWNMLLKQHLGFGD09DA,0.0,0.0,0.0,無,
將軍區,土地,巷口段一小段286地號,1465.0,,特定農業區,農牧用地,1150811,土地1建物0車位0,,,其他,,,,0.0,0,0,0,無,無,1538250,1050,,0.0,0,,RPPNMLNKQHLGFGD58DA,0.0,0.0,0.0,無,
將軍區,土地,巷口段一小段114地號,1201.0,,特定農業區,農牧用地,1150806,土地1建物0車位0,,,其他,,,,0.0,0,0,0,無,無,1741450,1450,,0.0,0,,RPXNMLTKQHLGFGD37DA,0.0,0.0,0.0,無,
學甲區,土地,溪洲子寮段127-41地號,88.0,,鄉村區,乙種建築用地,1150805,土地2建物0車位0,,,其他,,,,0.0,0,0,0,無,無,250000,2841,,0.0,0,本案買賣總價為25萬元整各交易價為溪洲子寮段127-41號220000元整；127-115號2000元整；未保存登記建物為2000元整親友、員工、共有人或其他特殊關係間之交易；未登記建物；,RPPNMLRLQHLGFGD09DA,0.0,0.0,0.0,無,
仁德區,房地(土地+建物),臺南市仁德區仁德二街２７巷５號,64.37,都市：其他:第三種住宅區。,,,1150805,土地1建物1車位0,全,二層,透天厝,住家用,加強磚造,0680607,78.4,3,2,2,有,無,5000000,63776,,0.0,0,含傢俱設備費；其他增建；,RPPNMLPLQHLGFID09DA,78.4,0.0,0.0,無,
歸仁區,房地(土地+建物),臺南市歸仁區崙頂里成功路二段９１號,247.82,都市：其他:住宅區,,,1150801,土地1建物1車位0,全,三層,透天厝,住商用,鋼筋混凝土造,0750612,177.23,5,3,3,有,無,22500000,126954,,0.0,0,,RPRNMLPLQHLGFID66DA,160.1,0.0,17.13,無,
仁德區,土地,二橋段224-2地號,19.56,,特定農業區,交通用地,1150812,土地1建物0車位0,,,其他,,,,0.0,0,0,0,無,無,228800,11697,,0.0,0,協議價購；,RPUNMLRLQHLGFID17DA,0.0,0.0,0.0,無,
南化區,土地,北安段941地號,19.92,,鄉村區,乙種建築用地,1150818,土地1建物0車位0,,,其他,,,,0.0,0,0,0,無,無,350000,17570,,0.0,0,未登記建物；,RPPNMLSLQHLGFJD86DA,0.0,0.0,0.0,無,
永康區,土地,頂中段38-3地號,48.89,都市：其他:工業區,,,1150818,土地1建物0車位0,,,其他,,,,0.0,0,0,0,無,無,7722176,157950,,0.0,0,政府機關標讓售；,RPTNMLRLQHLGFKD27DA,0.0,0.0,0.0,無,
大內區,土地,頭社段709-7地號,400.0,,山坡地保育區,特定目的事業用地,1150819,土地3建物0車位0,,,其他,,,,0.0,0,0,0,無,無,1815200,4538,,0.0,0,協議價購；,RPPNMLSLQHLGFFD56EA,0.0,0.0,0.0,無,
安平區,房地(土地+建物)+車位,臺南市安平區健康三街５９２巷５５號九樓之１０,6.21,都市：其他:第三種商業區(附),,,1150718,土地1建物1車位1,九層,二十四層,住宅大樓(11層含以上有電梯),住家用,鋼筋混凝土造,0861022,124.22,3,2,2,有,有,5700000,45886,坡道機械,0.0,0,,RPXNMLNJQHLGFAD68DA,74.83,0.0,8.62,有,045
北區,房地(土地+建物)+車位,臺南市北區長榮路五段４１巷１６號八樓之５,5.39,都市：其他:住宅區,,,1150729,土地2建物1車位1,八層,十四層,住宅大樓(11層含以上有電梯),住家用,鋼筋混凝土造,0920916,28.22,3,2,2,有,有,1600000,56717,坡道平面,0.0,0,親友、員工、共有人或其他特殊關係間之交易；,RPXNMLMKQHLGFAD68DA,16.86,0.0,1.5,有,
安平區,房地(土地+建物),臺南市安平區健康路三段１８０之５２號,88.73,都市：其他:第五種住宅區,,,1150729,土地3建物1車位0,全,五層,透天厝,住家用,鋼筋混凝土造,0840228,296.8,5,3,3,有,有,14650000,49360,,0.0,0,其他增建；,RPUQMLOKQHLGFAD88DA,284.72,0.0,9.38,無,046
北區,房地(土地+建物),臺南市北區立賢路二段１０６號,77.0,都市：其他:住宅區,,,1150712,土地1建物1車位0,全,三層,透天厝,住商用,鋼筋混凝土造,0780907,177.25,5,3,5,有,無,15800000,89140,,0.0,0,頂樓加蓋；其他增建；,RPPNMLSKQHLGFAD48DA,162.39,0.0,14.86,無,
安平區,房地(土地+建物)+車位,臺南市安平區建平七街５６０號十五樓之８,8.76,都市：其他:第三種商業區,,,1150704,土地1建物1車位1,十五層,二十二層,住宅大樓(11層含以上有電梯),住家用,鋼筋混凝土造,1121108,92.38,2,1,2,有,有,8950000,106311,坡道機械,18.54,1100000,含裝潢費；含傢俱設備費；,RPTNMLSKQHLGFAD88DA,42.22,2.32,3.34,有,
鹽水區,土地,大埔段215地號,1210.0,,一般農業區,農牧用地,1150708,土地1建物0車位0,,,其他,,,,0.0,0,0,0,無,無,1815000,1500,,0.0,0,農作物；,RPQRMLRKQHLGFDD56DA,0.0,0.0,0.0,無,
鹽水區,土地,大埔段219地號,1345.0,,一般農業區,農牧用地,1150708,土地1建物0車位0,,,其他,,,,0.0,0,0,0,無,無,2017500,1500,,0.0,0,農作物；,RPRRMLRKQHLGFDD66DA,0.0,0.0,0.0,無,
鹽水區,土地,大埔段217地號,1407.0,,一般農業區,農牧用地,1150730,土地2建物0車位0,,,其他,,,,0.0,0,0,0,無,無,2110500,1500,,0.0,0,農作物；,RPSRMLRKQHLGFDD76DA,0.0,0.0,0.0,無,
後壁區,土地,南海段143地號,2973.75,,一般農業區,農牧用地,1150728,土地4建物0車位0,,,其他,,,,0.0,0,0,0,無,無,4500000,1513,,0.0,0,兄弟間買賣親友、員工、共有人或其他特殊關係間之交易；未登記建物；,RPPNMLKLQHLGFED18DA,0.0,0.0,0.0,無,
下營區,土地,茅港尾段543-3地號,111.0,,鄉村區,乙種建築用地,1150723,土地1建物0車位0,,,其他,,,,0.0,0,0,0,無,無,1000000,9009,,0.0,0,親友、員工、共有人或其他特殊關係間之交易；,RPTNMLOLPHLGFFD98DA,0.0,0.0,0.0,無,
下營區,土地,下營段2567地號,1942.0,,特定農業區,農牧用地,1150727,土地1建物0車位0,,,其他,,,,0.0,0,0,0,無,無,1900000,978,,0.0,0,,RPTOMLSLPHLGFFD86DA,0.0,0.0,0.0,無,
大內區,土地,頭社段504-2地號,2920.0,,山坡地保育區,農牧用地,1150705,土地1建物0車位0,,,其他,,,,0.0,0,0,0,無,無,6500000,2226,,0.0,0,農作物；,RPQNMLQJQHLGFFD78DA,0.0,0.0,0.0,無,047
大內區,土地,嗚頭段280-38地號,827.0,,山坡地保育區,農牧用地,1150716,土地3建物0車位0,,,其他,,,,0.0,0,0,0,無,無,750000,907,,0.0,0,未登記建物；,RPQNMLKLQHLGFFD38DA,0.0,0.0,0.0,無,
佳里區,房地(土地+建物),臺南市佳里區文新里安西１２７號二樓之三,20.55,,鄉村區,乙種建築用地,1150714,土地1建物1車位0,二層,五層,華廈(10層含以下有電梯),住家用,鋼筋混凝土造,0840506,56.41,3,2,1,有,有,2560000,45382,,0.0,0,夾層；,RPRNMLOKQHLGFGD88DA,40.13,0.0,7.62,有,
新市區,房地(土地+建物),臺南市新市區大４１０號二樓之３,25.69,,鄉村區,乙種建築用地,1150702,土地1建物1車位0,二層,六層,華廈(10層含以下有電梯),住家用,鋼筋混凝土造,1081231,86.71000000000001,3,2,2,有,有,5800000,66890,,0.0,0,,RPSNMLPJQHLGFHD09DA,59.47,0.0,5.18,有,048
新市區,房地(土地+建物)+車位,臺南市新市區富林路１０８號五樓之２,24.8,都市：其他:住宅區,,,1150709,土地2建物1車位1,五層,七層,華廈(10層含以下有電梯),住家用,鋼筋混凝土造,1060505,108.75999999999999,2,2,2,有,有,9450000,86889,一樓平面,19.19,0,其他增建；,RPROMLQJQHLGFHD56DA,52.47,2.37,7.84,有,
新化區,房地(土地+建物),臺南市新化區頂山１３７號,503.89,,鄉村區,乙種建築用地,1150731,土地2建物1車位0,全,一層,透天厝,住家用,加強磚造,0530900,114.63,2,1,1,有,無,5492056,47911,,0.0,0,以公契作為私契親友、員工、共有人或其他特殊關係間之交易；,RPSNMLTKQHLGFHD96DA,114.63,0.0,0.0,無,
歸仁區,房地(土地+建物)+車位,臺南市歸仁區成功一街３８號四樓之３,37.36,都市：其他:住宅區,,,1150708,土地1建物1車位1,四層,七層,華廈(10層含以下有電梯),住家用,鋼筋混凝土造,1150109,129.35,3,2,2,有,有,12100000,92978,一樓平面,16.42,1600000,,RPVNMLRKQHLGFID17DA,74.85,0.0,6.49,有,
歸仁區,土地,沙崙段39地號,3851.0,,一般農業區,農牧用地,1150719,土地1建物0車位0,,,其他,,,,0.0,0,0,0,無,無,24460000,6352,,0.0,0,,RPPNMLTKQHLGFID76DA,0.0,0.0,0.0,無,
玉井區,土地,九層林段1649地號,12986.0,,山坡地保育區,農牧用地,1150725,土地8建物0車位0,,,其他,,,,0.0,0,0,0,無,無,5330000,410,,0.0,0,農作物；,RPRNMLQJQHLGFJD66DA,0.0,0.0,0.0,無,
永康區,房地(土地+建物)+車位,臺南市永康區東橋七路１９９號五樓之６,23.11,都市：其他:住宅區,,,1150730,土地1建物1車位1,五層,十六層,住宅大樓(11層含以上有電梯),住家用,鋼筋混凝土構造,1061114,146.9,3,2,2,有,有,14100000,95984,坡道平面,20.49,0,,RPQNMLNJQHLGFKD98DA,74.27,5.63,4.0,有,049
永康區,建物,臺南市永康區中山東路２１８巷２３弄３３號四樓之５,0.0,,,,1150716,土地0建物1車位0,四層,五層,公寓(5樓含以下無電梯),住家用,鋼筋混凝土造,0700929,69.89,2,2,1,有,無,1800000,25755,,0.0,0,土地係仁愛之家所有，僅移轉租賃權。；建物坐落地號：南工段141地號；,RPQNMLMKQHLGFKD98DA,50.74,0.0,9.77,無,
永康區,房地(土地+建物)+車位,臺南市永康區中華二路２６６巷７號十三樓之１,20.33,都市：其他:住宅區,,,1150725,土地1建物1車位2,十三層,十六層,住宅大樓(11層含以上有電梯),住家用,鋼筋混凝土造,0850522,186.43,4,2,3,有,有,11000000,59003,坡道機械,0.0,0,其他增建；,RPWOMLNKQHLGFKD17DA,115.63,0.0,10.9,有,
永康區,房地(土地+建物)+車位,臺南市永康區復國路５６號三樓之１,50.48,都市：其他:住宅區,,,1150701,土地1建物1車位1,三層,十四層,住宅大樓(11層含以上有電梯),住家用,鋼筋混凝土造,0960920,177.69,3,2,2,有,有,11350000,63875,坡道平面,0.0,0,,RPWNMLRKQHLGFKD47DA,99.27,0.0,10.58,有,
永康區,土地,頂西段11-1地號,56.63,都市：其他:道路用地,,,1150715,土地2建物0車位0,,,其他,,,,0.0,0,0,0,無,無,8381075,147997,,0.0,0,協議價購；,RPUNMLSKQHLGFKD37DA,0.0,0.0,0.0,無,050
永康區,土地,頂西段11-1地號,84.94,都市：其他:道路用地,,,1150715,土地2建物0車位0,,,其他,,,,0.0,0,0,0,無,無,12571614,148006,,0.0,0,協議價購；,RPVNMLSKQHLGFKD47DA,0.0,0.0,0.0,無,050
永康區,土地,頂西段11-1地號,42.47,都市：其他:道路用地,,,1150715,土地2建物0車位0,,,其他,,,,0.0,0,0,0,無,無,6285806,148006,,0.0,0,協議價購；,RPWNMLSKQHLGFKD57DA,0.0,0.0,0.0,無,050
永康區,土地,頂西段10-1地號,0.0,都市：其他:道路用地,,,1150715,土地1建物0車位0,,,其他,,,,0.0,0,0,0,無,無,484,0,,0.0,0,協議價購；,RPPOMLSKQHLGFKD96DA,0.0,0.0,0.0,無,053
永康區,土地,頂西段10-1地號,0.0,都市：其他:道路用地,,,1150715,土地1建物0車位0,,,其他,,,,0.0,0,0,0,無,無,485,0,,0.0,0,協議價購；,RPQOMLSKQHLGFKD07DA,0.0,0.0,0.0,無,053
永康區,土地,頂西段10-1地號,0.0,都市：其他:道路用地,,,1150715,土地1建物0車位0,,,其他,,,,0.0,0,0,0,無,無,485,0,,0.0,0,協議價購；,RPROMLSKQHLGFKD17DA,0.0,0.0,0.0,無,053
永康區,土地,頂西段156-4地號,1.58,都市：其他:道路用地,,,1150715,土地2建物0車位0,,,其他,,,,0.0,0,0,0,無,無,235420,149000,,0.0,0,協議價購；,RPSOMLSKQHLGFKD27DA,0.0,0.0,0.0,無,
永康區,土地,頂西段157-1地號,95.89,都市：其他:道路用地,,,1150715,土地2建物0車位0,,,其他,,,,0.0,0,0,0,無,無,14287610,149000,,0.0,0,協議價購；,RPTOMLSKQHLGFKD37DA,0.0,0.0,0.0,無,
永康區,土地,頂西段161-2地號,129.25,都市：其他:道路用地,,,1150715,土地1建物0車位0,,,其他,,,,0.0,0,0,0,無,無,10210750,79000,,0.0,0,協議價購；,RPUOMLSKQHLGFKD47DA,0.0,0.0,0.0,無,
永康區,土地,頂西段161-3地號,45.73,都市：其他:道路用地,,,1150715,土地1建物0車位0,,,其他,,,,0.0,0,0,0,無,無,3612670,79000,,0.0,0,協議價購；,RPVOMLSKQHLGFKD57DA,0.0,0.0,0.0,無,056
永康區,土地,頂西段161-4地號,34.38,都市：其他:道路用地,,,1150715,土地1建物0車位0,,,其他,,,,0.0,0,0,0,無,無,2716020,79000,,0.0,0,協議價購；,RPWOMLSKQHLGFKD67DA,0.0,0.0,0.0,無,
永康區,土地,頂西段162-1地號,23.16,都市：其他:道路用地,,,1150715,土地1建物0車位0,,,其他,,,,0.0,0,0,0,無,無,1829838,79009,,0.0,0,協議價購；,RPXOMLSKQHLGFKD77DA,0.0,0.0,0.0,無,057
永康區,土地,頂西段162-1地號,23.16,都市：其他:道路用地,,,1150715,土地1建物0車位0,,,其他,,,,0.0,0,0,0,無,無,1829838,79009,,0.0,0,協議價購；,RPOPMLSKQHLGFKD96DA,0.0,0.0,0.0,無,057
永康區,土地,頂西段162-1地號,23.16,都市：其他:道路用地,,,1150715,土地1建物0車位0,,,其他,,,,0.0,0,0,0,無,無,1829838,79009,,0.0,0,協議價購；,RPPPMLSKQHLGFKD07DA,0.0,0.0,0.0,無,057
永康區,土地,頂西段422-1地號,107.52,都市：其他:道路用地,,,1150715,土地1建物0車位0,,,其他,,,,0.0,0,0,0,無,無,8494278,79002,,0.0,0,協議價購；,RPRPMLSKQHLGFKD27DA,0.0,0.0,0.0,無,060
永康區,土地,頂西段422-1地號,107.52,都市：其他:道路用地,,,1150715,土地1建物0車位0,,,其他,,,,0.0,0,0,0,無,無,8494278,79002,,0.0,0,協議價購；,RPSPMLSKQHLGFKD37DA,0.0,0.0,0.0,無,060
永康區,土地,頂西段433-2地號,243.08,都市：其他:道路用地,,,1150715,土地1建物0車位0,,,其他,,,,0.0,0,0,0,無,無,19203320,79000,,0.0,0,協議價購；,RPPQMLSKQHLGFKD17DA,0.0,0.0,0.0,無,
永康區,土地,頂西段431-3地號,202.92,都市：其他:道路用地,,,1150715,土地1建物0車位0,,,其他,,,,0.0,0,0,0,無,無,22118280,109000,,0.0,0,協議價購；,RPSQMLSKQHLGFKD47DA,0.0,0.0,0.0,無,
永康區,土地,頂西段439-2地號,74.33,都市：其他:道路用地,,,1150715,土地2建物0車位0,,,其他,,,,0.0,0,0,0,無,無,5872070,79000,,0.0,0,協議價購；,RPUQMLSKQHLGFKD67DA,0.0,0.0,0.0,無,062
永康區,土地,頂西段439-2地號,74.33,都市：其他:道路用地,,,1150715,土地2建物0車位0,,,其他,,,,0.0,0,0,0,無,無,5872070,79000,,0.0,0,協議價購；,RPVQMLSKQHLGFKD77DA,0.0,0.0,0.0,無,062
永康區,土地,南工段180地號,3.21,都市：其他:道路用地,,,1150727,土地2建物0車位0,,,其他,,,,0.0,0,0,0,無,無,395041,123066,,0.0,0,協議價購；,RPQOMLTKQHLGFKD17DA,0.0,0.0,0.0,無,064
永康區,房地(土地+建物)+車位,臺南市永康區復華一街１８０號十樓之７,21.2,都市：其他:住宅區,,,1150702,土地1建物1車位1,十層,十四層,住宅大樓(11層含以上有電梯),住家用,鋼筋混凝土構造,1090909,112.0,1,1,1,有,有,9800000,87500,坡道機械,21.05,0,,RPRNMLKLQHLGFKD98DA,57.03,0.0,4.45,有,065
新營區,房地(土地+建物),臺南市新營區隋唐街３１巷２８弄５號,89.42,都市：其他:住宅區,,,1150729,土地1建物1車位0,全,三層,透天厝,住家用,鋼筋混凝土造,0810703,185.24,5,2,3,有,無,8360000,45131,,0.0,0,,RPPNMLLLQHLGFDD28EA,178.33,0.0,6.91,無,
善化區,土地,善化段2242-2地號,198.5,都市：其他:住宅區,,,1150730,土地2建物0車位0,,,其他,,,,0.0,0,0,0,無,無,524400,2642,,0.0,0,親友、員工、共有人或其他特殊關係間之交易；,RPPNMLTKQHLGFHD76EA,0.0,0.0,0.0,無,
中西區,房地(土地+建物),臺南市中西區友愛街１１０號,172.17,都市：其他:商業區,,,1150723,土地1建物1車位0,全,二層,透天厝,住家用,加強磚造,0450000,130.56,6,1,2,有,無,19000000,145527,,0.0,0,,RPUNMLRJQHLGFAD78DA,128.95,1.61,0.0,無,
安平區,房地(土地+建物)+車位,臺南市安平區建平七街５６０號二樓之７,8.68,都市：其他:第三種商業區,,,1150716,土地1建物1車位1,二層,二十二層,住宅大樓(11層含以上有電梯),住家用,鋼筋混凝土造,1121108,91.85,2,1,2,有,有,8150000,96167,坡道機械,18.54,1100000,含裝潢費；含傢俱設備費；,RPUNMLSKQHLGFAD98DA,42.22,2.2,3.34,有,
安平區,房地(土地+建物),臺南市安平區建平七街２４２號,102.0,都市：其他:第五種住宅區,,,1150709,土地1建物1車位0,全,四層,透天厝,住商用,鋼筋混凝土造,0791109,281.69,6,2,7,有,無,19000000,67450,,0.0,0,其他增建；,RPQNMLKLQHLGFAD87DA,259.61,0.0,22.08,無,
安平區,房地(土地+建物)+車位,臺南市安平區平豐路４４巷２０號五樓之３,19.62,都市：其他:第五種住宅區,,,1150718,土地1建物1車位1,五層,六層,華廈(10層含以下有電梯),住家用,鋼筋混凝土造,0820612,114.56,2,2,1,有,有,5200000,45391,升降平面,0.0,0,陽台外推；其他增建；,RPUNMLLLQHLGFAD38DA,61.68,0.0,9.72,有,
安南區,房地(土地+建物),臺南市安南區公學路四段５４巷１０５弄４０號,116.58,都市：其他:住宅區,,,1150706,土地2建物1車位0,全,三層,透天厝,住家用,鋼筋混凝土造,1040128,165.75,4,3,3,有,無,11100000,66968,,0.0,0,陽台外推；頂樓加蓋；其他增建；,RPVNMLMKQHLGFBD58DA,136.74,0.0,29.01,無,
安南區,房地(土地+建物),臺南市安南區本田路二段１１３號,128.87,都市：其他:住宅區,,,1150720,土地2建物1車位0,全,三層,透天厝,住家用,鋼筋混凝土造,0950929,200.14,3,2,4,有,無,11800000,58959,,0.0,0,,RPWNMLMKQHLGFBD68DA,176.7,0.0,23.44,無,066
安南區,房地(土地+建物),臺南市安南區本原街二段１１６巷２８號,95.0,都市：其他:住宅區,,,1150716,土地3建物1車位0,全,三層,透天厝,住家用,鋼筋混凝土造,0840601,172.34,7,2,6,有,無,11550000,67019,,0.0,0,親友、員工、共有人或其他特殊關係間之交易；頂樓加蓋；未登記建物；,RPWNMLOKQHLGFBD88DA,163.79,0.0,8.55,無,
安南區,房地(土地+建物),臺南市安南區長溪路一段２６１號,136.66,都市：其他:住宅區,,,1150702,土地1建物1車位0,全,四層,透天厝,住商用,鋼筋混凝土造,1010720,248.72,4,2,3,有,無,23800000,95690,,0.0,0,,RPPNMLTKQHLGFBD68DA,226.7,0.0,22.02,無,
安南區,房地(土地+建物),臺南市安南區慶安路１１５巷５５號,163.8,都市：其他:住宅區,,,1150715,土地1建物1車位0,全,三層,透天厝,住家用,鋼筋混凝土造,0871012,186.14,6,3,4,有,無,17000000,91329,,0.0,0,頂樓加蓋；其他增建；,RPRNMLTKQHLGFBD88DA,177.69,0.0,8.45,無,
安南區,房地(土地+建物)+車位,臺南市安南區樂活二十二街７０號五樓之６,35.14,都市：其他:住宅區,,,1150723,土地1建物1車位1,五層,七層,華廈(10層含以下有電梯),住家用,鋼筋混凝土造,1130705,185.47,4,2,2,有,有,18600000,104450,坡道平面,23.67,1700000,,RPSNMLTKQHLGFBD98DA,93.93,0.0,11.23,有,
安南區,土地,四草段630地號,3295.28,都市：其他:遊樂區,,,1150709,土地1建物0車位0,,,其他,,,,0.0,0,0,0,無,無,26830000,8142,,0.0,0,未登記建物；,RPQNMLKLQHLGFBD97DA,0.0,0.0,0.0,無,067
東區,房地(土地+建物)+車位,臺南市東區仁和路２５５號六樓之６,16.67,都市：其他:住宅區,,,1150721,土地1建物1車位1,六層,十三層,住宅大樓(11層含以上有電梯),住家用,鋼筋混凝土造,1140205,118.4,2,2,2,有,有,11820000,99831,坡道平面,29.52,0,,RPSNMLRJQHLGFCD78DA,51.76,0.0,4.68,有,068
南區,房地(土地+建物)+車位,臺南市南區萬年七街１５７號十一樓之６,18.85,都市：其他:住宅區,,,1150726,土地1建物1車位1,十一層,十五層,住宅大樓(11層含以上有電梯),住家用,鋼筋混凝土造,1140417,106.66,2,2,1,有,有,9650000,95461,坡道平面,23.17,1680000,,RPRNMLSKQHLGFCD88DA,50.19,0.0,4.16,有,
東區,房地(土地+建物)+車位,臺南市東區裕農路３６２號十一樓,17.5,都市：其他:住宅區,,,1150722,土地1建物1車位1,十一層,十六層,住宅大樓(11層含以上有電梯),住家用,鋼筋混凝土造,0841227,150.24,3,2,2,有,有,11760000,78275,坡道平面,0.0,0,其他增建；,RPSNMLSKQHLGFCD98DA,81.41,1.98,10.23,有,069
南區,房地(土地+建物),臺南市南區興隆路３０２巷３１號,82.23,都市：其他:住宅區,,,1150719,土地1建物1車位0,全,三層,透天厝,住家用,鋼筋混凝土造,1130409,186.91,4,2,5,有,無,20900000,111819,,0.0,0,其他增建；,RPUNMLTKQHLGFCD66DA,172.16,0.0,14.75,有,
東區,房地(土地+建物)+車位,臺南市東區崇賢一路３２號五樓之２,22.11,都市：其他:住宅區,,,1150712,土地1建物1車位1,五層,十五層,住宅大樓(11層含以上有電梯),住家用,鋼筋混凝土造,1140124,142.55,2,3,2,有,有,16700000,117152,坡道平面,21.69,0,,RPVNMLKLQHLGFCD58DA,71.76,0.0,6.73,有,070
東區,房地(土地+建物)+車位,臺南市東區仁東街２１號五樓之５,13.69,都市：其他:住宅區,,,1150702,土地1建物1車位1,五層,十四層,住宅大樓(11層含以上有電梯),住家用,鋼筋混凝土造,0871218,92.22,2,1,1,有,有,3600000,39037,坡道機械,9.83,0,親友、員工、共有人或其他特殊關係間之交易；,RPWNMLKLQHLGFCD68DA,59.28,0.0,7.6,有,071
新營區,房地(土地+建物),臺南市新營區新南里２９鄰明清三街２９巷７５號,81.33,都市：其他:住宅區,,,1150714,土地1建物1車位0,全,四層,透天厝,住家用,鋼筋混凝土造,1040507,187.09,4,1,4,有,無,8000000,42760,,0.0,0,親友、員工、共有人或其他特殊關係間之交易；,RPPNMLLLQHLGFDD18DA,161.61,0.0,25.48,無,072
佳里區,土地,通興段52地號,1190.0,,特定農業區,農牧用地,1150715,土地1建物0車位0,,,其他,,,,0.0,0,0,0,無,無,1450000,1218,,0.0,0,,RPVNMLQJQHLGFGD76DA,0.0,0.0,0.0,無,
佳里區,房地(土地+建物),臺南市佳里區佳北路３５３號,112.3,都市：其他:住宅區,,,1150723,土地1建物1車位0,全,四層,透天厝,住商用,鋼筋混凝土造,0950810,273.64,5,2,6,有,無,16100000,58836,,0.0,0,其他增建；,RPPNMLOKQHLGFGD68DA,241.23,0.0,32.41,無,
七股區,土地,竹子港段2015地號,2100.0,,特定農業區,農牧用地,1150729,土地1建物0車位0,,,其他,,,,0.0,0,0,0,無,無,4725000,2250,,0.0,0,,RPPNMLKLQHLGFGD38DA,0.0,0.0,0.0,無,
善化區,房地(土地+建物)+車位,臺南市善化區六分寮３３５之１號七樓之２,25.84,,鄉村區,乙種建築用地,1150724,土地1建物1車位1,七層,七層,華廈(10層含以下有電梯),住家用,鋼筋混凝土造,1150312,106.22,3,2,2,有,有,10724800,97967,一樓平面,14.61,1750000,土地價款:403萬8660元整建物價款:493萬6140元整親友、員工、共有人或其他特殊關係間之交易；,RPVNMLLKQHLGFHD09DA,61.79,0.0,6.21,有,
善化區,房地(土地+建物)+車位,臺南市善化區六分寮３３５之１號七樓之３,25.84,,鄉村區,乙種建築用地,1150724,土地1建物1車位1,七層,七層,華廈(10層含以下有電梯),住家用,鋼筋混凝土造,1150312,97.08,3,2,2,有,有,10008600,96153,其他,5.47,1200000,土地價款:396萬3870元整建物價款:484萬4730元整親友、員工、共有人或其他特殊關係間之交易；,RPOOMLLKQHLGFHD48DA,58.49,0.0,9.51,有,
安定區,房地(土地+建物),臺南市安定區許中營２２之１３號,122.2,,鄉村區,乙種建築用地,1150709,土地1建物1車位0,全,四層,透天厝,住家用,鋼筋混凝土造,1030801,200.41,5,3,4,有,無,14000000,69857,,0.0,0,陽台外推；其他增建；,RPSNMLMKQHLGFHD88DA,178.39,0.0,22.02,無,
歸仁區,房地(土地+建物),臺南市歸仁區六甲路３０７號六樓之１,22.79,,鄉村區,乙種建築用地,1150709,土地1建物1車位0,六層,六層,華廈(10層含以下有電梯),住家用,鋼筋混凝土造,1131223,74.4,2,1,1,有,有,6380000,85753,,0.0,0,未登記建物；,RPXNMLRJQHLGFID27DA,46.76,0.0,8.42,有,
歸仁區,房地(土地+建物),臺南市歸仁區六甲路３０５號三樓之２,29.38,,鄉村區,乙種建築用地,1150724,土地1建物1車位0,三層,六層,華廈(10層含以下有電梯),住家用,鋼筋混凝土造,1131223,95.92999999999999,3,1,2,有,有,7910000,82456,,0.0,0,未登記建物；,RPVNMLMKQHLGFID66DA,67.92,0.0,3.24,有,
歸仁區,土地,豬厝段919-10地號,70.0,,一般農業區,甲種建築用地,1150720,土地1建物0車位0,,,其他,,,,0.0,0,0,0,無,無,3440000,49143,,0.0,0,親友、員工、共有人或其他特殊關係間之交易；未登記建物；,RPSNMLTKQHLGFID07DA,0.0,0.0,0.0,無,
永康區,房地(土地+建物)+車位,臺南市永康區竹園一街４３之３號,22.49,都市：其他:住宅區,,,1150709,土地1建物1車位1,三層,九層,華廈(10層含以下有電梯),住家用,鋼筋混凝土造,0871109,154.45,4,2,2,有,有,8280000,53610,一樓平面,0.0,0,其他增建；,RPXNMLPJQHLGFKD27DA,92.93,0.0,17.37,有,073
永康區,房地(土地+建物)+車位,臺南市永康區永安二街３號一樓之２,27.26,都市：其他:住宅區,,,1150725,土地1建物1車位1,一層,七層,華廈(10層含以下有電梯),住家用,鋼筋混凝土造,0830122,148.63,3,2,2,有,有,6300000,42387,坡道平面,0.0,0,,RPTNMLRJQHLGFKD07DA,89.54,9.2,0.0,有,
永康區,土地,五王段20地號,23.88,都市：其他:道路用地,,,1150725,土地1建物0車位0,,,其他,,,,0.0,0,0,0,無,無,1800000,75377,,0.0,0,未登記建物；,RPROMLOKQHLGFKD76DA,0.0,0.0,0.0,無,
永康區,土地,頂西段11-1地號,28.31,都市：其他:道路用地,,,1150715,土地2建物0車位0,,,其他,,,,0.0,0,0,0,無,無,4190538,148023,,0.0,0,協議價購；,RPXNMLSKQHLGFKD67DA,0.0,0.0,0.0,無,050
永康區,土地,頂西段11-1地號,38.21,都市：其他:道路用地,,,1150715,土地1建物0車位0,,,其他,,,,0.0,0,0,0,無,無,5655573,148013,,0.0,0,協議價購；,RPOOMLSKQHLGFKD86DA,0.0,0.0,0.0,無,
永康區,土地,頂西段162-1地號,23.16,都市：其他:道路用地,,,1150715,土地1建物0車位0,,,其他,,,,0.0,0,0,0,無,無,1829838,79009,,0.0,0,協議價購；,RPQPMLSKQHLGFKD17DA,0.0,0.0,0.0,無,057
永康區,土地,頂西段422-1地號,86.02,都市：其他:道路用地,,,1150715,土地1建物0車位0,,,其他,,,,0.0,0,0,0,無,無,6795422,78998,,0.0,0,協議價購；,RPTPMLSKQHLGFKD47DA,0.0,0.0,0.0,無,060
永康區,土地,頂西段422-1地號,35.84,都市：其他:道路用地,,,1150715,土地1建物0車位0,,,其他,,,,0.0,0,0,0,無,無,2831426,79002,,0.0,0,協議價購；,RPUPMLSKQHLGFKD57DA,0.0,0.0,0.0,無,060
永康區,土地,頂西段422-1地號,64.51,都市：其他:道路用地,,,1150715,土地1建物0車位0,,,其他,,,,0.0,0,0,0,無,無,5096567,79004,,0.0,0,協議價購；,RPVPMLSKQHLGFKD67DA,0.0,0.0,0.0,無,060
永康區,土地,頂西段422-1地號,64.51,都市：其他:道路用地,,,1150715,土地1建物0車位0,,,其他,,,,0.0,0,0,0,無,無,5096567,79004,,0.0,0,協議價購；,RPWPMLSKQHLGFKD77DA,0.0,0.0,0.0,無,060
永康區,土地,頂西段422-1地號,28.67,都市：其他:道路用地,,,1150715,土地1建物0車位0,,,其他,,,,0.0,0,0,0,無,無,2265141,79007,,0.0,0,協議價購；,RPXPMLSKQHLGFKD87DA,0.0,0.0,0.0,無,060
永康區,房地(土地+建物),臺南市永康區六合路５４巷１１號,62.95,都市：其他:道路用地,,,1150723,土地2建物1車位0,全,二層,透天厝,住家用,鋼筋混凝土造,0631214,80.75,4,2,3,有,無,3200000,39628,,0.0,0,親友、員工、共有人或其他特殊關係間之交易；頂樓加蓋；未登記建物；,RPSPMLTKQHLGFKD47DA,75.2,5.55,0.0,無,
永康區,房地(土地+建物)+車位,臺南市永康區中華路５８巷５６號十四樓之１,58.85,都市：其他:住宅區,,,1150720,土地1建物1車位1,十四層,十四層,住宅大樓(11層含以上有電梯),住家用,鋼筋混凝土造,0951215,175.16,3,2,2,有,有,11760000,67139,坡道平面,0.0,0,,RPUPMLTKQHLGFKD67DA,104.64,0.0,9.88,有,
北區,房地(土地+建物),臺南市北區開元路５１９號二十一樓之２,6.42,都市：其他:廣場兼停車場用地,,,1150724,土地3建物1車位0,二十一層,二十四層,住宅大樓(11層含以上有電梯),住家用,鋼筋混凝土構造,1041105,88.53,2,2,1,有,有,7880000,89009,,0.0,0,,RPXNMLPJQHLGFAD88DA,53.41,1.62,6.97,有,081
北區,土地,北安段1503地號,11.8,都市：其他:道路用地(兼供河川使用),,,1150715,土地2建物0車位0,,,其他,,,,0.0,0,0,0,無,無,941441,79783,,0.0,0,協議價購；,RPPNMLNKQHLGFAD97DA,0.0,0.0,0.0,無,082
北區,土地,北安段1503地號,11.8,都市：其他:道路用地(兼供河川使用),,,1150715,土地2建物0車位0,,,其他,,,,0.0,0,0,0,無,無,941441,79783,,0.0,0,協議價購；,RPQNMLNKQHLGFAD08DA,0.0,0.0,0.0,無,082
北區,土地,北安段1522地號,6.53,都市：其他:道路用地(兼供河川使用),,,1150715,土地1建物0車位0,,,其他,,,,0.0,0,0,0,無,無,520711,79741,,0.0,0,協議價購；,RPRNMLNKQHLGFAD18DA,0.0,0.0,0.0,無,084
北區,土地,北安段1522地號,6.53,都市：其他:道路用地(兼供河川使用),,,1150715,土地1建物0車位0,,,其他,,,,0.0,0,0,0,無,無,520711,79741,,0.0,0,協議價購；,RPSNMLNKQHLGFAD28DA,0.0,0.0,0.0,無,084
北區,土地,北安段1522地號,6.53,都市：其他:道路用地(兼供河川使用),,,1150715,土地1建物0車位0,,,其他,,,,0.0,0,0,0,無,無,520711,79741,,0.0,0,協議價購；,RPTNMLNKQHLGFAD38DA,0.0,0.0,0.0,無,084
北區,土地,北安段1480地號,119.34,都市：其他:道路用地(兼供河川使用),,,1150715,土地2建物0車位0,,,其他,,,,0.0,0,0,0,無,無,9522936,79797,,0.0,0,協議價購；,RPUNMLNKQHLGFAD48DA,0.0,0.0,0.0,無,084
北區,土地,北安段1522地號,1.31,都市：其他:道路用地(兼供河川使用),,,1150715,土地1建物0車位0,,,其他,,,,0.0,0,0,0,無,無,104142,79498,,0.0,0,協議價購；,RPVNMLNKQHLGFAD58DA,0.0,0.0,0.0,無,084
北區,土地,北安段1534-1地號,7.09,都市：其他:道路用地(兼供河川使用),,,1150715,土地1建物0車位0,,,其他,,,,0.0,0,0,0,無,無,565888,79815,,0.0,0,協議價購；,RPROMLNKQHLGFAD28DA,0.0,0.0,0.0,無,089
北區,土地,北安段1539地號,10.75,都市：其他:道路用地(兼供河川使用),,,1150715,土地2建物0車位0,,,其他,,,,0.0,0,0,0,無,無,858136,79827,,0.0,0,協議價購；,RPSOMLNKQHLGFAD38DA,0.0,0.0,0.0,無,090
北區,土地,北安段1539地號,10.75,都市：其他:道路用地(兼供河川使用),,,1150715,土地2建物0車位0,,,其他,,,,0.0,0,0,0,無,無,858136,79827,,0.0,0,協議價購；,RPTOMLNKQHLGFAD48DA,0.0,0.0,0.0,無,090
北區,土地,北安段1539地號,10.75,都市：其他:道路用地(兼供河川使用),,,1150715,土地2建物0車位0,,,其他,,,,0.0,0,0,0,無,無,858136,79827,,0.0,0,協議價購；,RPUOMLNKQHLGFAD58DA,0.0,0.0,0.0,無,090
北區,土地,北安段1539地號,10.75,都市：其他:道路用地(兼供河川使用),,,1150715,土地2建物0車位0,,,其他,,,,0.0,0,0,0,無,無,858136,79827,,0.0,0,協議價購；,RPVOMLNKQHLGFAD68DA,0.0,0.0,0.0,無,090
北區,土地,北安段1539地號,10.75,都市：其他:道路用地(兼供河川使用),,,1150715,土地2建物0車位0,,,其他,,,,0.0,0,0,0,無,無,858136,79827,,0.0,0,協議價購；,RPPQMLNKQHLGFAD28DA,0.0,0.0,0.0,無,090
北區,土地,北安段1548地號,251.55,都市：其他:道路用地(兼供河川使用),,,1150715,土地2建物0車位0,,,其他,,,,0.0,0,0,0,無,無,20073690,79800,,0.0,0,協議價購；,RPWQMLNKQHLGFAD98DA,0.0,0.0,0.0,無,
北區,土地,文元段13地號,21.89,都市：其他:道路用地(兼供河川使用),,,1150715,土地1建物0車位0,,,其他,,,,0.0,0,0,0,無,無,1746822,79800,,0.0,0,協議價購；,RPXQMLNKQHLGFAD09DA,0.0,0.0,0.0,無,095
北區,土地,文元段14地號,11.68,都市：其他:道路用地(兼供河川使用),,,1150715,土地1建物0車位0,,,其他,,,,0.0,0,0,0,無,無,931828,79780,,0.0,0,協議價購；,RPORMLNKQHLGFAD28DA,0.0,0.0,0.0,無,096
北區,土地,文元段14地號,8.76,都市：其他:道路用地(兼供河川使用),,,1150715,土地1建物0車位0,,,其他,,,,0.0,0,0,0,無,無,698871,79780,,0.0,0,協議價購；,RPPRMLNKQHLGFAD38DA,0.0,0.0,0.0,無,096
北區,土地,文元段14地號,8.76,都市：其他:道路用地(兼供河川使用),,,1150715,土地1建物0車位0,,,其他,,,,0.0,0,0,0,無,無,698871,79780,,0.0,0,協議價購；,RPQRMLNKQHLGFAD48DA,0.0,0.0,0.0,無,096
北區,土地,文元段14地號,11.68,都市：其他:道路用地(兼供河川使用),,,1150715,土地1建物0車位0,,,其他,,,,0.0,0,0,0,無,無,931828,79780,,0.0,0,協議價購；,RPRRMLNKQHLGFAD58DA,0.0,0.0,0.0,無,096
北區,土地,文元段14-1地號,27.51,都市：其他:道路用地(兼供河川使用),,,1150715,土地2建物0車位0,,,其他,,,,0.0,0,0,0,無,無,2195687,79814,,0.0,0,協議價購；,RPSRMLNKQHLGFAD68DA,0.0,0.0,0.0,無,100
北區,土地,文元段14-1地號,95.91,都市：其他:道路用地(兼供河川使用),,,1150715,土地2建物0車位0,,,其他,,,,0.0,0,0,0,無,無,7653495,79799,,0.0,0,協議價購；,RPTRMLNKQHLGFAD78DA,0.0,0.0,0.0,無,100
北區,土地,文元段14-2地號,15.54,都市：其他:道路用地(兼供河川使用),,,1150715,土地1建物0車位0,,,其他,,,,0.0,0,0,0,無,無,1239826,79783,,0.0,0,協議價購；,RPURMLNKQHLGFAD88DA,0.0,0.0,0.0,無,100
北區,土地,文元段14-3地號,3.37,都市：其他:道路用地(兼供河川使用),,,1150715,土地1建物0車位0,,,其他,,,,0.0,0,0,0,無,無,268660,79721,,0.0,0,協議價購；,RPVRMLNKQHLGFAD98DA,0.0,0.0,0.0,無,
北區,土地,北安段1534-1地號,7.09,都市：其他:道路用地(兼供河川使用),,,1150715,土地1建物0車位0,,,其他,,,,0.0,0,0,0,無,無,565888,79815,,0.0,0,協議價購；,RPWRMLNKQHLGFAD09DA,0.0,0.0,0.0,無,089
北區,土地,北安段1534-1地號,3.55,都市：其他:道路用地(兼供河川使用),,,1150715,土地1建物0車位0,,,其他,,,,0.0,0,0,0,無,無,282944,79703,,0.0,0,協議價購；,RPXRMLOKQHLGFAD66DA,0.0,0.0,0.0,無,089
北區,土地,北安段1200地號,170.12,都市：其他:道路用地(兼供河川使用),,,1150715,土地2建物0車位0,,,其他,,,,0.0,0,0,0,無,無,13575975,79802,,0.0,0,協議價購；,RPOSMLOKQHLGFAD48DA,0.0,0.0,0.0,無,
北區,土地,文元段13地號,21.89,都市：其他:道路用地(兼供河川使用),,,1150715,土地1建物0車位0,,,其他,,,,0.0,0,0,0,無,無,1746822,79800,,0.0,0,協議價購；,RPPSMLOKQHLGFAD58DA,0.0,0.0,0.0,無,095
中西區,房地(土地+建物)+車位,臺南市中西區民生路二段３９３號十五樓之２,13.38,都市：其他:住宅區,,,1150719,土地6建物1車位1,十五層,二十五層,住宅大樓(11層含以上有電梯),住家用,鋼筋混凝土造,0890306,176.85000000000002,4,2,2,有,有,16680000,94317,坡道平面,29.08,0,,RPQNMLTKQHLGFAD68DA,98.5,0.0,12.34,有,
北區,房地(土地+建物),臺南市北區公園路１２８號五樓之２５,15.21,都市：其他:細部計畫道路用地,,,1150704,土地13建物1車位0,五層,八層,華廈(10層含以下有電梯),住家用,鋼筋混凝土造,0700923,108.66000000000001,3,2,2,有,有,3800000,34971,,0.0,0,包含公共設施保留地用地；,RPRNMLTKQHLGFAD78DA,82.35,0.0,2.05,有,
安南區,房地(土地+建物)+車位,臺南市安南區台江大道一段８５９巷１弄６８號三樓之１,27.84,都市：其他:住宅區,,,1150705,土地1建物1車位1,三層,十三層,住宅大樓(11層含以上有電梯),住家用,鋼筋混凝土造,1140123,137.51,3,2,2,有,有,11350000,82539,坡道平面,25.22,0,,RPQNMLOKQHLGFBD28DA,71.79,0.0,4.42,有,106
安南區,房地(土地+建物),臺南市安南區環館路３５２巷５號,183.21,都市：其他:住宅區,,,1150729,土地3建物1車位0,全,四層,透天厝,住家用,鋼筋混凝土造,1050531,365.76000000000005,3,2,4,有,有,33000000,90223,,0.0,0,有拆價: 土地28050000元，建物4950000元陽台外推；,RPSNMLRKQHLGFBD78DA,333.21,0.0,30.64,有,107
安南區,房地(土地+建物)+車位,臺南市安南區安中路二段７１巷５０號二樓之１,30.45,都市：其他:住宅區,,,1150723,土地1建物1車位1,二層,六層,華廈(10層含以下有電梯),住家用,鋼筋混凝土造,1121109,134.67,3,2,2,有,有,11320000,87439,坡道平面,21.22,1400000,,RPXNMLLLQHLGFBD78DA,70.87,0.0,8.84,有,
東區,房地(土地+建物),臺南市東區莊敬路７５號,65.0,都市：其他:住宅區,,,1150730,土地1建物1車位0,全,三層,透天厝,住商用,鋼筋混凝土造,0680521,129.41,4,1,3,有,無,6543900,50567,,0.0,0,親友、員工、共有人或其他特殊關係間之交易；,RPTNMLTKQHLGFCD56DA,129.41,0.0,0.0,無,
東區,房地(土地+建物)+車位,臺南市東區崇德五街８６號五樓,30.25,都市：其他:住宅區,,,1150703,土地1建物1車位1,五層,五層,華廈(10層含以下有電梯),住家用,鋼筋混凝土造,1141218,103.01,2,2,2,有,無,13500000,131055,一樓平面,13.75,0,其他增建；,RPQNMLKLQHLGFCD08DA,57.25,0.0,6.17,有,
東區,房地(土地+建物)+車位,臺南市東區東門路三段２６６巷２１號八樓,32.48,都市：其他:住宅區,,,1150702,土地1建物1車位1,八層,十三層,住宅大樓(11層含以上有電梯),住家用,鋼筋混凝土造,1070319,157.26,2,2,2,有,有,16250000,103332,坡道平面,25.77,0,,RPTNMLLLQHLGFCD48DA,81.54,0.0,8.43,有,108
新營區,土地,興安段181-1地號,5.23,都市：其他:道路用地,,,1150713,土地1建物0車位0,,,其他,,,,0.0,0,0,0,無,無,135109,25833,,0.0,0,協議價購；,RPRNMLTLPHLGFDD09DA,0.0,0.0,0.0,無,
新營區,房地(土地+建物),臺南市新營區三仙里３３鄰金華路一段１２巷１號,36.23,都市：其他:住宅區,,,1150713,土地2建物1車位0,全,四層,透天厝,住家用,鋼筋混凝土造,0950928,62.32,5,1,4,有,無,1000000,16046,,0.0,0,親友、員工、共有人或其他特殊關係間之交易；,RPRNMLLLQHLGFDD38DA,56.7,0.0,5.62,無,
白河區,土地,中興段894地號,58.33,都市：其他:商業區,,,1150717,土地2建物0車位0,,,其他,,,,0.0,0,0,0,無,無,1700000,29145,,0.0,0,親友、員工、共有人或其他特殊關係間之交易；,RPPNMLRKPHLGFED68DA,0.0,0.0,0.0,無,
官田區,土地,南段1182地號,5950.0,,特定農業區,農牧用地,1150714,土地2建物0車位0,,,其他,,,,0.0,0,0,0,無,無,12495000,2100,,0.0,0,農作物；,RPROMLSLPHLGFFD66DA,0.0,0.0,0.0,無,
麻豆區,土地,理段60地號,6356.73,,一般農業區,農牧用地,1150720,土地2建物0車位0,,,其他,,,,0.0,0,0,0,無,無,13984806,2200,,0.0,0,,RPUNMLTKQHLGFFD96DA,0.0,0.0,0.0,無,
麻豆區,房地(土地+建物)+車位,臺南市麻豆區新生南路７５０巷２７號七樓之５,38.92,都市：其他:住宅區,,,1150704,土地3建物1車位1,七層,七層,華廈(10層含以下有電梯),住家用,鋼筋混凝土造,1130527,119.59,3,2,3,有,有,9500000,80757,其他,11.86,800000,,RPRNMLLLQHLGFFD58DA,72.83,0.0,9.52,有,
學甲區,土地,宅子港段171-24地號,7879.0,,特定農業區,農牧用地,1150720,土地3建物0車位0,,,其他,,,,0.0,0,0,0,無,無,11818500,1500,,0.0,0,每分150萬,RPTNMLTKQHLGFGD96DA,0.0,0.0,0.0,無,
西港區,房地(土地+建物),臺南市西港區林里太西３０之１０號,83.63,,鄉村區,乙種建築用地,1150715,土地2建物1車位0,全,三層,透天厝,住家用,鋼筋混凝土造,1061219,150.08,4,2,5,有,無,8880000,59168,,0.0,0,,RPTNMLLLQHLGFGD88DA,145.54,0.0,4.54,無,109
安定區,房地(土地+建物),臺南市安定區港口１之２３３號,65.0,,特定農業區,甲種建築用地,1150717,土地1建物1車位0,全,四層,透天厝,住家用,鋼筋混凝土造,1141003,154.89,4,2,4,有,無,14810000,95616,,0.0,0,,RPRNMLLLQHLGFHD78DA,136.79,0.0,18.1,無,
仁德區,房地(土地+建物)+車位,臺南市仁德區崇聖路一段１２號四樓之８,15.39,都市：其他:住宅區,,,1150707,土地1建物1車位1,四層,十四層,住宅大樓(11層含以上有電梯),住家用,鋼筋混凝土造,1131015,114.97,2,2,1,有,有,9330000,94812,坡道平面,31.12,1380000,,RPQNMLKKPHLGFID48DA,53.6,0.0,4.18,有,
仁德區,房地(土地+建物)+車位,臺南市仁德區崇聖路一段６號十四樓之３,15.39,都市：其他:住宅區,,,1150716,土地1建物1車位1,十四層,十四層,住宅大樓(11層含以上有電梯),住家用,鋼筋混凝土造,1131015,115.82,2,2,1,有,有,9300000,95512,坡道平面,32.27,1320000,,RPSNMLTLPHLGFID07DA,54.51,0.0,3.19,有,
歸仁區,土地,林子邊段139-1地號,1340.0,,一般農業區,農牧用地,1150705,土地3建物0車位0,,,其他,,,,0.0,0,0,0,無,無,21480000,16030,,0.0,0,,RPRNMLLLQHLGFID88DA,0.0,0.0,0.0,無,
玉井區,房地(土地+建物),臺南市玉井區中正路２２０號,92.46,都市：其他:商業區,,,1150714,土地2建物1車位0,全,三層,透天厝,住商用,ＲＣ造,0730228,197.25,4,2,3,有,無,5760000,29202,,0.0,0,其他增建；,RPQNMLKLPHLGFJD68DA,186.82,0.0,10.43,無,
永康區,房地(土地+建物)+車位,臺南市永康區中華路７巷８號七樓之３,10.28,都市：其他:住宅區,,,1150724,土地1建物1車位1,七層,十九層,住宅大樓(11層含以上有電梯),住家用,鋼筋混凝土構造,1010817,141.98,2,2,2,有,有,14100000,99310,坡道機械,10.33,0,,RPQNMLQJQHLGFKD66DA,79.62,0.0,7.79,有,110
永康區,土地,頂西段422-1地號,150.53,都市：其他:道路用地,,,1150715,土地1建物0車位0,,,其他,,,,0.0,0,0,0,無,無,11891989,79001,,0.0,0,協議價購；,RPOQMLSKQHLGFKD07DA,0.0,0.0,0.0,無,060
永康區,土地,頂西段422-1地號,107.52,都市：其他:道路用地,,,1150715,土地1建物0車位0,,,其他,,,,0.0,0,0,0,無,無,8494278,79002,,0.0,0,協議價購；,RPTQMLSKQHLGFKD57DA,0.0,0.0,0.0,無,060
永康區,土地,南工段181地號,14.6,都市：其他:住宅區,,,1150727,土地1建物0車位0,,,其他,,,,0.0,0,0,0,無,無,1799450,123250,,0.0,0,協議價購；,RPROMLTKQHLGFKD27DA,0.0,0.0,0.0,無,
永康區,房地(土地+建物),臺南市永康區大橋里大橋一街２２３巷４弄６號,105.0,都市：其他:住宅區,,,1150719,土地2建物1車位0,全,二層,透天厝,住家用,鋼筋混凝土造,0741120,153.92,4,3,3,有,無,11450000,74389,,0.0,0,頂樓加蓋；夾層；其他增建；,RPPQMLTKQHLGFKD27DA,136.19,8.14,9.59,無,
永康區,房地(土地+建物),臺南市永康區永勝街３０８巷２弄１６號,47.16,都市：其他:住宅區,,,1150702,土地1建物1車位0,全,四層,透天厝,住家用,鋼筋混凝土造,0991217,108.31,5,2,5,有,無,7500000,69246,,0.0,0,親友、員工、共有人或其他特殊關係間之交易；未登記建物；,RPVNMLLLQHLGFKD86DA,87.36,9.47,11.48,無,
新營區,房地(土地+建物),臺南市新營區隋唐街３１巷３４號,129.71,都市：其他:住宅區,,,1150707,土地1建物1車位0,全,三層,透天厝,住家用,鋼筋混凝土造,0810703,257.4,5,3,3,有,無,12300000,47786,,0.0,0,,RPPNMLQLQHLGFDD78EA,251.59,0.0,5.81,無,
安平區,房地(土地+建物)+車位,臺南市安平區郡平路１４７號四樓之２,26.19,都市：其他:第六種住宅區,,,1150716,土地1建物1車位1,四層,七層,華廈(10層含以下有電梯),住家用,鋼筋混凝土造,0811118,186.46,4,2,2,有,有,9300000,49877,坡道平面,0.0,1200000,土地價金新台幣664萬2000元整。建物價金新台幣145萬8000元整。其他增建；,RPQNMLLKQHLGFAD87DA,119.91,0.0,10.33,有,
安平區,車位,臺南市安平區府平路１４４巷６７號地下室,0.34,都市：其他:第六種住宅區,,,1150716,土地1建物1車位1,管理員室（警衛室），地下一層，地下二層,七層,其他,停車空間　管理員室,鋼筋混凝土造,0811118,29.48,0,0,0,無,有,1200000,,坡道平面,0.0,1200000,僅車位交易；,RPRNMLLKQHLGFAD97DA,0.0,0.0,0.0,有,113
北區,土地,北安段1522地號,1.31,都市：其他:道路用地(兼供河川使用),,,1150715,土地1建物0車位0,,,其他,,,,0.0,0,0,0,無,無,104142,79498,,0.0,0,協議價購；,RPWNMLNKQHLGFAD68DA,0.0,0.0,0.0,無,084
北區,土地,北安段1522地號,1.31,都市：其他:道路用地(兼供河川使用),,,1150715,土地1建物0車位0,,,其他,,,,0.0,0,0,0,無,無,104142,79498,,0.0,0,協議價購；,RPXNMLNKQHLGFAD78DA,0.0,0.0,0.0,無,084
北區,土地,北安段1522地號,2.18,都市：其他:道路用地(兼供河川使用),,,1150715,土地1建物0車位0,,,其他,,,,0.0,0,0,0,無,無,173570,79619,,0.0,0,協議價購；,RPOOMLNKQHLGFAD97DA,0.0,0.0,0.0,無,084
北區,土地,北安段1522地號,2.18,都市：其他:道路用地(兼供河川使用),,,1150715,土地1建物0車位0,,,其他,,,,0.0,0,0,0,無,無,173570,79619,,0.0,0,協議價購；,RPPOMLNKQHLGFAD08DA,0.0,0.0,0.0,無,084
北區,土地,北安段1522地號,2.18,都市：其他:道路用地(兼供河川使用),,,1150715,土地1建物0車位0,,,其他,,,,0.0,0,0,0,無,無,173570,79619,,0.0,0,協議價購；,RPQOMLNKQHLGFAD18DA,0.0,0.0,0.0,無,084
北區,土地,北安段1539地號,10.75,都市：其他:道路用地(兼供河川使用),,,1150715,土地2建物0車位0,,,其他,,,,0.0,0,0,0,無,無,858136,79827,,0.0,0,協議價購；,RPQQMLNKQHLGFAD38DA,0.0,0.0,0.0,無,090
北區,土地,北安段1539地號,10.75,都市：其他:道路用地(兼供河川使用),,,1150715,土地2建物0車位0,,,其他,,,,0.0,0,0,0,無,無,858136,79827,,0.0,0,協議價購；,RPRQMLNKQHLGFAD48DA,0.0,0.0,0.0,無,090
北區,土地,北安段1539地號,6.27,都市：其他:道路用地(兼供河川使用),,,1150715,土地2建物0車位0,,,其他,,,,0.0,0,0,0,無,無,500579,79837,,0.0,0,協議價購；,RPSQMLNKQHLGFAD58DA,0.0,0.0,0.0,無,090
北區,土地,北安段1539地號,6.27,都市：其他:道路用地(兼供河川使用),,,1150715,土地2建物0車位0,,,其他,,,,0.0,0,0,0,無,無,500579,79837,,0.0,0,協議價購；,RPTQMLNKQHLGFAD68DA,0.0,0.0,0.0,無,090
北區,土地,北安段1539地號,6.27,都市：其他:道路用地(兼供河川使用),,,1150715,土地2建物0車位0,,,其他,,,,0.0,0,0,0,無,無,500579,79837,,0.0,0,協議價購；,RPUQMLNKQHLGFAD78DA,0.0,0.0,0.0,無,090
北區,土地,北安段1539地號,18.82,都市：其他:道路用地(兼供河川使用),,,1150715,土地2建物0車位0,,,其他,,,,0.0,0,0,0,無,無,1501736,79795,,0.0,0,協議價購；,RPXRMLNKQHLGFAD56DA,0.0,0.0,0.0,無,090
安南區,房地(土地+建物),臺南市安南區安通一街６６號,86.81,都市：其他:住宅區,,,1150710,土地1建物1車位0,全,四層,透天厝,住家用,鋼筋混凝土造,1031225,175.31,4,3,4,有,無,20000000,114084,,0.0,0,陽台外推；頂樓加蓋；其他增建；,RPPNMLRLPHLGFBD48DA,154.57,0.0,20.74,無,
東區,房地(土地+建物)+車位,臺南市東區崇仁街６６巷１０號十一樓,17.05,都市：其他:副都心商業區,,,1150721,土地1建物1車位1,十一層,十四層,住宅大樓(11層含以上有電梯),住家用,鋼筋混凝土造,0990507,172.53,4,2,2,有,有,17800000,103170,坡道平面,0.0,0,陽台外推；,RPPPMLNKQHLGFCD38DA,91.73,1.0,12.19,有,
南區,房地(土地+建物),臺南市南區永仁街４號,69.0,都市：其他:住宅區,,,1150702,土地1建物1車位0,全,三層,透天厝,住商用,鋼筋混凝土造,0680731,134.96,4,2,3,有,無,10500000,77801,,0.0,0,頂樓加蓋；,RPOOMLLLQHLGFCD08DA,134.96,0.0,0.0,無,
東山區,房地(土地+建物),臺南市東山區東中里永平街２１號,96.0,都市：其他:住宅區,,,1150705,土地1建物1車位0,全,四層,透天厝,住家用,鋼筋混凝土造,1131121,195.0,4,3,4,有,無,11800000,60513,,0.0,0,,RPWNMLLKQHLGFED88DA,181.14,0.0,13.86,無,
大內區,土地,石仔瀨北段1109地號,8.65,都市：其他:乙種工業區,,,1150703,土地2建物0車位0,,,其他,,,,0.0,0,0,0,無,無,35733,4131,,0.0,0,依公告現值加4成出售親友、員工、共有人或其他特殊關係間之交易；,RPSNMLPLQHLGFFD09DA,0.0,0.0,0.0,無,
佳里區,房地(土地+建物),臺南市佳里區鎮山里２鄰自由街７１號,81.0,都市：其他:住宅區,,,1150723,土地1建物1車位0,全,三層,透天厝,住商用,鋼筋混凝土造,0660705,172.61,3,2,2,有,無,5600000,32443,,0.0,0,其他增建；,RPSNMLLKQHLGFGD68DA,172.61,0.0,0.0,無,
佳里區,房地(土地+建物),臺南市佳里區同安寮３３之３號,117.62,,鄉村區,乙種建築用地,1150704,土地2建物1車位0,全,三層,透天厝,住家用,鋼筋混凝土造,1150409,184.41,5,2,5,有,無,14300000,77545,,0.0,0,陽台外推；,RPPNMLLLQHLGFGD48DA,158.17,0.0,26.24,無,
新市區,房地(土地+建物),臺南市新市區大４１１之１號六樓之５,27.22,,鄉村區,乙種建築用地,1150720,土地2建物1車位0,六層,七層,華廈(10層含以下有電梯),住家用,鋼筋混凝土造,1141205,93.06,3,2,2,有,有,8500000,91339,,0.0,0,車位壹位，面積：13.89平方公尺，位置：一樓平面車位。,RPWNMLOKQHLGFHD86DA,60.25,0.0,3.75,有,
新化區,房地(土地+建物)+車位,臺南市新化區和平街１３１號六樓之２,14.48,都市：其他:住宅區,,,1150715,土地6建物1車位1,六層,八層,華廈(10層含以下有電梯),住家用,鋼筋混凝土造,0820514,111.08,3,2,2,有,有,4600000,41412,坡道機械,0.0,0,親友、員工、共有人或其他特殊關係間之交易；,RPWOMLOKQHLGFHD96DA,68.1,0.0,13.39,有,
善化區,房地(土地+建物),臺南市善化區百二甲３０之１號,99.89,,鄉村區,乙種建築用地,1150718,土地3建物1車位0,全,四層,透天厝,住家用,鋼筋混凝土造,1150305,155.19,4,2,3,有,無,17350000,111798,,0.0,0,,RPUNMLLLQHLGFHD09DA,133.58,0.0,21.61,無,
仁德區,土地,太新段440地號,286.45,都市：其他:甲種工業區,,,1150723,土地1建物0車位0,,,其他,,,,0.0,0,0,0,無,無,19000000,66329,,0.0,0,,RPQNMLTKQHLGFID86DA,0.0,0.0,0.0,無,
歸仁區,房地(土地+建物)+車位,臺南市歸仁區高鐵大道３５號七樓之７,14.94,都市：其他:商業區,,,1150730,土地1建物1車位1,七層,十七層,住宅大樓(11層含以上有電梯),住家用,鋼筋混凝土造,1141023,98.41,2,2,1,有,有,12250000,145265,坡道平面,25.44,1650000,,RPRNMLKLQHLGFID78DA,42.77,0.0,4.35,有,125
歸仁區,土地,崙頂段971地號,1842.73,,一般農業區,農牧用地,1150720,土地1建物0車位0,,,其他,,,,0.0,0,0,0,無,無,12820000,6957,,0.0,0,,RPTNMLPLQHLGFID86DA,0.0,0.0,0.0,無,
永康區,房地(土地+建物)+車位,臺南市永康區東橋五路１６３號三樓之８,7.69,都市：其他:商業區,,,1150717,土地1建物1車位1,三層,二十三層,住宅大樓(11層含以上有電梯),住家用,鋼筋混凝土造,1150326,75.44,1,1,1,有,有,7380000,97826,坡道機械,10.52,0,,RPWOMLKLPHLGFKD86DA,38.79,0.0,2.87,有,126
永康區,房地(土地+建物)+車位,臺南市永康區東橋五路２１０號四樓之５,30.45,都市：其他:住宅區,,,1150712,土地1建物1車位2,四層,十五層,住宅大樓(11層含以上有電梯),住家用,鋼筋混凝土構造,1120818,215.95,4,2,2,有,有,20100000,93077,坡道平面,0.0,0,,RPPOMLLLQHLGFKD98DA,97.86,0.0,5.32,有,127
鹽水區,土地,番子厝段1117地號,1272.0,,特定農業區,交通用地,1150701,土地3建物0車位0,,,其他,,,,0.0,0,0,0,無,無,2299027,1807,,0.0,0,,RPQNMLQLQHLGFDD88EA,0.0,0.0,0.0,無,
下營區,土地,營中段650-1地號,45.47,都市：其他:道路用地,,,1150719,土地3建物0車位0,,,其他,,,,0.0,0,0,0,無,無,702558,15451,,0.0,0,含土地增值稅或其他稅費86558元；親友、員工、共有人或其他特殊關係間之交易；包含公共設施保留地用地；,RPPNMLNLPHLGFFD58EA,0.0,0.0,0.0,無,
北區,房地(土地+建物)+車位,臺南市北區和緯路二段３４１號五樓之１,19.18,都市：其他:住宅區,,,1150710,土地1建物1車位1,五層,十五層,住宅大樓(11層含以上有電梯),住家用,鋼筋混凝土造,1141110,169.67000000000002,2,2,3,有,有,25370000,157688,坡道平面,22.29,2130000,,RPTNMLRJQHLGFAD68DA,85.99,0.0,8.01,有,
安平區,房地(土地+建物),臺南市安平區光州二街１４４號七樓之７,6.08,都市：其他:第五種住宅區,,,1150713,土地1建物1車位0,七層,七層,華廈(10層含以下有電梯),住家用,鋼筋混凝土造,0820911,29.95,1,0,1,有,有,2180000,72788,,0.0,0,其他增建；,RPWNMLLLQHLGFAD58DA,19.34,0.0,2.66,有,128
安南區,房地(土地+建物),臺南市安南區樂活二街４８巷９號,94.32,都市：其他:住宅區,,,1150711,土地9建物1車位0,全,四層,透天厝,住家用,鋼筋混凝土造,1141105,199.28,5,2,4,有,無,21500000,107888,,0.0,0,,RPTNMLKLPHLGFBD18DA,182.63,0.0,16.65,無,129
安南區,房地(土地+建物),臺南市安南區理安街２１９號,92.09,都市：其他:住宅區,,,1150726,土地4建物1車位0,全,二層,透天厝,住商用,加強磚造,0700910,108.19,3,3,2,有,無,7200000,66550,,0.0,0,頂樓加蓋；其他增建；,RPSNMLRJQHLGFBD68DA,101.42,0.0,6.77,無,130
安南區,房地(土地+建物)+車位,臺南市安南區樂活一街１０號七樓,16.63,都市：其他:住宅區,,,1150712,土地1建物1車位1,七層,十九層,住宅大樓(11層含以上有電梯),住家用,鋼筋混凝土造,1100526,167.1,3,2,2,有,有,14880000,89048,坡道平面,23.35,0,,RPWNMLLKQHLGFBD58DA,79.59,3.7,8.42,有,131
東區,房地(土地+建物),臺南市東區德昌一街３７號,91.54,都市：其他:住宅區,,,1150731,土地1建物1車位0,全,四層,透天厝,住家用,鋼筋混凝土造,1040408,235.93,5,2,4,有,無,29700000,125885,,0.0,0,,RPOOMLRKQHLGFCD58DA,232.83,0.0,3.1,無,
東區,房地(土地+建物),臺南市東區府連路１９０號五樓之７,5.07,都市：其他:住宅區,,,1150724,土地1建物1車位0,五層,七層,華廈(10層含以下有電梯),住家用,鋼筋混凝土造,0791017,27.17,1,0,1,有,有,2600000,95694,,0.0,0,,RPSNMLLLQHLGFCD38DA,19.53,0.0,0.0,有,
東區,房地(土地+建物),臺南市東區崇善十二街６巷２號十二樓之３,27.03,都市：其他:住宅區,,,1150705,土地1建物1車位0,十二層,十二層,住宅大樓(11層含以上有電梯),住家用,鋼筋混凝土造,0870622,123.61,3,2,2,有,有,9450000,76450,,0.0,0,,RPRNMLMLQHLGFCD38DA,82.85,1.79,11.52,有,
新營區,房地(土地+建物),臺南市新營區新南里４鄰金華路二段１３０號,109.81,都市：其他:住宅區,,,1150715,土地1建物1車位0,全,四層,透天厝,住商用,鋼筋混凝土造,0940613,243.33,4,2,4,有,無,18500000,76028,,0.0,0,其他增建；,RPTNMLTLPHLGFDD66DA,219.34,0.0,23.99,無,
鹽水區,房地(土地+建物),臺南市鹽水區月津路１８巷１０６弄１１號,94.55,都市：其他:住宅區,,,1150709,土地2建物1車位0,全,四層,透天厝,住家用,鋼筋混凝土造,1131022,161.31,4,2,4,有,無,9700000,60133,,0.0,0,土地價格485萬元及建物價格485萬元,RPTOMLPLQHLGFDD09DA,154.96,0.0,6.35,無,
鹽水區,土地,下林段347地號,889.0,,一般農業區,農牧用地,1150731,土地1建物0車位0,,,其他,,,,0.0,0,0,0,無,無,900000,1012,,0.0,0,,RPOPMLPLQHLGFDD68DA,0.0,0.0,0.0,無,
新營區,土地,東站段599地號,11.24,都市：其他:乙種工業區,,,1150729,土地2建物0車位0,,,其他,,,,0.0,0,0,0,無,無,340000,30249,,0.0,0,含土地增值稅或其他稅費；,RPPNMLRLQHLGFDD78DA,0.0,0.0,0.0,無,
官田區,土地,番子渡頭段302-20地號,138.0,,一般農業區,農牧用地,1150731,土地1建物0車位0,,,其他,,,,0.0,0,0,0,無,無,247020,1790,,0.0,0,協議價購；,RPSNMLKKQHLGFFD48DA,0.0,0.0,0.0,無,132
官田區,土地,番子渡頭段302-23地號,1.0,,一般農業區,農牧用地,1150731,土地1建物0車位0,,,其他,,,,0.0,0,0,0,無,無,1790,0,,0.0,0,協議價購；,RPUNMLKKQHLGFFD68DA,0.0,0.0,0.0,無,
官田區,土地,番子渡頭段302-21地號,29.0,,一般農業區,農牧用地,1150731,土地1建物0車位0,,,其他,,,,0.0,0,0,0,無,無,49880,1720,,0.0,0,協議價購；,RPVNMLKKQHLGFFD78DA,0.0,0.0,0.0,無,
官田區,土地,番子渡頭段351-53地號,335.0,,一般農業區,農牧用地,1150731,土地1建物0車位0,,,其他,,,,0.0,0,0,0,無,無,529300,1580,,0.0,0,協議價購；,RPWNMLKKQHLGFFD88DA,0.0,0.0,0.0,無,
官田區,土地,番子渡頭段308-6地號,320.0,,一般農業區,農牧用地,1150731,土地1建物0車位0,,,其他,,,,0.0,0,0,0,無,無,537600,1680,,0.0,0,協議價購；,RPXNMLKKQHLGFFD98DA,0.0,0.0,0.0,無,
官田區,土地,番子渡頭段307-13地號,48.5,,一般農業區,農牧用地,1150731,土地1建物0車位0,,,其他,,,,0.0,0,0,0,無,無,76630,1580,,0.0,0,協議價購；,RPPOMLKKQHLGFFD28DA,0.0,0.0,0.0,無,
官田區,土地,番子渡頭段321-30地號,4128.0,,一般農業區,農牧用地,1150731,土地2建物0車位0,,,其他,,,,0.0,0,0,0,無,無,6935040,1680,,0.0,0,協議價購；,RPROMLKKQHLGFFD48DA,0.0,0.0,0.0,無,
官田區,土地,番子渡頭段307-14地號,82.55,,一般農業區,農牧用地,1150731,土地1建物0車位0,,,其他,,,,0.0,0,0,0,無,無,130432,1580,,0.0,0,協議價購；,RPSOMLKKQHLGFFD58DA,0.0,0.0,0.0,無,
官田區,土地,番子渡頭段321-25地號,3649.0,,一般農業區,農牧用地,1150731,土地2建物0車位0,,,其他,,,,0.0,0,0,0,無,無,6130320,1680,,0.0,0,協議價購；,RPTOMLKKQHLGFFD68DA,0.0,0.0,0.0,無,
官田區,土地,番子渡頭段321-27地號,1591.41,,一般農業區,農牧用地,1150731,土地3建物0車位0,,,其他,,,,0.0,0,0,0,無,無,2673564,1680,,0.0,0,協議價購；,RPUOMLKKQHLGFFD78DA,0.0,0.0,0.0,無,
官田區,土地,番子渡頭段302-19地號,88.0,,一般農業區,農牧用地,1150731,土地1建物0車位0,,,其他,,,,0.0,0,0,0,無,無,157520,1790,,0.0,0,協議價購；,RPWOMLKKQHLGFFD98DA,0.0,0.0,0.0,無,
官田區,土地,番子渡頭段302-22地號,113.0,,一般農業區,農牧用地,1150731,土地1建物0車位0,,,其他,,,,0.0,0,0,0,無,無,189840,1680,,0.0,0,協議價購；,RPXOMLKKQHLGFFD09DA,0.0,0.0,0.0,無,
官田區,土地,番子渡頭段304-11地號,446.0,,一般農業區,農牧用地,1150731,土地1建物0車位0,,,其他,,,,0.0,0,0,0,無,無,704680,1580,,0.0,0,協議價購；,RPSPMLKKQHLGFFD68DA,0.0,0.0,0.0,無,
官田區,土地,番子渡頭段320-13地號,3166.0,,一般農業區,農牧用地,1150731,土地1建物0車位0,,,其他,,,,0.0,0,0,0,無,無,5445520,1720,,0.0,0,協議價購；,RPTPMLKKQHLGFFD78DA,0.0,0.0,0.0,無,
官田區,土地,番子渡頭段302-20地號,138.0,,一般農業區,農牧用地,1150731,土地1建物0車位0,,,其他,,,,0.0,0,0,0,無,無,247020,1790,,0.0,0,協議價購；,RPUPMLKKQHLGFFD88DA,0.0,0.0,0.0,無,132
官田區,土地,番子渡頭段351-54地號,406.5,,一般農業區,農牧用地,1150731,土地1建物0車位0,,,其他,,,,0.0,0,0,0,無,無,642270,1580,,0.0,0,協議價購；,RPVPMLKKQHLGFFD98DA,0.0,0.0,0.0,無,
六甲區,房地(土地+建物),臺南市六甲區龜子港８０巷２９弄７之１０號,106.67,,鄉村區,乙種建築用地,1150705,土地2建物1車位0,全,三層,透天厝,住家用,鋼筋混凝土造,1131226,142.51,4,2,3,有,無,8880000,62311,,0.0,0,,RPTNMLQLQHLGFFD66DA,127.16,0.0,15.35,無,
官田區,土地,鎮南段77地號,779.72,都市：其他:住宅區,,,1150724,土地2建物0車位0,,,其他,,,,0.0,0,0,0,無,無,21455000,27516,,0.0,0,,RPUNMLQLQHLGFFD76DA,0.0,0.0,0.0,無,
安定區,房地(土地+建物),臺南市安定區海寮１１２之８號,101.26,,鄉村區,乙種建築用地,1150716,土地2建物1車位0,全,三層,透天厝,住家用,鋼筋混凝土造,1141103,182.44,4,2,4,有,無,15250000,83589,,0.0,0,,RPQNMLOLQHLGFHD98DA,167.96,0.0,14.48,無,
關廟區,土地,民生段583地號,110.2,都市：其他:住宅區,,,1150707,土地2建物0車位0,,,其他,,,,0.0,0,0,0,無,無,2233000,20263,,0.0,0,,RPPNMLMKQHLGFID68DA,0.0,0.0,0.0,無,
仁德區,房地(土地+建物)+車位,臺南市仁德區德南路１６８巷２號二樓之８,22.62,都市：其他:住宅區,,,1150712,土地2建物1車位1,二層,八層,華廈(10層含以下有電梯),住家用,鋼筋混凝土構造,1080201,110.19,2,2,1,有,有,7800000,70787,坡道平面,33.04,0,陽台外推；,RPTNMLSKQHLGFID07DA,49.24,0.0,3.34,有,134
關廟區,土地,下湖段8地號,10756.0,,一般農業區,農牧用地,1150705,土地2建物0車位0,,,其他,,,,0.0,0,0,0,無,無,17470000,1624,,0.0,0,,RPPNMLQLQHLGFID56DA,0.0,0.0,0.0,無,
永康區,土地,北灣段634-6地號,27.31,都市：其他:住宅區,,,1150730,土地1建物0車位0,,,其他,,,,0.0,0,0,0,無,無,2065000,75613,,0.0,0,,RPXPMLTKQHLGFKD97DA,0.0,0.0,0.0,無,
永康區,房地(土地+建物),臺南市永康區東橋十二街１７２號四樓之６,12.71,都市：其他:住宅區,,,1150705,土地1建物1車位0,四層,十五層,住宅大樓(11層含以上有電梯),住家用,鋼筋混凝土構造,1080315,82.19,2,2,2,有,有,10000000,121669,,0.0,0,陽台外推；,RPSNMLLLQHLGFKD56DA,51.46,0.0,5.86,有,135
中西區,房地(土地+建物),臺南市中西區民族路二段５７巷１２號二樓之４,3.27,都市：其他:商業區,,,1150723,土地1建物1車位0,二層,六層,華廈(10層含以下有電梯),住家用,鋼筋混凝土造,0790705,20.7,1,0,1,有,有,1700000,82126,,0.0,0,含租約；,RPXNMLOLPHLGFAD88DA,11.83,0.0,4.09,有,
中西區,房地(土地+建物),臺南市中西區西賢五街８０號,279.0,都市：其他:住宅區,,,1150723,土地1建物1車位0,全,五層,透天厝,住家用,鋼筋混凝土構造,1060116,693.49,8,2,10,有,無,48000000,69215,,0.0,0,其他增建；,RPOPMLQJQHLGFAD28DA,604.44,0.0,89.05,有,
北區,房地(土地+建物),臺南市北區西門路四段２８４號,100.0,都市：其他:住宅區,,,1150724,土地4建物1車位0,全,三層,透天厝,住商用,鋼筋混凝土造,0680106,178.86,3,1,2,有,無,25800000,144247,,0.0,0,其他增建；,RPQPMLQJQHLGFAD48DA,163.9,0.0,14.96,無,
安南區,土地,海西段471地號,3910.55,都市：其他:農業區,,,1150724,土地11建物0車位0,,,其他,,,,0.0,0,0,0,無,無,31939400,8167,,0.0,0,,RPWNMLOLPHLGFBD88DA,0.0,0.0,0.0,無,
安南區,土地,海西段467地號,1377.36,都市：其他:農業區,,,1150724,土地8建物0車位0,,,其他,,,,0.0,0,0,0,無,無,10837300,7868,,0.0,0,,RPUNMLRLPHLGFBD98DA,0.0,0.0,0.0,無,
安南區,房地(土地+建物),臺南市安南區北安路三段６８０巷１０弄１０號,105.56,都市：其他:住宅區,,,1150724,土地3建物1車位0,全,四層,透天厝,住家用,鋼筋混凝土造,1000909,244.78,5,2,4,有,無,18600000,75987,,0.0,0,頂樓加蓋；其他增建；,RPWNMLLLQHLGFBD68DA,223.83,0.0,20.95,無,
安南區,房地(土地+建物),臺南市安南區安富一街９８號,79.85,都市：其他:住宅區,,,1150723,土地1建物1車位0,全,三層,透天厝,住商用,鋼筋混凝土造,0800513,218.74,4,3,3,有,有,14000000,64003,,0.0,0,頂樓加蓋；其他增建；,RPWNMLQLQHLGFBD56DA,208.32,0.0,10.42,無,
東區,房地(土地+建物)+車位,臺南市東區龍山街１０５號四樓,13.24,都市：其他:副都心商業區,,,1150701,土地1建物1車位1,四層,十四層,住宅大樓(11層含以上有電梯),住家用,鋼筋混凝土造,0960906,144.0,3,2,2,有,有,14800000,102778,坡道平面,0.0,1400000,其他增建；,RPPOMLLJPHLGFCD87DA,72.67,1.47,9.53,有,
南區,房地(土地+建物)+車位,臺南市南區大林路１２號四樓之５,33.01,都市：其他:住宅區,,,1150709,土地1建物1車位1,四層,十三層,住宅大樓(11層含以上有電梯),住家用,鋼筋混凝土造,0881021,136.74,3,2,2,有,有,7600000,55580,坡道平面,0.0,0,,RPXNMLRJQHLGFCD66DA,81.29,0.0,8.17,有,
東區,房地(土地+建物),臺南市東區長榮路二段１０６號六樓之４,3.47,都市：其他:中心商業區,,,1150716,土地1建物1車位0,六層,九層,華廈(10層含以下有電梯),住家用,鋼筋混凝土造,0780620,26.47,1,0,1,有,有,2120000,80091,,0.0,0,,RPRNMLRLQHLGFCD88DA,16.95,0.0,2.52,有,
官田區,土地,番子渡頭段307-13地號,48.5,,一般農業區,農牧用地,1150731,土地1建物0車位0,,,其他,,,,0.0,0,0,0,無,無,76630,1580,,0.0,0,協議價購；,RPQOMLKKQHLGFFD38DA,0.0,0.0,0.0,無,
官田區,土地,番子渡頭段302-18地號,402.0,,一般農業區,農牧用地,1150731,土地1建物0車位0,,,其他,,,,0.0,0,0,0,無,無,719580,1790,,0.0,0,協議價購；,RPVOMLKKQHLGFFD88DA,0.0,0.0,0.0,無,
官田區,土地,番子渡頭段304-13地號,2026.53,,一般農業區,農牧用地,1150731,土地3建物0車位0,,,其他,,,,0.0,0,0,0,無,無,3374572,1665,,0.0,0,協議價購；,RPPPMLKKQHLGFFD38DA,0.0,0.0,0.0,無,
官田區,土地,番子渡頭段304-13地號,2026.53,,一般農業區,農牧用地,1150731,土地3建物0車位0,,,其他,,,,0.0,0,0,0,無,無,3374572,1665,,0.0,0,協議價購；,RPQPMLKKQHLGFFD48DA,0.0,0.0,0.0,無,
官田區,土地,番子渡頭段304-13地號,2026.53,,一般農業區,農牧用地,1150731,土地3建物0車位0,,,其他,,,,0.0,0,0,0,無,無,3374572,1665,,0.0,0,協議價購；,RPRPMLKKQHLGFFD58DA,0.0,0.0,0.0,無,
官田區,土地,番子渡頭段351-54地號,406.5,,一般農業區,農牧用地,1150731,土地1建物0車位0,,,其他,,,,0.0,0,0,0,無,無,642270,1580,,0.0,0,協議價購；,RPWPMLKKQHLGFFD09DA,0.0,0.0,0.0,無,
麻豆區,土地,南寮段643地號,1564.0,,特定農業區,農牧用地,1150719,土地1建物0車位0,,,其他,,,,0.0,0,0,0,無,無,3900000,2494,,0.0,0,,RPRNMLQLQHLGFFD09DA,0.0,0.0,0.0,無,
學甲區,房地(土地+建物),臺南市學甲區麻學路三段１２１巷２３號,78.16,,鄉村區,乙種建築用地,1150730,土地4建物1車位0,全,四層,透天厝,住家用,鋼筋混凝土造,1150303,170.49,4,2,4,有,無,8560000,50208,,0.0,0,,RPPNMLQLQHLGFGD98DA,154.7,0.0,15.79,無,
佳里區,房地(土地+建物),臺南市佳里區公園路７５巷２６號,122.49,都市：其他:住宅區,,,1150721,土地1建物1車位0,全,四層,透天厝,住家用,鋼筋混凝土造,1150211,247.5,5,2,6,有,無,19750000,79798,,0.0,0,,RPOOMLQLQHLGFGD98DA,229.62,0.0,17.88,有,
山上區,土地,明南段466地號,85.16,都市：其他:住宅區,,,1150720,土地1建物0車位0,,,其他,,,,0.0,0,0,0,無,無,3406400,40000,,0.0,0,,RPSNMLLLPHLGFHD78DA,0.0,0.0,0.0,無,
新市區,房地(土地+建物),臺南市新市區永福街１６巷１４號,79.23,都市：其他:住宅區,,,1150714,土地1建物1車位0,全,二層,透天厝,住商用,加強磚造,0681108,90.96,4,2,2,有,無,6700000,73659,,0.0,0,頂樓加蓋；其他增建；,RPUNMLNLPHLGFHD56DA,90.96,0.0,0.0,無,
仁德區,土地,虎山段250地號,243.46,都市：其他:農業區,,,1150708,土地1建物0車位0,,,其他,,,,0.0,0,0,0,無,無,680000,2793,,0.0,0,,RPSOMLLLPHLGFID98DA,0.0,0.0,0.0,無,
仁德區,土地,崙尾段454地號,119.84,都市：其他:第三種住宅區。,,,1150722,土地1建物0車位0,,,其他,,,,0.0,0,0,0,無,無,7322224,61100,,0.0,0,二親等間買賣.無另立私契.以當年度公告現值為價金計算方式親友、員工、共有人或其他特殊關係間之交易；,RPPNMLSLQHLGFID76DA,0.0,0.0,0.0,無,
南化區,土地,菁埔寮段60-25地號,3163.0,,山坡地保育區,農牧用地,1150729,土地5建物0車位0,,,其他,,,,0.0,0,0,0,無,無,3820000,1208,,0.0,0,,RPQNMLRLQHLGFJD86DA,0.0,0.0,0.0,無,
永康區,房地(土地+建物),臺南市永康區鹽行里新行街１３３號十樓之１５,2.43,都市：其他:住宅區,,,1150721,土地1建物1車位0,十層,十五層,住宅大樓(11層含以上有電梯),住家用,鋼筋混凝土造,0820827,31.1,1,0,1,有,有,2000000,64309,,0.0,0,其他增建；,RPTOMLLLPHLGFKD66DA,19.32,0.0,3.61,有,
永康區,房地(土地+建物)+車位,臺南市永康區中正路２４０號八樓,43.88,都市：其他:住宅區,,,1150725,土地1建物1車位1,八層，九層,十一層,住宅大樓(11層含以上有電梯),住家用,鋼筋混凝土造,0801024,195.42000000000002,4,2,2,有,有,8330000,42626,坡道平面,0.0,0,含傢俱設備費；,RPWNMLRLPHLGFKD47DA,112.75,0.0,14.62,有,
永康區,土地,富強段674地號,1.0,都市：其他:住宅區,,,1150714,土地1建物0車位0,,,其他,,,,0.0,0,0,0,無,無,29500,0,,0.0,0,親友、員工、共有人或其他特殊關係間之交易；,RPSNMLSKQHLGFKD17DA,0.0,0.0,0.0,無,
永康區,房地(土地+建物),臺南市永康區南台街８９巷１１號,204.94,都市：其他:住宅區,,,1150709,土地1建物1車位0,全,四層,透天厝,住家用,鋼筋混凝土造,0960612,446.56,30,1,30,有,無,38000000,85095,,0.0,0,其他增建；,RPPNMLKLQHLGFKD78DA,420.56,0.0,26.0,有,
鹽水區,土地,岸南段557地號,3220.0,,特定農業區,農牧用地,1150723,土地1建物0車位0,,,其他,,,,0.0,0,0,0,無,無,4400000,1366,,0.0,0,,RPPNMLSLQHLGFDD98EA,0.0,0.0,0.0,無,
北區,房地(土地+建物),臺南市北區公園南路３６２巷１０號十樓之３,5.92,都市：其他:住宅區,,,1150617,土地1建物1車位0,十層,二十五層,住宅大樓(11層含以上有電梯),住家用,鋼筋混凝土造,0840104,77.69,2,2,1,有,有,5800000,74656,,0.0,0,親友、員工、共有人或其他特殊關係間之交易；,RPOOMLNJQHLGFAD87DA,56.16,0.0,3.81,有,136
安南區,房地(土地+建物),臺南市安南區安和路四段３６巷２４８號,482.59,都市：其他:工業區,,,1150622,土地1建物1車位0,全,一層,透天厝,工業用,鋼造,0811231,65.72,3,2,2,有,無,32680000,497261,,0.0,0,,RPPOMLKKQHLGFBD87DA,65.72,0.0,0.0,無,
東區,房地(土地+建物)+車位,臺南市東區崇善十一街５２號十二樓,12.88,都市：其他:住宅區,,,1150614,土地1建物1車位1,十二層,十四層,住宅大樓(11層含以上有電梯),住家用,鋼筋混凝土造,0880802,79.39,2,2,1,有,有,5300000,66759,坡道機械,11.24,0,,RPPOMLSKQHLGFCD78DA,47.66,0.0,7.15,有,
西港區,房地(土地+建物)+車位,臺南市西港區後營２７之９號四樓之３,36.91,,鄉村區,乙種建築用地,1150612,土地1建物1車位1,四層,五層,華廈(10層含以下有電梯),住家用,鋼筋混凝土造,1130420,105.78999999999999,2,2,2,有,無,6750000,68377,一樓平面,23.16,1100000,其他增建；,RPUNMLMKQHLGFGD98DA,56.31,0.0,5.25,有,
佳里區,房地(土地+建物),臺南市佳里區新宅１之３３號,2791.0,,特定農業區,農牧用地,1150618,土地2建物1車位0,全,一層,透天厝,其他,鋼鐵,0921110,998.72,1,1,1,有,無,9500000,9512,,0.0,0,,RPQOMLMKQHLGFGD68DA,998.72,0.0,0.0,無,
新化區,房地(土地+建物),臺南市新化區頂山８９之９號四樓之２,40.24,,鄉村區,乙種建築用地,1150604,土地2建物1車位0,四層,五層,華廈(10層含以下有電梯),住家用,鋼筋混凝土造,1141217,127.47,3,2,2,有,有,10100000,79234,,0.0,0,,RPRNMLSKQHLGFHD76DA,82.59,0.0,8.34,有,
新化區,房地(土地+建物),臺南市新化區頂山８９之９號三樓之１,26.84,,鄉村區,乙種建築用地,1150616,土地2建物1車位0,三層,五層,華廈(10層含以下有電梯),住家用,鋼筋混凝土造,1141217,84.67999999999999,2,2,1,有,有,6680000,78885,,0.0,0,,RPSNMLSKQHLGFHD86DA,56.28,0.0,4.02,有,
新化區,房地(土地+建物),臺南市新化區頂山８９之９號四樓之１,26.84,,鄉村區,乙種建築用地,1150616,土地2建物1車位0,四層,五層,華廈(10層含以下有電梯),住家用,鋼筋混凝土造,1141217,84.67999999999999,2,2,1,有,有,7020000,82900,,0.0,0,,RPTNMLSKQHLGFHD96DA,56.28,0.0,4.02,有,
關廟區,房地(土地+建物)+車位,臺南市關廟區北新一街１號十三樓之２,18.87,都市：其他:住宅區,,,1150617,土地1建物1車位1,十三層,十四層,住宅大樓(11層含以上有電梯),住家用,鋼筋混凝土造,1130930,94.49000000000001,1,1,1,有,有,6380000,67520,坡道機械,15.99,0,,RPTNMLPLOHLGFID66DA,49.41,0.0,5.9,有,137
歸仁區,房地(土地+建物),臺南市歸仁區文化里國光街１４３巷２６號,86.79,都市：其他:住宅區,,,1150624,土地1建物1車位0,全,二層,透天厝,住家用,加強磚造,0700124,99.06,6,2,2,有,無,4430000,44720,,0.0,0,其他增建；,RPUNMLSKQHLGFID17DA,99.06,0.0,0.0,無,
永康區,房地(土地+建物),臺南市永康區中正南路１６８巷２弄１４２號,57.24,都市：其他:住宅區,,,1150611,土地1建物1車位0,全,二層,透天厝,住家用,加強磚造,0631008,77.08,4,2,4,有,無,10600000,137519,,0.0,0,其他增建；,RPPOMLKMOHLGFKD78DA,77.08,0.0,0.0,無,138
安平區,房地(土地+建物)+車位,臺南市安平區健康三街４６０巷６２號八樓之１０,21.49,都市：其他:第六種住宅區,,,1150626,土地1建物1車位1,八層,八層,華廈(10層含以下有電梯),住家用,鋼筋混凝土造,0830722,137.57,4,2,2,有,有,7600000,55245,坡道平面,0.0,0,,RPOOMLSKQHLGFAD48DA,85.75,0.0,8.23,有,139
安南區,土地,城西段853-11地號,6455.87,都市：其他:農業區,,,1150626,土地2建物0車位0,,,其他,,,,0.0,0,0,0,無,無,14806700,2294,,0.0,0,,RPXNMLSKQHLGFBD76DA,0.0,0.0,0.0,無,140
安南區,房地(土地+建物)+車位,臺南市安南區大安街８１１號三樓之９,34.91,都市：其他:住宅區,,,1150610,土地1建物1車位1,三層,六層,華廈(10層含以下有電梯),住家用,鋼筋混凝土造,1150409,165.46,3,2,2,有,有,13950000,91288,坡道平面,28.53,1450000,,RPVNMLTKQHLGFBD66DA,80.73,0.0,8.2,有,
南區,房地(土地+建物)+車位,臺南市南區萬年五街３４１號十四樓,34.47,都市：其他:住宅區,,,1150630,土地1建物1車位1,十四層,十五層,住宅大樓(11層含以上有電梯),住家用,鋼筋混凝土造,1060905,190.84,4,2,2,有,有,12000000,62880,坡道平面,32.53,0,,RPRNMLTKQHLGFCD98DA,92.6,0.0,12.79,有,141
新營區,房地(土地+建物)+車位,臺南市新營區富強街５２巷２７號五樓之三,41.82,都市：其他:住宅區,,,1150613,土地2建物1車位1,五層,五層,華廈(10層含以下有電梯),住家用,鋼筋混凝土造,1140414,141.92000000000002,3,2,2,有,有,10600000,74690,坡道平面,20.4,0,,RPSNMLLJPHLGFDD18DA,81.12,0.0,9.36,有,142
新市區,房地(土地+建物),臺南市新市區中正路１３３號,49.09,都市：其他:住宅區,,,1150626,土地1建物1車位0,全,二層,透天厝,住商用,加強磚造,0681029,60.81,2,1,1,有,無,6000000,98668,,0.0,0,親友、員工、共有人或其他特殊關係間之交易；頂樓加蓋；未登記建物；,RPRNMLRKQHLGFHD66DA,57.67,0.0,3.15,無,
仁德區,房地(土地+建物),臺南市仁德區大順路１８號,323.46,都市：其他:乙種工業區,,,1150602,土地1建物1車位0,全,二層,透天厝,其他,鋼骨造,1120425,440.78,0,0,2,有,無,39000000,88480,,0.0,0,其他增建；,RPQNMLNJQHLGFID78DA,440.78,0.0,0.0,有,
歸仁區,土地,歸仁北段2072-3地號,2586.0,,一般農業區,農牧用地,1150629,土地1建物0車位0,,,其他,,,,0.0,0,0,0,無,無,25250000,9764,,0.0,0,,RPSNMLLKQHLGFID88DA,0.0,0.0,0.0,無,
關廟區,房地(土地+建物),臺南市關廟區四維街２６０巷２７號,138.0,都市：其他:住宅區,,,1150602,土地1建物1車位0,全,五層,透天厝,住家用,鋼筋混凝土造,1141231,339.95,8,2,7,有,無,25000000,73540,,0.0,0,親友、員工、共有人或其他特殊關係間之交易；,RPVNMLKLQHLGFID56DA,314.56,0.0,25.39,有,
永康區,土地,二王段651地號,99.04,都市：其他:道路用地,,,1150627,土地4建物0車位0,,,其他,,,,0.0,0,0,0,無,無,3527000,35612,,0.0,0,親友、員工、共有人或其他特殊關係間之交易；包含公共設施保留地用地；,RPSNMLPLQHLGFKD96DA,0.0,0.0,0.0,無,
永康區,土地,二王段631地號,0.61,都市：其他:道路用地,,,1150627,土地1建物0車位0,,,其他,,,,0.0,0,0,0,無,無,22000,0,,0.0,0,親友、員工、共有人或其他特殊關係間之交易；包含公共設施保留地用地；,SPSNMLPLQHLGFKD07DA,0.0,0.0,0.0,無,
北區,房地(土地+建物),臺南市北區大興街４０巷１號,86.02,都市：其他:住宅區,,,1150610,土地2建物1車位0,全,三層,透天厝,住家用,鋼筋混凝土造,0690425,174.58,4,2,3,有,無,3870000,22167,,0.0,0,親友、員工、共有人或其他特殊關係間之交易；,RPQNMLRLPHLGFAD48DA,174.58,0.0,0.0,無,
北區,房地(土地+建物),臺南市北區北安路一段３７２巷３號,320.25,都市：其他:住宅區,,,1150608,土地2建物1車位0,全,三層,透天厝,住家用,ＲＣ造,0800607,261.08,6,2,3,有,無,34500000,132143,,0.0,0,頂樓加蓋；其他增建；,RPSOMLKMPHLGFAD18DA,250.64,0.0,10.44,無,
中西區,建物,臺南市中西區南門路１５９之２號,0.0,,,,1150613,土地0建物1車位0,全,三層,透天厝,住商用,鋼筋混凝土造,0660121,147.72,3,3,3,有,無,11000000,74465,,0.0,0,土地為仁愛之家之土地。；建物坐落地號：郡王祠段1053地號；陽台外推；頂樓加蓋；其他增建；,RPWNMLSKQHLGFAD56DA,147.72,0.0,0.0,無,
中西區,房地(土地+建物),臺南市中西區大同路一段４６巷１弄５號,44.76,都市：其他:商業區,,,1150603,土地1建物1車位0,全,二層,透天厝,住家用,磚造,0550000,63.37,2,2,1,有,無,4500000,71012,,0.0,0,其他增建；,RPSNMLTKQHLGFAD88DA,63.37,0.0,0.0,無,
安南區,房地(土地+建物),臺南市安南區怡安路一段３４４巷１３號,407.87,都市：其他:住宅區,,,1150615,土地3建物1車位0,全,二層,透天厝,住家用,加強磚造,0751006,210.76,4,3,5,有,無,12000000,56937,,0.0,0,親友、員工、共有人或其他特殊關係間之交易；,RPQNMLPLQHLGFBD48DA,202.84,0.0,7.92,無,143
東區,房地(土地+建物),臺南市東區裕信路４２３號六樓之１,31.31,都市：其他:住宅區,,,1150629,土地1建物1車位0,六層，七層,十層,華廈(10層含以下有電梯),住家用,鋼筋混凝土造,0880312,120.02,4,2,2,有,有,7700000,64156,,0.0,0,其他增建；,RPXNMLTKQHLGFCD96DA,89.2,0.0,8.24,有,
南區,房地(土地+建物),臺南市南區中華南路二段１７７巷２之７號,78.92,都市：其他:住宅區,,,1150612,土地2建物1車位0,全,三層,透天厝,住家用,鋼筋混凝土造,1141231,139.36,3,2,3,有,無,18150000,130238,,0.0,0,,RPPNMLLLQHLGFCD08DA,125.52,0.0,13.84,無,
新市區,房地(土地+建物)+車位,臺南市新市區永華三街２３號三樓,43.75,,特定專用區,甲種建築用地,1150628,土地1建物1車位1,三層,八層,華廈(10層含以下有電梯),住家用,鋼筋混凝土造,0860825,134.42000000000002,3,2,2,有,有,7000000,52076,坡道平面,0.0,0,,RPQNMLSLOHLGFHD56DA,79.85,0.0,9.62,有,
新市區,房地(土地+建物)+車位,臺南市新市區復興路５００巷６號五樓之３,29.55,,特定農業區,甲種建築用地,1150621,土地1建物1車位1,五層,七層,華廈(10層含以下有電梯),住家用,鋼筋混凝土造,1131211,102.37,3,2,2,有,有,9400000,91824,一樓平面,13.74,0,,RPSNMLPKPHLGFHD09DA,61.81,0.0,5.13,有,144
善化區,房地(土地+建物)+車位,臺南市善化區小新營１１１之２２號四樓之１,45.19,都市：其他:住宅區,,,1150621,土地2建物1車位1,四層,五層,華廈(10層含以下有電梯),住家用,鋼筋混凝土造,1091211,103.16,2,1,1,有,有,7200000,69794,一樓平面,0.0,0,,RPWNMLNLPHLGFHD76DA,63.31,0.0,9.94,有,145
新化區,房地(土地+建物),臺南市新化區信義路８３之４號,66.0,,鄉村區,乙種建築用地,1150622,土地1建物1車位0,全,二層,透天厝,住家用,加強磚造,0651200,100.91,3,2,2,有,無,4680000,46378,,0.0,0,,RPQNMLKLQHLGFHD58DA,100.91,0.0,0.0,無,
仁德區,房地(土地+建物)+車位,臺南市仁德區崇聖路一段１０號十一樓之５,22.02,都市：其他:住宅區,,,1150626,土地1建物1車位1,十一層,十四層,住宅大樓(11層含以上有電梯),住家用,鋼筋混凝土造,1131015,152.99,3,2,2,有,有,12700000,92942,坡道平面,32.27,1480000,,RPOOMLTLOHLGFID66DA,78.16,0.0,5.06,有,
楠西區,土地,中興段693地號,8539.32,,一般農業區,林業用地,1150614,土地7建物0車位0,,,其他,,,,0.0,0,0,0,無,無,16527449,1935,,0.0,0,適用土地法34-1條規定親友、員工、共有人或其他特殊關係間之交易；,RPPNMLLLPHLGFJD68DA,0.0,0.0,0.0,無,
楠西區,土地,中興段646地號,161.49,,一般農業區,農牧用地,1150614,土地1建物0車位0,,,其他,,,,0.0,0,0,0,無,無,312551,1935,,0.0,0,適用土地法34-1條規定親友、員工、共有人或其他特殊關係間之交易；,RPQNMLLLPHLGFJD78DA,0.0,0.0,0.0,無,
永康區,房地(土地+建物)+車位,臺南市永康區勝華街９８巷８號三樓之３,25.6,都市：其他:住宅區,,,1150606,土地1建物1車位1,三層,十五層,住宅大樓(11層含以上有電梯),住家用,鋼筋混凝土構造,1120309,163.31,3,2,2,有,有,15400000,107875,坡道平面,33.53,1400000,,RPVNMLMKOHLGFKD66DA,79.78,0.0,6.62,有,146
永康區,房地(土地+建物),臺南市永康區中山北路２６４巷３１０弄８號,82.8,都市：其他:住宅區,,,1150630,土地1建物1車位0,全,四層,透天厝,住家用,鋼筋混凝土造,0980114,183.61,4,2,3,有,無,16000000,87141,,0.0,0,陽台外推；頂樓加蓋；其他增建；,RPQNMLKMOHLGFKD78DA,162.46,0.0,21.15,無,
永康區,房地(土地+建物)+車位,臺南市永康區永善路１３０號十二樓之２,30.19,都市：其他:住宅區,,,1150630,土地1建物1車位1,十二層,十五層,住宅大樓(11層含以上有電梯),住家用,鋼筋混凝土造,1150331,186.22,4,2,2,有,有,22000000,118140,坡道平面,25.9,0,,RPXNMLNJQHLGFKD07DA,95.83,0.0,9.01,有,147
安南區,房地(土地+建物)+車位,臺南市安南區樂活一街１６號五樓,16.63,都市：其他:住宅區,,,1150606,土地1建物1車位1,五層,十九層,住宅大樓(11層含以上有電梯),住家用,鋼筋混凝土造,1100526,165.38,2,2,2,有,有,12600000,76188,坡道平面,23.35,0,,RPWNMLKMOHLGFBD48DA,76.38,4.94,9.24,有,148
安南區,房地(土地+建物),臺南市安南區安富街２４５巷４６號,83.24,都市：其他:住宅區,,,1150620,土地1建物1車位0,全,三層,透天厝,住家用,鋼筋混凝土造,1120522,151.33,4,2,4,有,無,21000000,138770,,0.0,0,,RPRNMLMLPHLGFBD18DA,137.85,0.0,13.48,無,
安南區,房地(土地+建物),臺南市安南區安中路一段６９８巷４１之３號,71.19,都市：其他:住宅區,,,1150629,土地15建物1車位0,四層,四層,公寓(5樓含以下無電梯),住家用,鋼筋混凝土造,0700907,102.32000000000001,4,2,2,有,無,3650000,35672,,0.0,0,,RPQOMLQJQHLGFBD48DA,80.67,0.01,10.7,無,149
安南區,房地(土地+建物)+車位,臺南市安南區安六街１號四樓之２,17.28,都市：其他:住宅區,,,1150627,土地1建物1車位1,四層,十四層,住宅大樓(11層含以上有電梯),住家用,鋼筋混凝土造,1141203,108.18,2,2,1,有,有,7500000,75917,坡道平面,27.17,1350000,,RPPNMLLLQHLGFBD97DA,48.54,0.0,4.02,有,
新營區,土地,新東段325地號,243.11,都市：其他:住宅區,,,1150611,土地1建物0車位0,,,其他,,,,0.0,0,0,0,無,無,18800000,77331,,0.0,0,,RPTNMLOKPHLGFDD68DA,0.0,0.0,0.0,無,
鹽水區,房地(土地+建物),臺南市鹽水區行昌路１５２巷５號,146.27,都市：其他:道路用地,,,1150612,土地4建物1車位0,全,三層,透天厝,住家用,鋼筋混凝土造,1130613,229.24,4,3,5,有,無,14000000,61071,,0.0,0,,RPRNMLTKQHLGFDD09DA,216.67,0.0,12.57,無,150
六甲區,房地(土地+建物),臺南市六甲區六甲里中正路４８５巷２６弄６號,96.96,都市：其他:住宅區,,,1150606,土地2建物1車位0,全,三層,透天厝,住家用,鋼筋混凝土構造,1061222,174.72,4,2,4,有,無,11500000,65820,,0.0,0,一樓及頂樓採光罩,RPTNMLOKPHLGFFD88DA,162.04,0.0,12.68,無,151
麻豆區,房地(土地+建物),臺南市麻豆區安業里安業２２７之２０號,120.44,,鄉村區,乙種建築用地,1150627,土地4建物1車位0,全,四層,透天厝,住家用,鋼筋混凝土造,1150106,167.71,4,2,3,有,無,13500000,80496,,0.0,0,陽台外推；,RPRNMLKLQHLGFFD48DA,149.03,0.0,18.68,無,
麻豆區,房地(土地+建物),臺南市麻豆區安業里安業２２７之１９號,117.72,,鄉村區,乙種建築用地,1150623,土地4建物1車位0,全,四層,透天厝,住家用,鋼筋混凝土造,1150106,166.31,4,2,3,有,無,12900000,77566,,0.0,0,陽台外推；,RPSNMLKLQHLGFFD58DA,148.4,0.0,17.91,無,
佳里區,土地,鎮安段809地號,317.87,,鄉村區,乙種建築用地,1150629,土地1建物0車位0,,,其他,,,,0.0,0,0,0,無,無,8173232,25712,,0.0,0,,RPPNMLTKQHLGFGD56DA,0.0,0.0,0.0,無,
佳里區,土地,鎮安段811地號,21.79,,鄉村區,交通用地,1150629,土地1建物0車位0,,,其他,,,,0.0,0,0,0,無,無,79097,3630,,0.0,0,,SPPNMLTKQHLGFGD66DA,0.0,0.0,0.0,無,
佳里區,房地(土地+建物),臺南市佳里區佳里興３９１之６號,59.16,,鄉村區,乙種建築用地,1150618,土地2建物1車位0,全,三層,透天厝,住家用,鋼筋混凝土造,1080412,89.51,4,2,3,有,無,6500000,72618,,0.0,0,親友、員工、共有人或其他特殊關係間之交易；,RPTNMLPLQHLGFGD66DA,84.18,0.0,5.33,無,152
新化區,土地,新化段太子廟小段1115地號,2787.0,,特定農業區,特定目的事業用地,1150616,土地1建物0車位0,,,其他,,,,0.0,0,0,0,無,無,86880000,31173,,0.0,0,,RPPNMLLLQHLGFHD58DA,0.0,0.0,0.0,無,153
安定區,房地(土地+建物),臺南市安定區新吉７８之１７號,83.42,,鄉村區,乙種建築用地,1150606,土地5建物1車位0,全,四層,透天厝,住家用,鋼筋混凝土造,1060815,210.48,4,2,6,有,無,14500000,68890,,0.0,0,陽台外推；其他增建；,RPTNMLLLQHLGFHD98DA,176.9,0.0,33.58,有,154
仁德區,房地(土地+建物),臺南市仁德區中正路二段９９４巷３５號二樓之２,26.63,都市：其他:第三種住宅區。,,,1150623,土地3建物1車位0,二層,五層,華廈(10層含以下有電梯),住家用,鋼筋混凝土造,1150203,81.21000000000001,2,2,1,有,有,6500000,80039,,0.0,0,,RPOOMLTJQHLGFID66DA,51.93,0.0,4.66,有,
仁德區,房地(土地+建物)+車位,臺南市仁德區中正路二段９９４巷３３號四樓之５,37.22,都市：其他:第三種住宅區。,,,1150620,土地3建物1車位1,四層,五層,華廈(10層含以下有電梯),住家用,鋼筋混凝土造,1150203,105.37,3,2,2,有,有,10550000,91065,一樓平面,5.99,1500000,,RPPOMLTJQHLGFID76DA,63.41,0.0,5.89,有,
仁德區,土地,新工段392地號,61.35,都市：其他:道路用地,,,1150622,土地1建物0車位0,,,其他,,,,0.0,0,0,0,無,無,500000,8150,,0.0,0,包含公共設施保留地用地；,RPSNMLLLQHLGFID98DA,0.0,0.0,0.0,無,155
楠西區,土地,龜丹段55地號,15946.0,,山坡地保育區,農牧用地,1150603,土地6建物0車位0,,,其他,,,,0.0,0,0,0,無,無,16080000,1008,,0.0,0,,RPPNMLSKQHLGFJD76DA,0.0,0.0,0.0,無,
北區,房地(土地+建物)+車位,臺南市北區北門路二段５７６巷３號三樓之１,36.32,都市：其他:住宅區,,,1150630,土地1建物1車位1,三層,十層,華廈(10層含以下有電梯),住家用,鋼筋混凝土造,0930330,164.20999999999998,3,2,2,有,有,10280000,62603,坡道平面,0.0,0,其他增建；,RPPQMLKMOHLGFAD97DA,100.07,0.0,11.84,有,
北區,房地(土地+建物),臺南市北區和緯路五段２５４號,99.74,都市：其他:住宅區,,,1150624,土地1建物1車位0,全,四層,透天厝,住商用,鋼筋混凝土造,0821218,300.55,6,2,5,有,無,21400000,71203,,0.0,0,頂樓加蓋；其他增建；,RPRNMLPLQHLGFAD48DA,280.33,0.0,20.22,無,
北區,房地(土地+建物),臺南市北區和緯路五段２５６號,99.73,都市：其他:住宅區,,,1150624,土地1建物1車位0,全,四層,透天厝,住商用,鋼筋混凝土造,0821218,300.55,6,2,5,有,無,21400000,71203,,0.0,0,頂樓加蓋；其他增建；,RPSNMLPLQHLGFAD58DA,280.33,0.0,20.22,無,
安南區,土地,佃西段156地號,199.49,都市：其他:住宅區,,,1150623,土地2建物0車位0,,,其他,,,,0.0,0,0,0,無,無,2450000,12281,,0.0,0,未保存建物售價:10000元建地156地號售價:2300000元道路用地156-1地號售價:140000元未登記建物；,RPSNMLKLPHLGFBD08DA,0.0,0.0,0.0,無,
新營區,土地,太子段1713地號,262.0,都市：其他:住宅區,,,1150630,土地1建物0車位0,,,其他,,,,0.0,0,0,0,無,無,5000000,19084,,0.0,0,,RPTNMLKMPHLGFDD48DA,0.0,0.0,0.0,無,
學甲區,房地(土地+建物),臺南市學甲區美豐２５之９號,140.38,,鄉村區,乙種建築用地,1150618,土地2建物1車位0,全,五層,透天厝,住家用,鋼筋混凝土造,1130604,288.41,5,2,5,有,無,13000000,45075,,0.0,0,,RPVNMLSKQHLGFGD07DA,267.4,0.0,21.01,有,
新市區,房地(土地+建物)+車位,臺南市新市區社內１４８之７號三樓之３,26.63,,鄉村區,乙種建築用地,1150630,土地1建物1車位1,三層,六層,華廈(10層含以下有電梯),住家用,鋼筋混凝土造,1080806,97.83000000000001,2,1,2,有,有,9350000,95574,一樓平面,14.02,0,,RPPNMLOKQHLGFHD78DA,57.38,0.0,5.68,有,156
仁德區,房地(土地+建物),臺南市仁德區中正西路３６０巷２０弄４１號二樓之２６,5.02,都市：其他:住宅區,,,1150625,土地2建物1車位0,二層,四層,華廈(10層含以下有電梯),辦公用,鋼筋混凝土造,0960920,14.149999999999999,1,1,1,有,有,900000,63604,,0.0,0,夾層；,RPOOMLLJPHLGFID38DA,7.14,0.9,0.0,有,157
北區,房地(土地+建物),臺南市北區臨安路二段１９５巷３號六樓之１,29.09,都市：其他:住宅區,,,1150625,土地1建物1車位0,六層,十層,華廈(10層含以下有電梯),住家用,鋼筋混凝土造,0820511,112.07,3,2,2,有,有,5680000,50683,,0.0,0,其他增建；,RPSOMLPLOHLGFAD48DA,75.25,0.0,11.75,有,
中西區,房地(土地+建物),臺南市中西區西門路二段３０７巷３７號,78.04,都市：其他:商業區,,,1150621,土地3建物1車位0,全,一層,透天厝,住家用,磚造,,74.38,0,0,0,無,無,5000000,67222,,0.0,0,增建部分:4房0廳0衛依土地法34條之1第一項、第二項、第三項規定辦理其他增建；,RPSNMLQJPHLGFAD38DA,74.38,0.0,0.0,無,
中西區,土地,中正段417地號,12.21,都市：其他:商業區,,,1150624,土地2建物0車位0,,,其他,,,,0.0,0,0,0,無,無,5000000,409500,,0.0,0,含部分土地租約。未登記建物；畸零地或有合併使用效益；,RPTNMLQLQHLGFAD78DA,0.0,0.0,0.0,無,
東區,房地(土地+建物)+車位,臺南市東區東門路三段２６６巷２１號,33.85,都市：其他:住宅區,,,1150629,土地1建物1車位2,一層,十三層,住宅大樓(11層含以上有電梯),住家用,鋼筋混凝土造,1070319,151.24,3,2,2,有,有,17000000,133819,坡道平面,49.61,3400000,陽台外推；其他增建；,RPOOMLNJPHLGFCD97DA,81.54,0.0,0.0,有,
東區,房地(土地+建物)+車位,臺南市東區仁東街１９號十二樓之７,17.3,都市：其他:住宅區,,,1150630,土地1建物1車位1,十二層,十四層,住宅大樓(11層含以上有電梯),住家用,鋼筋混凝土造,0871218,116.7,3,2,2,有,有,8000000,68552,坡道機械,9.83,0,,RPUNMLSJPHLGFCD98DA,76.93,0.0,9.9,有,
新營區,房地(土地+建物),臺南市新營區太子路５３巷１弄３７號,97.34,都市：其他:住宅區,,,1150620,土地1建物1車位0,全,四層,透天厝,住家用,鋼筋混凝土造,1130521,192.45,4,3,5,有,無,16600000,86256,,0.0,0,土地價格：1055萬房屋價格：605萬,RPQNMLTKQHLGFDD98DA,173.24,0.0,19.21,無,
麻豆區,房地(土地+建物),臺南市麻豆區民族路５９巷７９號,87.5,都市：其他:住宅區,,,1150617,土地1建物1車位0,全,四層,透天厝,住家用,鋼筋混凝土造,1130104,203.14,4,2,4,有,無,17200000,84671,,0.0,0,,RPPNMLQKPHLGFFD68DA,185.81,0.0,17.33,無,
七股區,土地,大文段877地號,733.0,,特定農業區,農牧用地,1150622,土地1建物0車位0,,,其他,,,,0.0,0,0,0,無,無,1600000,2183,,0.0,0,,RPRNMLOLOHLGFGD78DA,0.0,0.0,0.0,無,
西港區,土地,成功段975地號,430.45,,鄉村區,乙種建築用地,1150611,土地1建物0車位0,,,其他,,,,0.0,0,0,0,無,無,4300000,9990,,0.0,0,親友、員工、共有人或其他特殊關係間之交易；地清或未辦繼承標售；,RPROMLQLQHLGFGD66DA,0.0,0.0,0.0,無,
善化區,房地(土地+建物),臺南市善化區文正路７９巷１８之８號,85.06,都市：其他:住宅區,,,1150619,土地1建物1車位0,全,三層,透天厝,住家用,鋼筋混凝土造,1050304,189.77,5,2,4,有,無,15500000,81678,,0.0,0,其他增建；,RPWNMLSLQHLGFHD37DA,178.36,0.0,11.41,無,
歸仁區,房地(土地+建物)+車位,臺南市歸仁區智慧三街１號二樓之１,24.0,都市：其他:住宅區,,,1150608,土地1建物1車位1,二層,十三層,住宅大樓(11層含以上有電梯),住家用,鋼筋混凝土造,1140918,116.89,2,2,1,有,有,9350000,83863,坡道平面,25.67,1700000,,RPPOMLRLQHLGFID76DA,54.63,0.0,5.91,有,
歸仁區,房地(土地+建物)+車位,臺南市歸仁區智慧三街９號十樓之２,32.72,都市：其他:住宅區,,,1150622,土地1建物1車位1,十層,十三層,住宅大樓(11層含以上有電梯),住家用,鋼筋混凝土造,1140918,149.89999999999998,3,2,2,有,有,13580000,95629,坡道平面,25.67,1700000,,RPQOMLRLQHLGFID86DA,75.14,0.0,7.41,有,
安南區,土地,佃南段904地號,131.44,都市：其他:農業區,,,1150529,土地1建物0車位0,,,其他,,,,0.0,0,0,0,無,無,2067520,15730,,0.0,0,,RPQNMLMJPHLGFBD87DA,0.0,0.0,0.0,無,
安南區,土地,佃南段903地號,2204.08,都市：其他:農業區,,,1150529,土地5建物0車位0,,,其他,,,,0.0,0,0,0,無,無,34669960,15730,,0.0,0,,RPRNMLMJPHLGFBD97DA,0.0,0.0,0.0,無,
南區,土地,省躬段326-1地號,85.0,都市：其他:住宅區,,,1150524,土地1建物0車位0,,,其他,,,,0.0,0,0,0,無,無,2000000,23529,,0.0,0,未登記建物；,RPRNMLPLQHLGFCD68DA,0.0,0.0,0.0,無,
南區,土地,省躬段327地號,194.0,都市：其他:住宅區,,,1150524,土地2建物0車位0,,,其他,,,,0.0,0,0,0,無,無,3500000,18041,,0.0,0,未登記建物；,SPRNMLPLQHLGFCD78DA,0.0,0.0,0.0,無,
北區,房地(土地+建物)+車位,臺南市北區中華北路一段７８巷５１號三樓,20.51,都市：其他:商業區,,,1150529,土地1建物1車位1,三層,二十二層,住宅大樓(11層含以上有電梯),住家用,鋼筋混凝土構造,1090109,227.08,3,2,2,有,有,17550000,77286,坡道平面,33.13,0,親友、員工、共有人或其他特殊關係間之交易；,RPPNMLKKOHLGFAD47DA,104.11,9.29,15.93,有,158
南區,房地(土地+建物)+車位,臺南市南區萬年七街１７３號七樓之１,22.21,都市：其他:住宅區,,,1150508,土地1建物1車位1,七層,十五層,住宅大樓(11層含以上有電梯),住家用,鋼筋混凝土構造,1070619,121.15,2,2,1,有,有,8500000,70161,坡道平面,24.09,0,,RPPNMLSJQHLGFCD58DA,57.12,0.0,7.56,有,159
白河區,土地,詔安段37地號,3925.17,,特定農業區,農牧用地,1150523,土地2建物0車位0,,,其他,,,,0.0,0,0,0,無,無,2000000,510,,0.0,0,,RPPNMLLLQHLGFED28DA,0.0,0.0,0.0,無,
安定區,房地(土地+建物)+車位,臺南市安定區海寮４５之６號二樓之１,29.33,,鄉村區,乙種建築用地,1150515,土地1建物1車位1,二層,五層,華廈(10層含以下有電梯),住家用,鋼筋混凝土造,1141118,92.02,2,2,2,有,有,6500000,74102,一樓平面,13.75,700000,親友、員工、共有人或其他特殊關係間之交易；,RPVNMLOKQHLGFHD76DA,52.58,0.0,6.79,有,
永康區,房地(土地+建物),臺南市永康區永和街９６號,109.2,都市：其他:住宅區,,,1150516,土地1建物1車位0,全,四層,透天厝,住家用,鋼筋混凝土構造,1000316,237.82,5,2,3,有,無,21500000,90405,,0.0,0,陽台外推；頂樓加蓋；其他增建；,RPQNMLKLQHLGFKD88DA,216.85,9.18,11.79,無,
東區,房地(土地+建物)+車位,臺南市東區東門路三段３７巷７５弄５１號之３十一樓,16.38,都市：其他:住宅區,,,1150531,土地1建物1車位1,十一層,十四層,住宅大樓(11層含以上有電梯),住家用,鋼筋混凝土造,0820512,160.68,3,2,2,有,有,11000000,68459,坡道平面,0.0,0,,RPQNMLRLPHLGFCD68DA,96.38,0.0,14.09,有,
東區,房地(土地+建物)+車位,臺南市東區德昌路８７號十三樓之３,23.68,都市：其他:住宅區,,,1150512,土地1建物1車位2,十三層,十三層,住宅大樓(11層含以上有電梯),住家用,鋼筋混凝土構造,1120522,166.49,3,2,2,有,有,20500000,123131,坡道平面,47.56,0,其他增建；,RPSNMLTKQHLGFCD09DA,71.1,0.0,8.1,有,160
仁德區,房地(土地+建物)+車位,臺南市仁德區崇聖路一段１２號八樓之９,22.12,都市：其他:住宅區,,,1150512,土地1建物1車位1,八層,十四層,住宅大樓(11層含以上有電梯),住家用,鋼筋混凝土造,1131015,153.39,3,2,2,有,有,12980000,96846,坡道平面,32.27,1250000,,RPOOMLTKQHLGFID76DA,78.38,0.0,5.27,有,
中西區,房地(土地+建物),臺南市中西區西門路二段２２號,106.11,都市：其他:商業區,,,1150521,土地3建物1車位0,全,三層,透天厝,住商用,加強磚造,0501230,270.94,6,3,5,有,無,30000000,110726,,0.0,0,其他增建；,RPRNMLLLQHLGFAD08DA,270.94,0.0,0.0,無,
南區,房地(土地+建物)+車位,臺南市南區新興路５４１號二樓之２,31.11,都市：其他:住宅區,,,1150521,土地1建物1車位1,二層,十六層,住宅大樓(11層含以上有電梯),住家用,鋼筋混凝土造,0850321,183.9,4,2,2,有,有,10800000,58728,其他,0.0,0,,RPOOMLKLQHLGFCD97DA,106.75,0.0,13.01,有,
七股區,土地,三合段321-1地號,210.0,都市：其他:第一種住宅區,,,1150512,土地1建物0車位0,,,其他,,,,0.0,0,0,0,無,無,3500000,16667,,0.0,0,,RPRNMLLLQHLGFGD68DA,0.0,0.0,0.0,無,
歸仁區,房地(土地+建物),臺南市歸仁區新厝里中正南路一段９３號,124.87,都市：其他:住宅區,,,1150514,土地2建物1車位0,全,三層,透天厝,住商用,鋼筋混凝土造,0700407,233.19,4,2,3,有,無,16880000,72387,,0.0,0,,RPPNMLSKQHLGFID66DA,218.27,0.0,14.92,無,
北區,土地,北安段50-229地號,176.78,都市：其他:住宅區,,,1150504,土地1建物0車位0,,,其他,,,,0.0,0,0,0,無,無,22700000,128408,,0.0,0,,RPWQMLKMOHLGFAD68DA,0.0,0.0,0.0,無,
麻豆區,房地(土地+建物),臺南市麻豆區帝３３之３６號,258.63,都市：其他:農業區,,,1150515,土地3建物1車位0,全,四層,透天厝,住家用,鋼筋混凝土造,1131118,250.34,5,2,6,有,無,26000000,103859,,0.0,0,親友、員工、共有人或其他特殊關係間之交易；,RPSNMLQLQHLGFFD56DA,237.16,0.0,13.18,無,
歸仁區,房地(土地+建物)+車位,臺南市歸仁區中正南路二段２７５巷５５號七樓之７,20.86,,鄉村區,乙種建築用地,1150531,土地1建物1車位1,七層,七層,華廈(10層含以下有電梯),住家用,鋼筋混凝土造,1140908,78.41,2,2,1,有,有,7830000,97140,其他,6.04,800000,,RPOOMLQKPHLGFID98DA,45.89,0.0,3.4,有,
關廟區,土地,龜洞段174-13地號,144.0,,鄉村區,乙種建築用地,1150509,土地2建物0車位0,,,其他,,,,0.0,0,0,0,無,無,2000000,13889,,0.0,0,,RPSOMLOKQHLGFID66DA,0.0,0.0,0.0,無,
東區,土地,自由段82地號,224.47,都市：其他:住宅區,,,1150524,土地2建物0車位0,,,其他,,,,0.0,0,0,0,無,無,35000000,155923,,0.0,0,,RPROMLKKOHLGFCD97DA,0.0,0.0,0.0,無,
新營區,房地(土地+建物),臺南市新營區新南里金華路二段１６２號,120.0,都市：其他:住宅區,,,1150506,土地1建物1車位0,全,四層,透天厝,住家用,鋼骨鋼筋混凝土造,0940816,279.5,8,3,8,有,無,20000000,71556,,0.0,0,,RPSNMLMKQHLGFDD48DA,254.5,0.0,25.0,無,
安南區,房地(土地+建物)+車位,臺南市安南區永續十八街９號七樓,25.65,都市：其他:住宅區,,,1150412,土地1建物1車位1,七層,十五層,住宅大樓(11層含以上有電梯),住家用,鋼筋混凝土造,1130619,185.07999999999998,3,2,2,有,有,16800000,90772,坡道平面,24.62,0,,RPPNMLPLQHLGFBD38DA,89.08,0.0,14.04,有,161
仁德區,房地(土地+建物),臺南市仁德區崇聖路一段１０號二樓之２,15.29,都市：其他:住宅區,,,1150411,土地1建物1車位0,二層,十四層,住宅大樓(11層含以上有電梯),住家用,鋼筋混凝土造,1131015,83.66,2,2,1,有,有,7500000,89649,,0.0,0,,RPXNMLTKQHLGFID57DA,53.67,0.0,3.98,有,
玉井區,土地,九層林段470-1地號,5578.0,,山坡地保育區,農牧用地,1150430,土地3建物0車位0,,,其他,,,,0.0,0,0,0,無,無,1880000,337,,0.0,0,,RPPNMLKKQHLGFJD58DA,0.0,0.0,0.0,無,
安平區,房地(土地+建物),臺南市安平區建平五街１３１巷１８弄５１號,90.0,都市：其他:第五種住宅區,,,1150417,土地1建物1車位0,全,四層,透天厝,住商用,鋼筋混凝土造,0790919,214.16,5,2,4,有,無,7200000,33620,,0.0,0,親友、員工、共有人或其他特殊關係間之交易；頂樓加蓋；其他增建；,RPPNMLQLQHLGFAD38DA,198.21,0.0,15.95,無,
安南區,房地(土地+建物)+車位,臺南市安南區宜居路６１０號二樓之２,34.51,都市：其他:住宅區,,,1150415,土地1建物1車位1,二層,五層,華廈(10層含以下有電梯),住家用,鋼筋混凝土造,1140806,103.1,2,2,2,有,有,9900000,97731,一樓平面,17.15,1500000,,RPTNMLQLQHLGFBD88DA,61.19,0.0,7.18,有,
東區,房地(土地+建物),臺南市東區仁和路２５９號,41.69,都市：其他:住宅區,,,1150415,土地1建物1車位0,一層,十三層,住宅大樓(11層含以上有電梯),商業用,鋼筋混凝土造,1140205,191.91000000000003,0,0,1,有,有,25000000,130269,,0.0,0,其他增建；,RPXNMLRLQHLGFCD86DA,141.02,0.0,0.0,有,
麻豆區,房地(土地+建物)+車位,臺南市麻豆區民族路５９巷５０號五樓之５,45.13,都市：其他:住宅區,,,1150314,土地1建物1車位1,五層,五層,華廈(10層含以下有電梯),住家用,鋼筋混凝土造,1141204,131.45,3,2,2,有,有,10360000,78862,其他,10.86,850000,土地價款3626000元，建物價款6734000元，共計10360000元。未登記建物；,RPSNMLNKQHLGFFD78DA,76.65,0.0,10.29,有,
安南區,房地(土地+建物),臺南市安南區安和路四段５３３巷１２６弄２８號,94.34,都市：其他:住宅區,,,1150331,土地1建物1車位0,全,四層,透天厝,住家用,鋼筋混凝土造,1140827,209.21,4,2,4,有,無,19000000,90818,,0.0,0,,RPVNMLNJPHLGFBD48DA,186.39,0.0,22.82,無,
安南區,土地,草湖段1088地號,1432.25,都市：其他:住宅區,,,1150306,土地1建物0車位0,,,其他,,,,0.0,0,0,0,無,無,194965031,136125,,0.0,0,,RPPNMLQLQHLGFBD48DA,0.0,0.0,0.0,無,
北區,房地(土地+建物),臺南市北區公園南路３６２巷２２號二樓之５,5.92,都市：其他:住宅區,,,1150312,土地1建物1車位0,二層,二十五層,住宅大樓(11層含以上有電梯),住家用,鋼筋混凝土造,0840104,77.69,3,1,2,有,有,6380000,82121,,0.0,0,夾層；,RPXOMLPKPHLGFAD98DA,56.16,0.0,3.81,有,
安平區,房地(土地+建物)+車位,臺南市安平區永華路二段３７９號五樓之５,25.67,都市：其他:第五種住宅區,,,1150209,土地1建物1車位2,五層,十九層,住宅大樓(11層含以上有電梯),住家用,鋼筋混凝土構造,1040825,293.27,2,2,2,有,有,26500000,90360,坡道平面,67.72,0,,RPVNMLLLQHLGFAD48DA,148.07,0.0,17.66,有,162
柳營區,土地,柳營段溫厝小段1365地號,5286.0,,特定農業區,農牧用地,1150204,土地3建物0車位0,,,其他,,,,0.0,0,0,0,無,無,11700000,2213,,0.0,0,,RPRNMLQJQHLGFDD68DA,0.0,0.0,0.0,無,163
關廟區,房地(土地+建物),臺南市關廟區關新一街９０號,324.01,,一般農業區,甲種建築用地,1150113,土地4建物1車位0,全,一層,透天厝,住家用,鋼骨造有牆,1141121,148.51,0,0,1,有,無,17151750,115492,,0.0,0,,RPQNMLQLOHLGFID09DA,148.51,0.0,0.0,無,
佳里區,土地,唐盟段1648地號,1347.32,,特定農業區,農牧用地,1141216,土地1建物0車位0,,,其他,,,,0.0,0,0,0,無,無,1616784,1200,,0.0,0,唐盟段1647及1648地號為土地法第34條之1處分親友、員工、共有人或其他特殊關係間之交易；,RPQNMLTLPHLGFGD66DA,0.0,0.0,0.0,無,
佳里區,土地,唐盟段1647地號,140.63,,特定農業區,水利用地,1141216,土地1建物0車位0,,,其他,,,,0.0,0,0,0,無,無,70315,500,,0.0,0,唐盟段1647及1648地號為土地法第34條之1處分親友、員工、共有人或其他特殊關係間之交易；,SPQNMLTLPHLGFGD76DA,0.0,0.0,0.0,無,
麻豆區,土地,海埤段804地號,4650.97,都市：其他:農業區,,,1141217,土地6建物0車位0,,,其他,,,,0.0,0,0,0,無,無,13000000,2795,,0.0,0,包含公共設施保留地用地；,RPPNMLKLQHLGFFD28DA,0.0,0.0,0.0,無,
仁德區,土地,德崙段224地號,3.1,都市：其他:商業區,,,1141104,土地1建物0車位0,,,其他,,,,0.0,0,0,0,無,無,141100,45516,,0.0,0,地清或未辦繼承標售；,RPRNMLTKQHLGFID96DA,0.0,0.0,0.0,無,
佳里區,土地,佳化段1919地號,106.58,,特定農業區,農牧用地,1140925,土地1建物0車位0,,,其他,,,,0.0,0,0,0,無,無,191905,1801,,0.0,0,地清或未辦繼承標售；,RPPOMLSKQHLGFGD56DA,0.0,0.0,0.0,無,
佳里區,土地,佳化段1919地號,49.93,,特定農業區,農牧用地,1140925,土地1建物0車位0,,,其他,,,,0.0,0,0,0,無,無,89895,1800,,0.0,0,地清或未辦繼承標售；,RPRNMLMJRHLGFGD68DA,0.0,0.0,0.0,無,
安南區,土地,草湖段849地號,35.27,都市：其他:住宅區,,,1140701,土地1建物0車位0,,,其他,,,,0.0,0,0,0,無,無,3361050,95295,,0.0,0,,RPTNMLMKQHLGFBD38DA,0.0,0.0,0.0,無,
六甲區,房地(土地+建物)+車位,臺南市六甲區光復街７１號四樓之２,36.86,都市：其他:住宅區,,,1140308,土地1建物1車位1,四層,五層,華廈(10層含以下有電梯),住家用,鋼筋混凝土造,1150605,109.29,3,2,2,有,有,8300000,77453,一樓平面,16.33,1100000,親友、員工、共有人或其他特殊關係間之交易；預售屋、或土地及建物分件登記案件；,RPRNMLTKQHLGFFD66DA,66.3,0.0,4.6,有,
六甲區,房地(土地+建物)+車位,臺南市六甲區光復街７１號五樓之３,35.73,都市：其他:住宅區,,,1140308,土地1建物1車位1,五層,五層,華廈(10層含以下有電梯),住家用,鋼筋混凝土造,1150605,108.42,3,2,2,有,有,8700000,82528,一樓平面,16.33,1100000,含露台。親友、員工、共有人或其他特殊關係間之交易；預售屋、或土地及建物分件登記案件；,RPVNMLTKQHLGFFD07DA,63.12,0.0,5.61,有,
仁德區,房地(土地+建物)+車位,臺南市仁德區中正路二段９９４巷３７號五樓之５,27.05,都市：其他:第三種住宅區。,,,1140107,土地3建物1車位1,五層,五層,華廈(10層含以下有電梯),住家用,鋼筋混凝土造,1150203,85.02000000000001,2,2,1,有,有,8210000,86662,其他,2.4,1050000,預售屋、或土地及建物分件登記案件；,RPVNMLTJQHLGFID27DA,51.88,0.0,5.72,有,
仁德區,房地(土地+建物)+車位,臺南市仁德區中正路二段９９４巷３７號五樓之２,34.99,都市：其他:第三種住宅區。,,,1131214,土地3建物1車位1,五層,五層,華廈(10層含以下有電梯),住家用,鋼筋混凝土造,1150203,98.39999999999999,2,2,2,有,有,9620000,87869,一樓平面,5.99,1500000,預售屋、或土地及建物分件登記案件；,RPXNMLTJQHLGFID47DA,58.34,0.0,6.12,有,
永康區,房地(土地+建物)+車位,臺南市永康區復國一路５３５號十一樓之３,18.88,都市：其他:住宅區,,,1131114,土地1建物1車位1,十一層,十四層,住宅大樓(11層含以上有電梯),住家用,鋼筋混凝土造,1150629,118.49,2,2,1,有,有,11910000,115577,坡道平面,30.41,1730000,預售屋、或土地及建物分件登記案件；,RPPPMLTKQHLGFKD17DA,52.64,0.0,5.44,有,
歸仁區,房地(土地+建物)+車位,臺南市歸仁區智慧三街７號四樓之３,22.55,都市：其他:住宅區,,,1131125,土地1建物1車位1,四層,十三層,住宅大樓(11層含以上有電梯),住家用,鋼筋混凝土造,1140918,111.30000000000001,2,2,2,有,有,10680000,104870,坡道平面,25.67,1700000,預售屋、或土地及建物分件登記案件；,RPWNMLRLQHLGFID37DA,52.67,0.0,4.21,有,
佳里區,房地(土地+建物),臺南市佳里區下１８１號,74.75,,鄉村區,乙種建築用地,1131027,土地2建物1車位0,全,四層,透天厝,住家用,鋼筋混凝土造,1150528,164.51,4,2,4,有,無,9380000,57018,,0.0,0,預售屋、或土地及建物分件登記案件；,RPQNMLTKQHLGFGD66DA,151.34,0.0,13.17,無,
後壁區,房地(土地+建物),臺南市後壁區後壁里後壁１４８之４１號,121.08,都市：其他:住宅區,,,1130930,土地2建物1車位0,全,三層,透天厝,住家用,鋼筋混凝土造,1150507,182.11,4,2,4,有,無,12800000,70287,,0.0,0,本案依據建設公司提供之預售契約書登載，總價新台幣  1280萬元，土地售價403萬元，房屋售價877萬元。預售屋、或土地及建物分件登記案件；,RPROMLPKOHLGFED68DA,166.63,0.0,15.48,無,
仁德區,房地(土地+建物)+車位,臺南市仁德區中正路二段９９４巷３７號四樓之５,29.0,都市：其他:第三種住宅區。,,,1130916,土地3建物1車位1,四層,五層,華廈(10層含以下有電梯),住家用,鋼筋混凝土造,1150203,85.15,2,2,1,有,有,7900000,83515,其他,2.53,1000000,預售屋、或土地及建物分件登記案件；,RPUNMLTJQHLGFID17DA,51.88,0.0,5.72,有,
善化區,房地(土地+建物)+車位,臺南市善化區六分寮３３５之１號二樓之５,23.63,,鄉村區,乙種建築用地,1130803,土地1建物1車位1,二層,七層,華廈(10層含以下有電梯),住家用,鋼筋混凝土造,1150312,98.42,2,2,2,有,有,8230000,78511,一樓平面,14.61,1650000,土地價款:296萬元整建物價款:362萬元整預售屋、或土地及建物分件登記案件；,RPQOMLTLNHLGFHD66DA,58.22,0.0,3.99,有,
仁德區,房地(土地+建物)+車位,臺南市仁德區中正路二段９９４巷３３號二樓之５,39.73,都市：其他:第三種住宅區。,,,1130803,土地3建物1車位1,二層,五層,華廈(10層含以下有電梯),住家用,鋼筋混凝土造,1150203,108.43,3,2,2,有,有,10800000,91568,一樓平面,9.05,1700000,預售屋、或土地及建物分件登記案件；,RPRNMLTJQHLGFID86DA,63.41,0.0,5.89,有,
仁德區,房地(土地+建物)+車位,臺南市仁德區中正路二段９９４巷３７號二樓之１,34.99,都市：其他:第三種住宅區。,,,1130803,土地3建物1車位1,二層,五層,華廈(10層含以下有電梯),住家用,鋼筋混凝土造,1150203,98.45,3,2,2,有,有,10600000,98421,一樓平面,5.99,1500000,原預售屋購買2A133號2樓之1，車位編號10號後更換2C137號2樓之1保留原車位編號10號取消2A1買賣合約，所支付價金轉買2C1。預售屋、或土地及建物分件登記案件；,RPQNMLTJQHLGFID76DA,58.24,0.0,6.27,有,
永康區,房地(土地+建物)+車位,臺南市永康區復國一路５３５號六樓之１,21.07,都市：其他:住宅區,,,1130701,土地1建物1車位1,六層,十四層,住宅大樓(11層含以上有電梯),住家用,鋼筋混凝土造,1150629,129.63,2,2,2,有,有,13110000,114392,坡道平面,30.41,1760000,預售屋、或土地及建物分件登記案件；,RPOPMLTKQHLGFKD07DA,60.2,0.0,5.2,有,
永康區,房地(土地+建物)+車位,臺南市永康區復國一路５３５號二樓之５,18.61,都市：其他:住宅區,,,1130719,土地1建物1車位1,二層,十四層,住宅大樓(11層含以上有電梯),住家用,鋼筋混凝土造,1150629,117.74000000000001,2,2,1,有,有,11250000,109012,坡道平面,30.41,1730000,預售屋、或土地及建物分件登記案件；,RPRPMLTKQHLGFKD37DA,52.13,0.0,5.44,有,
永康區,房地(土地+建物)+車位,臺南市永康區復國一路５３７號十樓之２,27.09,都市：其他:住宅區,,,1130605,土地1建物1車位1,十層,十五層,住宅大樓(11層含以上有電梯),住家用,鋼筋混凝土造,1150629,157.36,3,2,2,有,有,16300000,113982,坡道平面,30.41,1830000,預售屋、或土地及建物分件登記案件；,RPQPMLTKQHLGFKD27DA,74.49,0.0,9.21,有,
歸仁區,房地(土地+建物),臺南市歸仁區中正南路一段１３１巷１２號四樓之２,37.57,都市：其他:住宅區,,,1130525,土地3建物1車位0,四層,五層,華廈(10層含以下有電梯),住家用,鋼筋混凝土造,1150129,106.75,3,2,2,有,有,9850000,92272,,0.0,0,預售屋、或土地及建物分件登記案件；,RPQNMLPJOHLGFID78DA,74.45,0.0,6.95,有,
永康區,土地,西勢段1548地號,26.5,都市：其他:道路用地,,,1130429,土地3建物0車位0,,,其他,,,,0.0,0,0,0,無,無,338000,12755,,0.0,0,包含公共設施保留地用地；,RPTNMLQJQHLGFKD96DA,0.0,0.0,0.0,無,
安南區,房地(土地+建物),臺南市安南區樂活二街５０號,97.07,都市：其他:住宅區,,,1130317,土地6建物1車位0,全,四層,透天厝,住家用,鋼筋混凝土造,1141105,242.51,3,2,5,有,無,29653123,122276,,0.0,0,工程變更追加金額153123元預售屋、或土地及建物分件登記案件；,RPQNMLTKQHLGFBD78DA,216.88,0.0,25.63,有,
仁德區,房地(土地+建物)+車位,臺南市仁德區中正路二段９９４巷３７號三樓之２,34.99,都市：其他:第三種住宅區。,,,1130302,土地3建物1車位1,三層,五層,華廈(10層含以下有電梯),住家用,鋼筋混凝土造,1150203,98.39999999999999,2,2,2,有,有,9170000,83000,一樓平面,5.99,1500000,預售屋、或土地及建物分件登記案件；,RPWNMLTJQHLGFID37DA,58.34,0.0,6.12,有,
安南區,房地(土地+建物),臺南市安南區安和路一段２２０巷２７弄２３號,75.87,都市：其他:住宅區,,,1130205,土地1建物1車位0,全,三層,透天厝,住家用,鋼筋混凝土造,1150109,161.32,3,2,4,有,無,17680000,109596,,0.0,0,預售屋、或土地及建物分件登記案件；,RPVNMLSKQHLGFBD56DA,148.16,0.0,13.16,無,
新化區,房地(土地+建物)+車位,臺南市新化區民治路５５巷２５號六樓之１,38.3,都市：其他:住宅區,,,1130205,土地1建物1車位1,六層,十二層,住宅大樓(11層含以上有電梯),住家用,鋼筋混凝土造,1150618,150.46,3,2,2,有,有,12460000,90261,一樓平面,31.25,1700000,土地總價516萬元，建物總價560萬元預售屋、或土地及建物分件登記案件；,RPPOMLPKQHLGFHD98DA,73.31,0.0,6.64,有,
新化區,房地(土地+建物)+車位,臺南市新化區民治路５５巷２５號四樓之２,39.33,都市：其他:住宅區,,,1130222,土地1建物1車位1,四層,十二層,住宅大樓(11層含以上有電梯),住家用,鋼筋混凝土造,1150618,150.92000000000002,3,2,2,有,有,12260000,86437,一樓平面,28.75,1700000,土地總價507萬元，建物總價549萬元預售屋、或土地及建物分件登記案件；,RPWNMLPKQHLGFHD96DA,73.87,0.0,8.06,有,
永康區,房地(土地+建物)+車位,臺南市永康區永善路３６號七樓之２,24.7,都市：其他:住宅區,,,1130227,土地1建物1車位1,七層,十四層,住宅大樓(11層含以上有電梯),住家用,鋼筋混凝土造,1150416,164.12,3,2,2,有,有,14760000,108636,坡道平面,39.76,1250000,114年5月23日有轉讓，轉讓金額不變，轉讓關係為夫妻。預售屋、或土地及建物分件登記案件；,RPRNMLRLQHLGFKD07DA,71.85,0.0,9.24,有,
新化區,房地(土地+建物)+車位,臺南市新化區民治路５５巷２５號八樓之１,38.3,都市：其他:住宅區,,,1130113,土地1建物1車位1,八層,十二層,住宅大樓(11層含以上有電梯),住家用,鋼筋混凝土造,1150618,150.45,3,2,2,有,有,12680000,91679,坡道平面,31.23,1750000,土地總價525萬元，建物總價568萬元預售屋、或土地及建物分件登記案件；,RPTOMLPKQHLGFHD76DA,73.31,0.0,6.64,有,
新化區,房地(土地+建物)+車位,臺南市新化區民治路５５巷２５號八樓之２,39.33,都市：其他:住宅區,,,1130120,土地1建物1車位1,八層,十二層,住宅大樓(11層含以上有電梯),住家用,鋼筋混凝土造,1150618,158.55,3,2,2,有,有,12900000,90448,一樓平面,36.38,1850000,土地總價530萬元，建物總價575萬元預售屋、或土地及建物分件登記案件；,RPUOMLPKQHLGFHD86DA,73.87,0.0,8.06,有,
新化區,房地(土地+建物)+車位,臺南市新化區民治路５５巷２５號九樓之１,38.55,都市：其他:住宅區,,,1130130,土地1建物1車位1,九層,十二層,住宅大樓(11層含以上有電梯),住家用,鋼筋混凝土造,1150618,151.25,3,2,2,有,有,12700000,91250,一樓平面,31.25,1750000,土地總價526萬元，建物總價569萬元預售屋、或土地及建物分件登記案件；,RPVOMLPKQHLGFHD96DA,73.31,0.0,7.17,有,
新化區,房地(土地+建物)+車位,臺南市新化區民治路５５巷２５號十樓之１,38.55,都市：其他:住宅區,,,1121211,土地1建物1車位1,十層,十二層,住宅大樓(11層含以上有電梯),住家用,鋼筋混凝土造,1150618,151.25,3,2,2,有,有,12880000,92750,坡道平面,31.25,1750000,土地總價534萬元，建物總價579萬元預售屋、或土地及建物分件登記案件；,RPXOMLPKQHLGFHD17DA,73.31,0.0,7.17,有,
麻豆區,房地(土地+建物)+車位,臺南市麻豆區民族路５９巷５０號三樓之５,45.13,都市：其他:住宅區,,,1121215,土地1建物1車位1,三層,五層,華廈(10層含以下有電梯),住家用,鋼筋混凝土造,1141204,142.32,3,2,2,有,有,10881920,78802,一樓平面,21.74,1380000,交易總價原為1088萬元，因後來有調整工程項目，調整後交易總價為10881920元，土地價款3808000元，建物價款7073920元。未登記建物；預售屋、或土地及建物分件登記案件；,RPPOMLLMPHLGFFD48DA,76.65,0.0,10.29,有,
新化區,房地(土地+建物)+車位,臺南市新化區民治路５５巷２５號十二樓之１,38.55,都市：其他:住宅區,,,1121112,土地1建物1車位1,十二層,十二層,住宅大樓(11層含以上有電梯),住家用,鋼筋混凝土造,1150618,154.06,3,2,2,有,有,12800000,91667,坡道平面,34.06,1800000,土地總價528萬元，建物總價572萬元預售屋、或土地及建物分件登記案件；,RPRPMLPKQHLGFHD66DA,73.31,0.0,7.17,有,
新化區,房地(土地+建物)+車位,臺南市新化區民治路５５巷２５號十二樓之２,39.33,都市：其他:住宅區,,,1121105,土地1建物1車位1,十二層,十二層,住宅大樓(11層含以上有電梯),住家用,鋼筋混凝土造,1150618,153.41000000000003,3,2,2,有,有,13200000,93714,一樓平面,31.23,1750000,土地總價550萬元，建物總價595萬元預售屋、或土地及建物分件登記案件；,RPSPMLPKQHLGFHD76DA,73.87,0.0,8.06,有,
新化區,房地(土地+建物)+車位,臺南市新化區民治路５５巷２５號五樓之１,38.3,都市：其他:住宅區,,,1121017,土地1建物1車位1,五層,十二層,住宅大樓(11層含以上有電梯),住家用,鋼筋混凝土造,1150618,150.46,3,2,2,有,有,12440000,89674,一樓平面,31.25,1750000,土地總價513萬元，建物總價556萬元預售屋、或土地及建物分件登記案件；,RPXNMLPKQHLGFHD07DA,73.31,0.0,6.64,有,
安南區,房地(土地+建物)+車位,臺南市安南區新宅一街３００號四樓之２,26.76,都市：其他:住宅區,,,1120724,土地1建物1車位1,四層,十四層,住宅大樓(11層含以上有電梯),住家用,鋼筋混凝土造,1150424,155.92000000000002,3,2,2,有,有,12680000,90306,坡道平面,32.34,1520000,預售屋、或土地及建物分件登記案件；,RPSNMLKMNHLGFBD97DA,71.66,0.0,9.28,有,
學甲區,土地,東興段624地號,126.1,都市：其他:住宅區,,,1120728,土地1建物0車位0,,,其他,,,,0.0,0,0,0,無,無,769210,6100,,0.0,0,買方負擔全部規費及代辦費土地增值稅亦由買方負擔親友、員工、共有人或其他特殊關係間之交易；,RPTNMLRKJIKGFGD68DA,0.0,0.0,0.0,無,
仁德區,房地(土地+建物)+車位,臺南市仁德區中正路二段９９４巷３３號四樓之１,37.22,都市：其他:第三種住宅區。,,,1120606,土地3建物1車位1,四層,五層,華廈(10層含以下有電梯),住家用,鋼筋混凝土造,1150203,105.33000000000001,3,2,2,有,有,10500000,90598,一樓平面,5.99,1500000,預售屋購買為母親，成屋轉登記兒子預售屋、或土地及建物分件登記案件；,RPSNMLTJQHLGFID96DA,63.37,0.0,5.89,有,
安平區,房地(土地+建物)+車位,臺南市安平區國平南路１００號三樓之１,27.92,都市：其他:商業區(附),,,1110310,土地1建物1車位2,三層,二十六層,住宅大樓(11層含以上有電梯),住家用,鋼骨造,1150130,342.48,3,2,4,有,有,33949213,105467,坡道平面,49.98,3100000,111/8/9簽變更設計確認表增加新臺幣69213元整。預售屋、或土地及建物分件登記案件；,RPQNMLRKPHLGFAD38DA,165.25,0.0,30.74,有,
北區,房地(土地+建物)+車位,臺南市北區立賢路二段５號四樓之１,13.12,都市：其他:住宅區,,,1110216,土地1建物1車位1,四層,二十四層,住宅大樓(11層含以上有電梯),住家用,鋼筋混凝土造,1150511,153.0,3,2,2,有,有,14540000,100585,坡道平面,24.85,1650000,預售屋、或土地及建物分件登記案件；,RPTNMLPLQHLGFAD68DA,67.16,9.85,4.28,有,
安平區,房地(土地+建物)+車位,臺南市安平區國平南路１０２號四樓之２,27.64,都市：其他:商業區(附),,,1110106,土地1建物1車位2,四層,二十六層,住宅大樓(11層含以上有電梯),住家用,鋼骨造,1150130,339.79999999999995,3,2,4,有,有,31782827,100003,坡道平面,49.98,2800000,111/8/17簽變更設計確認表增加新臺幣42827元整。預售屋、或土地及建物分件登記案件；,RPRNMLKKQHLGFAD87DA,165.55,0.0,28.33,有,
中西區,房地(土地+建物)+車位,臺南市中西區南華街２３號十一樓之５,27.83,都市：其他:住宅區,,,1101218,土地2建物1車位1,十一層,十二層,住宅大樓(11層含以上有電梯),住家用,鋼筋混凝土造,1141110,191.57999999999998,2,2,2,有,有,21880000,126801,坡道平面,34.01,1900000,買方於民國113年5月29日讓渡取得，讓渡金額2208萬元預售屋、或土地及建物分件登記案件；,RPTPMLNKQHLGFAD58DA,88.25,0.0,14.16,有,
北區,房地(土地+建物)+車位,臺南市北區立賢路二段５號六樓之１,13.12,都市：其他:住宅區,,,1101125,土地1建物1車位1,六層,二十四層,住宅大樓(11層含以上有電梯),住家用,鋼筋混凝土造,1150511,153.0,3,1,2,有,有,13330000,91533,坡道平面,24.85,1600000,本案於113年10月25日讓渡，其權利契約買賣價格不變。預售屋、或土地及建物分件登記案件；,RPSNMLOKQHLGFAD38DA,67.16,9.85,4.28,有,
北區,房地(土地+建物)+車位,臺南市北區西門路四段５３３巷２８號三樓之７,17.43,都市：其他:住宅區,,,1101123,土地1建物1車位1,三層,十四層,住宅大樓(11層含以上有電梯),住家用,鋼筋混凝土造,1150506,115.09,2,2,1,有,有,8950000,93598,坡道平面,34.96,1450000,夫妻間讓與預售屋、或土地及建物分件登記案件；,RPTRMLOKQHLGFAD88DA,48.35,0.0,4.06,有,
安平區,房地(土地+建物)+車位,臺南市安平區國平南路１００號十樓之６,18.81,都市：其他:商業區(附),,,1101016,土地1建物1車位1,十層,二十六層,住宅大樓(11層含以上有電梯),住家用,鋼骨造,1150130,221.94,3,2,2,有,有,17316853,82086,坡道平面,24.99,1150000,112/8/11簽變更設計確認表增加新臺幣86853元整。預售屋、或土地及建物分件登記案件；,RPVNMLRKPHLGFAD88DA,116.7,0.0,15.1,有,
安平區,房地(土地+建物)+車位,臺南市安平區國平南路１０２號八樓之７,18.66,都市：其他:商業區(附),,,1101031,土地1建物1車位1,八層,二十六層,住宅大樓(11層含以上有電梯),住家用,鋼骨造,1150130,221.60000000000002,2,2,2,有,有,18212975,86532,坡道平面,24.99,1200000,112/7/15簽變更設計確認表減少新臺幣67025元整。預售屋、或土地及建物分件登記案件；,RPPOMLRJQHLGFAD38DA,119.19,0.0,12.36,有,
安平區,房地(土地+建物)+車位,臺南市安平區國平南路１００號十三樓之６,18.81,都市：其他:商業區(附),,,1100929,土地1建物1車位1,十三層,二十六層,住宅大樓(11層含以上有電梯),住家用,鋼骨造,1150130,221.94,2,2,2,有,有,17670000,82864,坡道平面,24.99,1350000,夫妻間轉讓。預售屋、或土地及建物分件登記案件；,RPUOMLRJQHLGFAD88DA,116.7,0.0,15.1,有,
安平區,房地(土地+建物)+車位,臺南市安平區國平南路１００號四樓之５,20.87,都市：其他:商業區(附),,,1100928,土地1建物1車位2,四層,二十六層,住宅大樓(11層含以上有電梯),住家用,鋼骨造,1150130,268.89,3,2,2,有,有,23587349,95415,坡道平面,49.98,2700000,111/9/20簽變更設計確認表增加新臺幣17349元整。預售屋、或土地及建物分件登記案件；,RPRNMLMKQHLGFAD08DA,127.08,0.0,19.42,有,
北區,房地(土地+建物)+車位,臺南市北區立賢路二段５號四樓之６,7.27,都市：其他:住宅區,,,1100910,土地1建物1車位1,四層,二十四層,住宅大樓(11層含以上有電梯),住家用,鋼筋混凝土造,1150511,77.53,2,1,1,有,有,6840000,85968,坡道機械,6.69,750000,預售屋、或土地及建物分件登記案件；,RPQNMLOKQHLGFAD18DA,38.59,2.04,4.39,有,
安平區,房地(土地+建物)+車位,臺南市安平區國平南路１００號二十一樓之７,18.24,都市：其他:商業區(附),,,1100910,土地1建物1車位2,二十一層,二十六層,住宅大樓(11層含以上有電梯),住家用,鋼骨造,1150130,241.36,3,2,2,有,有,19677487,88711,坡道平面,49.98,2700000,113/2/6簽變更設計確認表增加新臺幣57487元整。預售屋、或土地及建物分件登記案件；,RPRNMLRKQHLGFAD58DA,116.35,0.0,12.02,有,
安平區,房地(土地+建物)+車位,臺南市安平區國平南路１００號十二樓之３,17.88,都市：其他:商業區(附),,,1100630,土地1建物1車位2,十二層,二十六層,住宅大樓(11層含以上有電梯),住家用,鋼骨造,1150130,237.63,3,2,2,有,有,17725083,82734,坡道平面,49.98,2200000,112/9/24簽變更設計確認表增加新臺幣45083元整。合約書無拆分車位個別價格。預售屋、或土地及建物分件登記案件；,RPQOMLRJQHLGFAD48DA,110.45,0.0,15.05,有,
安平區,房地(土地+建物)+車位,臺南市安平區國平南路１００號七樓之５,20.87,都市：其他:商業區(附),,,1100626,土地1建物1車位2,七層,二十六層,住宅大樓(11層含以上有電梯),住家用,鋼骨造,1150130,268.89,2,2,2,有,有,23546390,94315,坡道平面,49.98,2900000,111/12/25簽變更設計確認表減少新臺幣33610元整。合約書無拆分車位價格。夫妻間轉讓。預售屋、或土地及建物分件登記案件；,RPTNMLKKQHLGFAD08DA,127.08,0.0,19.42,有,
安平區,房地(土地+建物)+車位,臺南市安平區國平南路１０２號十二樓之３,17.88,都市：其他:商業區(附),,,1100630,土地1建物1車位2,十二層,二十六層,住宅大樓(11層含以上有電梯),住家用,鋼骨造,1150130,237.75,2,2,2,有,有,17843250,83311,坡道平面,49.98,2200000,112/9/5簽變更設計確認表增加新臺幣163250元整。115/2/23簽名義變更切結書，交易總價不變。合約書無拆分車位個別價格。預售屋、或土地及建物分件登記案件；,RPORMLOKQHLGFAD38DA,110.45,0.0,14.88,有,
安平區,房地(土地+建物)+車位,臺南市安平區國平南路１０２號二十三樓之１,27.92,都市：其他:商業區(附),,,1100609,土地1建物1車位2,二十三層,二十六層,住宅大樓(11層含以上有電梯),住家用,鋼骨造,1150130,342.77,2,2,4,有,有,32031549,98813,坡道平面,49.98,3100000,1.113/4/3變更設計減少新台幣288277元整。2.114/11/20變更設計減少新台幣180174元整。3.合約書無法拆分個別價格。預售屋、或土地及建物分件登記案件；,RPWNMLRJQHLGFAD98DA,165.25,0.0,30.84,有,
安平區,房地(土地+建物)+車位,臺南市安平區國平南路１００號十六樓之３,17.88,都市：其他:商業區(附),,,1100515,土地1建物1車位1,十六層,二十六層,住宅大樓(11層含以上有電梯),住家用,鋼骨造,1150130,212.64,3,2,2,有,有,17129600,84357,坡道平面,24.99,1300000,112/11/11簽變更設計確認表增加新臺幣9600元整。預售屋、或土地及建物分件登記案件；,RPTOMLRJQHLGFAD78DA,110.45,0.0,15.05,有,
北區,房地(土地+建物)+車位,臺南市北區立賢路二段５號八樓之２０,12.72,都市：其他:住宅區,,,1100509,土地1建物1車位1,八層,二十四層,住宅大樓(11層含以上有電梯),住家用,鋼筋混凝土造,1150511,154.3,3,2,2,有,有,11780000,82617,坡道平面,29.87,1500000,預售屋、或土地及建物分件登記案件；,RPUNMLOKQHLGFAD58DA,66.52,9.07,3.42,有,
北區,房地(土地+建物)+車位,臺南市北區立賢路二段５號十七樓之５,7.27,都市：其他:住宅區,,,1100531,土地1建物1車位1,十七層,二十四層,住宅大樓(11層含以上有電梯),住家用,鋼筋混凝土造,1150511,77.64,2,1,1,有,有,6870000,84848,坡道機械,6.69,850000,預售屋、或土地及建物分件登記案件；,RPOPMLOKQHLGFAD18DA,38.7,2.04,4.39,有,
安平區,房地(土地+建物)+車位,臺南市安平區國平南路１０２號十七樓之１,27.92,都市：其他:商業區(附),,,1100407,土地1建物1車位2,十七層,二十六層,住宅大樓(11層含以上有電梯),住家用,鋼骨造,1150130,342.77,1,2,4,有,有,31222077,96049,坡道平面,49.98,3100000,112/12/23簽變更設計確認表增加新臺幣52077元整。114/9/11簽簽約人名義變更切結書，交易總價不變。合約書無拆分車位個別價格。預售屋、或土地及建物分件登記案件；,RPXNMLTJOHLGFAD09DA,165.25,0.0,30.84,有,
安平區,房地(土地+建物)+車位,臺南市安平區國平南路１０２號九樓之２,27.64,都市：其他:商業區(附),,,1100410,土地1建物1車位2,九層,二十六層,住宅大樓(11層含以上有電梯),住家用,鋼骨造,1150130,339.79999999999995,3,2,4,有,有,29080000,90332,坡道平面,49.98,2900000,合約書無拆分車位個別價格。預售屋、或土地及建物分件登記案件；,RPRPMLLKQHLGFAD18DA,165.55,0.0,28.33,有,
安平區,房地(土地+建物)+車位,臺南市安平區國平南路１００號九樓之２,27.64,都市：其他:商業區(附),,,1100420,土地1建物1車位2,九層,二十六層,住宅大樓(11層含以上有電梯),住家用,鋼骨造,1150130,339.77,2,2,3,有,有,28188328,87264,坡道平面,49.98,2900000,112/7/24簽變更設計確認表減少新臺幣888308元整。114/9/1簽變更設計確認表減少新臺幣3364元整。合約書無拆分車位個別價格。夫妻間轉讓。預售屋、或土地及建物分件登記案件；,RPWOMLNKQHLGFAD78DA,165.55,0.0,28.3,有,
安平區,房地(土地+建物)+車位,臺南市安平區國平南路１００號八樓之２,27.64,都市：其他:商業區(附),,,1100318,土地1建物1車位2,八層,二十六層,住宅大樓(11層含以上有電梯),住家用,鋼骨造,1150130,339.77,3,2,4,有,有,28452781,88177,坡道平面,49.98,2900000,112/7/14簽變更設計確認表增加新臺幣164772元整。114/9/3簽變更設計確認表減少新臺幣21991元整。合約書無拆分車位價格。預售屋、或土地及建物分件登記案件；,RPUNMLRKPHLGFAD78DA,165.55,0.0,28.3,有,
安平區,房地(土地+建物)+車位,臺南市安平區國平南路１０２號十六樓之１,27.92,都市：其他:商業區(附),,,1100328,土地1建物1車位2,十六層,二十六層,住宅大樓(11層含以上有電梯),住家用,鋼骨造,1150130,342.77,2,2,4,有,有,31019721,95357,坡道平面,49.98,3100000,112/12/7簽變更設計確認表增加新臺幣69721元整。合約書無拆分車位個別價格。預售屋、或土地及建物分件登記案件；,RPSNMLKKQHLGFAD97DA,165.25,0.0,30.84,有,
北區,房地(土地+建物)+車位,臺南市北區立賢路二段５號十五樓之６,7.27,都市：其他:住宅區,,,1100308,土地1建物1車位1,十五層,二十四層,住宅大樓(11層含以上有電梯),住家用,鋼筋混凝土造,1150511,77.53,2,1,1,有,有,6720000,84274,坡道機械,6.69,750000,本案於111年9月12日讓渡，其權利契約買賣價格677萬元整。預售屋、或土地及建物分件登記案件；,RPQOMLOKQHLGFAD28DA,38.59,2.04,4.39,有,
安平區,房地(土地+建物)+車位,臺南市安平區國平南路１００號十一樓之６,18.81,都市：其他:商業區(附),,,1100320,土地1建物1車位2,十一層,二十六層,住宅大樓(11層含以上有電梯),住家用,鋼骨造,1150130,246.93,2,2,2,有,有,18006428,80256,坡道平面,49.98,2200000,112/10/12簽變更設計確認表增加新臺幣46428元整。合約書無拆分車位個別價格。預售屋、或土地及建物分件登記案件；,RPXOMLNKQHLGFAD88DA,116.7,0.0,15.1,有,
北區,房地(土地+建物)+車位,臺南市北區立賢路二段５號二十樓之２０,12.72,都市：其他:住宅區,,,1100225,土地1建物1車位2,二十層,二十四層,住宅大樓(11層含以上有電梯),住家用,鋼筋混凝土造,1150511,174.14,3,1,2,有,有,13200000,80373,坡道平面,49.72,3200000,本案於113年12月13日讓渡，其權利契約買賣價格不變。預售屋、或土地及建物分件登記案件；,RPTOMLOKQHLGFAD58DA,66.52,9.07,3.42,有,
北區,房地(土地+建物)+車位,臺南市北區立賢路二段５號二樓之１６,11.66,都市：其他:住宅區,,,1100221,土地1建物1車位1,二層,二十四層,住宅大樓(11層含以上有電梯),住家用,鋼筋混凝土造,1150511,138.61,2,1,1,有,有,10600000,79993,坡道平面,24.85,1500000,本案於113年11月1日讓渡，其權利契約買賣價格不變。預售屋、或土地及建物分件登記案件；,RPPNMLOKQHLGFAD08DA,66.52,2.22,3.42,有,
北區,房地(土地+建物)+車位,臺南市北區立賢路二段５號十二樓之７,9.97,都市：其他:住宅區,,,1091114,土地1建物1車位1,十二層,二十四層,住宅大樓(11層含以上有電梯),住家用,鋼筋混凝土造,1150511,122.46000000000001,2,1,1,有,有,8470000,74480,坡道平面,24.85,1200000,本案於113年1月5日讓渡，其權利契約買賣價格1015萬元整。本案於115年4月24日讓渡，其權利契約買賣價格不變。預售屋、或土地及建物分件登記案件；,RPXNMLOKQHLGFAD88DA,51.38,6.38,4.23,有,
北區,房地(土地+建物)+車位,臺南市北區立賢路二段５號十三樓之１２,8.07,都市：其他:住宅區,,,1091001,土地1建物1車位1,十三層,二十四層,住宅大樓(11層含以上有電梯),住家用,鋼筋混凝土造,1150511,85.82,2,1,1,有,有,6220000,66599,坡道機械,6.69,950000,本案於111年4月23日讓渡，其權利契約買賣價格624萬元整。預售屋、或土地及建物分件登記案件；,RPOOMLOKQHLGFAD08DA,39.84,6.35,4.02,有,
北區,房地(土地+建物)+車位,臺南市北區立賢路二段５號二十三樓之１０,7.89,都市：其他:住宅區,,,1091019,土地1建物1車位1,二十三層,二十四層,住宅大樓(11層含以上有電梯),住家用,鋼筋混凝土造,1150511,102.05000000000001,2,1,1,有,有,7150000,75777,坡道平面,24.85,1300000,本案於111年11月8日讓渡，其權利契約買賣價格不變。預售屋、或土地及建物分件登記案件；,RPUOMLOKQHLGFAD68DA,42.14,3.61,3.24,有,
北區,房地(土地+建物)+車位,臺南市北區立賢路二段５號十四樓之１６,7.8,都市：其他:住宅區,,,1090918,土地1建物1車位1,十四層,二十四層,住宅大樓(11層含以上有電梯),住家用,鋼筋混凝土造,1150511,82.7,2,1,1,有,有,6110000,69201,坡道機械,6.69,850000,本案於 111年7月27日讓渡，其權利契約買賣價格不變。預售屋、或土地及建物分件登記案件；,RPPOMLOKQHLGFAD18DA,41.45,3.7,3.13,有,
北區,房地(土地+建物)+車位,臺南市北區立賢路二段５號十七樓之７,9.97,都市：其他:住宅區,,,1090917,土地1建物1車位1,十七層,二十四層,住宅大樓(11層含以上有電梯),住家用,鋼筋混凝土造,1150511,122.46000000000001,2,2,1,有,有,9200000,79910,坡道平面,24.85,1400000,本案於113年10月24日讓渡，其權利契約買賣價格不變。預售屋、或土地及建物分件登記案件；,RPROMLOKQHLGFAD38DA,51.38,6.38,4.23,有,
北區,房地(土地+建物)+車位,臺南市北區立賢路二段５號四樓之１５,7.85,都市：其他:住宅區,,,1090824,土地1建物1車位1,四層,二十四層,住宅大樓(11層含以上有電梯),住家用,鋼筋混凝土造,1150511,83.22,2,1,1,有,有,6150000,69254,坡道機械,6.69,850000,預售屋、或土地及建物分件登記案件；,RPRNMLOKQHLGFAD28DA,41.45,3.98,3.13,有,
北區,房地(土地+建物)+車位,臺南市北區立賢路二段５號十樓之２,9.97,都市：其他:住宅區,,,1090822,土地1建物1車位1,十層,二十四層,住宅大樓(11層含以上有電梯),住家用,鋼筋混凝土造,1150511,122.25999999999999,2,1,1,有,有,8180000,71656,坡道平面,24.85,1200000,本案於113年11月2日讓渡，其權利契約買賣價格不變。預售屋、或土地及建物分件登記案件；,RPVNMLOKQHLGFAD68DA,51.58,4.78,5.43,有,
北區,房地(土地+建物)+車位,臺南市北區立賢路二段５號十九樓之２１,9.97,都市：其他:住宅區,,,1090805,土地1建物1車位1,十九層,二十四層,住宅大樓(11層含以上有電梯),住家用,鋼筋混凝土造,1150511,122.25999999999999,2,1,1,有,有,8360000,72477,坡道平面,24.85,1300000,本案於110年11月18日讓渡，其權利契約買賣價格935萬元整。預售屋、或土地及建物分件登記案件；,RPSOMLOKQHLGFAD48DA,51.58,4.78,5.43,有,
北區,房地(土地+建物)+車位,臺南市北區立賢路二段５號七樓之２,9.97,都市：其他:住宅區,,,1090826,土地1建物1車位1,七層,二十四層,住宅大樓(11層含以上有電梯),住家用,鋼筋混凝土造,1150511,122.25999999999999,2,1,1,有,有,7950000,69295,坡道平面,24.85,1200000,本案於113年1月23日讓渡，其權利契約買賣價格不變。預售屋、或土地及建物分件登記案件；,RPTNMLOKQHLGFAD48DA,51.58,4.78,5.43,有,
北區,房地(土地+建物)+車位,臺南市北區立賢路二段５號十五樓之２,9.97,都市：其他:住宅區,,,1090808,土地1建物1車位1,十五層,二十四層,住宅大樓(11層含以上有電梯),住家用,鋼筋混凝土造,1150511,122.25999999999999,2,1,1,有,有,8250000,71348,坡道平面,24.85,1300000,預售屋、或土地及建物分件登記案件；,RPQOMLPLQHLGFAD48DA,51.58,4.78,5.43,有,
