鄉鎮市區,交易標的,土地位置建物門牌,土地移轉總面積平方公尺,都市土地使用分區,非都市土地使用分區,非都市土地使用編定,交易年月日,交易筆棟數,移轉層次,總樓層數,建物型態,主要用途,主要建材,建築完成年月,建物移轉總面積平方公尺,建物現況格局-房,建物現況格局-廳,建物現況格局-衛,建物現況格局-隔間,有無管理組織,總價元,單價元平方公尺,車位類別,車位移轉總面積平方公尺,車位總價元,備註,編號,主建物面積,附屬建物面積,陽台面積,電梯,移轉編號
The villages and towns urban district,transaction sign,land sector position building sector house number plate,land shifting total area square meter,the use zoning or compiles and checks,the non-metropolis land use district,non-metropolis land use,transaction year month and day,transaction pen number,shifting level,total floor number,building state,main use,main building materials,construction to complete the years,building shifting total area,Building present situation pattern - room,building present situation pattern - hall,building present situation pattern - health,building present situation pattern - compartmented,Whether there is manages the organization,total price NTD,the unit price (NTD / square meter),the berth category,berth shifting total area square meter,the berth total price NTD,the note,serial number,main building area,auxiliary building area,balcony area,elevator,transaction number
北區,房地(土地+建物),臺南市北區成功路２３８巷５６號,108.04,商,,,1150715,土地3建物1車位0,全,一層,透天厝,住家用,加強磚造,0561220,25.52,2,2,1,有,無,7100000,278213,,0.0,0,,RPPOMLPKPHLGFAD18DA,25.52,0.0,0.0,無,
北區,房地(土地+建物)+車位,臺南市北區長榮路五段４１巷９號二樓之２,32.32,住,,,1150705,土地2建物1車位1,二層,十四層,住宅大樓(11層含以上有電梯),住家用,鋼筋混凝土造,0920916,169.34,3,2,2,有,有,10000000,59053,坡道平面,0.0,0,車位僅使用權其他增建；,RPQOMLPKPHLGFAD28DA,101.11,0.0,9.1,有,
安南區,房地(土地+建物),臺南市安南區海前路２５８號,135.69,住,,,1150701,土地1建物1車位0,全,四層,透天厝,住家用,鋼筋混凝土造,1130905,364.6,4,3,5,有,無,39600000,108612,,0.0,0,,RPQNMLKKPHLGFBD77DA,337.4,0.0,27.2,有,
安南區,房地(土地+建物),臺南市安南區本原街二段１３２巷６０弄１０號,247.65,住,,,1150702,土地2建物1車位0,全,二層,透天厝,住家用,鋼筋混凝土造,0820423,273.5,6,3,6,有,無,13580000,49653,,0.0,0,其他增建；,RPQOMLOKPHLGFBD28DA,263.16,0.0,10.34,無,
安南區,房地(土地+建物),臺南市安南區永安路７７號,70.45,工,,,1150710,土地1建物1車位0,全,二層,透天厝,住工用,加強磚造,0810608,767.77,4,3,2,有,無,3000000,3907,,0.0,0,土地售價150萬建物售價150萬親友、員工、共有人或其他特殊關係間之交易；,RPRNMLRKPHLGFBD58DA,740.95,0.0,26.82,無,
南區,房地(土地+建物),臺南市南區新慶街１０巷１１號二樓之５,7.44,住,,,1150714,土地1建物1車位0,二層,五層,華廈(10層含以下有電梯),住家用,鋼筋混凝土造,0800523,29.4,1,1,1,有,有,2000000,68027,,0.0,0,親友、員工、共有人或其他特殊關係間之交易；,RPUNMLQKPHLGFCD88DA,20.84,0.0,2.88,有,
六甲區,房地(土地+建物),臺南市六甲區二甲里信義街２５１巷２弄２號,78.67,住,,,1150703,土地1建物1車位0,全,二層,透天厝,住家用,加強磚造,0720420,90.48,5,2,3,有,無,3900000,43103,,0.0,0,頂樓加蓋；其他增建；,RPQNMLRJPHLGFFD78DA,90.48,0.0,0.0,無,
麻豆區,土地,麻工段148地號,188.52,工,,,1150710,土地1建物0車位0,,,其他,,,,0.0,0,0,0,無,無,7128558,37813,,0.0,0,買方為共有人單坪125000元親友、員工、共有人或其他特殊關係間之交易；,RPVNMLOKPHLGFFD09DA,0.0,0.0,0.0,無,001
六甲區,房地(土地+建物),臺南市六甲區七甲里中華路２４８巷１５弄７號,251.55,農,,,1150712,土地3建物1車位0,全,三層,透天厝,住家用,鋼筋混凝土造,1120530,245.38,5,2,4,有,無,17000000,69280,,0.0,0,,RPUNMLRKPHLGFFD66DA,226.9,0.0,18.48,無,
佳里區,房地(土地+建物),臺南市佳里區安西里光復路２９６號五樓之１３,4.07,商,,,1150708,土地1建物1車位0,五層,七層,華廈(10層含以下有電梯),其他,鋼筋混凝土造,0701231,48.2,1,1,1,有,無,1100000,22822,,0.0,0,,RPRNMLKKPHLGFGD38DA,36.82,0.0,0.0,有,
新化區,房地(土地+建物),臺南市新化區中正路６６２巷３號,67.0,,特定農業區,甲種建築用地,1150708,土地1建物1車位0,全,二層,透天厝,住家用,加強磚造,0650600,92.12,4,2,3,有,無,4000000,43422,,0.0,0,親友、員工、共有人或其他特殊關係間之交易；頂樓加蓋；未登記建物；,RPPNMLTKPHLGFHD56DA,92.12,0.0,0.0,無,
歸仁區,房地(土地+建物)+車位,臺南市歸仁區高鐵大道３７號九樓之７,14.94,商,,,1150712,土地1建物1車位1,九層,十九層,住宅大樓(11層含以上有電梯),住家用,鋼筋混凝土造,1141023,98.72,2,2,1,有,有,13080000,154612,坡道平面,25.44,1750000,,RPOOMLNKPHLGFID68DA,43.08,0.0,4.35,有,
關廟區,土地,龜洞段334-4地號,1804.0,,一般農業區,農牧用地,1150714,土地1建物0車位0,,,其他,,,,0.0,0,0,0,無,無,500000,277,,0.0,0,親友、員工、共有人或其他特殊關係間之交易；,RPQNMLPKPHLGFID98DA,0.0,0.0,0.0,無,002
東山區,土地,北勢寮段234-2地號,51.83,,鄉村區,乙種建築用地,1150706,土地1建物0車位0,,,其他,,,,0.0,0,0,0,無,無,548741,10587,,0.0,0,親友、員工、共有人或其他特殊關係間之交易；,RPPNMLKLPHLGFED18EA,0.0,0.0,0.0,無,
東區,房地(土地+建物),臺南市東區中華東路三段５２６號四樓,26.1,住,,,1150703,土地1建物1車位0,四層,五層,公寓(5樓含以下無電梯),住家用,鋼筋混凝土造,0720909,106.54,2,1,2,有,無,1700000,15956,,0.0,0,母子二等親買賣親友、員工、共有人或其他特殊關係間之交易；,RPPOMLRKPHLGFCD58DA,62.33,0.0,19.12,無,
鹽水區,房地(土地+建物),臺南市鹽水區義稠里義稠６１之１號,83.23,住,,,1150705,土地1建物1車位0,全,二層,透天厝,住商用,加強磚造,0730907,101.57,5,2,3,有,無,4050000,39874,,0.0,0,其他增建；,RPQNMLLLPHLGFDD18DA,97.31,0.0,4.26,無,
關廟區,土地,仁愛段1034-3地號,112.25,住,,,1150702,土地2建物0車位0,,,其他,,,,0.0,0,0,0,無,無,5104050,45470,,0.0,0,,RPUNMLRKPHLGFID96DA,0.0,0.0,0.0,無,003
永康區,房地(土地+建物),臺南市永康區東灣里民族路２７３巷３１號九樓之１,14.06,住,,,1150702,土地3建物1車位0,九層,十一層,住宅大樓(11層含以上有電梯),住家用,鋼筋混凝土造,0831006,85.73,2,2,1,有,有,5000000,58323,,0.0,0,,RPWNMLQKPHLGFKD27DA,53.93,0.0,12.63,有,
學甲區,土地,草段511地號,27.2,,鄉村區,乙種建築用地,1150701,土地1建物0車位0,,,其他,,,,0.0,0,0,0,無,無,388960,14300,,0.0,0,政府機關標讓售；,RPPNMLKLPHLGFGD38EA,0.0,0.0,0.0,無,
新市區,房地(土地+建物),臺南市新市區忠孝街１５０號,80.62,住,,,1150703,土地1建物1車位0,全,四層,透天厝,住家用,鋼筋混凝土造,0960606,259.27,6,2,6,有,無,23600000,91025,,0.0,0,,RPPNMLLLPHLGFHD58EA,237.04,0.0,22.23,無,
關廟區,土地,仁愛段1034-2地號,112.25,住,,,1150702,土地2建物0車位0,,,其他,,,,0.0,0,0,0,無,無,5104050,45470,,0.0,0,,RPPNMLKLMHLGFID28EA,0.0,0.0,0.0,無,003
安平區,房地(土地+建物),臺南市安平區建平十七街１２１號四樓之７,2.21,商,,,1150701,土地1建物1車位0,四層,十六層,住宅大樓(11層含以上有電梯),住家用,鋼筋混凝土造,0840819,28.779999999999998,1,0,1,有,有,1850000,64281,,0.0,0,陽台外推；,RPVOMLQJPHLGFAD78DA,17.16,0.0,4.58,有,
中西區,房地(土地+建物),臺南市中西區金華路三段２１８號十五樓之１６,4.11,商,,,1150707,土地1建物1車位0,十五層,十八層,住宅大樓(11層含以上有電梯),住家用,鋼筋混凝土造,0840704,43.51,1,0,1,有,有,2900000,66651,,0.0,0,,RPUNMLOKPHLGFAD48DA,25.69,0.0,4.08,有,
麻豆區,土地,清水段1038地號,130.94,,特定農業區,農牧用地,1150702,土地1建物0車位0,,,其他,,,,0.0,0,0,0,無,無,800000,6110,,0.0,0,農作物；,RPRNMLRJPHLGFFD88DA,0.0,0.0,0.0,無,
學甲區,土地,學甲寮段75-6地號,23.0,,鄉村區,乙種建築用地,1150714,土地1建物0車位0,,,其他,,,,0.0,0,0,0,無,無,160000,6957,,0.0,0,鄰地購買,RPQNMLKLPHLGFGD38DA,0.0,0.0,0.0,無,
新化區,土地,新音段536地號,0.4,商,,,1150701,土地1建物0車位0,,,其他,,,,0.0,0,0,0,無,無,41972,0,,0.0,0,政府機關標讓售；,RPTNMLKLPHLGFHD78DA,0.0,0.0,0.0,無,
新市區,房地(土地+建物),臺南市新市區復興路６巷４１弄１１號,112.06,住,,,1150715,土地2建物1車位0,全,二層,透天厝,住商用,加強磚造,0700221,99.86,3,1,2,有,無,6500000,65091,,0.0,0,買賣總價新台幣650萬元：土地價格640萬元.建物價格10萬元受債權債務關係影響或債務抵償；,RPTNMLMLPHLGFHD98DA,99.86,0.0,0.0,無,
玉井區,房地(土地+建物),臺南市玉井區大勇街６８號,66.24,住,,,1150708,土地1建物1車位0,全,二層,透天厝,住家用,加強磚造,0681109,90.99,1,2,2,有,無,4800000,52753,,0.0,0,,RPQNMLPKPHLGFJD09DA,90.99,0.0,0.0,無,
永康區,房地(土地+建物),臺南市永康區復國一路４７５巷２８號三樓之１１,5.06,住,,,1150709,土地1建物1車位0,三層,五層,華廈(10層含以下有電梯),住家用,鋼筋混凝土構造,1070402,13.61,1,1,1,有,有,1450000,106539,,0.0,0,陽台外推；夾層；,RPOOMLTJPHLGFKD76DA,8.06,0.0,1.36,有,005
永康區,房地(土地+建物),臺南市永康區尚頂里南台街１７０號二樓之１９,11.58,住,,,1150701,土地4建物1車位0,二層,七層,華廈(10層含以下有電梯),住家用,鋼筋混凝土造,0850130,72.53,1,1,1,有,有,2450000,33779,,0.0,0,親友、員工、共有人或其他特殊關係間之交易；,RPUNMLQKPHLGFKD07DA,34.1,0.0,13.14,有,
永康區,房地(土地+建物)+車位,臺南市永康區蔦松里蔦松二街１１２號八樓之２,6.61,住,,,1150715,土地1建物1車位1,八層,八層,華廈(10層含以下有電梯),住家用,鋼筋混凝土造,0831001,37.74,3,2,2,有,有,900000,23847,坡道機械,0.0,0,親友、員工、共有人或其他特殊關係間之交易；,RPPNMLRKPHLGFKD66DA,25.65,0.0,3.03,有,006
安南區,土地,天馬段324-2地號,169.39,都市：其他:住宅區,,,1150710,土地2建物0車位0,,,其他,,,,0.0,0,0,0,無,無,3895970,23000,,0.0,0,親友、員工、共有人或其他特殊關係間之交易；未登記建物；,RPUNMLRKPHLGFBD98EA,0.0,0.0,0.0,無,
鹽水區,土地,歡雅段256-2地號,398.14,,鄉村區,乙種建築用地,1150714,土地1建物0車位0,,,其他,,,,0.0,0,0,0,無,無,3613120,9075,,0.0,0,親友、員工、共有人或其他特殊關係間之交易；,RPSNMLLLPHLGFDD48EA,0.0,0.0,0.0,無,
鹽水區,土地,舊營段後寮小段1784地號,7137.0,,特定農業區,農牧用地,1150714,土地3建物0車位0,,,其他,,,,0.0,0,0,0,無,無,5710000,800,,0.0,0,親友、員工、共有人或其他特殊關係間之交易；,RPTNMLLLPHLGFDD58EA,0.0,0.0,0.0,無,
安南區,房地(土地+建物)+車位,臺南市安南區永續三街８８號八樓之５,21.78,住,,,1150703,土地1建物1車位1,八層,十四層,住宅大樓(11層含以上有電梯),住家用,鋼筋混凝土造,1090114,157.28,3,2,2,有,有,13250000,84245,坡道平面,30.51,0,,RPRNMLLLPHLGFBD08DA,75.2,0.0,8.03,有,007
東區,房地(土地+建物)+車位,臺南市東區崇慶街一段９６號十一樓之１,21.81,住,,,1150707,土地1建物1車位1,十一層,十五層,住宅大樓(11層含以上有電梯),住家用,鋼筋混凝土造,1130816,146.06,3,2,2,有,有,18600000,141307,坡道平面,26.25,1670000,,RPOOMLOKPHLGFCD18DA,69.75,0.0,8.12,有,
東區,房地(土地+建物)+車位,臺南市東區崇慶街一段９６號十四樓之６,21.81,住,,,1150707,土地1建物1車位1,十四層,十五層,住宅大樓(11層含以上有電梯),住家用,鋼筋混凝土造,1130816,146.01999999999998,3,2,2,有,有,18600000,142189,坡道平面,26.25,1570000,,RPTNMLLLPHLGFCD38DA,69.75,0.0,8.08,有,
東區,房地(土地+建物),臺南市東區崇德二十街５５號,11.98,商,,,1150714,土地1建物1車位0,一層,六層,華廈(10層含以下有電梯),住家用,鋼筋混凝土造,0811012,77.38,2,1,1,有,有,5000000,64616,,0.0,0,,RPVNMLMLPHLGFCD68DA,49.93,4.9,0.0,有,008
新營區,房地(土地+建物),臺南市新營區三興街２０５巷２７弄１７５之１２號,81.03,住,,,1150712,土地3建物1車位0,全,四層,透天厝,住家用,鋼筋混凝土造,1141114,178.92,4,2,4,有,無,15500000,86631,,0.0,0,,RPSNMLMLPHLGFDD48DA,172.52,0.0,6.4,無,
將軍區,土地,苓子寮段一小段252地號,1544.0,,特定農業區,農牧用地,1150713,土地1建物0車位0,,,其他,,,,0.0,0,0,0,無,無,1750000,1133,,0.0,0,,RPRNMLKLPHLGFGD48DA,0.0,0.0,0.0,無,
西港區,房地(土地+建物),臺南市西港區西港里３０鄰堀子頭１８２號,109.57,住,,,1150701,土地1建物1車位0,全,二層,透天厝,住家用,加強磚造,0770623,133.25,5,2,2,有,無,5000000,37523,,0.0,0,親友、員工、共有人或其他特殊關係間之交易；,RPTNMLLLPHLGFGD78DA,118.68,6.06,8.51,無,
西港區,土地,八分段1723地號,2584.0,,特定農業區,農牧用地,1150714,土地1建物0車位0,,,其他,,,,0.0,0,0,0,無,無,7380000,2856,,0.0,0,本案土地有糾紛，買方原價買回土地。,RPUNMLMLPHLGFGD98DA,0.0,0.0,0.0,無,009
新市區,土地,大社段2590-2地號,29.51,,鄉村區,乙種建築用地,1150720,土地1建物0車位0,,,其他,,,,0.0,0,0,0,無,無,1213120,41109,,0.0,0,土地增值稅由買方負擔親友、員工、共有人或其他特殊關係間之交易；,RPRNMLTKPHLGFHD76DA,0.0,0.0,0.0,無,010
新市區,土地,大社段2590-2地號,55.99,,鄉村區,乙種建築用地,1150720,土地1建物0車位0,,,其他,,,,0.0,0,0,0,無,無,2312000,41293,,0.0,0,土地增值稅由買方負擔親友、員工、共有人或其他特殊關係間之交易；,RPSNMLTKPHLGFHD86DA,0.0,0.0,0.0,無,010
善化區,土地,成功段284地號,92.46,都市：其他:道路用地,,,1150701,土地2建物0車位0,,,其他,,,,0.0,0,0,0,無,無,2350000,25416,,0.0,0,道路用地，二等親屬買賣案件,RPQNMLLLPHLGFHD58DA,0.0,0.0,0.0,無,
歸仁區,房地(土地+建物)+車位,臺南市歸仁區高發二路３１０號十二樓之５,15.62,商,,,1150709,土地1建物1車位1,十二層,十五層,住宅大樓(11層含以上有電梯),住家用,鋼筋混凝土造,1120808,89.24000000000001,2,1,1,有,有,8850000,99171,坡道機械,12.24,0,,RPWNMLKKPHLGFID09DA,46.35,0.0,3.47,有,012
仁德區,房地(土地+建物),臺南市仁德區中正路二段１１０９巷７８號,89.28,住,,,1150703,土地3建物1車位0,全,三層,透天厝,住家用,鋼筋混凝土造,1130308,166.24,5,2,5,有,無,19280000,115977,,0.0,0,其他增建；,RPPOMLQKPHLGFID09DA,135.79,0.0,30.45,無,
關廟區,土地,新埔段515地號,284.59,,一般農業區,農牧用地,1150712,土地3建物0車位0,,,其他,,,,0.0,0,0,0,無,無,2350000,8257,,0.0,0,親友、員工、共有人或其他特殊關係間之交易；未登記建物；,RPQNMLLLPHLGFID68DA,0.0,0.0,0.0,無,013
楠西區,土地,灣丘段989地號,2173.33,,山坡地保育區,農牧用地,1150712,土地1建物0車位0,,,其他,,,,0.0,0,0,0,無,無,800000,368,,0.0,0,,RPPNMLNLPHLGFJD88DA,0.0,0.0,0.0,無,
永康區,房地(土地+建物),臺南市永康區中華路９０５號,82.9,住,,,1150704,土地2建物1車位0,全,五層,透天厝,住商用,鋼筋混凝土造,0821123,341.81,5,2,5,有,無,18600000,54416,,0.0,0,其他增建；,RPSNMLMLPHLGFKD56DA,292.81,6.53,42.47,無,
安南區,建物,臺南市安南區公學路六段４６１號,0.0,,,,1150714,土地0建物1車位0,全,二層,透天厝,住商用,鋼筋混凝土造,0831008,115.02,5,2,3,有,無,299100,2600,,0.0,0,建物坐落地號：南興段674地號；親友、員工、共有人或其他特殊關係間之交易；未登記建物；,RPSNMLRKPHLGFBD78EA,115.02,0.0,0.0,無,
安南區,房地(土地+建物),臺南市安南區海佃路二段４６１巷５７號,93.5,住,,,1150702,土地2建物1車位0,全,三層,透天厝,住家用,鋼筋混凝土造,1070906,178.47,4,2,4,有,無,17300000,96935,,0.0,0,陽台外推；其他增建；,RPSOMLLLPHLGFBD28DA,163.33,0.0,15.14,無,014
安南區,土地,神榕段125地號,214.8,農,,,1150717,土地1建物0車位0,,,其他,,,,0.0,0,0,0,無,無,650000,3026,,0.0,0,親友、員工、共有人或其他特殊關係間之交易；,RPPNMLNLPHLGFBD08DA,0.0,0.0,0.0,無,
東區,房地(土地+建物)+車位,臺南市東區崇賢一路３６號二樓之１,21.32,住,,,1150702,土地1建物1車位1,二層,十五層,住宅大樓(11層含以上有電梯),住家用,鋼筋混凝土造,1140124,138.32,3,2,2,有,有,16280000,121152,坡道平面,21.69,2150000,,RPUNMLLLPHLGFCD48DA,69.2,0.0,6.55,有,
南區,土地,省躬段554-22地號,7.0,住,,,1150714,土地1建物0車位0,,,其他,,,,0.0,0,0,0,無,無,243110,34730,,0.0,0,政府機關標讓售；,RPSNMLMLPHLGFCD38DA,0.0,0.0,0.0,無,
鹽水區,土地,月港段170地號,47.95,商,,,1150717,土地1建物0車位0,,,其他,,,,0.0,0,0,0,無,無,1000000,20855,,0.0,0,,RPPNMLRKPHLGFDD58DA,0.0,0.0,0.0,無,015
白河區,土地,埤子頭段五汴頭小段316-32地號,2651.0,,一般農業區,農牧用地,1150715,土地1建物0車位0,,,其他,,,,0.0,0,0,0,無,無,1274000,481,,0.0,0,,RPPNMLOLPHLGFED48DA,0.0,0.0,0.0,無,
後壁區,土地,新東段139地號,249.42,,鄉村區,乙種建築用地,1150720,土地1建物0車位0,,,其他,,,,0.0,0,0,0,無,無,4526973,18150,,0.0,0,本件包括地上未保存登記建物，後壁區新東里92-2號舊有房屋,RPRNMLOLPHLGFED68DA,0.0,0.0,0.0,無,
官田區,土地,義田段315地號,51.81,農,,,1150704,土地1建物0車位0,,,其他,,,,0.0,0,0,0,無,無,770000,14862,,0.0,0,未登記建物；,RPTNMLLLPHLGFFD68DA,0.0,0.0,0.0,無,
麻豆區,房地(土地+建物),臺南市麻豆區埤頭里小埤頭２之２９號,91.08,住,,,1150702,土地1建物1車位0,全,三層,透天厝,住家用,鋼筋混凝土造,0810523,184.95,4,2,3,有,無,5150000,27845,,0.0,0,未登記建物；,RPPNMLMLPHLGFFD38DA,168.75,0.0,16.2,無,
佳里區,房地(土地+建物),臺南市佳里區佳北路４２６巷３３號,84.1,住,,,1150705,土地1建物1車位0,全,四層,透天厝,住家用,鋼筋混凝土造,1030212,192.9,5,1,3,有,無,10500000,54432,,0.0,0,,RPQNMLMLPHLGFGD58DA,176.39,0.0,16.51,無,
善化區,房地(土地+建物)+車位,臺南市善化區茄拔３１之１號九樓之１,34.49,,鄉村區,乙種建築用地,1150702,土地7建物1車位1,九層,九層,華廈(10層含以下有電梯),住家用,鋼筋混凝土造,1140625,126.66999999999999,3,2,2,有,有,10200000,87144,坡道平面,24.54,1300000,建號762：權利範圍：1/158本交易已含管理室預售屋、或土地及建物分件登記案件；,RPXNMLLLPHLGFHD66DA,66.78,0.0,4.04,有,
歸仁區,房地(土地+建物),臺南市歸仁區南保里民權北路６１巷１號,87.22,住,,,1150709,土地1建物1車位0,全,二層,透天厝,住家用,加強磚造,0650618,118.43,6,2,3,有,無,6500000,54885,,0.0,0,頂樓加蓋；其他增建；未登記建物；,RPRNMLKLPHLGFID68DA,115.29,0.0,3.14,無,
永康區,房地(土地+建物),臺南市永康區大灣路７６４巷５６號五樓之１８,4.31,住,,,1150702,土地1建物1車位0,五層,六層,華廈(10層含以下有電梯),辦公用,鋼筋混凝土造,0940708,17.6,1,1,1,有,有,1240000,70455,,0.0,0,陽台外推；夾層；含租約；,RPTNMLRKPHLGFKD07DA,6.45,0.35,2.33,有,
永康區,房地(土地+建物),臺南市永康區和平路２０６巷２１號,1169.15,工,,,1150706,土地2建物1車位0,全,一層,透天厝,工業用,鋼造,0840808,420.15,0,0,0,無,無,25000000,59503,,0.0,0,親友、員工、共有人或其他特殊關係間之交易；其他增建；,RPQNMLKLPHLGFKD78DA,420.15,0.0,0.0,無,
永康區,房地(土地+建物)+車位,臺南市永康區東橋七路３５９號七樓之７,16.67,住,,,1150705,土地1建物1車位1,七層,十八層,住宅大樓(11層含以上有電梯),住家用,鋼筋混凝土構造,1071214,108.47999999999999,2,1,1,有,有,12000000,110619,坡道平面,19.23,0,,RPTNMLMLPHLGFKD66DA,49.15,4.56,4.48,有,016
永康區,房地(土地+建物),臺南市永康區新民街４７巷１６號六樓之９,5.75,住,,,1150713,土地1建物1車位0,六層,九層,華廈(10層含以下有電梯),住家用,鋼筋混凝土造,0821230,40.87,1,0,1,有,有,2500000,61170,,0.0,0,,RPQRMLNLPHLGFKD86DA,24.1,0.0,3.53,有,
新營區,房地(土地+建物),臺南市新營區大宏里１４鄰中正路２２巷２號,137.76,住,,,1150715,土地4建物1車位0,全,五層,透天厝,住家用,鋼筋混凝土造,1020730,300.73,5,3,5,有,有,20000000,66505,,0.0,0,,RPTNMLOLPHLGFDD88EA,291.07,0.0,9.66,無,017
東山區,土地,北勢寮段220地號,2049.29,,一般農業區,農牧用地,1150706,土地2建物0車位0,,,其他,,,,0.0,0,0,0,無,無,2000000,976,,0.0,0,,RPPNMLNLPHLGFED48EA,0.0,0.0,0.0,無,
永康區,房地(土地+建物),臺南市永康區中華里小東路６４７巷１０弄９號,15.82,住,,,1150707,土地1建物1車位0,全,四層,透天厝,住商用,鋼筋混凝土造,0780530,45.8,4,2,2,有,無,1060000,23144,,0.0,0,親友、員工、共有人或其他特殊關係間之交易；,RPPNMLOLPHLGFKD56EA,40.29,1.88,3.63,無,
中西區,土地,保西段274地號,43.5,商,,,1150701,土地1建物0車位0,,,其他,,,,0.0,0,0,0,無,無,2630000,60460,,0.0,0,親友、員工、共有人或其他特殊關係間之交易；,RPRNMLTJPHLGFAD58DA,0.0,0.0,0.0,無,
北區,房地(土地+建物)+車位,臺南市北區文成一路９２號八樓之７,27.1,住,,,1150704,土地1建物1車位1,八層,十五層,住宅大樓(11層含以上有電梯),住家用,鋼筋混凝土構造,1120411,148.14000000000001,3,2,2,有,有,18600000,132450,坡道平面,19.79,1600000,,RPSNMLQKPHLGFAD48DA,75.89,0.0,8.98,有,018
北區,房地(土地+建物),臺南市北區開元路５０１號二十二樓之７,6.2,商,,,1150708,土地3建物1車位0,二十二層,二十四層,住宅大樓(11層含以上有電梯),住家用,鋼筋混凝土構造,1041105,83.17,2,1,1,有,有,7150000,85968,,0.0,0,,RPVNMLOLPHLGFAD68DA,48.17,0.52,9.76,有,019
安南區,土地,青草段811-10地號,2102.04,農,,,1150710,土地3建物0車位0,,,其他,,,,0.0,0,0,0,無,無,18400000,8753,,0.0,0,包含公共設施保留地用地；,RPUNMLQKPHLGFBD78DA,0.0,0.0,0.0,無,
東區,房地(土地+建物),臺南市東區裕文路１３３號八樓之２,54.09,住,,,1150702,土地1建物1車位0,八層,十二層,住宅大樓(11層含以上有電梯),住家用,鋼筋混凝土造,1150409,213.49,3,2,3,有,有,38000000,177994,,0.0,0,預售屋、或土地及建物分件登記案件；,RPOOMLRKPHLGFCD48DA,130.4,0.0,8.28,有,
後壁區,土地,頭前段751地號,239.45,住,,,1150723,土地1建物0車位0,,,其他,,,,0.0,0,0,0,無,無,5200000,21716,,0.0,0,,RPQNMLRLPHLGFED88DA,0.0,0.0,0.0,無,020
官田區,土地,新官田段1365地號,225.74,都市：其他:道路用地,,,1150718,土地4建物0車位0,,,其他,,,,0.0,0,0,0,無,無,1150000,5094,,0.0,0,未登記建物；包含公共設施保留地用地；,RPQNMLNLPHLGFFD58DA,0.0,0.0,0.0,無,021
新市區,房地(土地+建物),臺南市新市區豐榮１８９之２０號,283.64,,一般農業區,丁種建築用地,1150706,土地4建物1車位0,全,一層,透天厝,其他,鋼骨構造有牆,1120324,161.0,0,1,2,有,無,21500000,133540,,0.0,0,,RPSNMLKLPHLGFHD68DA,161.0,0.0,0.0,無,022
善化區,房地(土地+建物),臺南市善化區蓮潭北二街１２１號,132.42,住,,,1150712,土地1建物1車位0,全,四層,透天厝,住家用,鋼筋混凝土造,1140225,286.47,4,3,5,有,無,37500000,130904,,0.0,0,土地售價新台幣1500萬元整、建物售價新台幣2250萬元整。,RPUNMLLLPHLGFHD98DA,266.71,0.0,19.76,無,
善化區,土地,大同段31地號,21.52,,特定農業區,甲種建築用地,1150720,土地1建物0車位0,,,其他,,,,0.0,0,0,0,無,無,417526,19402,,0.0,0,親友、員工、共有人或其他特殊關係間之交易；,RPXNMLNLPHLGFHD86DA,0.0,0.0,0.0,無,
仁德區,房地(土地+建物)+車位,臺南市仁德區崇聖路一段６號七樓之５,21.92,住,,,1150704,土地1建物1車位1,七層,十四層,住宅大樓(11層含以上有電梯),住家用,鋼筋混凝土造,1131015,151.5,3,2,2,有,有,12630000,94534,坡道平面,31.12,1250000,,RPRNMLKKPHLGFID58DA,77.84,0.0,5.27,有,
歸仁區,房地(土地+建物)+車位,臺南市歸仁區文化街三段１８巷２號三樓之２,13.72,住,,,1150715,土地1建物1車位1,三層,八層,華廈(10層含以下有電梯),住家用,鋼筋混凝土造,0830205,93.28,2,1,1,有,有,4360000,46736,坡道平面,0.0,0,其他增建；,RPROMLRKPHLGFID76DA,43.93,0.0,8.65,有,
仁德區,土地,二橋段224-2地號,58.67,,特定農業區,交通用地,1150709,土地1建物0車位0,,,其他,,,,0.0,0,0,0,無,無,686400,11699,,0.0,0,協議價購；,RPSNMLOLPHLGFID56DA,0.0,0.0,0.0,無,023
永康區,土地,東灣段407-5地號,2.19,都市：其他:道路用地,,,1150709,土地1建物0車位0,,,其他,,,,0.0,0,0,0,無,無,37000,16895,,0.0,0,包含公共設施保留地用地；,RPPOMLPKPHLGFKD56DA,0.0,0.0,0.0,無,
永康區,土地,東灣段407-2地號,1.43,都市：其他:道路用地,,,1150709,土地1建物0車位0,,,其他,,,,0.0,0,0,0,無,無,24000,16783,,0.0,0,包含公共設施保留地用地；,RPUOMLPKPHLGFKD07DA,0.0,0.0,0.0,無,
永康區,土地,東灣段407-3地號,2.74,都市：其他:道路用地,,,1150709,土地1建物0車位0,,,其他,,,,0.0,0,0,0,無,無,47000,17153,,0.0,0,包含公共設施保留地用地；,RPVOMLPKPHLGFKD17DA,0.0,0.0,0.0,無,
永康區,土地,東灣段407-4地號,2.53,都市：其他:道路用地,,,1150706,土地1建物0車位0,,,其他,,,,0.0,0,0,0,無,無,43000,16996,,0.0,0,包含公共設施保留地用地；,RPWOMLPKPHLGFKD27DA,0.0,0.0,0.0,無,
永康區,房地(土地+建物),臺南市永康區小東路６８９號之９４,9.96,住,,,1150711,土地1建物1車位0,十八層,二十二層,住宅大樓(11層含以上有電梯),辦公用,鋼筋混凝土造,0810519,119.58,0,0,0,無,有,5500000,45994,,0.0,0,,RPROMLLLPHLGFKD09DA,86.13,0.0,0.0,有,
安南區,土地,本淵段73-11地號,34.98,住,,,1150708,土地2建物0車位0,,,其他,,,,0.0,0,0,0,無,無,1999999,57176,,0.0,0,政府機關標讓售；,RPPNMLNLPHLGFBD18EA,0.0,0.0,0.0,無,
新營區,土地,太子宮段太子宮小段1791地號,1113.0,,特定農業區,農牧用地,1150716,土地1建物0車位0,,,其他,,,,0.0,0,0,0,無,無,3300000,2965,,0.0,0,,RPPNMLSLPHLGFDD88EA,0.0,0.0,0.0,無,
柳營區,土地,五軍營段1277地號,522.0,,特定農業區,農牧用地,1150706,土地1建物0車位0,,,其他,,,,0.0,0,0,0,無,無,517654,992,,0.0,0,政府機關標讓售；,RPQNMLSLPHLGFDD98EA,0.0,0.0,0.0,無,
安定區,土地,中沙段1490地號,21.23,,一般農業區,交通用地,1150714,土地1建物0車位0,,,其他,,,,0.0,0,0,0,無,無,296795,13980,,0.0,0,政府機關標讓售；,RPPNMLSLPHLGFHD66EA,0.0,0.0,0.0,無,
北區,土地,開元段319-12地號,2.9,都市：其他:細部計畫道路用地,,,1150708,土地1建物0車位0,,,其他,,,,0.0,0,0,0,無,無,150000,51724,,0.0,0,,RPXNMLTJPHLGFAD56DA,0.0,0.0,0.0,無,
中西區,房地(土地+建物),臺南市中西區府前路一段３０４巷１５弄９號四樓,38.19,商,,,1150712,土地1建物1車位0,四層,四層,公寓(5樓含以下無電梯),住家用,鋼筋混凝土造,0680525,103.72,4,3,3,有,無,7000000,67489,,0.0,0,頂樓加蓋；其他增建；,RPPNMLMKPHLGFAD77DA,85.53,0.0,0.0,無,
中西區,房地(土地+建物),臺南市中西區武聖路６９巷４０弄３０號九樓之１６,4.84,,,,1150717,土地1建物1車位0,九層,十二層,住宅大樓(11層含以上有電梯),住家用,鋼筋混凝土造,0831108,35.65,1,0,1,有,有,1200000,33661,,0.0,0,親友、員工、共有人或其他特殊關係間之交易；,RPUNMLOLPHLGFAD58DA,20.82,0.0,3.74,有,
東區,土地,光華段401地號,1.94,商,,,1150715,土地2建物0車位0,,,其他,,,,0.0,0,0,0,無,無,120000,61856,,0.0,0,親友、員工、共有人或其他特殊關係間之交易；,RPPNMLKLPHLGFCD87DA,0.0,0.0,0.0,無,
白河區,房地(土地+建物),臺南市白河區玉豐里海豐厝８７之５３號,84.5,,鄉村區,乙種建築用地,1150719,土地2建物1車位0,全,四層,透天厝,住家用,鋼筋混凝土造,0821007,166.18,4,2,3,有,無,2700000,16247,,0.0,0,其他增建；,RPPNMLSLPHLGFED88DA,156.44,0.0,9.74,無,
麻豆區,土地,南寮段703地號,1522.0,,特定農業區,農牧用地,1150705,土地1建物0車位0,,,其他,,,,0.0,0,0,0,無,無,2700000,1774,,0.0,0,,RPVNMLRKPHLGFFD76DA,0.0,0.0,0.0,無,
麻豆區,土地,南寮段699地號,1328.0,,特定農業區,農牧用地,1150701,土地1建物0車位0,,,其他,,,,0.0,0,0,0,無,無,2520000,1898,,0.0,0,,RPQNMLKLPHLGFFD28DA,0.0,0.0,0.0,無,
大內區,土地,二重溪段439-3地號,50.0,,鄉村區,乙種建築用地,1150722,土地1建物0車位0,,,其他,,,,0.0,0,0,0,無,無,200000,4000,,0.0,0,,RPPNMLOLPHLGFFD58DA,0.0,0.0,0.0,無,
佳里區,土地,塭子內段252地號,114.7,,鄉村區,乙種建築用地,1150709,土地1建物0車位0,,,其他,,,,0.0,0,0,0,無,無,616972,5379,,0.0,0,親友、員工、共有人或其他特殊關係間之交易；未登記建物；,RPQNMLNKPHLGFGD58DA,0.0,0.0,0.0,無,
七股區,房地(土地+建物),臺南市七股區義合里義合８８號之１６,82.0,,鄉村區,乙種建築用地,1150710,土地2建物1車位0,全,四層,透天厝,住家用,鋼筋混凝土造,0830214,151.69,4,2,2,有,無,5100000,33621,,0.0,0,,RPQOMLOLPHLGFGD88DA,148.05,0.0,3.64,無,
安定區,房地(土地+建物)+車位,臺南市安定區港口１之２３８號五樓之１,26.71,,特定農業區,甲種建築用地,1150709,土地1建物1車位1,五層,十一層,住宅大樓(11層含以上有電梯),住家用,鋼筋混凝土造,1141017,125.5,2,2,2,有,有,10000000,88900,坡道平面,28.2,1350000,,RPRNMLNLPHLGFHD88DA,59.88,0.0,6.48,有,
善化區,土地,善昌段422-7地號,8.5,住,,,1150702,土地2建物0車位0,,,其他,,,,0.0,0,0,0,無,無,1163990,136940,,0.0,0,,RPQNMLOLPHLGFHD88DA,0.0,0.0,0.0,無,024
仁德區,土地,太子段206地號,53.69,住,,,1150708,土地3建物0車位0,,,其他,,,,0.0,0,0,0,無,無,2192519,40837,,0.0,0,親友、員工、共有人或其他特殊關係間之交易；,RPVOMLOKPHLGFID86DA,0.0,0.0,0.0,無,025
仁德區,房地(土地+建物)+車位,臺南市仁德區文心路７２號三樓之１０,13.03,商,,,1150701,土地1建物1車位1,三層,二十四層,住宅大樓(11層含以上有電梯),住家用,鋼筋混凝土構造,1100315,139.16,3,2,2,有,有,9000000,64674,坡道平面,17.45,0,,RPVOMLLLPHLGFID66DA,69.68,6.18,4.76,有,026
仁德區,房地(土地+建物),臺南市仁德區上崙里德崙路４７３號,623.39,農,,,1150709,土地1建物1車位0,全,一層,透天厝,住家用,磚造,0591000,85.41,6,2,2,有,無,18500000,216602,,0.0,0,親友、員工、共有人或其他特殊關係間之交易；其他增建；,RPQNMLOLPHLGFID98DA,85.41,0.0,0.0,無,
歸仁區,房地(土地+建物)+車位,臺南市歸仁區高鐵大道３５號十三樓之２,15.49,商,,,1150718,土地1建物1車位1,十三層,十七層,住宅大樓(11層含以上有電梯),住家用,鋼筋混凝土造,1141023,100.87,2,2,1,有,有,14000000,163728,坡道平面,25.44,1650000,,RPRNMLOLPHLGFID09DA,44.77,0.0,4.39,有,
仁德區,土地,二橋段138-3地號,0.96,,特定農業區,農牧用地,1150713,土地1建物0車位0,,,其他,,,,0.0,0,0,0,無,無,11424,0,,0.0,0,協議價購；,RPVNMLRLPHLGFID17DA,0.0,0.0,0.0,無,
永康區,房地(土地+建物),臺南市永康區五王里中山東路１４８號七樓之１０,8.21,住,,,1150701,土地1建物1車位0,七層,十一層,住宅大樓(11層含以上有電梯),住家用,鋼筋混凝土造,0900110,49.89,3,1,2,有,有,4600000,92203,,0.0,0,夾層；其他增建；,RPVNMLTJPHLGFKD37DA,32.22,2.67,1.43,有,
永康區,土地,東灣段406-2地號,1.63,都市：其他:道路用地,,,1150709,土地1建物0車位0,,,其他,,,,0.0,0,0,0,無,無,28000,17178,,0.0,0,包含公共設施保留地用地；,RPQOMLPKPHLGFKD66DA,0.0,0.0,0.0,無,
永康區,土地,東灣段406-5地號,3.81,都市：其他:道路用地,,,1150709,土地1建物0車位0,,,其他,,,,0.0,0,0,0,無,無,58000,15223,,0.0,0,包含公共設施保留地用地；,RPTOMLPKPHLGFKD96DA,0.0,0.0,0.0,無,
永康區,土地,東灣段406-4地號,2.29,都市：其他:道路用地,,,1150709,土地1建物0車位0,,,其他,,,,0.0,0,0,0,無,無,39000,17031,,0.0,0,包含公共設施保留地用地；,RPQOMLLLPHLGFKD98DA,0.0,0.0,0.0,無,
新營區,房地(土地+建物)+車位,臺南市新營區金華路一段２３０號九樓之六,21.76,住,,,1150704,土地1建物1車位2,九層,十二層,住宅大樓(11層含以上有電梯),住家用,鋼筋混凝土造,1141110,149.03,3,2,2,有,無,11300000,90281,坡道平面,54.88,2800000,,RPPNMLTLPHLGFDD98EA,54.81,0.0,5.47,有,
安南區,土地,南興段857-1地號,12.02,都市：其他:主要計畫道路用地,,,1150720,土地1建物0車位0,,,其他,,,,0.0,0,0,0,無,無,97001,8070,,0.0,0,協議價購；,RPPNMLKLPHLGFBD77DA,0.0,0.0,0.0,無,
安南區,土地,砂崙段962地號,300.4,,,,1150719,土地2建物0車位0,,,其他,,,,0.0,0,0,0,無,無,1500000,4993,,0.0,0,,RPSOMLSLPHLGFBD98DA,0.0,0.0,0.0,無,
南區,房地(土地+建物),臺南市南區中華南路二段３０２巷５弄１號三樓,38.09,住,,,1150708,土地2建物1車位0,三層,五層,公寓(5樓含以下無電梯),住家用,鋼筋混凝土造,0711129,89.68,3,2,2,有,無,1500000,16726,,0.0,0,親友、員工、共有人或其他特殊關係間之交易；,RPUNMLNLPHLGFCD68DA,74.85,0.0,7.63,無,
東區,房地(土地+建物)+車位,臺南市東區林森路一段１５３巷２７弄１號十一樓,21.27,住,,,1150714,土地1建物1車位1,十一層,十五層,住宅大樓(11層含以上有電梯),住家用,鋼筋混凝土造,0811022,143.64,3,2,2,有,有,6600000,45948,坡道機械,0.0,0,親友、員工、共有人或其他特殊關係間之交易；,RPOOMLSLPHLGFCD68DA,92.41,1.17,8.85,有,
鹽水區,房地(土地+建物),臺南市鹽水區蔦松路２０１巷９５弄９號,170.0,,特定農業區,甲種建築用地,1150702,土地2建物1車位0,全,四層,透天厝,住家用,鋼筋混凝土造,1130528,282.62,6,2,5,有,無,16000000,56613,,0.0,0,,RPQNMLRKPHLGFDD68DA,255.06,0.0,27.56,無,
鹽水區,土地,溪洲寮段頂溪洲寮小段202地號,2388.5,,特定農業區,農牧用地,1150723,土地2建物0車位0,,,其他,,,,0.0,0,0,0,無,無,1500000,628,,0.0,0,親友、員工、共有人或其他特殊關係間之交易；,RPPNMLNLPHLGFDD28DA,0.0,0.0,0.0,無,
東山區,土地,吉貝耍段929地號,1000.0,,特定農業區,農牧用地,1150713,土地1建物0車位0,,,其他,,,,0.0,0,0,0,無,無,1200000,1200,,0.0,0,,RPQNMLSLPHLGFED98DA,0.0,0.0,0.0,無,
佳里區,土地,塭子內段252地號,141.13,,鄉村區,乙種建築用地,1150709,土地2建物0車位0,,,其他,,,,0.0,0,0,0,無,無,751789,5327,,0.0,0,親友、員工、共有人或其他特殊關係間之交易；未登記建物；,RPRNMLNKPHLGFGD68DA,0.0,0.0,0.0,無,
佳里區,土地,區政段510地號,15.02,商,,,1150715,土地1建物0車位0,,,其他,,,,0.0,0,0,0,無,無,1786983,118974,,0.0,0,協議價購；,RPUNMLOLPHLGFGD56DA,0.0,0.0,0.0,無,027
佳里區,土地,區政段510地號,15.02,商,,,1150715,土地1建物0車位0,,,其他,,,,0.0,0,0,0,無,無,1786983,118974,,0.0,0,協議價購；,RPVNMLOLPHLGFGD66DA,0.0,0.0,0.0,無,027
佳里區,土地,區政段510地號,7.51,商,,,1150715,土地1建物0車位0,,,其他,,,,0.0,0,0,0,無,無,893492,118974,,0.0,0,協議價購；,RPWNMLOLPHLGFGD76DA,0.0,0.0,0.0,無,027
佳里區,土地,區政段510地號,7.51,商,,,1150715,土地1建物0車位0,,,其他,,,,0.0,0,0,0,無,無,893492,118974,,0.0,0,協議價購；,RPXNMLOLPHLGFGD86DA,0.0,0.0,0.0,無,027
西港區,房地(土地+建物),臺南市西港區中山路７７號,2082.55,住,,,1150715,土地5建物1車位0,全,一層,透天厝,其他,加強磚造,0750613,207.45,10,1,1,有,無,112500000,542299,,0.0,0,建地價格111755570路地價格265000建物價格479430含稅未登記建物；包含公共設施保留地用地；,RPQNMLSLPHLGFGD56DA,207.45,0.0,0.0,無,031
安定區,房地(土地+建物),臺南市安定區許中營３１之１３號,108.29,,鄉村區,乙種建築用地,1150714,土地1建物1車位0,全,三層,透天厝,住家用,鋼筋混凝土造,1111130,231.56,4,2,5,有,無,18500000,79893,,0.0,0,其他增建；,RPQOMLRLPHLGFHD66DA,212.45,0.0,19.11,有,
山上區,土地,明北段54地號,1273.41,,一般農業區,農牧用地,1150713,土地1建物0車位0,,,其他,,,,0.0,0,0,0,無,無,1570000,1233,,0.0,0,土地低漥未有溝渠淹水不易排除,RPVNMLSLPHLGFHD17DA,0.0,0.0,0.0,無,
龍崎區,土地,崎頂段4地號,2639.25,,山坡地保育區,農牧用地,1150702,土地1建物0車位0,,,其他,,,,0.0,0,0,0,無,無,900000,341,,0.0,0,親友、員工、共有人或其他特殊關係間之交易；,RPQNMLQKPHLGFID09DA,0.0,0.0,0.0,無,
仁德區,土地,二行段700地號,83.52,都市：其他:住宅區,,,1150715,土地8建物0車位0,,,其他,,,,0.0,0,0,0,無,無,1320000,15805,,0.0,0,,RPQNMLNLPHLGFID88DA,0.0,0.0,0.0,無,
永康區,房地(土地+建物),臺南市永康區大橋一街２５０巷３之４號,22.62,住,,,1150714,土地1建物1車位0,五層,五層,公寓(5樓含以下無電梯),住家用,鋼筋混凝土造,0701202,82.98,3,2,1,有,無,3900000,46999,,0.0,0,,RPPRMLNLPHLGFKD76DA,60.91,0.0,10.1,無,032
永康區,房地(土地+建物),臺南市永康區新民街４７巷１２號九樓之１,5.22,住,,,1150720,土地1建物1車位0,九層,九層,華廈(10層含以下有電梯),住家用,鋼筋混凝土造,0821230,36.78,1,0,1,有,有,1820000,49483,,0.0,0,,RPRNMLRLPHLGFKD96DA,19.5,0.64,3.89,有,
鹽水區,土地,田寮段177-58地號,353.0,,鄉村區,乙種建築用地,1150721,土地1建物0車位0,,,其他,,,,0.0,0,0,0,無,無,2200000,6232,,0.0,0,,RPSNMLTLPHLGFDD66EA,0.0,0.0,0.0,無,
中西區,土地,新美段944地號,17.5,都市：其他:細部計畫道路用地,,,1150722,土地1建物0車位0,,,其他,,,,0.0,0,0,0,無,無,747324,42704,,0.0,0,包含公共設施保留地用地；,RPQNMLMLPHLGFAD97DA,0.0,0.0,0.0,無,
北區,土地,文元段696地號,45.44,都市：其他:細部計畫道路用地,,,1150722,土地1建物0車位0,,,其他,,,,0.0,0,0,0,無,無,1328315,29232,,0.0,0,包含公共設施保留地用地；,RPXNMLRLPHLGFAD56DA,0.0,0.0,0.0,無,
中西區,房地(土地+建物),臺南市中西區民族路二段７６之１０號底１層之４,2.06,商,,,1150720,土地3建物1車位0,地下一層,十五層,住宅大樓(11層含以上有電梯),商業用,鋼筋混凝土造,0820511,30.98,0,0,0,無,有,1050000,33893,,0.0,0,,RPTOMLSLPHLGFAD98DA,19.78,0.0,0.0,有,
安南區,土地,淵中段428地號,180.44,住,,,1150720,土地3建物0車位0,,,其他,,,,0.0,0,0,0,無,無,30800000,170694,,0.0,0,未登記建物；含租約；,RPQNMLNLPHLGFBD18DA,0.0,0.0,0.0,無,
安南區,土地,公學段1051-32地號,1.74,都市：其他:道路用地,,,1150723,土地2建物0車位0,,,其他,,,,0.0,0,0,0,無,無,30000,17241,,0.0,0,包含公共設施保留地用地；,RPPNMLOLPHLGFBD18DA,0.0,0.0,0.0,無,
安南區,土地,國安段791-100地號,507.1,住,,,1150722,土地1建物0車位0,,,其他,,,,0.0,0,0,0,無,無,9477777,18690,,0.0,0,包含公共設施保留地用地；,RPWNMLRLPHLGFBD56DA,0.0,0.0,0.0,無,
安南區,土地,溪東段89-5地號,11.92,都市：其他:細部計畫道路用地,,,1150722,土地1建物0車位0,,,其他,,,,0.0,0,0,0,無,無,338225,28375,,0.0,0,包含公共設施保留地用地；,SPWNMLRLPHLGFBD66DA,0.0,0.0,0.0,無,
安南區,土地,溪東段89-5地號,131.11,都市：其他:細部計畫道路用地,,,1150722,土地1建物0車位0,,,其他,,,,0.0,0,0,0,無,無,3720480,28377,,0.0,0,包含公共設施保留地用地；,TPWNMLRLPHLGFBD76DA,0.0,0.0,0.0,無,
安南區,土地,學南段709地號,44.19,都市：其他:細部計畫道路用地,,,1150722,土地1建物0車位0,,,其他,,,,0.0,0,0,0,無,無,235064,5319,,0.0,0,包含公共設施保留地用地；,UPWNMLRLPHLGFBD86DA,0.0,0.0,0.0,無,
東區,土地,富強段547地號,10.26,都市：其他:主要計畫道路用地,,,1150722,土地1建物0車位0,,,其他,,,,0.0,0,0,0,無,無,807052,78660,,0.0,0,包含公共設施保留地用地；,RPRNMLMLPHLGFCD28DA,0.0,0.0,0.0,無,
新營區,房地(土地+建物),臺南市新營區民有街１２號,135.65,商,,,1150703,土地1建物1車位0,全,四層,透天厝,住家用,鋼筋混凝土造,1120320,297.2,5,2,5,有,無,26280000,88425,,0.0,0,親友、員工、共有人或其他特殊關係間之交易；,RPSNMLSLPHLGFDD09DA,271.87,0.0,25.33,無,
柳營區,土地,綠隧段488-3地號,28.43,,鄉村區,乙種建築用地,1150721,土地1建物0車位0,,,其他,,,,0.0,0,0,0,無,無,602000,21175,,0.0,0,土地增值稅、代書勞務費、規費、印花稅等費用由買方繳納。,RPVNMLSLPHLGFDD76DA,0.0,0.0,0.0,無,
佳里區,房地(土地+建物)+車位,臺南市佳里區佳里興２５５之８號三樓之１,38.19,,鄉村區,乙種建築用地,1150703,土地3建物1車位1,三層,五層,華廈(10層含以下有電梯),住家用,鋼筋混凝土造,1130912,124.96,2,2,2,有,有,7550000,58750,一樓平面,13.47,1000000,,RPUNMLTLPHLGFGD07DA,74.55,0.0,7.75,有,
仁德區,房地(土地+建物)+車位,臺南市仁德區崇聖路一段１２號九樓之２,15.39,住,,,1150706,土地1建物1車位1,九層,十四層,住宅大樓(11層含以上有電梯),住家用,鋼筋混凝土造,1131015,114.63,2,2,1,有,有,9450000,97354,坡道平面,31.12,1320000,,RPPNMLKKPHLGFID38DA,54.51,0.0,3.19,有,
龍崎區,土地,崎頂段1383-5地號,67.0,,鄉村區,乙種建築用地,1150717,土地1建物0車位0,,,其他,,,,0.0,0,0,0,無,無,1000000,14925,,0.0,0,未登記建物；,RPXOMLKMPHLGFID86DA,0.0,0.0,0.0,無,
永康區,房地(土地+建物)+車位,臺南市永康區復華里復華八街５１巷３９號六樓之５,12.26,住,,,1150704,土地1建物1車位1,六層,十層,華廈(10層含以下有電梯),住家用,鋼筋混凝土造,0850426,93.12,3,2,2,有,有,4380000,47036,坡道機械,0.0,0,,RPSOMLSJPHLGFKD07DA,53.96,2.61,5.75,有,
永康區,房地(土地+建物),臺南市永康區龍埔街４９５巷１３號,82.7,住,,,1150705,土地4建物1車位0,全,四層,透天厝,住家用,鋼筋混凝土造,1130222,211.77,4,2,4,有,無,20350000,96095,,0.0,0,,RPRNMLPKPHLGFKD66DA,211.77,0.0,0.0,無,
永康區,土地,龍王段1918-3地號,81.42,都市：其他:道路用地,,,1150717,土地9建物0車位0,,,其他,,,,0.0,0,0,0,無,無,3701732,45465,,0.0,0,包含公共設施保留地用地；,RPVNMLRKPHLGFKD27DA,0.0,0.0,0.0,無,
東區,房地(土地+建物),臺南市東區崇善十四街６８號,85.0,住,,,1150707,土地2建物1車位0,全,二層,透天厝,住商用,加強磚造,0700727,118.02,4,2,2,有,無,8000000,67785,,0.0,0,頂樓加蓋；其他增建；,RPPNMLSLPHLGFCD78EA,110.28,0.0,7.74,無,
安平區,房地(土地+建物),臺南市安平區安北路９８之２號,54.28,住,,,1150629,土地1建物1車位0,一層，二層,七層,華廈(10層含以下有電梯),住商用,鋼筋混凝土構造,1060420,170.83,2,1,3,有,無,16680000,97641,,0.0,0,,RPSRMLKMOHLGFAD38DA,116.81,0.0,5.48,有,033
北區,土地,大港段17地號,266.61,都市：其他:道路用地,,,1150610,土地1建物0車位0,,,其他,,,,0.0,0,0,0,無,無,8700000,32632,,0.0,0,包含公共設施保留地用地；,RPUPMLNKPHLGFAD58DA,0.0,0.0,0.0,無,034
北區,房地(土地+建物),臺南市北區開元路５０１號六樓之７,6.2,商,,,1150621,土地3建物1車位0,六層,二十四層,住宅大樓(11層含以上有電梯),住家用,鋼筋混凝土構造,1041105,83.17,2,2,1,有,有,7800000,93784,,0.0,0,,RPXNMLPKPHLGFAD88DA,48.17,0.52,9.76,有,035
安南區,房地(土地+建物),臺南市安南區怡安路二段５４５巷６弄１５號四樓,8.92,住,,,1150624,土地1建物1車位0,四層,十七層,住宅大樓(11層含以上有電梯),住家用,鋼筋混凝土造,0850816,93.53,3,2,2,有,有,6000000,64151,,0.0,0,其他增建；,RPSNMLOLOHLGFBD38DA,60.86,0.0,10.44,有,
安南區,房地(土地+建物),臺南市安南區環館北路８４９巷５弄２３號,117.96,住,,,1150614,土地6建物1車位0,全,四層,透天厝,住家用,鋼筋混凝土造,1000613,239.13000000000002,4,2,4,有,有,19500000,81542,,0.0,0,,RPPNMLMJPHLGFBD77DA,224.11,0.0,11.44,無,
安南區,房地(土地+建物),臺南市安南區海佃路一段１５８巷７７號,89.19,住,,,1150614,土地2建物1車位0,全,二層,透天厝,住商用,加強磚造,0701204,107.97,3,2,2,有,無,9200000,85209,,0.0,0,頂樓加蓋；其他增建；,RPWNMLKKPHLGFBD38DA,100.83,0.0,7.14,無,
安南區,房地(土地+建物),臺南市安南區安中路四段１６４巷９弄６號,110.48,住,,,1150608,土地1建物1車位0,全,四層,透天厝,住家用,鋼筋混凝土造,1040723,209.2,4,2,5,有,無,13800000,65966,,0.0,0,其他增建；,RPTOMLPKPHLGFBD68DA,194.77,0.0,14.43,無,
安南區,房地(土地+建物)+車位,臺南市安南區永續三街９０號九樓之１,24.51,住,,,1150630,土地1建物1車位1,九層,十四層,住宅大樓(11層含以上有電梯),住家用,鋼筋混凝土造,1111201,170.63,3,2,2,有,有,13990000,81990,坡道平面,29.79,0,,RPPNMLQKPHLGFBD28DA,85.05,0.0,7.77,有,036
東區,房地(土地+建物),臺南市東區裕信路２２２之１３號,87.76,住,,,1150615,土地2建物1車位0,一層，二層，三層，四層，屋頂突出物，騎樓,五層,公寓(5樓含以下無電梯),住家用,鋼筋混凝土造,0880907,220.81,5,2,4,有,無,17000000,76989,,0.0,0,親友、員工、共有人或其他特殊關係間之交易；,RPPNMLPKOHLGFCD18DA,196.34,0.0,24.47,無,
東山區,土地,東山段104地號,6183.0,,一般農業區,農牧用地,1150604,土地2建物0車位0,,,其他,,,,0.0,0,0,0,無,無,2400000,388,,0.0,0,,RPSNMLTJPHLGFED09DA,0.0,0.0,0.0,無,
後壁區,土地,侯伯段1064地號,377.88,住,,,1150628,土地1建物0車位0,,,其他,,,,0.0,0,0,0,無,無,4600000,12173,,0.0,0,未登記建物；,RPRNMLNKPHLGFED48DA,0.0,0.0,0.0,無,037
官田區,土地,渡社崎段305地號,29.22,,一般農業區,農牧用地,1150624,土地3建物0車位0,,,其他,,,,0.0,0,0,0,無,無,84739,2900,,0.0,0,協議價購；,RPQNMLRLOHLGFFD88DA,0.0,0.0,0.0,無,
官田區,土地,渡社崎段317-1地號,361.12,,一般農業區,農牧用地,1150624,土地2建物0車位0,,,其他,,,,0.0,0,0,0,無,無,1047248,2900,,0.0,0,協議價購；,RPRNMLRLOHLGFFD98DA,0.0,0.0,0.0,無,
官田區,土地,官中段571地號,37.0,,一般農業區,農牧用地,1150624,土地1建物0車位0,,,其他,,,,0.0,0,0,0,無,無,107300,2900,,0.0,0,協議價購；,RPSNMLRLOHLGFFD09DA,0.0,0.0,0.0,無,
下營區,房地(土地+建物),臺南市下營區開化里中營９８之１１號,97.7,,鄉村區,乙種建築用地,1150614,土地4建物1車位0,全,三層,透天厝,住家用,鋼筋混凝土造,1140912,147.98,3,2,3,有,無,9980000,67442,,0.0,0,,RPTNMLRLOHLGFFD56DA,132.53,0.0,15.45,無,
麻豆區,土地,清水段1206地號,1339.31,,特定農業區,農牧用地,1150604,土地1建物0車位0,,,其他,,,,0.0,0,0,0,無,無,2859001,2135,,0.0,0,親友、員工、共有人或其他特殊關係間之交易；未登記建物；農作物；,RPSNMLNKPHLGFFD68DA,0.0,0.0,0.0,無,
麻豆區,土地,莊禮段767地號,15.5,,特定農業區,交通用地,1150604,土地2建物0車位0,,,其他,,,,0.0,0,0,0,無,無,43400,2800,,0.0,0,親友、員工、共有人或其他特殊關係間之交易；,RPTNMLNKPHLGFFD78DA,0.0,0.0,0.0,無,
麻豆區,土地,莊禮段734地號,381.33,,特定農業區,農牧用地,1150604,土地1建物0車位0,,,其他,,,,0.0,0,0,0,無,無,766098,2009,,0.0,0,親友、員工、共有人或其他特殊關係間之交易；,RPUNMLNKPHLGFFD88DA,0.0,0.0,0.0,無,038
佳里區,土地,佳里段2470-62地號,61.0,住,,,1150610,土地1建物0車位0,,,其他,,,,0.0,0,0,0,無,無,4749460,77860,,0.0,0,政府機關標讓售；,RPQNMLPLOHLGFGD78DA,0.0,0.0,0.0,無,
學甲區,土地,東興段998地號,184.18,住,,,1150610,土地1建物0車位0,,,其他,,,,0.0,0,0,0,無,無,4060000,22044,,0.0,0,,RPQNMLNJPHLGFGD48DA,0.0,0.0,0.0,無,
將軍區,房地(土地+建物),臺南市將軍區昌平４１之２１號,93.03,住,,,1150620,土地2建物1車位0,全,三層,透天厝,住家用,鋼筋混凝土造,1120501,143.12,4,2,3,有,無,9200000,64282,,0.0,0,其他增建；,RPTNMLKKPHLGFGD58DA,128.09,0.0,15.03,無,039
將軍區,土地,西和段109地號,122.2,都市：其他:道路用地,,,1150606,土地2建物0車位0,,,其他,,,,0.0,0,0,0,無,無,1283500,10503,,0.0,0,親友、員工、共有人或其他特殊關係間之交易；,RPPNMLPKPHLGFGD68DA,0.0,0.0,0.0,無,040
佳里區,房地(土地+建物)+車位,臺南市佳里區南勢街２０６巷３５號三樓之１,31.42,住,,,1150613,土地1建物1車位1,三層,五層,華廈(10層含以下有電梯),住家用,鋼筋混凝土造,1131231,98.67,2,2,2,有,有,7000000,70944,一樓平面,14.99,0,,RPQNMLQKPHLGFGD88DA,53.83,0.0,5.57,有,041
將軍區,房地(土地+建物),臺南市將軍區仁和里１１鄰仁巷１０６號,536.0,,鄉村區,乙種建築用地,1150605,土地1建物1車位0,全,一層,透天厝,住家用,磚造,0100205,56.2,1,1,1,有,無,6485600,115402,,0.0,0,親友、員工、共有人或其他特殊關係間之交易；,RPRNMLRKPHLGFGD09DA,56.2,0.0,0.0,無,
仁德區,房地(土地+建物),臺南市仁德區中洲七街８８號,164.79,,鄉村區,乙種建築用地,1150629,土地1建物1車位0,全,二層,透天厝,住家用,加強磚造,0740129,154.93,4,2,2,有,無,6000000,38727,,0.0,0,親友、員工、共有人或其他特殊關係間之交易；其他增建；,RPTNMLTJPHLGFID96DA,139.9,6.9,8.13,無,
歸仁區,房地(土地+建物),臺南市歸仁區中山路一段３７１巷３號,85.0,住,,,1150613,土地1建物1車位0,全,二層,透天厝,住家用,加強磚造,0670324,86.24,5,2,2,有,無,4800000,55659,,0.0,0,陽台外推；頂樓加蓋；其他增建；,RPQNMLNKPHLGFID78DA,86.24,0.0,0.0,無,
仁德區,土地,中清段372地號,311.17,農,,,1150612,土地2建物0車位0,,,其他,,,,0.0,0,0,0,無,無,5365410,17243,,0.0,0,,RPPNMLSKPHLGFID56DA,0.0,0.0,0.0,無,
永康區,房地(土地+建物),臺南市永康區鹽行里新行街１３３號十樓之４,2.43,住,,,1150623,土地1建物1車位0,十層,十五層,住宅大樓(11層含以上有電梯),住家用,鋼筋混凝土造,0820827,31.79,1,0,1,有,有,1720000,54105,,0.0,0,,RPQNMLRJPHLGFKD66DA,20.07,0.0,3.39,有,042
永康區,房地(土地+建物),臺南市永康區建國里復興路３３巷５６號,28.42,住,,,1150624,土地1建物1車位0,全,四層,透天厝,住家用,鋼筋混凝土造,0930727,68.72,7,2,4,有,無,5600000,81490,,0.0,0,父子關係親友、員工、共有人或其他特殊關係間之交易；,RPOQMLSKPHLGFKD96DA,56.14,1.84,10.74,無,
柳營區,土地,柳營段溫厝小段1105地號,2686.0,,特定農業區,農牧用地,1150627,土地1建物0車位0,,,其他,,,,0.0,0,0,0,無,無,4500000,1675,,0.0,0,,RPPNMLKLPHLGFDD08EA,0.0,0.0,0.0,無,
鹽水區,房地(土地+建物),臺南市鹽水區橋南里忠孝路７鄰４３巷３２號,92.08,住,,,1150621,土地1建物1車位0,全,二層,透天厝,住家用,加強磚造,0691016,115.2,3,2,2,有,無,4300000,37326,,0.0,0,,RPRNMLLLPHLGFDD38EA,115.2,0.0,0.0,無,
西港區,土地,州海段1479-4地號,36.12,農,,,1150608,土地1建物0車位0,,,其他,,,,0.0,0,0,0,無,無,181000,5011,,0.0,0,水利地承購；,RPPNMLQKPHLGFGD88EA,0.0,0.0,0.0,無,
中西區,房地(土地+建物),臺南市中西區頂美二街７６巷３０號,83.35,住,,,1150616,土地2建物1車位0,全,四層,透天厝,住家用,ＲＣ造,0940120,217.67,4,2,3,有,有,18350000,84302,,0.0,0,陽台外推；其他增建；,RPWNMLPLOHLGFAD78DA,189.14,0.0,28.53,無,
北區,房地(土地+建物)+車位,臺南市北區大興街４７９號五樓之２,63.11,住,,,1150627,土地1建物1車位1,五層,五層,華廈(10層含以下有電梯),住家用,鋼筋混凝土構造,1120116,180.81,4,2,3,有,有,18600000,107313,一樓平面,23.14,1680000,,RPRNMLSLOHLGFAD58DA,110.7,0.0,11.71,有,
北區,建物,臺南市北區大武街４７６巷３號,0.0,,,,1150623,土地0建物1車位0,全,二層,透天厝,住家用,加強磚造,0690710,84.0,5,1,3,有,無,3800000,45238,,0.0,0,土地為仁愛之家所有；建物坐落地號：康祥段319地號；,RPUNMLKKPHLGFAD08DA,84.0,0.0,0.0,無,
安平區,房地(土地+建物)+車位,臺南市安平區國平北路１３７號十一樓之１３,7.27,商,,,1150613,土地1建物1車位1,十一層,三十四層,住宅大樓(11層含以上有電梯),住家用,鋼骨鋼筋混凝土造、鋼筋混凝土造,1140415,106.49000000000001,2,2,1,有,有,7900000,74185,坡道平面,27.91,0,,RPQOMLOKPHLGFAD18DA,47.42,0.0,3.65,有,043
安南區,房地(土地+建物)+車位,臺南市安南區淵西路１６５號四樓之６,42.98,住,,,1150611,土地1建物1車位1,四層,五層,華廈(10層含以下有電梯),住家用,鋼筋混凝土造,1150127,129.89,3,2,2,有,有,11560000,89217,一樓平面,14.89,1300000,,RPQNMLKLPHLGFBD87DA,76.81,0.0,5.44,有,
東區,房地(土地+建物)+車位,臺南市東區崇明十街７２號三樓之４,21.18,住,,,1150616,土地1建物1車位1,三層,六層,華廈(10層含以下有電梯),住家用,鋼筋混凝土造,0800827,136.85000000000002,3,2,2,有,有,6300000,46036,升降平面,0.0,0,,RPWNMLQKPHLGFCD09DA,77.89,1.6,9.19,有,
南區,房地(土地+建物)+車位,臺南市南區金華路二段１００巷３５號六樓之３,16.0,住,,,1150626,土地1建物1車位1,六層,七層,華廈(10層含以下有電梯),住家用,鋼筋混凝土造,0800815,77.91,2,1,2,有,有,4030000,51726,坡道機械,0.0,0,陽台外推；,RPTNMLRKPHLGFCD88DA,48.73,1.65,6.13,有,044
東區,房地(土地+建物)+車位,臺南市東區仁東街６３號八樓之９,27.95,住,,,1150614,土地1建物1車位1,八層,十二層,住宅大樓(11層含以上有電梯),住家用,鋼筋混凝土造,0870919,158.31,4,2,2,有,有,10700000,67589,坡道平面,19.86,0,,RPWNMLKLPHLGFCD58DA,97.5,0.0,13.08,有,
白河區,房地(土地+建物),臺南市白河區開明街２１０號,120.44,住,,,1150609,土地3建物1車位0,全,四層,透天厝,住商用,鋼筋混凝土造,0720209,207.07,6,3,3,有,無,5000000,24146,,0.0,0,其他增建；,RPQNMLRKPHLGFED78DA,195.69,0.0,11.38,無,
官田區,房地(土地+建物),臺南市官田區官田里官田２７號,103.14,住,,,1150624,土地1建物1車位0,全,二層,透天厝,住家用,加強磚造,0750104,99.41,3,2,2,有,無,1000000,10059,,0.0,0,親友、員工、共有人或其他特殊關係間之交易；,RPUNMLQKPHLGFFD56DA,95.02,0.0,4.38,無,
將軍區,房地(土地+建物),臺南市將軍區平沙４１之２號,125.59,,鄉村區,乙種建築用地,1150629,土地1建物1車位0,全,一層,透天厝,住家用,木石磚造（磚石造）,0630101,18.24,2,2,1,有,無,2400000,131579,,0.0,0,其他增建；,RPUNMLQKPHLGFGD66DA,18.24,0.0,0.0,無,
學甲區,房地(土地+建物),臺南市學甲區麻學路三段１２１巷１５號,78.16,,鄉村區,乙種建築用地,1150624,土地4建物1車位0,全,四層,透天厝,住家用,鋼筋混凝土造,1150303,170.49,4,2,4,有,無,8560000,50208,,0.0,0,,RPQNMLRKPHLGFGD98DA,154.7,0.0,15.79,無,
學甲區,房地(土地+建物),臺南市學甲區仁得里自立街６９號二樓之五,8.33,住,,,1150618,土地1建物1車位0,二層,六層,華廈(10層含以下有電梯),住家用,鋼筋混凝土造,0830813,33.96,1,1,1,有,無,1500000,44170,,0.0,0,停車位為使用權，編號9號陽台外推；,RPUNMLLLPHLGFGD88DA,21.54,0.0,4.61,有,
善化區,土地,善西段473地號,180.91,住,,,1150615,土地3建物0車位0,,,其他,,,,0.0,0,0,0,無,無,12038400,66544,,0.0,0,,RPVNMLQKPHLGFHD86DA,0.0,0.0,0.0,無,045
善化區,房地(土地+建物)+車位,臺南市善化區蓮潭路３號六樓之１,38.96,住,,,1150614,土地2建物1車位1,六層,十三層,住宅大樓(11層含以上有電梯),住家用,鋼筋混凝土造,1071122,161.2,3,2,2,有,有,14500000,89950,坡道平面,28.93,0,陽台外推；其他增建；,RPQOMLQKPHLGFHD09DA,81.55,0.0,4.44,有,046
安定區,土地,蘇林段149-1地號,94.19,,鄉村區,乙種建築用地,1150618,土地1建物0車位0,,,其他,,,,0.0,0,0,0,無,無,2552603,27101,,0.0,0,親友、員工、共有人或其他特殊關係間之交易；,RPPNMLKLPHLGFHD38DA,0.0,0.0,0.0,無,047
安定區,土地,蘇林段149-1地號,94.19,,鄉村區,乙種建築用地,1150618,土地1建物0車位0,,,其他,,,,0.0,0,0,0,無,無,2552603,27101,,0.0,0,親友、員工、共有人或其他特殊關係間之交易；,RPQNMLKLPHLGFHD48DA,0.0,0.0,0.0,無,047
仁德區,房地(土地+建物),臺南市仁德區成功里保生路６５巷１１號,102.04,住,,,1150604,土地1建物1車位0,全,一層,透天厝,住家用,加強磚造,0650924,42.88,2,1,1,有,無,4500000,104944,,0.0,0,1、土地售價：4455000元       建物售價：45000元,RPROMLQKPHLGFID66DA,42.88,0.0,0.0,無,
歸仁區,土地,沙崙段1050-3地號,117.5,,一般農業區,甲種建築用地,1150617,土地1建物0車位0,,,其他,,,,0.0,0,0,0,無,無,3500000,29787,,0.0,0,含土地增值稅或其他稅費；含地政士服務費；,RPSOMLQKPHLGFID76DA,0.0,0.0,0.0,無,049
歸仁區,房地(土地+建物)+車位,臺南市歸仁區智發街１３號十四樓之７,22.64,住,,,1150624,土地1建物1車位2,十四層,十四層,住宅大樓(11層含以上有電梯),住家用,鋼筋混凝土造,1140124,144.4,2,2,2,有,有,11600000,80332,坡道平面,55.34,0,親友、員工、共有人或其他特殊關係間之交易；,RPRNMLRKPHLGFID66DA,52.75,0.0,5.23,有,050
仁德區,房地(土地+建物)+車位,臺南市仁德區後壁里德崙路２１巷２號八樓之２,13.61,商,,,1150620,土地1建物1車位1,八層,十一層,住宅大樓(11層含以上有電梯),住家用,鋼筋混凝土造,0830608,117.07,3,2,2,有,有,6280000,53643,坡道平面,0.0,0,陽台外推；其他增建；,RPSNMLRKPHLGFID76DA,75.52,0.0,8.19,有,
歸仁區,房地(土地+建物),臺南市歸仁區仁愛六街６７號四樓之３,23.58,都市：其他:住宅區,,,1150608,土地5建物1車位0,四層,六層,華廈(10層含以下有電梯),住家用,鋼筋混凝土構造,1120111,67.95,2,1,1,有,有,5800000,85357,,0.0,0,,RPSOMLRKPHLGFID86DA,44.83,0.0,3.62,有,051
歸仁區,房地(土地+建物),臺南市歸仁區民族北街４７號七樓之３,15.08,住,,,1150613,土地1建物1車位0,七層,七層,華廈(10層含以下有電梯),住家用,鋼筋混凝土造,0811229,84.83,3,2,1,有,有,4260000,50218,,0.0,0,,RPWOMLRKPHLGFID27DA,59.07,0.8,7.12,有,
歸仁區,房地(土地+建物)+車位,臺南市歸仁區歸仁十一路９０號五樓之６,21.22,住,,,1150624,土地1建物1車位1,五層,十四層,住宅大樓(11層含以上有電梯),住家用,鋼筋混凝土造,1130624,104.52000000000001,2,2,1,有,有,9500000,90892,坡道平面,25.02,0,,RPPNMLKLPHLGFID48DA,47.82,0.0,6.02,有,052
永康區,房地(土地+建物)+車位,臺南市永康區永勝街５７號二樓之２,24.46,住,,,1150621,土地1建物1車位1,二層,十四層,住宅大樓(11層含以上有電梯),住家用,鋼筋混凝土造,1141022,161.92000000000002,3,2,2,有,有,14080000,97358,坡道平面,33.22,1550000,,RPUNMLRJPHLGFKD07DA,75.06,0.0,9.86,有,
永康區,房地(土地+建物),臺南市永康區忠義街１０巷７之１１號,75.64,住,,,1150611,土地2建物1車位0,全,四層,透天厝,住家用,鋼筋混凝土造,0780804,166.73,4,2,2,有,有,13820000,82889,,0.0,0,頂樓加蓋；其他增建；,RPUNMLKKPHLGFKD09DA,161.62,0.0,5.11,無,
永康區,房地(土地+建物),臺南市永康區中正路２００號,93.21,住,,,1150627,土地1建物1車位0,全,四層,透天厝,住商用,鋼筋混凝土造,0961217,253.89,6,2,6,有,無,20680000,81453,,0.0,0,本案成交總價新台幣以下同2068萬元整，其中拆分土地價款為1793萬元整，建物價款為275萬元整。陽台外推；頂樓加蓋；其他增建；含租約；,RPXNMLNKPHLGFKD07DA,223.31,0.0,30.58,無,
永康區,房地(土地+建物)+車位,臺南市永康區東橋七路１９５號十四樓之９,23.26,住,,,1150607,土地1建物1車位1,十四層,十六層,住宅大樓(11層含以上有電梯),住家用,鋼筋混凝土構造,1061114,149.64,3,2,2,有,有,13800000,92221,坡道平面,22.39,0,,RPXNMLOKPHLGFKD17DA,75.34,4.61,4.41,有,053
永康區,建物,臺南市永康區南工街２７７號,0.0,,,,1150625,土地0建物1車位0,全,一層,透天厝,住家用,磚造,0631007,62.05,3,1,1,有,無,4500000,72522,,0.0,0,建物坐落地號：仁愛段282地號；,RPRNMLRKPHLGFKD86DA,62.05,0.0,0.0,無,
永康區,房地(土地+建物),臺南市永康區龍安街２５３號二樓之２,16.55,住,,,1150605,土地1建物1車位0,二層,八層,華廈(10層含以下有電梯),住家用,鋼筋混凝土造,0850109,95.58000000000001,3,1,2,有,有,5000000,52312,,0.0,0,其他增建；,RPUNMLRKPHLGFKD17DA,65.68,0.0,10.5,有,
柳營區,土地,人和段269地號,174.47,住,,,1150623,土地1建物0車位0,,,其他,,,,0.0,0,0,0,無,無,3400000,19488,,0.0,0,未登記建物；,RPPNMLMLPHLGFDD28EA,0.0,0.0,0.0,無,
佳里區,土地,子龍段1332地號,3076.0,,特定農業區,農牧用地,1150624,土地1建物0車位0,,,其他,,,,0.0,0,0,0,無,無,8245000,2680,,0.0,0,,RPRNMLKLPHLGFGD58EA,0.0,0.0,0.0,無,
永康區,房地(土地+建物),臺南市永康區中華路７巷６號十五樓之３,6.28,住,,,1150620,土地1建物1車位0,十五層,十九層,住宅大樓(11層含以上有電梯),住家用,鋼筋混凝土構造,1010817,89.9,2,2,1,有,有,9600000,106785,,0.0,0,,RPPNMLKLPHLGFKD78EA,54.97,0.0,4.38,有,
北區,土地,裕民段680-8地號,96.68,住,,,1150626,土地1建物0車位0,,,其他,,,,0.0,0,0,0,無,無,13430000,138912,,0.0,0,,RPRNMLQLOHLGFAD38DA,0.0,0.0,0.0,無,
安平區,房地(土地+建物)+車位,臺南市安平區永華路二段６６３號十四樓之１,8.92,商,,,1150625,土地1建物1車位1,十四層,二十二層,住宅大樓(11層含以上有電梯),住家用,鋼筋混凝土造,1121108,93.83,2,2,2,有,有,8950000,104264,坡道機械,18.54,1100000,含裝潢費；,RPQPMLPKPHLGFAD38DA,42.12,3.57,3.23,有,
安南區,房地(土地+建物),臺南市安南區環館路３５２巷２２號,183.22,住,,,1150608,土地3建物1車位0,全,四層,透天厝,住家用,鋼筋混凝土造,1050531,365.76000000000005,3,3,5,有,有,32500000,88856,,0.0,0,陽台外推；其他增建；,RPQOMLPKPHLGFBD38DA,333.21,0.0,30.64,有,054
安南區,房地(土地+建物),臺南市安南區安興街１８１巷２６弄１９號,93.31,住,,,1150605,土地2建物1車位0,全,三層,透天厝,住家用,鋼筋混凝土造,1130924,164.92,5,2,5,有,無,15600000,94591,,0.0,0,,RPTNMLQKPHLGFBD68DA,150.29,0.0,14.63,無,
南區,房地(土地+建物)+車位,臺南市南區水交社路１號八樓之１０,19.85,住,,,1150604,土地3建物1車位1,八層,十四層,住宅大樓(11層含以上有電梯),住家用,鋼筋混凝土造,1061101,128.93,2,1,1,有,有,9900000,76786,坡道平面,27.64,0,,RPSNMLNJPHLGFCD28DA,58.35,0.0,7.52,有,055
南區,房地(土地+建物),臺南市南區金華路二段１４４巷２號,131.0,住,,,1150608,土地1建物1車位0,全,四層,透天厝,住家用,鋼筋混凝土造,0701001,416.1,5,2,5,有,無,20000000,48065,,0.0,0,親友、員工、共有人或其他特殊關係間之交易；其他增建；,RPQNMLQKPHLGFCD48DA,416.1,0.0,0.0,有,
東區,房地(土地+建物),臺南市東區大同路二段６１巷１６１弄２之４號五樓,26.13,住,,,1150627,土地1建物1車位0,五層,,華廈(10層含以下有電梯),,,,100.46000000000001,2,2,2,有,無,6400000,63707,,0.0,0,陽台外推；,RPVNMLRKPHLGFCD09DA,70.08,0.0,12.98,有,056
南區,房地(土地+建物),臺南市南區中華南路二段２６９號四樓,37.36,住,,,1150607,土地2建物1車位0,四層,五層,公寓(5樓含以下無電梯),住家用,混凝土造,0701126,130.07,3,2,1,有,無,4800000,36903,,0.0,0,,RPTNMLKLPHLGFCD28DA,97.21,22.28,0.03,無,057
鹽水區,房地(土地+建物),臺南市鹽水區後厝５１之４６號,78.82,住,,,1150601,土地2建物1車位0,全,三層,透天厝,住家用,鋼筋混凝土造,0860521,188.82,4,2,3,有,無,5500000,29128,,0.0,0,頂樓加蓋；其他增建；,RPPNMLLLPHLGFDD08DA,164.74,0.0,4.7,無,
白河區,土地,詔安段94-1地號,420.5,,特定農業區,農牧用地,1150612,土地1建物0車位0,,,其他,,,,0.0,0,0,0,無,無,504600,1200,,0.0,0,協議價購；,RPSNMLPKPHLGFED78DA,0.0,0.0,0.0,無,058
白河區,土地,詔安段183-1地號,530.0,,特定農業區,農牧用地,1150612,土地2建物0車位0,,,其他,,,,0.0,0,0,0,無,無,689000,1300,,0.0,0,協議價購；,RPTPMLPKPHLGFED09DA,0.0,0.0,0.0,無,
白河區,土地,詔安段87地號,281.12,,特定農業區,農牧用地,1150612,土地3建物0車位0,,,其他,,,,0.0,0,0,0,無,無,337350,1200,,0.0,0,協議價購；,RPUPMLPKPHLGFED56DA,0.0,0.0,0.0,無,059
白河區,土地,詔安段82地號,228.25,,特定農業區,農牧用地,1150612,土地1建物0車位0,,,其他,,,,0.0,0,0,0,無,無,273900,1200,,0.0,0,協議價購；,RPVPMLPKPHLGFED66DA,0.0,0.0,0.0,無,059
白河區,土地,詔安段87地號,168.67,,特定農業區,農牧用地,1150612,土地3建物0車位0,,,其他,,,,0.0,0,0,0,無,無,202410,1200,,0.0,0,協議價購；,RPWPMLPKPHLGFED76DA,0.0,0.0,0.0,無,059
白河區,土地,詔安段88地號,1319.33,,特定農業區,農牧用地,1150612,土地1建物0車位0,,,其他,,,,0.0,0,0,0,無,無,1583200,1200,,0.0,0,協議價購；,RPTNMLLLPHLGFED58DA,0.0,0.0,0.0,無,
將軍區,土地,將軍段3321-1地號,106.0,,鄉村區,乙種建築用地,1150611,土地1建物0車位0,,,其他,,,,0.0,0,0,0,無,無,1700000,16038,,0.0,0,,RPTNMLNJPHLGFGD78DA,0.0,0.0,0.0,無,
佳里區,車位,臺南市佳里區文化路６６８、６６８之１號３６戶公設,0.0,,,,1150612,土地0建物1車位1,,,其他,,,,13.76,0,0,0,無,有,900000,,一樓平面,0.0,900000,建物坐落地號：佛天段348地號；僅車位交易；,RPUNMLSJPHLGFGD76DA,0.0,0.0,0.0,有,
新市區,房地(土地+建物)+車位,臺南市新市區大社４１１之２號五樓之１,22.49,,鄉村區,乙種建築用地,1150607,土地2建物1車位1,五層,七層,華廈(10層含以下有電梯),住家用,鋼筋混凝土造,1141205,72.94,2,2,2,有,有,6880000,94324,其他,0.0,950000,,RPPNMLQJPHLGFHD78DA,50.1,0.0,4.12,有,
新市區,房地(土地+建物)+車位,臺南市新市區富林路５８９號九樓之３,17.13,住,,,1150610,土地2建物1車位1,九層,十四層,住宅大樓(11層含以上有電梯),住家用,鋼筋混凝土造,1120823,109.16,2,2,2,有,有,9680000,88677,坡道平面,19.66,0,陽台外推；,RPUNMLQKPHLGFHD76DA,52.4,0.0,4.92,有,062
新化區,土地,洋子段938-5地號,1036.0,,特定農業區,農牧用地,1150619,土地1建物0車位0,,,其他,,,,0.0,0,0,0,無,無,10968650,10588,,0.0,0,未登記建物；,RPTNMLLLPHLGFHD88DA,0.0,0.0,0.0,無,
仁德區,房地(土地+建物)+車位,臺南市仁德區賢路一段７巷２１號十二樓之８,23.61,住,,,1150617,土地1建物1車位1,十二層,十三層,住宅大樓(11層含以上有電梯),住家用,鋼筋混凝土造,1141231,146.78,3,2,2,有,有,11980000,81619,坡道平面,33.58,0,,RPRNMLLLPHLGFID78DA,65.97,0.0,8.03,有,063
永康區,房地(土地+建物)+車位,臺南市永康區永華路３７６巷８號二樓之２,36.9,住,,,1150610,土地1建物1車位1,二層,五層,華廈(10層含以下有電梯),住家用,鋼筋混凝土造,1130207,120.4,2,2,2,有,有,13000000,107973,一樓平面,0.0,1600000,,RPWNMLOKPHLGFKD07DA,69.01,0.0,9.4,有,
白河區,土地,中興段1891地號,6001.0,住,,,1150610,土地5建物0車位0,,,其他,,,,0.0,0,0,0,無,無,100000000,16664,,0.0,0,中興段1891地號售價56232330元整-住宅區中興段1891-5地號售價34146200元整-住宅區中興段1891-31891-4地號售價2381940元整-道路用地,RPPNMLLLPHLGFED28EA,0.0,0.0,0.0,無,
中西區,房地(土地+建物),臺南市中西區青年路１４７號九樓之２,13.01,商,,,1150615,土地3建物1車位0,九層,十層,華廈(10層含以下有電梯),住家用,鋼筋混凝土造,0811215,116.1,3,2,2,有,有,4300000,37037,,0.0,0,親友、員工、共有人或其他特殊關係間之交易；,RPSNMLPKOHLGFAD28DA,81.53,0.0,5.79,有,
中西區,房地(土地+建物),臺南市中西區民生路一段１０號二樓之４,10.59,商,,,1150611,土地1建物1車位0,二層,六層,華廈(10層含以下有電梯),住家用,鋼筋混凝土造,0661022,50.32,1,1,1,有,無,3900000,77504,,0.0,0,有電梯但故障無法使用。,RPTOMLQKOHLGFAD58DA,44.72,0.0,0.0,有,064
安平區,土地,海興段1-28地號,915.42,都市：其他:特定住宅專用區,,,1150604,土地6建物0車位0,,,其他,,,,0.0,0,0,0,無,無,80500000,87938,,0.0,0,安平區海興段1-32地號價金為新台幣3528000元整,RPUOMLQKOHLGFAD68DA,0.0,0.0,0.0,無,065
安平區,房地(土地+建物),臺南市安平區建平十七街４３號三樓之３,9.34,商,,,1150620,土地1建物1車位0,三層,十七層,住宅大樓(11層含以上有電梯),住家用,鋼筋混凝土造,0831011,153.45000000000002,4,2,2,有,有,7700000,50179,,0.0,0,其他增建；,RPPOMLOKPHLGFAD08DA,111.22,0.0,5.21,有,066
安平區,房地(土地+建物)+車位,臺南市安平區永華路二段６６３號十四樓之５,8.76,商,,,1150620,土地1建物1車位1,十四層,二十二層,住宅大樓(11層含以上有電梯),住家用,鋼筋混凝土造,1121108,92.69,2,2,2,有,有,8850000,104518,坡道機械,18.54,1100000,含裝潢費；,RPRPMLPKPHLGFAD48DA,42.22,2.63,3.34,有,
安平區,房地(土地+建物),臺南市安平區健康路三段６９６之１號三樓之３,13.22,住,,,1150627,土地1建物1車位0,三層,七層,華廈(10層含以下有電梯),住家用,ＲＣ造,0940917,58.68000000000001,1,1,1,有,有,5350000,91172,,0.0,0,,RPVNMLQKPHLGFAD78DA,38.81,0.0,2.39,有,067
安平區,房地(土地+建物)+車位,臺南市安平區健康三街１５８號七樓之２,14.51,住,,,1150608,土地1建物1車位1,七層,十四層,住宅大樓(11層含以上有電梯),住家用,ＲＣ造,0950822,141.18,3,2,2,有,有,11380000,80606,坡道平面,0.0,0,,RPQNMLLLPHLGFAD87DA,71.79,0.0,8.33,有,068
安南區,房地(土地+建物),臺南市安南區安中路一段７００巷９６之３號,65.32,住,,,1150610,土地14建物1車位0,四層,四層,公寓(5樓含以下無電梯),住家用,鋼筋混凝土造,0700907,100.92,3,2,2,有,無,4700000,46572,,0.0,0,,RPOOMLLLPHLGFBD87DA,79.94,0.01,9.81,無,069
東區,房地(土地+建物)+車位,臺南市東區崇賢三路８號七樓之１,47.86,住,,,1150616,土地1建物1車位2,七層,十五層,住宅大樓(11層含以上有電梯),住家用,鋼筋混凝土構造,1071205,273.45,4,2,2,有,有,34000000,140012,坡道平面,52.04,3000000,,RPWNMLQKOHLGFCD98DA,135.34,0.0,16.42,有,070
東區,房地(土地+建物)+車位,臺南市東區裕農路５８號,0.39,都市：其他:住宅區,,,1150616,土地3建物1車位1,一層,七層,華廈(10層含以下有電梯),住家用,鋼筋混凝土造,0870413,135.38,4,2,2,有,無,8000000,59093,坡道平面,21.92,0,陽台外推；其他增建；包含公共設施保留地用地；,RPTNMLPKPHLGFCD68DA,91.13,0.0,0.0,有,
南區,房地(土地+建物),臺南市南區永興三街４３號,106.0,住,,,1150608,土地1建物1車位0,全,二層,透天厝,住家用,鋼筋混凝土造,0770718,150.2,5,2,4,有,無,10300000,68575,,0.0,0,頂樓加蓋；,RPWNMLLLPHLGFCD68DA,143.36,0.0,6.84,無,
白河區,土地,蓮潭段一小段1272-1地號,77.0,,特定農業區,農牧用地,1150612,土地1建物0車位0,,,其他,,,,0.0,0,0,0,無,無,100100,1300,,0.0,0,協議價購；,RPSNMLOKPHLGFED68DA,0.0,0.0,0.0,無,
白河區,土地,蓮潭段一小段258地號,35.5,,一般農業區,農牧用地,1150612,土地1建物0車位0,,,其他,,,,0.0,0,0,0,無,無,42600,1200,,0.0,0,協議價購；,RPTNMLOKPHLGFED78DA,0.0,0.0,0.0,無,071
白河區,土地,蓮潭段一小段266-1地號,4299.0,,一般農業區,農牧用地,1150612,土地3建物0車位0,,,其他,,,,0.0,0,0,0,無,無,5158800,1200,,0.0,0,協議價購；,RPUNMLOKPHLGFED88DA,0.0,0.0,0.0,無,
白河區,土地,蓮潭段一小段267-1地號,42.0,,一般農業區,農牧用地,1150612,土地1建物0車位0,,,其他,,,,0.0,0,0,0,無,無,50400,1200,,0.0,0,協議價購；,RPVNMLOKPHLGFED98DA,0.0,0.0,0.0,無,
白河區,土地,蓮潭段一小段1268-1地號,291.0,,特定農業區,農牧用地,1150612,土地3建物0車位0,,,其他,,,,0.0,0,0,0,無,無,407400,1400,,0.0,0,協議價購；,RPWNMLOKPHLGFED09DA,0.0,0.0,0.0,無,
白河區,土地,蓮潭段一小段264地號,177.25,,一般農業區,農牧用地,1150612,土地1建物0車位0,,,其他,,,,0.0,0,0,0,無,無,212700,1200,,0.0,0,協議價購；,RPXNMLOKPHLGFED56DA,0.0,0.0,0.0,無,072
白河區,土地,蓮潭段一小段259地號,2268.0,,一般農業區,農牧用地,1150612,土地4建物0車位0,,,其他,,,,0.0,0,0,0,無,無,2721600,1200,,0.0,0,協議價購；,RPOOMLOKPHLGFED38DA,0.0,0.0,0.0,無,073
白河區,土地,蓮潭段一小段264地號,177.25,,一般農業區,農牧用地,1150612,土地1建物0車位0,,,其他,,,,0.0,0,0,0,無,無,212700,1200,,0.0,0,協議價購；,RPPOMLOKPHLGFED48DA,0.0,0.0,0.0,無,072
白河區,土地,蓮潭段一小段255地號,1383.0,,一般農業區,農牧用地,1150612,土地1建物0車位0,,,其他,,,,0.0,0,0,0,無,無,1659600,1200,,0.0,0,協議價購；,RPQOMLOKPHLGFED58DA,0.0,0.0,0.0,無,075
白河區,土地,詔安段94-1地號,420.5,,特定農業區,農牧用地,1150612,土地1建物0車位0,,,其他,,,,0.0,0,0,0,無,無,504600,1200,,0.0,0,協議價購；,RPTNMLPKPHLGFED88DA,0.0,0.0,0.0,無,058
白河區,土地,詔安段95-1地號,16.5,,特定農業區,農牧用地,1150612,土地1建物0車位0,,,其他,,,,0.0,0,0,0,無,無,19800,1200,,0.0,0,協議價購；,RPUNMLPKPHLGFED98DA,0.0,0.0,0.0,無,
白河區,土地,詔安段67-1地號,292.25,,特定農業區,農牧用地,1150612,土地1建物0車位0,,,其他,,,,0.0,0,0,0,無,無,350700,1200,,0.0,0,協議價購；,RPVNMLPKPHLGFED09DA,0.0,0.0,0.0,無,077
白河區,土地,詔安段89地號,1394.0,,特定農業區,農牧用地,1150612,土地1建物0車位0,,,其他,,,,0.0,0,0,0,無,無,1672800,1200,,0.0,0,協議價購；,RPXNMLPKPHLGFED66DA,0.0,0.0,0.0,無,
白河區,土地,詔安段206地號,24.61,,特定農業區,農牧用地,1150612,土地2建物0車位0,,,其他,,,,0.0,0,0,0,無,無,29535,1200,,0.0,0,協議價購；,RPOOMLPKPHLGFED48DA,0.0,0.0,0.0,無,078
白河區,土地,詔安段206地號,24.61,,特定農業區,農牧用地,1150612,土地2建物0車位0,,,其他,,,,0.0,0,0,0,無,無,29535,1200,,0.0,0,協議價購；,RPPOMLPKPHLGFED58DA,0.0,0.0,0.0,無,078
白河區,土地,詔安段206地號,24.61,,特定農業區,農牧用地,1150612,土地2建物0車位0,,,其他,,,,0.0,0,0,0,無,無,29535,1200,,0.0,0,協議價購；,RPQOMLPKPHLGFED68DA,0.0,0.0,0.0,無,078
白河區,土地,詔安段78地號,5050.0,,特定農業區,農牧用地,1150612,土地7建物0車位0,,,其他,,,,0.0,0,0,0,無,無,6060000,1200,,0.0,0,協議價購；,RPROMLPKPHLGFED78DA,0.0,0.0,0.0,無,081
白河區,土地,詔安段78地號,2525.0,,特定農業區,農牧用地,1150612,土地7建物0車位0,,,其他,,,,0.0,0,0,0,無,無,3030000,1200,,0.0,0,協議價購；,RPSOMLPKPHLGFED88DA,0.0,0.0,0.0,無,081
白河區,土地,詔安段78地號,10100.0,,特定農業區,農牧用地,1150612,土地7建物0車位0,,,其他,,,,0.0,0,0,0,無,無,12120000,1200,,0.0,0,協議價購；,RPTOMLPKPHLGFED98DA,0.0,0.0,0.0,無,081
白河區,土地,詔安段78地號,7575.0,,特定農業區,農牧用地,1150612,土地7建物0車位0,,,其他,,,,0.0,0,0,0,無,無,9090000,1200,,0.0,0,協議價購；,RPUOMLPKPHLGFED09DA,0.0,0.0,0.0,無,081
白河區,土地,詔安段186-1地號,206.0,,特定農業區,農牧用地,1150612,土地1建物0車位0,,,其他,,,,0.0,0,0,0,無,無,267800,1300,,0.0,0,協議價購；,RPVOMLPKPHLGFED56DA,0.0,0.0,0.0,無,
白河區,土地,詔安段90-1地號,2145.0,,特定農業區,農牧用地,1150612,土地1建物0車位0,,,其他,,,,0.0,0,0,0,無,無,2574000,1200,,0.0,0,協議價購；,SPVOMLPKPHLGFED66DA,0.0,0.0,0.0,無,
白河區,土地,詔安段91-1地號,870.0,,特定農業區,農牧用地,1150612,土地1建物0車位0,,,其他,,,,0.0,0,0,0,無,無,1044000,1200,,0.0,0,協議價購；,RPWOMLPKPHLGFED66DA,0.0,0.0,0.0,無,085
白河區,土地,詔安段86地號,563.5,,特定農業區,農牧用地,1150612,土地1建物0車位0,,,其他,,,,0.0,0,0,0,無,無,676200,1200,,0.0,0,協議價購；,RPXOMLPKPHLGFED76DA,0.0,0.0,0.0,無,086
白河區,土地,詔安段86地號,563.5,,特定農業區,農牧用地,1150612,土地1建物0車位0,,,其他,,,,0.0,0,0,0,無,無,676200,1200,,0.0,0,協議價購；,RPOPMLPKPHLGFED58DA,0.0,0.0,0.0,無,086
白河區,土地,詔安段86地號,1690.5,,特定農業區,農牧用地,1150612,土地1建物0車位0,,,其他,,,,0.0,0,0,0,無,無,2028600,1200,,0.0,0,協議價購；,RPPPMLPKPHLGFED68DA,0.0,0.0,0.0,無,086
白河區,土地,詔安段87地號,281.12,,特定農業區,農牧用地,1150612,土地3建物0車位0,,,其他,,,,0.0,0,0,0,無,無,337350,1200,,0.0,0,協議價購；,RPXPMLPKPHLGFED86DA,0.0,0.0,0.0,無,059
白河區,土地,詔安段87地號,168.67,,特定農業區,農牧用地,1150612,土地3建物0車位0,,,其他,,,,0.0,0,0,0,無,無,202410,1200,,0.0,0,協議價購；,RPOQMLPKPHLGFED68DA,0.0,0.0,0.0,無,059
白河區,土地,詔安段87地號,281.12,,特定農業區,農牧用地,1150612,土地3建物0車位0,,,其他,,,,0.0,0,0,0,無,無,337350,1200,,0.0,0,協議價購；,RPPQMLPKPHLGFED78DA,0.0,0.0,0.0,無,059
白河區,土地,詔安段87地號,168.67,,特定農業區,農牧用地,1150612,土地3建物0車位0,,,其他,,,,0.0,0,0,0,無,無,202410,1200,,0.0,0,協議價購；,RPQQMLPKPHLGFED88DA,0.0,0.0,0.0,無,059
白河區,土地,蓮潭段一小段239地號,1369.0,,一般農業區,農牧用地,1150629,土地1建物0車位0,,,其他,,,,0.0,0,0,0,無,無,1000000,730,,0.0,0,,RPPNMLMLPHLGFED28DA,0.0,0.0,0.0,無,
官田區,土地,福安段1185地號,62.53,工,,,1150616,土地1建物0車位0,,,其他,,,,0.0,0,0,0,無,無,2126536,34008,,0.0,0,,RPUNMLLJPHLGFFD58DA,0.0,0.0,0.0,無,093
官田區,土地,福安段1187-7地號,232.83,農,,,1150616,土地5建物0車位0,,,其他,,,,0.0,0,0,0,無,無,493010,2117,,0.0,0,,SPUNMLLJPHLGFFD68DA,0.0,0.0,0.0,無,094
官田區,房地(土地+建物),臺南市官田區工社西街７巷１４９號,100.0,住,,,1150628,土地1建物1車位0,全,三層,透天厝,住家用,鋼筋混凝土造,1131226,196.45,4,2,3,有,無,14500000,73810,,0.0,0,,RPUNMLOKPHLGFFD98DA,183.61,0.0,12.84,無,
將軍區,土地,保源段2806地號,747.0,,特定農業區,農牧用地,1150616,土地1建物0車位0,,,其他,,,,0.0,0,0,0,無,無,2000000,2677,,0.0,0,,RPTNMLMLPHLGFGD88DA,0.0,0.0,0.0,無,
安定區,房地(土地+建物)+車位,臺南市安定區管寮５之５號七樓之２,30.91,,鄉村區,乙種建築用地,1150619,土地1建物1車位1,七層,八層,華廈(10層含以下有電梯),住家用,鋼筋混凝土造,1140409,145.59,3,2,2,有,有,10400000,77473,坡道平面,29.42,1400000,,RPTNMLOKPHLGFHD09DA,71.23,0.0,8.46,有,
善化區,土地,善西段470地號,43.93,住,,,1150615,土地3建物0車位0,,,其他,,,,0.0,0,0,0,無,無,2923800,66556,,0.0,0,,RPWNMLQKPHLGFHD96DA,0.0,0.0,0.0,無,045
善化區,土地,善西段470地號,43.93,住,,,1150615,土地3建物0車位0,,,其他,,,,0.0,0,0,0,無,無,2923800,66556,,0.0,0,,RPXNMLQKPHLGFHD07DA,0.0,0.0,0.0,無,045
善化區,土地,善西段470地號,43.93,住,,,1150615,土地3建物0車位0,,,其他,,,,0.0,0,0,0,無,無,2923800,66556,,0.0,0,,RPOOMLQKPHLGFHD88DA,0.0,0.0,0.0,無,045
善化區,土地,北子店段二小段201地號,497.29,,特定農業區,農牧用地,1150617,土地2建物0車位0,,,其他,,,,0.0,0,0,0,無,無,6117662,12302,,0.0,0,,RPUNMLKLPHLGFHD88DA,0.0,0.0,0.0,無,
新市區,房地(土地+建物)+車位,臺南市新市區永就１４３號三樓之２,25.74,,鄉村區,乙種建築用地,1150623,土地1建物1車位1,三層,七層,華廈(10層含以下有電梯),住家用,鋼筋混凝土造,1150317,97.78,2,2,2,有,有,9700000,102886,升降機械,13.22,1000000,,RPVNMLKLPHLGFHD98DA,60.19,0.0,2.72,有,
善化區,土地,北子店段二小段194地號,7.61,,鄉村區,乙種建築用地,1150605,土地1建物0車位0,,,其他,,,,0.0,0,0,0,無,無,165830,21791,,0.0,0,,RPOOMLKLPHLGFHD38DA,0.0,0.0,0.0,無,098
善化區,土地,北子店段二小段194地號,2.62,,鄉村區,乙種建築用地,1150605,土地1建物0車位0,,,其他,,,,0.0,0,0,0,無,無,67053,25593,,0.0,0,,SPOOMLKLPHLGFHD48DA,0.0,0.0,0.0,無,098
善化區,土地,北子店段二小段194地號,7.61,,鄉村區,乙種建築用地,1150605,土地1建物0車位0,,,其他,,,,0.0,0,0,0,無,無,129406,17005,,0.0,0,,TPOOMLKLPHLGFHD58DA,0.0,0.0,0.0,無,098
山上區,土地,媽祖段35-2地號,1281.72,農,,,1150605,土地1建物0車位0,,,其他,,,,0.0,0,0,0,無,無,4000000,3121,,0.0,0,親友、員工、共有人或其他特殊關係間之交易；,RPPNMLLLPHLGFHD48DA,0.0,0.0,0.0,無,
仁德區,房地(土地+建物)+車位,臺南市仁德區善街７７號三樓之７,13.92,商,,,1150623,土地1建物1車位1,三層,十五層,住宅大樓(11層含以上有電梯),住家用,鋼筋混凝土造,1140717,105.72999999999999,2,2,2,有,有,11380000,115591,其他,14.2,800000,,RPUOMLOKPHLGFID76DA,54.23,0.0,4.52,有,
仁德區,土地,保甲段638地號,1273.27,,一般農業區,農牧用地,1150629,土地2建物0車位0,,,其他,,,,0.0,0,0,0,無,無,5007122,3932,,0.0,0,,RPVNMLRKPHLGFID07DA,0.0,0.0,0.0,無,
永康區,房地(土地+建物)+車位,臺南市永康區東橋五路１８２號十二樓之１,17.76,住,,,1150601,土地1建物1車位1,十二層,十五層,住宅大樓(11層含以上有電梯),住家用,鋼筋混凝土構造,1120818,123.28999999999999,2,2,1,有,有,12100000,98135,坡道平面,0.0,0,,RPQNMLLJOHLGFKD58DA,57.78,0.0,4.76,有,101
永康區,房地(土地+建物)+車位,臺南市永康區忠孝一路６７號七樓之３,16.7,住,,,1150616,土地1建物1車位1,七層,十四層,住宅大樓(11層含以上有電梯),住家用,鋼筋混凝土造,1130112,105.0,2,2,1,有,有,10760000,102476,坡道平面,24.87,0,,RPQNMLTJPHLGFKD86DA,47.23,0.0,3.75,有,102
永康區,房地(土地+建物)+車位,臺南市永康區東橋五路２０２號八樓之５,24.65,住,,,1150630,土地1建物1車位1,八層,十五層,住宅大樓(11層含以上有電梯),住家用,鋼筋混凝土構造,1120818,158.56,3,2,2,有,有,16000000,100908,坡道平面,34.41,0,,RPRNMLOKPHLGFKD56DA,82.03,0.0,5.27,有,103
永康區,房地(土地+建物)+車位,臺南市永康區小東路４２３巷２號九樓之５,45.95,住,,,1150619,土地1建物1車位1,九層,十四層,住宅大樓(11層含以上有電梯),住家用,鋼筋混凝土構造,1010320,172.88,3,2,2,有,有,15500000,89658,坡道平面,0.0,0,,RPUOMLKLPHLGFKD66DA,95.48,0.0,11.39,有,
永康區,土地,蔦松北段853-2地號,34.59,住,,,1150630,土地2建物0車位0,,,其他,,,,0.0,0,0,0,無,無,2519882,72850,,0.0,0,政府機關標讓售；,RPRNMLMLPHLGFKD09DA,0.0,0.0,0.0,無,
永康區,房地(土地+建物),臺南市永康區永二街２４４巷４６號,235.2,住,,,1150629,土地1建物1車位0,全,四層,透天厝,住家用,鋼筋混凝土構造,1120413,232.04,4,3,4,有,無,17200000,74125,,0.0,0,陽台外推；其他增建；,RPVOMLNLPHLGFKD07DA,209.29,0.0,22.75,有,104
新營區,土地,新卯舍段1380地號,124.3,都市：其他:綠地,,,1150602,土地2建物0車位0,,,其他,,,,0.0,0,0,0,無,無,1250000,10056,,0.0,0,,RPQNMLKKPHLGFDD08EA,0.0,0.0,0.0,無,
新營區,房地(土地+建物),臺南市新營區茄苳１３之４號五樓之二,19.03,住,,,1150624,土地1建物1車位0,五層,五層,公寓(5樓含以下無電梯),住家用,鋼筋混凝土造,0810729,71.22,2,2,1,有,無,1200000,16849,,0.0,0,,RPPNMLNLPHLGFDD38EA,56.2,1.45,2.86,無,
安平區,房地(土地+建物)+車位,臺南市安平區安平路４２０號二樓之１,12.72,住,,,1150601,土地1建物1車位1,二層,十三層,住宅大樓(11層含以上有電梯),住家用,鋼筋混凝土造,0880208,119.05000000000001,2,2,2,有,有,10300000,86518,坡道機械,15.66,0,,RPPPMLNJOHLGFAD87DA,66.4,0.0,11.77,有,
北區,房地(土地+建物)+車位,臺南市北區東豐路２２７巷１２號十二樓之１,17.08,住,,,1150607,土地1建物1車位1,十二層,十三層,住宅大樓(11層含以上有電梯),住家用,鋼筋混凝土構造,1000908,127.22,2,2,1,有,有,13400000,105329,坡道平面,36.14,0,陽台外推；其他增建；,RPTNMLRJOHLGFAD48DA,45.23,5.66,9.66,有,105
北區,房地(土地+建物)+車位,臺南市北區北門路二段５７７巷９號十樓之１,44.23,住,,,1150615,土地1建物1車位1,十層，十一層,十一層,住宅大樓(11層含以上有電梯),住家用,鋼筋混凝土造,0930521,202.28,4,1,2,有,有,7500000,37077,坡道平面,0.0,0,親友、員工、共有人或其他特殊關係間之交易；,RPPNMLKLPHLGFAD67DA,117.7,0.0,13.23,有,
安南區,房地(土地+建物),臺南市安南區城西街二段６３巷２１弄９號,198.17,住,,,1150614,土地3建物1車位0,全,三層,透天厝,住家用,鋼筋混凝土造,1101206,230.32,4,2,5,有,無,19800000,85967,,0.0,0,,RPOOMLTJPHLGFBD48DA,211.73,0.0,18.59,無,106
安南區,土地,海西段522地號,568.82,都市：其他:農業區,,,1150630,土地21建物0車位0,,,其他,,,,0.0,0,0,0,無,無,3441200,6050,,0.0,0,,RPWNMLLLPHLGFBD58DA,0.0,0.0,0.0,無,107
安南區,房地(土地+建物)+車位,臺南市安南區義吉街８６巷１７號三樓,30.27,住,,,1150620,土地1建物1車位1,三層,十五層,住宅大樓(11層含以上有電梯),住家用,鋼筋混凝土造,1140630,178.88,3,2,2,有,有,15080000,84302,坡道平面,26.85,0,,RPTNMLNLPHLGFBD48DA,77.8,12.95,10.49,有,108
東區,房地(土地+建物),臺南市東區勝利路８之１號五樓,26.39,都市：其他:住宅區,,,1150629,土地5建物1車位0,五層,七層,華廈(10層含以下有電梯),住家用,鋼筋混凝土造,0761228,156.75,3,2,2,有,有,8330000,53142,,0.0,0,,RPVNMLNJPHLGFCD58DA,116.52,0.0,5.98,有,
白河區,土地,蓮潭段一小段259地號,557.75,,一般農業區,農牧用地,1150612,土地3建物0車位0,,,其他,,,,0.0,0,0,0,無,無,669300,1200,,0.0,0,協議價購；,RPROMLOKPHLGFED68DA,0.0,0.0,0.0,無,073
白河區,土地,蓮潭段一小段259地號,557.75,,一般農業區,農牧用地,1150612,土地3建物0車位0,,,其他,,,,0.0,0,0,0,無,無,669300,1200,,0.0,0,協議價購；,RPSOMLOKPHLGFED78DA,0.0,0.0,0.0,無,073
白河區,土地,蓮潭段一小段264地號,354.5,,一般農業區,農牧用地,1150612,土地1建物0車位0,,,其他,,,,0.0,0,0,0,無,無,425400,1200,,0.0,0,協議價購；,RPTOMLOKPHLGFED88DA,0.0,0.0,0.0,無,072
白河區,土地,蓮潭段一小段259地號,525.5,,一般農業區,農牧用地,1150612,土地2建物0車位0,,,其他,,,,0.0,0,0,0,無,無,630600,1200,,0.0,0,協議價購；,RPUOMLOKPHLGFED98DA,0.0,0.0,0.0,無,075
白河區,土地,蓮潭段一小段260地號,1543.86,,一般農業區,農牧用地,1150612,土地1建物0車位0,,,其他,,,,0.0,0,0,0,無,無,1852629,1200,,0.0,0,協議價購；,RPVOMLOKPHLGFED09DA,0.0,0.0,0.0,無,
白河區,土地,蓮潭段一小段264地號,177.25,,一般農業區,農牧用地,1150612,土地1建物0車位0,,,其他,,,,0.0,0,0,0,無,無,212700,1200,,0.0,0,協議價購；,RPWOMLOKPHLGFED56DA,0.0,0.0,0.0,無,072
白河區,土地,蓮潭段一小段1270-1地號,371.0,,特定農業區,農牧用地,1150612,土地1建物0車位0,,,其他,,,,0.0,0,0,0,無,無,482300,1300,,0.0,0,協議價購；,RPQPMLOKPHLGFED68DA,0.0,0.0,0.0,無,
白河區,土地,蓮潭段一小段1269-1地號,245.0,,特定農業區,農牧用地,1150612,土地1建物0車位0,,,其他,,,,0.0,0,0,0,無,無,318500,1300,,0.0,0,協議價購；,RPRPMLOKPHLGFED78DA,0.0,0.0,0.0,無,
白河區,土地,蓮潭段一小段1271-1地號,106.0,,特定農業區,農牧用地,1150612,土地1建物0車位0,,,其他,,,,0.0,0,0,0,無,無,137800,1300,,0.0,0,協議價購；,RPSPMLOKPHLGFED88DA,0.0,0.0,0.0,無,
白河區,土地,蓮潭段一小段271-1地號,552.0,,一般農業區,農牧用地,1150612,土地3建物0車位0,,,其他,,,,0.0,0,0,0,無,無,662400,1200,,0.0,0,協議價購；,RPTPMLOKPHLGFED98DA,0.0,0.0,0.0,無,
白河區,土地,蓮潭段一小段258地號,35.5,,一般農業區,農牧用地,1150612,土地1建物0車位0,,,其他,,,,0.0,0,0,0,無,無,42600,1200,,0.0,0,協議價購；,RPUPMLOKPHLGFED09DA,0.0,0.0,0.0,無,071
白河區,土地,詔安段67-1地號,292.25,,特定農業區,農牧用地,1150612,土地1建物0車位0,,,其他,,,,0.0,0,0,0,無,無,350700,1200,,0.0,0,協議價購；,RPWNMLPKPHLGFED56DA,0.0,0.0,0.0,無,077
白河區,土地,詔安段67-1地號,584.5,,特定農業區,農牧用地,1150612,土地1建物0車位0,,,其他,,,,0.0,0,0,0,無,無,701400,1200,,0.0,0,協議價購；,RPQPMLPKPHLGFED78DA,0.0,0.0,0.0,無,077
白河區,土地,詔安段91-1地號,870.0,,特定農業區,農牧用地,1150612,土地1建物0車位0,,,其他,,,,0.0,0,0,0,無,無,1044000,1200,,0.0,0,協議價購；,RPRPMLPKPHLGFED88DA,0.0,0.0,0.0,無,085
白河區,土地,詔安段91-1地號,870.0,,特定農業區,農牧用地,1150612,土地1建物0車位0,,,其他,,,,0.0,0,0,0,無,無,1044000,1200,,0.0,0,協議價購；,RPSPMLPKPHLGFED98DA,0.0,0.0,0.0,無,085
白河區,土地,詔安段87地號,168.67,,特定農業區,農牧用地,1150612,土地3建物0車位0,,,其他,,,,0.0,0,0,0,無,無,202410,1200,,0.0,0,協議價購；,RPRQMLPKPHLGFED98DA,0.0,0.0,0.0,無,059
白河區,土地,詔安段87地號,168.67,,特定農業區,農牧用地,1150612,土地3建物0車位0,,,其他,,,,0.0,0,0,0,無,無,202410,1200,,0.0,0,協議價購；,RPSQMLPKPHLGFED09DA,0.0,0.0,0.0,無,059
白河區,土地,詔安段87地號,370.0,,特定農業區,農牧用地,1150612,土地1建物0車位0,,,其他,,,,0.0,0,0,0,無,無,444000,1200,,0.0,0,協議價購；,RPTQMLPKPHLGFED56DA,0.0,0.0,0.0,無,
後壁區,土地,侯伯段822地號,22.72,,,,1150610,土地1建物0車位0,,,其他,,,,0.0,0,0,0,無,無,165000,7262,,0.0,0,親友、員工、共有人或其他特殊關係間之交易；,RPSNMLLLPHLGFED48DA,0.0,0.0,0.0,無,121
後壁區,土地,土溝段2781地號,3456.0,,特定農業區,農牧用地,1150622,土地2建物0車位0,,,其他,,,,0.0,0,0,0,無,無,4000000,1157,,0.0,0,,RPQNMLOLPHLGFED58DA,0.0,0.0,0.0,無,
麻豆區,房地(土地+建物),臺南市麻豆區東角里同仁街４之８號,93.03,住,,,1150604,土地1建物1車位0,全,二層,透天厝,住家用,加強磚造,0731122,117.94,3,1,2,有,無,5800000,49178,,0.0,0,其他增建；,RPPNMLRKOHLGFFD68DA,111.55,0.0,6.39,無,
六甲區,房地(土地+建物),臺南市六甲區龍湖里中華路１８６巷１８弄１號,139.08,住,,,1150620,土地2建物1車位0,全,三層,透天厝,住家用,鋼筋混凝土造,0810714,164.52,3,3,3,有,無,4200000,25529,,0.0,0,,RPTNMLTJPHLGFFD66DA,152.29,5.0,7.23,無,
六甲區,房地(土地+建物),臺南市六甲區龜子港３１巷８８弄２之９號,51.94,,特定農業區,甲種建築用地,1150616,土地9建物1車位0,全,三層,透天厝,住家用,鋼筋混凝土造,1130814,67.74,4,2,3,有,無,4500000,66430,,0.0,0,親友、員工、共有人或其他特殊關係間之交易；,RPVNMLNLPHLGFFD09DA,62.04,0.0,5.7,無,122
佳里區,房地(土地+建物),臺南市佳里區六安里１鄰進學路１３２號,73.03,住,,,1150629,土地1建物1車位0,全,二層,透天厝,住商用,加強磚造,0651117,116.6,2,2,2,有,無,4880000,41852,,0.0,0,買方買清 不負擔其他額外費用頂樓加蓋；其他增建；,RPQNMLOKPHLGFGD68DA,116.6,0.0,0.0,無,
西港區,房地(土地+建物),臺南市西港區西港里堀子頭７７之９號,95.85,住,,,1150602,土地1建物1車位0,全,三層,透天厝,住家用,鋼筋混凝土造,0830128,160.85,4,2,3,有,無,8080000,50233,,0.0,0,其他增建；,RPWNMLNLPHLGFGD66DA,150.21,6.83,3.81,無,
善化區,房地(土地+建物)+車位,臺南市善化區小新營１０７之７號六樓之３,34.26,住,,,1150621,土地1建物1車位1,六層,六層,華廈(10層含以下有電梯),住家用,鋼筋混凝土造,1100708,112.96000000000001,3,2,2,有,有,8300000,73477,一樓平面,13.74,0,,RPUNMLRJPHLGFHD76DA,65.4,0.0,4.75,有,123
新市區,土地,看西段883-4地號,2000.0,農,,,1150628,土地1建物0車位0,,,其他,,,,0.0,0,0,0,無,無,12000000,6000,,0.0,0,農作物；,RPRNMLNKPHLGFHD78DA,0.0,0.0,0.0,無,
善化區,房地(土地+建物)+車位,臺南市善化區茄拔３１之２號二樓之６,37.25,,鄉村區,乙種建築用地,1150628,土地7建物1車位1,二層,九層,華廈(10層含以下有電梯),住家用,鋼筋混凝土造,1140625,133.74,3,2,2,有,有,10200000,80014,一樓平面,22.51,1300000,建號762：權利範圍：1/158本交易已含管理室預售屋、或土地及建物分件登記案件；,RPOOMLLLPHLGFHD48DA,69.25,0.0,7.57,有,
新化區,土地,新安段700地號,63.86,商,,,1150629,土地3建物0車位0,,,其他,,,,0.0,0,0,0,無,無,2100000,32884,,0.0,0,,RPPNMLMLPHLGFHD58DA,0.0,0.0,0.0,無,
歸仁區,房地(土地+建物),臺南市歸仁區大明三街５７號,69.87,住,,,1150615,土地1建物1車位0,全,四層,透天厝,住家用,鋼筋混凝土造,0821007,150.78,4,2,3,有,無,7000000,46425,,0.0,0,,RPXNMLNJPHLGFID76DA,144.93,0.0,5.85,無,
永康區,房地(土地+建物)+車位,臺南市永康區復華三街６８號五樓之１,8.74,,,,1150606,土地1建物1車位1,五層,十九層,住宅大樓(11層含以上有電梯),住家用,鋼筋混凝土造,0840908,126.72,2,2,2,有,有,7350000,58002,坡道平面,0.0,0,陽台外推；其他增建；,RPPNMLNLOHLGFKD88DA,66.19,0.0,4.36,有,
安南區,房地(土地+建物),臺南市安南區長和路四段１６０巷４１弄２３號,79.68,住,,,1150617,土地1建物1車位0,全,四層,透天厝,住家用,鋼筋混凝土造,1130702,174.63,4,2,4,有,無,17200000,98494,,0.0,0,,RPQNMLNLPHLGFBD28EA,161.88,0.0,12.75,無,
新營區,房地(土地+建物),臺南市新營區康樂街１６之２號五樓之二,5.33,商,,,1150630,土地1建物1車位0,五層,八層,華廈(10層含以下有電梯),住家用,鋼筋混凝土造,0850215,41.97,1,1,1,有,有,1900000,45270,,0.0,0,,RPPNMLOLPHLGFDD48EA,30.16,0.0,0.0,有,
北區,房地(土地+建物),臺南市北區開元路５２３號十五樓之２,5.75,商,,,1150607,土地3建物1車位0,十五層,二十四層,住宅大樓(11層含以上有電梯),住家用,鋼筋混凝土構造,1041105,78.60000000000001,2,1,1,有,有,6200000,78880,,0.0,0,,RPVNMLRJOHLGFAD68DA,47.83,0.0,7.26,有,124
北區,房地(土地+建物)+車位,臺南市北區長榮路五段３１６號三樓之５,32.04,住,,,1150613,土地1建物1車位1,三層,十三層,住宅大樓(11層含以上有電梯),住家用,鋼筋混凝土造,0911227,142.38,3,2,2,有,有,8600000,60402,坡道平面,0.0,0,,RPURMLKMOHLGFAD58DA,86.01,0.0,11.01,有,
安平區,房地(土地+建物)+車位,臺南市安平區慶平路７０５號五樓之１,28.92,住,,,1150617,土地1建物1車位1,五層,六層,華廈(10層含以下有電梯),住家用,鋼筋混凝土造,0830108,135.76,3,2,2,有,有,7380000,54361,坡道平面,0.0,0,,RPVOMLNKPHLGFAD58DA,79.01,0.0,12.68,有,125
中西區,土地,新美段705-1地號,77.62,商,,,1150619,土地1建物0車位0,,,其他,,,,0.0,0,0,0,無,無,5300000,68281,,0.0,0,,RPXNMLRKPHLGFAD09DA,0.0,0.0,0.0,無,126
安平區,房地(土地+建物),臺南市安平區文平路３６８號,116.38,住,,,1150626,土地1建物1車位0,全,五層,透天厝,住商用,鋼筋混凝土造,0891207,358.61,5,2,4,有,無,20000000,55771,,0.0,0,親友、員工、共有人或其他特殊關係間之交易；,RPUNMLNLPHLGFAD48DA,309.73,0.0,48.88,無,
安平區,房地(土地+建物),臺南市安平區健康四街９５巷１４號,101.0,住,,,1150606,土地1建物1車位0,全,三層,透天厝,住家用,鋼筋混凝土造,0820121,201.2,2,2,4,有,無,16800000,83499,,0.0,0,親友、員工、共有人或其他特殊關係間之交易；其他增建；,RPTOMLNLPHLGFAD48DA,184.27,2.97,13.96,無,
安南區,房地(土地+建物),臺南市安南區大安街６８巷８號,99.69,住,,,1150611,土地2建物1車位0,全,二層,透天厝,住商用,加強磚造,0711022,113.91,4,2,2,有,無,11000000,96567,,0.0,0,陽台外推；頂樓加蓋；其他增建；,RPQNMLLKOHLGFBD77DA,106.83,0.0,7.08,無,
安南區,土地,海西段478地號,514.85,都市：其他:農業區,,,1150630,土地18建物0車位0,,,其他,,,,0.0,0,0,0,無,無,3114800,6050,,0.0,0,,RPXNMLLLPHLGFBD68DA,0.0,0.0,0.0,無,107
安南區,房地(土地+建物),臺南市安南區大安街１９１號,93.33,住,,,1150622,土地2建物1車位0,一層，二層，屋頂突出物，騎樓,二層,其他,住商用,加強磚造,0700910,107.96,3,2,2,無,無,7000000,64839,,0.0,0,親友、員工、共有人或其他特殊關係間之交易；,RPOOMLMLPHLGFBD97DA,101.42,0.0,6.54,無,
安南區,土地,和業段351-2地號,31.83,工,,,1150625,土地2建物0車位0,,,其他,,,,0.0,0,0,0,無,無,1796167,56430,,0.0,0,政府機關標讓售；,RPRNMLNLPHLGFBD28DA,0.0,0.0,0.0,無,
東區,房地(土地+建物)+車位,臺南市東區裕文路１３３號十二樓之３,50.67,住,,,1150605,土地1建物1車位1,十二層,十二層,住宅大樓(11層含以上有電梯),住家用,鋼筋混凝土造,1150409,232.65,3,2,2,有,有,39670000,186553,坡道平面,32.6,2350000,預售屋、或土地及建物分件登記案件；,RPSOMLLJPHLGFCD18DA,122.17,0.0,7.88,有,
新營區,房地(土地+建物),臺南市新營區南紙街１１７巷１６號五樓之八,23.21,住,,,1150607,土地1建物1車位0,五層,七層,華廈(10層含以下有電梯),住家用,鋼筋混凝土造,0840119,123.66,3,2,2,有,有,4300000,34773,,0.0,0,,RPPNMLOLOHLGFDD28DA,87.13,0.0,11.93,有,
新營區,房地(土地+建物),臺南市新營區公園路二段２９０號,153.97,住,,,1150622,土地1建物1車位0,全,四層,透天厝,住家用,鋼筋混凝土造,1141217,323.03,5,2,6,有,無,39800000,123208,,0.0,0,,RPPNMLNJPHLGFDD08DA,296.31,0.0,26.72,有,
新營區,房地(土地+建物)+車位,臺南市新營區新進路二段２２７號十五樓之六,17.32,商,,,1150607,土地1建物1車位1,十五層,十五層,住宅大樓(11層含以上有電梯),住家用,鋼筋混凝土造,1141104,151.12,3,2,2,有,有,14100000,98192,坡道平面,26.67,1880000,,RPVNMLMLPHLGFDD78DA,70.52,0.0,8.19,有,128
新營區,房地(土地+建物),臺南市新營區東興路３５０號,95.0,住,,,1150627,土地1建物1車位0,全,三層,透天厝,住家用,鋼筋混凝土造,1100324,228.58,5,3,5,有,無,22000000,96246,,0.0,0,其他增建；,RPPNMLOLPHLGFDD38DA,211.91,0.0,16.67,無,129
白河區,土地,蓮潭段一小段264地號,177.25,,一般農業區,農牧用地,1150612,土地1建物0車位0,,,其他,,,,0.0,0,0,0,無,無,212700,1200,,0.0,0,協議價購；,RPXOMLOKPHLGFED66DA,0.0,0.0,0.0,無,072
白河區,土地,蓮潭段一小段264地號,354.5,,一般農業區,農牧用地,1150612,土地1建物0車位0,,,其他,,,,0.0,0,0,0,無,無,425400,1200,,0.0,0,協議價購；,RPOPMLOKPHLGFED48DA,0.0,0.0,0.0,無,072
白河區,土地,蓮潭段一小段259地號,2608.0,,一般農業區,農牧用地,1150612,土地3建物0車位0,,,其他,,,,0.0,0,0,0,無,無,3129600,1200,,0.0,0,協議價購；,RPPPMLOKPHLGFED58DA,0.0,0.0,0.0,無,073
白河區,土地,詔安段83地號,245.12,,特定農業區,農牧用地,1150612,土地1建物0車位0,,,其他,,,,0.0,0,0,0,無,無,294150,1200,,0.0,0,協議價購；,RPVQMLPKPHLGFED76DA,0.0,0.0,0.0,無,
白河區,土地,詔安段93-1地號,2525.25,,特定農業區,農牧用地,1150612,土地4建物0車位0,,,其他,,,,0.0,0,0,0,無,無,3030300,1200,,0.0,0,協議價購；,RPWQMLPKPHLGFED86DA,0.0,0.0,0.0,無,059
白河區,土地,詔安段93-1地號,2525.25,,特定農業區,農牧用地,1150612,土地4建物0車位0,,,其他,,,,0.0,0,0,0,無,無,3030300,1200,,0.0,0,協議價購；,RPXQMLPKPHLGFED96DA,0.0,0.0,0.0,無,059
白河區,土地,詔安段87地號,210.84,,特定農業區,農牧用地,1150612,土地3建物0車位0,,,其他,,,,0.0,0,0,0,無,無,253013,1200,,0.0,0,協議價購；,RPORMLPKPHLGFED78DA,0.0,0.0,0.0,無,059
白河區,土地,詔安段87地號,210.84,,特定農業區,農牧用地,1150612,土地3建物0車位0,,,其他,,,,0.0,0,0,0,無,無,253012,1200,,0.0,0,協議價購；,RPPRMLPKPHLGFED88DA,0.0,0.0,0.0,無,059
白河區,土地,詔安段87地號,210.84,,特定農業區,農牧用地,1150612,土地3建物0車位0,,,其他,,,,0.0,0,0,0,無,無,253013,1200,,0.0,0,協議價購；,RPSRMLPKPHLGFED56DA,0.0,0.0,0.0,無,059
西港區,房地(土地+建物)+車位,臺南市西港區後營１５６之１號四樓之６,27.77,,鄉村區,乙種建築用地,1150602,土地1建物1車位1,四層,七層,華廈(10層含以下有電梯),住家用,鋼筋混凝土造,1140422,99.64,2,2,2,有,有,7310000,75954,其他,9.98,500000,,RPPOMLMLPHLGFGD58DA,65.19,0.0,7.39,有,
學甲區,房地(土地+建物),臺南市學甲區麻學路三段１２１巷３０號,78.16,,鄉村區,乙種建築用地,1150630,土地4建物1車位0,全,四層,透天厝,住家用,鋼筋混凝土造,1150303,169.93,4,2,4,有,無,8580000,50491,,0.0,0,,RPSNMLOLPHLGFGD98DA,154.7,0.0,15.23,無,
善化區,土地,北子店段968地號,1387.0,農,,,1150622,土地1建物0車位0,,,其他,,,,0.0,0,0,0,無,無,23000000,16583,,0.0,0,,RPPNMLNLPHLGFHD68DA,0.0,0.0,0.0,無,
仁德區,房地(土地+建物)+車位,臺南市仁德區長興四街９０巷１之１號,29.01,住,,,1150630,土地1建物1車位1,一層,五層,華廈(10層含以下有電梯),住家用,鋼筋混凝土構造,1090115,67.21000000000001,3,2,2,有,無,9800000,145812,一樓平面,21.0,0,,RPRNMLQKPHLGFID56DA,34.07,0.0,0.0,有,
歸仁區,房地(土地+建物)+車位,臺南市歸仁區南興街８１號四樓之２,40.43,住,,,1150610,土地1建物1車位1,四層,五層,華廈(10層含以下有電梯),住家用,鋼筋混凝土構造,1080822,119.47,3,2,2,有,有,9300000,77844,坡道平面,15.01,0,,RPRNMLMLPHLGFID88DA,70.27,0.0,7.08,有,138
仁德區,房地(土地+建物)+車位,臺南市仁德區崇聖路一段２號十一樓之６,15.5,住,,,1150613,土地1建物1車位1,十一層,十四層,住宅大樓(11層含以上有電梯),住家用,鋼筋混凝土造,1131015,116.41,2,2,1,有,有,10830000,112669,坡道平面,32.27,1350000,,RPUNMLMLPHLGFID56DA,54.08,0.0,3.98,有,
歸仁區,土地,沙崙段1758-6地號,79.0,,特定專用區,農牧用地,1150623,土地1建物0車位0,,,其他,,,,0.0,0,0,0,無,無,4300000,54430,,0.0,0,,RPRNMLPLPHLGFID56DA,0.0,0.0,0.0,無,139
永康區,房地(土地+建物)+車位,臺南市永康區安康里大橋一街４７之６號三樓之３,12.32,住,,,1150620,土地1建物1車位1,三層,十四層,住宅大樓(11層含以上有電梯),住家用,鋼筋混凝土造,0880824,124.03,3,2,2,有,有,7500000,60469,坡道機械,9.85,0,,RPPNMLKLOHLGFKD58DA,80.33,0.0,9.53,有,
永康區,房地(土地+建物),臺南市永康區永大路二段１３１０巷６號,19.69,住,,,1150619,土地1建物1車位0,一層,七層,華廈(10層含以下有電梯),住家用,鋼筋混凝土造,0820630,107.21,3,2,2,有,有,5200000,48503,,0.0,0,,RPPNMLQKPHLGFKD56DA,76.36,2.52,0.0,有,
永康區,房地(土地+建物),臺南市永康區新民街６６巷１號八樓之２,8.25,住,,,1150621,土地1建物1車位0,八層,九層,華廈(10層含以下有電梯),住家用,鋼筋混凝土造,0821230,56.99,1,1,1,有,有,2586000,45376,,0.0,0,,RPWPMLNLPHLGFKD27DA,30.02,2.01,3.78,有,
新營區,房地(土地+建物)+車位,臺南市新營區中華路９２之５號三樓之一,41.39,住,,,1150625,土地1建物1車位1,三層,五層,華廈(10層含以下有電梯),住家用,鋼筋混凝土造,1150330,137.89,3,1,2,有,無,12000000,83776,一樓平面,13.75,1600000,含裝潢費；其他；,RPRNMLOLPHLGFDD68EA,83.12,0.0,7.55,有,
北區,建物,臺南市北區和緯路二段２號五樓之１,0.0,,,,1150626,土地0建物1車位0,五層,七層,華廈(10層含以下有電梯),住家用,鋼筋混凝土造,0750913,95.34,3,1,2,有,有,3650000,38284,,0.0,0,土地為仁愛之家所有；建物坐落地號：正興段751地號；,RPVRMLKMOHLGFAD68DA,70.6,0.0,8.08,有,140
中西區,房地(土地+建物),臺南市中西區永福路二段１１６號五樓之１,12.05,商,,,1150628,土地9建物2車位0,五層,十層,華廈(10層含以下有電梯),住家用,鋼筋混凝土造,0711129,102.83,1,1,1,有,無,4450000,43275,,0.0,0,五樓之1：225萬；5樓之2：220萬,RPOOMLRJPHLGFAD18DA,87.63,0.0,0.0,有,
安平區,房地(土地+建物),臺南市安平區育平路１２２號,126.5,住,,,1150629,土地1建物1車位0,全,五層,透天厝,住家用,鋼筋混凝土構造,1020916,405.91,6,2,6,有,無,35000000,86226,,0.0,0,陽台外推；其他增建；,RPWNMLOKPHLGFAD68DA,360.18,0.0,45.73,有,141
安平區,房地(土地+建物),臺南市安平區慶平路３８８號八樓之１４,2.39,商,,,1150607,土地1建物1車位0,八層,十三層,住宅大樓(11層含以上有電梯),住家用,鋼筋混凝土造,0831216,29.049999999999997,1,0,1,有,有,1800000,61962,,0.0,0,,RPXNMLOKPHLGFAD78DA,19.88,0.0,1.77,有,
中西區,土地,萬昌段669地號,77.35,商,,,1150602,土地1建物0車位0,,,其他,,,,0.0,0,0,0,無,無,6100000,78862,,0.0,0,親友、員工、共有人或其他特殊關係間之交易；,RPPNMLOLPHLGFAD08DA,0.0,0.0,0.0,無,
安平區,房地(土地+建物),臺南市安平區育平二街６９號,25.99,住,,,1150624,土地1建物1車位0,一層，二層,十四層,住宅大樓(11層含以上有電梯),住商用,鋼筋混凝土造,0890822,134.8,2,2,2,有,有,7500000,55638,,0.0,0,夾層；其他增建；,RPQNMLOLPHLGFAD18DA,98.49,0.0,12.38,有,142
東區,房地(土地+建物),臺南市東區長榮路二段３２巷１６０之１號四樓之４,8.84,住,,,1150627,土地1建物1車位0,四層,五層,華廈(10層含以下有電梯),住家用,鋼筋混凝土造,0800530,39.910000000000004,1,0,1,有,有,2180000,54623,,0.0,0,,RPRNMLQJPHLGFCD48DA,21.9,0.0,3.45,有,143
南區,房地(土地+建物),臺南市南區大同路二段６４０巷９４弄２７號,60.09,住,,,1150628,土地1建物1車位0,全,二層,透天厝,住家用,加強磚造,0640417,80.86,3,2,2,有,無,5000000,61835,,0.0,0,頂樓加蓋；其他增建；,RPWNMLMLPHLGFCD78DA,80.86,0.0,0.0,無,144
新營區,房地(土地+建物),臺南市新營區民權里１８鄰武昌街７之１號,111.09,住,,,1150616,土地1建物1車位0,全,四層,透天厝,住家用,鋼筋混凝土造,0700106,283.42,6,3,3,有,無,6440000,22722,,0.0,0,親友、員工、共有人或其他特殊關係間之交易；,RPPNMLKLOHLGFDD87DA,265.48,0.0,17.94,無,
麻豆區,土地,興國段425-1地號,3.7,都市：其他:道路用地,,,1150626,土地1建物0車位0,,,其他,,,,0.0,0,0,0,無,無,25000,6757,,0.0,0,包含公共設施保留地用地；,RPUNMLLLPHLGFFD78DA,0.0,0.0,0.0,無,
麻豆區,土地,興國段425-3地號,3.57,都市：其他:道路用地,,,1150626,土地1建物0車位0,,,其他,,,,0.0,0,0,0,無,無,25000,7003,,0.0,0,包含公共設施保留地用地；,RPVNMLLLPHLGFFD88DA,0.0,0.0,0.0,無,
麻豆區,土地,興國段425-2地號,3.58,都市：其他:道路用地,,,1150626,土地1建物0車位0,,,其他,,,,0.0,0,0,0,無,無,25000,6983,,0.0,0,包含公共設施保留地用地；,RPXNMLLLPHLGFFD09DA,0.0,0.0,0.0,無,
大內區,土地,蒙正段6地號,583.0,,一般農業區,農牧用地,1150624,土地1建物0車位0,,,其他,,,,0.0,0,0,0,無,無,857040,1470,,0.0,0,,RPUNMLNLPHLGFFD98DA,0.0,0.0,0.0,無,
大內區,土地,蒙正段6-1地號,28.0,,一般農業區,交通用地,1150624,土地1建物0車位0,,,其他,,,,0.0,0,0,0,無,無,22960,820,,0.0,0,包含公共設施保留地用地；,SPUNMLNLPHLGFFD09DA,0.0,0.0,0.0,無,145
六甲區,房地(土地+建物)+車位,臺南市六甲區民權街２６２巷１號二樓之３,32.95,住,,,1150610,土地1建物1車位1,二層,五層,華廈(10層含以下有電梯),住家用,鋼筋混凝土造,1141007,95.89,2,2,2,有,有,7360000,77389,一樓平面,15.0,1100000,,RPQNMLOLPHLGFFD68DA,55.57,0.0,4.67,有,
佳里區,房地(土地+建物),臺南市佳里區信義一街２７巷６號,89.77,住,,,1150627,土地1建物1車位0,全,四層,透天厝,住家用,鋼筋混凝土造,0820623,197.68,4,3,5,有,無,8380000,42392,,0.0,0,未登記建物；,RPRNMLQJPHLGFGD88DA,183.4,0.0,14.28,無,
佳里區,房地(土地+建物),臺南市佳里區佳青路一段２０２號五樓之３,19.55,,一般農業區,甲種建築用地,1150614,土地1建物1車位0,五層,五層,華廈(10層含以下有電梯),住家用,鋼筋混凝土造,1141003,60.49,2,2,1,有,有,4800000,79352,,0.0,0,,RPSOMLOLPHLGFGD09DA,44.88,0.0,0.0,有,
安定區,房地(土地+建物),臺南市安定區安定２４５之２號,113.83,住,,,1150603,土地3建物1車位0,全,五層,透天厝,住家用,鋼筋混凝土造,0951117,253.23,5,2,4,有,有,13800000,54496,,0.0,0,,RPUNMLTJPHLGFHD96DA,237.25,0.0,15.98,無,146
善化區,房地(土地+建物)+車位,臺南市善化區民權路５０號七樓之７,20.48,商,,,1150614,土地1建物1車位1,七層,二十六層,住宅大樓(11層含以上有電梯),住家用,鋼骨鋼筋混凝土造,1120927,187.32999999999998,3,2,2,有,有,18000000,96087,坡道平面,39.6,0,,RPQNMLKKPHLGFHD38DA,89.98,0.0,8.02,有,147
新市區,房地(土地+建物)+車位,臺南市新市區大順六路１６９號二樓之５,39.37,,鄉村區,乙種建築用地,1150621,土地2建物1車位1,二層,七層,華廈(10層含以下有電梯),住家用,鋼筋混凝土造,1121214,129.8,3,2,2,有,有,12300000,94761,坡道平面,0.0,0,,RPPOMLQKPHLGFHD98DA,81.39,0.0,6.85,有,148
善化區,房地(土地+建物),臺南市善化區西衛９之３號,105.0,,鄉村區,乙種建築用地,1150617,土地1建物1車位0,全,四層,透天厝,住家用,鋼筋混凝土造,1050606,213.67,4,2,5,有,無,14200000,66458,,0.0,0,陽台外推；頂樓加蓋；其他增建；,RPQOMLLLPHLGFHD68DA,192.11,0.0,21.56,無,149
新市區,房地(土地+建物),臺南市新市區大９０之１號,84.71,,鄉村區,乙種建築用地,1150621,土地2建物1車位0,全,四層,透天厝,住商用,鋼筋混凝土造,1130217,223.13,4,2,6,有,有,17500000,78430,,0.0,0,,RPVNMLOLPHLGFHD76DA,212.87,0.0,10.26,無,
永康區,房地(土地+建物),臺南市永康區龍埔街４９５巷１６號,82.97,住,,,1150613,土地4建物1車位0,全,四層,透天厝,住家用,鋼筋混凝土造,1130222,206.15,4,2,4,有,無,20600000,99927,,0.0,0,,RPSNMLMJPHLGFKD98DA,206.15,0.0,0.0,無,
永康區,房地(土地+建物),臺南市永康區龍中街３９５之１號,76.2,住,,,1150630,土地1建物1車位0,全,四層,透天厝,住家用,鋼筋混凝土構造,1080123,158.49,5,2,6,有,無,11750000,74137,,0.0,0,親友、員工、共有人或其他特殊關係間之交易；,RPXOMLNLPHLGFKD27DA,152.45,0.0,6.04,有,
永康區,房地(土地+建物),臺南市永康區忠義街６０巷３號十二樓之２,4.73,商,,,1150628,土地1建物1車位0,十二層,十五層,住宅大樓(11層含以上有電梯),辦公用,鋼筋混凝土造,0840331,43.58,1,0,1,有,有,2800000,64250,,0.0,0,,RPWNMLOLPHLGFKD17DA,30.64,0.0,4.96,有,
安南區,土地,溪頂段1268地號,103.44,住,,,1150608,土地1建物0車位0,,,其他,,,,0.0,0,0,0,無,無,6200000,59938,,0.0,0,親友、員工、共有人或其他特殊關係間之交易；,RPPNMLRLPHLGFBD58EA,0.0,0.0,0.0,無,
中西區,房地(土地+建物),臺南市中西區正德街４８號四樓之１０,8.78,商,,,1150627,土地2建物1車位0,四層,七層,華廈(10層含以下有電梯),住家用,鋼筋混凝土造,0700602,47.78,1,1,1,有,有,2550000,53370,,0.0,0,包含公共設施保留地用地；,RPVOMLMJPHLGFAD38DA,38.64,0.0,0.0,有,
安平區,房地(土地+建物),臺南市安平區慶平路２００號十三樓之２、慶平路２００號十三樓之３,5.5,商,,,1150617,土地1建物1車位0,十三層,十三層,住宅大樓(11層含以上有電梯),住家用,鋼筋混凝土造,0841024,74.91,2,1,1,有,有,4500000,60072,,0.0,0,地下二層車位一個，坡道機械式上層，車位編號A21陽台外推；,RPWNMLOLPHLGFAD78DA,41.61,0.0,8.07,有,150
安平區,房地(土地+建物)+車位,臺南市安平區永華八街１９３巷１８號之４,31.68,住,,,1150619,土地1建物1車位1,五層,六層,華廈(10層含以下有電梯),住家用,鋼筋混凝土造,0811024,155.76,4,2,2,有,有,8600000,55213,坡道平面,0.0,0,其他增建；,RPTNMLRLPHLGFAD78DA,93.79,1.55,12.12,有,
安平區,房地(土地+建物),臺南市安平區育平路２１２號十七樓之２４,8.53,住,,,1150622,土地1建物1車位0,十七層,十七層,住宅大樓(11層含以上有電梯),住家用,鋼筋混凝土造,0840729,77.6,2,2,1,有,有,5150000,66366,,0.0,0,,RPUNMLRLPHLGFAD88DA,52.27,1.32,7.68,有,151
東區,房地(土地+建物)+車位,臺南市東區崇賢三路６號六樓之５,40.81,住,,,1150624,土地1建物1車位2,六層,十五層,住宅大樓(11層含以上有電梯),住家用,鋼筋混凝土構造,1071205,234.91,3,2,2,有,有,28880000,141521,坡道平面,52.04,3000000,,RPWNMLOLOHLGFCD88DA,112.63,0.0,12.75,有,152
南區,土地,中和段411地號,49.0,都市：其他:住宅區,,,1150617,土地1建物0車位0,,,其他,,,,0.0,0,0,0,無,無,2979100,60798,,0.0,0,親友、員工、共有人或其他特殊關係間之交易；未登記建物；,RPSOMLNJPHLGFCD38DA,0.0,0.0,0.0,無,
東區,房地(土地+建物),臺南市東區仁和路１１３巷２０號,16.67,都市：其他:住宅區,,,1150622,土地2建物1車位0,全,二層,透天厝,住家用,加強磚造,0600919,16.08,4,2,2,有,無,1310212,81481,,0.0,0,親友、員工、共有人或其他特殊關係間之交易；包含公共設施保留地用地；,RPPNMLRLPHLGFCD58DA,16.08,0.0,0.0,無,
鹽水區,房地(土地+建物),臺南市鹽水區仁愛路６２０之５號,114.18,住,,,1150601,土地2建物1車位0,全,三層,透天厝,住家用,鋼筋混凝土造,1121016,155.22,4,2,3,有,無,9100000,58626,,0.0,0,,RPPNMLKLPHLGFDD97DA,144.28,0.0,10.65,無,153
佳里區,土地,鎮安段845地號,87.48,,鄉村區,乙種建築用地,1150630,土地2建物0車位0,,,其他,,,,0.0,0,0,0,無,無,3500000,40009,,0.0,0,未登記建物；,RPUNMLKKPHLGFGD68DA,0.0,0.0,0.0,無,154
西港區,土地,港安段1139地號,167.17,住,,,1150629,土地2建物0車位0,,,其他,,,,0.0,0,0,0,無,無,7280000,43548,,0.0,0,包含公共設施保留地用地；,RPRNMLLLPHLGFGD58DA,0.0,0.0,0.0,無,
西港區,土地,港東段2866地號,456.65,,鄉村區,乙種建築用地,1150619,土地1建物0車位0,,,其他,,,,0.0,0,0,0,無,無,7000000,15329,,0.0,0,同段2877、2879地號土地持分一併贈與移轉予買方,RPRNMLNLPHLGFGD78DA,0.0,0.0,0.0,無,
佳里區,房地(土地+建物),臺南市佳里區佳里興２５９之３８號,116.88,,鄉村區,乙種建築用地,1150609,土地2建物1車位0,全,三層,透天厝,住家用,鋼筋混凝土造,1110707,156.69,3,2,3,有,無,8000000,51056,,0.0,0,,RPQNMLRLPHLGFGD09DA,148.62,0.0,8.07,無,
北門區,土地,溪底寮段852地號,282.6,,鄉村區,乙種建築用地,1150622,土地1建物0車位0,,,其他,,,,0.0,0,0,0,無,無,850000,3008,,0.0,0,親友、員工、共有人或其他特殊關係間之交易；,RPOOMLRLPHLGFGD98DA,0.0,0.0,0.0,無,
學甲區,房地(土地+建物),臺南市學甲區麻學路三段１２１巷１７號,78.16,,鄉村區,乙種建築用地,1150629,土地4建物1車位0,全,四層,透天厝,住家用,鋼筋混凝土造,1150303,169.93,4,2,4,有,無,8560000,50374,,0.0,0,,RPOOMLSLPHLGFGD09DA,154.7,0.0,15.23,無,
佳里區,房地(土地+建物),臺南市佳里區佳南路１１３巷１８號,86.61,住,,,1150625,土地2建物1車位0,全,三層,透天厝,住家用,鋼筋混凝土造,1141118,151.85,5,1,3,有,無,13800000,90879,,0.0,0,,RPPOMLSLPHLGFGD56DA,134.45,0.0,17.4,無,
西港區,房地(土地+建物),臺南市西港區後營１６７之２１號,87.62,,鄉村區,乙種建築用地,1150627,土地4建物1車位0,全,四層,透天厝,住家用,鋼筋混凝土造,1100217,164.79,4,2,5,有,無,12680000,76946,,0.0,0,陽台外推；,RPQOMLSLPHLGFGD66DA,142.18,0.0,22.61,無,155
新市區,房地(土地+建物)+車位,臺南市新市區富安二街１３１號六樓之２,27.8,住,,,1150604,土地1建物1車位1,六層,六層,華廈(10層含以下有電梯),住家用,鋼筋混凝土造,1071206,88.38,2,2,2,有,有,8800000,99570,一樓平面,10.65,0,,RPXNMLOLPHLGFHD96DA,52.51,2.71,4.73,有,156
新化區,房地(土地+建物),臺南市新化區拔林２１８之２９號,217.06,,鄉村區,乙種建築用地,1150609,土地3建物1車位0,全,二層,透天厝,住商用,加強磚造,0711222,111.83,3,3,2,有,無,6500000,58124,,0.0,0,,RPSNMLRLPHLGFHD76DA,111.83,0.0,0.0,無,
新化區,土地,新化段太子廟小段124地號,2211.0,,一般農業區,農牧用地,1150625,土地1建物0車位0,,,其他,,,,0.0,0,0,0,無,無,9286200,4200,,0.0,0,,RPVNMLRLPHLGFHD07DA,0.0,0.0,0.0,無,
仁德區,房地(土地+建物),臺南市仁德區中山路５１３號七樓之２,5.73,商,,,1150619,土地1建物1車位0,七層,十四層,住宅大樓(11層含以上有電梯),住家用,鋼筋混凝土造,0870813,73.17,2,2,2,有,有,4200000,57401,,0.0,0,,RPXNMLNKPHLGFID86DA,54.67,0.0,1.85,有,
南化區,土地,頭份段482地號,5002.9,,山坡地保育區,農牧用地,1150612,土地1建物0車位0,,,其他,,,,0.0,0,0,0,無,無,1800000,360,,0.0,0,,RPPNMLRKPHLGFJD56DA,0.0,0.0,0.0,無,
永康區,房地(土地+建物),臺南市永康區尚頂里南台街１３巷３９號十四樓之２,10.99,住,,,1150625,土地1建物1車位0,十四層,十六層,住宅大樓(11層含以上有電梯),住家用,鋼筋混凝土造,0840523,109.07,3,2,2,有,有,6200000,56844,,0.0,0,,RPRNMLSLPHLGFKD07DA,76.75,1.32,11.62,有,
永康區,房地(土地+建物),臺南市永康區南灣街２１號十二樓之９,18.43,住,,,1150619,土地1建物1車位0,十二層,十三層,住宅大樓(11層含以上有電梯),住家用,鋼筋混凝土造,1141212,77.25999999999999,2,1,2,有,有,8500000,110018,,0.0,0,含裝潢費；,RPWNMLSLPHLGFKD57DA,45.41,0.0,4.95,有,
新營區,房地(土地+建物),臺南市新營區中華路９２之５號二樓之五,17.9,住,,,1150629,土地1建物1車位0,二層,五層,華廈(10層含以下有電梯),住家用,鋼筋混凝土造,1150330,53.64,1,1,1,有,無,4500000,83893,,0.0,0,其他；,RPQNMLTLPHLGFDD09EA,35.38,0.0,3.8,有,
北區,房地(土地+建物),臺南市北區開元路６６巷３５號三樓,31.25,都市：其他:住宅區,,,1150608,土地2建物1車位0,三層，電梯樓梯間,五層,公寓(5樓含以下無電梯),住家用,鋼筋混凝土造,0700529,91.77,3,2,2,有,無,4000000,43587,,0.0,0,,RPTNMLPKOHLGFAD38DA,84.02,0.0,0.0,無,
北區,房地(土地+建物),臺南市北區開元路５１９號二十四樓之１１,7.44,商,,,1150620,土地3建物1車位0,二十四層,二十四層,住宅大樓(11層含以上有電梯),住家用,鋼筋混凝土構造,1041105,103.41,2,2,1,有,有,7800000,75428,,0.0,0,,RPRNMLLJPHLGFAD77DA,63.63,1.8,7.24,有,
中西區,土地,觀音段365-3地號,17.66,商,,,1150625,土地2建物0車位0,,,其他,,,,0.0,0,0,0,無,無,4226214,239310,,0.0,0,畸零地或有合併使用效益；政府機關標讓售；,RPWNMLKKPHLGFAD28DA,0.0,0.0,0.0,無,
中西區,房地(土地+建物)+車位,臺南市中西區民生路二段４２０號二十樓之５,25.6,商,,,1150625,土地1建物1車位2,二十層,二十七層,住宅大樓(11層含以上有電梯),住家用,鋼筋混凝土構造,1091029,300.31,3,2,3,有,有,33990000,113183,坡道平面,51.22,0,,RPRNMLTLPHLGFAD78DA,150.7,0.0,19.8,有,
安南區,房地(土地+建物)+車位,臺南市安南區仁安一街５號四樓之１,39.78,住,,,1150628,土地1建物1車位1,四層,五層,華廈(10層含以下有電梯),住家用,鋼筋混凝土造,1141001,105.0,3,1,2,有,有,10500000,97534,一樓平面,13.75,1600000,,RPWNMLMLPHLGFBD68DA,65.78,0.0,9.35,有,
安南區,房地(土地+建物),臺南市安南區安中路四段３４１號,100.64,住,,,1150616,土地1建物1車位0,全,三層,透天厝,住商用,鋼筋混凝土造,1051125,195.26,5,2,4,有,無,17000000,87063,,0.0,0,陽台外推；其他增建；,RPSNMLOLPHLGFBD48DA,185.66,0.0,9.6,無,
南區,房地(土地+建物)+車位,臺南市南區水交社路２０巷１１號七樓,24.07,住,,,1150603,土地2建物1車位1,七層,七層,華廈(10層含以下有電梯),住家用,鋼筋混凝土構造,1071114,148.07,3,2,2,有,有,11700000,79017,坡道平面,35.45,0,其他增建；,RPOOMLKLPHLGFCD87DA,72.13,2.37,4.14,有,
南區,房地(土地+建物),臺南市南區健康路二段２２８號,107.0,住,,,1150612,土地1建物1車位0,全,四層,透天厝,住商用,鋼筋混凝土造,0700105,294.96,7,3,3,有,無,23000000,77977,,0.0,0,陽台外推；頂樓加蓋；其他增建；,RPUNMLSLPHLGFCD56DA,294.96,0.0,0.0,無,
新營區,房地(土地+建物)+車位,臺南市新營區文昌街２之８號十三樓之六,15.61,商,,,1150625,土地1建物1車位1,十三層,十四層,住宅大樓(11層含以上有電梯),住家用,鋼筋混凝土造、鋼骨造,1140625,92.89,2,2,2,有,有,7700000,82894,其他,4.71,0,買房優惠專案,RPRNMLKMPHLGFDD28DA,56.61,0.0,4.4,有,
新營區,房地(土地+建物)+車位,臺南市新營區文昌街２之８號十一樓之六,15.61,商,,,1150618,土地1建物1車位1,十一層,十四層,住宅大樓(11層含以上有電梯),住家用,鋼筋混凝土造、鋼骨造,1140625,92.89,2,2,2,有,有,7600000,81817,其他,4.71,0,買房優惠專案,RPSNMLKMPHLGFDD38DA,56.61,0.0,4.4,有,
白河區,土地,內角段1061地號,3285.0,,一般農業區,農牧用地,1150608,土地2建物0車位0,,,其他,,,,0.0,0,0,0,無,無,5200000,1583,,0.0,0,,RPTNMLOLPHLGFED88DA,0.0,0.0,0.0,無,
西港區,土地,金砂段48地號,1057.0,,特定農業區,農牧用地,1150618,土地1建物0車位0,,,其他,,,,0.0,0,0,0,無,無,2600000,2460,,0.0,0,農作物；,RPROMLOLPHLGFGD98DA,0.0,0.0,0.0,無,
佳里區,房地(土地+建物)+車位,臺南市佳里區佳興一街３２巷３９號十樓之５,36.48,,鄉村區,乙種建築用地,1150622,土地3建物1車位1,十層,十層,華廈(10層含以下有電梯),住家用,鋼筋混凝土造,1131016,148.2,3,2,2,有,有,8620000,64759,坡道平面,29.76,950000,含裝潢費；含傢俱設備費；,RPSNMLRLPHLGFGD66DA,80.9,0.0,3.74,有,
佳里區,房地(土地+建物),臺南市佳里區佳化一街１５３巷１７號,310.44,,鄉村區,乙種建築用地,1150616,土地2建物1車位0,全,一層,透天厝,住家用,磚造,0651205,112.05,3,2,2,有,無,8200000,73182,,0.0,0,,RPTNMLRLPHLGFGD76DA,112.05,0.0,0.0,無,
佳里區,房地(土地+建物)+車位,臺南市佳里區佳青路一段２０２號五樓之１０,23.12,,一般農業區,甲種建築用地,1150622,土地1建物1車位1,五層,五層,華廈(10層含以下有電梯),住家用,鋼筋混凝土造,1141003,84.16,2,2,1,有,有,6080000,71039,一樓平面,12.65,1000000,,RPTNMLTLPHLGFGD96DA,44.2,0.0,8.92,有,
學甲區,土地,西進段1463地號,1049.0,,特定農業區,農牧用地,1150630,土地1建物0車位0,,,其他,,,,0.0,0,0,0,無,無,900000,858,,0.0,0,親友、員工、共有人或其他特殊關係間之交易；,RPQNMLKMPHLGFGD48DA,0.0,0.0,0.0,無,
安定區,房地(土地+建物)+車位,臺南市安定區許中營９２之８號二樓之１１,30.36,,特定農業區,甲種建築用地,1150629,土地2建物1車位1,二層,七層,華廈(10層含以下有電梯),住家用,鋼筋混凝土造,1131011,134.28,3,2,2,有,有,9980000,74568,一樓平面,23.24,1700000,其他增建；,RPRNMLOKPHLGFHD88DA,68.05,0.0,7.07,有,
善化區,房地(土地+建物)+車位,臺南市善化區公園路１５７號三樓之１,20.05,商,,,1150621,土地1建物1車位1,三層,十五層,住宅大樓(11層含以上有電梯),住家用,鋼筋混凝土造,1130718,132.55,3,2,2,有,有,12800000,96567,坡道平面,25.31,0,,RPOOMLSLPHLGFHD56DA,64.64,0.0,6.38,有,
安定區,房地(土地+建物)+車位,臺南市安定區港口４３之３號六樓之１,28.57,,鄉村區,乙種建築用地,1150615,土地1建物1車位1,六層,九層,華廈(10層含以下有電梯),住家用,鋼筋混凝土造,1140312,129.42000000000002,3,2,2,有,有,9650000,81565,一樓平面,29.5,1500000,,RPSNMLKMPHLGFHD78DA,64.07,0.0,6.11,有,
新市區,房地(土地+建物)+車位,臺南市新市區富中街１４８號三樓之２,34.2,住,,,1150627,土地1建物1車位1,三層,七層,華廈(10層含以下有電梯),住家用,鋼筋混凝土造,1080821,92.26,2,2,2,有,有,9800000,106222,一樓平面,11.3,0,,RPTNMLKMPHLGFHD88DA,55.78,0.0,4.49,有,
仁德區,房地(土地+建物)+車位,臺南市仁德區崇聖路一段１２號十三樓之２,15.39,住,,,1150627,土地1建物1車位1,十三層,十四層,住宅大樓(11層含以上有電梯),住家用,鋼筋混凝土造,1131015,114.63,2,2,1,有,有,9600000,97833,坡道平面,31.12,1430000,,RPXNMLTLOHLGFID47DA,54.51,0.0,3.19,有,
仁德區,房地(土地+建物),臺南市仁德區仁德里文山路１８５號,83.38,住,,,1150630,土地1建物1車位0,全,四層,透天厝,住家用,鋼筋混凝土造,0931103,202.91,4,2,4,有,無,22380000,110295,,0.0,0,其他增建；,RPTNMLPKPHLGFID66DA,192.05,4.02,6.84,無,
永康區,房地(土地+建物)+車位,臺南市永康區六合里中華二路３４０巷１６號八樓之１,25.63,住,,,1150624,土地1建物1車位1,八層,十六層,住宅大樓(11層含以上有電梯),住家用,鋼筋混凝土造,0811016,182.89,4,2,2,有,有,11000000,62516,坡道平面,30.93,1500000,其他增建；,RPXOMLOLOHLGFKD27DA,111.3,0.57,14.52,有,
永康區,土地,忠孝段942地號,237.26,住,,,1150608,土地1建物0車位0,,,其他,,,,0.0,0,0,0,無,無,12200900,51424,,0.0,0,,RPQNMLNJPHLGFKD88DA,0.0,0.0,0.0,無,
永康區,房地(土地+建物),臺南市永康區大仁街７１巷１９之２號,95.0,住,,,1150619,土地1建物1車位0,全,四層,透天厝,住家用,鋼筋混凝土構造,1020326,222.2,5,2,6,有,無,19800000,89109,,0.0,0,其他增建；,RPTNMLRJPHLGFKD96DA,198.09,0.0,24.11,無,
永康區,房地(土地+建物)+車位,臺南市永康區龍國街２２號九樓之７,22.77,住,,,1150606,土地1建物1車位1,九層,十三層,住宅大樓(11層含以上有電梯),住家用,鋼筋混凝土構造,1120518,114.77,2,2,1,有,有,10680000,93056,坡道平面,26.56,0,,RPSNMLSLPHLGFKD17DA,51.24,0.0,5.17,有,
永康區,房地(土地+建物),臺南市永康區成功路１３７號,84.38,住,,,1150605,土地1建物1車位0,全,二層,透天厝,住家用,鋼筋混凝土造,0770903,148.43,4,2,3,有,無,12680000,85427,,0.0,0,頂樓加蓋；其他增建；,RPTNMLSLPHLGFKD27DA,116.42,19.0,13.01,無,
永康區,房地(土地+建物),臺南市永康區中華二路２０６巷６９弄５號,75.83,住,,,1150628,土地1建物1車位0,全,三層,透天厝,住商用,鋼筋混凝土造,0720929,155.82,5,2,3,有,無,10200000,65460,,0.0,0,,RPWNMLTLPHLGFKD67DA,137.82,5.64,12.36,無,
北區,房地(土地+建物)+車位,臺南市北區育賢街８８號十一樓之３,62.52,住,,,1150530,土地1建物1車位2,十一層,二十一層,住宅大樓(11層含以上有電梯),住家用,鋼筋混凝土構造,1060706,364.28,3,2,3,有,有,38180000,121806,坡道平面,75.46,3000000,其他增建；,RPQNMLKMNHLGFAD67DA,177.0,0.0,25.73,有,157
安南區,土地,國安段1534-8地號,223.95,住,,,1150511,土地1建物0車位0,,,其他,,,,0.0,0,0,0,無,無,23500000,104934,,0.0,0,,RPPNMLMKOHLGFBD77DA,0.0,0.0,0.0,無,
安南區,房地(土地+建物),臺南市安南區安富街２１巷４７號,108.84,住,,,1150501,土地1建物1車位0,全,四層,透天厝,住家用,鋼筋混凝土造,1091014,227.75,5,2,5,有,無,13500000,59276,,0.0,0,親友、員工、共有人或其他特殊關係間之交易；,RPPOMLPLOHLGFBD28DA,207.12,0.0,20.63,無,158
安南區,土地,鎮安段1783地號,112.86,住,,,1150522,土地1建物0車位0,,,其他,,,,0.0,0,0,0,無,無,6000000,53163,,0.0,0,,RPOOMLOKPHLGFBD08DA,0.0,0.0,0.0,無,
東區,房地(土地+建物),臺南市東區裕孝路２９５之２號,80.02,住,,,1150521,土地2建物1車位0,全,四層,透天厝,住家用,鋼筋混凝土造,0910708,208.37,4,2,3,有,有,21580000,103566,,0.0,0,陽台外推；頂樓加蓋；,RPWNMLPKPHLGFCD98DA,185.63,0.0,22.74,無,
東區,房地(土地+建物),臺南市東區崇德十八街７２號,105.0,商,,,1150510,土地1建物1車位0,全,四層,透天厝,住商用,鋼筋混凝土造,0710326,368.45,6,2,4,有,無,16000000,43425,,0.0,0,其他增建/防火巷增建/天井增建/陽台增建其他增建；,RPUNMLRKPHLGFCD98DA,363.93,0.0,4.52,無,
新營區,房地(土地+建物),臺南市新營區民族路３３０巷６１號,380.16,住,,,1150505,土地1建物1車位0,全,一層,透天厝,住家用,鋼骨構造有牆,1010215,155.61,4,3,2,有,無,24750000,159051,,0.0,0,本買賣分拆土地建物價格：土地新台幣貳仟參佰貳拾伍萬元整，地上建物為新台幣壹佰伍拾萬元整。其他增建；,RPROMLLLNHLGFDD18DA,155.61,0.0,0.0,無,
六甲區,房地(土地+建物),臺南市六甲區龜子港１１１巷６８弄１０１號,93.6,,特定農業區,甲種建築用地,1150531,土地6建物1車位0,全,二層,透天厝,住家用,鋼筋混凝土構造,1090910,92.58,4,2,3,有,無,7300000,78851,,0.0,0,頂樓加蓋；,RPSNMLQKPHLGFFD98DA,77.33,0.0,15.25,無,159
西港區,房地(土地+建物),臺南市西港區大竹林１１５之２號,112.04,,鄉村區,乙種建築用地,1150524,土地1建物1車位0,全,三層,透天厝,住家用,鋼筋混凝土造,1131105,196.24,5,2,5,有,無,16000000,81533,,0.0,0,,RPRNMLPKPHLGFGD88DA,182.7,0.0,13.54,無,
安定區,房地(土地+建物),臺南市安定區許中營８２之１２號四樓之８,25.82,,鄉村區,乙種建築用地,1150513,土地3建物1車位0,四層,八層,華廈(10層含以下有電梯),住家用,鋼筋混凝土造,1131127,81.81,2,2,1,有,有,6770000,82753,,0.0,0,,RPOOMLTJPHLGFHD09DA,52.83,0.0,2.75,有,
善化區,土地,東勢寮段一小段861地號,333.67,,特定農業區,農牧用地,1150528,土地1建物0車位0,,,其他,,,,0.0,0,0,0,無,無,1270000,3806,,0.0,0,,RPQNMLPKPHLGFHD88DA,0.0,0.0,0.0,無,160
安定區,房地(土地+建物)+車位,臺南市安定區港子尾５７之１５號四樓之１,30.01,,鄉村區,乙種建築用地,1150508,土地2建物1車位1,四層,七層,華廈(10層含以下有電梯),住家用,鋼筋混凝土造,1140214,105.31,3,2,2,有,有,9280000,87932,其他,9.44,850000,土地:212萬元建物:631萬元車位:85萬元,RPUNMLPKPHLGFHD66DA,68.61,0.0,4.73,有,
關廟區,房地(土地+建物),臺南市關廟區深坑三街２５巷５６弄６號,100.11,,鄉村區,乙種建築用地,1150529,土地2建物1車位0,全,三層,透天厝,住家用,鋼筋混凝土造,1130429,169.3,4,2,3,有,無,13000000,76787,,0.0,0,頂樓加蓋；其他增建；,RPTNMLNKPHLGFID09DA,159.4,0.0,9.9,無,161
仁德區,土地,崁腳南段276-4地號,505.95,農,,,1150520,土地2建物0車位0,,,其他,,,,0.0,0,0,0,無,無,23000000,45459,,0.0,0,親友、員工、共有人或其他特殊關係間之交易；,RPPNMLQKPHLGFID98DA,0.0,0.0,0.0,無,162
楠西區,土地,鹿田段540地號,2920.86,,一般農業區,農牧用地,1150521,土地1建物0車位0,,,其他,,,,0.0,0,0,0,無,無,4000000,1369,,0.0,0,,RPQNMLSLNHLGFJD66DA,0.0,0.0,0.0,無,
楠西區,房地(土地+建物),臺南市楠西區博愛路２３３巷１９號,97.68,住,,,1150506,土地1建物1車位0,全,四層,透天厝,住家用,ＲＣ造,0850604,184.1,4,2,3,有,無,3600000,19555,,0.0,0,其他增建；,RPPNMLQKPHLGFJD09DA,184.1,0.0,0.0,無,
永康區,房地(土地+建物),臺南市永康區中山南路４３巷３３之６號,23.87,住,,,1150530,土地1建物1車位0,七層,七層,華廈(10層含以下有電梯),住家用,鋼筋混凝土造,0701230,134.36,3,2,2,有,有,5700000,42423,,0.0,0,陽台外推；其他增建；,RPPNMLKKPHLGFKD58DA,92.12,0.0,17.38,有,163
永康區,房地(土地+建物)+車位,臺南市永康區東橋十二街５５號十三樓之２,22.12,住,,,1150527,土地1建物1車位1,十三層,十五層,住宅大樓(11層含以上有電梯),住家用,鋼筋混凝土構造,1060623,136.54,3,2,2,有,有,14800000,108393,坡道平面,28.27,0,其他增建/陽台增建/工作陽台採光罩其他增建；,RPTNMLQKPHLGFKD96DA,69.5,0.0,5.58,有,
安平區,房地(土地+建物),臺南市安平區建平五街１３１巷１８弄２２號,103.0,住,,,1150527,土地1建物1車位0,全,三層,透天厝,住商用,鋼筋混凝土造,0790612,217.22,4,2,4,有,無,19000000,87469,,0.0,0,,RPPNMLRKPHLGFAD38EA,207.27,0.0,9.95,無,
中西區,房地(土地+建物),臺南市中西區慶中街１９４號四樓,31.1,住,,,1150530,土地1建物1車位0,四層,五層,公寓(5樓含以下無電梯),住家用,鋼筋混凝土造,0751218,122.69,4,1,4,有,無,5500000,44828,,0.0,0,陽台外推；,RPUNMLQKPHLGFAD68DA,89.5,0.0,16.88,無,
安南區,土地,幸福段1135地號,10.37,都市：其他:細部計畫道路用地,,,1150521,土地2建物0車位0,,,其他,,,,0.0,0,0,0,無,無,139500,13452,,0.0,0,包含公共設施保留地用地；,RPPNMLTLOHLGFBD58DA,0.0,0.0,0.0,無,164
安南區,土地,國聖段459地號,2216.09,住,,,1150528,土地7建物0車位0,,,其他,,,,0.0,0,0,0,無,無,73800000,33302,,0.0,0,,RPRNMLSJPHLGFBD58DA,0.0,0.0,0.0,無,165
安南區,房地(土地+建物),臺南市安南區長和路四段１８４巷３０號,95.42,住,,,1150510,土地6建物1車位0,全,四層,透天厝,住家用,鋼筋混凝土造,0820703,225.85,5,2,3,有,無,9900000,43834,,0.0,0,頂樓加蓋；,RPOPMLOKPHLGFBD18DA,196.12,19.63,10.1,無,
東區,房地(土地+建物)+車位,臺南市東區仁東街６３號十樓,22.75,住,,,1150530,土地1建物1車位1,十層,十二層,住宅大樓(11層含以上有電梯),住家用,鋼筋混凝土造,0870919,132.31,3,2,2,有,有,10000000,75580,坡道平面,19.86,0,,RPPNMLQJPHLGFCD28DA,79.02,0.0,10.61,有,166
南區,房地(土地+建物),臺南市南區中華南路二段１５６號,80.0,住,,,1150524,土地1建物1車位0,全,一層,透天厝,商業用,鋼鐵造,0811007,49.55,1,0,1,有,無,7300000,147326,,0.0,0,其他增建；,RPWNMLRKPHLGFCD56DA,49.55,0.0,0.0,無,
東區,房地(土地+建物)+車位,臺南市東區長榮路一段８５號十一樓,40.97,商,,,1150514,土地3建物1車位2,十一層,十五層,住宅大樓(11層含以上有電梯),住家用,鋼筋混凝土造,1000520,442.62,3,2,2,有,有,52500000,118612,坡道平面,59.44,0,,RPQNMLKLPHLGFCD97DA,232.62,11.37,36.98,有,167
東區,房地(土地+建物)+車位,臺南市東區中華東路三段６８號八樓,10.97,都市：其他:住宅區,,,1150531,土地3建物1車位1,八層,十八層,住宅大樓(11層含以上有電梯),住家用,鋼筋混凝土造,0850209,128.82,3,2,2,有,有,8680000,67386,坡道機械,0.0,0,其他增建；,RPRNMLKLPHLGFCD08DA,75.39,0.0,12.31,有,168
白河區,土地,新興段32地號,1357.0,工,,,1150518,土地1建物0車位0,,,其他,,,,0.0,0,0,0,無,無,19700000,14517,,0.0,0,,RPPNMLKLPHLGFED08DA,0.0,0.0,0.0,無,
麻豆區,房地(土地+建物),臺南市麻豆區大埕里新生北路６９６號,99.15,住,,,1150529,土地1建物1車位0,全,三層,透天厝,住商用,鋼筋混凝土構造,1040417,208.23,4,2,4,有,無,16000000,76838,,0.0,0,陽台外推；,RPTNMLRKPHLGFFD56DA,191.05,0.0,17.18,無,
佳里區,房地(土地+建物)+車位,臺南市佳里區佳興六街６１號二樓之５,37.64,,鄉村區,乙種建築用地,1150522,土地1建物1車位1,二層,五層,華廈(10層含以下有電梯),住家用,鋼筋混凝土造,1090416,118.28,2,1,1,有,無,5500000,46500,一樓平面,10.17,0,,RPSNMLQLOHLGFGD09DA,75.16,0.0,5.91,有,169
佳里區,房地(土地+建物),臺南市佳里區六順路２２巷１號,491.26,住,,,1150504,土地2建物1車位0,全,三層,透天厝,住家用,鋼筋混凝土造,1001025,413.39,7,2,7,有,無,35800000,86601,,0.0,0,其他增建；,RPVNMLOKPHLGFGD56DA,394.79,0.0,18.6,無,170
七股區,房地(土地+建物),臺南市七股區樹林５５之７號,69.77,,鄉村區,乙種建築用地,1150528,土地2建物1車位0,全,四層,透天厝,住家用,鋼筋混凝土造,1120420,151.72,4,2,3,有,無,8400000,55365,,0.0,0,其他增建；,RPTNMLRKPHLGFGD66DA,129.03,0.0,22.69,無,171
歸仁區,房地(土地+建物)+車位,臺南市歸仁區化十二街１號一樓之２,37.48,住,,,1150526,土地1建物1車位1,一層,六層,華廈(10層含以下有電梯),住家用,鋼筋混凝土造,1140107,140.26,2,2,2,有,有,12710000,90617,一樓平面,27.67,0,,RPQPMLRKPHLGFID76DA,67.15,0.0,12.17,有,172
關廟區,土地,新埔段523地號,1101.0,,一般農業區,農牧用地,1150526,土地1建物0車位0,,,其他,,,,0.0,0,0,0,無,無,2650000,2407,,0.0,0,農作物；,RPRPMLRKPHLGFID86DA,0.0,0.0,0.0,無,173
永康區,房地(土地+建物)+車位,臺南市永康區龍安街２５３號七樓之３,17.23,住,,,1150510,土地1建物1車位1,七層,八層,華廈(10層含以下有電梯),住家用,鋼筋混凝土造,0850109,109.49,3,2,2,有,有,5400000,49320,坡道機械,0.0,0,陽台外推；,RPQNMLQKPHLGFKD66DA,65.55,0.0,13.31,有,
北區,房地(土地+建物),臺南市北區北園街１２８巷１９弄１４號,84.0,住,,,1150505,土地2建物1車位0,全,二層,透天厝,住家用,加強磚造,0690620,78.72,9,0,9,有,無,10000000,127033,,0.0,0,,RPQNMLQKPHLGFAD38EA,78.72,0.0,0.0,無,174
將軍區,土地,苓子寮段一小段301地號,727.0,,特定農業區,農牧用地,1150513,土地2建物0車位0,,,其他,,,,0.0,0,0,0,無,無,619000,851,,0.0,0,政府機關標讓售；,RPQNMLKLPHLGFGD48EA,0.0,0.0,0.0,無,
安定區,土地,保安段1166地號,94.53,住,,,1150513,土地1建物0車位0,,,其他,,,,0.0,0,0,0,無,無,2637387,27900,,0.0,0,政府機關標讓售；,RPPNMLKLPHLGFHD48EA,0.0,0.0,0.0,無,
北區,土地,小北段998-162地號,174.42,住,,,1150516,土地1建物0車位0,,,其他,,,,0.0,0,0,0,無,無,28800000,165119,,0.0,0,,RPXNMLSJPHLGFAD09DA,0.0,0.0,0.0,無,
安平區,房地(土地+建物),臺南市安平區建平十七街２３１號十一樓之１０,6.77,商,,,1150515,土地1建物1車位0,十一層,十七層,住宅大樓(11層含以上有電梯),住家用,鋼筋混凝土造,0840829,133.41,3,2,2,有,有,7200000,53969,,0.0,0,,RPXNMLQKPHLGFAD98DA,92.34,0.0,9.3,有,175
北區,房地(土地+建物)+車位,臺南市北區文成一路９２號六樓之３,26.96,住,,,1150520,土地1建物1車位1,六層,十五層,住宅大樓(11層含以上有電梯),住家用,鋼筋混凝土構造,1120411,147.39,2,2,2,有,有,18180000,123346,坡道平面,19.79,0,,RPRNMLLLPHLGFAD97DA,75.58,0.0,8.73,有,176
中西區,房地(土地+建物)+車位,臺南市中西區中華西路二段８３５號十樓之２,16.1,住,,,1150519,土地1建物1車位1,十層,二十二層,住宅大樓(11層含以上有電梯),住家用,鋼筋混凝土構造,1120323,179.19,3,2,2,有,有,19800000,110497,坡道平面,27.08,0,,RPTNMLLLPHLGFAD18DA,89.77,1.35,9.71,有,177
安南區,房地(土地+建物),臺南市安南區仁安路１２７號,121.96,住,,,1150523,土地1建物1車位0,全,四層,透天厝,住家用,鋼筋混凝土造,1121201,239.22,5,2,5,有,無,22000000,91966,,0.0,0,未登記建物；,RPVNMLRKPHLGFBD98DA,210.73,0.0,28.49,無,
東區,房地(土地+建物),臺南市東區大同路一段３２９巷２６號,31.48,商,,,1150509,土地2建物1車位0,一層，騎樓,,公寓(5樓含以下無電梯),,,,105.51,3,2,2,有,無,3850000,36489,,0.0,0,,RPQNMLKKPHLGFCD87DA,78.7,0.0,0.0,無,
南區,房地(土地+建物),臺南市南區萬年七街１５１號九樓之３,25.92,住,,,1150515,土地1建物1車位0,九層,十五層,住宅大樓(11層含以上有電梯),住家用,鋼筋混凝土造,1140417,119.71,3,2,2,有,有,10880000,90886,,0.0,0,,RPPNMLNKPHLGFCD08DA,68.84,0.0,9.12,有,
麻豆區,房地(土地+建物),臺南市麻豆區大埕里大埕８３之８號五樓,30.85,住,,,1150513,土地1建物1車位0,五層,六層,華廈(10層含以下有電梯),住家用,鋼筋混凝土造,0830524,128.53,3,2,2,有,有,4600000,35789,,0.0,0,,RPPNMLKLPHLGFFD18DA,78.96,0.48,10.04,有,
佳里區,土地,子龍段232地號,326.0,,特定農業區,甲種建築用地,1150525,土地1建物0車位0,,,其他,,,,0.0,0,0,0,無,無,7500000,23006,,0.0,0,未登記建物；,RPQNMLLLPHLGFGD48DA,0.0,0.0,0.0,無,
山上區,土地,明北段786地號,3397.66,,工業區,農牧用地,1150525,土地1建物0車位0,,,其他,,,,0.0,0,0,0,無,無,174899280,51476,,0.0,0,,RPRNMLKLPHLGFHD58DA,0.0,0.0,0.0,無,
歸仁區,房地(土地+建物),臺南市歸仁區武東里中正南路二段８６號,147.82,住,,,1150525,土地2建物1車位0,全,四層,透天厝,住商用,鋼筋混凝土造,0970128,216.17,4,2,3,有,無,18000000,83268,,0.0,0,頂樓其他增建；,RPVNMLTJPHLGFID17DA,181.68,8.53,25.96,無,
歸仁區,房地(土地+建物)+車位,臺南市歸仁區智慧三街１號十二樓之１,24.0,住,,,1150525,土地1建物1車位1,十二層,十三層,住宅大樓(11層含以上有電梯),住家用,鋼筋混凝土造,1140918,116.89,2,2,1,有,有,10520000,96689,坡道平面,25.67,1700000,,RPOOMLPKPHLGFID88DA,54.63,0.0,5.91,有,
仁德區,房地(土地+建物)+車位,臺南市仁德區賢路一段７巷２３號五樓之２,24.57,住,,,1150527,土地1建物1車位1,五層,十三層,住宅大樓(11層含以上有電梯),住家用,鋼筋混凝土造,1141231,151.39,3,2,2,有,有,10200000,73423,坡道平面,33.58,1550000,親友、員工、共有人或其他特殊關係間之交易；,RPQNMLKLPHLGFID58DA,69.27,0.0,7.75,有,
永康區,房地(土地+建物),臺南市永康區勝華街１３６號,15.31,住,,,1150513,土地1建物1車位0,一層，地下一層,十二層,住宅大樓(11層含以上有電梯),商業用,鋼筋混凝土造,0880426,129.17000000000002,3,3,3,有,有,7150000,55353,,0.0,0,夾層；,RPUOMLTLNHLGFKD37DA,109.18,0.0,0.0,有,178
永康區,房地(土地+建物)+車位,臺南市永康區鹽洲里鹽行路１４６巷２０弄１３之７號,16.22,住,,,1150529,土地1建物1車位1,五層,十一層,住宅大樓(11層含以上有電梯),住家用,鋼筋混凝土造,0841222,117.51,3,2,2,有,有,7500000,63824,坡道平面,0.0,0,,RPPOMLLLPHLGFKD88DA,79.17,0.88,8.29,有,
北區,房地(土地+建物)+車位,臺南市北區長榮路五段８號八樓之２,29.59,住,,,1150509,土地2建物1車位1,八層,十三層,住宅大樓(11層含以上有電梯),住家用,鋼筋混凝土造,0920916,159.8,3,2,2,有,有,11200000,70088,坡道平面,0.0,0,,RPPNMLTJNHLGFAD18DA,87.26,0.0,11.1,有,
北區,房地(土地+建物)+車位,臺南市北區臨安路二段５５號五樓之３,12.46,住,,,1150527,土地1建物1車位1,五層,十五層,住宅大樓(11層含以上有電梯),住家用,鋼筋混凝土造,0821119,119.94,3,2,2,有,有,8100000,67534,坡道機械,0.0,0,陽台外推；,RPRRMLKMOHLGFAD28DA,78.61,0.0,6.96,有,
安南區,房地(土地+建物)+車位,臺南市安南區樂活一街２２號六樓,11.22,住,,,1150531,土地1建物1車位1,六層,十九層,住宅大樓(11層含以上有電梯),住家用,鋼筋混凝土造,1100526,109.58000000000001,1,2,1,有,有,8500000,77569,坡道平面,23.35,0,,RPRNMLOLOHLGFBD28DA,45.83,3.42,4.45,有,179
安南區,房地(土地+建物),臺南市安南區安中路一段７０３巷３５之１號,70.82,住,,,1150526,土地14建物1車位0,二層,四層,公寓(5樓含以下無電梯),住家用,鋼筋混凝土造,0700907,102.43,3,2,2,有,無,3600000,35143,,0.0,0,,RPRNMLKLPHLGFBD97DA,80.82,0.01,10.24,無,
安南區,房地(土地+建物),臺南市安南區青砂街一段６９５巷２５號,102.75,住,,,1150505,土地2建物1車位0,全,三層,透天厝,住家用,鋼筋混凝土造,1150123,112.74,3,2,3,有,無,10880000,96505,,0.0,0,,RPXNMLMLPHLGFBD78DA,100.04,0.0,12.7,無,
東區,房地(土地+建物)+車位,臺南市東區東門路三段２６６巷２５號五樓,32.93,住,,,1150502,土地1建物1車位1,五層,十三層,住宅大樓(11層含以上有電梯),住家用,鋼筋混凝土造,1070319,157.78,2,2,2,有,有,14300000,90633,坡道平面,25.77,0,,RPQOMLRKPHLGFCD68DA,81.62,0.0,8.73,有,180
東區,房地(土地+建物)+車位,臺南市東區崇善路８３５巷８號二樓,15.6,住,,,1150530,土地1建物1車位1,二層,九層,華廈(10層含以下有電梯),住家用,鋼筋混凝土造,0831107,137.44,3,2,2,有,有,8300000,60390,坡道機械,0.0,0,,RPQNMLMLPHLGFCD18DA,84.82,0.0,9.85,有,
新化區,土地,北勢段1662-8地號,157.0,,鄉村區,乙種建築用地,1150531,土地1建物0車位0,,,其他,,,,0.0,0,0,0,無,無,6520000,41529,,0.0,0,,RPSOMLRKPHLGFHD76DA,0.0,0.0,0.0,無,
永康區,土地,東橋段196地號,99.02,住,,,1150511,土地3建物0車位0,,,其他,,,,0.0,0,0,0,無,無,17500000,176732,,0.0,0,東橋段196地號成交價新台幣壹仟伍佰玖拾柒萬玖仟貳佰元整。東橋段190、191地號成交價新台幣壹佰伍拾萬元整。未保存建物中山南路485、487號成交價新台幣貳萬捌佰元整。未登記建物；,RPTNMLOKPHLGFKD76DA,0.0,0.0,0.0,無,181
永康區,房地(土地+建物)+車位,臺南市永康區新行街２９１巷２２弄３號三樓之６,33.4,住,,,1150517,土地1建物1車位1,三層,九層,華廈(10層含以下有電梯),住家用,鋼筋混凝土構造,1100331,156.79,3,2,2,有,有,15630000,99687,坡道平面,0.0,0,其他增建；,RPOOMLOKPHLGFKD98DA,78.78,0.0,5.27,有,182
安南區,房地(土地+建物),臺南市安南區公學路四段２３４巷４１號,157.77,住,,,1150528,土地1建物1車位0,全,二層,透天厝,住家用,加強磚造,0690130,131.0,9,1,9,有,無,12500000,95420,,0.0,0,其他增建；,RPPOMLMLPHLGFBD08DA,131.0,0.0,0.0,無,183
南區,房地(土地+建物),臺南市南區喜樹路１１８巷４９號,86.5,農,,,1150530,土地1建物1車位0,全,三層,透天厝,住家用,鋼筋混凝土造,1130719,156.15,4,2,4,有,無,14600000,93500,,0.0,0,,RPRNMLLJOHLGFCD87DA,145.32,0.0,10.83,無,
南區,房地(土地+建物)+車位,臺南市南區大成路一段６６號五樓之３,21.82,住,,,1150523,土地3建物1車位1,五層,七層,華廈(10層含以下有電梯),住家用,鋼筋混凝土造,1051201,121.25,2,2,1,有,有,10000000,82474,坡道平面,25.33,0,,RPTNMLPLOHLGFCD68DA,56.35,1.12,3.59,有,184
東區,房地(土地+建物)+車位,臺南市東區崇賢一路２８號二樓之２,24.48,住,,,1150524,土地1建物1車位1,二層,十五層,住宅大樓(11層含以上有電梯),住家用,鋼筋混凝土造,1140124,157.31,3,2,2,有,有,18660000,121295,坡道平面,21.69,2210000,預售屋、或土地及建物分件登記案件；,RPSOMLOKPHLGFCD58DA,81.29,0.0,6.72,有,
東區,房地(土地+建物)+車位,臺南市東區崇賢一路２８號十四樓之３,15.01,住,,,1150531,土地1建物1車位1,十四層,十五層,住宅大樓(11層含以上有電梯),住家用,鋼筋混凝土造,1140124,104.95,2,2,2,有,有,14190000,144127,坡道平面,21.69,2190000,預售屋、或土地及建物分件登記案件；,RPSNMLPKPHLGFCD58DA,50.29,0.0,3.81,有,
新營區,房地(土地+建物),臺南市新營區民治路５３巷９之３號四樓,37.76,住,,,1150519,土地1建物1車位0,四層,六層,華廈(10層含以下有電梯),住家用,鋼筋混凝土造,0840915,169.55,3,2,2,有,有,7000000,41286,,0.0,0,其他增建；,RPWNMLMLOHLGFDD78DA,105.77,0.0,16.82,有,
麻豆區,房地(土地+建物)+車位,臺南市麻豆區新生南路２１８巷６號十樓之２,41.83,農,,,1150524,土地2建物1車位1,十層,十四層,住宅大樓(11層含以上有電梯),住家用,鋼筋混凝土造,1140122,188.3,3,2,2,有,有,13300000,75093,坡道平面,29.83,1400000,,RPPNMLOLNHLGFFD38DA,95.55,0.0,8.68,有,185
善化區,房地(土地+建物),臺南市善化區小新營２８８之２７號,134.19,住,,,1150523,土地3建物1車位0,全,三層,透天厝,住家用,鋼筋混凝土造,1020730,163.88,3,2,4,有,無,15700000,95802,,0.0,0,,RPQOMLPJOHLGFHD78DA,144.18,0.0,19.7,無,
仁德區,土地,林仔段1005地號,1369.36,工,,,1150508,土地2建物0車位0,,,其他,,,,0.0,0,0,0,無,無,95000000,69375,,0.0,0,包含公共設施保留地用地；,RPUNMLLLPHLGFID09DA,0.0,0.0,0.0,無,
西港區,土地,後營段1358地號,679.0,,特定農業區,農牧用地,1150513,土地1建物0車位0,,,其他,,,,0.0,0,0,0,無,無,1156000,1703,,0.0,0,政府機關標讓售；,RPPNMLOLPHLGFGD78EA,0.0,0.0,0.0,無,
新化區,土地,知母義段244-24地號,101.0,,鄉村區,乙種建築用地,1150511,土地1建物0車位0,,,其他,,,,0.0,0,0,0,無,無,2262500,22401,,0.0,0,,RPPNMLQJPHLGFHD88EA,0.0,0.0,0.0,無,
中西區,房地(土地+建物)+車位,臺南市中西區中華西路二段６４６巷７５號三樓之２,31.93,住,,,1150529,土地1建物1車位1,三層,五層,華廈(10層含以下有電梯),住家用,鋼筋混凝土構造,1110119,93.7,1,2,2,有,有,11050000,117930,其他,12.05,0,,RPRNMLOLOHLGFAD18DA,54.59,0.0,3.3,有,186
安平區,房地(土地+建物)+車位,臺南市安平區國平北路１４７號十九樓之１０,7.13,商,,,1150531,土地1建物1車位1,十九層,三十四層,住宅大樓(11層含以上有電梯),住家用,鋼骨鋼筋混凝土造、鋼筋混凝土造,1140415,104.52000000000001,2,2,2,有,有,7920000,85117,坡道平面,27.92,1400000,本案成交價為792萬元整其房屋價格652萬元整以及車位價格140萬。,RPOOMLRKPHLGFAD28DA,46.19,0.0,3.74,有,187
安南區,房地(土地+建物),臺南市安南區海佃路二段７００巷１９號,79.39,住,,,1150527,土地1建物1車位0,全,四層,透天厝,住家用,鋼筋混凝土造,0970303,198.9,5,2,4,有,無,16300000,81951,,0.0,0,陽台外推；其他增建；,RPSNMLNLPHLGFBD38DA,147.01,0.0,51.89,無,188
南區,房地(土地+建物)+車位,臺南市南區西門路一段３００巷５０號,31.04,住,,,1150513,土地1建物1車位1,一層,十三層,住宅大樓(11層含以上有電梯),商業用,鋼筋混凝土構造,1080823,146.34,0,1,1,有,有,17300000,139616,坡道平面,31.74,1300000,,RPTNMLNKNHLGFCD28DA,76.72,0.0,0.0,有,189
東區,房地(土地+建物),臺南市東區生產路３３５號,124.0,住,,,1150509,土地1建物1車位0,全,五層,透天厝,住商用,鋼筋混凝土造,1011220,293.88,20,1,21,有,無,38600000,131346,,0.0,0,其他增建；含租約；,RPTNMLPKNHLGFCD48DA,276.61,0.0,17.27,無,190
東區,房地(土地+建物)+車位,臺南市東區裕文路１３３號十二樓之１,50.49,住,,,1150522,土地1建物1車位1,十二層,十二層,住宅大樓(11層含以上有電梯),住家用,鋼筋混凝土造,1150409,231.88,3,2,2,有,有,39150000,186421,坡道平面,32.6,2000000,預售屋、或土地及建物分件登記案件；,RPROMLLJPHLGFCD08DA,120.32,0.0,9.23,有,
東區,房地(土地+建物),臺南市東區裕忠路２５７之１７號,79.96,住,,,1150526,土地2建物1車位0,全,五層,透天厝,住家用,鋼筋混凝土造,0920828,208.51,4,2,3,有,有,21000000,100715,,0.0,0,陽台外推；頂樓加蓋；,RPVNMLKKPHLGFCD38DA,181.15,0.0,27.36,無,
南區,房地(土地+建物),臺南市南區興南街５５巷２１號,84.0,住,,,1150506,土地2建物1車位0,全,二層,透天厝,住商用,鋼筋混凝土造,0840907,115.88,5,1,2,有,無,6500000,56093,,0.0,0,親友、員工、共有人或其他特殊關係間之交易；,RPPNMLMLPHLGFCD08DA,110.52,0.0,5.36,無,
南區,房地(土地+建物),臺南市南區體育路４１巷３０之１號二樓,25.73,都市：其他:住宅區,,,1150531,土地2建物1車位0,二層,五層,公寓(5樓含以下無電梯),住家用,鋼筋混凝土造,0701231,96.0,4,2,2,有,無,5200000,54167,,0.0,0,陽台外推；,RPPNMLNLPHLGFCD18DA,72.43,0.0,10.93,無,
南區,房地(土地+建物),臺南市南區大成路一段６６號七樓之２,17.53,住,,,1150531,土地3建物1車位0,七層,七層,華廈(10層含以下有電梯),住家用,鋼筋混凝土造,1051201,96.39,2,1,1,有,有,8500000,88183,,0.0,0,,RPOOMLNLPHLGFCD18DA,56.35,1.12,3.9,有,191
東區,房地(土地+建物),臺南市東區崇善十二街３１之２號,18.61,住,,,1150523,土地1建物1車位0,三層,五層,公寓(5樓含以下無電梯),住家用,鋼筋混凝土造,0701222,83.38,3,2,1,有,無,4000000,47973,,0.0,0,陽台外推；其他增建；,RPPNMLOLPHLGFCD28DA,61.22,0.0,4.35,無,
官田區,房地(土地+建物)+車位,臺南市官田區二鎮里角秀１３號二樓之９,24.51,商,,,1150523,土地1建物1車位1,二層,六層,華廈(10層含以下有電梯),住家用,鋼筋混凝土造,1141212,85.47999999999999,2,2,2,有,有,6240000,68727,一樓平面,13.31,1280000,,RPPNMLOJOHLGFFD28DA,47.73,0.0,7.46,有,
官田區,房地(土地+建物),臺南市官田區二鎮里角秀１３號二樓之５,24.51,商,,,1150528,土地1建物1車位0,二層,六層,華廈(10層含以下有電梯),住家用,鋼筋混凝土造,1141212,72.21,2,2,1,有,有,5180000,71735,,0.0,0,,RPPNMLOKPHLGFFD48DA,47.87,0.0,7.36,有,
善化區,房地(土地+建物),臺南市善化區東勢寮１７１之１０號,90.14,,鄉村區,乙種建築用地,1150522,土地5建物1車位0,全,五層,透天厝,住家用,鋼筋混凝土造,1140317,234.74,4,2,4,有,有,14000000,59640,,0.0,0,陽台外推；,RPQNMLQJPHLGFHD88DA,206.4,0.0,28.34,有,
安定區,房地(土地+建物),臺南市安定區港口９９之９號,172.0,,鄉村區,乙種建築用地,1150516,土地1建物1車位0,全,四層,透天厝,住家用,鋼筋混凝土造,1050729,308.42,3,2,4,有,無,24000000,77816,,0.0,0,親友、員工、共有人或其他特殊關係間之交易；,RPRNMLMLPHLGFHD78DA,297.85,0.0,10.57,有,
歸仁區,房地(土地+建物),臺南市歸仁區六甲路３０７號四樓之３,22.62,,鄉村區,乙種建築用地,1150522,土地1建物1車位0,四層,六層,華廈(10層含以下有電梯),住家用,鋼筋混凝土造,1131223,73.97999999999999,2,1,1,有,有,6170000,83401,,0.0,0,未登記建物；,RPPNMLQJPHLGFID88DA,51.32,0.0,3.58,有,
仁德區,房地(土地+建物),臺南市仁德區崇聖路一段１２號三樓之３,15.39,住,,,1150517,土地1建物1車位0,三層,十四層,住宅大樓(11層含以上有電梯),住家用,鋼筋混凝土造,1131015,83.55000000000001,2,2,1,有,有,8480000,101496,,0.0,0,含裝潢費；,RPVNMLQKPHLGFID96DA,54.51,0.0,3.19,有,
永康區,房地(土地+建物),臺南市永康區中山南路１６６之３４號,14.79,住,,,1150525,土地1建物1車位0,十九層,十九層,住宅大樓(11層含以上有電梯),住家用,鋼筋混凝土造,0810723,127.11,3,2,2,有,有,6500000,51137,,0.0,0,,RPVQMLNLPHLGFKD27DA,87.67,0.0,13.75,有,
柳營區,房地(土地+建物),臺南市柳營區育英街１３３號,122.39,都市：其他:住宅區,,,1150530,土地2建物1車位0,全,三層,透天厝,住家用,鋼筋混凝土造,1071023,151.18,4,2,3,有,無,12650000,83675,,0.0,0,,RPQNMLOLPHLGFDD58EA,139.28,0.0,11.9,無,192
佳里區,土地,三協段515地號,467.0,,特定農業區,農牧用地,1150513,土地1建物0車位0,,,其他,,,,0.0,0,0,0,無,無,1127806,2415,,0.0,0,政府機關標讓售；,RPPNMLRKPHLGFGD98EA,0.0,0.0,0.0,無,
中西區,房地(土地+建物),臺南市中西區大福街３６巷１５號,96.57,住,,,1150522,土地1建物1車位0,全,二層,透天厝,住家用,加強磚造,0520430,129.98,0,2,1,有,無,8763000,67418,,0.0,0,其他增建；,RPOOMLMLNHLGFAD67DA,129.98,0.0,0.0,無,
北區,房地(土地+建物)+車位,臺南市北區文成一路９６號十二樓之２,20.29,住,,,1150529,土地1建物1車位1,十二層,十五層,住宅大樓(11層含以上有電梯),住家用,鋼筋混凝土構造,1120411,115.89,2,2,1,有,有,10800000,93192,坡道平面,19.79,0,親友、員工、共有人或其他特殊關係間之交易；,RPSPMLNKPHLGFAD38DA,56.95,0.0,6.2,有,193
北區,房地(土地+建物),臺南市北區開元路１１０號五樓之１,13.38,商,,,1150506,土地2建物1車位0,五層,十五層,住宅大樓(11層含以上有電梯),住家用,鋼筋混凝土構造,1121103,98.19,2,1,1,有,有,14000000,142581,,0.0,0,,RPRNMLMLPHLGFAD08DA,59.46,0.0,8.21,有,194
北區,房地(土地+建物)+車位,臺南市北區林森路三段１４０巷７號四樓,48.04,住,,,1150517,土地1建物1車位1,四層,八層,華廈(10層含以下有電梯),住家用,鋼筋混凝土造,0860802,142.03,3,2,2,有,有,9000000,63367,坡道平面,0.0,0,,RPQSMLRLPHLGFAD98DA,87.57,0.0,9.01,有,
安南區,房地(土地+建物),臺南市安南區本原街一段３８２巷２６弄２０號,82.83,住,,,1150512,土地2建物1車位0,全,四層,透天厝,住家用,鋼筋混凝土造,1130925,187.6,5,2,6,有,無,17000000,90618,,0.0,0,陽台外推；,RPSNMLSLNHLGFBD68DA,167.18,0.0,20.42,無,
安南區,土地,國安段1754-4地號,129.83,住,,,1150511,土地1建物0車位0,,,其他,,,,0.0,0,0,0,無,無,13000000,100131,,0.0,0,,RPPOMLOKPHLGFBD18DA,0.0,0.0,0.0,無,195
安南區,房地(土地+建物),臺南市安南區環館路３４２巷７號,126.73,住,,,1150507,土地5建物1車位0,全,四層,透天厝,住家用,鋼筋混凝土造,1140904,273.11,3,2,3,有,有,29500000,108011,,0.0,0,親友、員工、共有人或其他特殊關係間之交易；,RPRNMLOLPHLGFBD38DA,248.15,0.0,20.99,有,196
安南區,房地(土地+建物),臺南市安南區樂活五街１０２號,126.08,住,,,1150514,土地2建物1車位0,全,五層,透天厝,住家用,鋼筋混凝土造,1131114,307.61,5,2,6,有,無,38000000,123533,,0.0,0,,RPVNMLOLPHLGFBD78DA,277.47,0.0,30.14,有,
東區,房地(土地+建物),臺南市東區榮譽街５０之５號,95.84,住,,,1150509,土地1建物1車位0,全,三層,透天厝,住家用,鋼筋混凝土造,0680626,176.32,4,2,3,有,無,14200000,80535,,0.0,0,其他增建；,RPSNMLOLPHLGFCD58DA,176.32,0.0,0.0,無,
官田區,土地,隆西段551地號,254.57,,特定農業區,農牧用地,1150519,土地2建物0車位0,,,其他,,,,0.0,0,0,0,無,無,400000,1571,,0.0,0,農作物；,RPQNMLPKPHLGFFD68DA,0.0,0.0,0.0,無,
麻豆區,土地,南寮段732地號,1522.0,,特定農業區,農牧用地,1150530,土地1建物0車位0,,,其他,,,,0.0,0,0,0,無,無,2750000,1807,,0.0,0,,RPRNMLKLPHLGFFD38DA,0.0,0.0,0.0,無,
麻豆區,房地(土地+建物),臺南市麻豆區麻口一街１３８巷１號,106.79,住,,,1150526,土地2建物1車位0,全,四層,透天厝,住家用,鋼筋混凝土造,1140613,195.83,4,2,4,有,有,11680000,59644,,0.0,0,,RPPNMLNLPHLGFFD48DA,182.85,0.0,12.98,無,
北門區,土地,三寮灣段163地號,5502.24,,一般農業區,養殖用地,1150528,土地2建物0車位0,,,其他,,,,0.0,0,0,0,無,無,3000000,545,,0.0,0,,RPPNMLMJPHLGFGD28DA,0.0,0.0,0.0,無,
善化區,房地(土地+建物)+車位,臺南市善化區陽光大道４４５號三樓之１,45.68,住,,,1150524,土地1建物1車位1,三層,五層,公寓(5樓含以下無電梯),住家用,鋼筋混凝土造,1140124,140.3,3,2,2,有,有,13080000,93229,坡道平面,33.1,0,,RPUNMLNJPHLGFHD98DA,68.5,0.0,3.41,無,197
仁德區,房地(土地+建物)+車位,臺南市仁德區崇聖路一段２號五樓之１,27.12,住,,,1150527,土地1建物1車位1,五層,十四層,住宅大樓(11層含以上有電梯),住家用,鋼筋混凝土造,1131015,179.67000000000002,4,2,2,有,有,15800000,95591,坡道平面,31.12,1600000,,RPPOMLKKPHLGFID48DA,97.94,0.0,4.74,有,198
歸仁區,房地(土地+建物),臺南市歸仁區中山路一段５４８之１號,107.44,商,,,1150522,土地1建物1車位0,全,一層,透天厝,住商用,鋼骨造,0820813,52.76,2,1,2,有,無,16300000,308946,,0.0,0,其他增建；,RPTNMLRLPHLGFID96DA,52.76,0.0,0.0,無,
永康區,房地(土地+建物),臺南市永康區正北三路８９號,471.02,工,,,1150528,土地1建物2車位0,全,二層,透天厝,辦公用,鋼筋混凝土造,0780113,671.31,4,2,2,有,無,40880000,60896,,0.0,0,,RPPNMLPKOHLGFKD98DA,664.33,6.98,0.0,無,
永康區,房地(土地+建物),臺南市永康區中山南路１９５巷３３之１號,132.0,住,,,1150516,土地1建物1車位0,全,三層,透天厝,住家用,鋼筋混凝土造,0990504,235.42,5,2,5,有,無,25900000,110016,,0.0,0,陽台外推；頂樓加蓋；其他增建；,RPROMLRLPHLGFKD07DA,213.33,0.0,22.09,無,
安平區,房地(土地+建物),臺南市安平區國平北路１２３號八樓之６,8.1,商,,,1150530,土地1建物1車位0,八層,十八層,住宅大樓(11層含以上有電梯),住家用,鋼筋混凝土構造,1100503,84.47,2,2,1,有,有,6380000,75530,,0.0,0,,RPSOMLNLOHLGFAD28DA,48.29,3.0,4.56,有,199
中西區,房地(土地+建物),臺南市中西區頂美三街１２１巷７１弄２３號,294.92,住,,,1150511,土地1建物1車位0,全,五層,透天厝,住家用,鋼筋混凝土構造,1030924,757.15,5,3,8,有,無,63000000,83207,,0.0,0,,RPROMLNLPHLGFAD28DA,702.75,0.0,54.4,有,
安南區,房地(土地+建物)+車位,臺南市安南區新宅一街３０６號七樓之３,20.43,住,,,1150513,土地1建物1車位1,七層,十四層,住宅大樓(11層含以上有電梯),住家用,鋼筋混凝土造,1150424,126.66999999999999,2,2,1,有,有,11200000,100498,坡道平面,32.34,1720000,預售屋、或土地及建物分件登記案件；,RPRNMLRLPHLGFBD68DA,52.29,0.0,9.5,有,
南區,土地,明興段431-6地號,461.0,農,,,1150511,土地2建物0車位0,,,其他,,,,0.0,0,0,0,無,無,8360000,18134,,0.0,0,,RPPNMLPKPHLGFCD28DA,0.0,0.0,0.0,無,
新營區,房地(土地+建物),臺南市新營區太北里太子宮４７之１４號,102.0,住,,,1150512,土地1建物1車位0,全,三層,透天厝,住家用,鋼筋混凝土造,0730921,146.49,4,3,3,有,無,7300000,49833,,0.0,0,其他增建/廚房增建/三樓陽台前後鐵皮屋增建/頂樓增建/露台增建/一樓空地增建/陽台增建其他增建；,RPPNMLKKPHLGFDD87DA,144.24,0.0,2.25,無,
新營區,房地(土地+建物),臺南市新營區南興里２５鄰和平路９７巷４３之２號,52.77,住,,,1150524,土地4建物1車位0,四層,四層,公寓(5樓含以下無電梯),住家用,加強磚造,0640707,121.03,3,2,2,有,無,2500000,20656,,0.0,0,,RPTNMLNKPHLGFDD58DA,121.03,0.0,0.0,無,
六甲區,土地,菁埔段46-67地號,17099.0,,一般農業區,農牧用地,1150527,土地13建物0車位0,,,其他,,,,0.0,0,0,0,無,無,15500000,906,,0.0,0,未登記建物；,RPSNMLRLPHLGFFD56DA,0.0,0.0,0.0,無,200
佳里區,房地(土地+建物),臺南市佳里區佳西路１２２號,86.95,住,,,1150529,土地1建物1車位0,全,四層,透天厝,住商用,鋼筋混凝土造,0791128,222.04,5,1,3,有,無,10000000,45037,,0.0,0,,RPOOMLMLPHLGFGD48DA,203.72,0.0,18.32,無,201
佳里區,房地(土地+建物),臺南市佳里區四維二街２２２巷１６號,107.41,住,,,1150518,土地2建物1車位0,全,四層,透天厝,住家用,鋼筋混凝土造,0931029,210.34,3,2,5,有,無,9600000,45640,,0.0,0,親友、員工、共有人或其他特殊關係間之交易；,RPPNMLOLPHLGFGD68DA,203.58,0.0,6.76,無,202
佳里區,房地(土地+建物),臺南市佳里區外渡頭１之１５號,94.43,,鄉村區,乙種建築用地,1150528,土地3建物1車位0,全,三層,透天厝,住家用,鋼筋混凝土造,1110517,159.21,4,2,3,有,無,10100000,63438,,0.0,0,陽台外推；其他增建；,RPRNMLOLPHLGFGD88DA,145.32,0.0,13.89,無,203
新化區,土地,洋子段948-2地號,1529.0,,特定農業區,農牧用地,1150515,土地1建物0車位0,,,其他,,,,0.0,0,0,0,無,無,13000000,8502,,0.0,0,,RPWNMLPKNHLGFHD66DA,0.0,0.0,0.0,無,
新市區,房地(土地+建物),臺南市新市區中正路３２３巷３６弄２號五樓之１,18.31,住,,,1150531,土地1建物1車位0,五層,七層,華廈(10層含以下有電梯),住家用,鋼筋混凝土造,0820707,92.87,3,2,2,有,有,5580000,60084,,0.0,0,,RPXNMLMLPHLGFHD76DA,65.03,0.0,6.63,有,
善化區,房地(土地+建物),臺南市善化區胡厝寮３９之５號,136.33,,鄉村區,乙種建築用地,1150526,土地2建物1車位0,全,四層,透天厝,住家用,鋼筋混凝土造,1100409,266.18,5,2,6,有,無,22200000,83402,,0.0,0,頂樓加蓋；其他增建；,RPQNMLRLPHLGFHD56DA,244.79,0.0,21.39,有,204
仁德區,房地(土地+建物)+車位,臺南市仁德區華路三段４１９號七樓之６,12.31,商,,,1150527,土地1建物1車位1,七層,十二層,住宅大樓(11層含以上有電梯),住家用,鋼筋混凝土構造,1071004,114.46000000000001,2,2,1,有,有,8000000,69893,坡道機械,36.58,0,其他增建；,RPORMLRLNHLGFID66DA,47.3,0.0,4.88,有,205
仁德區,房地(土地+建物),臺南市仁德區仁德里仁中七街２２號,84.27,住,,,1150517,土地2建物1車位0,全,四層,透天厝,住家用,鋼筋混凝土造,0910805,203.98,4,2,4,有,無,13500000,66183,,0.0,0,其他增建；,RPUNMLSKOHLGFID96DA,188.16,0.0,15.82,無,
歸仁區,土地,歸仁北段837地號,868.75,農,,,1150518,土地1建物0車位0,,,其他,,,,0.0,0,0,0,無,無,28907670,33275,,0.0,0,,RPTNMLRLOHLGFID86DA,0.0,0.0,0.0,無,206
關廟區,房地(土地+建物)+車位,臺南市關廟區北新一街１號三樓之１０,26.77,住,,,1150529,土地1建物1車位1,三層,十四層,住宅大樓(11層含以上有電梯),住家用,鋼筋混凝土造,1130930,137.7,3,2,2,有,有,8700000,63181,坡道平面,26.66,0,,RPPNMLMLPHLGFID68DA,69.35,0.0,8.93,有,207
安平區,房地(土地+建物)+車位,臺南市安平區永華路二段８１９號十二樓之１０,7.62,住,,,1150519,土地1建物1車位1,十二層,二十四層,住宅大樓(11層含以上有電梯),住家用,鋼筋混凝土造,0840530,137.44,3,2,2,有,有,9880000,71886,坡道平面,0.0,0,,RPTOMLSJOHLGFAD68DA,75.36,0.0,9.25,有,
安平區,房地(土地+建物)+車位,臺南市安平區國平北路１２３號十六樓之１,11.8,商,,,1150531,土地1建物1車位1,十六層,十八層,住宅大樓(11層含以上有電梯),住家用,鋼筋混凝土構造,1100503,142.87,3,2,2,有,有,9600000,67194,坡道平面,27.75,0,,RPRNMLSLPHLGFAD68DA,65.89,6.0,4.32,有,
東區,房地(土地+建物)+車位,臺南市東區後甲三街１號六樓之２,23.64,住,,,1150519,土地1建物1車位1,六層,十五層,住宅大樓(11層含以上有電梯),住家用,鋼筋混凝土造,1130123,154.76,3,2,2,有,有,20000000,129232,坡道平面,27.27,0,,RPWNMLSLPHLGFCD76DA,75.94,0.0,10.02,有,
佳里區,房地(土地+建物),臺南市佳里區海澄里番子寮１３６之５５號,83.49,,鄉村區,乙種建築用地,1150531,土地2建物1車位0,全,四層,透天厝,住家用,鋼筋混凝土造,0830812,148.23,4,2,3,有,無,6660000,44930,,0.0,0,,RPPNMLSLPHLGFGD09DA,127.59,3.82,16.82,無,
歸仁區,房地(土地+建物)+車位,臺南市歸仁區高鐵大道３１號十四樓之６,30.16,商,,,1150516,土地1建物1車位1,十四層,十九層,住宅大樓(11層含以上有電梯),住家用,鋼筋混凝土造,1141023,172.71,4,2,2,有,有,19700000,114064,坡道平面,25.44,0,,RPWNMLLLPHLGFID66DA,88.18,0.0,7.8,有,
龍崎區,土地,龍船段206-2地號,1605.0,,山坡地保育區,農牧用地,1150528,土地1建物0車位0,,,其他,,,,0.0,0,0,0,無,無,430000,268,,0.0,0,依土地法第34條之1第一項至第三項規定辦理。親友、員工、共有人或其他特殊關係間之交易；,RPSNMLSLPHLGFID96DA,0.0,0.0,0.0,無,
永康區,房地(土地+建物),臺南市永康區中山東路１４２號四樓之１,7.58,住,,,1150517,土地1建物1車位0,四層,十一層,住宅大樓(11層含以上有電梯),住家用,鋼筋混凝土造,0900110,47.459999999999994,2,2,2,有,有,4700000,99031,,0.0,0,夾層；,RPVNMLKMPHLGFKD76DA,30.2,2.63,1.72,有,
北區,房地(土地+建物)+車位,臺南市北區長榮路五段４１巷４６號六樓之１,32.32,住,,,1150428,土地2建物1車位1,六層,十四層,住宅大樓(11層含以上有電梯),住家用,鋼筋混凝土造,0920916,169.29000000000002,3,2,2,有,有,10800000,63796,坡道平面,0.0,0,其他增建；,RPOOMLTJPHLGFAD38DA,101.18,0.0,9.03,有,
北區,土地,大銃段2212地號,325.5,商,,,1150411,土地1建物0車位0,,,其他,,,,0.0,0,0,0,無,無,33870000,104055,,0.0,0,,RPTNMLKKPHLGFAD97DA,0.0,0.0,0.0,無,208
安南區,房地(土地+建物),臺南市安南區宜居路６１０號二樓之５,32.03,住,,,1150414,土地1建物1車位0,二層,五層,華廈(10層含以下有電梯),住家用,鋼筋混凝土造,1140806,79.74,2,2,2,有,有,7680000,96313,,0.0,0,,RPSNMLNKPHLGFBD28DA,57.18,0.0,6.25,有,
南區,房地(土地+建物)+車位,臺南市南區萬年七街１６５號十樓之２,22.97,住,,,1150419,土地1建物1車位1,十層,十五層,住宅大樓(11層含以上有電梯),住家用,鋼筋混凝土構造,1070619,121.14,2,1,1,有,有,6880000,56794,坡道平面,24.09,0,親友、員工、共有人或其他特殊關係間之交易；,RPTNMLPJOHLGFCD48DA,57.39,0.0,7.28,有,209
東區,房地(土地+建物),臺南市東區立德二路７０號,73.04,住,,,1150417,土地1建物1車位0,全,二層,透天厝,住家用,加強磚造,0521231,90.45,3,1,1,有,無,8800000,97291,,0.0,0,,RPUNMLPLOHLGFCD78DA,90.45,0.0,0.0,無,
歸仁區,房地(土地+建物)+車位,臺南市歸仁區高鐵大道３９號三樓之７,14.67,商,,,1150423,土地1建物1車位1,三層,十九層,住宅大樓(11層含以上有電梯),住家用,鋼筋混凝土造,1141023,97.33,2,1,1,有,有,9380000,96373,坡道平面,25.44,0,,RPSNMLQKPHLGFID66DA,42.11,0.0,4.35,有,210
永康區,房地(土地+建物)+車位,臺南市永康區復華五街８０號十樓之１０,12.7,商,,,1150420,土地1建物1車位1,十層,十四層,住宅大樓(11層含以上有電梯),住家用,鋼筋混凝土構造,1051020,109.93,2,1,1,有,有,9000000,81870,坡道平面,34.57,0,,RPSNMLQKPHLGFKD86DA,46.01,0.0,5.68,有,211
安南區,土地,朝皇段588地號,69.34,住,,,1150417,土地1建物0車位0,,,其他,,,,0.0,0,0,0,無,無,1680000,24228,,0.0,0,,RPPNMLMLPHLGFBD97DA,0.0,0.0,0.0,無,
安南區,土地,朝皇段531地號,115.95,都市：其他:細部計畫道路用地,,,1150417,土地1建物0車位0,,,其他,,,,0.0,0,0,0,無,無,1020000,8797,,0.0,0,,RPQNMLMLPHLGFBD08DA,0.0,0.0,0.0,無,
山上區,土地,明北段142地號,360.55,,一般農業區,甲種建築用地,1150406,土地2建物0車位0,,,其他,,,,0.0,0,0,0,無,無,5000000,13868,,0.0,0,未登記建物；,RPPOMLMLNHLGFHD48DA,0.0,0.0,0.0,無,
永康區,房地(土地+建物),臺南市永康區中正南路２３５巷３弄４號,302.89,工,,,1150417,土地1建物1車位0,全,一層,透天厝,工業用,鐵造,0691106,162.79,0,0,0,無,無,16000000,98286,,0.0,0,其他增建；,RPWNMLNKPHLGFKD96DA,162.79,0.0,0.0,無,
永康區,房地(土地+建物)+車位,臺南市永康區仁愛街５３巷１９號六樓之３,14.55,商,,,1150402,土地1建物1車位1,六層,十五層,住宅大樓(11層含以上有電梯),住家用,鋼筋混凝土造,1140409,143.42000000000002,3,2,2,有,有,13680000,95384,坡道平面,31.94,0,,RPQNMLOKPHLGFKD09DA,69.28,0.0,4.74,有,212
永康區,房地(土地+建物)+車位,臺南市永康區仁愛街５３巷２１號七樓之１,18.27,商,,,1150418,土地1建物1車位1,七層,十五層,住宅大樓(11層含以上有電梯),住家用,鋼筋混凝土造,1140409,172.05,4,2,2,有,有,15680000,99065,坡道平面,31.94,1800000,,RPSNMLRKPHLGFKD96DA,86.44,0.0,6.63,有,
歸仁區,房地(土地+建物)+車位,臺南市歸仁區智慧三街９號七樓之３,22.55,住,,,1150414,土地1建物1車位1,七層,十三層,住宅大樓(11層含以上有電梯),住家用,鋼筋混凝土造,1140918,111.30000000000001,2,2,2,有,有,10230000,99615,坡道平面,25.67,1700000,,RPWNMLPKPHLGFID96DA,52.67,0.0,4.21,有,
安南區,房地(土地+建物),臺南市安南區媽祖宮二街１６８巷１０號,98.72,住,,,1150425,土地1建物1車位0,全,三層,透天厝,住家用,鋼筋混凝土造,0870610,197.3,4,2,3,有,無,9000000,45616,,0.0,0,其他增建；,RPTNMLLLPHLGFBD28DA,184.01,0.0,13.29,無,213
南區,房地(土地+建物),臺南市南區萬年二街２８６號,145.13,住,,,1150406,土地1建物1車位0,全,四層,透天厝,住家用,鋼筋混凝土造,1050909,267.5,5,2,3,有,無,17000000,63551,,0.0,0,親友、員工、共有人或其他特殊關係間之交易；,RPSNMLNLPHLGFCD48DA,243.44,0.0,24.06,無,214
新營區,房地(土地+建物),臺南市新營區太子宮３０６之１０號,111.0,住,,,1150422,土地1建物1車位0,全,三層,透天厝,住家用,鋼筋混凝土造,1100513,205.13,5,2,4,有,無,13850000,67518,,0.0,0,,RPQNMLRKOHLGFDD58DA,187.27,0.0,17.86,無,215
西港區,土地,後營段1274地號,1988.0,,特定農業區,農牧用地,1150422,土地1建物0車位0,,,其他,,,,0.0,0,0,0,無,無,5800000,2918,,0.0,0,,RPXNMLMLPHLGFGD66DA,0.0,0.0,0.0,無,
安定區,房地(土地+建物),臺南市安定區新吉１７４號,66.0,,鄉村區,乙種建築用地,1150421,土地1建物1車位0,全,二層,透天厝,住家用,加強磚造,0660500,90.75,4,2,2,有,無,4000000,44077,,0.0,0,頂樓加蓋；其他增建；,RPQOMLQJPHLGFHD98DA,90.75,0.0,0.0,無,
新營區,土地,後鎮段720-7地號,7975.0,農,,,1150422,土地2建物0車位0,,,其他,,,,0.0,0,0,0,無,無,16887062,2117,,0.0,0,,RPPNMLLLPHLGFDD18EA,0.0,0.0,0.0,無,
東區,房地(土地+建物)+車位,臺南市東區崇賢一路２８號二樓之７,15.8,住,,,1150430,土地1建物1車位1,二層,十五層,住宅大樓(11層含以上有電梯),住家用,鋼筋混凝土造,1140124,108.7,2,2,2,有,有,13080000,121451,坡道平面,19.94,2300000,預售屋、或土地及建物分件登記案件；,RPTOMLOKPHLGFCD68DA,52.87,0.0,4.73,有,
東區,房地(土地+建物)+車位,臺南市東區崇賢一路３６號十一樓之２,22.11,住,,,1150419,土地1建物1車位1,十一層,十五層,住宅大樓(11層含以上有電梯),住家用,鋼筋混凝土造,1140124,142.55,3,2,2,有,有,17580000,126841,坡道平面,21.69,2250000,預售屋、或土地及建物分件登記案件；,RPRNMLPKPHLGFCD48DA,71.76,0.0,6.73,有,
佳里區,土地,番子寮段1280-2地號,181.0,,特定農業區,甲種建築用地,1150414,土地2建物0車位0,,,其他,,,,0.0,0,0,0,無,無,1800000,9945,,0.0,0,,RPSNMLRKPHLGFGD56DA,0.0,0.0,0.0,無,
歸仁區,土地,歸仁北段1161地號,21.83,住,,,1150414,土地1建物0車位0,,,其他,,,,0.0,0,0,0,無,無,556145,25476,,0.0,0,以土地法34-1出售。親友、員工、共有人或其他特殊關係間之交易；,RPTOMLOKPHLGFID66DA,0.0,0.0,0.0,無,216
關廟區,土地,深坑子段747-4地號,2874.5,,特定農業區,農牧用地,1150407,土地1建物0車位0,,,其他,,,,0.0,0,0,0,無,無,7000000,2435,,0.0,0,,RPRNMLNLPHLGFID98DA,0.0,0.0,0.0,無,217
北區,房地(土地+建物),臺南市北區海安路三段９６１號,11.75,住,,,1150413,土地1建物1車位0,一層，見其他登記事項,十四層,住宅大樓(11層含以上有電梯),商辦用,鋼筋混凝土造,0980109,52.1,0,1,1,有,有,9400000,180388,,0.0,0,親友、員工、共有人或其他特殊關係間之交易；夾層；,RPTNMLNLPHLGFAD38DA,42.67,0.0,0.0,有,218
東區,房地(土地+建物),臺南市東區裕義路２８８之１號,100.53,住,,,1150430,土地2建物1車位0,全,四層,透天厝,住家用,鋼筋混凝土造,1030519,246.91,4,1,6,有,有,29800000,120692,,0.0,0,頂樓加蓋；其他增建；,RPQNMLOLPHLGFCD38DA,218.33,0.0,28.4,有,
將軍區,房地(土地+建物),臺南市將軍區苓和１０１之７號,111.19,,鄉村區,乙種建築用地,1150427,土地3建物1車位0,全,三層,透天厝,住家用,鋼筋混凝土造,1150106,139.82,3,1,4,有,無,8380000,59934,,0.0,0,,RPWNMLMLPHLGFGD56DA,129.97,0.0,9.85,無,
學甲區,房地(土地+建物),臺南市學甲區秀昌里１５鄰下溪洲１６之１５３號,112.84,住,,,1150427,土地1建物1車位0,全,三層,透天厝,住家用,鋼筋混凝土造,1041123,163.94,5,2,3,有,無,8600000,52458,,0.0,0,親友、員工、共有人或其他特殊關係間之交易；,RPVNMLNLPHLGFGD56DA,154.69,0.0,9.25,無,
善化區,房地(土地+建物)+車位,臺南市善化區六分寮３３５之１號六樓之３,25.83,,鄉村區,乙種建築用地,1150429,土地1建物1車位1,六層,七層,華廈(10層含以下有電梯),住家用,鋼筋混凝土造,1150312,106.22,3,2,2,有,有,10508600,96153,一樓平面,14.61,1700000,土地價款:396萬3870元建物價款:484萬4730元,RPPNMLMJOHLGFHD28DA,58.49,0.0,9.51,有,
仁德區,房地(土地+建物)+車位,臺南市仁德區保生路１０號六樓之５,18.22,商,,,1150429,土地1建物1車位1,六層,十五層,住宅大樓(11層含以上有電梯),住家用,鋼筋混凝土造,1141117,155.43,3,2,2,有,有,14500000,98920,坡道平面,24.82,1580000,,RPOOMLLLPHLGFID58DA,77.04,0.0,9.59,有,
安南區,土地,溪東段1654地號,352.04,住,,,1150429,土地1建物0車位0,,,其他,,,,0.0,0,0,0,無,無,44720000,127031,,0.0,0,,RPQOMLKMMHLGFBD77DA,0.0,0.0,0.0,無,219
佳里區,房地(土地+建物),臺南市佳里區鎮山街１３１巷４７號,313.91,住,,,1150422,土地1建物2車位0,全,一層,透天厝,其他,鋼鐵造,0940318,75.93,1,0,1,有,無,7550000,99434,,0.0,0,,RPPNMLMLPHLGFGD48DA,75.93,0.0,0.0,無,
新市區,建物,臺南市新市區南科六路８號,0.0,,,,1150415,土地0建物17車位0,一層，二層，四層，六層，屋頂突出物，地下一層,六層,華廈(10層含以下有電梯),工業用,ＳＲＣ造,0951023,184313.95,0,0,0,無,無,14850000000,80569,,0.0,0,出售廠房及附屬廠務設施，本件買賣總價未稅。；建物坐落地號：新科段55地號；未登記建物；,RPPNMLRLPHLGFHD09DA,184313.95,0.0,0.0,有,
歸仁區,房地(土地+建物),臺南市歸仁區六甲路３０３號六樓之２,24.31,,鄉村區,乙種建築用地,1150413,土地1建物1車位0,六層,六層,華廈(10層含以下有電梯),住家用,鋼筋混凝土造,1131223,79.75,2,1,1,有,有,6840000,85768,,0.0,0,未登記建物；,RPQNMLRJPHLGFID09DA,51.42,0.0,7.83,有,
中西區,房地(土地+建物)+車位,臺南市中西區頂美三街１６６號十八樓之１,30.83,住,,,1150413,土地1建物1車位2,十八層,十八層,住宅大樓(11層含以上有電梯),住家用,鋼筋混凝土構造,1051026,330.84000000000003,4,2,3,有,有,25000000,75565,坡道平面,72.68,0,親友、員工、共有人或其他特殊關係間之交易；,RPUNMLLLPHLGFAD28DA,163.89,0.0,17.64,有,220
新營區,房地(土地+建物)+車位,臺南市新營區隋唐街９號六樓之三,26.57,住,,,1150408,土地1建物1車位1,六層,十五層,住宅大樓(11層含以上有電梯),住家用,鋼筋混凝土造,1090331,168.47,3,2,2,有,有,14200000,87022,坡道平面,22.53,1500000,,RPVNMLMLOHLGFDD68DA,87.41,0.0,11.32,有,
佳里區,土地,鎮安段49-3地號,10217.04,,特定農業區,農牧用地,1150408,土地2建物0車位0,,,其他,,,,0.0,0,0,0,無,無,39000000,3817,,0.0,0,畸零地或有合併使用效益；,RPUNMLRLPHLGFGD86DA,0.0,0.0,0.0,無,
南區,房地(土地+建物),臺南市南區新建路３７巷８號三樓之３,34.23,住,,,1150409,土地1建物1車位0,三層,十二層,住宅大樓(11層含以上有電梯),住家用,鋼筋混凝土造,0851108,184.49,4,2,2,有,有,4100000,22223,,0.0,0,親友、員工、共有人或其他特殊關係間之交易；,RPPNMLNLPHLGFCD28EA,116.3,0.0,14.32,有,
南區,房地(土地+建物),臺南市南區中華南路二段２３３巷３６弄２３號,84.57,住,,,1150426,土地1建物1車位0,全,三層,透天厝,住家用,鋼筋混凝土造,1130814,187.41,5,2,5,有,無,22000000,117390,,0.0,0,其他增建；,RPRNMLNLPHLGFCD38DA,172.66,0.0,14.75,有,
七股區,土地,龍山段161地號,573.38,,鄉村區,乙種建築用地,1150430,土地2建物0車位0,,,其他,,,,0.0,0,0,0,無,無,10830000,18888,,0.0,0,,RPSNMLOKPHLGFGD88DA,0.0,0.0,0.0,無,
安定區,房地(土地+建物),臺南市安定區港子尾５７之１５號二樓之３,23.82,,鄉村區,乙種建築用地,1150320,土地2建物1車位0,二層,七層,華廈(10層含以下有電梯),住家用,鋼筋混凝土造,1140214,75.8,2,2,2,有,有,7020000,92612,,0.0,0,土地:177萬元建物:525萬元,RPTNMLPKPHLGFHD56DA,53.5,0.0,4.5,有,
關廟區,房地(土地+建物)+車位,臺南市關廟區衡路４１８號四樓之１,27.28,住,,,1150327,土地1建物1車位1,四層,七層,華廈(10層含以下有電梯),住家用,鋼筋混凝土造,1140523,94.50999999999999,2,2,2,有,有,7100000,74833,一樓平面,15.0,1150000,,RPSPMLRKPHLGFID96DA,53.78,0.0,5.73,有,
永康區,房地(土地+建物)+車位,臺南市永康區永榮路５５號八樓之１,25.93,住,,,1150330,土地1建物1車位1,八層,十三層,住宅大樓(11層含以上有電梯),住家用,鋼筋混凝土造,1130910,169.86,3,2,2,有,有,14500000,106074,坡道平面,45.89,1350000,親友、員工、共有人或其他特殊關係間之交易；急買急賣；,RPQOMLNLOHLGFKD09DA,74.31,0.0,8.15,有,221
白河區,土地,河保段1154地號,118.96,住,,,1150311,土地4建物0車位0,,,其他,,,,0.0,0,0,0,無,無,500000,4203,,0.0,0,,RPQNMLQKPHLGFED78EA,0.0,0.0,0.0,無,
新營區,房地(土地+建物),臺南市新營區新東里２０鄰東明街２巷１２號,89.97,住,,,1150315,土地1建物1車位0,全,三層,透天厝,住家用,鋼筋混凝土造,0960510,191.0,5,3,4,有,無,13000000,68063,,0.0,0,頂樓加蓋；,RPQNMLPJPHLGFDD38DA,174.43,0.0,16.57,無,
官田區,房地(土地+建物),臺南市官田區二鎮里工業路１５號,11310.0,都市：其他:甲種工業區,,,1150325,土地4建物2車位0,全,二層,透天厝,辦公用,ＲＣ、加強磚造、鋼鐵造,0690618,3416.73,3,2,4,有,無,266860000,78104,,0.0,0,其他增建；未登記建物；,RPTNMLRJPHLGFFD09DA,3416.73,0.0,0.0,無,
仁德區,土地,港墘段276地號,35902.0,,特定農業區,農牧用地,1150325,土地3建物0車位0,,,其他,,,,0.0,0,0,0,無,無,140000000,3900,,0.0,0,,RPPOMLTLOHLGFID76DA,0.0,0.0,0.0,無,
安南區,房地(土地+建物)+車位,臺南市安南區大安街８１１號六樓之６,33.4,住,,,1150307,土地1建物1車位2,六層,六層,華廈(10層含以下有電梯),住家用,鋼筋混凝土造,1150409,188.22,3,2,2,有,有,15000000,91491,一樓平面,57.06,3000000,共買2個車位，車位合併計價300萬元預售屋、或土地及建物分件登記案件；,RPPNMLRKPHLGFBD38DA,77.21,0.0,8.04,有,
歸仁區,房地(土地+建物)+車位,臺南市歸仁區大仁街４０３號五樓之３,34.75,住,,,1150317,土地1建物1車位1,五層,六層,華廈(10層含以下有電梯),住家用,鋼筋混凝土造,1150409,103.44999999999999,3,2,2,有,有,10530000,96747,其他,6.91,1190000,預售屋、或土地及建物分件登記案件；,RPUOMLRKPHLGFID07DA,64.49,0.0,4.2,有,
麻豆區,房地(土地+建物),臺南市麻豆區子寮１９之９號,121.0,,特定農業區,甲種建築用地,1150330,土地1建物1車位0,全,三層,透天厝,住家用,鋼筋混凝土造,1140520,207.82,4,2,5,有,無,15300000,73621,,0.0,0,,RPPNMLRKPHLGFFD78DA,194.58,0.0,13.24,無,
永康區,房地(土地+建物),臺南市永康區正北一路１３６巷５號,383.99,工,,,1150321,土地1建物2車位0,全,一層,透天厝,工業用,鋼造,0770311,307.63,4,2,2,有,無,22000000,71514,,0.0,0,,RPTQMLMLPHLGFKD96DA,293.56,6.93,7.14,無,
東區,房地(土地+建物)+車位,臺南市東區東寧路５４６號十樓之一,10.73,住,,,1150323,土地2建物1車位1,十層,十四層,住宅大樓(11層含以上有電梯),住家用,鋼筋混凝土造,0840325,114.31,2,2,1,有,有,7120000,62287,坡道平面,0.0,0,,RPUNMLKLPHLGFCD38DA,65.4,1.34,8.01,有,
北區,建物,臺南市北區正覺街４４巷３弄１號,0.0,,,,1150311,土地0建物1車位0,全,一層,透天厝,住家用,磚造,0560406,54.19,0,0,0,無,無,4000000,73814,,0.0,0,土地為向仁愛之家租賃使用。；建物坐落地號：正覺段966地號；未登記建物；,RPROMLNLOHLGFAD18DA,54.19,0.0,0.0,無,222
永康區,房地(土地+建物),臺南市永康區小東路５０９號三樓之３,5.95,住,,,1150315,土地1建物1車位0,三層,十三層,住宅大樓(11層含以上有電梯),住家用,鋼筋混凝土造,0851122,46.09,1,0,1,有,有,2850000,61836,,0.0,0,,RPRNMLOLPHLGFKD66DA,30.74,0.0,5.18,有,
西港區,房地(土地+建物),臺南市西港區新興街８之６８號,75.58,住,,,1150320,土地2建物1車位0,全,三層,透天厝,住家用,鋼筋混凝土造,1140205,173.38,4,2,3,有,無,13000000,74980,,0.0,0,,RPSNMLMJPHLGFGD58DA,160.41,0.0,12.97,無,
南化區,土地,南化段1302-7地號,561.25,,山坡地保育區,農牧用地,1150327,土地3建物0車位0,,,其他,,,,0.0,0,0,0,無,無,150000,267,,0.0,0,親友、員工、共有人或其他特殊關係間之交易；,RPPNMLSLPHLGFJD86EA,0.0,0.0,0.0,無,
大內區,土地,二重溪段121地號,4588.0,,山坡地保育區,農牧用地,1150302,土地3建物0車位0,,,其他,,,,0.0,0,0,0,無,無,3430000,748,,0.0,0,本案關於分割及買賣登記案件相關規費稅費及代辦費均由承買人負擔.親友、員工、共有人或其他特殊關係間之交易；農作物；,RPPNMLSJPHLGFFD78DA,0.0,0.0,0.0,無,
關廟區,土地,南花段919地號,151.0,住,,,1150318,土地1建物0車位0,,,其他,,,,0.0,0,0,0,無,無,7419600,49136,,0.0,0,,RPVNMLPLOHLGFID86DA,0.0,0.0,0.0,無,
新化區,房地(土地+建物)+車位,臺南市新化區中正路６９１巷２８號五樓之３,36.93,住,,,1150205,土地1建物1車位1,五層,五層,華廈(10層含以下有電梯),住家用,鋼筋混凝土造,1141114,111.7,3,2,2,有,有,10180000,89623,一樓平面,14.85,1500000,,RPOOMLPKPHLGFHD78DA,65.44,0.0,6.37,有,
歸仁區,房地(土地+建物)+車位,臺南市歸仁區智慧三街５號十樓之６,33.55,住,,,1150225,土地1建物1車位1,十層,十三層,住宅大樓(11層含以上有電梯),住家用,鋼筋混凝土造,1140918,153.15,3,2,2,有,有,14580000,101035,坡道平面,25.67,1700000,,RPXNMLPKPHLGFID07DA,77.78,0.0,6.86,有,
後壁區,房地(土地+建物),臺南市後壁區後壁里後壁１４８之３０號,106.75,住,,,1150227,土地1建物1車位0,全,三層,透天厝,住家用,鋼筋混凝土造,1150507,155.95,4,2,3,有,無,13200000,84643,,0.0,0,本案依據建設公司提供之預售契約書登載，總價新台幣  1320萬元，土地售價380萬元，房屋售價940萬元。預售屋、或土地及建物分件登記案件；,RPRNMLPKOHLGFED58DA,141.25,0.0,14.7,無,
後壁區,土地,新港東段茄苳子小段477地號,1100.0,,特定農業區,農牧用地,1150226,土地1建物0車位0,,,其他,,,,0.0,0,0,0,無,無,2600000,2364,,0.0,0,親友、員工、共有人或其他特殊關係間之交易；,RPSNMLOLPHLGFED78DA,0.0,0.0,0.0,無,
中西區,房地(土地+建物),臺南市中西區信義街１０８巷３６號,60.92,住,,,1150224,土地1建物1車位0,全,一層,透天厝,住家用,磚木造,0240306,39.63,2,1,1,有,無,4880000,123139,,0.0,0,親友、員工、共有人或其他特殊關係間之交易；,RPPOMLRLPHLGFAD48DA,39.63,0.0,0.0,無,
佳里區,土地,仁愛段572地號,296.45,都市：其他:道路用地,,,1150107,土地1建物0車位0,,,其他,,,,0.0,0,0,0,無,無,16500000,55659,,0.0,0,土地金額:12000000元  未保存建物:4500000元未登記建物；包含公共設施保留地用地；,RPQPMLRKPHLGFGD56DA,0.0,0.0,0.0,無,
歸仁區,房地(土地+建物)+車位,臺南市歸仁區大仁街４０３號三樓之３,34.71,住,,,1150110,土地1建物1車位1,三層,六層,華廈(10層含以下有電梯),住家用,鋼筋混凝土造,1150409,103.44999999999999,3,2,2,有,有,10180000,93122,其他,6.91,1190000,預售屋、或土地及建物分件登記案件；,RPWNMLRKPHLGFID17DA,64.49,0.0,4.2,有,
後壁區,房地(土地+建物),臺南市後壁區後壁里後壁１４８之４２號,126.73,住,,,1150115,土地2建物1車位0,全,三層,透天厝,住家用,鋼筋混凝土造,1150507,158.95,5,2,3,有,無,11500000,72350,,0.0,0,本案依據建設公司提供之預售契約書登載，總價新台幣  1150萬元，土地售價370萬元，房屋售價780萬元。預售屋、或土地及建物分件登記案件；,RPSOMLPKOHLGFED78DA,149.16,0.0,9.79,無,
北區,房地(土地+建物),臺南市北區公園路７６９巷３２弄８號,55.89,住,,,1150103,土地1建物1車位0,全,二層,透天厝,住家用,加強磚造,0571120,76.11,3,2,1,有,無,4050000,53212,,0.0,0,其他增建；,RPUOMLKLPHLGFAD28DA,76.11,0.0,0.0,無,
北區,房地(土地+建物),臺南市北區大興街３７６巷２５號,77.12,住,,,1141227,土地2建物1車位0,全,四層,透天厝,住家用,鋼筋混凝土造,1141217,208.25,4,2,5,有,無,27680000,132917,,0.0,0,預售屋、或土地及建物分件登記案件；,RPPNMLOJNHLGFAD67DA,194.28,0.0,13.97,無,
北區,房地(土地+建物),臺南市北區大興街３７６巷３１號,78.97,住,,,1141231,土地2建物1車位0,全,四層,透天厝,住家用,鋼筋混凝土造,1141217,213.65,5,2,5,有,無,25300000,118418,,0.0,0,,RPSNMLOJNHLGFAD97DA,199.78,0.0,13.87,無,
安平區,土地,金城段49-3地號,139.92,住,,,1141229,土地1建物0車位0,,,其他,,,,0.0,0,0,0,無,無,17346737,123976,,0.0,0,,RPOPMLRJPHLGFAD28DA,0.0,0.0,0.0,無,
新營區,房地(土地+建物)+車位,臺南市新營區金華路一段２３０號六樓之七,26.65,住,,,1141215,土地1建物1車位1,六層,十二層,住宅大樓(11層含以上有電梯),住家用,鋼筋混凝土造,1141110,143.98000000000002,3,2,2,有,無,11200000,82375,坡道平面,27.44,1600000,,RPQNMLKLPHLGFDD18EA,69.54,0.0,5.54,有,
南化區,土地,竹頭崎段168-2地號,9206.0,,山坡地保育區,農牧用地,1141204,土地3建物0車位0,,,其他,,,,0.0,0,0,0,無,無,5468000,594,,0.0,0,地清或未辦繼承標售；,RPPNMLRKPHLGFJD66EA,0.0,0.0,0.0,無,
安平區,土地,金城段49-35地號,153.08,住,,,1141229,土地1建物0車位0,,,其他,,,,0.0,0,0,0,無,無,18978263,123976,,0.0,0,,RPPPMLRJPHLGFAD38DA,0.0,0.0,0.0,無,
歸仁區,土地,媽祖廟段一小段563地號,366.38,,特定農業區,農牧用地,1141225,土地1建物0車位0,,,其他,,,,0.0,0,0,0,無,無,2198250,6000,,0.0,0,,RPVNMLLLPHLGFID56DA,0.0,0.0,0.0,無,
左鎮區,土地,菜寮段175地號,2516.0,,一般農業區,農牧用地,1141230,土地1建物0車位0,,,其他,,,,0.0,0,0,0,無,無,3019200,1200,,0.0,0,,RPVNMLMLNHLGFHD98DA,0.0,0.0,0.0,無,
歸仁區,土地,大潭段439地號,9469.0,,一般農業區,農牧用地,1141204,土地2建物0車位0,,,其他,,,,0.0,0,0,0,無,無,120000000,12673,,0.0,0,本案於民國114年12月4日簽訂買賣契約.總價新台幣1億2000萬元.因買方須辦理銀行貸款以支付尾款新台幣7000萬元.雙方合意配合貸款審核及撥款流程.延至民國115年7月28日始正式向地政事務所送件辦理所有權移轉登記.特此敘明,RPXNMLSLPHLGFID47DA,0.0,0.0,0.0,無,
中西區,房地(土地+建物),臺南市中西區忠義路二段１４３號,1.72,商,,,1141204,土地1建物1車位0,全,二層,透天厝,商業用,磚造,,9.88,1,1,1,有,無,270520,27381,,0.0,0,地清或未辦繼承標售；,RPQNMLTLPHLGFAD78EA,9.88,0.0,0.0,無,
柳營區,土地,外環段932地號,194.87,,特定農業區,農牧用地,1141104,土地1建物0車位0,,,其他,,,,0.0,0,0,0,無,無,1299999,6671,,0.0,0,地清或未辦繼承標售；,RPRNMLSLPHLGFDD98DA,0.0,0.0,0.0,無,
安南區,房地(土地+建物)+車位,臺南市安南區新宅一街３００號六樓之２,26.76,住,,,1141030,土地1建物1車位1,六層,十四層,住宅大樓(11層含以上有電梯),住家用,鋼筋混凝土造,1150424,155.92000000000002,3,2,2,有,有,13250000,94109,坡道平面,32.34,1620000,預售屋、或土地及建物分件登記案件；,RPWNMLQKPHLGFBD98DA,71.66,0.0,9.28,有,
仁德區,房地(土地+建物)+車位,臺南市仁德區保生路２２號十四樓之２,12.42,商,,,1140930,土地1建物1車位1,十四層,十五層,住宅大樓(11層含以上有電梯),住家用,鋼筋混凝土造,1141117,111.88,2,2,1,有,有,11220000,110039,坡道平面,24.82,1640000,預售屋、或土地及建物分件登記案件；,RPQOMLLLPHLGFID78DA,53.19,0.0,4.5,有,
仁德區,房地(土地+建物)+車位,臺南市仁德區賢路一段５５１號二樓之１,34.24,住,,,1140725,土地1建物1車位1,二層,十四層,住宅大樓(11層含以上有電梯),住家用,鋼筋混凝土造,1150123,155.93,3,2,2,有,有,14570000,101296,坡道平面,27.89,1600000,預售屋、或土地及建物分件登記案件；,RPWNMLRJPHLGFID07DA,76.96,0.0,8.84,有,
仁德區,房地(土地+建物)+車位,臺南市仁德區賢路一段５５１號十四樓之２,98.49,住,,,1140725,土地1建物1車位3,十四層,十四層,住宅大樓(11層含以上有電梯),住家用,鋼筋混凝土造,1150123,452.28,4,2,4,有,有,46700000,113399,坡道平面,83.67,4900000,預售屋、或土地及建物分件登記案件；,RPXNMLRJPHLGFID17DA,222.75,0.0,24.15,有,
後壁區,房地(土地+建物),臺南市後壁區後壁里後壁１４８之４３號,125.37,住,,,1140706,土地2建物1車位0,全,三層,透天厝,住家用,鋼筋混凝土造,1150507,150.0,5,2,3,有,無,11500000,76667,,0.0,0,本案依據建設公司提供之預售契約書登載，總價新台幣  1150萬元，土地售價370萬元，房屋售價780萬元。預售屋、或土地及建物分件登記案件；,RPTOMLPKOHLGFED88DA,138.1,0.0,11.9,無,
中西區,房地(土地+建物),臺南市中西區忠義路二段１８５號三樓之１３,4.33,商,,,1140714,土地1建物1車位0,三層,十層,華廈(10層含以下有電梯),住家用,鋼筋混凝土造,0691203,34.11,1,1,1,有,有,1230000,36060,,0.0,0,預售屋、或土地及建物分件登記案件；,RPPNMLQLPHLGFAD28DA,26.85,0.0,0.0,有,
歸仁區,房地(土地+建物)+車位,臺南市歸仁區大仁街４０３號四樓之３,34.71,住,,,1140612,土地1建物1車位1,四層,六層,華廈(10層含以下有電梯),住家用,鋼筋混凝土造,1150409,103.44999999999999,3,2,2,有,有,10180000,96747,其他,6.91,840000,預售屋、或土地及建物分件登記案件；,RPOOMLRKPHLGFID09DA,64.49,0.0,4.2,有,
歸仁區,房地(土地+建物)+車位,臺南市歸仁區大仁街４０３號三樓之２,23.46,住,,,1140605,土地1建物1車位1,三層,六層,華廈(10層含以下有電梯),住家用,鋼筋混凝土造,1150409,72.17,2,2,2,有,有,6900000,98069,其他,6.91,500000,預售屋、或土地及建物分件登記案件；,RPTOMLRKPHLGFID96DA,42.1,0.0,4.31,有,
麻豆區,土地,中興段623地號,362.0,住,,,1140623,土地1建物0車位0,,,其他,,,,0.0,0,0,0,無,無,28470000,78646,,0.0,0,,RPVNMLRJPHLGFFD66DA,0.0,0.0,0.0,無,
歸仁區,房地(土地+建物)+車位,臺南市歸仁區高鐵大道３９號九樓之５,14.94,商,,,1140614,土地1建物1車位1,九層,十九層,住宅大樓(11層含以上有電梯),住家用,鋼筋混凝土造,1141023,98.87,2,2,1,有,有,13480000,157701,坡道平面,25.44,1900000,預售屋、或土地及建物分件登記案件；,RPXPMLKKKIKGFID88DA,43.39,0.0,4.19,有,
北區,房地(土地+建物),臺南市北區大興街３７６巷３９號,77.19,住,,,1140510,土地2建物1車位0,全,四層,透天厝,住家用,鋼筋混凝土造,1141217,210.27,4,2,5,有,無,28000000,133162,,0.0,0,預售屋、或土地及建物分件登記案件；,RPTOMLKMMHLGFAD97DA,196.3,0.0,13.97,無,
歸仁區,土地,林子邊段746-14地號,3320.0,,特定專用區,特定目的事業用地,1140521,土地1建物0車位0,,,其他,,,,0.0,0,0,0,無,無,82336000,24800,,0.0,0,台灣中油股份有限公司因公共事業使用所需向台灣糖業股份有限公司購置土地設置天然氣隔離站。,RPUNMLPKPHLGFID76DA,0.0,0.0,0.0,無,
歸仁區,房地(土地+建物)+車位,臺南市歸仁區大仁街４０３號六樓之２,23.46,住,,,1140523,土地1建物1車位1,六層,六層,華廈(10層含以下有電梯),住家用,鋼筋混凝土造,1150409,72.12,2,2,2,有,有,7100000,101211,其他,6.91,500000,預售屋、或土地及建物分件登記案件；,RPVOMLRKPHLGFID17DA,42.1,0.0,4.31,有,
歸仁區,房地(土地+建物)+車位,臺南市歸仁區大仁街４０３號四樓之２,23.46,住,,,1140421,土地1建物1車位1,四層,六層,華廈(10層含以下有電梯),住家用,鋼筋混凝土造,1150409,72.17,2,2,2,有,有,6950000,98835,其他,6.91,500000,預售屋、或土地及建物分件登記案件；,RPXNMLRKPHLGFID27DA,42.1,0.0,4.31,有,
歸仁區,房地(土地+建物)+車位,臺南市歸仁區大仁街４０３號二樓之２,23.46,住,,,1140415,土地1建物1車位1,二層,六層,華廈(10層含以下有電梯),住家用,鋼筋混凝土造,1150409,72.17,2,2,2,有,有,6750000,95771,其他,6.91,500000,預售屋、或土地及建物分件登記案件；,RPQOMLRKPHLGFID66DA,42.1,0.0,4.31,有,
歸仁區,房地(土地+建物)+車位,臺南市歸仁區大仁街４０３號五樓之２,23.46,住,,,1140429,土地1建物1車位1,五層,六層,華廈(10層含以下有電梯),住家用,鋼筋混凝土造,1150409,72.17,2,2,2,有,有,6960000,98989,其他,6.91,500000,預售屋、或土地及建物分件登記案件；,RPXOMLRKPHLGFID37DA,42.1,0.0,4.31,有,
東區,房地(土地+建物)+車位,臺南市東區裕豐街７號二樓之１,39.53,住,,,1140212,土地3建物1車位1,二層,五層,華廈(10層含以下有電梯),住家用,鋼筋混凝土造,1150319,129.8,3,2,2,有,有,17405298,134228,一樓平面,15.03,2000000,本件預售屋不動產交易總價17300000，另有做面積找補及工程找補，面積找補為買方補貼91417給賣方、工程找補為買方補貼13881給賣方。補貼後交易總價變更為17405298。預售屋、或土地及建物分件登記案件；,RPXNMLNLPHLGFCD98DA,77.65,0.0,9.86,有,
後壁區,房地(土地+建物),臺南市後壁區後壁里後壁１４８之３１號,106.74,住,,,1140119,土地1建物1車位0,全,三層,透天厝,住家用,鋼筋混凝土造,1150507,156.61,4,2,3,有,無,13300000,84924,,0.0,0,本案依據建設公司提供之預售契約書登載，總價新台幣  1330萬元，土地售價 420萬元，房屋售價910萬元。預售屋、或土地及建物分件登記案件；,RPSNMLPKOHLGFED68DA,141.25,0.0,15.36,無,
後壁區,房地(土地+建物),臺南市後壁區後壁里後壁１４８之４０號,90.58,住,,,1131201,土地1建物1車位0,全,三層,透天厝,住家用,鋼筋混凝土造,1150507,148.08,4,2,3,有,無,11450000,77323,,0.0,0,本案依據建設公司提供之預售契約書登載，總價新台幣  1145萬元，土地售價350萬元，房屋售價795 萬元。預售屋、或土地及建物分件登記案件；,RPQOMLPKOHLGFED58DA,135.62,0.0,12.46,無,
永康區,房地(土地+建物)+車位,臺南市永康區永善路３６號十三樓之３,18.01,住,,,1131103,土地1建物1車位1,十三層,十四層,住宅大樓(11層含以上有電梯),住家用,鋼筋混凝土造,1150416,130.44,2,2,1,有,有,11930000,113366,坡道平面,39.76,1650000,預售屋、或土地及建物分件登記案件；,RPOPMLPKNHLGFKD98DA,50.54,0.0,8.58,有,
後壁區,房地(土地+建物),臺南市後壁區後壁里後壁１４８之３２號,112.84,住,,,1131109,土地2建物1車位0,全,三層,透天厝,住家用,鋼筋混凝土造,1150507,159.59,4,2,3,有,無,13300000,83339,,0.0,0,本案依據建設公司提供之預售契約書登載，總價新台幣  1330萬元，土地售價445萬元，房屋售價885萬元。預售屋、或土地及建物分件登記案件；,RPTNMLPKOHLGFED78DA,144.19,0.0,15.4,無,
後壁區,房地(土地+建物),臺南市後壁區後壁里後壁１４８之３８號,90.39,住,,,1131123,土地1建物1車位0,全,三層,透天厝,住家用,鋼筋混凝土造,1150507,148.08,4,2,3,有,無,11500000,77661,,0.0,0,本案依據建設公司提供之預售契約書登載，總價新台幣  1150萬元，土地售價350萬元，房屋售價800萬元。民國115年5月21日簽訂變更登記名義人，原登記夫改登記妻。預售屋、或土地及建物分件登記案件；,RPOOMLPKOHLGFED38DA,135.62,0.0,12.46,無,
永康區,房地(土地+建物)+車位,臺南市永康區永善路３６號十四樓之６,24.63,住,,,1131020,土地1建物1車位1,十四層,十四層,住宅大樓(11層含以上有電梯),住家用,鋼筋混凝土造,1150416,163.76,3,2,2,有,有,14680000,106694,坡道平面,39.76,1450000,原登記二人，因其中一人於民國115年1月22日死亡，故改登記一人。預售屋、或土地及建物分件登記案件；,RPXNMLKKPHLGFKD76DA,71.85,0.0,9.0,有,
安南區,房地(土地+建物)+車位,臺南市安南區大安街８１１號六樓之９,34.91,住,,,1131005,土地1建物1車位2,六層,六層,華廈(10層含以下有電梯),住家用,鋼筋混凝土造,1150409,194.0,3,2,2,有,有,16150000,96027,一樓平面,57.06,3000000,共買2個車位，車位合併計價300萬元預售屋、或土地及建物分件登記案件；,RPSNMLMLPHLGFBD28DA,80.73,0.0,8.2,有,
安南區,土地,福國段760地號,31.55,住,,,1131013,土地1建物0車位0,,,其他,,,,0.0,0,0,0,無,無,3741102,118577,,0.0,0,,RPRNMLRKPHLGFBD68EA,0.0,0.0,0.0,無,
中西區,房地(土地+建物)+車位,臺南市中西區頂美三街３７號十一樓之３,28.04,住,,,1130901,土地5建物1車位1,十一層,十三層,住宅大樓(11層含以上有電梯),住家用,鋼筋混凝土造,1150324,127.74,2,2,2,有,有,14800000,135544,坡道平面,31.83,1800000,預售屋、或土地及建物分件登記案件；,RPPPMLPKPHLGFAD28DA,59.95,0.0,3.6,有,
後壁區,房地(土地+建物),臺南市後壁區後壁里後壁１４８之３５號,88.79,住,,,1130922,土地1建物1車位0,全,三層,透天厝,住家用,鋼筋混凝土造,1150507,149.31,4,2,4,有,無,11400000,76351,,0.0,0,本案依據建設公司提供之預售契約書登載，總價新台幣  1140萬元，土地售價350萬元，房屋售價790萬元。預售屋、或土地及建物分件登記案件；,RPVNMLPKOHLGFED98DA,135.12,0.0,14.19,無,
後壁區,房地(土地+建物),臺南市後壁區後壁里後壁１４８之３６號,88.92,住,,,1130914,土地1建物1車位0,全,三層,透天厝,住家用,鋼筋混凝土造,1150507,148.08,4,2,3,有,無,11500000,77661,,0.0,0,本案依據建設公司提供之預售契約書登載，總價新台幣  1150萬元，土地售價 350萬元，房屋售價800萬元。預售屋、或土地及建物分件登記案件；,RPWNMLPKOHLGFED09DA,134.62,0.0,13.46,無,
後壁區,房地(土地+建物),臺南市後壁區後壁里後壁１４８之３７號,90.3,住,,,1130927,土地1建物1車位0,全,三層,透天厝,住家用,鋼筋混凝土造,1150507,150.86,4,2,3,有,無,11260000,74639,,0.0,0,本案依據建設公司提供之預售契約書登載，總價新台幣  1126萬元，土地售價350萬元，房屋售價 776萬元。預售屋、或土地及建物分件登記案件；,RPXNMLPKOHLGFED56DA,135.62,0.0,15.24,無,
中西區,房地(土地+建物)+車位,臺南市中西區頂美三街３７號十三樓之３,28.04,住,,,1130906,土地5建物1車位1,十三層,十三層,住宅大樓(11層含以上有電梯),住家用,鋼筋混凝土造,1150324,127.74,2,2,2,有,有,15000000,137629,坡道平面,31.83,1800000,預售屋、或土地及建物分件登記案件；,RPPOMLMLPHLGFAD97DA,59.95,0.0,3.6,有,
安南區,房地(土地+建物)+車位,臺南市安南區新宅一街３００號十三樓之７,18.82,住,,,1130916,土地1建物1車位1,十三層,十四層,住宅大樓(11層含以上有電梯),住家用,鋼筋混凝土造,1150424,119.28999999999999,2,2,1,有,有,10980000,107648,坡道平面,32.34,1620000,預售屋、或土地及建物分件登記案件；,RPWNMLOKOHLGFBD68DA,52.05,0.0,4.88,有,
永康區,房地(土地+建物)+車位,臺南市永康區永善路３６號十四樓之１,24.68,住,,,1130920,土地1建物1車位1,十四層,十四層,住宅大樓(11層含以上有電梯),住家用,鋼筋混凝土造,1150416,164.1,3,2,2,有,有,15180000,108010,坡道平面,39.76,1750000,預售屋、或土地及建物分件登記案件；,RPPPMLTLNHLGFKD96DA,71.69,0.0,9.38,有,
永康區,房地(土地+建物)+車位,臺南市永康區永善路３６號五樓之１,24.68,住,,,1130818,土地1建物1車位1,五層,十四層,住宅大樓(11層含以上有電梯),住家用,鋼筋混凝土造,1150416,162.98,3,2,2,有,有,14850000,106965,坡道平面,38.64,1550000,114年5月2日有轉讓，轉讓金額不變，轉讓關係為夫妻。預售屋、或土地及建物分件登記案件；,RPTOMLNJOHLGFKD56DA,71.69,0.0,9.38,有,
永康區,房地(土地+建物)+車位,臺南市永康區永善路３６號十二樓之１,24.68,住,,,1130816,土地1建物1車位1,十二層,十四層,住宅大樓(11層含以上有電梯),住家用,鋼筋混凝土造,1150416,164.1,3,2,2,有,有,15320000,109940,坡道平面,39.76,1650000,預售屋、或土地及建物分件登記案件；,RPWOMLNJOHLGFKD86DA,71.69,0.0,9.38,有,
歸仁區,房地(土地+建物)+車位,臺南市歸仁區智慧三街１號十二樓之５,32.72,住,,,1130805,土地1建物1車位1,十二層,十三層,住宅大樓(11層含以上有電梯),住家用,鋼筋混凝土造,1140918,149.89999999999998,3,2,2,有,有,15080000,107703,坡道平面,25.67,1700000,預售屋、或土地及建物分件登記案件；,RPPOMLPKPHLGFID98DA,75.14,0.0,7.41,有,
善化區,房地(土地+建物)+車位,臺南市善化區六分寮３３５之１號六樓之２,25.83,,鄉村區,乙種建築用地,1130803,土地1建物1車位1,六層,七層,華廈(10層含以下有電梯),住家用,鋼筋混凝土造,1150312,106.22,3,2,2,有,有,9900000,89510,一樓平面,14.61,1700000,土地價款:369萬元整建物價款:451萬元整預售屋、或土地及建物分件登記案件；,RPXNMLMJOHLGFHD09DA,61.79,0.0,6.21,有,
北區,房地(土地+建物),臺南市北區大興街３７６巷４１號,79.66,住,,,1130724,土地2建物1車位0,全,四層,透天厝,住家用,鋼筋混凝土造,1141217,232.31,4,2,5,有,無,30880000,132926,,0.0,0,預售屋、或土地及建物分件登記案件；,RPSOMLKMMHLGFAD87DA,209.17,0.0,23.14,無,
中西區,房地(土地+建物)+車位,臺南市中西區頂美三街３７號十樓之３,28.04,住,,,1130729,土地5建物1車位1,十層,十三層,住宅大樓(11層含以上有電梯),住家用,鋼筋混凝土造,1150324,127.74,2,2,2,有,有,14693005,134428,坡道平面,31.83,1800000,合約價格：14700000元，工程款減帳6995元，實際交易總價：14693005元預售屋、或土地及建物分件登記案件；,RPXNMLMLPHLGFAD68DA,59.95,0.0,3.6,有,
東區,房地(土地+建物)+車位,臺南市東區裕文路１３３號五樓之１,50.49,住,,,1130723,土地1建物1車位2,五層,十二層,住宅大樓(11層含以上有電梯),住家用,鋼筋混凝土造,1150409,267.41,3,2,2,有,有,37660000,170413,坡道平面,68.13,3700000,預售屋、或土地及建物分件登記案件；,RPXOMLPLNHLGFCD09DA,120.32,0.0,9.23,有,
東區,房地(土地+建物)+車位,臺南市東區裕文路１３３號七樓之２,54.09,住,,,1130720,土地1建物1車位1,七層,十二層,住宅大樓(11層含以上有電梯),住家用,鋼筋混凝土造,1150409,249.02,3,2,3,有,有,39320000,174575,坡道平面,35.53,2050000,預售屋、或土地及建物分件登記案件；,RPTNMLQLNHLGFCD68DA,130.4,0.0,8.28,有,
善化區,房地(土地+建物)+車位,臺南市善化區六分寮３３５之１號四樓之３,25.83,,鄉村區,乙種建築用地,1130714,土地1建物1車位1,四層,七層,華廈(10層含以下有電梯),住家用,鋼筋混凝土造,1150312,106.22,3,2,2,有,有,8920000,80996,一樓平面,14.61,1500000,土地價款:334萬元整建物價款:408萬元整預售屋、或土地及建物分件登記案件；,RPOOMLLJOHLGFHD18DA,58.49,0.0,9.51,有,
永康區,房地(土地+建物)+車位,臺南市永康區永善路１３０號八樓之２,30.29,住,,,1130713,土地1建物1車位1,八層,十五層,住宅大樓(11層含以上有電梯),住家用,鋼筋混凝土造,1150331,186.89,4,2,2,有,有,21200000,121995,坡道平面,25.9,1560000,預售屋、或土地及建物分件登記案件；,RPQPMLNLPHLGFKD66DA,96.27,0.0,9.01,有,
永康區,房地(土地+建物),臺南市永康區永善路３６號四樓之７,16.83,住,,,1130609,土地1建物1車位0,四層,十四層,住宅大樓(11層含以上有電梯),住家用,鋼筋混凝土造,1150416,84.78,2,2,1,有,有,8980000,105921,,0.0,0,預售屋、或土地及建物分件登記案件；,RPQPMLNJOHLGFKD98DA,50.39,0.0,4.88,有,
永康區,房地(土地+建物)+車位,臺南市永康區永善路３６號十一樓之５,24.61,住,,,1130615,土地1建物1車位1,十一層,十四層,住宅大樓(11層含以上有電梯),住家用,鋼筋混凝土造,1150416,163.63,3,2,2,有,有,15260000,111891,坡道平面,39.76,1400000,預售屋、或土地及建物分件登記案件；,RPSQMLOLOHLGFKD96DA,71.88,0.0,8.9,有,
安南區,房地(土地+建物)+車位,臺南市安南區新宅一街３００號十樓之３,19.99,住,,,1130603,土地1建物1車位1,十層,十四層,住宅大樓(11層含以上有電梯),住家用,鋼筋混凝土造,1150424,124.67,2,2,1,有,有,11100000,102675,坡道平面,32.34,1620000,預售屋、或土地及建物分件登記案件；,RPOOMLLMNHLGFBD77DA,52.05,0.0,8.42,有,
永康區,房地(土地+建物)+車位,臺南市永康區永善路３６號十三樓之２,24.7,住,,,1130623,土地1建物1車位1,十三層,十四層,住宅大樓(11層含以上有電梯),住家用,鋼筋混凝土造,1150416,164.12,3,2,2,有,有,15570000,111933,坡道平面,39.76,1650000,114年5月2日有轉讓，轉讓金額不變，轉讓關係為母女。預售屋、或土地及建物分件登記案件；,RPOOMLRLPHLGFKD76DA,71.85,0.0,9.24,有,
永康區,房地(土地+建物)+車位,臺南市永康區永善路３６號七樓之７,16.83,住,,,1130503,土地1建物1車位1,七層,十四層,住宅大樓(11層含以上有電梯),住家用,鋼筋混凝土造,1150416,124.53999999999999,2,2,1,有,有,10500000,109106,坡道平面,39.76,1250000,預售屋、或土地及建物分件登記案件；,RPQPMLTLNHLGFKD07DA,50.39,0.0,4.88,有,
中西區,房地(土地+建物)+車位,臺南市中西區友愛東街５１號三樓之１,12.59,商,,,1130504,土地1建物1車位1,三層,五層,華廈(10層含以下有電梯),住家用,鋼筋混凝土造,1150421,65.27,2,2,1,有,有,11600000,167062,其他,6.31,1750000,1、土地售價：5417500元      建物售價：4432500元      車位售價：1750000元2、代書費、印花稅、規費由買方負擔。3、車位114年3月22日加購。預售屋、或土地及建物分件登記案件；,RPSOMLKLPHLGFAD08DA,37.25,0.0,6.04,有,
歸仁區,房地(土地+建物)+車位,臺南市歸仁區中正南路一段１３１巷１６號五樓之２,29.74,住,,,1130511,土地3建物1車位1,五層,五層,華廈(10層含以下有電梯),住家用,鋼筋混凝土造,1150129,93.83000000000001,2,2,2,有,有,8650000,94129,其他,8.84,650000,115年6月12日增購汽車停車位1位車位價格65萬元。親友、員工、共有人或其他特殊關係間之交易；預售屋、或土地及建物分件登記案件；,RPROMLOKPHLGFID09DA,58.97,0.0,5.68,有,
永康區,房地(土地+建物)+車位,臺南市永康區永善路３６號六樓之７,16.83,住,,,1130408,土地1建物1車位1,六層,十四層,住宅大樓(11層含以上有電梯),住家用,鋼筋混凝土造,1150416,124.53999999999999,2,2,1,有,有,10300000,107926,坡道平面,39.76,1150000,預售屋、或土地及建物分件登記案件；,RPRPMLNJOHLGFKD09DA,50.39,0.0,4.88,有,
永康區,房地(土地+建物)+車位,臺南市永康區永善路３６號七樓之３,18.01,住,,,1130410,土地1建物1車位1,七層,十四層,住宅大樓(11層含以上有電梯),住家用,鋼筋混凝土造,1150416,129.32,2,2,1,有,有,11420000,110498,坡道平面,38.64,1400000,預售屋、或土地及建物分件登記案件；,RPOOMLQJPHLGFKD09DA,50.54,0.0,8.58,有,
歸仁區,房地(土地+建物)+車位,臺南市歸仁區中正南路一段１３１巷１６號五樓之３,31.21,住,,,1130427,土地3建物1車位1,五層,五層,華廈(10層含以下有電梯),住家用,鋼筋混凝土造,1150129,106.08,2,2,2,有,有,10240000,97161,一樓平面,17.67,1650000,預售屋、或土地及建物分件登記案件；,RPXNMLPJOHLGFID86DA,60.02,0.0,7.26,有,
歸仁區,房地(土地+建物)+車位,臺南市歸仁區中正南路一段１３１巷１２號三樓之３,38.81,住,,,1130428,土地3建物1車位1,三層,五層,華廈(10層含以下有電梯),住家用,鋼筋混凝土造,1150129,127.39000000000001,3,2,2,有,有,10850000,84761,一樓平面,17.67,1550000,原預售屋合約之買受人為夫妻2人共有，後指定登記名義人為夫或妻之一方單獨所有。預售屋、或土地及建物分件登記案件；,RPQNMLOKPHLGFID88DA,72.32,0.0,11.36,有,
永康區,房地(土地+建物)+車位,臺南市永康區永善路３６號七樓之５,24.61,住,,,1130323,土地1建物1車位1,七層,十四層,住宅大樓(11層含以上有電梯),住家用,鋼筋混凝土造,1150416,163.63,3,2,2,有,有,14620000,108743,坡道平面,39.76,1150000,預售屋、或土地及建物分件登記案件；,RPRQMLOLOHLGFKD86DA,71.88,0.0,8.9,有,
永康區,房地(土地+建物)+車位,臺南市永康區永善路３６號九樓之３,18.01,住,,,1130306,土地1建物1車位1,九層,十四層,住宅大樓(11層含以上有電梯),住家用,鋼筋混凝土造,1150416,129.32,2,2,1,有,有,11700000,113035,坡道平面,38.64,1450000,預售屋、或土地及建物分件登記案件；,RPPOMLQJPHLGFKD56DA,50.54,0.0,8.58,有,
安南區,房地(土地+建物)+車位,臺南市安南區新宅一街３００號八樓之２,26.76,住,,,1130329,土地1建物1車位1,八層,十四層,住宅大樓(11層含以上有電梯),住家用,鋼筋混凝土造,1150424,155.92000000000002,3,2,2,有,有,13340000,94837,坡道平面,32.34,1620000,預售屋、或土地及建物分件登記案件；,RPXNMLQKPHLGFBD09DA,71.66,0.0,9.28,有,
安南區,房地(土地+建物),臺南市安南區安和路一段２２０巷４７弄１７號,110.47,住,,,1130310,土地1建物1車位0,全,三層,透天厝,住家用,鋼筋混凝土造,1150109,176.9,5,2,4,有,無,19800000,111928,,0.0,0,預售屋、或土地及建物分件登記案件；,RPUNMLRKPHLGFBD88DA,168.12,0.0,8.78,無,
永康區,房地(土地+建物)+車位,臺南市永康區永安路２８８號二樓之２,24.23,住,,,1130330,土地1建物1車位1,二層,十五層,住宅大樓(11層含以上有電梯),住家用,鋼筋混凝土造,1150303,152.42000000000002,3,2,2,有,有,16930000,119368,坡道平面,25.25,1750000,預售屋、或土地及建物分件登記案件；,RPUUMLSJNHLGFKD67DA,73.71,0.0,9.15,有,
中西區,房地(土地+建物)+車位,臺南市中西區頂美三街３７號十二樓之５,28.04,住,,,1130305,土地5建物1車位1,十二層,十三層,住宅大樓(11層含以上有電梯),住家用,鋼筋混凝土造,1150324,127.74,2,2,2,有,有,15770000,146700,坡道平面,31.83,1700000,預售屋、或土地及建物分件登記案件；,RPOOMLMLPHLGFAD87DA,59.7,0.0,3.85,有,
歸仁區,房地(土地+建物)+車位,臺南市歸仁區中正南路一段１３１巷１６號二樓之３,31.21,住,,,1130324,土地3建物1車位1,二層,五層,華廈(10層含以下有電梯),住家用,鋼筋混凝土造,1150129,105.93,2,2,2,有,有,9230000,85883,一樓平面,17.67,1650000,預售屋、或土地及建物分件登記案件；,RPOOMLPJOHLGFID68DA,59.91,0.0,7.26,有,
東區,房地(土地+建物)+車位,臺南市東區裕豐街７號三樓之２,39.53,住,,,1130220,土地3建物1車位1,三層,五層,華廈(10層含以下有電梯),住家用,鋼筋混凝土造,1150319,129.45,3,2,2,有,有,18473885,144851,一樓平面,15.03,1900000,本件預售屋不動產交易總價18400000，另有做面積找補，面積找補金額為買方補貼73885給賣方。補貼後交易總價變更為18473885。預售屋、或土地及建物分件登記案件；,RPVNMLPKPHLGFCD88DA,77.65,0.0,9.51,有,
歸仁區,房地(土地+建物)+車位,臺南市歸仁區中正南路一段１３１巷１２號五樓之１,36.81,住,,,1130207,土地3建物1車位1,五層,五層,華廈(10層含以下有電梯),住家用,鋼筋混凝土造,1150129,128.43,3,2,2,有,有,11620000,94538,一樓平面,22.97,1650000,預售屋、或土地及建物分件登記案件；,RPUOMLLLPHLGFID56DA,71.35,0.0,9.06,有,
永康區,房地(土地+建物)+車位,臺南市永康區永安路２９２號六樓之１,23.67,住,,,1130219,土地1建物1車位1,六層,十五層,住宅大樓(11層含以上有電梯),住家用,鋼筋混凝土造,1150303,147.82999999999998,3,2,2,有,有,16670000,122532,坡道平面,25.25,1650000,預售屋、或土地及建物分件登記案件；,RPSNMLSJNHLGFKD76DA,71.74,0.0,9.15,有,
安南區,房地(土地+建物),臺南市安南區安和路一段２２０巷２７弄１１號,105.73,住,,,1130201,土地1建物1車位0,全,三層,透天厝,住家用,鋼筋混凝土造,1150109,164.21,4,2,3,有,無,19600000,119359,,0.0,0,預售屋、或土地及建物分件登記案件；,RPTNMLRKPHLGFBD78DA,146.83,0.0,17.38,無,
中西區,房地(土地+建物)+車位,臺南市中西區頂美三街３７號六樓之１,37.74,住,,,1130127,土地5建物1車位2,六層,十三層,住宅大樓(11層含以上有電梯),住家用,鋼筋混凝土造,1150324,192.74,3,2,2,有,有,21060000,133716,一樓平面,63.66,3800000,預售屋、或土地及建物分件登記案件；,RPUOMLPKPHLGFAD68DA,74.98,0.0,10.56,有,
安南區,房地(土地+建物),臺南市安南區樂活二街６８號,90.24,住,,,1130120,土地5建物1車位0,全,四層,透天厝,住家用,鋼筋混凝土造,1141105,217.87,3,2,5,有,無,23389090,107353,,0.0,0,工程變更追加金額29090元預售屋、或土地及建物分件登記案件；,RPSOMLSJMHLGFBD48DA,193.82,0.0,24.05,無,
安南區,房地(土地+建物),臺南市安南區安和路一段２２０巷２７弄９號,75.62,住,,,1130129,土地1建物1車位0,全,三層,透天厝,住家用,鋼筋混凝土造,1150109,161.15,3,2,4,有,無,17680000,109711,,0.0,0,預售屋、或土地及建物分件登記案件；,RPSNMLRKPHLGFBD68DA,144.79,0.0,16.36,無,
歸仁區,房地(土地+建物)+車位,臺南市歸仁區中正南路一段１３１巷１６號三樓之１,38.34,住,,,1121111,土地3建物1車位1,三層,五層,華廈(10層含以下有電梯),住家用,鋼筋混凝土造,1150129,127.1,3,2,2,有,有,11180000,87545,一樓平面,17.67,1600000,預售屋、或土地及建物分件登記案件；,RPVNMLOKPHLGFID76DA,75.9,0.0,7.62,有,
中西區,房地(土地+建物)+車位,臺南市中西區頂美三街３７號九樓之２,38.09,住,,,1121024,土地5建物1車位2,九層,十三層,住宅大樓(11層含以上有電梯),住家用,鋼筋混凝土造,1150324,193.93,3,2,2,有,有,21328430,137625,坡道平面,63.66,3400000,合約價格：21330000元，工程款減帳1570元，實際交易總價：21328430元預售屋、或土地及建物分件登記案件；,RPVOMLPKPHLGFAD78DA,76.74,0.0,9.59,有,
北區,房地(土地+建物)+車位,臺南市北區和緯路二段３３９號十一樓之６,11.55,住,,,1121012,土地1建物1車位1,十一層,十五層,住宅大樓(11層含以上有電梯),住家用,鋼筋混凝土造,1141110,111.00999999999999,1,2,2,有,有,13870000,136835,坡道平面,22.29,1730000,預售屋、或土地及建物分件登記案件；,RPVNMLNLPHLGFAD58DA,51.72,0.0,4.88,有,
永康區,房地(土地+建物)+車位,臺南市永康區永安路２８８號十一樓之７,16.34,住,,,1120927,土地1建物1車位1,十一層,十五層,住宅大樓(11層含以上有電梯),住家用,鋼筋混凝土造,1150303,111.16999999999999,2,2,1,有,有,12240000,122672,坡道平面,25.25,1700000,115.03.07讓渡，讓渡總價1224萬元整預售屋、或土地及建物分件登記案件；,RPOQMLTJNHLGFKD76DA,51.19,0.0,4.75,有,
安南區,房地(土地+建物)+車位,臺南市安南區新宅一街３００號二樓之７,18.82,住,,,1120919,土地1建物1車位1,二層,十四層,住宅大樓(11層含以上有電梯),住家用,鋼筋混凝土造,1150424,119.28999999999999,2,2,1,有,有,9620000,92007,坡道平面,32.34,1620000,預售屋、或土地及建物分件登記案件；,RPVNMLOKOHLGFBD58DA,52.05,0.0,4.88,有,
永康區,房地(土地+建物)+車位,臺南市永康區永安路２９０號二樓之５,21.57,住,,,1120804,土地1建物1車位1,二層,十五層,住宅大樓(11層含以上有電梯),住家用,鋼筋混凝土造,1150303,138.01,3,2,2,有,有,14880000,116442,坡道平面,25.25,1750000,預售屋、或土地及建物分件登記案件；,RPROMLMLNHLGFKD98DA,69.16,0.0,4.57,有,
安定區,房地(土地+建物)+車位,臺南市安定區安定２６之７號七樓之２,44.74,住,,,1120701,土地1建物1車位1,七層,八層,華廈(10層含以下有電梯),住家用,鋼筋混凝土造,1140704,122.77,3,2,2,有,有,11000000,89598,一樓平面,0.0,1200000,車位位於室外法定空地親友、員工、共有人或其他特殊關係間之交易；預售屋、或土地及建物分件登記案件；,RPTNMLOLPHLGFHD56DA,72.95,0.0,8.91,有,
新營區,房地(土地+建物)+車位,臺南市新營區新進路５０號一樓之三,33.54,住,,,1120620,土地2建物1車位1,一層,八層,華廈(10層含以下有電梯),住家用,鋼筋混凝土造,1150122,126.17999999999999,3,2,2,有,有,9370000,76075,坡道平面,20.1,1300000,本件有轉讓，權利買賣契約價格937萬元，轉讓日期：115年03月07日。預售屋、或土地及建物分件登記案件；,RPWNMLMLPHLGFDD88DA,72.16,0.0,6.05,有,
新營區,房地(土地+建物)+車位,臺南市新營區新進路５０號一樓之一,23.43,住,,,1120620,土地2建物1車位1,一層,八層,華廈(10層含以下有電梯),住家用,鋼筋混凝土造,1150122,83.56,2,2,1,有,有,6980000,82982,坡道機械,10.05,880000,本件有轉讓，權利買賣契約價格698萬元，轉讓日期：115年3月7日。預售屋、或土地及建物分件登記案件；,RPXNMLMLPHLGFDD98DA,49.6,0.0,4.92,有,
永康區,房地(土地+建物)+車位,臺南市永康區永安路２９０號十四樓之３,24.29,住,,,1120602,土地1建物1車位1,十四層,十五層,住宅大樓(11層含以上有電梯),住家用,鋼筋混凝土造,1150303,152.3,3,2,2,有,有,18240000,129398,坡道平面,25.25,1800000,預售屋、或土地及建物分件登記案件；,RPSOMLMLNHLGFKD09DA,74.55,0.0,8.48,有,
永康區,房地(土地+建物)+車位,臺南市永康區自強路３７７號二樓之５,27.97,住,,,1120603,土地1建物1車位1,二層,九層,華廈(10層含以下有電梯),住家用,鋼筋混凝土造,1150505,108.27,2,2,2,有,有,10800000,106638,一樓平面,20.59,1450000,預售屋、或土地及建物分件登記案件；,RPQNMLMLPHLGFKD98DA,55.24,0.0,4.92,有,
永康區,房地(土地+建物)+車位,臺南市永康區永安路２９０號十一樓之３,13.58,住,,,1120429,土地1建物1車位1,十一層,十五層,住宅大樓(11層含以上有電梯),住家用,鋼筋混凝土造,1150303,96.36,2,2,1,有,有,10370000,122627,坡道平面,25.25,1650000,預售屋、或土地及建物分件登記案件；,RPSSMLTJNHLGFKD37DA,43.0,0.0,3.47,有,
永康區,房地(土地+建物)+車位,臺南市永康區永安路２８８號十一樓之３,21.42,住,,,1120307,土地1建物1車位1,十一層,十五層,住宅大樓(11層含以上有電梯),住家用,鋼筋混凝土造,1150303,137.64,3,2,2,有,有,14750000,119228,坡道平面,25.25,1350000,113.12.19讓渡，讓渡總價1485萬元整預售屋、或土地及建物分件登記案件；,RPTWMLSJNHLGFKD77DA,68.65,0.0,4.57,有,
永康區,房地(土地+建物)+車位,臺南市永康區永善路１３０號九樓之３,24.22,住,,,1120310,土地1建物1車位1,九層,十五層,住宅大樓(11層含以上有電梯),住家用,鋼筋混凝土造,1150331,154.64,3,2,2,有,有,16970000,118767,坡道平面,25.9,1680000,預售屋、或土地及建物分件登記案件；,RPPPMLNLPHLGFKD56DA,75.97,0.0,8.25,有,
仁德區,房地(土地+建物),臺南市仁德區保生路２２號十五樓之３,9.94,商,,,1111007,土地1建物1車位0,十五層,十五層,住宅大樓(11層含以上有電梯),住家用,鋼筋混凝土造,1141117,71.42,2,2,1,有,有,7930000,111033,,0.0,0,預售屋、或土地及建物分件登記案件；,RPROMLLLPHLGFID88DA,44.03,0.0,3.36,有,
北區,房地(土地+建物)+車位,臺南市北區立賢路二段５號三樓之１,12.72,住,,,1110527,土地1建物1車位1,三層,二十四層,住宅大樓(11層含以上有電梯),住家用,鋼筋混凝土造,1150511,149.26999999999998,3,1,2,有,有,13800000,100948,坡道平面,24.85,1240000,預售屋、或土地及建物分件登記案件；,RPTNMLMKPHLGFAD18DA,67.16,7.56,4.28,有,
北區,房地(土地+建物)+車位,臺南市北區立賢路二段５號三樓之３,12.72,住,,,1110527,土地1建物1車位1,三層,二十四層,住宅大樓(11層含以上有電梯),住家用,鋼筋混凝土造,1150511,149.28,3,1,2,有,有,14500000,105280,坡道平面,24.85,1400000,預售屋、或土地及建物分件登記案件；,RPTPMLPKPHLGFAD68DA,66.52,9.07,3.42,有,
北區,房地(土地+建物)+車位,臺南市北區西門路四段５３３巷２８號二樓之６,26.56,住,,,1110425,土地1建物1車位1,二層,十四層,住宅大樓(11層含以上有電梯),住家用,鋼筋混凝土造,1150506,157.17000000000002,3,2,2,有,有,13470000,97537,坡道平面,34.96,1550000,預售屋、或土地及建物分件登記案件；,RPSNMLNKPHLGFAD18DA,75.33,0.0,4.6,有,
北區,房地(土地+建物)+車位,臺南市北區西門路四段５３３巷２８號十二樓之９,25.5,住,,,1110411,土地1建物1車位1,十二層,十四層,住宅大樓(11層含以上有電梯),住家用,鋼筋混凝土造,1150506,152.3,3,2,2,有,有,13620000,103716,坡道平面,34.96,1450000,114/7/19簽立讓渡書，讓渡金額：新台幣1500萬元。預售屋、或土地及建物分件登記案件；,RPOQMLQJPHLGFAD28DA,72.35,0.0,4.41,有,
永康區,房地(土地+建物)+車位,臺南市永康區自強路３７７號六樓之２,34.18,住,,,1110416,土地1建物1車位1,六層,九層,華廈(10層含以下有電梯),住家用,鋼筋混凝土造,1150505,131.6,3,2,2,有,有,13790000,112741,坡道平面,23.92,1650000,成交日期：112.04.11、買賣金額新台幣：1400萬元讓渡日期：112.04.20  原因：買賣預售屋、或土地及建物分件登記案件；,RPPNMLMLPHLGFKD88DA,66.28,0.0,7.75,有,
北區,房地(土地+建物)+車位,臺南市北區西門路四段５３３巷２８號十一樓之９,25.5,住,,,1110307,土地1建物1車位1,十一層,十四層,住宅大樓(11層含以上有電梯),住家用,鋼筋混凝土造,1150506,152.3,3,2,2,有,有,13700000,103545,坡道平面,34.96,1550000,夫妻讓與預售屋、或土地及建物分件登記案件；,RPRQMLQJPHLGFAD58DA,72.35,0.0,4.41,有,
北區,房地(土地+建物)+車位,臺南市北區立賢路二段５號五樓之１７,9.97,住,,,1110225,土地1建物1車位1,五層,二十四層,住宅大樓(11層含以上有電梯),住家用,鋼筋混凝土造,1150511,104.32,2,1,1,有,有,10800000,100891,坡道機械,6.69,950000,預售屋、或土地及建物分件登記案件；,RPXNMLMKPHLGFAD58DA,51.4,6.38,4.23,有,
北區,房地(土地+建物)+車位,臺南市北區西門路四段５３３巷２８號九樓之５,25.3,住,,,1110210,土地1建物1車位1,九層,十四層,住宅大樓(11層含以上有電梯),住家用,鋼筋混凝土造,1150506,151.87,3,2,2,有,有,12530000,94346,坡道平面,34.96,1500000,親友、員工、共有人或其他特殊關係間之交易；預售屋、或土地及建物分件登記案件；,RPPNMLNLPHLGFAD97DA,72.26,0.0,4.41,有,
北區,房地(土地+建物)+車位,臺南市北區西門路四段５３３巷２８號八樓之７,17.43,住,,,1110106,土地1建物1車位1,八層,十四層,住宅大樓(11層含以上有電梯),住家用,鋼筋混凝土造,1150506,115.09,2,2,1,有,有,9250000,96718,坡道平面,34.96,1500000,預售屋、或土地及建物分件登記案件；,RPWOMLQJPHLGFAD88DA,48.35,0.0,4.06,有,
北區,房地(土地+建物)+車位,臺南市北區西門路四段５３３巷２８號六樓之１０,25.01,住,,,1110109,土地1建物1車位1,六層,十四層,住宅大樓(11層含以上有電梯),住家用,鋼筋混凝土造,1150506,150.06,3,2,2,有,有,12630000,95830,坡道平面,34.96,1600000,夫妻間讓與權利範圍1/2預售屋、或土地及建物分件登記案件；,RPTOMLNKPHLGFAD38DA,70.89,0.0,4.41,有,
中西區,房地(土地+建物)+車位,臺南市中西區南華街２３號十樓之５,27.83,住,,,1101214,土地2建物1車位1,十層,十二層,住宅大樓(11層含以上有電梯),住家用,鋼筋混凝土造,1141110,191.57999999999998,2,2,2,有,有,19030000,111252,坡道平面,34.01,1500000,民國112年5月4日讓渡取得，讓渡金額2150萬元預售屋、或土地及建物分件登記案件；,RPWNMLMJOHLGFAD28DA,88.25,0.0,14.16,有,
北區,房地(土地+建物)+車位,臺南市北區西門路四段５３３巷２８號十一樓之３,17.15,住,,,1101204,土地1建物1車位1,十一層,十四層,住宅大樓(11層含以上有電梯),住家用,鋼筋混凝土造,1150506,110.72999999999999,2,2,1,有,有,9100000,98338,坡道平面,31.92,1350000,115/6/12簽立讓渡書，讓渡金額不變。預售屋、或土地及建物分件登記案件；,RPRNMLNLPHLGFAD18DA,47.43,0.0,4.12,有,
北區,房地(土地+建物)+車位,臺南市北區西門路四段５３３巷２８號四樓之１,25.48,住,,,1101105,土地1建物1車位1,四層,十四層,住宅大樓(11層含以上有電梯),住家用,鋼筋混凝土造,1150506,152.11,3,2,2,有,有,11910000,89287,坡道平面,34.96,1450000,預售屋、或土地及建物分件登記案件；,RPXOMLQJPHLGFAD98DA,72.1,0.0,4.57,有,
北區,房地(土地+建物)+車位,臺南市北區西門路四段５３３巷２８號四樓之５,25.3,住,,,1101107,土地1建物1車位1,四層,十四層,住宅大樓(11層含以上有電梯),住家用,鋼筋混凝土造,1150506,151.87,3,2,2,有,有,11920000,88701,坡道平面,34.96,1550000,夫妻間讓與預售屋、或土地及建物分件登記案件；,RPOPMLQJPHLGFAD18DA,72.26,0.0,4.41,有,
北區,房地(土地+建物)+車位,臺南市北區西門路四段５３３巷２８號四樓之７,17.43,住,,,1101105,土地1建物1車位1,四層,十四層,住宅大樓(11層含以上有電梯),住家用,鋼筋混凝土造,1150506,115.09,2,2,1,有,有,8830000,92100,坡道平面,34.96,1450000,預售屋、或土地及建物分件登記案件；,RPPPMLQJPHLGFAD28DA,48.35,0.0,4.06,有,
北區,房地(土地+建物)+車位,臺南市北區西門路四段５３３巷２８號四樓之８,17.43,住,,,1101105,土地1建物1車位1,四層,十四層,住宅大樓(11層含以上有電梯),住家用,鋼筋混凝土造,1150506,115.09,2,2,1,有,有,8830000,92100,坡道平面,34.96,1450000,預售屋、或土地及建物分件登記案件；,RPQPMLQJPHLGFAD38DA,48.35,0.0,4.06,有,
北區,房地(土地+建物)+車位,臺南市北區西門路四段５３３巷２８號六樓之５,25.3,住,,,1101109,土地1建物1車位1,六層,十四層,住宅大樓(11層含以上有電梯),住家用,鋼筋混凝土造,1150506,151.87,3,2,2,有,有,12320000,92122,坡道平面,34.96,1550000,預售屋、或土地及建物分件登記案件；,RPVNMLNKPHLGFAD48DA,72.26,0.0,4.41,有,
北區,房地(土地+建物)+車位,臺南市北區西門路四段５３３巷２８號十樓之５,25.3,住,,,1101106,土地1建物1車位1,十層,十四層,住宅大樓(11層含以上有電梯),住家用,鋼筋混凝土造,1150506,151.87,3,2,2,有,有,12740000,95715,坡道平面,34.96,1550000,預售屋、或土地及建物分件登記案件；,RPXNMLNKPHLGFAD68DA,72.26,0.0,4.41,有,
北區,房地(土地+建物)+車位,臺南市北區西門路四段５３３巷２８號十四樓之２,26.41,住,,,1101123,土地1建物1車位1,十四層,十四層,住宅大樓(11層含以上有電梯),住家用,鋼筋混凝土造,1150506,156.4,3,2,2,有,有,13680000,100296,坡道平面,34.96,1500000,預售屋、或土地及建物分件登記案件；,RPOOMLNKPHLGFAD87DA,74.42,0.0,5.03,有,
北區,房地(土地+建物)+車位,臺南市北區西門路四段５３３巷２８號二樓之７,17.43,住,,,1101119,土地1建物1車位1,二層,十四層,住宅大樓(11層含以上有電梯),住家用,鋼筋混凝土造,1150506,112.05,2,2,1,有,有,8840000,93473,坡道平面,31.92,1350000,預售屋、或土地及建物分件登記案件；,RPPOMLNKPHLGFAD97DA,48.35,0.0,4.06,有,
北區,房地(土地+建物)+車位,臺南市北區西門路四段５３３巷２８號八樓之２,26.41,住,,,1101118,土地1建物1車位1,八層,十四層,住宅大樓(11層含以上有電梯),住家用,鋼筋混凝土造,1150506,156.4,3,2,2,有,有,13300000,96756,坡道平面,34.96,1550000,預售屋、或土地及建物分件登記案件；,RPTNMLPKPHLGFAD48DA,74.42,0.0,5.03,有,
北區,房地(土地+建物)+車位,臺南市北區西門路四段５３３巷２８號五樓之１０,25.01,住,,,1101114,土地1建物1車位1,五層,十四層,住宅大樓(11層含以上有電梯),住家用,鋼筋混凝土造,1150506,150.06,3,2,2,有,有,12010000,91746,坡道平面,34.96,1450000,預售屋、或土地及建物分件登記案件；,RPWNMLPKPHLGFAD78DA,70.89,0.0,4.41,有,
北區,房地(土地+建物)+車位,臺南市北區西門路四段５３３巷２８號五樓之８,17.43,住,,,1101105,土地1建物1車位1,五層,十四層,住宅大樓(11層含以上有電梯),住家用,鋼筋混凝土造,1150506,115.09,2,2,1,有,有,9040000,94721,坡道平面,34.96,1450000,預售屋、或土地及建物分件登記案件；,RPRPMLQJPHLGFAD48DA,48.35,0.0,4.06,有,
北區,房地(土地+建物)+車位,臺南市北區西門路四段５３３巷２８號七樓之７,17.43,住,,,1101116,土地1建物1車位1,七層,十四層,住宅大樓(11層含以上有電梯),住家用,鋼筋混凝土造,1150506,115.09,2,2,1,有,有,9230000,96468,坡道平面,34.96,1500000,113/8/14簽立讓渡書，讓渡金額不變。預售屋、或土地及建物分件登記案件；,RPSPMLQJPHLGFAD58DA,48.35,0.0,4.06,有,
北區,房地(土地+建物)+車位,臺南市北區西門路四段５３３巷２８號十二樓之３,17.15,住,,,1101105,土地1建物1車位1,十二層,十四層,住宅大樓(11層含以上有電梯),住家用,鋼筋混凝土造,1150506,113.77,2,2,1,有,有,9140000,96942,坡道平面,34.96,1500000,111/4/16簽立讓渡書，讓渡金額：新台幣924萬元。預售屋、或土地及建物分件登記案件；,RPUPMLQJPHLGFAD78DA,47.43,0.0,4.12,有,
北區,房地(土地+建物)+車位,臺南市北區西門路四段５３３巷２８號十二樓之６,26.56,住,,,1101109,土地1建物1車位1,十二層,十四層,住宅大樓(11層含以上有電梯),住家用,鋼筋混凝土造,1150506,157.11,3,2,2,有,有,13850000,101105,坡道平面,34.96,1500000,預售屋、或土地及建物分件登記案件；,RPVPMLQJPHLGFAD88DA,75.33,0.0,4.6,有,
北區,房地(土地+建物)+車位,臺南市北區西門路四段５３３巷２８號十三樓之１,25.48,住,,,1101123,土地1建物1車位1,十三層,十四層,住宅大樓(11層含以上有電梯),住家用,鋼筋混凝土造,1150506,152.11,3,2,2,有,有,12900000,97738,坡道平面,34.96,1450000,預售屋、或土地及建物分件登記案件；,RPWPMLQJPHLGFAD98DA,72.1,0.0,4.57,有,
北區,房地(土地+建物)+車位,臺南市北區西門路四段５３３巷２８號十三樓之３,17.15,住,,,1101106,土地1建物1車位1,十三層,十四層,住宅大樓(11層含以上有電梯),住家用,鋼筋混凝土造,1150506,113.77,2,2,1,有,有,9170000,97957,坡道平面,34.96,1450000,預售屋、或土地及建物分件登記案件；,RPXPMLQJPHLGFAD09DA,47.43,0.0,4.12,有,
北區,房地(土地+建物)+車位,臺南市北區西門路四段５３３巷２８號八樓之１０,25.01,住,,,1101110,土地1建物1車位1,八層,十四層,住宅大樓(11層含以上有電梯),住家用,鋼筋混凝土造,1150506,150.06,3,2,2,有,有,12230000,93223,坡道平面,34.96,1500000,113/6/12簽立讓渡書，讓渡金額：新台幣1418萬元。預售屋、或土地及建物分件登記案件；,RPPQMLQJPHLGFAD38DA,70.89,0.0,4.41,有,
北區,房地(土地+建物)+車位,臺南市北區立賢路二段５號五樓之１,13.12,住,,,1101101,土地1建物1車位1,五層,二十四層,住宅大樓(11層含以上有電梯),住家用,鋼筋混凝土造,1150511,153.0,3,1,2,有,有,13020000,90675,坡道平面,24.85,1400000,本案於111年05月10日讓渡，其權利契約買賣價格不變。本案於113年10月01日讓渡，其權利契約買賣價格不變。預售屋、或土地及建物分件登記案件；,RPVNMLMKPHLGFAD38DA,67.16,9.85,4.28,有,
北區,房地(土地+建物)+車位,臺南市北區西門路四段５３３巷２８號十二樓之２,26.41,住,,,1101118,土地1建物1車位1,十二層,十四層,住宅大樓(11層含以上有電梯),住家用,鋼筋混凝土造,1150506,156.4,3,2,2,有,有,13570000,99391,坡道平面,34.96,1500000,預售屋、或土地及建物分件登記案件；,RPUNMLNKPHLGFAD38DA,74.42,0.0,5.03,有,
北區,房地(土地+建物)+車位,臺南市北區立賢路二段５號二十四樓之１７,9.97,住,,,1101125,土地1建物1車位1,二十四層,二十四層,住宅大樓(11層含以上有電梯),住家用,鋼筋混凝土造,1150511,104.32,2,1,1,有,有,10380000,96589,坡道機械,6.69,950000,本案於113年11月1日讓渡，其權利契約買賣價格不變。預售屋、或土地及建物分件登記案件；,RPWSMLPKPHLGFAD66DA,51.4,6.38,4.23,有,
北區,房地(土地+建物)+車位,臺南市北區西門路四段５３３巷２８號十一樓之１,25.48,住,,,1101121,土地1建物1車位1,十一層,十四層,住宅大樓(11層含以上有電梯),住家用,鋼筋混凝土造,1150506,152.11,3,2,2,有,有,13260000,99957,坡道平面,34.96,1550000,預售屋、或土地及建物分件登記案件；,RPQNMLNLPHLGFAD08DA,72.1,0.0,4.57,有,
北區,房地(土地+建物)+車位,臺南市北區立賢路二段５號七樓之２２,13.12,住,,,1101009,土地1建物1車位1,七層,二十四層,住宅大樓(11層含以上有電梯),住家用,鋼筋混凝土造,1150511,153.0,3,1,2,有,有,12250000,84666,坡道平面,24.85,1400000,預售屋、或土地及建物分件登記案件；,RPWPMLPKPHLGFAD98DA,67.16,9.85,4.28,有,
北區,房地(土地+建物)+車位,臺南市北區立賢路二段５號九樓之１２,8.07,住,,,1100911,土地1建物1車位1,九層,二十四層,住宅大樓(11層含以上有電梯),住家用,鋼筋混凝土造,1150511,85.82,2,1,1,有,有,7590000,86440,坡道機械,6.69,750000,本案於113年11月1日讓渡，其權利契約買賣價格不變。預售屋、或土地及建物分件登記案件；,RPPQMLPKPHLGFAD38DA,39.84,6.35,4.02,有,
北區,房地(土地+建物)+車位,臺南市北區立賢路二段５號十五樓之１９,7.27,住,,,1100906,土地1建物1車位1,十五層,二十四層,住宅大樓(11層含以上有電梯),住家用,鋼筋混凝土造,1150511,77.53999999999999,1,1,1,有,有,7150000,90332,坡道機械,6.69,750000,預售屋、或土地及建物分件登記案件；,RPQRMLPKPHLGFAD58DA,38.7,2.04,4.29,有,
北區,房地(土地+建物)+車位,臺南市北區立賢路二段５號七樓之３,12.72,住,,,1100606,土地1建物1車位1,七層,二十四層,住宅大樓(11層含以上有電梯),住家用,鋼筋混凝土造,1150511,149.28,3,1,2,有,有,11720000,81331,坡道平面,24.85,1600000,本案於112年02月17日讓渡，其權利契約買賣價格不變。預售屋、或土地及建物分件登記案件；,RPUOMLMKPHLGFAD38DA,66.52,9.07,3.42,有,
北區,房地(土地+建物)+車位,臺南市北區立賢路二段５號七樓之１,13.12,住,,,1100528,土地1建物1車位2,七層,二十四層,住宅大樓(11層含以上有電梯),住家用,鋼筋混凝土造,1150511,159.69,2,1,2,有,有,12400000,77643,坡道平面,31.54,2450000,預售屋、或土地及建物分件登記案件；,RPTOMLMKPHLGFAD28DA,67.16,9.85,4.28,有,
北區,房地(土地+建物)+車位,臺南市北區立賢路二段５號九樓之９,7.85,住,,,1100527,土地1建物1車位1,九層,二十四層,住宅大樓(11層含以上有電梯),住家用,鋼筋混凝土造,1150511,83.22,2,1,1,有,有,7150000,82321,坡道機械,6.69,850000,本案於113年08月02日讓渡，其權利契約買賣價格不變。預售屋、或土地及建物分件登記案件；,RPRPMLMKPHLGFAD18DA,41.45,3.98,3.13,有,
北區,房地(土地+建物)+車位,臺南市北區立賢路二段５號二樓之２,9.57,住,,,1100321,土地1建物1車位1,二層,二十四層,住宅大樓(11層含以上有電梯),住家用,鋼筋混凝土造,1150511,118.42,1,1,1,有,有,8850000,79620,坡道平面,24.85,1400000,預售屋、或土地及建物分件登記案件；,RPQNMLMKPHLGFAD87DA,51.58,2.37,5.43,有,
北區,房地(土地+建物)+車位,臺南市北區立賢路二段５號十樓之１７,9.97,住,,,1100309,土地1建物1車位1,十層,二十四層,住宅大樓(11層含以上有電梯),住家用,鋼筋混凝土造,1150511,122.47999999999999,2,1,1,有,有,9360000,80508,坡道平面,24.85,1500000,本案於113年10月24日讓渡，其權利契約買賣價格不變。預售屋、或土地及建物分件登記案件；,RPRQMLPKPHLGFAD58DA,51.4,6.38,4.23,有,
北區,房地(土地+建物)+車位,臺南市北區立賢路二段５號二十樓之８,7.8,住,,,1100115,土地1建物1車位1,二十層,二十四層,住宅大樓(11層含以上有電梯),住家用,鋼筋混凝土造,1150511,100.86,2,1,1,有,有,7580000,81305,坡道平面,24.85,1400000,本案於113年10月26日讓渡，其權利契約買賣價格不變。預售屋、或土地及建物分件登記案件；,RPXRMLPKPHLGFAD66DA,41.45,3.7,3.13,有,
北區,房地(土地+建物)+車位,臺南市北區立賢路二段５號三樓之２１,9.97,住,,,1091220,土地1建物1車位1,三層,二十四層,住宅大樓(11層含以上有電梯),住家用,鋼筋混凝土造,1150511,122.25999999999999,2,1,1,有,有,8420000,73093,坡道平面,24.85,1300000,預售屋、或土地及建物分件登記案件；,RPUNMLMKPHLGFAD28DA,51.58,4.78,5.43,有,
北區,房地(土地+建物)+車位,臺南市北區立賢路二段５號七樓之２０,12.72,住,,,1091227,土地1建物1車位1,七層,二十四層,住宅大樓(11層含以上有電梯),住家用,鋼筋混凝土造,1150511,149.28,3,1,2,有,有,10800000,76348,坡道平面,24.85,1300000,預售屋、或土地及建物分件登記案件；,RPXOMLMKPHLGFAD68DA,66.52,9.07,3.42,有,
北區,房地(土地+建物)+車位,臺南市北區立賢路二段５號十樓之１８,7.22,住,,,1091219,土地1建物1車位1,十層,二十四層,住宅大樓(11層含以上有電梯),住家用,鋼筋混凝土造,1150511,77.38,2,1,1,有,有,6180000,76814,坡道機械,6.69,750000,本案於110年07月27日讓渡，其權利契約買賣價格不變。本案於111年03月11日讓渡，其權利契約買賣價格不變。預售屋、或土地及建物分件登記案件；,RPVPMLMKPHLGFAD58DA,38.59,2.04,4.24,有,
北區,房地(土地+建物)+車位,臺南市北區立賢路二段５號七樓之１５,7.85,住,,,1091208,土地1建物1車位1,七層,二十四層,住宅大樓(11層含以上有電梯),住家用,鋼筋混凝土造,1150511,101.38,2,1,1,有,有,6660000,71345,坡道平面,24.85,1200000,本案於111年4月15日讓渡，其權利契約買賣價格不變。本案於113年10月26日讓渡，其權利契約買賣價格不變。預售屋、或土地及建物分件登記案件；,RPVPMLPKPHLGFAD88DA,41.45,3.98,3.13,有,
北區,房地(土地+建物)+車位,臺南市北區立賢路二段５號十一樓之９,7.85,住,,,1091220,土地1建物1車位1,十一層,二十四層,住宅大樓(11層含以上有電梯),住家用,鋼筋混凝土造,1150511,83.22,2,1,1,有,有,6800000,76441,坡道機械,6.69,950000,本案於112年11月9日讓渡，其權利契約買賣價格802萬元整。預售屋、或土地及建物分件登記案件；,RPSQMLPKPHLGFAD68DA,41.45,3.98,3.13,有,
北區,房地(土地+建物),臺南市北區立賢路二段５號五樓之６,7.27,住,,,1091105,土地1建物1車位0,五層,二十四層,住宅大樓(11層含以上有電梯),住家用,鋼筋混凝土造,1150511,70.83,1,1,1,有,有,4840000,68333,,0.0,0,本案於113年10月26日讓渡，其權利契約買賣價格不變。預售屋、或土地及建物分件登記案件；,RPWNMLMKPHLGFAD48DA,38.59,2.04,4.39,有,
北區,房地(土地+建物)+車位,臺南市北區立賢路二段５號六樓之１６,7.8,住,,,1091105,土地1建物1車位1,六層,二十四層,住宅大樓(11層含以上有電梯),住家用,鋼筋混凝土造,1150511,100.86,2,1,1,有,有,6500000,68412,坡道平面,24.85,1300000,預售屋、或土地及建物分件登記案件；,RPSOMLMKPHLGFAD18DA,41.45,3.7,3.13,有,
北區,房地(土地+建物)+車位,臺南市北區立賢路二段５號二樓之７,7.18,住,,,1091105,土地1建物1車位1,二層,二十四層,住宅大樓(11層含以上有電梯),住家用,鋼筋混凝土造,1150511,76.85,2,1,1,有,有,5930000,73831,坡道機械,6.69,750000,預售屋、或土地及建物分件登記案件；,RPSPMLPKPHLGFAD58DA,41.45,0.0,3.13,有,
北區,房地(土地+建物)+車位,臺南市北區立賢路二段５號十三樓之１０,7.89,住,,,1091108,土地1建物1車位1,十三層,二十四層,住宅大樓(11層含以上有電梯),住家用,鋼筋混凝土造,1150511,102.05000000000001,2,1,1,有,有,7010000,73964,坡道平面,24.85,1300000,預售屋、或土地及建物分件登記案件；,RPWQMLPKPHLGFAD09DA,42.14,3.61,3.24,有,
北區,房地(土地+建物)+車位,臺南市北區立賢路二段５號二十樓之１２,8.07,住,,,1091123,土地1建物1車位1,二十層,二十四層,住宅大樓(11層含以上有電梯),住家用,鋼筋混凝土造,1150511,103.99000000000001,2,1,1,有,有,6580000,67981,坡道平面,24.85,1200000,本案於110年5月6日讓渡，其權利契約買賣價格678萬元整。預售屋、或土地及建物分件登記案件；,RPOSMLPKPHLGFAD48DA,39.84,6.35,4.02,有,
北區,房地(土地+建物)+車位,臺南市北區立賢路二段５號二樓之６,8.95,住,,,1091013,土地1建物1車位1,二層,二十四層,住宅大樓(11層含以上有電梯),住家用,鋼筋混凝土造,1150511,112.5,2,1,1,有,有,7700000,74159,坡道平面,24.85,1200000,預售屋、或土地及建物分件登記案件；,RPSNMLMKPHLGFAD08DA,51.38,0.0,4.23,有,
北區,房地(土地+建物)+車位,臺南市北區立賢路二段５號十四樓之１１,8.07,住,,,1091006,土地1建物1車位1,十四層,二十四層,住宅大樓(11層含以上有電梯),住家用,鋼筋混凝土造,1150511,103.99000000000001,2,1,1,有,有,6400000,65706,坡道平面,24.85,1200000,本案於110年6月5日讓渡，其權利契約買賣價格655萬。本案於111年4月23日讓渡，其權利契約買賣價格657.5萬。本案於113年10月16日讓渡，其權利契約買賣價格661.5萬。預售屋、或土地及建物分件登記案件；,RPPRMLPKPHLGFAD48DA,39.84,6.35,4.02,有,
北區,房地(土地+建物)+車位,臺南市北區立賢路二段５號七樓之９,7.85,住,,,1090913,土地1建物1車位1,七層,二十四層,住宅大樓(11層含以上有電梯),住家用,鋼筋混凝土造,1150511,83.22,2,1,1,有,有,6520000,75395,坡道機械,6.69,750000,本案於110年10月13日讓渡，其權利契約買賣價格671萬元整。預售屋、或土地及建物分件登記案件；,RPWOMLMKPHLGFAD58DA,41.45,3.98,3.13,有,
北區,房地(土地+建物),臺南市北區立賢路二段５號十二樓之１５,7.85,住,,,1090929,土地1建物1車位0,十二層,二十四層,住宅大樓(11層含以上有電梯),住家用,鋼筋混凝土造,1150511,76.53,2,1,1,有,有,5700000,74481,,0.0,0,預售屋、或土地及建物分件登記案件；,RPTQMLPKPHLGFAD78DA,41.45,3.98,3.13,有,
北區,房地(土地+建物)+車位,臺南市北區立賢路二段５號十三樓之５,7.27,住,,,1090923,土地1建物1車位1,十三層,二十四層,住宅大樓(11層含以上有電梯),住家用,鋼筋混凝土造,1150511,77.64,2,1,1,有,有,5620000,70049,坡道機械,6.69,650000,預售屋、或土地及建物分件登記案件；,RPUQMLPKPHLGFAD88DA,38.7,2.04,4.39,有,
北區,房地(土地+建物)+車位,臺南市北區立賢路二段５號十三樓之６,7.27,住,,,1090923,土地1建物1車位1,十三層,二十四層,住宅大樓(11層含以上有電梯),住家用,鋼筋混凝土造,1150511,77.53,2,1,1,有,有,5610000,70017,坡道機械,6.69,650000,預售屋、或土地及建物分件登記案件；,RPVQMLPKPHLGFAD98DA,38.59,2.04,4.39,有,
北區,房地(土地+建物)+車位,臺南市北區立賢路二段５號十四樓之９,7.85,住,,,1090929,土地1建物1車位1,十四層,二十四層,住宅大樓(11層含以上有電梯),住家用,鋼筋混凝土造,1150511,83.22,2,1,1,有,有,6350000,71867,坡道機械,6.69,850000,本案於113年10月26日讓渡，其權利契約買賣價格不變。預售屋、或土地及建物分件登記案件；,RPORMLPKPHLGFAD38DA,41.45,3.98,3.13,有,
北區,房地(土地+建物)+車位,臺南市北區立賢路二段５號十八樓之２２,13.12,住,,,1090922,土地1建物1車位1,十八層,二十四層,住宅大樓(11層含以上有電梯),住家用,鋼筋混凝土造,1150511,158.01,3,2,2,有,有,10780000,74768,坡道平面,29.88,1200000,本案於113年10月26日讓渡，其權利契約買賣價格不變。預售屋、或土地及建物分件登記案件；,RPVRMLPKPHLGFAD09DA,67.16,9.85,4.28,有,
北區,房地(土地+建物)+車位,臺南市北區立賢路二段５號十九樓之２,9.97,住,,,1090918,土地1建物1車位1,十九層,二十四層,住宅大樓(11層含以上有電梯),住家用,鋼筋混凝土造,1150511,122.25999999999999,2,1,1,有,有,8990000,77918,坡道平面,24.85,1400000,預售屋、或土地及建物分件登記案件；,RPWRMLPKPHLGFAD56DA,51.58,4.78,5.43,有,
北區,房地(土地+建物)+車位,臺南市北區立賢路二段５號二十二樓之３,12.72,住,,,1090906,土地1建物1車位1,二十二層,二十四層,住宅大樓(11層含以上有電梯),住家用,鋼筋混凝土造,1150511,149.28,3,1,2,有,有,11270000,79322,坡道平面,24.85,1400000,本案於111年5月13日讓渡，其權利契約買賣價格1142萬元整。本案於113年10月26日讓渡，其權利契約買賣價格不變1142萬元整。預售屋、或土地及建物分件登記案件；,RPTSMLPKPHLGFAD98DA,66.52,9.07,3.42,有,
北區,房地(土地+建物)+車位,臺南市北區立賢路二段５號六樓之７,9.97,住,,,1090822,土地1建物1車位1,六層,二十四層,住宅大樓(11層含以上有電梯),住家用,鋼筋混凝土造,1150511,122.46000000000001,2,1,1,有,有,8460000,72329,坡道平面,24.85,1400000,預售屋、或土地及建物分件登記案件；,RPPOMLMKPHLGFAD87DA,51.38,6.38,4.23,有,
北區,房地(土地+建物)+車位,臺南市北區立賢路二段５號六樓之１５,7.85,住,,,1090829,土地1建物1車位1,六層,二十四層,住宅大樓(11層含以上有電梯),住家用,鋼筋混凝土造,1150511,83.22,2,1,1,有,有,6080000,69646,坡道機械,6.69,750000,預售屋、或土地及建物分件登記案件；,RPROMLMKPHLGFAD08DA,41.45,3.98,3.13,有,
北區,房地(土地+建物)+車位,臺南市北區立賢路二段５號九樓之１０,7.89,住,,,1090816,土地1建物1車位1,九層,二十四層,住宅大樓(11層含以上有電梯),住家用,鋼筋混凝土造,1150511,102.05000000000001,2,1,1,有,有,6910000,72668,坡道平面,24.85,1300000,本案於110年5月9日讓渡，其權利契約買賣價格不變。預售屋、或土地及建物分件登記案件；,RPOQMLPKPHLGFAD28DA,42.14,3.61,3.24,有,
北區,房地(土地+建物)+車位,臺南市北區立賢路二段５號十樓之８,7.8,住,,,1090807,土地1建物1車位1,十層,二十四層,住宅大樓(11層含以上有電梯),住家用,鋼筋混凝土造,1150511,82.7,2,1,1,有,有,6250000,71043,坡道機械,6.69,850000,本案於110年9月4日讓渡，其權利契約買賣價格644萬元整。預售屋、或土地及建物分件登記案件；,RPQQMLPKPHLGFAD48DA,41.45,3.7,3.13,有,
北區,房地(土地+建物)+車位,臺南市北區立賢路二段５號十六樓之１６,7.8,住,,,1090828,土地1建物1車位1,十六層,二十四層,住宅大樓(11層含以上有電梯),住家用,鋼筋混凝土造,1150511,82.7,2,1,1,有,有,6150000,72359,坡道機械,6.69,650000,本案於111年1月14日讓渡，其權利契約買賣價格630萬元整。預售屋、或土地及建物分件登記案件；,RPSRMLPKPHLGFAD78DA,41.45,3.7,3.13,有,
北區,房地(土地+建物)+車位,臺南市北區立賢路二段５號二十二樓之１,13.12,住,,,1090828,土地1建物1車位1,二十二層,二十四層,住宅大樓(11層含以上有電梯),住家用,鋼筋混凝土造,1150511,153.0,3,1,2,有,有,10850000,74522,坡道平面,24.85,1300000,本案於112年1月18日讓渡，其權利契約買賣價格1091萬元整。預售屋、或土地及建物分件登記案件；,RPSSMLPKPHLGFAD88DA,67.16,9.85,4.28,有,
北區,房地(土地+建物)+車位,臺南市北區立賢路二段５號二十三樓之１８,7.22,住,,,1090822,土地1建物1車位1,二十三層,二十四層,住宅大樓(11層含以上有電梯),住家用,鋼筋混凝土造,1150511,77.38,2,1,1,有,有,5950000,73561,坡道機械,6.69,750000,本案於110年12月23日讓渡，其權利契約買賣價格671萬元整。本案於113年10月26日讓渡，其權利契約買賣價格不變671萬元整。預售屋、或土地及建物分件登記案件；,RPUSMLPKPHLGFAD09DA,38.59,2.04,4.24,有,
北區,車位,臨安路二段,0.08,住,,,1021127,土地1建物1車位1,,,其他,,,,39.31,0,0,0,無,有,200000,,坡道平面,39.31,200000,僅車位交易；,RPWOMLRJPHLGFAD98DA,0.0,0.0,0.0,有,223
北區,車位,臨安路二段,0.08,住,,,970625,土地1建物1車位1,,,其他,,,,39.31,0,0,0,無,有,300000,,坡道平面,39.31,300000,115年6月25日兄讓渡給妹，讓渡金額30萬元整僅車位交易；,RPXOMLRJPHLGFAD09DA,0.0,0.0,0.0,有,223
安南區,土地,保安宮段2026地號,76.68,住,,,110704,土地1建物0車位0,,,其他,,,,0.0,0,0,0,無,無,3220000,41993,,0.0,0,親友、員工、共有人或其他特殊關係間之交易；,RPXNMLOKPHLGFBD88DA,0.0,0.0,0.0,無,
