鄉鎮市區,交易標的,土地位置建物門牌,土地移轉總面積平方公尺,都市土地使用分區,非都市土地使用分區,非都市土地使用編定,交易年月日,交易筆棟數,移轉層次,總樓層數,建物型態,主要用途,主要建材,建築完成年月,建物移轉總面積平方公尺,建物現況格局-房,建物現況格局-廳,建物現況格局-衛,建物現況格局-隔間,有無管理組織,總價元,單價元平方公尺,車位類別,車位移轉總面積平方公尺,車位總價元,備註,編號,主建物面積,附屬建物面積,陽台面積,電梯,移轉編號
The villages and towns urban district,transaction sign,land sector position building sector house number plate,land shifting total area square meter,the use zoning or compiles and checks,the non-metropolis land use district,non-metropolis land use,transaction year month and day,transaction pen number,shifting level,total floor number,building state,main use,main building materials,construction to complete the years,building shifting total area,Building present situation pattern - room,building present situation pattern - hall,building present situation pattern - health,building present situation pattern - compartmented,Whether there is manages the organization,total price NTD,the unit price (NTD / square meter),the berth category,berth shifting total area square meter,the berth total price NTD,the note,serial number,main building area,auxiliary building area,balcony area,elevator,transaction number
中區,房地(土地+建物),臺中市中區臺灣大道一段３０６巷３５號七樓之１,6.93,都市：其他:第一種商業區,,,1150720,土地1建物1車位0,七層,七層,華廈(10層含以下有電梯),住家用,鋼筋混凝土造,0820827,70.6,2,1,1,有,無,1000000,14164,,0.0,0,其他:親友交易親友、員工、共有人或其他特殊關係間之交易；,RPSTMLLLPHLGFAB48DA,48.37,0.0,0.0,有,001
中區,房地(土地+建物),臺中市中區公園路３８號八樓之３２,5.08,都市：其他:第二種商業區,,,1150716,土地2建物1車位0,八層,十一層,住宅大樓(11層含以上有電梯),住家用,鋼筋混凝土造,0701231,40.349999999999994,1,0,1,有,有,2150000,53284,,0.0,0,,RPPNMLTLPHLGFAB38DA,26.83,0.0,0.0,有,002
西區,房地(土地+建物)+車位,臺中市西區大忠南街７８號八樓之一,9.42,都市：其他:第二種住宅區,,,1150710,土地1建物1車位1,八層,十四層,住宅大樓(11層含以上有電梯),住家用,鋼筋混凝土造,0960705,104.07,2,2,1,有,有,13080000,125685,坡道機械,16.78,0,陽台外推；,RPWNMLTLPHLGFAB09DA,53.37,0.63,9.25,有,
北區,房地(土地+建物),臺中市北區榮華街６８號４樓之４,5.0,都市：其他:第二種住宅區,,,1150718,土地1建物1車位0,四層,五層,公寓(5樓含以下無電梯),住家用,鋼筋混凝土造,0771114,26.54,1,0,1,有,無,2180000,82140,,0.0,0,,RPPNMLSKPHLGFBB28DA,17.81,0.0,3.0,無,003
北屯區,房地(土地+建物)+車位,臺中市北屯區松順一街３５號３樓,27.02,都市：其他:第二種住宅區,,,1150701,土地1建物1車位1,三層,十二層,住宅大樓(11層含以上有電梯),住家用,鋼筋混凝土造,0830614,196.25,4,2,2,有,有,13880000,70726,坡道平面,0.0,0,,RPPPMLRLPHLGFBB48DA,121.62,3.83,14.08,有,
北區,房地(土地+建物),臺中市北區三民路三段２６２之２４號,3.75,都市：其他:第一種商業區,,,1150710,土地2建物1車位0,七層,十一層,住宅大樓(11層含以上有電梯),住家用,鋼筋混凝土造,0701229,40.14,1,1,1,有,有,3600000,89686,,0.0,0,,RPPPMLSLPHLGFBB58DA,30.74,0.0,0.0,有,004
北屯區,房地(土地+建物)+車位,臺中市北屯區崇德十六路２２８號十一樓之２,16.97,都市：其他:第二種商業區,,,1150705,土地1建物1車位1,十一層,十五層,住宅大樓(11層含以上有電梯),住家用,鋼筋混凝土造,1060801,174.8,3,2,2,有,有,10900000,62357,坡道平面,23.9,0,親友、員工、共有人或其他特殊關係間之交易；,RPPNMLTLPHLGFBB48DA,92.48,0.0,10.27,有,005
北區,土地,新賴厝五段867地號,15.79,都市：其他:第二種住宅區,,,1150713,土地1建物0車位0,,,其他,,,,0.0,0,0,0,無,無,1750000,110830,,0.0,0,台中市北區新賴厝?五段867地號為新台幣壹佰柒拾參萬伍仟元整台中市北區梅川西路三段123巷3號為新台幣壹萬伍仟元整未保存登記未登記建物；,RPQNMLTLPHLGFBB58DA,0.0,0.0,0.0,無,006
北區,土地,新賴厝五段868地號,25.01,都市：其他:第二種住宅區,,,1150713,土地1建物0車位0,,,其他,,,,0.0,0,0,0,無,無,4250000,169932,,0.0,0,台中市北區新賴厝?五段868地號為新台幣肆佰壹拾捌萬伍仟元整台中市北區梅川西路三段121號為新台幣陸萬伍仟元整未保存登記未登記建物；,SPQNMLTLPHLGFBB68DA,0.0,0.0,0.0,無,
西屯區,房地(土地+建物),臺中市西屯區福上巷３１９弄２０號四樓之６,3.43,都市：其他:第三之二種住宅區,,,1150710,土地1建物1車位0,四層,六層,華廈(10層含以下有電梯),住家用,鋼筋混凝土造,0781206,20.62,1,0,1,有,有,1698800,82386,,0.0,0,,RPPPMLPKPHLGFCB28DA,11.86,0.0,1.81,有,
南屯區,房地(土地+建物),臺中市南屯區楓樹西街３５６號,94.0,都市：其他:第一種住宅區,,,1150716,土地1建物1車位0,全,三層,透天厝,住家用,鋼筋混凝土造,0850607,166.64,6,1,3,有,無,22000000,132021,,0.0,0,頂樓加蓋；其他增建；,RPRQMLLLPHLGFCB28DA,153.11,7.29,6.24,無,
南屯區,車位,臺中市南屯區大墩路２３１號等公共設施,0.0,,,,1150720,土地0建物1車位1,,,其他,,,,7.64,0,0,0,無,有,600000,,坡道機械,7.64,600000,建物坐落地號：大進段577地號；僅車位交易；,RPPPMLSLPHLGFCB68DA,0.0,0.0,0.0,無,007
南屯區,房地(土地+建物),臺中市南屯區河南路四段３６０號十樓之２６,4.38,都市：其他:第三種住宅區。,,,1150715,土地1建物1車位0,十層,十層,華廈(10層含以下有電梯),住家用,鋼筋混凝土造,0941220,29.56,1,0,1,有,有,3430000,116035,,0.0,0,,RPQPMLSLPHLGFCB78DA,18.38,0.61,0.0,有,008
南屯區,房地(土地+建物)+車位,臺中市南屯區海德街２號十三樓之２,23.81,都市：其他:第三之一種住宅區,,,1150702,土地1建物1車位1,十三層,十四層,住宅大樓(11層含以上有電梯),住家用,鋼筋混凝土造,0970620,203.75,4,2,2,有,有,25500000,125153,坡道平面,0.0,0,,RPOOMLTLPHLGFCB58DA,115.46,4.86,9.94,有,
豐原區,房地(土地+建物)+車位,臺中市豐原區成功路３５６巷１１號六樓,47.43,都市：其他:第二種住宅區,,,1150704,土地1建物1車位1,六層,六層,華廈(10層含以下有電梯),住家用,鋼筋混凝土造,0830618,175.97,3,2,2,有,無,9800000,55691,一樓平面,0.0,0,,RPRQMLLLPHLGFDB38DA,124.49,0.0,11.55,有,
大甲區,土地,幼獅段334地號,132.0,,工業區,丁種建築用地,1150715,土地1建物0車位0,,,其他,,,,0.0,0,0,0,無,無,5500000,41667,,0.0,0,,RPXNMLOKPHLGFEB98DA,0.0,0.0,0.0,無,
沙鹿區,房地(土地+建物),臺中市沙鹿區興安路６４之３號四樓之２３,4.46,都市：其他:第四種住宅區,,,1150702,土地1建物1車位0,四層,五層,華廈(10層含以下有電梯),住家用,鋼筋混凝土造,1090825,14.330000000000002,1,0,1,有,有,1610000,112352,,0.0,0,其他增建；,RPQNMLSJPHLGFFB68DA,7.64,0.0,1.58,有,
東勢區,房地(土地+建物),臺中市東勢區東崎路五段２９７巷１２號,114.23,都市：其他:住宅區,,,1150709,土地2建物1車位0,全,三層,透天厝,住家用,鋼筋混凝土造,0801020,131.23,4,2,3,有,無,6100000,46483,,0.0,0,,RPPNMLKLPHLGFGB08DA,131.23,0.0,0.0,無,
霧峰區,房地(土地+建物),臺中市霧峰區四德路１３４巷３０號,85.57,,鄉村區,乙種建築用地,1150714,土地1建物1車位0,全,二層,透天厝,住家用,鋼筋混凝土造,0900109,105.41,3,1,2,有,無,8300000,78740,,0.0,0,,RPTOMLPKPHLGFIB56DA,97.96,0.0,7.45,無,
霧峰區,土地,南柳段230地號,252.21,,鄉村區,乙種建築用地,1150708,土地1建物0車位0,,,其他,,,,0.0,0,0,0,無,無,3682266,14600,,0.0,0,親友、員工、共有人或其他特殊關係間之交易；,RPXNMLRLPHLGFIB17DA,0.0,0.0,0.0,無,
太平區,土地,吉祥段229地號,30.58,,鄉村區,乙種建築用地,1150708,土地1建物0車位0,,,其他,,,,0.0,0,0,0,無,無,639191,20902,,0.0,0,親友、員工、共有人或其他特殊關係間之交易；,RPPNMLQLPHLGFJB98DA,0.0,0.0,0.0,無,
太平區,房地(土地+建物),臺中市太平區長龍路一段中山８巷３號,111.52,,鄉村區,乙種建築用地,1150701,土地1建物1車位0,全,二層,透天厝,住家用,加強磚造,0690625,83.64,3,2,2,有,無,2540000,30368,,0.0,0,親友、員工、共有人或其他特殊關係間之交易；,RPPNMLOLPHLGFJB88EA,78.37,0.0,5.26,無,
東區,房地(土地+建物)+車位,臺中市東區一心街２４３號十樓之二,15.61,都市：其他:第二之一種商業區,,,1150703,土地1建物1車位1,十層,十層,華廈(10層含以下有電梯),住家用,鋼筋混凝土造,1020205,115.53,3,2,2,有,有,6430000,55657,坡道機械,0.0,0,親友、員工、共有人或其他特殊關係間之交易；,RPPOMLTLPHLGFAB48DA,66.69,0.0,5.5,有,
北區,房地(土地+建物)+車位,臺中市北區進化路５１３號二十一樓之２,9.03,都市：其他:第二之一種商業區,,,1150702,土地1建物1車位1,二十一層,二十四層,住宅大樓(11層含以上有電梯),住家用,鋼筋混凝土造,1140116,111.12,2,2,1,有,有,11000000,115319,坡道平面,28.74,1500000,,RPQPMLMJPHLGFBB87DA,50.32,0.0,5.11,有,009
北區,房地(土地+建物),臺中市北區進化北路３６７號１８樓之１６,3.68,都市：其他:第一種商業區,,,1150724,土地1建物1車位0,十八層,十八層,住宅大樓(11層含以上有電梯),住家用,鋼筋混凝土造,0830207,41.96,1,0,1,有,有,2650000,63155,,0.0,0,,RPUNMLRLPHLGFBB78DA,23.65,0.0,4.93,有,
西屯區,房地(土地+建物),臺中市西屯區西安街１３０巷１０號一樓之１０,5.19,都市：其他:第二種住宅區,,,1150701,土地1建物1車位0,一層,七層,華廈(10層含以下有電梯),住家用,鋼筋混凝土造,0830328,26.21,1,0,1,有,有,2150000,82030,,0.0,0,,RPQPMLPKPHLGFCB38DA,13.82,3.08,0.0,有,010
西屯區,房地(土地+建物),臺中市西屯區西屯路二段２６８之８巷１號三樓之１８,2.47,都市：其他:第三之二種住宅區,,,1150714,土地1建物1車位0,三層,十三層,住宅大樓(11層含以上有電梯),住家用,鋼筋混凝土造,0860408,25.16,1,0,1,有,有,2050000,81479,,0.0,0,,RPUNMLKLPHLGFCB18DA,12.56,0.0,2.29,有,011
南屯區,房地(土地+建物)+車位,臺中市南屯區文心南路２２７號二十二樓之１５,6.66,都市：其他:第四種商業區,,,1150717,土地1建物1車位1,二十二層,三十一層,住宅大樓(11層含以上有電梯),住家用,鋼骨鋼筋混凝土造、鋼筋混凝土造,1130129,114.25,2,2,1,有,有,14400000,126039,坡道平面,31.62,0,,RPTNMLLLPHLGFCB18DA,45.86,3.41,4.15,有,012
西屯區,房地(土地+建物)+車位,臺中市西屯區河南路一段８７號六樓,28.77,都市：其他:第二種住宅區,,,1150706,土地1建物1車位1,六層,七層,華廈(10層含以下有電梯),住家用,鋼筋混凝土造,0790124,167.67000000000002,4,2,2,有,有,10700000,63816,升降機械,0.0,0,陽台外推；,RPVNMLLLPHLGFCB38DA,106.95,0.0,16.69,有,
南屯區,土地,鎮南段596-9地號,41.0,都市：其他:農業區,,,1150706,土地1建物0車位0,,,其他,,,,0.0,0,0,0,無,無,2455490,59890,,0.0,0,,RPOQMLLLPHLGFCB97DA,0.0,0.0,0.0,無,
南屯區,房地(土地+建物),臺中市南屯區工業區二十一路２號,4124.0,都市：其他:乙種工業區,,,1150715,土地1建物2車位0,全,四層,透天厝,工業用,鋼筋混凝土造,0780527,8834.67,0,0,0,無,無,561379500,63543,,0.0,0,,RPVRMLLLPHLGFCB78DA,8240.76,293.08,300.83,無,
西屯區,房地(土地+建物),臺中市西屯區河南路二段３２３號六樓之１９,2.46,都市：其他:第三種商業區,,,1150714,土地1建物1車位0,六層,十四層,住宅大樓(11層含以上有電梯),住家用,鋼筋混凝土造,0860621,35.4,1,0,1,有,有,3050000,86158,,0.0,0,陽台外推；其他增建；,RPXPMLOLPHLGFCB09DA,17.47,0.0,4.37,有,013
西屯區,房地(土地+建物),臺中市西屯區黎明路三段３２０號十樓之６,3.27,都市：其他:第二種商業區,,,1150721,土地1建物1車位0,十層,十三層,住宅大樓(11層含以上有電梯),住家用,鋼筋混凝土造,0840220,24.89,1,0,1,有,有,2020000,81157,,0.0,0,,RPRNMLTLPHLGFCB78DA,14.06,0.0,3.55,有,
西屯區,房地(土地+建物),臺中市西屯區黎明路三段３２０號十樓之７,3.27,都市：其他:第二種商業區,,,1150721,土地1建物1車位0,十層,十三層,住宅大樓(11層含以上有電梯),住家用,鋼筋混凝土造,0840220,24.02,1,0,1,有,有,1980000,82431,,0.0,0,,RPTNMLTLPHLGFCB98DA,14.25,0.0,2.3,有,014
南屯區,房地(土地+建物)+車位,臺中市南屯區大光街１３８號三樓之１,21.38,都市：其他:第三之一種商業區,,,1150709,土地1建物1車位1,三層,九層,華廈(10層含以下有電梯),住家用,鋼筋混凝土造,0870528,157.37,4,1,2,有,有,8700000,55284,坡道平面,0.0,0,親友、員工、共有人或其他特殊關係間之交易；,RPXPMLKMPHLGFCB78DA,90.65,0.0,12.33,有,
豐原區,房地(土地+建物)+車位,臺中市豐原區圓環北路二段９８號九樓之５,18.5,都市：其他:第三種住宅區。,,,1150705,土地1建物1車位1,九層,十五層,住宅大樓(11層含以上有電梯),住家用,鋼筋混凝土造,1110624,136.2,2,2,1,有,有,13500000,99119,坡道平面,31.63,0,,RPUNMLSLPHLGFDB09DA,62.99,0.0,5.49,有,015
神岡區,土地,林厝段809-1地號,28.48,都市：其他:第一之二種住宅區,,,1150703,土地1建物0車位0,,,其他,,,,0.0,0,0,0,無,無,2585000,90765,,0.0,0,政府機關標讓售；,RPRNMLKMPHLGFDB08DA,0.0,0.0,0.0,無,
大甲區,房地(土地+建物),臺中市大甲區中山路二段９２３巷２６號,96.87,,特定農業區,甲種建築用地,1150723,土地1建物1車位0,全,二層,透天厝,住家用,加強磚造,0690615,112.05,8,0,8,有,無,4000000,35698,,0.0,0,,RPQNMLLMPHLGFEB18DA,112.05,0.0,0.0,無,016
沙鹿區,土地,福至段741地號,1824.38,都市：其他:第二種住宅區,,,1150708,土地4建物0車位0,,,其他,,,,0.0,0,0,0,無,無,67099203,36779,,0.0,0,交易價格包含其他買賣登記案件標的之價格,RPTNMLRKPHLGFFB98DA,0.0,0.0,0.0,無,
石岡區,土地,新金星段509-6地號,57.09,都市：其他:河川區兼供道路使用,,,1150710,土地3建物0車位0,,,其他,,,,0.0,0,0,0,無,無,468162,8200,,0.0,0,協議價購；,RPQNMLOLPHLGFGB58DA,0.0,0.0,0.0,無,
東勢區,土地,慶安段733地號,45.77,都市：其他:農業區,,,1150728,土地1建物0車位0,,,其他,,,,0.0,0,0,0,無,無,70785,1547,,0.0,0,建物越界，由毗鄰地主承買親友、員工、共有人或其他特殊關係間之交易；,RPRNMLTLPHLGFGB56DA,0.0,0.0,0.0,無,
太平區,房地(土地+建物),臺中市太平區中山路四段２８巷１７弄２０號,15.26,都市：其他:住宅區,,,1150703,土地2建物1車位0,一層，騎樓,六層,華廈(10層含以下有電梯),商業用,鋼筋混凝土造,0801015,68.08,0,0,0,無,有,5450000,80053,,0.0,0,其他增建；,RPTNMLKLPHLGFJB78DA,49.83,5.76,0.0,有,
太平區,房地(土地+建物),臺中市太平區中山路二段２５９巷２１弄７號,79.89,,鄉村區,乙種建築用地,1150704,土地1建物1車位0,全,二層,透天厝,住商用,加強磚造,0670110,81.0,3,1,2,有,無,7700000,95062,,0.0,0,,RPPNMLKMPHLGFJB48DA,81.0,0.0,0.0,無,
中區,房地(土地+建物),臺中市中區臺灣大道一段３２９號七樓之５,3.57,都市：其他:第二種商業區,,,1150720,土地1建物1車位0,七層,十二層,住宅大樓(11層含以上有電梯),商業用,鋼筋混凝土造,0810914,36.22,1,0,1,有,有,2000000,55218,,0.0,0,陽台外推；,RPPOMLMLPHLGFAB77DA,23.84,0.0,4.5,有,
中區,房地(土地+建物),臺中市中區光復路５６之１號,38.0,都市：其他:第一種商業區,,,1150724,土地2建物2車位0,一層，騎樓，地下一層,八層,華廈(10層含以下有電梯),商業用,鋼筋混凝土造,0740722,255.2,0,0,0,無,無,28800000,112853,,0.0,0,,RPQNMLKMPHLGFAB67DA,255.2,0.0,0.0,有,017
南區,房地(土地+建物),臺中市南區南和路３８巷４４號４樓４６號,42.94,都市：其他:第三種住宅區。,,,1150717,土地1建物1車位0,四層,四層,公寓(5樓含以下無電梯),住家用,鋼筋混凝土造,0671106,75.2,3,2,1,有,有,4500000,59840,,0.0,0,,RPVNMLKMPHLGFAB18DA,75.2,0.0,0.0,無,
中區,建物,臺中市中區光復路合作大樓６－１６號,0.0,,,,1150702,土地0建物1車位0,六層，騎樓,六層,華廈(10層含以下有電梯),住家用,量鋼骨造,0580508,43.6,1,2,1,有,有,930000,21330,,0.0,0,建物坐落地號：重慶段六小段1-24地號；,RPROMLKMPHLGFAB87DA,43.6,0.0,0.0,有,
北區,房地(土地+建物)+車位,臺中市北區進化北路３１７號１０樓之２５,5.63,都市：其他:第一種商業區,,,1150702,土地2建物1車位1,十層,十八層,住宅大樓(11層含以上有電梯),住家用,鋼筋混凝土造,0941208,84.00999999999999,1,1,1,有,有,6500000,77372,坡道機械,15.94,0,,RPVOMLNJPHLGFBB38DA,38.63,0.0,9.91,有,
北屯區,房地(土地+建物)+車位,臺中市北屯區綏遠路二段１１之１號,76.35,都市：其他:第二種住宅區,,,1150715,土地3建物2車位1,全,四層,透天厝,住商用,鋼筋混凝土造,0940830,283.43,6,2,7,有,無,28000000,98790,坡道平面,0.0,0,,RPPNMLSLPHLGFBB38DA,213.97,2.15,14.29,無,
西屯區,房地(土地+建物)+車位,臺中市西屯區西屯路二段華園巷１９之１號,43.72,都市：其他:第二種住宅區,,,1150705,土地1建物1車位1,二層,六層,華廈(10層含以下有電梯),住家用,鋼筋混凝土造,0810114,166.06,3,1,2,有,有,9500000,57208,坡道平面,0.0,0,,RPQOMLRJPHLGFCB38DA,107.64,5.44,0.0,有,
西屯區,房地(土地+建物),臺中市西屯區黎明路三段３２２號三樓之２,3.22,都市：其他:第二種商業區,,,1150712,土地1建物1車位0,三層,十三層,住宅大樓(11層含以上有電梯),住家用,鋼筋混凝土造,0840220,24.27,1,0,1,有,有,3120000,128554,,0.0,0,,RPVOMLMLPHLGFCB58DA,14.06,0.0,3.55,有,018
南屯區,房地(土地+建物)+車位,臺中市南屯區文山路２８號四樓,37.12,都市：其他:第二種住宅區,,,1150723,土地1建物1車位1,四層,六層,華廈(10層含以下有電梯),住家用,鋼筋混凝土造,1060929,134.57,2,2,2,有,有,7100000,52761,坡道機械,0.0,0,親友、員工、共有人或其他特殊關係間之交易；,RPXPMLNLPHLGFCB98DA,70.58,0.0,9.51,有,
南屯區,土地,楓溪段191地號,72.0,都市：其他:第一之一種住宅區,,,1150709,土地1建物0車位0,,,其他,,,,0.0,0,0,0,無,無,16333334,226852,,0.0,0,親友、員工、共有人或其他特殊關係間之交易；,RPPQMLOLPHLGFCB38DA,0.0,0.0,0.0,無,019
南屯區,土地,楓溪段191地號,57.59,都市：其他:第一之一種住宅區,,,1150709,土地1建物0車位0,,,其他,,,,0.0,0,0,0,無,無,13066666,226891,,0.0,0,親友、員工、共有人或其他特殊關係間之交易；,RPQQMLOLPHLGFCB48DA,0.0,0.0,0.0,無,019
南屯區,土地,楓溪段191地號,14.4,都市：其他:第一之一種住宅區,,,1150709,土地1建物0車位0,,,其他,,,,0.0,0,0,0,無,無,3266667,226852,,0.0,0,親友、員工、共有人或其他特殊關係間之交易；,SPQQMLOLPHLGFCB58DA,0.0,0.0,0.0,無,019
南屯區,土地,楓溪段191地號,71.99,都市：其他:第一之一種住宅區,,,1150709,土地1建物0車位0,,,其他,,,,0.0,0,0,0,無,無,16333333,226883,,0.0,0,親友、員工、共有人或其他特殊關係間之交易；,RPRQMLOLPHLGFCB58DA,0.0,0.0,0.0,無,019
西屯區,房地(土地+建物),臺中市西屯區文華路正煌巷３號三樓之８,4.54,都市：其他:第三之二種住宅區,,,1150714,土地2建物1車位0,三層,六層,華廈(10層含以下有電梯),住家用,鋼筋混凝土造,0840802,23.92,1,0,1,有,有,1750000,73161,,0.0,0,,RPOOMLLMPHLGFCB87DA,14.06,0.0,1.24,有,023
豐原區,房地(土地+建物),臺中市豐原區綠山一街２號,70.28,都市：其他:第一之二種住宅區,,,1150709,土地1建物1車位0,全,四層,透天厝,住家用,鋼筋混凝土造,1140509,180.58,4,2,4,有,無,23300000,129029,,0.0,0,其他增建；,RPVNMLRLPHLGFDB09DA,162.16,0.0,18.42,有,
豐原區,土地,向陽段738-8地號,29.96,都市：其他:第三種住宅區。,,,1150702,土地2建物0車位0,,,其他,,,,0.0,0,0,0,無,無,3265000,108979,,0.0,0,政府機關標讓售；,RPSNMLLMPHLGFDB28DA,0.0,0.0,0.0,無,
大甲區,土地,義水段1025地號,8.27,都市：其他:住宅區,,,1150713,土地1建物0車位0,,,其他,,,,0.0,0,0,0,無,無,196000,23700,,0.0,0,地清或未辦繼承標售；,RPPNMLOJQHLGFEB18DA,0.0,0.0,0.0,無,
梧棲區,土地,南簡段1495地號,8.53,都市：其他:第四種住宅區,,,1150714,土地1建物0車位0,,,其他,,,,0.0,0,0,0,無,無,593400,69566,,0.0,0,,RPSNMLQKPHLGFFB78DA,0.0,0.0,0.0,無,
梧棲區,房地(土地+建物),臺中市梧棲區大仁路二段３１１巷５２號十樓,22.68,都市：其他:第三種商業區,,,1150721,土地1建物1車位0,十層,十層,華廈(10層含以下有電梯),住家用,鋼筋混凝土造,0840106,155.66,4,2,2,有,有,4200000,26982,,0.0,0,其他增建；,RPWNMLTLPHLGFFB96DA,96.97,0.0,19.1,有,
大雅區,房地(土地+建物),臺中市大雅區月祥路７２８號,82.42,都市：其他:第二種住宅區,,,1150702,土地1建物1車位0,全,三層,透天厝,住商用,鋼筋混凝土造,0801104,177.76,4,2,3,有,無,10000000,56256,,0.0,0,親友、員工、共有人或其他特殊關係間之交易；頂樓加蓋；其他增建；,RPQNMLMJPHLGFHB28DA,159.96,4.6,13.2,無,
潭子區,房地(土地+建物)+車位,臺中市潭子區弘智二街１２８號十二樓之２,31.93,都市：其他:第一之二種住宅區,,,1150713,土地1建物1車位1,十二層,十五層,住宅大樓(11層含以上有電梯),住家用,鋼筋混凝土造,1130329,168.51,3,2,2,有,有,15450000,91686,坡道平面,25.93,0,,RPSNMLOKPHLGFHB78DA,85.02,0.0,10.12,有,024
潭子區,車位,臺中市潭子區雅潭路二段１９０巷６２弄３２號公共設施,0.44,都市：其他:第一之一種住宅區,,,1150703,土地1建物1車位1,,,其他,,,,8.83,0,0,0,無,有,500000,,坡道機械,8.83,500000,建物坐落地號：東寶一段342地號；僅車位交易僅車位交易；,RPRNMLRLPHLGFHB09DA,0.0,0.0,0.0,有,025
潭子區,房地(土地+建物),臺中市潭子區頭家路２０２號,22.32,都市：其他:第一之一種住宅區,,,1150724,土地1建物1車位0,一層，二層，騎樓,八層,華廈(10層含以下有電梯),住商用,鋼筋混凝土造,0840509,141.9,1,2,1,有,有,11200000,78929,,0.0,0,,RPRNMLKMPHLGFHB48DA,104.92,6.53,6.53,有,
大里區,房地(土地+建物)+車位,臺中市大里區新仁路二段１００號八樓之１,30.12,都市：其他:住宅區,,,1150705,土地1建物1車位1,八層,十一層,住宅大樓(11層含以上有電梯),住家用,鋼筋混凝土造,1090921,148.23000000000002,3,2,2,有,有,13000000,87702,坡道平面,34.77,0,,RPSNMLLMPHLGFIB78DA,67.28,1.85,5.74,有,026
北屯區,房地(土地+建物),臺中市北屯區中清路二段１４６巷３８弄３８號,59.0,都市：其他:第三之二種住宅區,,,1150715,土地2建物1車位0,全,二層,透天厝,住家用,鋼筋混凝土加強磚造,0620530,81.35,8,0,8,有,無,12500000,153657,,0.0,0,頂樓加蓋；其他增建；,RPPNMLTLPHLGFBB58EA,81.35,0.0,0.0,無,027
西屯區,土地,廣昌段1178-1地號,17.23,都市：其他:道路保留地,,,1150710,土地1建物0車位0,,,其他,,,,0.0,0,0,0,無,無,1150000,66744,,0.0,0,包含公共設施保留地用地；,RPRNMLLMPHLGFCB18EA,0.0,0.0,0.0,無,
中區,房地(土地+建物),臺中市中區大誠街１０８號３樓４．５號,11.25,都市：其他:第二種商業區,,,1150701,土地1建物1車位0,三層,七層,華廈(10層含以下有電梯),住家用,鋼筋混凝土造,0690731,65.0,3,0,2,有,有,3100000,47692,,0.0,0,,RPTPMLQJPHLGFAB48DA,56.86,0.0,0.0,有,
南區,房地(土地+建物),臺中市南區東興路一段１６號二十八樓之二,3.89,都市：其他:第三種住宅區。,,,1150708,土地1建物1車位0,二十八層,三十二層,住宅大樓(11層含以上有電梯),住家用,鋼筋混凝土造,0951026,84.95,2,2,2,有,有,6770000,79694,,0.0,0,,RPXNMLNJQHLGFAB48DA,41.89,0.0,11.19,有,028
北區,房地(土地+建物),臺中市北區文化街２號三樓之５,19.17,都市：其他:第二種住宅區,,,1150718,土地4建物1車位0,三層,五層,華廈(10層含以下有電梯),住家用,鋼筋混凝土造,1150305,70.56,2,2,2,有,有,11520000,163265,,0.0,0,土地交易價格5184000元，建物交易價格6336000元。,RPSRMLMLPHLGFBB48DA,47.4,0.0,3.64,有,
北區,房地(土地+建物),臺中市北區湖北街７０之１號,22.17,都市：其他:第二種住宅區,,,1150703,土地2建物1車位0,二層,五層,公寓(5樓含以下無電梯),住家用,鋼筋混凝土造,0720210,104.37,3,2,1,有,無,5200000,49823,,0.0,0,,RPPTMLMLPHLGFBB38DA,76.51,0.0,16.15,無,
北區,房地(土地+建物),臺中市北區柳川東路四段１３號７樓之２１,1.64,都市：其他:第二種住宅區,,,1150714,土地2建物1車位0,七層,七層,華廈(10層含以下有電梯),住家用,鋼筋混凝土造,0741024,34.57,1,1,1,有,有,1768000,51143,,0.0,0,,RPQSMLOLPHLGFBB58DA,34.57,0.0,0.0,有,
北區,房地(土地+建物)+車位,臺中市北區健行路４４３號５樓之４３,5.76,都市：其他:第二種住宅區,,,1150703,土地1建物1車位1,五層,十六層,住宅大樓(11層含以上有電梯),住家用,鋼筋混凝土造,0840526,53.33,1,1,1,有,有,4200000,78770,坡道機械,0.0,0,,RPWOMLRLPHLGFBB09DA,24.18,0.0,2.76,有,029
北屯區,房地(土地+建物)+車位,臺中市北屯區太順五街２２號十樓之５,26.08,都市：其他:第三種住宅區。,,,1150716,土地1建物1車位1,十層,十二層,住宅大樓(11層含以上有電梯),住家用,鋼筋混凝土造,1141203,177.39999999999998,4,2,2,有,有,16500000,105350,坡道平面,37.58,1770000,親友、員工、共有人或其他特殊關係間之交易；,RPQNMLSLPHLGFBB48DA,86.47,0.0,6.47,有,
北屯區,房地(土地+建物),臺中市北屯區東山路二段２５０巷２弄１１號,99.63,都市：其他:特二種住宅區,,,1150703,土地3建物1車位0,全,三層,透天厝,住家用,鋼筋混凝土造,0850108,73.47,4,2,2,有,有,3200000,43555,,0.0,0,,RPRNMLLMPHLGFBB97DA,61.1,10.54,1.83,無,030
西屯區,車位,臺中市西屯區臺灣大道三段７６７號等公共設施,0.0,,,,1150707,土地0建物1車位1,,,其他,,,,30.56,0,0,0,無,有,1750000,,坡道平面,30.56,1750000,建物坐落地號：惠安段223地號；親友、員工、共有人或其他特殊關係間之交易；僅車位交易；,RPWNMLKKPHLGFCB28DA,0.0,0.0,0.0,有,031
南屯區,車位,臺中市南屯區河南路四段１６２號等公共設施,2.32,都市：其他:第二種住宅區,,,1150721,土地1建物1車位1,,,其他,,,,23.55,0,0,0,無,有,1600000,,坡道平面,23.55,1600000,僅車位交易；,RPROMLMLPHLGFCB18DA,0.0,0.0,0.0,有,032
南屯區,房地(土地+建物),臺中市南屯區南屯路二段７２６巷７號,21.59,都市：其他:第二種住宅區,,,1150719,土地10建物1車位0,全,二層,透天厝,商業用,鋼筋混凝土造,0830408,26.7,0,0,0,無,無,3800000,142322,,0.0,0,,RPROMLKMPHLGFCB08DA,26.67,0.03,0.0,無,
西屯區,車位,臺中市西屯區市政路５９６之１號等公共設施,0.0,,,,1150703,土地0建物1車位1,,,其他,,,,30.9,0,0,0,無,無,2950000,,坡道平面,30.9,2950000,建物坐落地號：惠泰段285地號；僅車位交易；,RPWNMLLMPHLGFCB58DA,0.0,0.0,0.0,無,033
西屯區,房地(土地+建物)+車位,臺中市西屯區市政北二路３６號十七樓,36.01,都市：其他:第七種新市政中心專用區,,,1150721,土地1建物1車位4,十七層,二十三層,住宅大樓(11層含以上有電梯),住家用,鋼筋混凝土造,1041111,585.53,5,3,5,有,有,76600000,130822,坡道平面,152.08,0,,RPXNMLLMPHLGFCB68DA,236.1,6.32,48.5,有,
后里區,房地(土地+建物),臺中市后里區大山路４６號,103.05,都市：其他:住宅區,,,1150704,土地1建物1車位0,全,三層,透天厝,其他,鋼筋混凝土造,0921125,189.57,4,2,3,有,無,14300000,75434,,0.0,0,陽台外推；其他增建；,RPWQMLNKPHLGFDB98DA,175.67,0.0,13.9,無,
豐原區,土地,五汴段836地號,18.2,都市：其他:第一之一種住宅區,,,1150717,土地1建物0車位0,,,其他,,,,0.0,0,0,0,無,無,285483,15686,,0.0,0,買賣總價為新台幣285483元整，另外本案賣方應納之地價稅、遺產稅、賣方辦理繼承登記之代書費、規費、律師執行費、土地法34-1執行費含提存等費用及賣方應支付仲介公司土地整合費均由買方負擔。特殊交易。,RPOQMLLLPHLGFDB08DA,0.0,0.0,0.0,無,034
豐原區,房地(土地+建物),臺中市豐原區三豐路二段３９６巷２２弄８２號,210.05,,特定農業區,甲種建築用地,1150719,土地2建物1車位0,全,三層,透天厝,住家用,鋼筋混凝土造,0811230,186.75,5,2,2,有,無,8700000,46586,,0.0,0,其他增建；,RPQNMLQLPHLGFDB48DA,179.55,0.0,7.2,無,
豐原區,土地,育仁段451地號,16.5,都市：其他:道路用地,,,1150708,土地2建物0車位0,,,其他,,,,0.0,0,0,0,無,無,297000,18000,,0.0,0,親友、員工、共有人或其他特殊關係間之交易；包含公共設施保留地用地；,RPPNMLNJQHLGFDB97DA,0.0,0.0,0.0,無,
神岡區,土地,豐工段569地號,90.71,,特定農業區,農牧用地,1150714,土地2建物0車位0,,,其他,,,,0.0,0,0,0,無,無,1860462,20510,,0.0,0,政府機關標讓售；,RPRNMLOJQHLGFDB28DA,0.0,0.0,0.0,無,
沙鹿區,土地,明德段135地號,19.86,都市：其他:農業區,,,1150728,土地1建物0車位0,,,其他,,,,0.0,0,0,0,無,無,210000,10574,,0.0,0,親友、員工、共有人或其他特殊關係間之交易；,RPPOMLSLPHLGFFB88DA,0.0,0.0,0.0,無,
沙鹿區,土地,紅竹段906地號,514.85,都市：其他:第三種住宅區。,,,1150703,土地3建物0車位0,,,其他,,,,0.0,0,0,0,無,無,41270000,80159,,0.0,0,,RPXNMLOJQHLGFFB09DA,0.0,0.0,0.0,無,
沙鹿區,房地(土地+建物),臺中市沙鹿區臺灣大道七段３０３巷３號,79.42,都市：其他:第二種住宅區,,,1150723,土地2建物1車位0,全,四層,透天厝,住商用,ＲＣ鋼筋混凝土造,0981030,171.54,8,0,8,有,無,11060000,64475,,0.0,0,頂樓加蓋；其他增建；,RPROMLOJQHLGFFB58DA,146.67,0.0,20.18,無,035
大里區,房地(土地+建物),臺中市大里區大明路９９巷２４之１號三樓,34.4,都市：其他:商業區,,,1150703,土地3建物1車位0,三層,三層,公寓(5樓含以下無電梯),住家用,鋼筋混凝土造,0700120,97.2,3,2,2,有,無,2600000,26749,,0.0,0,親友、員工、共有人或其他特殊關係間之交易；,RPPNMLNJPHLGFIB38DA,97.2,0.0,0.0,無,
大里區,房地(土地+建物)+車位,臺中市大里區成功路８８巷２９號十二樓之２,33.37,都市：其他:住宅區,,,1150706,土地1建物1車位2,十二層,十二層,住宅大樓(11層含以上有電梯),住家用,鋼筋混凝土造,1120517,203.25,3,2,2,有,有,16660000,81968,坡道平面,78.46,0,,RPTTMLLLPHLGFIB76DA,77.37,0.0,5.25,有,036
大里區,土地,仁化段207-6地號,14.04,,,,1150723,土地1建物0車位0,,,其他,,,,0.0,0,0,0,無,無,2208000,157265,,0.0,0,包含公共設施保留地用地；,RPQOMLOLPHLGFIB88DA,0.0,0.0,0.0,無,
烏日區,房地(土地+建物)+車位,臺中市烏日區高鐵一路２６８號五樓之７,18.23,都市：其他:商業區,,,1150701,土地2建物1車位1,五層,二十二層,住宅大樓(11層含以上有電梯),辦公用,鋼筋混凝土造,1131223,182.01,0,0,0,無,有,25580000,140542,坡道平面,32.54,0,,RPQNMLKMPHLGFIB48DA,83.06,0.0,8.38,有,037
太平區,房地(土地+建物),臺中市太平區太平路４２９號六樓之２,5.99,都市：其他:商業區,,,1150716,土地1建物1車位0,六層,八層,華廈(10層含以下有電梯),住家用,鋼筋混凝土造,0830610,41.21,1,0,1,有,有,2000000,48532,,0.0,0,,RPRNMLRKPHLGFJB56DA,25.43,0.0,4.33,有,
太平區,房地(土地+建物),臺中市太平區宜昌路３２２號七樓,5.86,都市：其他:住宅區,,,1150723,土地1建物1車位0,七層,十二層,住宅大樓(11層含以上有電梯),住家用,鋼筋混凝土造,0821231,36.82,1,1,1,有,有,1390000,37751,,0.0,0,,RPQNMLNLPHLGFJB78DA,25.07,0.72,0.0,有,
太平區,土地,頭汴坑段567-1地號,2541.0,,山坡地保育區,林業用地,1150717,土地1建物0車位0,,,其他,,,,0.0,0,0,0,無,無,7000000,2755,,0.0,0,,RPTNMLRLPHLGFJB86DA,0.0,0.0,0.0,無,
潭子區,房地(土地+建物),臺中市潭子區合作街２７號五樓,22.16,都市：其他:第一之二種住宅區,,,1150720,土地1建物1車位0,五層,七層,華廈(10層含以下有電梯),住商用,鋼筋混凝土造,0830721,135.55,3,2,1,有,有,6500000,47953,,0.0,0,,RPPNMLLMPHLGFHB48EA,87.48,3.68,6.85,有,038
南區,房地(土地+建物)+車位,臺中市南區南昌街６２號１３樓,35.64,都市：其他:第二種住宅區,,,1150704,土地5建物1車位2,十三層，十四層,十四層,住宅大樓(11層含以上有電梯),住家用,鋼筋混凝土造,0800725,363.02,6,2,3,有,有,20800000,57297,坡道平面,0.0,0,陽台外推；,RPTNMLTJPHLGFAB58DA,240.94,0.0,24.7,有,
西區,房地(土地+建物)+車位,臺中市西區向上南路一段１６６號１４樓之６,21.47,都市：其他:第二種住宅區,,,1150716,土地1建物1車位1,十四層,二十一層,住宅大樓(11層含以上有電梯),住家用,鋼筋混凝土造,0881020,211.43,4,2,2,有,有,19880000,97615,坡道平面,23.14,1500000,,RPPOMLQKPHLGFAB08DA,118.71,0.0,15.73,有,
南區,車位,臺中市南區東興路一段２５巷８號等公共設施,0.0,,,,1150718,土地0建物1車位1,,,其他,,,,14.89,0,0,0,無,有,640000,,坡道機械,14.89,640000,建物坐落地號：樹子腳段1297地號；僅車位交易；,RPWNMLRLPHLGFAB88DA,0.0,0.0,0.0,有,039
西區,房地(土地+建物),臺中市西區大業路２３號４樓之８,8.31,都市：其他:第二種住宅區,,,1150704,土地1建物1車位0,四層,十四層,住宅大樓(11層含以上有電梯),住家用,鋼筋混凝土造,0850829,73.79,2,1,1,有,有,6680000,90527,,0.0,0,其他增建；,RPPTMLRLPHLGFAB78DA,41.03,1.29,6.03,有,
南區,土地,下橋子頭段266-335地號,1.0,都市：其他:綠地綠帶,,,1150710,土地1建物0車位0,,,其他,,,,0.0,0,0,0,無,無,42800,0,,0.0,0,協議價購；,RPOOMLKMPHLGFAB57DA,0.0,0.0,0.0,無,
南區,土地,下橋子頭段205-238地號,8.0,都市：其他:道路用地,,,1150728,土地1建物0車位0,,,其他,,,,0.0,0,0,0,無,無,540000,67500,,0.0,0,包含公共設施保留地用地；,RPUNMLNJQHLGFAB18DA,0.0,0.0,0.0,無,
西區,房地(土地+建物),臺中市西區三民路１段５０巷８號１８樓之２７,2.76,都市：其他:第二種住宅區,,,1150722,土地3建物1車位0,十八層,十九層,住宅大樓(11層含以上有電梯),住家用,鋼筋混凝土造,0840113,35.82,1,0,1,有,有,2000000,55835,,0.0,0,,RPPNMLOJQHLGFAB77DA,17.86,0.0,5.7,有,
南區,房地(土地+建物),臺中市南區復興路２段３４號５樓之１５,2.77,都市：其他:第二種商業區,,,1150713,土地1建物1車位0,五層,十三層,住宅大樓(11層含以上有電梯),住家用,鋼筋混凝土造,0830526,43.98,1,0,1,有,有,3300000,75034,,0.0,0,,RPPOMLOJQHLGFAB87DA,32.52,0.0,4.06,有,040
西區,房地(土地+建物),臺中市西區大業北路６號五樓,23.48,都市：其他:第三種住宅區。,,,1150721,土地1建物1車位0,五層,七層,華廈(10層含以下有電梯),住家用,鋼筋混凝土造,0771221,127.19,3,2,2,有,有,8700000,68402,,0.0,0,,RPOPMLOJQHLGFAB87DA,91.86,0.58,11.64,有,
東區,土地,東勢子段80地號,13.95,都市：其他:住宅區,,,1150716,土地2建物0車位0,,,其他,,,,0.0,0,0,0,無,無,1687980,121002,,0.0,0,包含公共設施保留地用地；,RPPOMLRJQHLGFAB18DA,0.0,0.0,0.0,無,041
東區,土地,東勢子段80地號,4.65,都市：其他:住宅區,,,1150716,土地2建物0車位0,,,其他,,,,0.0,0,0,0,無,無,562660,121002,,0.0,0,包含公共設施保留地用地；,SPPOMLRJQHLGFAB28DA,0.0,0.0,0.0,無,041
北屯區,房地(土地+建物),臺中市北屯區文心路四段６７２號９樓之１５,2.65,都市：其他:第四種商業區,,,1150703,土地1建物1車位0,九層,二十四層,住宅大樓(11層含以上有電梯),住家用,鋼筋混凝土造,0841124,37.010000000000005,1,1,1,有,有,3090000,83491,,0.0,0,,RPWNMLNKPHLGFBB48DA,19.49,0.0,4.95,有,043
北屯區,房地(土地+建物)+車位,臺中市北屯區景賢南二路３２９號十二樓之８,11.18,都市：其他:第三之一種商業區,,,1150705,土地1建物1車位1,十二層,十五層,住宅大樓(11層含以上有電梯),住家用,鋼筋混凝土造,1140905,100.28999999999999,2,2,1,有,有,11600000,115665,坡道機械,18.85,0,,RPPSMLOLPHLGFBB48DA,49.41,0.0,3.88,有,044
北區,房地(土地+建物)+車位,臺中市北區天津路二段５１號,52.95,都市：其他:第二種住宅區,,,1150707,土地1建物1車位1,一層，二層，三層，騎樓,九層,華廈(10層含以下有電梯),住商用,鋼筋混凝土造,0830430,363.08,1,0,2,有,有,23380000,64394,坡道平面,0.0,0,,RPRNMLNJQHLGFBB97DA,214.0,7.52,5.62,有,
北屯區,房地(土地+建物),臺中市北屯區軍功路二段８９巷６０號,84.0,都市：其他:第二種住宅區,,,1150714,土地1建物1車位0,全,二層,透天厝,住商用,加強磚造,0700523,111.23,6,2,2,有,無,12000000,107885,,0.0,0,親友、員工、共有人或其他特殊關係間之交易；,RPPOMLNJQHLGFBB87DA,111.23,0.0,0.0,無,
北屯區,土地,同榮段2629-5地號,2.67,都市：其他:道路用地,,,1150716,土地1建物0車位0,,,其他,,,,0.0,0,0,0,無,無,512000,191760,,0.0,0,協議價購；,RPXNNLNJQHLGFBB68DA,0.0,0.0,0.0,無,045
北屯區,土地,同榮段2647-1地號,20.33,都市：其他:第二種住宅區,,,1150716,土地1建物0車位0,,,其他,,,,0.0,0,0,0,無,無,3904000,192031,,0.0,0,協議價購；,RPOONLNJQHLGFBB87DA,0.0,0.0,0.0,無,046
北屯區,土地,同榮段2647-1地號,21.33,都市：其他:第二種住宅區,,,1150716,土地2建物0車位0,,,其他,,,,0.0,0,0,0,無,無,4096000,192030,,0.0,0,協議價購；,RPPONLNJQHLGFBB97DA,0.0,0.0,0.0,無,047
北屯區,土地,同榮段2647-1地號,21.33,都市：其他:第二種住宅區,,,1150716,土地2建物0車位0,,,其他,,,,0.0,0,0,0,無,無,4096000,192030,,0.0,0,協議價購；,RPQONLNJQHLGFBB08DA,0.0,0.0,0.0,無,047
北屯區,土地,同榮段2627-5地號,139.67,都市：其他:道路用地,,,1150716,土地1建物0車位0,,,其他,,,,0.0,0,0,0,無,無,26816000,191995,,0.0,0,協議價購；,RPSONLNJQHLGFBB28DA,0.0,0.0,0.0,無,049
北屯區,土地,同榮段2627-5地號,139.67,都市：其他:道路用地,,,1150716,土地1建物0車位0,,,其他,,,,0.0,0,0,0,無,無,26816000,191995,,0.0,0,協議價購；,RPTONLNJQHLGFBB38DA,0.0,0.0,0.0,無,049
北屯區,土地,同榮段2627-6地號,122.0,都市：其他:道路用地,,,1150716,土地1建物0車位0,,,其他,,,,0.0,0,0,0,無,無,23424000,192000,,0.0,0,協議價購；,RPUONLNJQHLGFBB48DA,0.0,0.0,0.0,無,051
北屯區,土地,同榮段2627-6地號,122.0,都市：其他:道路用地,,,1150716,土地1建物0車位0,,,其他,,,,0.0,0,0,0,無,無,23424000,192000,,0.0,0,協議價購；,RPVONLNJQHLGFBB58DA,0.0,0.0,0.0,無,051
北屯區,土地,同榮段2627-6地號,61.0,都市：其他:道路用地,,,1150716,土地1建物0車位0,,,其他,,,,0.0,0,0,0,無,無,11712000,192000,,0.0,0,協議價購；,RPWONLNJQHLGFBB68DA,0.0,0.0,0.0,無,051
北屯區,房地(土地+建物)+車位,臺中市北屯區北興街１９號２樓之２,17.5,都市：其他:第二種住宅區,,,1150701,土地1建物1車位1,二層,七層,華廈(10層含以下有電梯),住家用,鋼筋混凝土造,0840522,115.27000000000001,3,2,2,有,有,8300000,72005,升降機械,0.0,0,,RPQNMLOJQHLGFBB97DA,65.9,2.93,7.76,有,054
西屯區,房地(土地+建物)+車位,臺中市西屯區福科路５２６巷２號八樓之１,18.35,都市：其他:第三之一種住宅區,,,1150716,土地1建物1車位1,八層,十五層,住宅大樓(11層含以上有電梯),住家用,鋼筋混凝土造,1071112,132.53,2,2,1,有,有,17000000,128273,坡道平面,37.41,0,,RPTNMLMLPHLGFCB28DA,56.79,0.0,6.96,有,055
西屯區,房地(土地+建物),臺中市西屯區大墩十八街１９５號二十樓之１,17.25,都市：其他:第二種住宅區,,,1150708,土地1建物1車位0,二十層,二十一層,住宅大樓(11層含以上有電梯),住家用,鋼筋混凝土造,0861121,189.16000000000003,4,2,2,有,有,15000000,79298,,0.0,0,親友、員工、共有人或其他特殊關係間之交易；,RPQNMLPLPHLGFCB28DA,113.16,2.83,16.25,有,
西屯區,土地,廣昌段316地號,3.41,都市：其他:道路保留地,,,1150716,土地4建物0車位0,,,其他,,,,0.0,0,0,0,無,無,655507,192231,,0.0,0,協議價購；,RPQRMLNJQHLGFCB38DA,0.0,0.0,0.0,無,056
西屯區,土地,廣昌段315地號,2.1,都市：其他:道路保留地,,,1150716,土地4建物0車位0,,,其他,,,,0.0,0,0,0,無,無,402780,191800,,0.0,0,協議價購；,RPRRMLNJQHLGFCB48DA,0.0,0.0,0.0,無,056
西屯區,土地,廣昌段315地號,2.1,都市：其他:道路保留地,,,1150716,土地4建物0車位0,,,其他,,,,0.0,0,0,0,無,無,402780,191800,,0.0,0,協議價購；,RPSRMLNJQHLGFCB58DA,0.0,0.0,0.0,無,056
南屯區,房地(土地+建物)+車位,臺中市南屯區大墩一街９５巷６號六樓之７,24.67,都市：其他:第二種住宅區,,,1150712,土地1建物1車位1,六層,九層,華廈(10層含以下有電梯),住家用,鋼筋混凝土造,0870512,169.79000000000002,3,2,2,有,有,12500000,73620,坡道平面,29.76,0,,RPWPMLOJQHLGFCB88DA,91.51,0.0,10.83,有,
后里區,土地,圳寮段40-104地號,178.0,,山坡地保育區,農牧用地,1150714,土地2建物0車位0,,,其他,,,,0.0,0,0,0,無,無,700000,3933,,0.0,0,,RPUNMLOLPHLGFDB68DA,0.0,0.0,0.0,無,
后里區,土地,圳寮段40-6地號,88.94,,山坡地保育區,農牧用地,1150714,土地1建物0車位0,,,其他,,,,0.0,0,0,0,無,無,350000,3935,,0.0,0,,RPXNMLOLPHLGFDB98DA,0.0,0.0,0.0,無,059
后里區,土地,圳寮段40-6地號,44.47,,山坡地保育區,農牧用地,1150714,土地1建物0車位0,,,其他,,,,0.0,0,0,0,無,無,150000,3373,,0.0,0,,RPOOMLOLPHLGFDB18DA,0.0,0.0,0.0,無,059
后里區,土地,后科段843地號,1195.7,都市：其他:道路用地,,,1150709,土地3建物0車位0,,,其他,,,,0.0,0,0,0,無,無,34007800,28442,,0.0,0,包含公共設施保留地用地；,RPRNMLLMPHLGFDB18DA,0.0,0.0,0.0,無,061
沙鹿區,土地,竹林東段760地號,140.63,都市：其他:文事研究中心區,,,1150714,土地1建物0車位0,,,其他,,,,0.0,0,0,0,無,無,780000,5546,,0.0,0,,RPQRMLLLPHLGFFB58DA,0.0,0.0,0.0,無,062
沙鹿區,土地,興安西段2地號,45.75,都市：其他:第二種商業區,,,1150706,土地1建物0車位0,,,其他,,,,0.0,0,0,0,無,無,2076000,45377,,0.0,0,親友、員工、共有人或其他特殊關係間之交易；未登記建物；,RPTNMLNLPHLGFFB68DA,0.0,0.0,0.0,無,063
沙鹿區,土地,正義段850地號,79.67,都市：其他:第二種住宅區,,,1150721,土地1建物0車位0,,,其他,,,,0.0,0,0,0,無,無,6748049,84700,,0.0,0,,RPOOMLOJQHLGFFB28DA,0.0,0.0,0.0,無,
梧棲區,土地,三民段1539地號,340.0,都市：其他:第四種住宅區,,,1150717,土地1建物0車位0,,,其他,,,,0.0,0,0,0,無,無,39083000,114950,,0.0,0,,RPRNMLPJQHLGFFB58DA,0.0,0.0,0.0,無,
東勢區,土地,玉高段706-1地號,137.37,,山坡地保育區,農牧用地,1150729,土地1建物0車位0,,,其他,,,,0.0,0,0,0,無,無,205000,1492,,0.0,0,,RPSNMLPJQHLGFGB78DA,0.0,0.0,0.0,無,
大雅區,房地(土地+建物),臺中市大雅區永和路５之５６號,75.4,都市：其他:農業區,,,1150709,土地5建物1車位0,全,四層,透天厝,住家用,鋼筋混凝土造,0910806,170.68,3,3,3,有,有,16800000,98430,,0.0,0,其他增建；,RPPNMLNJQHLGFHB38DA,167.24,0.0,3.44,無,
大里區,房地(土地+建物),臺中市大里區立仁路１５７巷１弄８３號,129.97,,鄉村區,乙種建築用地,1150708,土地1建物1車位0,全,一層,透天厝,住家用,加強磚造,0650815,66.5,3,1,1,有,無,4740000,71278,,0.0,0,親友、員工、共有人或其他特殊關係間之交易；,RPSPMLRKPHLGFIB76DA,66.5,0.0,0.0,無,
大里區,房地(土地+建物)+車位,臺中市大里區德芳南路３１８號十七樓之２,14.64,都市：其他:住宅區,,,1150716,土地1建物1車位2,十七層,二十四層,住宅大樓(11層含以上有電梯),住家用,鋼筋混凝土造,1140702,221.0,3,2,2,有,有,26470000,151804,坡道平面,62.44,2400000,,RPUTMLLLPHLGFIB86DA,92.19,0.0,14.26,有,
大里區,房地(土地+建物),臺中市大里區塗城路８７４號,71.51,都市：其他:乙種工業區,,,1150716,土地3建物1車位0,全,二層,透天厝,住家用,加強磚造,0640326,119.09,4,1,1,有,無,3840000,32245,,0.0,0,親友、員工、共有人或其他特殊關係間之交易；頂樓加蓋；其他增建；,RPUNMLKMPHLGFIB88DA,119.09,0.0,0.0,無,
霧峰區,房地(土地+建物),臺中市霧峰區大坑巷４３之３１號,109.49,,特定農業區,甲種建築用地,1150723,土地6建物1車位0,全,四層,透天厝,住家用,鋼筋混凝土造,1141107,190.56,5,2,4,有,無,15500000,81339,,0.0,0,,RPVNMLLMPHLGFIB09DA,176.8,0.0,13.76,無,
霧峰區,房地(土地+建物)+車位,臺中市霧峰區民權街５號九樓之２,17.8,都市：其他:商業區,,,1150708,土地1建物1車位1,九層,九層,華廈(10層含以下有電梯),住家用,鋼筋混凝土造,1140910,117.22,2,2,2,有,有,11000000,93841,坡道機械,0.0,0,,RPSNMLNJQHLGFIB78DA,54.15,0.0,4.34,有,
太平區,房地(土地+建物),臺中市太平區育德路３巷１１號,83.36,都市：其他:住宅區,,,1150702,土地3建物1車位0,全,三層,透天厝,住家用,鋼筋混凝土造,1020730,231.57000000000002,5,2,3,有,有,27000000,116595,,0.0,0,其他增建；,RPRNMLNLPHLGFJB88DA,204.41,3.42,0.0,無,
太平區,房地(土地+建物),臺中市太平區中山路一段２４５巷１８號五樓之７,2.74,,鄉村區,乙種建築用地,1150726,土地2建物1車位0,五層,十層,華廈(10層含以下有電梯),住家用,鋼筋混凝土造,0880909,19.03,1,0,1,有,有,1700000,89333,,0.0,0,陽台外推；,RPUNMLRLPHLGFJB96DA,11.02,1.52,0.0,有,
太平區,房地(土地+建物),臺中市太平區中山路一段２４５巷１號十樓之１７,2.75,,鄉村區,乙種建築用地,1150726,土地2建物1車位0,十層,十層,華廈(10層含以下有電梯),住家用,鋼筋混凝土造,0880909,19.32,1,0,1,有,有,1700000,87992,,0.0,0,陽台外推；,RPVNMLRLPHLGFJB07DA,9.78,0.0,2.51,有,
西區,房地(土地+建物),臺中市西區三民路１段５０巷８號７樓之４１,2.05,都市：其他:第二種住宅區,,,1150712,土地3建物1車位0,七層,十九層,住宅大樓(11層含以上有電梯),住家用,鋼筋混凝土造,0840113,26.46,1,1,1,有,有,1600000,60469,,0.0,0,陽台外推；,RPXNMLPKPHLGFAB68DA,14.19,0.0,3.14,有,
南區,房地(土地+建物),臺中市南區南平路３９號六樓之８,2.45,都市：其他:第一種商業區,,,1150717,土地1建物1車位0,六層,十三層,住宅大樓(11層含以上有電梯),住家用,鋼筋混凝土造,0840510,27.799999999999997,1,0,1,有,有,2000000,71942,,0.0,0,,RPOOMLMLPHLGFAB67DA,16.23,0.0,2.49,有,
南區,房地(土地+建物),臺中市南區工學北路８６號１３樓之２０,1.81,都市：其他:第三種商業區,,,1150717,土地1建物1車位0,十三層,十八層,住宅大樓(11層含以上有電梯),住家用,鋼筋混凝土造,0850506,30.11,1,1,1,有,有,2170000,72069,,0.0,0,,RPOOMLLMPHLGFAB67DA,17.48,0.0,1.67,有,
西區,房地(土地+建物)+車位,臺中市西區忠明南路１１０號五樓之九,13.09,都市：其他:第三種住宅區。,,,1150706,土地1建物1車位1,五層,十五層,住宅大樓(11層含以上有電梯),住家用,鋼筋混凝土造,0951222,143.93,3,2,2,有,有,17300000,120197,坡道機械,14.05,0,,RPVOMLNJQHLGFAB38DA,88.43,1.63,5.39,有,
西區,房地(土地+建物)+車位,臺中市西區臺灣大道二段１號七樓之５,13.29,都市：其他:第二種商業區,,,1150718,土地3建物1車位1,七層,二十二層,住宅大樓(11層含以上有電梯),住家用,鋼筋混凝土造,1140917,134.16,2,2,2,有,有,15050000,112179,坡道平面,35.74,0,,RPUNMLOJQHLGFAB28DA,58.4,0.0,5.65,有,
北屯區,房地(土地+建物)+車位,臺中市北屯區崇德六路１００號八樓之６,17.38,都市：其他:第二種住宅區,,,1150704,土地2建物1車位1,八層,十五層,住宅大樓(11層含以上有電梯),住家用,鋼筋混凝土造,0970930,141.46,3,2,2,有,有,16880000,123060,坡道機械,13.23,1100000,陽台外推；,RPPQMLTJPHLGFBB58DA,75.83,2.14,10.9,有,
北屯區,房地(土地+建物)+車位,臺中市北屯區敦化路一段４５９號十一樓,13.75,都市：其他:第二種住宅區,,,1150705,土地2建物1車位1,十一層,十二層,住宅大樓(11層含以上有電梯),住家用,鋼筋混凝土造,0820818,132.54,3,2,2,有,有,10000000,75449,坡道平面,0.0,0,陽台外推；,RPSNMLOKPHLGFBB18DA,89.75,2.08,9.55,有,
北屯區,土地,大富段204-14地號,1091.93,都市：其他:農業區,,,1150710,土地1建物0車位0,,,其他,,,,0.0,0,0,0,無,無,4000000,3663,,0.0,0,,RPSRMLOLPHLGFBB68DA,0.0,0.0,0.0,無,
北區,車位,臺中市北區德化街５０７號二樓之１等公共設施,6.09,都市：其他:第二種住宅區,,,1150705,土地2建物1車位1,,,其他,,,,29.16,0,0,0,無,無,1800000,,坡道平面,0.0,1800000,僅車位交易；,RPSPMLTLPHLGFBB98DA,0.0,0.0,0.0,無,
北屯區,房地(土地+建物),臺中市北屯區昌平路二段５０之６巷２弄１９之５號,8.1,都市：其他:第二種住宅區,,,1150720,土地1建物1車位0,六層,六層,華廈(10層含以下有電梯),住家用,鋼筋混凝土造,0810123,40.17,1,0,1,有,有,2650000,65970,,0.0,0,,RPPQMLTLPHLGFBB78DA,25.59,0.0,3.29,有,
北屯區,房地(土地+建物)+車位,臺中市北屯區松竹路二段１７８巷３３號二樓之３,39.52,都市：其他:第二種住宅區,,,1150703,土地2建物1車位2,二層,十三層,住宅大樓(11層含以上有電梯),住家用,鋼筋混凝土造,1060218,234.8,4,2,2,有,有,25700000,109455,坡道平面,46.32,0,,RPROMLLMPHLGFBB08DA,111.67,0.0,16.59,有,
北區,房地(土地+建物)+車位,臺中市北區五權路３６８之３號十三樓,9.87,都市：其他:第二種住宅區,,,1150728,土地2建物1車位1,十三層,十四層,住宅大樓(11層含以上有電梯),住家用,鋼筋混凝土造,0980908,137.85,3,2,2,有,有,14000000,102560,坡道平面,15.97,1500000,陽台外推；其他增建；,RPQNMLMJQHLGFBB77DA,67.23,1.63,9.69,有,
北屯區,土地,同榮段2649-3地號,1.0,都市：其他:第二種住宅區,,,1150722,土地1建物0車位0,,,其他,,,,0.0,0,0,0,無,無,192000,0,,0.0,0,協議價購；,RPRONLNJQHLGFBB18DA,0.0,0.0,0.0,無,
北屯區,土地,同榮段2627-6地號,61.0,都市：其他:道路用地,,,1150716,土地1建物0車位0,,,其他,,,,0.0,0,0,0,無,無,11712000,192000,,0.0,0,協議價購；,RPXONLNJQHLGFBB78DA,0.0,0.0,0.0,無,
北區,房地(土地+建物),臺中市北區進化北路２６３號１２樓之６,3.69,都市：其他:第三種住宅區。,,,1150723,土地1建物1車位0,十二層,十三層,住宅大樓(11層含以上有電梯),住家用,鋼筋混凝土造,0821014,37.290000000000006,1,1,1,有,有,2150000,57656,,0.0,0,,RPVOMLOJQHLGFBB58DA,21.19,0.0,0.0,有,
西屯區,車位,臺中市西屯區美滿東三巷８８號二樓之２等公共設施,0.0,,,,1150721,土地0建物1車位2,,,其他,,,,67.23,0,0,0,無,有,4100000,,坡道平面,67.24,4100000,建物坐落地號：下石碑段2326地號；僅車位交易；,RPTNMLKLPHLGFCB08DA,0.0,0.0,0.0,有,
南屯區,房地(土地+建物)+車位,臺中市南屯區嶺東路９１６之１３號十樓之５,21.75,都市：其他:第二種住宅區,,,1150713,土地1建物1車位1,十層,十一層,住宅大樓(11層含以上有電梯),住家用,鋼筋混凝土造,0810115,118.31,2,2,1,有,有,6680000,56457,坡道平面,0.0,0,,RPWPMLRLPHLGFCB66DA,90.59,0.0,7.43,有,
西屯區,房地(土地+建物)+車位,臺中市西屯區河南路二段２６２號七樓之６,20.87,都市：其他:第三之二種住宅區,,,1150710,土地1建物1車位1,七層,十三層,住宅大樓(11層含以上有電梯),商業用,鋼筋混凝土造,0800613,195.23,0,0,0,無,有,12000000,61466,坡道機械,0.0,0,,RPPNMLPJQHLGFCB08DA,90.98,0.0,27.04,有,
豐原區,土地,豐年段488地號,0.45,都市：其他:第一之二種住宅區,,,1150729,土地1建物0車位0,,,其他,,,,0.0,0,0,0,無,無,39000,0,,0.0,0,持分買賣，每坪新台幣30萬元計算畸零地或有合併使用效益；,RPRNMLNJQHLGFDB18DA,0.0,0.0,0.0,無,
梧棲區,房地(土地+建物)+車位,臺中市梧棲區大同街２８８號七樓之７,12.98,都市：其他:第一種商業區,,,1150710,土地1建物1車位1,七層,十二層,住宅大樓(11層含以上有電梯),住家用,鋼筋混凝土造,1140626,82.00999999999999,2,2,1,有,有,6480000,79015,坡道機械,11.15,0,,RPTNMLMLPHLGFFB58DA,44.0,0.0,2.96,有,
沙鹿區,房地(土地+建物),臺中市沙鹿區中華路二段２００巷３９號,92.0,都市：其他:第四種住宅區,,,1150715,土地1建物1車位0,全,四層,透天厝,住家用,鋼筋混凝土造,1141008,169.14,5,2,4,有,無,16500000,97552,,0.0,0,,RPVNMLNLPHLGFFB88DA,144.49,0.0,24.65,無,
沙鹿區,土地,明秀段685地號,14.21,都市：其他:第二種住宅區,,,1150710,土地2建物0車位0,,,其他,,,,0.0,0,0,0,無,無,750000,52780,,0.0,0,,RPTNMLOLPHLGFFB78DA,0.0,0.0,0.0,無,
沙鹿區,土地,沙工段454地號,78.02,都市：其他:道路用地,,,1150720,土地1建物0車位0,,,其他,,,,0.0,0,0,0,無,無,1244419,15950,,0.0,0,包含公共設施保留地用地；,RPQOMLOJQHLGFFB48DA,0.0,0.0,0.0,無,
沙鹿區,土地,鹿峰東段561-2地號,101.09,都市：其他:第四種住宅區,,,1150712,土地1建物0車位0,,,其他,,,,0.0,0,0,0,無,無,8253900,81649,,0.0,0,未登記建物；,RPUNMLPJQHLGFFB88DA,0.0,0.0,0.0,無,
霧峰區,土地,復興段778地號,1864.24,,山坡地保育區,暫未編定,1150731,土地1建物0車位0,,,其他,,,,0.0,0,0,0,無,無,720000,386,,0.0,0,未登記建物；,RPXNMLLMPHLGFIB66DA,0.0,0.0,0.0,無,
太平區,房地(土地+建物),臺中市太平區光興路８９０南巷２弄２號,119.3,,鄉村區,乙種建築用地,1150705,土地1建物1車位0,全,三層,透天厝,住家用,加強磚造,0700827,85.7,4,1,1,有,無,5230000,61027,,0.0,0,其他增建；,RPUNMLNLPHLGFJB56DA,85.7,0.0,0.0,無,
太平區,房地(土地+建物),臺中市太平區中興東路３４６巷１２之３號第四樓,26.1,都市：其他:第一種住宅區,,,1150716,土地1建物1車位0,四層,五層,華廈(10層含以下有電梯),住家用,鋼筋混凝土造,0810504,87.78,3,1,2,有,無,4000000,45568,,0.0,0,親友、員工、共有人或其他特殊關係間之交易；,RPQNMLOJQHLGFJB78DA,70.3,0.0,5.18,有,
南區,房地(土地+建物),臺中市南區工學北路８６號六樓之５２,1.65,都市：其他:第三種商業區,,,1150717,土地1建物1車位0,六層,十八層,住宅大樓(11層含以上有電梯),住家用,鋼筋混凝土造,0850506,28.490000000000002,1,1,1,有,有,2170000,76167,,0.0,0,,RPPNMLPJQHLGFAB97EA,14.66,0.0,4.61,有,
沙鹿區,土地,明德段131地號,366.42,都市：其他:農業區,,,1150717,土地1建物0車位0,,,其他,,,,0.0,0,0,0,無,無,1800000,4912,,0.0,0,二等親買賣,RPPNMLQJQHLGFFB58EA,0.0,0.0,0.0,無,
大雅區,土地,自強段165-1地號,158.0,,特定農業區,農牧用地,1150730,土地1建物0車位0,,,其他,,,,0.0,0,0,0,無,無,3358888,21259,,0.0,0,本案為農地重劃標售案件，申報義務人屬無登記名義人之情況政府機關標讓售；,RPQNMLOJQHLGFHB68EA,0.0,0.0,0.0,無,
潭子區,土地,大豐段1000-3地號,27.83,都市：其他:農業區,,,1150723,土地1建物0車位0,,,其他,,,,0.0,0,0,0,無,無,1346972,48400,,0.0,0,政府機關標讓售；,RPRNMLOJQHLGFHB78EA,0.0,0.0,0.0,無,
太平區,土地,溪洲段903地號,53.63,都市：其他:住宅區,,,1150711,土地3建物0車位0,,,其他,,,,0.0,0,0,0,無,無,4700000,87638,,0.0,0,畸零地或有合併使用效益；,RPPNMLOJQHLGFJB78EA,0.0,0.0,0.0,無,
南區,房地(土地+建物),臺中市南區仁義街１３８號６樓,27.0,都市：其他:第二種住宅區,,,1150609,土地1建物1車位0,六層,七層,華廈(10層含以下有電梯),住家用,鋼筋混凝土造,0830516,208.47,7,0,7,有,有,9200000,44131,,0.0,0,,RPQOMLPKPHLGFAB08DA,155.55,0.0,12.41,有,064
北屯區,土地,洲際段923地號,198.35,都市：其他:第一之一種住宅區,,,1150626,土地1建物0車位0,,,其他,,,,0.0,0,0,0,無,無,40200000,202672,,0.0,0,用印款匯入日為公契立約日,RPROMLRLPHLGFBB58DA,0.0,0.0,0.0,無,
西屯區,房地(土地+建物)+車位,臺中市西屯區臺灣大道三段７６５號三十一樓之６,8.43,都市：其他:第四之一種商業區,,,1150627,土地1建物1車位1,三十一層,三十六層,住宅大樓(11層含以上有電梯),住家用,鋼骨造,1141028,150.29,3,2,2,有,有,16620000,110586,坡道平面,30.56,0,,RPTPMLLLPHLGFCB38DA,68.91,5.09,4.44,有,065
西區,房地(土地+建物)+車位,臺中市西區忠明南路２７６號十四樓之三,17.16,都市：其他:第三種住宅區。,,,1150607,土地2建物1車位1,十四層,二十三層,住宅大樓(11層含以上有電梯),住家用,鋼筋混凝土造,1030925,209.46,3,2,2,有,有,25780000,123078,坡道平面,23.32,0,,RPSOMLKKPHLGFAB77DA,111.66,4.18,13.53,有,066
東區,房地(土地+建物),臺中市東區振興路４３７巷８７弄３２號,114.68,都市：其他:第一種住宅區,,,1150624,土地4建物1車位0,全,四層,透天厝,住家用,鋼筋混凝土造,1080702,230.39,5,3,6,有,無,27390000,118885,,0.0,0,其他增建；,RPRTMLRLPHLGFAB98DA,202.77,0.0,27.62,無,067
東區,房地(土地+建物),臺中市東區建勇街２４號,74.0,都市：其他:第二種住宅區,,,1150614,土地1建物1車位0,全,二層,透天厝,住家用,鐵筋加強磚,0600520,128.26,4,2,2,有,無,13000000,101357,,0.0,0,其他增建；,RPXNMLSLPHLGFAB09DA,128.26,0.0,0.0,無,
東區,房地(土地+建物),臺中市東區自強南街７巷１號,123.0,都市：其他:第二種住宅區,,,1150627,土地1建物1車位0,全,三層,透天厝,住家用,鋼筋混凝土造,0760929,248.14,5,1,2,有,無,12800000,51584,,0.0,0,,RPQOMLSLPHLGFAB48DA,228.07,14.38,5.69,無,
北屯區,房地(土地+建物)+車位,臺中市北屯區軍福十五路３１８號十三樓之１,15.71,都市：其他:第二種商業區,,,1150620,土地1建物1車位1,十三層,十五層,住宅大樓(11層含以上有電梯),住家用,鋼筋混凝土造,1070907,141.94,3,2,2,有,有,12250000,86304,坡道機械,24.49,0,,RPSNMLQKPHLGFBB38DA,73.1,0.0,8.17,有,068
北屯區,房地(土地+建物),臺中市北屯區旱溪西路三段２９８號,123.0,都市：其他:住宅區,,,1150611,土地1建物1車位0,全,四層,透天厝,住家用,ＲＣ造,0921127,187.65,4,3,4,有,無,24000000,127898,,0.0,0,陽台外推；其他增建；,RPOOMLLLPHLGFBB67DA,170.31,0.0,17.34,無,
北屯區,房地(土地+建物)+車位,臺中市北屯區敦化路一段６３７號七樓之３,20.56,都市：其他:第二種住宅區,,,1150610,土地3建物1車位2,七層,十二層,住宅大樓(11層含以上有電梯),住家用,鋼筋混凝土造,1060310,150.72,2,2,1,有,有,14300000,94878,坡道機械,48.88,0,,RPOQMLLLPHLGFBB87DA,61.05,0.0,7.56,有,069
北區,房地(土地+建物),臺中市北區青島西街８６之２號,16.53,都市：其他:第二種住宅區,,,1150622,土地1建物1車位0,三層,七層,華廈(10層含以下有電梯),住家用,鋼筋混凝土造,0731201,81.25999999999999,2,1,1,有,有,4840000,59562,,0.0,0,承租人承購,RPXNMLTLPHLGFBB66DA,58.81,0.0,1.92,有,
南屯區,房地(土地+建物)+車位,臺中市南屯區文昌街２３３號三樓之５,27.39,都市：其他:第二種住宅區,,,1150607,土地1建物1車位2,三層,九層,華廈(10層含以下有電梯),住家用,鋼筋混凝土造,1070925,195.76,3,2,2,有,有,22380000,141037,坡道平面,65.44,4000000,,RPSNMLRJOHLGFCB38DA,71.58,6.18,7.55,有,070
西屯區,房地(土地+建物)+車位,臺中市西屯區環中路二段１１３５號十樓之５,29.46,都市：其他:第二種住宅區,,,1150606,土地7建物1車位1,十層,十八層,住宅大樓(11層含以上有電梯),住家用,鋼筋混凝土造,1040109,228.83,3,2,2,有,有,29000000,140145,坡道平面,29.75,1100000,,RPVQMLMJPHLGFCB58DA,117.23,5.04,12.59,有,
西屯區,房地(土地+建物)+車位,臺中市西屯區市政北一路３３５號八樓之６,9.41,都市：其他:第六種新市政中心專用區,,,1150629,土地1建物1車位1,八層,三十七層,住宅大樓(11層含以上有電梯),住家用,鋼骨鋼筋混凝土造、鋼筋混凝土造,1150313,175.17000000000002,3,2,2,有,有,30000000,171262,坡道平面,16.84,0,,RPWNMLQKPHLGFCB88DA,85.65,10.96,9.05,有,071
西屯區,房地(土地+建物),臺中市西屯區櫻城三街２１號三樓之３,3.24,都市：其他:第二種住宅區,,,1150627,土地3建物1車位0,三層,八層,華廈(10層含以下有電梯),住家用,鋼筋混凝土造,0840426,20.62,1,1,1,有,有,1800000,87294,,0.0,0,,RPSQMLQKPHLGFCB78DA,11.0,0.0,3.05,有,072
西屯區,房地(土地+建物)+車位,臺中市西屯區市政北二路３３６號四樓之２,55.0,都市：其他:第二種住宅區,,,1150624,土地1建物1車位2,四層,二十三層,住宅大樓(11層含以上有電梯),住家用,鋼筋混凝土造,1021209,443.92,0,0,0,無,有,51280000,130860,坡道平面,72.82,2717800,,RPSNMLKLPHLGFCB97DA,209.61,13.17,24.37,有,
西屯區,房地(土地+建物),臺中市西屯區寶慶街５０巷１３號六樓之１６,5.18,都市：其他:第三種商業區,,,1150626,土地1建物1車位0,六層,十層,華廈(10層含以下有電梯),住家用,鋼筋混凝土造,0811120,63.6,1,1,1,有,有,6180000,97170,,0.0,0,,RPORMLLLPHLGFCB08DA,45.83,0.0,1.87,有,073
西屯區,房地(土地+建物)+車位,臺中市西屯區福星路９號十三樓之２,29.17,都市：其他:第三種住宅區。,,,1150629,土地1建物1車位1,十三層,十四層,住宅大樓(11層含以上有電梯),住家用,鋼筋混凝土造,1051223,205.51,3,2,2,有,有,24800000,120675,坡道平面,44.64,0,,RPUNMLRLPHLGFCB88DA,93.76,0.0,11.29,有,074
西屯區,房地(土地+建物)+車位,臺中市西屯區福順路３３３號八樓之３,15.54,都市：其他:第一之一種住宅區,,,1150617,土地1建物1車位1,八層,十四層,住宅大樓(11層含以上有電梯),住家用,鋼筋混凝土造,0800823,167.98000000000002,3,2,2,有,有,11110000,66139,坡道平面,0.0,0,陽台外推；,RPOOMLRLPHLGFCB38DA,99.94,1.32,13.69,有,075
南屯區,土地,昌明段63地號,706.42,都市：其他:第一之一種住宅區,,,1150629,土地1建物0車位0,,,其他,,,,0.0,0,0,0,無,無,150000000,212338,,0.0,0,,RPSPMLRLPHLGFCB88DA,0.0,0.0,0.0,無,
南屯區,房地(土地+建物)+車位,臺中市南屯區龍富路五段２８號十一樓之６,35.86,都市：其他:第一之C種住宅區,,,1150620,土地1建物1車位1,十一層,二十三層,住宅大樓(11層含以上有電梯),住家用,鋼筋混凝土造,1141008,195.38,3,2,2,有,有,36750000,188095,坡道平面,29.35,0,,RPSOMLTLPHLGFCB98DA,98.34,0.0,11.24,有,076
西屯區,房地(土地+建物)+車位,臺中市西屯區福科路３７７巷６號三樓之１,52.0,都市：其他:第一之一種住宅區,,,1150630,土地2建物1車位2,三層,二十四層,住宅大樓(11層含以上有電梯),住家用,鋼筋混凝土造,1130911,286.0,3,2,3,有,有,57050000,239578,坡道平面,69.16,5100000,,RPXOMLTLPHLGFCB86DA,129.71,0.0,13.23,有,
西屯區,房地(土地+建物)+車位,臺中市西屯區福科路３７７巷６號三樓之２,58.48,都市：其他:第一之一種住宅區,,,1150630,土地2建物1車位2,三層,二十四層,住宅大樓(11層含以上有電梯),住家用,鋼筋混凝土造,1130911,312.90999999999997,3,2,3,有,有,64200000,239590,坡道平面,69.16,5800000,,RPOPMLTLPHLGFCB68DA,147.48,0.0,13.23,有,
西屯區,房地(土地+建物)+車位,臺中市西屯區福科路３７７巷６號四樓之１,52.0,都市：其他:第一之一種住宅區,,,1150621,土地2建物1車位2,四層,二十四層,住宅大樓(11層含以上有電梯),住家用,鋼筋混凝土造,1130911,286.0,3,2,3,有,有,54460000,224405,坡道平面,69.16,5800000,,RPPPMLTLPHLGFCB78DA,129.71,0.0,13.23,有,
后里區,土地,后科段169地號,39.76,,特定農業區,農牧用地,1150615,土地2建物0車位0,,,其他,,,,0.0,0,0,0,無,無,400000,10060,,0.0,0,,RPRNMLQJPHLGFDB38DA,0.0,0.0,0.0,無,077
后里區,土地,后科段169地號,79.52,,特定農業區,農牧用地,1150615,土地2建物0車位0,,,其他,,,,0.0,0,0,0,無,無,1000000,12575,,0.0,0,,RPSNMLQJPHLGFDB48DA,0.0,0.0,0.0,無,077
后里區,土地,后科段169地號,39.76,,特定農業區,農牧用地,1150615,土地2建物0車位0,,,其他,,,,0.0,0,0,0,無,無,550000,13833,,0.0,0,,RPTNMLQJPHLGFDB58DA,0.0,0.0,0.0,無,077
后里區,土地,后科段169地號,79.52,,特定農業區,農牧用地,1150615,土地2建物0車位0,,,其他,,,,0.0,0,0,0,無,無,1000000,12575,,0.0,0,,RPUNMLQJPHLGFDB68DA,0.0,0.0,0.0,無,077
后里區,土地,后科段169地號,39.76,,特定農業區,農牧用地,1150615,土地2建物0車位0,,,其他,,,,0.0,0,0,0,無,無,400000,10060,,0.0,0,,RPVNMLQJPHLGFDB78DA,0.0,0.0,0.0,無,077
后里區,土地,后科段169地號,39.76,,特定農業區,農牧用地,1150615,土地2建物0車位0,,,其他,,,,0.0,0,0,0,無,無,400000,10060,,0.0,0,,RPWNMLQJPHLGFDB88DA,0.0,0.0,0.0,無,077
后里區,土地,后科段169地號,79.52,,特定農業區,農牧用地,1150615,土地2建物0車位0,,,其他,,,,0.0,0,0,0,無,無,1000000,12575,,0.0,0,,RPXNMLQJPHLGFDB98DA,0.0,0.0,0.0,無,077
后里區,土地,后科段169地號,79.52,,特定農業區,農牧用地,1150615,土地2建物0車位0,,,其他,,,,0.0,0,0,0,無,無,1000000,12575,,0.0,0,,RPOOMLQJPHLGFDB18DA,0.0,0.0,0.0,無,077
后里區,土地,后科段169地號,39.76,,特定農業區,農牧用地,1150615,土地2建物0車位0,,,其他,,,,0.0,0,0,0,無,無,550000,13833,,0.0,0,,RPPOMLQJPHLGFDB28DA,0.0,0.0,0.0,無,077
后里區,土地,后科段169地號,79.52,,特定農業區,農牧用地,1150615,土地2建物0車位0,,,其他,,,,0.0,0,0,0,無,無,500000,6288,,0.0,0,,RPQOMLQJPHLGFDB38DA,0.0,0.0,0.0,無,077
沙鹿區,房地(土地+建物),臺中市沙鹿區鎮南路二段４１號,86.78,都市：其他:第二種住宅區,,,1150618,土地1建物1車位0,全,二層,透天厝,商業用,加強磚造,0690425,115.62,7,2,3,有,無,15500000,134060,,0.0,0,,RPUNMLTJPHLGFFB56DA,115.62,0.0,0.0,無,
沙鹿區,房地(土地+建物)+車位,臺中市沙鹿區斗潭路２１１巷７５號三樓之７,29.99,都市：其他:第四種住宅區,,,1150626,土地1建物1車位1,三層,十一層,住宅大樓(11層含以上有電梯),住家用,鋼筋混凝土造,1110309,129.37,2,2,1,有,有,8250000,63771,坡道平面,40.81,0,,RPUNMLNLPHLGFFB78DA,56.3,0.0,5.02,有,087
沙鹿區,房地(土地+建物)+車位,臺中市沙鹿區永寧路一段７６號九樓之１,15.42,都市：其他:第四種住宅區,,,1150622,土地1建物1車位1,九層,十五層,住宅大樓(11層含以上有電梯),住家用,鋼筋混凝土造,1140310,121.28999999999999,2,2,2,有,有,10630000,94084,坡道平面,24.78,1550000,,RPPNMLSLPHLGFFB78DA,60.34,0.0,4.08,有,
沙鹿區,房地(土地+建物)+車位,臺中市沙鹿區永寧路一段７６號十樓之２,20.11,都市：其他:第四種住宅區,,,1150630,土地1建物1車位1,十層,十五層,住宅大樓(11層含以上有電梯),住家用,鋼筋混凝土造,1140310,146.59,3,2,2,有,有,12350000,87162,坡道平面,23.83,1650000,,RPQNMLSLPHLGFFB88DA,72.67,0.0,9.27,有,
梧棲區,土地,南簡段1257地號,64.0,都市：其他:第四種住宅區,,,1150623,土地1建物0車位0,,,其他,,,,0.0,0,0,0,無,無,2323200,36300,,0.0,0,,RPTNMLTLPHLGFFB66DA,0.0,0.0,0.0,無,
新社區,土地,湳嶺段475-1地號,1522.49,,山坡地保育區,農牧用地,1150604,土地2建物0車位0,,,其他,,,,0.0,0,0,0,無,無,10592650,6957,,0.0,0,,RPPNMLNLPHLGFGB38DA,0.0,0.0,0.0,無,
潭子區,房地(土地+建物),臺中市潭子區雅豐街１１０巷２３號,86.17,都市：其他:第一之一種住宅區,,,1150612,土地3建物1車位0,全,三層,透天厝,住家用,鋼筋混凝土造,0780626,136.73,6,2,2,有,無,13120000,95956,,0.0,0,其他增建：法定空地一至三樓頂樓加蓋；其他增建；,RPQNMLOLOHLGFHB58DA,133.88,0.0,2.85,無,
潭子區,房地(土地+建物)+車位,臺中市潭子區勝利路９８號十一樓之２,10.26,都市：其他:第一之二種住宅區,,,1150628,土地1建物1車位1,十一層,十三層,住宅大樓(11層含以上有電梯),住家用,鋼筋混凝土造,0880915,117.16,3,2,2,有,有,10500000,89621,坡道機械,6.52,0,,RPQNMLQKPHLGFHB78DA,79.29,0.0,4.74,有,088
烏日區,房地(土地+建物),臺中市烏日區學田路３４１巷８８弄１０號,77.13,都市：其他:第一種住宅區,,,1150622,土地1建物1車位0,全,二層,透天厝,住家用,加強磚造,0690313,99.19,4,2,2,有,無,7100000,71580,,0.0,0,其他增建；,RPUPMLPKPHLGFIB76DA,99.19,0.0,0.0,無,089
烏日區,房地(土地+建物)+車位,臺中市烏日區三榮路一段４０３號九樓之１,23.45,都市：其他:第二種住宅區,,,1150628,土地1建物1車位1,九層,十四層,住宅大樓(11層含以上有電梯),住家用,鋼筋混凝土造,1051014,130.55,2,2,1,有,有,13250000,101494,坡道平面,36.04,0,,RPVOMLSLPHLGFIB17DA,55.24,1.75,7.36,有,
太平區,房地(土地+建物)+車位,臺中市太平區育才路１７３號十樓之５,32.96,都市：其他:住宅區,,,1150623,土地1建物1車位2,十層,十五層,住宅大樓(11層含以上有電梯),住家用,鋼筋混凝土造,1150113,215.6,4,2,2,有,有,20700000,96011,坡道平面,56.46,0,,RPWNMLTLPHLGFJB37DA,98.88,0.0,10.0,有,090
南區,房地(土地+建物),臺中市南區光輝街１８號,59.0,都市：其他:第二種住宅區,,,1150617,土地1建物1車位0,全,二層,透天厝,住家用,鐵筋加強磚,0631220,92.0,3,1,3,有,無,10000000,108696,,0.0,0,親友、員工、共有人或其他特殊關係間之交易；其他增建；,RPPNMLTLPHLGFAB48EA,92.0,0.0,0.0,無,
北區,房地(土地+建物),臺中市北區陝西路１０８號１２樓之４,3.29,都市：其他:第二種住宅區,,,1150629,土地1建物1車位0,十二層,十五層,住宅大樓(11層含以上有電梯),住家用,鋼筋混凝土造,0781102,44.2,1,0,1,有,有,1800000,40724,,0.0,0,親友、員工、共有人或其他特殊關係間之交易；,RPRNMLSLPHLGFBB68EA,24.7,0.0,7.19,有,091
西區,土地,後子段268-219地號,8.75,都市：其他:第二種住宅區,,,1150625,土地1建物0車位0,,,其他,,,,0.0,0,0,0,無,無,900000,102857,,0.0,0,道路用地包含公共設施保留地用地；,RPRNMLQJPHLGFAB08DA,0.0,0.0,0.0,無,
南區,房地(土地+建物)+車位,臺中市南區大慶街二段６－１６巷４５號１４樓之１,13.84,都市：其他:第二種商業區,,,1150608,土地1建物1車位1,十四層,十六層,住宅大樓(11層含以上有電梯),住家用,鋼筋混凝土造,0840525,123.78,3,2,2,有,有,9520000,76911,坡道機械,0.0,0,其他增建；,RPTOMLNKPHLGFAB18DA,81.28,0.0,8.63,有,092
南區,房地(土地+建物)+車位,臺中市南區德富路３７０號六樓之二,15.9,都市：其他:第二種住宅區,,,1150627,土地1建物1車位1,六層,十四層,住宅大樓(11層含以上有電梯),住家用,鋼筋混凝土造,0810221,134.69,3,2,2,有,有,9500000,70532,坡道機械,0.0,0,,RPWNMLOKPHLGFAB48DA,78.51,0.0,12.29,有,
南區,房地(土地+建物)+車位,臺中市南區南平路３３８巷６號四樓之３,13.34,都市：其他:第一種商業區,,,1150630,土地1建物1車位1,四層,十五層,住宅大樓(11層含以上有電梯),住家用,鋼筋混凝土造,1140620,111.14,2,2,1,有,有,14300000,128667,坡道平面,24.96,0,,RPVNMLRKPHLGFAB68DA,51.73,0.0,4.91,有,093
西區,房地(土地+建物),臺中市西區模範街１３巷３號二樓,1.22,都市：其他:第二種住宅區,,,1150617,土地1建物1車位0,二層,五層,公寓(5樓含以下無電梯),住家用,鋼筋混凝土造,0720623,4.09,3,2,2,有,無,242000,59169,,0.0,0,,RPQNMLRLPHLGFAB28DA,3.81,0.0,0.28,無,
中區,房地(土地+建物),臺中市中區成功路３０６巷１０號４樓之１,4.68,都市：其他:第二種商業區,,,1150623,土地1建物1車位0,四層,十六層,住宅大樓(11層含以上有電梯),住家用,鋼筋混凝土造,0821102,53.22,1,1,1,有,有,4100000,77039,,0.0,0,,RPUNMLKMPHLGFAB08DA,40.92,1.6,0.0,有,
北區,房地(土地+建物)+車位,臺中市北區進化路５１７號二十三樓之３,7.11,都市：其他:第二之一種商業區,,,1150608,土地1建物1車位2,二十三層,二十四層,住宅大樓(11層含以上有電梯),住家用,鋼筋混凝土造,1140116,93.92,3,2,2,有,有,6880000,73246,坡道平面,0.0,0,親友、員工、共有人或其他特殊關係間之交易；,RPWOMLQKOHLGFBB78DA,40.06,0.0,3.87,有,094
北屯區,房地(土地+建物)+車位,臺中市北屯區文心路四段６５號七樓之５,12.14,都市：其他:第四種商業區,,,1150615,土地1建物1車位1,七層,二十八層,住宅大樓(11層含以上有電梯),住家用,鋼筋混凝土造,1060420,157.98000000000002,2,2,2,有,有,18100000,114571,坡道平面,36.33,0,陽台外推；,RPXNMLKKPHLGFBB28DA,71.39,0.0,6.54,有,095
北屯區,房地(土地+建物),臺中市北屯區松竹路二段１０７巷５３號,69.0,都市：其他:第二種住宅區,,,1150617,土地1建物1車位0,全,二層,透天厝,住家用,鋼筋混凝土造,0740105,110.11,5,2,3,有,無,13260000,120425,,0.0,0,頂樓加蓋；夾層；,RPVOMLQKPHLGFBB78DA,99.38,7.94,2.79,無,
北屯區,房地(土地+建物)+車位,臺中市北屯區敦富一街１６０號五樓之３,19.17,都市：其他:第二之一種住宅區,,,1150602,土地1建物1車位1,五層,十二層,住宅大樓(11層含以上有電梯),住家用,鋼筋混凝土造,1130527,121.42,2,2,2,有,有,14400000,118597,坡道平面,29.33,0,社區名稱 : 富宇富好,RPPNMLKMPHLGFBB67DA,54.28,0.0,6.65,有,096
北屯區,房地(土地+建物)+車位,臺中市北屯區洲際路２８號十五樓之１,47.34,都市：其他:第一之一種住宅區,,,1150605,土地1建物1車位2,十五層,十五層,住宅大樓(11層含以上有電梯),住家用,鋼筋混凝土造,1140908,236.68,3,2,2,有,有,32480000,137232,坡道平面,68.2,0,,RPTNMLKMPHLGFBB08DA,100.17,0.0,11.11,有,097
西屯區,房地(土地+建物)+車位,臺中市西屯區惠中路二段３５號十樓之１,17.51,都市：其他:第四之一種商業區,,,1150602,土地1建物1車位2,十層,二十五層,住宅大樓(11層含以上有電梯),住家用,鋼筋混凝土造,0980619,266.18,3,2,2,有,有,38050000,142948,坡道平面,44.9,0,,RPPRMLQKOHLGFCB48DA,133.98,7.47,14.36,有,
西屯區,房地(土地+建物),臺中市西屯區華夏巷西四弄４６號,56.0,都市：其他:第二種住宅區,,,1150615,土地1建物1車位0,全,二層,透天厝,住家用,鋼筋混凝土加強磚造,0640516,67.5,6,2,3,有,無,11000000,162963,,0.0,0,其他增建；,RPXNMLRKOHLGFCB98DA,67.5,0.0,0.0,無,098
西屯區,土地,惠泰段133-1地號,200.11,都市：其他:第二種住宅區,,,1150601,土地1建物0車位0,,,其他,,,,0.0,0,0,0,無,無,51453305,257125,,0.0,0,,RPROMLPLOHLGFCB38DA,0.0,0.0,0.0,無,
西屯區,房地(土地+建物),臺中市西屯區福瑞街６６巷８號四樓之１３,4.63,都市：其他:第一之一種住宅區,,,1150618,土地1建物1車位0,四層,七層,華廈(10層含以下有電梯),住家用,鋼筋混凝土造,0830318,24.8,1,0,1,有,有,1800000,72581,,0.0,0,,RPPNMLPJPHLGFCB97DA,14.98,0.0,0.0,有,099
西屯區,房地(土地+建物)+車位,臺中市西屯區黎明路三段１７７號十樓之８,29.65,都市：其他:第三種住宅區。,,,1150601,土地2建物1車位2,十層,十五層,住宅大樓(11層含以上有電梯),住家用,鋼筋混凝土造,1021016,282.54,4,2,2,有,有,37080000,131238,坡道平面,57.62,0,,RPROMLKKPHLGFCB87DA,131.98,8.26,14.32,有,
豐原區,土地,下街段307地號,75.68,都市：其他:第三種住宅區。,,,1150624,土地1建物0車位0,,,其他,,,,0.0,0,0,0,無,無,2686969,35504,,0.0,0,地清或未辦繼承標售；,RPXNMLTLPHLGFDB86DA,0.0,0.0,0.0,無,
沙鹿區,房地(土地+建物),臺中市沙鹿區中山路６２６號七樓之６,10.15,都市：其他:第四種住宅區,,,1150616,土地2建物1車位0,七層,七層,華廈(10層含以下有電梯),住家用,鋼筋混凝土造,1141127,38.29,1,0,1,有,無,3860000,100810,,0.0,0,其他增建；,RPPNMLRKOHLGFFB48DA,19.95,0.0,2.39,有,
沙鹿區,房地(土地+建物),臺中市沙鹿區中正街３３號六樓之６,9.17,都市：其他:第三種商業區,,,1150607,土地1建物1車位0,六層,十一層,住宅大樓(11層含以上有電梯),住家用,鋼筋混凝土造,1130506,60.22,1,1,1,有,有,6000000,99635,,0.0,0,,RPOOMLMJPHLGFFB97DA,33.3,0.0,4.14,有,100
沙鹿區,房地(土地+建物)+車位,臺中市沙鹿區中山路６６５之２號七樓之６,26.03,都市：其他:第四種住宅區,,,1150605,土地1建物1車位1,七層,十四層,住宅大樓(11層含以上有電梯),住家用,鋼筋混凝土造,1110829,155.57,3,2,2,有,有,12800000,82278,坡道平面,33.1,0,,RPTOMLOKPHLGFFB78DA,73.35,0.0,8.42,有,101
沙鹿區,房地(土地+建物)+車位,臺中市沙鹿區臺灣大道七段８２８號六樓之２,22.08,都市：其他:第四種住宅區,,,1150618,土地1建物1車位1,六層,十二層,住宅大樓(11層含以上有電梯),住家用,鋼筋混凝土造,1130501,141.49,3,2,2,有,有,17200000,140204,坡道平面,30.58,1650000,,RPQSMLLLPHLGFFB68DA,65.53,0.0,7.63,有,
潭子區,房地(土地+建物)+車位,臺中市潭子區勝利五街１０之１號三樓,11.03,都市：其他:第一之二種住宅區,,,1150626,土地1建物1車位1,三層,十四層,住宅大樓(11層含以上有電梯),住家用,鋼筋混凝土造,0840801,99.46,2,2,1,有,有,7500000,75407,坡道機械,0.0,0,,RPQNMLMLPHLGFHB48DA,57.06,3.89,6.96,有,
烏日區,房地(土地+建物)+車位,臺中市烏日區環河路四段３００號八樓之１７,30.38,都市：其他:第二種住宅區,,,1150606,土地1建物1車位1,八層,十五層,住宅大樓(11層含以上有電梯),住家用,鋼筋混凝土造,1130926,140.5,2,2,2,有,有,15500000,110320,坡道平面,31.6,0,,RPWOMLSLPHLGFIB27DA,62.23,4.44,5.05,有,102
太平區,房地(土地+建物),臺中市太平區育仁路４５號四樓,10.92,都市：其他:商業區,,,1150622,土地1建物1車位0,四層,十一層,住宅大樓(11層含以上有電梯),住家用,鋼筋混凝土造,0820118,117.76,3,2,2,有,有,5750000,48828,,0.0,0,,RPTNMLPLOHLGFJB56DA,93.45,1.85,12.29,有,
太平區,土地,樹孝段337地號,91.52,都市：其他:住宅區,,,1150623,土地1建物0車位0,,,其他,,,,0.0,0,0,0,無,無,3400000,37150,,0.0,0,親友、員工、共有人或其他特殊關係間之交易；,RPWNMLPLOHLGFJB86DA,0.0,0.0,0.0,無,
太平區,土地,樹孝段338地號,91.62,都市：其他:住宅區,,,1150623,土地2建物0車位0,,,其他,,,,0.0,0,0,0,無,無,3400000,37110,,0.0,0,親友、員工、共有人或其他特殊關係間之交易；,RPUOMLPLOHLGFJB76DA,0.0,0.0,0.0,無,
太平區,房地(土地+建物)+車位,臺中市太平區樹孝路３３７巷２６號,20.2,都市：其他:住宅區,,,1150603,土地1建物1車位2,一層,十五層,住宅大樓(11層含以上有電梯),商業用,鋼筋混凝土造,1130710,140.48000000000002,1,1,1,有,有,14580000,103787,坡道平面,52.02,0,,RPVNMLKLPHLGFJB98DA,67.18,0.0,0.0,有,103
太平區,房地(土地+建物)+車位,臺中市太平區新吉路５６號二樓之２,39.89,都市：其他:住宅區,,,1150609,土地2建物1車位1,二層,七層,華廈(10層含以下有電梯),住家用,鋼筋混凝土造,1060606,156.6,3,2,2,有,有,12000000,76628,坡道平面,0.0,0,親友、員工、共有人或其他特殊關係間之交易；,RPQNMLTLPHLGFJB76DA,71.6,0.0,6.53,有,104
太平區,房地(土地+建物)+車位,臺中市太平區樹德八街３８號三樓之８,18.67,都市：其他:住宅區,,,1150611,土地1建物1車位1,三層,七層,華廈(10層含以下有電梯),住家用,鋼筋混凝土造,0791025,96.66,3,2,2,有,有,8100000,83799,坡道機械,0.0,0,,RPXNMLTLPHLGFJB47DA,72.05,0.0,7.36,有,105
太平區,房地(土地+建物),臺中市太平區大興十一街１２５巷３０弄９號,70.33,,鄉村區,乙種建築用地,1150613,土地1建物1車位0,全,二層,透天厝,住家用,加強磚造,0660601,62.2,2,2,2,有,無,5530000,88907,,0.0,0,其他增建；,RPSOMLKMPHLGFJB88DA,62.2,0.0,0.0,無,
南屯區,房地(土地+建物),臺中市南屯區文心南二路３９０號地下一層之２,36.56,都市：其他:第三之一種住宅區,,,1150605,土地1建物2車位0,地下一層,十五層,住宅大樓(11層含以上有電梯),商業用,鋼筋混凝土造,0830818,935.5699999999999,0,0,1,有,有,12940000,13831,,0.0,0,,RPPNMLLMPHLGFCB97EA,764.01,0.0,0.0,有,106
南屯區,房地(土地+建物),臺中市南屯區文心南二路３９０號地下一層之２,36.56,都市：其他:第三之一種住宅區,,,1150605,土地1建物2車位0,地下一層,十五層,住宅大樓(11層含以上有電梯),商業用,鋼筋混凝土造,0830818,935.5699999999999,0,0,1,有,有,12940000,13831,,0.0,0,,RPQNMLLMPHLGFCB08EA,764.01,0.0,0.0,有,106
梧棲區,房地(土地+建物),臺中市梧棲區居仁街２６７號,31.33,都市：其他:第四種住宅區,,,1150625,土地1建物1車位0,全,三層,透天厝,住商用,鋼筋混凝土造,0720620,71.35,3,0,1,有,無,2000000,28031,,0.0,0,親友、員工、共有人或其他特殊關係間之交易；,RPQNMLLMPHLGFFB38EA,71.36,0.0,0.0,無,108
南區,房地(土地+建物)+車位,臺中市南區南陽街９３號３樓之４,12.46,都市：其他:第二種住宅區,,,1150604,土地1建物1車位1,三層,十六層,住宅大樓(11層含以上有電梯),住家用,鋼筋混凝土造,0830728,119.39000000000001,3,2,2,有,有,9100000,76221,坡道平面,0.0,0,,RPVNMLRLPHLGFAB78DA,63.06,0.8,6.94,有,109
北區,房地(土地+建物)+車位,臺中市北區進化北路３１７號１６樓之５,7.97,都市：其他:第一種商業區,,,1150605,土地2建物1車位1,十六層,十八層,住宅大樓(11層含以上有電梯),住家用,鋼筋混凝土造,0941208,115.91,1,1,1,有,有,10700000,92313,坡道平面,31.89,0,,RPTOMLMKOHLGFBB08DA,53.65,0.0,6.33,有,
北屯區,房地(土地+建物),臺中市北屯區北屯路２１０號６樓之１１,14.65,都市：其他:第二種商業區,,,1150613,土地1建物1車位0,六層,十三層,住宅大樓(11層含以上有電梯),住家用,鋼筋混凝土造,0830208,146.47,4,2,2,有,有,9180000,62675,,0.0,0,其他增建；,RPTNMLNKOHLGFBB08DA,94.79,0.0,17.74,有,
北屯區,房地(土地+建物)+車位,臺中市北屯區松竹路二段３４６巷２２號十一樓之１,24.95,都市：其他:第二種住宅區,,,1150603,土地1建物1車位1,十一層,十二層,住宅大樓(11層含以上有電梯),住家用,鋼筋混凝土造,1031022,151.86,3,2,2,有,有,16500000,108653,坡道平面,25.43,0,其他增建；,RPWOMLRKOHLGFBB88DA,75.35,2.01,10.46,有,110
北屯區,房地(土地+建物)+車位,臺中市北屯區環太東路４６７號十五樓之１,17.15,都市：其他:第三種住宅區。,,,1150620,土地1建物1車位1,十五層,十五層,住宅大樓(11層含以上有電梯),住家用,鋼筋混凝土造,1090820,110.16999999999999,2,2,1,有,有,10000000,90769,坡道平面,23.87,0,,RPUOMLKMOHLGFBB18DA,51.17,0.0,6.02,有,111
北屯區,房地(土地+建物)+車位,臺中市北屯區松竹路二段３６２之１６號１３樓之２,10.05,都市：其他:第二種住宅區,,,1150612,土地1建物1車位1,十三層,十六層,住宅大樓(11層含以上有電梯),住家用,鋼筋混凝土造,0860722,97.34,3,2,1,有,有,8350000,85782,坡道平面,0.0,0,,RPUNMLNKPHLGFBB28DA,50.89,0.0,8.27,有,112
南屯區,房地(土地+建物),臺中市南屯區嶺東路９１６之１３號七樓之３,17.72,都市：其他:第二種住宅區,,,1150607,土地1建物1車位0,七層,十一層,住宅大樓(11層含以上有電梯),住家用,鋼筋混凝土造,0810115,114.11,3,2,2,有,有,7180000,62922,,0.0,0,,RPPOMLTJOHLGFCB38DA,72.97,0.0,16.11,有,
南屯區,房地(土地+建物)+車位,臺中市南屯區大聖街２０９號四樓,23.07,都市：其他:第二之一種商業區,,,1150611,土地1建物1車位1,四層,七層,華廈(10層含以下有電梯),住家用,鋼筋混凝土造,0830624,158.19,3,2,2,有,有,11150000,70485,升降機械,0.0,0,其他增建；,RPROMLQKOHLGFCB38DA,107.15,1.25,14.91,有,
西屯區,房地(土地+建物),臺中市西屯區上安路１８巷１號二樓之２,12.66,都市：其他:第二種住宅區,,,1150619,土地1建物1車位0,二層,九層,華廈(10層含以下有電梯),住家用,ＲＣ造,0930910,89.75999999999999,1,1,1,有,有,8400000,93583,,0.0,0,,RPUNMLPKPHLGFCB58DA,58.32,1.67,5.75,有,
西屯區,房地(土地+建物)+車位,臺中市西屯區上安路６８號四樓之３,14.55,都市：其他:第三之二種住宅區,,,1150627,土地1建物1車位1,四層,十三層,住宅大樓(11層含以上有電梯),住家用,鋼筋混凝土造,0841030,94.28,2,2,2,有,有,8250000,87505,坡道機械,0.0,0,夾層；,RPRNMLQKPHLGFCB38DA,46.1,0.0,7.49,有,
南屯區,房地(土地+建物)+車位,臺中市南屯區精科路１６６號十樓之５,22.81,都市：其他:第二種住宅區,,,1150613,土地1建物1車位1,十層,十四層,住宅大樓(11層含以上有電梯),住家用,鋼筋混凝土造,1150120,126.99,2,2,2,有,有,16000000,125994,坡道平面,29.1,0,,RPUNMLKMPHLGFCB28DA,57.46,0.0,6.62,有,113
后里區,土地,后安段836地號,2728.55,,特定農業區,農牧用地,1150622,土地1建物0車位0,,,其他,,,,0.0,0,0,0,無,無,8253800,3025,,0.0,0,,RPPNMLOLOHLGFDB08DA,0.0,0.0,0.0,無,114
后里區,房地(土地+建物),臺中市后里區甲后路三段１１０號六樓之５,15.21,,鄉村區,乙種建築用地,1150607,土地1建物1車位0,六層,七層,華廈(10層含以下有電梯),住家用,鋼筋混凝土造,1120131,64.13,1,1,1,有,有,5450000,84984,,0.0,0,其他增建；,RPQVNLNKPHLGFDB98DA,40.99,0.0,5.24,有,115
神岡區,房地(土地+建物),臺中市神岡區大富路９８巷２９號,293.77,都市：其他:乙種工業區,,,1150604,土地1建物1車位0,全,二層,透天厝,辦公用,鋼骨造,0900409,324.18,9,0,3,有,無,35000000,107965,,0.0,0,一樓廠房使用其他增建；,RPTNMLSLPHLGFDB98DA,324.18,0.0,0.0,無,
后里區,房地(土地+建物)+車位,臺中市后里區三光路１７號三樓之２,28.57,都市：其他:住宅區,,,1150627,土地2建物1車位1,三層,七層,華廈(10層含以下有電梯),住家用,鋼筋混凝土造,1131018,94.21000000000001,2,2,2,有,有,8800000,96439,塔式車位,13.33,1000000,,RPUNMLKMPHLGFDB38DA,56.83,0.0,4.64,有,
大甲區,房地(土地+建物),臺中市大甲區水源路４５２巷１１６號,75.27,都市：其他:住宅區,,,1150622,土地1建物1車位0,全,二層,透天厝,住商用,加強磚造,0870325,141.48,3,3,2,有,無,9280000,65592,,0.0,0,頂樓加蓋；其他增建；,RPRNMLQKPHLGFEB58DA,135.79,0.0,5.69,無,
沙鹿區,土地,新站段86地號,475.84,都市：其他:第四種住宅區,,,1150608,土地2建物0車位0,,,其他,,,,0.0,0,0,0,無,無,46061312,96800,,0.0,0,,RPUOMLOKPHLGFFB88DA,0.0,0.0,0.0,無,
東勢區,房地(土地+建物),臺中市東勢區石城街２６５號,193.86,都市：其他:道路用地,,,1150626,土地2建物1車位0,全,二層,透天厝,其他,Ｒ‧Ｃ造,0870915,184.06,4,1,2,有,無,9150000,49712,,0.0,0,頂樓加蓋；,RPQNMLKLPHLGFGB18DA,179.83,0.0,4.23,無,
潭子區,房地(土地+建物),臺中市潭子區潭子街一段３１巷２號五樓之２,13.39,都市：其他:第一之二種住宅區,,,1150627,土地1建物1車位0,五層,五層,公寓(5樓含以下無電梯),住家用,鋼筋混凝土造,0801216,48.52,2,2,1,有,無,4250000,87593,,0.0,0,,RPPNMLLMPHLGFHB38DA,36.72,0.0,6.8,無,116
太平區,房地(土地+建物),臺中市太平區建興路２２巷１８號,71.0,都市：其他:第一種住宅區,,,1150602,土地2建物1車位0,全,四層,透天厝,住商用,鋼筋混凝土造,0821004,208.39,4,3,4,有,無,7500000,35990,,0.0,0,其他增建；,RPOOMLLKOHLGFJB28DA,170.85,15.82,21.72,無,
東區,房地(土地+建物),臺中市東區福仁街１３０號,30.65,都市：其他:第二種住宅區,,,1150616,土地3建物1車位0,一層，二層，騎樓,五層,公寓(5樓含以下無電梯),商業用,鋼筋混凝土造,0730528,84.69,2,2,1,有,無,10000000,118078,,0.0,0,含租約；,RPQPMLLJPHLGFAB67DA,76.3,4.2,4.2,無,
南區,房地(土地+建物),臺中市南區學府路１４６巷１５號１７樓之８,3.45,都市：其他:第二種住宅區,,,1150625,土地4建物1車位0,十七層,二十一層,住宅大樓(11層含以上有電梯),住家用,鋼筋混凝土造,0850627,37.21,1,0,1,有,有,3100000,83311,,0.0,0,,RPROMLNKPHLGFAB97DA,20.94,0.0,3.69,有,117
西區,房地(土地+建物),臺中市西區昇平街５７號,79.0,都市：其他:第二種住宅區,,,1150615,土地1建物1車位0,全,二層,透天厝,住家用,鐵筋加強磚造,0560506,111.72,2,0,2,有,無,20000000,179019,,0.0,0,,RPPNMLMJQHLGFAB57DA,111.72,0.0,0.0,無,
南區,房地(土地+建物)+車位,臺中市南區工學路１２５號７樓,9.32,都市：其他:第三種住宅區。,,,1150602,土地1建物1車位1,七層,十三層,住宅大樓(11層含以上有電梯),住家用,鋼筋混凝土造,0830711,82.51,2,2,1,有,有,7850000,95140,坡道機械,0.0,0,,RPPNMLNJQHLGFAB67DA,58.3,0.62,7.09,有,
北屯區,房地(土地+建物),臺中市北屯區中清路二段４５５號十樓之２,7.97,都市：其他:第五種住宅區,,,1150609,土地1建物1車位0,十層,十六層,住宅大樓(11層含以上有電梯),住家用,鋼筋混凝土造,0811020,89.75,2,2,2,有,有,7300000,81337,,0.0,0,陽台外推；,RPSOMLQKOHLGFBB38DA,54.7,0.0,6.39,有,118
北屯區,房地(土地+建物)+車位,臺中市北屯區瀋陽路三段１００號２樓之６　,20.67,都市：其他:第二種住宅區,,,1150614,土地1建物1車位1,二層,九層,華廈(10層含以下有電梯),住家用,鋼筋混凝土造,0880422,145.34,3,2,2,有,有,12600000,86693,坡道平面,0.0,0,其他增建:露台、採光罩其他增建；,RPSPMLLJPHLGFBB97DA,83.68,0.0,10.51,有,119
北區,房地(土地+建物),臺中市北區五順街１６２之１號３樓,28.84,都市：其他:第二種住宅區,,,1150622,土地1建物1車位0,三層,五層,公寓(5樓含以下無電梯),住家用,鋼筋混凝土造,0700814,112.2,3,2,2,有,無,6000000,53476,,0.0,0,陽台外推；,RPPQMLQJPHLGFBB28DA,92.21,12.26,0.0,無,
北屯區,房地(土地+建物)+車位,臺中市北屯區柳陽西街９３巷２７號６樓,12.76,都市：其他:第二種住宅區,,,1150618,土地1建物1車位1,六層,十六層,住宅大樓(11層含以上有電梯),住家用,鋼筋混凝土造,0840814,121.44,3,2,2,有,有,10000000,82345,坡道平面,0.0,0,,RPWPMLOKPHLGFBB78DA,66.57,1.5,9.56,有,120
北屯區,房地(土地+建物)+車位,臺中市北屯區敦富六街１８６號十四樓之６,22.37,都市：其他:第二之一種住宅區,,,1150627,土地1建物1車位1,十四層,十五層,住宅大樓(11層含以上有電梯),住家用,鋼筋混凝土造,1140611,170.41000000000003,2,2,2,有,有,22800000,133795,坡道平面,24.79,0,,RPQNMLTKPHLGFBB48DA,86.4,0.0,10.36,有,
西屯區,房地(土地+建物),臺中市西屯區櫻城二街８號五樓之１１,4.15,都市：其他:第三之二種住宅區,,,1150614,土地1建物1車位0,五層,七層,華廈(10層含以下有電梯),住家用,鋼筋混凝土造,0840424,24.630000000000003,1,0,1,有,有,2080000,84450,,0.0,0,,RPOPMLQJPHLGFCB18DA,12.64,1.3,2.27,有,
南屯區,房地(土地+建物)+車位,臺中市南屯區大進街５３６之４號九樓,19.15,都市：其他:第二種住宅區,,,1150611,土地1建物1車位1,九層,十四層,住宅大樓(11層含以上有電梯),住家用,鋼筋混凝土造,0830616,195.47,4,2,2,有,有,19280000,98634,坡道平面,0.0,0,陽台外推；,RPOPMLRJPHLGFCB28DA,127.43,1.23,18.6,有,
南屯區,房地(土地+建物)+車位,臺中市南屯區黎明路二段７１巷２０號四樓,21.3,都市：其他:第二種住宅區,,,1150611,土地1建物1車位1,四層,八層,華廈(10層含以下有電梯),住家用,鋼筋混凝土造,0821120,123.02000000000001,2,2,2,有,有,10560000,85840,坡道平面,0.0,0,陽台外推；,RPPNMLOKPHLGFCB97DA,72.05,1.29,7.05,有,121
西屯區,房地(土地+建物),臺中市西屯區安林路４５之２７號,74.2,都市：其他:農業區,,,1150619,土地1建物1車位0,全,四層,透天厝,住家用,鋼筋混凝土造,0870324,191.4,5,3,3,有,無,14000000,73145,,0.0,0,其他增建；,RPORMLRLPHLGFCB68DA,179.34,0.0,12.06,無,
西屯區,房地(土地+建物),臺中市西屯區華美西街二段４９３巷１９號,123.0,都市：其他:第二種住宅區,,,1150604,土地1建物1車位0,全,一層,透天厝,住家用,磚造,0620530,75.73,2,2,1,有,無,8500000,112241,,0.0,0,,RPQOMLLMPHLGFCB08DA,75.73,0.0,0.0,無,
南屯區,房地(土地+建物),臺中市南屯區楓和路６７６號二樓之１,16.41,都市：其他:第一種商業區,,,1150625,土地3建物1車位0,二層,五層,公寓(5樓含以下無電梯),住家用,鋼筋混凝土造,0701229,52.32,2,2,1,有,無,4500000,86009,,0.0,0,,RPQNMLLJQHLGFCB77DA,48.72,0.0,3.6,無,122
新社區,土地,七分段水井子小段108-2地號,142.5,,鄉村區,乙種建築用地,1150612,土地1建物0車位0,,,其他,,,,0.0,0,0,0,無,無,2586000,18147,,0.0,0,親友、員工、共有人或其他特殊關係間之交易；,RPSNMLMKOHLGFGB38DA,0.0,0.0,0.0,無,123
東勢區,房地(土地+建物),臺中市東勢區上城街３１９號,84.75,都市：其他:住宅區,,,1150627,土地2建物1車位0,全,四層,透天厝,住家用,鋼筋混凝土造,0971105,198.84,4,2,3,有,無,10500000,52806,,0.0,0,,RPQNMLOJQHLGFGB48DA,192.94,0.0,5.9,無,124
新社區,土地,神木段336地號,1483.01,,一般農業區,農牧用地,1150617,土地1建物0車位0,,,其他,,,,0.0,0,0,0,無,無,8000000,5394,,0.0,0,,RPQNMLPJQHLGFGB58DA,0.0,0.0,0.0,無,125
潭子區,房地(土地+建物),臺中市潭子區潭富路二段２５９巷２４號,75.0,都市：其他:農業區,,,1150606,土地1建物1車位0,全,三層,透天厝,住家用,鋼筋混凝土造,0820910,141.1,4,3,3,有,無,13300000,94259,,0.0,0,其他增建；,RPQNMLQKOHLGFHB68DA,135.3,0.0,5.8,無,
大雅區,房地(土地+建物)+車位,臺中市大雅區學府路７６巷２９號五樓之１,19.52,都市：其他:第二種住宅區,,,1150610,土地1建物1車位1,五層,十層,華廈(10層含以下有電梯),住家用,鋼筋混凝土造,0801226,123.43,3,2,2,有,有,8660000,70161,坡道機械,0.0,0,,RPQNMLQLOHLGFHB78DA,74.24,0.0,12.6,有,126
潭子區,房地(土地+建物)+車位,臺中市潭子區中山路一段１４６號十三樓之１,17.99,都市：其他:第一之一種住宅區,,,1150614,土地1建物1車位1,十三層,十五層,住宅大樓(11層含以上有電梯),住家用,鋼筋混凝土造,0821111,155.95,3,2,2,有,有,9400000,60272,坡道機械,0.0,0,陽台外推；,RPPNMLSLOHLGFHB88DA,92.06,1.07,9.01,有,127
潭子區,房地(土地+建物)+車位,臺中市潭子區雅豐街７６巷２９弄７號八樓,23.13,都市：其他:第一之一種住宅區,,,1150616,土地1建物1車位1,八層,十層,華廈(10層含以下有電梯),住家用,鋼筋混凝土造,0850124,132.24,3,2,2,有,有,8300000,62765,坡道機械,0.0,0,,RPRNMLOLPHLGFHB78DA,84.81,2.39,11.06,有,
大雅區,土地,大榮段407地號,70.12,都市：其他:第二種住宅區(註),,,1150624,土地2建物0車位0,,,其他,,,,0.0,0,0,0,無,無,3420000,48774,,0.0,0,親友、員工、共有人或其他特殊關係間之交易；,RPVNMLTLPHLGFHB07DA,0.0,0.0,0.0,無,
烏日區,房地(土地+建物),臺中市烏日區高鐵路二段１５０號十六樓之５,9.87,都市：其他:商業區,,,1150606,土地1建物1車位0,十六層,二十層,住宅大樓(11層含以上有電梯),住家用,鋼筋混凝土造,1110805,76.97,2,2,1,有,有,9000000,116929,,0.0,0,,RPPOMLQKPHLGFIB88DA,45.34,0.0,4.91,有,128
大里區,房地(土地+建物)+車位,臺中市大里區上田街４６之１號十一樓之５,25.93,都市：其他:住宅區,,,1150606,土地1建物1車位1,十一層,十二層,住宅大樓(11層含以上有電梯),住家用,鋼筋混凝土造,1130517,103.1,2,2,1,有,有,12500000,121242,坡道平面,26.2,0,,RPQNMLTLPHLGFIB66DA,46.64,0.0,3.18,有,129
太平區,房地(土地+建物)+車位,臺中市太平區環中東路三段６１２號十樓之３,17.19,都市：其他:住宅區,,,1150601,土地1建物1車位2,十層,十三層,住宅大樓(11層含以上有電梯),住家用,鋼筋混凝土造,1140911,147.07999999999998,2,2,2,有,有,13880000,126105,坡道平面,63.34,3320000,,RPRNMLKLPHLGFJB58DA,52.07,0.0,3.24,有,
太平區,房地(土地+建物)+車位,臺中市太平區環中東路三段６６２號七樓之１,14.09,都市：其他:住宅區,,,1150608,土地1建物1車位1,七層,十四層,住宅大樓(11層含以上有電梯),住家用,鋼筋混凝土造,1120522,99.03999999999999,2,2,1,有,有,9500000,118703,坡道平面,29.96,1300000,,RPTOMLKMPHLGFJB98DA,42.27,0.0,3.72,有,130
豐原區,土地,新水源段934-2地號,90.37,都市：其他:乙種工業區,,,1150604,土地1建物0車位0,,,其他,,,,0.0,0,0,0,無,無,3000000,33197,,0.0,0,親友、員工、共有人或其他特殊關係間之交易；,RPPNMLNJQHLGFDB08EA,0.0,0.0,0.0,無,
西區,房地(土地+建物),臺中市西區五權七街１２３號十三樓之十八,18.71,都市：其他:第二種住宅區,,,1150601,土地1建物1車位0,十三層,十三層,住宅大樓(11層含以上有電梯),住家用,鋼筋混凝土造,0951026,142.82,3,2,2,有,有,15000000,105027,,0.0,0,其他增建；,RPOOMLSJOHLGFAB97DA,92.43,1.94,13.63,有,
東區,房地(土地+建物),臺中市東區德興一街１５５號,73.52,都市：其他:第二種住宅區,,,1150613,土地2建物1車位0,全,四層,透天厝,住商用,鋼筋混凝土造,0880302,191.05,5,2,3,有,無,19980000,104580,,0.0,0,陽台外推；其他增建；,RPPOMLRKPHLGFAB18DA,172.49,0.0,18.56,無,
西區,房地(土地+建物)+車位,臺中市西區五權西路一段１０７號二十九樓,27.75,都市：其他:第一種商業區,,,1150630,土地1建物1車位2,二十九層,三十五層,住宅大樓(11層含以上有電梯),住家用,鋼骨造,1050812,569.5,0,0,0,無,有,115000000,208843,坡道平面,38.0,4000000,,RPSNMLOJQHLGFAB08DA,305.26,0.0,69.64,有,
西區,房地(土地+建物),臺中市西區大業路２號４樓之１３,4.86,都市：其他:第二種住宅區,,,1150616,土地1建物1車位0,四層,十二層,住宅大樓(11層含以上有電梯),住家用,鋼筋混凝土造,0830625,39.79,1,0,1,有,有,4300000,108067,,0.0,0,親友、員工、共有人或其他特殊關係間之交易；,RPTNMLOJQHLGFAB18DA,24.47,0.0,4.44,有,
西區,房地(土地+建物),臺中市西區大業路２５號３樓之２,5.33,都市：其他:第二種住宅區,,,1150616,土地1建物1車位0,三層,十四層,住宅大樓(11層含以上有電梯),住家用,鋼筋混凝土造,0850829,47.92,1,0,1,有,有,5100000,106427,,0.0,0,親友、員工、共有人或其他特殊關係間之交易；,SPTNMLOJQHLGFAB28DA,26.91,0.46,3.89,有,
西區,房地(土地+建物),臺中市西區大業路２５號３樓之３,5.33,都市：其他:第二種住宅區,,,1150616,土地1建物1車位0,三層,十四層,住宅大樓(11層含以上有電梯),住家用,鋼筋混凝土造,0850829,47.92,1,0,1,有,有,5100000,106427,,0.0,0,親友、員工、共有人或其他特殊關係間之交易；,TPTNMLOJQHLGFAB38DA,26.91,0.46,3.89,有,
北屯區,房地(土地+建物)+車位,臺中市北屯區旅順路一段１８５號,19.2,都市：其他:第二種住宅區,,,1150623,土地1建物1車位1,一層，二層，騎樓,八層,華廈(10層含以下有電梯),住商用,鋼筋混凝土造,0820430,131.32999999999998,2,2,2,有,有,12700000,96703,坡道機械,0.0,0,,RPRTMLOLPHLGFBB78DA,96.91,5.72,3.59,有,
北屯區,房地(土地+建物),臺中市北屯區雷中街３２巷３４號,99.0,都市：其他:第二種住宅區,,,1150610,土地1建物1車位0,全,五層,透天厝,住家用,鋼筋混凝土造,1120804,283.49,4,2,5,有,無,36500000,128752,,0.0,0,其他增建:壹樓空地其他增建；,RPWOMLSLPHLGFBB56DA,264.33,0.0,19.16,有,
北區,房地(土地+建物),臺中市北區東光路３４２巷４號１１樓之１６,4.84,都市：其他:第二種住宅區,,,1150624,土地1建物1車位0,十一層,十六層,住宅大樓(11層含以上有電梯),住家用,鋼筋混凝土造,0831214,38.4,1,0,1,有,有,2660000,69271,,0.0,0,,RPUPMLSLPHLGFBB09DA,24.3,0.0,3.42,有,
西屯區,房地(土地+建物)+車位,臺中市西屯區青海路二段４６３號三樓之２,23.78,都市：其他:第二種住宅區,,,1150606,土地1建物1車位1,三層,十五層,住宅大樓(11層含以上有電梯),住家用,鋼筋混凝土造,1141216,170.12,2,2,2,有,有,28500000,167529,坡道平面,29.92,0,,RPSOMLRJPHLGFCB58DA,84.87,0.0,8.32,有,131
南屯區,房地(土地+建物)+車位,臺中市南屯區大墩六街２４３號五樓,23.12,都市：其他:第二種住宅區,,,1150609,土地1建物1車位1,五層,七層,華廈(10層含以下有電梯),住家用,鋼筋混凝土造,0810601,137.48,3,2,2,有,有,12000000,87285,坡道機械,0.0,0,陽台外推；,RPVNMLKKPHLGFCB18DA,100.94,0.0,11.45,有,
南屯區,房地(土地+建物),臺中市南屯區南屯路二段９６０之５６號,72.07,都市：其他:第二種住宅區,,,1150611,土地3建物1車位0,全,四層,透天厝,住家用,鋼筋混凝土造,0890427,230.75,5,2,3,有,有,18000000,78007,,0.0,0,親友、員工、共有人或其他特殊關係間之交易；,RPRQMLKLPHLGFCB18DA,206.87,1.39,4.04,無,
南屯區,土地,三塊厝段1150地號,46.0,都市：其他:第二種住宅區,,,1150626,土地1建物0車位0,,,其他,,,,0.0,0,0,0,無,無,9740000,211739,,0.0,0,,RPSPMLNLPHLGFCB48DA,0.0,0.0,0.0,無,
南屯區,土地,台安段106-2地號,22.38,都市：其他:公墓用地,,,1150623,土地1建物0車位0,,,其他,,,,0.0,0,0,0,無,無,906511,40505,,0.0,0,協議價購；,RPPNMLLMPHLGFCB87DA,0.0,0.0,0.0,無,132
南屯區,土地,台安段106-3地號,5.24,都市：其他:公墓用地,,,1150623,土地1建物0車位0,,,其他,,,,0.0,0,0,0,無,無,212409,40536,,0.0,0,協議價購；,SPPNMLLMPHLGFCB97DA,0.0,0.0,0.0,無,133
南屯區,土地,台安段106-4地號,21.56,都市：其他:公墓用地,,,1150623,土地1建物0車位0,,,其他,,,,0.0,0,0,0,無,無,873167,40499,,0.0,0,協議價購；,TPPNMLLMPHLGFCB08DA,0.0,0.0,0.0,無,134
西屯區,房地(土地+建物)+車位,臺中市西屯區臺灣大道三段７６１號十五樓之１１,5.68,都市：其他:第四之一種商業區,,,1150629,土地1建物1車位1,十五層,三十六層,住宅大樓(11層含以上有電梯),住家用,鋼骨造,1141028,91.84,2,2,1,有,有,11400000,124129,坡道機械,12.14,0,,RPUNMLNJQHLGFCB38DA,46.59,1.53,4.1,有,135
后里區,土地,新中社段139地號,1370.63,,特定農業區,農牧用地,1150629,土地2建物0車位0,,,其他,,,,0.0,0,0,0,無,無,2100000,1532,,0.0,0,,RPQNMLNJQHLGFDB08DA,0.0,0.0,0.0,無,
豐原區,土地,師範段140地號,95.87,都市：其他:第一之二種住宅區,,,1150629,土地2建物0車位0,,,其他,,,,0.0,0,0,0,無,無,3289253,34310,,0.0,0,親友、員工、共有人或其他特殊關係間之交易；未登記建物；,RPUNMLNJQHLGFDB48DA,0.0,0.0,0.0,無,
梧棲區,房地(土地+建物),臺中市梧棲區興農路１６５巷３７號,77.34,都市：其他:第四種住宅區,,,1150616,土地1建物1車位0,全,四層,透天厝,住家用,鋼筋混凝土造,1140609,217.84,4,3,5,有,無,17000000,78039,,0.0,0,其他增建:露台、車庫其他增建；,RPUSMLKKPHLGFFB88DA,200.35,0.0,17.49,有,
石岡區,土地,崁子下段1091地號,706.0,,特定農業區,農牧用地,1150620,土地1建物0車位0,,,其他,,,,0.0,0,0,0,無,無,1050000,1487,,0.0,0,,RPPNMLRLPHLGFGB78DA,0.0,0.0,0.0,無,
潭子區,房地(土地+建物),臺中市潭子區中興路３２巷４８號,96.41,都市：其他:第一之一種住宅區,,,1150607,土地2建物1車位0,全,四層,透天厝,住家用,鋼筋混凝土造,0900117,163.98,5,2,4,有,無,19000000,115868,,0.0,0,其他增建；,RPRNMLTLOHLGFHB56DA,147.29,0.75,15.94,無,136
烏日區,房地(土地+建物),臺中市烏日區中華路３８５巷９弄３號九樓之１,18.84,都市：其他:第三種住宅區。,,,1150602,土地1建物1車位0,九層,十二層,住宅大樓(11層含以上有電梯),住家用,鋼筋混凝土造,0850405,133.96,3,2,2,有,有,7350000,54867,,0.0,0,其他增建；,RPQNMLLMPHLGFIB58DA,82.41,0.0,18.65,有,
太平區,土地,頭汴坑段218-15地號,1644.5,,山坡地保育區,農牧用地,1150610,土地1建物0車位0,,,其他,,,,0.0,0,0,0,無,無,850000,517,,0.0,0,,RPPOMLMLPHLGFJB68DA,0.0,0.0,0.0,無,137
太平區,房地(土地+建物)+車位,臺中市太平區育才路１７１號五樓之３,26.58,都市：其他:住宅區,,,1150607,土地1建物1車位2,五層,十五層,住宅大樓(11層含以上有電梯),住家用,鋼筋混凝土造,1150113,183.07999999999998,3,2,2,有,有,15470000,100496,坡道平面,56.11,2710000,預售屋、或土地及建物分件登記案件；,RPXNMLOLPHLGFJB96DA,76.02,0.0,9.29,有,
太平區,房地(土地+建物)+車位,臺中市太平區立文街２０３號九樓之１,24.91,都市：其他:商業區,,,1150628,土地1建物1車位1,九層,十五層,住宅大樓(11層含以上有電梯),住家用,鋼筋混凝土造,1060930,223.25,4,2,2,有,有,20000000,89586,坡道平面,31.06,0,,RPUNMLOJQHLGFJB56DA,117.81,1.13,12.87,有,138
南區,房地(土地+建物)+車位,臺中市南區復興路二段７１巷３２號八樓之３,13.64,都市：其他:第三種住宅區。,,,1150606,土地1建物1車位1,八層,十四層,住宅大樓(11層含以上有電梯),住家用,鋼筋混凝土造,1140722,117.84,2,2,1,有,有,13100000,111168,坡道平面,33.88,0,,RPPOMLSKOHLGFAB18DA,50.89,0.0,4.66,有,
東區,土地,東勢子段80地號,9.3,都市：其他:住宅區,,,1150617,土地2建物0車位0,,,其他,,,,0.0,0,0,0,無,無,1125320,121002,,0.0,0,包含公共設施保留地用地；,RPUOMLOKPHLGFAB38DA,0.0,0.0,0.0,無,
西區,房地(土地+建物)+車位,臺中市西區館前路６５號二十二樓,30.55,都市：其他:第二之一種商業區,,,1150627,土地1建物1車位2,二十二層,三十五層,住宅大樓(11層含以上有電梯),住家用,鋼骨造、鋼筋混凝土造、鋼骨鋼筋混凝土造,1120928,349.53,0,0,0,無,有,59680000,205836,坡道平面,78.78,3950000,跨所案件，另有基地為北區乾溝子段183-9地號持分420/100000，持分面積約為5.68平方公尺 車位總價無法拆分個別車位價格。毛胚屋；,RPPTMLLLPHLGFAB18DA,163.07,0.0,14.52,有,
西區,房地(土地+建物),臺中市西區民權路２１７巷９號二樓之２,48.62,都市：其他:第二種住宅區,,,1150617,土地1建物1車位0,二層,四層,公寓(5樓含以下無電梯),住家用,鐵筋加強磚,0571128,106.33,4,2,2,有,無,6100000,57369,,0.0,0,,RPXNMLTLPHLGFAB56DA,106.33,0.0,0.0,無,
北屯區,房地(土地+建物)+車位,臺中市北屯區松竹路二段１９２號１５樓,15.53,都市：其他:第二種住宅區,,,1150617,土地2建物1車位1,十五層,十六層,住宅大樓(11層含以上有電梯),住家用,鋼筋混凝土造,0890616,140.03,3,2,2,有,有,11880000,84839,坡道機械,22.5,0,,RPWOMLLJPHLGFBB28DA,77.63,0.0,10.62,有,
北屯區,房地(土地+建物)+車位,臺中市北屯區敦富路６１１號十六樓之９,16.59,都市：其他:第二之一種住宅區,,,1150626,土地1建物1車位1,十六層,十九層,住宅大樓(11層含以上有電梯),住家用,鋼筋混凝土造,1091117,131.74,2,2,2,有,有,16000000,121451,坡道平面,36.2,0,,RPVOMLRJPHLGFBB78DA,57.31,0.96,5.58,有,
北屯區,房地(土地+建物),臺中市北屯區北祥街６號,28.76,都市：其他:第二種住宅區,,,1150629,土地1建物1車位0,一層，騎樓，地下一層，地下二層,七層,華廈(10層含以下有電梯),商業用,鋼筋混凝土造,0810825,171.23000000000002,0,0,0,無,有,7200000,42049,,0.0,0,廁所增建及部分廚房增建其他增建；,RPQOMLKKPHLGFBB67DA,157.21,0.0,0.0,有,
北屯區,房地(土地+建物)+車位,臺中市北屯區敦化路一段５９９號十四樓之１４,15.96,都市：其他:第二種住宅區,,,1150617,土地1建物1車位1,十四層,十六層,住宅大樓(11層含以上有電梯),住家用,鋼筋混凝土造,0830415,159.76999999999998,4,2,2,有,有,12400000,77612,坡道平面,0.0,0,,RPUPMLTLPHLGFBB56DA,99.75,2.57,12.7,有,
北區,房地(土地+建物)+車位,臺中市北區德化街５０７號十三樓之３,45.64,都市：其他:第二種住宅區,,,1150620,土地2建物1車位2,十三層,二十五層,住宅大樓(11層含以上有電梯),住家用,鋼筋混凝土造,1080321,296.95,3,2,2,有,有,38200000,128641,坡道平面,58.32,0,社區名稱:睦森林,RPSNMLOJQHLGFBB18DA,138.36,7.35,14.27,有,
北屯區,房地(土地+建物)+車位,臺中市北屯區后庄路４９號十一樓,35.89,都市：其他:第二種住宅區,,,1150612,土地1建物1車位2,十一層,十三層,住宅大樓(11層含以上有電梯),住家用,鋼筋混凝土造,1050502,213.36,3,2,2,有,有,26260000,123078,坡道平面,56.02,0,,RPRPMLOJQHLGFBB28DA,94.09,4.26,8.53,有,
北區,房地(土地+建物),臺中市北區英才路２９０號６樓之４,21.8,都市：其他:第三種住宅區。,,,1150606,土地1建物1車位0,六層,十二層,住宅大樓(11層含以上有電梯),住家用,鋼筋混凝土造,0741224,168.39000000000001,3,2,2,有,有,11000000,65325,,0.0,0,,RPRNMLPJQHLGFBB18DA,124.33,2.54,12.97,有,
西屯區,房地(土地+建物)+車位,臺中市西屯區朝貴一街５３號,140.99,都市：其他:第一種住宅區,,,1150612,土地3建物1車位1,全,四層,透天厝,住家用,鋼筋混凝土造,0870507,348.63,5,3,3,有,有,33300000,95517,坡道平面,0.0,0,其他增建；,RPTRMLMLOHLGFCB58DA,210.18,0.0,28.26,無,
南屯區,房地(土地+建物)+車位,臺中市南屯區春安三街１９３號十三樓之３,10.83,都市：其他:第五種住宅區,,,1150607,土地1建物1車位1,十三層,十五層,住宅大樓(11層含以上有電梯),住家用,鋼筋混凝土造,1090814,111.97999999999999,2,2,1,有,有,11650000,104036,坡道平面,35.95,0,,RPRRMLMJPHLGFCB28DA,47.68,0.0,3.08,有,
西屯區,房地(土地+建物),臺中市西屯區中清路二段１２５０巷９６弄７號三樓,17.11,都市：其他:第二種住宅區,,,1150619,土地2建物1車位0,三層,七層,華廈(10層含以下有電梯),住家用,鋼筋混凝土造,0820121,97.64,3,2,2,有,無,6970000,71385,,0.0,0,跨所案件，另有基地為：台中市北屯區同榮段2888地號持分面積5.03平方公尺。預售屋、或土地及建物分件登記案件；,RPTOMLKLPHLGFCB18DA,73.45,0.64,7.06,有,
南屯區,房地(土地+建物),臺中市南屯區萬和路二段３２之３號二樓之１,17.84,都市：其他:第二種住宅區,,,1150617,土地1建物1車位0,二層,八層,華廈(10層含以下有電梯),住家用,鋼筋混凝土造,1110829,83.27000000000001,2,2,1,有,有,11000000,132100,,0.0,0,,RPOOMLNLPHLGFCB97DA,52.24,0.0,2.82,有,
西屯區,房地(土地+建物),臺中市西屯區福上巷３１９弄８之７號,5.16,都市：其他:第三之二種住宅區,,,1150622,土地1建物1車位0,二層,五層,公寓(5樓含以下無電梯),住家用,鋼筋混凝土造,0770808,23.310000000000002,1,0,1,有,有,2800000,120120,,0.0,0,,RPVPMLNLPHLGFCB78DA,16.04,0.0,2.9,無,
南屯區,房地(土地+建物)+車位,臺中市南屯區文心南路２２７號二十三樓之６,6.66,都市：其他:第四種商業區,,,1150627,土地1建物1車位1,二十三層,三十一層,住宅大樓(11層含以上有電梯),住家用,鋼骨鋼筋混凝土造、鋼筋混凝土造,1130129,114.19,2,2,1,有,有,14300000,125230,坡道平面,31.62,0,,RPXNMLTLPHLGFCB76DA,45.86,3.33,4.17,有,
西屯區,房地(土地+建物)+車位,臺中市西屯區臺灣大道三段５９０號十七樓之６,34.64,都市：其他:第三種商業區,,,1150616,土地1建物1車位3,十七層,二十七層,住宅大樓(11層含以上有電梯),住家用,鋼筋混凝土造,0991021,495.98,0,0,0,無,有,52000000,104843,坡道平面,53.34,0,毛胚屋；,RPTOMLPJQHLGFCB58DA,263.79,0.71,38.25,有,
梧棲區,房地(土地+建物)+車位,臺中市梧棲區臨港路四段８１６號六樓之２,12.93,都市：其他:第四種商業區,,,1150608,土地1建物1車位1,六層,十五層,住宅大樓(11層含以上有電梯),住家用,鋼筋混凝土造,1150312,153.39,3,2,2,有,有,9820000,75051,坡道平面,35.87,1000000,,RPQOMLKMOHLGFFB18DA,71.9,0.0,7.13,有,
沙鹿區,房地(土地+建物),臺中市沙鹿區東晉二街１９９巷５號,86.28,都市：其他:第二種住宅區,,,1150616,土地2建物1車位0,全,四層,透天厝,住家用,鋼筋混凝土造,1110302,212.42,3,3,3,有,有,19000000,89445,,0.0,0,其他增建；,RPRSMLLLPHLGFFB78DA,193.11,0.0,19.31,無,
梧棲區,房地(土地+建物),臺中市梧棲區興農路１３２號,135.08,都市：其他:第四種住宅區,,,1150602,土地2建物1車位0,全,三層,透天厝,住家用,鋼筋混凝土造,1140613,209.04,4,2,5,有,無,25000000,119594,,0.0,0,,RPRNMLTLPHLGFFB09DA,196.6,0.0,12.44,有,
沙鹿區,房地(土地+建物),臺中市沙鹿區正英八街１９０號,102.47,都市：其他:第二種住宅區,,,1150607,土地2建物1車位0,全,四層,透天厝,住家用,鋼筋混凝土造,1140916,246.09,4,3,5,有,有,30500000,123938,,0.0,0,親友、員工、共有人或其他特殊關係間之交易；,RPUNMLTLPHLGFFB76DA,227.15,0.0,18.94,有,
石岡區,土地,新梅子段308-2地號,511.64,都市：其他:農業區,,,1150603,土地1建物0車位0,,,其他,,,,0.0,0,0,0,無,無,2325000,4544,,0.0,0,,RPPNMLPKPHLGFGB48DA,0.0,0.0,0.0,無,
潭子區,土地,東寶七段1187-7地號,709.7,都市：其他:農業區,,,1150603,土地2建物0車位0,,,其他,,,,0.0,0,0,0,無,無,16420000,23137,,0.0,0,,RPRNMLQKOHLGFHB78DA,0.0,0.0,0.0,無,
潭子區,房地(土地+建物),臺中市潭子區興華一路４２２巷２１號,14.39,都市：其他:第一之二種住宅區,,,1150602,土地1建物1車位0,一層,七層,華廈(10層含以下有電梯),住家用,鋼筋混凝土造,0830519,72.71000000000001,3,2,2,有,有,6500000,89396,,0.0,0,,RPQNMLOJQHLGFHB58DA,48.34,11.72,0.0,有,
烏日區,房地(土地+建物),臺中市烏日區信義街１７４號,52.7,都市：其他:市場用地,,,1150630,土地1建物1車位0,全,三層,透天厝,住家用,鋼筋混凝土造,0810119,164.76,4,1,2,有,無,16000000,97111,,0.0,0,親友、員工、共有人或其他特殊關係間之交易；,RPPNMLKMOHLGFIB28DA,150.76,0.0,14.0,無,
烏日區,房地(土地+建物),臺中市烏日區高鐵路二段１４２號九樓之１１,9.87,都市：其他:商業區,,,1150603,土地1建物1車位0,九層,二十層,住宅大樓(11層含以上有電梯),住家用,鋼筋混凝土造,1110805,76.52,2,2,1,有,有,8500000,111082,,0.0,0,,RPXNMLSJPHLGFIB07DA,45.28,0.0,4.52,有,
霧峰區,土地,農試所段1175-2地號,10.97,,特定農業區,交通用地,1150626,土地1建物0車位0,,,其他,,,,0.0,0,0,0,無,無,209198,19070,,0.0,0,政府機關標讓售；,RPQNMLQJQHLGFIB88DA,0.0,0.0,0.0,無,
太平區,房地(土地+建物)+車位,臺中市太平區環中東路四段３號十三樓之５,16.86,都市：其他:住宅區,,,1150628,土地1建物1車位1,十三層,十五層,住宅大樓(11層含以上有電梯),住家用,鋼筋混凝土造,1130801,120.02,2,2,1,有,有,11000000,91651,坡道平面,25.64,0,,RPROMLOJQHLGFJB98DA,55.49,0.0,7.02,有,
東區,房地(土地+建物),臺中市東區復興路４段２０巷２號,52.03,都市：其他:第二種商業區,,,1150528,土地2建物1車位0,全,二層,透天厝,住家用,見其他登記事項,,69.01,3,2,3,有,無,11500000,166643,,0.0,0,其他增建；,RPQOMLLJPHLGFAB57DA,47.52,21.49,0.0,無,
北屯區,房地(土地+建物)+車位,臺中市北屯區北屯路３８６號十五樓之２,44.79,都市：其他:第三種住宅區。,,,1150527,土地2建物1車位2,十五層,二十四層,住宅大樓(11層含以上有電梯),住家用,鋼筋混凝土造,1051215,269.24,4,2,2,有,有,27000000,100282,坡道平面,66.08,0,,RPVNMLPJOHLGFBB38DA,124.23,4.28,9.51,有,139
南屯區,房地(土地+建物)+車位,臺中市南屯區大墩五街８４號三樓,19.47,都市：其他:第二種住宅區,,,1150520,土地1建物1車位1,三層,九層,華廈(10層含以下有電梯),住家用,鋼筋混凝土造,0841116,135.7,4,2,2,有,有,11200000,82535,坡道機械,0.0,0,其他增建；,RPSQMLLLPHLGFCB38DA,72.03,13.32,12.55,有,
南區,房地(土地+建物),臺中市南區學府路１４６巷１５號１０樓之１４,3.21,都市：其他:第二種住宅區,,,1150526,土地4建物1車位0,十層,二十一層,住宅大樓(11層含以上有電梯),住家用,鋼筋混凝土造,0850627,33.87,0,1,1,有,有,2310000,68202,,0.0,0,其他增建；,RPWOMLTLNHLGFAB98DA,18.47,0.0,4.49,有,
北屯區,房地(土地+建物)+車位,臺中市北屯區軍福十三路１０６號十樓之３,20.92,都市：其他:第三種住宅區。,,,1150515,土地1建物1車位1,十層,十二層,住宅大樓(11層含以上有電梯),住家用,鋼筋混凝土造,1130815,162.43,3,2,2,有,有,15350000,94502,坡道平面,35.86,0,,RPPNMLPJOHLGFBB77DA,75.16,0.0,9.03,有,140
北區,房地(土地+建物)+車位,臺中市北區三民路三段３２９號七樓之２,13.62,都市：其他:第二種住宅區,,,1150511,土地2建物1車位1,七層,十八層,住宅大樓(11層含以上有電梯),住家用,鋼筋混凝土造,1130718,98.22,1,1,1,有,有,8200000,83486,坡道機械,11.73,0,親友、員工、共有人或其他特殊關係間之交易；,RPWOMLSJOHLGFBB88DA,49.09,0.0,7.11,有,141
北屯區,房地(土地+建物),臺中市北屯區北屯路４２８號１２樓之１０,11.99,都市：其他:第三種住宅區。,,,1150531,土地1建物1車位0,十二層,十七層,住宅大樓(11層含以上有電梯),住家用,鋼筋混凝土造,0831108,134.26999999999998,2,2,1,有,有,8600000,64050,,0.0,0,其他增建:主臥窗戶外推其他增建；,RPPPMLRKOHLGFBB28DA,78.85,12.32,12.18,有,
北屯區,房地(土地+建物)+車位,臺中市北屯區旅順路一段１７１號３樓,20.32,都市：其他:第二種住宅區,,,1150530,土地1建物1車位1,三層,八層,華廈(10層含以下有電梯),住家用,鋼筋混凝土造,0830205,125.23,3,2,2,有,有,8680000,69312,升降機械,0.0,0,陽台外推；,RPRNMLMJPHLGFBB77DA,85.9,1.87,8.9,有,142
西屯區,房地(土地+建物),臺中市西屯區至善路８２巷１６號六樓之２,9.0,都市：其他:第三之二種住宅區,,,1150525,土地1建物1車位0,六層,十六層,住宅大樓(11層含以上有電梯),住家用,鋼筋混凝土造,0830628,91.73,2,2,1,有,有,8400000,91573,,0.0,0,,RPUOMLRKOHLGFCB78DA,67.99,0.0,8.77,有,143
西屯區,房地(土地+建物)+車位,臺中市西屯區青海南街３３號十樓之１６,9.0,都市：其他:第三種商業區,,,1150531,土地1建物1車位1,十層,十五層,住宅大樓(11層含以上有電梯),住家用,鋼筋混凝土造,1071126,90.28999999999999,2,1,1,有,有,11100000,122937,坡道機械,19.38,0,,RPWSMLLJPHLGFCB78DA,43.28,1.02,2.32,有,144
西屯區,房地(土地+建物),臺中市西屯區西屯路二段華園巷１號,46.24,都市：其他:第二種住宅區,,,1150508,土地1建物1車位0,一層，二層，騎樓,五層,公寓(5樓含以下無電梯),住商用,鋼筋混凝土造,0690307,115.63,2,2,2,有,無,8200000,70916,,0.0,0,,RPURMLRLPHLGFCB66DA,115.63,0.0,0.0,無,
神岡區,土地,三角東段1007地號,176.56,都市：其他:農業區,,,1150524,土地2建物0車位0,,,其他,,,,0.0,0,0,0,無,無,10000000,56638,,0.0,0,未登記建物；,RPROMLPKOHLGFDB38DA,0.0,0.0,0.0,無,145
豐原區,房地(土地+建物),臺中市豐原區直興街１９３號四樓之４,17.08,都市：其他:第三種住宅區。,,,1150503,土地1建物1車位0,四層,八層,華廈(10層含以下有電梯),住家用,鋼筋混凝土造,0850905,108.06,2,2,2,有,有,6400000,59226,,0.0,0,,RPSNMLTLPHLGFDB98DA,67.57,3.44,10.83,有,146
東勢區,土地,中山段466地號,163.0,都市：其他:道路用地,,,1150510,土地2建物0車位0,,,其他,,,,0.0,0,0,0,無,無,5200000,31902,,0.0,0,,RPQNMLKMPHLGFGB28DA,0.0,0.0,0.0,無,
潭子區,土地,潭興段708地號,358.69,都市：其他:農業區,,,1150504,土地4建物0車位0,,,其他,,,,0.0,0,0,0,無,無,19800000,55201,,0.0,0,,RPPNMLLLNHLGFHB08DA,0.0,0.0,0.0,無,147
烏日區,房地(土地+建物)+車位,臺中市烏日區三榮北路１２８號八樓之１,38.73,都市：其他:第二種住宅區,,,1150509,土地1建物1車位1,八層,十三層,住宅大樓(11層含以上有電梯),住家用,鋼筋混凝土造,1100913,156.88,3,2,2,有,有,15500000,98802,坡道平面,37.97,0,,RPPNMLMLOHLGFIB38DA,74.61,0.0,9.81,有,148
太平區,土地,頭汴坑段1447地號,17981.0,,山坡地保育區,農牧用地,1150525,土地1建物0車位0,,,其他,,,,0.0,0,0,0,無,無,6000000,334,,0.0,0,農作物；,RPUPMLPLNHLGFJB76DA,0.0,0.0,0.0,無,
太平區,房地(土地+建物)+車位,臺中市太平區環中東路三段３７７號五樓之２,16.15,都市：其他:住宅區,,,1150505,土地1建物1車位1,五層,十五層,住宅大樓(11層含以上有電梯),住家用,鋼筋混凝土造,1121104,119.9,2,1,1,有,有,10550000,87990,坡道平面,29.63,0,,RPQNMLRJPHLGFJB98DA,53.15,0.0,5.92,有,149
東勢區,土地,石圍墻二段872地號,99.34,都市：其他:保護區,,,1150526,土地1建物0車位0,,,其他,,,,0.0,0,0,0,無,無,196000,1973,,0.0,0,地清或未辦繼承標售；,RPQNMLOLOHLGFGB58EA,0.0,0.0,0.0,無,
東區,房地(土地+建物)+車位,臺中市東區福昌街２９號八樓之３,23.71,都市：其他:第二種住宅區,,,1150527,土地1建物1車位1,八層,十五層,住宅大樓(11層含以上有電梯),住家用,鋼筋混凝土造,1120810,155.22,3,2,2,有,有,16250000,104690,坡道平面,30.28,0,,RPQOMLRKOHLGFAB18DA,74.69,0.0,10.27,有,150
北屯區,房地(土地+建物)+車位,臺中市北屯區詔安街８８號十樓之２２,20.71,都市：其他:第二之一種住宅區,,,1150531,土地1建物1車位1,十層,十五層,住宅大樓(11層含以上有電梯),住家用,鋼筋混凝土造,1131228,127.94,2,2,2,有,有,17300000,135220,坡道平面,29.43,0,,RPPNMLQKOHLGFBB97DA,59.85,0.0,3.26,有,151
北屯區,房地(土地+建物),臺中市北屯區景和東街５０號,116.87,都市：其他:第一種住宅區,,,1150505,土地2建物1車位0,全,四層,透天厝,住家用,鋼筋混凝土造,1001201,287.38,6,2,4,有,無,35700000,124226,,0.0,0,陽台外推；頂樓加蓋；其他增建；,RPUPMLNLPHLGFBB58DA,246.99,4.22,30.17,無,
西屯區,房地(土地+建物),臺中市西屯區西屯路二段２６９之１６號,99.0,都市：其他:第三之二種住宅區,,,1150511,土地2建物1車位0,全,三層,透天厝,其他,筋加強磚,0610103,193.6,14,1,15,有,無,28350000,146436,,0.0,0,其他增建；,RPUNMLOKPHLGFCB48DA,189.6,0.0,4.0,無,152
西屯區,房地(土地+建物)+車位,臺中市西屯區西屯路三段１６６之９８號四樓之１,19.75,都市：其他:第六種住宅區,,,1150531,土地1建物1車位1,四層,二十五層,住宅大樓(11層含以上有電梯),住家用,鋼筋混凝土造,1041008,197.12,3,2,2,有,有,23150000,117441,坡道平面,26.98,0,,RPQOMLNLPHLGFCB18DA,97.78,8.7,9.33,有,
南屯區,房地(土地+建物)+車位,臺中市南屯區大英街４６６號,21.24,都市：其他:第二之一種商業區,,,1150511,土地2建物1車位1,一層，二層，騎樓,八層,華廈(10層含以下有電梯),住商用,鋼筋混凝土造,0820823,137.15,1,2,2,有,有,14000000,102078,坡道機械,0.0,0,,RPPNMLKMPHLGFCB77DA,99.66,6.21,0.0,有,
大雅區,房地(土地+建物),臺中市大雅區民生路四段１３９巷６弄５號三樓之１,14.84,都市：其他:第一種住宅區,,,1150514,土地1建物1車位0,三層,五層,華廈(10層含以下有電梯),住家用,鋼筋混凝土造,0821111,79.87,2,2,2,有,有,5730000,71742,,0.0,0,,RPUNMLOJOHLGFHB78DA,59.61,0.0,4.72,有,153
大雅區,房地(土地+建物),臺中市大雅區前村路４４巷１６號,22.43,都市：其他:第一種住宅區,,,1150521,土地1建物1車位0,一層，二層，騎樓,七層,華廈(10層含以下有電梯),住商用,鋼筋混凝土造,0830114,100.77000000000001,3,2,2,有,有,7580000,75221,,0.0,0,,RPWNMLLJPHLGFHB78DA,70.45,0.0,0.0,有,154
烏日區,房地(土地+建物)+車位,臺中市烏日區高鐵二路２５１號,37.46,都市：其他:商業區,,,1150520,土地1建物1車位1,一層，見其他登記事項,二十層,住宅大樓(11層含以上有電梯),商業用,鋼筋混凝土造,1110805,145.99,0,0,0,無,有,23600000,161655,坡道平面,24.76,0,夾層；,RPOOMLSLPHLGFIB09DA,85.96,0.0,0.0,有,155
太平區,土地,新興段87地號,193.06,都市：其他:住宅區,,,1150530,土地1建物0車位0,,,其他,,,,0.0,0,0,0,無,無,30000000,155392,,0.0,0,,RPPNMLTLPHLGFJB66DA,0.0,0.0,0.0,無,
東區,房地(土地+建物),臺中市東區十甲路１３巷２７號,62.0,都市：其他:第二種住宅區,,,1150515,土地1建物1車位0,全,五層,透天厝,住家用,鋼筋混凝土造,0971027,197.7,3,3,3,有,無,19000000,96105,,0.0,0,,RPQNMLOLPHLGFAB08EA,156.79,5.41,35.5,無,
南區,房地(土地+建物),臺中市南區永和街２０６巷５號,47.0,都市：其他:第一種商業區,,,1150504,土地1建物1車位0,全,二層,透天厝,住家用,鐵筋加強磚,0610923,74.37,2,2,2,有,無,8200000,110260,,0.0,0,,RPUNMLMJOHLGFAB87DA,74.37,0.0,0.0,無,
北屯區,房地(土地+建物),臺中市北屯區敦化路一段５７５號四樓之２,25.22,都市：其他:第三種住宅區。,,,1150519,土地1建物1車位0,四層,十六層,住宅大樓(11層含以上有電梯),住家用,鋼筋混凝土造,0810109,220.29,4,2,2,有,有,11500000,52204,,0.0,0,,RPSOMLMLPHLGFBB18DA,150.28,0.0,15.89,有,
北區,房地(土地+建物),臺中市北區北平四街５號七樓之６,8.56,都市：其他:第二種商業區,,,1150513,土地1建物1車位0,七層,十五層,住宅大樓(11層含以上有電梯),住家用,鋼筋混凝土造,1071130,61.59,1,1,1,有,有,8060000,130865,,0.0,0,,RPTTMLMLPHLGFBB78DA,35.13,2.08,2.21,有,156
北屯區,土地,和平段304-1地號,326.7,都市：其他:第一種住宅區,,,1150531,土地1建物0車位0,,,其他,,,,0.0,0,0,0,無,無,50628928,154971,,0.0,0,,RPPNMLLMPHLGFBB77DA,0.0,0.0,0.0,無,157
西屯區,房地(土地+建物)+車位,臺中市西屯區福祥街１１號四樓之１,37.44,都市：其他:第一種住宅區,,,1150503,土地1建物1車位2,四層,十四層,住宅大樓(11層含以上有電梯),住家用,鋼筋混凝土造,0850805,263.26,4,2,2,有,有,25000000,94963,坡道平面,0.0,0,,RPVNMLNKNHLGFCB28DA,151.86,0.0,18.15,有,
南屯區,房地(土地+建物)+車位,臺中市南屯區永春東三路３９７號九樓之５,24.95,都市：其他:第二種住宅區,,,1150527,土地1建物1車位1,九層,十四層,住宅大樓(11層含以上有電梯),住家用,鋼筋混凝土造,1141229,188.06,3,2,2,有,有,31280000,185116,坡道平面,32.59,2500000,,RPUOMLOKPHLGFCB58DA,91.66,0.0,12.48,有,
外埔區,房地(土地+建物),臺中市外埔區中山路２５８巷１７號三樓之１,42.72,都市：其他:第一種住宅區,,,1150511,土地1建物1車位0,三層,六層,華廈(10層含以下有電梯),住家用,鋼筋混凝土造,1141215,124.5,3,2,2,有,有,7050000,56627,,0.0,0,土地成交價282萬元.房屋成交價423萬元,RPPOMLNJQHLGFEB18DA,76.38,0.0,9.32,有,
潭子區,房地(土地+建物)+車位,臺中市潭子區中山路一段１５巷６號六樓之６,9.18,都市：其他:第一之一種住宅區,,,1150524,土地1建物1車位1,六層,十四層,住宅大樓(11層含以上有電梯),住家用,鋼筋混凝土造,0970225,96.16,2,2,1,有,有,8560000,89018,坡道機械,12.98,0,,RPTNMLMLOHLGFHB68DA,47.02,0.0,13.42,有,158
太平區,房地(土地+建物)+車位,臺中市太平區新安街３０之７號十五樓,27.2,都市：其他:住宅區,,,1150523,土地1建物1車位2,十五層,十八層,住宅大樓(11層含以上有電梯),住家用,鋼筋混凝土造,1090407,179.03,2,2,2,有,有,15000000,83785,坡道平面,51.09,0,,RPXNMLKMOHLGFJB56DA,79.39,0.0,6.38,有,159
西屯區,房地(土地+建物)+車位,臺中市西屯區臺灣大道三段５９０號十八樓之５,21.49,都市：其他:第三種商業區,,,1150523,土地1建物1車位2,十八層,二十八層,住宅大樓(11層含以上有電梯),住家用,鋼筋混凝土造,0991021,307.61,3,2,3,有,有,39000000,140828,坡道平面,56.24,3600000,陽台外推；,RPSNMLLMPHLGFCB28EA,145.42,0.53,25.99,有,
太平區,房地(土地+建物)+車位,臺中市太平區立文街１５５號四樓之５,16.4,都市：其他:商業區,,,1150531,土地1建物1車位1,四層,十五層,住宅大樓(11層含以上有電梯),住家用,鋼筋混凝土造,1060330,170.89,3,2,2,有,有,15800000,101548,坡道平面,28.1,1300000,,RPPNMLTLPHLGFJB76EA,85.14,2.08,9.17,有,160
西區,房地(土地+建物),臺中市西區明義街８１號,127.0,都市：其他:第二種商業區,,,1150520,土地1建物1車位0,全,五層,透天厝,住商用,鋼筋混凝土造,0960523,511.7,9,2,10,有,無,55200000,107876,,0.0,0,其他增建；,RPSNMLSJPHLGFAB38DA,472.14,0.0,39.56,有,
東區,土地,旱溪段124-152地號,462.0,都市：其他:第一種住宅區,,,1150502,土地8建物0車位0,,,其他,,,,0.0,0,0,0,無,無,21050000,45563,,0.0,0,,RPRTMLLLPHLGFAB38DA,0.0,0.0,0.0,無,
東區,房地(土地+建物),臺中市東區十甲東路２３５巷１３號,248.0,都市：其他:第一之一種住宅區,,,1150502,土地1建物1車位0,全,二層,透天厝,住家用,見其他登記事項,0620701,164.64,4,3,2,有,無,17950000,109026,,0.0,0,頂樓加蓋；夾層；其他增建；,SPRTMLLLPHLGFAB48DA,164.64,0.0,0.0,無,
東區,土地,東勢子段68-7地號,52.11,都市：其他:道路用地,,,1150511,土地5建物0車位0,,,其他,,,,0.0,0,0,0,無,無,6305593,121005,,0.0,0,包含公共設施保留地用地；,RPUOMLMLPHLGFAB28DA,0.0,0.0,0.0,無,
東區,房地(土地+建物),臺中市東區進化路２７６號１３樓之６,19.88,都市：其他:第二種住宅區,,,1150514,土地1建物1車位0,十三層,十六層,住宅大樓(11層含以上有電梯),住家用,鋼筋混凝土造,0880518,135.71,3,2,2,有,有,10280000,75750,,0.0,0,,RPSNMLLMPHLGFAB97DA,79.57,0.0,8.21,有,
東區,房地(土地+建物),臺中市東區信義街５７號,413.63,都市：其他:第二種住宅區,,,1150521,土地2建物1車位0,全,二層,透天厝,其他,ＲＣ加強磚造,0591224,432.11,3,3,2,有,無,66000000,152739,,0.0,0,頂樓加蓋；其他增建；,RPTNMLLMPHLGFAB08DA,432.11,0.0,0.0,無,
東區,土地,大公段157地號,34.57,都市：其他:道路用地,,,1150521,土地5建物0車位0,,,其他,,,,0.0,0,0,0,無,無,680000,19670,,0.0,0,包含公共設施保留地用地；,RPVNMLLMPHLGFAB28DA,0.0,0.0,0.0,無,
東區,土地,東勢子段71-4地號,22.17,都市：其他:住宅區,,,1150511,土地1建物0車位0,,,其他,,,,0.0,0,0,0,無,無,2682797,121010,,0.0,0,,RPRNMLNKQHLGFAB97DA,0.0,0.0,0.0,無,
北屯區,房地(土地+建物)+車位,臺中市北屯區敦富一街１６８號六樓之２,15.62,都市：其他:第二之一種住宅區,,,1150524,土地1建物1車位1,六層,十二層,住宅大樓(11層含以上有電梯),住家用,鋼筋混凝土造,1130527,104.24,2,2,1,有,有,12680000,121642,坡道平面,29.33,0,,RPUOMLKKPHLGFBB08DA,44.72,0.0,4.86,有,161
北區,房地(土地+建物),臺中市北區柳川東路四段１３號７樓之２３,1.64,都市：其他:第二種住宅區,,,1150525,土地2建物1車位0,七層,七層,華廈(10層含以下有電梯),住家用,鋼筋混凝土造,0741024,39.47,1,1,1,有,有,1768000,44794,,0.0,0,,RPRSMLOLPHLGFBB68DA,34.57,0.0,4.9,有,
北區,房地(土地+建物),臺中市北區柳川東路四段１３號７樓之２２,1.64,都市：其他:第二種住宅區,,,1150525,土地2建物1車位0,七層,七層,華廈(10層含以下有電梯),住家用,鋼筋混凝土造,0741024,39.47,1,1,1,有,有,1768000,44794,,0.0,0,,RPTSMLOLPHLGFBB88DA,34.57,0.0,4.9,有,
北區,房地(土地+建物),臺中市北區柳川東路四段１３號７樓之２４,1.64,都市：其他:第二種住宅區,,,1150525,土地2建物1車位0,七層,七層,華廈(10層含以下有電梯),住家用,鋼筋混凝土造,0741024,38.66,1,1,1,有,有,1768000,45732,,0.0,0,,RPUSMLOLPHLGFBB98DA,33.69,0.0,4.97,有,
北區,房地(土地+建物),臺中市北區柳川東路四段１３號７樓之１,1.64,都市：其他:第二種住宅區,,,1150525,土地2建物1車位0,七層,七層,華廈(10層含以下有電梯),住家用,鋼筋混凝土造,0741024,36.53,1,1,1,有,有,1768000,48399,,0.0,0,,RPVSMLOLPHLGFBB09DA,33.69,0.0,2.84,有,
北區,房地(土地+建物),臺中市北區柳川東路四段１３號７樓之２,1.64,都市：其他:第二種住宅區,,,1150525,土地2建物1車位0,七層,七層,華廈(10層含以下有電梯),住家用,鋼筋混凝土造,0741024,37.42,1,1,1,有,有,1768000,47247,,0.0,0,,RPWSMLOLPHLGFBB56DA,34.57,0.0,2.85,有,
北區,房地(土地+建物)+車位,臺中市北區文昌東一街１０號６樓之３,18.91,都市：其他:第二種住宅區,,,1150514,土地1建物1車位1,六層,八層,華廈(10層含以下有電梯),住家用,鋼筋混凝土造,0840608,123.41,3,2,2,有,有,8500000,68876,坡道機械,0.0,0,親友、員工、共有人或其他特殊關係間之交易；,RPUNMLKMPHLGFBB18DA,76.02,1.73,11.48,有,162
西屯區,房地(土地+建物),臺中市西屯區大墩十八街１８３號四樓之５,13.55,都市：其他:第二種住宅區,,,1150517,土地1建物1車位0,四層,二十一層,住宅大樓(11層含以上有電梯),住家用,鋼筋混凝土造,0861121,154.62,4,2,2,有,有,13000000,84077,,0.0,0,,RPOPMLKMPHLGFCB87DA,91.43,2.3,16.16,有,163
大甲區,房地(土地+建物),臺中市大甲區育德路１９７號,110.0,都市：其他:住宅區,,,1150528,土地2建物1車位0,全,四層,透天厝,住商用,構架造,0690702,214.8,6,1,4,有,無,18000000,83799,,0.0,0,親友、員工、共有人或其他特殊關係間之交易；未登記建物；,RPQNMLOJQHLGFEB28DA,214.8,0.0,0.0,有,
烏日區,土地,自立段982地號,18.18,都市：其他:第三種住宅區。,,,1150520,土地4建物0車位0,,,其他,,,,0.0,0,0,0,無,無,1099800,60495,,0.0,0,土地法34-1條處分,RPTOMLTJPHLGFIB86DA,0.0,0.0,0.0,無,
烏日區,土地,自立段998-2地號,10.84,都市：其他:園道用地,,,1150520,土地1建物0車位0,,,其他,,,,0.0,0,0,0,無,無,327700,30231,,0.0,0,土地法34-1條處分包含公共設施保留地用地；,RPUOMLTJPHLGFIB96DA,0.0,0.0,0.0,無,164
西區,房地(土地+建物),臺中市西區五廊街８巷３號,170.0,都市：其他:第二種住宅區,,,1150524,土地1建物1車位0,全,二層,透天厝,住家用,加強磚造,0640816,224.47,5,3,4,有,無,36500000,162605,,0.0,0,閣樓儲藏室頂樓加蓋；其他增建；,RPPOMLRLPHLGFAB28DA,224.47,0.0,0.0,無,
北屯區,房地(土地+建物)+車位,臺中市北屯區敦富一街１６２號十樓之２,15.62,都市：其他:第二之一種住宅區,,,1150503,土地1建物1車位1,十層,十二層,住宅大樓(11層含以上有電梯),住家用,鋼筋混凝土造,1130527,104.24,2,2,1,有,有,13500000,129509,坡道平面,29.33,0,,RPVOMLPLOHLGFBB68DA,44.72,0.0,4.86,有,165
北屯區,房地(土地+建物),臺中市北屯區崇德六路一段１８６巷３０號九樓,17.64,都市：其他:第二種住宅區,,,1150515,土地1建物1車位0,九層,十一層,住宅大樓(11層含以上有電梯),住家用,鋼筋混凝土造,0841229,102.64,3,2,2,有,有,8500000,82814,,0.0,0,陽台外推；其他增建；,RPTOMLTJPHLGFBB78DA,70.86,0.72,11.68,有,166
南屯區,房地(土地+建物)+車位,臺中市南屯區大墩七街９２號三樓之１,10.02,都市：其他:第二種住宅區,,,1150527,土地1建物1車位1,三層,十四層,住宅大樓(11層含以上有電梯),住家用,鋼筋混凝土造,0860718,99.05000000000001,2,1,2,有,有,9000000,90863,坡道機械,0.0,0,,RPXPMLRLNHLGFCB56DA,59.85,1.51,8.9,有,167
南屯區,房地(土地+建物)+車位,臺中市南屯區三和街１６６號六樓之８,11.01,都市：其他:第五種住宅區,,,1150518,土地1建物1車位1,六層,十五層,住宅大樓(11層含以上有電梯),住家用,鋼筋混凝土造,1121109,104.44,2,2,2,有,有,15000000,143623,坡道平面,23.7,0,,RPVQMLTJPHLGFCB66DA,49.9,0.0,3.94,有,168
西屯區,房地(土地+建物)+車位,臺中市西屯區惠中路１４８巷９８號六樓之１,24.28,都市：其他:第三之二種住宅區,,,1150510,土地1建物1車位2,六層,二十七層,住宅大樓(11層含以上有電梯),住家用,鋼筋混凝土造,1140331,217.01999999999998,3,2,2,有,有,37800000,174177,坡道平面,63.64,0,,RPWOMLRKPHLGFCB09DA,86.88,0.0,12.81,有,169
南屯區,房地(土地+建物)+車位,臺中市南屯區精科七路１３號二樓等公共設施,1223.67,都市：其他:乙種工業區,,,1150512,土地1建物4車位18,全,四層,透天厝,工業用,鋼筋混凝土造,1010405,3060.87,0,0,0,無,無,246500000,80533,一樓平面,0.0,0,,RPQOMLSLPHLGFCB68DA,1847.56,0.0,27.42,有,
西屯區,房地(土地+建物),臺中市西屯區西屯路三段宏安巷１１弄１０號,165.66,都市：其他:第一種住宅區,,,1150520,土地1建物1車位0,全,二層,透天厝,住家用,鋼筋混凝土造,0730630,157.17,4,2,4,有,有,37330000,237514,,0.0,0,其他增建；,RPOPMLSLPHLGFCB58DA,148.71,4.23,4.23,無,
西屯區,房地(土地+建物),臺中市西屯區上石路３８巷８號,76.0,都市：其他:第二種住宅區,,,1150528,土地1建物1車位0,全,二層,透天厝,住家用,鐵筋加強磚造,0610601,89.25,3,2,2,有,無,13520000,151485,,0.0,0,其他增建；,RPROMLLMPHLGFCB18DA,89.25,0.0,0.0,無,
西屯區,房地(土地+建物)+車位,臺中市西屯區市政路１９號十一樓之２,5.92,都市：其他:第四之一種商業區,,,1150530,土地1建物1車位1,十一層,三十一層,住宅大樓(11層含以上有電梯),住家用,鋼骨鋼筋混凝土造、鋼筋混凝土造,1140618,102.6,2,2,1,有,有,14580000,142105,坡道機械,13.02,0,,RPSNMLNJQHLGFCB18DA,52.25,0.0,6.21,有,170
西屯區,房地(土地+建物),臺中市西屯區福科路３７７巷３號二十一樓之５,43.15,都市：其他:第一之一種住宅區,,,1150508,土地2建物1車位0,二十一層,二十四層,住宅大樓(11層含以上有電梯),住家用,鋼筋混凝土造,1130911,174.65,3,2,2,有,有,39190000,224392,,0.0,0,,RPPOMLNJQHLGFCB97DA,103.26,0.0,11.16,有,
太平區,房地(土地+建物)+車位,臺中市太平區育才路１７９號三樓之１,19.14,都市：其他:住宅區,,,1150525,土地1建物1車位1,三層,十五層,住宅大樓(11層含以上有電梯),住家用,鋼筋混凝土造,1150113,125.02000000000001,2,2,2,有,有,12200000,97584,坡道平面,28.22,0,,RPSOMLSLPHLGFJB96DA,56.68,0.0,7.06,有,171
太平區,房地(土地+建物)+車位,臺中市太平區旱溪西路二段１９０巷１０號七樓之２,27.23,都市：其他:住宅區,,,1150510,土地1建物1車位1,七層,十四層,住宅大樓(11層含以上有電梯),住家用,鋼筋混凝土造,1130320,149.26999999999998,3,2,2,有,有,14800000,99149,坡道平面,25.78,0,,RPQNMLNJQHLGFJB68DA,75.56,0.0,7.11,有,172
太平區,房地(土地+建物)+車位,臺中市太平區育才路１７３號七樓之３,32.96,都市：其他:住宅區,,,1150528,土地1建物1車位2,七層,十五層,住宅大樓(11層含以上有電梯),住家用,鋼筋混凝土造,1150113,215.6,4,2,2,有,有,20530000,104876,坡道平面,56.46,3840000,預售屋、或土地及建物分件登記案件；,RPRNMLQJQHLGFJB09DA,98.88,0.0,10.0,有,
太平區,房地(土地+建物)+車位,臺中市太平區育才路１６９號十樓之３,21.27,都市：其他:住宅區,,,1150528,土地1建物1車位1,十層,十五層,住宅大樓(11層含以上有電梯),住家用,鋼筋混凝土造,1150113,127.39,2,2,2,有,有,11980000,101552,坡道平面,26.85,1770000,預售屋、或土地及建物分件登記案件；,RPSNMLQJQHLGFJB56DA,61.3,0.0,6.53,有,
東區,房地(土地+建物),臺中市東區東光園路１００巷５３弄４號,58.0,都市：其他:第七種住宅區,,,1150529,土地1建物1車位0,全,二層,透天厝,住工用,加強磚造,0641224,81.0,4,2,2,有,無,8650000,106790,,0.0,0,其他增建；,RPUNMLKMOHLGFAB97DA,81.0,0.0,0.0,無,
東區,房地(土地+建物),臺中市東區建新街４１號,109.57,都市：其他:第三種住宅區。,,,1150531,土地1建物1車位0,全,五層,透天厝,住家用,鋼筋混凝土造,1121207,372.71,22,0,22,有,無,42580000,114244,,0.0,0,本約買賣標的總價款新台幣肆仟貳佰伍拾捌萬元整建物23419000元整、土地19161000元整陽台外推；頂樓加蓋；其他增建；,RPVOMLOJQHLGFAB48DA,332.48,0.0,40.23,有,
北區,房地(土地+建物),臺中市北區日盛街６１號三樓之１,20.44,都市：其他:第二種住宅區,,,1150524,土地2建物2車位0,三層,五層,華廈(10層含以下有電梯),住家用,鋼筋混凝土造,0780830,76.86,1,1,1,有,有,4000000,52043,,0.0,0,其他增建；,RPOPMLOKPHLGFBB97DA,57.1,0.0,4.34,有,
北屯區,房地(土地+建物),臺中市北屯區崇德二路一段２２２巷３號,83.0,都市：其他:第二種住宅區,,,1150527,土地1建物1車位0,全,二層,透天厝,住商用,加強磚造,0690709,112.92,5,2,3,有,無,13500000,119554,,0.0,0,頂樓加蓋；其他增建；,RPUOMLSLPHLGFBB98DA,112.92,0.0,0.0,無,
北區,房地(土地+建物),臺中市北區錦南街４０之１號９樓,26.65,都市：其他:第二種住宅區,,,1150509,土地9建物1車位0,九層,十層,華廈(10層含以下有電梯),住家用,鋼筋混凝土造,0740323,107.12,3,2,2,有,有,8900000,83084,,0.0,0,親友、員工、共有人或其他特殊關係間之交易；,RPPOMLOJQHLGFBB97DA,93.01,2.47,11.64,有,
西屯區,房地(土地+建物)+車位,臺中市西屯區廣吉一街８號十一樓之３,29.53,都市：其他:第一之一種住宅區,,,1150524,土地1建物1車位1,十一層,十四層,住宅大樓(11層含以上有電梯),住家用,鋼筋混凝土造,1120317,139.36,2,2,2,有,有,20500000,147101,坡道平面,32.7,0,,RPVNMLMKOHLGFCB28DA,65.54,0.0,5.92,有,
南屯區,房地(土地+建物)+車位,臺中市南屯區向上南路一段３１９號六樓,12.76,都市：其他:第二種住宅區,,,1150530,土地1建物1車位1,六層,十四層,住宅大樓(11層含以上有電梯),住家用,鋼筋混凝土造,0821119,121.76,3,2,2,有,有,12200000,100197,坡道機械,0.0,0,,RPUQMLLLPHLGFCB58DA,88.06,1.97,2.67,有,
豐原區,土地,聯合段441-1地號,214.51,都市：其他:第一之二種住宅區,,,1150515,土地1建物0車位0,,,其他,,,,0.0,0,0,0,無,無,24250000,113048,,0.0,0,,RPROMLPKNHLGFDB28DA,0.0,0.0,0.0,無,
大甲區,房地(土地+建物),臺中市大甲區鎮瀾街１６２號,39.0,都市：其他:商業區,,,1150501,土地1建物1車位0,全,四層,透天厝,住商用,鋼筋混凝土加強磚造,0660708,139.28,4,2,3,有,無,12480000,89604,,0.0,0,其他增建；,RPRNMLOLOHLGFEB38DA,139.28,0.0,0.0,無,
大甲區,房地(土地+建物),臺中市大甲區經國路３７５巷１１０號,84.0,都市：其他:住宅區,,,1150508,土地1建物1車位0,全,四層,透天厝,住家用,鋼筋混凝土造,1090914,224.78,4,2,4,有,無,17000000,75630,,0.0,0,,RPRNMLPJQHLGFEB48DA,220.28,0.0,4.5,無,
烏日區,房地(土地+建物)+車位,臺中市烏日區高鐵三路１１號三樓之１,14.38,都市：其他:商業區,,,1150510,土地1建物1車位1,三層,十四層,住宅大樓(11層含以上有電梯),住家用,鋼筋混凝土造,1100621,121.39000000000001,2,1,1,有,有,13000000,107093,坡道平面,39.32,0,,RPQOMLTJOHLGFIB09DA,51.82,0.0,3.17,有,
霧峰區,房地(土地+建物),臺中市霧峰區文化巷９之５號,181.0,都市：其他:住宅區,,,1150528,土地1建物1車位0,全,二層,透天厝,住商用,鋼筋混凝土造,0710900,187.65,8,2,4,有,無,18500000,98588,,0.0,0,頂樓加蓋；其他增建；,RPQNMLOJQHLGFIB68DA,182.17,0.0,5.48,無,
大里區,房地(土地+建物),臺中市大里區大里街７巷１６弄５６號,99.98,都市：其他:住宅區,,,1150519,土地3建物1車位0,全,五層,透天厝,住家用,鋼筋混凝土造,0880624,213.01,4,2,3,有,無,15000000,70419,,0.0,0,親友、員工、共有人或其他特殊關係間之交易；,RPWNMLOJQHLGFIB66DA,207.11,5.9,0.0,無,
西區,房地(土地+建物)+車位,臺中市西區公益路３６３號８樓之１３,15.12,都市：其他:第二種住宅區,,,1150425,土地1建物1車位1,八層,十四層,住宅大樓(11層含以上有電梯),住家用,鋼筋混凝土造,0891021,145.11,3,2,2,有,有,15300000,105437,坡道機械,7.43,0,陽台外推；,RPTNMLSLPHLGFAB68DA,85.19,0.0,10.62,有,173
北屯區,房地(土地+建物)+車位,臺中市北屯區軍福十六路２８７號十二樓之３,16.6,都市：其他:第二種商業區,,,1150423,土地1建物1車位1,十二層,十五層,住宅大樓(11層含以上有電梯),住家用,鋼筋混凝土造,1050804,164.09,3,2,2,有,有,15400000,93851,坡道機械,15.55,0,,RPWPMLOLOHLGFBB78DA,88.65,1.28,11.68,有,
北屯區,房地(土地+建物),臺中市北屯區松竹路二段８６巷８６號,275.0,都市：其他:第二種住宅區,,,1150413,土地1建物1車位0,全,四層,透天厝,住商用,鋼筋混凝土造,0790524,332.2,4,2,4,有,無,23500000,70741,,0.0,0,親友、員工、共有人或其他特殊關係間之交易；其他增建；,RPPOMLTLPHLGFBB58DA,307.35,2.91,21.94,無,
西屯區,房地(土地+建物)+車位,臺中市西屯區文心路二段９５號十七樓之３,43.18,都市：其他:第三種新市政中心專用區,,,1150429,土地1建物1車位3,十七層,三十九層,住宅大樓(11層含以上有電梯),住家用,鋼骨造,1000311,516.63,0,0,0,無,有,53680000,103904,坡道平面,66.62,0,,RPVNMLNKPHLGFCB48DA,274.95,5.39,23.12,有,
南屯區,房地(土地+建物)+車位,臺中市南屯區龍富路五段２８號二十樓之２,43.39,都市：其他:第一之C種住宅區,,,1150420,土地1建物1車位2,二十層,二十三層,住宅大樓(11層含以上有電梯),住家用,鋼筋混凝土造,1141008,259.72,3,2,2,有,有,53210000,238832,坡道平面,58.7,5200000,,RPSOMLSLPHLGFCB88DA,117.84,0.0,14.79,有,
潭子區,土地,弘富段260地號,202.78,都市：其他:第一之二種住宅區,,,1150430,土地1建物0車位0,,,其他,,,,0.0,0,0,0,無,無,28216837,139150,,0.0,0,,RPPNMLPKPHLGFHB58DA,0.0,0.0,0.0,無,
烏日區,土地,溪南西段739-1地號,985.5,,特定農業區,農牧用地,1150411,土地1建物0車位0,,,其他,,,,0.0,0,0,0,無,無,8000000,8118,,0.0,0,親友、員工、共有人或其他特殊關係間之交易；,RPQOMLQJPHLGFIB88DA,0.0,0.0,0.0,無,
大安區,土地,安田段626地號,68.02,,特定農業區,甲種建築用地,1150429,土地1建物0車位0,,,其他,,,,0.0,0,0,0,無,無,206625,3038,,0.0,0,地清或未辦繼承標售；,RPPNMLLMPHLGFEB18EA,0.0,0.0,0.0,無,174
中區,房地(土地+建物),臺中市中區光復路合作大樓４－６號,12.75,都市：其他:第一種商業區,,,1150429,土地2建物1車位0,四層,四層,華廈(10層含以下有電梯),住家用,鐵筋加強磚造,,65.1,2,1,1,有,有,1500000,23041,,0.0,0,,RPROMLKLPHLGFAB77DA,65.1,0.0,0.0,有,
北屯區,土地,仁平段221地號,329.95,都市：其他:第一之一種住宅區,,,1150411,土地1建物0車位0,,,其他,,,,0.0,0,0,0,無,無,63380000,192090,,0.0,0,,RPPOMLSLPHLGFBB48DA,0.0,0.0,0.0,無,
南屯區,房地(土地+建物)+車位,臺中市南屯區惠文路３１２號九樓,32.35,都市：其他:第二種住宅區,,,1150423,土地1建物1車位1,九層,十三層,住宅大樓(11層含以上有電梯),住家用,鋼筋混凝土造,1150605,176.54,3,2,2,有,有,31560000,206657,坡道平面,38.34,3000000,預售屋、或土地及建物分件登記案件；,RPTNMLNLOHLGFCB28DA,78.67,0.0,9.77,有,
西屯區,房地(土地+建物)+車位,臺中市西屯區龍門二街７號,107.72,都市：其他:第一種住宅區,,,1150404,土地2建物1車位1,全,四層,透天厝,住家用,ＲＣ造,0930527,243.87,4,3,3,有,有,32500000,133268,其他,0.0,0,其他增建；,RPTOMLSJPHLGFCB78DA,232.56,3.98,7.33,無,
東區,房地(土地+建物)+車位,臺中市東區東光路１５０號十四樓之１,30.62,都市：其他:第二種住宅區,,,1150419,土地1建物1車位1,十四層,十五層,住宅大樓(11層含以上有電梯),住家用,鋼筋混凝土造,1120810,182.89999999999998,4,2,2,有,有,18200000,99508,坡道平面,30.29,0,,RPPOMLLJPHLGFAB47DA,95.28,0.0,10.18,有,175
南屯區,房地(土地+建物)+車位,臺中市南屯區義芳街２５號五樓之１,18.39,都市：其他:第三之二種住宅區,,,1150422,土地1建物1車位1,五層,十四層,住宅大樓(11層含以上有電梯),住家用,鋼筋混凝土造,1030520,154.47,3,2,2,有,有,15580000,100861,坡道平面,27.51,0,,RPROMLOKPHLGFCB28DA,73.81,3.15,8.57,有,176
潭子區,土地,弘富段260-1地號,7.82,都市：其他:第一之二種住宅區,,,1150430,土地1建物0車位0,,,其他,,,,0.0,0,0,0,無,無,1088153,139150,,0.0,0,畸零地或有合併使用效益；,RPRNMLQKPHLGFHB88DA,0.0,0.0,0.0,無,
霧峰區,土地,五福北段991地號,1542.52,,一般農業區,農牧用地,1150413,土地2建物0車位0,,,其他,,,,0.0,0,0,0,無,無,56000000,36304,,0.0,0,未登記建物；,RPOOMLTJPHLGFIB98DA,0.0,0.0,0.0,無,
東區,房地(土地+建物),臺中市東區十甲路１３巷４３號２樓之４,5.8,都市：其他:第二種住宅區,,,1150408,土地1建物1車位0,二層,五層,公寓(5樓含以下無電梯),住家用,鋼筋混凝土造,0780511,24.12,1,1,1,有,無,1680000,69652,,0.0,0,陽台外推；,RPVOMLPKNHLGFAB38DA,13.64,0.57,2.18,無,
豐原區,房地(土地+建物),臺中市豐原區大明路１０１號,90.52,都市：其他:第三種住宅區。,,,1150418,土地1建物1車位0,全,三層,透天厝,住商用,鋼筋混凝土造,0750404,230.97,6,2,3,有,無,16300000,70572,,0.0,0,頂樓加蓋；,RPUNMLKLMHLGFDB97DA,210.01,0.0,20.96,無,
北區,房地(土地+建物),臺中市北區梅豐街８４之３號,25.47,都市：其他:第二種住宅區,,,1150428,土地1建物1車位0,四層,五層,公寓(5樓含以下無電梯),住家用,鋼筋混凝土造,0701223,85.4,3,2,2,有,無,5680000,66511,,0.0,0,,RPRPMLPLOHLGFBB38DA,85.4,0.0,0.0,無,
北區,房地(土地+建物),臺中市北區健行路４４３號１２樓之１,4.68,都市：其他:第二種住宅區,,,1150423,土地1建物1車位0,十二層,十六層,住宅大樓(11層含以上有電梯),住家用,鋼筋混凝土造,0840526,41.93,1,1,1,有,有,3700000,88242,,0.0,0,,RPPPMLOLPHLGFBB18DA,21.61,0.0,3.99,有,177
大雅區,房地(土地+建物)+車位,臺中市大雅區雅環路二段２６巷３７號十二樓之１,32.23,都市：其他:第二種住宅區,,,1150428,土地1建物1車位1,十二層,十二層,住宅大樓(11層含以上有電梯),住家用,鋼筋混凝土造,1051102,166.14999999999998,3,2,2,有,有,16000000,96299,坡道平面,43.17,0,,RPVNMLTLOHLGFHB96DA,73.67,0.0,8.32,有,178
烏日區,房地(土地+建物),臺中市烏日區溪南路二段７１號,148.0,,特定農業區,甲種建築用地,1150420,土地1建物1車位0,全,四層,透天厝,住家用,鋼筋混凝土造,1150319,314.65,4,3,5,有,無,36200000,115048,,0.0,0,,RPPNMLPJQHLGFIB68DA,299.44,0.0,15.21,有,
南屯區,房地(土地+建物)+車位,臺中市南屯區楓樹南街２８２號,183.04,都市：其他:第一種住宅區,,,1150422,土地5建物1車位2,全,四層,透天厝,住家用,鋼筋混凝土造,1041102,440.51000000000005,5,3,6,有,有,55000000,124855,坡道平面,0.0,0,其他增建；,RPWOMLTLNHLGFCB56DA,299.12,0.0,24.63,有,
西屯區,房地(土地+建物)+車位,臺中市西屯區青海路二段４６１號十三樓之３,29.21,都市：其他:第二種住宅區,,,1150426,土地1建物1車位2,十三層,十五層,住宅大樓(11層含以上有電梯),住家用,鋼筋混凝土造,1141216,229.79,3,2,2,有,有,36050000,181887,坡道平面,57.43,4700000,,RPOQMLOLPHLGFCB28DA,101.7,0.0,12.79,有,
大甲區,房地(土地+建物)+車位,臺中市大甲區水美街５８號五樓之５,36.44,都市：其他:住宅區,,,1150416,土地1建物1車位2,五層,九層,華廈(10層含以下有電梯),住家用,鋼筋混凝土造,1150603,234.23000000000002,4,2,2,有,有,14990000,83787,坡道平面,78.0,1900000,預售屋、或土地及建物分件登記案件；,RPQNMLKMPHLGFEB08DA,95.13,0.0,9.36,有,
大甲區,房地(土地+建物),臺中市大甲區育德路２６８號,333.0,都市：其他:住宅區,,,1150414,土地1建物1車位0,全,四層,透天厝,其他,鋼筋混凝土造,1010417,859.32,13,1,4,有,無,75000000,87278,,0.0,0,,RPQNMLPJQHLGFEB38DA,797.71,0.0,61.61,有,
西區,房地(土地+建物),臺中市西區五權西四街１３巷１２號,95.25,都市：其他:第二種住宅區,,,1150418,土地1建物1車位0,全,二層,透天厝,住家用,鐵筋加強磚,0590901,96.01,4,2,2,有,無,36000000,374961,,0.0,0,其他增建；含租約；,RPQNMLPJQHLGFAB08EA,96.01,0.0,0.0,無,
西屯區,土地,西屯段1064地號,521.0,都市：其他:農業區,,,1150311,土地1建物0車位0,,,其他,,,,0.0,0,0,0,無,無,33805200,64885,,0.0,0,其他增建；未登記建物；,RPPOMLLMPHLGFCB97DA,0.0,0.0,0.0,無,
大甲區,房地(土地+建物)+車位,臺中市大甲區中山路二段９５０巷１６號三樓之６,29.2,都市：其他:住宅區,,,1150318,土地1建物1車位1,三層,六層,華廈(10層含以下有電梯),住家用,鋼筋混凝土造,1150122,103.64,2,2,2,有,有,8600000,94153,坡道機械,22.92,1000000,,RPSNMLLMLHLGFEB97DA,51.78,0.0,6.15,有,
梧棲區,土地,南簡段835-6地號,890.0,都市：其他:第四種住宅區,,,1150302,土地2建物0車位0,,,其他,,,,0.0,0,0,0,無,無,53845000,60500,,0.0,0,,RPWNMLKMOHLGFFB68DA,0.0,0.0,0.0,無,
南區,房地(土地+建物)+車位,臺中市南區建國南路一段１７３號５樓,37.32,都市：其他:第三種住宅區。,,,1150329,土地4建物1車位1,五層,十二層,住宅大樓(11層含以上有電梯),住家用,鋼筋混凝土造,0801101,145.27999999999997,3,2,2,有,有,11200000,77093,坡道平面,0.0,0,,RPROMLMLPHLGFAB97DA,133.7,0.0,8.44,有,
新社區,土地,湳嶺段816地號,2788.14,,山坡地保育區,農牧用地,1150305,土地2建物0車位0,,,其他,,,,0.0,0,0,0,無,無,2700000,968,,0.0,0,,RPRNMLTLNHLGFGB98DA,0.0,0.0,0.0,無,
西區,房地(土地+建物)+車位,臺中市西區臺灣大道二段４９８號九樓之二,10.79,都市：其他:第三種商業區,,,1150210,土地1建物1車位2,九層,二十六層,住宅大樓(11層含以上有電梯),住家用,鋼筋混凝土造,1011121,154.35,4,2,2,有,有,18500000,119857,坡道平面,27.58,0,親友、員工、共有人或其他特殊關係間之交易；,RPRNMLOKPHLGFAB97DA,65.08,9.13,11.54,有,
大里區,房地(土地+建物),臺中市大里區新忠路７之２號,30.36,都市：其他:住宅區,,,1150211,土地1建物1車位0,二層,五層,公寓(5樓含以下無電梯),住家用,鋼筋混凝土造,0681213,83.9,3,2,1,有,無,4700000,56019,,0.0,0,,RPTNMLLMPHLGFIB88DA,83.9,0.0,0.0,無,
太平區,房地(土地+建物)+車位,臺中市太平區樹德八街１８８號,18.05,都市：其他:住宅區,,,1150223,土地1建物1車位2,一層,十三層,住宅大樓(11層含以上有電梯),商業用,鋼筋混凝土造,1140911,143.13,0,0,0,無,有,15390000,151272,坡道平面,63.34,3320000,,RPXNMLPKPHLGFJB96DA,52.83,0.0,8.01,有,
北區,房地(土地+建物),臺中市北區大仁街６９號,76.0,都市：其他:第二種住宅區,,,1150102,土地1建物1車位0,全,二層,透天厝,商業用,鋼筋混凝土加強磚造,0600929,117.87,7,2,2,有,無,16300000,138288,,0.0,0,其他增建；,RPRNMLRLOHLGFBB38DA,117.87,0.0,0.0,無,
北屯區,房地(土地+建物)+車位,臺中市北屯區長富街１８８號十樓之１,25.82,都市：其他:第一之三種住宅區,,,1150128,土地1建物1車位1,十層,十層,華廈(10層含以下有電梯),住家用,鋼筋混凝土造,1150609,135.53,2,2,2,有,有,18580000,181243,坡道平面,45.43,2250000,預售屋、或土地及建物分件登記案件；,RPQPNLQJPHLGFBB38DA,54.06,0.0,3.56,有,
南屯區,房地(土地+建物)+車位,臺中市南屯區惠文路３１６號二樓,30.76,都市：其他:第二種住宅區,,,1150116,土地1建物1車位1,二層,十三層,住宅大樓(11層含以上有電梯),住家用,鋼筋混凝土造,1150605,166.51,3,2,2,有,有,31580000,218198,坡道平面,35.07,2900000,預售屋、或土地及建物分件登記案件；,RPSOMLNLOHLGFCB28DA,75.01,0.0,9.11,有,
神岡區,房地(土地+建物),臺中市神岡區文昌街３２０巷２７號,96.69,都市：其他:第一之一種住宅區,,,1150110,土地1建物1車位0,全,二層,透天厝,住商用,加強磚造,0690214,107.76,4,2,3,有,無,11100000,103007,,0.0,0,其他增建；,RPOOMLTLPHLGFDB68DA,107.76,0.0,0.0,無,
后里區,土地,四月段942地號,2605.57,,特定農業區,農牧用地,1150117,土地2建物0車位0,,,其他,,,,0.0,0,0,0,無,無,10000000,3838,,0.0,0,,RPQNMLNLPHLGFDB18DA,0.0,0.0,0.0,無,
太平區,房地(土地+建物),臺中市太平區中源街８巷４號,37.22,,鄉村區,乙種建築用地,1150127,土地1建物1車位0,全,四層,透天厝,住家用,鋼筋混凝土造,0810913,90.5,9,0,9,有,無,4500000,49724,,0.0,0,親友、員工、共有人或其他特殊關係間之交易；其他增建；,RPVOMLKMPHLGFJB56DA,77.41,5.49,7.6,無,179
北屯區,房地(土地+建物)+車位,臺中市北屯區敦富一街３６６號十一樓之３,22.59,都市：其他:第二之一種住宅區,,,1141227,土地1建物1車位1,十一層,十七層,住宅大樓(11層含以上有電梯),住家用,鋼筋混凝土造,1150318,156.24,3,2,2,有,有,20720000,148038,坡道平面,32.15,2350000,權利讓渡日期：115/01/23預售屋、或土地及建物分件登記案件；,RPSPMLLMPHLGFBB28DA,74.36,0.0,7.7,有,
南區,土地,頂橋子頭段133-39地號,181.0,都市：其他:第二種住宅區,,,1141110,土地2建物0車位0,,,其他,,,,0.0,0,0,0,無,無,27800000,153591,,0.0,0,,RPTNMLLKJIKGFAB27DA,0.0,0.0,0.0,無,
豐原區,土地,豐原段778-37地號,161.0,都市：其他:第二種商業區,,,1141124,土地1建物0車位0,,,其他,,,,0.0,0,0,0,無,無,37304200,231703,,0.0,0,其他增建；未登記建物；,RPQNMLKMPHLGFDB97DA,0.0,0.0,0.0,無,180
北屯區,房地(土地+建物),臺中市北屯區安順東四街３４號,86.0,都市：其他:第二種住宅區,,,1141106,土地2建物1車位0,全,三層,透天厝,住商用,鋼筋混凝土造,0710716,213.6,3,2,3,有,無,15000000,70225,,0.0,0,親友、員工、共有人或其他特殊關係間之交易；,RPRSMLQKPHLGFBB78DA,201.16,0.0,12.44,無,
南屯區,房地(土地+建物)+車位,臺中市南屯區大墩十二街９８９號,95.37,都市：其他:第一之B種住宅區,,,1140910,土地3建物1車位1,全,四層,透天厝,住家用,鋼筋混凝土造,1141218,234.68,4,2,5,有,有,51300000,218596,一樓平面,0.0,0,預售屋、或土地及建物分件登記案件；,RPROMLOJQHLGFCB28DA,210.81,0.0,23.87,有,
南屯區,房地(土地+建物)+車位,臺中市南屯區精科中路６３號等公共設施,6823.46,都市：其他:乙種工業區,,,1140828,土地1建物5車位136,全,五層,透天厝,工業用,鋼筋混凝土造,1060104,17657.24,0,0,0,無,有,1150000000,65129,一樓平面,0.0,0,,RPVNMLKMOHLGFCB28DA,10149.45,0.0,0.0,有,
豐原區,土地,朝陽段461地號,661.16,都市：其他:農業區,,,1140815,土地1建物0車位0,,,其他,,,,0.0,0,0,0,無,無,6000000,9075,,0.0,0,農作物；,RPXNMLRKPHLGFDB56DA,0.0,0.0,0.0,無,
南屯區,房地(土地+建物)+車位,臺中市南屯區永春東七路５６２之２號,221.23,都市：其他:第一之一種住宅區,,,1140612,土地3建物1車位3,一層，二層，三層，四層，地下一層，見其他登記事項,十五層,住宅大樓(11層含以上有電梯),住家用,鋼筋混凝土造,1140831,680.6800000000001,4,4,5,有,有,94300000,152108,坡道平面,103.46,6500000,115.06.11以650萬元加購B330B3-31B3-32號三個車位。車位總價中無法拆分個別車位價格。預售屋、或土地及建物分件登記案件；,RPUOMLRKPHLGFCB88DA,443.69,0.0,26.29,有,
南屯區,房地(土地+建物)+車位,臺中市南屯區惠文路３１２號八樓,32.35,都市：其他:第二種住宅區,,,1140415,土地1建物1車位1,八層,十三層,住宅大樓(11層含以上有電梯),住家用,鋼筋混凝土造,1150605,173.26999999999998,3,2,2,有,有,33350000,221780,坡道平面,35.07,2700000,預售屋、或土地及建物分件登記案件；,RPSNMLNLOHLGFCB18DA,78.67,0.0,9.77,有,
大甲區,房地(土地+建物)+車位,臺中市大甲區水美街５６號五樓之２,23.97,都市：其他:住宅區,,,1140408,土地1建物1車位2,五層,九層,華廈(10層含以下有電梯),住家用,鋼筋混凝土造,1150603,181.60000000000002,2,2,2,有,有,11980000,92471,坡道平面,78.0,2400000,預售屋、或土地及建物分件登記案件；,RPRNMLKMPHLGFEB18DA,60.87,0.0,7.56,有,
梧棲區,房地(土地+建物)+車位,臺中市梧棲區中央路二段２９７之２巷１５號七樓之２,38.58,都市：其他:第四種住宅區,,,1140303,土地1建物1車位1,七層,八層,華廈(10層含以下有電梯),住家用,鋼筋混凝土造,1150202,139.86,3,2,2,有,有,11190000,84537,一樓平面,22.87,1300000,預售屋、或土地及建物分件登記案件；,RPSOMLNKPHLGFFB58DA,73.34,0.0,9.22,有,
大里區,房地(土地+建物)+車位,臺中市大里區忠孝路６號十三樓之２,28.91,都市：其他:住宅區,,,1140226,土地1建物1車位2,十三層,十五層,住宅大樓(11層含以上有電梯),住家用,鋼筋混凝土造,1150516,173.57999999999998,3,2,2,有,無,21000000,130814,坡道平面,49.74,4800000,預售屋、或土地及建物分件登記案件；,RPWQMLQJPHLGFIB07DA,73.94,0.0,8.04,有,
后里區,土地,后科段169地號,39.76,,特定農業區,農牧用地,1140102,土地2建物0車位0,,,其他,,,,0.0,0,0,0,無,無,400000,10060,,0.0,0,,RPXOMLOJOHLGFDB78DA,0.0,0.0,0.0,無,077
梧棲區,房地(土地+建物)+車位,臺中市梧棲區中央路二段２９７之２巷１５號七樓之３,38.58,都市：其他:第四種住宅區,,,1140115,土地1建物1車位2,七層,八層,華廈(10層含以下有電梯),住家用,鋼筋混凝土造,1150202,162.73000000000002,3,2,2,有,有,12480000,84452,一樓平面,45.74,2600000,預售屋、或土地及建物分件登記案件；,RPRNMLLMPHLGFFB38DA,73.34,0.0,9.22,有,
南屯區,房地(土地+建物)+車位,臺中市南屯區建功路７１號十八樓之３,16.9,都市：其他:第五種住宅區,,,1131217,土地1建物1車位1,十八層,二十三層,住宅大樓(11層含以上有電梯),住家用,鋼筋混凝土造,1141226,175.03,3,2,2,有,有,22380000,138894,坡道平面,26.14,1700000,預售屋、或土地及建物分件登記案件；,RPUPMLMLPHLGFCB58DA,86.34,0.0,10.26,有,
烏日區,房地(土地+建物),臺中市烏日區光明路４７巷２９弄１６號,100.16,都市：其他:農業區,,,1131220,土地4建物1車位0,全,三層,透天厝,住家用,鋼筋混凝土造,1150423,160.23,5,2,4,有,有,16200000,101105,,0.0,0,親友、員工、共有人或其他特殊關係間之交易；預售屋、或土地及建物分件登記案件；,RPWQMLLLPHLGFIB76DA,149.13,0.0,11.1,無,
南屯區,房地(土地+建物)+車位,臺中市南屯區惠文路３０６號九樓,30.76,都市：其他:第二種住宅區,,,1131115,土地1建物1車位2,九層,十三層,住宅大樓(11層含以上有電梯),住家用,鋼筋混凝土造,1150605,201.59,3,2,2,有,有,36200000,232788,坡道平面,70.14,5600000,預售屋、或土地及建物分件登記案件；,RPPQMLMLOHLGFCB08DA,75.01,0.0,9.11,有,
北屯區,房地(土地+建物)+車位,臺中市北屯區興安路二段９８號九樓之１,20.99,都市：其他:第二種住宅區,,,1131114,土地1建物1車位1,九層,十五層,住宅大樓(11層含以上有電梯),住家用,鋼筋混凝土造,1150507,152.32999999999998,3,2,2,有,有,21300000,150617,坡道平面,24.19,2000000,預售屋、或土地及建物分件登記案件；,RPOQMLSLPHLGFBB58DA,77.61,0.0,7.65,有,
南屯區,房地(土地+建物),臺中市南屯區永春東七路５５２號六樓之２,24.38,都市：其他:第一之一種住宅區,,,1131030,土地2建物1車位0,六層,十五層,住宅大樓(11層含以上有電梯),住家用,鋼筋混凝土造,1140831,199.57999999999998,4,2,2,有,有,37680000,188796,,0.0,0,預售屋、或土地及建物分件登記案件；,RPXNMLQKOHLGFCB88DA,118.95,0.0,12.74,有,
南屯區,房地(土地+建物)+車位,臺中市南屯區惠文路３０２號四樓,32.35,都市：其他:第二種住宅區,,,1131010,土地1建物1車位1,四層,十三層,住宅大樓(11層含以上有電梯),住家用,鋼筋混凝土造,1150605,176.54,3,2,2,有,有,34000000,225036,坡道平面,38.34,2900000,預售屋、或土地及建物分件登記案件；,RPWNMLMLOHLGFCB48DA,78.67,0.0,9.77,有,
大里區,房地(土地+建物)+車位,臺中市大里區忠孝路６號九樓之７,28.72,都市：其他:住宅區,,,1130901,土地1建物1車位1,九層,十五層,住宅大樓(11層含以上有電梯),住家用,鋼筋混凝土造,1150516,148.10000000000002,3,2,2,有,無,17960000,126268,坡道平面,24.87,2400000,預售屋、或土地及建物分件登記案件；,RPWUMLTKOHLGFIB77DA,73.61,0.0,7.98,有,
南屯區,房地(土地+建物)+車位,臺中市南屯區惠文路３０２號五樓,32.35,都市：其他:第二種住宅區,,,1130913,土地1建物1車位1,五層,十三層,住宅大樓(11層含以上有電梯),住家用,鋼筋混凝土造,1150605,173.26999999999998,3,2,2,有,有,33800000,223589,坡道平面,35.07,2900000,預售屋、或土地及建物分件登記案件；,RPQOMLMLOHLGFCB97DA,78.67,0.0,9.77,有,
南屯區,房地(土地+建物)+車位,臺中市南屯區惠文路３０６號十三樓,30.76,都市：其他:第二種住宅區,,,1130929,土地1建物1車位1,十三層,十三層,住宅大樓(11層含以上有電梯),住家用,鋼筋混凝土造,1150605,166.51,3,2,2,有,有,33980000,237219,坡道平面,35.07,2800000,預售屋、或土地及建物分件登記案件；,RPUQMLMLOHLGFCB58DA,75.01,0.0,9.11,有,
南屯區,房地(土地+建物)+車位,臺中市南屯區惠文路３１０號六樓,21.96,都市：其他:第二種住宅區,,,1130902,土地1建物1車位1,六層,十三層,住宅大樓(11層含以上有電梯),住家用,鋼筋混凝土造,1150605,128.97,2,2,2,有,有,23900000,224707,坡道平面,35.07,2800000,預售屋、或土地及建物分件登記案件；,RPPRMLMLOHLGFCB18DA,54.62,0.0,5.46,有,
南屯區,房地(土地+建物)+車位,臺中市南屯區惠文路３１２號十三樓,32.35,都市：其他:第二種住宅區,,,1130923,土地1建物1車位1,十三層,十三層,住宅大樓(11層含以上有電梯),住家用,鋼筋混凝土造,1150605,176.54,3,2,2,有,有,34530000,228148,坡道平面,38.34,3000000,預售屋、或土地及建物分件登記案件；,RPXNMLNLOHLGFCB68DA,78.67,0.0,9.77,有,
南屯區,房地(土地+建物)+車位,臺中市南屯區惠文路３２０號十三樓,21.96,都市：其他:第二種住宅區,,,1130923,土地1建物1車位1,十三層,十三層,住宅大樓(11層含以上有電梯),住家用,鋼筋混凝土造,1150605,128.97,2,2,2,有,有,24610000,230138,坡道平面,35.07,3000000,預售屋、或土地及建物分件登記案件；,RPWQMLNLOHLGFCB88DA,54.62,0.0,5.46,有,
南屯區,房地(土地+建物)+車位,臺中市南屯區惠文路３１２號四樓,32.35,都市：其他:第二種住宅區,,,1130908,土地1建物1車位2,四層,十三層,住宅大樓(11層含以上有電梯),住家用,鋼筋混凝土造,1150605,202.8,3,2,2,有,有,37090000,229305,坡道平面,64.6,5400000,預售屋、或土地及建物分件登記案件；,RPRNMLQLOHLGFCB38DA,78.67,0.0,9.77,有,
沙鹿區,房地(土地+建物)+車位,臺中市沙鹿區平等六街８９號之５,25.8,都市：其他:第二種住宅區,,,1130908,土地1建物1車位1,一層,七層,華廈(10層含以下有電梯),住家用,鋼筋混凝土造,1150423,113.16999999999999,2,1,1,有,無,11950000,125156,坡道平面,33.27,1950000,預售屋、或土地及建物分件登記案件；,RPQOMLOJNHLGFFB18DA,52.48,0.0,0.0,有,
南區,房地(土地+建物)+車位,臺中市南區福田二街１８０號六樓之１,23.65,都市：其他:第三種住宅區。,,,1130920,土地2建物1車位2,六層,十五層,住宅大樓(11層含以上有電梯),住家用,鋼筋混凝土造,1150516,183.07,3,2,2,有,有,22950000,147070,坡道平面,54.22,4000000,預售屋、或土地及建物分件登記案件；,RPWNMLNJQHLGFAB38DA,77.33,0.0,7.56,有,
北屯區,房地(土地+建物),臺中市北屯區興安路二段１０２號,25.87,都市：其他:第二種住宅區,,,1130911,土地1建物1車位0,一層,十四層,住宅大樓(11層含以上有電梯),其他,鋼筋混凝土造,1150507,140.22,0,0,0,無,有,19940000,142205,,0.0,0,預售屋、或土地及建物分件登記案件；,RPUNMLNJQHLGFBB28DA,101.55,0.0,1.9,有,
南屯區,房地(土地+建物)+車位,臺中市南屯區建功路６７號十六樓之５,16.9,都市：其他:第五種住宅區,,,1130924,土地1建物1車位1,十六層,二十三層,住宅大樓(11層含以上有電梯),住家用,鋼筋混凝土造,1141226,168.33999999999997,3,2,2,有,有,20700000,131857,坡道平面,26.14,1950000,預售屋、或土地及建物分件登記案件；,RPQSMLMLPHLGFCB48DA,87.26,0.0,10.34,有,
大里區,房地(土地+建物)+車位,臺中市大里區忠孝路６號八樓之７,28.72,都市：其他:住宅區,,,1130820,土地1建物1車位1,八層,十五層,住宅大樓(11層含以上有電梯),住家用,鋼筋混凝土造,1150516,148.10000000000002,3,2,2,有,無,17660000,125456,坡道平面,24.87,2200000,預售屋、或土地及建物分件登記案件；,RPRNMLNLPHLGFIB78DA,73.61,0.0,7.98,有,
南屯區,房地(土地+建物)+車位,臺中市南屯區建功路７１號三樓之１,14.6,都市：其他:第五種住宅區,,,1130817,土地1建物1車位1,三層,二十三層,住宅大樓(11層含以上有電梯),住家用,鋼筋混凝土造,1141226,154.35000000000002,3,2,2,有,有,18750000,132985,坡道平面,26.14,1700000,預售屋、或土地及建物分件登記案件；,RPPPMLMLPHLGFCB08DA,75.83,0.0,7.4,有,
南屯區,房地(土地+建物)+車位,臺中市南屯區建功路７１號十六樓之１,14.6,都市：其他:第五種住宅區,,,1130811,土地1建物1車位1,十六層,二十三層,住宅大樓(11層含以上有電梯),住家用,鋼筋混凝土造,1141226,154.35000000000002,3,2,2,有,有,19320000,135481,坡道平面,26.14,1950000,預售屋、或土地及建物分件登記案件；,RPQPMLMLPHLGFCB18DA,75.83,0.0,7.4,有,
大里區,房地(土地+建物)+車位,臺中市大里區忠孝路６號十一樓之２,28.91,都市：其他:住宅區,,,1130701,土地1建物1車位1,十一層,十五層,住宅大樓(11層含以上有電梯),住家用,鋼筋混凝土造,1150516,148.71,3,2,2,有,無,17100000,120317,坡道平面,24.87,2200000,預售屋、或土地及建物分件登記案件；,RPWVMLTKOHLGFIB87DA,73.94,0.0,8.04,有,
大里區,房地(土地+建物)+車位,臺中市大里區忠孝路６號十一樓之５,35.26,都市：其他:住宅區,,,1130706,土地1建物1車位2,十一層,十五層,住宅大樓(11層含以上有電梯),住家用,鋼筋混凝土造,1150516,200.63,4,2,2,有,無,24200000,128570,坡道平面,49.74,4800000,預售屋、或土地及建物分件登記案件；,RPOQMLQJPHLGFIB88DA,90.2,0.0,9.73,有,
北屯區,房地(土地+建物)+車位,臺中市北屯區長富街１８６號,13.28,都市：其他:第一之三種住宅區,,,1130715,土地1建物1車位1,一層，見其他登記事項,十層,華廈(10層含以下有電梯),辦公用,鋼筋混凝土造,1150609,109.99000000000001,0,0,0,無,有,17070000,232652,坡道平面,45.43,2050000,預售屋、或土地及建物分件登記案件；,RPVQMLQJPHLGFBB88DA,47.85,0.0,0.0,有,
北屯區,房地(土地+建物)+車位,臺中市北屯區長富街１８８號二樓之２,26.98,都市：其他:第一之三種住宅區,,,1130717,土地1建物1車位1,二層,十層,華廈(10層含以下有電梯),住家用,鋼筋混凝土造,1150609,139.54000000000002,2,2,2,有,有,18010000,169057,坡道平面,45.43,2100000,預售屋、或土地及建物分件登記案件；,RPORMLQJPHLGFBB28DA,54.15,0.0,6.05,有,
北屯區,房地(土地+建物)+車位,臺中市北屯區長富街１８８號四樓之３,24.8,都市：其他:第一之三種住宅區,,,1130707,土地1建物1車位1,四層,十層,華廈(10層含以下有電梯),住家用,鋼筋混凝土造,1150609,131.92000000000002,2,2,2,有,有,15880000,158747,坡道平面,45.43,2150000,預售屋、或土地及建物分件登記案件；,RPOUMLQJPHLGFBB58DA,51.49,0.0,3.84,有,
北屯區,房地(土地+建物)+車位,臺中市北屯區長富街１８８號五樓之１,25.82,都市：其他:第一之三種住宅區,,,1130721,土地1建物1車位1,五層,十層,華廈(10層含以下有電梯),住家用,鋼筋混凝土造,1150609,135.53,2,2,2,有,有,17600000,171476,坡道平面,45.43,2150000,預售屋、或土地及建物分件登記案件；,RPWUMLQJPHLGFBB76DA,54.06,0.0,3.56,有,
北屯區,房地(土地+建物)+車位,臺中市北屯區長富街１８８號五樓之２,25.85,都市：其他:第一之三種住宅區,,,1130712,土地1建物1車位1,五層,十層,華廈(10層含以下有電梯),住家用,鋼筋混凝土造,1150609,135.66,2,2,2,有,有,16900000,164025,坡道平面,45.43,2100000,預售屋、或土地及建物分件登記案件；,RPOVMLQJPHLGFBB68DA,54.15,0.0,3.56,有,
北屯區,房地(土地+建物)+車位,臺中市北屯區長富街１８８號五樓之３,24.8,都市：其他:第一之三種住宅區,,,1130726,土地1建物1車位1,五層,十層,華廈(10層含以下有電梯),住家用,鋼筋混凝土造,1150609,131.92000000000002,2,2,2,有,有,17110000,171812,坡道平面,45.43,2250000,預售屋、或土地及建物分件登記案件；,RPQVMLQJPHLGFBB88DA,51.49,0.0,3.84,有,
北屯區,房地(土地+建物)+車位,臺中市北屯區長富街１８８號五樓之５,25.41,都市：其他:第一之三種住宅區,,,1130710,土地1建物1車位1,五層,十層,華廈(10層含以下有電梯),住家用,鋼筋混凝土造,1150609,134.07999999999998,2,2,2,有,有,17800000,172589,坡道平面,45.43,2500000,113.10.25讓渡於新所有權人，讓渡總金額為1780萬元整。115.05.05讓渡於新所有權人，讓渡總金額為1780萬元整。預售屋、或土地及建物分件登記案件；,RPTVMLQJPHLGFBB56DA,52.75,0.0,3.95,有,
北屯區,房地(土地+建物)+車位,臺中市北屯區長富街１８８號六樓之２,25.85,都市：其他:第一之三種住宅區,,,1130721,土地1建物1車位1,六層,十層,華廈(10層含以下有電梯),住家用,鋼筋混凝土造,1150609,135.66,2,2,2,有,有,16980000,164912,坡道平面,45.43,2100000,預售屋、或土地及建物分件登記案件；,RPUWMLQJPHLGFBB76DA,54.15,0.0,3.56,有,
北屯區,房地(土地+建物)+車位,臺中市北屯區長富街１８８號六樓之５,25.41,都市：其他:第一之三種住宅區,,,1130704,土地1建物1車位1,六層,十層,華廈(10層含以下有電梯),住家用,鋼筋混凝土造,1150609,134.07999999999998,2,2,2,有,有,17330000,168979,坡道平面,45.43,2350000,115.06.10讓渡於新所有權人，讓渡總金額為1733萬元整 。預售屋、或土地及建物分件登記案件；,RPTNNLQJPHLGFBB48DA,52.75,0.0,3.95,有,
北屯區,房地(土地+建物)+車位,臺中市北屯區長富街１８８號七樓之５,25.41,都市：其他:第一之三種住宅區,,,1130706,土地1建物1車位1,七層,十層,華廈(10層含以下有電梯),住家用,鋼筋混凝土造,1150609,134.07999999999998,2,2,2,有,有,18100000,178793,坡道平面,45.43,2250000,預售屋、或土地及建物分件登記案件；,RPPONLQJPHLGFBB18DA,52.75,0.0,3.95,有,
北屯區,房地(土地+建物)+車位,臺中市北屯區長富街１８８號七樓之６,23.1,都市：其他:第一之三種住宅區,,,1130705,土地1建物1車位1,七層,十層,華廈(10層含以下有電梯),住家用,鋼筋混凝土造,1150609,126.05,2,2,1,有,有,16650000,177375,坡道平面,45.43,2350000,預售屋、或土地及建物分件登記案件；,RPQONLQJPHLGFBB28DA,47.39,0.0,4.17,有,
北屯區,房地(土地+建物)+車位,臺中市北屯區長富街１８８號八樓之２,25.85,都市：其他:第一之三種住宅區,,,1130706,土地1建物1車位1,八層,十層,華廈(10層含以下有電梯),住家用,鋼筋混凝土造,1150609,135.66,2,2,2,有,有,17820000,174221,坡道平面,45.43,2100000,預售屋、或土地及建物分件登記案件；,RPSONLQJPHLGFBB48DA,54.15,0.0,3.56,有,
北屯區,房地(土地+建物)+車位,臺中市北屯區長富街１８８號八樓之５,25.41,都市：其他:第一之三種住宅區,,,1130705,土地1建物1車位1,八層,十層,華廈(10層含以下有電梯),住家用,鋼筋混凝土造,1150609,134.07999999999998,2,2,2,有,有,17640000,170784,坡道平面,45.43,2500000,預售屋、或土地及建物分件登記案件；,RPUONLQJPHLGFBB68DA,52.75,0.0,3.95,有,
南屯區,房地(土地+建物)+車位,臺中市南屯區惠文路３０８號六樓,21.14,都市：其他:第二種住宅區,,,1130707,土地1建物1車位1,六層,十三層,住宅大樓(11層含以上有電梯),住家用,鋼筋混凝土造,1150605,125.4,2,2,2,有,有,21380000,206797,坡道平面,35.07,2700000,預售屋、或土地及建物分件登記案件；,RPQTMLMLOHLGFCB48DA,52.31,0.0,5.46,有,
南屯區,房地(土地+建物)+車位,臺中市南屯區惠文路３０８號七樓,21.14,都市：其他:第二種住宅區,,,1130723,土地1建物1車位1,七層,十三層,住宅大樓(11層含以上有電梯),住家用,鋼筋混凝土造,1150605,125.4,2,2,2,有,有,22700000,220303,坡道平面,35.07,2800000,預售屋、或土地及建物分件登記案件；,RPTTMLMLOHLGFCB78DA,52.31,0.0,5.46,有,
南屯區,房地(土地+建物)+車位,臺中市南屯區惠文路３１６號九樓,30.76,都市：其他:第二種住宅區,,,1130720,土地1建物1車位1,九層,十三層,住宅大樓(11層含以上有電梯),住家用,鋼筋混凝土造,1150605,166.51,3,2,2,有,有,33300000,231284,坡道平面,35.07,2900000,預售屋、或土地及建物分件登記案件；,RPWOMLNLOHLGFCB68DA,75.01,0.0,9.11,有,
南屯區,房地(土地+建物)+車位,臺中市南屯區惠文路３１８號八樓,21.14,都市：其他:第二種住宅區,,,1130713,土地1建物1車位1,八層,十三層,住宅大樓(11層含以上有電梯),住家用,鋼筋混凝土造,1150605,125.4,2,2,2,有,有,23740000,232924,坡道平面,35.07,2700000,預售屋、或土地及建物分件登記案件；,RPWRMLNLOHLGFCB98DA,52.31,0.0,5.46,有,
東區,房地(土地+建物)+車位,臺中市東區東英三街１００號三樓之２,13.27,都市：其他:第二種商業區,,,1130720,土地1建物1車位1,三層,十四層,住宅大樓(11層含以上有電梯),住家用,鋼筋混凝土造,1150403,118.78,2,2,2,有,有,13800000,129118,坡道平面,28.01,2080000,預售屋、或土地及建物分件登記案件；,RPOOMLMJPHLGFAB47DA,56.83,0.0,3.56,有,
東區,房地(土地+建物)+車位,臺中市東區東英三街１００號八樓之９,16.25,都市：其他:第二種商業區,,,1130720,土地1建物1車位1,八層,十四層,住宅大樓(11層含以上有電梯),住家用,鋼筋混凝土造,1150403,139.48000000000002,3,2,2,有,有,17060000,134386,坡道平面,28.01,2080000,預售屋、或土地及建物分件登記案件；,RPQOMLMJPHLGFAB67DA,68.16,0.0,5.93,有,
東區,房地(土地+建物)+車位,臺中市東區東英三街１００號七樓之５,12.88,都市：其他:第二種商業區,,,1130720,土地1建物1車位1,七層,十四層,住宅大樓(11層含以上有電梯),住家用,鋼筋混凝土造,1150403,115.96000000000001,2,2,2,有,有,13700000,133258,坡道平面,28.01,1980000,預售屋、或土地及建物分件登記案件；,RPRNMLKMPHLGFAB77DA,54.24,0.0,4.18,有,
沙鹿區,房地(土地+建物),臺中市沙鹿區星河路２０６之１６號,84.44,都市：其他:第四種住宅區,,,1130730,土地2建物1車位0,全,四層,透天厝,住家用,鋼筋混凝土造,1150120,218.46,4,3,4,有,有,23500000,107571,,0.0,0,預售屋、或土地及建物分件登記案件；,RPTNMLTKOHLGFFB09DA,214.88,0.0,3.58,無,
太平區,房地(土地+建物)+車位,臺中市太平區樹德五街１９號,29.67,都市：其他:住宅區,,,1130711,土地1建物1車位1,一層,十五層,住宅大樓(11層含以上有電梯),其他,鋼筋混凝土造,1150512,168.77999999999997,0,1,1,有,有,19000000,134361,坡道平面,39.65,1650000,預售屋、或土地及建物分件登記案件；,RPRNMLKMPHLGFJB68DA,84.07,0.0,0.0,有,
太平區,房地(土地+建物)+車位,臺中市太平區樹德五街１７號八樓之３,30.0,都市：其他:住宅區,,,1130711,土地1建物1車位2,八層,十五層,住宅大樓(11層含以上有電梯),住家用,鋼筋混凝土造,1150512,209.85000000000002,3,2,2,有,有,18750000,116813,坡道平面,79.3,3500000,預售屋、或土地及建物分件登記案件；,RPWNMLKMPHLGFJB56DA,75.77,0.0,9.27,有,
太平區,房地(土地+建物)+車位,臺中市太平區樹德五街１７號十五樓之１,29.78,都市：其他:住宅區,,,1130711,土地1建物1車位1,十五層,十五層,住宅大樓(11層含以上有電梯),住家用,鋼筋混凝土造,1150512,169.10000000000002,3,2,2,有,有,18350000,126690,坡道平面,39.65,1950000,預售屋、或土地及建物分件登記案件；,RPQOMLKMPHLGFJB68DA,75.77,0.0,8.57,有,
西屯區,房地(土地+建物)+車位,臺中市西屯區青海南街２３３號二十三樓之７,13.97,都市：其他:第二種住宅區,,,1130710,土地1建物1車位1,二十三層,二十三層,住宅大樓(11層含以上有電梯),住家用,鋼筋混凝土造,1150407,112.94,2,1,1,有,有,18800000,209481,坡道平面,34.89,2450000,預售屋、或土地及建物分件登記案件；,RPPOMLKMPHLGFCB87DA,45.23,0.0,4.02,有,
梧棲區,房地(土地+建物)+車位,臺中市梧棲區中華路二段２１６號四樓之１,25.78,都市：其他:第四種住宅區,,,1130701,土地1建物1車位1,四層,十五層,住宅大樓(11層含以上有電梯),住家用,鋼筋混凝土造,1140911,143.48000000000002,3,2,2,有,有,10970000,80773,坡道平面,25.0,1400000,預售屋、或土地及建物分件登記案件；,RPPOMLNJQHLGFFB28DA,73.84,0.0,7.2,有,
大雅區,房地(土地+建物),臺中市大雅區振興路８９之１號,80.83,都市：其他:農業區,,,1130712,土地2建物1車位0,全,四層,透天厝,住家用,鋼筋混凝土造,1150206,203.37,4,2,6,有,無,25500000,125387,,0.0,0,預售屋、或土地及建物分件登記案件；,RPSNMLKKPHLGFHB38DA,186.31,0.0,17.06,有,
大雅區,土地,山德段1076地號,10.52,都市：其他:農業區,,,1130712,土地1建物0車位0,,,其他,,,,0.0,0,0,0,無,無,50000,4753,,0.0,0,,RPQOMLKKPHLGFHB28DA,0.0,0.0,0.0,無,182
南屯區,房地(土地+建物)+車位,臺中市南屯區建功路６７號十四樓之２,19.97,都市：其他:第五種住宅區,,,1130720,土地1建物1車位2,十四層,二十三層,住宅大樓(11層含以上有電梯),住家用,鋼筋混凝土造,1141226,221.63,4,2,2,有,有,26050000,130794,坡道平面,52.28,3900000,預售屋、或土地及建物分件登記案件；,RPQPMLPJOHLGFCB18DA,102.97,0.0,13.32,有,
太平區,房地(土地+建物)+車位,臺中市太平區育才路１６７號三樓之１,19.14,都市：其他:住宅區,,,1130721,土地1建物1車位1,三層,十五層,住宅大樓(11層含以上有電梯),住家用,鋼筋混凝土造,1150113,124.25999999999999,2,2,1,有,有,13460000,120379,坡道平面,28.23,1900000,預售屋、或土地及建物分件登記案件；,RPWNMLOLPHLGFJB86DA,56.27,0.0,7.06,有,
南屯區,房地(土地+建物)+車位,臺中市南屯區建功路７１號十八樓之２,11.52,都市：其他:第五種住宅區,,,1130714,土地1建物1車位1,十八層,二十三層,住宅大樓(11層含以上有電梯),住家用,鋼筋混凝土造,1141226,128.05,2,2,1,有,有,16420000,142969,坡道平面,26.14,1850000,預售屋、或土地及建物分件登記案件；,RPRPMLMLPHLGFCB28DA,60.67,0.0,5.49,有,
大里區,房地(土地+建物)+車位,臺中市大里區忠孝路６號六樓之１,28.86,都市：其他:住宅區,,,1130611,土地1建物1車位1,六層,十五層,住宅大樓(11層含以上有電梯),住家用,鋼筋混凝土造,1150516,148.82,3,2,2,有,無,16600000,116176,坡道平面,24.87,2200000,預售屋、或土地及建物分件登記案件；,RPXQMLTKOHLGFIB47DA,73.3,0.0,8.79,有,
北屯區,房地(土地+建物)+車位,臺中市北屯區榮富街６７號四樓,30.05,都市：其他:第一之一種住宅區,,,1130612,土地1建物1車位1,四層,八層,華廈(10層含以下有電梯),住家用,鋼筋混凝土造,1150526,114.71000000000001,2,2,2,有,有,17490000,178848,坡道平面,28.1,2000000,預售屋、或土地及建物分件登記案件；,RPQNMLPJPHLGFBB97DA,50.79,0.0,6.39,有,
北屯區,房地(土地+建物)+車位,臺中市北屯區長富街１８８號三樓之１,25.82,都市：其他:第一之三種住宅區,,,1130630,土地1建物1車位1,三層,十層,華廈(10層含以下有電梯),住家用,鋼筋混凝土造,1150609,135.53,2,2,2,有,有,17880000,172364,坡道平面,45.43,2350000,預售屋、或土地及建物分件登記案件；,RPSRMLQJPHLGFBB68DA,54.06,0.0,3.56,有,
北屯區,房地(土地+建物)+車位,臺中市北屯區長富街１８８號三樓之２,25.85,都市：其他:第一之三種住宅區,,,1130628,土地1建物1車位1,三層,十層,華廈(10層含以下有電梯),住家用,鋼筋混凝土造,1150609,135.66,2,2,2,有,有,17550000,171229,坡道平面,45.43,2100000,預售屋、或土地及建物分件登記案件；,RPTRMLQJPHLGFBB78DA,54.15,0.0,3.56,有,
北屯區,房地(土地+建物)+車位,臺中市北屯區長富街１８８號四樓之２,25.85,都市：其他:第一之三種住宅區,,,1130630,土地1建物1車位1,四層,十層,華廈(10層含以下有電梯),住家用,鋼筋混凝土造,1150609,135.66,2,2,2,有,有,17380000,166574,坡道平面,45.43,2350000,預售屋、或土地及建物分件登記案件；,RPOSMLQJPHLGFBB38DA,54.15,0.0,3.56,有,
北屯區,房地(土地+建物)+車位,臺中市北屯區長富街１８８號六樓之３,24.8,都市：其他:第一之三種住宅區,,,1130627,土地1建物1車位1,六層,十層,華廈(10層含以下有電梯),住家用,鋼筋混凝土造,1150609,131.92000000000002,2,2,2,有,有,17100000,172852,坡道平面,45.43,2150000,預售屋、或土地及建物分件登記案件；,RPONNLQJPHLGFBB97DA,51.49,0.0,3.84,有,
北屯區,房地(土地+建物)+車位,臺中市北屯區長富街１８８號十樓之２,25.85,都市：其他:第一之三種住宅區,,,1130629,土地1建物1車位1,十層,十層,華廈(10層含以下有電梯),住家用,鋼筋混凝土造,1150609,159.6,2,2,2,有,有,18100000,174000,坡道平面,69.37,2400000,預售屋、或土地及建物分件登記案件；,RPRPNLQJPHLGFBB48DA,54.15,0.0,3.56,有,
南屯區,房地(土地+建物)+車位,臺中市南屯區惠文路３１６號十二樓,30.76,都市：其他:第二種住宅區,,,1130605,土地1建物1車位1,十二層,十三層,住宅大樓(11層含以上有電梯),住家用,鋼筋混凝土造,1150605,166.51,3,2,2,有,有,32800000,227480,坡道平面,35.07,2900000,預售屋、或土地及建物分件登記案件；,RPRPMLNLOHLGFCB28DA,75.01,0.0,9.11,有,
南屯區,房地(土地+建物)+車位,臺中市南屯區惠文路３２０號二樓,21.96,都市：其他:第二種住宅區,,,1130608,土地1建物1車位1,二層,十三層,住宅大樓(11層含以上有電梯),住家用,鋼筋混凝土造,1150605,128.97,2,2,2,有,有,23000000,215122,坡道平面,35.07,2800000,預售屋、或土地及建物分件登記案件；,RPSPMLNLOHLGFCB38DA,54.62,0.0,5.46,有,
沙鹿區,房地(土地+建物)+車位,臺中市沙鹿區平等六街８５號六樓之３,31.38,都市：其他:第二種住宅區,,,1130607,土地1建物1車位1,六層,七層,華廈(10層含以下有電梯),住家用,鋼筋混凝土造,1150423,129.78,2,1,2,有,無,13900000,123821,坡道平面,33.27,1950000,預售屋、或土地及建物分件登記案件；,RPOUMLOJNHLGFFB58DA,59.55,0.0,3.85,有,
太平區,房地(土地+建物)+車位,臺中市太平區樹德五街１７號十三樓之２,29.76,都市：其他:住宅區,,,1130623,土地1建物1車位1,十三層,十五層,住宅大樓(11層含以上有電梯),住家用,鋼筋混凝土造,1150512,169.10000000000002,3,2,2,有,有,18500000,130166,坡道平面,39.65,1650000,預售屋、或土地及建物分件登記案件；,RPPOMLKMPHLGFJB58DA,75.77,0.0,8.57,有,
北區,房地(土地+建物)+車位,臺中市北區文武街２８號四樓,20.58,都市：其他:第二種住宅區,,,1130623,土地1建物1車位1,四層,五層,華廈(10層含以下有電梯),住家用,鋼筋混凝土造,1150508,80.81,2,2,2,有,有,13630000,165432,升降機械,6.58,1350000,預售屋、或土地及建物分件登記案件；,RPPOMLLMPHLGFBB87DA,47.54,0.0,5.31,有,
南屯區,房地(土地+建物)+車位,臺中市南屯區建功路６９號二樓之８,14.6,都市：其他:第五種住宅區,,,1130612,土地1建物1車位1,二層,二十三層,住宅大樓(11層含以上有電梯),住家用,鋼筋混凝土造,1141226,159.31,3,2,2,有,有,18470000,125218,坡道平面,27.3,1940000,親友、員工、共有人或其他特殊關係間之交易；預售屋、或土地及建物分件登記案件；,RPSRMLMLPHLGFCB58DA,72.91,0.0,13.74,有,
潭子區,房地(土地+建物)+車位,臺中市潭子區嘉豐路１巷７弄２號,70.42,都市：其他:農業區,,,1130619,土地2建物1車位1,全,四層,透天厝,住家用,鋼筋混凝土造,1150205,182.14,4,2,6,有,無,19500000,107061,一樓平面,0.0,0,預售屋、或土地及建物分件登記案件；,RPPNMLRLPHLGFHB88DA,165.26,0.0,16.88,無,
北屯區,房地(土地+建物)+車位,臺中市北屯區敦和路１６８號七樓之１,35.68,都市：其他:第一之一種住宅區,,,1130508,土地1建物1車位1,七層,二十層,住宅大樓(11層含以上有電梯),住家用,鋼筋混凝土造,1150310,172.55,3,2,2,有,有,29280000,204240,坡道平面,41.43,2500000,預售屋、或土地及建物分件登記案件；,RPWTMLOLPHLGFBB66DA,78.76,0.0,4.48,有,
后里區,房地(土地+建物),臺中市后里區九甲五路１８８巷１５號三樓,104.51,,特定農業區,農牧用地,1130511,土地3建物1車位0,三層,八層,華廈(10層含以下有電梯),住家用,鋼筋混凝土造,1150316,81.22,2,2,2,有,有,9100000,112041,,0.0,0,1.本案土地171地號交易總價為新台幣249萬元整，房屋261建號交易總價為新台幣581萬元整。2.本案農地169、170地號買賣交易總價為新台幣80萬元整。預售屋、或土地及建物分件登記案件；,RPVNMLOJOHLGFDB48DA,53.88,0.0,3.46,有,
后里區,房地(土地+建物),臺中市后里區九甲五路１８８巷１５號七樓,64.75,,特定農業區,農牧用地,1130523,土地3建物1車位0,七層,八層,華廈(10層含以下有電梯),住家用,鋼筋混凝土造,1150316,81.22,2,2,2,有,有,8950000,110195,,0.0,0,1.本案土地171地號交易總價為新台幣256.5萬元整，房屋277建號交易總價為新台幣598.5萬元整。2.本案農地169、170地號買賣交易總價為新台幣40萬元整。預售屋、或土地及建物分件登記案件；,RPQPMLOJOHLGFDB18DA,53.88,0.0,3.46,有,
大里區,房地(土地+建物)+車位,臺中市大里區忠孝路６號四樓之２,28.91,都市：其他:住宅區,,,1130525,土地1建物1車位1,四層,十五層,住宅大樓(11層含以上有電梯),住家用,鋼筋混凝土造,1150516,148.71,3,2,2,有,無,16700000,115472,坡道平面,24.87,2400000,預售屋、或土地及建物分件登記案件；,RPVOMLTKOHLGFIB07DA,73.94,0.0,8.04,有,
北屯區,房地(土地+建物),臺中市北屯區榮德路７３３號,115.58,都市：其他:第一之一種住宅區,,,1130512,土地4建物1車位0,全,四層,透天厝,住家用,鋼筋混凝土造,1150212,309.95,3,2,3,有,有,50880000,164156,,0.0,0,預售屋、或土地及建物分件登記案件；,RPSNMLTJNHLGFBB38DA,280.94,0.0,20.62,有,
南屯區,房地(土地+建物)+車位,臺中市南屯區惠文路３０２號八樓,32.35,都市：其他:第二種住宅區,,,1130515,土地1建物1車位1,八層,十三層,住宅大樓(11層含以上有電梯),住家用,鋼筋混凝土造,1150605,173.26999999999998,3,2,2,有,有,33280000,220550,坡道平面,35.07,2800000,預售屋、或土地及建物分件登記案件；,RPTOMLPLOHLGFCB58DA,78.67,0.0,9.77,有,
烏日區,房地(土地+建物)+車位,臺中市烏日區日新街５６巷３號九樓之３,29.73,都市：其他:第三種住宅區。,,,1130505,土地1建物1車位1,九層,十一層,住宅大樓(11層含以上有電梯),住家用,鋼筋混凝土造,1150513,150.18,3,2,2,有,有,18000000,129314,坡道平面,25.29,1850000,預售屋、或土地及建物分件登記案件；,RPTOMLKKPHLGFIB68DA,73.8,0.0,7.58,有,
沙鹿區,房地(土地+建物)+車位,臺中市沙鹿區平等六街８５號四樓之３,31.38,都市：其他:第二種住宅區,,,1130510,土地1建物1車位1,四層,七層,華廈(10層含以下有電梯),住家用,鋼筋混凝土造,1150423,129.78,2,1,2,有,無,13600000,120713,坡道平面,33.27,1950000,預售屋、或土地及建物分件登記案件；,RPXNMLOLPHLGFFB56DA,59.55,0.0,3.85,有,
太平區,房地(土地+建物)+車位,臺中市太平區樹德五街１７號四樓之５,29.76,都市：其他:住宅區,,,1130502,土地1建物1車位1,四層,十五層,住宅大樓(11層含以上有電梯),住家用,鋼筋混凝土造,1150512,169.10000000000002,3,2,2,有,有,16110000,111703,坡道平面,39.65,1650000,預售屋、或土地及建物分件登記案件；,RPSNMLKMPHLGFJB78DA,75.77,0.0,8.57,有,
北屯區,房地(土地+建物)+車位,臺中市北屯區興安路二段９６號五樓之２,21.37,都市：其他:第二種住宅區,,,1130506,土地1建物1車位1,五層,十五層,住宅大樓(11層含以上有電梯),住家用,鋼筋混凝土造,1150507,154.25,3,2,2,有,有,19740000,137552,坡道平面,24.19,1850000,預售屋、或土地及建物分件登記案件；,RPOQMLKKPHLGFBB67DA,77.41,0.0,9.05,有,
北屯區,房地(土地+建物)+車位,臺中市北屯區興安路二段９８號十一樓之１,20.99,都市：其他:第二種住宅區,,,1130525,土地1建物1車位1,十一層,十五層,住宅大樓(11層含以上有電梯),住家用,鋼筋混凝土造,1150507,154.96,3,2,2,有,有,19820000,137126,坡道平面,26.83,2250000,預售屋、或土地及建物分件登記案件；,RPTQMLKKPHLGFBB18DA,77.61,0.0,7.65,有,
北屯區,房地(土地+建物)+車位,臺中市北屯區敦富路８１８號二樓之５,20.9,都市：其他:第二之一種住宅區,,,1130519,土地1建物1車位1,二層,十五層,住宅大樓(11層含以上有電梯),住家用,鋼筋混凝土造,1150613,167.85,3,2,2,有,有,20420000,140382,坡道平面,34.5,1700000,預售屋、或土地及建物分件登記案件；,RPOTMLLLPHLGFBB18DA,79.77,0.0,8.09,有,
北屯區,房地(土地+建物)+車位,臺中市北屯區崇德二路二段２６６號二樓之６,21.42,都市：其他:第一種商業區,,,1130514,土地1建物1車位1,二層,二十二層,住宅大樓(11層含以上有電梯),住家用,鋼筋混凝土造,1150121,179.26,3,2,2,有,有,28880000,178474,坡道平面,29.21,2100000,預售屋、或土地及建物分件登記案件；,RPQNMLNJQHLGFBB87DA,91.09,0.0,8.24,有,
北屯區,房地(土地+建物)+車位,臺中市北屯區興安路二段９６號三樓之１,20.99,都市：其他:第二種住宅區,,,1130501,土地1建物1車位1,三層,十五層,住宅大樓(11層含以上有電梯),住家用,鋼筋混凝土造,1150507,145.38,3,2,2,有,有,16160000,119878,坡道機械,17.25,800000,預售屋、或土地及建物分件登記案件；,RPTNMLNJQHLGFBB18DA,77.61,0.0,7.65,有,
南屯區,房地(土地+建物)+車位,臺中市南屯區建功路６７號十九樓之２,19.97,都市：其他:第五種住宅區,,,1130519,土地1建物1車位2,十九層,二十三層,住宅大樓(11層含以上有電梯),住家用,鋼筋混凝土造,1141226,221.63,4,2,2,有,有,24500000,122823,坡道平面,52.28,3700000,預售屋、或土地及建物分件登記案件；,RPOSMLMLPHLGFCB28DA,102.97,0.0,13.32,有,
南屯區,房地(土地+建物)+車位,臺中市南屯區建功路７１號三樓之８,13.83,都市：其他:第五種住宅區,,,1130519,土地1建物1車位1,三層,二十三層,住宅大樓(11層含以上有電梯),住家用,鋼筋混凝土造,1141226,154.26,3,2,2,有,有,17900000,127205,坡道平面,27.3,1750000,預售屋、或土地及建物分件登記案件；,RPXPMLMLPHLGFCB88DA,74.57,0.0,7.8,有,
梧棲區,房地(土地+建物)+車位,臺中市梧棲區民安路２０３號,113.0,都市：其他:第四種住宅區,,,1130504,土地2建物1車位1,全,四層,透天厝,住商用,鋼筋混凝土造,1141118,266.87,5,2,5,有,無,26000000,97426,一樓平面,0.0,0,預售屋、或土地及建物分件登記案件；,RPROMLPJQHLGFFB68DA,225.33,0.0,41.54,有,
北屯區,房地(土地+建物)+車位,臺中市北屯區敦和路１６８號十八樓之６,25.6,都市：其他:第一之一種住宅區,,,1130405,土地1建物1車位1,十八層,二十層,住宅大樓(11層含以上有電梯),住家用,鋼筋混凝土造,1150310,135.47,2,2,2,有,有,21700000,203637,坡道平面,41.43,2550000,預售屋、或土地及建物分件登記案件；,RPXTMLOLPHLGFBB76DA,56.23,0.0,3.45,有,
大里區,房地(土地+建物)+車位,臺中市大里區忠孝路１６號五樓之１,29.23,都市：其他:住宅區,,,1130417,土地1建物1車位1,五層,十五層,住宅大樓(11層含以上有電梯),住家用,鋼筋混凝土造,1150516,150.44,3,2,2,有,無,16200000,111492,坡道平面,24.87,2200000,預售屋、或土地及建物分件登記案件；,RPQPMLTKOHLGFIB66DA,74.37,0.0,8.79,有,
大里區,房地(土地+建物)+車位,臺中市大里區忠孝路６號八樓之２,28.91,都市：其他:住宅區,,,1130427,土地1建物1車位1,八層,十五層,住宅大樓(11層含以上有電梯),住家用,鋼筋混凝土造,1150516,148.71,3,2,2,有,無,17190000,119428,坡道平面,24.87,2400000,預售屋、或土地及建物分件登記案件；,RPSTMLTKOHLGFIB27DA,73.94,0.0,8.04,有,
大里區,房地(土地+建物)+車位,臺中市大里區忠孝路６號九樓之２,28.91,都市：其他:住宅區,,,1130427,土地1建物1車位1,九層,十五層,住宅大樓(11層含以上有電梯),住家用,鋼筋混凝土造,1150516,148.71,3,2,2,有,無,17200000,119509,坡道平面,24.87,2400000,預售屋、或土地及建物分件登記案件；,RPSUMLTKOHLGFIB37DA,73.94,0.0,8.04,有,
北屯區,房地(土地+建物)+車位,臺中市北屯區榮富街６３號五樓,36.07,都市：其他:第一之一種住宅區,,,1130418,土地1建物1車位1,五層,八層,華廈(10層含以下有電梯),住家用,鋼筋混凝土造,1150526,132.12,3,2,2,有,有,20300000,175928,坡道平面,28.1,2000000,預售屋、或土地及建物分件登記案件；,RPRNMLPJPHLGFBB08DA,62.8,0.0,5.87,有,
南屯區,房地(土地+建物)+車位,臺中市南屯區惠文路３０６號二樓,30.76,都市：其他:第二種住宅區,,,1130421,土地1建物1車位2,二層,十三層,住宅大樓(11層含以上有電梯),住家用,鋼筋混凝土造,1150605,201.59,3,2,2,有,有,34000000,216812,坡道平面,70.14,5500000,預售屋、或土地及建物分件登記案件；,RPQPMLMLOHLGFCB08DA,75.01,0.0,9.11,有,
南屯區,房地(土地+建物)+車位,臺中市南屯區惠文路３１０號三樓,21.96,都市：其他:第二種住宅區,,,1130408,土地1建物1車位1,三層,十三層,住宅大樓(11層含以上有電梯),住家用,鋼筋混凝土造,1150605,132.24,2,2,2,有,有,20880000,191480,坡道平面,38.34,2900000,預售屋、或土地及建物分件登記案件；,RPWQMLMLOHLGFCB78DA,54.62,0.0,5.46,有,
南屯區,房地(土地+建物)+車位,臺中市南屯區惠文路３２０號三樓,21.96,都市：其他:第二種住宅區,,,1130424,土地1建物1車位1,三層,十三層,住宅大樓(11層含以上有電梯),住家用,鋼筋混凝土造,1150605,128.97,2,2,2,有,有,22600000,210863,坡道平面,35.07,2800000,預售屋、或土地及建物分件登記案件；,RPUPMLNLOHLGFCB58DA,54.62,0.0,5.46,有,
南屯區,房地(土地+建物)+車位,臺中市南屯區惠文路３２０號四樓,21.96,都市：其他:第二種住宅區,,,1130402,土地1建物1車位1,四層,十三層,住宅大樓(11層含以上有電梯),住家用,鋼筋混凝土造,1150605,128.97,2,2,2,有,有,22030000,205857,坡道平面,35.07,2700000,預售屋、或土地及建物分件登記案件；,RPVPMLNLOHLGFCB68DA,54.62,0.0,5.46,有,
北屯區,房地(土地+建物),臺中市北屯區榮德路７３７之７號,93.0,都市：其他:第一之一種住宅區,,,1130405,土地4建物1車位0,全,四層,透天厝,住家用,鋼筋混凝土造,1150212,263.22,3,2,3,有,有,39980000,151888,,0.0,0,114年9月8日平轉預售屋、或土地及建物分件登記案件；,RPPPMLNLOHLGFBB97DA,231.43,0.0,23.69,有,
梧棲區,房地(土地+建物)+車位,臺中市梧棲區文心街２１巷８１號五樓之２,27.61,都市：其他:第四種住宅區,,,1130412,土地1建物1車位1,五層,六層,華廈(10層含以下有電梯),住家用,鋼筋混凝土造,1150212,98.82,2,1,2,有,有,8560000,87211,坡道機械,11.56,950000,預售屋、或土地及建物分件登記案件；,RPPOMLQKPHLGFFB58DA,55.79,0.0,3.54,有,
梧棲區,房地(土地+建物)+車位,臺中市梧棲區文心街２１巷８３號五樓之１,29.85,都市：其他:第四種住宅區,,,1130412,土地1建物1車位1,五層,六層,華廈(10層含以下有電梯),住家用,鋼筋混凝土造,1150212,106.19999999999999,2,1,2,有,有,9050000,85587,坡道機械,11.56,950000,115年3月17日經台中市政府核准換約取得全部，價金不變預售屋、或土地及建物分件登記案件；,RPSRMLRKPHLGFFB66DA,56.09,0.0,8.32,有,
北屯區,房地(土地+建物)+車位,臺中市北屯區敦富路８１８號二樓之６,22.63,都市：其他:第二之一種住宅區,,,1130415,土地1建物1車位1,二層,十五層,住宅大樓(11層含以上有電梯),住家用,鋼筋混凝土造,1150613,178.98000000000002,3,2,2,有,有,20350000,129084,坡道平面,34.5,1700000,115.03.06 辦理配偶間讓渡。預售屋、或土地及建物分件登記案件；,RPSUMLLLPHLGFBB68DA,84.65,0.0,10.46,有,
北屯區,房地(土地+建物)+車位,臺中市北屯區敦富路８１８號三樓之６,22.63,都市：其他:第二之一種住宅區,,,1130407,土地1建物1車位2,三層,十五層,住宅大樓(11層含以上有電梯),住家用,鋼筋混凝土造,1150613,213.49,3,2,2,有,有,23090000,132120,坡道平面,69.0,4000000,預售屋、或土地及建物分件登記案件；,RPTUMLLLPHLGFBB78DA,84.65,0.0,10.46,有,
北屯區,房地(土地+建物)+車位,臺中市北屯區興安路二段９６號十一樓之３,21.37,都市：其他:第二種住宅區,,,1130427,土地1建物1車位1,十一層,十五層,住宅大樓(11層含以上有電梯),住家用,鋼筋混凝土造,1150507,155.72,3,2,2,有,有,17630000,119212,坡道平面,24.19,1950000,親友、員工、共有人或其他特殊關係間之交易；預售屋、或土地及建物分件登記案件；,RPPQMLSLPHLGFBB68DA,78.4,0.0,9.05,有,
北屯區,房地(土地+建物)+車位,臺中市北屯區興安路二段９６號七樓之５,21.37,都市：其他:第二種住宅區,,,1130427,土地1建物3車位1,七層,十五層,住宅大樓(11層含以上有電梯),住家用,鋼筋混凝土造,1150507,461.76,3,2,2,有,有,18440000,37685,坡道平面,24.19,1950000,114.07.01預售屋讓渡，讓渡關係:配偶。親友、員工、共有人或其他特殊關係間之交易；預售屋、或土地及建物分件登記案件；,RPSNMLNJQHLGFBB08DA,232.83,0.0,26.05,有,
南屯區,房地(土地+建物)+車位,臺中市南屯區建功路６７號二十三樓之２,19.97,都市：其他:第五種住宅區,,,1130428,土地1建物1車位2,二十三層,二十三層,住宅大樓(11層含以上有電梯),住家用,鋼筋混凝土造,1141226,221.63,4,2,2,有,有,24500000,122823,坡道平面,52.28,3700000,預售屋、或土地及建物分件登記案件；,RPQQMLNLPHLGFCB38DA,102.97,0.0,13.32,有,
大里區,房地(土地+建物)+車位,臺中市大里區忠孝路６號五樓之７,28.72,都市：其他:住宅區,,,1130307,土地1建物1車位1,五層,十五層,住宅大樓(11層含以上有電梯),住家用,鋼筋混凝土造,1150516,148.10000000000002,3,2,2,有,無,15840000,111499,坡道平面,24.87,2100000,預售屋、或土地及建物分件登記案件；,RPQQMLTKOHLGFIB76DA,73.61,0.0,7.98,有,
大里區,房地(土地+建物)+車位,臺中市大里區忠孝路６號六樓之７,28.72,都市：其他:住宅區,,,1130307,土地1建物1車位1,六層,十五層,住宅大樓(11層含以上有電梯),住家用,鋼筋混凝土造,1150516,148.10000000000002,3,2,2,有,無,15950000,112391,坡道平面,24.87,2100000,預售屋、或土地及建物分件登記案件；,RPSRMLTKOHLGFIB07DA,73.61,0.0,7.98,有,
大里區,房地(土地+建物)+車位,臺中市大里區忠孝路１６號十樓之２,28.86,都市：其他:住宅區,,,1130321,土地1建物1車位1,十層,十五層,住宅大樓(11層含以上有電梯),住家用,鋼筋混凝土造,1150516,148.82,3,2,2,有,無,16550000,114966,坡道平面,24.87,2300000,預售屋、或土地及建物分件登記案件；,RPXUMLTKOHLGFIB87DA,73.3,0.0,8.79,有,
南屯區,房地(土地+建物)+車位,臺中市南屯區惠文路３０２號十一樓,32.35,都市：其他:第二種住宅區,,,1130307,土地1建物1車位2,十一層,十三層,住宅大樓(11層含以上有電梯),住家用,鋼筋混凝土造,1150605,214.88,3,2,2,有,有,35440000,215919,坡道平面,76.68,5600000,預售屋、或土地及建物分件登記案件；,RPOPMLMLOHLGFCB87DA,78.67,0.0,9.77,有,
南屯區,房地(土地+建物)+車位,臺中市南屯區惠文路３０６號六樓,30.76,都市：其他:第二種住宅區,,,1130307,土地1建物1車位1,六層,十三層,住宅大樓(11層含以上有電梯),住家用,鋼筋混凝土造,1150605,166.51,3,2,2,有,有,30860000,212721,坡道平面,35.07,2900000,預售屋、或土地及建物分件登記案件；,RPUPMLMLOHLGFCB48DA,75.01,0.0,9.11,有,
南屯區,房地(土地+建物)+車位,臺中市南屯區惠文路３０６號十樓,30.76,都市：其他:第二種住宅區,,,1130315,土地1建物1車位2,十層,十三層,住宅大樓(11層含以上有電梯),住家用,鋼筋混凝土造,1150605,201.59,3,2,2,有,有,33650000,214150,坡道平面,70.14,5500000,預售屋、或土地及建物分件登記案件；,RPQQMLMLOHLGFCB18DA,75.01,0.0,9.11,有,
南屯區,房地(土地+建物)+車位,臺中市南屯區惠文路３１０號十三樓,21.96,都市：其他:第二種住宅區,,,1130316,土地1建物1車位1,十三層,十三層,住宅大樓(11層含以上有電梯),住家用,鋼筋混凝土造,1150605,128.97,2,2,2,有,有,22470000,211608,坡道平面,35.07,2600000,預售屋、或土地及建物分件登記案件；,RPQSMLMLOHLGFCB38DA,54.62,0.0,5.46,有,
南屯區,房地(土地+建物)+車位,臺中市南屯區惠文路３０８號五樓,21.14,都市：其他:第二種住宅區,,,1130303,土地1建物1車位1,五層,十三層,住宅大樓(11層含以上有電梯),住家用,鋼筋混凝土造,1150605,125.4,2,2,2,有,有,20200000,192627,坡道平面,35.07,2800000,預售屋、或土地及建物分件登記案件；,RPPTMLMLOHLGFCB38DA,52.31,0.0,5.46,有,
南屯區,房地(土地+建物)+車位,臺中市南屯區惠文路３２０號五樓,21.96,都市：其他:第二種住宅區,,,1130330,土地1建物1車位1,五層,十三層,住宅大樓(11層含以上有電梯),住家用,鋼筋混凝土造,1150605,128.97,2,2,2,有,有,23180000,217039,坡道平面,35.07,2800000,預售屋、或土地及建物分件登記案件；,RPWPMLNLOHLGFCB78DA,54.62,0.0,5.46,有,
南屯區,房地(土地+建物)+車位,臺中市南屯區惠文路３２０號七樓,21.96,都市：其他:第二種住宅區,,,1130304,土地1建物1車位1,七層,十三層,住宅大樓(11層含以上有電梯),住家用,鋼筋混凝土造,1150605,128.97,2,2,2,有,有,23240000,218743,坡道平面,35.07,2700000,預售屋、或土地及建物分件登記案件；,RPOQMLNLOHLGFCB08DA,54.62,0.0,5.46,有,
南屯區,房地(土地+建物)+車位,臺中市南屯區惠文路３１８號九樓,21.14,都市：其他:第二種住宅區,,,1130330,土地1建物1車位1,九層,十三層,住宅大樓(11層含以上有電梯),住家用,鋼筋混凝土造,1150605,125.4,2,2,2,有,有,21680000,210118,坡道平面,35.07,2700000,預售屋、或土地及建物分件登記案件；,RPXRMLNLOHLGFCB09DA,52.31,0.0,5.46,有,
南屯區,房地(土地+建物)+車位,臺中市南屯區惠文路３１８號十一樓,21.14,都市：其他:第二種住宅區,,,1130315,土地1建物1車位1,十一層,十三層,住宅大樓(11層含以上有電梯),住家用,鋼筋混凝土造,1150605,122.63,2,2,2,有,有,22000000,213661,坡道平面,32.3,2700000,預售屋、或土地及建物分件登記案件；,RPQSMLNLOHLGFCB48DA,52.31,0.0,5.46,有,
南屯區,房地(土地+建物)+車位,臺中市南屯區惠文路３１８號十二樓,21.14,都市：其他:第二種住宅區,,,1130318,土地1建物1車位1,十二層,十三層,住宅大樓(11層含以上有電梯),住家用,鋼筋混凝土造,1150605,125.4,2,2,2,有,有,22250000,215322,坡道平面,35.07,2800000,預售屋、或土地及建物分件登記案件；,RPRSMLNLOHLGFCB58DA,52.31,0.0,5.46,有,
南屯區,房地(土地+建物)+車位,臺中市南屯區惠文路３１０號十二樓,21.96,都市：其他:第二種住宅區,,,1130308,土地1建物1車位1,十二層,十三層,住宅大樓(11層含以上有電梯),住家用,鋼筋混凝土造,1150605,126.2,2,2,2,有,有,22420000,211076,坡道平面,32.3,2600000,預售屋、或土地及建物分件登記案件；,RPWOMLPLOHLGFCB88DA,54.62,0.0,5.46,有,
烏日區,房地(土地+建物)+車位,臺中市烏日區日新街５６巷１號九樓之５,29.99,都市：其他:第三種住宅區。,,,1130319,土地1建物1車位1,九層,十一層,住宅大樓(11層含以上有電梯),住家用,鋼筋混凝土造,1150513,151.3,3,2,2,有,有,17060000,120705,坡道平面,25.29,1850000,預售屋、或土地及建物分件登記案件；,RPRQMLOJPHLGFIB98DA,74.98,0.0,7.13,有,
烏日區,房地(土地+建物)+車位,臺中市烏日區日新街５６巷３號八樓之２,32.07,都市：其他:第三種住宅區。,,,1130330,土地1建物1車位1,八層,十一層,住宅大樓(11層含以上有電梯),住家用,鋼筋混凝土造,1150513,159.4,3,2,2,有,有,18320000,122810,坡道平面,25.29,1850000,預售屋、或土地及建物分件登記案件；,RPVRMLOJPHLGFIB86DA,80.26,0.0,7.13,有,
烏日區,房地(土地+建物)+車位,臺中市烏日區日新街５６巷３號六樓之２,32.07,都市：其他:第三種住宅區。,,,1130315,土地1建物1車位1,六層,十一層,住宅大樓(11層含以上有電梯),住家用,鋼筋混凝土造,1150513,159.4,3,2,2,有,有,18080000,119752,坡道平面,25.29,2020000,預售屋、或土地及建物分件登記案件；,RPROMLKKPHLGFIB48DA,80.26,0.0,7.13,有,
烏日區,房地(土地+建物)+車位,臺中市烏日區日新街５６巷３號六樓之１,32.07,都市：其他:第三種住宅區。,,,1130301,土地1建物1車位1,六層,十一層,住宅大樓(11層含以上有電梯),住家用,鋼筋混凝土造,1150513,160.49,3,2,2,有,有,17630000,118152,坡道平面,26.51,1800000,預售屋、或土地及建物分件登記案件；,RPRPMLOLPHLGFIB09DA,80.19,0.0,7.13,有,
沙鹿區,房地(土地+建物)+車位,臺中市沙鹿區平等六街８７號四樓之２,25.22,都市：其他:第二種住宅區,,,1130301,土地1建物1車位1,四層,七層,華廈(10層含以下有電梯),住家用,鋼筋混凝土造,1150423,110.33,2,1,1,有,無,10940000,115365,坡道平面,33.27,2050000,預售屋、或土地及建物分件登記案件；,RPQRMLOJNHLGFFB48DA,46.79,0.0,3.83,有,
沙鹿區,房地(土地+建物)+車位,臺中市沙鹿區平等六街８９號六樓之６,27.41,都市：其他:第二種住宅區,,,1130322,土地1建物1車位1,六層,七層,華廈(10層含以下有電梯),住家用,鋼筋混凝土造,1150423,117.69,2,1,1,有,無,12350000,123194,坡道平面,33.27,1950000,預售屋、或土地及建物分件登記案件；,RPSPMLRJNHLGFFB78DA,52.33,0.0,3.13,有,
沙鹿區,房地(土地+建物)+車位,臺中市沙鹿區平等六街８５號七樓之２,26.5,都市：其他:第二種住宅區,,,1130309,土地1建物1車位1,七層,七層,華廈(10層含以下有電梯),住家用,鋼筋混凝土造,1150423,114.09,2,1,2,有,無,11250000,115071,坡道平面,33.27,1950000,預售屋、或土地及建物分件登記案件；,RPVPMLRJNHLGFFB09DA,49.22,0.0,3.86,有,
沙鹿區,房地(土地+建物)+車位,臺中市沙鹿區平等六街８７號之１,23.11,都市：其他:第二種住宅區,,,1130317,土地1建物1車位2,一層,七層,華廈(10層含以下有電梯),住家用,鋼筋混凝土造,1150423,137.82,2,1,1,有,無,12500000,126263,坡道平面,66.54,3500000,預售屋、或土地及建物分件登記案件；,RPQNMLPLOHLGFFB48DA,46.79,0.0,0.0,有,
太平區,房地(土地+建物)+車位,臺中市太平區樹德五街１７號九樓之３,30.0,都市：其他:住宅區,,,1130305,土地1建物1車位1,九層,十五層,住宅大樓(11層含以上有電梯),住家用,鋼筋混凝土造,1150512,170.2,3,2,2,有,有,17220000,118499,坡道平面,39.65,1750000,預售屋、或土地及建物分件登記案件；,RPXNMLKMPHLGFJB66DA,75.77,0.0,9.27,有,
太平區,房地(土地+建物)+車位,臺中市太平區樹德五街１７號十樓之１,29.78,都市：其他:住宅區,,,1130322,土地1建物1車位2,十層,十五層,住宅大樓(11層含以上有電梯),住家用,鋼筋混凝土造,1150512,208.75,3,2,2,有,有,19010000,119815,坡道平面,79.3,3500000,預售屋、或土地及建物分件登記案件；,RPOOMLKMPHLGFJB48DA,75.77,0.0,8.57,有,
北屯區,房地(土地+建物)+車位,臺中市北屯區敦富路８１８號四樓之３,21.83,都市：其他:第二之一種住宅區,,,1130316,土地1建物1車位1,四層,十五層,住宅大樓(11層含以上有電梯),住家用,鋼筋混凝土造,1150613,173.81,3,2,2,有,有,21620000,141555,坡道平面,34.5,1900000,預售屋、或土地及建物分件登記案件；,RPTRMLLLPHLGFBB48DA,81.34,0.0,10.4,有,
大雅區,房地(土地+建物),臺中市大雅區振興路９１之３號,81.16,都市：其他:農業區,,,1130321,土地2建物1車位0,全,四層,透天厝,住家用,鋼筋混凝土造,1150206,204.7,4,2,6,有,無,25750000,125794,,0.0,0,預售屋、或土地及建物分件登記案件；,RPOOMLKKPHLGFHB08DA,187.72,0.0,16.98,有,
大雅區,土地,山德段1076地號,11.61,都市：其他:農業區,,,1130321,土地1建物0車位0,,,其他,,,,0.0,0,0,0,無,無,50000,4307,,0.0,0,,RPVOMLKKPHLGFHB78DA,0.0,0.0,0.0,無,182
北屯區,房地(土地+建物)+車位,臺中市北屯區敦富路８１８號十二樓之５,21.27,都市：其他:第二之一種住宅區,,,1130304,土地1建物1車位2,十二層,十五層,住宅大樓(11層含以上有電梯),住家用,鋼筋混凝土造,1150613,203.68,3,2,2,有,有,24130000,150497,坡道平面,67.93,3700000,預售屋、或土地及建物分件登記案件；,RPOUMLLLPHLGFBB28DA,78.11,0.0,11.25,有,
北屯區,房地(土地+建物)+車位,臺中市北屯區敦富路８１８號四樓之６,22.63,都市：其他:第二之一種住宅區,,,1130316,土地1建物1車位1,四層,十五層,住宅大樓(11層含以上有電梯),住家用,鋼筋混凝土造,1150613,178.98000000000002,3,2,2,有,有,21870000,137528,坡道平面,34.5,2000000,預售屋、或土地及建物分件登記案件；,RPUUMLLLPHLGFBB88DA,84.65,0.0,10.46,有,
北屯區,房地(土地+建物)+車位,臺中市北屯區敦富路８１８號六樓之６,22.63,都市：其他:第二之一種住宅區,,,1130324,土地1建物1車位1,六層,十五層,住宅大樓(11層含以上有電梯),住家用,鋼筋混凝土造,1150613,178.98000000000002,3,2,2,有,有,22180000,141750,坡道平面,34.5,1700000,預售屋、或土地及建物分件登記案件；,RPXUMLLLPHLGFBB56DA,84.65,0.0,10.46,有,
北區,房地(土地+建物)+車位,臺中市北區太原八街８３號四樓之５,20.93,都市：其他:第二種住宅區,,,1130314,土地1建物1車位1,四層,七層,華廈(10層含以下有電梯),住家用,鋼筋混凝土造、鋼骨造,1150310,87.89,2,2,2,有,有,11220000,126687,升降機械,5.64,800000,預售屋、或土地及建物分件登記案件；,RPUPMLPLNHLGFBB58DA,46.72,0.0,3.86,有,
南屯區,房地(土地+建物)+車位,臺中市南屯區建功路７１號九樓之３,11.52,都市：其他:第五種住宅區,,,1130304,土地1建物1車位1,九層,二十三層,住宅大樓(11層含以上有電梯),住家用,鋼筋混凝土造,1141226,128.07999999999998,2,2,1,有,有,14920000,129684,坡道平面,26.14,1700000,預售屋、或土地及建物分件登記案件；,RPSPMLMLPHLGFCB38DA,60.7,0.0,5.49,有,
南屯區,房地(土地+建物)+車位,臺中市南屯區建功路７１號十三樓之３,11.52,都市：其他:第五種住宅區,,,1130324,土地1建物1車位1,十三層,二十三層,住宅大樓(11層含以上有電梯),住家用,鋼筋混凝土造,1141226,128.07999999999998,2,2,1,有,有,14900000,130959,坡道平面,26.14,1550000,預售屋、或土地及建物分件登記案件；,RPTPMLMLPHLGFCB48DA,60.7,0.0,5.49,有,
南屯區,房地(土地+建物)+車位,臺中市南屯區建功路７１號十二樓之５,14.6,都市：其他:第五種住宅區,,,1130323,土地1建物1車位1,十二層,二十三層,住宅大樓(11層含以上有電梯),住家用,鋼筋混凝土造,1141226,155.47,3,2,2,有,有,17960000,125725,坡道平面,26.14,1700000,預售屋、或土地及建物分件登記案件；,RPVPMLMLPHLGFCB68DA,72.54,0.0,11.42,有,
南屯區,房地(土地+建物)+車位,臺中市南屯區建功路６９號十三樓之８,14.6,都市：其他:第五種住宅區,,,1130302,土地1建物1車位1,十三層,二十三層,住宅大樓(11層含以上有電梯),住家用,鋼筋混凝土造,1141226,158.16000000000003,3,2,2,有,有,18060000,122784,坡道平面,26.14,1850000,預售屋、或土地及建物分件登記案件；,RPTRMLMLPHLGFCB68DA,72.91,0.0,13.74,有,
南屯區,房地(土地+建物)+車位,臺中市南屯區建功路６５號二樓之８,14.6,都市：其他:第五種住宅區,,,1130329,土地1建物1車位1,二層,二十三層,住宅大樓(11層含以上有電梯),住家用,鋼筋混凝土造,1141226,158.82,3,2,2,有,有,17400000,116446,坡道平面,26.14,1950000,預售屋、或土地及建物分件登記案件；,RPPTMLMLPHLGFCB48DA,75.35,0.0,11.58,有,
神岡區,房地(土地+建物)+車位,臺中市神岡區豐社路１９６號三樓之２,35.01,都市：其他:第一之一種住宅區,,,1130301,土地1建物1車位2,三層,十四層,住宅大樓(11層含以上有電梯),住家用,鋼筋混凝土造,1150402,187.64,4,2,2,有,有,16980000,96978,坡道平面,48.64,3500000,預售屋、或土地及建物分件登記案件；,RPQNMLLJQHLGFDB87DA,85.24,0.0,6.73,有,
梧棲區,房地(土地+建物)+車位,臺中市梧棲區民安路２０５號,165.0,都市：其他:第四種住宅區,,,1130317,土地2建物1車位1,全,四層,透天厝,住商用,鋼筋混凝土造,1141118,319.08,6,2,6,有,無,32500000,101855,一樓平面,0.0,0,預售屋、或土地及建物分件登記案件；,RPQOMLPJQHLGFFB58DA,296.67,0.0,22.41,有,
西屯區,房地(土地+建物)+車位,臺中市西屯區同志巷６０之２７號,75.96,都市：其他:農業區,,,1130216,土地4建物1車位1,全,四層,透天厝,住家用,鋼筋混凝土造,1150212,239.95,4,3,5,有,無,29500000,122942,一樓平面,0.0,0,預售屋、或土地及建物分件登記案件；,RPRPMLTLOHLGFCB88DA,230.57,0.0,9.31,有,
西屯區,房地(土地+建物)+車位,臺中市西屯區同志巷６０之１７號,92.68,都市：其他:農業區,,,1130216,土地5建物1車位1,全,四層,透天厝,住家用,鋼筋混凝土造,1150212,229.78,4,3,5,有,無,26800000,116633,一樓平面,0.0,0,預售屋、或土地及建物分件登記案件；,RPVNMLMJPHLGFCB28DA,221.04,0.0,8.67,有,
西屯區,房地(土地+建物)+車位,臺中市西屯區同志巷６０之１２號,92.68,都市：其他:農業區,,,1130201,土地5建物1車位1,全,四層,透天厝,住家用,鋼筋混凝土造,1150212,229.78,4,3,5,有,無,26800000,116633,一樓平面,0.0,0,預售屋、或土地及建物分件登記案件；,RPPOMLMJPHLGFCB77DA,221.04,0.0,8.67,有,
大里區,房地(土地+建物)+車位,臺中市大里區忠孝路６號六樓之６,31.6,都市：其他:住宅區,,,1130224,土地1建物1車位1,六層,十五層,住宅大樓(11層含以上有電梯),住家用,鋼筋混凝土造,1150516,160.16,3,2,2,有,無,17990000,116712,坡道平面,24.87,2200000,預售屋、或土地及建物分件登記案件；,RPRRMLTKOHLGFIB96DA,80.31,0.0,9.24,有,
北屯區,房地(土地+建物)+車位,臺中市北屯區榮富街６３號二樓,36.07,都市：其他:第一之一種住宅區,,,1130224,土地1建物1車位2,二層,八層,華廈(10層含以下有電梯),住家用,鋼筋混凝土造,1150526,160.22,3,2,2,有,有,21180000,166122,坡道平面,56.2,3900000,增購1車位190萬元預售屋、或土地及建物分件登記案件；,RPTPMLLJPHLGFBB08DA,62.8,0.0,5.87,有,
南屯區,房地(土地+建物)+車位,臺中市南屯區惠文路３０２號三樓,32.35,都市：其他:第二種住宅區,,,1130204,土地1建物1車位1,三層,十三層,住宅大樓(11層含以上有電梯),住家用,鋼筋混凝土造,1150605,173.26999999999998,3,2,2,有,有,30680000,202460,坡道平面,35.07,2700000,預售屋、或土地及建物分件登記案件；,RPTNMLMLOHLGFCB18DA,78.67,0.0,9.77,有,
南屯區,房地(土地+建物)+車位,臺中市南屯區惠文路３１０號十一樓,21.96,都市：其他:第二種住宅區,,,1130204,土地1建物1車位1,十一層,十三層,住宅大樓(11層含以上有電梯),住家用,鋼筋混凝土造,1150605,128.97,2,2,2,有,有,22250000,207135,坡道平面,35.07,2800000,預售屋、或土地及建物分件登記案件；,RPOSMLMLOHLGFCB18DA,54.62,0.0,5.46,有,
南屯區,房地(土地+建物)+車位,臺中市南屯區惠文路３１８號五樓,21.14,都市：其他:第二種住宅區,,,1130224,土地1建物1車位1,五層,十三層,住宅大樓(11層含以上有電梯),住家用,鋼筋混凝土造,1150605,125.4,2,2,2,有,有,21280000,205690,坡道平面,35.07,2700000,預售屋、或土地及建物分件登記案件；,RPTRMLNLOHLGFCB68DA,52.31,0.0,5.46,有,
沙鹿區,房地(土地+建物)+車位,臺中市沙鹿區平等六街８７號二樓之６,28.35,都市：其他:第二種住宅區,,,1130220,土地1建物1車位1,二層,七層,華廈(10層含以下有電梯),住家用,鋼筋混凝土造,1150423,120.55000000000001,2,1,1,有,無,12080000,116063,坡道平面,33.27,1950000,預售屋、或土地及建物分件登記案件；,RPOPMLOJNHLGFFB08DA,54.21,0.0,3.13,有,
北屯區,房地(土地+建物)+車位,臺中市北屯區敦富路８１８號十三樓之５,21.27,都市：其他:第二之一種住宅區,,,1130224,土地1建物1車位1,十三層,十五層,住宅大樓(11層含以上有電梯),住家用,鋼筋混凝土造,1150613,168.49,3,2,2,有,有,22410000,149624,坡道平面,32.75,2100000,預售屋、或土地及建物分件登記案件；,RPPUMLLLPHLGFBB38DA,78.11,0.0,11.25,有,
北屯區,房地(土地+建物)+車位,臺中市北屯區敦富路８１８號十五樓之６,22.63,都市：其他:第二之一種住宅區,,,1130229,土地1建物1車位2,十五層,十五層,住宅大樓(11層含以上有電梯),住家用,鋼筋混凝土造,1150613,213.49,3,2,2,有,有,24870000,147207,坡道平面,69.0,3600000,預售屋、或土地及建物分件登記案件；,RPRNNLMLPHLGFBB08DA,84.65,0.0,10.46,有,
北屯區,房地(土地+建物)+車位,臺中市北屯區敦富路８１８號二樓之２,24.96,都市：其他:第二之一種住宅區,,,1130224,土地1建物1車位2,二層,十五層,住宅大樓(11層含以上有電梯),住家用,鋼筋混凝土造,1150613,228.3,3,2,2,有,有,27660000,147269,坡道平面,69.0,4200000,預售屋、或土地及建物分件登記案件；,RPSPMLLLPHLGFBB18DA,92.04,0.0,12.86,有,
北屯區,房地(土地+建物)+車位,臺中市北屯區敦富路８１８號十樓之６,22.63,都市：其他:第二之一種住宅區,,,1130222,土地1建物1車位1,十層,十五層,住宅大樓(11層含以上有電梯),住家用,鋼筋混凝土造,1150613,178.98000000000002,3,2,2,有,有,22510000,142650,坡道平面,34.5,1900000,預售屋、或土地及建物分件登記案件；,RPWWMLMLPHLGFBB76DA,84.65,0.0,10.46,有,
北屯區,房地(土地+建物)+車位,臺中市北屯區敦富路８１８號五樓之７,22.83,都市：其他:第二之一種住宅區,,,1130224,土地1建物1車位1,五層,十五層,住宅大樓(11層含以上有電梯),住家用,鋼筋混凝土造,1150613,180.19,3,2,2,有,有,23860000,149358,坡道平面,34.5,2100000,預售屋、或土地及建物分件登記案件；,RPTNMLNLPHLGFBB28DA,85.24,0.0,10.7,有,
南屯區,房地(土地+建物)+車位,臺中市南屯區建功路６９號十四樓之１,14.6,都市：其他:第五種住宅區,,,1130204,土地1建物1車位1,十四層,二十三層,住宅大樓(11層含以上有電梯),住家用,鋼筋混凝土造,1141226,158.44,3,2,2,有,有,17590000,120106,坡道平面,26.14,1700000,預售屋、或土地及建物分件登記案件；,RPPQMLMLPHLGFCB18DA,75.35,0.0,11.58,有,
西屯區,房地(土地+建物)+車位,臺中市西屯區中清路二段１２５０巷３５號二樓之６,14.61,都市：其他:第二種住宅區,,,1130221,土地4建物1車位1,二層,六層,華廈(10層含以下有電梯),住家用,鋼筋混凝土造,1150512,73.32,2,1,1,有,有,12500000,173788,升降平面,10.6,1600000,親友、員工、共有人或其他特殊關係間之交易；毛胚屋；預售屋、或土地及建物分件登記案件；,RPQNMLPJQHLGFCB18DA,30.58,0.0,7.07,有,
西屯區,房地(土地+建物)+車位,臺中市西屯區同志巷６０之２８號,75.91,都市：其他:農業區,,,1130131,土地4建物1車位1,全,四層,透天厝,住家用,鋼筋混凝土造,1150212,239.95,4,3,5,有,無,29500000,122942,一樓平面,0.0,0,預售屋、或土地及建物分件登記案件；,RPSPMLTLOHLGFCB98DA,230.57,0.0,9.31,有,
西屯區,房地(土地+建物)+車位,臺中市西屯區同志巷６０之２９號,75.87,都市：其他:農業區,,,1130128,土地4建物1車位1,全,四層,透天厝,住家用,鋼筋混凝土造,1150212,239.95,4,3,5,有,無,29800000,124193,一樓平面,0.0,0,預售屋、或土地及建物分件登記案件；,RPTPMLTLOHLGFCB09DA,230.57,0.0,9.31,有,
西屯區,房地(土地+建物)+車位,臺中市西屯區同志巷６０之３２號,92.0,都市：其他:農業區,,,1130126,土地4建物1車位1,全,四層,透天厝,住家用,鋼筋混凝土造,1150212,244.29999999999998,4,3,6,有,無,29200000,119525,一樓平面,0.0,0,預售屋、或土地及建物分件登記案件；,RPXPMLTLOHLGFCB86DA,233.65,0.0,10.58,有,
西屯區,房地(土地+建物)+車位,臺中市西屯區同志巷６０之２０號,92.68,都市：其他:農業區,,,1130123,土地5建物1車位1,全,四層,透天厝,住家用,鋼筋混凝土造,1150212,229.78,4,3,5,有,無,26800000,116633,一樓平面,0.0,0,預售屋、或土地及建物分件登記案件；,RPQNMLMJPHLGFCB77DA,221.04,0.0,8.67,有,
西屯區,房地(土地+建物)+車位,臺中市西屯區同志巷６０之１９號,92.68,都市：其他:農業區,,,1130129,土地5建物1車位1,全,四層,透天厝,住家用,鋼筋混凝土造,1150212,229.78,4,3,5,有,無,26800000,116633,一樓平面,0.0,0,預售屋、或土地及建物分件登記案件；,RPRNMLMJPHLGFCB87DA,221.04,0.0,8.67,有,
西屯區,房地(土地+建物)+車位,臺中市西屯區同志巷６０之１８號,92.68,都市：其他:農業區,,,1130129,土地5建物1車位1,全,四層,透天厝,住家用,鋼筋混凝土造,1150212,229.78,4,3,5,有,無,26950000,117286,一樓平面,0.0,0,預售屋、或土地及建物分件登記案件；,RPUNMLMJPHLGFCB18DA,221.04,0.0,8.67,有,
西屯區,房地(土地+建物)+車位,臺中市西屯區同志巷６０之１６號,92.68,都市：其他:農業區,,,1130123,土地5建物1車位1,全,四層,透天厝,住家用,鋼筋混凝土造,1150212,229.78,4,3,5,有,無,26800000,116633,一樓平面,0.0,0,預售屋、或土地及建物分件登記案件；,RPWNMLMJPHLGFCB38DA,221.04,0.0,8.67,有,
西屯區,房地(土地+建物)+車位,臺中市西屯區同志巷６０之１５號,92.68,都市：其他:農業區,,,1130131,土地5建物1車位1,全,四層,透天厝,住家用,鋼筋混凝土造,1150212,229.78,4,3,5,有,無,26800000,116633,一樓平面,0.0,0,預售屋、或土地及建物分件登記案件；,RPXNMLMJPHLGFCB48DA,221.04,0.0,8.67,有,
西屯區,房地(土地+建物)+車位,臺中市西屯區同志巷６０之１３號,92.68,都市：其他:農業區,,,1130128,土地5建物1車位1,全,四層,透天厝,住家用,鋼筋混凝土造,1150212,229.78,4,3,5,有,無,26800000,116633,一樓平面,0.0,0,預售屋、或土地及建物分件登記案件；,RPOOMLMJPHLGFCB67DA,221.04,0.0,8.67,有,
西屯區,房地(土地+建物)+車位,臺中市西屯區同志巷６０之１號,96.71,都市：其他:農業區,,,1130126,土地5建物1車位1,全,四層,透天厝,住家用,鋼筋混凝土造,1150212,240.68,4,3,5,有,無,28200000,117168,一樓平面,0.0,0,預售屋、或土地及建物分件登記案件；,RPTPMLMJPHLGFCB28DA,231.74,0.0,8.87,有,
西屯區,房地(土地+建物)+車位,臺中市西屯區同志巷６０之２號,92.93,都市：其他:農業區,,,1130124,土地5建物1車位1,全,四層,透天厝,住家用,鋼筋混凝土造,1150212,229.78,4,3,5,有,無,28000000,121856,一樓平面,0.0,0,預售屋、或土地及建物分件登記案件；,RPUPMLMJPHLGFCB38DA,221.04,0.0,8.67,有,
西屯區,房地(土地+建物)+車位,臺中市西屯區同志巷６０之３號,93.84,都市：其他:農業區,,,1130124,土地5建物1車位1,全,四層,透天厝,住家用,鋼筋混凝土造,1150212,229.78,4,3,5,有,無,28000000,121856,一樓平面,0.0,0,預售屋、或土地及建物分件登記案件；,RPVPMLMJPHLGFCB48DA,221.04,0.0,8.67,有,
西屯區,房地(土地+建物)+車位,臺中市西屯區同志巷６０之５號,95.12,都市：其他:農業區,,,1130131,土地5建物1車位1,全,四層,透天厝,住家用,鋼筋混凝土造,1150212,229.78,4,3,5,有,無,28000000,121856,一樓平面,0.0,0,預售屋、或土地及建物分件登記案件；,RPWPMLMJPHLGFCB58DA,221.04,0.0,8.67,有,
西屯區,房地(土地+建物)+車位,臺中市西屯區同志巷６０之６號,99.36,都市：其他:農業區,,,1130128,土地5建物1車位1,全,四層,透天厝,住家用,鋼筋混凝土造,1150212,229.78,4,3,5,有,無,28000000,121856,一樓平面,0.0,0,預售屋、或土地及建物分件登記案件；,RPPQMLMJPHLGFCB97DA,221.04,0.0,8.67,有,
西屯區,房地(土地+建物)+車位,臺中市西屯區同志巷６０之７號,106.9,都市：其他:農業區,,,1130127,土地5建物1車位1,全,四層,透天厝,住家用,鋼筋混凝土造,1150212,229.78,4,3,5,有,無,29000000,126208,一樓平面,0.0,0,預售屋、或土地及建物分件登記案件；,RPQQMLMJPHLGFCB08DA,221.04,0.0,8.67,有,
后里區,房地(土地+建物),臺中市后里區九甲五路１８８巷１１號五樓,64.75,,特定農業區,農牧用地,1130103,土地3建物1車位0,五層,八層,華廈(10層含以下有電梯),住家用,鋼筋混凝土造,1150316,81.22,2,2,2,有,有,8250000,101576,,0.0,0,1.本案土地171地號交易總價為新台幣235.5萬元整，房屋270建號交易總價為新台幣549.5萬元整。2.本案農地169、170地號買賣交易總價為新台幣40萬元整。預售屋、或土地及建物分件登記案件；,RPUOMLOJOHLGFDB48DA,53.88,0.0,3.46,有,
大里區,房地(土地+建物)+車位,臺中市大里區忠孝路１６號八樓之２,28.86,都市：其他:住宅區,,,1130105,土地1建物1車位1,八層,十五層,住宅大樓(11層含以上有電梯),住家用,鋼筋混凝土造,1150516,148.82,3,2,2,有,無,16280000,113594,坡道平面,24.87,2200000,預售屋、或土地及建物分件登記案件；,RPWSMLTKOHLGFIB57DA,73.3,0.0,8.79,有,
南屯區,房地(土地+建物)+車位,臺中市南屯區惠文路３０２號十三樓,32.35,都市：其他:第二種住宅區,,,1130108,土地1建物1車位2,十三層,十三層,住宅大樓(11層含以上有電梯),住家用,鋼筋混凝土造,1150605,208.34,3,2,2,有,有,34980000,211867,坡道平面,70.14,5700000,預售屋、或土地及建物分件登記案件；,RPPPMLMLOHLGFCB97DA,78.67,0.0,9.77,有,
南屯區,房地(土地+建物)+車位,臺中市南屯區惠文路３０６號八樓,30.76,都市：其他:第二種住宅區,,,1130120,土地1建物1車位1,八層,十三層,住宅大樓(11層含以上有電梯),住家用,鋼筋混凝土造,1150605,166.51,3,2,2,有,有,30760000,211960,坡道平面,35.07,2900000,預售屋、或土地及建物分件登記案件；,RPVPMLMLOHLGFCB58DA,75.01,0.0,9.11,有,
南屯區,房地(土地+建物)+車位,臺中市南屯區惠文路３１０號七樓,21.96,都市：其他:第二種住宅區,,,1130110,土地1建物1車位1,七層,十三層,住宅大樓(11層含以上有電梯),住家用,鋼筋混凝土造,1150605,128.97,2,2,2,有,有,21880000,204260,坡道平面,35.07,2700000,預售屋、或土地及建物分件登記案件；,RPQRMLMLOHLGFCB28DA,54.62,0.0,5.46,有,
南屯區,房地(土地+建物)+車位,臺中市南屯區惠文路３０８號十樓,21.14,都市：其他:第二種住宅區,,,1130129,土地1建物1車位1,十層,十三層,住宅大樓(11層含以上有電梯),住家用,鋼筋混凝土造,1150605,125.4,2,2,2,有,有,20180000,193513,坡道平面,35.07,2700000,預售屋、或土地及建物分件登記案件；,RPWTMLMLOHLGFCB09DA,52.31,0.0,5.46,有,
南屯區,房地(土地+建物)+車位,臺中市南屯區惠文路３０８號十三樓,21.14,都市：其他:第二種住宅區,,,1130119,土地1建物1車位1,十三層,十三層,住宅大樓(11層含以上有電梯),住家用,鋼筋混凝土造,1150605,125.4,2,2,2,有,有,21450000,206465,坡道平面,35.07,2800000,預售屋、或土地及建物分件登記案件；,RPPUMLMLOHLGFCB48DA,52.31,0.0,5.46,有,
南屯區,房地(土地+建物)+車位,臺中市南屯區惠文路３１６號八樓,30.76,都市：其他:第二種住宅區,,,1130125,土地1建物1車位1,八層,十三層,住宅大樓(11層含以上有電梯),住家用,鋼筋混凝土造,1150605,166.51,3,2,2,有,有,30820000,211656,坡道平面,35.07,3000000,預售屋、或土地及建物分件登記案件；,RPVOMLNLOHLGFCB58DA,75.01,0.0,9.11,有,
南屯區,房地(土地+建物)+車位,臺中市南屯區惠文路３１６號十樓,30.76,都市：其他:第二種住宅區,,,1130126,土地1建物1車位2,十層,十三層,住宅大樓(11層含以上有電梯),住家用,鋼筋混凝土造,1150605,201.59,3,2,2,有,有,33360000,212704,坡道平面,70.14,5400000,預售屋、或土地及建物分件登記案件；,RPOPMLNLOHLGFCB97DA,75.01,0.0,9.11,有,
南屯區,房地(土地+建物)+車位,臺中市南屯區惠文路３２０號十一樓,21.96,都市：其他:第二種住宅區,,,1130115,土地1建物1車位1,十一層,十三層,住宅大樓(11層含以上有電梯),住家用,鋼筋混凝土造,1150605,128.97,2,2,2,有,有,23510000,220554,坡道平面,35.07,2800000,預售屋、或土地及建物分件登記案件；,RPUQMLNLOHLGFCB68DA,54.62,0.0,5.46,有,
烏日區,房地(土地+建物)+車位,臺中市烏日區日新街５６巷１號十樓之２,32.86,都市：其他:第三種住宅區。,,,1130121,土地1建物1車位1,十層,十一層,住宅大樓(11層含以上有電梯),住家用,鋼筋混凝土造,1150513,162.53,3,2,2,有,有,18100000,118770,坡道平面,25.29,1800000,預售屋、或土地及建物分件登記案件；,RPWOMLOJPHLGFIB66DA,81.91,0.0,7.52,有,
沙鹿區,房地(土地+建物)+車位,臺中市沙鹿區平等六街８７號六樓之６,28.35,都市：其他:第二種住宅區,,,1130105,土地1建物1車位1,六層,七層,華廈(10層含以下有電梯),住家用,鋼筋混凝土造,1150423,120.55000000000001,2,1,1,有,無,11900000,116292,坡道平面,33.27,1750000,預售屋、或土地及建物分件登記案件；,RPTUMLOJNHLGFFB09DA,54.21,0.0,3.13,有,
沙鹿區,房地(土地+建物)+車位,臺中市沙鹿區平等六街８９號六樓之５,27.01,都市：其他:第二種住宅區,,,1130130,土地1建物1車位1,六層,七層,華廈(10層含以下有電梯),住家用,鋼筋混凝土造,1150423,116.47999999999999,2,1,1,有,無,11350000,112967,坡道平面,33.27,1950000,預售屋、或土地及建物分件登記案件；,RPRPMLRJNHLGFFB68DA,51.53,0.0,3.13,有,
梧棲區,房地(土地+建物)+車位,臺中市梧棲區文心街２１巷８１號三樓之３,27.61,都市：其他:第四種住宅區,,,1130116,土地1建物1車位1,三層,六層,華廈(10層含以下有電梯),住家用,鋼筋混凝土造,1150212,110.91999999999999,2,1,2,有,有,8880000,85294,坡道平面,23.81,1450000,預售屋、或土地及建物分件登記案件；,RPVOMLLJPHLGFFB58DA,55.65,0.0,3.54,有,
太平區,房地(土地+建物)+車位,臺中市太平區樹德五街１７號七樓之５,30.0,都市：其他:住宅區,,,1130110,土地1建物1車位1,七層,十五層,住宅大樓(11層含以上有電梯),住家用,鋼筋混凝土造,1150512,170.2,3,2,2,有,有,16580000,113979,坡道平面,39.65,1700000,預售屋、或土地及建物分件登記案件；,RPTNMLKMPHLGFJB88DA,75.77,0.0,9.27,有,
北屯區,房地(土地+建物)+車位,臺中市北屯區敦富路８１８號十樓之３,21.83,都市：其他:第二之一種住宅區,,,1130122,土地1建物1車位1,十層,十五層,住宅大樓(11層含以上有電梯),住家用,鋼筋混凝土造,1150613,173.81,3,2,2,有,有,21710000,143636,坡道平面,34.5,1700000,預售屋、或土地及建物分件登記案件；,RPSSMLLLPHLGFBB48DA,81.34,0.0,10.4,有,
北屯區,房地(土地+建物)+車位,臺中市北屯區敦富路８１８號十一樓之３,21.83,都市：其他:第二之一種住宅區,,,1130115,土地1建物1車位1,十一層,十五層,住宅大樓(11層含以上有電梯),住家用,鋼筋混凝土造,1150613,173.81,3,2,2,有,有,22090000,144211,坡道平面,34.5,2000000,預售屋、或土地及建物分件登記案件；,RPTSMLLLPHLGFBB58DA,81.34,0.0,10.4,有,
北屯區,房地(土地+建物)+車位,臺中市北屯區敦富路８１８號十一樓之７,22.83,都市：其他:第二之一種住宅區,,,1130128,土地1建物1車位2,十一層,十五層,住宅大樓(11層含以上有電梯),住家用,鋼筋混凝土造,1150613,214.69,3,2,2,有,有,25990000,152996,坡道平面,69.0,3700000,預售屋、或土地及建物分件登記案件；,RPOOMLNLPHLGFBB87DA,85.24,0.0,10.7,有,
南屯區,房地(土地+建物)+車位,臺中市南屯區惠文路３０２號七樓,32.35,都市：其他:第二種住宅區,,,1121210,土地1建物1車位2,七層,十三層,住宅大樓(11層含以上有電梯),住家用,鋼筋混凝土造,1150605,208.34,3,2,2,有,有,33880000,204631,坡道平面,70.14,5600000,預售屋、或土地及建物分件登記案件；,RPROMLMLOHLGFCB08DA,78.67,0.0,9.77,有,
南屯區,房地(土地+建物)+車位,臺中市南屯區惠文路３０２號九樓,32.35,都市：其他:第二種住宅區,,,1121223,土地1建物1車位2,九層,十三層,住宅大樓(11層含以上有電梯),住家用,鋼筋混凝土造,1150605,205.57,3,2,2,有,有,34720000,211433,坡道平面,67.37,5500000,預售屋、或土地及建物分件登記案件；,RPVOMLMLOHLGFCB48DA,78.67,0.0,9.77,有,
南屯區,房地(土地+建物)+車位,臺中市南屯區惠文路３０６號十二樓,30.76,都市：其他:第二種住宅區,,,1121227,土地1建物1車位2,十二層,十三層,住宅大樓(11層含以上有電梯),住家用,鋼筋混凝土造,1150605,198.82,3,2,2,有,有,33880000,215900,坡道平面,67.37,5500000,預售屋、或土地及建物分件登記案件；,RPTQMLMLOHLGFCB48DA,75.01,0.0,9.11,有,
南屯區,房地(土地+建物)+車位,臺中市南屯區惠文路３１０號五樓,21.96,都市：其他:第二種住宅區,,,1121227,土地1建物1車位1,五層,十三層,住宅大樓(11層含以上有電梯),住家用,鋼筋混凝土造,1150605,128.97,2,2,2,有,有,21880000,204260,坡道平面,35.07,2700000,預售屋、或土地及建物分件登記案件；,RPORMLMLOHLGFCB08DA,54.62,0.0,5.46,有,
南屯區,房地(土地+建物)+車位,臺中市南屯區惠文路３１０號八樓,21.96,都市：其他:第二種住宅區,,,1121208,土地1建物1車位1,八層,十三層,住宅大樓(11層含以上有電梯),住家用,鋼筋混凝土造,1150605,128.97,2,2,2,有,有,21550000,199681,坡道平面,35.07,2800000,預售屋、或土地及建物分件登記案件；,RPURMLMLOHLGFCB68DA,54.62,0.0,5.46,有,
南屯區,房地(土地+建物)+車位,臺中市南屯區惠文路３１０號九樓,21.96,都市：其他:第二種住宅區,,,1121222,土地1建物1車位1,九層,十三層,住宅大樓(11層含以上有電梯),住家用,鋼筋混凝土造,1150605,128.97,2,2,2,有,有,21890000,203301,坡道平面,35.07,2800000,預售屋、或土地及建物分件登記案件；,RPVRMLMLOHLGFCB78DA,54.62,0.0,5.46,有,
南屯區,房地(土地+建物)+車位,臺中市南屯區惠文路３１０號十樓,21.96,都市：其他:第二種住宅區,,,1121214,土地1建物1車位1,十層,十三層,住宅大樓(11層含以上有電梯),住家用,鋼筋混凝土造,1150605,128.97,2,2,2,有,有,21560000,200852,坡道平面,35.07,2700000,預售屋、或土地及建物分件登記案件；,RPXRMLMLOHLGFCB98DA,54.62,0.0,5.46,有,
南屯區,房地(土地+建物)+車位,臺中市南屯區惠文路３０８號三樓,21.14,都市：其他:第二種住宅區,,,1121214,土地1建物1車位1,三層,十三層,住宅大樓(11層含以上有電梯),住家用,鋼筋混凝土造,1150605,125.4,2,2,2,有,有,19200000,182664,坡道平面,35.07,2700000,預售屋、或土地及建物分件登記案件；,RPXSMLMLOHLGFCB09DA,52.31,0.0,5.46,有,
南屯區,房地(土地+建物)+車位,臺中市南屯區惠文路３０８號八樓,21.14,都市：其他:第二種住宅區,,,1121210,土地1建物1車位1,八層,十三層,住宅大樓(11層含以上有電梯),住家用,鋼筋混凝土造,1150605,125.4,2,2,2,有,有,19870000,188974,坡道平面,35.07,2800000,預售屋、或土地及建物分件登記案件；,RPUTMLMLOHLGFCB88DA,52.31,0.0,5.46,有,
南屯區,房地(土地+建物)+車位,臺中市南屯區惠文路３０８號九樓,21.14,都市：其他:第二種住宅區,,,1121212,土地1建物1車位1,九層,十三層,住宅大樓(11層含以上有電梯),住家用,鋼筋混凝土造,1150605,125.4,2,2,2,有,有,19930000,189638,坡道平面,35.07,2800000,預售屋、或土地及建物分件登記案件；,RPVTMLMLOHLGFCB98DA,52.31,0.0,5.46,有,
南屯區,房地(土地+建物)+車位,臺中市南屯區惠文路３０８號十一樓,21.14,都市：其他:第二種住宅區,,,1121223,土地1建物1車位1,十一層,十三層,住宅大樓(11層含以上有電梯),住家用,鋼筋混凝土造,1150605,128.67000000000002,2,2,2,有,有,21480000,205690,坡道平面,38.34,2900000,預售屋、或土地及建物分件登記案件；,RPXTMLMLOHLGFCB56DA,52.31,0.0,5.46,有,
南屯區,房地(土地+建物)+車位,臺中市南屯區惠文路３０８號十二樓,21.14,都市：其他:第二種住宅區,,,1121221,土地1建物1車位1,十二層,十三層,住宅大樓(11層含以上有電梯),住家用,鋼筋混凝土造,1150605,125.4,2,2,2,有,有,21450000,206465,坡道平面,35.07,2800000,預售屋、或土地及建物分件登記案件；,RPOUMLMLOHLGFCB38DA,52.31,0.0,5.46,有,
南屯區,房地(土地+建物)+車位,臺中市南屯區惠文路３１２號十一樓,32.35,都市：其他:第二種住宅區,,,1121217,土地1建物1車位2,十一層,十三層,住宅大樓(11層含以上有電梯),住家用,鋼筋混凝土造,1150605,208.34,3,2,2,有,有,35500000,217800,坡道平面,70.14,5400000,預售屋、或土地及建物分件登記案件；,RPVNMLNLOHLGFCB48DA,78.67,0.0,9.77,有,
南屯區,房地(土地+建物)+車位,臺中市南屯區惠文路３１２號十二樓,32.35,都市：其他:第二種住宅區,,,1121222,土地1建物1車位2,十二層,十三層,住宅大樓(11層含以上有電梯),住家用,鋼筋混凝土造,1150605,208.34,3,2,2,有,有,37880000,232851,坡道平面,70.14,5700000,預售屋、或土地及建物分件登記案件；,RPWNMLNLOHLGFCB58DA,78.67,0.0,9.77,有,
南屯區,房地(土地+建物)+車位,臺中市南屯區惠文路３１６號四樓,30.76,都市：其他:第二種住宅區,,,1121215,土地1建物1車位1,四層,十三層,住宅大樓(11層含以上有電梯),住家用,鋼筋混凝土造,1150605,166.51,3,2,2,有,有,29880000,206786,坡道平面,35.07,2700000,預售屋、或土地及建物分件登記案件；,RPTOMLNLOHLGFCB38DA,75.01,0.0,9.11,有,
南屯區,房地(土地+建物)+車位,臺中市南屯區惠文路３２０號六樓,21.96,都市：其他:第二種住宅區,,,1121214,土地1建物1車位1,六層,十三層,住宅大樓(11層含以上有電梯),住家用,鋼筋混凝土造,1150605,132.24,2,2,2,有,有,22930000,215442,坡道平面,38.34,2700000,預售屋、或土地及建物分件登記案件；,RPXPMLNLOHLGFCB88DA,54.62,0.0,5.46,有,
南屯區,房地(土地+建物)+車位,臺中市南屯區惠文路３２０號八樓,21.96,都市：其他:第二種住宅區,,,1121210,土地1建物1車位1,八層,十三層,住宅大樓(11層含以上有電梯),住家用,鋼筋混凝土造,1150605,128.97,2,2,2,有,有,22730000,213312,坡道平面,35.07,2700000,預售屋、或土地及建物分件登記案件；,RPPQMLNLOHLGFCB18DA,54.62,0.0,5.46,有,
南屯區,房地(土地+建物)+車位,臺中市南屯區惠文路３２０號九樓,21.96,都市：其他:第二種住宅區,,,1121223,土地1建物1車位1,九層,十三層,住宅大樓(11層含以上有電梯),住家用,鋼筋混凝土造,1150605,128.97,2,2,2,有,有,23100000,217252,坡道平面,35.07,2700000,預售屋、或土地及建物分件登記案件；,RPRQMLNLOHLGFCB38DA,54.62,0.0,5.46,有,
南屯區,房地(土地+建物)+車位,臺中市南屯區惠文路３２０號十樓,21.96,都市：其他:第二種住宅區,,,1121217,土地1建物1車位1,十層,十三層,住宅大樓(11層含以上有電梯),住家用,鋼筋混凝土造,1150605,128.97,2,2,2,有,有,22940000,214483,坡道平面,35.07,2800000,預售屋、或土地及建物分件登記案件；,RPTQMLNLOHLGFCB58DA,54.62,0.0,5.46,有,
南屯區,房地(土地+建物)+車位,臺中市南屯區惠文路３２０號十二樓,21.96,都市：其他:第二種住宅區,,,1121222,土地1建物1車位1,十二層,十三層,住宅大樓(11層含以上有電梯),住家用,鋼筋混凝土造,1150605,128.97,2,2,2,有,有,23850000,222045,坡道平面,35.07,3000000,預售屋、或土地及建物分件登記案件；,RPVQMLNLOHLGFCB78DA,54.62,0.0,5.46,有,
南屯區,房地(土地+建物)+車位,臺中市南屯區惠文路３１８號十樓,21.14,都市：其他:第二種住宅區,,,1121209,土地1建物1車位1,十層,十三層,住宅大樓(11層含以上有電梯),住家用,鋼筋混凝土造,1150605,125.4,2,2,2,有,有,22300000,216982,坡道平面,35.07,2700000,含裝潢費1050000元；預售屋、或土地及建物分件登記案件；,RPXTMLOLOHLGFCB76DA,52.31,0.0,5.46,有,
南屯區,房地(土地+建物)+車位,臺中市南屯區惠文路３１６號六樓,30.76,都市：其他:第二種住宅區,,,1121219,土地1建物1車位1,六層,十三層,住宅大樓(11層含以上有電梯),住家用,鋼筋混凝土造,1150605,166.51,3,2,2,有,有,30550000,210362,坡道平面,35.07,2900000,預售屋、或土地及建物分件登記案件；,RPXPMLPLOHLGFCB09DA,75.01,0.0,9.11,有,
南屯區,房地(土地+建物)+車位,臺中市南屯區惠文路３１２號七樓,32.35,都市：其他:第二種住宅區,,,1121222,土地1建物1車位2,七層,十三層,住宅大樓(11層含以上有電梯),住家用,鋼筋混凝土造,1150605,205.57,3,2,2,有,有,34750000,211650,坡道平面,67.37,5500000,預售屋、或土地及建物分件登記案件；,RPSNMLQLOHLGFCB48DA,78.67,0.0,9.77,有,
北屯區,房地(土地+建物)+車位,臺中市北屯區敦富路８１８號三樓之２,24.06,都市：其他:第二之一種住宅區,,,1121220,土地1建物1車位1,三層,十五層,住宅大樓(11層含以上有電梯),住家用,鋼筋混凝土造,1150613,187.97,3,2,2,有,有,24720000,148694,坡道平面,34.5,1900000,預售屋、或土地及建物分件登記案件；,RPTPMLLLPHLGFBB28DA,88.23,0.0,12.79,有,
北屯區,房地(土地+建物)+車位,臺中市北屯區敦富路８１８號九樓之６,22.63,都市：其他:第二之一種住宅區,,,1121231,土地1建物1車位2,九層,十五層,住宅大樓(11層含以上有電梯),住家用,鋼筋混凝土造,1150613,213.49,3,2,2,有,有,24230000,142086,坡道平面,69.0,3700000,預售屋、或土地及建物分件登記案件；,RPVWMLMLPHLGFBB66DA,84.65,0.0,10.46,有,
西屯區,房地(土地+建物)+車位,臺中市西屯區青海南街２３３號九樓之２,14.83,都市：其他:第二種住宅區,,,1121221,土地1建物1車位1,九層,二十三層,住宅大樓(11層含以上有電梯),住家用,鋼筋混凝土造,1150407,117.78999999999999,2,1,1,有,有,17300000,180338,坡道平面,34.89,2350000,預售屋、或土地及建物分件登記案件；,RPXNMLKMPHLGFCB58DA,48.33,0.0,4.02,有,
北屯區,房地(土地+建物)+車位,臺中市北屯區敦富路８１８號十五樓之１３,17.77,都市：其他:第二之一種住宅區,,,1121211,土地1建物1車位1,十五層,十五層,住宅大樓(11層含以上有電梯),住家用,鋼筋混凝土造,1150613,147.87,3,2,2,有,有,19680000,157714,坡道平面,34.5,1800000,115.03.16辦理配偶間讓渡。預售屋、或土地及建物分件登記案件；,RPQRMLOLPHLGFBB48DA,66.99,0.0,7.62,有,
南屯區,房地(土地+建物)+車位,臺中市南屯區建功路６９號六樓之５,13.83,都市：其他:第五種住宅區,,,1121210,土地1建物1車位1,六層,二十三層,住宅大樓(11層含以上有電梯),住家用,鋼筋混凝土造,1141226,148.3,3,2,2,有,有,15200000,111739,坡道平面,26.14,1550000,預售屋、或土地及建物分件登記案件；,RPVQMLMLPHLGFCB78DA,72.39,0.0,7.86,有,
南屯區,房地(土地+建物)+車位,臺中市南屯區建功路６９號十八樓之１,14.6,都市：其他:第五種住宅區,,,1121209,土地1建物1車位1,十八層,二十三層,住宅大樓(11層含以上有電梯),住家用,鋼筋混凝土造,1141226,159.59,3,2,2,有,有,17420000,117318,坡道平面,27.3,1900000,預售屋、或土地及建物分件登記案件；,RPSQMLNLPHLGFCB58DA,75.35,0.0,11.58,有,
南屯區,房地(土地+建物)+車位,臺中市南屯區大墩十二街１００３號,86.82,都市：其他:第一之B種住宅區,,,1121221,土地3建物1車位1,全,四層,透天厝,住家用,鋼筋混凝土造,1141218,196.81,4,2,5,有,有,39500000,200701,一樓平面,0.0,0,預售屋、或土地及建物分件登記案件；,RPSOMLOJQHLGFCB38DA,169.6,0.0,27.21,有,
南屯區,房地(土地+建物)+車位,臺中市南屯區建功路６９號三樓之７,10.75,都市：其他:第五種住宅區,,,1121202,土地1建物1車位1,三層,二十三層,住宅大樓(11層含以上有電梯),住家用,鋼筋混凝土造,1141226,123.55000000000001,2,2,1,有,有,13000000,114465,坡道平面,26.14,1850000,預售屋、或土地及建物分件登記案件；,RPORMLMLPHLGFCB18DA,57.83,0.0,6.13,有,
南屯區,房地(土地+建物)+車位,臺中市南屯區建功路６９號二十二樓之７,10.75,都市：其他:第五種住宅區,,,1121203,土地1建物1車位1,二十二層,二十三層,住宅大樓(11層含以上有電梯),住家用,鋼筋混凝土造,1141226,123.55000000000001,2,2,1,有,有,12790000,115389,坡道平面,26.14,1550000,預售屋、或土地及建物分件登記案件；,RPRRMLMLPHLGFCB48DA,57.83,0.0,6.13,有,
南屯區,房地(土地+建物)+車位,臺中市南屯區建功路６５號二樓之７,11.52,都市：其他:第五種住宅區,,,1121222,土地1建物1車位1,二層,二十三層,住宅大樓(11層含以上有電梯),住家用,鋼筋混凝土造,1141226,126.93,2,2,1,有,有,13230000,115885,坡道平面,26.14,1550000,預售屋、或土地及建物分件登記案件；,RPTQMLNLPHLGFCB68DA,60.7,0.0,5.49,有,
烏日區,房地(土地+建物),臺中市烏日區光明路４７巷２９弄５號,61.08,都市：其他:農業區,,,1121208,土地4建物1車位0,全,四層,透天厝,住家用,鋼筋混凝土造,1150423,161.68,5,2,4,有,有,16850000,104218,,0.0,0,本案於民國115年03月30日讓渡配偶讓渡。預售屋、或土地及建物分件登記案件；,RPXPMLLLPHLGFIB76DA,158.12,0.0,3.56,無,
后里區,房地(土地+建物),臺中市后里區九甲五路１８８巷１３號五樓,64.75,,特定農業區,農牧用地,1121120,土地3建物1車位0,五層,八層,華廈(10層含以下有電梯),住家用,鋼筋混凝土造,1150316,81.22,2,2,2,有,有,8300000,102192,,0.0,0,1.本案土地171地號交易總價為新台幣237萬元整，房屋268建號交易總價為新台幣553萬元整。2.本案農地169、170地號買賣交易總價為新台幣40萬元整。預售屋、或土地及建物分件登記案件；,RPTOMLOJOHLGFDB38DA,53.88,0.0,3.46,有,
沙鹿區,房地(土地+建物)+車位,臺中市沙鹿區星河路２０３之１１號,32.06,都市：其他:第四種住宅區,,,1121108,土地1建物1車位1,一層,七層,華廈(10層含以下有電梯),住家用,鋼筋混凝土造,1150507,136.2,3,2,2,有,有,12100000,90034,坡道平面,22.91,1900000,預售屋、或土地及建物分件登記案件；,RPPNMLKMPHLGFFB08DA,73.42,0.0,3.15,有,
沙鹿區,房地(土地+建物)+車位,臺中市沙鹿區平等六街８７號六樓之８,25.22,都市：其他:第二種住宅區,,,1121127,土地1建物1車位1,六層,七層,華廈(10層含以下有電梯),住家用,鋼筋混凝土造,1150423,110.46000000000001,2,1,1,有,無,10750000,114004,坡道平面,33.27,1950000,預售屋、或土地及建物分件登記案件；,RPVUMLOJNHLGFFB66DA,46.79,0.0,3.88,有,
沙鹿區,房地(土地+建物)+車位,臺中市沙鹿區平等六街８７號七樓之９,37.28,都市：其他:第二種住宅區,,,1121101,土地1建物1車位1,七層,七層,華廈(10層含以下有電梯),住家用,鋼筋混凝土造,1150423,148.01999999999998,3,1,2,有,無,14800000,111983,坡道平面,33.27,1950000,預售屋、或土地及建物分件登記案件；,RPWQMLRJNHLGFFB66DA,71.44,0.0,3.94,有,
北屯區,房地(土地+建物)+車位,臺中市北屯區敦富路８１８號四樓之９,16.48,都市：其他:第二之一種住宅區,,,1121113,土地1建物1車位1,四層,十五層,住宅大樓(11層含以上有電梯),住家用,鋼筋混凝土造,1150613,138.57,2,2,2,有,有,17070000,145235,坡道平面,33.43,1800000,預售屋、或土地及建物分件登記案件；,RPWUMLNLPHLGFBB66DA,64.09,0.0,5.18,有,
北屯區,房地(土地+建物)+車位,臺中市北屯區敦富路８１８號二樓之１２,16.91,都市：其他:第二之一種住宅區,,,1121113,土地1建物1車位1,二層,十五層,住宅大樓(11層含以上有電梯),住家用,鋼筋混凝土造,1150613,142.42000000000002,2,2,2,有,有,16970000,139640,坡道平面,34.5,1900000,預售屋、或土地及建物分件登記案件；,RPPOMLOLPHLGFBB08DA,63.54,0.0,7.52,有,
北屯區,房地(土地+建物)+車位,臺中市北屯區敦富路８１８號十一樓之１２,17.17,都市：其他:第二之一種住宅區,,,1121103,土地1建物1車位1,十一層,十五層,住宅大樓(11層含以上有電梯),住家用,鋼筋混凝土造,1150613,144.03,2,2,2,有,有,18880000,156852,坡道平面,34.5,1700000,115.02.11 辦理配偶間讓渡。預售屋、或土地及建物分件登記案件；,RPQPMLOLPHLGFBB28DA,63.54,0.0,8.56,有,
太平區,房地(土地+建物)+車位,臺中市太平區新平路三段２２７號十三樓之３,31.33,都市：其他:住宅區,,,1121117,土地1建物1車位2,十三層,十四層,住宅大樓(11層含以上有電梯),住家用,鋼筋混凝土造,1150527,180.24,3,2,2,有,有,17090000,117944,坡道平面,65.44,3550000,預售屋、或土地及建物分件登記案件；,RPRNMLSLPHLGFJB76DA,68.66,0.0,7.13,有,
北屯區,房地(土地+建物)+車位,臺中市北屯區敦富路８１８號八樓之５,21.27,都市：其他:第二之一種住宅區,,,1121118,土地1建物1車位1,八層,十五層,住宅大樓(11層含以上有電梯),住家用,鋼筋混凝土造,1150613,170.25,3,2,2,有,有,21900000,146593,坡道平面,34.5,2000000,預售屋、或土地及建物分件登記案件；,RPUTMLLLPHLGFBB78DA,78.11,0.0,11.25,有,
南屯區,房地(土地+建物)+車位,臺中市南屯區建功路６９號十五樓之２,11.52,都市：其他:第五種住宅區,,,1121125,土地1建物1車位1,十五層,二十三層,住宅大樓(11層含以上有電梯),住家用,鋼筋混凝土造,1141226,126.93,2,2,1,有,有,13350000,114099,坡道平面,26.14,1850000,預售屋、或土地及建物分件登記案件；,RPVOMLPJOHLGFCB58DA,60.7,0.0,5.49,有,
南屯區,房地(土地+建物)+車位,臺中市南屯區建功路６５號七樓之６,11.52,都市：其他:第五種住宅區,,,1121112,土地1建物1車位1,七層,二十三層,住宅大樓(11層含以上有電梯),住家用,鋼筋混凝土造,1141226,126.9,2,2,1,有,有,12450000,108178,坡道平面,26.14,1550000,預售屋、或土地及建物分件登記案件；,RPQPMLSKOHLGFCB58DA,60.67,0.0,5.49,有,
南屯區,房地(土地+建物)+車位,臺中市南屯區建功路６９號六樓之６,13.83,都市：其他:第五種住宅區,,,1121119,土地1建物1車位1,六層,二十三層,住宅大樓(11層含以上有電梯),住家用,鋼筋混凝土造,1141226,148.36,3,2,2,有,有,15450000,111275,坡道平面,26.14,1850000,預售屋、或土地及建物分件登記案件；,RPOWMLMLOHLGFCB58DA,72.05,0.0,8.26,有,
南屯區,房地(土地+建物)+車位,臺中市南屯區建功路６９號四樓之７,10.75,都市：其他:第五種住宅區,,,1121119,土地1建物1車位1,四層,二十三層,住宅大樓(11層含以上有電梯),住家用,鋼筋混凝土造,1141226,123.55000000000001,2,2,1,有,有,12280000,110153,坡道平面,26.14,1550000,預售屋、或土地及建物分件登記案件；,RPPRMLMLPHLGFCB28DA,57.83,0.0,6.13,有,
南屯區,房地(土地+建物)+車位,臺中市南屯區建功路６５號四樓之２,10.75,都市：其他:第五種住宅區,,,1121118,土地1建物1車位1,四層,二十三層,住宅大樓(11層含以上有電梯),住家用,鋼筋混凝土造,1141226,123.55000000000001,2,2,1,有,有,12000000,107279,坡道平面,26.14,1550000,預售屋、或土地及建物分件登記案件；,RPRSMLMLPHLGFCB58DA,57.83,0.0,6.13,有,
南屯區,房地(土地+建物)+車位,臺中市南屯區建功路６５號十七樓之２,10.75,都市：其他:第五種住宅區,,,1121119,土地1建物1車位1,十七層,二十三層,住宅大樓(11層含以上有電梯),住家用,鋼筋混凝土造,1141226,123.55000000000001,2,2,1,有,有,12420000,111590,坡道平面,26.14,1550000,預售屋、或土地及建物分件登記案件；,RPXOMLNLPHLGFCB88DA,57.83,0.0,6.13,有,
烏日區,房地(土地+建物),臺中市烏日區光明路４７巷１２弄３號,158.15,都市：其他:農業區,,,1121113,土地5建物1車位0,全,三層,透天厝,住家用,鋼筋混凝土造,1150423,171.92,4,2,4,有,有,24800000,144253,,0.0,0,預售屋、或土地及建物分件登記案件；,RPVNMLLLPHLGFIB98DA,159.56,0.0,12.36,無,
太平區,房地(土地+建物)+車位,臺中市太平區育才路１７９號十一樓之１,19.14,都市：其他:住宅區,,,1121127,土地1建物1車位1,十一層,十五層,住宅大樓(11層含以上有電梯),住家用,鋼筋混凝土造,1150113,125.02000000000001,2,2,2,有,有,12020000,105589,坡道平面,28.23,1800000,預售屋、或土地及建物分件登記案件；,RPROMLOLPHLGFJB09DA,56.68,0.0,7.06,有,
北屯區,房地(土地+建物)+車位,臺中市北屯區敦富路８１８號十三樓之９,16.48,都市：其他:第二之一種住宅區,,,1121104,土地1建物1車位1,十三層,十五層,住宅大樓(11層含以上有電梯),住家用,鋼筋混凝土造,1150613,139.64,2,2,2,有,有,17840000,150656,坡道平面,34.5,2000000,預售屋、或土地及建物分件登記案件；,RPPWMLNLPHLGFBB78DA,64.09,0.0,5.18,有,
北屯區,房地(土地+建物)+車位,臺中市北屯區敦富路８１８號十一樓之１０,16.78,都市：其他:第二之一種住宅區,,,1121103,土地1建物1車位1,十一層,十五層,住宅大樓(11層含以上有電梯),住家用,鋼筋混凝土造,1150613,141.49,2,2,2,有,有,17090000,141976,坡道平面,34.5,1900000,預售屋、或土地及建物分件登記案件；,RPXNNLNLPHLGFBB78DA,61.48,0.0,8.93,有,
南屯區,房地(土地+建物)+車位,臺中市南屯區建功路６９號十四樓之２,11.52,都市：其他:第五種住宅區,,,1121125,土地1建物1車位1,十四層,二十三層,住宅大樓(11層含以上有電梯),住家用,鋼筋混凝土造,1141226,126.93,2,2,1,有,有,13040000,113999,坡道平面,26.14,1550000,預售屋、或土地及建物分件登記案件；,RPRQMLMLPHLGFCB38DA,60.7,0.0,5.49,有,
南屯區,房地(土地+建物)+車位,臺中市南屯區建功路６９號二樓之３,11.52,都市：其他:第五種住宅區,,,1121125,土地1建物1車位1,二層,二十三層,住宅大樓(11層含以上有電梯),住家用,鋼筋混凝土造,1141226,126.9,2,2,1,有,有,12600000,109667,坡道平面,26.14,1550000,預售屋、或土地及建物分件登記案件；,RPSQMLMLPHLGFCB48DA,60.67,0.0,5.49,有,
南屯區,房地(土地+建物)+車位,臺中市南屯區建功路６９號五樓之５,13.83,都市：其他:第五種住宅區,,,1121119,土地1建物1車位1,五層,二十三層,住宅大樓(11層含以上有電梯),住家用,鋼筋混凝土造,1141226,148.3,3,2,2,有,有,14910000,109365,坡道平面,26.14,1550000,預售屋、或土地及建物分件登記案件；,RPUQMLMLPHLGFCB68DA,72.39,0.0,7.86,有,
南屯區,房地(土地+建物)+車位,臺中市南屯區建功路６９號十六樓之５,13.83,都市：其他:第五種住宅區,,,1121118,土地1建物1車位1,十六層,二十三層,住宅大樓(11層含以上有電梯),住家用,鋼筋混凝土造,1141226,148.3,3,2,2,有,有,15480000,112803,坡道平面,26.14,1700000,預售屋、或土地及建物分件登記案件；,RPWQMLMLPHLGFCB88DA,72.39,0.0,7.86,有,
南屯區,房地(土地+建物)+車位,臺中市南屯區建功路６９號十七樓之６,13.83,都市：其他:第五種住宅區,,,1121128,土地1建物1車位1,十七層,二十三層,住宅大樓(11層含以上有電梯),住家用,鋼筋混凝土造,1141226,148.36,3,2,2,有,有,15880000,114793,坡道平面,26.14,1850000,預售屋、或土地及建物分件登記案件；,RPXQMLMLPHLGFCB98DA,72.05,0.0,8.26,有,
南屯區,房地(土地+建物)+車位,臺中市南屯區建功路６９號十四樓之７,10.75,都市：其他:第五種住宅區,,,1121118,土地1建物1車位1,十四層,二十三層,住宅大樓(11層含以上有電梯),住家用,鋼筋混凝土造,1141226,123.55000000000001,2,2,1,有,有,12880000,114773,坡道平面,26.14,1700000,預售屋、或土地及建物分件登記案件；,RPQRMLMLPHLGFCB38DA,57.83,0.0,6.13,有,
南屯區,房地(土地+建物)+車位,臺中市南屯區建功路６７號十八樓之１,19.97,都市：其他:第五種住宅區,,,1121104,土地1建物1車位2,十八層,二十三層,住宅大樓(11層含以上有電梯),住家用,鋼筋混凝土造,1141226,221.63,4,2,2,有,有,22390000,110363,坡道平面,52.28,3700000,預售屋、或土地及建物分件登記案件；,RPVRMLMLPHLGFCB88DA,102.97,0.0,13.32,有,
南屯區,房地(土地+建物)+車位,臺中市南屯區建功路６７號二十一樓之１,19.97,都市：其他:第五種住宅區,,,1121118,土地1建物1車位1,二十一層,二十三層,住宅大樓(11層含以上有電梯),住家用,鋼筋混凝土造,1141226,195.48000000000002,4,2,2,有,有,20700000,111315,坡道平面,26.14,1850000,預售屋、或土地及建物分件登記案件；,RPWRMLMLPHLGFCB98DA,102.97,0.0,13.32,有,
南屯區,房地(土地+建物)+車位,臺中市南屯區建功路６５號七樓之２,10.75,都市：其他:第五種住宅區,,,1121111,土地1建物1車位1,七層,二十三層,住宅大樓(11層含以上有電梯),住家用,鋼筋混凝土造,1141226,123.55000000000001,2,2,1,有,有,12320000,109024,坡道平面,26.14,1700000,預售屋、或土地及建物分件登記案件；,RPSSMLMLPHLGFCB68DA,57.83,0.0,6.13,有,
南屯區,房地(土地+建物)+車位,臺中市南屯區建功路６５號十六樓之２,10.75,都市：其他:第五種住宅區,,,1121105,土地1建物1車位1,十六層,二十三層,住宅大樓(11層含以上有電梯),住家用,鋼筋混凝土造,1141226,123.55000000000001,2,2,1,有,有,12580000,111693,坡道平面,26.14,1700000,預售屋、或土地及建物分件登記案件；,RPTSMLMLPHLGFCB78DA,57.83,0.0,6.13,有,
南屯區,房地(土地+建物)+車位,臺中市南屯區建功路６５號九樓之６,11.52,都市：其他:第五種住宅區,,,1121105,土地1建物1車位1,九層,二十三層,住宅大樓(11層含以上有電梯),住家用,鋼筋混凝土造,1141226,126.9,2,2,1,有,有,12660000,108773,坡道平面,26.14,1700000,預售屋、或土地及建物分件登記案件；,RPUSMLMLPHLGFCB88DA,60.67,0.0,5.49,有,
南屯區,房地(土地+建物)+車位,臺中市南屯區建功路６５號七樓之７,11.52,都市：其他:第五種住宅區,,,1121126,土地1建物1車位1,七層,二十三層,住宅大樓(11層含以上有電梯),住家用,鋼筋混凝土造,1141226,126.93,2,2,1,有,有,12950000,111618,坡道平面,26.14,1700000,預售屋、或土地及建物分件登記案件；,RPVSMLMLPHLGFCB98DA,60.7,0.0,5.49,有,
南屯區,房地(土地+建物)+車位,臺中市南屯區建功路６５號十五樓之７,11.52,都市：其他:第五種住宅區,,,1121119,土地1建物1車位1,十五層,二十三層,住宅大樓(11層含以上有電梯),住家用,鋼筋混凝土造,1141226,126.93,2,2,1,有,有,13180000,113900,坡道平面,26.14,1700000,預售屋、或土地及建物分件登記案件；,RPWSMLMLPHLGFCB09DA,60.7,0.0,5.49,有,
南屯區,房地(土地+建物)+車位,臺中市南屯區建功路６５號十六樓之７,11.52,都市：其他:第五種住宅區,,,1121118,土地1建物1車位1,十六層,二十三層,住宅大樓(11層含以上有電梯),住家用,鋼筋混凝土造,1141226,126.93,2,2,1,有,有,13240000,114495,坡道平面,26.14,1700000,預售屋、或土地及建物分件登記案件；,RPXSMLMLPHLGFCB56DA,60.7,0.0,5.49,有,
南屯區,房地(土地+建物)+車位,臺中市南屯區建功路６５號十九樓之７,11.52,都市：其他:第五種住宅區,,,1121119,土地1建物1車位1,十九層,二十三層,住宅大樓(11層含以上有電梯),住家用,鋼筋混凝土造,1141226,126.93,2,2,1,有,有,13280000,114892,坡道平面,26.14,1700000,預售屋、或土地及建物分件登記案件；,RPOTMLMLPHLGFCB38DA,60.7,0.0,5.49,有,
南屯區,房地(土地+建物)+車位,臺中市南屯區建功路６５號十六樓之８,14.6,都市：其他:第五種住宅區,,,1121125,土地1建物1車位1,十六層,二十三層,住宅大樓(11層含以上有電梯),住家用,鋼筋混凝土造,1141226,158.82,3,2,2,有,有,16390000,110718,坡道平面,26.14,1700000,預售屋、或土地及建物分件登記案件；,RPQTMLMLPHLGFCB58DA,75.35,0.0,11.58,有,
南屯區,房地(土地+建物)+車位,臺中市南屯區建功路６５號十九樓之８,14.6,都市：其他:第五種住宅區,,,1121119,土地1建物1車位1,十九層,二十三層,住宅大樓(11層含以上有電梯),住家用,鋼筋混凝土造,1141226,158.82,3,2,2,有,有,16510000,111622,坡道平面,26.14,1700000,預售屋、或土地及建物分件登記案件；,RPRTMLMLPHLGFCB68DA,75.35,0.0,11.58,有,
烏日區,房地(土地+建物),臺中市烏日區光明路４７巷１２弄２號,169.68,都市：其他:農業區,,,1121120,土地5建物1車位0,全,三層,透天厝,住家用,鋼筋混凝土造,1150423,171.42,4,2,4,有,有,25700000,149924,,0.0,0,預售屋、或土地及建物分件登記案件；,RPUNMLLLPHLGFIB88DA,159.56,0.0,11.86,無,
烏日區,房地(土地+建物),臺中市烏日區光明路４７巷２９弄３２號,72.28,都市：其他:農業區,,,1121112,土地4建物1車位0,全,四層,透天厝,住家用,鋼筋混凝土造,1150423,161.68,5,2,4,有,有,19680000,121722,,0.0,0,預售屋、或土地及建物分件登記案件；,RPPRMLLLPHLGFIB78DA,158.12,0.0,3.56,無,
后里區,房地(土地+建物),臺中市后里區九甲五路１８８巷９號四樓,64.75,,特定農業區,農牧用地,1121006,土地3建物1車位0,四層,八層,華廈(10層含以下有電梯),住家用,鋼筋混凝土造,1150316,81.22,2,2,2,有,有,7740000,95297,,0.0,0,1.本案土地171地號交易總價為新台幣220.2萬元整，房屋263建號交易總價為新台幣513.8萬元整。2.本案農地169、170地號買賣交易總價為新台幣40萬元整。預售屋、或土地及建物分件登記案件；,RPXNMLOJOHLGFDB68DA,53.88,0.0,3.46,有,
后里區,房地(土地+建物),臺中市后里區九甲五路１８８巷１３號四樓,64.75,,特定農業區,農牧用地,1121004,土地3建物1車位0,四層,八層,華廈(10層含以下有電梯),住家用,鋼筋混凝土造,1150316,81.22,2,2,2,有,有,8050000,99114,,0.0,0,1.本案土地171地號交易總價為新台幣229.5萬元整，房屋264建號交易總價為新台幣535.5萬元整。2.本案農地169、170地號買賣交易總價為新台幣40萬元整。預售屋、或土地及建物分件登記案件；,RPOOMLOJOHLGFDB87DA,53.88,0.0,3.46,有,
后里區,房地(土地+建物),臺中市后里區九甲五路１８８巷１５號四樓,64.75,,特定農業區,農牧用地,1121017,土地3建物1車位0,四層,八層,華廈(10層含以下有電梯),住家用,鋼筋混凝土造,1150316,81.22,2,2,2,有,有,8050000,99114,,0.0,0,1.本案土地171地號交易總價為新台幣229.5萬元整，房屋265建號交易總價為新台幣535.5萬元整。2.本案農地169、170地號買賣交易總價為新台幣40萬元整。預售屋、或土地及建物分件登記案件；,RPQOMLOJOHLGFDB08DA,53.88,0.0,3.46,有,
烏日區,房地(土地+建物)+車位,臺中市烏日區日新街５６巷３號九樓之１,32.07,都市：其他:第三種住宅區。,,,1121014,土地1建物1車位2,九層,十一層,住宅大樓(11層含以上有電梯),住家用,鋼筋混凝土造,1150513,184.55,3,2,2,有,有,19400000,119430,坡道平面,50.58,3400000,預售屋、或土地及建物分件登記案件；,RPORMLOJPHLGFIB78DA,80.19,0.0,7.13,有,
烏日區,房地(土地+建物)+車位,臺中市烏日區日新街５６巷１號七樓之２,32.86,都市：其他:第三種住宅區。,,,1121014,土地1建物1車位1,七層,十一層,住宅大樓(11層含以上有電梯),住家用,鋼筋混凝土造,1150513,162.53,3,2,2,有,有,17500000,114398,坡道平面,25.29,1800000,115.03.25預售屋讓渡，讓渡關係:配偶。預售屋、或土地及建物分件登記案件；,RPOOMLKKPHLGFIB18DA,81.91,0.0,7.52,有,
沙鹿區,房地(土地+建物)+車位,臺中市沙鹿區平等六街８７號四樓之１,37.28,都市：其他:第二種住宅區,,,1121012,土地1建物1車位1,四層,七層,華廈(10層含以下有電梯),住家用,鋼筋混凝土造,1150423,148.01999999999998,3,1,2,有,無,15000000,113725,坡道平面,33.27,1950000,預售屋、或土地及建物分件登記案件；,RPPRMLOJNHLGFFB38DA,71.44,0.0,3.94,有,
沙鹿區,房地(土地+建物)+車位,臺中市沙鹿區平等六街８７號七樓之２,25.22,都市：其他:第二種住宅區,,,1121018,土地1建物1車位1,七層,七層,華廈(10層含以下有電梯),住家用,鋼筋混凝土造,1150423,110.33,2,1,1,有,無,10880000,117181,坡道平面,33.27,1850000,預售屋、或土地及建物分件登記案件；,RPQQMLRJNHLGFFB68DA,46.79,0.0,3.83,有,
北屯區,房地(土地+建物)+車位,臺中市北屯區敦富路８１８號三樓之１０,16.78,都市：其他:第二之一種住宅區,,,1121029,土地1建物1車位1,三層,十五層,住宅大樓(11層含以上有電梯),住家用,鋼筋混凝土造,1150613,140.42000000000002,2,2,2,有,有,16550000,136929,坡道平面,33.43,1900000,預售屋、或土地及建物分件登記案件；,RPONNLNLPHLGFBB87DA,61.48,0.0,8.93,有,
北屯區,房地(土地+建物)+車位,臺中市北屯區敦富路８１８號十二樓之１０,16.78,都市：其他:第二之一種住宅區,,,1121029,土地1建物1車位1,十二層,十五層,住宅大樓(11層含以上有電梯),住家用,鋼筋混凝土造,1150613,141.49,2,2,2,有,有,16960000,142630,坡道平面,34.5,1700000,預售屋、或土地及建物分件登記案件；,RPOONLNLPHLGFBB97DA,61.48,0.0,8.93,有,
南區,房地(土地+建物)+車位,臺中市南區新華街１５８號一樓之１０,19.06,都市：其他:第五種住宅區,,,1121020,土地3建物1車位1,一層,二十六層,住宅大樓(11層含以上有電梯),住家用,鋼筋混凝土造,1150528,168.45,3,2,2,有,有,24060000,160518,坡道平面,31.02,2000000,預售屋、或土地及建物分件登記案件；,RPOOMLSJPHLGFAB08DA,90.83,0.0,0.0,有,
北屯區,房地(土地+建物)+車位,臺中市北屯區敦富路８１８號五樓之２,24.06,都市：其他:第二之一種住宅區,,,1121027,土地1建物1車位1,五層,十五層,住宅大樓(11層含以上有電梯),住家用,鋼筋混凝土造,1150613,186.89999999999998,3,2,2,有,有,24850000,150192,坡道平面,33.43,1800000,預售屋、或土地及建物分件登記案件；,RPVPMLLLPHLGFBB48DA,88.23,0.0,12.79,有,
北屯區,房地(土地+建物)+車位,臺中市北屯區敦富路８１８號十四樓之２,24.06,都市：其他:第二之一種住宅區,,,1121026,土地1建物1車位1,十四層,十五層,住宅大樓(11層含以上有電梯),住家用,鋼筋混凝土造,1150613,188.04000000000002,3,2,2,有,有,25900000,155660,坡道平面,34.5,2000000,預售屋、或土地及建物分件登記案件；,RPPRMLLLPHLGFBB08DA,88.23,0.0,12.86,有,
北屯區,房地(土地+建物)+車位,臺中市北屯區敦富路８１８號七樓之５,21.27,都市：其他:第二之一種住宅區,,,1121026,土地1建物1車位1,七層,十五層,住宅大樓(11層含以上有電梯),住家用,鋼筋混凝土造,1150613,170.25,3,2,2,有,有,21520000,146004,坡道平面,34.5,1700000,預售屋、或土地及建物分件登記案件；,RPTTMLLLPHLGFBB68DA,78.11,0.0,11.25,有,
北屯區,房地(土地+建物)+車位,臺中市北屯區敦富路８１８號三樓之９,16.48,都市：其他:第二之一種住宅區,,,1121018,土地1建物1車位2,三層,十五層,住宅大樓(11層含以上有電梯),住家用,鋼筋混凝土造,1150613,174.14,2,2,2,有,有,18570000,144284,坡道平面,69.0,3400000,預售屋、或土地及建物分件登記案件；,RPSUMLNLPHLGFBB88DA,64.09,0.0,5.18,有,
北屯區,房地(土地+建物)+車位,臺中市北屯區敦富路８１８號七樓之１３,17.77,都市：其他:第二之一種住宅區,,,1121013,土地1建物1車位1,七層,十五層,住宅大樓(11層含以上有電梯),住家用,鋼筋混凝土造,1150613,147.87,3,2,2,有,有,19030000,152862,坡道平面,34.5,1700000,預售屋、或土地及建物分件登記案件；,RPRQMLOLPHLGFBB48DA,66.99,0.0,7.62,有,
烏日區,房地(土地+建物),臺中市烏日區光明路４７巷２９弄３０號,81.14,都市：其他:農業區,,,1121021,土地4建物1車位0,全,四層,透天厝,住家用,鋼筋混凝土造,1150423,161.68,5,2,4,有,有,19610000,121289,,0.0,0,本案於民國115年03月31日讓渡配偶讓渡。預售屋、或土地及建物分件登記案件；,RPORMLLLPHLGFIB68DA,158.12,0.0,3.56,無,
北屯區,房地(土地+建物)+車位,臺中市北屯區敦富路８１８號七樓之１０,16.78,都市：其他:第二之一種住宅區,,,1121001,土地1建物1車位1,七層,十五層,住宅大樓(11層含以上有電梯),住家用,鋼筋混凝土造,1150613,141.49,2,2,2,有,有,16840000,139639,坡道平面,34.5,1900000,預售屋、或土地及建物分件登記案件；,RPSNNLNLPHLGFBB28DA,61.48,0.0,8.93,有,
烏日區,房地(土地+建物),臺中市烏日區光明路４７巷２９弄３８號,97.33,都市：其他:農業區,,,1121007,土地4建物1車位0,全,四層,透天厝,住家用,鋼筋混凝土造,1150423,220.96,5,2,6,有,有,22000000,99566,,0.0,0,本案於民國115年03月31日讓渡配偶讓渡。預售屋、或土地及建物分件登記案件；,RPQRMLLLPHLGFIB88DA,220.96,0.0,0.0,無,
后里區,房地(土地+建物),臺中市后里區九甲五路１８８巷１１號六樓,64.75,,特定農業區,農牧用地,1120918,土地3建物1車位0,六層,八層,華廈(10層含以下有電梯),住家用,鋼筋混凝土造,1150316,81.22,2,2,2,有,有,8350000,102807,,0.0,0,1.本案土地171地號交易總價為新台幣238.5萬元整，房屋274建號交易總價為新台幣556.5萬元整。2.本案農地169、170地號買賣交易總價為新台幣40萬元整。預售屋、或土地及建物分件登記案件；,RPOPMLOJOHLGFDB97DA,53.88,0.0,3.46,有,
大里區,房地(土地+建物)+車位,臺中市大里區忠孝路１６號三樓之６,35.3,都市：其他:住宅區,,,1120929,土地1建物1車位2,三層,十五層,住宅大樓(11層含以上有電梯),住家用,鋼筋混凝土造,1150516,200.98000000000002,4,2,2,有,無,20910000,109164,坡道平面,49.74,4400000,預售屋、或土地及建物分件登記案件；,RPWNMLKMOHLGFIB98DA,90.44,0.0,9.73,有,
沙鹿區,房地(土地+建物)+車位,臺中市沙鹿區星河路２０３之１１號五樓之３,25.89,都市：其他:第四種住宅區,,,1120906,土地1建物1車位1,五層,七層,華廈(10層含以下有電梯),住家用,鋼筋混凝土造,1150507,102.06,2,2,2,有,有,8760000,82997,坡道機械,7.96,950000,預售屋、或土地及建物分件登記案件；,RPQNMLKMPHLGFFB18DA,57.95,0.0,6.5,有,
沙鹿區,房地(土地+建物)+車位,臺中市沙鹿區平等六街８７號三樓之７,25.22,都市：其他:第二種住宅區,,,1120905,土地1建物1車位1,三層,七層,華廈(10層含以下有電梯),住家用,鋼筋混凝土造,1150423,110.46000000000001,2,1,1,有,無,10080000,107916,坡道平面,33.27,1750000,預售屋、或土地及建物分件登記案件；,RPRQMLOJNHLGFFB48DA,46.79,0.0,3.88,有,
北屯區,房地(土地+建物)+車位,臺中市北屯區敦富路８１８號二樓之７,22.83,都市：其他:第二之一種住宅區,,,1120924,土地1建物1車位1,二層,十五層,住宅大樓(11層含以上有電梯),住家用,鋼筋混凝土造,1150613,180.19,3,2,2,有,有,22560000,141808,坡道平面,34.5,1900000,預售屋、或土地及建物分件登記案件；,RPSNNLMLPHLGFBB18DA,85.24,0.0,10.7,有,
北屯區,房地(土地+建物)+車位,臺中市北屯區敦富路８１８號十五樓之８,15.34,都市：其他:第二之一種住宅區,,,1120924,土地1建物1車位1,十五層,十五層,住宅大樓(11層含以上有電梯),住家用,鋼筋混凝土造,1150613,132.31,2,2,2,有,有,15760000,144770,坡道平面,34.5,1600000,預售屋、或土地及建物分件登記案件；,RPSQMLNLPHLGFBB48DA,59.48,0.0,4.93,有,
南區,房地(土地+建物)+車位,臺中市南區新華街１５８號三樓之１１,18.37,都市：其他:第五種住宅區,,,1120921,土地3建物1車位1,三層,二十六層,住宅大樓(11層含以上有電梯),住家用,鋼筋混凝土造,1150528,163.57,3,2,2,有,有,20910000,141154,坡道平面,31.02,2200000,預售屋、或土地及建物分件登記案件；,RPVOMLOLPHLGFAB58DA,80.64,0.0,6.96,有,
北屯區,房地(土地+建物)+車位,臺中市北屯區敦富路８１８號八樓之１,23.9,都市：其他:第二之一種住宅區,,,1120924,土地1建物1車位1,八層,十五層,住宅大樓(11層含以上有電梯),住家用,鋼筋混凝土造,1150613,187.02,3,2,2,有,有,25050000,151128,坡道平面,34.5,2000000,預售屋、或土地及建物分件登記案件；,RPVOMLLLPHLGFBB38DA,88.15,0.0,12.25,有,
北屯區,房地(土地+建物)+車位,臺中市北屯區敦富路８１８號十樓之５,21.27,都市：其他:第二之一種住宅區,,,1120924,土地1建物1車位1,十層,十五層,住宅大樓(11層含以上有電梯),住家用,鋼筋混凝土造,1150613,170.25,3,2,2,有,有,21960000,146298,坡道平面,34.5,2100000,預售屋、或土地及建物分件登記案件；,RPWTMLLLPHLGFBB98DA,78.11,0.0,11.25,有,
北屯區,房地(土地+建物)+車位,臺中市北屯區敦富路８１８號二樓之８,15.34,都市：其他:第二之一種住宅區,,,1120921,土地1建物1車位1,二層,十五層,住宅大樓(11層含以上有電梯),住家用,鋼筋混凝土造,1150613,132.31,2,2,2,有,有,14390000,129741,坡道平面,34.5,1700000,預售屋、或土地及建物分件登記案件；,RPUOMLNLPHLGFBB48DA,59.48,0.0,4.93,有,
北屯區,房地(土地+建物)+車位,臺中市北屯區敦富路８１８號五樓之８,15.34,都市：其他:第二之一種住宅區,,,1120923,土地1建物1車位1,五層,十五層,住宅大樓(11層含以上有電梯),住家用,鋼筋混凝土造,1150613,132.31,2,2,2,有,有,15270000,138738,坡道平面,34.5,1700000,預售屋、或土地及建物分件登記案件；,RPXOMLNLPHLGFBB78DA,59.48,0.0,4.93,有,
北屯區,房地(土地+建物)+車位,臺中市北屯區敦富路８１８號二樓之１３,17.44,都市：其他:第二之一種住宅區,,,1120925,土地1建物1車位1,二層,十五層,住宅大樓(11層含以上有電梯),住家用,鋼筋混凝土造,1150613,144.62,3,2,2,有,有,16690000,136613,坡道平面,33.43,1500000,預售屋、或土地及建物分件登記案件；,RPVPMLOLPHLGFBB78DA,68.67,0.0,4.52,有,
北屯區,房地(土地+建物)+車位,臺中市北屯區敦富路８１８號七樓之８,15.34,都市：其他:第二之一種住宅區,,,1120924,土地1建物1車位1,七層,十五層,住宅大樓(11層含以上有電梯),住家用,鋼筋混凝土造,1150613,131.24,2,2,2,有,有,15190000,139965,坡道平面,33.43,1500000,預售屋、或土地及建物分件登記案件；,RPPPMLNLPHLGFBB08DA,59.48,0.0,4.93,有,
北屯區,房地(土地+建物)+車位,臺中市北屯區敦富路８１８號八樓之８,15.34,都市：其他:第二之一種住宅區,,,1120925,土地1建物1車位1,八層,十五層,住宅大樓(11層含以上有電梯),住家用,鋼筋混凝土造,1150613,132.31,2,2,2,有,有,15550000,140579,坡道平面,34.5,1800000,預售屋、或土地及建物分件登記案件；,RPQPMLNLPHLGFBB18DA,59.48,0.0,4.93,有,
北屯區,房地(土地+建物)+車位,臺中市北屯區敦富路８１８號九樓之８,15.34,都市：其他:第二之一種住宅區,,,1120921,土地1建物1車位1,九層,十五層,住宅大樓(11層含以上有電梯),住家用,鋼筋混凝土造,1150613,132.31,2,2,2,有,有,15510000,141192,坡道平面,34.5,1700000,預售屋、或土地及建物分件登記案件；,RPRPMLNLPHLGFBB28DA,59.48,0.0,4.93,有,
北屯區,房地(土地+建物)+車位,臺中市北屯區敦富路８１８號二樓之９,16.48,都市：其他:第二之一種住宅區,,,1120922,土地1建物1車位1,二層,十五層,住宅大樓(11層含以上有電梯),住家用,鋼筋混凝土造,1150613,139.64,2,2,2,有,有,16450000,141240,坡道平面,34.5,1600000,預售屋、或土地及建物分件登記案件；,RPRUMLNLPHLGFBB78DA,64.09,0.0,5.18,有,
北屯區,房地(土地+建物)+車位,臺中市北屯區敦富路８１８號五樓之９,16.48,都市：其他:第二之一種住宅區,,,1120924,土地1建物1車位1,五層,十五層,住宅大樓(11層含以上有電梯),住家用,鋼筋混凝土造,1150613,139.64,2,2,2,有,有,17070000,144284,坡道平面,34.5,1900000,113.07.14讓渡，讓渡金額：1707萬。預售屋、或土地及建物分件登記案件；,RPXUMLNLPHLGFBB76DA,64.09,0.0,5.18,有,
北屯區,房地(土地+建物)+車位,臺中市北屯區敦富路８１８號八樓之９,16.48,都市：其他:第二之一種住宅區,,,1120924,土地1建物1車位1,八層,十五層,住宅大樓(11層含以上有電梯),住家用,鋼筋混凝土造,1150613,139.64,2,2,2,有,有,17060000,146091,坡道平面,34.5,1700000,預售屋、或土地及建物分件登記案件；,RPRVMLNLPHLGFBB88DA,64.09,0.0,5.18,有,
北屯區,房地(土地+建物)+車位,臺中市北屯區敦富路８１８號九樓之９,16.48,都市：其他:第二之一種住宅區,,,1120921,土地1建物1車位1,九層,十五層,住宅大樓(11層含以上有電梯),住家用,鋼筋混凝土造,1150613,139.64,2,2,2,有,有,17330000,146757,坡道平面,34.5,1900000,預售屋、或土地及建物分件登記案件；,RPSVMLNLPHLGFBB98DA,64.09,0.0,5.18,有,
北屯區,房地(土地+建物)+車位,臺中市北屯區敦富路８１８號十樓之９,16.48,都市：其他:第二之一種住宅區,,,1120926,土地1建物1車位1,十層,十五層,住宅大樓(11層含以上有電梯),住家用,鋼筋混凝土造,1150613,139.64,2,2,2,有,有,17390000,147327,坡道平面,34.5,1900000,預售屋、或土地及建物分件登記案件；,RPTVMLNLPHLGFBB09DA,64.09,0.0,5.18,有,
烏日區,房地(土地+建物),臺中市烏日區光明路３５號,79.9,都市：其他:農業區,,,1120902,土地4建物1車位0,全,四層,透天厝,住商用,鋼筋混凝土造,1150423,231.79,4,2,4,有,有,25800000,111312,,0.0,0,預售屋、或土地及建物分件登記案件；,RPQTMLLLPHLGFIB09DA,220.36,0.0,11.15,無,
神岡區,房地(土地+建物)+車位,臺中市神岡區神林路９０巷１５之５號七樓之６,22.17,,特定農業區,甲種建築用地,1120817,土地1建物1車位1,七層,九層,華廈(10層含以下有電梯),住家用,鋼筋混凝土造,1150515,118.91,2,2,2,有,有,9850000,101413,坡道平面,36.08,1450000,預售屋、或土地及建物分件登記案件；,RPQNMLOJPHLGFDB08DA,52.46,0.0,3.03,有,
神岡區,房地(土地+建物)+車位,臺中市神岡區神林路９０巷１５之５號三樓之５,22.47,,特定農業區,甲種建築用地,1120831,土地1建物1車位1,三層,九層,華廈(10層含以下有電梯),住家用,鋼筋混凝土造,1150515,120.03,2,2,2,有,有,9700000,98273,坡道平面,36.08,1450000,預售屋、或土地及建物分件登記案件；,RPPOMLPKPHLGFDB28DA,53.21,0.0,3.03,有,
神岡區,房地(土地+建物)+車位,臺中市神岡區神林路９０巷１５之５號三樓之２,29.29,,特定農業區,甲種建築用地,1120831,土地1建物1車位1,三層,九層,華廈(10層含以下有電梯),住家用,鋼筋混凝土造,1150515,145.41,3,2,2,有,有,12400000,99241,坡道平面,36.08,1550000,預售屋、或土地及建物分件登記案件；,RPQOMLPKPHLGFDB38DA,68.97,0.0,4.28,有,
大里區,房地(土地+建物)+車位,臺中市大里區忠孝路６號八樓之３,28.95,都市：其他:住宅區,,,1120714,土地1建物1車位1,八層,十五層,住宅大樓(11層含以上有電梯),住家用,鋼筋混凝土造,1150516,149.31,3,2,2,有,無,17300000,121344,坡道平面,24.87,2200000,預售屋、或土地及建物分件登記案件；,RPTTMLTKOHLGFIB37DA,74.81,0.0,7.55,有,
烏日區,房地(土地+建物)+車位,臺中市烏日區日新街５６巷３號四樓之１,32.07,都市：其他:第三種住宅區。,,,1120707,土地1建物1車位1,四層,十一層,住宅大樓(11層含以上有電梯),住家用,鋼筋混凝土造,1150513,159.26999999999998,3,2,2,有,有,16250000,108598,坡道平面,25.29,1700000,預售屋、或土地及建物分件登記案件；,RPQOMLKKPHLGFIB38DA,80.19,0.0,7.13,有,
烏日區,房地(土地+建物)+車位,臺中市烏日區日新街５６巷３號四樓之３,29.73,都市：其他:第三種住宅區。,,,1120721,土地1建物1車位1,四層,十一層,住宅大樓(11層含以上有電梯),住家用,鋼筋混凝土造,1150513,150.18,3,2,2,有,有,14530000,101930,坡道平面,25.29,1800000,預售屋、或土地及建物分件登記案件；,RPSOMLKKPHLGFIB58DA,73.8,0.0,7.58,有,
沙鹿區,房地(土地+建物)+車位,臺中市沙鹿區平等六街８５號五樓之１,38.89,都市：其他:第二種住宅區,,,1120719,土地1建物1車位1,五層,七層,華廈(10層含以下有電梯),住家用,鋼筋混凝土造,1150423,153.39,3,1,2,有,無,15190000,111888,坡道平面,33.27,1750000,預售屋、或土地及建物分件登記案件；,RPQSMLOJNHLGFFB58DA,74.94,0.0,3.94,有,
烏日區,房地(土地+建物),臺中市烏日區光明路４７巷２９弄１７號,61.08,都市：其他:農業區,,,1120723,土地4建物1車位0,全,四層,透天厝,住家用,鋼筋混凝土造,1150423,161.68,5,2,4,有,有,18650000,115351,,0.0,0,本案於民國115年03月30日讓渡一等親讓渡。預售屋、或土地及建物分件登記案件；,RPTQMLLLPHLGFIB09DA,158.12,0.0,3.56,無,
北屯區,房地(土地+建物)+車位,臺中市北屯區敦富路３３６號七樓之１７,11.59,都市：其他:特定商業區,,,1120729,土地1建物1車位1,七層,二十四層,住宅大樓(11層含以上有電梯),辦公用,鋼筋混凝土造,1150414,135.68,0,0,1,有,有,16150000,137795,坡道平面,34.08,2150000,預售屋、或土地及建物分件登記案件；,RPUPMLMJOHLGFBB18DA,58.89,0.0,3.15,有,
烏日區,房地(土地+建物),臺中市烏日區光明路４７巷２０號,118.5,都市：其他:農業區,,,1120719,土地4建物1車位0,全,三層,透天厝,住家用,鋼筋混凝土造,1150423,201.42,4,2,4,有,有,25700000,127594,,0.0,0,預售屋、或土地及建物分件登記案件；,RPXNMLLLPHLGFIB56DA,185.89,0.0,15.53,無,
大里區,房地(土地+建物)+車位,臺中市大里區忠孝路１６號八樓之７,28.77,都市：其他:住宅區,,,1120627,土地1建物1車位1,八層,十五層,住宅大樓(11層含以上有電梯),住家用,鋼筋混凝土造,1150516,148.18,3,2,2,有,無,16580000,116617,坡道平面,24.87,2200000,預售屋、或土地及建物分件登記案件；,RPQTMLTKOHLGFIB07DA,74.12,0.0,7.55,有,
大里區,房地(土地+建物)+車位,臺中市大里區忠孝路１０號,35.21,都市：其他:住宅區,,,1120628,土地1建物1車位2,一層,十五層,住宅大樓(11層含以上有電梯),住家用,鋼筋混凝土造,1150516,200.52,4,2,2,有,無,22000000,116726,坡道平面,49.74,4400000,預售屋、或土地及建物分件登記案件；,RPTNMLKMOHLGFIB68DA,90.2,0.0,9.73,有,
大里區,房地(土地+建物)+車位,臺中市大里區忠孝路１６號十二樓之５,29.96,都市：其他:住宅區,,,1120630,土地1建物1車位2,十二層,十五層,住宅大樓(11層含以上有電梯),住家用,鋼筋混凝土造,1150516,178.86,3,2,2,有,無,20150000,121980,坡道平面,49.74,4400000,預售屋、或土地及建物分件登記案件；,RPWPMLQJPHLGFIB96DA,77.94,0.0,7.55,有,
沙鹿區,房地(土地+建物)+車位,臺中市沙鹿區平等六街８７號三樓之５,28.35,都市：其他:第二種住宅區,,,1120628,土地1建物1車位1,三層,七層,華廈(10層含以下有電梯),住家用,鋼筋混凝土造,1150423,120.55000000000001,2,1,1,有,無,11630000,110907,坡道平面,33.27,1950000,於114/12/8轉讓，轉價價格新台幣1163萬元整預售屋、或土地及建物分件登記案件；,RPVOMLRJNHLGFFB98DA,54.21,0.0,3.13,有,
西屯區,房地(土地+建物)+車位,臺中市西屯區青海南街２３３號十三樓之６,14.71,都市：其他:第二種住宅區,,,1120629,土地1建物1車位1,十三層,二十三層,住宅大樓(11層含以上有電梯),住家用,鋼筋混凝土造,1150407,101.47,2,1,1,有,有,16600000,185433,坡道機械,19.23,1350000,預售屋、或土地及建物分件登記案件；,RPOOMLKMPHLGFCB77DA,47.88,0.0,4.02,有,
北屯區,房地(土地+建物)+車位,臺中市北屯區熱河路一段９９號九樓之７,13.47,都市：其他:第二種商業區,,,1120625,土地1建物1車位1,九層,十四層,住宅大樓(11層含以上有電梯),住家用,鋼筋混凝土造,1150116,141.6,3,2,2,有,有,16730000,139896,坡道平面,35.95,1950000,113.10.15讓渡於新所有權人，讓渡金額1830萬預售屋、或土地及建物分件登記案件；,RPUNMLSLPHLGFBB88DA,62.89,0.0,6.25,有,
梧棲區,房地(土地+建物)+車位,臺中市梧棲區大仁路一段１６８號十一樓之８,22.78,都市：其他:第四種住宅區,,,1120608,土地1建物1車位1,十一層,十五層,住宅大樓(11層含以上有電梯),住家用,鋼筋混凝土造,1150427,117.53999999999999,2,2,1,有,有,8400000,83098,坡道平面,32.7,1350000,含裝潢費；預售屋、或土地及建物分件登記案件；,RPQOMLNJQHLGFFB38DA,51.2,0.0,5.71,有,
烏日區,房地(土地+建物),臺中市烏日區光明路４７巷２９弄１３號,61.08,都市：其他:農業區,,,1120630,土地4建物1車位0,全,四層,透天厝,住家用,鋼筋混凝土造,1150423,161.68,5,2,4,有,有,18550000,114733,,0.0,0,本案於民國114年07月16日讓渡第三人讓渡。預售屋、或土地及建物分件登記案件；,RPQQMLLLPHLGFIB78DA,158.12,0.0,3.56,無,
烏日區,房地(土地+建物),臺中市烏日區光明路４７巷９弄３號,103.63,都市：其他:農業區,,,1120629,土地4建物1車位0,全,三層,透天厝,住家用,鋼筋混凝土造,1150423,148.3,3,2,4,有,有,20000000,134871,,0.0,0,預售屋、或土地及建物分件登記案件；,RPVRMLLLPHLGFIB76DA,137.09,0.0,10.93,無,
北屯區,房地(土地+建物)+車位,臺中市北屯區德和二街５３號三樓之５,30.89,都市：其他:第一之一種住宅區,,,1120515,土地1建物1車位1,三層,七層,華廈(10層含以下有電梯),住家用,鋼筋混凝土造,1150427,108.36,2,2,2,有,有,14620000,151009,坡道平面,25.12,2050000,預售屋、或土地及建物分件登記案件；,RPSOMLTLPHLGFBB88DA,53.15,0.0,3.2,有,
北屯區,房地(土地+建物)+車位,臺中市北屯區德和二街５５號二樓之３,29.41,都市：其他:第一之一種住宅區,,,1120515,土地1建物1車位1,二層,七層,華廈(10層含以下有電梯),住家用,鋼筋混凝土造,1150427,104.25999999999999,2,2,2,有,有,14680000,159591,坡道平面,25.12,2050000,預售屋、或土地及建物分件登記案件；,RPTOMLTLPHLGFBB98DA,50.39,0.0,3.18,有,
北屯區,房地(土地+建物)+車位,臺中市北屯區德和二街５５號三樓之５,29.41,都市：其他:第一之一種住宅區,,,1120515,土地1建物1車位1,三層,七層,華廈(10層含以下有電梯),住家用,鋼筋混凝土造,1150427,103.30000000000001,2,2,2,有,有,13850000,150934,坡道平面,25.12,2050000,預售屋、或土地及建物分件登記案件；,RPUOMLTLPHLGFBB09DA,49.89,0.0,3.03,有,
北屯區,房地(土地+建物)+車位,臺中市北屯區德和二街５３號五樓之１,29.41,都市：其他:第一之一種住宅區,,,1120515,土地1建物1車位1,五層,七層,華廈(10層含以下有電梯),住家用,鋼筋混凝土造,1150427,104.25999999999999,2,2,2,有,有,14600000,158580,坡道平面,25.12,2050000,預售屋、或土地及建物分件登記案件；,RPVOMLTLPHLGFBB56DA,50.39,0.0,3.18,有,
北屯區,房地(土地+建物)+車位,臺中市北屯區德和二街５５之３號,29.41,都市：其他:第一之一種住宅區,,,1120515,土地1建物1車位1,一層,七層,華廈(10層含以下有電梯),住家用,鋼筋混凝土造,1150427,103.21000000000001,2,2,2,有,有,15480000,169420,坡道平面,25.12,2250000,轉讓日期: 114.7.8 ；轉讓金額:新台幣1548萬元整。預售屋、或土地及建物分件登記案件；,RPXOMLTLPHLGFBB76DA,49.83,0.0,3.03,有,
北屯區,房地(土地+建物)+車位,臺中市北屯區德和二街５５號五樓之５,29.41,都市：其他:第一之一種住宅區,,,1120526,土地1建物1車位1,五層,七層,華廈(10層含以下有電梯),住家用,鋼筋混凝土造,1150427,103.30000000000001,2,2,2,有,有,13850000,152213,坡道平面,25.12,1950000,轉讓日期: 113.5.30 ；轉讓金額:新台幣1390萬元整。預售屋、或土地及建物分件登記案件；,RPOPMLTLPHLGFBB58DA,49.89,0.0,3.03,有,
北屯區,房地(土地+建物)+車位,臺中市北屯區德和二街５３號二樓之１,29.41,都市：其他:第一之一種住宅區,,,1120514,土地1建物1車位1,二層,七層,華廈(10層含以下有電梯),住家用,鋼筋混凝土造,1150427,104.25999999999999,2,2,2,有,有,14750000,160475,坡道平面,25.12,2050000,預售屋、或土地及建物分件登記案件；,RPPPMLTLPHLGFBB68DA,50.39,0.0,3.18,有,
南區,房地(土地+建物)+車位,臺中市南區新華街１５８號十五樓之１１,18.37,都市：其他:第五種住宅區,,,1120520,土地3建物1車位1,十五層,二十六層,住宅大樓(11層含以上有電梯),住家用,鋼筋混凝土造,1150528,163.57,3,2,2,有,有,21030000,146586,坡道平面,31.02,1600000,預售屋、或土地及建物分件登記案件；,RPXOMLOLPHLGFAB78DA,80.64,0.0,6.96,有,
南區,房地(土地+建物)+車位,臺中市南區新華街１５８號四樓之１３,19.22,都市：其他:第五種住宅區,,,1120518,土地3建物1車位2,四層,二十六層,住宅大樓(11層含以上有電梯),住家用,鋼筋混凝土造,1150528,200.47,3,2,2,有,有,23250000,145561,坡道平面,62.04,3100000,預售屋、或土地及建物分件登記案件；,RPRPMLOLPHLGFAB28DA,82.44,0.0,9.14,有,
北屯區,房地(土地+建物)+車位,臺中市北屯區德和二街５５號六樓之２,32.09,都市：其他:第一之一種住宅區,,,1120514,土地1建物1車位1,六層,七層,華廈(10層含以下有電梯),住家用,鋼筋混凝土造,1150427,111.31,2,2,2,有,有,16130000,162200,坡道平面,25.12,2150000,轉讓日期: 114.12.7 ；轉讓金額:新台幣1577萬元整。預售屋、或土地及建物分件登記案件；,RPWOMLTLPHLGFBB66DA,53.15,0.0,5.19,有,
神岡區,房地(土地+建物)+車位,臺中市神岡區神林路９０巷１５之５號四樓之３,20.15,,特定農業區,甲種建築用地,1120512,土地1建物1車位1,四層,九層,華廈(10層含以下有電梯),住家用,鋼筋混凝土造,1150515,111.34,2,2,2,有,有,8650000,95668,坡道平面,36.08,1450000,原買方於民國114.09.14將權利同額移轉予權利人。預售屋、或土地及建物分件登記案件；,RPTPMLOKPHLGFDB68DA,47.45,0.0,2.98,有,
烏日區,房地(土地+建物),臺中市烏日區光明路４７巷１９弄２號,62.14,都市：其他:農業區,,,1120528,土地4建物1車位0,全,四層,透天厝,住家用,鋼筋混凝土造,1150423,164.3,5,2,4,有,有,18300000,111382,,0.0,0,預售屋、或土地及建物分件登記案件；,RPQPMLLLPHLGFIB68DA,160.74,0.0,3.56,無,
烏日區,房地(土地+建物),臺中市烏日區光明路４７巷１９弄１２號,61.08,都市：其他:農業區,,,1120513,土地4建物1車位0,全,四層,透天厝,住家用,鋼筋混凝土造,1150423,161.68,5,2,4,有,有,18300000,113187,,0.0,0,本案於民國115年03月30日讓渡配偶讓渡。預售屋、或土地及建物分件登記案件；,RPTPMLLLPHLGFIB98DA,158.12,0.0,3.56,無,
北屯區,房地(土地+建物)+車位,臺中市北屯區敦富一街３６８號六樓之３,22.86,都市：其他:第二之一種住宅區,,,1120529,土地1建物1車位1,六層,十七層,住宅大樓(11層含以上有電梯),住家用,鋼筋混凝土造,1150318,157.85,3,2,2,有,有,20000000,143596,坡道平面,32.15,1950000,預售屋、或土地及建物分件登記案件；,RPWNMLLMPHLGFBB48DA,74.17,0.0,8.99,有,
南屯區,房地(土地+建物),臺中市南屯區永春東七路５５６之３號,265.18,都市：其他:第一之一種住宅區,,,1120420,土地3建物1車位0,一層，二層，三層，四層，地下一層，見其他登記事項,十五層,住宅大樓(11層含以上有電梯),住家用,鋼筋混凝土造,1140831,586.91,4,4,5,有,有,88000000,149938,,0.0,0,預售屋、或土地及建物分件登記案件；,RPQOMLTLNHLGFCB58DA,451.59,0.0,26.29,有,
西屯區,房地(土地+建物)+車位,臺中市西屯區青海路二段５１６號十八樓之７,17.15,都市：其他:第三種住宅區。,,,1120414,土地2建物1車位1,十八層,十九層,住宅大樓(11層含以上有電梯),住家用,鋼筋混凝土造,1150108,142.48000000000002,3,2,2,有,有,21800000,173410,坡道平面,28.3,2000000,預售屋、或土地及建物分件登記案件；,RPRNMLOJQHLGFCB18DA,65.73,0.0,7.96,有,
西屯區,房地(土地+建物),臺中市西屯區福中十五街１０巷３０之３號,66.0,都市：其他:第三種住宅區。,,,1120412,土地1建物1車位0,全,五層,透天厝,住家用,鋼筋混凝土造,1140821,260.63,11,1,11,有,無,32680000,125388,,0.0,0,,RPUOMLQLOHLGFCB78DA,231.35,0.0,29.28,有,
北屯區,房地(土地+建物)+車位,臺中市北屯區敦富路３３６號五樓之５,11.59,都市：其他:特定商業區,,,1120401,土地1建物1車位1,五層,二十四層,住宅大樓(11層含以上有電梯),辦公用,鋼筋混凝土造,1150414,136.34,0,0,1,有,有,15700000,136305,坡道平面,34.73,1850000,預售屋、或土地及建物分件登記案件；,RPQNMLSJPHLGFBB28DA,58.89,0.0,3.15,有,
烏日區,房地(土地+建物),臺中市烏日區光明路４７巷１８號,118.5,都市：其他:農業區,,,1120425,土地4建物1車位0,全,三層,透天厝,住家用,鋼筋混凝土造,1150423,200.76,4,2,4,有,有,25200000,125523,,0.0,0,本案於民國113年08月06日讓渡第三人讓渡。預售屋、或土地及建物分件登記案件；,RPWNMLLLPHLGFIB09DA,185.89,0.0,14.87,無,
烏日區,房地(土地+建物),臺中市烏日區光明路４７巷１９弄１８號,61.08,都市：其他:農業區,,,1120412,土地4建物1車位0,全,四層,透天厝,住家用,鋼筋混凝土造,1150423,161.68,5,2,4,有,有,18300000,113187,,0.0,0,預售屋、或土地及建物分件登記案件；,RPVPMLLLPHLGFIB56DA,158.12,0.0,3.56,無,
烏日區,房地(土地+建物),臺中市烏日區光明路４７巷９弄１號,110.27,都市：其他:農業區,,,1120418,土地4建物1車位0,全,三層,透天厝,住家用,鋼筋混凝土造,1150423,158.77,3,2,4,有,有,20200000,127236,,0.0,0,預售屋、或土地及建物分件登記案件；,RPURMLLLPHLGFIB66DA,146.46,0.0,12.03,無,
烏日區,房地(土地+建物),臺中市烏日區光明路３７號,79.9,都市：其他:農業區,,,1120427,土地4建物1車位0,全,四層,透天厝,住商用,鋼筋混凝土造,1150423,231.79,4,2,4,有,有,25500000,110018,,0.0,0,預售屋、或土地及建物分件登記案件；,RPOTMLLLPHLGFIB88DA,220.36,0.0,11.15,無,
太平區,房地(土地+建物)+車位,臺中市太平區樹德五街１７號八樓之１,30.02,都市：其他:住宅區,,,1120317,土地1建物2車位1,八層,十五層,住宅大樓(11層含以上有電梯),住家用,鋼筋混凝土造,1150512,378.96000000000004,3,2,2,有,有,17000000,44944,坡道平面,39.65,1750000,預售屋、或土地及建物分件登記案件；,RPUNMLKMPHLGFJB98DA,151.54,0.0,17.84,有,184
太平區,房地(土地+建物)+車位,臺中市太平區樹德五街１７號八樓之１,29.76,都市：其他:住宅區,,,1120317,土地1建物2車位2,八層,十五層,住宅大樓(11層含以上有電梯),住家用,鋼筋混凝土造,1150512,378.96000000000004,3,2,2,有,有,18430000,49823,坡道平面,79.3,3500000,預售屋、或土地及建物分件登記案件；,SPUNMLKMPHLGFJB09DA,151.54,0.0,17.84,有,184
西屯區,房地(土地+建物)+車位,臺中市西屯區廣興巷１３號三樓之１８,29.33,都市：其他:農業區,,,1120307,土地1建物1車位1,三層,四層,華廈(10層含以下有電梯),住家用,鋼筋混凝土造,1141103,122.33,1,1,2,有,有,13080000,120359,坡道平面,28.61,1800000,預售屋、或土地及建物分件登記案件；,RPSOMLMLPHLGFCB28DA,52.24,0.0,4.07,有,
南區,房地(土地+建物)+車位,臺中市南區新華街１５８號十二樓之８,19.38,都市：其他:第五種住宅區,,,1120325,土地3建物1車位1,十二層,二十六層,住宅大樓(11層含以上有電梯),住家用,鋼筋混凝土造,1150528,169.37,3,2,2,有,有,22790000,149685,坡道平面,29.81,1900000,預售屋、或土地及建物分件登記案件；,RPQOMLOLPHLGFAB08DA,83.13,0.0,9.14,有,
南區,房地(土地+建物)+車位,臺中市南區新華街１５８號十六樓之１２,17.74,都市：其他:第五種住宅區,,,1120323,土地3建物1車位2,十六層,二十六層,住宅大樓(11層含以上有電梯),住家用,鋼筋混凝土造,1150528,188.44,3,2,2,有,有,22290000,144895,坡道平面,60.83,3800000,預售屋、或土地及建物分件登記案件；,RPQPMLOLPHLGFAB18DA,76.68,0.0,7.71,有,
北屯區,房地(土地+建物)+車位,臺中市北屯區敦富一街３６８號十一樓之１,23.83,都市：其他:第二之一種住宅區,,,1120316,土地1建物1車位1,十一層,十七層,住宅大樓(11層含以上有電梯),住家用,鋼筋混凝土造,1150318,163.54,3,2,2,有,有,21900000,151758,坡道平面,32.74,2050000,權利讓渡金額:新台幣貳仟壹佰玖拾萬元整權利讓渡日期:114/12/29預售屋、或土地及建物分件登記案件；,RPTNMLOJQHLGFBB28DA,78.06,0.0,8.43,有,
西屯區,房地(土地+建物)+車位,臺中市西屯區青海路二段５１６號十樓之５,20.18,都市：其他:第三種住宅區。,,,1120222,土地2建物1車位2,十層,十九層,住宅大樓(11層含以上有電梯),住家用,鋼筋混凝土造,1150108,190.86,3,2,2,有,有,27260000,172501,坡道平面,56.6,4100000,預售屋、或土地及建物分件登記案件；,RPUNMLOJQHLGFCB48DA,77.31,0.0,9.37,有,
烏日區,房地(土地+建物),臺中市烏日區光明路４７巷３２號,106.55,都市：其他:農業區,,,1120226,土地4建物1車位0,全,四層,透天厝,住家用,鋼筋混凝土造,1150423,220.39,5,2,5,有,有,24080000,109261,,0.0,0,預售屋、或土地及建物分件登記案件；,RPPOMLLLPHLGFIB48DA,215.9,0.0,4.49,無,
烏日區,房地(土地+建物),臺中市烏日區光明路４７巷２９弄７號,61.08,都市：其他:農業區,,,1120110,土地4建物1車位0,全,四層,透天厝,住家用,鋼筋混凝土造,1150423,161.68,5,2,4,有,有,17660000,109228,,0.0,0,本案於民國115年03月30日讓渡配偶讓渡。預售屋、或土地及建物分件登記案件；,RPOQMLLLPHLGFIB58DA,158.12,0.0,3.56,無,
烏日區,房地(土地+建物),臺中市烏日區光明路４７巷２９弄９號,61.08,都市：其他:農業區,,,1120111,土地4建物1車位0,全,四層,透天厝,住家用,鋼筋混凝土造,1150423,161.68,5,2,4,有,有,17660000,109228,,0.0,0,預售屋、或土地及建物分件登記案件；,RPPQMLLLPHLGFIB68DA,158.12,0.0,3.56,無,
南區,房地(土地+建物)+車位,臺中市南區新華街１５８號二十二樓之１３,19.22,都市：其他:第五種住宅區,,,1111206,土地3建物1車位2,二十二層,二十六層,住宅大樓(11層含以上有電梯),住家用,鋼筋混凝土造,1150528,200.47,3,2,2,有,有,25000000,155313,坡道平面,62.04,3500000,預售屋、或土地及建物分件登記案件；,RPVPMLOLPHLGFAB68DA,82.44,0.0,9.14,有,
烏日區,房地(土地+建物),臺中市烏日區光明路４７巷１９弄３號,61.08,都市：其他:農業區,,,1111102,土地4建物1車位0,全,四層,透天厝,住家用,鋼筋混凝土造,1150423,156.52,5,2,4,有,有,17330000,110721,,0.0,0,預售屋、或土地及建物分件登記案件；,RPUOMLLLPHLGFIB98DA,152.96,0.0,3.56,無,
烏日區,房地(土地+建物),臺中市烏日區光明路４７巷１９弄１６號,61.08,都市：其他:農業區,,,1111118,土地4建物1車位0,全,四層,透天厝,住家用,鋼筋混凝土造,1150423,161.68,5,2,4,有,有,16650000,102981,,0.0,0,本案於民國112年03月30日讓渡第三人讓渡；本案於民國115年03月31日讓渡配偶讓渡。預售屋、或土地及建物分件登記案件；,RPUPMLLLPHLGFIB09DA,158.12,0.0,3.56,無,
沙鹿區,房地(土地+建物)+車位,臺中市沙鹿區星河路２０３之１１號六樓之５,25.89,都市：其他:第四種住宅區,,,1111029,土地1建物1車位1,六層,七層,華廈(10層含以下有電梯),住家用,鋼筋混凝土造,1150507,102.06,2,2,2,有,有,8900000,85016,坡道機械,7.96,900000,預售屋、或土地及建物分件登記案件；,RPRNMLKMPHLGFFB28DA,57.95,0.0,6.5,有,
南屯區,房地(土地+建物)+車位,臺中市南屯區龍富十八路８號七樓之２,42.07,都市：其他:第五種商業區,,,1111007,土地1建物1車位2,七層,十八層,住宅大樓(11層含以上有電梯),住家用,鋼筋混凝土造,1150421,208.12,3,2,2,有,有,30160000,171051,坡道平面,59.86,4800000,預售屋、或土地及建物分件登記案件；,RPROMLNJQHLGFCB18DA,84.17,0.0,7.94,有,
南區,房地(土地+建物)+車位,臺中市南區新華街１５８號二十樓之１３,19.22,都市：其他:第五種住宅區,,,1111001,土地3建物1車位2,二十層,二十六層,住宅大樓(11層含以上有電梯),住家用,鋼筋混凝土造,1150528,199.26999999999998,3,2,2,有,有,25100000,153135,坡道平面,60.83,3900000,預售屋、或土地及建物分件登記案件；,RPUPMLOLPHLGFAB58DA,82.44,0.0,9.14,有,
北屯區,房地(土地+建物)+車位,臺中市北屯區敦富二街３６號十四樓之７,9.0,都市：其他:特定商業區,,,1111017,土地1建物1車位1,十四層,二十四層,住宅大樓(11層含以上有電梯),辦公用,鋼筋混凝土造,1150414,113.30000000000001,0,0,1,有,有,14130000,152475,坡道平面,34.73,2150000,原總價1413萬元整，112年06月29日原購車位編號B6-160185萬元整更換為車位編號B3-688215萬元整，總價調整為1443萬元整，後又於114年02月08日讓售總金額1368萬元整預售屋、或土地及建物分件登記案件；,RPSTMLMLPHLGFBB68DA,44.44,0.0,3.35,有,
南區,房地(土地+建物)+車位,臺中市南區新華街１５８號七樓之１３,19.22,都市：其他:第五種住宅區,,,1110917,土地3建物1車位1,七層,二十六層,住宅大樓(11層含以上有電梯),住家用,鋼筋混凝土造,1150528,169.45999999999998,3,2,2,有,有,21670000,144973,坡道平面,31.02,1600000,預售屋、或土地及建物分件登記案件；,RPQOMLKKPHLGFAB57DA,82.44,0.0,9.14,有,
南區,房地(土地+建物)+車位,臺中市南區新華街１５８號三樓之３,20.12,都市：其他:第五種住宅區,,,1110909,土地3建物1車位1,三層,二十六層,住宅大樓(11層含以上有電梯),住家用,鋼筋混凝土造,1150528,175.87,3,2,2,有,有,22000000,136693,坡道平面,31.02,2200000,預售屋、或土地及建物分件登記案件；,RPRNMLOLPHLGFAB08DA,87.08,0.0,8.75,有,
南區,房地(土地+建物)+車位,臺中市南區新華街１５８號十三樓之８,19.38,都市：其他:第五種住宅區,,,1110917,土地3建物1車位1,十三層,二十六層,住宅大樓(11層含以上有電梯),住家用,鋼筋混凝土造,1150528,170.57999999999998,3,2,2,有,有,22360000,148753,坡道平面,31.02,1600000,115.04.28 二親等間讓渡權利範圍，1.童薏穎：讓渡權利範圍1/42.童薏如：讓渡權利範圍1/2，合約讓渡總價：2248萬1218元整。預售屋、或土地及建物分件登記案件；,RPROMLOLPHLGFAB18DA,83.13,0.0,9.14,有,
南區,房地(土地+建物)+車位,臺中市南區新華街１５８號二十一樓之１１,18.37,都市：其他:第五種住宅區,,,1110903,土地3建物1車位2,二十一層,二十六層,住宅大樓(11層含以上有電梯),住家用,鋼筋混凝土造,1150528,193.38,3,2,2,有,有,23380000,149981,坡道平面,60.83,3500000,114.5.5讓渡，讓渡金額：2550萬。預售屋、或土地及建物分件登記案件；,RPOPMLOLPHLGFAB97DA,80.64,0.0,6.96,有,
南區,房地(土地+建物)+車位,臺中市南區新華街１５８號二十四樓之１１,18.37,都市：其他:第五種住宅區,,,1110918,土地3建物1車位2,二十四層,二十六層,住宅大樓(11層含以上有電梯),住家用,鋼筋混凝土造,1150528,194.58999999999997,3,2,2,有,有,23180000,153753,坡道平面,62.04,2800000,預售屋、或土地及建物分件登記案件；,RPPPMLOLPHLGFAB08DA,80.64,0.0,6.96,有,
神岡區,房地(土地+建物)+車位,臺中市神岡區豐社路１８８號,31.03,都市：其他:第一之一種住宅區,,,1110920,土地1建物1車位1,一層,十四層,住宅大樓(11層含以上有電梯),商業用,鋼筋混凝土造,1150402,141.84,0,0,1,有,有,18470000,140572,坡道平面,24.32,1950000,預售屋、或土地及建物分件登記案件；,RPPNMLLJQHLGFDB77DA,82.65,0.0,0.0,有,
烏日區,房地(土地+建物),臺中市烏日區光明路４７巷２９弄１５號,61.08,都市：其他:農業區,,,1110909,土地4建物1車位0,全,四層,透天厝,住家用,鋼筋混凝土造,1150423,161.68,5,2,4,有,有,18000000,111331,,0.0,0,預售屋、或土地及建物分件登記案件；,RPSQMLLLPHLGFIB98DA,158.12,0.0,3.56,無,
烏日區,房地(土地+建物),臺中市烏日區光明路４７巷１９弄８號,61.08,都市：其他:農業區,,,1110927,土地4建物1車位0,全,四層,透天厝,住家用,鋼筋混凝土造,1150423,161.68,5,2,4,有,有,17800000,110094,,0.0,0,本案於民國112年12月04日讓渡配偶讓渡；本案於民國115年03月31日讓渡配偶讓渡。預售屋、或土地及建物分件登記案件；,RPRPMLLLPHLGFIB78DA,158.12,0.0,3.56,無,
神岡區,房地(土地+建物)+車位,臺中市神岡區豐社路１９６號七樓之５,31.3,都市：其他:第一之一種住宅區,,,1110810,土地1建物1車位2,七層,十四層,住宅大樓(11層含以上有電梯),住家用,鋼筋混凝土造,1150402,173.03,3,2,2,有,有,16200000,100892,坡道平面,48.64,3650000,預售屋、或土地及建物分件登記案件；,RPRNMLLJQHLGFDB97DA,76.8,0.0,5.5,有,
烏日區,房地(土地+建物),臺中市烏日區光明路４７巷２９弄１８號,95.43,都市：其他:農業區,,,1110819,土地4建物1車位0,全,三層,透天厝,住家用,鋼筋混凝土造,1150423,160.69,4,2,4,有,有,19880000,123716,,0.0,0,預售屋、或土地及建物分件登記案件；,RPXQMLLLPHLGFIB86DA,149.13,0.0,11.56,無,
烏日區,房地(土地+建物),臺中市烏日區光明路４７巷９弄７號,103.63,都市：其他:農業區,,,1110805,土地4建物1車位0,全,三層,透天厝,住家用,鋼筋混凝土造,1150423,148.3,3,2,4,有,有,18400000,124081,,0.0,0,預售屋、或土地及建物分件登記案件；,RPWRMLLLPHLGFIB86DA,137.09,0.0,10.93,無,
烏日區,房地(土地+建物),臺中市烏日區光明路４７巷９弄２號,64.88,都市：其他:農業區,,,1110820,土地4建物1車位0,全,四層,透天厝,住家用,鋼筋混凝土造,1150423,147.41,4,2,3,有,有,15400000,104478,,0.0,0,本案於民國113年06月01日讓渡第三人讓渡，讓渡金額為1680萬元整。預售屋、或土地及建物分件登記案件；,RPPSMLLLPHLGFIB88DA,143.57,0.0,3.56,無,
烏日區,房地(土地+建物),臺中市烏日區光明路４７巷９弄１６號,78.6,都市：其他:農業區,,,1110829,土地4建物1車位0,全,四層,透天厝,住家用,鋼筋混凝土造,1150423,177.17,4,2,3,有,有,20580000,116166,,0.0,0,預售屋、或土地及建物分件登記案件；,RPSSMLLLPHLGFIB56DA,172.4,0.0,4.49,無,
南區,房地(土地+建物)+車位,臺中市南區新華街１５８號十三樓之１,25.26,都市：其他:第五種住宅區,,,1110716,土地3建物1車位2,十三層,二十六層,住宅大樓(11層含以上有電梯),住家用,鋼筋混凝土造,1150528,243.79000000000002,4,2,2,有,有,31520000,153618,坡道平面,62.04,3600000,預售屋、或土地及建物分件登記案件；,RPQRMLQLOHLGFAB48DA,110.28,0.0,9.89,有,
南區,房地(土地+建物)+車位,臺中市南區新華街１５８號二十一樓之１０,19.11,都市：其他:第五種住宅區,,,1110721,土地3建物1車位2,二十一層,二十六層,住宅大樓(11層含以上有電梯),住家用,鋼筋混凝土造,1150528,199.78,3,2,2,有,有,24670000,152969,坡道平面,62.04,3600000,115.2.28讓渡，讓渡金額：2467萬。預售屋、或土地及建物分件登記案件；,RPQNMLTLOHLGFAB38DA,83.09,0.0,7.97,有,
南區,房地(土地+建物)+車位,臺中市南區新華街１５８號三樓之６,18.8,都市：其他:第五種住宅區,,,1110719,土地3建物1車位1,三層,二十六層,住宅大樓(11層含以上有電梯),住家用,鋼筋混凝土造,1150528,166.36,3,2,2,有,有,20150000,138540,坡道平面,31.02,1400000,113.1.31讓渡，讓渡金額：2095萬。預售屋、或土地及建物分件登記案件；,RPPTMLTLOHLGFAB88DA,81.15,0.0,8.37,有,
南區,房地(土地+建物)+車位,臺中市南區新華街１５８號七樓之１,25.26,都市：其他:第五種住宅區,,,1110724,土地3建物1車位2,七層,二十六層,住宅大樓(11層含以上有電梯),住家用,鋼筋混凝土造,1150528,243.79000000000002,4,2,2,有,有,31030000,150922,坡道平面,62.04,3600000,預售屋、或土地及建物分件登記案件；,RPUOMLRJPHLGFAB58DA,110.28,0.0,9.89,有,
南區,房地(土地+建物)+車位,臺中市南區新華街１５８號三樓之１２,17.74,都市：其他:第五種住宅區,,,1110715,土地3建物1車位1,三層,二十六層,住宅大樓(11層含以上有電梯),住家用,鋼筋混凝土造,1150528,157.42000000000002,3,2,2,有,有,18430000,134237,坡道平面,29.81,1300000,預售屋、或土地及建物分件登記案件；,RPSOMLSJPHLGFAB48DA,76.68,0.0,7.71,有,
南區,房地(土地+建物)+車位,臺中市南區新華街１５８號十五樓之２,23.46,都市：其他:第五種住宅區,,,1110714,土地3建物1車位3,十五層,二十六層,住宅大樓(11層含以上有電梯),住家用,鋼筋混凝土造,1150528,261.98,4,2,2,有,有,31700000,153327,坡道平面,93.06,5800000,112.2.11讓渡，讓渡金額：2980萬。預售屋、或土地及建物分件登記案件；,RPQNMLOLPHLGFAB97DA,101.98,0.0,9.7,有,
南區,房地(土地+建物)+車位,臺中市南區新華街１５８號三樓之５,18.27,都市：其他:第五種住宅區,,,1110719,土地3建物1車位1,三層,二十六層,住宅大樓(11層含以上有電梯),住家用,鋼筋混凝土造,1150528,162.62,3,2,2,有,有,18190000,127584,坡道平面,31.02,1400000,預售屋、或土地及建物分件登記案件；,RPSNMLOLPHLGFAB18DA,78.63,0.0,8.37,有,
南區,房地(土地+建物)+車位,臺中市南區新華街１５８號六樓之５,18.27,都市：其他:第五種住宅區,,,1110716,土地3建物1車位1,六層,二十六層,住宅大樓(11層含以上有電梯),住家用,鋼筋混凝土造,1150528,162.62,3,2,2,有,有,20130000,140805,坡道平面,31.02,1600000,預售屋、或土地及建物分件登記案件；,RPTNMLOLPHLGFAB28DA,78.63,0.0,8.37,有,
南區,房地(土地+建物)+車位,臺中市南區新華街１５８號十五樓之５,18.27,都市：其他:第五種住宅區,,,1110718,土地3建物1車位2,十五層,二十六層,住宅大樓(11層含以上有電梯),住家用,鋼筋混凝土造,1150528,193.64,3,2,2,有,有,22300000,145137,坡道平面,62.04,3200000,預售屋、或土地及建物分件登記案件；,RPUNMLOLPHLGFAB38DA,78.63,0.0,8.37,有,
南區,房地(土地+建物)+車位,臺中市南區新華街１５８號十二樓之６,18.8,都市：其他:第五種住宅區,,,1110714,土地3建物1車位1,十二層,二十六層,住宅大樓(11層含以上有電梯),住家用,鋼筋混凝土造,1150528,166.36,3,2,2,有,有,21860000,145264,坡道平面,31.02,2200000,預售屋、或土地及建物分件登記案件；,RPVNMLOLPHLGFAB48DA,81.15,0.0,8.37,有,
南區,房地(土地+建物)+車位,臺中市南區新華街１５８號二十一樓之６,18.8,都市：其他:第五種住宅區,,,1110718,土地3建物1車位2,二十一層,二十六層,住宅大樓(11層含以上有電梯),住家用,鋼筋混凝土造,1150528,197.37,3,2,2,有,有,23480000,151334,坡道平面,62.04,3000000,115.1.12讓渡，讓渡金額：2368萬。預售屋、或土地及建物分件登記案件；,RPWNMLOLPHLGFAB58DA,81.15,0.0,8.37,有,
南區,房地(土地+建物)+車位,臺中市南區新華街１５８號九樓之７,19.91,都市：其他:第五種住宅區,,,1110724,土地3建物1車位1,九層,二十六層,住宅大樓(11層含以上有電梯),住家用,鋼筋混凝土造,1150528,174.36,3,2,2,有,有,22080000,142877,坡道平面,31.02,1600000,115.1.16讓渡，讓渡金額：2228萬。預售屋、或土地及建物分件登記案件；,RPOOMLOLPHLGFAB87DA,85.83,0.0,9.01,有,
南區,房地(土地+建物)+車位,臺中市南區新華街１５８號十二樓之１,25.26,都市：其他:第五種住宅區,,,1110720,土地3建物1車位2,十二層,二十六層,住宅大樓(11層含以上有電梯),住家用,鋼筋混凝土造,1150528,243.79000000000002,4,2,2,有,有,31010000,153012,坡道平面,62.04,3200000,預售屋、或土地及建物分件登記案件；,RPWPMLOLPHLGFAB78DA,110.28,0.0,9.89,有,
南區,房地(土地+建物)+車位,臺中市南區新華街１５８號十二樓之２,23.46,都市：其他:第五種住宅區,,,1110720,土地3建物1車位2,十二層,二十六層,住宅大樓(11層含以上有電梯),住家用,鋼筋混凝土造,1150528,230.97000000000003,4,2,2,有,有,28800000,151542,坡道平面,62.04,3200000,預售屋、或土地及建物分件登記案件；,RPRQMLOLPHLGFAB38DA,101.98,0.0,9.7,有,
烏日區,房地(土地+建物),臺中市烏日區光明路４７巷６號,91.58,都市：其他:農業區,,,1110703,土地4建物1車位0,全,四層,透天厝,住家用,鋼筋混凝土造,1150423,211.41,5,2,5,有,有,20300000,96022,,0.0,0,預售屋、或土地及建物分件登記案件；,RPSNMLLLPHLGFIB68DA,206.88,0.0,4.53,無,
烏日區,房地(土地+建物),臺中市烏日區光明路４７巷３６號,97.04,都市：其他:農業區,,,1110715,土地4建物1車位0,全,四層,透天厝,住家用,鋼筋混凝土造,1150423,220.39,5,2,5,有,有,22700000,102999,,0.0,0,本案於民國115年03月31日讓渡二等親讓渡。預售屋、或土地及建物分件登記案件；,RPQOMLLLPHLGFIB58DA,215.9,0.0,4.49,無,
烏日區,房地(土地+建物),臺中市烏日區光明路４７巷１９弄７號,61.08,都市：其他:農業區,,,1110704,土地4建物1車位0,全,四層,透天厝,住家用,鋼筋混凝土造,1150423,156.52,5,2,4,有,有,17100000,109251,,0.0,0,預售屋、或土地及建物分件登記案件；,RPVOMLLLPHLGFIB09DA,152.96,0.0,3.56,無,
烏日區,房地(土地+建物),臺中市烏日區光明路４７巷１９弄２６號,72.87,都市：其他:農業區,,,1110707,土地4建物1車位0,全,四層,透天厝,住家用,鋼筋混凝土造,1150423,212.55,4,2,4,有,有,23500000,110562,,0.0,0,預售屋、或土地及建物分件登記案件；,RPWPMLLLPHLGFIB66DA,206.86,0.0,5.69,有,
烏日區,房地(土地+建物),臺中市烏日區光明路４７巷１０號,110.33,都市：其他:農業區,,,1110716,土地5建物1車位0,全,三層,透天厝,住家用,鋼筋混凝土造,1150423,163.67,4,2,4,有,有,20400000,124641,,0.0,0,預售屋、或土地及建物分件登記案件；,RPTNMLLLPHLGFIB78DA,151.98,0.0,11.69,無,
烏日區,房地(土地+建物),臺中市烏日區光明路４７巷３０號,124.54,都市：其他:農業區,,,1110706,土地4建物1車位0,全,三層,透天厝,住家用,鋼筋混凝土造,1150423,200.07,4,2,4,有,有,24600000,122957,,0.0,0,預售屋、或土地及建物分件登記案件；,RPOOMLLLPHLGFIB38DA,184.54,0.0,15.53,無,
烏日區,房地(土地+建物),臺中市烏日區光明路４７巷１９弄１９號,115.41,都市：其他:農業區,,,1110722,土地4建物1車位0,全,四層,透天厝,住家用,鋼筋混凝土造,1150423,219.04,4,2,4,有,有,25300000,115504,,0.0,0,預售屋、或土地及建物分件登記案件；,RPPPMLLLPHLGFIB58DA,213.35,0.0,5.69,有,
烏日區,房地(土地+建物),臺中市烏日區光明路４７巷１９弄１０號,61.08,都市：其他:農業區,,,1110722,土地4建物1車位0,全,四層,透天厝,住家用,鋼筋混凝土造,1150423,161.68,5,2,4,有,有,16400000,101435,,0.0,0,本案於民國111年12月15日讓渡第三人讓渡；本案於民國115年03月30日讓渡配偶讓渡；本案於民國115年04月10日讓渡配偶讓渡。預售屋、或土地及建物分件登記案件；,RPSPMLLLPHLGFIB88DA,158.12,0.0,3.56,無,
烏日區,房地(土地+建物),臺中市烏日區光明路４７巷２９弄２號,137.45,都市：其他:農業區,,,1110703,土地4建物1車位0,全,四層,透天厝,住家用,鋼筋混凝土造,1150423,200.66,5,2,5,有,有,25000000,124589,,0.0,0,預售屋、或土地及建物分件登記案件；,RPUQMLLLPHLGFIB56DA,196.4,0.0,4.26,無,
西屯區,房地(土地+建物),臺中市西屯區何厝街６７之１號,89.29,都市：其他:第二種住宅區,,,1110617,土地6建物1車位0,全,五層,透天厝,住家用,鋼筋混凝土造,1140122,309.39,11,1,11,有,有,39800000,128640,,0.0,0,預售屋、或土地及建物分件登記案件；,RPRNMLTLOHLGFCB68DA,295.04,0.0,14.35,有,
烏日區,房地(土地+建物),臺中市烏日區光明路４７巷１９弄１７號,79.37,都市：其他:農業區,,,1110618,土地4建物1車位0,全,四層,透天厝,住家用,鋼筋混凝土造,1150423,216.46,4,2,4,有,有,23200000,107179,,0.0,0,本案於民國115年03月30日讓渡配偶讓渡。預售屋、或土地及建物分件登記案件；,RPOPMLLLPHLGFIB48DA,210.77,0.0,5.69,有,
烏日區,房地(土地+建物),臺中市烏日區光明路４７巷５號,88.05,都市：其他:農業區,,,1110604,土地4建物1車位0,全,三層,透天厝,住家用,鋼筋混凝土造,1150423,148.98,3,2,4,有,有,18200000,122172,,0.0,0,預售屋、或土地及建物分件登記案件；,RPTRMLLLPHLGFIB56DA,137.14,0.0,11.56,無,
烏日區,房地(土地+建物),臺中市烏日區光明路４７巷９弄９號,103.63,都市：其他:農業區,,,1110619,土地4建物1車位0,全,三層,透天厝,住家用,鋼筋混凝土造,1150423,148.93,3,2,4,有,有,18400000,123556,,0.0,0,本案於民國113年06月20日讓渡第三人讓渡，讓渡金額2077萬元整。預售屋、或土地及建物分件登記案件；,RPXRMLLLPHLGFIB96DA,137.09,0.0,11.56,無,
烏日區,房地(土地+建物),臺中市烏日區光明路４７巷３８號,92.85,都市：其他:農業區,,,1110613,土地4建物1車位0,全,四層,透天厝,住家用,鋼筋混凝土造,1150423,220.39,5,2,5,有,有,20400000,92563,,0.0,0,預售屋、或土地及建物分件登記案件；,RPSOMLLLPHLGFIB78DA,215.9,0.0,4.49,無,
烏日區,房地(土地+建物),臺中市烏日區光明路４７巷１９弄１號,64.99,都市：其他:農業區,,,1110627,土地4建物1車位0,全,四層,透天厝,住家用,鋼筋混凝土造,1150423,166.54,5,2,4,有,有,17500000,105080,,0.0,0,本案於民國113年10月27日讓渡第三人讓渡，讓渡金額為1920萬元整。預售屋、或土地及建物分件登記案件；,RPTOMLLLPHLGFIB88DA,163.02,0.0,3.52,無,
烏日區,房地(土地+建物),臺中市烏日區光明路４７巷１９弄１１號,61.08,都市：其他:農業區,,,1110609,土地4建物1車位0,全,四層,透天厝,住家用,鋼筋混凝土造,1150423,156.52,4,3,4,有,有,17100000,109251,,0.0,0,預售屋、或土地及建物分件登記案件；,RPWOMLLLPHLGFIB56DA,152.96,0.0,3.56,無,
烏日區,房地(土地+建物),臺中市烏日區光明路４７巷１號,89.59,都市：其他:農業區,,,1110616,土地4建物1車位0,全,三層,透天厝,住家用,鋼筋混凝土造,1150423,152.62,3,2,4,有,有,17800000,116637,,0.0,0,本案於民國114年04月18日讓渡第三人讓渡，讓渡金額為1886萬元整。預售屋、或土地及建物分件登記案件；,RPRRMLLLPHLGFIB98DA,140.65,0.0,11.69,無,
烏日區,房地(土地+建物),臺中市烏日區光明路４７巷９弄８號,63.76,都市：其他:農業區,,,1110612,土地4建物1車位0,全,四層,透天厝,住家用,鋼筋混凝土造,1150423,145.08,4,2,3,有,有,15300000,105466,,0.0,0,本案於民國114年03月09日讓渡第三人讓渡，讓渡金額為1850萬元整。預售屋、或土地及建物分件登記案件；,RPRSMLLLPHLGFIB09DA,141.24,0.0,3.56,無,
烏日區,房地(土地+建物),臺中市烏日區光明路４７巷９弄２２號,63.76,都市：其他:農業區,,,1110622,土地4建物1車位0,全,四層,透天厝,住家用,鋼筋混凝土造,1150423,145.08,4,2,3,有,有,15300000,105466,,0.0,0,本案於民國112年04月29日讓渡第三人讓渡，讓渡金額為1620萬元整。預售屋、或土地及建物分件登記案件；,RPUSMLLLPHLGFIB76DA,141.24,0.0,3.56,無,
烏日區,房地(土地+建物),臺中市烏日區光明路４３號,83.59,都市：其他:農業區,,,1110610,土地4建物1車位0,全,四層,透天厝,住商用,鋼筋混凝土造,1150423,242.46,4,2,4,有,有,25800000,106414,,0.0,0,本案於民國115年03月31日讓渡配偶讓渡。預售屋、或土地及建物分件登記案件；,RPXSMLLLPHLGFIB07DA,230.28,0.0,11.9,無,
烏日區,房地(土地+建物),臺中市烏日區光明路４７巷９弄６號,63.76,都市：其他:農業區,,,1110601,土地4建物1車位0,全,四層,透天厝,住家用,鋼筋混凝土造,1150423,145.08,4,2,3,有,有,15300000,105466,,0.0,0,本案於民國112年11月17日讓渡第三人讓渡；本案於民國115年03月19日讓渡一等親讓渡；本案於民國115年03月19日讓渡配偶讓渡。預售屋、或土地及建物分件登記案件；,RPOOMLLMPHLGFIB48DA,141.24,0.0,3.56,無,
烏日區,房地(土地+建物),臺中市烏日區光明路４７巷２９弄２６號,98.83,都市：其他:農業區,,,1110525,土地4建物1車位0,全,三層,透天厝,住家用,鋼筋混凝土造,1150423,160.23,4,2,4,有,有,19650000,122636,,0.0,0,本案於民國111年12月27日讓渡第三人讓渡；本案於民國115年03月31日讓渡一等親讓渡。預售屋、或土地及建物分件登記案件；,RPUNMLMLPHLGFIB98DA,149.13,0.0,11.1,無,
北屯區,房地(土地+建物)+車位,臺中市北屯區敦富路３３６號十二樓之８,11.49,都市：其他:特定商業區,,,1110210,土地1建物1車位1,十二層,二十四層,住宅大樓(11層含以上有電梯),辦公用,鋼筋混凝土造,1150414,136.29,0,0,1,有,有,16630000,141531,坡道平面,35.04,2300000,114年05月07日讓售總金額1650萬元整預售屋、或土地及建物分件登記案件；,RPPNMLSJPHLGFBB18DA,58.77,0.0,3.03,有,
南屯區,房地(土地+建物),臺中市南屯區永春東七路５６６之２號,221.23,都市：其他:第一之一種住宅區,,,1110109,土地3建物1車位0,一層，二層，三層，四層，地下一層，見其他登記事項,十五層,住宅大樓(11層含以上有電梯),住家用,鋼筋混凝土造,1140831,577.23,4,4,5,有,有,70800000,122655,,0.0,0,預售屋、或土地及建物分件登記案件；,RPPOMLRKPHLGFCB38DA,443.69,0.0,26.29,有,
南屯區,房地(土地+建物),臺中市南屯區永春東七路５６０之１號,221.23,都市：其他:第一之一種住宅區,,,1101113,土地3建物1車位0,一層，二層，三層，四層，地下一層，見其他登記事項,十五層,住宅大樓(11層含以上有電梯),住家用,鋼筋混凝土造,1140831,577.23,4,4,5,有,有,67700000,117284,,0.0,0,預售屋、或土地及建物分件登記案件；,RPOOMLRKPHLGFCB28DA,443.69,0.0,26.29,有,
西屯區,房地(土地+建物)+車位,臺中市西屯區臺灣大道三段７６５號八樓之５,5.68,都市：其他:第四之一種商業區,,,1100116,土地1建物1車位1,八層,三十六層,住宅大樓(11層含以上有電梯),住家用,鋼骨造,1141028,92.92,2,2,1,有,有,9350000,105224,坡道機械,12.14,850000,1.讓渡日期:111/5/192.此申報總價為九百五十萬預售屋、或土地及建物分件登記案件；,RPPNMLTJPHLGFCB38DA,47.87,1.12,3.89,有,
西屯區,房地(土地+建物)+車位,臺中市西屯區臺灣大道三段７６５號十五樓之９,5.51,都市：其他:第四之一種商業區,,,1100111,土地1建物1車位1,十五層,三十六層,住宅大樓(11層含以上有電梯),住家用,鋼骨造,1141028,89.83,2,2,1,有,有,9480000,111083,坡道機械,12.14,850000,預售屋、或土地及建物分件登記案件；,RPQNMLTJPHLGFCB48DA,44.87,1.8,4.23,有,
西屯區,房地(土地+建物)+車位,臺中市西屯區臺灣大道三段７６５號三十四樓之１０,5.51,都市：其他:第四之一種商業區,,,1091111,土地1建物1車位1,三十四層,三十六層,住宅大樓(11層含以上有電梯),住家用,鋼骨造,1141028,108.19,2,2,1,有,有,10300000,114646,坡道平面,30.56,1400000,1.讓渡日期:115/04/142.此申報總價為1115萬元預售屋、或土地及建物分件登記案件；,RPUTMLOLOHLGFCB09DA,45.03,1.55,4.27,有,
西屯區,房地(土地+建物)+車位,臺中市西屯區臺灣大道三段７６１號二十一樓之５,7.54,都市：其他:第四之一種商業區,,,1090831,土地1建物1車位1,二十一層,三十六層,住宅大樓(11層含以上有電梯),住家用,鋼骨造,1141028,137.4,3,2,2,有,有,13600000,113253,坡道平面,30.56,1500000,1.讓渡日期:114/5/152.此申報總價為原始買賣合約價格預售屋、或土地及建物分件登記案件；,RPTNMLTJPHLGFCB78DA,62.09,2.96,4.96,有,
西屯區,房地(土地+建物)+車位,臺中市西屯區臺灣大道三段７６５號十五樓之１３,5.03,都市：其他:第四之一種商業區,,,1090727,土地1建物1車位1,十五層,三十六層,住宅大樓(11層含以上有電梯),住家用,鋼骨造,1141028,102.92,2,2,1,有,有,9400000,105721,坡道平面,30.56,1750000,預售屋、或土地及建物分件登記案件；,RPRNMLTJPHLGFCB58DA,42.98,0.0,4.41,有,
西屯區,房地(土地+建物)+車位,臺中市西屯區臺灣大道三段７６５號二十一樓之１３,5.03,都市：其他:第四之一種商業區,,,1090727,土地1建物1車位1,二十一層,三十六層,住宅大樓(11層含以上有電梯),住家用,鋼骨造,1141028,102.92,2,2,1,有,有,9430000,107518,坡道平面,30.56,1650000,預售屋、或土地及建物分件登記案件；,RPSNMLTJPHLGFCB68DA,42.98,0.0,4.41,有,
西屯區,房地(土地+建物)+車位,臺中市西屯區臺灣大道三段７６１號二十二樓之６,5.68,都市：其他:第四之一種商業區,,,1090728,土地1建物1車位1,二十二層,三十六層,住宅大樓(11層含以上有電梯),住家用,鋼骨造,1141028,110.22999999999999,2,2,1,有,有,10360000,112464,坡道平面,30.56,1400000,預售屋、或土地及建物分件登記案件；,RPUNMLTJPHLGFCB88DA,45.59,2.13,4.47,有,
西屯區,房地(土地+建物)+車位,臺中市西屯區臺灣大道三段７６１號二十九樓之８,5.27,都市：其他:第四之一種商業區,,,1090629,土地1建物1車位1,二十九層,三十六層,住宅大樓(11層含以上有電梯),住家用,鋼骨造,1141028,87.45,2,2,1,有,有,9130000,109946,坡道機械,12.14,850000,1.讓渡日期:114年4月8日2.此申報總價為原始買賣合約價格預售屋、或土地及建物分件登記案件；,RPUPMLNLPHLGFCB68DA,45.21,0.0,4.15,有,
