鄉鎮市區,交易標的,土地位置建物門牌,土地移轉總面積平方公尺,都市土地使用分區,非都市土地使用分區,非都市土地使用編定,交易年月日,交易筆棟數,移轉層次,總樓層數,建物型態,主要用途,主要建材,建築完成年月,建物移轉總面積平方公尺,建物現況格局-房,建物現況格局-廳,建物現況格局-衛,建物現況格局-隔間,有無管理組織,總價元,單價元平方公尺,車位類別,車位移轉總面積平方公尺,車位總價元,備註,編號,主建物面積,附屬建物面積,陽台面積,電梯,移轉編號
The villages and towns urban district,transaction sign,land sector position building sector house number plate,land shifting total area square meter,the use zoning or compiles and checks,the non-metropolis land use district,non-metropolis land use,transaction year month and day,transaction pen number,shifting level,total floor number,building state,main use,main building materials,construction to complete the years,building shifting total area,Building present situation pattern - room,building present situation pattern - hall,building present situation pattern - health,building present situation pattern - compartmented,Whether there is manages the organization,total price NTD,the unit price (NTD / square meter),the berth category,berth shifting total area square meter,the berth total price NTD,the note,serial number,main building area,auxiliary building area,balcony area,elevator,transaction number
后里區,土地,文德段456地號,84.58,都市：其他:道路用地,,,1150901,土地1建物0車位0,,,其他,,,,0.0,0,0,0,無,無,850000,10050,,0.0,0,包含公共設施保留地用地；,RPSNMLOJRHLGFDB48DA,0.0,0.0,0.0,無,001
西屯區,土地,民安段1791-2地號,2.95,都市：其他:道路用地,,,1150803,土地1建物0車位0,,,其他,,,,0.0,0,0,0,無,無,312956,106087,,0.0,0,包含公共設施保留地用地；,RPUNMLRKQHLGFCB88DA,0.0,0.0,0.0,無,002
西屯區,土地,下石碑段1298地號,4.58,都市：其他:第二種住宅區,,,1150820,土地1建物0車位0,,,其他,,,,0.0,0,0,0,無,無,415433,90706,,0.0,0,含土地增值稅或其他稅費；含仲介費；含地政士服務費；其他；親友、員工、共有人或其他特殊關係間之交易；未登記建物；農作物；,RPWUMLQLQHLGFCB17DA,0.0,0.0,0.0,無,003
大甲區,房地(土地+建物),臺中市大甲區水源路７０６巷２０６號,84.38,,鄉村區,乙種建築用地,1150801,土地1建物1車位0,全,二層,透天厝,住家用,鋼筋混凝土加強磚造,0681211,100.8,4,2,2,有,無,5600000,55556,,0.0,0,其他增建；,RPQNMLOKQHLGFEB38DA,100.8,0.0,0.0,無,
大甲區,土地,義和段154-4地號,515.4,,特定農業區,農牧用地,1150817,土地2建物0車位0,,,其他,,,,0.0,0,0,0,無,無,1700000,3298,,0.0,0,親友、員工、共有人或其他特殊關係間之交易；,RPSOMLRKQHLGFEB98DA,0.0,0.0,0.0,無,
大甲區,土地,義和段311-1地號,843.78,,特定農業區,農牧用地,1150817,土地2建物0車位0,,,其他,,,,0.0,0,0,0,無,無,2900000,3437,,0.0,0,親友、員工、共有人或其他特殊關係間之交易；,RPTOMLRKQHLGFEB09DA,0.0,0.0,0.0,無,
清水區,土地,楊厝段1373地號,11584.89,都市：其他:乙種工業區,,,1150806,土地1建物0車位0,,,其他,,,,0.0,0,0,0,無,無,140177169,12100,,0.0,0,雙方約訂地上農舍，併同交付買方使用管理，嗣日後變更為，賣方再配合辦理買賣過戶登記於買受人。,RPOPMLOJQHLGFFB38DA,0.0,0.0,0.0,無,
烏日區,房地(土地+建物)+車位,臺中市烏日區信義街５６號十二樓之１,28.67,都市：其他:第三種住宅區。,,,1150809,土地1建物1車位1,十二層,十四層,住宅大樓(11層含以上有電梯),住家用,鋼筋混凝土造,1100510,156.57999999999998,3,2,2,有,有,18900000,120705,坡道平面,28.97,0,,RPXNMLLKQHLGFIB56DA,75.6,1.44,9.17,有,004
西屯區,建物,臺中市西屯區中清路二段１８９巷２１號,0.0,,,,1150807,土地0建物1車位0,全,三層,透天厝,住商用,鋼筋混凝土造,0891230,2.32,6,2,5,有,無,50000,21552,,0.0,0,建物坐落地號：下石碑段582地號；含租約；,RPRNMLOLQHLGFCB48EA,2.14,0.0,0.18,無,
西屯區,房地(土地+建物),臺中市西屯區忠義街７８之１２號,4.43,都市：其他:第一種商業區,,,1150809,土地1建物1車位0,八層,八層,華廈(10層含以下有電梯),住家用,鋼筋混凝土造,0810703,35.16,1,1,1,有,有,2650000,75370,,0.0,0,陽台外推；,RPRQNLMKQHLGFCB48DA,27.59,0.0,2.59,有,
西屯區,房地(土地+建物)+車位,臺中市西屯區臺灣大道四段１１３０號十二樓之１,32.52,都市：其他:第三之一種住宅區,,,1150801,土地2建物1車位2,十二層,十五層,住宅大樓(11層含以上有電梯),住家用,鋼筋混凝土造,0951205,330.39,2,2,2,有,有,36880000,111626,坡道平面,56.22,0,陽台外推；,RPOSMLOLQHLGFCB58DA,163.9,2.23,34.71,有,
西屯區,房地(土地+建物),臺中市西屯區黎明路三段３１６號二樓之５,3.22,都市：其他:第二種商業區,,,1150801,土地1建物1車位0,二層,十三層,住宅大樓(11層含以上有電梯),住家用,鋼筋混凝土造,0840220,24.02,1,0,1,有,有,2150000,89509,,0.0,0,其他增建；,RPWNOLQLQHLGFCB66DA,14.25,0.0,2.3,有,
神岡區,房地(土地+建物),臺中市神岡區中山路１１５１號,184.31,都市：其他:第一之二種住宅區,,,1150810,土地1建物1車位0,全,二層,透天厝,商業用,加強磚造,0540815,180.9,6,1,2,有,無,16000000,88447,,0.0,0,其他增建；未登記建物；,RPTNMLSLQHLGFDB09DA,180.9,0.0,0.0,無,
清水區,房地(土地+建物),臺中市清水區光華路２１號,111.02,都市：其他:第四種住宅區,,,1150809,土地1建物1車位0,全,三層,透天厝,住商用,鋼筋混凝土造,0740131,244.07,6,1,3,有,無,13000000,53263,,0.0,0,,RPQNMLLMQHLGFFB38DA,244.07,0.0,0.0,無,
西屯區,土地,信安段852-1地號,10.78,都市：其他:道路用地,,,1150818,土地3建物0車位0,,,其他,,,,0.0,0,0,0,無,無,2000000,185529,,0.0,0,親友、員工、共有人或其他特殊關係間之交易；包含公共設施保留地用地；,RPXRMLOLQHLGFCB76DA,0.0,0.0,0.0,無,005
后里區,土地,圳寮段106-39地號,184.0,非都市：山坡地保育區 ; 非都市編定：丙種建築用地,,,1150811,土地2建物0車位0,,,其他,,,,0.0,0,0,0,無,無,2000000,10870,,0.0,0,增值稅由買方繳納親友、員工、共有人或其他特殊關係間之交易；,RPUNMLMKQHLGFDB48DA,0.0,0.0,0.0,無,
豐原區,房地(土地+建物),臺中市豐原區南陽路２９８巷１８號四樓,33.4,都市：其他:第二種住宅區,,,1150805,土地1建物2車位0,四層,五層,公寓(5樓含以下無電梯),住家用,鋼筋混凝土造,0780928,103.68,3,2,2,有,有,4350000,41956,,0.0,0,,RPQNMLLLQHLGFDB08DA,82.15,0.0,8.44,無,
后里區,土地,里城段189地號,1601.0,,特定農業區,農牧用地,1150814,土地1建物0車位0,,,其他,,,,0.0,0,0,0,無,無,3950000,2467,,0.0,0,,RPUNMLSLQHLGFDB56DA,0.0,0.0,0.0,無,
后里區,土地,里城段190地號,1170.0,,特定農業區,農牧用地,1150814,土地1建物0車位0,,,其他,,,,0.0,0,0,0,無,無,2935000,2509,,0.0,0,,RPVNMLSLQHLGFDB66DA,0.0,0.0,0.0,無,006
大甲區,房地(土地+建物),臺中市大甲區新政路１１６巷２９號,83.0,都市：其他:住宅區,,,1150801,土地1建物1車位0,全,二層,透天厝,住家用,鋼筋混凝土加強磚造,0570415,81.2,2,2,0,有,無,4700000,57882,,0.0,0,其他增建；未登記建物；,RPSNMLRJQHLGFEB78DA,81.2,0.0,0.0,無,007
沙鹿區,土地,大學段1176地號,19.08,都市：其他:第二種住宅區,,,1150813,土地1建物0車位0,,,其他,,,,0.0,0,0,0,無,無,432750,22681,,0.0,0,,RPQNMLRKQHLGFFB78DA,0.0,0.0,0.0,無,008
梧棲區,房地(土地+建物)+車位,臺中市梧棲區大同街２８８號七樓之２,19.24,都市：其他:第一種商業區,,,1150820,土地1建物1車位1,七層,十二層,住宅大樓(11層含以上有電梯),住家用,鋼筋混凝土造,1140626,133.66,3,2,2,有,有,7650000,57235,坡道平面,28.25,0,,RPROMLPLQHLGFFB88DA,61.32,0.0,8.34,有,009
清水區,土地,銀聯段1565地號,214.12,都市：其他:第四種住宅區,,,1150825,土地2建物0車位0,,,其他,,,,0.0,0,0,0,無,無,10500000,49038,,0.0,0,,RPTOMLPLQHLGFFB09DA,0.0,0.0,0.0,無,
沙鹿區,房地(土地+建物)+車位,臺中市沙鹿區永寧路一段７８號十樓之５,14.08,都市：其他:第四種住宅區,,,1150803,土地1建物1車位1,十層,十五層,住宅大樓(11層含以上有電梯),住家用,鋼筋混凝土造,1140310,111.36,2,2,1,有,有,9200000,88358,坡道平面,24.78,1550000,,RPTPMLSLQHLGFFB86DA,53.76,0.0,4.04,有,
新社區,土地,水底寮段上水底寮小段2931地號,7730.0,,山坡地保育區,農牧用地,1150801,土地2建物0車位0,,,其他,,,,0.0,0,0,0,無,無,2500000,323,,0.0,0,,RPQNMLRKQHLGFGB88DA,0.0,0.0,0.0,無,
大雅區,土地,員寶段632地號,64.49,都市：其他:農業區,,,1150806,土地1建物0車位0,,,其他,,,,0.0,0,0,0,無,無,1501972,23290,,0.0,0,政府機關標讓售；,RPTNMLSKQHLGFHB76DA,0.0,0.0,0.0,無,
大雅區,土地,馬岡段31地號,138.94,都市：其他:道路用地,,,1150807,土地3建物0車位0,,,其他,,,,0.0,0,0,0,無,無,440000,3167,,0.0,0,包含公共設施保留地用地；,RPPNMLSLQHLGFHB09DA,0.0,0.0,0.0,無,
龍井區,土地,中山段464地號,6.93,都市：其他:農業區,,,1150816,土地1建物0車位0,,,其他,,,,0.0,0,0,0,無,無,62863,9071,,0.0,0,,RPPNMLSLQHLGFKB86EA,0.0,0.0,0.0,無,010
南屯區,土地,三富段66地號,156.95,都市：其他:第一之C種住宅區,,,1150803,土地1建物0車位0,,,其他,,,,0.0,0,0,0,無,無,38800000,247212,,0.0,0,,RPQOMLQLQHLGFCB58DA,0.0,0.0,0.0,無,011
大甲區,土地,臨江段1082-4地號,73.45,都市：其他:住宅區,,,1150811,土地1建物0車位0,,,其他,,,,0.0,0,0,0,無,無,3243000,44152,,0.0,0,親友、員工、共有人或其他特殊關係間之交易；,RPRNMLMKQHLGFEB28DA,0.0,0.0,0.0,無,012
大甲區,土地,臨江段1082-4地號,45.71,都市：其他:住宅區,,,1150811,土地1建物0車位0,,,其他,,,,0.0,0,0,0,無,無,2018000,44148,,0.0,0,親友、員工、共有人或其他特殊關係間之交易；,SPRNMLMKQHLGFEB38DA,0.0,0.0,0.0,無,012
沙鹿區,土地,大學段1646地號,287.11,都市：其他:保護區,,,1150816,土地2建物0車位0,,,其他,,,,0.0,0,0,0,無,無,1042080,3630,,0.0,0,親友、員工、共有人或其他特殊關係間之交易；,RPQNMLNLQHLGFFB48DA,0.0,0.0,0.0,無,014
清水區,房地(土地+建物)+車位,臺中市清水區建國路１３８號七樓之二,53.51,都市：其他:第四種住宅區,,,1150823,土地1建物1車位1,七層,十四層,住宅大樓(11層含以上有電梯),住家用,鋼筋混凝土造,0940927,179.81,3,2,2,有,有,8200000,45604,坡道平面,0.0,0,,RPPOMLOLQHLGFFB58DA,99.38,0.0,12.88,有,
梧棲區,房地(土地+建物)+車位,臺中市梧棲區八德東路６７號二十五樓之５,9.42,都市：其他:第四種商業區,,,1150808,土地1建物1車位1,二十五層,二十八層,住宅大樓(11層含以上有電梯),住家用,鋼筋混凝土造,1140606,131.05,3,2,2,有,有,7500000,57230,坡道平面,24.74,0,,RPOOMLQLQHLGFFB68DA,66.47,0.0,4.34,有,015
石岡區,房地(土地+建物),臺中市石岡區豐勢路７７巷１５號,150.62,,鄉村區,乙種建築用地,1150806,土地1建物1車位0,全,三層,透天厝,住家用,加強磚造,0601000,176.2,4,2,1,有,無,5880000,33371,,0.0,0,其他增建；,RPRNMLTKQHLGFGB56DA,176.2,0.0,0.0,無,
潭子區,土地,大新段761地號,112.76,都市：其他:農業區,,,1150806,土地1建物0車位0,,,其他,,,,0.0,0,0,0,無,無,5200000,46116,,0.0,0,,RPUNMLQJQHLGFHB56DA,0.0,0.0,0.0,無,
潭子區,房地(土地+建物),臺中市潭子區榮興街２１巷１號,7.4,都市：其他:第一之一種住宅區,,,1150806,土地1建物1車位0,一層,十三層,住宅大樓(11層含以上有電梯),商業用,鋼筋混凝土造,0840520,36.78,0,0,0,無,有,4563000,124096,,0.0,0,親友、員工、共有人或其他特殊關係間之交易；,RPVNMLLMQHLGFHB09DA,26.53,0.0,0.0,有,016
大肚區,土地,福和北段81地號,313.73,,山坡地保育區,丁種建築用地,1150805,土地1建物0車位0,,,其他,,,,0.0,0,0,0,無,無,9015500,28736,,0.0,0,,RPPNMLNJQHLGFKB68DA,0.0,0.0,0.0,無,
龍井區,土地,忠和段2530-11地號,6.75,都市：其他:第四種住宅區,,,1150825,土地1建物0車位0,,,其他,,,,0.0,0,0,0,無,無,244800,36267,,0.0,0,,RPRNMLLJRHLGFKB78DA,0.0,0.0,0.0,無,
南屯區,土地,埔興段1325-3地號,5.58,都市：其他:第二之二種住宅區,,,1150818,土地1建物0車位0,,,其他,,,,0.0,0,0,0,無,無,287500,51523,,0.0,0,親友、員工、共有人或其他特殊關係間之交易；,RPXOMLKLQHLGFCB68DA,0.0,0.0,0.0,無,017
西屯區,房地(土地+建物),臺中市西屯區西屯路二段湳子巷９之１１號三樓之１５,6.1,都市：其他:第三之二種住宅區,,,1150826,土地1建物1車位0,三層,六層,華廈(10層含以下有電梯),住家用,鋼筋混凝土造,0960523,33.96,1,0,1,有,有,2770000,81567,,0.0,0,,RPTRMLRLQHLGFCB66DA,14.1,1.26,0.0,有,018
西屯區,土地,民安段1694-1地號,6.29,都市：其他:第一之一種住宅區,,,1150814,土地1建物0車位0,,,其他,,,,0.0,0,0,0,無,無,920572,146355,,0.0,0,包含公共設施保留地用地；,RPUNMLLMQHLGFCB48DA,0.0,0.0,0.0,無,019
南屯區,房地(土地+建物)+車位,臺中市南屯區文心南路７３號二十二樓之７,15.95,都市：其他:第三種商業區,,,1150802,土地1建物1車位1,二十二層,二十四層,住宅大樓(11層含以上有電梯),住家用,鋼筋混凝土造,1120706,189.82,3,2,2,有,有,30000000,158044,坡道平面,30.65,0,,RPXNMLLMQHLGFCB78DA,94.31,1.02,8.89,有,020
西屯區,房地(土地+建物),臺中市西屯區福聯街１５巷９號七樓之２５,3.84,都市：其他:第一之一種住宅區,,,1150825,土地1建物1車位0,七層,十三層,住宅大樓(11層含以上有電梯),住家用,鋼筋混凝土造,0830908,21.7,1,0,1,有,有,1400000,64516,,0.0,0,,RPVPMLLJRHLGFCB58DA,12.58,0.0,1.44,有,
西屯區,房地(土地+建物),臺中市西屯區福聯街１５巷９號六樓之８,3.84,都市：其他:第一之一種住宅區,,,1150825,土地1建物1車位0,六層,十三層,住宅大樓(11層含以上有電梯),住家用,鋼筋混凝土造,0830908,21.59,1,0,1,有,有,1400000,64845,,0.0,0,,RPXPMLLJRHLGFCB78DA,12.47,0.0,1.44,有,
西屯區,房地(土地+建物),臺中市西屯區福聯街７２號七樓之３２,5.84,都市：其他:第一之一種住宅區,,,1150825,土地1建物1車位0,七層,七層,華廈(10層含以下有電梯),住家用,鋼筋混凝土造,0830604,33.42,1,0,1,有,有,2300000,68821,,0.0,0,,RPOQMLLJRHLGFCB97DA,19.78,0.0,2.4,有,
沙鹿區,房地(土地+建物),臺中市沙鹿區中山路６２６號五樓之５,10.15,都市：其他:第四種住宅區,,,1150818,土地2建物1車位0,五層,七層,華廈(10層含以下有電梯),住家用,鋼筋混凝土造,1141127,38.29,1,0,1,有,無,3760000,98198,,0.0,0,其他增建；,RPPNMLTKQHLGFFB88DA,19.95,0.0,2.39,有,
大雅區,土地,六雅段1085地號,66.06,都市：其他:第二種住宅區,,,1150807,土地1建物0車位0,,,其他,,,,0.0,0,0,0,無,無,1600000,24220,,0.0,0,未登記建物；,RPPNMLLJRHLGFHB28DA,0.0,0.0,0.0,無,
霧峰區,土地,峰南段79地號,77.5,都市：其他:商業區,,,1150801,土地2建物0車位0,,,其他,,,,0.0,0,0,0,無,無,5000000,64516,,0.0,0,,RPWOMLLLQHLGFIB66DA,0.0,0.0,0.0,無,
太平區,房地(土地+建物)+車位,臺中市太平區太順路３８５號九樓之２,23.91,都市：其他:住宅區,,,1150802,土地1建物1車位1,九層,十五層,住宅大樓(11層含以上有電梯),住家用,鋼筋混凝土造,1060707,158.39,3,2,2,有,有,14100000,89021,坡道平面,25.94,0,,RPTNMLNJQHLGFJB98DA,80.4,0.0,9.55,有,021
大安區,土地,安地段1222地號,1085.2,,鄉村區,乙種建築用地,1150809,土地2建物0車位0,,,其他,,,,0.0,0,0,0,無,無,6565400,6050,,0.0,0,未登記建物；,RPPNMLNJRHLGFEB28EA,0.0,0.0,0.0,無,
西屯區,房地(土地+建物),臺中市西屯區西屯路二段上石北２巷３６號六樓之８,6.91,都市：其他:第三種商業區,,,1150808,土地1建物1車位0,六層,八層,華廈(10層含以下有電梯),住家用,鋼筋混凝土造,0831109,53.59,1,2,1,有,有,5000000,93301,,0.0,0,其他增建；,RPPQMLNKQHLGFCB28DA,30.96,0.0,7.79,有,
南屯區,房地(土地+建物)+車位,臺中市南屯區春安路１１１號八樓之７,10.66,都市：其他:第五種住宅區,,,1150822,土地1建物1車位1,八層,二十四層,住宅大樓(11層含以上有電梯),住家用,鋼筋混凝土造,1111028,121.64,2,2,1,有,有,12000000,98652,坡道平面,34.84,0,,RPTNMLPLQHLGFCB68DA,53.06,0.0,5.0,有,022
西屯區,房地(土地+建物),臺中市西屯區福順路２５５巷２５號四樓,30.16,都市：其他:第三之一種住宅區,,,1150801,土地1建物1車位0,四層,五層,公寓(5樓含以下無電梯),住家用,鋼筋混凝土造,0690401,87.57,3,2,2,有,無,5250000,59952,,0.0,0,,RPPOMLPLQHLGFCB38DA,87.57,0.0,0.0,無,
西屯區,房地(土地+建物),臺中市西屯區櫻城二街８號五樓之１３,3.84,都市：其他:第三之二種住宅區,,,1150820,土地1建物1車位0,五層,七層,華廈(10層含以下有電梯),住家用,鋼筋混凝土造,0840424,22.46,1,0,1,有,有,2100000,93500,,0.0,0,,RPUSMLMJRHLGFCB88DA,11.6,1.28,2.23,有,
南屯區,房地(土地+建物),臺中市南屯區文心南三路５２８號十九樓之１２,4.75,都市：其他:第三種商業區,,,1150823,土地1建物1車位0,十九層,十九層,住宅大樓(11層含以上有電梯),住家用,鋼筋混凝土造,1090831,60.36,1,1,1,有,有,9380000,155401,,0.0,0,,RPPPMLNJRHLGFCB18DA,32.47,1.46,3.37,有,023
潭子區,房地(土地+建物),臺中市潭子區民族路二段３０１巷２３弄３２號,134.3,都市：其他:農業區,,,1150812,土地4建物1車位0,全,四層,透天厝,住家用,鋼筋混凝土造,1150608,267.82,3,3,5,有,有,28580000,106713,,0.0,0,,RPRNMLQLQHLGFHB09DA,248.07,0.0,19.75,有,
大雅區,房地(土地+建物),臺中市大雅區月祥路１９３巷１３號,61.77,都市：其他:第一之二種住宅區,,,1150809,土地6建物1車位0,全,三層,透天厝,住家用,鋼筋混凝土造,1131025,128.64999999999998,4,2,3,有,有,15070000,117140,,0.0,0,其他增建；,RPQNMLNJRHLGFHB58DA,104.87,6.24,17.34,無,024
太平區,房地(土地+建物)+車位,臺中市太平區環中東路三段２６９號四樓之５,24.77,都市：其他:住宅區,,,1150818,土地1建物1車位1,四層,十五層,住宅大樓(11層含以上有電梯),住家用,鋼筋混凝土造,1140321,154.76999999999998,3,2,2,有,有,14880000,96143,坡道平面,28.71,0,親友、員工、共有人或其他特殊關係間之交易；,RPUNMLSKQHLGFJB07DA,71.82,0.0,10.26,有,025
太平區,土地,頭汴坑段264-1685地號,1000.0,,山坡地保育區,農牧用地,1150825,土地1建物0車位0,,,其他,,,,0.0,0,0,0,無,無,300000,300,,0.0,0,農作物；,RPPNMLSLQHLGFJB66DA,0.0,0.0,0.0,無,
西屯區,土地,下石碑段1298地號,66.86,都市：其他:第二種住宅區,,,1150805,土地1建物0車位0,,,其他,,,,0.0,0,0,0,無,無,9100000,136105,,0.0,0,未登記建物；畸零地或有合併使用效益；,RPPNMLOJRHLGFCB18EA,0.0,0.0,0.0,無,003
沙鹿區,土地,鹿寮東段108地號,132.24,都市：其他:保護區,,,1150805,土地1建物0車位0,,,其他,,,,0.0,0,0,0,無,無,177727,1344,,0.0,0,地清或未辦繼承標售；,RPQNMLOJRHLGFFB58EA,0.0,0.0,0.0,無,
沙鹿區,土地,鹿寮東段109地號,39.67,都市：其他:保護區,,,1150805,土地1建物0車位0,,,其他,,,,0.0,0,0,0,無,無,53327,1344,,0.0,0,地清或未辦繼承標售；,RPRNMLOJRHLGFFB68EA,0.0,0.0,0.0,無,
豐原區,土地,上南坑段752-10地號,3306.0,,山坡地保育區,林業用地,1150826,土地1建物0車位0,,,其他,,,,0.0,0,0,0,無,無,2000000,605,,0.0,0,山坡地保育區不能開發，只能維持雜木林使用，故市場價格低於公告現值。,RPVNMLNJRHLGFDB68DA,0.0,0.0,0.0,無,
梧棲區,土地,忠孝段632-1地號,13.33,都市：其他:第四種住宅區,,,1150825,土地2建物0車位0,,,其他,,,,0.0,0,0,0,無,無,1411655,105901,,0.0,0,親友、員工、共有人或其他特殊關係間之交易；畸零地或有合併使用效益；,RPVNMLQLQHLGFFB66DA,0.0,0.0,0.0,無,027
沙鹿區,房地(土地+建物),臺中市沙鹿區星海路１５巷３９號九樓之１,14.55,都市：其他:第四種住宅區,,,1150801,土地2建物1車位0,九層,十二層,住宅大樓(11層含以上有電梯),住家用,鋼筋混凝土造,1080922,63.3,1,1,1,有,有,5180000,81833,,0.0,0,,RPSPMLSLQHLGFFB76DA,36.32,1.21,2.57,有,028
東勢區,房地(土地+建物),臺中市東勢區東關路七段２４６巷６號,92.14,都市：其他:住宅區,,,1150820,土地3建物1車位0,全,四層,透天厝,住家用,鋼筋混凝土造,1140421,218.63,4,2,5,有,無,18380000,84069,,0.0,0,1.土地買賣價款新台幣6433000元正，建物買賣價款新台幣11947000元正。,RPQNMLNJRHLGFGB48DA,213.28,0.0,5.35,無,
東勢區,土地,新合作段142-5地號,227.51,都市：其他:農業區,,,1150813,土地1建物0車位0,,,其他,,,,0.0,0,0,0,無,無,1403737,6170,,0.0,0,政府機關標讓售；,RPUNMLNJRHLGFGB88DA,0.0,0.0,0.0,無,
東勢區,土地,東勢段石角小段488-48地號,22.0,,特定農業區,農牧用地,1150803,土地1建物0車位0,,,其他,,,,0.0,0,0,0,無,無,256080,11640,,0.0,0,政府機關標讓售；,RPQNMLRJRHLGFGB88DA,0.0,0.0,0.0,無,
潭子區,房地(土地+建物),臺中市潭子區民族路二段３０１巷２３弄３７號,243.55,都市：其他:農業區,,,1150812,土地6建物1車位0,全,四層,透天厝,住家用,鋼筋混凝土造,1150608,246.07,5,3,6,有,有,35580000,144593,,0.0,0,,RPQNMLQLQHLGFHB98DA,232.33,0.0,13.74,有,
潭子區,房地(土地+建物),臺中市潭子區民族路二段３０１巷２３弄３１號,127.95,都市：其他:農業區,,,1150812,土地4建物1車位0,全,四層,透天厝,住家用,鋼筋混凝土造,1150608,267.83,4,3,6,有,有,27780000,103723,,0.0,0,,RPSNMLQLQHLGFHB56DA,248.59,0.0,19.24,有,
大雅區,房地(土地+建物)+車位,臺中市大雅區雅潭路四段６８５號六樓之７,20.25,都市：其他:第二種住宅區,,,1150829,土地2建物1車位1,六層,十二層,住宅大樓(11層含以上有電梯),住家用,鋼筋混凝土造,1100205,117.67,2,2,1,有,有,10680000,90762,坡道平面,33.27,0,,RPQNMLLJRHLGFHB38DA,51.33,0.0,4.57,有,029
潭子區,土地,嘉仁段660地號,16.79,都市：其他:農業區,,,1150827,土地1建物0車位0,,,其他,,,,0.0,0,0,0,無,無,1500000,89339,,0.0,0,農作物；,RPVNMLOJRHLGFHB56DA,0.0,0.0,0.0,無,
太平區,房地(土地+建物)+車位,臺中市太平區育才路１７３號六樓之３,32.96,都市：其他:住宅區,,,1150807,土地1建物1車位2,六層,十五層,住宅大樓(11層含以上有電梯),住家用,鋼筋混凝土造,1150113,215.6,4,2,2,有,有,19600000,90909,坡道平面,56.46,0,,RPSNMLOKQHLGFJB09DA,98.88,0.0,10.0,有,030
太平區,房地(土地+建物),臺中市太平區新平路一段２７９巷６３號,136.16,都市：其他:乙種工業區,,,1150818,土地1建物1車位0,全,二層,透天厝,工業用,加強磚造,0710728,189.92,2,0,2,有,無,9000000,47388,,0.0,0,其他增建；,RPTNMLOLQHLGFJB66DA,183.97,0.0,5.95,無,
太平區,房地(土地+建物)+車位,臺中市太平區坪林路１５號三樓之５,22.12,,鄉村區,乙種建築用地,1150802,土地1建物1車位1,三層,八層,華廈(10層含以下有電梯),住家用,鋼筋混凝土造,1141022,90.97,2,2,2,有,有,8000000,87941,坡道機械,7.43,0,,RPPNMLLMQHLGFJB68DA,52.26,0.0,3.13,有,031
太平區,房地(土地+建物)+車位,臺中市太平區育賢路９８號四樓,16.31,都市：其他:住宅區,,,1150826,土地3建物1車位1,四層,十二層,住宅大樓(11層含以上有電梯),住家用,鋼筋混凝土造,0870626,127.88,3,2,2,有,有,7800000,60995,坡道機械,0.0,0,,RPUNMLOJRHLGFJB66DA,84.01,0.0,11.15,有,
梧棲區,土地,民族段492地號,92.0,都市：其他:關連工業區,,,1150818,土地1建物0車位0,,,其他,,,,0.0,0,0,0,無,無,2051000,22293,,0.0,0,政府機關標讓售；,RPPNMLOJRHLGFFB48EA,0.0,0.0,0.0,無,
大安區,土地,欣洲段490-1地號,49.7,,特定農業區,甲種建築用地,1150802,土地3建物0車位0,,,其他,,,,0.0,0,0,0,無,無,751600,15123,,0.0,0,由地上房屋所有人承購,RPUNMLMKQHLGFEB58DA,0.0,0.0,0.0,無,
沙鹿區,土地,明德段34地號,111.67,都市：其他:市鎮公園用地,,,1150804,土地1建物0車位0,,,其他,,,,0.0,0,0,0,無,無,177552,1590,,0.0,0,政府機關標讓售；,RPSNMLSKQHLGFFB09DA,0.0,0.0,0.0,無,
沙鹿區,土地,明德段34地號,86.1,都市：其他:市鎮公園用地,,,1150804,土地1建物0車位0,,,其他,,,,0.0,0,0,0,無,無,136894,1590,,0.0,0,政府機關標讓售；,RPUNMLSKQHLGFFB66DA,0.0,0.0,0.0,無,
沙鹿區,房地(土地+建物),臺中市沙鹿區樂群新莊１０５之２號,49.38,都市：其他:農業區,,,1150825,土地1建物1車位0,三層，電梯樓梯間,三層,公寓(5樓含以下無電梯),住家用,加強磚造,0680223,102.84,6,2,3,有,無,3600000,35006,,0.0,0,頂樓加蓋；,RPXNMLQLQHLGFFB86DA,97.2,0.0,0.0,無,
潭子區,房地(土地+建物)+車位,臺中市潭子區中山路二段７２號八樓,24.98,都市：其他:第一之二種住宅區,,,1150802,土地1建物1車位1,八層,十三層,住宅大樓(11層含以上有電梯),住家用,鋼筋混凝土造,1070801,169.27999999999997,3,2,2,有,有,15100000,89201,坡道平面,40.02,0,,RPUNMLLMQHLGFHB98DA,74.71,1.8,10.81,有,
霧峰區,房地(土地+建物),臺中市霧峰區丁臺路４０３號,63.16,,鄉村區,乙種建築用地,1150817,土地3建物1車位0,全,三層,透天厝,住商用,加強磚造,0621200,76.98,6,2,2,有,無,2913510,37848,,0.0,0,,RPVNMLSKQHLGFIB07DA,72.26,0.0,4.72,無,
太平區,房地(土地+建物)+車位,臺中市太平區太順路５６７號七樓之５,19.91,都市：其他:住宅區,,,1150804,土地1建物1車位1,七層,十五層,住宅大樓(11層含以上有電梯),住家用,鋼筋混凝土造,1100329,152.8,3,2,2,有,有,9500000,62173,坡道平面,31.04,0,親友、員工、共有人或其他特殊關係間之交易；,RPPNMLSKQHLGFJB56DA,68.55,3.42,9.32,有,
西屯區,房地(土地+建物)+車位,臺中市西屯區青海路二段４００號五樓之２,16.95,都市：其他:第二種住宅區,,,1150704,土地2建物1車位1,五層,十五層,住宅大樓(11層含以上有電梯),住家用,鋼筋混凝土造,1090619,128.82999999999998,2,2,1,有,有,15920000,143550,坡道平面,31.86,2000000,其他增建；,RPQNMLOJPHLGFCB97DA,51.81,0.0,9.94,有,032
南屯區,房地(土地+建物)+車位,臺中市南屯區大墩七街５２８號三樓之７,8.8,都市：其他:第二種商業區,,,1150709,土地1建物1車位1,三層,二十四層,住宅大樓(11層含以上有電梯),住家用,鋼筋混凝土造,1101029,115.8,2,2,1,有,有,16380000,165814,坡道平面,27.87,1800000,,RPURMLTJPHLGFCB66DA,47.98,4.56,4.62,有,033
南屯區,土地,鎮福段237地號,550.5,都市：其他:第一之一種住宅區,,,1150703,土地1建物0車位0,,,其他,,,,0.0,0,0,0,無,無,105744168,192087,,0.0,0,,RPWQMLLLPHLGFCB78DA,0.0,0.0,0.0,無,
南屯區,房地(土地+建物)+車位,臺中市南屯區龍德路一段１２３號十一樓,73.08,都市：其他:第一之B種住宅區,,,1150715,土地1建物1車位2,十一層,十二層,住宅大樓(11層含以上有電梯),住家用,鋼筋混凝土造,1060606,229.03,3,2,2,有,有,29660000,129503,坡道平面,0.0,3000000,其他增建；,RPSTMLMLPHLGFCB78DA,99.93,9.21,11.58,有,034
南屯區,土地,埔興段1325-3地號,22.33,都市：其他:第二之二種住宅區,,,1150722,土地1建物0車位0,,,其他,,,,0.0,0,0,0,無,無,1150000,51500,,0.0,0,親友、員工、共有人或其他特殊關係間之交易；,RPQPMLNLPHLGFCB28DA,0.0,0.0,0.0,無,017
南屯區,土地,埔興段1325-3地號,22.33,都市：其他:第二之二種住宅區,,,1150722,土地1建物0車位0,,,其他,,,,0.0,0,0,0,無,無,1150000,51500,,0.0,0,親友、員工、共有人或其他特殊關係間之交易；,RPRPMLNLPHLGFCB38DA,0.0,0.0,0.0,無,017
南屯區,土地,埔興段1325-3地號,5.58,都市：其他:第二之二種住宅區,,,1150724,土地1建物0車位0,,,其他,,,,0.0,0,0,0,無,無,287500,51523,,0.0,0,親友、員工、共有人或其他特殊關係間之交易；,RPVNMLSLPHLGFCB09DA,0.0,0.0,0.0,無,017
南屯區,土地,埔興段1325-3地號,16.75,都市：其他:第二之二種住宅區,,,1150724,土地1建物0車位0,,,其他,,,,0.0,0,0,0,無,無,862500,51493,,0.0,0,親友、員工、共有人或其他特殊關係間之交易；,RPXNMLSLPHLGFCB66DA,0.0,0.0,0.0,無,017
南屯區,房地(土地+建物)+車位,臺中市南屯區建功路６９號十二樓之５,13.83,都市：其他:第五種住宅區,,,1150720,土地1建物1車位1,十二層,二十三層,住宅大樓(11層含以上有電梯),住家用,鋼筋混凝土造,1141226,148.3,3,2,2,有,有,15900000,107215,坡道平面,26.14,0,,RPTNMLNJQHLGFCB28DA,72.39,0.0,7.86,有,039
南屯區,房地(土地+建物),臺中市南屯區向心路１０９號十七樓之５,3.57,都市：其他:第三種住宅區。,,,1150718,土地1建物1車位0,十七層,二十三層,住宅大樓(11層含以上有電梯),辦公用,鋼筋混凝土造,0861216,47.230000000000004,1,1,1,有,有,5120000,108406,,0.0,0,夾層；含租約；,RPPQMLOJQHLGFCB28DA,28.13,0.0,3.85,有,
西屯區,房地(土地+建物)+車位,臺中市西屯區市政路１９號十九樓之９,6.08,都市：其他:第四之一種商業區,,,1150708,土地1建物1車位1,十九層,三十一層,住宅大樓(11層含以上有電梯),住家用,鋼骨鋼筋混凝土造、鋼筋混凝土造,1140618,124.62,2,2,1,有,有,17500000,140427,坡道平面,32.53,0,,RPSNMLQJQHLGFCB48DA,54.59,0.0,5.52,有,040
西屯區,房地(土地+建物)+車位,臺中市西屯區漢翔東路３９號四樓之３,33.76,都市：其他:第二種創新研發專用區,,,1150725,土地1建物1車位1,四層,九層,華廈(10層含以下有電梯),住家用,鋼筋混凝土造,1110712,155.43,3,2,2,有,有,19600000,126102,坡道平面,32.39,0,,RPOQNLMKQHLGFCB18DA,74.39,0.0,6.32,有,041
西屯區,房地(土地+建物),臺中市西屯區文心路二段５６６之１２號四樓之１,5.93,都市：其他:第三種住宅區。,,,1150719,土地1建物1車位0,四層,二十三層,住宅大樓(11層含以上有電梯),住家用,鋼筋混凝土造,0941110,88.03,2,2,1,有,有,9360000,106327,,0.0,0,陽台外推；,RPUNMLNKQHLGFCB48DA,41.19,1.09,17.21,有,
西屯區,房地(土地+建物),臺中市西屯區國祥街１８號五樓之２,26.03,都市：其他:第六種住宅區,,,1150722,土地1建物1車位0,五層,十二層,住宅大樓(11層含以上有電梯),住家用,鋼筋混凝土造,0850615,130.27,3,2,2,有,有,7500000,57573,,0.0,0,其他增建；,RPUOMLSKQHLGFCB09DA,71.56,2.2,7.67,有,
西屯區,房地(土地+建物),臺中市西屯區筏堤東街一段３２之６號,84.33,都市：其他:農業區,,,1150718,土地3建物1車位0,全,四層,透天厝,住家用,鋼筋混凝土造,1140505,244.43,3,3,6,有,無,36000000,147281,,0.0,0,,RPWQMLOLQHLGFCB56DA,230.32,0.0,14.11,有,
西屯區,房地(土地+建物)+車位,臺中市西屯區國安一路６７之１０號,14.99,都市：其他:第六種住宅區,,,1150726,土地1建物1車位1,一層,十五層,住宅大樓(11層含以上有電梯),住家用,鋼筋混凝土造,0960907,123.86,2,2,2,有,有,14600000,117875,坡道平面,20.99,0,,RPSSMLOLQHLGFCB98DA,64.0,2.7,5.1,有,042
西屯區,房地(土地+建物),臺中市西屯區青海路二段２７２號四樓之８,12.04,都市：其他:第三之二種住宅區,,,1150707,土地1建物1車位0,四層,十二層,住宅大樓(11層含以上有電梯),住家用,鋼筋混凝土造,1140515,57.3,2,1,1,有,有,8800000,153578,,0.0,0,,RPXVMLOLQHLGFCB17DA,30.54,0.0,1.37,有,
豐原區,房地(土地+建物),臺中市豐原區一心路２１６巷３號,40.09,都市：其他:第一之一種住宅區,,,1150706,土地1建物1車位0,一層，二層，騎樓,七層,華廈(10層含以下有電梯),住商用,鋼筋混凝土造,0840621,159.66,2,1,1,有,有,8550000,53551,,0.0,0,,RPSNMLSKQHLGFDB88DA,105.99,0.0,6.36,有,
大甲區,房地(土地+建物),臺中市大甲區臨江路１１４之２３號,102.0,,特定農業區,甲種建築用地,1150724,土地2建物1車位0,全,三層,透天厝,住家用,鋼筋混凝土造,0880317,141.13,5,2,2,有,無,6280000,44498,,0.0,0,其他增建；,RPRNMLSKQHLGFEB88DA,134.11,0.0,7.02,無,
大甲區,房地(土地+建物),臺中市大甲區水源路３３８號,67.51,都市：其他:住宅區,,,1150716,土地2建物1車位0,全,二層,透天厝,住商用,鋼筋混凝土加強磚造,0690414,99.76,3,1,2,有,無,6600000,66159,,0.0,0,本件土地建物由承租人承購,RPUNMLSLQHLGFEB66DA,99.76,0.0,0.0,無,
清水區,房地(土地+建物),臺中市清水區民享五街１５３號,100.0,都市：其他:第四種住宅區,,,1150715,土地1建物1車位0,全,二層,透天厝,住家用,加強磚造,0780520,138.65,4,3,4,有,無,9000000,64912,,0.0,0,其他增建；,RPRNMLLKQHLGFFB28DA,138.65,0.0,0.0,無,
沙鹿區,房地(土地+建物),臺中市沙鹿區臺灣大道七段４３２巷８９弄１０號,76.87,都市：其他:第三種住宅區。,,,1150702,土地2建物1車位0,全,四層,透天厝,其他,鋼筋混凝土造,0931108,182.28,6,3,4,有,無,8000000,43889,,0.0,0,含租約；,RPWNMLQLQHLGFFB76DA,158.17,3.12,20.99,無,043
大雅區,土地,信和東段492地號,2188.23,都市：其他:農業區,,,1150708,土地1建物0車位0,,,其他,,,,0.0,0,0,0,無,無,82740000,37811,,0.0,0,,RPSNMLPJQHLGFHB88DA,0.0,0.0,0.0,無,
潭子區,房地(土地+建物),臺中市潭子區大通街１４４巷３０號,56.38,都市：其他:第一之一種住宅區,,,1150708,土地1建物1車位0,全,二層,透天厝,住家用,加強磚造,0751122,88.26,4,2,2,有,無,7500000,84976,,0.0,0,頂樓加蓋；,RPQNMLKKQHLGFHB28DA,85.16,0.0,3.1,無,
潭子區,土地,東寶一段1295地號,6023.1,都市：其他:農業區,,,1150718,土地1建物0車位0,,,其他,,,,0.0,0,0,0,無,無,126500000,21002,,0.0,0,農作物；,RPRNMLTKQHLGFHB66DA,0.0,0.0,0.0,無,
大雅區,房地(土地+建物),臺中市大雅區雅環路二段６４巷５２號,82.79,都市：其他:第二種住宅區,,,1150720,土地1建物1車位0,全,三層,透天厝,住商用,鋼筋混凝土造,0820330,190.91,6,2,3,有,無,15500000,81190,,0.0,0,,RPPNMLOLQHLGFHB68DA,168.95,21.96,0.0,無,
潭子區,房地(土地+建物)+車位,臺中市潭子區中山路二段３６號八樓之８,24.26,都市：其他:第一之二種住宅區,,,1150724,土地1建物1車位2,八層,十五層,住宅大樓(11層含以上有電梯),住家用,鋼筋混凝土造,1090909,182.89999999999998,3,2,2,有,有,18380000,100492,坡道平面,54.68,0,,RPPNMLPLQHLGFHB78DA,80.24,0.0,4.78,有,044
霧峰區,土地,五福北段732地號,2901.02,,特定農業區,農牧用地,1150727,土地1建物0車位0,,,其他,,,,0.0,0,0,0,無,無,13160000,4536,,0.0,0,,RPWNMLRKQHLGFIB07DA,0.0,0.0,0.0,無,
霧峰區,土地,峰南段501地號,86.0,都市：其他:商業區,,,1150722,土地1建物0車位0,,,其他,,,,0.0,0,0,0,無,無,2740000,31860,,0.0,0,含土地增值稅或其他稅費201153元；含地政士服務費20000元；親友、員工、共有人或其他特殊關係間之交易；,RPPNMLRLQHLGFIB09DA,0.0,0.0,0.0,無,
太平區,房地(土地+建物),臺中市太平區大興九街１８號,114.1,,鄉村區,乙種建築用地,1150722,土地1建物1車位0,全,二層,透天厝,住商用,加強磚造,0691130,110.56,6,1,3,有,無,2350000,21255,,0.0,0,親友、員工、共有人或其他特殊關係間之交易；,RPRNMLMLPHLGFJB78DA,110.56,0.0,0.0,無,
太平區,房地(土地+建物)+車位,臺中市太平區祥順路一段４９號十樓之１,21.39,都市：其他:住宅區,,,1150714,土地1建物1車位1,十層,十二層,住宅大樓(11層含以上有電梯),住家用,鋼筋混凝土造,1020401,145.32,2,2,2,有,有,12000000,82576,坡道平面,26.43,0,,RPPNMLNLPHLGFJB68DA,74.06,0.0,9.77,有,
太平區,房地(土地+建物),臺中市太平區長億十二街９６號,54.54,都市：其他:住宅區,,,1150705,土地2建物1車位0,全,四層,透天厝,住家用,鋼筋混凝土造,1090508,180.38,4,3,4,有,無,15980000,88591,,0.0,0,陽台外推；其他增建；,RPQNMLLMPHLGFJB68DA,173.71,0.0,6.54,無,045
太平區,房地(土地+建物),臺中市太平區新吉路５巷８號三樓,20.65,都市：其他:住宅區,,,1150722,土地1建物1車位0,三層,五層,公寓(5樓含以下無電梯),住家用,鋼筋混凝土造,0721104,60.76,2,2,1,有,無,4400000,72416,,0.0,0,,RPQNMLTKQHLGFJB76DA,50.24,0.0,4.16,無,046
太平區,房地(土地+建物)+車位,臺中市太平區立文街１５５號十一樓之１,16.92,都市：其他:商業區,,,1150731,土地1建物1車位1,十一層,十五層,住宅大樓(11層含以上有電梯),住家用,鋼筋混凝土造,1060330,176.37,3,2,2,有,有,17300000,98089,坡道平面,31.1,0,,RPUOMLLLQHLGFJB56DA,86.01,2.08,9.98,有,047
太平區,房地(土地+建物)+車位,臺中市太平區樹孝路３２１巷１號十一樓,13.72,都市：其他:住宅區,,,1150713,土地1建物1車位1,十一層,十二層,住宅大樓(11層含以上有電梯),住家用,鋼筋混凝土造,0810812,101.03,3,2,2,有,有,7350000,72751,坡道機械,0.0,0,,RPWOMLLLQHLGFJB76DA,65.03,0.0,8.78,有,048
龍井區,房地(土地+建物),臺中市龍井區東海街２７之８號,205.49,都市：其他:第一之一種住宅區,,,1150728,土地2建物1車位0,全,四層,透天厝,住家用,鋼筋混凝土造,1020729,351.12,4,4,6,有,有,41680000,118706,,0.0,0,地下室客廳空間、整棟採光罩部份陽台外推；其他增建；,RPSNMLQJQHLGFKB66DA,280.44,1.62,32.27,有,
南屯區,房地(土地+建物)+車位,臺中市南屯區文心路一段２１６號二十樓之３,11.64,都市：其他:第二種住宅區,,,1150707,土地1建物1車位2,二十層,二十五層,住宅大樓(11層含以上有電梯),住家用,鋼筋混凝土造,0841024,182.76999999999998,3,2,2,有,有,15680000,85791,坡道平面,0.0,0,,RPRNMLOKPHLGFCB18DA,95.65,0.0,11.01,有,
西屯區,房地(土地+建物),臺中市西屯區安林路３之２２巷３弄９號,149.77,都市：其他:農業區,,,1150719,土地1建物1車位0,全,四層,透天厝,住家用,鋼筋混凝土造,0940205,289.83,5,3,4,有,有,27680000,95504,,0.0,0,,RPOOMLOJQHLGFCB97DA,250.87,0.0,15.65,無,
西屯區,房地(土地+建物),臺中市西屯區順和七街５號三樓,16.72,都市：其他:第二種住宅區,,,1150722,土地1建物1車位0,三層,七層,華廈(10層含以下有電梯),住家用,鋼筋混凝土造,0810920,85.86,3,2,2,有,有,4850000,56487,,0.0,0,,RPPSMLKKQHLGFCB18DA,61.26,1.85,9.37,有,
西屯區,房地(土地+建物)+車位,臺中市西屯區重慶路３５０號四樓之３,11.89,都市：其他:第一種商業區,,,1150716,土地1建物1車位1,四層,十六層,住宅大樓(11層含以上有電梯),住家用,鋼筋混凝土造,0850125,125.28999999999999,3,2,2,有,有,12200000,97374,坡道機械,0.0,0,陽台外推；,RPTOMLLLQHLGFCB38DA,86.5,0.0,9.14,有,
西屯區,土地,民安段1788地號,24.74,都市：其他:道路用地,,,1150724,土地5建物0車位0,,,其他,,,,0.0,0,0,0,無,無,3418778,138188,,0.0,0,包含公共設施保留地用地；,RPPWMLOLQHLGFCB09DA,0.0,0.0,0.0,無,049
西屯區,土地,民安段1788地號,37.33,都市：其他:道路用地,,,1150724,土地7建物0車位0,,,其他,,,,0.0,0,0,0,無,無,5217769,139774,,0.0,0,包含公共設施保留地用地；,RPQWMLOLQHLGFCB56DA,0.0,0.0,0.0,無,050
西屯區,土地,民安段1791-2地號,16.68,都市：其他:道路用地,,,1150724,土地4建物0車位0,,,其他,,,,0.0,0,0,0,無,無,2245810,134641,,0.0,0,包含公共設施保留地用地；,RPRWMLOLQHLGFCB66DA,0.0,0.0,0.0,無,049
神岡區,房地(土地+建物),臺中市神岡區中山路１１４３號,74.23,都市：其他:第一之二種住宅區,,,1150719,土地1建物1車位0,全,二層,透天厝,住商用,鋼筋混凝土造,0820402,117.19,3,2,2,有,無,11880000,101374,,0.0,0,頂樓加蓋；其他增建；,RPOOMLQJQHLGFDB28DA,107.62,0.0,9.57,無,
大甲區,房地(土地+建物),臺中市大甲區八德街３８號,102.0,都市：其他:住宅區,,,1150714,土地1建物1車位0,全,四層,透天厝,住家用,鋼筋混凝土造,0830810,359.33,5,3,5,有,無,15000000,41744,,0.0,0,,RPWNMLQKPHLGFEB09DA,344.03,0.0,15.3,無,
大甲區,房地(土地+建物),臺中市大甲區義和二街１２０巷８８號三樓之３,15.38,都市：其他:住宅區,,,1150704,土地2建物1車位0,三層,七層,華廈(10層含以下有電梯),住家用,鋼筋混凝土造,1130122,63.019999999999996,1,2,1,有,有,4650000,73786,,0.0,0,,RPWNMLRLQHLGFEB76DA,41.02,0.0,3.85,有,052
梧棲區,房地(土地+建物)+車位,臺中市梧棲區臨港路四段５９２號十七樓之６,12.95,都市：其他:第四種商業區,,,1150701,土地1建物1車位1,十七層,二十四層,住宅大樓(11層含以上有電梯),住家用,鋼筋混凝土造,1131216,160.93,3,2,2,有,有,9150000,56857,坡道平面,26.13,0,,RPOOMLSLPHLGFFB78DA,80.22,4.68,6.3,有,053
清水區,房地(土地+建物)+車位,臺中市清水區港新五路１５６號三樓之１,13.73,都市：其他:第四種商業區,,,1150726,土地1建物1車位1,三層,十五層,住宅大樓(11層含以上有電梯),住家用,鋼筋混凝土造,1121229,153.82,3,2,2,有,有,8420000,54739,坡道平面,26.15,0,,RPUNMLOLQHLGFFB98DA,75.51,0.0,10.26,有,054
沙鹿區,房地(土地+建物),臺中市沙鹿區晉文路２１號,73.17,都市：其他:第二種住宅區,,,1150716,土地1建物1車位0,全,四層,透天厝,商業用,鋼筋混凝土造,0940131,204.07,8,2,8,有,無,14100000,69094,,0.0,0,,RPQOMLQLQHLGFFB88DA,189.81,0.0,14.26,無,055
東勢區,房地(土地+建物)+車位,臺中市東勢區文新二街３３號八樓之１,24.48,都市：其他:第一種住宅區,,,1150731,土地1建物1車位1,八層,十四層,住宅大樓(11層含以上有電梯),住家用,鋼筋混凝土造,1140417,112.74,2,2,1,有,有,7800000,69186,坡道平面,30.29,0,,RPRNMLPLQHLGFGB88DA,52.48,0.0,3.14,有,056
潭子區,房地(土地+建物)+車位,臺中市潭子區雅豐街７６巷３３號四樓,22.36,都市：其他:第一之一種住宅區,,,1150711,土地1建物1車位1,四層,十層,華廈(10層含以下有電梯),住家用,鋼筋混凝土造,0830915,122.25999999999999,4,2,2,有,有,7500000,61345,坡道機械,0.0,0,其他增建；,RPPNMLOJQHLGFHB48DA,77.23,0.0,10.3,有,
霧峰區,土地,五福南段251地號,2495.73,,特定農業區,農牧用地,1150708,土地3建物0車位0,,,其他,,,,0.0,0,0,0,無,無,9059280,3630,,0.0,0,,RPRNMLRLQHLGFIB66DA,0.0,0.0,0.0,無,
霧峰區,土地,五福南段252地號,129.53,,特定農業區,農牧用地,1150708,土地1建物0車位0,,,其他,,,,0.0,0,0,0,無,無,235080,1815,,0.0,0,,SPRNMLRLQHLGFIB76DA,0.0,0.0,0.0,無,
烏日區,房地(土地+建物)+車位,臺中市烏日區三榮北路１１８號十樓之２,21.16,都市：其他:第二種住宅區,,,1150723,土地1建物1車位1,十層,十三層,住宅大樓(11層含以上有電梯),住家用,鋼筋混凝土造,1100913,105.21000000000001,1,1,1,有,有,9200000,87444,坡道平面,37.98,0,,RPRNMLSLQHLGFIB76DA,40.99,0.0,5.05,有,057
太平區,房地(土地+建物)+車位,臺中市太平區樹孝路２７３巷２０號十四樓之３,22.86,都市：其他:住宅區,,,1150717,土地1建物1車位1,十四層,十五層,住宅大樓(11層含以上有電梯),住家用,鋼筋混凝土造,1120908,143.28,3,2,2,有,有,14250000,99456,坡道平面,25.13,0,親友、員工、共有人或其他特殊關係間之交易；,RPUNMLNJQHLGFJB09DA,70.53,0.0,7.38,有,058
大肚區,房地(土地+建物),臺中市大肚區王福街１９７號,144.55,都市：其他:第一種住宅區,,,1150708,土地4建物1車位0,全,四層,透天厝,住家用,鋼筋混凝土造,1140507,300.01,5,3,6,有,無,34600000,115329,,0.0,0,,RPUNMLTKQHLGFKB27DA,280.29,0.0,19.72,有,
大肚區,土地,福山段90地號,122.41,都市：其他:乙種工業區,,,1150724,土地2建物0車位0,,,其他,,,,0.0,0,0,0,無,無,4000000,32677,,0.0,0,本買賣標的未連接道路含土地增值稅或其他稅費35988元；,RPPNMLTLQHLGFKB86DA,0.0,0.0,0.0,無,
神岡區,土地,福庄段713-1地號,422.64,都市：其他:農業區,,,1150710,土地1建物0車位0,,,其他,,,,0.0,0,0,0,無,無,6466500,15300,,0.0,0,政府機關標讓售；,RPPNMLSLQHLGFDB78EA,0.0,0.0,0.0,無,
東勢區,土地,東勢段石角小段2252地號,2376.67,,山坡地保育區,農牧用地,1150730,土地2建物0車位0,,,其他,,,,0.0,0,0,0,無,無,2000000,842,,0.0,0,,RPPNMLSLQHLGFGB09EA,0.0,0.0,0.0,無,059
龍井區,土地,茄投段472地號,92.81,都市：其他:第四種住宅區,,,1150715,土地1建物0車位0,,,其他,,,,0.0,0,0,0,無,無,850000,9158,,0.0,0,地清或未辦繼承標售；,RPPNMLLMQHLGFKB88EA,0.0,0.0,0.0,無,
西屯區,房地(土地+建物)+車位,臺中市西屯區環中路二段１５７７號十二樓之８,8.47,都市：其他:第三種商業區,,,1150712,土地1建物1車位1,十二層,二十九層,住宅大樓(11層含以上有電梯),住家用,鋼筋混凝土造,1071210,83.18,2,2,1,有,有,9600000,115412,坡道機械,9.67,0,,RPSNMLSLPHLGFCB78DA,42.68,1.32,4.68,有,060
西屯區,房地(土地+建物)+車位,臺中市西屯區臺灣大道三段６８１號八樓之１,17.13,都市：其他:第四之一種商業區,,,1150725,土地1建物1車位1,八層,二十四層,住宅大樓(11層含以上有電梯),住家用,鋼筋混凝土造,1020603,249.29,3,2,2,有,有,28000000,112319,坡道平面,29.08,0,,RPQPMLNJQHLGFCB18DA,125.94,4.65,15.31,有,
西屯區,房地(土地+建物)+車位,臺中市西屯區市政路６０號八樓之２,33.84,都市：其他:第三種新市政中心專用區,,,1150711,土地1建物1車位3,八層,二十二層,住宅大樓(11層含以上有電梯),住家用,鋼筋混凝土造,1010927,461.6,4,2,3,有,有,53280000,115425,坡道平面,133.83,0,,RPVPNLRJQHLGFCB56DA,186.84,8.97,25.42,有,061
西屯區,房地(土地+建物)+車位,臺中市西屯區國安一路２２９號九樓之５,11.87,都市：其他:第六種住宅區,,,1150718,土地1建物1車位1,九層,二十一層,住宅大樓(11層含以上有電梯),住家用,鋼筋混凝土造,1031113,116.69999999999999,2,2,1,有,有,13400000,114824,坡道機械,20.21,0,,RPUOMLNKQHLGFCB58DA,55.67,2.63,5.57,有,
西屯區,房地(土地+建物),臺中市西屯區烈美街９１號,66.99,都市：其他:第二種住宅區,,,1150706,土地4建物1車位0,全,三層,透天厝,住商用,鋼筋混凝土造,0710331,143.66,10,0,11,有,無,16900000,117639,,0.0,0,頂樓加蓋；,RPVOMLNKQHLGFCB68DA,133.08,0.0,10.58,無,062
西屯區,房地(土地+建物)+車位,臺中市西屯區逢大路４５號十五樓之１,39.7,都市：其他:第三之二種住宅區,,,1150713,土地1建物1車位1,十五層,十五層,住宅大樓(11層含以上有電梯),住家用,鋼筋混凝土造,0940704,189.60000000000002,3,2,2,有,有,15000000,79114,坡道平面,0.0,0,,RPQNMLSLQHLGFCB68DA,103.84,0.0,14.31,有,
豐原區,房地(土地+建物),臺中市豐原區府前街６９號五樓１１號,16.22,都市：其他:第二種商業區,,,1150720,土地1建物1車位0,五層,八層,華廈(10層含以下有電梯),住商用,鋼筋混凝土造,0670929,89.92,3,2,1,有,有,5400000,60053,,0.0,0,,RPTOMLQJQHLGFDB78DA,89.92,0.0,0.0,有,063
豐原區,房地(土地+建物),臺中市豐原區博愛街６０巷７號三樓之９,6.6,都市：其他:第二種商業區,,,1150729,土地1建物1車位0,三層,六層,華廈(10層含以下有電梯),住家用,鋼筋混凝土造,0861203,36.09,1,0,1,有,有,2600000,72042,,0.0,0,,RPQNMLKKQHLGFDB87DA,19.5,0.0,3.53,有,
神岡區,房地(土地+建物),臺中市神岡區豐社路２１６號,83.87,都市：其他:第一之一種住宅區,,,1150728,土地3建物1車位0,全,二層,透天厝,住商用,加強磚造,0741004,126.6,6,0,3,有,無,13550000,107030,,0.0,0,,RPPNMLOLQHLGFDB28DA,120.0,0.0,6.6,無,064
神岡區,土地,順濟段350地號,1213.28,都市：其他:道路用地,,,1150726,土地2建物0車位0,,,其他,,,,0.0,0,0,0,無,無,8000000,6594,,0.0,0,,RPQNMLLJRHLGFDB97DA,0.0,0.0,0.0,無,
清水區,房地(土地+建物)+車位,臺中市清水區港都路５號五樓之３,12.51,都市：其他:第四種商業區,,,1150712,土地1建物1車位1,五層,二十四層,住宅大樓(11層含以上有電梯),住家用,鋼筋混凝土造,1130411,159.41,3,2,2,有,有,9880000,61979,坡道平面,24.94,0,,RPVNMLSKQHLGFFB76DA,78.88,0.0,11.78,有,065
沙鹿區,房地(土地+建物),臺中市沙鹿區正英八街１９６號,108.06,都市：其他:第二種住宅區,,,1150718,土地2建物1車位0,全,四層,透天厝,住家用,鋼筋混凝土造,1140916,246.09,4,3,5,有,有,32000000,130034,,0.0,0,,RPPNMLSLQHLGFFB88DA,227.15,0.0,18.94,有,
大雅區,房地(土地+建物),臺中市大雅區民族街２２２巷２９號,132.0,都市：其他:第一種住宅區,,,1150728,土地1建物1車位0,全,二層,透天厝,住家用,鋼筋混凝土造,0700811,115.36,3,2,2,有,無,16487000,142918,,0.0,0,,RPTNMLTLPHLGFHB86DA,115.36,0.0,0.0,無,066
潭子區,房地(土地+建物)+車位,臺中市潭子區弘智街５１號二樓之２,36.75,都市：其他:第一之二種住宅區,,,1150726,土地1建物1車位1,二層,十一層,住宅大樓(11層含以上有電梯),住家用,鋼筋混凝土造,1120109,165.55,3,2,2,有,有,15650000,94533,坡道平面,32.62,0,,RPRNMLLMPHLGFHB58DA,83.37,0.0,6.18,有,067
霧峰區,房地(土地+建物),臺中市霧峰區丁台路５１８之９號,98.86,,特定農業區,甲種建築用地,1150724,土地2建物1車位0,全,五層,透天厝,住家用,鋼筋混凝土造,1120224,312.46,4,3,6,有,無,25000000,80010,,0.0,0,陽台外推；頂樓加蓋；其他增建；,RPQNMLRLQHLGFIB56DA,293.17,0.0,19.29,有,068
太平區,房地(土地+建物),臺中市太平區立德街１０巷３５號,105.22,都市：其他:住宅區,,,1150707,土地1建物1車位0,全,四層,透天厝,住家用,鋼筋混凝土造,1110614,251.75,5,2,6,有,無,37000000,146971,,0.0,0,,RPQNMLMKQHLGFJB68DA,233.0,0.0,18.75,有,069
太平區,房地(土地+建物)+車位,臺中市太平區環中東路三段２６５號十一樓之３,23.5,都市：其他:住宅區,,,1150720,土地1建物1車位1,十一層,十五層,住宅大樓(11層含以上有電梯),住家用,鋼筋混凝土造,1140321,148.16,3,2,2,有,有,13500000,99791,坡道平面,28.71,1580000,,RPPNMLOLQHLGFJB88DA,68.77,0.0,8.94,有,
太平區,房地(土地+建物)+車位,臺中市太平區永和街１３號四樓,31.27,都市：其他:住宅區,,,1150704,土地1建物1車位1,四層,七層,華廈(10層含以下有電梯),住家用,鋼筋混凝土造,0821230,172.34,3,2,2,有,有,8250000,47870,坡道平面,0.0,0,,RPQNMLOLQHLGFJB98DA,135.62,2.67,12.08,有,
太平區,房地(土地+建物)+車位,臺中市太平區環中東路三段２６９號十五樓之３,24.77,都市：其他:住宅區,,,1150727,土地1建物1車位1,十五層,十五層,住宅大樓(11層含以上有電梯),住家用,鋼筋混凝土造,1140321,153.45,3,2,2,有,有,14000000,97412,坡道平面,27.49,1730000,,RPVNMLPLQHLGFJB96DA,71.75,0.0,10.23,有,
太平區,房地(土地+建物)+車位,臺中市太平區育才路１７７號五樓之２,19.14,都市：其他:住宅區,,,1150722,土地1建物1車位1,五層,十五層,住宅大樓(11層含以上有電梯),住家用,鋼筋混凝土造,1150113,125.62,2,2,2,有,有,11750000,102680,坡道平面,28.23,1750000,,RPTNMLSLQHLGFJB07DA,56.59,0.0,7.06,有,
大肚區,房地(土地+建物),臺中市大肚區福利路１２２號,76.16,都市：其他:住宅區,,,1150703,土地1建物1車位0,全,三層,透天厝,住家用,鋼筋混凝土造,0750720,163.53,4,2,3,有,無,12880000,78762,,0.0,0,其他增建:壹樓、頂樓其他增建；,RPPNMLRJPHLGFKB98DA,133.5,15.28,14.75,無,
大安區,土地,安田段149地號,300.27,,特定農業區,農牧用地,1150729,土地1建物0車位0,,,其他,,,,0.0,0,0,0,無,無,386000,1286,,0.0,0,地清或未辦繼承標售；,RPQNMLLMQHLGFEB38EA,0.0,0.0,0.0,無,
大安區,土地,安田段282地號,338.81,,特定農業區,農牧用地,1150729,土地1建物0車位0,,,其他,,,,0.0,0,0,0,無,無,577000,1703,,0.0,0,地清或未辦繼承標售；,SPQNMLLMQHLGFEB48EA,0.0,0.0,0.0,無,
清水區,土地,楊厝段405地號,148.76,都市：其他:農業區,,,1150721,土地1建物0車位0,,,其他,,,,0.0,0,0,0,無,無,595888,4006,,0.0,0,地清或未辦繼承標售；,RPPNMLLMQHLGFFB38EA,0.0,0.0,0.0,無,070
西屯區,房地(土地+建物)+車位,臺中市西屯區重慶路３３８號十一樓之３,15.16,都市：其他:第一種商業區,,,1150712,土地1建物1車位1,十一層,十七層,住宅大樓(11層含以上有電梯),商業用,鋼筋混凝土造,0830923,158.0,3,2,2,有,有,10200000,64557,坡道平面,0.0,0,,RPQNMLPKPHLGFCB18DA,104.34,0.0,11.62,有,
西屯區,房地(土地+建物)+車位,臺中市西屯區市政南一路９８號五樓之１３,13.82,都市：其他:第一之C種住宅區,,,1150718,土地1建物1車位1,五層,十二層,住宅大樓(11層含以上有電梯),住家用,鋼筋混凝土造,1070129,85.12,2,2,1,有,有,13880000,178372,坡道機械,11.79,800000,,RPPNMLSKPHLGFCB38DA,41.76,1.56,5.22,有,071
南屯區,房地(土地+建物)+車位,臺中市南屯區文山六街１９０號五樓之５,26.6,都市：其他:第二種住宅區,,,1150720,土地1建物1車位1,五層,十五層,住宅大樓(11層含以上有電梯),住家用,鋼筋混凝土造,1021024,166.33999999999997,3,2,2,有,有,18600000,111819,坡道平面,23.48,0,,RPUOMLRJQHLGFCB88DA,81.8,3.58,8.08,有,072
西屯區,房地(土地+建物)+車位,臺中市西屯區西屯路三段１６６之１００號十一樓之９,16.45,都市：其他:第六種住宅區,,,1150723,土地1建物1車位1,十一層,二十一層,住宅大樓(11層含以上有電梯),住家用,鋼筋混凝土造,1031119,175.61,3,2,2,有,有,21620000,123114,坡道平面,39.74,0,其他增建；,RPRTMLMKQHLGFCB68DA,77.09,3.81,8.82,有,073
南屯區,土地,昌明段195地號,352.68,都市：其他:第一之三種住宅區,,,1150725,土地1建物0車位0,,,其他,,,,0.0,0,0,0,無,無,65070000,184502,,0.0,0,,RPROMLOKQHLGFCB38DA,0.0,0.0,0.0,無,
南屯區,房地(土地+建物),臺中市南屯區黎明路一段９６５巷５１號,87.0,都市：其他:第二種住宅區,,,1150717,土地2建物1車位0,全,三層,透天厝,住家用,鋼筋混凝土造,0770209,144.4,4,2,3,有,無,15000000,103878,,0.0,0,,RPSPMLTKQHLGFCB09DA,131.32,7.28,5.8,無,
南屯區,房地(土地+建物),臺中市南屯區文心南三路５２８號十九樓之３,5.04,都市：其他:第三種商業區,,,1150719,土地1建物1車位0,十九層,十九層,住宅大樓(11層含以上有電梯),住家用,鋼筋混凝土造,1090831,64.35,1,1,1,有,有,9200000,142968,,0.0,0,,RPSRMLLJRHLGFCB48DA,34.84,1.46,3.36,有,074
西屯區,房地(土地+建物)+車位,臺中市西屯區福誠路１００號八樓之１０,14.69,都市：其他:第一之B種住宅區,,,1150727,土地2建物1車位1,八層,十二層,住宅大樓(11層含以上有電梯),住家用,鋼筋混凝土造,1090731,75.22,1,1,1,有,有,10000000,132943,坡道機械,0.0,0,含土地增值稅或其他稅費；含仲介費；含地政士服務費；其他；,RPWRMLLJRHLGFCB88DA,37.04,0.0,3.11,有,075
外埔區,土地,水美北段39地號,617.99,,山坡地保育區,農牧用地,1150728,土地1建物0車位0,,,其他,,,,0.0,0,0,0,無,無,2500000,4045,,0.0,0,親友、員工、共有人或其他特殊關係間之交易；未登記建物；,RPSNMLMJRHLGFEB38DA,0.0,0.0,0.0,無,
外埔區,土地,水美北段55地號,519.28,,山坡地保育區,丙種建築用地,1150728,土地1建物0車位0,,,其他,,,,0.0,0,0,0,無,無,12500000,24072,,0.0,0,親友、員工、共有人或其他特殊關係間之交易；,RPTNMLMJRHLGFEB48DA,0.0,0.0,0.0,無,
沙鹿區,房地(土地+建物),臺中市沙鹿區三條圳二街１０９之６號,83.91,都市：其他:第四種住宅區,,,1150715,土地2建物1車位0,全,四層,透天厝,住家用,鋼筋混凝土造,1100421,183.18,4,2,3,有,有,15800000,86254,,0.0,0,其他增建；,RPPNMLQJQHLGFFB48DA,182.22,0.0,0.96,無,076
沙鹿區,土地,晉江北段62地號,987.06,都市：其他:文事研究中心區,,,1150703,土地1建物0車位0,,,其他,,,,0.0,0,0,0,無,無,18810540,19057,,0.0,0,親友、員工、共有人或其他特殊關係間之交易；,RPOOMLOKQHLGFFB38DA,0.0,0.0,0.0,無,077
梧棲區,房地(土地+建物),臺中市梧棲區自立二街４７６巷４號,95.04,都市：其他:第四種住宅區,,,1150705,土地2建物1車位0,全,四層,透天厝,住家用,鋼筋混凝土造,0830413,171.33,4,3,3,有,無,8850000,51655,,0.0,0,其他增建；,RPROMLOKQHLGFFB68DA,158.46,4.05,8.82,無,078
清水區,房地(土地+建物),臺中市清水區南華路６巷６６號之３,139.25,都市：其他:第四種住宅區,,,1150719,土地2建物1車位0,全,四層,透天厝,住家用,鋼筋混凝土造,1041222,242.87,4,3,5,有,無,17100000,70408,,0.0,0,其他增建；,RPTNMLTKQHLGFFB66DA,220.04,0.0,22.83,無,
梧棲區,房地(土地+建物)+車位,臺中市梧棲區中華路二段１２８號六樓之９,19.35,都市：其他:第四種住宅區,,,1150719,土地1建物1車位1,六層,十二層,住宅大樓(11層含以上有電梯),住家用,鋼筋混凝土造,1090805,104.61,2,1,1,有,有,6100000,58312,坡道機械,21.0,0,,RPPOMLKLQHLGFFB18DA,52.33,0.0,4.49,有,079
梧棲區,房地(土地+建物)+車位,臺中市梧棲區八德東路６５號二十七樓之１,13.23,都市：其他:第四種商業區,,,1150722,土地1建物1車位1,二十七層,二十八層,住宅大樓(11層含以上有電梯),住家用,鋼筋混凝土造,1140606,173.04000000000002,3,2,2,有,有,11500000,66459,坡道平面,24.74,0,,RPQOMLLLQHLGFFB38DA,88.79,0.0,9.94,有,080
沙鹿區,房地(土地+建物),臺中市沙鹿區樂群新莊９７之１號,43.34,都市：其他:農業區,,,1150730,土地1建物1車位0,二層,三層,公寓(5樓含以下無電梯),住家用,加強磚造,0680223,77.88,3,2,1,有,無,2680000,34412,,0.0,0,陽台外推；,RPSOMLOLQHLGFFB88DA,72.24,0.0,0.0,無,
清水區,房地(土地+建物),臺中市清水區平等東路３８之３號,67.44,都市：其他:綠地用地,,,1150714,土地2建物1車位0,全,四層,透天厝,住家用,鋼筋混凝土造,1130513,152.49,4,2,4,有,無,13000000,85251,,0.0,0,,RPPOMLPLQHLGFFB68DA,132.58,0.0,19.91,無,
新社區,土地,大南段大南小段165-953地號,2270.0,,一般農業區,農牧用地,1150704,土地2建物0車位0,,,其他,,,,0.0,0,0,0,無,無,9880000,4352,,0.0,0,未登記建物；,RPPNMLOKQHLGFGB48DA,0.0,0.0,0.0,無,
石岡區,土地,新金星段137地號,190.46,都市：其他:農業區,,,1150724,土地4建物0車位0,,,其他,,,,0.0,0,0,0,無,無,10485775,55055,,0.0,0,,RPQNMLLJRHLGFGB28DA,0.0,0.0,0.0,無,
霧峰區,房地(土地+建物),臺中市霧峰區中正路９６５號,103.0,都市：其他:商業區,,,1150714,土地3建物1車位0,全,三層,透天厝,,鐵筋磚造蓋瓦及水泥頂,0570229,250.97,3,2,2,有,無,19000000,75706,,0.0,0,,RPPNMLLJRHLGFIB38DA,250.97,0.0,0.0,無,
霧峰區,土地,五福南段192地號,2029.33,,特定農業區,農牧用地,1150710,土地1建物0車位0,,,其他,,,,0.0,0,0,0,無,無,10800000,5322,,0.0,0,,RPUNMLLJRHLGFIB88DA,0.0,0.0,0.0,無,
龍井區,房地(土地+建物),臺中市龍井區龍社路２２巷２弄５號,115.12,都市：其他:第二種住宅區,,,1150702,土地3建物1車位0,全,四層,透天厝,住家用,鋼筋混凝土造,0831230,141.26,3,3,3,有,無,7000000,49554,,0.0,0,其他增建；,RPQNMLLLQHLGFKB78DA,131.24,4.33,5.69,無,
西屯區,房地(土地+建物)+車位,臺中市西屯區馬龍潭路３號二十八樓之３,41.42,都市：其他:第一之C種住宅區,,,1150701,土地1建物1車位2,二十八層,三十三層,住宅大樓(11層含以上有電梯),住家用,鋼骨鋼筋混凝土造,1130812,232.69,3,2,2,有,有,52000000,240775,坡道平面,41.64,6000000,其他增建；,RPQSMLQKPHLGFCB78DA,108.66,0.0,12.49,有,081
南屯區,房地(土地+建物)+車位,臺中市南屯區黎明路二段４２７號九樓之８,16.37,都市：其他:第二種住宅區,,,1150705,土地1建物1車位1,九層,十六層,住宅大樓(11層含以上有電梯),住家用,鋼筋混凝土造,0840919,166.45,4,2,2,有,有,15370000,92340,坡道機械,0.0,0,,RPTOMLRKPHLGFCB78DA,96.64,0.0,14.57,有,
西屯區,房地(土地+建物)+車位,臺中市西屯區福瑞街７５巷１１號十二樓之２,13.48,都市：其他:第一種住宅區,,,1150719,土地2建物1車位1,十二層,十五層,住宅大樓(11層含以上有電梯),住家用,鋼筋混凝土造,0830825,116.25999999999999,3,2,2,有,有,8200000,70532,坡道機械,0.0,0,,RPWNMLNLPHLGFCB68DA,75.21,0.0,8.3,有,
南屯區,房地(土地+建物)+車位,臺中市南屯區嶺東南路３７之７５號,79.88,都市：其他:第二種住宅區,,,1150725,土地1建物1車位1,全,四層,透天厝,住家用,鋼筋混凝土造,0861215,209.75,4,3,3,有,有,16500000,78665,坡道平面,19.97,0,,RPVOMLSLPHLGFCB56DA,145.96,0.0,29.74,無,
西屯區,房地(土地+建物)+車位,臺中市西屯區上明三街９號六樓之３,15.45,都市：其他:第三之二種住宅區,,,1150708,土地1建物1車位1,六層,十四層,住宅大樓(11層含以上有電梯),住家用,鋼筋混凝土造,0850119,124.41,3,2,2,有,有,10300000,82791,坡道機械,0.0,0,,RPQNMLNJQHLGFCB97DA,73.48,1.44,7.96,有,
西屯區,房地(土地+建物),臺中市西屯區福瑞街７５巷１１號十二樓之３,12.13,都市：其他:第一種住宅區,,,1150718,土地2建物1車位0,十二層,十五層,住宅大樓(11層含以上有電梯),住家用,鋼筋混凝土造,0830825,105.06,3,1,2,有,有,6500000,61869,,0.0,0,,RPWOMLNJQHLGFCB68DA,71.72,0.0,10.54,有,
西屯區,房地(土地+建物)+車位,臺中市西屯區環中路三段６３號十三樓之１,10.16,都市：其他:第四之一種商業區,,,1150710,土地1建物1車位1,十三層,二十七層,住宅大樓(11層含以上有電梯),住家用,鋼骨鋼筋混凝土造,1060524,155.22,3,2,2,有,有,16300000,105012,坡道平面,29.09,0,,RPUPMLSKQHLGFCB56DA,68.18,8.15,5.37,有,082
大甲區,房地(土地+建物),臺中市大甲區青一路４巷２號,111.0,,工業區,丁種建築用地,1150705,土地2建物1車位0,全,二層,透天厝,住家用,加強磚造,0810801,114.72,7,0,7,有,無,11000000,95886,,0.0,0,其他增建；,RPPNMLNJQHLGFEB08DA,114.72,0.0,0.0,無,083
大甲區,房地(土地+建物),臺中市大甲區中山路一段４８４巷８之１號,24.41,都市：其他:住宅區,,,1150722,土地1建物1車位0,全,二層,透天厝,住家用,鋼筋混凝土加強磚造,0711013,76.04,2,2,2,有,無,810000,10652,,0.0,0,其他增建；地清或未辦繼承標售；,RPRNMLNJRHLGFEB38DA,76.04,0.0,0.0,無,
梧棲區,房地(土地+建物)+車位,臺中市梧棲區臨港路四段５９２號十六樓之６,12.95,都市：其他:第四種商業區,,,1150715,土地1建物1車位1,十六層,二十四層,住宅大樓(11層含以上有電梯),住家用,鋼筋混凝土造,1131216,160.93,3,2,2,有,有,9450000,58721,坡道平面,26.13,0,,RPUNMLQJQHLGFFB98DA,80.22,4.68,6.3,有,084
東勢區,房地(土地+建物),臺中市東勢區東蘭路２０之２２號,88.82,都市：其他:住宅區,,,1150723,土地1建物1車位0,全,二層,透天厝,住家用,加強磚造,0570115,86.26,3,2,2,有,無,3600000,41734,,0.0,0,其他增建；,RPPNMLSKQHLGFGB88DA,86.26,0.0,0.0,無,
大雅區,房地(土地+建物),臺中市大雅區永和路５之７０號,77.66,都市：其他:農業區,,,1150708,土地5建物1車位0,全,四層,透天厝,住家用,鋼筋混凝土造,0910806,159.11,5,2,3,有,有,12800000,80447,,0.0,0,,RPXNMLTKQHLGFHB27DA,159.11,0.0,0.0,無,
大雅區,房地(土地+建物),臺中市大雅區永和路７８之２５號,68.0,都市：其他:農業區,,,1150725,土地1建物1車位0,全,四層,透天厝,住家用,鋼筋混凝土造,0830526,178.17,4,3,4,有,無,13500000,75770,,0.0,0,其他增建；,RPTNMLLLQHLGFHB78DA,146.09,32.08,0.0,無,
霧峰區,房地(土地+建物),臺中市霧峰區錦州路３５０巷１６號,91.06,,鄉村區,乙種建築用地,1150728,土地2建物1車位0,全,二層,透天厝,住家用,加強磚造,0700430,96.81,5,2,1,有,無,2400000,24791,,0.0,0,親友、員工、共有人或其他特殊關係間之交易；,RPOOMLLKQHLGFIB38DA,96.81,0.0,0.0,無,
烏日區,房地(土地+建物)+車位,臺中市烏日區高鐵東路３９７號四樓之１０,10.6,都市：其他:商業區,,,1150710,土地1建物1車位1,四層,二十四層,住宅大樓(11層含以上有電梯),住家用,鋼筋混凝土造,1141215,111.88,2,2,1,有,有,13000000,116196,坡道平面,24.57,0,,RPRNMLKLQHLGFIB58DA,52.12,0.0,4.71,有,085
太平區,房地(土地+建物),臺中市太平區育賢路１６巷５號二樓之１,27.64,都市：其他:住宅區,,,1150720,土地1建物1車位0,二層,五層,華廈(10層含以下有電梯),住家用,鋼筋混凝土造,0800710,104.88000000000001,3,2,2,有,有,7490000,71415,,0.0,0,,RPTNMLMLPHLGFJB98DA,85.9,0.0,12.25,有,
太平區,房地(土地+建物),臺中市太平區民權街６號,85.38,都市：其他:住宅區,,,1150725,土地1建物1車位0,全,三層,透天厝,住家用,鋼筋混凝土造,0780824,185.51,4,3,3,有,無,18000000,97030,,0.0,0,其他增建：採光罩、廚房、鐵鋁其他增建；,RPSNMLKLQHLGFJB78DA,150.34,14.61,20.56,無,
潭子區,土地,東寶三段598-2地號,2.11,都市：其他:農業區,,,1150731,土地1建物0車位0,,,其他,,,,0.0,0,0,0,無,無,55978,26530,,0.0,0,政府機關標讓售；,RPPNMLLJRHLGFHB38EA,0.0,0.0,0.0,無,
潭子區,土地,東寶三段598-1地號,5.61,都市：其他:農業區,,,1150731,土地1建物0車位0,,,其他,,,,0.0,0,0,0,無,無,148833,26530,,0.0,0,政府機關標讓售；,RPQNMLLJRHLGFHB48EA,0.0,0.0,0.0,無,
南屯區,房地(土地+建物),臺中市南屯區黎明路一段２０６巷２３號,108.0,都市：其他:第二之二種住宅區,,,1150730,土地1建物1車位0,全,二層,透天厝,住商用,加強磚造,0690606,98.52,5,3,3,有,無,14000000,142103,,0.0,0,其他增建；,RPQOMLKMPHLGFCB97DA,98.52,0.0,0.0,無,
南屯區,房地(土地+建物)+車位,臺中市南屯區大聖街２５號二樓之３,19.76,都市：其他:第二種住宅區,,,1150707,土地1建物1車位1,二層,八層,華廈(10層含以下有電梯),住家用,鋼筋混凝土造,0841130,125.88999999999999,3,2,2,有,有,9500000,75463,坡道機械,0.0,0,陽台外推；,RPQPMLKMPHLGFCB08DA,74.1,0.55,10.37,有,
西屯區,房地(土地+建物)+車位,臺中市西屯區臺灣大道三段６４６號十七樓之８,6.47,都市：其他:第三種商業區,,,1150716,土地1建物1車位1,十七層,二十九層,住宅大樓(11層含以上有電梯),住家用,鋼骨鋼筋混凝土造、鋼筋混凝土造,1140811,112.3,2,2,1,有,有,14280000,159292,坡道平面,32.07,1500000,其他增建；,RPXOMLLMPHLGFCB78DA,47.03,0.0,4.7,有,086
西屯區,房地(土地+建物)+車位,臺中市西屯區惠中路１４８巷９８號六樓之２,20.36,都市：其他:第三之二種住宅區,,,1150705,土地1建物1車位1,六層,二十七層,住宅大樓(11層含以上有電梯),住家用,鋼筋混凝土造,1140331,181.01999999999998,3,2,2,有,有,38500000,212684,坡道平面,31.82,0,,RPWTMLMKQHLGFCB56DA,87.67,0.0,9.3,有,087
南屯區,房地(土地+建物)+車位,臺中市南屯區新富路２９９號十一樓之７,87.72,都市：其他:第一之B種住宅區,,,1150729,土地2建物1車位3,十一層,十四層,住宅大樓(11層含以上有電梯),住家用,鋼筋混凝土造,1120812,347.76,4,2,3,有,有,40800000,117322,坡道平面,89.79,0,,RPXNMLOKQHLGFCB88DA,156.23,0.0,14.48,有,088
西屯區,房地(土地+建物)+車位,臺中市西屯區工業區一路９８巷７弄５０號六樓之２,18.36,都市：其他:第二種住宅區,,,1150721,土地1建物1車位1,六層,十三層,住宅大樓(11層含以上有電梯),住家用,鋼筋混凝土造,0830729,108.82,3,2,2,有,有,8680000,79765,坡道機械,0.0,0,,RPTPMLLLQHLGFCB48DA,68.91,2.61,9.58,有,
西屯區,房地(土地+建物)+車位,臺中市西屯區臺灣大道三段７６１號二十七樓之８,5.51,都市：其他:第四之一種商業區,,,1150710,土地1建物1車位1,二十七層,三十六層,住宅大樓(11層含以上有電梯),住家用,鋼骨造,1141028,111.72999999999999,2,2,1,有,有,12000000,107402,坡道平面,33.35,0,,RPOSMLPLQHLGFCB68DA,45.21,1.96,4.15,有,089
南屯區,房地(土地+建物)+車位,臺中市南屯區萬和路二段３２之３號五樓之２,17.45,都市：其他:第二種住宅區,,,1150719,土地1建物1車位1,五層,八層,華廈(10層含以下有電梯),住家用,鋼筋混凝土造,1110829,108.28,2,2,1,有,有,12500000,115441,坡道機械,27.97,0,,RPROMLQLQHLGFCB68DA,50.11,0.0,3.18,有,090
南屯區,房地(土地+建物)+車位,臺中市南屯區忠勇路５２之６２號六樓,14.93,都市：其他:第二種住宅區,,,1150705,土地2建物1車位1,六層,十六層,住宅大樓(11層含以上有電梯),住家用,鋼筋混凝土造,0840330,131.33,3,2,2,有,有,7900000,60154,坡道機械,0.0,0,,RPRPMLQLQHLGFCB78DA,83.42,3.63,8.74,有,
南屯區,房地(土地+建物)+車位,臺中市南屯區建功路７７號七樓之６,14.7,都市：其他:第五種住宅區,,,1150705,土地1建物1車位1,七層,二十四層,住宅大樓(11層含以上有電梯),住家用,鋼筋混凝土造,1130704,154.19,3,2,2,有,有,15800000,102471,坡道平面,29.11,0,,RPTSMLMJRHLGFCB78DA,72.48,0.0,10.7,有,091
南屯區,房地(土地+建物),臺中市南屯區新富五街５８號,100.82,都市：其他:第一之B種住宅區,,,1150704,土地1建物1車位0,全,四層,透天厝,住家用,鋼筋混凝土造,1040910,320.01,5,3,7,有,有,36800000,114996,,0.0,0,其他增建；,RPPNMLOJRHLGFCB08DA,207.38,0.0,25.55,無,092
外埔區,房地(土地+建物),臺中市外埔區水美路２２之２號,97.28,,特定農業區,甲種建築用地,1150717,土地5建物1車位0,全,四層,透天厝,住家用,鋼筋混凝土造,1141013,159.94,4,3,3,有,無,11300000,70651,,0.0,0,,RPSNMLPJQHLGFEB58DA,148.83,0.0,11.11,無,
大安區,房地(土地+建物),臺中市大安區松圳路４９號之３,130.0,,鄉村區,乙種建築用地,1150708,土地1建物1車位0,全,三層,透天厝,住家用,鋼筋混凝土造,1130728,199.08,4,3,5,有,無,16000000,80370,,0.0,0,,RPROMLQJQHLGFEB68DA,183.6,0.0,15.48,有,093
大甲區,土地,義水段1135地號,6.79,都市：其他:乙種工業區,,,1150723,土地1建物0車位0,,,其他,,,,0.0,0,0,0,無,無,225827,33259,,0.0,0,,RPPNMLNLQHLGFEB28DA,0.0,0.0,0.0,無,
梧棲區,房地(土地+建物)+車位,臺中市梧棲區臺灣大道八段９３８巷８１號四樓之５,22.9,都市：其他:第四種住宅區,,,1150706,土地1建物1車位1,四層,八層,華廈(10層含以下有電梯),住家用,鋼筋混凝土造,1091130,100.67,1,1,1,有,有,5860000,58210,坡道平面,32.01,0,,RPPNMLQKPHLGFFB48DA,42.47,0.0,3.64,有,094
沙鹿區,房地(土地+建物)+車位,臺中市沙鹿區三民路１０７號六樓之６,19.26,都市：其他:第四種住宅區,,,1150715,土地1建物1車位1,六層,十五層,住宅大樓(11層含以上有電梯),住家用,鋼筋混凝土造,1150212,117.19,2,2,2,有,有,12200000,104104,坡道平面,25.98,0,,RPQOMLOLPHLGFFB58DA,53.74,0.0,7.19,有,095
梧棲區,房地(土地+建物)+車位,臺中市梧棲區臺灣大道八段９３８巷８１號五樓之５,22.9,都市：其他:第四種住宅區,,,1150711,土地1建物1車位1,五層,八層,華廈(10層含以下有電梯),住家用,鋼筋混凝土造,1091130,100.67,1,1,1,有,有,6080000,60395,坡道平面,32.01,0,,RPTNMLKMPHLGFFB48DA,42.47,0.0,3.64,有,096
沙鹿區,房地(土地+建物),臺中市沙鹿區正德路２９１巷４５弄１２號,77.27,都市：其他:第二種住宅區,,,1150707,土地4建物1車位0,全,四層,透天厝,住家用,鋼筋混凝土造,0950321,182.05,4,3,5,有,無,12000000,65916,,0.0,0,陽台外推；其他增建；,RPRNMLRJQHLGFFB78DA,140.95,0.0,41.1,無,
梧棲區,房地(土地+建物),臺中市梧棲區大勇路２１４號,71.0,都市：其他:第四種商業區,,,1150714,土地1建物1車位0,全,四層,透天厝,住商用,鋼筋混凝土造,0710525,244.8,6,1,4,有,無,8400000,34314,,0.0,0,其他增建；,RPXNMLTKQHLGFFB07DA,244.8,0.0,0.0,無,
沙鹿區,土地,太平段571地號,29.92,都市：其他:綠地用地,,,1150726,土地1建物0車位0,,,其他,,,,0.0,0,0,0,無,無,388720,12992,,0.0,0,親友、員工、共有人或其他特殊關係間之交易；包含公共設施保留地用地；,RPXNMLPLQHLGFFB76DA,0.0,0.0,0.0,無,097
沙鹿區,土地,太平段588地號,48.7,都市：其他:鐵路用地,,,1150726,土地3建物0車位0,,,其他,,,,0.0,0,0,0,無,無,845040,17352,,0.0,0,親友、員工、共有人或其他特殊關係間之交易；包含公共設施保留地用地；,RPQOMLPLQHLGFFB78DA,0.0,0.0,0.0,無,098
大雅區,房地(土地+建物),臺中市大雅區學府路大智巷１９號,65.0,都市：其他:第二種住宅區,,,1150704,土地2建物1車位0,全,三層,透天厝,住商用,鋼筋混凝土造,0700720,104.13,3,3,2,有,無,11000000,105637,,0.0,0,壹樓空地頂樓加蓋；其他增建；,RPWNMLLJRHLGFHB98DA,104.13,0.0,0.0,無,
太平區,房地(土地+建物)+車位,臺中市太平區環中東路三段３９７號十二樓之６,23.89,都市：其他:住宅區,,,1150718,土地1建物1車位2,十二層,十四層,住宅大樓(11層含以上有電梯),住家用,鋼筋混凝土造,1131017,178.82999999999998,3,2,2,有,有,14700000,82201,坡道平面,49.1,0,,RPPNMLLMPHLGFJB58DA,78.48,0.0,7.44,有,099
沙鹿區,土地,太平段899地號,1.15,都市：其他:保護區,,,1150703,土地1建物0車位0,,,其他,,,,0.0,0,0,0,無,無,4319,3756,,0.0,0,地清或未辦繼承標售；,RPPNMLRJRHLGFFB78EA,0.0,0.0,0.0,無,
太平區,房地(土地+建物),臺中市太平區振文路６號,85.97,都市：其他:住宅區,,,1150713,土地1建物1車位0,全,四層,透天厝,商業用,鋼筋混凝土造,0820218,226.74,4,3,3,有,無,16000000,70565,,0.0,0,,RPPNMLMJRHLGFJB68EA,206.11,6.05,14.58,無,
后里區,房地(土地+建物)+車位,臺中市后里區和興路３號四樓之３,37.12,都市：其他:住宅區,,,1150718,土地1建物1車位1,四層,九層,華廈(10層含以下有電梯),住家用,鋼筋混凝土造,1120515,97.05000000000001,2,2,1,有,有,9500000,97888,一樓平面,0.0,0,,RPQOMLNJRHLGFDB28DA,59.84,0.0,6.03,有,100
大甲區,房地(土地+建物)+車位,臺中市大甲區甲后路五段２７７巷１２０號三樓之５,25.84,都市：其他:住宅區,,,1150716,土地1建物1車位1,三層,十一層,住宅大樓(11層含以上有電梯),住家用,鋼筋混凝土造,1140925,151.20999999999998,3,2,2,有,有,9300000,72509,坡道平面,38.12,1100000,,RPRNMLLLQHLGFEB28DA,72.07,0.0,7.32,有,
沙鹿區,房地(土地+建物),臺中市沙鹿區中航路一段２６１巷９號,73.0,,鄉村區,乙種建築用地,1150712,土地1建物1車位0,全,二層,透天厝,住家用,加強磚造,0690530,125.7,4,3,2,有,無,5500000,43755,,0.0,0,其他增建；,RPRNMLOLQHLGFFB68DA,125.7,0.0,0.0,無,
潭子區,房地(土地+建物),臺中市潭子區大豐路三段２１９巷１０號,67.55,都市：其他:零星工業區,,,1150723,土地8建物1車位0,全,四層,透天厝,住家用,鋼筋混凝土造,1060410,158.32,5,2,3,有,無,16500000,104219,,0.0,0,陽台外推；其他增建；,RPOOMLSKQHLGFHB98DA,138.8,0.0,19.52,無,101
潭子區,房地(土地+建物),臺中市潭子區復興路一段１２０巷１２號,110.84,都市：其他:第一之二種住宅區,,,1150704,土地1建物1車位0,全,四層,透天厝,住家用,鋼筋混凝土造,0810615,252.41,6,2,7,有,無,14500000,57446,,0.0,0,陽台外推；其他增建；,RPVNMLLJRHLGFHB88DA,221.0,0.0,31.41,無,
霧峰區,房地(土地+建物),臺中市霧峰區民生路１７２之４號,12.67,都市：其他:住宅區,,,1150728,土地1建物1車位0,全,三層,透天厝,住商用,加強磚造,0671220,24.11,3,2,2,有,無,500000,20738,,0.0,0,,RPRNMLMJRHLGFIB68DA,24.11,0.0,0.0,無,
霧峰區,土地,新峰東段21地號,69.5,都市：其他:住宅區,,,1150720,土地4建物0車位0,,,其他,,,,0.0,0,0,0,無,無,1700000,24460,,0.0,0,,RPRNMLOJRHLGFIB88DA,0.0,0.0,0.0,無,102
太平區,房地(土地+建物),臺中市太平區育德路４１巷１６號,155.89,都市：其他:住宅區,,,1150712,土地1建物1車位0,全,一層,透天厝,住家用,磚造,0650625,72.52,3,2,1,有,無,13250000,182708,,0.0,0,其他增建；,RPSNMLKKQHLGFJB68DA,72.52,0.0,0.0,無,103
太平區,房地(土地+建物)+車位,臺中市太平區成功東路４２巷８８號五樓之３,26.0,都市：其他:第一種住宅區,,,1150715,土地1建物1車位1,五層,十四層,住宅大樓(11層含以上有電梯),住家用,鋼筋混凝土造,1141016,116.46000000000001,2,2,1,有,有,12250000,105186,坡道平面,28.65,0,,RPPNMLNJRHLGFJB68DA,54.33,0.0,3.77,有,104
梧棲區,房地(土地+建物),臺中市梧棲區大勇二路１８號二樓之６,9.54,都市：其他:第四種商業區,,,1150713,土地1建物1車位0,二層,十五層,住宅大樓(11層含以上有電梯),住家用,鋼筋混凝土造,1130805,94.43,2,2,1,有,有,5100000,54008,,0.0,0,,RPQNMLLKQHLGFFB18DA,58.63,0.0,5.52,有,
沙鹿區,房地(土地+建物),臺中市沙鹿區自強路７８０巷２弄４１號,111.17,都市：其他:第二種住宅區,,,1150726,土地3建物1車位0,全,四層,透天厝,住家用,鋼筋混凝土造,1020509,178.4,3,3,3,有,無,14380000,80605,,0.0,0,其他增建；,RPWNMLOJRHLGFFB09DA,163.17,0.0,15.23,無,
潭子區,車位,臺中市潭子區僑興路１２３號等公共設施,0.0,,,,1150728,土地0建物1車位1,,,其他,,,,28.17,0,0,0,無,有,1550000,,坡道平面,28.17,1550000,建物坐落地號：僑興段12地號；僅車位交易；,RPQNMLRJRHLGFHB98DA,0.0,0.0,0.0,有,
太平區,房地(土地+建物)+車位,臺中市太平區環中東路三段３５１號十三樓之２,22.62,都市：其他:住宅區,,,1150716,土地1建物1車位1,十三層,十四層,住宅大樓(11層含以上有電梯),住家用,鋼筋混凝土造,1140625,154.94,3,2,2,有,有,14800000,103368,坡道平面,29.66,1850000,,RPSNMLRJQHLGFJB66DA,75.07,0.0,7.97,有,
太平區,房地(土地+建物),臺中市太平區太平路４２７號,21.36,都市：其他:商業區,,,1150723,土地2建物1車位0,一層，二層，三層,八層,華廈(10層含以下有電梯),住商用,鋼筋混凝土造,0830610,160.83,3,2,2,有,有,6800000,42281,,0.0,0,,RPUNMLLLQHLGFJB09DA,110.9,0.0,0.0,有,
太平區,房地(土地+建物)+車位,臺中市太平區環中東路三段３３３號十三樓之７,24.45,都市：其他:住宅區,,,1150712,土地1建物1車位1,十三層,十五層,住宅大樓(11層含以上有電梯),住家用,鋼筋混凝土造,1140123,157.98000000000002,3,2,2,有,有,15000000,100976,坡道平面,24.78,1550000,,RPQNMLNJRHLGFJB78DA,78.7,0.0,7.91,有,
太平區,房地(土地+建物),臺中市太平區東村十二街３１巷１０弄１０號,134.34,都市：其他:第一種住宅區,,,1150728,土地3建物1車位0,全,四層,透天厝,住家用,鋼筋混凝土造,0831119,222.66,5,2,3,有,無,10880000,48864,,0.0,0,,RPQNMLOJRHLGFJB88DA,203.94,3.12,15.6,無,
南屯區,房地(土地+建物)+車位,臺中市南屯區文心南三路３３６號十七樓之２,29.82,都市：其他:第三之一種商業區,,,1150604,土地1建物1車位2,十七層,二十四層,住宅大樓(11層含以上有電梯),住家用,鋼筋混凝土造,1000615,375.17,4,2,2,有,有,43600000,116214,坡道平面,44.2,0,,RPVTMLLJPHLGFCB78DA,198.63,6.71,18.4,有,105
南屯區,房地(土地+建物)+車位,臺中市南屯區文心南二路４８６號十四樓,43.14,都市：其他:第二種住宅區,,,1150628,土地1建物1車位2,十四層,十八層,住宅大樓(11層含以上有電梯),住家用,鋼筋混凝土造,0991115,336.78999999999996,4,2,3,有,有,37000000,119570,坡道平面,60.8,4000000,其他增建；,RPQNMLKMPHLGFCB87DA,161.62,5.48,18.8,有,
西屯區,房地(土地+建物),臺中市西屯區安林路３３之１２號,148.81,都市：其他:農業區,,,1150628,土地4建物1車位0,全,四層,透天厝,住家用,鋼筋混凝土造,1120118,307.52,4,3,5,有,有,35000000,113814,,0.0,0,,RPSOMLPJQHLGFCB48DA,263.17,0.0,15.34,有,106
豐原區,房地(土地+建物)+車位,臺中市豐原區富陽路７號八樓之２,34.55,都市：其他:第一之二種住宅區,,,1150629,土地1建物1車位1,八層,十二層,住宅大樓(11層含以上有電梯),住家用,鋼筋混凝土造,1081227,160.32,3,2,2,有,有,13030000,81275,坡道平面,31.67,0,,RPUNMLOJQHLGFDB58DA,72.57,0.0,8.2,有,107
豐原區,房地(土地+建物),臺中市豐原區文昌街４４號,26.74,都市：其他:第二種住宅區,,,1150628,土地1建物1車位0,一層，二層，騎樓,七層,華廈(10層含以下有電梯),住商用,鋼筋混凝土造,0830516,134.93,1,2,2,有,有,7300000,54102,,0.0,0,其他增建；,RPPNMLPJQHLGFDB18DA,94.21,0.0,2.08,有,
神岡區,房地(土地+建物),臺中市神岡區中山路６６７巷６８之４５號,78.66,都市：其他:農業區,,,1150621,土地2建物1車位0,全,四層,透天厝,住家用,鋼筋混凝土造,1080711,181.43,4,3,4,有,有,19070000,105109,,0.0,0,其他增建；,RPWNMLLLQHLGFDB68DA,181.43,0.0,0.0,無,
大雅區,房地(土地+建物)+車位,臺中市大雅區中清路三段９９９號三樓之１,17.77,都市：其他:第二種住宅區,,,1150624,土地2建物1車位1,三層,十四層,住宅大樓(11層含以上有電梯),住家用,鋼筋混凝土造,0830812,170.16,3,2,2,有,有,12800000,75223,坡道平面,0.0,0,,RPPNMLSJPHLGFHB78DA,98.8,0.0,13.73,有,108
太平區,房地(土地+建物)+車位,臺中市太平區育賢路１５０號十二樓,14.21,都市：其他:住宅區,,,1150625,土地3建物1車位1,十二層,十二層,住宅大樓(11層含以上有電梯),住家用,鋼筋混凝土造,0870626,116.21000000000001,3,2,2,有,有,9720000,83642,坡道機械,0.0,0,陽台外推；,RPPNMLMKQHLGFJB58DA,73.42,0.0,13.17,有,
大肚區,土地,文昌段965地號,1481.0,都市：其他:農業區,,,1150625,土地1建物0車位0,,,其他,,,,0.0,0,0,0,無,無,12380000,8359,,0.0,0,親友、員工、共有人或其他特殊關係間之交易；,RPRNMLLMQHLGFKB98DA,0.0,0.0,0.0,無,
南屯區,房地(土地+建物),臺中市南屯區保安五街１２８號十樓之２,11.83,都市：其他:第三之二種住宅區,,,1150607,土地1建物1車位0,十層,十二層,住宅大樓(11層含以上有電梯),住家用,鋼筋混凝土造,0960208,82.64,2,2,1,有,有,8200000,99226,,0.0,0,其他增建；,RPTNMLRJOHLGFCB48DA,51.32,1.79,7.56,有,
南屯區,房地(土地+建物)+車位,臺中市南屯區春安路１２８號五樓之５,10.43,都市：其他:第五種住宅區,,,1150608,土地1建物1車位1,五層,十三層,住宅大樓(11層含以上有電梯),住家用,鋼筋混凝土造,1081128,108.12,1,1,1,有,有,9280000,85831,坡道平面,38.54,0,,RPPPMLTJOHLGFCB48DA,42.05,0.0,4.92,有,109
西屯區,房地(土地+建物)+車位,臺中市西屯區西苑路２９號十四樓之３,30.94,都市：其他:第二種住宅區,,,1150621,土地1建物1車位2,十四層,十八層,住宅大樓(11層含以上有電梯),住家用,鋼筋混凝土造,1040608,245.19,3,2,2,有,有,32500000,132550,坡道平面,59.6,0,其他增建；,RPORMLNLOHLGFCB18DA,105.42,5.32,13.72,有,
南屯區,房地(土地+建物)+車位,臺中市南屯區河南路四段５２２號十四樓之５,12.13,都市：其他:第五種住宅區,,,1150627,土地1建物1車位1,十四層,二十四層,住宅大樓(11層含以上有電梯),住家用,鋼筋混凝土造,1090722,147.05,3,2,2,有,有,19500000,132608,坡道平面,26.58,0,,RPOOMLQKPHLGFCB18DA,67.59,6.33,5.32,有,110
西屯區,建物,臺中市西屯區光明路１０８號,0.0,,,,1150616,土地0建物1車位0,全,四層,透天厝,商業用,鋼筋混凝土造,0740114,57.6,3,1,3,有,無,3900000,67708,,0.0,0,建物坐落地號：西屯段2182地號；親友、員工、共有人或其他特殊關係間之交易；,RPPOMLLKQHLGFCB87DA,55.48,0.0,2.12,無,111
南屯區,房地(土地+建物)+車位,臺中市南屯區大業路５５６號八樓之１,44.22,都市：其他:第二種住宅區,,,1150626,土地1建物1車位1,八層,十五層,住宅大樓(11層含以上有電梯),住家用,鋼筋混凝土造,1130707,269.48,4,2,3,有,有,54780000,221615,坡道平面,35.38,2900000,,RPQNMLRKQHLGFCB48DA,138.5,0.0,16.47,有,
南屯區,房地(土地+建物)+車位,臺中市南屯區保安五街１９號九樓之３,21.18,都市：其他:第二種住宅區,,,1150621,土地1建物1車位1,九層,十二層,住宅大樓(11層含以上有電梯),住家用,鋼筋混凝土造,1051228,127.5,2,2,2,有,有,13000000,129060,坡道平面,36.07,1200000,,RPXOMLRKQHLGFCB66DA,53.07,1.92,6.5,有,112
西屯區,房地(土地+建物)+車位,臺中市西屯區福科路５２９號六樓之１,15.11,都市：其他:第三之一種住宅區,,,1150627,土地1建物1車位1,六層,十四層,住宅大樓(11層含以上有電梯),住家用,鋼筋混凝土造,0821118,150.38,3,2,2,有,有,12500000,83123,坡道平面,0.0,0,其他增建；,RPTSMLRLQHLGFCB76DA,89.18,0.0,14.34,有,113
豐原區,房地(土地+建物),臺中市豐原區南陽路２９８巷２４號,46.0,都市：其他:第二種住宅區,,,1150609,土地1建物2車位0,一層,五層,公寓(5樓含以下無電梯),住家用,鋼筋混凝土造,0780928,129.49,3,2,2,有,有,6300000,48652,,0.0,0,其他增建；,RPVNMLKMOHLGFDB38DA,116.31,0.0,0.0,無,114
清水區,房地(土地+建物),臺中市清水區高美路１６０巷７之９號,161.47,都市：其他:農業區,,,1150613,土地2建物1車位0,全,四層,透天厝,住家用,鋼筋混凝土造,1071113,217.51,4,3,3,有,無,17200000,79077,,0.0,0,1樓加頂樓採光罩其他增建；,RPOOMLQJQHLGFFB48DA,210.62,0.0,6.89,無,115
潭子區,房地(土地+建物)+車位,臺中市潭子區頭張路一段８６巷１５號九樓,24.22,都市：其他:第一之一種商業區,,,1150616,土地1建物1車位1,九層,十二層,住宅大樓(11層含以上有電梯),住家用,鋼筋混凝土造,1060123,149.95,3,2,2,有,有,13800000,92031,坡道平面,29.61,0,,RPRNMLKLPHLGFHB38DA,63.35,6.48,8.33,有,116
太平區,房地(土地+建物),臺中市太平區光興路６９９巷１９３號,88.34,,一般農業區,甲種建築用地,1150604,土地2建物1車位0,全,四層,透天厝,住家用,鋼筋混凝土造,1150126,249.87,4,2,4,有,無,24800000,99252,,0.0,0,含裝潢費；,RPRNMLRLQHLGFJB76DA,230.71,0.0,19.16,有,
大肚區,房地(土地+建物),臺中市大肚區自由路３７５號,83.62,都市：其他:住宅區,,,1150621,土地1建物1車位0,全,三層,透天厝,住商用,鋼筋混凝土造,1031020,216.67,5,2,3,有,無,15600000,71999,,0.0,0,頂樓加蓋；其他增建；,RPQNMLSKQHLGFKB76DA,203.5,0.0,13.17,無,
南屯區,房地(土地+建物)+車位,臺中市南屯區春安路１１５號八樓之３,16.72,都市：其他:第五種住宅區,,,1150628,土地1建物1車位2,八層,二十四層,住宅大樓(11層含以上有電梯),住家用,鋼筋混凝土造,1111028,204.12,3,2,2,有,有,17500000,85734,坡道平面,69.68,0,,RPSQMLQJPHLGFCB68DA,79.87,0.0,9.72,有,117
南屯區,房地(土地+建物),臺中市南屯區大光街１１４號六樓之１,7.09,都市：其他:第三之一種商業區,,,1150616,土地1建物1車位0,六層,七層,華廈(10層含以下有電梯),住家用,鋼筋混凝土造,0800125,38.89,1,1,1,有,有,4250000,109283,,0.0,0,陽台外推；,RPUQMLQJPHLGFCB88DA,24.14,0.0,2.62,有,118
西屯區,房地(土地+建物),臺中市西屯區國安一路２０８巷１８號八樓之３,33.81,都市：其他:第六種住宅區,,,1150625,土地1建物1車位0,八層,十二層,住宅大樓(11層含以上有電梯),住家用,鋼筋混凝土造,0850615,155.56,4,2,2,有,有,9950000,63962,,0.0,0,其他增建；,RPQNMLQKPHLGFCB28DA,94.72,3.17,7.87,有,
南屯區,房地(土地+建物)+車位,臺中市南屯區嶺東南路１５１之２號三樓之６,15.65,都市：其他:第五種住宅區,,,1150608,土地1建物1車位1,三層,十五層,住宅大樓(11層含以上有電梯),住家用,鋼筋混凝土造,1110602,142.76,3,2,2,有,有,13980000,97927,坡道平面,30.79,0,,RPPOMLOKQHLGFCB18DA,68.6,0.0,6.96,有,119
西屯區,土地,生態段183地號,185.24,都市：其他:第一種生態住宅專用區,,,1150610,土地1建物0車位0,,,其他,,,,0.0,0,0,0,無,無,29580000,159685,,0.0,0,,RPOPMLLLQHLGFCB97DA,0.0,0.0,0.0,無,
西屯區,土地,生態段183-1地號,185.85,都市：其他:第一種生態住宅專用區,,,1150610,土地1建物0車位0,,,其他,,,,0.0,0,0,0,無,無,29678880,159693,,0.0,0,,SPOPMLLLQHLGFCB08DA,0.0,0.0,0.0,無,
西屯區,土地,生態段183-2地號,254.81,都市：其他:第一種生態住宅專用區,,,1150610,土地1建物0車位0,,,其他,,,,0.0,0,0,0,無,無,40698000,159719,,0.0,0,,TPOPMLLLQHLGFCB18DA,0.0,0.0,0.0,無,
西屯區,土地,生態段183-3地號,375.15,都市：其他:第一種生態住宅專用區,,,1150610,土地2建物0車位0,,,其他,,,,0.0,0,0,0,無,無,59917000,159715,,0.0,0,,UPOPMLLLQHLGFCB28DA,0.0,0.0,0.0,無,
西屯區,房地(土地+建物)+車位,臺中市西屯區龍吉街１７號,159.19,都市：其他:第一之A種住宅區,,,1150615,土地1建物1車位2,全,五層,透天厝,住家用,鋼筋混凝土造,1040825,329.64,0,0,0,無,有,52000000,157748,坡道平面,29.14,0,,RPQNMLLJRHLGFCB87DA,298.82,0.0,30.82,有,
神岡區,土地,岸裡段1151-5地號,882.18,都市：其他:乙種工業區,,,1150605,土地7建物0車位0,,,其他,,,,0.0,0,0,0,無,無,73600000,83430,,0.0,0,本案土地共7筆，台中市神岡區岸裡段1147-2、1147-3等貳筆地號土地價格為2640萬元整，岸裡段1151-5、1151-2、1153-4、1257、1257-10等伍筆地號之土地價格為4720萬元整。,RPSNMLQLQHLGFDB78DA,0.0,0.0,0.0,無,120
沙鹿區,土地,文光段848-1地號,137.72,都市：其他:第四種住宅區,,,1150630,土地1建物0車位0,,,其他,,,,0.0,0,0,0,無,無,10415075,75625,,0.0,0,親友、員工、共有人或其他特殊關係間之交易；未登記建物；,RPPNMLRLOHLGFFB58DA,0.0,0.0,0.0,無,
梧棲區,土地,忠孝段162-14地號,293.0,都市：其他:第四種住宅區,,,1150625,土地1建物0車位0,,,其他,,,,0.0,0,0,0,無,無,22770000,77713,,0.0,0,,RPPOMLMKQHLGFFB28DA,0.0,0.0,0.0,無,
清水區,房地(土地+建物)+車位,臺中市清水區港都五路２８號十五樓之１,15.14,都市：其他:第四種商業區,,,1150615,土地1建物1車位1,十五層,十五層,住宅大樓(11層含以上有電梯),住家用,鋼筋混凝土造,1140414,172.17,3,2,2,有,有,13000000,80163,坡道平面,24.97,1200000,,RPSNMLLJRHLGFFB38DA,87.74,0.0,10.97,有,
大雅區,房地(土地+建物),臺中市大雅區田心二街５０巷１６號,74.0,都市：其他:農業區,,,1150627,土地1建物1車位0,全,三層,透天厝,住家用,鋼筋混凝土造,0820820,160.91,4,3,3,有,無,10900000,67740,,0.0,0,頂樓加蓋；其他增建；,RPVNMLKLPHLGFHB78DA,148.73,4.62,7.56,無,
潭子區,房地(土地+建物)+車位,臺中市潭子區興華一路１１３號七樓之２,31.5,都市：其他:住宅區,,,1150618,土地1建物1車位2,七層,十五層,住宅大樓(11層含以上有電梯),住家用,鋼筋混凝土造,1141216,223.72,4,2,2,有,有,23660000,119610,坡道平面,57.68,3800000,,RPQNMLLMQHLGFHB58DA,94.33,0.0,14.59,有,
太平區,房地(土地+建物),臺中市太平區新福十六街４５號十樓之２,15.39,都市：其他:商業區,,,1150625,土地1建物1車位0,十層,十三層,住宅大樓(11層含以上有電梯),住家用,鋼筋混凝土造,0871229,103.9,3,2,2,有,有,7380000,71030,,0.0,0,其他增建；,RPSNMLSLPHLGFJB86DA,72.46,0.0,9.44,有,
太平區,房地(土地+建物)+車位,臺中市太平區立智街１０８號九樓之１,13.22,都市：其他:商業區,,,1150625,土地1建物1車位1,九層,十四層,住宅大樓(11層含以上有電梯),住家用,鋼筋混凝土造,1020731,122.84,2,2,1,有,有,10280000,83686,坡道機械,18.19,0,,RPUNMLPLQHLGFJB86DA,64.79,1.45,5.25,有,121
太平區,房地(土地+建物)+車位,臺中市太平區新興二街１３０號九樓之３,15.97,都市：其他:住宅區,,,1150626,土地1建物1車位1,九層,十四層,住宅大樓(11層含以上有電梯),住家用,鋼筋混凝土造,1030106,128.69,2,2,2,有,有,11700000,108476,坡道平面,34.66,1500000,其他增建；,RPPNMLLMQHLGFJB78EA,55.83,2.28,6.45,有,
西屯區,房地(土地+建物)+車位,臺中市西屯區臺灣大道四段１２１８號四樓之２,13.27,都市：其他:第三之一種住宅區,,,1150629,土地1建物1車位1,四層,二十六層,住宅大樓(11層含以上有電梯),住家用,鋼筋混凝土造,0980506,199.2,3,2,2,有,有,21600000,115345,坡道平面,24.94,1500000,其他增建；,RPOSMLQKPHLGFCB58DA,106.13,1.51,14.42,有,
西屯區,房地(土地+建物)+車位,臺中市西屯區智惠街４６號六樓之１,25.95,都市：其他:第二種住宅區,,,1150612,土地1建物1車位1,六層,七層,華廈(10層含以下有電梯),住家用,鋼筋混凝土造,1140814,133.78,3,2,2,有,有,20000000,180587,坡道平面,36.32,2400000,,RPQOMLOKQHLGFCB28DA,56.46,0.0,5.57,有,
南屯區,房地(土地+建物)+車位,臺中市南屯區嶺東南路１８１號十樓之７,16.66,都市：其他:第五種住宅區,,,1150628,土地1建物1車位1,十層,十五層,住宅大樓(11層含以上有電梯),住家用,鋼筋混凝土造,1060315,160.49,3,2,2,有,有,15950000,99383,坡道平面,34.1,0,,RPUOMLKLQHLGFCB38DA,73.38,3.06,7.96,有,122
南屯區,房地(土地+建物),臺中市南屯區大進街５３６之１３號五樓,12.46,都市：其他:第二種住宅區,,,1150621,土地1建物1車位0,五層,十四層,住宅大樓(11層含以上有電梯),住家用,鋼筋混凝土造,0830616,118.03,3,2,2,有,有,11270000,95484,,0.0,0,,RPSNMLPLQHLGFCB58DA,85.02,2.28,9.78,有,
南屯區,房地(土地+建物)+車位,臺中市南屯區文心南三路５６９號十二樓之２,26.28,都市：其他:第一種商業區,,,1150627,土地1建物1車位2,十二層,二十一層,住宅大樓(11層含以上有電梯),住家用,鋼筋混凝土造,1051203,266.05,3,2,2,有,有,36580000,137493,坡道平面,64.34,0,,RPRNMLLJRHLGFCB97DA,117.32,3.97,14.2,有,123
西屯區,房地(土地+建物),臺中市西屯區長安路二段７０巷９號,90.92,都市：其他:第二種住宅區,,,1150628,土地2建物1車位0,全,三層,透天厝,住商用,鋼筋混凝土造,0720728,210.89,5,2,2,有,無,7500000,35564,,0.0,0,親友、員工、共有人或其他特殊關係間之交易；頂樓加蓋；,RPTPMLLJRHLGFCB38DA,197.53,0.0,13.36,無,
梧棲區,房地(土地+建物)+車位,臺中市梧棲區臨港路四段５９０號五樓之１０,17.26,都市：其他:第四種商業區,,,1150627,土地1建物1車位1,五層,二十四層,住宅大樓(11層含以上有電梯),住家用,鋼筋混凝土造,1131216,200.54000000000002,4,2,2,有,有,12300000,61334,坡道平面,26.13,0,,RPPNMLRLQHLGFFB78DA,100.88,1.48,14.59,有,124
潭子區,房地(土地+建物),臺中市潭子區中山路一段９號十八樓之２,11.56,都市：其他:第一之一種住宅區,,,1150627,土地1建物1車位0,十八層,二十五層,住宅大樓(11層含以上有電梯),住家用,鋼筋混凝土造,0831205,123.64999999999999,3,2,2,有,有,8700000,70360,,0.0,0,,RPSNMLLMQHLGFHB78DA,83.45,1.79,11.36,有,
烏日區,房地(土地+建物)+車位,臺中市烏日區健行南路３３號六樓之５,27.83,都市：其他:第二種住宅區,,,1150621,土地1建物1車位1,六層,十二層,住宅大樓(11層含以上有電梯),住家用,鋼筋混凝土造,1020527,145.07999999999998,3,2,2,有,有,13250000,91329,坡道平面,25.27,0,,RPXNMLQJPHLGFIB86DA,69.79,2.33,10.27,有,
霧峰區,房地(土地+建物),臺中市霧峰區大坑巷４３之３０號,109.49,,特定農業區,甲種建築用地,1150615,土地6建物1車位0,全,四層,透天厝,住家用,鋼筋混凝土造,1141107,190.56,5,2,4,有,無,15250000,80027,,0.0,0,其他增建；,RPQNMLLMQHLGFIB68DA,176.8,0.0,13.76,無,
太平區,土地,頭汴坑段3318地號,5231.0,,山坡地保育區,林業用地,1150609,土地1建物0車位0,,,其他,,,,0.0,0,0,0,無,無,800000,153,,0.0,0,,RPSNMLMJRHLGFJB88DA,0.0,0.0,0.0,無,
西屯區,房地(土地+建物)+車位,臺中市西屯區市政北一路２１號十七樓之５,58.27,都市：其他:第三種新市政中心專用區,,,1150622,土地1建物1車位3,十七層,二十一層,住宅大樓(11層含以上有電梯),住家用,鋼筋混凝土造,0970627,565.65,5,2,5,有,有,69000000,133694,坡道平面,100.41,6800000,其他增建；,RPOQMLOLOHLGFCB18DA,283.05,18.51,27.81,有,
外埔區,房地(土地+建物)+車位,臺中市外埔區長生路２３１號三樓之２,20.6,,鄉村區,乙種建築用地,1150605,土地2建物1車位1,三層,十層,華廈(10層含以下有電梯),住家用,鋼筋混凝土造,1130828,122.27000000000001,3,2,2,有,有,6600000,53979,升降機械,12.1,0,親友、員工、共有人或其他特殊關係間之交易；,RPSPMLLJRHLGFEB48DA,79.5,0.0,7.29,有,125
沙鹿區,房地(土地+建物),臺中市沙鹿區自強路５４５巷３７弄１６號,96.16,都市：其他:第二種住宅區,,,1150626,土地4建物1車位0,全,三層,透天厝,住家用,鋼筋混凝土造,1050604,150.38,4,2,3,有,有,13000000,86448,,0.0,0,,RPVNMLOKPHLGFFB88DA,144.77,0.0,5.61,無,
烏日區,房地(土地+建物)+車位,臺中市烏日區三榮三路１１號七樓之１,39.04,都市：其他:第二種住宅區,,,1150627,土地1建物1車位1,七層,十三層,住宅大樓(11層含以上有電梯),住家用,鋼筋混凝土造,1090120,165.67000000000002,4,2,2,有,有,15350000,92654,坡道平面,33.13,0,,RPSNMLLJRHLGFIB68DA,81.84,0.0,6.97,有,126
烏日區,房地(土地+建物)+車位,臺中市烏日區中山路三段４３６號十四樓之９,15.19,都市：其他:商業區,,,1150628,土地1建物1車位1,十四層,十五層,住宅大樓(11層含以上有電梯),住家用,鋼筋混凝土造,1120822,122.73,2,2,1,有,有,11460000,93376,坡道平面,33.2,0,,RPPNMLMJRHLGFIB48DA,55.05,0.0,4.19,有,127
西屯區,房地(土地+建物)+車位,臺中市西屯區工業區一路５８巷１號八樓之７,12.92,都市：其他:第三種住宅區。,,,1150614,土地1建物1車位1,八層,十四層,住宅大樓(11層含以上有電梯),住家用,鋼筋混凝土造,0940818,141.42,3,2,2,有,有,14660000,110092,坡道機械,15.98,850000,其他增建；,RPRNMLOKOHLGFCB08DA,79.31,1.51,10.56,有,
西屯區,房地(土地+建物)+車位,臺中市西屯區臺灣大道四段１２７０號十二樓之３,5.34,都市：其他:第一之一種住宅區,,,1150629,土地1建物1車位1,十二層,二十六層,住宅大樓(11層含以上有電梯),住家用,鋼筋混凝土造,0990112,92.08,1,1,1,有,有,9750000,105886,坡道機械,13.86,0,,RPPNMLPKPHLGFCB08DA,44.63,0.0,8.49,有,128
西屯區,房地(土地+建物)+車位,臺中市西屯區西苑路２９號十七樓之３,41.52,都市：其他:第二種住宅區,,,1150627,土地1建物1車位2,十七層,十八層,住宅大樓(11層含以上有電梯),住家用,鋼筋混凝土造,1040608,329.02,2,2,3,有,有,39500000,120053,坡道平面,62.96,0,陽台外推；,RPURMLNKQHLGFCB88DA,144.99,0.0,33.49,有,129
西屯區,房地(土地+建物)+車位,臺中市西屯區惠中三街５６號二十四樓之３,7.06,都市：其他:第七種新市政中心專用區,,,1150630,土地1建物1車位1,二十四層,二十七層,住宅大樓(11層含以上有電梯),住家用,鋼骨鋼筋混凝土造、鋼筋混凝土造,1150622,109.79,2,2,2,有,有,20630000,230799,坡道平面,31.67,2600000,預售屋、或土地及建物分件登記案件；,RPWNMLKLQHLGFCB48DA,46.2,0.0,4.57,有,
西屯區,房地(土地+建物)+車位,臺中市西屯區福星北路８２巷３７號六樓之３,19.45,都市：其他:第二種創新研發專用區,,,1150622,土地1建物1車位1,六層,九層,華廈(10層含以下有電梯),住家用,鋼筋混凝土造,1111124,111.88,2,2,2,有,有,15100000,134966,坡道平面,34.63,0,,RPVOMLLLQHLGFCB58DA,45.64,0.0,4.52,有,130
外埔區,房地(土地+建物),臺中市外埔區水美路２２之５號,102.38,,特定農業區,甲種建築用地,1150628,土地5建物1車位0,全,四層,透天厝,住家用,鋼筋混凝土造,1141013,185.22,4,3,3,有,無,13500000,72886,,0.0,0,,RPRNMLLMPHLGFEB28DA,170.97,0.0,14.25,無,
潭子區,房地(土地+建物),臺中市潭子區潭富路二段萬豐巷１５號,124.13,都市：其他:第一之一種住宅區,,,1150626,土地1建物1車位0,全,一層,透天厝,住家用,磚造,0630401,70.49,7,0,7,有,無,10690000,151653,,0.0,0,頂樓加蓋；其他增建；,RPRNMLSLQHLGFHB66DA,70.49,0.0,0.0,無,131
梧棲區,房地(土地+建物)+車位,臺中市梧棲區文明街２３６號十三樓之７,31.86,都市：其他:第四種住宅區,,,1150612,土地1建物1車位1,十三層,十三層,住宅大樓(11層含以上有電梯),住家用,鋼筋混凝土造,1131024,150.91,3,2,2,有,有,15050000,109794,坡道平面,25.22,1250000,,RPQNMLMJRHLGFFB38EA,75.15,0.0,6.54,有,
大甲區,房地(土地+建物),臺中市大甲區雁門路２９３巷４７號,84.69,都市：其他:住宅區,,,1150627,土地1建物1車位0,全,四層,透天厝,住家用,鋼筋混凝土造,0900423,145.46,5,2,3,有,無,12000000,82497,,0.0,0,其他增建；,RPTNMLRJQHLGFEB88DA,124.69,7.35,13.42,無,
潭子區,房地(土地+建物)+車位,臺中市潭子區興華一路１１３號三樓之５,25.85,都市：其他:住宅區,,,1150606,土地1建物1車位2,三層,十五層,住宅大樓(11層含以上有電梯),住家用,鋼筋混凝土造,1141216,194.69,3,2,2,有,有,20950000,126186,坡道平面,58.78,3800000,含裝潢費1050000元；,RPXNMLOJRHLGFHB76DA,77.9,0.0,11.27,有,
霧峰區,房地(土地+建物),臺中市霧峰區樹仁路１３８號六樓之２,9.65,都市：其他:商業區,,,1150621,土地2建物1車位0,六層,九層,華廈(10層含以下有電梯),住家用,鋼筋混凝土造,1050127,70.1,2,2,2,有,有,3550000,50642,,0.0,0,,RPUNMLTKQHLGFIB07DA,33.17,0.0,4.62,有,
太平區,房地(土地+建物)+車位,臺中市太平區祥順路一段９９號十一樓之７,25.52,都市：其他:住宅區,,,1150609,土地1建物1車位1,十一層,十一層,住宅大樓(11層含以上有電梯),住家用,鋼筋混凝土造,1091120,163.86,3,2,2,有,有,13500000,82387,坡道平面,31.22,0,,RPUNMLOLPHLGFJB66DA,79.86,6.0,5.02,有,
太平區,房地(土地+建物),臺中市太平區大源十七街８８號,163.83,,鄉村區,乙種建築用地,1150619,土地3建物1車位0,全,三層,透天厝,住家用,鋼筋混凝土造,0930325,161.11,5,2,3,有,無,17480000,108497,,0.0,0,,RPSNMLRKQHLGFJB76DA,146.45,2.18,12.48,無,
太平區,房地(土地+建物),臺中市太平區育才路１７７號二樓之３,12.76,都市：其他:住宅區,,,1150629,土地1建物1車位0,二層,十五層,住宅大樓(11層含以上有電梯),住家用,鋼筋混凝土造,1150113,63.53,1,1,1,有,有,7600000,119629,,0.0,0,,RPUNMLRKQHLGFJB96DA,36.35,0.0,5.15,有,
太平區,房地(土地+建物)+車位,臺中市太平區環中東路三段６１６號二樓之１,21.48,都市：其他:住宅區,,,1150616,土地1建物1車位1,二層,十三層,住宅大樓(11層含以上有電梯),住家用,鋼筋混凝土造,1140911,104.53,2,2,2,有,有,12250000,141036,坡道平面,30.79,1850000,,RPQNMLMJRHLGFJB68DA,62.86,0.0,6.15,有,
太平區,房地(土地+建物),臺中市太平區樹德九街１００巷２２號,97.87,都市：其他:住宅區,,,1150629,土地1建物1車位0,全,三層,透天厝,住家用,鋼筋混凝土造,1031105,205.03,4,3,5,有,無,20360000,99303,,0.0,0,頂樓加蓋；其他增建；,RPWNMLOJRHLGFJB86DA,197.75,0.0,7.28,無,
西屯區,房地(土地+建物)+車位,臺中市西屯區玉門路２３５號二十一樓之２,33.41,都市：其他:第六種住宅區,,,1150514,土地1建物1車位2,二十一層,二十五層,住宅大樓(11層含以上有電梯),住家用,鋼筋混凝土造,1050502,354.33,3,2,3,有,有,39800000,112325,坡道平面,49.2,0,,RPSNMLOKQHLGFCB38DA,176.34,12.89,17.72,有,
大雅區,土地,山德段1076地號,10.61,都市：其他:農業區,,,1150508,土地1建物0車位0,,,其他,,,,0.0,0,0,0,無,無,50000,4713,,0.0,0,,RPSOMLKKPHLGFHB48DA,0.0,0.0,0.0,無,132
大雅區,房地(土地+建物),臺中市大雅區振興路８９之３號,82.14,都市：其他:農業區,,,1150508,土地2建物1車位0,全,四層,透天厝,住家用,鋼筋混凝土造,1150206,205.42,4,2,6,有,無,25950000,126327,,0.0,0,,RPWOMLKKPHLGFHB88DA,188.36,0.0,17.06,有,
烏日區,房地(土地+建物)+車位,臺中市烏日區三榮路二段２０７號五樓之１,39.19,都市：其他:第二種住宅區,,,1150530,土地1建物1車位2,五層,十二層,住宅大樓(11層含以上有電梯),住家用,鋼筋混凝土造,1030603,218.01,4,2,2,有,有,17500000,80272,坡道平面,61.02,0,,RPXNMLPJQHLGFIB86DA,96.34,1.98,10.91,有,
太平區,房地(土地+建物)+車位,臺中市太平區新平路一段２０９巷１４號二樓之１,19.21,都市：其他:第一種住宅區,,,1150511,土地1建物1車位1,二層,七層,華廈(10層含以下有電梯),住家用,鋼筋混凝土造,0820619,91.53,3,2,2,有,有,6500000,71015,坡道平面,0.0,0,,RPSQMLSKOHLGFJB96DA,65.47,0.0,5.85,有,
太平區,房地(土地+建物),臺中市太平區永和街２１號三樓,28.43,都市：其他:住宅區,,,1150518,土地1建物1車位0,三層,七層,華廈(10層含以下有電梯),住家用,鋼筋混凝土造,0821230,129.88,3,1,2,有,有,6000000,46196,,0.0,0,親友、員工、共有人或其他特殊關係間之交易；,RPSNMLQLQHLGFJB76DA,93.16,2.67,12.08,有,
南屯區,土地,山子腳段300地號,992.5,都市：其他:第一種乙種工業區,,,1150524,土地3建物0車位0,,,其他,,,,0.0,0,0,0,無,無,26439400,26639,,0.0,0,,RPVTMLMKQHLGFCB09DA,0.0,0.0,0.0,無,133
南屯區,房地(土地+建物),臺中市南屯區干城街２４０巷１弄２７號,62.0,都市：其他:第二種住宅區,,,1150513,土地1建物1車位0,全,二層,透天厝,住家用,加強磚造,0640806,76.5,3,2,2,有,無,15250000,199346,,0.0,0,其他增建；,RPQQMLSLQHLGFCB98DA,76.5,0.0,0.0,無,
清水區,房地(土地+建物)+車位,臺中市清水區港都路１號十四樓之１,14.38,都市：其他:第四種商業區,,,1150516,土地1建物1車位1,十四層,十四層,住宅大樓(11層含以上有電梯),住家用,鋼筋混凝土造,1130411,182.46,3,2,2,有,有,13800000,75633,坡道平面,24.94,0,,RPQOMLKKQHLGFFB18DA,87.93,0.0,20.02,有,134
霧峰區,房地(土地+建物),臺中市霧峰區五福路３３１號,228.61,,鄉村區,乙種建築用地,1150515,土地2建物1車位0,全,二層,透天厝,住家用,加強磚造,0690220,113.96,5,5,4,有,無,21750000,190856,,0.0,0,頂樓加蓋；,RPROMLSKQHLGFIB76DA,113.96,0.0,0.0,無,135
西屯區,房地(土地+建物)+車位,臺中市西屯區國安一路１２７號八樓之１,10.39,都市：其他:第六種住宅區,,,1150514,土地1建物1車位1,八層,二十四層,住宅大樓(11層含以上有電梯),住家用,鋼筋混凝土造,0991119,119.72999999999999,2,2,1,有,有,14000000,116930,坡道平面,22.28,0,陽台外推；其他增建；,RPSQMLRJPHLGFCB78DA,53.56,4.47,9.02,有,
清水區,房地(土地+建物)+車位,臺中市清水區港都五路３６號十二樓之３,15.14,都市：其他:第四種商業區,,,1150526,土地1建物1車位1,十二層,十五層,住宅大樓(11層含以上有電梯),住家用,鋼筋混凝土造,1140414,172.17,3,2,2,有,有,12400000,76766,坡道平面,24.97,1100000,,RPUNMLLJRHLGFFB58DA,87.74,0.0,10.97,有,
烏日區,房地(土地+建物)+車位,臺中市烏日區健行路８０８號二樓之１,40.0,都市：其他:第二種住宅區,,,1150517,土地1建物1車位2,二層,十四層,住宅大樓(11層含以上有電梯),住家用,鋼筋混凝土造,1091029,201.93,3,2,2,有,有,17500000,86664,坡道平面,60.36,0,,RPQOMLKKQHLGFIB48DA,84.46,0.0,11.33,有,136
太平區,土地,竹村段380-5地號,2759.8,,山坡地保育區,農牧用地,1150509,土地1建物0車位0,,,其他,,,,0.0,0,0,0,無,無,2890000,1047,,0.0,0,,RPTNMLPLQHLGFJB76DA,0.0,0.0,0.0,無,137
西屯區,房地(土地+建物)+車位,臺中市西屯區福安路５５巷１０號七樓之１,14.14,都市：其他:第三之一種住宅區,,,1150531,土地1建物1車位1,七層,十三層,住宅大樓(11層含以上有電梯),住家用,鋼筋混凝土造,0880206,114.50999999999999,4,3,5,有,有,10050000,87765,坡道機械,7.77,0,,RPWQMLQKPHLGFCB56DA,73.57,1.27,9.93,有,
西屯區,房地(土地+建物)+車位,臺中市西屯區河南路二段４１９號五樓之２,16.12,都市：其他:第三之二種住宅區,,,1150508,土地2建物1車位1,五層,十五層,住宅大樓(11層含以上有電梯),住家用,鋼筋混凝土造,0840310,168.25,3,2,2,有,有,14300000,84993,坡道平面,0.0,0,,RPOOMLLMQHLGFCB97DA,114.45,0.0,14.35,有,
南屯區,房地(土地+建物),臺中市南屯區惠弘街１６０號二樓之５,22.41,都市：其他:第二種住宅區,,,1150522,土地1建物1車位0,二層,十六層,住宅大樓(11層含以上有電梯),住家用,鋼筋混凝土造,0851216,138.16,3,2,2,有,有,8880000,64273,,0.0,0,,RPRRMLLJRHLGFCB38DA,88.5,0.0,11.68,有,
南屯區,房地(土地+建物)+車位,臺中市南屯區大業路５６０號八樓之２,6.52,都市：其他:第二種住宅區,,,1150520,土地1建物1車位1,八層,二十二層,住宅大樓(11層含以上有電梯),住家用,鋼筋混凝土造,0871113,84.3,2,2,1,有,有,8550000,101423,坡道機械,11.57,0,,RPXRMLLJRHLGFCB98DA,47.1,1.43,5.29,有,
潭子區,房地(土地+建物),臺中市潭子區豐栗路９１巷５號,105.8,都市：其他:乙種工業區,,,1150526,土地1建物1車位0,全,二層,透天厝,住家用,加強磚造、磚石造,0000000,87.3,9,1,9,有,無,8240000,94387,,0.0,0,頂樓加蓋；其他增建；,RPSNMLQJQHLGFHB98DA,87.3,0.0,0.0,無,138
霧峰區,土地,新厝段811地號,1136.7,,特定農業區,甲種建築用地,1150506,土地1建物0車位0,,,其他,,,,0.0,0,0,0,無,無,154732500,136124,,0.0,0,,RPUNMLLMQHLGFIB09DA,0.0,0.0,0.0,無,139
太平區,房地(土地+建物),臺中市太平區中平路順昌巷６５弄２１號,70.0,都市：其他:第一種住宅區,,,1150511,土地2建物1車位0,全,二層,透天厝,住家用,鐵筋磚造瓦頂,0611201,78.68,5,3,2,有,無,5000000,63549,,0.0,0,親友、員工、共有人或其他特殊關係間之交易；,RPQNMLOLPHLGFJB88DA,78.68,0.0,0.0,無,
潭子區,房地(土地+建物)+車位,臺中市潭子區興華一路１４２巷１５號八樓之２,29.15,都市：其他:第一之二種住宅區,,,1150510,土地2建物1車位1,八層,十四層,住宅大樓(11層含以上有電梯),住家用,鋼筋混凝土造,1100510,163.94,3,2,2,有,有,14860000,90643,坡道平面,38.39,0,,RPRNMLLKQHLGFHB48DA,71.97,3.1,9.31,有,140
太平區,房地(土地+建物),臺中市太平區中山路一段３２２巷１６號一樓之２,12.34,,鄉村區,乙種建築用地,1150522,土地1建物1車位0,一層,五層,華廈(10層含以下有電梯),住家用,鋼筋混凝土造,1150126,42.36,1,1,1,有,有,4550000,107413,,0.0,0,,RPQNMLLJRHLGFJB58DA,27.14,0.0,3.0,有,
太平區,房地(土地+建物),臺中市太平區振福路１５９巷１３號,94.89,都市：其他:住宅區,,,1150511,土地2建物1車位0,全,四層,透天厝,住家用,鋼筋混凝土造,1110223,304.99,4,3,6,有,有,35880000,117643,,0.0,0,其他增建:頂樓、陽台外推、五樓陽台外推、頂樓露台其他增建；,RPVNMLQKOHLGFJB76DA,287.07,0.0,17.92,有,141
太平區,房地(土地+建物)+車位,臺中市太平區樹孝路２７３巷２０號九樓之１,26.67,都市：其他:住宅區,,,1150507,土地1建物1車位2,九層,十五層,住宅大樓(11層含以上有電梯),住家用,鋼筋混凝土造,1120908,187.89,4,2,2,有,有,18270000,97238,坡道平面,49.28,0,,RPUNMLNJRHLGFJB56DA,82.65,0.0,8.66,有,142
太平區,房地(土地+建物)+車位,臺中市太平區環中東路三段６１８號十二樓之３,18.05,都市：其他:住宅區,,,1150507,土地1建物1車位1,十二層,十三層,住宅大樓(11層含以上有電梯),住家用,鋼筋混凝土造,1140911,118.91,2,2,2,有,有,12020000,117033,坡道平面,31.67,1810000,,RPPOMLMKQHLGFJB68DA,52.07,0.0,5.56,有,
潭子區,房地(土地+建物),臺中市潭子區大德北路４５號,13.49,都市：其他:第一之一種住宅區,,,1150519,土地3建物1車位0,一層，騎樓,七層,華廈(10層含以下有電梯),商業用,鋼筋混凝土造,0800621,62.75,1,1,1,有,有,6000000,95618,,0.0,0,親友、員工、共有人或其他特殊關係間之交易；,RPPNMLTKQHLGFHB56EA,62.38,0.0,0.0,有,
后里區,房地(土地+建物)+車位,臺中市后里區九甲五路１８８巷１１號四樓,24.99,,特定農業區,甲種建築用地,1150406,土地1建物1車位1,四層,八層,華廈(10層含以下有電梯),住家用,鋼筋混凝土造,1150316,103.98,2,2,2,有,有,9200000,97255,一樓平面,22.75,1300000,1.本案土地交易總價為新台幣237萬元整，房屋交易總價為新台幣553萬元整。2.本案車位交易總價為新台幣130萬元整。預售屋、或土地及建物分件登記案件；,RPROMLOJOHLGFDB18DA,53.88,0.0,3.46,有,
沙鹿區,房地(土地+建物),臺中市沙鹿區斗潭路文光巷３１號,88.58,都市：其他:第四種住宅區,,,1150415,土地1建物1車位0,全,二層,透天厝,住商用,加強磚造,0671101,119.82,1,3,2,有,無,8000000,66767,,0.0,0,頂樓加蓋；其他增建；,RPTNMLRJQHLGFFB98DA,119.82,0.0,0.0,無,
烏日區,土地,螺潭段978地號,1506.5,,特定農業區,農牧用地,1150423,土地1建物0車位0,,,其他,,,,0.0,0,0,0,無,無,31900000,21175,,0.0,0,,RPSNMLPJQHLGFIB98DA,0.0,0.0,0.0,無,
大里區,房地(土地+建物),臺中市大里區福大路４３巷２０弄１０號,895.22,,鄉村區,乙種建築用地,1150423,土地2建物1車位0,全,一層,透天厝,其他,加強磚造,0690310,54.03,2,1,1,有,無,35200000,651490,,0.0,0,其他增建；,RPROMLRKQHLGFIB66DA,54.03,0.0,0.0,無,
梧棲區,房地(土地+建物)+車位,臺中市梧棲區中央路二段２１９巷７５號五樓之６,17.63,都市：其他:第五種住宅區,,,1150430,土地2建物1車位1,五層,十二層,住宅大樓(11層含以上有電梯),住家用,鋼筋混凝土造,1131206,111.11999999999999,3,2,2,有,有,7600000,68395,坡道機械,16.54,0,,RPSNMLTKQHLGFFB56DA,65.35,0.0,2.97,有,143
南屯區,房地(土地+建物)+車位,臺中市南屯區建功路７７號十七樓之３,10.53,都市：其他:第五種住宅區,,,1150409,土地1建物1車位1,十七層,二十四層,住宅大樓(11層含以上有電梯),住家用,鋼筋混凝土造,1130704,118.44,3,2,1,有,有,13150000,111027,坡道平面,29.11,0,,RPXPNLMKQHLGFCB98DA,53.7,0.0,5.64,有,144
南屯區,房地(土地+建物),臺中市南屯區萬和路二段３０之１號,132.0,都市：其他:第二種住宅區,,,1150423,土地1建物1車位0,全,四層,透天厝,住家用,鋼筋混凝土造,1150121,317.37,12,0,12,有,無,40000000,126036,,0.0,0,其他增建；,RPQNMLQLQHLGFCB48DA,293.25,0.0,24.12,無,
西屯區,房地(土地+建物),臺中市西屯區上石路１８１巷２３號二樓之２,9.33,都市：其他:第三種商業區,,,1150325,土地1建物1車位0,二層,十五層,住宅大樓(11層含以上有電梯),住家用,鋼筋混凝土造,0961012,102.12,2,1,1,有,有,2440000,23893,,0.0,0,親友、員工、共有人或其他特殊關係間之交易；,RPPNMLMLPHLGFCB87DA,54.99,2.77,10.51,有,
東勢區,房地(土地+建物),臺中市東勢區第三橫街５之１號,72.97,都市：其他:住宅區,,,1150302,土地2建物1車位0,全,四層,透天厝,住家用,鋼筋混凝土造,1150210,238.84,4,1,6,有,有,20200000,84575,,0.0,0,土地價格404萬 建物價格1616萬,RPOOMLNJRHLGFGB38DA,234.73,0.0,2.61,無,
北區,房地(土地+建物),臺中市北區育才北路３７號三樓,97.32,都市：其他:第二種住宅區,,,1150310,土地3建物1車位0,三層，四層,四層,華廈(10層含以下有電梯),辦公用,鋼筋混凝土造,1080430,220.04000000000002,0,0,0,無,無,32000000,145435,,0.0,0,親友、員工、共有人或其他特殊關係間之交易；,RPVPMLNJRHLGFBB68DA,144.69,0.0,2.08,有,
南屯區,房地(土地+建物)+車位,臺中市南屯區向上路二段１６５號十四樓,26.82,都市：其他:第二種商業區,,,1150203,土地1建物1車位3,十四層,二十五層,住宅大樓(11層含以上有電梯),住家用,鋼骨鋼筋混凝土造,1030729,316.37,3,2,2,有,有,44800000,141606,坡道平面,69.42,0,,RPPPMLNLPHLGFCB18DA,145.27,7.08,13.14,有,145
清水區,房地(土地+建物)+車位,臺中市清水區港都路５號十二樓之１,15.55,都市：其他:第四種商業區,,,1150206,土地1建物1車位1,十二層,二十四層,住宅大樓(11層含以上有電梯),住家用,鋼筋混凝土造,1130411,200.63,3,2,2,有,有,15000000,78832,坡道平面,24.94,1150000,,RPSOMLOKQHLGFFB78DA,108.83,0.0,9.62,有,
大雅區,土地,學雅段42-15地號,131.38,都市：其他:第二種住宅區,,,1150209,土地5建物0車位0,,,其他,,,,0.0,0,0,0,無,無,18000000,137007,,0.0,0,親友、員工、共有人或其他特殊關係間之交易；,RPPNMLMJRHLGFHB38DA,0.0,0.0,0.0,無,146
沙鹿區,土地,自強段469地號,2.8,都市：其他:第二種住宅區,,,1150101,土地3建物0車位0,,,其他,,,,0.0,0,0,0,無,無,141884,50673,,0.0,0,,RPQNMLSLQHLGFFB09EA,0.0,0.0,0.0,無,147
沙鹿區,土地,自強段469地號,11.37,都市：其他:第二種住宅區,,,1150101,土地3建物0車位0,,,其他,,,,0.0,0,0,0,無,無,567550,49916,,0.0,0,,RPRNMLSLQHLGFFB56EA,0.0,0.0,0.0,無,147
大甲區,土地,義和段489地號,193.44,都市：其他:乙種工業區,,,1141210,土地1建物0車位0,,,其他,,,,0.0,0,0,0,無,無,14337400,74118,,0.0,0,,RPSOMLSJLHLGFEB48DA,0.0,0.0,0.0,無,
豐原區,房地(土地+建物)+車位,臺中市豐原區豐原大道三段２３９巷１０６號八樓之２,19.44,都市：其他:第二種住宅區,,,1140920,土地1建物1車位1,八層,十四層,住宅大樓(11層含以上有電梯),住家用,鋼筋混凝土造,1150424,114.69999999999999,2,2,1,有,有,12050000,123224,坡道平面,32.33,1900000,預售屋、或土地及建物分件登記案件；,RPRNMLPLQHLGFDB58DA,50.84,0.0,3.6,有,
西屯區,土地,西屯段2358地號,35.34,都市：其他:第三之二種住宅區,,,1140815,土地4建物0車位0,,,其他,,,,0.0,0,0,0,無,無,10241990,289813,,0.0,0,親友、員工、共有人或其他特殊關係間之交易；未登記建物；,RPSRMLRLQHLGFCB56DA,0.0,0.0,0.0,無,149
西屯區,土地,西屯段2358地號,70.69,都市：其他:第三之二種住宅區,,,1140815,土地4建物0車位0,,,其他,,,,0.0,0,0,0,無,無,23753800,336028,,0.0,0,親友、員工、共有人或其他特殊關係間之交易；未登記建物；,RPVRMLRLQHLGFCB86DA,0.0,0.0,0.0,無,149
西屯區,土地,西屯段2358地號,94.98,都市：其他:第三之二種住宅區,,,1140815,土地4建物0車位0,,,其他,,,,0.0,0,0,0,無,無,22986080,242010,,0.0,0,親友、員工、共有人或其他特殊關係間之交易；未登記建物；,RPRSMLRLQHLGFCB56DA,0.0,0.0,0.0,無,149
西屯區,土地,西屯段2358地號,94.98,都市：其他:第三之二種住宅區,,,1140815,土地4建物0車位0,,,其他,,,,0.0,0,0,0,無,無,22986080,242010,,0.0,0,親友、員工、共有人或其他特殊關係間之交易；未登記建物；,RPWSMLRLQHLGFCB07DA,0.0,0.0,0.0,無,149
梧棲區,房地(土地+建物)+車位,臺中市梧棲區中央路一段５３５之１號二樓之８,45.18,都市：其他:農業區,,,1140712,土地1建物1車位1,二層,四層,華廈(10層含以下有電梯),住家用,鋼筋混凝土造,1150623,110.27000000000001,2,1,1,有,有,8154602,83920,一樓平面,28.59,1300000,原合約總價新台幣818萬元整，因工程變更追減2萬5398元整，追減後價金為 815萬4602元整。預售屋、或土地及建物分件登記案件；,RPVNMLLJRHLGFFB68DA,49.05,0.0,8.34,有,
南屯區,土地,知高段179-13地號,2.44,都市：其他:機關用地,,,1140710,土地1建物0車位0,,,其他,,,,0.0,0,0,0,無,無,73929,30299,,0.0,0,親友、員工、共有人或其他特殊關係間之交易；,RPSNMLRKQHLGFCB68DA,0.0,0.0,0.0,無,153
南屯區,土地,知高段180-2地號,2.97,都市：其他:機關用地,,,1140710,土地1建物0車位0,,,其他,,,,0.0,0,0,0,無,無,89712,30206,,0.0,0,親友、員工、共有人或其他特殊關係間之交易；,SPSNMLRKQHLGFCB78DA,0.0,0.0,0.0,無,
南屯區,土地,知高段180-39地號,0.06,都市：其他:機關用地,,,1140710,土地1建物0車位0,,,其他,,,,0.0,0,0,0,無,無,1938,0,,0.0,0,親友、員工、共有人或其他特殊關係間之交易；,TPSNMLRKQHLGFCB88DA,0.0,0.0,0.0,無,154
南屯區,土地,知高段181-24地號,25.28,都市：其他:機關用地,,,1140710,土地1建物0車位0,,,其他,,,,0.0,0,0,0,無,無,764811,30254,,0.0,0,親友、員工、共有人或其他特殊關係間之交易；,UPSNMLRKQHLGFCB98DA,0.0,0.0,0.0,無,
南屯區,土地,知高段181-28地號,1.58,都市：其他:乙種工業區,,,1140710,土地1建物0車位0,,,其他,,,,0.0,0,0,0,無,無,47888,30309,,0.0,0,親友、員工、共有人或其他特殊關係間之交易；,VPSNMLRKQHLGFCB09DA,0.0,0.0,0.0,無,155
南屯區,土地,知高段181-29地號,0.1,都市：其他:乙種工業區,,,1140710,土地1建物0車位0,,,其他,,,,0.0,0,0,0,無,無,3063,0,,0.0,0,親友、員工、共有人或其他特殊關係間之交易；,WPSNMLRKQHLGFCB56DA,0.0,0.0,0.0,無,156
南屯區,土地,知高段181-36地號,2.46,都市：其他:道路用地,,,1140710,土地1建物0車位0,,,其他,,,,0.0,0,0,0,無,無,74337,30218,,0.0,0,親友、員工、共有人或其他特殊關係間之交易；,XPSNMLRKQHLGFCB66DA,0.0,0.0,0.0,無,
南屯區,土地,知高段181-37地號,4.06,都市：其他:機關用地,,,1140710,土地1建物0車位0,,,其他,,,,0.0,0,0,0,無,無,122782,30242,,0.0,0,親友、員工、共有人或其他特殊關係間之交易；,YPSNMLRKQHLGFCB76DA,0.0,0.0,0.0,無,
南屯區,土地,知高段182-1地號,6.31,都市：其他:乙種工業區,,,1140710,土地1建物0車位0,,,其他,,,,0.0,0,0,0,無,無,190776,30234,,0.0,0,親友、員工、共有人或其他特殊關係間之交易；,ZPSNMLRKQHLGFCB86DA,0.0,0.0,0.0,無,157
南屯區,土地,知高段182-2地號,10.03,都市：其他:乙種工業區,,,1140710,土地1建物0車位0,,,其他,,,,0.0,0,0,0,無,無,303469,30256,,0.0,0,親友、員工、共有人或其他特殊關係間之交易；,QQSNMLRKQHLGFCB68DA,0.0,0.0,0.0,無,
南屯區,土地,知高段184-15地號,1.42,都市：其他:乙種工業區,,,1140710,土地1建物0車位0,,,其他,,,,0.0,0,0,0,無,無,43095,30349,,0.0,0,親友、員工、共有人或其他特殊關係間之交易；,RQSNMLRKQHLGFCB78DA,0.0,0.0,0.0,無,158
南屯區,土地,知高段184-25地號,0.85,都市：其他:道路用地,,,1140710,土地1建物0車位0,,,其他,,,,0.0,0,0,0,無,無,25579,0,,0.0,0,親友、員工、共有人或其他特殊關係間之交易；,SQSNMLRKQHLGFCB88DA,0.0,0.0,0.0,無,159
南屯區,土地,知高段184-32地號,1.57,都市：其他:道路用地,,,1140710,土地1建物0車位0,,,其他,,,,0.0,0,0,0,無,無,47544,30283,,0.0,0,親友、員工、共有人或其他特殊關係間之交易；,TQSNMLRKQHLGFCB98DA,0.0,0.0,0.0,無,
南屯區,土地,知高段184-34地號,3.14,都市：其他:道路用地,,,1140710,土地1建物0車位0,,,其他,,,,0.0,0,0,0,無,無,95087,30282,,0.0,0,親友、員工、共有人或其他特殊關係間之交易；,UQSNMLRKQHLGFCB09DA,0.0,0.0,0.0,無,
烏日區,房地(土地+建物),臺中市烏日區溪南路一段２３８巷２４３弄１１之３號,77.33,,鄉村區,乙種建築用地,1140515,土地4建物1車位0,全,四層,透天厝,住家用,鋼筋混凝土造,1150416,171.4,4,2,3,有,無,16980000,99067,,0.0,0,預售屋、或土地及建物分件登記案件；,RPWNMLPLQHLGFIB96DA,163.26,0.0,8.14,無,
后里區,房地(土地+建物)+車位,臺中市后里區甲后路三段１４２號八樓之３,28.74,,鄉村區,乙種建築用地,1140427,土地1建物1車位1,八層,九層,華廈(10層含以下有電梯),住家用,鋼筋混凝土造,1150513,139.71,3,2,2,有,有,13790000,109693,坡道平面,27.67,1500000,親友、員工、共有人或其他特殊關係間之交易；預售屋、或土地及建物分件登記案件；,RPPTMLNKPHLGFDB58DA,68.99,0.0,6.05,有,
后里區,房地(土地+建物)+車位,臺中市后里區甲后路三段１３６號八樓之３,28.85,,鄉村區,乙種建築用地,1140427,土地1建物1車位1,八層,九層,華廈(10層含以下有電梯),住家用,鋼筋混凝土造,1150513,137.84,3,2,2,有,有,13830000,109707,坡道平面,25.45,1500000,親友、員工、共有人或其他特殊關係間之交易；預售屋、或土地及建物分件登記案件；,RPRTMLNKPHLGFDB78DA,69.2,0.0,6.06,有,
太平區,房地(土地+建物),臺中市太平區新光路５９之１０號,83.59,都市：其他:住宅區,,,1140401,土地4建物1車位0,全,四層,透天厝,住家用,鋼筋混凝土造,1141022,200.99,4,3,5,有,無,28570000,142146,,0.0,0,預售屋、或土地及建物分件登記案件；,RPTNMLMJRHLGFJB98DA,192.58,0.0,8.41,有,
后里區,房地(土地+建物)+車位,臺中市后里區民生路９８號六樓之２,27.57,都市：其他:住宅區,,,1140224,土地1建物1車位1,六層,十三層,住宅大樓(11層含以上有電梯),住家用,鋼筋混凝土造,1150510,153.65,3,2,2,有,有,16450000,114691,坡道平面,25.48,1750000,預售屋、或土地及建物分件登記案件；,RPOQMLSLPHLGFDB78DA,76.08,0.0,8.54,有,
后里區,房地(土地+建物)+車位,臺中市后里區甲后路三段１４２號四樓之１,28.85,,鄉村區,乙種建築用地,1131202,土地1建物1車位1,四層,九層,華廈(10層含以下有電梯),住家用,鋼筋混凝土造,1150513,140.07,3,2,2,有,有,12300000,96530,坡道平面,27.67,1450000,預售屋、或土地及建物分件登記案件；,RPSPMLNKPHLGFDB48DA,69.2,0.0,6.06,有,
西屯區,房地(土地+建物)+車位,臺中市西屯區青海南街２３３號三樓之１,13.9,都市：其他:第二種住宅區,,,1131130,土地1建物1車位1,三層,二十三層,住宅大樓(11層含以上有電梯),住家用,鋼筋混凝土造,1150407,93.49000000000001,2,1,1,有,有,16280000,194573,坡道機械,15.73,1150000,預售屋、或土地及建物分件登記案件；,RPTNMLLKQHLGFCB18DA,45.08,0.0,4.02,有,
后里區,房地(土地+建物)+車位,臺中市后里區民生路１００號三樓之３,26.62,都市：其他:住宅區,,,1131122,土地1建物1車位1,三層,十三層,住宅大樓(11層含以上有電梯),住家用,鋼筋混凝土造,1150510,149.26,3,2,2,有,有,15300000,109064,坡道平面,25.48,1800000,預售屋、或土地及建物分件登記案件；,RPWOMLSLQHLGFDB86DA,74.05,0.0,7.66,有,
后里區,房地(土地+建物)+車位,臺中市后里區甲后路三段１３８號一樓之８,19.92,,鄉村區,乙種建築用地,1131016,土地1建物1車位1,一層,九層,華廈(10層含以下有電梯),住家用,鋼筋混凝土造,1150513,103.21000000000001,2,2,1,有,有,9880000,109053,坡道平面,25.45,1400000,預售屋、或土地及建物分件登記案件；,RPVNMLPLQHLGFDB98DA,46.35,0.0,5.68,有,
梧棲區,房地(土地+建物)+車位,臺中市梧棲區民和東街９１號二樓之３,24.44,都市：其他:第四種住宅區,,,1130921,土地1建物1車位1,二層,七層,華廈(10層含以下有電梯),住家用,鋼筋混凝土造,1150505,105.3,2,2,1,有,有,7700000,88508,坡道平面,32.99,1300000,,RPUNMLMLQHLGFFB78DA,46.41,0.0,5.27,有,
梧棲區,房地(土地+建物)+車位,臺中市梧棲區中央路一段５３５之１號三樓之９,36.41,都市：其他:農業區,,,1130926,土地1建物1車位1,三層,四層,華廈(10層含以下有電梯),住家用,鋼筋混凝土造,1150623,94.47,2,1,1,有,有,7185100,89331,一樓平面,28.59,1300000,原合約總價新台幣718萬元整，因工程變更追加5100元整，追加後價金為718萬5100元整。預售屋、或土地及建物分件登記案件；,RPPOMLLJRHLGFFB18DA,42.74,0.0,3.58,有,
梧棲區,房地(土地+建物)+車位,臺中市梧棲區中央路一段５３５之１號四樓之７,40.39,都市：其他:農業區,,,1130922,土地1建物1車位1,四層,四層,華廈(10層含以下有電梯),住家用,鋼筋混凝土造,1150623,102.15,2,1,1,有,有,7687000,87507,一樓平面,28.59,1250000,原合約總價新台幣768萬元整，因工程變更追加7000元整，追加後價金為768萬7000元整。預售屋、或土地及建物分件登記案件；,RPQOMLLJRHLGFFB28DA,45.37,0.0,6.32,有,
后里區,房地(土地+建物)+車位,臺中市后里區甲后路三段１３８號四樓之６,22.21,,鄉村區,乙種建築用地,1130809,土地1建物1車位1,四層,九層,華廈(10層含以下有電梯),住家用,鋼筋混凝土造,1150513,114.21000000000001,2,2,2,有,有,9820000,96141,坡道平面,27.67,1500000,預售屋、或土地及建物分件登記案件；,RPPQMLNKPHLGFDB28DA,52.49,0.0,5.4,有,
后里區,房地(土地+建物)+車位,臺中市后里區甲后路三段１３８號四樓之１,28.74,,鄉村區,乙種建築用地,1130726,土地1建物1車位1,四層,九層,華廈(10層含以下有電梯),住家用,鋼筋混凝土造,1150513,139.71,3,2,2,有,有,12200000,95502,坡道平面,27.67,1500000,預售屋、或土地及建物分件登記案件；,RPOQMLNKPHLGFDB18DA,68.99,0.0,6.05,有,
后里區,房地(土地+建物)+車位,臺中市后里區民生路１００號十樓之１,27.44,都市：其他:住宅區,,,1130706,土地1建物1車位1,十層,十三層,住宅大樓(11層含以上有電梯),住家用,鋼筋混凝土造,1150510,153.0,3,2,2,有,有,16700000,118021,坡道平面,25.48,1650000,預售屋、或土地及建物分件登記案件；,RPWOMLTLPHLGFDB86DA,75.9,0.0,8.32,有,
后里區,房地(土地+建物)+車位,臺中市后里區民生路１００號十二樓之２,27.44,都市：其他:住宅區,,,1130717,土地1建物1車位1,十二層,十三層,住宅大樓(11層含以上有電梯),住家用,鋼筋混凝土造,1150510,153.0,3,2,2,有,有,16860000,119668,坡道平面,25.48,1600000,預售屋、或土地及建物分件登記案件；,RPQQMLTLPHLGFDB09DA,75.9,0.0,8.32,有,
后里區,房地(土地+建物)+車位,臺中市后里區甲后路三段１３６號二樓之１,28.85,,鄉村區,乙種建築用地,1130602,土地1建物1車位1,二層,九層,華廈(10層含以下有電梯),住家用,鋼筋混凝土造,1150513,140.06,3,2,2,有,有,11850000,92980,坡道平面,27.67,1400000,預售屋、或土地及建物分件登記案件；,RPVNMLNKPHLGFDB58DA,69.19,0.0,6.06,有,
太平區,房地(土地+建物)+車位,臺中市太平區育才路１７３號十四樓之３,32.96,都市：其他:住宅區,,,1130613,土地1建物1車位2,十四層,十五層,住宅大樓(11層含以上有電梯),住家用,鋼筋混凝土造,1150113,215.6,4,2,2,有,有,20850000,112165,坡道平面,56.46,3000000,預售屋、或土地及建物分件登記案件；,RPSNMLSLQHLGFJB96DA,98.88,0.0,10.0,有,
后里區,房地(土地+建物)+車位,臺中市后里區民生路１００號三樓之６,26.36,都市：其他:住宅區,,,1130602,土地1建物1車位1,三層,十三層,住宅大樓(11層含以上有電梯),住家用,鋼筋混凝土造,1150510,148.06,3,2,2,有,有,14780000,107930,坡道平面,25.48,1550000,預售屋、或土地及建物分件登記案件；,RPROMLRLPHLGFDB78DA,76.12,0.0,4.8,有,
后里區,房地(土地+建物)+車位,臺中市后里區民生路９８號十樓之５,27.57,都市：其他:住宅區,,,1130601,土地1建物1車位1,十層,十三層,住宅大樓(11層含以上有電梯),住家用,鋼筋混凝土造,1150510,153.65,3,2,2,有,有,16700000,117032,坡道平面,25.48,1700000,預售屋、或土地及建物分件登記案件；,RPSPMLTLPHLGFDB56DA,76.08,0.0,8.54,有,
后里區,房地(土地+建物)+車位,臺中市后里區民生路１００號十二樓之１,27.44,都市：其他:住宅區,,,1130603,土地1建物1車位1,十二層,十三層,住宅大樓(11層含以上有電梯),住家用,鋼筋混凝土造,1150510,153.0,3,2,2,有,有,16800000,118413,坡道平面,25.48,1700000,預售屋、或土地及建物分件登記案件；,RPPQMLTLPHLGFDB98DA,75.9,0.0,8.32,有,
后里區,房地(土地+建物)+車位,臺中市后里區甲后路三段１３６號九樓之５,19.92,,鄉村區,乙種建築用地,1130510,土地1建物1車位1,九層,九層,華廈(10層含以下有電梯),住家用,鋼筋混凝土造,1150513,105.43,2,2,1,有,有,9460000,103652,坡道平面,27.67,1400000,預售屋、或土地及建物分件登記案件；,RPPUMLNKPHLGFDB68DA,46.35,0.0,5.68,有,
沙鹿區,房地(土地+建物)+車位,臺中市沙鹿區平等六街８９號五樓之２,31.09,都市：其他:第二種住宅區,,,1130523,土地1建物1車位1,五層,七層,華廈(10層含以下有電梯),住家用,鋼筋混凝土造,1150423,128.75,2,1,2,有,無,15100000,137725,坡道平面,33.27,1950000,含裝潢費1000000元；預售屋、或土地及建物分件登記案件；,RPWNMLQJNHLGFFB88DA,58.85,0.0,3.85,有,
后里區,房地(土地+建物),臺中市后里區九甲五路１８８巷１１號二樓,24.99,,特定農業區,甲種建築用地,1130510,土地1建物1車位0,二層,八層,華廈(10層含以下有電梯),住家用,鋼筋混凝土造,1150316,81.22,2,2,2,有,有,8170000,100591,,0.0,0,預售屋、或土地及建物分件登記案件；,RPRNMLOJOHLGFDB08DA,53.88,0.0,3.46,有,
后里區,房地(土地+建物),臺中市后里區九甲五路１８８巷１５號二樓,24.99,,特定農業區,甲種建築用地,1130516,土地1建物1車位0,二層,八層,華廈(10層含以下有電梯),住家用,鋼筋混凝土造,1150316,81.22,2,2,2,有,有,8220000,101207,,0.0,0,預售屋、或土地及建物分件登記案件；,RPWOMLSLPHLGFDB76DA,53.88,0.0,3.46,有,
后里區,房地(土地+建物)+車位,臺中市后里區民生路１００號六樓之６,26.36,都市：其他:住宅區,,,1130514,土地1建物1車位1,六層,十三層,住宅大樓(11層含以上有電梯),住家用,鋼筋混凝土造,1150510,148.06,3,2,2,有,有,14500000,106053,坡道平面,25.48,1500000,預售屋、或土地及建物分件登記案件；,RPVPMLSLPHLGFDB76DA,76.12,0.0,4.8,有,
后里區,房地(土地+建物)+車位,臺中市后里區民生路１００號十樓之２,27.44,都市：其他:住宅區,,,1130523,土地1建物1車位1,十層,十三層,住宅大樓(11層含以上有電梯),住家用,鋼筋混凝土造,1150510,153.0,3,2,2,有,有,15750000,110571,坡道平面,25.48,1650000,預售屋、或土地及建物分件登記案件；,RPXOMLTLPHLGFDB96DA,75.9,0.0,8.32,有,
后里區,房地(土地+建物)+車位,臺中市后里區民生路１００號八樓之３,26.62,都市：其他:住宅區,,,1130410,土地1建物1車位1,八層,十三層,住宅大樓(11層含以上有電梯),住家用,鋼筋混凝土造,1150510,149.26,3,2,2,有,有,15310000,110357,坡道平面,25.48,1650000,預售屋、或土地及建物分件登記案件；,RPVQMLSLPHLGFDB86DA,74.05,0.0,7.66,有,
后里區,房地(土地+建物)+車位,臺中市后里區民生路１００號七樓之３,26.62,都市：其他:住宅區,,,1130411,土地1建物1車位1,七層,十三層,住宅大樓(11層含以上有電梯),住家用,鋼筋混凝土造,1150510,149.26,3,2,2,有,有,15140000,109388,坡道平面,25.48,1600000,預售屋、或土地及建物分件登記案件；,RPOPMLSLQHLGFDB78DA,74.05,0.0,7.66,有,
后里區,房地(土地+建物)+車位,臺中市后里區甲后路三段１４０號六樓之５,19.92,,鄉村區,乙種建築用地,1130307,土地1建物1車位1,六層,九層,華廈(10層含以下有電梯),住家用,鋼筋混凝土造,1150513,105.43,2,2,1,有,有,8600000,92593,坡道平面,27.67,1400000,預售屋、或土地及建物分件登記案件；,RPWRMLNKPHLGFDB09DA,46.35,0.0,5.68,有,
沙鹿區,房地(土地+建物)+車位,臺中市沙鹿區平等六街８５號二樓之３,40.02,都市：其他:第二種住宅區,,,1130327,土地1建物1車位1,二層,七層,華廈(10層含以下有電梯),住家用,鋼筋混凝土造,1150423,156.19,3,1,2,有,無,15350000,109014,坡道平面,33.27,1950000,預售屋、或土地及建物分件登記案件；,RPTOMLOJNHLGFFB48DA,76.84,0.0,3.94,有,
大雅區,房地(土地+建物),臺中市大雅區振興路８９號,77.37,都市：其他:農業區,,,1130328,土地2建物1車位0,全,四層,透天厝,住家用,鋼筋混凝土造,1150206,175.58,4,2,6,有,無,19830000,112940,,0.0,0,預售屋、或土地及建物分件登記案件；,RPRNMLKKPHLGFHB28DA,159.71,0.0,15.87,無,
大雅區,房地(土地+建物),臺中市大雅區振興路８９之２號,80.93,都市：其他:農業區,,,1130322,土地2建物1車位0,全,四層,透天厝,住家用,鋼筋混凝土造,1150206,203.37,4,2,6,有,無,24950000,122683,,0.0,0,預售屋、或土地及建物分件登記案件；,RPTNMLKKPHLGFHB48DA,186.31,0.0,17.06,有,
大雅區,房地(土地+建物),臺中市大雅區振興路９１之２號,81.13,都市：其他:農業區,,,1130325,土地2建物1車位0,全,四層,透天厝,住家用,鋼筋混凝土造,1150206,204.7,4,2,6,有,無,25150000,122863,,0.0,0,預售屋、或土地及建物分件登記案件；,RPXNMLKKPHLGFHB88DA,187.72,0.0,16.98,有,
大雅區,土地,山德段1076地號,6.65,都市：其他:農業區,,,1130328,土地1建物0車位0,,,其他,,,,0.0,0,0,0,無,無,50000,7519,,0.0,0,,RPPOMLKKPHLGFHB18DA,0.0,0.0,0.0,無,132
大雅區,土地,山德段1076地號,10.52,都市：其他:農業區,,,1130322,土地1建物0車位0,,,其他,,,,0.0,0,0,0,無,無,50000,4753,,0.0,0,,RPROMLKKPHLGFHB38DA,0.0,0.0,0.0,無,132
大雅區,土地,山德段1076地號,11.61,都市：其他:農業區,,,1130325,土地1建物0車位0,,,其他,,,,0.0,0,0,0,無,無,50000,4307,,0.0,0,,RPUOMLKKPHLGFHB68DA,0.0,0.0,0.0,無,132
梧棲區,房地(土地+建物)+車位,臺中市梧棲區文心街２１巷８５號四樓之５,30.06,都市：其他:第四種住宅區,,,1130305,土地1建物1車位1,四層,六層,華廈(10層含以下有電梯),住家用,鋼筋混凝土造,1150212,106.38999999999999,2,1,2,有,有,9220000,87209,坡道機械,11.56,950000,預售屋、或土地及建物分件登記案件；,RPQOMLRKQHLGFFB88DA,56.09,0.0,8.32,有,
梧棲區,房地(土地+建物)+車位,臺中市梧棲區文心街２１巷８５號六樓之５,30.06,都市：其他:第四種住宅區,,,1130305,土地1建物1車位1,六層,六層,華廈(10層含以下有電梯),住家用,鋼筋混凝土造,1150212,106.38999999999999,2,1,2,有,有,9280000,87841,坡道機械,11.56,950000,預售屋、或土地及建物分件登記案件；,RPPOMLRKQHLGFFB78DA,56.09,0.0,8.32,有,
烏日區,房地(土地+建物)+車位,臺中市烏日區日新街５６巷３號十一樓之５,29.73,都市：其他:第三種住宅區。,,,1130324,土地1建物1車位2,十一層,十一層,住宅大樓(11層含以上有電梯),住家用,鋼筋混凝土造,1150513,175.47,3,2,2,有,有,18620000,120186,坡道平面,50.58,3610000,預售屋、或土地及建物分件登記案件；,RPUOMLOLPHLGFIB66DA,73.8,0.0,7.58,有,
西屯區,房地(土地+建物)+車位,臺中市西屯區中清路二段１２５０巷３５號三樓之６,14.61,都市：其他:第二種住宅區,,,1130307,土地4建物1車位1,三層,六層,華廈(10層含以下有電梯),住家用,鋼筋混凝土造,1150512,73.32,2,1,1,有,有,13800000,194515,升降機械,10.6,1600000,預售屋、或土地及建物分件登記案件；,RPXTMLLMQHLGFCB76DA,30.58,0.0,7.07,有,
后里區,房地(土地+建物)+車位,臺中市后里區民生路９８號九樓之５,27.57,都市：其他:住宅區,,,1130306,土地1建物1車位1,九層,十三層,住宅大樓(11層含以上有電梯),住家用,鋼筋混凝土造,1150510,153.65,3,2,2,有,有,15940000,111883,坡道平面,25.48,1600000,預售屋、或土地及建物分件登記案件；,RPQPMLSLQHLGFDB98DA,76.08,0.0,8.54,有,
西屯區,房地(土地+建物)+車位,臺中市西屯區朝馬二街８號十樓之１,29.16,都市：其他:第二種住宅區,,,1130224,土地1建物1車位2,十層,十二層,住宅大樓(11層含以上有電梯),住家用,鋼筋混凝土造,1141124,231.01,3,2,2,有,有,33730000,192365,坡道平面,77.5,4200000,預售屋、或土地及建物分件登記案件；,RPWNMLSKQHLGFCB56DA,89.21,0.0,12.42,有,
西屯區,房地(土地+建物)+車位,臺中市西屯區同志巷６０之２５號,76.18,都市：其他:農業區,,,1130206,土地4建物1車位1,全,四層,透天厝,住家用,鋼筋混凝土造,1150212,239.95,4,3,5,有,無,29300000,122109,一樓平面,0.0,0,預售屋、或土地及建物分件登記案件；,RPPPMLTLOHLGFCB68DA,230.57,0.0,9.31,有,
東勢區,房地(土地+建物),臺中市東勢區東關路六段２９０號,84.41,都市：其他:住宅區,,,1130227,土地1建物1車位0,全,四層,透天厝,住商用,鋼筋混凝土造,1140627,200.82,3,3,4,有,無,16800000,83657,,0.0,0,未登記建物；預售屋、或土地及建物分件登記案件；,RPPNMLMJQHLGFGB18DA,182.56,0.0,18.26,無,
后里區,房地(土地+建物)+車位,臺中市后里區民生路９８號十一樓之１,26.33,都市：其他:住宅區,,,1130214,土地1建物1車位2,十一層,十三層,住宅大樓(11層含以上有電梯),住家用,鋼筋混凝土造,1150510,173.29000000000002,3,2,2,有,有,16780000,112237,坡道平面,50.96,3050000,預售屋、或土地及建物分件登記案件；,RPSPMLSLQHLGFDB56DA,75.96,0.0,4.8,有,
西屯區,房地(土地+建物)+車位,臺中市西屯區同志巷６０之１０號,163.7,都市：其他:農業區,,,1130128,土地6建物1車位2,全,四層,透天厝,住家用,鋼筋混凝土造,1150212,234.17,5,3,6,有,無,31200000,133237,一樓平面,0.0,0,預售屋、或土地及建物分件登記案件；,RPORMLMJPHLGFCB97DA,223.26,0.0,10.84,有,
烏日區,房地(土地+建物)+車位,臺中市烏日區日新街５６巷３號七樓之５,29.73,都市：其他:第三種住宅區。,,,1130121,土地1建物1車位1,七層,十一層,住宅大樓(11層含以上有電梯),住家用,鋼筋混凝土造,1150513,150.18,3,2,2,有,有,16670000,119065,坡道平面,25.29,1800000,預售屋、或土地及建物分件登記案件；,RPPTMLOJPHLGFIB09DA,73.8,0.0,7.58,有,
烏日區,房地(土地+建物)+車位,臺中市烏日區日新街５６巷１號九樓之３,29.99,都市：其他:第三種住宅區。,,,1130126,土地1建物1車位1,九層,十一層,住宅大樓(11層含以上有電梯),住家用,鋼筋混凝土造,1150513,151.3,3,2,2,有,有,16930000,119673,坡道平面,25.29,1850000,預售屋、或土地及建物分件登記案件；,RPROMLOLPHLGFIB98DA,74.98,0.0,7.13,有,
后里區,房地(土地+建物),臺中市后里區九甲五路１８８巷１１號七樓,24.99,,特定農業區,甲種建築用地,1121225,土地1建物1車位0,七層,八層,華廈(10層含以下有電梯),住家用,鋼筋混凝土造,1150316,81.22,2,2,2,有,有,8100000,99729,,0.0,0,預售屋、或土地及建物分件登記案件；,RPOPMLSLPHLGFDB68DA,53.88,0.0,3.46,有,
沙鹿區,房地(土地+建物)+車位,臺中市沙鹿區台灣大道七段５１２巷１８２號十樓之６,23.37,都市：其他:第三種住宅區。,,,1121208,土地2建物1車位1,十層,十二層,住宅大樓(11層含以上有電梯),住家用,鋼筋混凝土造,1150603,150.94,3,2,2,有,有,12300000,86332,坡道平面,27.0,1600000,原承買人於115.04.27讓渡，讓渡房地總價為新臺幣1230萬元整。預售屋、或土地及建物分件登記案件；,RPSQMLLLPHLGFFB68DA,75.18,0.0,6.38,有,
沙鹿區,房地(土地+建物)+車位,臺中市沙鹿區台灣大道七段５１２巷１８２號十一樓之６,23.37,都市：其他:第三種住宅區。,,,1121202,土地2建物1車位1,十一層,十二層,住宅大樓(11層含以上有電梯),住家用,鋼筋混凝土造,1150603,150.94,3,2,2,有,有,12350000,86736,坡道平面,27.0,1600000,預售屋、或土地及建物分件登記案件；,RPVNMLRJQHLGFFB56DA,75.18,0.0,6.38,有,
西屯區,房地(土地+建物)+車位,臺中市西屯區青海南街２３３號十七樓之１,13.95,都市：其他:第二種住宅區,,,1121216,土地1建物1車位1,十七層,二十三層,住宅大樓(11層含以上有電梯),住家用,鋼筋混凝土造,1150407,93.78,2,1,1,有,有,15800000,186419,坡道機械,15.73,1250000,預售屋、或土地及建物分件登記案件；,RPUOMLOKQHLGFCB68DA,45.23,0.0,4.02,有,
西屯區,房地(土地+建物)+車位,臺中市西屯區中清路二段１２５０巷３５號四樓之３,14.21,都市：其他:第二種住宅區,,,1121224,土地4建物1車位1,四層,六層,華廈(10層含以下有電梯),住家用,鋼筋混凝土造,1150512,70.53999999999999,1,1,1,有,有,12600000,183517,升降機械,10.6,1600000,預售屋、或土地及建物分件登記案件；,RPOUMLLMQHLGFCB58DA,32.06,0.0,3.92,有,
后里區,房地(土地+建物)+車位,臺中市后里區民生路９８號七樓之３,26.39,都市：其他:住宅區,,,1121217,土地1建物1車位1,七層,十三層,住宅大樓(11層含以上有電梯),住家用,鋼筋混凝土造,1150510,148.07999999999998,3,2,2,有,有,14500000,105628,坡道平面,25.48,1550000,預售屋、或土地及建物分件登記案件；,RPSQMLSLPHLGFDB56DA,76.14,0.0,4.8,有,
沙鹿區,房地(土地+建物)+車位,臺中市沙鹿區台灣大道七段５１２巷１８２號二樓之６,23.25,都市：其他:第三種住宅區。,,,1121125,土地2建物1車位1,二層,十二層,住宅大樓(11層含以上有電梯),住家用,鋼筋混凝土造,1150603,150.33,3,2,2,有,有,11470000,80435,坡道平面,27.0,1550000,預售屋、或土地及建物分件登記案件；,RPUOMLRKPHLGFFB56DA,75.18,0.0,6.0,有,
沙鹿區,房地(土地+建物)+車位,臺中市沙鹿區台灣大道七段５１２巷１８２號四樓之７,23.95,都市：其他:第三種住宅區。,,,1121102,土地2建物1車位1,四層,十二層,住宅大樓(11層含以上有電梯),住家用,鋼筋混凝土造,1150603,154.17000000000002,3,2,2,有,有,11670000,79185,坡道平面,27.0,1600000,預售屋、或土地及建物分件登記案件；,RPOQMLRKPHLGFFB78DA,77.31,0.0,6.38,有,
沙鹿區,房地(土地+建物)+車位,臺中市沙鹿區台灣大道七段５１２巷１８２號五樓之７,23.95,都市：其他:第三種住宅區。,,,1121117,土地2建物1車位1,五層,十二層,住宅大樓(11層含以上有電梯),住家用,鋼筋混凝土造,1150603,154.17000000000002,3,2,2,有,有,12300000,84139,坡道平面,27.0,1600000,原承買人於115.05.14指定配偶登記名義人預售屋、或土地及建物分件登記案件；,RPVQMLRKPHLGFFB86DA,77.31,0.0,6.38,有,
烏日區,房地(土地+建物)+車位,臺中市烏日區日新街５６巷１號七樓之５,29.99,都市：其他:第三種住宅區。,,,1121119,土地1建物1車位1,七層,十一層,住宅大樓(11層含以上有電梯),住家用,鋼筋混凝土造,1150513,151.3,3,2,2,有,有,16660000,117927,坡道平面,25.29,1800000,預售屋、或土地及建物分件登記案件；,RPPQMLOJPHLGFIB78DA,74.98,0.0,7.13,有,
烏日區,房地(土地+建物)+車位,臺中市烏日區日新街５６巷１號九樓之１,32.86,都市：其他:第三種住宅區。,,,1121119,土地1建物1車位1,九層,十一層,住宅大樓(11層含以上有電梯),住家用,鋼筋混凝土造,1150513,163.88,3,2,2,有,有,17950000,117930,坡道平面,26.51,1750000,預售屋、或土地及建物分件登記案件；,RPWTMLOJPHLGFIB17DA,81.97,0.0,7.52,有,
沙鹿區,房地(土地+建物)+車位,臺中市沙鹿區東晉一街６１號六樓之７,35.21,都市：其他:第二種住宅區,,,1121103,土地1建物1車位1,六層,六層,華廈(10層含以下有電梯),住家用,鋼筋混凝土造,1150318,123.09,2,2,2,有,有,9680000,102785,坡道平面,43.02,1450000,預售屋、或土地及建物分件登記案件；,RPSRMLTLMHLGFFB66DA,46.62,0.0,6.32,有,
后里區,房地(土地+建物)+車位,臺中市后里區甲后路三段１３６號四樓之５,19.92,,鄉村區,乙種建築用地,1121011,土地1建物1車位1,四層,九層,華廈(10層含以下有電梯),住家用,鋼筋混凝土造,1150513,105.43,2,2,1,有,有,8550000,91950,坡道平面,27.67,1400000,預售屋、或土地及建物分件登記案件；,RPWPMLNKPHLGFDB88DA,46.35,0.0,5.68,有,
后里區,房地(土地+建物),臺中市后里區九甲五路１８８巷９號六樓,24.99,,特定農業區,甲種建築用地,1121017,土地1建物1車位0,六層,八層,華廈(10層含以下有電梯),住家用,鋼筋混凝土造,1150316,81.22,2,2,2,有,有,7800000,96035,,0.0,0,預售屋、或土地及建物分件登記案件；,RPVOMLSLPHLGFDB66DA,53.88,0.0,3.46,有,
后里區,房地(土地+建物),臺中市后里區九甲五路１８８巷９號五樓,24.99,,特定農業區,甲種建築用地,1121010,土地1建物1車位0,五層,八層,華廈(10層含以下有電梯),住家用,鋼筋混凝土造,1150316,81.22,2,2,2,有,有,7700000,94804,,0.0,0,預售屋、或土地及建物分件登記案件；,RPXOMLSLPHLGFDB86DA,53.88,0.0,3.46,有,
沙鹿區,房地(土地+建物)+車位,臺中市沙鹿區台灣大道七段５１２巷１８２號二樓之１,23.83,都市：其他:第三種住宅區。,,,1121027,土地2建物1車位1,二層,十二層,住宅大樓(11層含以上有電梯),住家用,鋼筋混凝土造,1150603,153.56,3,2,2,有,有,11300000,77829,坡道平面,27.0,1450000,預售屋、或土地及建物分件登記案件；,RPQOMLRKPHLGFFB78DA,77.31,0.0,6.0,有,
沙鹿區,房地(土地+建物)+車位,臺中市沙鹿區台灣大道七段５１２巷１８２號三樓之１,23.95,都市：其他:第三種住宅區。,,,1121002,土地2建物1車位1,三層,十二層,住宅大樓(11層含以上有電梯),住家用,鋼筋混凝土造,1150603,154.17000000000002,3,2,2,有,有,11380000,78084,坡道平面,27.0,1450000,預售屋、或土地及建物分件登記案件；,RPXOMLRKPHLGFFB86DA,77.31,0.0,6.38,有,
沙鹿區,房地(土地+建物)+車位,臺中市沙鹿區台灣大道七段５１２巷１８２號十樓之２,23.4,都市：其他:第三種住宅區。,,,1121022,土地2建物1車位1,十層,十二層,住宅大樓(11層含以上有電梯),住家用,鋼筋混凝土造,1150603,151.06,3,2,2,有,有,12350000,86652,坡道平面,27.0,1600000,預售屋、或土地及建物分件登記案件；,RPOQMLLLPHLGFFB28DA,75.26,0.0,6.38,有,
烏日區,房地(土地+建物)+車位,臺中市烏日區日新街５６巷３號二樓之１,32.07,都市：其他:第三種住宅區。,,,1121008,土地1建物1車位1,二層,十一層,住宅大樓(11層含以上有電梯),住家用,鋼筋混凝土造,1150513,159.26999999999998,3,2,2,有,有,16220000,108374,坡道平面,25.29,1700000,預售屋、或土地及建物分件登記案件；,RPTQMLOJPHLGFIB56DA,80.19,0.0,7.13,有,
烏日區,房地(土地+建物)+車位,臺中市烏日區日新街５６巷３號二樓之２,32.07,都市：其他:第三種住宅區。,,,1121027,土地1建物1車位1,二層,十一層,住宅大樓(11層含以上有電梯),住家用,鋼筋混凝土造,1150513,159.44,3,2,2,有,有,16400000,108833,坡道平面,25.29,1800000,115.03.26預售屋讓渡，讓渡關係:配偶。預售屋、或土地及建物分件登記案件；,RPSOMLOLPHLGFIB09DA,80.24,0.0,7.13,有,
太平區,房地(土地+建物)+車位,臺中市太平區新平路三段２２７號九樓之１,30.83,都市：其他:住宅區,,,1121020,土地1建物1車位1,九層,十四層,住宅大樓(11層含以上有電梯),住家用,鋼筋混凝土造,1150527,145.76,3,2,2,有,有,14910000,115534,坡道平面,32.72,1850000,預售屋、或土地及建物分件登記案件；,RPPNMLNKQHLGFJB68DA,67.4,0.0,7.23,有,
太平區,房地(土地+建物)+車位,臺中市太平區新平路三段２２７號十樓之８,29.88,都市：其他:住宅區,,,1121019,土地1建物1車位1,十層,十四層,住宅大樓(11層含以上有電梯),住家用,鋼筋混凝土造,1150527,142.29000000000002,3,2,2,有,有,14330000,115269,坡道平面,32.72,1700000,預售屋、或土地及建物分件登記案件；,RPSNMLLLQHLGFJB88DA,65.11,0.0,7.23,有,
太平區,房地(土地+建物)+車位,臺中市太平區新平路三段２２７號八樓之８,29.88,都市：其他:住宅區,,,1121020,土地1建物1車位1,八層,十四層,住宅大樓(11層含以上有電梯),住家用,鋼筋混凝土造,1150527,142.29000000000002,3,2,2,有,有,14340000,113991,坡道平面,32.72,1850000,預售屋、或土地及建物分件登記案件；,RPTNMLLLQHLGFJB98DA,65.11,0.0,7.23,有,
沙鹿區,房地(土地+建物)+車位,臺中市沙鹿區光明街２２０號十五樓之３,29.24,都市：其他:第四種住宅區,,,1121023,土地1建物1車位1,十五層,十五層,住宅大樓(11層含以上有電梯),住家用,鋼筋混凝土造,1150513,139.98,3,2,2,有,有,10280000,82900,坡道平面,32.26,1350000,1. 本申報書地政士僅受託買賣案件申請登記，並未代理撰擬不動產買賣契約書，本成交資訊係由買賣雙方提供屬實。2. 於民國115年1月27日預售屋讓渡給姐姐，讓渡價格不變 3.於民國115年4月22日預售屋讓渡給配偶，讓渡價格不變。預售屋、或土地及建物分件登記案件；,RPTPMLLJOHLGFFB38DA,68.84,0.0,3.32,有,
沙鹿區,房地(土地+建物)+車位,臺中市沙鹿區光明街２２０號二樓之３,29.72,都市：其他:第四種住宅區,,,1121023,土地1建物1車位1,二層,十五層,住宅大樓(11層含以上有電梯),住家用,鋼筋混凝土造,1150513,139.62,3,2,2,有,有,10250000,81256,坡道平面,30.09,1350000,1. 本申報書地政士僅受託買賣案件申請登記，並未代理撰擬不動產買賣契約書，本成交資訊係由買賣雙方提供屬實。2.於民國115年6月29日有買受人與其配偶，直系血親或二親等內旁系血親之讓與，其讓渡價格不變。預售屋、或土地及建物分件登記案件；,RPUNMLKMOHLGFFB48DA,68.78,0.0,4.61,有,
西屯區,房地(土地+建物)+車位,臺中市西屯區惠中三街５８號十九樓之３,7.06,都市：其他:第七種新市政中心專用區,,,1121004,土地1建物1車位1,十九層,二十七層,住宅大樓(11層含以上有電梯),住家用,鋼骨鋼筋混凝土造、鋼筋混凝土造,1150622,107.25,2,2,2,有,有,20270000,227471,坡道平面,29.13,2500000,預售屋、或土地及建物分件登記案件；,RPRQMLMKQHLGFCB38DA,46.2,0.0,4.57,有,
烏日區,房地(土地+建物)+車位,臺中市烏日區日新街５６巷３號八樓之１,32.07,都市：其他:第三種住宅區。,,,1120916,土地1建物1車位2,八層,十一層,住宅大樓(11層含以上有電梯),住家用,鋼筋混凝土造,1150513,184.55,3,2,2,有,有,19050000,116817,坡道平面,50.58,3400000,預售屋、或土地及建物分件登記案件；,RPXQMLOJPHLGFIB96DA,80.19,0.0,7.13,有,
沙鹿區,房地(土地+建物)+車位,臺中市沙鹿區光明街２２０號十二樓之６,29.7,都市：其他:第四種住宅區,,,1120911,土地1建物1車位1,十二層,十五層,住宅大樓(11層含以上有電梯),住家用,鋼筋混凝土造,1150513,141.61,3,2,2,有,有,10500000,83676,坡道平面,32.26,1350000,預售屋、或土地及建物分件登記案件；,RPXRMLSLNHLGFFB17DA,69.71,0.0,3.57,有,
西屯區,房地(土地+建物)+車位,臺中市西屯區惠中三街５８號十一樓之５,7.79,都市：其他:第七種新市政中心專用區,,,1120910,土地1建物1車位1,十一層,二十七層,住宅大樓(11層含以上有電梯),住家用,鋼骨鋼筋混凝土造、鋼筋混凝土造,1150622,118.11,2,2,2,有,有,20430000,208584,坡道平面,31.67,2400000,預售屋、或土地及建物分件登記案件；,RPVQMLMKQHLGFCB78DA,52.41,0.0,3.77,有,
西屯區,房地(土地+建物)+車位,臺中市西屯區惠中三街５８號十四樓之６,7.79,都市：其他:第七種新市政中心專用區,,,1120921,土地1建物1車位1,十四層,二十七層,住宅大樓(11層含以上有電梯),住家用,鋼骨鋼筋混凝土造、鋼筋混凝土造,1150622,118.11,2,2,2,有,有,20640000,211013,坡道平面,31.67,2400000,預售屋、或土地及建物分件登記案件；,RPTRMLMKQHLGFCB68DA,52.41,0.0,3.77,有,
西屯區,房地(土地+建物)+車位,臺中市西屯區惠中三街５８號五樓之９,11.37,都市：其他:第七種新市政中心專用區,,,1120906,土地1建物1車位1,五層,二十七層,住宅大樓(11層含以上有電梯),住家用,鋼骨鋼筋混凝土造、鋼筋混凝土造,1150622,157.91,2,2,2,有,有,30180000,218473,坡道平面,31.67,2600000,預售屋、或土地及建物分件登記案件；,RPVSMLMKQHLGFCB98DA,77.49,0.0,4.56,有,
西屯區,房地(土地+建物)+車位,臺中市西屯區惠中三街５６號五樓之１,7.65,都市：其他:第七種新市政中心專用區,,,1120929,土地1建物1車位1,五層,二十七層,住宅大樓(11層含以上有電梯),住家用,鋼骨鋼筋混凝土造、鋼筋混凝土造,1150622,116.52,2,2,2,有,有,19900000,207400,坡道平面,31.67,2300000,預售屋、或土地及建物分件登記案件；,RPXTMLMKQHLGFCB66DA,51.38,0.0,3.77,有,
西屯區,房地(土地+建物)+車位,臺中市西屯區惠中三街５６號二十五樓之２,7.06,都市：其他:第七種新市政中心專用區,,,1120910,土地1建物1車位1,二十五層,二十七層,住宅大樓(11層含以上有電梯),住家用,鋼骨鋼筋混凝土造、鋼筋混凝土造,1150622,109.79,2,2,2,有,有,20850000,232335,坡道平面,31.67,2700000,預售屋、或土地及建物分件登記案件；,RPSVMLMKQHLGFCB98DA,46.2,0.0,4.57,有,
西屯區,房地(土地+建物)+車位,臺中市西屯區惠中三街５６號五樓之３,7.08,都市：其他:第七種新市政中心專用區,,,1120922,土地1建物1車位1,五層,二十七層,住宅大樓(11層含以上有電梯),住家用,鋼骨鋼筋混凝土造、鋼筋混凝土造,1150622,109.98,2,2,2,有,有,19460000,219129,坡道平面,31.67,2300000,預售屋、或土地及建物分件登記案件；,RPTVMLMKQHLGFCB09DA,46.32,0.0,4.57,有,
西屯區,房地(土地+建物)+車位,臺中市西屯區惠中三街５６號十四樓之３,7.06,都市：其他:第七種新市政中心專用區,,,1120920,土地1建物1車位1,十四層,二十七層,住宅大樓(11層含以上有電梯),住家用,鋼骨鋼筋混凝土造、鋼筋混凝土造,1150622,109.79,2,2,2,有,有,19940000,224526,坡道平面,31.67,2400000,預售屋、或土地及建物分件登記案件；,RPXVMLMKQHLGFCB86DA,46.2,0.0,4.57,有,
西屯區,房地(土地+建物)+車位,臺中市西屯區惠中三街５６號二十樓之３,7.06,都市：其他:第七種新市政中心專用區,,,1120909,土地1建物1車位1,二十層,二十七層,住宅大樓(11層含以上有電梯),住家用,鋼骨鋼筋混凝土造、鋼筋混凝土造,1150622,109.79,2,2,2,有,有,20320000,228111,坡道平面,31.67,2500000,預售屋、或土地及建物分件登記案件；,RPOWMLMKQHLGFCB68DA,46.2,0.0,4.57,有,
西屯區,房地(土地+建物)+車位,臺中市西屯區惠中三街５６號二十七樓之５,7.79,都市：其他:第七種新市政中心專用區,,,1120916,土地1建物1車位1,二十七層,二十七層,住宅大樓(11層含以上有電梯),住家用,鋼骨鋼筋混凝土造、鋼筋混凝土造,1150622,118.11,2,2,2,有,有,21580000,218417,坡道平面,31.67,2700000,預售屋、或土地及建物分件登記案件；,RPVWMLMKQHLGFCB76DA,52.41,0.0,3.77,有,
西屯區,房地(土地+建物)+車位,臺中市西屯區惠中三街５６號十三樓之８,7.06,都市：其他:第七種新市政中心專用區,,,1120917,土地1建物1車位1,十三層,二十七層,住宅大樓(11層含以上有電梯),住家用,鋼骨鋼筋混凝土造、鋼筋混凝土造,1150622,109.79,2,2,2,有,有,19820000,222990,坡道平面,31.67,2400000,預售屋、或土地及建物分件登記案件；,RPQONLMKQHLGFCB18DA,46.2,0.0,4.57,有,
西屯區,房地(土地+建物)+車位,臺中市西屯區惠中三街５６號十四樓之８,7.06,都市：其他:第七種新市政中心專用區,,,1120918,土地1建物1車位1,十四層,二十七層,住宅大樓(11層含以上有電梯),住家用,鋼骨鋼筋混凝土造、鋼筋混凝土造,1150622,109.79,2,2,2,有,有,19870000,223630,坡道平面,31.67,2400000,預售屋、或土地及建物分件登記案件；,RPRONLMKQHLGFCB28DA,46.2,0.0,4.57,有,
西屯區,房地(土地+建物)+車位,臺中市西屯區惠中三街５６號十八樓之８,7.06,都市：其他:第七種新市政中心專用區,,,1120911,土地1建物1車位1,十八層,二十七層,住宅大樓(11層含以上有電梯),住家用,鋼骨鋼筋混凝土造、鋼筋混凝土造,1150622,109.79,2,2,2,有,有,20160000,226062,坡道平面,31.67,2500000,預售屋、或土地及建物分件登記案件；,RPTONLMKQHLGFCB48DA,46.2,0.0,4.57,有,
西屯區,房地(土地+建物)+車位,臺中市西屯區惠中三街５６號八樓之９,7.65,都市：其他:第七種新市政中心專用區,,,1120909,土地1建物1車位1,八層,二十七層,住宅大樓(11層含以上有電梯),住家用,鋼骨鋼筋混凝土造、鋼筋混凝土造,1150622,116.52,2,2,2,有,有,20030000,208932,坡道平面,31.67,2300000,預售屋、或土地及建物分件登記案件；,RPPPNLMKQHLGFCB18DA,51.38,0.0,3.77,有,
西屯區,房地(土地+建物)+車位,臺中市西屯區惠中三街５６號二十樓之９,7.7,都市：其他:第七種新市政中心專用區,,,1120906,土地1建物1車位1,二十層,二十七層,住宅大樓(11層含以上有電梯),住家用,鋼骨鋼筋混凝土造、鋼筋混凝土造,1150622,117.16,2,2,2,有,有,20970000,216049,坡道平面,31.67,2500000,預售屋、或土地及建物分件登記案件；,RPVPNLMKQHLGFCB78DA,51.78,0.0,3.77,有,
梧棲區,房地(土地+建物)+車位,臺中市梧棲區民和東街９１號二樓之１,30.74,都市：其他:第四種住宅區,,,1120925,土地1建物1車位1,二層,七層,華廈(10層含以下有電梯),住家用,鋼筋混凝土造,1150505,123.85000000000001,2,2,1,有,有,8370000,80013,坡道平面,32.99,1100000,115.08.03  讓渡,RPSNMLQLQHLGFFB98DA,59.08,0.0,5.85,有,
后里區,房地(土地+建物)+車位,臺中市后里區民生路１２６號,31.92,都市：其他:住宅區,,,1120926,土地1建物1車位1,一層，二層,十三層,住宅大樓(11層含以上有電梯),商業用,鋼筋混凝土造,1150510,161.18,3,2,2,有,有,19100000,128224,坡道平面,25.48,1700000,預售屋、或土地及建物分件登記案件；,RPVOMLSLQHLGFDB76DA,91.43,0.0,6.31,有,
沙鹿區,房地(土地+建物)+車位,臺中市沙鹿區台灣大道七段５１２巷１８２號九樓之２,23.4,都市：其他:第三種住宅區。,,,1120830,土地2建物1車位1,九層,十二層,住宅大樓(11層含以上有電梯),住家用,鋼筋混凝土造,1150603,151.06,3,2,2,有,有,11880000,82863,坡道平面,27.0,1600000,預售屋、或土地及建物分件登記案件；,RPRPMLLLPHLGFFB48DA,75.26,0.0,6.38,有,
沙鹿區,房地(土地+建物)+車位,臺中市沙鹿區台灣大道七段５１２巷１８２號十樓之３,16.62,都市：其他:第三種住宅區。,,,1120820,土地2建物1車位1,十層,十二層,住宅大樓(11層含以上有電梯),住家用,鋼筋混凝土造,1150603,113.02000000000001,2,2,1,有,有,9470000,91490,坡道平面,27.0,1600000,預售屋、或土地及建物分件登記案件；,RPPQMLLLPHLGFFB38DA,51.87,0.0,4.72,有,
梧棲區,房地(土地+建物)+車位,臺中市梧棲區民和東街９１號二樓之２,30.68,都市：其他:第四種住宅區,,,1120819,土地1建物1車位1,二層,七層,華廈(10層含以下有電梯),住家用,鋼筋混凝土造,1150505,125.61,2,2,1,有,有,8550000,80876,坡道平面,34.73,1200000,,RPTNMLMLQHLGFFB68DA,59.19,0.0,5.81,有,
烏日區,房地(土地+建物)+車位,臺中市烏日區日新街５６巷１號八樓之２,32.86,都市：其他:第三種住宅區。,,,1120815,土地1建物1車位1,八層,十一層,住宅大樓(11層含以上有電梯),住家用,鋼筋混凝土造,1150513,162.53,3,2,2,有,有,17350000,114034,坡道平面,25.29,1700000,預售屋、或土地及建物分件登記案件；,RPUOMLOJPHLGFIB09DA,81.91,0.0,7.52,有,
烏日區,房地(土地+建物)+車位,臺中市烏日區日新街５６巷１號四樓之５,29.99,都市：其他:第三種住宅區。,,,1120825,土地1建物1車位1,四層,十一層,住宅大樓(11層含以上有電梯),住家用,鋼筋混凝土造,1150513,151.3,3,2,2,有,有,15030000,105785,坡道平面,25.29,1700000,預售屋、或土地及建物分件登記案件；,RPSPMLOLPHLGFIB56DA,74.98,0.0,7.13,有,
東勢區,房地(土地+建物),臺中市東勢區東關路六段２６２巷３５號,100.25,都市：其他:住宅區,,,1120826,土地5建物1車位0,全,四層,透天厝,住家用,鋼筋混凝土造,1141023,174.72,3,2,3,有,有,13500000,77266,,0.0,0,陽台外推；預售屋、或土地及建物分件登記案件；,RPSNMLNJRHLGFGB68DA,157.05,0.0,17.67,無,
后里區,房地(土地+建物)+車位,臺中市后里區民生路１００號九樓之３,26.62,都市：其他:住宅區,,,1120820,土地1建物1車位1,九層,十三層,住宅大樓(11層含以上有電梯),住家用,鋼筋混凝土造,1150510,149.26,3,2,2,有,有,15300000,111488,坡道平面,25.48,1500000,預售屋、或土地及建物分件登記案件；,RPPPMLSLQHLGFDB88DA,74.05,0.0,7.66,有,
后里區,房地(土地+建物)+車位,臺中市后里區民生路１００號十三樓之１,27.44,都市：其他:住宅區,,,1120826,土地1建物1車位1,十三層,十三層,住宅大樓(11層含以上有電梯),住家用,鋼筋混凝土造,1150510,153.0,3,2,2,有,有,16150000,114884,坡道平面,25.48,1500000,預售屋、或土地及建物分件登記案件；,RPTPMLSLQHLGFDB66DA,75.9,0.0,8.32,有,
沙鹿區,房地(土地+建物)+車位,臺中市沙鹿區台灣大道七段５１２巷１８２號二樓之８,17.77,都市：其他:第三種住宅區。,,,1120720,土地2建物1車位1,二層,十二層,住宅大樓(11層含以上有電梯),住家用,鋼筋混凝土造,1150603,117.43,2,2,1,有,有,9200000,82631,坡道平面,24.85,1550000,預售屋、或土地及建物分件登記案件；,RPWOMLRKPHLGFFB76DA,54.65,0.0,6.26,有,
沙鹿區,房地(土地+建物)+車位,臺中市沙鹿區台灣大道七段５１２巷１８２號四樓之６,23.37,都市：其他:第三種住宅區。,,,1120715,土地2建物1車位1,四層,十二層,住宅大樓(11層含以上有電梯),住家用,鋼筋混凝土造,1150603,150.94,3,2,2,有,有,11300000,79877,坡道平面,27.0,1400000,預售屋、或土地及建物分件登記案件；,RPXPMLRKPHLGFFB96DA,75.18,0.0,6.38,有,
沙鹿區,房地(土地+建物)+車位,臺中市沙鹿區台灣大道七段５１２巷１８２號九樓之３,16.62,都市：其他:第三種住宅區。,,,1120713,土地2建物1車位1,九層,十二層,住宅大樓(11層含以上有電梯),住家用,鋼筋混凝土造,1150603,110.87,2,2,1,有,有,9090000,89979,坡道平面,24.85,1350000,預售屋、或土地及建物分件登記案件；,RPSPMLLLPHLGFFB58DA,51.87,0.0,4.72,有,
后里區,房地(土地+建物)+車位,臺中市后里區甲后路三段１３８號三樓之７,22.21,,鄉村區,乙種建築用地,1120607,土地1建物1車位1,三層,九層,華廈(10層含以下有電梯),住家用,鋼筋混凝土造,1150513,114.21000000000001,2,2,1,有,有,9130000,89323,坡道平面,27.67,1400000,預售屋、或土地及建物分件登記案件；,RPPPMLNKPHLGFDB18DA,52.49,0.0,5.4,有,
沙鹿區,房地(土地+建物)+車位,臺中市沙鹿區平等六街８７號三樓之８,25.22,都市：其他:第二種住宅區,,,1120630,土地1建物1車位1,三層,七層,華廈(10層含以下有電梯),住家用,鋼筋混凝土造,1150423,110.46000000000001,2,1,1,有,無,9970000,106490,坡道平面,33.27,1750000,預售屋、或土地及建物分件登記案件；,RPSOMLTKQHLGFFB66DA,46.79,0.0,3.88,有,
沙鹿區,房地(土地+建物)+車位,臺中市沙鹿區台灣大道七段５１２巷１８２號二樓之５,17.02,都市：其他:第三種住宅區。,,,1120608,土地2建物1車位1,二層,十二層,住宅大樓(11層含以上有電梯),住家用,鋼筋混凝土造,1150603,101.75,2,2,1,有,有,8280000,85326,坡道機械,13.5,750000,預售屋、或土地及建物分件登記案件；,RPTOMLRKPHLGFFB09DA,51.87,0.0,6.22,有,
沙鹿區,房地(土地+建物)+車位,臺中市沙鹿區台灣大道七段５１２巷１８２號六樓之２,23.4,都市：其他:第三種住宅區。,,,1120611,土地2建物1車位1,六層,十二層,住宅大樓(11層含以上有電梯),住家用,鋼筋混凝土造,1150603,137.56,3,2,2,有,有,10950000,80606,坡道機械,13.5,950000,原承買人於115.04.30讓渡，讓渡房地總價為新臺幣1095萬元整。預售屋、或土地及建物分件登記案件；,RPPNMLLLPHLGFFB08DA,75.26,0.0,6.38,有,
沙鹿區,房地(土地+建物)+車位,臺中市沙鹿區台灣大道七段５１２巷１８２號八樓之５,16.62,都市：其他:第三種住宅區。,,,1120611,土地2建物1車位1,八層,十二層,住宅大樓(11層含以上有電梯),住家用,鋼筋混凝土造,1150603,110.87,2,2,1,有,有,9000000,86608,坡道平面,24.85,1550000,原承買人於115.05.12指定配偶登記名義人預售屋、或土地及建物分件登記案件；,RPWOMLLLPHLGFFB88DA,51.87,0.0,4.72,有,
沙鹿區,房地(土地+建物)+車位,臺中市沙鹿區台灣大道七段５１２巷１８２號十二樓之６,23.37,都市：其他:第三種住宅區。,,,1120606,土地2建物1車位1,十二層,十二層,住宅大樓(11層含以上有電梯),住家用,鋼筋混凝土造,1150603,150.94,3,2,2,有,有,11950000,83508,坡道平面,27.0,1600000,預售屋、或土地及建物分件登記案件；,RPXRMLLLPHLGFFB66DA,75.18,0.0,6.38,有,
大雅區,房地(土地+建物)+車位,臺中市大雅區學府路４５２巷１８號六樓之２,26.49,都市：其他:第二種住宅區,,,1120603,土地1建物1車位1,六層,九層,華廈(10層含以下有電梯),住家用,鋼筋混凝土造,1150411,120.83,2,2,2,有,有,13780000,139843,坡道平面,35.52,1850000,預售屋、或土地及建物分件登記案件；,RPSNMLLJRHLGFHB58DA,50.05,0.0,5.42,有,
烏日區,房地(土地+建物)+車位,臺中市烏日區日新街５６巷１號十一樓之１,32.86,都市：其他:第三種住宅區。,,,1120629,土地1建物1車位1,十一層,十一層,住宅大樓(11層含以上有電梯),住家用,鋼筋混凝土造,1150513,162.66,3,2,2,有,有,17470000,113562,坡道平面,25.29,1870000,115.03.27預售屋讓渡，讓渡關係:配偶。預售屋、或土地及建物分件登記案件；,RPXOMLOLPHLGFIB96DA,81.97,0.0,7.52,有,
烏日區,房地(土地+建物)+車位,臺中市烏日區日新街５６巷１號五樓之３,29.99,都市：其他:第三種住宅區。,,,1120629,土地1建物1車位1,五層,十一層,住宅大樓(11層含以上有電梯),住家用,鋼筋混凝土造,1150513,151.3,3,2,2,有,有,15330000,108166,坡道平面,25.29,1700000,預售屋、或土地及建物分件登記案件；,RPPPMLLLQHLGFIB68DA,74.98,0.0,7.13,有,
烏日區,房地(土地+建物)+車位,臺中市烏日區日新街５６巷３號四樓之５,29.73,都市：其他:第三種住宅區。,,,1120628,土地1建物1車位1,四層,十一層,住宅大樓(11層含以上有電梯),住家用,鋼筋混凝土造,1150513,150.18,3,2,2,有,有,14380000,101529,坡道平面,25.29,1700000,預售屋、或土地及建物分件登記案件；,RPQPMLLLQHLGFIB78DA,73.8,0.0,7.58,有,
西屯區,房地(土地+建物)+車位,臺中市西屯區中清路二段１２５０巷３５號五樓之６,14.86,都市：其他:第二種住宅區,,,1120630,土地4建物1車位1,五層,六層,華廈(10層含以下有電梯),住家用,鋼筋混凝土造,1150512,90.23,2,1,1,有,有,13800000,175604,一樓平面,26.45,2600000,預售屋、或土地及建物分件登記案件；,RPPUMLLMQHLGFCB68DA,30.58,0.0,7.7,有,
沙鹿區,房地(土地+建物)+車位,臺中市沙鹿區光明街２２０號六樓之６,29.7,都市：其他:第四種住宅區,,,1120627,土地1建物1車位1,六層,十五層,住宅大樓(11層含以上有電梯),住家用,鋼筋混凝土造,1150513,141.61,3,2,2,有,有,9980000,79835,坡道平面,32.26,1250000,預售屋、或土地及建物分件登記案件；,RPRQMLSLNHLGFFB09DA,69.71,0.0,3.57,有,
沙鹿區,房地(土地+建物)+車位,臺中市沙鹿區光明街２２０號十三樓之３,29.21,都市：其他:第四種住宅區,,,1120629,土地1建物1車位1,十三層,十五層,住宅大樓(11層含以上有電梯),住家用,鋼筋混凝土造,1150513,139.98,3,2,2,有,有,10250000,83550,坡道平面,32.26,1250000,預售屋、或土地及建物分件登記案件；,RPSSMLSLNHLGFFB76DA,68.84,0.0,3.32,有,
沙鹿區,房地(土地+建物)+車位,臺中市沙鹿區光明街２２０號十四樓之２,21.3,都市：其他:第四種住宅區,,,1120607,土地1建物1車位1,十四層,十五層,住宅大樓(11層含以上有電梯),住家用,鋼筋混凝土造,1150513,111.07,2,2,1,有,有,7460000,80066,坡道平面,32.26,1150000,1. 本申報書地政士僅受託買賣案件申請登記，並未代理撰擬不動產買賣契約書，本成交資訊係由買賣雙方提供屬實。2. 本件買賣於民國113年 2月18日讓渡 ，總價為新台幣 746 萬元整。預售屋、或土地及建物分件登記案件；,RPUTMLSLNHLGFFB07DA,49.56,0.0,3.23,有,
沙鹿區,房地(土地+建物)+車位,臺中市沙鹿區光明街２２０號五樓之３,29.24,都市：其他:第四種住宅區,,,1120604,土地1建物1車位1,五層,十五層,住宅大樓(11層含以上有電梯),住家用,鋼筋混凝土造,1150513,139.98,3,2,2,有,有,9620000,78630,坡道平面,32.26,1150000,1. 本申報書地政士僅受託買賣案件申請登記，並未代理撰擬不動產買賣契約書，本成交資訊係由買賣雙方提供屬實。2. 本件買賣於民國113年2月17日讓渡 ，總價為新台幣 1004 萬元整。預售屋、或土地及建物分件登記案件；,RPPNMLNJOHLGFFB97DA,68.84,0.0,3.32,有,
西屯區,房地(土地+建物)+車位,臺中市西屯區惠中三街５８號五樓之２,7.02,都市：其他:第七種新市政中心專用區,,,1120609,土地1建物1車位1,五層,二十七層,住宅大樓(11層含以上有電梯),住家用,鋼骨鋼筋混凝土造、鋼筋混凝土造,1150622,109.36,2,2,2,有,有,19530000,220492,坡道平面,31.67,2400000,預售屋、或土地及建物分件登記案件；,RPPPMLMKQHLGFCB08DA,45.91,0.0,4.57,有,
西屯區,房地(土地+建物)+車位,臺中市西屯區惠中三街５８號十八樓之３,7.06,都市：其他:第七種新市政中心專用區,,,1120610,土地1建物1車位1,十八層,二十七層,住宅大樓(11層含以上有電梯),住家用,鋼骨鋼筋混凝土造、鋼筋混凝土造,1150622,109.79,2,2,2,有,有,20330000,226959,坡道平面,31.67,2600000,預售屋、或土地及建物分件登記案件；,RPQQMLMKQHLGFCB28DA,46.2,0.0,4.57,有,
西屯區,房地(土地+建物)+車位,臺中市西屯區惠中三街５８號六樓之５,7.74,都市：其他:第七種新市政中心專用區,,,1120601,土地1建物1車位1,六層,二十七層,住宅大樓(11層含以上有電梯),住家用,鋼骨鋼筋混凝土造、鋼筋混凝土造,1150622,117.56,2,2,2,有,有,19960000,205612,坡道平面,31.67,2300000,預售屋、或土地及建物分件登記案件；,RPSQMLMKQHLGFCB48DA,52.04,0.0,3.77,有,
西屯區,房地(土地+建物)+車位,臺中市西屯區惠中三街５８號七樓之５,7.74,都市：其他:第七種新市政中心專用區,,,1120601,土地1建物1車位1,七層,二十七層,住宅大樓(11層含以上有電梯),住家用,鋼骨鋼筋混凝土造、鋼筋混凝土造,1150622,117.56,2,2,2,有,有,20010000,206194,坡道平面,31.67,2300000,預售屋、或土地及建物分件登記案件；,RPTQMLMKQHLGFCB58DA,52.04,0.0,3.77,有,
西屯區,房地(土地+建物)+車位,臺中市西屯區惠中三街５８號九樓之５,7.79,都市：其他:第七種新市政中心專用區,,,1120601,土地1建物1車位1,九層,二十七層,住宅大樓(11層含以上有電梯),住家用,鋼骨鋼筋混凝土造、鋼筋混凝土造,1150622,118.11,2,2,2,有,有,20330000,207427,坡道平面,31.67,2400000,預售屋、或土地及建物分件登記案件；,RPUQMLMKQHLGFCB68DA,52.41,0.0,3.77,有,
西屯區,房地(土地+建物)+車位,臺中市西屯區惠中三街５８號十二樓之５,7.79,都市：其他:第七種新市政中心專用區,,,1120603,土地1建物1車位1,十二層,二十七層,住宅大樓(11層含以上有電梯),住家用,鋼骨鋼筋混凝土造、鋼筋混凝土造,1150622,115.57,2,2,2,有,有,20480000,209138,坡道平面,29.13,2400000,預售屋、或土地及建物分件登記案件；,RPWQMLMKQHLGFCB88DA,52.41,0.0,3.77,有,
西屯區,房地(土地+建物)+車位,臺中市西屯區惠中三街５８號十七樓之５,7.79,都市：其他:第七種新市政中心專用區,,,1120603,土地1建物1車位1,十七層,二十七層,住宅大樓(11層含以上有電梯),住家用,鋼骨鋼筋混凝土造、鋼筋混凝土造,1150622,118.11,2,2,2,有,有,20940000,212170,坡道平面,31.67,2600000,預售屋、或土地及建物分件登記案件；,RPORMLMKQHLGFCB18DA,52.41,0.0,3.77,有,
西屯區,房地(土地+建物)+車位,臺中市西屯區惠中三街５８號十九樓之５,7.79,都市：其他:第七種新市政中心專用區,,,1120607,土地1建物1車位1,十九層,二十七層,住宅大樓(11層含以上有電梯),住家用,鋼骨鋼筋混凝土造、鋼筋混凝土造,1150622,118.11,2,2,2,有,有,21050000,213443,坡道平面,31.67,2600000,預售屋、或土地及建物分件登記案件；,RPPRMLMKQHLGFCB28DA,52.41,0.0,3.77,有,
西屯區,房地(土地+建物)+車位,臺中市西屯區惠中三街５８號八樓之７,7.08,都市：其他:第七種新市政中心專用區,,,1120609,土地1建物1車位1,八層,二十七層,住宅大樓(11層含以上有電梯),住家用,鋼骨鋼筋混凝土造、鋼筋混凝土造,1150622,109.98,2,2,2,有,有,19580000,219384,坡道平面,31.67,2400000,預售屋、或土地及建物分件登記案件；,RPURMLMKQHLGFCB78DA,46.32,0.0,4.57,有,
西屯區,房地(土地+建物)+車位,臺中市西屯區惠中三街５６號十樓之１,7.7,都市：其他:第七種新市政中心專用區,,,1120609,土地1建物1車位1,十層,二十七層,住宅大樓(11層含以上有電梯),住家用,鋼骨鋼筋混凝土造、鋼筋混凝土造,1150622,117.16,2,2,2,有,有,20430000,210902,坡道平面,31.67,2400000,預售屋、或土地及建物分件登記案件；,RPQUMLMKQHLGFCB68DA,51.78,0.0,3.77,有,
西屯區,房地(土地+建物)+車位,臺中市西屯區惠中三街５６號二十六樓之１,7.7,都市：其他:第七種新市政中心專用區,,,1120608,土地1建物1車位1,二十六層,二十七層,住宅大樓(11層含以上有電梯),住家用,鋼骨鋼筋混凝土造、鋼筋混凝土造,1150622,117.16,2,2,2,有,有,21570000,220728,坡道平面,31.67,2700000,預售屋、或土地及建物分件登記案件；,RPTUMLMKQHLGFCB98DA,51.78,0.0,3.77,有,
西屯區,房地(土地+建物)+車位,臺中市西屯區惠中三街５６號十四樓之２,7.06,都市：其他:第七種新市政中心專用區,,,1120620,土地1建物1車位1,十四層,二十七層,住宅大樓(11層含以上有電梯),住家用,鋼骨鋼筋混凝土造、鋼筋混凝土造,1150622,109.79,2,2,2,有,有,20010000,225422,坡道平面,31.67,2400000,預售屋、或土地及建物分件登記案件；,RPWUMLMKQHLGFCB66DA,46.2,0.0,4.57,有,
西屯區,房地(土地+建物)+車位,臺中市西屯區惠中三街５６號十七樓之２,7.06,都市：其他:第七種新市政中心專用區,,,1120605,土地1建物1車位1,十七層,二十七層,住宅大樓(11層含以上有電梯),住家用,鋼骨鋼筋混凝土造、鋼筋混凝土造,1150622,109.79,2,2,2,有,有,20250000,227215,坡道平面,31.67,2500000,預售屋、或土地及建物分件登記案件；,RPPVMLMKQHLGFCB68DA,46.2,0.0,4.57,有,
西屯區,房地(土地+建物)+車位,臺中市西屯區惠中三街５６號八樓之３,7.08,都市：其他:第七種新市政中心專用區,,,1120601,土地1建物1車位1,八層,二十七層,住宅大樓(11層含以上有電梯),住家用,鋼骨鋼筋混凝土造、鋼筋混凝土造,1150622,109.98,2,2,2,有,有,19600000,220917,坡道平面,31.67,2300000,預售屋、或土地及建物分件登記案件；,RPVVMLMKQHLGFCB66DA,46.32,0.0,4.57,有,
西屯區,房地(土地+建物)+車位,臺中市西屯區惠中三街５６號十八樓之５,7.79,都市：其他:第七種新市政中心專用區,,,1120603,土地1建物1車位1,十八層,二十七層,住宅大樓(11層含以上有電梯),住家用,鋼骨鋼筋混凝土造、鋼筋混凝土造,1150622,118.11,2,2,2,有,有,20790000,212749,坡道平面,31.67,2400000,預售屋、或土地及建物分件登記案件；,RPRWMLMKQHLGFCB98DA,52.41,0.0,3.77,有,
西屯區,房地(土地+建物)+車位,臺中市西屯區惠中三街５６號二十三樓之５,7.79,都市：其他:第七種新市政中心專用區,,,1120628,土地1建物1車位1,二十三層,二十七層,住宅大樓(11層含以上有電梯),住家用,鋼骨鋼筋混凝土造、鋼筋混凝土造,1150622,118.11,2,2,2,有,有,21250000,215757,坡道平面,31.67,2600000,預售屋、或土地及建物分件登記案件；,RPTWMLMKQHLGFCB56DA,52.41,0.0,3.77,有,
西屯區,房地(土地+建物)+車位,臺中市西屯區惠中三街５６號二十一樓之６,7.79,都市：其他:第七種新市政中心專用區,,,1120603,土地1建物1車位1,二十一層,二十七層,住宅大樓(11層含以上有電梯),住家用,鋼骨鋼筋混凝土造、鋼筋混凝土造,1150622,118.11,2,2,2,有,有,21200000,215178,坡道平面,31.67,2600000,預售屋、或土地及建物分件登記案件；,RPQNNLMKQHLGFCB08DA,52.41,0.0,3.77,有,
西屯區,房地(土地+建物)+車位,臺中市西屯區惠中三街５６號十七樓之７,7.06,都市：其他:第七種新市政中心專用區,,,1120604,土地1建物1車位1,十七層,二十七層,住宅大樓(11層含以上有電梯),住家用,鋼骨鋼筋混凝土造、鋼筋混凝土造,1150622,109.79,2,2,2,有,有,20060000,224782,坡道平面,31.67,2500000,預售屋、或土地及建物分件登記案件；,RPTNNLMKQHLGFCB38DA,46.2,0.0,4.57,有,
西屯區,房地(土地+建物)+車位,臺中市西屯區惠中三街５６號二十六樓之８,7.06,都市：其他:第七種新市政中心專用區,,,1120618,土地1建物1車位1,二十六層,二十七層,住宅大樓(11層含以上有電梯),住家用,鋼骨鋼筋混凝土造、鋼筋混凝土造,1150622,109.79,2,2,2,有,有,20650000,231055,坡道平面,31.67,2600000,轉售價格新台幣2155萬元整含車位，轉售日期民國114年06月05日。預售屋、或土地及建物分件登記案件；,RPOPNLMKQHLGFCB08DA,46.2,0.0,4.57,有,
西屯區,房地(土地+建物)+車位,臺中市西屯區惠中三街５６號九樓之９,7.7,都市：其他:第七種新市政中心專用區,,,1120601,土地1建物1車位1,九層,二十七層,住宅大樓(11層含以上有電梯),住家用,鋼骨鋼筋混凝土造、鋼筋混凝土造,1150622,117.16,2,2,2,有,有,20300000,209381,坡道平面,31.67,2400000,預售屋、或土地及建物分件登記案件；,RPQPNLMKQHLGFCB28DA,51.78,0.0,3.77,有,
西屯區,房地(土地+建物)+車位,臺中市西屯區惠中三街５６號十五樓之９,7.7,都市：其他:第七種新市政中心專用區,,,1120605,土地1建物1車位1,十五層,二十七層,住宅大樓(11層含以上有電梯),住家用,鋼骨鋼筋混凝土造、鋼筋混凝土造,1150622,117.16,2,2,2,有,有,20710000,213007,坡道平面,31.67,2500000,預售屋、或土地及建物分件登記案件；,RPTPNLMKQHLGFCB58DA,51.78,0.0,3.77,有,
西屯區,房地(土地+建物)+車位,臺中市西屯區惠中三街５６號九樓之７,7.06,都市：其他:第七種新市政中心專用區,,,1120616,土地1建物1車位1,九層,二十七層,住宅大樓(11層含以上有電梯),住家用,鋼骨鋼筋混凝土造、鋼筋混凝土造,1150622,109.79,2,2,2,有,有,19440000,218126,坡道平面,31.67,2400000,預售屋、或土地及建物分件登記案件；,RPWPMLOKQHLGFCB98DA,46.2,0.0,4.57,有,
西屯區,房地(土地+建物)+車位,臺中市西屯區惠中三街５６號十六樓之２,7.06,都市：其他:第七種新市政中心專用區,,,1120617,土地1建物1車位1,十六層,二十七層,住宅大樓(11層含以上有電梯),住家用,鋼骨鋼筋混凝土造、鋼筋混凝土造,1150622,109.79,2,2,2,有,有,20050000,224654,坡道平面,31.67,2500000,預售屋、或土地及建物分件登記案件；,RPVPMLSKQHLGFCB66DA,46.2,0.0,4.57,有,
沙鹿區,房地(土地+建物)+車位,臺中市沙鹿區台灣大道七段５１２巷１８２號三樓之３,16.62,都市：其他:第三種住宅區。,,,1120511,土地2建物1車位1,三層,十二層,住宅大樓(11層含以上有電梯),住家用,鋼筋混凝土造,1150603,110.87,2,2,1,有,有,8580000,84050,坡道平面,24.85,1350000,預售屋、或土地及建物分件登記案件；,RPPPMLRKPHLGFFB78DA,51.87,0.0,4.72,有,
沙鹿區,房地(土地+建物)+車位,臺中市沙鹿區台灣大道七段５１２巷１８２號三樓之５,16.62,都市：其他:第三種住宅區。,,,1120512,土地2建物1車位1,三層,十二層,住宅大樓(11層含以上有電梯),住家用,鋼筋混凝土造,1150603,99.52000000000001,2,2,1,有,有,7980000,84050,坡道機械,13.5,750000,原承買人於115.04.29指定配偶登記名義人預售屋、或土地及建物分件登記案件；,RPQPMLRKPHLGFFB88DA,51.87,0.0,4.72,有,
沙鹿區,房地(土地+建物)+車位,臺中市沙鹿區台灣大道七段５１２巷１８２號四樓之３,16.62,都市：其他:第三種住宅區。,,,1120502,土地2建物1車位1,四層,十二層,住宅大樓(11層含以上有電梯),住家用,鋼筋混凝土造,1150603,99.52000000000001,2,2,1,有,有,7880000,82888,坡道機械,13.5,750000,預售屋、或土地及建物分件登記案件；,RPVPMLRKPHLGFFB76DA,51.87,0.0,4.72,有,
沙鹿區,房地(土地+建物)+車位,臺中市沙鹿區台灣大道七段５１２巷１８２號四樓之５,16.62,都市：其他:第三種住宅區。,,,1120502,土地2建物1車位1,四層,十二層,住宅大樓(11層含以上有電梯),住家用,鋼筋混凝土造,1150603,99.52000000000001,2,2,1,有,有,7880000,82888,坡道機械,13.5,750000,預售屋、或土地及建物分件登記案件；,RPWPMLRKPHLGFFB86DA,51.87,0.0,4.72,有,
沙鹿區,房地(土地+建物)+車位,臺中市沙鹿區台灣大道七段５１２巷１８２號七樓之３,16.62,都市：其他:第三種住宅區。,,,1120512,土地2建物1車位1,七層,十二層,住宅大樓(11層含以上有電梯),住家用,鋼筋混凝土造,1150603,99.52000000000001,2,2,1,有,有,8320000,88003,坡道機械,13.5,750000,預售屋、或土地及建物分件登記案件；,RPXNMLLLPHLGFFB88DA,51.87,0.0,4.72,有,
沙鹿區,房地(土地+建物)+車位,臺中市沙鹿區台灣大道七段５１２巷１８２號八樓之２,23.4,都市：其他:第三種住宅區。,,,1120515,土地2建物1車位1,八層,十二層,住宅大樓(11層含以上有電梯),住家用,鋼筋混凝土造,1150603,151.06,3,2,2,有,有,11800000,82218,坡道平面,27.0,1600000,預售屋、或土地及建物分件登記案件；,RPTOMLLLPHLGFFB58DA,75.26,0.0,6.38,有,
沙鹿區,房地(土地+建物)+車位,臺中市沙鹿區台灣大道七段５１２巷１８２號九樓之５,16.62,都市：其他:第三種住宅區。,,,1120526,土地2建物1車位1,九層,十二層,住宅大樓(11層含以上有電梯),住家用,鋼筋混凝土造,1150603,99.52000000000001,2,2,1,有,有,8770000,90909,坡道機械,13.5,950000,預售屋、或土地及建物分件登記案件；,RPTPMLLLPHLGFFB68DA,51.87,0.0,4.72,有,
梧棲區,房地(土地+建物),臺中市梧棲區民和東街９１號四樓之３,24.44,都市：其他:第四種住宅區,,,1120525,土地1建物1車位0,四層,七層,華廈(10層含以下有電梯),住家用,鋼筋混凝土造,1150505,72.31,2,2,1,有,有,5460000,75508,,0.0,0,,RPOOMLMLQHLGFFB28DA,46.41,0.0,5.27,有,
西屯區,房地(土地+建物)+車位,臺中市西屯區惠中三街５６號二十六樓之７,7.06,都市：其他:第七種新市政中心專用區,,,1120531,土地1建物1車位1,二十六層,二十七層,住宅大樓(11層含以上有電梯),住家用,鋼骨鋼筋混凝土造、鋼筋混凝土造,1150622,109.79,2,2,2,有,有,20610000,230543,坡道平面,31.67,2600000,預售屋、或土地及建物分件登記案件；,RPWNNLMKQHLGFCB68DA,46.2,0.0,4.57,有,
西屯區,房地(土地+建物)+車位,臺中市西屯區惠中三街５６號十一樓之９,7.7,都市：其他:第七種新市政中心專用區,,,1120531,土地1建物1車位1,十一層,二十七層,住宅大樓(11層含以上有電梯),住家用,鋼骨鋼筋混凝土造、鋼筋混凝土造,1150622,117.16,2,2,2,有,有,20410000,210668,坡道平面,31.67,2400000,預售屋、或土地及建物分件登記案件；,RPSPNLMKQHLGFCB48DA,51.78,0.0,3.77,有,
梧棲區,房地(土地+建物)+車位,臺中市梧棲區民和東街９３號三樓之２,24.44,都市：其他:第四種住宅區,,,1120509,土地1建物1車位1,三層,七層,華廈(10層含以下有電梯),住家用,鋼筋混凝土造,1150505,107.03999999999999,2,2,1,有,有,6930000,80625,坡道平面,34.73,1100000,,RPUNMLQLQHLGFFB56DA,46.41,0.0,5.27,有,
后里區,房地(土地+建物)+車位,臺中市后里區民生路１００號七樓之１,27.44,都市：其他:住宅區,,,1120502,土地1建物1車位1,七層,十三層,住宅大樓(11層含以上有電梯),住家用,鋼筋混凝土造,1150510,153.0,3,2,2,有,有,15760000,111041,坡道平面,25.48,1600000,預售屋、或土地及建物分件登記案件；,RPXOMLSLQHLGFDB96DA,75.9,0.0,8.32,有,
沙鹿區,房地(土地+建物)+車位,臺中市沙鹿區台灣大道七段５１２巷１８２號五樓之５,16.62,都市：其他:第三種住宅區。,,,1120429,土地2建物1車位1,五層,十二層,住宅大樓(11層含以上有電梯),住家用,鋼筋混凝土造,1150603,110.87,2,2,1,有,有,8730000,85794,坡道平面,24.85,1350000,預售屋、或土地及建物分件登記案件；,RPTQMLRKPHLGFFB66DA,51.87,0.0,4.72,有,
梧棲區,房地(土地+建物),臺中市梧棲區民和東街９３號二樓之２,24.44,都市：其他:第四種住宅區,,,1120415,土地1建物1車位0,二層,七層,華廈(10層含以下有電梯),住家用,鋼筋混凝土造,1150505,72.31,2,2,1,有,有,5400000,74678,,0.0,0,,RPVNMLMLQHLGFFB88DA,46.41,0.0,5.27,有,
梧棲區,房地(土地+建物)+車位,臺中市梧棲區民和東街９１號三樓之１,30.74,都市：其他:第四種住宅區,,,1120414,土地1建物1車位1,三層,七層,華廈(10層含以下有電梯),住家用,鋼筋混凝土造,1150505,125.59,2,2,1,有,有,8550000,79793,坡道平面,34.73,1300000,,RPWNMLMLQHLGFFB98DA,59.08,0.0,5.85,有,
梧棲區,房地(土地+建物)+車位,臺中市梧棲區民和東街９３號三樓之１,24.28,都市：其他:第四種住宅區,,,1120415,土地1建物1車位1,三層,七層,華廈(10層含以下有電梯),住家用,鋼筋混凝土造,1150505,106.6,2,2,1,有,有,6830000,76944,坡道平面,34.73,1300000,,RPXNMLMLQHLGFFB09DA,46.1,0.0,5.29,有,
梧棲區,房地(土地+建物),臺中市梧棲區民和東街９３號四樓之１,24.28,都市：其他:第四種住宅區,,,1120422,土地1建物1車位0,四層,七層,華廈(10層含以下有電梯),住家用,鋼筋混凝土造,1150505,71.87,2,2,1,有,有,5390000,74997,,0.0,0,,RPPOMLMLQHLGFFB38DA,46.1,0.0,5.29,有,
梧棲區,房地(土地+建物),臺中市梧棲區民和東街９１號三樓之３,24.44,都市：其他:第四種住宅區,,,1120422,土地1建物1車位0,三層,七層,華廈(10層含以下有電梯),住家用,鋼筋混凝土造,1150505,72.31,2,2,1,有,有,5620000,77721,,0.0,0,113.06.17 讓渡,RPTNMLQLQHLGFFB09DA,46.41,0.0,5.27,有,
后里區,房地(土地+建物)+車位,臺中市后里區民生路１００號九樓之１,27.44,都市：其他:住宅區,,,1120430,土地1建物1車位1,九層,十三層,住宅大樓(11層含以上有電梯),住家用,鋼筋混凝土造,1150510,153.0,3,2,2,有,有,15990000,112845,坡道平面,25.48,1600000,預售屋、或土地及建物分件登記案件；,RPQOMLTLPHLGFDB88DA,75.9,0.0,8.32,有,
后里區,房地(土地+建物)+車位,臺中市后里區民生路１００號九樓之２,27.44,都市：其他:住宅區,,,1120428,土地1建物1車位1,九層,十三層,住宅大樓(11層含以上有電梯),住家用,鋼筋混凝土造,1150510,153.0,3,2,2,有,有,15990000,112845,坡道平面,25.48,1600000,預售屋、或土地及建物分件登記案件；,RPROMLTLPHLGFDB98DA,75.9,0.0,8.32,有,
沙鹿區,房地(土地+建物)+車位,臺中市沙鹿區台灣大道七段５１２巷１８２號七樓之１,23.95,都市：其他:第三種住宅區。,,,1120224,土地2建物1車位1,七層,十二層,住宅大樓(11層含以上有電梯),住家用,鋼筋混凝土造,1150603,154.17000000000002,3,2,2,有,有,11660000,80679,坡道平面,27.0,1400000,原承買人於115.05.13指定配偶登記名義人預售屋、或土地及建物分件登記案件；,RPVNMLLLPHLGFFB68DA,77.31,0.0,6.38,有,
沙鹿區,房地(土地+建物)+車位,臺中市沙鹿區台灣大道七段５１２巷１８２號七樓之２,23.4,都市：其他:第三種住宅區。,,,1120224,土地2建物1車位1,七層,十二層,住宅大樓(11層含以上有電梯),住家用,鋼筋混凝土造,1150603,151.06,3,2,2,有,有,11410000,80687,坡道平面,27.0,1400000,原承買人於115.05.13指定配偶登記名義人預售屋、或土地及建物分件登記案件；,RPWNMLLLPHLGFFB78DA,75.26,0.0,6.38,有,
東勢區,房地(土地+建物),臺中市東勢區東關路六段２６２巷３號,90.33,都市：其他:住宅區,,,1120213,土地1建物1車位0,全,三層,透天厝,住家用,鋼筋混凝土造,1140627,192.33,3,2,3,有,無,15280000,79447,,0.0,0,未登記建物；預售屋、或土地及建物分件登記案件；,RPTNMLNJRHLGFGB78DA,179.66,0.0,12.67,有,
沙鹿區,房地(土地+建物)+車位,臺中市沙鹿區台灣大道七段５１２巷１８２號四樓之２,23.4,都市：其他:第三種住宅區。,,,1120104,土地2建物1車位1,四層,十二層,住宅大樓(11層含以上有電梯),住家用,鋼筋混凝土造,1150603,137.56,3,2,2,有,有,10500000,77785,坡道機械,13.5,850000,原承買人於115.04.30讓渡，讓渡房地總價為新臺幣1050萬元整。預售屋、或土地及建物分件登記案件；,RPUPMLRKPHLGFFB66DA,75.26,0.0,6.38,有,
沙鹿區,房地(土地+建物)+車位,臺中市沙鹿區台灣大道七段５１２巷１８２號七樓之５,16.62,都市：其他:第三種住宅區。,,,1120114,土地2建物1車位1,七層,十二層,住宅大樓(11層含以上有電梯),住家用,鋼筋混凝土造,1150603,99.52000000000001,2,2,1,有,有,8100000,86608,坡道機械,13.5,650000,預售屋、或土地及建物分件登記案件；,RPOOMLLLPHLGFFB08DA,51.87,0.0,4.72,有,
沙鹿區,房地(土地+建物)+車位,臺中市沙鹿區台灣大道七段５１２巷１８２號六樓之５,16.62,都市：其他:第三種住宅區。,,,1120119,土地2建物1車位1,六層,十二層,住宅大樓(11層含以上有電梯),住家用,鋼筋混凝土造,1150603,99.52000000000001,2,2,1,有,有,8250000,86027,坡道機械,13.5,850000,預售屋、或土地及建物分件登記案件；,RPROMLRJQHLGFFB88DA,51.87,0.0,4.72,有,
沙鹿區,房地(土地+建物)+車位,臺中市沙鹿區台灣大道七段５１２巷１８２號十樓之５,16.62,都市：其他:第三種住宅區。,,,1120105,土地2建物1車位1,十層,十二層,住宅大樓(11層含以上有電梯),住家用,鋼筋混凝土造,1150603,99.52000000000001,2,2,1,有,有,8270000,88584,坡道機械,13.5,650000,原承買人於113.10.23讓渡，讓渡房地總價為新臺幣8307000元整。預售屋、或土地及建物分件登記案件；,RPUOMLRJQHLGFFB56DA,51.87,0.0,4.72,有,
后里區,房地(土地+建物)+車位,臺中市后里區甲后路三段１３８號四樓之７,22.21,,鄉村區,乙種建築用地,1111206,土地1建物1車位1,四層,九層,華廈(10層含以下有電梯),住家用,鋼筋混凝土造,1150513,114.21000000000001,2,2,1,有,有,9180000,89901,坡道平面,27.67,1400000,預售屋、或土地及建物分件登記案件；,RPUNMLPLQHLGFDB88DA,52.49,0.0,5.4,有,
后里區,房地(土地+建物)+車位,臺中市后里區甲后路三段１４０號一樓之６,22.21,,鄉村區,乙種建築用地,1111130,土地1建物1車位1,一層,九層,華廈(10層含以下有電梯),住家用,鋼筋混凝土造,1150513,114.21000000000001,2,2,1,有,有,10500000,106309,坡道平面,27.67,1300000,預售屋、或土地及建物分件登記案件；,RPPOMLNKPHLGFDB08DA,52.49,0.0,5.4,有,
后里區,房地(土地+建物)+車位,臺中市后里區甲后路三段１４０號四樓之６,22.21,,鄉村區,乙種建築用地,1111129,土地1建物1車位1,四層,九層,華廈(10層含以下有電梯),住家用,鋼筋混凝土造,1150513,111.99000000000001,2,2,1,有,有,9050000,88976,坡道平面,25.45,1350000,預售屋、或土地及建物分件登記案件；,RPUOMLPKPHLGFDB78DA,52.49,0.0,5.4,有,
后里區,房地(土地+建物)+車位,臺中市后里區甲后路三段１３６號六樓之５,19.92,,鄉村區,乙種建築用地,1111128,土地1建物1車位1,六層,九層,華廈(10層含以下有電梯),住家用,鋼筋混凝土造,1150513,105.43,2,2,1,有,有,8880000,96193,坡道平面,27.67,1400000,預售屋、或土地及建物分件登記案件；,RPVOMLPKPHLGFDB88DA,46.35,0.0,5.68,有,
后里區,房地(土地+建物)+車位,臺中市后里區甲后路三段１３８號五樓之３,28.85,,鄉村區,乙種建築用地,1111018,土地1建物1車位1,五層,九層,華廈(10層含以下有電梯),住家用,鋼筋混凝土造,1150513,140.07,3,2,2,有,有,11820000,93594,坡道平面,27.67,1300000,預售屋、或土地及建物分件登記案件；,RPXWMLNKPHLGFDB07DA,69.2,0.0,6.06,有,
南屯區,房地(土地+建物)+車位,臺中市南屯區永春東七路５５０號九樓之２,24.58,都市：其他:第一之一種住宅區,,,1111014,土地2建物1車位2,九層,十五層,住宅大樓(11層含以上有電梯),住家用,鋼筋混凝土造,1140831,261.94,4,2,2,有,有,40720000,184475,坡道平面,60.72,3600000,預售屋、或土地及建物分件登記案件；,RPSSMLLJRHLGFCB58DA,120.07,0.0,12.64,有,
后里區,房地(土地+建物)+車位,臺中市后里區甲后路三段１４０號九樓之７,22.21,,鄉村區,乙種建築用地,1110806,土地1建物1車位1,九層,九層,華廈(10層含以下有電梯),住家用,鋼筋混凝土造,1150513,114.21000000000001,2,2,1,有,有,9450000,93021,坡道平面,27.67,1400000,預售屋、或土地及建物分件登記案件；,RPVUMLNKPHLGFDB66DA,52.49,0.0,5.4,有,
后里區,房地(土地+建物)+車位,臺中市后里區甲后路三段１４０號四樓之７,22.21,,鄉村區,乙種建築用地,1110712,土地1建物1車位1,四層,九層,華廈(10層含以下有電梯),住家用,鋼筋混凝土造,1150513,114.21000000000001,2,2,1,有,有,9130000,89323,坡道平面,27.67,1400000,預售屋、或土地及建物分件登記案件；,RPPWMLNKPHLGFDB88DA,52.49,0.0,5.4,有,
后里區,房地(土地+建物)+車位,臺中市后里區甲后路三段１４２號二樓之８,19.92,,鄉村區,乙種建築用地,1110722,土地1建物1車位1,二層,九層,華廈(10層含以下有電梯),住家用,鋼筋混凝土造,1150513,105.43,2,2,1,有,有,8140000,86034,坡道平面,27.67,1450000,預售屋、或土地及建物分件登記案件；,RPSOMLPKPHLGFDB58DA,46.35,0.0,5.68,有,
后里區,房地(土地+建物)+車位,臺中市后里區甲后路三段１４０號六樓之７,22.21,,鄉村區,乙種建築用地,1110707,土地1建物1車位1,六層,九層,華廈(10層含以下有電梯),住家用,鋼筋混凝土造,1150513,114.21000000000001,2,2,1,有,有,9030000,88167,坡道平面,27.67,1400000,預售屋、或土地及建物分件登記案件；,RPTOMLQKPHLGFDB78DA,52.49,0.0,5.4,有,
后里區,房地(土地+建物)+車位,臺中市后里區甲后路三段１４０號三樓之６,22.21,,鄉村區,乙種建築用地,1110707,土地1建物1車位1,三層,九層,華廈(10層含以下有電梯),住家用,鋼筋混凝土造,1150513,114.21000000000001,2,2,1,有,有,9390000,91172,坡道平面,27.67,1500000,預售屋、或土地及建物分件登記案件；,RPOOMLPLQHLGFDB38DA,52.49,0.0,5.4,有,
豐原區,房地(土地+建物)+車位,臺中市豐原區中正路２１２巷５號四樓之１,18.84,都市：其他:第二種商業區,,,1100207,土地1建物1車位1,四層,七層,華廈(10層含以下有電梯),住家用,鋼筋混凝土造,1150311,145.36,3,2,2,有,有,10650000,93280,升降平面,42.98,1100000,預售屋、或土地及建物分件登記案件；,RPRNMLQLQHLGFDB68DA,61.03,0.0,5.88,有,
