鄉鎮市區,交易標的,土地位置建物門牌,土地移轉總面積平方公尺,都市土地使用分區,非都市土地使用分區,非都市土地使用編定,交易年月日,交易筆棟數,移轉層次,總樓層數,建物型態,主要用途,主要建材,建築完成年月,建物移轉總面積平方公尺,建物現況格局-房,建物現況格局-廳,建物現況格局-衛,建物現況格局-隔間,有無管理組織,總價元,單價元平方公尺,車位類別,車位移轉總面積平方公尺,車位總價元,備註,編號,主建物面積,附屬建物面積,陽台面積,電梯,移轉編號
The villages and towns urban district,transaction sign,land sector position building sector house number plate,land shifting total area square meter,the use zoning or compiles and checks,the non-metropolis land use district,non-metropolis land use,transaction year month and day,transaction pen number,shifting level,total floor number,building state,main use,main building materials,construction to complete the years,building shifting total area,Building present situation pattern - room,building present situation pattern - hall,building present situation pattern - health,building present situation pattern - compartmented,Whether there is manages the organization,total price NTD,the unit price (NTD / square meter),the berth category,berth shifting total area square meter,the berth total price NTD,the note,serial number,main building area,auxiliary building area,balcony area,elevator,transaction number
大甲區,土地,五里牌段163地號,199.0,,特定農業區,農牧用地,1150704,土地1建物0車位0,,,其他,,,,0.0,0,0,0,無,無,260000,1307,,0.0,0,,RPPNMLOJPHLGFEB08DA,0.0,0.0,0.0,無,
沙鹿區,土地,竹林東段810地號,100.85,都市：其他:文事研究中心區,,,1150706,土地1建物0車位0,,,其他,,,,0.0,0,0,0,無,無,290000,2876,,0.0,0,,RPUOMLQJPHLGFFB98DA,0.0,0.0,0.0,無,
沙鹿區,土地,新竹林段467地號,13.06,住,,,1150701,土地1建物0車位0,,,其他,,,,0.0,0,0,0,無,無,197500,15123,,0.0,0,本案增值稅、代辦費約定另由買方負擔。未登記建物；,RPQNMLRJPHLGFFB58DA,0.0,0.0,0.0,無,
南區,房地(土地+建物),臺中市南區德富路８９號６樓之１,19.41,住,,,1150608,土地1建物1車位0,六層,八層,華廈(10層含以下有電梯),住家用,鋼筋混凝土造,0870112,109.39,3,2,2,有,有,7700000,70390,,0.0,0,陽台外推；,RPSNMLMKOHLGFAB77DA,72.94,0.0,9.64,有,0001
中區,房地(土地+建物),臺中市中區臺灣大道一段３０６巷３５號地下一層,3.29,商,,,1150616,土地1建物1車位0,一層，地下一層,七層,華廈(10層含以下有電梯),商業用,鋼筋混凝土造,0820827,15.58,0,0,0,無,無,550000,35302,,0.0,0,,RPXPMLPLOHLGFAB88DA,13.49,0.0,0.0,有,0002
北屯區,房地(土地+建物),臺中市北屯區軍福十二路５８號五樓之２,18.4,住,,,1150603,土地1建物1車位0,五層,五層,華廈(10層含以下有電梯),住家用,鋼筋混凝土造,1140702,52.910000000000004,1,1,1,有,無,8700000,164430,,0.0,0,買賣總價新台幣870萬元整，價金分別土地價格新台幣522萬元，建物價格新台幣348萬元。親友、員工、共有人或其他特殊關係間之交易；,RPQNMLPLOHLGFBB08DA,28.5,0.0,3.59,有,
南屯區,房地(土地+建物)+車位,臺中市南屯區東興路二段３９號二樓之２,12.25,住,,,1150602,土地1建物1車位1,二層,十四層,住宅大樓(11層含以上有電梯),住家用,鋼筋混凝土造,0880511,116.93,3,2,2,有,有,11600000,99205,坡道機械,8.27,0,,RPOOMLNJOHLGFCB67DA,73.33,0.0,8.26,有,
西屯區,房地(土地+建物),臺中市西屯區西安街２７７巷２５弄２號二樓之７７,3.78,住,,,1150606,土地1建物1車位0,二層,八層,華廈(10層含以下有電梯),住家用,鋼筋混凝土造,0880529,26.1,1,0,1,有,有,2160000,82759,,0.0,0,,RPWOMLLKOHLGFCB38DA,13.92,0.0,1.95,有,
西屯區,房地(土地+建物),臺中市西屯區西安街２７７巷２５弄２號二樓之７８,4.02,住,,,1150606,土地1建物1車位0,二層,八層,華廈(10層含以下有電梯),住家用,鋼筋混凝土造,0880529,26.590000000000003,1,0,1,有,有,2200000,82738,,0.0,0,,RPXOMLLKOHLGFCB48DA,14.22,0.0,1.95,有,
西屯區,房地(土地+建物)+車位,臺中市西屯區青海路二段５號十七樓之３,6.56,商,,,1150602,土地1建物1車位1,十七層,二十四層,住宅大樓(11層含以上有電梯),住家用,鋼骨鋼筋混凝土造,1141103,84.62,2,2,1,有,有,14000000,165446,坡道機械,9.87,0,,RPUOMLMKOHLGFCB28DA,43.86,0.0,5.05,有,0003
西屯區,房地(土地+建物),臺中市西屯區西屯路二段２６８之８巷１號九樓之２８,2.11,住,,,1150613,土地1建物1車位0,九層,十三層,住宅大樓(11層含以上有電梯),住家用,鋼筋混凝土造,0860408,22.4,1,0,1,有,有,1620000,72321,,0.0,0,,RPTNMLQKOHLGFCB48DA,12.56,0.0,1.59,有,
西屯區,房地(土地+建物)+車位,臺中市西屯區逢明街２９巷７０號八樓之２,18.53,住,,,1150603,土地1建物1車位1,八層,十二層,住宅大樓(11層含以上有電梯),住家用,鋼筋混凝土造,1041021,117.44,1,1,1,有,有,13000000,110695,坡道平面,0.0,0,,RPXPMLMLOHLGFCB78DA,49.84,0.0,4.13,有,
南屯區,房地(土地+建物)+車位,臺中市南屯區五權西路二段５０１號十樓,94.25,住,,,1150612,土地4建物1車位2,十層,十一層,住宅大樓(11層含以上有電梯),商業用,鋼筋混凝土造,0800610,740.15,7,0,0,有,有,50000000,67554,坡道平面,0.0,0,,RPSSMLOLOHLGFCB78DA,552.88,0.0,46.29,有,
神岡區,土地,林厝段91地號,99.4,住,,,1150609,土地4建物0車位0,,,其他,,,,0.0,0,0,0,無,無,10148153,102094,,0.0,0,政府機關標讓售；,RPSNMLPLOHLGFDB48DA,0.0,0.0,0.0,無,
大甲區,房地(土地+建物),臺中市大甲區順天路６０號,110.0,住,,,1150601,土地2建物1車位0,全,二層,透天厝,住商用,加強磚造,0660310,151.48,8,3,3,有,無,16700000,110246,,0.0,0,,RPPNMLKMOHLGFEB87DA,151.48,0.0,0.0,無,
大甲區,土地,奉仁段657地號,92.45,,特定農業區,甲種建築用地,1150617,土地1建物0車位0,,,其他,,,,0.0,0,0,0,無,無,1398000,15122,,0.0,0,親友、員工、共有人或其他特殊關係間之交易；,RPTNMLKMOHLGFEB28DA,0.0,0.0,0.0,無,0004
清水區,土地,星海段458地號,3.28,住,,,1150617,土地2建物0車位0,,,其他,,,,0.0,0,0,0,無,無,60000,18293,,0.0,0,親友、員工、共有人或其他特殊關係間之交易；,RPVNMLRKOHLGFFB09DA,0.0,0.0,0.0,無,
沙鹿區,土地,公館北段1288地號,126.1,住,,,1150609,土地1建物0車位0,,,其他,,,,0.0,0,0,0,無,無,6000000,47581,,0.0,0,建物為未保存登記建物，格局2房1廳1衛未登記建物；,RPPNMLQLOHLGFFB48DA,0.0,0.0,0.0,無,
大雅區,土地,員寶段360地號,1299.86,農,,,1150617,土地1建物0車位0,,,其他,,,,0.0,0,0,0,無,無,11000000,8462,,0.0,0,親友、員工、共有人或其他特殊關係間之交易；,RPPNMLOLOHLGFHB48DA,0.0,0.0,0.0,無,
大里區,土地,大義段69地號,114.98,住,,,1150625,土地1建物0車位0,,,其他,,,,0.0,0,0,0,無,無,6444000,56045,,0.0,0,地清或未辦繼承標售；,RPSNMLTLOHLGFIB76DA,0.0,0.0,0.0,無,
龍井區,房地(土地+建物),臺中市龍井區新興路２９號四樓之３,6.1,,鄉村區,乙種建築用地,1150614,土地1建物1車位0,四層,五層,華廈(10層含以下有電梯),住家用,鋼筋混凝土造,0770801,23.32,1,0,1,有,有,1038000,44511,,0.0,0,,RPRNMLSKOHLGFKB66DA,15.9,0.0,1.7,有,
南區,房地(土地+建物)+車位,臺中市南區南和路２１３號十二樓之１,22.32,住,,,1150609,土地1建物1車位2,十二層,十六層,住宅大樓(11層含以上有電梯),住家用,鋼筋混凝土造,0820519,229.89,3,2,2,有,有,13900000,60464,坡道平面,0.0,0,陽台外推；,RPWNMLMKOHLGFAB18DA,131.53,0.0,15.21,有,0005
南區,房地(土地+建物),臺中市南區福德街１０９號,31.5,住,,,1150602,土地1建物1車位0,全,二層,透天厝,住家用,鐵筋加強磚,0570615,46.46,4,2,1,有,無,4000000,86096,,0.0,0,售價400萬房屋5萬 土地395萬.  土地與建物之權範圍皆為1/2,RPSOMLMLOHLGFAB97DA,46.46,0.0,0.0,無,
南區,房地(土地+建物),臺中市南區國光路３６５巷３８號３樓之６,3.87,住,,,1150620,土地1建物1車位0,三層,八層,華廈(10層含以下有電梯),住家用,鋼筋混凝土造,0840826,24.25,1,0,1,有,有,1990000,82062,,0.0,0,本案土地價格新台幣1470000元整，建物價格新台幣520000元整。,RPUOMLOLOHLGFAB38DA,13.51,0.0,1.85,有,
南區,土地,下橋子頭段121-134地號,11.0,商,,,1150604,土地1建物0車位0,,,其他,,,,0.0,0,0,0,無,無,665280,60480,,0.0,0,包含公共設施保留地用地；,RPVPMLPLOHLGFAB68DA,0.0,0.0,0.0,無,
南區,房地(土地+建物),臺中市南區南陽街９７號８樓之２,11.07,住,,,1150608,土地1建物1車位0,八層,十六層,住宅大樓(11層含以上有電梯),住家用,鋼筋混凝土造,0830728,102.68,3,1,2,有,有,811394,7902,,0.0,0,姑姪間之買賣賣方免除買方之給付債務已申報贈與稅親友、員工、共有人或其他特殊關係間之交易；,RPTWMLTLOHLGFAB96DA,62.02,2.09,6.9,有,
西區,房地(土地+建物),臺中市西區英士路７７號四樓之九,6.9,住,,,1150618,土地1建物1車位0,四層,七層,華廈(10層含以下有電梯),住家用,鋼筋混凝土造,0821007,45.260000000000005,1,0,1,有,有,2100000,46399,,0.0,0,,RPUWMLTLOHLGFAB07DA,26.07,0.0,5.39,有,
北區,房地(土地+建物),臺中市北區進化北路２６３號４樓之４,3.58,住,,,1150608,土地1建物1車位0,四層,十三層,住宅大樓(11層含以上有電梯),住家用,鋼筋混凝土造,0821014,38.28,1,1,1,有,有,2200000,57471,,0.0,0,,RPQNMLMKOHLGFBB67DA,24.75,0.0,0.0,有,
北屯區,房地(土地+建物)+車位,臺中市北屯區松竹路二段３４６巷１０號十二樓之１,19.41,住,,,1150614,土地1建物1車位2,十二層,十二層,住宅大樓(11層含以上有電梯),住家用,鋼筋混凝土造,1031022,130.97,2,2,1,有,有,13100000,100023,坡道機械,34.48,0,,RPTOMLRKOHLGFBB58DA,57.79,3.28,4.96,有,0006
北屯區,房地(土地+建物)+車位,臺中市北屯區景賢二路４５６號五樓之１,45.03,住,,,1150604,土地1建物1車位2,五層,二十層,住宅大樓(11層含以上有電梯),住家用,鋼筋混凝土造,1041130,335.93,3,3,2,有,有,32280000,96091,坡道平面,65.94,0,社區名稱:若山牧水,RPVPMLPLOHLGFBB78DA,152.88,3.35,23.58,有,0007
北區,房地(土地+建物)+車位,臺中市北區陝西路７２號５樓之１,15.73,商,,,1150613,土地1建物1車位1,五層,十一層,住宅大樓(11層含以上有電梯),住家用,鋼筋混凝土造,0850919,158.78,3,2,2,有,有,13500000,85023,坡道機械,0.0,0,其他增建；,RPPPMLQLOHLGFBB28DA,102.24,0.0,12.01,有,
北屯區,土地,大盛段267-27地號,383.78,,,,1150601,土地4建物0車位0,,,其他,,,,0.0,0,0,0,無,無,1740000,4534,,0.0,0,,RPPNMLTLOHLGFBB38DA,0.0,0.0,0.0,無,0008
南屯區,房地(土地+建物),臺中市南屯區保安五街２１５號,17.28,住,,,1150607,土地1建物1車位0,一層，騎樓，夾層,七層,華廈(10層含以下有電梯),住商用,鋼筋混凝土造,0811125,98.77000000000001,0,0,1,有,無,8800000,89096,,0.0,0,,RPPOMLKKOHLGFCB57DA,74.93,3.8,0.0,有,0009
南屯區,土地,埔興段930-2地號,4.0,住,,,1150610,土地1建物0車位0,,,其他,,,,0.0,0,0,0,無,無,600000,150000,,0.0,0,含土地增值稅或其他稅費；畸零地或有合併使用效益；,RPPNMLTLOHLGFCB48DA,0.0,0.0,0.0,無,
豐原區,土地,下南坑段1201-4地號,392.0,住,,,1150610,土地1建物0車位0,,,其他,,,,0.0,0,0,0,無,無,60000000,153061,,0.0,0,,RPXNMLQKOHLGFDB98DA,0.0,0.0,0.0,無,
清水區,土地,西社段250地號,96.24,住,,,1150611,土地1建物0車位0,,,其他,,,,0.0,0,0,0,無,無,3580000,37199,,0.0,0,未登記建物；,RPQNMLMKOHLGFFB08DA,0.0,0.0,0.0,無,
沙鹿區,房地(土地+建物),臺中市沙鹿區保成路１２０巷３６之５號,83.0,住,,,1150611,土地3建物1車位0,全,四層,透天厝,住家用,鋼筋混凝土造,1120324,184.1,6,0,6,有,有,16800000,91255,,0.0,0,陽台外推；其他增建；,RPUNMLPKOHLGFFB78DA,162.71,0.0,21.39,無,0010
梧棲區,土地,安仁段183地號,43.0,住,,,1150623,土地1建物0車位0,,,其他,,,,0.0,0,0,0,無,無,2602000,60512,,0.0,0,,RPTNMLNLOHLGFFB58DA,0.0,0.0,0.0,無,
大里區,房地(土地+建物)+車位,臺中市大里區祥興路５２７號四樓之９,17.39,住,,,1150606,土地1建物1車位1,四層,十二層,住宅大樓(11層含以上有電梯),住家用,鋼筋混凝土造,1080530,110.66,2,2,1,有,有,10200000,98831,坡道機械,16.56,900000,,RPPNMLQJOHLGFIB58DA,50.29,5.23,4.88,有,0011
大里區,房地(土地+建物),臺中市大里區仁堤路１２號,109.65,住,,,1150623,土地1建物1車位0,全,四層,透天厝,住商辦用,鋼筋混凝土造,0930628,232.13,5,3,3,有,無,20000000,86159,,0.0,0,受債權債務關係影響或債務抵償；,RPTNMLTLOHLGFIB86DA,206.76,4.08,21.29,無,
北區,房地(土地+建物)+車位,臺中市北區學士路２５７號１４樓,92.26,住,,,1150601,土地1建物1車位3,十四層,十五層,住宅大樓(11層含以上有電梯),商業用,鋼筋混凝土造,0790820,865.66,8,2,2,有,有,30000000,34656,坡道平面,65.22,0,,RPPNMLOLOHLGFBB97EA,722.64,0.0,23.73,有,
西屯區,土地,下石碑段1298地號,15.79,住,,,1150618,土地1建物0車位0,,,其他,,,,0.0,0,0,0,無,無,1428000,90437,,0.0,0,含土地增值稅或其他稅費；含仲介費；含地政士服務費；其他；親友、員工、共有人或其他特殊關係間之交易；未登記建物；瑕疵物件；畸零地或有合併使用效益；,RPPNMLQLOHLGFCB28EA,0.0,0.0,0.0,無,0012
南屯區,土地,寶上段26地號,3669.1,工,,,1150623,土地1建物0車位0,,,其他,,,,0.0,0,0,0,無,無,99876571,27221,,0.0,0,抵費地買賣,RPPNMLMJPHLGFCB77EA,0.0,0.0,0.0,無,0013
南屯區,土地,寶上段26地號,486.27,工,,,1150623,土地1建物0車位0,,,其他,,,,0.0,0,0,0,無,無,13236756,27221,,0.0,0,抵費地買賣,SPPNMLMJPHLGFCB87EA,0.0,0.0,0.0,無,0013
南屯區,土地,寶上段26地號,1157.12,工,,,1150623,土地1建物0車位0,,,其他,,,,0.0,0,0,0,無,無,31497964,27221,,0.0,0,抵費地買賣,TPPNMLMJPHLGFCB97EA,0.0,0.0,0.0,無,0013
南屯區,土地,寶上段26地號,661.3,工,,,1150623,土地1建物0車位0,,,其他,,,,0.0,0,0,0,無,無,18001247,27221,,0.0,0,抵費地買賣,UPPNMLMJPHLGFCB08EA,0.0,0.0,0.0,無,0013
東區,房地(土地+建物),臺中市東區東英十街１０２號,124.44,住,,,1150602,土地1建物1車位0,全,四層,透天厝,住家用,鋼筋混凝土造,1000201,232.78,5,2,5,有,無,26880000,115474,,0.0,0,親友、員工、共有人或其他特殊關係間之交易；,RPOOMLPKOHLGFAB77DA,213.51,0.0,19.27,無,
中區,房地(土地+建物),臺中市中區臺灣大道一段３８８號十一樓之七,3.12,商,,,1150612,土地5建物1車位0,十一層,十二層,住宅大樓(11層含以上有電梯),住家用,鋼筋混凝土造,0710630,30.08,1,0,1,有,有,1700000,56516,,0.0,0,,RPWOMLQKOHLGFAB68DA,20.52,0.0,0.0,有,0017
南區,房地(土地+建物)+車位,臺中市南區三民西路２７５號十一樓之２,18.4,商,,,1150602,土地2建物1車位1,十一層,十二層,住宅大樓(11層含以上有電梯),住家用,鋼筋混凝土造,1120630,121.11000000000001,2,2,2,有,有,16300000,134588,坡道平面,25.59,0,,RPQOMLSKOHLGFAB28DA,56.49,0.0,6.6,有,0018
南區,土地,下橋子頭段205-237地號,6.0,,,,1150612,土地1建物0車位0,,,其他,,,,0.0,0,0,0,無,無,400000,66667,,0.0,0,包含公共設施保留地用地；,RPUPMLPLOHLGFAB58DA,0.0,0.0,0.0,無,
南區,房地(土地+建物)+車位,臺中市南區工學路１５５巷３２弄６號十二樓之１,18.36,住,,,1150607,土地1建物1車位1,十二層,十五層,住宅大樓(11層含以上有電梯),住家用,鋼筋混凝土造,1140827,153.38,3,2,2,有,有,17500000,114096,坡道平面,39.53,0,,RPSONLTLOHLGFAB78DA,68.97,0.0,6.0,有,0019
北區,房地(土地+建物),臺中市北區學士路２４８巷３５號８樓之７,5.75,住,,,1150615,土地1建物1車位0,八層,八層,華廈(10層含以下有電梯),住家用,鋼筋混凝土造,0840614,34.9,1,1,1,有,有,3200000,91691,,0.0,0,,RPVNMLPKOHLGFBB48DA,20.76,0.0,4.02,有,0020
北區,土地,新賴厝五段868地號,40.79,住,,,1150611,土地2建物0車位0,,,其他,,,,0.0,0,0,0,無,無,4500000,110321,,0.0,0,1. 台中市北區新賴厝?五段867地號為新台幣125萬元整2. 台中市北區梅川西路三段123巷3號為新台幣1萬元整未登記建物3. 台中市北區新賴厝?五段868地號為新台幣318萬元整4. 台中市北區梅川西路三段121號為新台幣6萬元整未登記建物未登記建物；,RPRNMLQLOHLGFBB28DA,0.0,0.0,0.0,無,
北屯區,房地(土地+建物)+車位,臺中市北屯區昌平路二段５０之６巷２１號五樓之２,13.25,商,,,1150604,土地4建物1車位1,五層,十五層,住宅大樓(11層含以上有電梯),住家用,鋼筋混凝土造,1130513,97.34,1,2,1,有,有,11500000,118143,坡道平面,27.43,0,,RPXOMLTLOHLGFBB66DA,43.63,0.0,3.15,有,0021
西屯區,房地(土地+建物)+車位,臺中市西屯區臺灣大道三段７６１號三十一樓之７,5.35,商,,,1150609,土地1建物1車位1,三十一層,三十六層,住宅大樓(11層含以上有電梯),住家用,鋼骨造,1141028,106.14,2,1,1,有,有,10400000,97984,坡道平面,30.56,0,,RPVOMLTJOHLGFCB98DA,43.39,1.82,4.28,有,0022
西屯區,房地(土地+建物)+車位,臺中市西屯區上石路１７１號十一樓之６,13.03,商,,,1150613,土地1建物1車位1,十一層,十四層,住宅大樓(11層含以上有電梯),住家用,鋼筋混凝土造,0850509,160.1,4,2,2,有,有,13660000,85322,坡道機械,0.0,0,陽台外推；,RPWNMLPLOHLGFCB78DA,98.85,2.44,11.92,有,0023
南屯區,房地(土地+建物)+車位,臺中市南屯區萬和路二段３１之２８號十樓,21.47,住,,,1150601,土地1建物1車位1,十層,十一層,住宅大樓(11層含以上有電梯),住家用,鋼筋混凝土造,0821019,135.21,3,2,2,有,有,11600000,85786,坡道平面,0.0,0,其他增建；,RPOOMLPLOHLGFCB08DA,71.41,0.0,17.84,有,
西屯區,房地(土地+建物)+車位,臺中市西屯區臺灣大道三段３８９號二十二樓之１０,21.05,都市：其他:第六種新市政中心專用區,,,1150608,土地1建物1車位2,二十二層,三十五層,住宅大樓(11層含以上有電梯),住家用,鋼筋混凝土造,1000121,386.31,3,2,3,有,有,37000000,95778,坡道平面,33.38,0,,RPTPMLPLOHLGFCB68DA,190.88,8.79,32.57,有,0024
西屯區,房地(土地+建物)+車位,臺中市西屯區市政路５３９號十樓之１,18.66,商,,,1150605,土地1建物1車位2,十層,二十九層,住宅大樓(11層含以上有電梯),住家用,鋼骨鋼筋混凝土造,1030124,319.98,2,1,3,有,有,39880000,124633,坡道平面,42.66,0,,RPXQMLTLOHLGFCB96DA,154.85,4.42,22.32,有,0025
外埔區,土地,大東段177地號,4.97,,特定農業區,丁種建築用地,1150609,土地1建物0車位0,,,其他,,,,0.0,0,0,0,無,無,70000,14085,,0.0,0,,RPVNMLTJOHLGFEB09DA,0.0,0.0,0.0,無,0026
清水區,房地(土地+建物),臺中市清水區建國路１３０號九樓之二,53.51,住,,,1150617,土地1建物1車位0,九層,十四層,住宅大樓(11層含以上有電梯),住家用,鋼筋混凝土造,0940927,179.81,3,2,2,有,有,7500000,41711,,0.0,0,坡道平面式地下一層編號84車位,RPQNMLQLOHLGFFB58DA,99.38,0.0,12.88,有,
梧棲區,房地(土地+建物),臺中市梧棲區自強一街９０巷３５號五樓之６,7.89,住,,,1150620,土地1建物1車位0,五層,五層,華廈(10層含以下有電梯),住家用,鋼筋混凝土造,1130520,21.88,1,1,1,有,有,2200000,100548,,0.0,0,其他增建：陽台增建陽台外推；其他增建；,RPPNMLTLOHLGFFB78DA,13.09,0.0,1.74,有,0027
梧棲區,房地(土地+建物),臺中市梧棲區中央路一段４７３之７號,34.5,農,,,1150612,土地1建物1車位0,全,二層,透天厝,農業用,加強磚造,0671222,59.88,3,2,2,有,無,2200000,36740,,0.0,0,親友、員工、共有人或其他特殊關係間之交易；,RPSOMLTLOHLGFFB56DA,59.88,0.0,0.0,無,0028
沙鹿區,土地,太平段568地號,120.72,,,,1150612,土地2建物0車位0,,,其他,,,,0.0,0,0,0,無,無,1570360,13008,,0.0,0,土增稅由買方負擔親友、員工、共有人或其他特殊關係間之交易；包含公共設施保留地用地；,RPRNMLKMOHLGFFB18DA,0.0,0.0,0.0,無,0029
沙鹿區,土地,太平段570地號,10.08,,,,1150612,土地1建物0車位0,,,其他,,,,0.0,0,0,0,無,無,131150,13011,,0.0,0,土增稅由買方負擔親友、員工、共有人或其他特殊關係間之交易；包含公共設施保留地用地；,RPSNMLKMOHLGFFB28DA,0.0,0.0,0.0,無,0030
沙鹿區,土地,太平段571地號,39.9,,,,1150612,土地1建物0車位0,,,其他,,,,0.0,0,0,0,無,無,519010,13008,,0.0,0,土增稅由買方負擔親友、員工、共有人或其他特殊關係間之交易；包含公共設施保留地用地；,RPTNMLKMOHLGFFB38DA,0.0,0.0,0.0,無,0031
梧棲區,房地(土地+建物)+車位,臺中市梧棲區文明街２３６號三樓之６,32.63,住,,,1150601,土地1建物1車位1,三層,十三層,住宅大樓(11層含以上有電梯),住家用,鋼筋混凝土造,1131024,153.97,3,2,2,有,有,14700000,104466,坡道平面,25.22,1250000,,RPROMLKMOHLGFFB28DA,77.11,0.0,6.52,有,
潭子區,土地,興龍段280-3地號,4435.02,,山坡地保育區,農牧用地,1150610,土地1建物0車位0,,,其他,,,,0.0,0,0,0,無,無,500000,113,,0.0,0,,RPRNMLLJPHLGFHB28DA,0.0,0.0,0.0,無,0032
大里區,房地(土地+建物),臺中市大里區塗城路７８７巷９弄２號,90.56,工,,,1150605,土地1建物1車位0,全,二層,透天厝,工業用,加強磚造,0730515,103.73,5,2,2,有,無,2800000,26993,,0.0,0,親友、員工、共有人或其他特殊關係間之交易；,RPTOMLPJOHLGFIB98DA,97.4,0.0,6.33,無,
大肚區,土地,慶順段807地號,112.44,,鄉村區,乙種建築用地,1150604,土地2建物0車位0,,,其他,,,,0.0,0,0,0,無,無,5840000,51939,,0.0,0,,RPUNMLSKOHLGFKB96DA,0.0,0.0,0.0,無,0033
烏日區,土地,三和段186地號,7.52,住,,,1150607,土地1建物0車位0,,,其他,,,,0.0,0,0,0,無,無,292000,38830,,0.0,0,現況供巷道使用親友、員工、共有人或其他特殊關係間之交易；,RPPNMLLJPHLGFIB28EA,0.0,0.0,0.0,無,0034
西屯區,土地,國安段163-4地號,108.94,住,,,1150604,土地1建物0車位0,,,其他,,,,0.0,0,0,0,無,無,12035048,110474,,0.0,0,包含公共設施保留地用地；,RPSTMLNLOHLGFCB78DA,0.0,0.0,0.0,無,0035
西屯區,房地(土地+建物),臺中市西屯區青海路二段２７２號三樓之２,8.33,住,,,1150610,土地1建物1車位0,三層,十二層,住宅大樓(11層含以上有電梯),住家用,鋼筋混凝土造,1140515,39.760000000000005,1,0,1,有,有,6000000,150905,,0.0,0,,RPWOMLPKOHLGFCB78DA,20.01,0.0,2.08,有,
南區,房地(土地+建物),臺中市南區復興路一段２７１號１０樓之４,3.34,住,,,1150614,土地1建物1車位0,十層,十三層,住宅大樓(11層含以上有電梯),住家用,鋼筋混凝土造,0820331,30.25,1,1,1,有,有,2420000,80000,,0.0,0,其他增建；,RPRNMLOKOHLGFAB87DA,21.61,0.0,0.0,有,
西區,房地(土地+建物)+車位,臺中市西區忠明南路１２２號７樓之８,13.54,商,,,1150602,土地1建物1車位1,七層,二十四層,住宅大樓(11層含以上有電梯),住家用,鋼筋混凝土造,0871030,162.81,2,2,1,有,有,13460000,82673,坡道平面,0.0,0,兩戶打通,RPORMLQLOHLGFAB28DA,87.68,0.0,12.82,有,
西區,房地(土地+建物),臺中市西區忠明南路１２２號８樓之８,11.66,商,,,1150602,土地1建物1車位0,八層,二十四層,住宅大樓(11層含以上有電梯),住家用,鋼筋混凝土造,0871030,140.3,3,0,2,有,有,12420000,88525,,0.0,0,兩戶打通,SPORMLQLOHLGFAB38DA,87.68,0.0,12.82,有,
西區,房地(土地+建物),臺中市西區自治街１８８號,61.0,住,,,1150612,土地1建物1車位0,全,三層,透天厝,住家用,鐵筋加強磚造,0620915,151.5,4,0,3,有,無,15600000,102970,,0.0,0,,RPTONLTLOHLGFAB88DA,151.5,0.0,0.0,無,0036
東區,車位,臺中市東區進德路３５１號等公共設施,0.0,,,,1150607,土地0建物1車位1,,,其他,,,,30.03,0,0,0,無,有,2500000,,坡道平面,30.03,2500000,建物坐落地號：泉源段15地號；僅車位交易；,RPOPNLTLOHLGFAB48DA,0.0,0.0,0.0,有,0037
東區,車位,臺中市東區進德路３５１號等公共設施,0.0,,,,1150610,土地0建物1車位1,,,其他,,,,30.03,0,0,0,無,有,2700000,,坡道平面,30.03,2700000,建物坐落地號：泉源段15地號；僅車位交易；,RPPPNLTLOHLGFAB58DA,0.0,0.0,0.0,有,0037
西區,土地,土庫段33-3地號,34.47,住,,,1150608,土地1建物0車位0,,,其他,,,,0.0,0,0,0,無,無,4161210,120720,,0.0,0,包含公共設施保留地用地；,RPUPMLLJPHLGFAB08DA,0.0,0.0,0.0,無,0039
北屯區,房地(土地+建物)+車位,臺中市北屯區南興路９９９號,43.51,住,,,1150615,土地1建物1車位3,一層，見其他登記事項,十二層,住宅大樓(11層含以上有電梯),其他,鋼筋混凝土造,1091124,292.66999999999996,2,1,2,有,有,29800000,101821,坡道平面,131.52,0,,RPUPMLPKOHLGFBB58DA,90.28,0.0,0.0,有,
北區,房地(土地+建物),臺中市北區進化路３５１巷１０號,34.01,住,,,1150607,土地1建物1車位0,一層，騎樓,五層,公寓(5樓含以下無電梯),住商用,鋼筋混凝土造,0700423,79.77,1,1,1,有,無,4200000,52651,,0.0,0,親友、員工、共有人或其他特殊關係間之交易；,RPUPMLMLOHLGFBB38DA,79.77,0.0,0.0,無,
北屯區,房地(土地+建物),臺中市北屯區大連路一段２５２號５樓之１１,21.93,住,,,1150601,土地1建物1車位0,五層,五層,華廈(10層含以下有電梯),住家用,鋼筋混凝土造,0731123,77.47,2,2,2,有,有,4350000,56151,,0.0,0,頂樓加蓋；,RPTNMLTLOHLGFBB78DA,60.52,0.0,7.99,有,0040
北區,房地(土地+建物),臺中市北區太原南一街２０號,105.0,住,,,1150607,土地1建物1車位0,全,二層,透天厝,住家用,加強磚造,0740926,160.48,6,3,3,有,無,17000000,105932,,0.0,0,頂樓加蓋；,RPUNMLTLOHLGFBB88DA,146.64,7.65,6.19,無,
北區,土地,文正段78-67地號,18.0,住,,,1150608,土地2建物0車位0,,,其他,,,,0.0,0,0,0,無,無,1852305,102906,,0.0,0,包含公共設施保留地用地；,RPXPMLLJPHLGFBB48DA,0.0,0.0,0.0,無,0041
南屯區,車位,臺中市南屯區東興西街１１之５號地下二層１號,2.5,住,,,1150614,土地1建物1車位1,地下二層,十二層,其他,辦公室、停車空間,鋼筋混凝土造,0801206,21.5,0,0,0,無,有,1350000,,坡道平面,21.5,1350000,僅車位交易；,RPPNMLOKOHLGFCB87DA,0.0,0.0,0.0,有,0042
西屯區,房地(土地+建物)+車位,臺中市西屯區成都路２７９號八樓之３,19.34,住,,,1150623,土地1建物1車位1,八層,九層,華廈(10層含以下有電梯),住家用,鋼筋混凝土造,0830627,161.22,3,2,2,有,有,13000000,80635,坡道平面,0.0,0,,RPPPMLNLOHLGFCB08DA,97.72,0.0,11.33,有,
西屯區,房地(土地+建物),臺中市西屯區福聯街１５巷９號五樓之４２,3.84,住,,,1150619,土地1建物1車位0,五層,十三層,住宅大樓(11層含以上有電梯),住家用,鋼筋混凝土造,0830908,21.61,1,1,1,有,有,1350000,62471,,0.0,0,,RPSQMLNLOHLGFCB48DA,12.58,0.0,1.35,有,
西屯區,房地(土地+建物)+車位,臺中市西屯區市政路８９號十五樓之５,29.65,商,,,1150602,土地1建物2車位3,十五層,三十九層,住宅大樓(11層含以上有電梯),住家用,鋼骨鋼筋混凝土造,0991124,459.44,3,2,3,有,有,55800000,121452,坡道平面,99.99,0,,RPQTMLNLOHLGFCB58DA,203.7,10.85,23.08,有,
西屯區,土地,西屯段2358地號,4.53,住,,,1150609,土地4建物0車位0,,,其他,,,,0.0,0,0,0,無,無,1096560,242066,,0.0,0,親友、員工、共有人或其他特殊關係間之交易；,RPTOMLQLOHLGFCB68DA,0.0,0.0,0.0,無,0043
西屯區,房地(土地+建物),臺中市西屯區至善路１２１巷６號三樓之９,3.57,住,,,1150615,土地1建物1車位0,三層,十二層,住宅大樓(11層含以上有電梯),住家用,鋼筋混凝土造,0821014,26.75,1,0,1,有,有,2200000,82243,,0.0,0,,RPTQMLTLOHLGFCB56DA,16.25,0.0,1.86,有,
南屯區,土地,楓興段150-3地號,165.31,農,,,1150605,土地1建物0車位0,,,其他,,,,0.0,0,0,0,無,無,5000000,30246,,0.0,0,含土地增值稅或其他稅費80158元；含地政士服務費3000元；親友、員工、共有人或其他特殊關係間之交易；,RPWRMLLJPHLGFCB68DA,0.0,0.0,0.0,無,0044
豐原區,土地,朝陽段590地號,306.24,都市：其他:第一之二種住宅區,,,1150609,土地3建物0車位0,,,其他,,,,0.0,0,0,0,無,無,5175287,16899,,0.0,0,,RPQNMLMKOHLGFDB87DA,0.0,0.0,0.0,無,
后里區,土地,圳寮段385地號,3.34,,山坡地保育區,農牧用地,1150618,土地1建物0車位0,,,其他,,,,0.0,0,0,0,無,無,3600,1078,,0.0,0,,RPQOMLSKOHLGFDB58DA,0.0,0.0,0.0,無,0045
大甲區,房地(土地+建物),臺中市大甲區青二路１１巷２之１號,76.0,,工業區,丁種建築用地,1150601,土地1建物1車位0,全,三層,透天厝,住家用,鋼筋混凝土造,0810526,132.05,4,2,3,有,無,6800000,51496,,0.0,0,其他增建；,RPRNMLLJPHLGFEB97DA,132.05,0.0,0.0,無,
梧棲區,房地(土地+建物),臺中市梧棲區居仁街６３巷１８號二樓之５,6.83,住,,,1150620,土地1建物1車位0,二層,五層,華廈(10層含以下有電梯),住家用,鋼筋混凝土造,1130429,19.67,1,0,1,有,有,2380000,120996,,0.0,0,,RPQNMLNLOHLGFFB28DA,11.58,0.0,2.18,有,0046
新社區,土地,國校段175地號,183.06,住,,,1150624,土地4建物0車位0,,,其他,,,,0.0,0,0,0,無,無,900000,4916,,0.0,0,,RPPNMLOLOHLGFGB38DA,0.0,0.0,0.0,無,
潭子區,房地(土地+建物),臺中市潭子區圓通南路１１４巷４５號,68.06,住,,,1150605,土地1建物1車位0,全,二層,透天厝,住商用,加強磚造,0690618,98.75,3,2,2,有,無,2229978,22582,,0.0,0,親友、員工、共有人或其他特殊關係間之交易；,RPTNMLKMOHLGFHB58DA,98.75,0.0,0.0,無,
大里區,房地(土地+建物),臺中市大里區龍城街３４號,18.69,住,,,1150612,土地1建物1車位0,一層,七層,華廈(10層含以下有電梯),商業用,鋼筋混凝土造,0820716,97.78,3,2,2,有,有,5760000,58908,,0.0,0,,RPOOMLOLOHLGFIB58DA,74.93,0.0,0.0,有,0047
霧峰區,房地(土地+建物)+車位,臺中市霧峰區吉峰西路１９巷６號,96.06,,鄉村區,乙種建築用地,1150615,土地2建物1車位1,全,四層,透天厝,住家用,鋼筋混凝土造,0830401,245.15,5,2,3,有,無,9000000,36712,其他,0.0,0,,RPWOMLKMOHLGFIB09DA,241.93,1.72,1.5,無,
烏日區,土地,中山段515-25地號,23.15,住,,,1150617,土地2建物0車位0,,,其他,,,,0.0,0,0,0,無,無,2100859,90750,,0.0,0,,RPTNMLLJPHLGFIB58DA,0.0,0.0,0.0,無,0048
太平區,土地,瑞欣段32-3地號,57.0,工,,,1150608,土地2建物0車位0,,,其他,,,,0.0,0,0,0,無,無,4138200,72600,,0.0,0,,RPPNMLRKOHLGFJB88DA,0.0,0.0,0.0,無,
太平區,土地,瑞欣段27-3地號,53.0,工,,,1150608,土地2建物0車位0,,,其他,,,,0.0,0,0,0,無,無,1303800,24600,,0.0,0,包含公共設施保留地用地；,RPQNMLRKOHLGFJB98DA,0.0,0.0,0.0,無,
太平區,房地(土地+建物),臺中市太平區振福路６３９巷２５號,206.64,住,,,1150603,土地2建物1車位0,全,二層,透天厝,住家用,加強磚造,0771230,168.39,6,3,5,有,無,28200000,167468,,0.0,0,其他增建：後院跟進到3樓其他增建；,RPWNMLMLOHLGFJB56DA,157.32,0.0,11.07,無,0049
太平區,土地,萬福段261地號,128.94,,一般農業區,農牧用地,1150624,土地1建物0車位0,,,其他,,,,0.0,0,0,0,無,無,2535000,19660,,0.0,0,,RPROMLKMOHLGFJB68DA,0.0,0.0,0.0,無,0050
龍井區,土地,遊園北段96-1地號,42.66,都市：其他:保護區,,,1150613,土地2建物0車位0,,,其他,,,,0.0,0,0,0,無,無,1032800,24210,,0.0,0,,RPQNMLQLOHLGFKB09DA,0.0,0.0,0.0,無,
龍井區,土地,中山段464地號,6.93,農,,,1150622,土地1建物0車位0,,,其他,,,,0.0,0,0,0,無,無,127600,18413,,0.0,0,,RPPNMLKMOHLGFKB48DA,0.0,0.0,0.0,無,0051
西區,房地(土地+建物),臺中市西區梅川東路１段５２號９樓之７,3.25,住,,,1150608,土地1建物1車位0,九層,十一層,住宅大樓(11層含以上有電梯),住家用,鋼筋混凝土造,0830620,28.79,1,1,1,有,有,2400000,83362,,0.0,0,,RPQNMLKKOHLGFAB37DA,17.75,1.48,0.0,有,0052
中區,房地(土地+建物),臺中市中區臺灣大道一段３８８號六樓之九,3.04,商,,,1150606,土地5建物1車位0,六層,十二層,住宅大樓(11層含以上有電梯),商業用,鋼筋混凝土造,0710630,29.59,1,0,1,有,有,1650000,55762,,0.0,0,,RPRNMLKKOHLGFAB47DA,20.52,0.0,0.0,有,0053
南區,車位,臺中市南區德富路３０號等公共設施,0.0,,,,1150603,土地0建物1車位1,,,其他,,,,26.64,0,0,0,無,有,1000000,,坡道平面,26.64,1000000,建物坐落地號：樹子腳段1282地號；僅車位交易；,RPPNMLKMOHLGFAB47DA,0.0,0.0,0.0,有,0054
東區,土地,東勢子段34-142地號,16.32,住,,,1150625,土地1建物0車位0,,,其他,,,,0.0,0,0,0,無,無,2470000,151348,,0.0,0,親友、員工、共有人或其他特殊關係間之交易；,RPWOMLMJPHLGFAB28DA,0.0,0.0,0.0,無,0055
北屯區,房地(土地+建物)+車位,臺中市北屯區文心路四段１３５號１０樓之２,8.74,住,,,1150603,土地1建物1車位1,十層,十五層,住宅大樓(11層含以上有電梯),住家用,鋼筋混凝土造,0960829,92.36,2,1,1,有,有,10500000,113686,坡道機械,12.23,0,,RPOPMLPLOHLGFBB08DA,44.85,1.42,9.8,有,
北區,房地(土地+建物)+車位,臺中市北區雙十路二段１０１號３樓之７,14.15,住,,,1150603,土地2建物1車位1,三層,十四層,住宅大樓(11層含以上有電梯),辦公用,鋼筋混凝土造,0880816,121.9,0,0,0,無,有,7350000,60295,坡道機械,6.48,0,,RPSPMLPLOHLGFBB48DA,59.74,0.0,4.52,有,0056
北屯區,房地(土地+建物),臺中市北屯區安順四街２號５樓之１,5.0,商,,,1150601,土地1建物1車位0,五層,七層,華廈(10層含以下有電梯),住家用,鋼筋混凝土造,0811120,36.120000000000005,1,1,1,有,有,3000000,83056,,0.0,0,,RPXOMLQLOHLGFBB98DA,25.96,0.0,2.14,有,
北屯區,房地(土地+建物)+車位,臺中市北屯區松義街１５８之３６號７樓之１,26.25,住,,,1150601,土地1建物1車位1,七層,十二層,住宅大樓(11層含以上有電梯),住家用,鋼筋混凝土造,0860127,154.44,4,2,2,有,有,10000000,64750,坡道平面,0.0,0,,RPQPMLTLOHLGFBB68DA,92.6,0.0,11.23,有,
西屯區,土地,協安段359-1地號,53.22,農,,,1150625,土地1建物0車位0,,,其他,,,,0.0,0,0,0,無,無,2584363,48560,,0.0,0,政府機關標讓售；,RPVOMLKMOHLGFCB38DA,0.0,0.0,0.0,無,
西屯區,土地,廣順段59-1地號,231.74,農,,,1150605,土地1建物0車位0,,,其他,,,,0.0,0,0,0,無,無,34500000,148874,,0.0,0,,RPPPMLMJPHLGFCB87DA,0.0,0.0,0.0,無,0057
西屯區,土地,廣昌段86-6地號,788.82,農,,,1150605,土地2建物0車位0,,,其他,,,,0.0,0,0,0,無,無,31000000,39299,,0.0,0,,RPQPMLMJPHLGFCB97DA,0.0,0.0,0.0,無,0058
西屯區,房地(土地+建物),臺中市西屯區大墩十九街２５７號八樓之１,4.94,住,,,1150602,土地1建物1車位0,八層,九層,華廈(10層含以下有電梯),住家用,鋼筋混凝土造,0850701,38.17,1,1,1,有,有,3500000,91695,,0.0,0,親友、員工、共有人或其他特殊關係間之交易；,RPPNMLNJPHLGFCB77DA,20.81,0.0,3.11,有,0059
豐原區,房地(土地+建物),臺中市豐原區朴子街１９６號,882.01,農,,,1150608,土地1建物1車位0,全,二層,透天厝,農業用,鋼筋混凝土造,0930331,115.2,4,2,2,有,無,18000000,156250,,0.0,0,其他增建；,RPPNMLMKOHLGFDB77DA,115.2,0.0,0.0,無,
神岡區,土地,李洲段285地號,103.87,,特定農業區,農牧用地,1150616,土地1建物0車位0,,,其他,,,,0.0,0,0,0,無,無,2167767,20870,,0.0,0,政府機關標讓售；,RPPNMLSLOHLGFDB48DA,0.0,0.0,0.0,無,
梧棲區,房地(土地+建物),臺中市梧棲區興農路１６５巷３９號,80.45,住,,,1150602,土地1建物1車位0,全,四層,透天厝,住家用,鋼筋混凝土造,1140609,217.74,4,3,5,有,無,19000000,87260,,0.0,0,其他增建；,RPTNMLQLOHLGFFB88DA,200.35,0.0,17.39,有,
石岡區,土地,崁子下段813地號,52.01,,鄉村區,乙種建築用地,1150624,土地1建物0車位0,,,其他,,,,0.0,0,0,0,無,無,2200000,42300,,0.0,0,未登記建物；,RPPNMLPLOHLGFGB48DA,0.0,0.0,0.0,無,0060
新社區,土地,中正段173地號,319.01,,特定農業區,農牧用地,1150614,土地1建物0車位0,,,其他,,,,0.0,0,0,0,無,無,2100000,6583,,0.0,0,親友、員工、共有人或其他特殊關係間之交易；,RPQNMLPLOHLGFGB58DA,0.0,0.0,0.0,無,
大里區,土地,樹王段756地號,3.1,,鄉村區,乙種建築用地,1150625,土地2建物0車位0,,,其他,,,,0.0,0,0,0,無,無,224742,72497,,0.0,0,協議價購；,RPPNMLNLOHLGFIB48DA,0.0,0.0,0.0,無,0061
太平區,土地,信平段515地號,58.0,農,,,1150612,土地1建物0車位0,,,其他,,,,0.0,0,0,0,無,無,2900000,50000,,0.0,0,,RPRNMLMJPHLGFJB58DA,0.0,0.0,0.0,無,
東區,房地(土地+建物)+車位,臺中市東區一心街４０２號十二樓之２,20.38,商,,,1150613,土地1建物1車位1,十二層,十五層,住宅大樓(11層含以上有電梯),住家用,鋼筋混凝土造,1060922,163.3,3,2,2,有,有,16380000,107959,坡道平面,25.47,1500000,,RPRNMLNKOHLGFAB77DA,80.83,3.2,9.83,有,0062
南區,房地(土地+建物),臺中市南區學府路９８巷１１號三樓,13.0,住,,,1150625,土地1建物1車位0,三層,五層,公寓(5樓含以下無電梯),住家用,鋼筋混凝土造,0681218,31.49,3,2,2,有,無,1700000,53985,,0.0,0,,RPTOMLLJPHLGFAB87DA,31.49,0.0,0.0,無,
中區,土地,柳川段二小段50-2地號,10.0,商,,,1150624,土地2建物0車位0,,,其他,,,,0.0,0,0,0,無,無,1260000,126000,,0.0,0,交易總價含土地上未辦保存登記建物建物為二層透天總面積108.79平方公尺。未登記建物；,RPWOMLLJPHLGFAB18DA,0.0,0.0,0.0,無,
中區,房地(土地+建物),臺中市中區成功路１２８巷１８號二樓之８,4.8,商,,,1150625,土地1建物1車位0,二層,五層,公寓(5樓含以下無電梯),辦公用,鋼筋混凝土造,0730424,21.86,0,0,0,無,無,290000,13266,,0.0,0,親友、員工、共有人或其他特殊關係間之交易；,RPVOMLMJPHLGFAB18DA,13.44,0.0,0.0,無,0063
北區,房地(土地+建物),臺中市北區篤行路３９４之２號,8.08,住,,,1150605,土地1建物1車位0,三層,七層,華廈(10層含以下有電梯),商業用,鋼筋混凝土造,0731006,35.13,1,0,1,有,有,1600000,45545,,0.0,0,,RPTOMLLKOHLGFBB97DA,28.43,0.0,0.0,有,
北區,房地(土地+建物)+車位,臺中市北區北興街７７號三樓之２,39.66,住,,,1150612,土地3建物1車位1,三層,十一層,住宅大樓(11層含以上有電梯),住家用,鋼筋混凝土造,1041016,215.76999999999998,4,2,2,有,有,24000000,111230,坡道平面,30.45,0,,RPVNNLOLOHLGFBB58DA,106.6,4.63,12.22,有,0064
北區,車位,臺中市北區梅川西路四段１４７號地下三層,0.0,,,,1150622,土地0建物1車位1,地下三層,十七層,其他,停車空間，防空避難室,鋼筋混凝土造,0831122,12.3,0,0,0,無,有,400000,,坡道機械,0.0,400000,建物坐落地號：東義段40地號；僅車位交易；,RPTOMLPLOHLGFBB48DA,0.0,0.0,0.0,有,0065
北區,房地(土地+建物),臺中市北區篤行路３９４之３號,8.08,住,,,1150605,土地1建物1車位0,四層,七層,華廈(10層含以下有電梯),商業用,鋼筋混凝土造,0731006,35.13,1,0,1,有,有,1600000,45545,,0.0,0,,RPSOMLNJPHLGFBB08DA,28.43,0.0,0.0,有,
北區,房地(土地+建物)+車位,臺中市北區中清路一段６０８號六樓之１１,5.01,住,,,1150613,土地1建物1車位1,六層,二十層,住宅大樓(11層含以上有電梯),住家用,鋼筋混凝土造,0880616,65.67,1,0,1,有,有,4900000,74616,坡道平面,0.0,0,,RPPNMLQJPHLGFBB97DA,19.89,0.0,3.81,有,
西屯區,房地(土地+建物)+車位,臺中市西屯區市政路６０號三樓之１,33.1,都市：其他:第三種新市政中心專用區,,,1150612,土地1建物1車位4,三層,二十二層,住宅大樓(11層含以上有電梯),住家用,鋼筋混凝土造,1010927,499.05,4,2,3,有,有,53880000,143102,坡道平面,178.44,8000000,,RPSOMLOLOHLGFCB38DA,185.27,8.51,22.72,有,
西屯區,房地(土地+建物)+車位,臺中市西屯區智惠街４６號三樓之３,25.68,住,,,1150603,土地1建物1車位1,三層,七層,華廈(10層含以下有電梯),住家用,鋼筋混凝土造,1140814,132.79,3,2,2,有,有,17080000,128624,坡道平面,36.32,0,,RPQPMLOLOHLGFCB28DA,56.36,0.0,5.04,有,0066
西屯區,房地(土地+建物)+車位,臺中市西屯區臺灣大道三段６３０之１號六樓之９,9.05,商,,,1150604,土地4建物1車位1,六層,二十三層,住宅大樓(11層含以上有電梯),住家用,鋼筋混凝土造,1140826,131.25,2,1,1,有,有,16200000,123429,坡道平面,40.0,0,,RPOOMLQLOHLGFCB18DA,52.88,0.0,5.63,有,0067
西屯區,房地(土地+建物)+車位,臺中市西屯區大墩二十街９６號九樓之２,20.34,商,,,1150601,土地1建物1車位1,九層,十二層,住宅大樓(11層含以上有電梯),住家用,鋼筋混凝土造,1020904,183.8,4,2,2,有,有,23090000,125626,一樓平面,0.0,0,,RPPQMLTLOHLGFCB78DA,90.5,1.1,12.33,有,
西屯區,房地(土地+建物),臺中市西屯區西屯路二段２８５號二樓之６,14.45,商,,,1150615,土地2建物1車位0,二層,九層,華廈(10層含以下有電梯),住家用,鋼筋混凝土造,0830523,98.88999999999999,3,3,3,有,有,8600000,86965,,0.0,0,,RPXQMLMJPHLGFCB78DA,62.02,2.39,0.0,有,0068
大安區,土地,安田段701地號,218.41,,特定農業區,農牧用地,1150610,土地2建物0車位0,,,其他,,,,0.0,0,0,0,無,無,500000,2289,,0.0,0,親友、員工、共有人或其他特殊關係間之交易；,RPSNMLKKOHLGFEB97DA,0.0,0.0,0.0,無,
外埔區,房地(土地+建物),臺中市外埔區中山路２０１號,70.5,住,,,1150624,土地1建物1車位0,全,三層,透天厝,住家用,鋼筋混凝土造,1140509,185.86,4,3,3,有,無,13000000,69945,,0.0,0,本案拆價內容如下土地售價為新台幣455萬元整建物售價為新台幣845萬元整親友、員工、共有人或其他特殊關係間之交易；陽台外推；其他增建；,RPQNMLTLOHLGFEB78DA,169.23,0.0,16.63,無,
霧峰區,土地,五福段1038-3地號,29.26,,特定農業區,交通用地,1150616,土地3建物0車位0,,,其他,,,,0.0,0,0,0,無,無,757542,25890,,0.0,0,政府機關標讓售；,RPUNMLNJPHLGFIB88DA,0.0,0.0,0.0,無,
東區,房地(土地+建物)+車位,臺中市東區進德路３５７號十三樓之２,14.12,商,,,1150606,土地1建物1車位1,十三層,二十八層,住宅大樓(11層含以上有電梯),住家用,鋼筋混凝土造,1140521,171.74,3,2,2,有,有,22600000,131594,坡道平面,30.03,0,,RPRQMLKMOHLGFAB97DA,84.33,0.0,7.59,有,0069
南區,車位,臺中市南區工學北路７１巷６號等公共設施,0.0,,,,1150603,土地0建物1車位3,,,其他,,,,29.54,0,0,0,無,有,1350000,,坡道機械,29.55,1350000,建物坐落地號：下橋子頭段218-117地號；僅車位交易；,RPOOMLLJPHLGFAB37DA,0.0,0.0,0.0,有,0070
西區,房地(土地+建物),臺中市西區五權三街３３１號,79.0,住,,,1150612,土地1建物1車位0,全,二層,透天厝,住商用,加強磚造,0650731,114.45,3,4,4,有,無,25380000,221756,,0.0,0,頂樓加蓋；其他增建；,RPSOMLLJPHLGFAB77DA,114.45,0.0,0.0,無,0071
南區,房地(土地+建物),臺中市南區復興路一段２７１號１１樓之５,3.34,住,,,1150608,土地1建物1車位0,十一層,十三層,住宅大樓(11層含以上有電梯),住家用,鋼筋混凝土造,0820331,30.25,1,0,1,有,有,2380000,78678,,0.0,0,,RPSNMLMJPHLGFAB77DA,21.61,0.0,0.0,有,
東區,房地(土地+建物),臺中市東區建仁街２３號５樓之１,14.13,住,,,1150620,土地2建物1車位0,五層,七層,華廈(10層含以下有電梯),住家用,鋼筋混凝土造,0831125,79.35000000000001,2,1,1,有,無,4800000,60491,,0.0,0,花台增建陽台外推；其他增建；,RPTNMLQJPHLGFAB28DA,58.91,2.31,6.65,有,
北屯區,土地,洲際段710地號,178.64,住,,,1150624,土地3建物0車位0,,,其他,,,,0.0,0,0,0,無,無,29720000,166368,,0.0,0,,RPXPNLMLOHLGFBB78DA,0.0,0.0,0.0,無,
北屯區,房地(土地+建物),臺中市北屯區陳平路６５巷１９號,6.93,住,,,1150620,土地1建物1車位0,一層，騎樓,九層,華廈(10層含以下有電梯),辦公用,鋼筋混凝土造,0880118,49.38,1,1,1,有,有,6000000,121507,,0.0,0,夾層；,RPWNMLQLOHLGFBB78DA,35.9,0.0,2.7,有,0072
北區,房地(土地+建物)+車位,臺中市北區陝西路２９號三樓之８,15.78,住,,,1150609,土地1建物1車位1,三層,九層,華廈(10層含以下有電梯),住家用,鋼筋混凝土造,1000523,135.85,3,2,2,有,有,16000000,117777,坡道平面,23.27,0,,RPROMLTLOHLGFBB68DA,66.1,1.57,8.72,有,0073
北屯區,房地(土地+建物)+車位,臺中市北屯區信平路１３６號二樓之１２,19.32,都市：其他:第二種創新研發專用區,,,1150607,土地1建物1車位1,二層,九層,華廈(10層含以下有電梯),住家用,鋼筋混凝土造,1120927,103.41,2,2,1,有,有,14000000,135383,坡道平面,26.2,0,,RPXPMLKMOHLGFBB58DA,46.61,0.0,4.03,有,0074
北屯區,房地(土地+建物),臺中市北屯區青島路四段２４５號６樓,15.7,住,,,1150616,土地1建物1車位0,六層,七層,華廈(10層含以下有電梯),住家用,鋼筋混凝土造,0830430,75.37,2,1,1,有,有,5250000,69656,,0.0,0,,RPTOMLLJPHLGFBB97DA,50.73,0.0,3.92,有,0075
北區,房地(土地+建物),臺中市北區育德路１３１巷６號三樓之１,15.38,住,,,1150609,土地3建物1車位0,三層,五層,公寓(5樓含以下無電梯),住家用,鋼筋混凝土造,0710728,53.59,2,1,1,有,無,3000000,55981,,0.0,0,,RPWPMLLJPHLGFBB38DA,46.24,0.0,4.47,無,
北屯區,房地(土地+建物),臺中市北屯區水湳路１１１巷２０之１號,49.75,住,,,1150625,土地1建物1車位0,二層,四層,公寓(5樓含以下無電梯),住家用,鋼筋混凝土造,0700324,98.29,4,2,2,有,無,4500000,45783,,0.0,0,親友、員工、共有人或其他特殊關係間之交易；,RPSNMLMJPHLGFBB87DA,90.81,0.0,0.0,無,0076
北區,房地(土地+建物),臺中市北區文心路四段１９０號５樓之９,7.33,住,,,1150607,土地1建物1車位0,五層,十四層,住宅大樓(11層含以上有電梯),住家用,鋼筋混凝土造,0951225,70.5,1,1,1,有,有,6700000,95035,,0.0,0,陽台外推；,RPTNMLMJPHLGFBB97DA,42.95,0.0,7.12,有,0077
北屯區,房地(土地+建物),臺中市北屯區瀋陽路一段５１號,22.94,住,,,1150623,土地2建物1車位0,一層，二層，騎樓,十四層,住宅大樓(11層含以上有電梯),住商用,鋼筋混凝土造,0830718,212.43,0,0,0,無,有,20000000,94149,,0.0,0,親友、員工、共有人或其他特殊關係間之交易；,RPRNMLNJPHLGFBB87DA,168.39,0.0,5.18,有,
南屯區,土地,鎮南段211-38地號,137.0,農,,,1150622,土地1建物0車位0,,,其他,,,,0.0,0,0,0,無,無,8360000,61022,,0.0,0,,RPRRMLMLOHLGFCB38DA,0.0,0.0,0.0,無,
西屯區,房地(土地+建物),臺中市西屯區河南路二段３０１巷２６號七樓之８,3.09,商,,,1150619,土地2建物1車位0,七層,十層,華廈(10層含以下有電梯),住家用,鋼筋混凝土造,0811120,28.34,1,0,1,有,有,2400000,84686,,0.0,0,,RPQOMLPLOHLGFCB28DA,17.66,0.0,3.86,有,
西屯區,房地(土地+建物),臺中市西屯區工業區一路５８巷１１弄６號十樓之５７,6.21,住,,,1150601,土地1建物1車位0,十層,十二層,住宅大樓(11層含以上有電梯),住家用,鋼筋混凝土造,0800911,36.75,1,0,1,有,有,3200000,87075,,0.0,0,,RPUOMLTLOHLGFCB09DA,23.53,0.0,3.04,有,0078
西屯區,土地,永林段492-5地號,16.07,農,,,1150615,土地1建物0車位0,,,其他,,,,0.0,0,0,0,無,無,875815,54500,,0.0,0,政府機關標讓售；,RPPNMLLJPHLGFCB57DA,0.0,0.0,0.0,無,
西屯區,房地(土地+建物),臺中市西屯區福聯街１５巷９號三樓之３１,5.63,住,,,1150621,土地1建物1車位0,三層,十三層,住宅大樓(11層含以上有電梯),住家用,鋼筋混凝土造,0830908,31.349999999999998,1,0,1,有,有,2200000,70175,,0.0,0,,RPRPMLMJPHLGFCB08DA,18.64,0.0,1.44,有,
西屯區,房地(土地+建物)+車位,臺中市西屯區工業區一路５８巷２５號十樓之２,26.23,住,,,1150603,土地1建物1車位1,十層,十二層,住宅大樓(11層含以上有電梯),住家用,鋼筋混凝土造,1060124,214.54,4,2,2,有,有,27200000,126783,坡道平面,0.0,0,,RPVOMLQJPHLGFCB78DA,112.67,4.51,12.86,有,
梧棲區,房地(土地+建物)+車位,臺中市梧棲區八德東路６３號二十六樓之１１,6.5,商,,,1150604,土地1建物1車位1,二十六層,二十八層,住宅大樓(11層含以上有電梯),住家用,鋼筋混凝土造,1140606,97.88,2,2,1,有,有,6000000,61300,坡道平面,24.74,0,,RPRNMLTLOHLGFFB98DA,45.06,0.0,3.66,有,0079
梧棲區,房地(土地+建物),臺中市梧棲區立德街１４３巷２６號四樓之１,19.55,住,,,1150606,土地1建物1車位0,四層,十二層,住宅大樓(11層含以上有電梯),住家用,鋼筋混凝土造,1120831,82.9,2,2,1,有,有,4500000,54282,,0.0,0,親友、員工、共有人或其他特殊關係間之交易；,RPUNMLMJPHLGFFB48DA,51.73,0.0,3.78,有,0080
沙鹿區,房地(土地+建物)+車位,臺中市沙鹿區民族路５０號三樓之８,17.67,住,,,1150601,土地1建物1車位1,三層,十層,華廈(10層含以下有電梯),住家用,鋼筋混凝土造,1120414,109.03,2,2,2,有,有,7200000,66037,坡道平面,25.22,0,,RPOPMLNJPHLGFFB18DA,50.56,0.0,5.58,有,0081
沙鹿區,土地,南勢段1225地號,84.75,住,,,1150622,土地1建物0車位0,,,其他,,,,0.0,0,0,0,無,無,2260000,26667,,0.0,0,親友、員工、共有人或其他特殊關係間之交易；,RPVOMLQJPHLGFFB09DA,0.0,0.0,0.0,無,
沙鹿區,土地,正英段793地號,108.57,住,,,1150615,土地1建物0車位0,,,其他,,,,0.0,0,0,0,無,無,8539367,78653,,0.0,0,,RPWNMLRJPHLGFFB56DA,0.0,0.0,0.0,無,
大雅區,房地(土地+建物)+車位,臺中市大雅區雅環路二段８６巷３２號二樓之３,19.51,住,,,1150601,土地1建物1車位1,二層,八層,華廈(10層含以下有電梯),住家用,鋼筋混凝土造,0830806,117.86,3,2,2,有,有,8000000,67877,坡道機械,0.0,0,,RPQNMLTLOHLGFHB09DA,73.17,5.1,10.34,有,
潭子區,房地(土地+建物)+車位,臺中市潭子區弘智一街１６８號十樓之５,31.06,住,,,1150625,土地1建物1車位2,十層,十二層,住宅大樓(11層含以上有電梯),住家用,鋼筋混凝土造,1140421,181.89,3,2,2,有,有,16780000,92254,坡道平面,72.46,0,,RPRNMLKMOHLGFHB38DA,65.67,0.0,6.96,有,0082
潭子區,房地(土地+建物)+車位,臺中市潭子區雅豐街１１０巷１６號九樓,20.91,住,,,1150603,土地1建物1車位1,九層,十層,華廈(10層含以下有電梯),住家用,鋼筋混凝土造,0850124,120.93,3,2,2,有,有,8130000,67229,坡道機械,0.0,0,,RPSNMLKMOHLGFHB48DA,76.16,0.0,7.4,有,
大雅區,房地(土地+建物),臺中市大雅區神林南路１１５巷２３號,19.26,住,,,1150612,土地1建物1車位0,一層，二層,十層,華廈(10層含以下有電梯),住商用,鋼筋混凝土造,0830426,105.66999999999999,3,2,2,有,有,8880000,84035,,0.0,0,,RPQNMLNJPHLGFHB38DA,80.32,2.82,2.82,有,0083
大里區,土地,健民段310地號,96.27,,鄉村區,乙種建築用地,1150603,土地1建物0車位0,,,其他,,,,0.0,0,0,0,無,無,3250000,33759,,0.0,0,,RPOOMLMKOHLGFIB28DA,0.0,0.0,0.0,無,0084
大里區,房地(土地+建物)+車位,臺中市大里區永隆九街１３６巷１１號,57.88,住,,,1150624,土地2建物1車位1,全,四層,透天厝,其他,鋼筋混凝土造,0900514,169.09,3,2,3,有,無,17350000,102608,一樓平面,0.0,0,頂樓加蓋；,RPWNMLTLOHLGFIB17DA,169.09,0.0,0.0,無,
烏日區,土地,高學田段813-3地號,82.77,,,,1150625,土地3建物0車位0,,,其他,,,,0.0,0,0,0,無,無,3755690,45375,,0.0,0,親友、員工、共有人或其他特殊關係間之交易；,RPPNMLRJPHLGFIB78DA,0.0,0.0,0.0,無,
太平區,房地(土地+建物),臺中市太平區中山路一段３１４巷６號三樓之３,7.32,,鄉村區,乙種建築用地,1150607,土地2建物1車位0,三層,五層,公寓(5樓含以下無電梯),住家用,鋼筋混凝土造,0851129,18.29,1,0,1,有,無,1000000,54675,,0.0,0,,RPUNMLNJPHLGFJB98DA,14.49,0.0,0.0,無,
太平區,房地(土地+建物),臺中市太平區中山路一段３１４巷６號三樓之５,7.95,,鄉村區,乙種建築用地,1150607,土地2建物1車位0,三層,五層,公寓(5樓含以下無電梯),住家用,鋼筋混凝土造,0851129,22.900000000000002,1,0,1,有,無,1250000,54585,,0.0,0,,SPUNMLNJPHLGFJB09DA,18.18,0.92,0.0,無,
大肚區,房地(土地+建物),臺中市大肚區沙田路一段３２０巷３３之３８號,336.08,,山坡地保育區,丁種建築用地,1150601,土地1建物1車位0,全,一層,透天厝,工業用,鋼造,0870206,186.32,0,0,0,無,無,31000000,166380,,0.0,0,,RPRNMLRKOHLGFKB56DA,186.32,0.0,0.0,無,
潭子區,土地,潭北段50-4地號,1156.67,農,,,1150606,土地7建物0車位0,,,其他,,,,0.0,0,0,0,無,無,8909318,7703,,0.0,0,,RPPNMLQJPHLGFHB68EA,0.0,0.0,0.0,無,
霧峰區,土地,萬斗六段944-108地號,5520.0,,山坡地保育區,丙種建築用地,1150609,土地3建物0車位0,,,其他,,,,0.0,0,0,0,無,無,187200000,33913,,0.0,0,,RPPNMLRJPHLGFIB88EA,0.0,0.0,0.0,無,0085
龍井區,土地,田水段277-1地號,2.89,住,,,1150601,土地1建物0車位0,,,其他,,,,0.0,0,0,0,無,無,50990,17644,,0.0,0,地清或未辦繼承標售；,RPPNMLNJPHLGFKB68EA,0.0,0.0,0.0,無,
南區,房地(土地+建物),臺中市南區南和路８８巷３５號,33.42,住,,,1150616,土地1建物1車位0,一層,四層,公寓(5樓含以下無電梯),住家用,鋼筋混凝土造,0671106,76.0,3,2,1,有,無,3000000,39474,,0.0,0,親友、員工、共有人或其他特殊關係間之交易；,RPVNMLQKOHLGFAB48DA,76.0,0.0,0.0,無,
南區,房地(土地+建物),臺中市南區復興路一段３１９之２０號六樓之二十,8.99,商,,,1150622,土地2建物1車位0,六層,十二層,住宅大樓(11層含以上有電梯),住家用,鋼筋混凝土造,0941219,67.81,1,1,1,有,有,6800000,100280,,0.0,0,其他增建；,RPWQMLMLOHLGFAB58DA,37.91,0.0,5.56,有,
中區,土地,柳川段六小段5-15地號,224.0,商,,,1150622,土地3建物0車位0,,,其他,,,,0.0,0,0,0,無,無,47100999,210272,,0.0,0,政府機關標讓售；,RPXOMLMJPHLGFAB38DA,0.0,0.0,0.0,無,
南區,房地(土地+建物)+車位,臺中市南區信義南街１１２號６樓之３,19.08,住,,,1150611,土地5建物1車位1,六層,十五層,住宅大樓(11層含以上有電梯),住家用,鋼筋混凝土造,0851012,161.99,3,2,2,有,有,12000000,74074,坡道平面,0.0,0,陽台外推；,RPOPMLMJPHLGFAB57DA,86.17,0.0,10.4,有,
西區,房地(土地+建物),臺中市西區中美街３７９巷３號五樓,32.0,住,,,1150614,土地1建物1車位0,五層,五層,公寓(5樓含以下無電梯),住家用,鋼筋混凝土造,0681001,91.07,3,2,2,有,無,2357200,25883,,0.0,0,親友、員工、共有人或其他特殊關係間之交易；,RPVNMLNJPHLGFAB18DA,91.07,0.0,0.0,無,
南區,土地,頂橋子頭段367-25地號,15.93,商,,,1150604,土地2建物0車位0,,,其他,,,,0.0,0,0,0,無,無,720000,45198,,0.0,0,包含公共設施保留地用地；,RPUTMLOJPHLGFAB78DA,0.0,0.0,0.0,無,
北屯區,房地(土地+建物)+車位,臺中市北屯區昌平五街２８６號二樓之１,47.9,住,,,1150614,土地1建物1車位1,二層,十四層,住宅大樓(11層含以上有電梯),住家用,鋼筋混凝土造,1130722,209.47000000000003,3,2,2,有,有,39280000,205659,坡道平面,30.63,2500000,,RPQNMLTLOHLGFBB48DA,106.36,0.0,10.43,有,
北屯區,房地(土地+建物)+車位,臺中市北屯區瀋陽路三段３８９號六樓之５,23.06,住,,,1150619,土地1建物1車位1,六層,九層,華廈(10層含以下有電梯),住家用,鋼筋混凝土造,1060627,118.88999999999999,2,2,1,有,有,12980000,109177,坡道平面,34.16,0,,RPWOMLTLOHLGFBB56DA,47.81,5.27,3.15,有,
北屯區,房地(土地+建物)+車位,臺中市北屯區太順路８７號四樓之２,18.93,住,,,1150608,土地1建物1車位1,四層,十五層,住宅大樓(11層含以上有電梯),住家用,鋼筋混凝土造,1080424,155.98,3,2,2,有,有,13100000,83985,坡道平面,27.55,0,公契與私契權利人不一。,RPVNMLMJPHLGFBB18DA,74.53,3.06,9.79,有,
北區,房地(土地+建物),臺中市北區中山路３７１號六樓之２１,9.89,商,,,1150612,土地1建物1車位0,六層,九層,華廈(10層含以下有電梯),住家用,鋼筋混凝土造,0840113,75.71,1,1,2,有,有,5380000,71061,,0.0,0,,RPWNMLRJPHLGFBB78DA,47.36,0.0,6.83,有,
北屯區,房地(土地+建物)+車位,臺中市北屯區文心路四段２８８號十五樓之１２,10.58,住,,,1150616,土地1建物1車位1,十五層,二十二層,住宅大樓(11層含以上有電梯),住家用,鋼筋混凝土造,1020725,124.76,2,2,2,有,有,13280000,106444,坡道平面,27.23,0,,RPUNMLSJPHLGFBB68DA,57.2,3.87,4.66,有,
西屯區,房地(土地+建物),臺中市西屯區西安街２７７巷２５弄２號二樓之７０,4.02,住,,,1150618,土地1建物1車位0,二層,八層,華廈(10層含以下有電梯),住家用,鋼筋混凝土造,0880529,26.590000000000003,1,0,1,有,有,2220000,83490,,0.0,0,,RPOTMLNLOHLGFCB38DA,14.22,0.0,1.95,有,
西屯區,房地(土地+建物),臺中市西屯區中清路二段１２５０巷１１０號七樓,23.21,住,,,1150608,土地2建物1車位0,七層,七層,華廈(10層含以下有電梯),住家用,鋼筋混凝土造,0790716,119.61999999999999,5,0,5,有,有,7500000,62699,,0.0,0,陽台外推；其他增建；,RPXNMLTLOHLGFCB66DA,86.94,0.0,16.16,有,
南屯區,房地(土地+建物)+車位,臺中市南屯區三和街２１５號四樓之１,20.57,住,,,1150602,土地1建物1車位2,四層,十五層,住宅大樓(11層含以上有電梯),住家用,鋼筋混凝土造,1130207,184.92000000000002,3,2,2,有,有,27360000,147956,坡道平面,55.24,0,,RPPNMLKMOHLGFCB67DA,78.32,0.0,6.32,有,
西屯區,土地,西屯段2265-4地號,12.67,,,,1150602,土地2建物0車位0,,,其他,,,,0.0,0,0,0,無,無,1532800,120979,,0.0,0,包含公共設施保留地用地；,RPQNMLNJPHLGFCB87DA,0.0,0.0,0.0,無,
西屯區,房地(土地+建物)+車位,臺中市西屯區臺灣大道三段７６３號十三樓之１１,6.32,商,,,1150610,土地1建物1車位1,十三層,三十六層,住宅大樓(11層含以上有電梯),住家用,鋼骨造,1141028,120.24000000000001,2,1,1,有,有,11270000,93729,坡道平面,31.25,0,,RPTQMLQJPHLGFCB78DA,49.29,4.73,4.27,有,
豐原區,土地,順豐段214-2地號,114.39,農,,,1150611,土地1建物0車位0,,,其他,,,,0.0,0,0,0,無,無,5190000,45371,,0.0,0,親友、員工、共有人或其他特殊關係間之交易；未登記建物；,RPPNMLNKOHLGFDB87DA,0.0,0.0,0.0,無,
豐原區,土地,翁明段178-1地號,116.36,商,,,1150616,土地1建物0車位0,,,其他,,,,0.0,0,0,0,無,無,29615947,254520,,0.0,0,,RPSNMLNJPHLGFDB18DA,0.0,0.0,0.0,無,
神岡區,土地,圳前段247地號,445.08,都市：其他:道路用地,,,1150629,土地1建物0車位0,,,其他,,,,0.0,0,0,0,無,無,8064000,18118,,0.0,0,,RPRUMLRJPHLGFDB56DA,0.0,0.0,0.0,無,
外埔區,土地,三崁段269地號,43.22,,特定農業區,甲種建築用地,1150606,土地1建物0車位0,,,其他,,,,0.0,0,0,0,無,無,1200000,27765,,0.0,0,,RPPNMLTLOHLGFEB68DA,0.0,0.0,0.0,無,
梧棲區,房地(土地+建物)+車位,臺中市梧棲區港埠路二段１３８號十一樓之５,11.42,住,,,1150601,土地2建物1車位1,十一層,十二層,住宅大樓(11層含以上有電梯),住家用,鋼筋混凝土造,1131206,77.82,2,1,1,有,有,5200000,66821,坡道機械,16.54,0,,RPUNMLLJPHLGFFB38DA,41.15,0.0,3.13,有,
梧棲區,房地(土地+建物)+車位,臺中市梧棲區大德路１０１巷６９之５號,74.0,住,,,1150608,土地2建物1車位1,全,四層,透天厝,住家用,鋼筋混凝土造,1150114,180.46,3,1,4,有,無,14500000,80350,一樓平面,0.0,0,,RPVNMLLJPHLGFFB48DA,166.37,0.0,14.09,無,
梧棲區,房地(土地+建物)+車位,臺中市梧棲區八德東路６７號十九樓之１,13.23,商,,,1150601,土地1建物1車位1,十九層,二十八層,住宅大樓(11層含以上有電梯),住家用,鋼筋混凝土造,1140606,173.01,4,2,2,有,有,10500000,60690,坡道平面,24.74,0,,RPOOMLLJPHLGFFB87DA,88.79,0.0,9.94,有,
沙鹿區,土地,正義段204地號,295.51,住,,,1150630,土地1建物0車位0,,,其他,,,,0.0,0,0,0,無,無,24635888,83367,,0.0,0,地清或未辦繼承標售；,RPPPMLQJPHLGFFB58DA,0.0,0.0,0.0,無,
梧棲區,土地,三民段1361地號,131.0,住,,,1150616,土地1建物0車位0,,,其他,,,,0.0,0,0,0,無,無,16881315,128865,,0.0,0,,RPWNMLSJPHLGFFB66DA,0.0,0.0,0.0,無,
潭子區,房地(土地+建物)+車位,臺中市潭子區昌平路三段１５０巷１５弄２２號,19.02,住,,,1150604,土地1建物1車位1,一層,五層,華廈(10層含以下有電梯),住家用,鋼筋混凝土造,0850930,87.49,2,2,1,有,有,6500000,74294,坡道機械,0.0,0,陽台外推；其他增建；,RPPNMLPLOHLGFHB58DA,49.58,0.0,5.04,有,
潭子區,房地(土地+建物),臺中市潭子區大明一路１４號,71.22,住,,,1150602,土地1建物1車位0,全,二層,透天厝,住家用,加強磚造,0650409,113.98,3,2,2,有,無,8000000,70188,,0.0,0,親友、員工、共有人或其他特殊關係間之交易；,RPQNMLQJPHLGFHB68DA,113.98,0.0,0.0,無,
烏日區,房地(土地+建物)+車位,臺中市烏日區三榮十八路２３號十樓之３,26.25,住,,,1150604,土地1建物1車位1,十層,十二層,住宅大樓(11層含以上有電梯),住家用,鋼筋混凝土造,1131127,118.02,2,2,1,有,有,12000000,101678,坡道平面,26.89,0,,RPVOMLKMOHLGFIB98DA,52.59,0.0,7.57,有,
烏日區,建物,臺中市烏日區日新街５６巷５號,0.0,,,,1150625,土地0建物1車位3,一層,十一層,住宅大樓(11層含以上有電梯),辦公用,鋼筋混凝土造,1150513,293.1,0,0,1,有,有,12500000,38327,坡道平面,78.63,4280000,建物坐落地號：自治段159地號；,RPRRMLQJPHLGFIB66DA,132.42,0.0,7.99,有,
太平區,房地(土地+建物),臺中市太平區永平南路４５號二樓之２１,5.6,住,,,1150617,土地1建物1車位0,二層,四層,華廈(10層含以下有電梯),辦公用,鋼筋混凝土造,0970707,14.35,1,1,1,有,有,1060000,73868,,0.0,0,夾層；,RPTNMLMLOHLGFJB88DA,8.16,0.93,0.0,有,
太平區,房地(土地+建物)+車位,臺中市太平區坪林路１５號七樓之８,22.54,,鄉村區,乙種建築用地,1150617,土地1建物1車位1,七層,八層,華廈(10層含以下有電梯),住家用,鋼筋混凝土造,1141022,92.64,2,2,2,有,有,8230000,86610,坡道機械,7.43,850000,,RPOOMLQLOHLGFJB88DA,52.93,0.0,3.13,有,
太平區,房地(土地+建物),臺中市太平區長億六街１２３巷１９號,71.0,住,,,1150611,土地1建物1車位0,全,三層,透天厝,住商用,鋼筋混凝土造,0820310,182.72,4,2,3,有,無,8000000,43783,,0.0,0,親友、員工、共有人或其他特殊關係間之交易；,RPSPMLLJPHLGFJB78DA,165.24,6.34,11.14,無,
大肚區,房地(土地+建物),臺中市大肚區太平路１巷２弄７號,83.15,,鄉村區,乙種建築用地,1150617,土地1建物1車位0,全,二層,透天厝,住商用,加強磚造,0691201,98.43,5,2,2,有,無,7500000,76196,,0.0,0,頂樓加蓋；其他增建；,RPPNMLMJPHLGFKB48DA,98.43,0.0,0.0,無,
龍井區,土地,田水段154-1地號,1200.0,農,,,1150620,土地1建物0車位0,,,其他,,,,0.0,0,0,0,無,無,6000000,5000,,0.0,0,親友、員工、共有人或其他特殊關係間之交易；,RPOOMLQJPHLGFKB88DA,0.0,0.0,0.0,無,
西屯區,房地(土地+建物)+車位,臺中市西屯區臺灣大道三段７６３號三十一樓之１３,6.08,商,,,1150625,土地1建物1車位1,三十一層,三十六層,住宅大樓(11層含以上有電梯),住家用,鋼骨造,1141028,118.74000000000001,2,2,1,有,有,13300000,112009,坡道平面,33.35,0,,RPPNMLRJPHLGFCB28EA,49.04,3.0,3.92,有,
西區,房地(土地+建物)+車位,臺中市西區中美街８號五樓之一,35.16,商,,,1150517,土地3建物1車位2,五層,十二層,住宅大樓(11層含以上有電梯),住家用,鋼筋混凝土造,0960521,344.6,3,2,3,有,有,36800000,106790,坡道平面,46.35,0,,RPVNMLMKOHLGFAB08DA,179.25,11.83,20.75,有,0086
南區,房地(土地+建物),臺中市南區忠明南路４８０號３樓,12.39,住,,,1150529,土地1建物1車位0,三層,十三層,住宅大樓(11層含以上有電梯),住家用,鋼筋混凝土造,0830111,108.56,3,2,2,有,有,7600000,70007,,0.0,0,,RPPNMLNKOHLGFAB57DA,77.75,0.0,5.72,有,
西區,房地(土地+建物)+車位,臺中市西區梅川西路二段１８之１０號１４樓,10.6,住,,,1150503,土地1建物1車位1,十四層，十五層,二十七層,住宅大樓(11層含以上有電梯),住家用,鋼筋混凝土造,0941223,140.28,3,2,2,有,有,13400000,95523,坡道平面,29.78,0,陽台外推；其他增建；,RPPPMLQKOHLGFAB08DA,67.62,3.57,10.46,有,0087
南區,房地(土地+建物),臺中市南區信義南街８１巷１１號１７樓之２,8.05,住,,,1150529,土地3建物1車位0,十七層,十八層,住宅大樓(11層含以上有電梯),住家用,鋼筋混凝土造,0851005,56.730000000000004,1,2,1,有,有,4750000,83730,,0.0,0,其他增建；,RPSQMLMLOHLGFAB18DA,32.29,0.0,6.78,有,0088
北區,房地(土地+建物)+車位,臺中市北區進化路５２５號十樓之６,9.03,商,,,1150521,土地1建物1車位1,十層,二十四層,住宅大樓(11層含以上有電梯),住家用,鋼筋混凝土造,1140116,111.12,2,2,1,有,有,11000000,98992,坡道平面,28.74,0,,RPXQMLMJOHLGFBB58DA,50.32,0.0,5.11,有,0089
北屯區,房地(土地+建物)+車位,臺中市北屯區建和路一段４２８號十三樓之２,23.21,住,,,1150504,土地1建物1車位1,十三層,十四層,住宅大樓(11層含以上有電梯),住家用,鋼筋混凝土造,1030923,161.07999999999998,3,2,2,有,有,14450000,89707,坡道平面,29.99,0,,RPVNMLMKOHLGFBB18DA,76.7,3.27,7.72,有,0090
北屯區,房地(土地+建物)+車位,臺中市北屯區崇德十六路１７２號八樓之７,14.9,住,,,1150512,土地2建物1車位1,八層,十五層,住宅大樓(11層含以上有電梯),住家用,鋼筋混凝土造,1081122,124.31,2,2,1,有,有,15800000,127102,坡道平面,33.07,0,,RPQOMLPKOHLGFBB08DA,56.09,1.2,3.84,有,0091
北屯區,房地(土地+建物)+車位,臺中市北屯區和福路１３２號六樓之１,17.59,商,,,1150520,土地1建物1車位1,六層,十五層,住宅大樓(11層含以上有電梯),住家用,鋼筋混凝土造,1031027,171.01999999999998,3,2,2,有,有,15000000,87709,升降機械,8.99,0,,RPQPMLQKOHLGFBB28DA,100.87,1.32,10.36,有,
北屯區,房地(土地+建物),臺中市北屯區修齊街１３巷２３號,44.0,商,,,1150529,土地2建物1車位0,一層，二層，騎樓,七層,華廈(10層含以下有電梯),住商用,鋼筋混凝土造,0800622,214.18,2,3,3,有,有,9350000,43655,,0.0,0,其他增建:廚房其他增建；,RPWPNLMLOHLGFBB68DA,135.47,7.2,4.04,有,
北屯區,房地(土地+建物),臺中市北屯區四平路３８７巷８５號,84.0,住,,,1150508,土地2建物1車位0,全,二層,透天厝,住家用,加強磚造,0750630,129.25,3,2,2,有,無,13000000,100580,,0.0,0,壹樓空地頂樓加蓋；其他增建；,RPXPNLOLOHLGFBB98DA,114.63,10.16,4.46,無,
北屯區,車位,臺中市北屯區祥順路一段４２０號等公共設施,1.34,住,,,1150525,土地1建物1車位1,,,其他,,,,20.63,0,0,0,無,無,2000000,,坡道平面,20.63,2000000,僅車位交易；,RPSOMLPLOHLGFBB38DA,0.0,0.0,0.0,無,
北區,房地(土地+建物)+車位,臺中市北區東光東街７１號七樓,11.26,住,,,1150525,土地1建物1車位1,七層,十七層,住宅大樓(11層含以上有電梯),住家用,鋼筋混凝土造,0831214,88.69,3,2,1,有,有,6660000,75093,坡道機械,0.0,0,,RPQNMLQLOHLGFBB18DA,51.2,0.0,11.16,有,0092
南屯區,土地,永春段317地號,208.27,住,,,1150508,土地1建物0車位0,,,其他,,,,0.0,0,0,0,無,無,37800000,181495,,0.0,0,,RPROMLSJNHLGFCB38DA,0.0,0.0,0.0,無,0093
西屯區,房地(土地+建物)+車位,臺中市西屯區文中路５號七樓,47.39,住,,,1150517,土地1建物1車位1,七層，八層,八層,華廈(10層含以下有電梯),住家用,鋼筋混凝土造,0840208,289.35,6,2,3,有,有,17000000,58752,升降機械,0.0,1000000,其他增建；,RPQNMLRKNHLGFCB18DA,199.9,3.26,22.85,有,
南屯區,房地(土地+建物)+車位,臺中市南屯區龍富路四段９２號二十二樓,47.26,住,,,1150508,土地4建物1車位2,二十二層,二十六層,住宅大樓(11層含以上有電梯),住家用,鋼筋混凝土造,1100217,240.44,3,2,2,有,有,38000000,158044,坡道平面,50.6,0,,RPWOMLNJOHLGFCB48DA,106.22,6.03,11.13,有,0094
西屯區,房地(土地+建物)+車位,臺中市西屯區西屯路二段２９６之２０號七樓之３,17.83,住,,,1150525,土地1建物1車位1,七層,八層,華廈(10層含以下有電梯),住家用,鋼筋混凝土造,0820611,128.88,3,2,2,有,有,9300000,72160,坡道機械,0.0,0,其他增建；,RPRPMLQLOHLGFCB58DA,81.86,3.81,13.5,有,
豐原區,房地(土地+建物),臺中市豐原區圓環東路２８１巷１０號,75.0,住,,,1150520,土地1建物1車位0,全,三層,透天厝,住商用,加強磚造,0710225,168.41,6,2,3,有,無,3640000,21614,,0.0,0,親友、員工、共有人或其他特殊關係間之交易；其他增建；,RPTNMLPLNHLGFDB48DA,161.81,0.0,6.6,無,
后里區,土地,中和西段525-4地號,701.02,,特定農業區,農牧用地,1150526,土地2建物0車位0,,,其他,,,,0.0,0,0,0,無,無,5100000,7275,,0.0,0,,RPPNMLQLOHLGFDB28DA,0.0,0.0,0.0,無,0095
神岡區,土地,新和段623地號,532.75,,一般農業區,農牧用地,1150515,土地1建物0車位0,,,其他,,,,0.0,0,0,0,無,無,4028888,7562,,0.0,0,地清或未辦繼承標售；,RPPNMLTLOHLGFDB58DA,0.0,0.0,0.0,無,
大甲區,土地,五里牌段278-4地號,428.0,,特定農業區,農牧用地,1150530,土地1建物0車位0,,,其他,,,,0.0,0,0,0,無,無,300000,701,,0.0,0,農作物；,RPSNMLSKOHLGFEB78DA,0.0,0.0,0.0,無,
沙鹿區,土地,犁份東段591地號,3287.68,都市：其他:保護區,,,1150508,土地1建物0車位0,,,其他,,,,0.0,0,0,0,無,無,35800000,10889,,0.0,0,,RPQNMLSJOHLGFFB58DA,0.0,0.0,0.0,無,
梧棲區,房地(土地+建物)+車位,臺中市梧棲區中正路５２３巷２３號三樓之５,48.21,住,,,1150517,土地1建物1車位1,三層,五層,華廈(10層含以下有電梯),住家用,鋼筋混凝土造,1071114,166.59,3,2,2,有,有,9000000,54025,一樓平面,4.62,0,,RPOOMLLKOHLGFFB87DA,99.11,0.0,14.05,有,0096
東勢區,房地(土地+建物),臺中市東勢區中泰街６７號,100.33,住,,,1150513,土地2建物1車位0,全,三層,透天厝,住家用,鋼筋混凝土造,1150402,164.97,3,2,4,有,無,16700000,101231,,0.0,0,,RPPNMLTLOHLGFGB88DA,153.64,0.0,11.33,無,
大雅區,房地(土地+建物),臺中市大雅區中清路三段１１３２巷１２號七樓之１,20.55,商,,,1150523,土地1建物1車位0,七層,十四層,住宅大樓(11層含以上有電梯),住家用,鋼筋混凝土造,1030122,145.91,3,2,2,有,有,13200000,90467,,0.0,0,,RPROMLPJOHLGFHB68DA,84.6,5.62,9.16,有,
潭子區,房地(土地+建物),臺中市潭子區興華一路１４１巷９１弄７號五樓,12.24,住,,,1150516,土地1建物1車位0,五層,九層,華廈(10層含以下有電梯),住家用,鋼筋混凝土造,0870310,73.59,3,2,1,有,有,5500000,74738,,0.0,0,陽台外推；,RPSNMLSJOHLGFHB98DA,48.45,0.0,7.46,有,
大里區,房地(土地+建物),臺中市大里區好來三街５０號二樓之２,46.05,,鄉村區,乙種建築用地,1150520,土地2建物1車位0,二層,五層,華廈(10層含以下有電梯),住家用,鋼筋混凝土造,1140528,83.27,2,2,2,有,無,11360000,136424,,0.0,0,,RPRNMLMLNHLGFIB48DA,54.38,0.0,8.44,有,
大里區,房地(土地+建物)+車位,臺中市大里區樹王路２５５號十樓之２,24.7,,鄉村區,乙種建築用地,1150529,土地2建物1車位1,十層,十一層,住宅大樓(11層含以上有電梯),住家用,鋼筋混凝土造,1070214,129.81,2,2,1,有,有,13200000,101687,坡道平面,36.48,0,,RPVNMLNJOHLGFIB88DA,58.53,0.0,3.72,有,0097
烏日區,房地(土地+建物)+車位,臺中市烏日區三榮北一路１９號十一樓之３,15.96,商,,,1150516,土地1建物1車位1,十一層,十五層,住宅大樓(11層含以上有電梯),住家用,鋼筋混凝土造,1080605,125.56,2,2,1,有,有,12600000,100350,坡道平面,30.99,0,,RPRNMLKKOHLGFIB28DA,55.83,0.0,8.97,有,0098
大里區,房地(土地+建物),臺中市大里區益民路二段１８１巷１２號,111.0,住,,,1150523,土地1建物1車位0,全,四層,透天厝,住商用,鋼筋混凝土造,0830610,239.25,9,3,4,有,無,20580000,86019,,0.0,0,頂樓加蓋；其他增建；,RPUNMLPLOHLGFIB56DA,215.08,3.74,20.43,無,
太平區,房地(土地+建物),臺中市太平區東平路６４０巷１號五樓,14.98,住,,,1150520,土地2建物1車位0,五層,十二層,住宅大樓(11層含以上有電梯),住家用,鋼筋混凝土造,0820909,113.42,3,2,2,有,有,6500000,57309,,0.0,0,包含公共設施保留地用地；,RPVQMLSKOHLGFJB27DA,87.37,2.28,10.96,有,
太平區,土地,永成段194-1地號,166.72,住,,,1150505,土地2建物0車位0,,,其他,,,,0.0,0,0,0,無,無,19000000,113964,,0.0,0,,RPWNMLNLOHLGFJB66DA,0.0,0.0,0.0,無,
太平區,房地(土地+建物)+車位,臺中市太平區建興路２２巷２０之２號五樓,21.39,住,,,1150512,土地1建物1車位1,五層,七層,華廈(10層含以下有電梯),住家用,鋼筋混凝土造,0821027,127.72,3,2,2,有,有,8000000,62637,升降機械,0.0,0,親友、員工、共有人或其他特殊關係間之交易；,RPUNMLQLOHLGFJB76DA,74.63,3.78,13.0,有,
龍井區,房地(土地+建物)+車位,臺中市龍井區竹師路二段１１１巷５１號十樓之３,23.69,住,,,1150520,土地1建物1車位1,十層,十二層,住宅大樓(11層含以上有電梯),住家用,鋼筋混凝土造,1140909,104.4,2,2,2,有,有,9000000,96310,坡道機械,18.22,700000,,RPPNMLTJOHLGFKB09DA,51.57,0.0,5.58,有,
龍井區,土地,遠東段604-4地號,18.63,住,,,1150527,土地1建物0車位0,,,其他,,,,0.0,0,0,0,無,無,1200000,64412,,0.0,0,,RPPNMLNLOHLGFKB68DA,0.0,0.0,0.0,無,0099
大肚區,土地,瑞井段184地號,73.61,,鄉村區,乙種建築用地,1150520,土地1建物0車位0,,,其他,,,,0.0,0,0,0,無,無,2250000,30566,,0.0,0,地清或未辦繼承標售；,RPSNMLQLOHLGFKB66DA,0.0,0.0,0.0,無,
南區,房地(土地+建物),臺中市南區五權南路２９６巷５號,31.44,住,,,1150506,土地1建物1車位0,一層,五層,公寓(5樓含以下無電梯),住家用,鋼筋混凝土造,0700220,91.2,4,2,3,有,無,8400000,92105,,0.0,0,,RPPNMLQLOHLGFAB08EA,91.2,0.0,0.0,無,
大安區,土地,新龜段562地號,40.01,,特定農業區,甲種建築用地,1150505,土地1建物0車位0,,,其他,,,,0.0,0,0,0,無,無,102420,2560,,0.0,0,地清或未辦繼承標售；,RPPNMLMLOHLGFEB08EA,0.0,0.0,0.0,無,
東區,房地(土地+建物),臺中市東區龍安街３７號,79.54,住,,,1150519,土地2建物1車位0,全,四層,透天厝,住商用,鋼筋混凝土造,0880717,195.06,5,3,3,有,無,17720000,90844,,0.0,0,其他增建：壹樓空地、一、二、三樓後面空地增建。其他增建；,RPUNMLTLNHLGFAB68DA,173.75,1.83,17.1,無,
南區,房地(土地+建物)+車位,臺中市南區復興路二段７１巷３２號六樓之１,13.45,住,,,1150530,土地1建物1車位1,六層,十四層,住宅大樓(11層含以上有電梯),住家用,鋼筋混凝土造,1140722,117.1,2,2,1,有,有,12150000,103757,坡道平面,33.88,0,,RPRNMLSKOHLGFAB28DA,50.77,0.0,4.31,有,0100
東區,房地(土地+建物),臺中市東區大智路１９２巷７號,68.12,,,,1150505,土地1建物1車位0,全,一層,透天厝,住家用,木造,0500201,57.02,2,2,1,有,無,7200000,126271,,0.0,0,,RPRNMLNLOHLGFAB87DA,57.02,0.0,0.0,無,
西區,房地(土地+建物),臺中市西區中美街２５３巷２６號,67.0,住,,,1150525,土地1建物1車位0,全,二層,透天厝,住家用,見其他登記事項,0571204,78.86,4,2,2,有,無,9800000,124271,,0.0,0,其他增建；,RPVOMLPLOHLGFAB58DA,78.86,0.0,0.0,無,
南區,房地(土地+建物),臺中市南區大慶街二段７巷２號６樓,7.9,住,,,1150531,土地2建物1車位0,六層,十二層,住宅大樓(11層含以上有電梯),住家用,鋼筋混凝土造,0820524,68.13,3,1,3,有,有,6200000,91002,,0.0,0,陽台外推；,RPPONLQLOHLGFAB18DA,46.49,3.08,8.86,有,0101
西區,土地,後子段108-10地號,18.0,,,,1150525,土地1建物0車位0,,,其他,,,,0.0,0,0,0,無,無,2195550,121975,,0.0,0,,RPTPNLTLOHLGFAB98DA,0.0,0.0,0.0,無,
北區,房地(土地+建物)+車位,臺中市北區中清路一段８０號二樓之１,9.55,商,,,1150503,土地2建物1車位2,二層,十三層,住宅大樓(11層含以上有電梯),住家用,鋼筋混凝土造,0850601,105.5,2,2,2,有,有,7700000,72986,坡道機械,0.0,0,含租約；,RPTNMLQJNHLGFBB18DA,52.75,0.0,0.0,有,0102
北屯區,土地,鑫新平段383地號,1640.28,住,,,1150515,土地2建物0車位0,,,其他,,,,0.0,0,0,0,無,無,263278000,160508,,0.0,0,產權、股份移轉,RPSNMLPKNHLGFBB08DA,0.0,0.0,0.0,無,0103
北屯區,房地(土地+建物)+車位,臺中市北屯區環太東路５６３號十二樓之３,23.22,住,,,1150510,土地1建物1車位1,十二層,十五層,住宅大樓(11層含以上有電梯),住家用,鋼筋混凝土造,1130605,147.26,3,2,2,有,有,12700000,86242,坡道平面,27.6,0,,RPTQMLNJOHLGFBB28DA,70.91,0.0,9.16,有,0104
北區,房地(土地+建物),臺中市北區英士路１０６巷８之３號,32.43,住,,,1150517,土地3建物1車位0,四層,五層,公寓(5樓含以下無電梯),住家用,鋼筋混凝土造,0680305,97.46,3,2,1,有,無,5580000,57254,,0.0,0,,RPSNMLTJOHLGFBB48DA,88.77,0.0,8.69,無,
北屯區,房地(土地+建物),臺中市北屯區文昌二街２巷７號１２樓,16.65,住,,,1150530,土地1建物1車位0,十二層,十二層,住宅大樓(11層含以上有電梯),住家用,鋼筋混凝土造,0851003,131.81,3,2,2,有,有,6200000,47037,,0.0,0,受民情風俗因素影響；,RPPNMLNKOHLGFBB67DA,89.38,1.06,8.23,有,0105
北屯區,房地(土地+建物),臺中市北屯區東山路一段８３號,78.0,商,,,1150524,土地1建物1車位0,全,三層,透天厝,住商用,鋼筋混凝土造,0660127,134.7,5,3,3,有,無,18150000,134744,,0.0,0,其他增建:壹樓空地、頂樓、鐵皮屋頂增建、天井其他增建；,RPTQMLQKOHLGFBB68DA,134.7,0.0,0.0,無,
北區,房地(土地+建物)+車位,臺中市北區博館一街６號３樓之５,28.33,住,,,1150509,土地5建物1車位1,三層,十二層,住宅大樓(11層含以上有電梯),住家用,鋼筋混凝土造,0790512,211.07999999999998,5,2,2,有,有,16300000,77222,坡道平面,0.0,0,陽台外推；,RPRNMLNLOHLGFBB97DA,137.18,5.34,14.43,有,
北屯區,房地(土地+建物),臺中市北屯區后庄路１０８８號,89.0,住,,,1150513,土地1建物1車位0,全,三層,透天厝,住商用,鋼筋混凝土造,0730110,196.12,6,2,3,有,無,21000000,107077,,0.0,0,頂樓加蓋；,RPVOMLQLOHLGFBB78DA,179.67,2.77,13.68,無,
北屯區,房地(土地+建物)+車位,臺中市北屯區太原路三段１２９９號七樓之７,14.5,住,,,1150505,土地1建物1車位1,七層,十五層,住宅大樓(11層含以上有電梯),住家用,鋼筋混凝土造,1101108,145.25,2,2,2,有,有,15500000,106713,坡道平面,35.18,0,,RPPQMLQLOHLGFBB38DA,63.99,3.9,5.35,有,0106
北區,房地(土地+建物),臺中市北區五常街３８０號十樓之５,2.67,商,,,1150508,土地1建物1車位0,十層,十七層,住宅大樓(11層含以上有電梯),住家用,鋼筋混凝土造,0971128,30.130000000000003,1,1,1,有,有,3680000,122137,,0.0,0,夾層；,RPRPMLTLOHLGFBB78DA,17.02,0.0,1.48,有,
北屯區,房地(土地+建物)+車位,臺中市北屯區南興路９６９號七樓之３,15.42,住,,,1150502,土地1建物1車位1,七層,十二層,住宅大樓(11層含以上有電梯),住家用,鋼筋混凝土造,1140915,112.22,2,2,2,有,有,11550000,102923,坡道平面,38.0,0,,RPSPMLTLOHLGFBB88DA,45.53,0.0,3.53,有,0107
南屯區,房地(土地+建物)+車位,臺中市南屯區黎明路二段４２７號九樓之７,10.32,住,,,1150507,土地1建物1車位1,九層,十六層,住宅大樓(11層含以上有電梯),住家用,鋼筋混凝土造,0840919,110.04,2,2,1,有,有,9380000,85242,坡道機械,0.0,0,陽台外推；,RPXPMLLKNHLGFCB48DA,60.58,0.0,9.51,有,
西屯區,房地(土地+建物)+車位,臺中市西屯區安和一街３６號十樓之２,27.52,住,,,1150504,土地2建物1車位1,十層,十四層,住宅大樓(11層含以上有電梯),住家用,鋼筋混凝土造,1090408,125.33,2,2,1,有,無,17400000,138833,坡道平面,30.36,0,,RPSOMLMKNHLGFCB97DA,56.44,0.0,6.93,有,0108
西屯區,房地(土地+建物)+車位,臺中市西屯區皇城街７８號十一樓之３,27.64,住,,,1150524,土地1建物1車位1,十一層,十四層,住宅大樓(11層含以上有電梯),住家用,鋼筋混凝土造,0960625,172.39,3,2,2,有,有,15380000,89216,坡道平面,0.0,0,,RPPNMLOLNHLGFCB87DA,93.14,0.0,11.49,有,
西屯區,房地(土地+建物)+車位,臺中市西屯區惠中三街２１號十七樓之３,29.08,都市：其他:第六種新市政中心專用區,,,1150504,土地1建物1車位2,十七層,三十四層,住宅大樓(11層含以上有電梯),住家用,鋼骨鋼筋混凝土造,1020207,511.46000000000004,4,2,5,有,有,56000000,109490,坡道平面,49.42,0,,RPQOMLMJOHLGFCB77DA,252.54,15.92,40.79,有,
西屯區,房地(土地+建物)+車位,臺中市西屯區西屯路三段１６６之９８號二十二樓之５,25.5,住,,,1150511,土地1建物1車位1,二十二層,二十五層,住宅大樓(11層含以上有電梯),住家用,鋼筋混凝土造,1041008,247.21,4,2,2,有,有,17400000,70386,坡道平面,26.98,0,親友、員工、共有人或其他特殊關係間之交易；,RPTOMLMJOHLGFCB08DA,125.94,7.44,15.27,有,
南屯區,房地(土地+建物)+車位,臺中市南屯區寶山東二街１６號八樓之１,13.84,住,,,1150516,土地1建物1車位1,八層,十二層,住宅大樓(11層含以上有電梯),住家用,鋼筋混凝土造,0980901,104.91999999999999,2,2,1,有,有,11700000,111514,坡道機械,11.6,0,,RPTOMLTJOHLGFCB78DA,56.31,1.96,7.14,有,0109
西屯區,房地(土地+建物),臺中市西屯區長安路二段１１３號,41.6,住,,,1150525,土地1建物1車位0,一層，二層，三層，騎樓,十二層,住宅大樓(11層含以上有電梯),住商用,鋼筋混凝土造,0791022,253.05,2,3,4,有,有,16800000,66390,,0.0,0,陽台外推；,RPOOMLSKOHLGFCB28DA,183.54,8.52,18.15,有,0110
西屯區,房地(土地+建物)+車位,臺中市西屯區福吉街３號八樓之１,16.27,住,,,1150504,土地1建物1車位1,八層,十五層,住宅大樓(11層含以上有電梯),住家用,鋼筋混凝土造,1110217,117.62,2,1,1,有,有,16990000,144448,坡道平面,26.18,0,,RPWSMLNLOHLGFCB09DA,53.89,0.0,3.78,有,0111
南屯區,土地,春安段793-3地號,160.99,都市：其他:排水道,,,1150520,土地2建物0車位0,,,其他,,,,0.0,0,0,0,無,無,19009699,118080,,0.0,0,包含公共設施保留地用地；,RPQNMLOLOHLGFCB08DA,0.0,0.0,0.0,無,0112
后里區,房地(土地+建物),臺中市后里區四月路４９之１６號,108.02,,特定農業區,甲種建築用地,1150510,土地2建物1車位0,全,四層,透天厝,住家用,鋼筋混凝土造,1140909,169.31,4,2,3,有,無,15580000,92021,,0.0,0,,RPTNMLOLOHLGFDB48DA,149.66,0.0,19.65,無,
后里區,房地(土地+建物),臺中市后里區四月路４９之２５號,134.79,,特定農業區,甲種建築用地,1150510,土地2建物1車位0,全,四層,透天厝,住家用,鋼筋混凝土造,1140909,179.4,4,2,3,有,無,16380000,91304,,0.0,0,,RPUNMLOLOHLGFDB58DA,158.87,0.0,20.53,無,
豐原區,房地(土地+建物),臺中市豐原區南陽路國民新村９１號,6.7,住,,,1150520,土地1建物1車位0,全,二層,透天厝,住家用,磚造,0520116,12.94,4,2,2,有,無,360000,27821,,0.0,0,頂樓加蓋；,RPTNMLPLOHLGFDB58DA,12.94,0.0,0.0,無,
神岡區,房地(土地+建物),臺中市神岡區神清路２２１巷７號,40.26,住,,,1150508,土地1建物1車位0,全,二層,透天厝,住家用,加強磚造,0651020,63.13,3,2,1,有,無,3000000,47521,,0.0,0,親友、員工、共有人或其他特殊關係間之交易；未登記建物；,RPSNMLTLOHLGFDB88DA,63.13,0.0,0.0,無,
外埔區,土地,大東段185地號,1695.76,,特定農業區,農牧用地,1150531,土地2建物0車位0,,,其他,,,,0.0,0,0,0,無,無,10000000,5897,,0.0,0,含土地增值稅或其他稅費；含地政士服務費；,RPPPMLPJOHLGFEB28DA,0.0,0.0,0.0,無,0026
外埔區,房地(土地+建物),臺中市外埔區長生路９９８號,81.76,,鄉村區,乙種建築用地,1150514,土地1建物1車位0,全,二層,透天厝,住家用,鋼筋混凝土加強磚造,0650525,79.56,5,3,2,有,無,3800000,47763,,0.0,0,親友、員工、共有人或其他特殊關係間之交易；,RPUNMLMKOHLGFEB38DA,79.56,0.0,0.0,無,
大甲區,房地(土地+建物)+車位,臺中市大甲區中山路二段５６６巷２８號二樓之１,42.23,住,,,1150503,土地2建物1車位1,二層,九層,華廈(10層含以下有電梯),住家用,鋼筋混凝土造,1120824,134.76999999999998,3,2,2,有,有,6850000,50827,坡道機械,17.18,0,,RPRNMLQLOHLGFEB58DA,84.13,0.0,7.61,有,0114
外埔區,土地,水美東段146地號,3309.43,,特定農業區,農牧用地,1150513,土地2建物0車位0,,,其他,,,,0.0,0,0,0,無,無,6363030,1923,,0.0,0,本案交易總價包含水美東段146、147、148地號3筆土地增值稅未登記建物；,RPRNMLKMOHLGFEB08DA,0.0,0.0,0.0,無,
外埔區,土地,水美東段147地號,1339.92,,特定農業區,農牧用地,1150513,土地1建物0車位0,,,其他,,,,0.0,0,0,0,無,無,7701270,5748,,0.0,0,未登記建物；,SPRNMLKMOHLGFEB18DA,0.0,0.0,0.0,無,
大甲區,房地(土地+建物),臺中市大甲區民生路２之９０號,20.57,住,,,1150525,土地1建物1車位0,七層,七層,華廈(10層含以下有電梯),住家用,鋼筋混凝土造,0820922,138.20999999999998,3,2,2,有,有,4000000,28941,,0.0,0,親友、員工、共有人或其他特殊關係間之交易；,RPPNMLLJPHLGFEB77DA,86.05,0.0,11.33,有,
梧棲區,房地(土地+建物),臺中市梧棲區文華街２９６號,120.0,住,,,1150519,土地2建物1車位0,全,四層,透天厝,住家用,鋼筋混凝土造,1140221,302.73,7,1,8,有,無,29000000,95795,,0.0,0,其他增建；,RPSOMLKLNHLGFFB18DA,298.77,0.0,3.96,有,
梧棲區,房地(土地+建物),臺中市梧棲區大仁路二段２７７巷２８號四樓之七,24.09,商,,,1150519,土地1建物1車位0,四層，五層,十一層,住宅大樓(11層含以上有電梯),住家用,鋼筋混凝土造,0841003,159.36,2,2,2,有,有,4980000,31250,,0.0,0,其他增建；,RPWNMLLKOHLGFFB58DA,95.71,12.81,7.48,有,0115
梧棲區,房地(土地+建物),臺中市梧棲區博愛路８１巷６９號,133.0,住,,,1150524,土地2建物1車位0,全,四層,透天厝,住家用,鋼筋混凝土造,1090709,229.61,6,2,4,有,無,17800000,77523,,0.0,0,其他增建；,RPTNMLOLOHLGFFB68DA,220.45,0.0,9.16,無,0116
清水區,土地,三田段1797-1地號,1.0,農,,,1150531,土地1建物0車位0,,,其他,,,,0.0,0,0,0,無,無,13637,0,,0.0,0,,RPQNMLRLOHLGFFB68DA,0.0,0.0,0.0,無,
沙鹿區,房地(土地+建物),臺中市沙鹿區中山路１５１巷２號,68.87,住,,,1150518,土地2建物1車位0,全,二層,透天厝,住商用,ＲＣ加磚,0631226,63.1,5,2,3,有,無,6800000,107765,,0.0,0,其他增建；,RPXNMLKMOHLGFFB78DA,63.1,0.0,0.0,無,
新社區,土地,新南段630地號,1097.76,,一般農業區,農牧用地,1150501,土地1建物0車位0,,,其他,,,,0.0,0,0,0,無,無,8000000,7288,,0.0,0,農作物；,RPUNMLMKOHLGFGB58DA,0.0,0.0,0.0,無,
潭子區,房地(土地+建物)+車位,臺中市潭子區頭家路１１６巷３２號五樓之１,47.37,住,,,1150519,土地1建物1車位2,五層,十二層,住宅大樓(11層含以上有電梯),住家用,鋼筋混凝土造,1140507,230.07999999999998,4,2,3,有,有,21900000,95184,坡道平面,55.92,0,,RPXNMLMJOHLGFHB88DA,105.16,0.0,12.86,有,0117
潭子區,房地(土地+建物),臺中市潭子區和平路９１號六樓之２,17.99,住,,,1150529,土地4建物1車位0,六層,六層,華廈(10層含以下有電梯),住家用,鋼筋混凝土造,0820413,92.22999999999999,3,2,1,有,有,5900000,63971,,0.0,0,其他增建；,RPQNMLOJOHLGFHB38DA,73.55,0.0,2.94,有,
潭子區,房地(土地+建物)+車位,臺中市潭子區弘智一街１６８號四樓之２,22.84,住,,,1150509,土地1建物1車位1,四層,十二層,住宅大樓(11層含以上有電梯),住家用,鋼筋混凝土造,1140421,117.1,2,2,1,有,有,10800000,92229,坡道平面,36.23,0,,RPXNMLLKOHLGFHB88DA,49.46,0.0,4.22,有,0118
大雅區,房地(土地+建物),臺中市大雅區學府路２５０巷９８弄１號二樓,20.94,住,,,1150527,土地1建物1車位0,二層,七層,華廈(10層含以下有電梯),住家用,鋼筋混凝土造,0820702,113.31,3,2,2,有,有,6300000,55600,,0.0,0,鐵窗,RPPNMLMLOHLGFHB28DA,84.33,4.78,11.2,有,
潭子區,房地(土地+建物),臺中市潭子區福潭路６６０巷８號,31.94,住,,,1150525,土地2建物1車位0,一層，二層，騎樓,七層,華廈(10層含以下有電梯),住商用,鋼筋混凝土造,0811128,164.84,3,2,2,有,有,11000000,66731,,0.0,0,親友、員工、共有人或其他特殊關係間之交易；,RPUNMLTLOHLGFHB86DA,134.63,0.0,6.92,有,
烏日區,房地(土地+建物)+車位,臺中市烏日區中山路三段４３２號六樓之５,19.2,商,,,1150526,土地1建物1車位1,六層,十五層,住宅大樓(11層含以上有電梯),住家用,鋼筋混凝土造,1120822,145.19,3,2,2,有,有,13000000,89538,坡道平面,33.2,0,,RPTNMLTLNHLGFIB76DA,70.82,0.0,4.36,有,0119
大里區,房地(土地+建物),臺中市大里區公園街４２５巷５號八樓,15.39,住,,,1150513,土地1建物1車位0,八層,十二層,住宅大樓(11層含以上有電梯),住家用,鋼筋混凝土造,0831108,108.9,3,2,2,有,有,7000000,64279,,0.0,0,,RPVNMLMKOHLGFIB88DA,77.55,0.0,8.46,有,0120
大里區,房地(土地+建物),臺中市大里區大智路５６５巷２５之４號,15.31,住,,,1150531,土地2建物1車位0,四層,十三層,住宅大樓(11層含以上有電梯),住家用,鋼筋混凝土造,0810823,96.25,3,2,2,有,有,6150000,63896,,0.0,0,其他增建；,RPSOMLRKOHLGFIB56DA,71.23,0.0,7.75,有,
大里區,房地(土地+建物),臺中市大里區中湖路１３０巷１２弄３號七樓之３,15.08,住,,,1150530,土地1建物1車位0,七層,十三層,住宅大樓(11層含以上有電梯),住家用,鋼筋混凝土造,0950111,103.69999999999999,3,2,2,有,有,8250000,79556,,0.0,0,,RPPNMLTLOHLGFIB09DA,67.67,0.9,10.17,有,0121
大里區,房地(土地+建物)+車位,臺中市大里區新甲路５６號七樓之２,18.93,商,,,1150502,土地1建物1車位1,七層,十二層,住宅大樓(11層含以上有電梯),住家用,鋼筋混凝土造,1030903,166.57,2,2,2,有,有,12280000,73723,坡道平面,26.48,0,,RPQNMLKMOHLGFIB38DA,87.15,0.0,8.72,有,
太平區,房地(土地+建物),臺中市太平區大興十一街１２５巷７號,116.96,,鄉村區,乙種建築用地,1150509,土地1建物1車位0,全,二層,透天厝,住家用,加強磚造,0660225,87.04,7,2,5,有,無,12250000,140740,,0.0,0,頂樓加蓋；其他增建；,RPPOMLLKNHLGFJB28DA,87.04,0.0,0.0,無,0122
太平區,房地(土地+建物)+車位,臺中市太平區立功路７９號六樓,18.17,住,,,1150523,土地1建物1車位1,六層,十五層,住宅大樓(11層含以上有電梯),住家用,鋼筋混凝土造,0810515,145.59,3,2,2,有,有,9500000,65252,坡道平面,0.0,0,,RPTOMLPLNHLGFJB56DA,95.12,0.0,9.62,有,
太平區,房地(土地+建物),臺中市太平區祥順路一段１０７號,132.26,住,,,1150519,土地2建物1車位0,全,五層,透天厝,住商用,鋼筋混凝土造,1130919,502.17,0,0,0,無,無,48000000,95585,,0.0,0,親友、員工、共有人或其他特殊關係間之交易；,RPPNMLMLOHLGFJB48DA,461.58,0.0,40.59,有,
太平區,房地(土地+建物),臺中市太平區立功路１５０號,163.27,住,,,1150519,土地1建物1車位0,全,五層,透天厝,住商用,鋼筋混凝土造,1140218,386.13,0,0,0,無,無,48000000,124310,,0.0,0,親友、員工、共有人或其他特殊關係間之交易；,RPSNMLMLOHLGFJB78DA,355.68,0.0,30.45,有,
太平區,房地(土地+建物),臺中市太平區立功路１５２號,104.09,住,,,1150519,土地1建物1車位0,全,五層,透天厝,住商用,鋼筋混凝土造,1140218,364.33,0,0,0,無,無,44000000,120770,,0.0,0,親友、員工、共有人或其他特殊關係間之交易；,SPSNMLMLOHLGFJB88DA,329.78,0.0,34.55,有,
大安區,土地,南安段623地號,407.0,,鄉村區,乙種建築用地,1150526,土地1建物0車位0,,,其他,,,,0.0,0,0,0,無,無,1250250,3072,,0.0,0,地清或未辦繼承標售；,RPPNMLMJPHLGFEB97EA,0.0,0.0,0.0,無,
太平區,房地(土地+建物),臺中市太平區樹德路３７２號,98.48,住,,,1150519,土地1建物1車位0,全,一層,透天厝,商業用,鋼骨造,1080503,44.43,3,0,3,有,無,10000000,225073,,0.0,0,,RPPNMLQLOHLGFJB98EA,44.43,0.0,0.0,無,
大肚區,房地(土地+建物),臺中市大肚區沙田路一段７１０巷９２弄１０號,106.68,住,,,1150514,土地3建物1車位0,全,三層,透天厝,住家用,鋼筋混凝土造,0820121,175.82,4,1,3,有,無,5000000,28438,,0.0,0,親友、員工、共有人或其他特殊關係間之交易；未登記建物；,RPPNMLMKOHLGFKB58EA,157.88,6.21,11.73,無,
西區,房地(土地+建物),臺中市西區福人街１３５號五樓之１,26.57,住,,,1150512,土地2建物1車位0,五層,五層,公寓(5樓含以下無電梯),住家用,鋼筋混凝土造,0710123,89.44,5,3,2,有,有,5300000,59258,,0.0,0,頂樓加蓋；,RPQNMLTKNHLGFAB18DA,76.71,0.0,0.0,無,0123
西區,房地(土地+建物)+車位,臺中市西區健行路９６４巷７６號十五樓之二,29.38,,,,1150527,土地1建物1車位2,十五層,十五層,住宅大樓(11層含以上有電梯),住家用,鋼筋混凝土造,1030925,272.5,3,2,2,有,有,28000000,102752,坡道平面,44.36,0,親友、員工、共有人或其他特殊關係間之交易；,RPRNMLRLNHLGFAB18DA,139.21,10.07,12.0,有,
南區,房地(土地+建物),臺中市南區仁和路１１３號,66.0,住,,,1150513,土地1建物1車位0,全,三層,透天厝,住商用,鋼筋混凝土造,06406,182.22,3,3,3,有,無,17880000,98123,,0.0,0,其他增建；,RPSOMLRLNHLGFAB38DA,176.76,0.0,5.46,無,
南區,房地(土地+建物)+車位,臺中市南區復興北路５１８號十一樓之三,9.01,住,,,1150510,土地2建物1車位1,十一層,十七層,住宅大樓(11層含以上有電梯),住家用,鋼筋混凝土造,0831118,113.38,3,2,2,有,有,8350000,73646,坡道機械,0.0,0,陽台外推；,RPUNMLPJOHLGFAB18DA,77.07,0.0,14.54,有,0124
中區,房地(土地+建物),臺中市中區中華路一段１２１號１４樓之２,1.5,商,,,1150529,土地1建物1車位0,十四層,十九層,住宅大樓(11層含以上有電梯),住家用,鋼骨鋼筋混凝土造,0850520,33.75,1,1,2,有,有,1880000,55704,,0.0,0,親友、員工、共有人或其他特殊關係間之交易；夾層；,RPOPMLKMOHLGFAB57DA,18.91,1.57,2.28,有,0125
南區,房地(土地+建物),臺中市南區文林街３８之４號,23.0,住,,,1150517,土地1建物1車位0,五層,五層,公寓(5樓含以下無電梯),住家用,鋼筋混凝土造,0740125,91.03,3,1,2,有,無,3300000,36252,,0.0,0,,RPPPMLKMOHLGFAB67DA,79.1,0.0,10.87,無,
西區,房地(土地+建物),臺中市西區博館三街１０３號２樓之２,12.77,商,,,1150521,土地1建物1車位0,二層,七層,華廈(10層含以下有電梯),辦公用,鋼筋混凝土造,0870105,71.05,2,1,1,有,有,5400000,76003,,0.0,0,陽台外推；,RPTPMLKMOHLGFAB08DA,40.87,0.99,6.46,有,
北區,房地(土地+建物),臺中市北區太原南一街９號,70.0,住,,,1150505,土地1建物1車位0,全,二層,透天厝,住家用,加強磚造,0730331,106.44,5,2,3,有,無,19500000,183202,,0.0,0,頂樓加蓋；夾層；其他增建；,RPOQMLPJNHLGFBB87DA,100.52,0.0,5.92,無,0126
北屯區,房地(土地+建物),臺中市北屯區文心路四段６７２號１３樓之１　,4.77,商,,,1150516,土地1建物1車位0,十三層,二十四層,住宅大樓(11層含以上有電梯),住家用,鋼筋混凝土造,0841124,67.03,1,1,1,有,有,5880000,87722,,0.0,0,,RPPNMLQKNHLGFBB87DA,35.67,0.0,7.42,有,0127
北屯區,房地(土地+建物)+車位,臺中市北屯區南興路９６９號十一樓之３,15.42,住,,,1150517,土地1建物1車位1,十一層,十二層,住宅大樓(11層含以上有電梯),住家用,鋼筋混凝土造,1140915,112.22,2,2,2,有,有,11500000,102477,坡道平面,38.0,0,,RPQOMLTLNHLGFBB48DA,45.53,0.0,3.53,有,0128
北區,房地(土地+建物)+車位,臺中市北區德化街５０７號十三樓之２,45.59,住,,,1150506,土地2建物1車位2,十三層,二十五層,住宅大樓(11層含以上有電梯),住家用,鋼筋混凝土造,1080321,296.28999999999996,3,2,2,有,有,38660000,130480,坡道平面,58.32,0,,RPPNMLTKOHLGFBB28DA,134.7,7.44,17.36,有,
北屯區,土地,北屯段298-214地號,38.57,住,,,1150525,土地1建物0車位0,,,其他,,,,0.0,0,0,0,無,無,4032642,104554,,0.0,0,,RPXPMLTLOHLGFBB76DA,0.0,0.0,0.0,無,0129
北區,土地,松茂段175-2地號,284.03,住,,,1150525,土地2建物0車位0,,,其他,,,,0.0,0,0,0,無,無,29665302,104444,,0.0,0,,RPOQMLTLOHLGFBB58DA,0.0,0.0,0.0,無,0130
北屯區,房地(土地+建物),臺中市北屯區太和路一段２巷５１號,186.8,住,,,1150526,土地25建物1車位0,全,二層,透天厝,住家用,加強磚造,0680831,114.13,3,1,2,有,無,10600000,92877,,0.0,0,包含公共設施保留地用地；,RPUNMLKMOHLGFBB08DA,114.13,0.0,0.0,無,
南屯區,房地(土地+建物)+車位,臺中市南屯區大墩四街２６１之６號六樓,22.48,住,,,1150528,土地1建物1車位1,六層,八層,華廈(10層含以下有電梯),住家用,鋼筋混凝土造,0820630,140.03,3,2,2,有,有,12550000,89624,坡道平面,0.0,0,,RPWNMLLJOHLGFCB18DA,90.74,0.82,12.6,有,
南屯區,土地,永春段276地號,663.0,住,,,1150513,土地1建物0車位0,,,其他,,,,0.0,0,0,0,無,無,108243000,163262,,0.0,0,,RPQNMLTJOHLGFCB38DA,0.0,0.0,0.0,無,
西屯區,房地(土地+建物),臺中市西屯區永福路１６號,95.23,住,,,1150508,土地2建物1車位0,全,三層,透天厝,住商用,鋼筋混凝土造,0690407,211.03,3,2,3,有,無,29000000,137421,,0.0,0,頂樓加蓋；其他增建；,RPXOMLTJOHLGFCB56DA,211.03,0.0,0.0,無,
西屯區,房地(土地+建物)+車位,臺中市西屯區惠中路１４８巷９８號十二樓之３,20.24,住,,,1150520,土地1建物1車位1,十二層,二十七層,住宅大樓(11層含以上有電梯),住家用,鋼筋混凝土造,1140331,179.93,3,2,2,有,有,38300000,212861,坡道平面,31.82,0,,RPQOMLKKOHLGFCB67DA,86.27,0.0,9.99,有,0131
西屯區,房地(土地+建物)+車位,臺中市西屯區國安一路１１１號十三樓之６,12.69,住,,,1150509,土地1建物1車位1,十三層,二十二層,住宅大樓(11層含以上有電梯),住家用,鋼筋混凝土造,0971127,145.32999999999998,3,2,2,有,有,16750000,115255,坡道平面,21.71,0,其他增建；,RPWNMLLKOHLGFCB28DA,74.75,3.08,8.5,有,
南屯區,房地(土地+建物)+車位,臺中市南屯區大墩一街６８號九樓之５,25.83,住,,,1150526,土地1建物1車位1,九層,十五層,住宅大樓(11層含以上有電梯),住家用,鋼筋混凝土造,1131107,168.07999999999998,3,2,2,有,有,25750000,153201,坡道平面,29.43,0,,RPRQMLSKOHLGFCB78DA,81.54,0.0,9.76,有,0132
西屯區,房地(土地+建物)+車位,臺中市西屯區青海路二段７號二十三樓之１３,7.44,商,,,1150522,土地1建物1車位1,二十三層,二十四層,住宅大樓(11層含以上有電梯),住家用,鋼骨鋼筋混凝土造,1141103,108.49000000000001,2,2,1,有,有,17700000,163149,坡道平面,23.8,0,,RPRNMLOLOHLGFCB18DA,49.63,0.0,5.73,有,0133
西屯區,房地(土地+建物),臺中市西屯區大隆路１３５號六樓之１０,11.46,住,,,1150530,土地2建物1車位0,六層,十三層,住宅大樓(11層含以上有電梯),住家用,鋼筋混凝土造,0821005,117.19,3,2,2,有,有,9920000,84649,,0.0,0,,RPPOMLPLOHLGFCB18DA,76.89,3.05,18.2,有,
西屯區,房地(土地+建物),臺中市西屯區大弘街７８號六樓之１,16.69,住,,,1150519,土地1建物1車位0,六層,六層,華廈(10層含以下有電梯),住家用,鋼筋混凝土造,0811126,99.7,2,1,1,有,有,8200000,82247,,0.0,0,其他增建；,RPVOMLTLOHLGFCB56DA,68.58,0.32,4.29,有,
西屯區,房地(土地+建物)+車位,臺中市西屯區文華路３２號三樓之３,39.7,住,,,1150531,土地1建物1車位1,三層,十五層,住宅大樓(11層含以上有電梯),住家用,鋼筋混凝土造,0940704,189.60000000000002,3,2,2,有,有,14800000,78059,坡道平面,0.0,0,,RPVPMLTLOHLGFCB66DA,103.84,0.0,14.31,有,0134
后里區,房地(土地+建物),臺中市后里區民生路４８巷３２號,97.44,住,,,1150509,土地2建物1車位0,全,三層,透天厝,住家用,鋼筋混凝土造,1090619,202.02,4,2,5,有,有,22500000,111375,,0.0,0,含傢俱設備費；其他增建；,RPOOMLMJOHLGFDB67DA,186.38,0.0,15.64,有,0135
豐原區,房地(土地+建物),臺中市豐原區直興街２０５號三樓之４,10.94,住,,,1150518,土地1建物1車位0,三層,八層,華廈(10層含以下有電梯),住家用,鋼筋混凝土造,0850905,69.3,2,2,1,有,有,5800000,83694,,0.0,0,,RPUNMLSJOHLGFDB78DA,47.87,2.43,2.2,有,0136
豐原區,房地(土地+建物),臺中市豐原區源豐路２５２巷３１弄２號,53.53,住,,,1150524,土地1建物1車位0,全,二層,透天厝,住家用,加強磚造,0580731,74.58,3,2,1,有,無,5000000,67042,,0.0,0,,RPQOMLPKOHLGFDB28DA,74.58,0.0,0.0,無,
神岡區,房地(土地+建物),臺中市神岡區豐洲路９１６巷４１號,345.34,農,,,1150504,土地2建物1車位0,全,一層,透天厝,住家用,鋼架造,0860908,90.0,0,0,0,無,無,16500000,183333,,0.0,0,其他增建；,RPPNMLLLOHLGFDB77DA,90.0,0.0,0.0,無,
外埔區,房地(土地+建物)+車位,臺中市外埔區中山路１９７號四樓之１,26.55,住,,,1150512,土地1建物1車位1,四層,七層,華廈(10層含以下有電梯),住家用,鋼筋混凝土造,1140509,121.57,3,2,2,有,有,8850000,72798,坡道機械,0.0,650000,本案拆價內容如下土地售價為新台幣205萬元正建物售價為新台幣615萬元正車位售價為新台幣65萬元正,RPQNMLLLNHLGFEB87DA,68.0,0.0,6.83,有,
大安區,土地,興安段820地號,111.4,,特定農業區,甲種建築用地,1150524,土地1建物0車位0,,,其他,,,,0.0,0,0,0,無,無,3093000,27765,,0.0,0,,RPQNMLKKOHLGFEB77DA,0.0,0.0,0.0,無,
大安區,土地,興安段821地號,92.26,,特定農業區,甲種建築用地,1150524,土地1建物0車位0,,,其他,,,,0.0,0,0,0,無,無,2562000,27769,,0.0,0,,RPRNMLKKOHLGFEB87DA,0.0,0.0,0.0,無,
外埔區,房地(土地+建物),臺中市外埔區中山路４５６巷１７號,102.15,,鄉村區,乙種建築用地,1150505,土地1建物1車位0,全,三層,透天厝,住家用,鋼筋混凝土造,0841124,170.23,5,2,3,有,無,8720000,51225,,0.0,0,頂樓加蓋；其他增建；,RPPNMLPKOHLGFEB18DA,159.85,0.0,10.38,無,
梧棲區,房地(土地+建物)+車位,臺中市梧棲區中正路５２３巷２３號四樓之３,51.75,住,,,1150503,土地1建物1車位1,四層,五層,華廈(10層含以下有電梯),住家用,鋼筋混凝土造,1071114,179.73,3,2,2,有,無,8500000,47293,一樓平面,4.62,0,,RPRPMLLJOHLGFFB18DA,109.67,0.0,12.74,有,0137
清水區,房地(土地+建物)+車位,臺中市清水區港新三路５號十一樓之８,13.84,商,,,1150527,土地1建物1車位1,十一層,十五層,住宅大樓(11層含以上有電梯),住家用,鋼筋混凝土造,1141002,146.2,3,2,2,有,有,9910000,67784,坡道平面,26.83,0,,RPVQMLLJOHLGFFB68DA,71.87,0.0,8.0,有,0138
梧棲區,房地(土地+建物)+車位,臺中市梧棲區大仁路二段３６９號十樓之九,17.95,商,,,1150524,土地1建物1車位1,十層,十二層,住宅大樓(11層含以上有電梯),住家用,鋼筋混凝土造,0870916,140.7,4,2,2,有,有,6520000,46340,坡道機械,0.0,0,其他增建；,RPUNMLMLOHLGFFB58DA,90.3,0.0,8.98,有,
梧棲區,土地,南簡段1247-7地號,77.25,住,,,1150515,土地2建物0車位0,,,其他,,,,0.0,0,0,0,無,無,1000000,12945,,0.0,0,：本案買賣總價為100萬元整1247-15地號交易價為99萬元整.1247-7地號為道路用地.交易價為1萬元整親友、員工、共有人或其他特殊關係間之交易；急買急賣；,RPSOMLPLOHLGFFB78DA,0.0,0.0,0.0,無,
大雅區,房地(土地+建物)+車位,臺中市大雅區月祥路８８號十樓之２,24.37,住,,,1150513,土地1建物1車位1,十層,十二層,住宅大樓(11層含以上有電梯),住家用,鋼筋混凝土造,1121228,129.3,2,1,2,有,有,11300000,97311,坡道平面,29.62,1600000,本案拆價內容如下：土地售價為新台幣621萬元正建物售價為新台幣349萬元正,RPPNMLRLNHLGFHB68DA,60.58,0.0,6.45,有,
大雅區,房地(土地+建物)+車位,臺中市大雅區神林南路１８０巷３６號十二樓之３,19.85,商,,,1150502,土地1建物1車位1,十二層,十五層,住宅大樓(11層含以上有電梯),住家用,鋼筋混凝土造,1040604,146.26,3,2,2,有,有,14310000,97839,坡道機械,15.82,0,,RPWNMLLKOHLGFHB78DA,74.41,2.75,11.95,有,
潭子區,房地(土地+建物)+車位,臺中市潭子區潭富路二段１８９號七樓之２,21.05,住,,,1150530,土地1建物1車位1,七層,十五層,住宅大樓(11層含以上有電梯),住家用,鋼筋混凝土造,1130226,121.68,2,2,1,有,有,12000000,98619,坡道平面,27.58,0,,RPSNMLQLOHLGFHB98DA,56.23,0.0,6.83,有,0139
太平區,房地(土地+建物),臺中市太平區中平路順昌巷５１弄１７號,45.5,住,,,1150524,土地1建物1車位0,全,二層,透天厝,住家用,加強磚造,0691020,48.2,5,3,2,有,無,3850000,79876,,0.0,0,,RPPNMLPLOHLGFJB78DA,48.19,0.0,0.0,無,0140
太平區,房地(土地+建物),臺中市太平區東平路６４０巷１０號三樓,14.6,住,,,1150525,土地2建物1車位0,三層,十二層,住宅大樓(11層含以上有電梯),住家用,鋼筋混凝土造,0820909,111.39,3,2,2,有,有,7200000,64644,,0.0,0,陽台外推；,RPRNMLKMOHLGFJB58DA,86.01,2.4,10.49,有,0141
太平區,房地(土地+建物),臺中市太平區長億南街５５巷３８之１號,70.89,住,,,1150524,土地3建物1車位0,全,四層,透天厝,住家用,鋼筋混凝土造,1141127,175.19,3,2,3,有,無,20300000,115874,,0.0,0,其他增建；,RPVNMLKMOHLGFJB98DA,162.76,0.0,12.43,無,
龍井區,房地(土地+建物),臺中市龍井區遠東街１１４巷１５號,118.31,住,,,1150529,土地1建物1車位0,全,二層,透天厝,住家用,加強磚造,0690128,102.6,3,2,2,有,無,12500000,121832,,0.0,0,建物含有其他增建:1樓至3樓後面空地3樓增建,RPPNMLSLOHLGFKB56DA,102.6,0.0,0.0,無,
太平區,土地,洪厝段270-1地號,6.97,,鄉村區,水利用地,1150529,土地2建物0車位0,,,其他,,,,0.0,0,0,0,無,無,494104,70890,,0.0,0,政府機關標讓售；,RPPNMLKMOHLGFJB48EA,0.0,0.0,0.0,無,
南區,房地(土地+建物),臺中市南區學府路１７０號８樓之６,10.66,商,,,1150501,土地3建物1車位0,八層，九層,十九層,住宅大樓(11層含以上有電梯),住家用,鋼筋混凝土造,0860428,119.69,3,2,2,有,有,8100000,67675,,0.0,0,陽台外推；,RPVNMLLKOHLGFAB97DA,67.59,0.0,11.32,有,
南屯區,房地(土地+建物)+車位,臺中市南屯區黎明東街１９７號八樓之１,13.43,住,,,1150520,土地1建物1車位1,八層,十四層,住宅大樓(11層含以上有電梯),住家用,鋼筋混凝土造,0840323,126.66,3,2,2,有,有,12000000,94742,坡道平面,0.0,0,,RPVNMLTLNHLGFCB98DA,71.89,0.75,8.24,有,
太平區,房地(土地+建物),臺中市太平區新平路三段２１０巷３３號二樓,27.56,住,,,1150511,土地1建物1車位0,二層,七層,華廈(10層含以下有電梯),住家用,鋼筋混凝土造,0790915,151.65,4,2,2,有,有,7000000,46159,,0.0,0,,RPSOMLPLOHLGFJB56DA,101.86,4.05,8.22,有,0142
北屯區,房地(土地+建物),臺中市北屯區大連路一段６６巷４號,85.0,住,,,1150527,土地1建物1車位0,全,二層,透天厝,住家用,加強磚造,0721220,120.1,3,2,2,有,無,17380000,144713,,0.0,0,其他增建；,RPWPMLMLOHLGFBB58DA,102.66,8.25,9.19,無,
太平區,房地(土地+建物)+車位,臺中市太平區環中東路三段８０２號四樓,32.19,住,,,1150516,土地1建物1車位2,四層,十五層,住宅大樓(11層含以上有電梯),住家用,鋼筋混凝土造,1051114,232.19,4,2,2,有,有,16500000,82507,坡道平面,63.72,2600000,,RPQOMLSKNHLGFJB09DA,104.17,0.55,10.02,有,0143
西區,房地(土地+建物)+車位,臺中市西區臺灣大道二段１８１號四樓之３,20.36,住,,,1150512,土地1建物1車位1,四層,十三層,住宅大樓(11層含以上有電梯),辦公用,鋼筋混凝土造,0840628,222.81,3,0,2,有,有,19500000,87519,坡道平面,0.0,0,,RPQOMLMJOHLGFAB57DA,133.89,2.36,0.0,有,
東區,房地(土地+建物),臺中市東區大勇街４９號,48.41,商,,,1150509,土地3建物1車位0,全,二層,透天厝,住家用,加強磚造,,71.07,0,0,0,無,無,8000000,112565,,0.0,0,,RPRPMLMJOHLGFAB77DA,68.32,0.0,2.75,無,
南區,房地(土地+建物)+車位,臺中市南區復興北路２２號二樓之２,16.04,住,,,1150518,土地2建物1車位1,二層,十五層,住宅大樓(11層含以上有電梯),住家用,鋼筋混凝土造,1081007,127.59,2,2,1,有,有,14250000,111686,坡道平面,33.35,0,,RPROMLKKOHLGFAB57DA,54.31,0.0,7.22,有,0144
南區,房地(土地+建物)+車位,臺中市南區復興北路３２號二樓之５,21.39,住,,,1150508,土地2建物1車位1,二層,十五層,住宅大樓(11層含以上有電梯),住家用,鋼筋混凝土造,1081007,152.59,3,2,2,有,有,16800000,110099,坡道平面,0.0,0,,RPQNMLLKOHLGFAB47DA,73.52,0.0,10.81,有,0145
西區,房地(土地+建物),臺中市西區樂群街３６３號,43.75,,,,1150516,土地1建物1車位0,一層，騎樓，地下層,五層,公寓(5樓含以下無電梯),商業用,鋼筋混凝土造,0710716,122.04,0,0,0,無,無,14500000,118814,,0.0,0,其他增建；,RPWNMLSKOHLGFAB78DA,122.04,0.0,0.0,無,
東區,房地(土地+建物)+車位,臺中市東區東英十七街５９號二十二樓之５,16.03,商,,,1150528,土地1建物1車位1,二十二層,二十四層,住宅大樓(11層含以上有電梯),住家用,鋼筋混凝土造,1110615,155.03,3,2,2,有,有,16500000,106431,坡道平面,30.47,0,,RPUNNLTLOHLGFAB88DA,77.11,0.0,6.59,有,0146
東區,車位,臺中市東區進德路３５１號等公共設施,0.0,,,,1150531,土地0建物1車位1,,,其他,,,,30.03,0,0,0,無,有,2500000,,坡道平面,30.03,2500000,建物坐落地號：泉源段15地號；僅車位交易；,RPQPNLTLOHLGFAB68DA,0.0,0.0,0.0,有,0037
東區,房地(土地+建物),臺中市東區復興路五段１５１號五樓之２,25.9,住,,,1150514,土地1建物1車位0,五層,五層,公寓(5樓含以下無電梯),住家用,鋼筋混凝土造,0691223,70.6,5,3,2,有,無,3860000,54674,,0.0,0,其他增建；,RPRPMLKMOHLGFAB87DA,70.6,0.0,0.0,無,
中區,房地(土地+建物)+車位,臺中市中區自由路二段８７號三樓之７,9.7,商,,,1150508,土地3建物1車位1,三層,二十二層,住宅大樓(11層含以上有電梯),住家用,鋼筋混凝土造,1140121,132.64999999999998,2,2,2,有,有,13600000,102525,坡道平面,34.7,0,,RPTNMLLJPHLGFAB77DA,60.8,0.0,4.72,有,0148
北屯區,房地(土地+建物)+車位,臺中市北屯區崇德六路１００號五樓之１１,12.7,商,,,1150505,土地2建物1車位1,五層,十五層,住宅大樓(11層含以上有電梯),住家用,鋼筋混凝土造,0970930,105.22,2,2,1,有,有,12230000,116233,坡道機械,13.23,0,,RPTOMLSJOHLGFBB58DA,55.15,3.61,4.97,有,
北屯區,房地(土地+建物),臺中市北屯區和祥五街３２號,120.92,住,,,1150506,土地1建物1車位0,全,四層,透天厝,住家用,鋼筋混凝土造,1010229,321.12,5,3,6,有,無,37200000,115845,,0.0,0,,RPROMLTJOHLGFBB48DA,303.32,0.0,17.8,有,0149
北屯區,房地(土地+建物)+車位,臺中市北屯區建和路一段４３２號四樓之３,17.15,住,,,1150511,土地1建物1車位1,四層,十四層,住宅大樓(11層含以上有電梯),住家用,鋼筋混凝土造,1030923,119.02000000000001,2,2,1,有,有,10400000,87380,坡道機械,14.73,0,,RPQOMLKKOHLGFBB57DA,59.79,2.42,7.57,有,0150
北屯區,房地(土地+建物),臺中市北屯區祥順東路二段６９號,210.0,住,,,1150515,土地1建物1車位0,全,五層,透天厝,住家用,鋼筋混凝土造,1080723,503.7,7,2,7,有,無,68900000,136788,,0.0,0,土地價款：新台幣31900000元整；建物價款：新台幣37000000元整。,RPSNMLMKOHLGFBB87DA,466.15,0.0,37.55,有,
北屯區,房地(土地+建物)+車位,臺中市北屯區環太東路５６０號十二樓之９,18.35,住,,,1150519,土地1建物1車位1,十二層,十五層,住宅大樓(11層含以上有電梯),住家用,鋼筋混凝土造,1130605,122.03999999999999,2,2,1,有,有,11350000,93002,坡道平面,27.6,0,,RPUOMLMKOHLGFBB18DA,57.14,0.0,6.1,有,0151
北屯區,房地(土地+建物)+車位,臺中市北屯區瀋陽路三段２１１號,22.41,住,,,1150507,土地1建物1車位2,一層，見其他登記事項,十三層,住宅大樓(11層含以上有電梯),其他,鋼筋混凝土造,1141210,169.67000000000002,0,0,0,無,有,24500000,169056,坡道平面,49.0,4100000,,RPROMLSKOHLGFBB48DA,79.56,0.0,7.27,有,
北屯區,房地(土地+建物)+車位,臺中市北屯區南興路９６９號五樓之３,15.42,住,,,1150531,土地1建物1車位1,五層,十二層,住宅大樓(11層含以上有電梯),住家用,鋼筋混凝土造,1140915,109.18,2,2,2,有,有,11420000,104598,坡道平面,34.96,0,,RPROMLPLOHLGFBB28DA,45.53,0.0,3.53,有,0152
北區,房地(土地+建物)+車位,臺中市北區綏遠路一段２６號９樓之１３,13.4,住,,,1150513,土地2建物1車位1,九層,十四層,住宅大樓(11層含以上有電梯),住家用,鋼筋混凝土造,0880713,114.36,3,2,2,有,有,10680000,93389,坡道平面,0.0,0,陽台外推；,RPQPMLPLOHLGFBB28DA,65.05,0.0,8.36,有,
北屯區,房地(土地+建物)+車位,臺中市北屯區敦富一街３６６號九樓之３,22.59,住,,,1150507,土地1建物1車位1,九層,十七層,住宅大樓(11層含以上有電梯),住家用,鋼筋混凝土造,1150318,156.82999999999998,3,2,2,有,有,21860000,157628,坡道平面,32.74,2300000,,RPSOMLQLOHLGFBB48DA,74.36,0.0,7.7,有,
北屯區,土地,北屯段159-34地號,98.22,住,,,1150528,土地2建物0車位0,,,其他,,,,0.0,0,0,0,無,無,4000000,40725,,0.0,0,,RPUOMLQLOHLGFBB68DA,0.0,0.0,0.0,無,0153
北屯區,房地(土地+建物),臺中市北屯區天津路四段３０３號１６樓之９,3.33,商,,,1150520,土地1建物1車位0,十六層,二十四層,住宅大樓(11層含以上有電梯),住家用,鋼筋混凝土造,0840626,51.67,1,1,1,有,有,4300000,83220,,0.0,0,,RPQOMLTLOHLGFBB58DA,31.63,0.0,2.0,有,
北屯區,房地(土地+建物),臺中市北屯區和祥街２０５巷５８之５號,73.2,住,,,1150505,土地2建物1車位0,全,四層,透天厝,住家用,鋼筋混凝土造,1070723,200.35,3,2,4,有,無,22000000,109808,,0.0,0,親友、員工、共有人或其他特殊關係間之交易；,RPPOMLKMOHLGFBB67DA,200.35,0.0,0.0,無,0154
北屯區,房地(土地+建物)+車位,臺中市北屯區松竹五路二段４０８號四樓之７,10.61,商,,,1150509,土地1建物1車位1,四層,十五層,住宅大樓(11層含以上有電梯),住家用,鋼筋混凝土造,1130920,86.33,2,2,1,有,有,10000000,115835,坡道機械,18.61,0,,RPQOMLKMOHLGFBB77DA,42.08,0.0,2.83,有,0155
北屯區,房地(土地+建物)+車位,臺中市北屯區崇德十六路１７２號十五樓之５,19.37,住,,,1150501,土地2建物1車位1,十五層,十五層,住宅大樓(11層含以上有電梯),住家用,鋼筋混凝土造,1081122,166.32999999999998,3,2,2,有,有,23380000,140564,坡道平面,33.07,0,,RPTNMLLJPHLGFBB87DA,77.33,1.31,10.5,有,0156
南屯區,房地(土地+建物),臺中市南屯區大墩十七街９１號十樓之１９,12.49,住,,,1150512,土地1建物1車位0,十層,十三層,住宅大樓(11層含以上有電梯),住家用,鋼筋混凝土造,0940215,109.51,2,2,1,有,有,13230000,120811,,0.0,0,陽台外推；,RPXNMLPLNHLGFCB78DA,68.49,1.36,9.99,有,
西屯區,房地(土地+建物)+車位,臺中市西屯區市政北七路１６６號七樓之２,16.33,都市：其他:第六種新市政中心專用區,,,1150521,土地1建物1車位2,七層,三十二層,住宅大樓(11層含以上有電梯),住家用,鋼骨鋼筋混凝土造,0991013,279.1,3,2,3,有,有,45000000,172825,坡道平面,36.08,3000000,,RPXNMLMJOHLGFCB38DA,155.14,5.92,17.88,有,
西屯區,房地(土地+建物),臺中市西屯區福科路４１１巷５弄１８號,156.99,住,,,1150502,土地5建物1車位0,全,四層,透天厝,住家用,鋼筋混凝土造,0951026,254.37,5,2,4,有,有,33000000,129732,,0.0,0,陽台外推；頂樓加蓋；其他增建；,RPVPMLTJOHLGFCB09DA,213.73,4.79,35.85,無,
西屯區,房地(土地+建物)+車位,臺中市西屯區福科路３７７巷６號八樓之５,46.52,住,,,1150504,土地2建物1車位3,八層,二十四層,住宅大樓(11層含以上有電梯),住家用,鋼筋混凝土造,1130911,298.47,3,2,2,有,有,39800000,133347,坡道平面,103.71,0,,RPOOMLKKOHLGFCB47DA,122.36,0.0,5.87,有,0157
西屯區,房地(土地+建物)+車位,臺中市西屯區福科一街１６８號五樓之２,30.63,住,,,1150528,土地1建物1車位2,五層,十九層,住宅大樓(11層含以上有電梯),住家用,鋼筋混凝土造,1040202,275.32,4,2,2,有,有,32000000,133505,坡道平面,58.1,3000000,,RPTOMLRKOHLGFCB68DA,125.75,4.63,16.19,有,
西屯區,房地(土地+建物)+車位,臺中市西屯區工業區一路９６之２９號八樓之２,16.62,住,,,1150516,土地1建物1車位1,八層,十二層,住宅大樓(11層含以上有電梯),住家用,鋼筋混凝土造,0970711,153.57999999999998,2,2,2,有,有,14800000,96367,坡道平面,40.68,0,夾層；,RPWPMLMLOHLGFCB68DA,69.65,2.19,8.51,有,0158
西屯區,房地(土地+建物)+車位,臺中市西屯區西屯路三段１５９之１２號八樓之１,10.98,住,,,1150501,土地2建物1車位1,八層,十六層,住宅大樓(11層含以上有電梯),住家用,鋼筋混凝土造,0801003,102.9,2,2,2,有,有,7680000,74636,坡道機械,0.0,0,,RPXNMLPLOHLGFCB88DA,73.33,0.0,10.48,有,
神岡區,房地(土地+建物)+車位,臺中市神岡區大漢街５６號八樓,24.46,住,,,1150515,土地1建物1車位1,八層,十六層,住宅大樓(11層含以上有電梯),住家用,鋼筋混凝土造,0830901,180.17999999999998,2,1,2,有,有,8500000,47175,坡道機械,0.0,0,其他增建；,RPWNMLPLNHLGFDB78DA,110.91,1.5,22.23,有,
后里區,房地(土地+建物),臺中市后里區中和路１３６巷１５號,79.86,住,,,1150514,土地1建物1車位0,全,三層,透天厝,住家用,鋼筋混凝土造,1140123,155.43,3,2,3,有,無,16100000,103584,,0.0,0,,RPOOMLLJPHLGFDB67DA,147.54,0.0,7.89,無,0159
梧棲區,土地,三民段1362地號,174.0,住,,,1150514,土地1建物0車位0,,,其他,,,,0.0,0,0,0,無,無,22420380,128853,,0.0,0,土地增值稅由買方繳納,RPPOMLLJPHLGFFB97DA,0.0,0.0,0.0,無,
東勢區,土地,興隆段124-6地號,493.78,農,,,1150525,土地2建物0車位0,,,其他,,,,0.0,0,0,0,無,無,5300000,10734,,0.0,0,未登記建物；,RPPNMLMJPHLGFGB08DA,0.0,0.0,0.0,無,
和平區,土地,南勢段2001-5地號,1250.0,,山坡地保育區,農牧用地,1150520,土地1建物0車位0,,,其他,,,,0.0,0,0,0,無,無,300000,240,,0.0,0,農作物；,RPSNMLMJPHLGFGB38DA,0.0,0.0,0.0,無,
潭子區,房地(土地+建物),臺中市潭子區勝利六街１０號十樓,16.65,住,,,1150529,土地1建物1車位0,十層,十三層,住宅大樓(11層含以上有電梯),住家用,鋼筋混凝土造,0851118,145.29,4,2,2,有,有,9100000,62633,,0.0,0,陽台外推；,RPXNMLOJOHLGFHB09DA,87.85,4.61,17.09,有,0160
大雅區,房地(土地+建物),臺中市大雅區神林南路２０７巷１４號五樓,19.92,住,,,1150517,土地3建物1車位0,五層,五層,公寓(5樓含以下無電梯),住家用,鋼筋混凝土造,0700223,46.28,2,1,1,有,無,2500000,54019,,0.0,0,其他增建：頂樓。其他增建；,RPSOMLPJOHLGFHB78DA,46.28,0.0,0.0,無,
潭子區,土地,聖宮段1292地號,153.01,住,,,1150517,土地1建物0車位0,,,其他,,,,0.0,0,0,0,無,無,22547400,147359,,0.0,0,,RPUNMLKKOHLGFHB48DA,0.0,0.0,0.0,無,
大里區,房地(土地+建物),臺中市大里區祥興路５９３號九樓之６,17.17,住,,,1150517,土地1建物1車位0,九層,十五層,住宅大樓(11層含以上有電梯),住家用,鋼筋混凝土造,1121017,84.44,2,1,1,有,有,9960000,117954,,0.0,0,,RPQNMLKMNHLGFIB28DA,47.41,2.7,4.16,有,0161
大里區,土地,健民段100-2地號,2519.93,,山坡地保育區,農牧用地,1150520,土地1建物0車位0,,,其他,,,,0.0,0,0,0,無,無,1500000,595,,0.0,0,農作物；,RPQNMLOLOHLGFIB68DA,0.0,0.0,0.0,無,
太平區,房地(土地+建物)+車位,臺中市太平區祥順路一段８８號十四樓之１,23.05,住,,,1150524,土地1建物1車位1,十四層,十五層,住宅大樓(11層含以上有電梯),住家用,鋼筋混凝土造,1111109,162.49,3,2,2,有,有,14220000,87513,坡道平面,28.01,0,,RPUPMLPJOHLGFJB66DA,83.41,0.0,6.97,有,0162
太平區,房地(土地+建物)+車位,臺中市太平區樹孝路３２１巷１０號八樓,13.28,住,,,1150521,土地1建物1車位1,八層,十二層,住宅大樓(11層含以上有電梯),住家用,鋼筋混凝土造,0810812,100.25,3,2,2,有,有,8750000,87282,坡道機械,0.0,0,,RPQSMLMKOHLGFJB98DA,64.38,0.0,7.87,有,0163
太平區,房地(土地+建物),臺中市太平區大興十三街２２號,99.02,,鄉村區,乙種建築用地,1150525,土地1建物1車位0,全,二層,透天厝,住家用,加強磚造,0680430,92.96,7,2,6,有,無,13500000,145224,,0.0,0,親友、員工、共有人或其他特殊關係間之交易；頂樓加蓋；其他增建；,RPPNMLTLOHLGFJB56DA,92.96,0.0,0.0,無,
大肚區,土地,中蔗段602地號,281.14,,一般農業區,交通用地,1150506,土地4建物0車位0,,,其他,,,,0.0,0,0,0,無,無,780000,2774,,0.0,0,包含公共設施保留地用地；,RPQNMLSLOHLGFKB66DA,0.0,0.0,0.0,無,
大肚區,土地,王福段1071地號,154.39,農,,,1150531,土地4建物0車位0,,,其他,,,,0.0,0,0,0,無,無,7500000,48578,,0.0,0,未登記建物；,RPRNMLLJPHLGFKB58DA,0.0,0.0,0.0,無,
南區,房地(土地+建物)+車位,臺中市南區忠明南路９３６號八樓之一,19.14,住,,,1150522,土地1建物1車位1,八層,十五層,住宅大樓(11層含以上有電梯),住家用,鋼筋混凝土造,1021108,185.78,3,2,2,有,有,19600000,116018,坡道平面,29.77,1500000,其他增建；,RPOOMLMLNHLGFAB47DA,90.01,4.62,8.27,有,0164
南區,房地(土地+建物),臺中市南區工學路１２巷２之１０號,67.68,住,,,1150514,土地5建物1車位0,全,四層,透天厝,其他,鋼筋混凝土造,0920314,182.23,5,3,4,有,有,22200000,121824,,0.0,0,,RPTNMLMJOHLGFAB77DA,163.05,1.66,17.52,無,0165
東區,房地(土地+建物)+車位,臺中市東區東福路１３０號十三樓,28.01,住,,,1150506,土地1建物1車位1,十三層,十三層,住宅大樓(11層含以上有電梯),住家用,鋼筋混凝土造,1100309,165.94,3,2,2,有,有,15650000,94311,坡道平面,30.1,0,,RPXNMLKKOHLGFAB08DA,83.85,0.0,9.92,有,0166
南區,房地(土地+建物),臺中市南區仁和路２８２號８樓,20.51,,,,1150523,土地1建物1車位0,八層,十二層,住宅大樓(11層含以上有電梯),住家用,鋼筋混凝土造,0830629,180.10000000000002,4,2,2,有,有,10200000,56635,,0.0,0,增建:鐵窗,RPRNMLRKOHLGFAB18DA,124.14,0.0,16.6,有,
北屯區,土地,松竹段602地號,4.0,住,,,1150514,土地1建物0車位0,,,其他,,,,0.0,0,0,0,無,無,250000,62500,,0.0,0,包含公共設施保留地用地；,RPPNMLKLNHLGFBB37DA,0.0,0.0,0.0,無,0167
北屯區,房地(土地+建物)+車位,臺中市北屯區敦富六街１６號十一樓之７,13.32,住,,,1150516,土地1建物1車位1,十一層,十五層,住宅大樓(11層含以上有電梯),住家用,鋼筋混凝土造,1120314,117.66999999999999,2,2,1,有,有,13880000,117957,坡道平面,31.09,0,,RPROMLMJOHLGFBB77DA,52.13,0.0,4.88,有,0168
北屯區,房地(土地+建物)+車位,臺中市北屯區太原路三段１１３０之１號,17.64,住,,,1150530,土地1建物1車位2,一層，見其他登記事項,十五層,住宅大樓(11層含以上有電梯),商辦用,鋼筋混凝土造,1021126,203.65,2,2,1,有,有,25000000,122760,坡道平面,64.08,0,夾層；,RPSNMLPLOHLGFBB28DA,111.53,0.0,0.0,有,0169
北屯區,房地(土地+建物),臺中市北屯區昌平路二段１２之１５巷４０號２樓,17.9,住,,,1150518,土地1建物1車位0,二層,十六層,住宅大樓(11層含以上有電梯),住家用,鋼筋混凝土造,0831210,144.66,4,2,2,有,有,8800000,60832,,0.0,0,陽台外推；,RPOOMLPLOHLGFBB97DA,99.68,8.6,10.92,有,0170
北屯區,房地(土地+建物)+車位,臺中市北屯區崇德十一路３７號十四樓之１,17.8,商,,,1150518,土地1建物1車位1,十四層,十五層,住宅大樓(11層含以上有電梯),住家用,鋼筋混凝土造,0990623,177.66,3,2,2,有,有,20500000,115389,坡道平面,23.78,0,,RPTPMLPLOHLGFBB58DA,86.81,4.61,13.27,有,
北區,房地(土地+建物),臺中市北區育強街１１１巷６之３號,23.79,住,,,1150512,土地1建物1車位0,四層,五層,公寓(5樓含以下無電梯),住家用,鋼筋混凝土造,0681211,72.1,3,2,2,有,無,2800000,38835,,0.0,0,,RPWPMLQLOHLGFBB98DA,72.1,0.0,0.0,無,
西屯區,房地(土地+建物)+車位,臺中市西屯區甘州五街４８號四樓,19.75,住,,,1150517,土地1建物1車位1,四層,六層,華廈(10層含以下有電梯),住家用,鋼筋混凝土造,0780628,129.94,3,2,2,有,有,8680000,66800,坡道平面,0.0,1500000,其他增建；,RPRNMLRKNHLGFCB28DA,80.01,0.0,6.55,有,
西屯區,土地,協仁段101-12地號,344.49,農,,,1150515,土地2建物0車位0,,,其他,,,,0.0,0,0,0,無,無,21363050,62014,,0.0,0,,RPUOMLQLNHLGFCB68DA,0.0,0.0,0.0,無,0171
南屯區,房地(土地+建物),臺中市南屯區大墩十四街２５８號五樓,12.72,商,,,1150531,土地2建物1車位0,五層,八層,華廈(10層含以下有電梯),住家用,鋼筋混凝土造,0820823,81.81,2,1,1,有,有,7600000,92898,,0.0,0,,RPVNMLNJOHLGFCB28DA,70.0,0.0,2.44,有,0172
西屯區,房地(土地+建物)+車位,臺中市西屯區至善路３８巷５２號八樓之２,18.13,商,,,1150515,土地6建物1車位1,八層,十層,華廈(10層含以下有電梯),住家用,鋼筋混凝土造,0980121,127.8,2,2,1,有,有,14880000,116432,坡道平面,26.94,0,,RPUNMLTJOHLGFCB78DA,60.39,1.89,9.47,有,
南屯區,房地(土地+建物)+車位,臺中市南屯區永春東路１０１８號十三樓之１３,11.29,住,,,1150522,土地1建物1車位1,十三層,十三層,住宅大樓(11層含以上有電梯),住家用,鋼筋混凝土造,0960927,110.19,2,2,1,有,有,11680000,105999,坡道機械,13.2,0,,RPSOMLQLOHLGFCB58DA,59.31,2.08,8.97,有,
南屯區,土地,寶山段79-1地號,1827.0,農,,,1150527,土地4建物0車位0,,,其他,,,,0.0,0,0,0,無,無,45000000,24631,,0.0,0,農作物；,RPWQMLMJPHLGFCB68DA,0.0,0.0,0.0,無,
南屯區,房地(土地+建物),臺中市南屯區大英西一街１１號八樓之２,6.89,住,,,1150528,土地1建物1車位0,八層,二十二層,住宅大樓(11層含以上有電梯),住家用,鋼筋混凝土造,0821110,107.69999999999999,3,2,2,有,有,9550000,88672,,0.0,0,陽台外推；其他增建；,RPRNMLNJPHLGFCB97DA,72.99,8.8,9.45,有,0173
西屯區,房地(土地+建物),臺中市西屯區大隆路１３５號七樓之２,17.02,住,,,1150515,土地2建物1車位0,七層,十三層,住宅大樓(11層含以上有電梯),住家用,鋼筋混凝土造,0821005,169.76,3,1,2,有,有,11800000,69510,,0.0,0,,RPUNMLNJPHLGFCB28DA,112.82,1.72,12.78,有,
豐原區,房地(土地+建物)+車位,臺中市豐原區鎌村路１０７巷６３號三樓之１,32.98,,特定農業區,甲種建築用地,1150512,土地2建物1車位1,三層,五層,華廈(10層含以下有電梯),住家用,鋼筋混凝土造,1150324,96.46000000000001,2,1,2,有,無,10350000,104053,一樓平面,13.81,1750000,,RPSNMLRKOHLGFDB58DA,52.22,0.0,10.05,有,
豐原區,房地(土地+建物)+車位,臺中市豐原區鎌村路１０７巷６３號三樓之２,32.98,,特定農業區,甲種建築用地,1150521,土地2建物1車位1,三層,五層,華廈(10層含以下有電梯),住家用,鋼筋混凝土造,1150324,87.83,2,1,2,有,無,9300000,104053,升降機械,5.18,700000,,RPTNMLRKOHLGFDB68DA,52.22,0.0,10.05,有,
大雅區,房地(土地+建物)+車位,臺中市大雅區雅潭路四段６８５號四樓之７,21.26,住,,,1150505,土地2建物1車位1,四層,十二層,住宅大樓(11層含以上有電梯),住家用,鋼筋混凝土造,1100205,123.66,2,1,1,有,有,11700000,94614,坡道平面,33.27,0,,RPPNMLMLNHLGFHB18DA,54.73,0.0,5.1,有,0174
潭子區,房地(土地+建物)+車位,臺中市潭子區中興路１２３號九樓,8.86,住,,,1150525,土地1建物1車位1,九層,十五層,住宅大樓(11層含以上有電梯),住家用,鋼筋混凝土造,0950610,91.44,2,2,1,有,有,9600000,104987,坡道機械,9.09,0,,RPTNMLTJOHLGFHB56DA,45.42,0.51,14.57,有,0175
潭子區,房地(土地+建物)+車位,臺中市潭子區興華一路１１３號五樓之１,31.5,住,,,1150527,土地1建物1車位2,五層,十五層,住宅大樓(11層含以上有電梯),住家用,鋼筋混凝土造,1141216,223.67000000000002,4,2,2,有,有,23000000,115670,坡道平面,57.68,3800000,,RPUNMLLJPHLGFHB58DA,94.33,0.0,14.54,有,
大里區,房地(土地+建物),臺中市大里區東明路１４６號三樓,21.07,商,,,1150511,土地1建物1車位0,三層,七層,華廈(10層含以下有電梯),住家用,鋼筋混凝土造,0820525,104.91,3,2,1,有,有,7250000,69107,,0.0,0,,RPSNMLTLNHLGFIB66DA,77.19,5.34,4.95,有,0176
烏日區,房地(土地+建物)+車位,臺中市烏日區高鐵東路３９９號九樓之５,16.05,商,,,1150515,土地1建物1車位1,九層,二十四層,住宅大樓(11層含以上有電梯),住家用,鋼筋混凝土造,1141215,156.66000000000003,3,2,2,有,有,21100000,134687,坡道平面,24.57,0,,RPSOMLTJOHLGFIB66DA,76.52,0.0,9.49,有,0177
烏日區,房地(土地+建物)+車位,臺中市烏日區中山路一段２之１６號三樓之１,10.87,住,,,1150531,土地1建物1車位1,三層,十六層,住宅大樓(11層含以上有電梯),住家用,鋼筋混凝土造,0830708,116.18,3,2,2,有,有,6150000,52935,坡道機械,0.0,0,,RPQNMLMLOHLGFIB48DA,72.84,1.46,9.99,有,
大里區,房地(土地+建物),臺中市大里區健民路２３巷５６號四樓之１,13.7,,鄉村區,乙種建築用地,1150513,土地3建物1車位0,四層,十五層,住宅大樓(11層含以上有電梯),住家用,鋼筋混凝土造,1110223,90.41,2,2,1,有,有,6600000,73001,,0.0,0,,RPOOMLMJPHLGFIB28DA,52.27,2.63,5.96,有,0178
太平區,房地(土地+建物),臺中市太平區正誠街２２３號,63.0,住,,,1150503,土地3建物1車位0,全,一層,透天厝,住家用,木石磚造（磚石造）,0621122,40.19,3,2,1,有,無,3980000,99030,,0.0,0,其他增建；,RPSNMLRJNHLGFJB98DA,40.19,0.0,0.0,無,
太平區,房地(土地+建物)+車位,臺中市太平區振武路１４９巷５號二樓,24.79,住,,,1150529,土地1建物1車位1,二層,六層,華廈(10層含以下有電梯),住家用,鋼筋混凝土造,0860715,133.37,3,2,2,有,有,8500000,63732,坡道平面,0.0,0,陽台外推；,RPROMLPLOHLGFJB09DA,74.29,0.0,11.84,有,
太平區,房地(土地+建物),臺中市太平區鵬儀路１３６號,121.0,住,,,1150530,土地2建物1車位0,全,二層,透天厝,住商用,加強磚造,0680920,113.66,3,2,2,有,無,12000000,105578,,0.0,0,,RPOSMLLJPHLGFJB68DA,113.66,0.0,0.0,無,0179
大肚區,房地(土地+建物),臺中市大肚區太平路１巷３弄４５之１號,29.41,,鄉村區,乙種建築用地,1150520,土地1建物1車位0,二層,三層,公寓(5樓含以下無電梯),住家用,鋼筋混凝土加強磚造,0691201,62.7,2,2,1,有,無,660000,10526,,0.0,0,,RPQNMLMLOHLGFKB68DA,53.5,0.0,9.2,無,
西區,房地(土地+建物),臺中市西區昇平街４９號,15.12,住,,,1150505,土地1建物1車位0,一層，騎樓,八層,華廈(10層含以下有電梯),商業用,鋼筋混凝土造,0831020,93.83,0,0,1,有,無,15800000,168390,,0.0,0,其他增建；,RPSNMLLJOHLGFAB57DA,76.3,5.0,0.0,有,0180
南區,房地(土地+建物),臺中市南區南和路１４號２樓１６號,37.29,住,,,1150513,土地1建物1車位0,二層,四層,公寓(5樓含以下無電梯),住家用,鋼筋混凝土造,0671106,76.0,3,2,1,有,無,4500000,59211,,0.0,0,,RPVNMLMJPHLGFAB08DA,76.0,0.0,0.0,無,
北區,房地(土地+建物)+車位,臺中市北區進化路４９９號,27.44,商,,,1150506,土地1建物1車位1,一層，見其他登記事項,二十層,住宅大樓(11層含以上有電梯),商業用,鋼筋混凝土造,1050122,278.41,0,0,0,無,有,49000000,175999,坡道平面,35.02,0,,RPQNMLTKNHLGFBB28DA,170.33,0.0,0.0,有,
北區,房地(土地+建物)+車位,臺中市北區文化街２號四樓之３,23.23,商,,,1150511,土地4建物1車位1,四層,五層,華廈(10層含以下有電梯),住家用,鋼筋混凝土造,1150305,98.86000000000001,2,2,2,有,有,13158000,131534,一樓平面,13.27,1900000,土地交易價格4350000元，建物含車位交易價格8808000元。親友、員工、共有人或其他特殊關係間之交易；,RPPNMLPLNHLGFBB87DA,54.98,0.0,6.86,有,
北屯區,土地,東光段235-7地號,5.5,都市：其他:道路用地,,,1150520,土地2建物0車位0,,,其他,,,,0.0,0,0,0,無,無,800218,145494,,0.0,0,包含公共設施保留地用地；,RPPSMLPLNHLGFBB38DA,0.0,0.0,0.0,無,0181
北區,房地(土地+建物),臺中市北區忠太東路１１９號３樓之１１,2.2,住,,,1150522,土地1建物1車位0,三層,二十一層,住宅大樓(11層含以上有電梯),住家用,鋼筋混凝土造,0840607,26.59,1,1,1,有,有,2250000,84618,,0.0,0,,RPTPMLSLNHLGFBB78DA,14.61,0.0,1.69,有,
北屯區,房地(土地+建物),臺中市北屯區瀋陽北路１３１號,125.0,住,,,1150525,土地1建物1車位0,全,二層,透天厝,住家用,鋼筋混凝土造,0750529,170.75,5,3,4,有,無,17800000,104246,,0.0,0,頂樓加蓋；其他增建；,RPQPMLTJOHLGFBB48DA,153.13,9.78,7.84,無,
北屯區,房地(土地+建物)+車位,臺中市北屯區文心路四段２８８號十四樓之６,11.8,住,,,1150526,土地1建物1車位1,十四層,二十二層,住宅大樓(11層含以上有電梯),住家用,鋼筋混凝土造,1020725,140.67000000000002,2,2,2,有,有,15600000,110898,坡道平面,27.23,0,,RPROMLMKOHLGFBB87DA,64.66,4.37,7.46,有,
北屯區,房地(土地+建物)+車位,臺中市北屯區昌平路二段５０之６巷２弄３之２號,22.18,住,,,1150509,土地1建物1車位1,三層,十二層,住宅大樓(11層含以上有電梯),住家用,鋼筋混凝土造,0810228,131.99,3,2,2,有,有,8680000,65763,坡道平面,0.0,0,陽台外推；,RPRNMLSKOHLGFBB38DA,72.96,0.0,11.74,有,
北屯區,房地(土地+建物)+車位,臺中市北屯區和順路５６５號八樓之２,13.99,住,,,1150509,土地1建物1車位1,八層,八層,華廈(10層含以下有電梯),住家用,鋼筋混凝土造,0791228,109.34,3,2,2,有,有,6500000,59453,坡道機械,0.0,0,其他增建；,RPQNMLNJPHLGFBB77DA,71.89,20.47,1.75,有,0182
南屯區,房地(土地+建物)+車位,臺中市南屯區忠勇路５２之２３３號九樓,13.86,住,,,1150508,土地1建物1車位1,九層,十四層,住宅大樓(11層含以上有電梯),住家用,鋼筋混凝土造,1010926,145.55,3,2,2,有,有,14500000,99622,坡道平面,22.67,0,,RPSOMLSJNHLGFCB48DA,75.54,1.03,8.78,有,
西屯區,房地(土地+建物)+車位,臺中市西屯區寶慶街１８巷２５號十二樓,16.95,商,,,1150510,土地1建物1車位1,十二層,十二層,住宅大樓(11層含以上有電梯),住家用,ＲＣ造,0930330,143.25,3,3,2,有,有,14350000,100175,坡道平面,13.99,0,,RPPQMLKLNHLGFCB77DA,79.51,2.71,8.05,有,
西屯區,房地(土地+建物)+車位,臺中市西屯區馬龍潭路３號二十三樓之２,36.22,住,,,1150512,土地1建物1車位2,二十三層,三十三層,住宅大樓(11層含以上有電梯),住家用,鋼骨鋼筋混凝土造,1130812,208.82,4,2,4,有,有,42600000,227300,坡道平面,41.64,4600000,,RPVPMLRLNHLGFCB98DA,91.38,0.0,14.63,有,0183
西屯區,房地(土地+建物)+車位,臺中市西屯區馬龍潭路３號二十三樓之３,41.49,住,,,1150512,土地1建物1車位2,二十三層,三十三層,住宅大樓(11層含以上有電梯),住家用,鋼骨鋼筋混凝土造,1130812,232.93,4,2,4,有,有,52400000,249882,坡道平面,41.64,4600000,,SPVPMLRLNHLGFCB09DA,108.82,0.0,12.49,有,0184
西屯區,房地(土地+建物),臺中市西屯區逢甲路７５巷２８號五樓之１５,5.54,住,,,1150526,土地1建物1車位0,五層,八層,華廈(10層含以下有電梯),住家用,鋼筋混凝土造,0831108,34.25,1,0,1,有,有,2800000,81728,,0.0,0,,RPWNMLSLNHLGFCB98DA,19.72,0.0,3.08,有,
南屯區,建物,臺中市南屯區大聖街１８９巷８號,0.0,,,,1150525,土地0建物1車位0,全,二層,透天厝,住家用,加強磚造,0750802,134.92,3,2,2,有,無,1600000,11859,,0.0,0,建物坐落地號：大新段358-7地號；親友、員工、共有人或其他特殊關係間之交易；頂樓加蓋；,RPTOMLNJOHLGFCB18DA,118.63,12.0,4.29,無,
南屯區,房地(土地+建物),臺中市南屯區大業路２３９號十一樓之７,3.9,商,,,1150531,土地1建物1車位0,十一層,十二層,住宅大樓(11層含以上有電梯),住家用,鋼筋混凝土造,0830419,36.16,1,0,1,有,有,3700000,102323,,0.0,0,,RPRPMLTJOHLGFCB68DA,21.07,0.65,3.3,有,
西屯區,房地(土地+建物)+車位,臺中市西屯區臺灣大道三段６４６號十六樓之７,6.61,商,,,1150526,土地1建物1車位1,十六層,二十九層,住宅大樓(11層含以上有電梯),住家用,鋼骨鋼筋混凝土造、鋼筋混凝土造,1140811,116.84,2,2,1,有,有,13500000,115543,坡道平面,34.74,0,,RPPPMLKMOHLGFCB87DA,48.37,0.0,4.56,有,0185
西屯區,房地(土地+建物)+車位,臺中市西屯區廣興巷１３之２０號,28.62,農,,,1150518,土地1建物1車位1,一層,四層,華廈(10層含以下有電梯),住家用,鋼筋混凝土造,1141103,119.78,2,2,2,有,有,16520000,160360,坡道平面,28.61,1900000,親友、員工、共有人或其他特殊關係間之交易；,RPQPMLKMOHLGFCB97DA,54.76,0.0,0.0,有,
西屯區,房地(土地+建物)+車位,臺中市西屯區逢大路６３號七樓之１,39.18,住,,,1150522,土地1建物1車位1,七層,十四層,住宅大樓(11層含以上有電梯),住家用,鋼筋混凝土造,0940704,187.0,3,2,2,有,有,14480000,77433,坡道平面,0.0,0,,RPQUMLLJPHLGFCB38DA,102.29,0.0,14.2,有,
南屯區,房地(土地+建物)+車位,臺中市南屯區大墩三街１３５號八樓之２,16.13,商,,,1150506,土地1建物1車位2,八層,二十四層,住宅大樓(11層含以上有電梯),住家用,鋼筋混凝土造,1120215,235.94,3,2,2,有,有,32000000,135628,坡道平面,61.52,0,,RPPRMLMJPHLGFCB08DA,106.33,0.0,9.62,有,0186
豐原區,房地(土地+建物),臺中市豐原區直興街１４３號二樓,18.02,住,,,1150519,土地1建物1車位0,二層,八層,華廈(10層含以下有電梯),住家用,鋼筋混凝土造,0880608,99.95,3,1,2,有,有,6960000,69635,,0.0,0,其他增建；,RPSNMLTJOHLGFDB68DA,65.24,0.0,12.43,有,
大甲區,房地(土地+建物),臺中市大甲區雁門路３５９號,82.58,住,,,1150517,土地1建物1車位0,全,三層,透天厝,住商用,鋼筋混凝土造,0950919,202.08,5,2,4,有,無,15000000,74228,,0.0,0,其他增建；,RPSNMLKMOHLGFEB18DA,181.83,0.0,20.25,無,0187
沙鹿區,房地(土地+建物),臺中市沙鹿區正義路１０１巷５１之１０號,109.22,住,,,1150519,土地4建物1車位0,全,三層,透天厝,住家用,鋼筋混凝土造,1140110,173.81,4,2,5,有,無,18000000,103561,,0.0,0,陽台外推；頂樓加蓋；,RPOPNLSKOHLGFFB78DA,159.11,0.0,14.7,無,0188
沙鹿區,土地,鹿峰西段393地號,70.0,住,,,1150528,土地1建物0車位0,,,其他,,,,0.0,0,0,0,無,無,6400000,91429,,0.0,0,,RPTOMLKMOHLGFFB48DA,0.0,0.0,0.0,無,0189
沙鹿區,土地,明德段373地號,2617.33,都市：其他:保護區,,,1150515,土地1建物0車位0,,,其他,,,,0.0,0,0,0,無,無,17274361,6600,,0.0,0,親友、員工、共有人或其他特殊關係間之交易；,RPPNMLQJPHLGFFB38DA,0.0,0.0,0.0,無,
東勢區,房地(土地+建物),臺中市東勢區中泰街８１號,103.65,住,,,1150512,土地1建物1車位0,全,三層,透天厝,住家用,鋼筋混凝土造,1150402,167.32,3,2,4,有,無,16700000,99809,,0.0,0,,RPRNMLMJPHLGFGB28DA,153.64,0.0,13.68,無,
東勢區,土地,東勢段中嵙小段611-29地號,2888.0,,山坡地保育區,農牧用地,1150513,土地1建物0車位0,,,其他,,,,0.0,0,0,0,無,無,4500000,1558,,0.0,0,,RPPNMLNJPHLGFGB18DA,0.0,0.0,0.0,無,
烏日區,房地(土地+建物)+車位,臺中市烏日區三榮路二段５９號五樓之５,27.96,住,,,1150524,土地1建物1車位1,五層,十三層,住宅大樓(11層含以上有電梯),住家用,鋼筋混凝土造,1140724,159.7,3,2,2,有,有,17250000,108015,坡道平面,31.79,0,,RPTNMLPLOHLGFIB09DA,78.0,0.0,7.07,有,0190
烏日區,房地(土地+建物)+車位,臺中市烏日區中華路１８５巷５號九樓之７,20.89,住,,,1150522,土地1建物1車位1,九層,十二層,住宅大樓(11層含以上有電梯),住家用,鋼筋混凝土造,0830415,133.89,3,2,2,有,有,7800000,58257,坡道機械,0.0,0,,RPXNMLMJPHLGFIB09DA,79.0,1.84,14.08,有,
霧峰區,房地(土地+建物)+車位,臺中市霧峰區吉峰路４６巷２７弄１１號,163.47,住,,,1150520,土地2建物1車位2,全,四層,透天厝,住家用,鋼筋混凝土造,0800520,333.09000000000003,5,3,5,有,有,15000000,45033,坡道平面,0.0,0,陽台外推；其他增建；,RPSOMLMJPHLGFIB68DA,231.97,5.76,22.33,無,
霧峰區,土地,霧峰段北溝小段1-4222地號,3744.33,,山坡地保育區,農牧用地,1150524,土地5建物0車位0,,,其他,,,,0.0,0,0,0,無,無,2180000,582,,0.0,0,農作物；,RPWOMLMJPHLGFIB09DA,0.0,0.0,0.0,無,0191
太平區,房地(土地+建物)+車位,臺中市太平區成功東路４２巷８８號十二樓之９,26.0,住,,,1150528,土地1建物1車位1,十二層,十四層,住宅大樓(11層含以上有電梯),住家用,鋼筋混凝土造,1141016,116.46000000000001,2,2,1,有,有,12800000,125840,坡道平面,28.65,1750000,,RPOOMLPKOHLGFJB68DA,54.33,0.0,3.77,有,
太平區,房地(土地+建物),臺中市太平區育仁南路３號,4.5,住,,,1150517,土地1建物1車位0,一層，二層，騎樓,十二層,住宅大樓(11層含以上有電梯),住商用,鋼筋混凝土造,0831018,101.77,2,1,1,有,有,8000000,78609,,0.0,0,,RPPOMLNLOHLGFJB68DA,88.11,2.38,0.0,有,
太平區,房地(土地+建物),臺中市太平區光興路４０１南巷２０弄４２號,58.12,,鄉村區,乙種建築用地,1150512,土地2建物1車位0,全,三層,透天厝,住家用,鋼筋混凝土造,0890804,108.78,4,1,2,有,無,6500000,59754,,0.0,0,,RPOOMLKMOHLGFJB38DA,85.92,22.86,0.0,無,
南區,房地(土地+建物),臺中市南區復興路２段１１３號１０樓之４,12.01,商,,,1150524,土地2建物1車位0,十層,十二層,住宅大樓(11層含以上有電梯),住家用,鋼筋混凝土造,0710918,86.47999999999999,3,2,1,有,有,6200000,71693,,0.0,0,,RPWNMLRLNHLGFAB68DA,66.93,0.0,2.48,有,0192
南區,房地(土地+建物)+車位,臺中市南區新榮街７９號七樓之６,8.63,住,,,1150508,土地6建物1車位1,七層,十五層,住宅大樓(11層含以上有電梯),住家用,鋼筋混凝土造,1120424,86.03999999999999,2,2,1,有,有,10500000,122036,坡道機械,15.53,0,,RPWNMLMJOHLGFAB08DA,43.0,0.0,4.19,有,0193
北屯區,房地(土地+建物)+車位,臺中市北屯區環中東路二段１２２號,17.02,商,,,1150518,土地1建物1車位1,一層,十五層,住宅大樓(11層含以上有電梯),其他,鋼筋混凝土造,1041016,131.69,0,1,1,有,有,13500000,108274,坡道平面,20.86,1500000,其他增建；,RPWPMLTKNHLGFBB09DA,80.02,0.0,5.35,有,
北屯區,房地(土地+建物)+車位,臺中市北屯區同榮路３０１號五樓之１,22.72,住,,,1150507,土地1建物1車位1,五層,十四層,住宅大樓(11層含以上有電梯),住家用,鋼筋混凝土造,1120328,163.42000000000002,3,2,2,有,有,19180000,117366,坡道平面,34.98,0,,RPWNMLOJOHLGFBB38DA,75.72,0.0,9.18,有,0194
北屯區,房地(土地+建物),臺中市北屯區安順四街２號４樓之２,4.56,商,,,1150521,土地1建物1車位0,四層,七層,華廈(10層含以下有電梯),住家用,鋼筋混凝土造,0811120,34.81,1,0,1,有,有,3030000,87044,,0.0,0,,RPWPMLTJOHLGFBB09DA,23.35,0.0,2.45,有,0195
北屯區,房地(土地+建物)+車位,臺中市北屯區文昌東八街２９號７樓之１,17.73,住,,,1150517,土地1建物1車位1,七層,七層,華廈(10層含以下有電梯),住家用,鋼筋混凝土造,0800118,112.49,3,3,3,有,無,8050000,71562,坡道平面,0.0,0,頂樓加蓋；,RPRQMLQKOHLGFBB48DA,70.97,0.0,6.41,有,0196
北區,房地(土地+建物),臺中市北區五義街１２８號,88.0,住,,,1150520,土地2建物1車位0,全,二層,透天厝,住家用,鋼筋混凝土加強磚造,0571220,149.6,7,3,2,有,無,28800000,192513,,0.0,0,頂樓加蓋；其他增建；,RPVQMLLJPHLGFBB38DA,149.6,0.0,0.0,無,
北屯區,房地(土地+建物)+車位,臺中市北屯區河北一街１９７號七樓之６,22.09,住,,,1150506,土地2建物1車位1,七層,十四層,住宅大樓(11層含以上有電梯),住家用,鋼筋混凝土造,1150128,114.9,2,2,2,有,有,19090000,192760,坡道平面,26.5,2050000,,RPPPMLMJPHLGFBB77DA,50.97,0.0,6.73,有,
北屯區,房地(土地+建物)+車位,臺中市北屯區太順五街２２號五樓之２,14.83,住,,,1150514,土地1建物1車位1,五層,十二層,住宅大樓(11層含以上有電梯),住家用,鋼筋混凝土造,1141203,113.85,2,2,2,有,有,11880000,104348,坡道平面,34.82,0,,RPQOMLNJPHLGFBB87DA,49.34,0.0,3.19,有,0197
西屯區,房地(土地+建物)+車位,臺中市西屯區惠中路１４８巷９８號十七樓之６,24.13,住,,,1150509,土地1建物1車位2,十七層,二十七層,住宅大樓(11層含以上有電梯),住家用,鋼筋混凝土造,1140331,216.07999999999998,2,2,2,有,有,39580000,229310,坡道平面,67.46,5500000,,RPSOMLSLNHLGFCB68DA,86.27,0.0,10.28,有,0198
西屯區,房地(土地+建物)+車位,臺中市西屯區上安路８４巷１４號三樓之３,18.56,住,,,1150528,土地1建物1車位1,三層,十二層,住宅大樓(11層含以上有電梯),住家用,鋼筋混凝土造,0860327,185.68,2,2,2,有,有,13500000,73805,坡道平面,23.09,1500000,陽台外推；,RPRPMLSLNHLGFCB68DA,78.44,44.38,8.44,有,
西屯區,房地(土地+建物)+車位,臺中市西屯區臺灣大道三段７６１號三十三樓之６,5.68,商,,,1150509,土地1建物1車位1,三十三層,三十六層,住宅大樓(11層含以上有電梯),住家用,鋼骨造,1141028,108.0,2,2,1,有,有,11030000,102130,坡道平面,28.32,0,,RPPPMLMJOHLGFCB77DA,45.59,2.13,4.47,有,0199
西屯區,房地(土地+建物)+車位,臺中市西屯區大容西街３９號三樓之３,13.22,住,,,1150522,土地1建物1車位1,三層,九層,華廈(10層含以下有電梯),住家用,鋼筋混凝土造,0871203,97.3,2,2,1,有,有,9900000,115726,坡道機械,19.53,900000,其他增建；,RPSOMLMKOHLGFCB08DA,51.72,0.0,5.92,有,0200
南屯區,房地(土地+建物)+車位,臺中市南屯區文山三街１２７號二樓之１,16.28,商,,,1150531,土地2建物1車位1,二層,十二層,住宅大樓(11層含以上有電梯),住家用,鋼筋混凝土造,1010224,115.25,2,2,1,有,有,11000000,95445,坡道平面,23.51,0,,RPWOMLMKOHLGFCB48DA,51.42,1.57,8.49,有,
西屯區,房地(土地+建物),臺中市西屯區上石北２巷１５號五樓之７、上石北２巷１５號五樓之８,6.68,商,,,1150514,土地2建物2車位0,五層,八層,華廈(10層含以下有電梯),商業用,鋼筋混凝土造,0801218,63.309999999999995,1,1,1,有,有,5680000,89717,,0.0,0,1039-7、1039-8地號土地持分各54/9000、5413建號持分1/1，售價300萬元1039-7、1039-8地號土地持分各54/9000、5669建號持分1/1，售價268萬元,RPXNMLSKOHLGFCB09DA,50.55,0.0,0.0,有,
南屯區,房地(土地+建物),臺中市南屯區忠勇路５２之２３７號四樓,9.67,住,,,1150530,土地1建物1車位0,四層,十四層,住宅大樓(11層含以上有電梯),住家用,鋼筋混凝土造,1010926,94.31,2,2,1,有,有,9800000,103913,,0.0,0,,RPQTMLNJPHLGFCB48DA,53.49,1.03,9.56,有,0201
南屯區,房地(土地+建物)+車位,臺中市南屯區忠勇路１０７之２號十三樓之２,10.87,住,,,1150530,土地1建物1車位1,十三層,十六層,住宅大樓(11層含以上有電梯),住家用,鋼筋混凝土造,0830905,88.64,2,2,1,有,有,7280000,82130,坡道機械,0.0,0,,RPQOMLQJPHLGFCB28DA,55.81,1.68,7.92,有,0202
西屯區,房地(土地+建物)+車位,臺中市西屯區工業區一路５８巷１１弄３６號六樓之６,19.25,住,,,1150511,土地1建物1車位1,六層,十四層,住宅大樓(11層含以上有電梯),住家用,鋼筋混凝土造,0821210,127.11,3,2,2,有,有,7800000,61364,坡道機械,0.0,0,,RPRNMLSJPHLGFCB48DA,88.72,0.58,10.01,有,
外埔區,房地(土地+建物),臺中市外埔區六分路２２２巷２５號,106.43,住,,,1150522,土地2建物1車位0,全,四層,透天厝,住家用,鋼筋混凝土造,0960417,207.58,4,1,3,有,無,9500000,45765,,0.0,0,親友、員工、共有人或其他特殊關係間之交易；未登記建物；,RPQNMLOJOHLGFEB08DA,186.69,0.0,20.89,無,0203
外埔區,房地(土地+建物)+車位,臺中市外埔區外埔路６０７巷２１號四樓,56.88,,特定農業區,甲種建築用地,1150512,土地6建物1車位1,四層,九層,華廈(10層含以下有電梯),住家用,鋼筋混凝土造,1090929,164.02,3,2,2,有,有,9400000,57310,一樓平面,0.0,0,,RPWNMLKKOHLGFEB38DA,103.47,0.0,10.46,有,0204
沙鹿區,房地(土地+建物)+車位,臺中市沙鹿區永寧路２３７號三樓之５,18.61,住,,,1150515,土地1建物1車位1,三層,十五層,住宅大樓(11層含以上有電梯),住家用,鋼筋混凝土造,1141015,104.61,2,2,2,有,有,7800000,74563,坡道機械,18.06,0,,RPQNMLKMOHLGFFB08DA,54.8,0.0,3.18,有,0205
潭子區,土地,東寶七段1187-6地號,1204.42,農,,,1150529,土地2建物0車位0,,,其他,,,,0.0,0,0,0,無,無,27880000,23148,,0.0,0,,RPQNMLTLNHLGFHB98DA,0.0,0.0,0.0,無,
大雅區,房地(土地+建物),臺中市大雅區雅潭路三段３５５巷１２８號,89.41,農,,,1150526,土地3建物1車位0,全,三層,透天厝,住家用,鋼筋混凝土造,0840726,143.33,4,2,3,有,無,13500000,94188,,0.0,0,其他增建；,RPRNMLNJOHLGFHB38DA,139.65,0.5,3.18,無,0206
潭子區,房地(土地+建物),臺中市潭子區中山路一段１巷１３弄４９號,117.52,住,,,1150522,土地9建物1車位0,全,五層,透天厝,其他,鋼筋混凝土造,0880907,232.77,5,2,6,有,有,23100000,99240,,0.0,0,跨所案件另有基地為台中市北屯區、松茂段196地號持分面積4.63平方公尺、松茂段196-82地號持分面積0.81平方公尺公設建號為台中市北屯區松茂段4210、4333建號陽台外推；預售屋、或土地及建物分件登記案件；,RPQNMLKMOHLGFHB28DA,216.45,0.0,16.32,無,0207
霧峰區,房地(土地+建物),臺中市霧峰區中正路７０６巷５號三樓,20.55,住,,,1150512,土地1建物1車位0,三層,十二層,住宅大樓(11層含以上有電梯),住家用,鋼筋混凝土造,0840427,141.77,4,2,2,有,有,6680000,47119,,0.0,0,,RPTNMLNJOHLGFIB68DA,100.31,0.0,11.64,有,
大里區,房地(土地+建物),臺中市大里區西湖路２０８巷３９弄１８號,67.16,,特定農業區,甲種建築用地,1150515,土地2建物1車位0,全,四層,透天厝,住家用,鋼筋混凝土造,1120619,157.05,4,3,5,有,有,15800000,100605,,0.0,0,,RPQOMLLKOHLGFIB38DA,151.2,0.0,5.57,無,0208
大里區,房地(土地+建物),臺中市大里區內元路８７巷２０號六樓,14.19,住,,,1150524,土地1建物1車位0,六層,七層,華廈(10層含以下有電梯),住家用,鋼筋混凝土造,0820105,86.66,3,2,1,有,有,5580000,64390,,0.0,0,陽台外推；,RPOPMLMJPHLGFIB38DA,57.2,1.14,8.62,有,0209
烏日區,房地(土地+建物),臺中市烏日區學田路便行巷３２弄３６號,107.48,住,,,1150522,土地3建物1車位0,全,三層,透天厝,其他,鋼筋混凝土造,0931201,159.35,5,3,4,有,有,16300000,102291,,0.0,0,頂樓加蓋；其他增建；,RPTNMLNJPHLGFIB78DA,149.49,0.0,9.86,無,
大里區,房地(土地+建物)+車位,臺中市大里區向上街３６巷８之３號,22.67,住,,,1150524,土地1建物1車位1,三層,九層,華廈(10層含以下有電梯),住家用,鋼筋混凝土造,0791130,138.81,3,2,2,有,有,7010000,50501,坡道機械,0.0,0,,RPPNMLQJPHLGFIB68DA,100.62,0.0,19.08,有,
大里區,土地,東榮段244地號,62.03,住,,,1150519,土地1建物0車位0,,,其他,,,,0.0,0,0,0,無,無,720000,11607,,0.0,0,公共設施保留地包含公共設施保留地用地；,RPQNMLQJPHLGFIB78DA,0.0,0.0,0.0,無,
烏日區,房地(土地+建物),臺中市烏日區中山路三段青仔巷５６弄１０號,145.33,住,,,1150520,土地2建物1車位0,全,三層,透天厝,其他,鋼筋混凝土造,0891106,195.07,4,2,6,有,無,28300000,145076,,0.0,0,,RPTNMLQJPHLGFIB09DA,180.09,0.0,14.98,無,
龍井區,土地,龍津段528-1地號,1495.0,農,,,1150520,土地2建物0車位0,,,其他,,,,0.0,0,0,0,無,無,11250000,7525,,0.0,0,,RPTNMLSLNHLGFKB86DA,0.0,0.0,0.0,無,
龍井區,房地(土地+建物)+車位,臺中市龍井區藝術街１９５巷１號五樓之四,37.76,住,,,1150512,土地1建物1車位1,五層,八層,華廈(10層含以下有電梯),住家用,鋼筋混凝土造,0830910,192.41000000000003,4,2,2,有,有,9000000,46775,坡道平面,0.0,0,,RPSNMLNJOHLGFKB78DA,110.55,0.0,11.88,有,
龍井區,土地,新庄段539-4地號,243.12,,鄉村區,乙種建築用地,1150520,土地3建物0車位0,,,其他,,,,0.0,0,0,0,無,無,12331854,50723,,0.0,0,,RPRNMLQJPHLGFKB09DA,0.0,0.0,0.0,無,
龍井區,房地(土地+建物),臺中市龍井區藝術北街６巷３號,28.92,住,,,1150528,土地1建物1車位0,一層,四層,公寓(5樓含以下無電梯),住家用,鋼筋混凝土造,0690509,66.58,3,1,1,有,無,3900000,58576,,0.0,0,其他增建；,RPPNMLQJPHLGFKB98EA,66.58,0.0,0.0,無,
東區,房地(土地+建物),臺中市東區旱溪街１４巷７號,500.0,住,,,1150508,土地1建物1車位0,全,二層,透天厝,住家用,加強磚造,0770109,286.93,5,2,2,有,無,22687500,79070,,0.0,0,親友、員工、共有人或其他特殊關係間之交易；陽台外推；,RPSNMLNLNHLGFAB87DA,244.26,31.03,11.64,無,
西區,房地(土地+建物),臺中市西區民生路４９６巷１１號３樓之１２,11.76,住,,,1150512,土地1建物1車位0,三層,六層,華廈(10層含以下有電梯),住家用,鋼筋混凝土造,0840328,59.44,1,0,1,有,有,5250000,88324,,0.0,0,其他增建；,RPWNMLPJOHLGFAB38DA,34.67,0.72,3.94,有,
南區,房地(土地+建物)+車位,臺中市南區文心南路６９５號五樓之二,17.66,商,,,1150513,土地1建物1車位1,五層,七層,華廈(10層含以下有電梯),住家用,鋼筋混凝土造,0831228,115.22,3,2,2,有,無,8380000,72730,升降機械,0.0,0,陽台外推；其他增建；,RPTOMLQKOHLGFAB38DA,73.02,0.0,17.24,有,
西區,房地(土地+建物)+車位,臺中市西區精誠２０街１４號３樓,19.84,住,,,1150502,土地3建物1車位1,三層,七層,華廈(10層含以下有電梯),住家用,鋼筋混凝土造,0820326,110.97,3,2,2,有,有,9600000,86510,升降機械,0.0,0,親友、員工、共有人或其他特殊關係間之交易；,RPPNMLSLOHLGFAB18DA,72.21,0.0,8.36,有,
西區,房地(土地+建物)+車位,臺中市西區西屯路一段６７號九樓之３,19.88,住,,,1150522,土地2建物1車位1,九層,十二層,住宅大樓(11層含以上有電梯),住家用,鋼筋混凝土造,1140205,117.13,2,2,1,有,有,13700000,116964,坡道平面,35.16,0,,RPSNMLNJPHLGFAB87DA,49.46,0.0,4.79,有,
東區,房地(土地+建物),臺中市東區東英路３０６巷２０號,148.81,住,,,1150507,土地2建物1車位0,全,四層,透天厝,住商用,鋼筋混凝土造,0860429,247.10000000000002,5,2,4,有,無,4800000,19425,,0.0,0,親友、員工、共有人或其他特殊關係間之交易；,RPRNMLPJPHLGFAB97DA,215.52,13.48,15.05,無,
北區,房地(土地+建物),臺中市北區太平路２０５之５號,1.83,住,,,1150523,土地1建物1車位0,三層,七層,華廈(10層含以下有電梯),住家用,鋼筋混凝土造,0691202,18.92,1,0,1,有,無,1500000,79281,,0.0,0,,RPUOMLSLNHLGFBB78DA,18.92,0.0,0.0,有,
北區,房地(土地+建物),臺中市北區進化北路３６７號１８樓之２９,7.36,商,,,1150511,土地1建物1車位0,十八層,十八層,住宅大樓(11層含以上有電梯),住家用,鋼筋混凝土造,0830207,77.53,2,2,1,有,有,5600000,72230,,0.0,0,,RPVPMLLJOHLGFBB18DA,41.14,0.4,2.53,有,
北區,房地(土地+建物)+車位,臺中市北區臺灣大道二段３４０號六樓之３,38.26,住,,,1150512,土地1建物1車位1,六層,十二層,住宅大樓(11層含以上有電梯),商業用,鋼筋混凝土造,0770116,311.3,4,1,0,有,有,8100000,26020,坡道機械,0.0,0,親友、員工、共有人或其他特殊關係間之交易；,RPTNMLQKOHLGFBB38DA,208.66,4.78,0.0,有,
北屯區,房地(土地+建物)+車位,臺中市北屯區軍福十六路２９３號五樓之１,13.58,商,,,1150517,土地1建物1車位1,五層,十四層,住宅大樓(11層含以上有電梯),住家用,鋼筋混凝土造,1050804,144.82999999999998,3,2,2,有,有,13880000,95836,坡道平面,21.68,0,,RPWNMLQKOHLGFBB68DA,72.41,1.97,10.03,有,
北區,房地(土地+建物)+車位,臺中市北區梅川西路三段３９巷１８號１１樓之８,20.51,住,,,1150527,土地1建物1車位2,十一層,十四層,住宅大樓(11層含以上有電梯),住家用,鋼筋混凝土造,0880908,214.89999999999998,4,2,2,有,有,19000000,95386,坡道平面,47.16,3000000,,RPROMLRKOHLGFBB38DA,103.46,3.71,17.54,有,
北區,房地(土地+建物),臺中市北區美德街１７０之４號,27.82,住,,,1150530,土地1建物1車位0,五層,七層,華廈(10層含以下有電梯),住家用,鋼筋混凝土造,0690424,115.96,4,2,2,有,有,8800000,75888,,0.0,0,陽台外推；,RPUNMLSKOHLGFBB68DA,113.32,0.0,2.64,有,
北屯區,房地(土地+建物)+車位,臺中市北屯區太順路５０號,23.18,住,,,1150522,土地1建物1車位1,一層，二層，見其他登記事項,十四層,住宅大樓(11層含以上有電梯),住商用,鋼筋混凝土造,1050602,200.81,0,3,2,有,有,18000000,89637,坡道平面,24.06,0,夾層；,RPPNMLKLOHLGFBB47DA,120.74,0.0,5.13,有,
北屯區,房地(土地+建物)+車位,臺中市北屯區景賢路５８號四樓之１３,14.52,住,,,1150510,土地2建物1車位1,四層,十二層,住宅大樓(11層含以上有電梯),住家用,鋼筋混凝土造,1100925,120.55000000000001,2,1,1,有,有,11400000,94567,坡道平面,42.86,0,,RPPONLOLOHLGFBB08DA,45.49,0.0,5.39,有,
北區,房地(土地+建物),臺中市北區太原八街１２８號４樓之１１,25.34,住,,,1150517,土地1建物1車位0,四層,五層,公寓(5樓含以下無電梯),住家用,鋼筋混凝土造,0750204,93.37,3,2,2,有,有,6550000,70151,,0.0,0,,RPXPMLQJPHLGFBB98DA,84.85,0.0,8.52,無,
北區,房地(土地+建物),臺中市北區天祥街２２４號９樓之２,12.55,住,,,1150507,土地1建物1車位0,九層,十二層,住宅大樓(11層含以上有電梯),住家用,鋼筋混凝土造,0850618,110.71,3,2,2,有,有,6600000,59615,,0.0,0,,RPWPNLQJPHLGFBB98DA,83.94,0.0,5.33,有,
西屯區,房地(土地+建物)+車位,臺中市西屯區國安一路８７號二十一樓之６,19.57,住,,,1150531,土地1建物1車位2,二十一層,二十二層,住宅大樓(11層含以上有電梯),住家用,鋼筋混凝土造,0971127,220.59,4,2,3,有,有,24000000,121107,坡道平面,35.63,1600000,其他增建；,RPQNMLLMNHLGFCB77DA,113.62,2.77,12.88,有,
西屯區,房地(土地+建物)+車位,臺中市西屯區福星路１６０號十三樓之１,9.95,住,,,1150522,土地1建物1車位1,十三層,十三層,住宅大樓(11層含以上有電梯),住家用,鋼筋混凝土造,0960929,99.96000000000001,2,2,1,有,有,12300000,123049,坡道平面,28.59,0,其他增建；,RPPNMLQJOHLGFCB97DA,46.33,1.72,3.95,有,
后里區,房地(土地+建物),臺中市后里區三重二路２７８巷１６號,123.98,,特定農業區,甲種建築用地,1150513,土地3建物1車位0,全,二層,透天厝,住家用,鋼骨造,1111213,113.68,5,2,4,有,無,12020000,105735,,0.0,0,其他增建；,RPQOMLLJPHLGFDB87DA,105.88,0.0,7.8,無,
梧棲區,房地(土地+建物),臺中市梧棲區中華路一段７８２巷３７號,45.12,住,,,1150523,土地1建物1車位0,全,四層,透天厝,住商用,鋼筋混凝土造,0960502,100.15,4,2,5,有,無,5000000,49925,,0.0,0,親友、員工、共有人或其他特殊關係間之交易；,RPTOMLQJPHLGFFB88DA,85.04,4.76,10.36,無,
潭子區,房地(土地+建物)+車位,臺中市潭子區中山路一段１４２號十四樓之４,11.02,住,,,1150515,土地1建物1車位1,十四層,十五層,住宅大樓(11層含以上有電梯),住家用,鋼筋混凝土造,0821111,109.79,2,2,1,有,有,7800000,71045,坡道機械,0.0,0,陽台外推；,RPSNMLLJOHLGFHB28DA,56.5,1.75,10.44,有,
大雅區,房地(土地+建物)+車位,臺中市大雅區中清路三段９３０號五樓之７,27.04,住,,,1150520,土地1建物1車位1,五層,十四層,住宅大樓(11層含以上有電梯),住家用,鋼筋混凝土造,1090113,155.73000000000002,3,2,2,有,有,18880000,121235,坡道平面,31.0,0,,RPSNMLTLOHLGFHB66DA,73.63,0.0,10.38,有,
潭子區,房地(土地+建物),臺中市潭子區大富路一段２８之１４號,93.27,農,,,1150523,土地4建物1車位0,全,四層,透天厝,住家用,鋼筋混凝土造,0871202,202.66,4,3,3,有,有,14500000,71548,,0.0,0,,RPPNMLQJPHLGFHB58DA,197.26,0.0,5.4,無,
潭子區,房地(土地+建物),臺中市潭子區祥和路１３３巷５１弄１５號,120.53,住,,,1150515,土地5建物1車位0,全,三層,透天厝,住家用,鋼筋混凝土造,1010404,160.96,4,3,3,有,有,19700000,122391,,0.0,0,增建：一樓廚房、露臺二樓後方,RPSNMLQJPHLGFHB88DA,148.93,4.35,7.68,無,
潭子區,房地(土地+建物),臺中市潭子區中山路一段１５巷１３號十六樓,9.32,住,,,1150528,土地1建物1車位0,十六層,十七層,住宅大樓(11層含以上有電梯),住家用,鋼筋混凝土造,0830824,107.41,3,2,2,有,有,7050000,65636,,0.0,0,,RPTNMLQJPHLGFHB98DA,70.7,1.5,10.42,有,
烏日區,土地,三和段194地號,86.51,住,,,1150516,土地1建物0車位0,,,其他,,,,0.0,0,0,0,無,無,2950000,34100,,0.0,0,,RPTOMLTJOHLGFIB76DA,0.0,0.0,0.0,無,
霧峰區,房地(土地+建物)+車位,臺中市霧峰區振興西街９號十樓,19.86,住,,,1150506,土地1建物1車位1,十層,十二層,住宅大樓(11層含以上有電梯),住家用,鋼筋混凝土造,0860923,175.13,4,2,2,有,有,9360000,53446,坡道平面,0.0,0,,RPSNMLKKOHLGFIB38DA,109.58,0.0,12.63,有,
大里區,房地(土地+建物)+車位,臺中市大里區瓦路１６號八樓之３,23.04,,特定農業區,甲種建築用地,1150529,土地1建物1車位1,八層,十一層,住宅大樓(11層含以上有電梯),住家用,鋼筋混凝土造,1071019,120.69,2,2,1,有,有,11150000,92385,坡道平面,36.22,0,,RPSNMLOLOHLGFIB88DA,46.55,2.27,7.19,有,
霧峰區,房地(土地+建物),臺中市霧峰區中正路８１７巷７６號,79.0,商,,,1150527,土地1建物1車位0,全,二層,透天厝,住家用,鐵筋磚造蓋瓦頂,0620530,94.04,3,2,2,有,無,6800000,72310,,0.0,0,其他增建；,RPOOMLLJPHLGFIB18DA,93.04,1.0,0.0,無,
太平區,房地(土地+建物),臺中市太平區新平路一段朱厝巷１０號,78.0,住,,,1150530,土地1建物1車位0,全,二層,透天厝,住商用,鋼筋混凝土造,0690722,108.8,3,2,2,有,無,8450000,77665,,0.0,0,頂樓加蓋；,RPSNMLLKOHLGFJB58DA,108.8,0.0,0.0,無,
太平區,房地(土地+建物)+車位,臺中市太平區環中東路三段７９６號十三樓,24.58,住,,,1150521,土地1建物1車位1,十三層,十五層,住宅大樓(11層含以上有電梯),住家用,鋼筋混凝土造,1051114,163.76,3,2,2,有,有,13900000,84880,坡道平面,31.86,0,,RPOOMLPLOHLGFJB78DA,78.72,1.16,9.79,有,
太平區,房地(土地+建物),臺中市太平區東方三街２巷１３號,72.55,,鄉村區,乙種建築用地,1150510,土地1建物1車位0,全,三層,透天厝,住家用,鋼筋混凝土造,0821211,167.08,5,3,3,有,有,9000000,53866,,0.0,0,其他增建；,RPQNMLQLOHLGFJB98DA,147.64,6.48,12.96,無,
龍井區,房地(土地+建物)+車位,臺中市龍井區遠東街４７號二樓之７,24.64,住,,,1150531,土地1建物1車位1,二層,十層,華廈(10層含以下有電梯),住家用,鋼筋混凝土造,1140311,131.95,2,2,2,有,有,13800000,104585,坡道平面,32.75,0,,RPTNMLMJPHLGFKB88DA,59.18,0.0,6.48,有,
西區,房地(土地+建物)+車位,臺中市西區文化街１５６號５樓之９,21.71,住,,,1150412,土地1建物1車位1,五層,七層,華廈(10層含以下有電梯),住家用,鋼筋混凝土造,0800321,145.08,3,2,2,有,有,10000000,68927,坡道機械,0.0,0,陽台外推；,RPSOMLKMMHLGFAB67DA,115.09,0.0,12.7,有,
北屯區,房地(土地+建物)+車位,臺中市北屯區崇德八路一段１１１號十五樓之３,37.12,住,,,1150427,土地1建物1車位2,十五層,十五層,住宅大樓(11層含以上有電梯),住家用,鋼筋混凝土造,1010120,332.90999999999997,3,2,2,有,有,52000000,187613,坡道平面,72.8,3200000,親友、員工、共有人或其他特殊關係間之交易；,RPVOMLRLMHLGFBB68DA,150.08,12.89,16.05,有,
北屯區,房地(土地+建物)+車位,臺中市北屯區豐樂路２８之８號十二樓之２,56.86,住,,,1150429,土地1建物1車位2,十二層,十五層,住宅大樓(11層含以上有電梯),住家用,鋼筋混凝土造,1090304,248.19,3,2,2,有,有,41580000,194858,坡道平面,50.2,3000000,其他增建；,RPSPMLTLMHLGFBB68DA,122.61,0.0,12.04,有,0210
北屯區,房地(土地+建物),臺中市北屯區崇德路一段５６４號５樓之２,35.23,商,,,1150414,土地2建物1車位0,五層,五層,公寓(5樓含以下無電梯),住家用,鋼筋混凝土造,0730619,130.94,4,2,2,有,有,6500000,49641,,0.0,0,陽台外推；,RPOOMLNLOHLGFBB77DA,101.06,2.94,11.34,無,
北屯區,房地(土地+建物)+車位,臺中市北屯區軍福七路１６８號十三樓之１０,20.84,住,,,1150430,土地1建物1車位1,十三層,十五層,住宅大樓(11層含以上有電梯),住家用,鋼筋混凝土造,1031106,184.41,3,2,2,有,有,20300000,110081,坡道平面,27.53,0,,RPWPNLOLOHLGFBB88DA,91.72,5.05,9.53,有,
北區,房地(土地+建物),臺中市北區忠太西路４０巷１７號,47.68,住,,,1150422,土地2建物2車位0,一層，騎樓，地下層,五層,公寓(5樓含以下無電梯),商業用,鋼筋混凝土造,0681001,145.08,5,2,2,有,無,8000000,55142,,0.0,0,,RPQOMLPLOHLGFBB18DA,145.08,0.0,0.0,無,
南屯區,房地(土地+建物)+車位,臺中市南屯區大墩十七街９１號七樓之２１,11.76,住,,,1150419,土地1建物1車位1,七層,十三層,住宅大樓(11層含以上有電梯),住家用,鋼筋混凝土造,0940215,122.22999999999999,3,2,2,有,有,15800000,129265,坡道平面,19.27,0,,RPRPMLLLNHLGFCB97DA,63.92,1.36,9.82,有,
南屯區,房地(土地+建物)+車位,臺中市南屯區大業路３７９之１號二十樓之５,17.83,住,,,1150407,土地2建物1車位1,二十層,二十一層,住宅大樓(11層含以上有電梯),住家用,鋼筋混凝土造,1131009,195.12,3,2,2,有,有,32800000,168102,坡道平面,34.01,0,,RPXNMLSLNHLGFCB09DA,91.8,2.69,10.65,有,0211
西屯區,房地(土地+建物),臺中市西屯區文心路三段１９９之２號十七樓之２,6.68,,,,1150424,土地1建物1車位0,十七層,二十八層,住宅大樓(11層含以上有電梯),住家用,鋼筋混凝土造,1100304,101.09,2,2,2,有,有,16570000,163913,,0.0,0,,RPUPMLMJOHLGFCB28DA,57.01,0.64,7.9,有,0212
外埔區,房地(土地+建物),臺中市外埔區甲后路三段８１８巷１６號,89.92,住,,,1150429,土地2建物1車位0,全,二層,透天厝,住家用,加強磚造,0650421,75.54,0,0,0,無,無,2500000,33095,,0.0,0,,RPOPMLPJOHLGFEB18DA,75.54,0.0,0.0,無,
沙鹿區,房地(土地+建物),臺中市沙鹿區四平街８０號,86.27,住,,,1150407,土地3建物1車位0,全,四層,透天厝,商業用,鋼筋混凝土造,0711127,203.34,8,3,4,有,無,13800000,67867,,0.0,0,陽台外推；其他增建；,RPQNMLOLMHLGFFB18DA,203.34,0.0,0.0,無,
沙鹿區,房地(土地+建物),臺中市沙鹿區沙田路２２之８號,93.04,住,,,1150426,土地2建物1車位0,全,五層,透天厝,住商用,鋼筋混凝土造,1130403,316.99,6,3,7,有,無,28000000,88331,,0.0,0,其他增建；,RPPNMLLLNHLGFFB87DA,290.91,0.0,26.08,有,
大里區,房地(土地+建物),臺中市大里區愛心路８４號二樓,16.6,住,,,1150425,土地1建物1車位0,二層,七層,華廈(10層含以下有電梯),住家用,鋼筋混凝土造,0820826,94.78,2,2,1,有,有,5536000,58409,,0.0,0,陽台外推；,RPVOMLPJOHLGFIB56DA,52.65,0.0,7.15,有,0213
太平區,房地(土地+建物)+車位,臺中市太平區新福路１１８號十一樓之１,22.08,住,,,1150425,土地1建物1車位1,十一層,十三層,住宅大樓(11層含以上有電梯),住家用,鋼筋混凝土造,1061101,158.19,3,2,2,有,有,16600000,104937,坡道平面,35.46,0,,RPUNMLPKOHLGFJB56DA,74.75,0.0,7.53,有,0214
太平區,房地(土地+建物),臺中市太平區東平路７１５巷７弄２７號,112.0,工,,,1150415,土地1建物1車位0,全,三層,透天厝,工業用,鋼筋混凝土造,0831114,193.06,3,3,4,有,無,19500000,101005,,0.0,0,頂樓加蓋；其他增建；,RPSNMLQLOHLGFJB56DA,182.7,0.0,10.36,無,
大肚區,房地(土地+建物),臺中市大肚區自治路６４巷３０號,94.37,住,,,1150407,土地1建物1車位0,一層，二層，三層，四層，騎樓，見其他登記事項,五層,公寓(5樓含以下無電梯),住商用,鋼筋混凝土造,0820518,247.19,9,2,7,有,無,12900000,52187,,0.0,0,,RPVNMLMJOHLGFKB98DA,222.11,4.43,20.65,無,
東區,房地(土地+建物)+車位,臺中市東區自由路三段１０號十二樓之十一,11.38,商,,,1150430,土地1建物1車位1,十二層,十五層,住宅大樓(11層含以上有電梯),住家用,鋼筋混凝土造,1000105,135.07999999999998,2,2,1,有,有,11680000,86467,坡道平面,0.0,0,,RPSNMLPLNHLGFAB08DA,61.76,0.0,8.54,有,
南區,房地(土地+建物),臺中市南區工學二街２７５巷２５號,69.0,住,,,1150426,土地1建物1車位0,全,五層,透天厝,住商用,鋼筋混凝土造,0850318,217.12,6,2,4,有,無,17000000,78298,,0.0,0,,RPSQMLTLOHLGFAB88DA,189.3,0.0,27.82,無,
北區,房地(土地+建物),臺中市北區陝西東五街４７巷３之２號,17.2,住,,,1150422,土地1建物1車位0,三層,五層,公寓(5樓含以下無電梯),住家用,鋼筋混凝土造,0681114,66.3,3,2,1,有,無,4460000,67270,,0.0,0,,RPOQMLOKNHLGFBB87DA,60.8,0.0,5.5,無,
北屯區,房地(土地+建物)+車位,臺中市北屯區北屯路大成巷１號十三樓之２,17.4,住,,,1150425,土地2建物1車位1,十三層,二十一層,住宅大樓(11層含以上有電梯),住家用,鋼筋混凝土造,1120728,126.4,2,2,2,有,有,16000000,126582,坡道平面,29.87,0,,RPROMLSJOHLGFBB38DA,57.51,0.0,5.95,有,0215
北屯區,房地(土地+建物)+車位,臺中市北屯區興安路二段１５號９樓之２,21.14,住,,,1150430,土地1建物1車位1,九層,九層,華廈(10層含以下有電梯),住家用,鋼筋混凝土造,0870413,148.67000000000002,3,2,2,有,有,12500000,84079,坡道平面,12.94,0,,RPPPMLMKOHLGFBB77DA,82.24,0.0,13.32,有,
北屯區,房地(土地+建物),臺中市北屯區陳平一街３號,228.0,住,,,1150413,土地1建物1車位0,全,二層,透天厝,住家用,鋼筋混凝土加強磚造,0611020,130.18,4,2,2,有,無,37380000,287141,,0.0,0,頂樓加蓋；其他增建；,RPPNMLSLOHLGFBB28DA,130.18,0.0,0.0,無,
西屯區,房地(土地+建物)+車位,臺中市西屯區西屯路三段１５９之１１巷９弄８號六樓之２,18.02,住,,,1150413,土地1建物1車位1,六層,十五層,住宅大樓(11層含以上有電梯),住家用,鋼筋混凝土造,0821129,141.67000000000002,4,2,2,有,有,14660000,103480,坡道機械,0.0,0,,RPXOMLOKMHLGFCB58DA,116.05,1.98,9.37,有,0216
西屯區,土地,福林段151地號,191.11,農,,,1150420,土地1建物0車位0,,,其他,,,,0.0,0,0,0,無,無,7456000,39014,,0.0,0,,RPROMLTLMHLGFCB58DA,0.0,0.0,0.0,無,0217
南屯區,房地(土地+建物)+車位,臺中市南屯區五權西路二段６６６號九樓之６,22.22,商,,,1150430,土地3建物1車位2,九層,十五層,住宅大樓(11層含以上有電梯),商業用,鋼筋混凝土造,0810323,238.39,0,0,0,無,有,20200000,84735,坡道機械,0.0,0,,RPPNMLNLNHLGFCB77DA,157.23,0.0,0.0,有,
南屯區,房地(土地+建物),臺中市南屯區大墩路７０３號,28.71,商,,,1150429,土地1建物1車位0,一層，二層，騎樓,十三層,住宅大樓(11層含以上有電梯),住商用,鋼筋混凝土造,0830917,223.17000000000002,6,3,2,有,有,26880000,120446,,0.0,0,親友、員工、共有人或其他特殊關係間之交易；,RPSTMLQLNHLGFCB98DA,174.16,1.73,10.1,有,
霧峰區,房地(土地+建物),臺中市霧峰區中正路１７６巷２３弄１６號,111.85,,鄉村區,乙種建築用地,1150424,土地4建物1車位0,全,二層,透天厝,住家用,鋼筋混凝土造,1130830,145.24,3,2,4,有,有,17500000,120490,,0.0,0,,RPUNMLMLOHLGFIB88DA,140.71,0.0,4.35,有,
烏日區,房地(土地+建物)+車位,臺中市烏日區信義街５６號十二樓之５,28.67,住,,,1150415,土地1建物1車位1,十二層,十四層,住宅大樓(11層含以上有電梯),住家用,鋼筋混凝土造,1100510,156.57999999999998,3,2,2,有,有,18500000,118150,坡道平面,28.97,0,,RPPOMLMLOHLGFIB48DA,75.6,1.44,9.17,有,0218
太平區,房地(土地+建物)+車位,臺中市太平區環中東路四段９３號十二樓之５,16.92,住,,,1150407,土地1建物1車位1,十二層,十五層,住宅大樓(11層含以上有電梯),住家用,鋼筋混凝土造,1110530,133.67000000000002,2,2,1,有,有,12200000,91270,坡道平面,31.28,0,,RPPNMLKKOHLGFJB18DA,60.38,0.0,6.8,有,0219
大肚區,房地(土地+建物)+車位,臺中市大肚區遊園路二段１９０之７號二樓之１,20.13,,鄉村區,乙種建築用地,1150407,土地1建物1車位1,二層,九層,華廈(10層含以下有電梯),住家用,鋼筋混凝土造,1140519,102.79,2,1,1,有,有,14330000,154958,坡道平面,23.22,2000000,,RPTNMLTLOHLGFKB07DA,46.29,0.0,4.23,有,
南區,房地(土地+建物)+車位,臺中市南區復興路二段７１巷５５號六樓之８,16.92,住,,,1150429,土地1建物1車位1,六層,十五層,住宅大樓(11層含以上有電梯),住家用,鋼筋混凝土造,1140709,115.57,2,2,1,有,有,13000000,112486,坡道平面,0.0,0,親友、員工、共有人或其他特殊關係間之交易；,RPQOMLLKNHLGFAB47DA,51.04,0.0,3.92,有,0220
西區,房地(土地+建物)+車位,臺中市西區大忠南街７３號十二樓之二,9.42,住,,,1150423,土地1建物1車位1,十二層,十四層,住宅大樓(11層含以上有電梯),住家用,鋼筋混凝土造,0960705,104.07,2,2,1,有,有,12520000,120304,坡道機械,16.78,0,陽台外推；,RPPOMLNLOHLGFAB77DA,53.37,0.63,9.25,有,
西區,房地(土地+建物),臺中市西區向上南路１段２１７號,22.97,住,,,1150423,土地1建物2車位0,一層，二層，騎樓,十四層,住宅大樓(11層含以上有電梯),住商用,鋼筋混凝土造,0841007,263.63,4,2,3,有,有,32000000,121382,,0.0,0,陽台外推；其他增建；,RPRONLTLOHLGFAB68DA,175.44,16.77,12.99,有,
北屯區,房地(土地+建物)+車位,臺中市北屯區環太東路５５７號五樓之５,17.98,住,,,1150415,土地1建物1車位1,五層,十五層,住宅大樓(11層含以上有電梯),住家用,鋼筋混凝土造,1130605,116.96000000000001,2,2,1,有,有,11080000,94733,坡道平面,27.6,0,,RPQOMLMLMHLGFBB67DA,53.69,0.0,6.1,有,0221
北屯區,房地(土地+建物)+車位,臺中市北屯區松竹路二段３２０號六樓,15.3,住,,,1150430,土地1建物1車位1,六層,十三層,住宅大樓(11層含以上有電梯),住家用,鋼筋混凝土造,0840331,143.46,3,2,2,有,有,8900000,62038,升降機械,0.0,700000,陽台外推；其他增建；,RPUPMLKMMHLGFBB08DA,82.59,0.0,10.45,有,
北屯區,房地(土地+建物)+車位,臺中市北屯區軍福十六路２９９號三樓之２,16.22,商,,,1150407,土地1建物1車位1,三層,十三層,住宅大樓(11層含以上有電梯),住家用,鋼筋混凝土造,1050804,158.88,3,2,2,有,有,14680000,92397,坡道機械,15.55,0,,RPVRMLKKOHLGFBB38DA,86.21,1.12,11.94,有,0222
北區,房地(土地+建物)+車位,臺中市北區東成三街２９６號二樓之７,20.98,住,,,1150425,土地1建物1車位1,二層,七層,華廈(10層含以下有電梯),住家用,鋼筋混凝土造,0821123,118.32,3,2,2,有,有,8500000,71839,坡道平面,0.0,0,,RPPNNLOLOHLGFBB97DA,90.36,0.0,9.42,有,
南屯區,房地(土地+建物)+車位,臺中市南屯區永春東七路５５０號六樓之５,27.66,住,,,1150429,土地2建物1車位2,六層,十五層,住宅大樓(11層含以上有電梯),住家用,鋼筋混凝土造,1140831,287.46,4,2,3,有,有,39800000,138454,坡道平面,60.72,0,其他增建；,RPQQMLPKNHLGFCB28DA,138.17,0.0,11.47,有,0223
南屯區,房地(土地+建物)+車位,臺中市南屯區大墩十七街１５號四樓,19.54,住,,,1150430,土地1建物1車位1,四層,八層,華廈(10層含以下有電梯),住家用,鋼筋混凝土造,0820724,122.0,3,2,2,有,有,10980000,90000,坡道機械,0.0,0,陽台外推；,RPOPMLTKNHLGFCB38DA,84.65,3.29,9.55,有,
西屯區,房地(土地+建物)+車位,臺中市西屯區文心路三段１９９之２號十二樓之９,10.69,,,,1150428,土地1建物1車位1,十二層,二十八層,住宅大樓(11層含以上有電梯),住家用,鋼筋混凝土造,1100304,196.89,3,2,2,有,有,29400000,149322,坡道平面,41.79,0,,RPSNMLLJOHLGFCB77DA,87.47,2.12,11.21,有,0224
南屯區,房地(土地+建物)+車位,臺中市南屯區黎明路二段２０１之６號四樓,12.7,住,,,1150428,土地1建物1車位1,四層,十三層,住宅大樓(11層含以上有電梯),住家用,鋼筋混凝土造,0821202,118.30000000000001,3,2,2,有,有,10150000,85799,坡道機械,0.0,0,,RPOPMLPKOHLGFCB08DA,77.03,1.93,10.49,有,
西屯區,房地(土地+建物)+車位,臺中市西屯區市政北二路２３６號八樓之５,14.21,都市：其他:第五種新市政中心專用區,,,1150428,土地1建物1車位2,八層,三十六層,住宅大樓(11層含以上有電梯),辦公用,鋼骨鋼筋混凝土造,1030403,293.84000000000003,3,1,1,有,有,41500000,141233,坡道平面,40.2,0,,RPOOMLKMOHLGFCB67DA,152.08,4.77,0.0,有,0225
后里區,房地(土地+建物),臺中市后里區安眉路６６之１６號,75.77,,特定農業區,甲種建築用地,1150410,土地2建物1車位0,全,四層,透天厝,住家用,鋼筋混凝土造,1140915,163.96,4,2,5,有,有,16500000,100634,,0.0,0,其他增建；,RPPOMLKKMHLGFDB47DA,149.55,0.0,14.41,無,
潭子區,房地(土地+建物),臺中市潭子區中山路一段３２６巷２３號,66.34,住,,,1150429,土地1建物1車位0,全,二層,透天厝,住家用,加強磚造,0630911,120.8,4,2,2,有,無,4030000,33361,,0.0,0,親友、員工、共有人或其他特殊關係間之交易；頂樓加蓋；,RPPNMLSKOHLGFHB78DA,120.8,0.0,0.0,無,
潭子區,房地(土地+建物),臺中市潭子區興華一路３５７巷２５弄６號,62.05,住,,,1150418,土地1建物1車位0,全,二層,透天厝,住商用,鋼筋混凝土造,0680710,87.4,3,2,1,有,無,7000000,80092,,0.0,0,其他增建；,RPRNMLQLOHLGFHB88DA,87.4,0.0,0.0,無,
太平區,房地(土地+建物),臺中市太平區中山路一段３２２巷１６號四樓之１,12.34,,鄉村區,乙種建築用地,1150411,土地1建物1車位0,四層,五層,華廈(10層含以下有電梯),住家用,鋼筋混凝土造,1150126,40.55,1,1,1,有,有,4480000,110481,,0.0,0,,RPVOMLPLOHLGFJB86DA,27.2,0.0,1.65,有,
太平區,房地(土地+建物),臺中市太平區中山路一段３２２巷１６號三樓之５,12.34,,鄉村區,乙種建築用地,1150411,土地1建物1車位0,三層,五層,華廈(10層含以下有電梯),住家用,鋼筋混凝土造,1150126,41.55,1,1,1,有,有,4480000,107822,,0.0,0,,RPWOMLPLOHLGFJB96DA,26.51,0.0,3.05,有,
太平區,房地(土地+建物),臺中市太平區中山路一段３２２巷１６號四樓之５,12.34,,鄉村區,乙種建築用地,1150411,土地1建物1車位0,四層,五層,華廈(10層含以下有電梯),住家用,鋼筋混凝土造,1150126,41.55,1,1,1,有,有,4480000,107822,,0.0,0,,RPXNMLQLOHLGFJB07DA,26.51,0.0,3.05,有,
太平區,房地(土地+建物),臺中市太平區中山路一段３２２巷１６之１號五樓之５,12.28,,鄉村區,乙種建築用地,1150401,土地1建物1車位0,五層,五層,華廈(10層含以下有電梯),住家用,鋼筋混凝土造,1150126,40.41,1,1,1,有,有,4520000,111854,,0.0,0,,RPTNMLKMOHLGFJB78DA,25.35,0.0,3.02,有,
太平區,房地(土地+建物),臺中市太平區中山路一段３２２巷１６號三樓之２,12.34,,鄉村區,乙種建築用地,1150426,土地1建物1車位0,三層,五層,華廈(10層含以下有電梯),住家用,鋼筋混凝土造,1150126,42.36,1,1,1,有,有,4380000,103399,,0.0,0,,RPUNMLKMOHLGFJB88DA,27.14,0.0,3.0,有,
太平區,房地(土地+建物),臺中市太平區中山路一段３２２巷１６之１號三樓之２,12.28,,鄉村區,乙種建築用地,1150417,土地1建物1車位0,三層,五層,華廈(10層含以下有電梯),住家用,鋼筋混凝土造,1150126,41.83,1,1,1,有,有,4350000,103992,,0.0,0,,RPWNMLKMOHLGFJB09DA,26.67,0.0,2.89,有,
北屯區,房地(土地+建物)+車位,臺中市北屯區昌平路二段２１號十一樓之２,32.43,住,,,1150414,土地1建物1車位2,十一層,十五層,住宅大樓(11層含以上有電梯),住家用,鋼筋混凝土造,1030120,290.97,3,2,2,有,有,37000000,127161,坡道平面,59.0,0,,RPOOMLSKOHLGFBB18DA,136.84,2.59,15.86,有,
東區,房地(土地+建物)+車位,臺中市東區東福路１００號七樓,28.55,住,,,1150413,土地1建物1車位1,七層,十四層,住宅大樓(11層含以上有電梯),住家用,鋼筋混凝土造,1060116,169.14,3,2,2,有,有,15800000,105210,坡道平面,30.37,1200000,,RPSPMLNKMHLGFAB87DA,84.02,0.0,11.84,有,
西區,房地(土地+建物)+車位,臺中市西區五權西路一段２２３號,24.83,商,,,1150427,土地2建物1車位1,一層，二層,十四層,住宅大樓(11層含以上有電梯),住商用,鋼筋混凝土造,0971028,191.98999999999998,0,0,2,有,有,39000000,203136,坡道平面,23.14,0,夾層；其他增建；,RPRNMLLJOHLGFAB47DA,118.2,0.0,17.53,有,0226
東區,房地(土地+建物),臺中市東區建仁街２３號７樓之２,17.19,,,,1150415,土地2建物1車位0,七層,七層,華廈(10層含以下有電梯),住家用,鋼筋混凝土造,0831125,96.88000000000001,7,2,4,有,無,6300000,65029,,0.0,0,增建:頂樓8樓增建 陽台增建 花台外推陽台外推；,RPROMLSJOHLGFAB28DA,70.37,3.9,8.63,有,
南區,房地(土地+建物)+車位,臺中市南區大慶街二段６之１６巷４３號六樓之２,17.27,商,,,1150429,土地1建物1車位1,六層,十六層,住宅大樓(11層含以上有電梯),住家用,鋼筋混凝土造,0840525,150.79,3,2,2,有,有,12350000,81902,坡道平面,0.0,0,陽台外推；,RPPOMLRKOHLGFAB08DA,96.55,0.0,10.77,有,
東區,房地(土地+建物),臺中市東區東光園路５６８號十一樓之３,13.67,住,,,1150426,土地1建物1車位0,十一層,十二層,住宅大樓(11層含以上有電梯),住家用,鋼筋混凝土造,1051107,125.22,3,2,2,有,有,10500000,83852,,0.0,0,,RPQNMLOLOHLGFAB87DA,70.23,4.82,8.06,有,
西區,房地(土地+建物),臺中市西區民生路４９６巷１１號３樓之３,17.92,住,,,1150428,土地1建物1車位0,三層,六層,華廈(10層含以下有電梯),住家用,鋼筋混凝土造,0840328,91.30000000000001,2,2,2,有,有,7840000,85871,,0.0,0,,RPXNMLOLOHLGFAB58DA,52.59,0.0,7.75,有,
北屯區,房地(土地+建物)+車位,臺中市北屯區興安路二段４５１號５樓,16.72,住,,,1150419,土地2建物1車位2,五層,十六層,住宅大樓(11層含以上有電梯),住家用,鋼筋混凝土造,0890616,169.15,3,2,2,有,有,14120000,91180,坡道平面,45.0,2800000,,RPTOMLKMMHLGFBB87DA,83.3,0.0,11.93,有,
北區,土地,新賴厝九段662地號,3.88,住,,,1150416,土地1建物0車位0,,,其他,,,,0.0,0,0,0,無,無,702000,180928,,0.0,0,親友、員工、共有人或其他特殊關係間之交易；,RPUNMLLJOHLGFBB87DA,0.0,0.0,0.0,無,
北區,房地(土地+建物),臺中市北區青島西街３４巷６之２號,32.06,商,,,1150423,土地1建物1車位0,三層,五層,公寓(5樓含以下無電梯),住家用,鋼筋混凝土造,0730109,89.15,3,2,2,有,無,7000000,78519,,0.0,0,,RPQOMLLKOHLGFBB67DA,80.84,0.0,8.31,無,0227
西屯區,房地(土地+建物)+車位,臺中市西屯區黎明路三段１５１號十六樓之６,16.32,住,,,1150415,土地1建物1車位1,十六層,十九層,住宅大樓(11層含以上有電梯),住家用,鋼筋混凝土造,1140410,157.95999999999998,3,2,2,有,有,21000000,132945,坡道平面,33.17,0,,RPUNMLMJOHLGFCB08DA,76.22,0.0,5.44,有,0228
后里區,房地(土地+建物),臺中市后里區安眉路６６之１５號,80.93,,特定農業區,甲種建築用地,1150404,土地2建物1車位0,全,四層,透天厝,住家用,鋼筋混凝土造,1140915,166.91,4,2,5,有,有,16000000,95860,,0.0,0,其他增建；,RPPNMLRJMHLGFDB97DA,151.32,0.0,15.59,無,
大甲區,房地(土地+建物),臺中市大甲區文武路２４８之３號,69.0,住,,,1150410,土地4建物1車位0,全,四層,透天厝,住商用,鋼筋混凝土加強磚造、加強磚造,0690420,174.76,3,4,3,有,無,11880000,67979,,0.0,0,頂樓加蓋；其他增建；,RPRNMLPLOHLGFEB48DA,174.76,0.0,0.0,無,
沙鹿區,房地(土地+建物)+車位,臺中市沙鹿區錦衣街１１５號,80.86,住,,,1150422,土地3建物1車位1,全,三層,透天厝,住商用,鋼筋混凝土造,0771018,157.88,4,3,3,有,無,10000000,63339,坡道平面,0.0,0,其他增建；,RPTNMLTKNHLGFFB98DA,157.88,0.0,0.0,無,
沙鹿區,房地(土地+建物),臺中市沙鹿區北中二街８０號,242.95,住,,,1150403,土地2建物1車位0,全,二層,透天厝,住商用,加強磚造,0710122,202.03,5,3,2,有,無,18500000,91571,,0.0,0,陽台外推；頂樓加蓋；其他增建；,RPQNMLLJPHLGFFB97DA,202.03,0.0,0.0,無,
潭子區,房地(土地+建物)+車位,臺中市潭子區潭富路二段１８９號三樓之１３,25.93,住,,,1150426,土地1建物1車位1,三層,十五層,住宅大樓(11層含以上有電梯),住家用,鋼筋混凝土造,1130226,149.88,2,2,2,有,有,14500000,96744,坡道平面,27.58,0,,RPQNMLPLOHLGFHB68DA,74.39,0.0,7.58,有,0229
大里區,房地(土地+建物)+車位,臺中市大里區光正路５６號七樓之２,31.56,,鄉村區,乙種建築用地,1150425,土地1建物1車位1,七層,十層,華廈(10層含以下有電梯),住家用,鋼筋混凝土造,1040519,157.87,3,2,2,有,有,12000000,76012,坡道平面,31.89,0,,RPVNMLLKNHLGFIB68DA,71.23,4.36,8.61,有,
太平區,房地(土地+建物),臺中市太平區宜福街７１號,70.67,住,,,1150417,土地1建物1車位0,全,三層,透天厝,住家用,鋼筋混凝土造,0820326,178.98,6,2,5,有,無,12600000,70399,,0.0,0,頂樓加蓋；其他增建；,RPPOMLQJNHLGFJB68DA,152.37,6.48,20.13,無,
太平區,房地(土地+建物)+車位,臺中市太平區立文街１５５號九樓之３,16.68,商,,,1150430,土地1建物1車位1,九層,十五層,住宅大樓(11層含以上有電梯),住家用,鋼筋混凝土造,1060330,173.89,3,2,2,有,有,16680000,95923,坡道平面,31.1,0,,RPPNMLNKOHLGFJB48DA,85.14,2.08,9.17,有,0230
龍井區,房地(土地+建物),臺中市龍井區龍北路２８０巷１２號,127.8,住,,,1150430,土地4建物1車位0,全,二層,透天厝,住家用,加強磚造,0760119,114.12,5,2,2,有,無,7900000,69225,,0.0,0,其他增建；,RPPOMLNLOHLGFKB78DA,110.71,0.0,3.41,無,
龍井區,房地(土地+建物),臺中市龍井區臺灣大道五段１０９巷１１號,100.52,,鄉村區,乙種建築用地,1150417,土地1建物1車位0,全,三層,透天厝,住商用,加強磚造,0690810,179.25,3,2,3,有,無,10000000,55788,,0.0,0,,RPRNMLTLOHLGFKB86DA,179.25,0.0,0.0,無,
北屯區,房地(土地+建物)+車位,臺中市北屯區河北路二段２５１號２樓之２,17.72,住,,,1150408,土地1建物1車位1,二層,九層,華廈(10層含以下有電梯),住家用,鋼筋混凝土造,0841114,158.9,3,2,2,有,有,11300000,71114,坡道平面,0.0,1000000,其他增建；,RPUQMLSJMHLGFBB68DA,95.29,3.32,12.18,有,
北區,土地,新賴厝九段663地號,9.19,住,,,1150416,土地1建物0車位0,,,其他,,,,0.0,0,0,0,無,無,1668000,181502,,0.0,0,親友、員工、共有人或其他特殊關係間之交易；,RPVNMLLJOHLGFBB97DA,0.0,0.0,0.0,無,
北屯區,房地(土地+建物),臺中市北屯區四平路２３８巷１４２號,76.56,住,,,1150417,土地3建物1車位0,全,四層,透天厝,住家用,鋼筋混凝土造,0951020,204.45,4,2,4,有,有,23080000,112888,,0.0,0,,RPVOMLLJOHLGFBB08DA,172.88,0.0,30.34,無,0231
北屯區,房地(土地+建物)+車位,臺中市北屯區遼寧路一段３５７巷８號十一樓之５,22.12,住,,,1150418,土地1建物1車位1,十一層,十一層,住宅大樓(11層含以上有電梯),住家用,鋼筋混凝土造,1050204,127.06,2,2,1,有,有,13150000,103494,坡道平面,33.82,0,,RPORMLMJOHLGFBB77DA,56.26,0.0,6.78,有,0232
北屯區,房地(土地+建物)+車位,臺中市北屯區松竹路二段３４６巷６號六樓之２,34.93,住,,,1150424,土地1建物1車位2,六層,十二層,住宅大樓(11層含以上有電梯),住家用,鋼筋混凝土造,1031022,204.61,4,2,2,有,有,19550000,95548,坡道機械,34.48,0,,RPQPMLNJOHLGFBB87DA,104.79,5.5,11.31,有,0233
北屯區,房地(土地+建物),臺中市北屯區北屯路５６巷８７號,78.0,住,,,1150424,土地2建物1車位0,全,二層,透天厝,住家用,鋼筋混凝土加強磚造,0570611,87.94,4,2,2,有,無,8000000,90971,,0.0,0,其他增建；,RPSOMLOJOHLGFBB08DA,87.94,0.0,0.0,無,
北屯區,房地(土地+建物),臺中市北屯區東山路一段１９２巷５６弄２號,194.4,都市：其他:第二種住宅區,,,1150429,土地5建物1車位0,全,四層,透天厝,住家用,鋼筋混凝土造,0831221,365.28,4,2,5,有,有,33500000,91710,,0.0,0,本案買賣含5筆土地557、567、559、559-2、559-3地號及2筆建物498、538建號；其中559、559-2及559-3地號之原因發生日期為115年4月23日，登記日期為115年5月27日。陽台外推；其他增建；,RPSOMLNLOHLGFBB18DA,308.99,30.48,25.81,有,
北屯區,房地(土地+建物)+車位,臺中市北屯區敦富路６３３號七樓之１８,15.96,住,,,1150428,土地1建物1車位1,七層,十五層,住宅大樓(11層含以上有電梯),住家用,鋼筋混凝土造,1121013,123.67999999999999,2,2,2,有,有,18280000,147801,坡道平面,24.61,0,,RPQNMLMJPHLGFBB67DA,60.41,0.0,5.08,有,0234
西屯區,房地(土地+建物)+車位,臺中市西屯區市政北七路１０１號二十一樓之１,16.08,都市：其他:第六種新市政中心專用區,,,1150426,土地1建物1車位1,二十一層,二十一層,住宅大樓(11層含以上有電梯),住家用,鋼筋混凝土造,0970724,223.51999999999998,1,1,1,有,有,24580000,113627,坡道平面,24.8,2000000,陽台外推；其他增建；,RPPPMLLKOHLGFCB77DA,115.21,4.12,13.34,有,
豐原區,房地(土地+建物)+車位,臺中市豐原區豐勢路一段３３１號五樓之２,22.12,住,,,1150424,土地1建物1車位1,五層,十五層,住宅大樓(11層含以上有電梯),住家用,鋼筋混凝土造,1080818,144.85,3,2,2,有,有,12680000,87539,坡道機械,18.39,0,,RPRNMLQLNHLGFDB38DA,72.97,3.18,7.92,有,0235
外埔區,土地,水美南段795地號,3999.55,,工業區,丁種建築用地,1150408,土地9建物0車位0,,,其他,,,,0.0,0,0,0,無,無,115210000,28806,,0.0,0,親友、員工、共有人或其他特殊關係間之交易；,RPQNMLKMOHLGFEB97DA,0.0,0.0,0.0,無,
梧棲區,房地(土地+建物)+車位,臺中市梧棲區四維中路２５２號四樓之２,14.53,商,,,1150408,土地1建物1車位1,四層,十五層,住宅大樓(11層含以上有電梯),住家用,鋼筋混凝土造,1071026,154.41000000000003,3,2,2,有,有,8200000,53105,坡道平面,31.04,0,,RPWNMLMJPHLGFFB68DA,76.61,0.0,7.68,有,0236
東勢區,房地(土地+建物),臺中市東勢區東關路四段１２８巷３２號,1330.0,,山坡地保育區,農牧用地,1150417,土地2建物1車位0,全,一層,透天厝,農業用,鋼骨造,1021003,83.25,4,2,2,有,無,12200000,146547,,0.0,0,陽台外推；其他增建；,RPQNMLMJPHLGFGB18DA,83.25,0.0,0.0,無,
潭子區,房地(土地+建物),臺中市潭子區福潭路１１２巷２０弄１９號,94.29,住,,,1150408,土地2建物1車位0,全,二層,透天厝,住家用,加強磚造,0650519,79.68,3,2,1,有,無,12800000,160643,,0.0,0,建築物含有其他增建:鐵皮屋頂增建其他增建；,RPRNMLRKOHLGFHB88DA,79.68,0.0,0.0,無,
大里區,房地(土地+建物)+車位,臺中市大里區塗城路３６８巷１５號六樓之２,22.52,,鄉村區,乙種建築用地,1150429,土地1建物1車位1,六層,十二層,住宅大樓(11層含以上有電梯),住家用,鋼筋混凝土造,1120424,113.68,2,2,1,有,有,10400000,91485,坡道平面,27.05,0,,RPRNMLMKNHLGFIB38DA,52.7,0.0,5.39,有,0237
烏日區,土地,溪南西段739地號,2670.0,,特定農業區,農牧用地,1150411,土地1建物0車位0,,,其他,,,,0.0,0,0,0,無,無,20200000,7566,,0.0,0,農作物；,RPPNMLLLNHLGFIB18DA,0.0,0.0,0.0,無,
太平區,土地,興隆段994-2地號,661.15,,一般農業區,農牧用地,1150402,土地2建物0車位0,,,其他,,,,0.0,0,0,0,無,無,22500000,34032,,0.0,0,農作物；,RPRNMLOJOHLGFJB68DA,0.0,0.0,0.0,無,0238
龍井區,房地(土地+建物),臺中市龍井區沙田路四段２２８號,92.79,住,,,1150420,土地1建物1車位0,全,四層,透天厝,住商用,鋼筋混凝土造,1110907,287.23,4,3,5,有,無,21800000,75897,,0.0,0,其他增建；,RPVNMLSKOHLGFKB07DA,272.64,0.0,14.59,無,0239
西區,房地(土地+建物),臺中市西區美村路一段３１６號,65.0,住,,,1150424,土地3建物1車位0,全,二層,透天厝,住家用,鐵筋加強磚,0601115,86.68,2,2,1,有,無,22500000,259575,,0.0,0,其他增建；,RPWPMLTKNHLGFAB98DA,86.68,0.0,0.0,無,
西區,房地(土地+建物),臺中市西區精誠七街１８號,195.0,住,,,1150410,土地2建物1車位0,全,二層,透天厝,住家用,鐵筋加強磚,0620716,166.41,4,2,2,有,無,46880000,281714,,0.0,0,未登記建物；,RPQNMLNLOHLGFAB77DA,166.41,0.0,0.0,無,
中區,房地(土地+建物),臺中市中區光復路合作大樓３－１８號,12.75,商,,,1150407,土地6建物1車位0,三層,三層,華廈(10層含以下有電梯),住家用,鐵筋加強造,0510814,65.1,2,2,1,有,有,2700000,41475,,0.0,0,,RPTNMLNJPHLGFAB97DA,65.1,0.0,0.0,有,
北區,房地(土地+建物)+車位,臺中市北區山西路一段７１號４樓之２,16.23,住,,,1150418,土地2建物1車位1,四層,十二層,住宅大樓(11層含以上有電梯),住家用,鋼筋混凝土造,0880624,108.46,2,2,1,有,有,9310000,85838,坡道平面,15.0,0,,RPRNMLSLMHLGFBB28DA,58.18,0.0,6.73,有,
北區,房地(土地+建物)+車位,臺中市北區東光東街５７號六樓,13.71,住,,,1150424,土地1建物1車位1,六層,十七層,住宅大樓(11層含以上有電梯),住家用,鋼筋混凝土造,0831214,108.6,3,2,2,有,有,7584500,69839,坡道機械,0.0,0,,RPXNMLNJOHLGFBB38DA,72.05,0.0,7.3,有,
北屯區,房地(土地+建物)+車位,臺中市北屯區敦富六街１６號十一樓之６,20.01,住,,,1150411,土地1建物1車位2,十一層,十五層,住宅大樓(11層含以上有電梯),住家用,鋼筋混凝土造,1120314,192.03,3,2,2,有,有,20500000,106754,坡道平面,62.18,0,,RPWPMLQKOHLGFBB88DA,74.93,0.0,10.57,有,0240
北屯區,房地(土地+建物)+車位,臺中市北屯區崇德六路１００號十四樓之１１,12.7,商,,,1150428,土地2建物1車位1,十四層,十五層,住宅大樓(11層含以上有電梯),住家用,鋼筋混凝土造,0970930,105.22,2,2,1,有,有,12780000,121460,坡道機械,13.23,0,,RPUOMLRKOHLGFBB68DA,55.15,3.61,4.97,有,
北屯區,房地(土地+建物),臺中市北屯區松義街１５８之２１號,26.74,住,,,1150428,土地1建物1車位0,一層，二層，夾層,十二層,住宅大樓(11層含以上有電梯),住家用,鋼筋混凝土造,0860127,131.15,3,3,2,有,有,10150000,77392,,0.0,0,夾層；,RPXOMLSKOHLGFBB09DA,108.47,0.0,0.0,有,0241
北屯區,房地(土地+建物),臺中市北屯區修齊街４８號三樓,19.4,住,,,1150411,土地1建物1車位0,三層,五層,華廈(10層含以下有電梯),住家用,鋼筋混凝土造,0880503,73.2,2,2,1,有,無,7000000,95628,,0.0,0,出賣人銷售持分1/2親友、員工、共有人或其他特殊關係間之交易；,RPTNMLQLOHLGFBB48DA,45.43,0.0,6.46,有,
西屯區,房地(土地+建物),臺中市西屯區西屯路二段上石北二巷２２號八樓之３、西屯路二段上石北二巷２２號八樓之４、西屯路二段上石北二巷２２號八樓之５、西屯路二段上石北二巷２２號八樓之６、西屯路二段上石北二巷２２號八樓之７,17.78,商,,,1150417,土地1建物1車位0,八層,八層,華廈(10層含以下有電梯),住家用,鋼筋混凝土造,0820218,129.29,5,0,5,有,有,9300000,71931,,0.0,0,八樓之3為160萬元，八樓之4為160萬元，八樓之5為210萬元，八樓之6為230萬元，八樓之7為170萬元,RPQNMLTLOHLGFCB58DA,85.6,0.0,0.0,有,
豐原區,土地,朝陽段538-9地號,252.31,都市：其他:保護區,,,1150415,土地5建物0車位0,,,其他,,,,0.0,0,0,0,無,無,4475402,17738,,0.0,0,親友、員工、共有人或其他特殊關係間之交易；未登記建物；,RPQNMLKMOHLGFDB87DA,0.0,0.0,0.0,無,
霧峰區,房地(土地+建物),臺中市霧峰區象鼻路３０之３號,1205.0,,山坡地保育區,林業用地,1150422,土地1建物1車位0,全,二層,透天厝,農業用,鋼骨造,0880630,191.8,2,1,1,有,無,15000000,78206,,0.0,0,其他增建；,RPXNMLSKOHLGFIB07DA,191.8,0.0,0.0,無,
西區,房地(土地+建物)+車位,臺中市西區臺灣大道二段３００號八樓之３,30.19,住,,,1150411,土地1建物1車位1,八層,十二層,住宅大樓(11層含以上有電梯),商業用,鋼筋混凝土造,0761216,261.76,0,0,0,無,有,19800000,75642,坡道機械,0.0,0,陽台外推；,RPVNMLRLMHLGFAB48DA,178.29,0.0,20.64,有,0242
南區,房地(土地+建物)+車位,臺中市南區文心南路７１６號６樓之１,15.81,住,,,1150405,土地1建物1車位1,六層,十三層,住宅大樓(11層含以上有電梯),住家用,鋼筋混凝土造,0850129,148.93,3,2,2,有,有,9300000,62445,坡道機械,0.0,0,,RPVNMLTLMHLGFAB68DA,88.96,2.58,11.26,有,
北屯區,房地(土地+建物),臺中市北屯區天津路三段１１１號三樓之８,9.52,住,,,1150423,土地1建物1車位0,三層,九層,華廈(10層含以下有電梯),住家用,鋼筋混凝土造,1100109,37.74,1,1,1,有,有,5000000,132485,,0.0,0,夾層；,RPVNMLLKNHLGFBB97DA,19.8,0.0,0.0,有,0243
北屯區,房地(土地+建物),臺中市北屯區大連路三段２１巷５０號４樓之７,20.0,住,,,1150428,土地1建物1車位0,四層,十一層,住宅大樓(11層含以上有電梯),住家用,鋼筋混凝土造,0831129,112.57,3,2,2,有,有,7850000,69734,,0.0,0,其他增建；,RPRPMLQLNHLGFBB38DA,85.59,1.36,8.62,有,
西屯區,房地(土地+建物)+車位,臺中市西屯區西屯路三段１５９之１２號十五樓之３,15.9,住,,,1150412,土地2建物1車位2,十五層,十六層,住宅大樓(11層含以上有電梯),住家用,鋼筋混凝土造,0801003,184.46,4,2,2,有,有,13650000,74000,坡道機械,0.0,0,,RPPPMLLLNHLGFCB77DA,105.46,0.0,19.62,有,
西屯區,房地(土地+建物),臺中市西屯區福康路７２號八樓,18.35,住,,,1150402,土地1建物1車位0,八層,十六層,住宅大樓(11層含以上有電梯),住家用,鋼筋混凝土造,0801003,179.78,4,2,2,有,有,14900000,82879,,0.0,0,親友、員工、共有人或其他特殊關係間之交易；,RPXTMLMLNHLGFCB09DA,136.6,0.66,16.08,有,
西屯區,房地(土地+建物),臺中市西屯區甘州五街２３之４號,26.3,住,,,1150416,土地1建物1車位0,五層,五層,公寓(5樓含以下無電梯),住家用,鋼筋混凝土造,0760611,120.4,6,6,6,有,無,8500000,70598,,0.0,0,,RPTPMLKMOHLGFCB28DA,96.91,0.0,12.29,無,0244
西屯區,房地(土地+建物),臺中市西屯區永福路１３２號十二樓之８,4.96,住,,,1150412,土地1建物1車位0,十二層,十九層,住宅大樓(11層含以上有電梯),住家用,鋼筋混凝土造,0850527,41.89,1,1,1,有,有,3800000,90714,,0.0,0,二親等親屬間買賣,RPSOMLQJPHLGFCB48DA,23.47,0.0,6.51,有,
大里區,房地(土地+建物)+車位,臺中市大里區中新街３３號,34.8,住,,,1150408,土地1建物1車位5,一層，二層，騎樓,十二層,住宅大樓(11層含以上有電梯),住商用,鋼筋混凝土造,0831104,318.39,2,2,2,有,有,14200000,44599,坡道機械,0.0,0,親友、員工、共有人或其他特殊關係間之交易；,RPRQMLQJPHLGFIB56DA,133.21,7.48,9.98,有,
西區,房地(土地+建物),臺中市西區南屯路一段４號,148.7,,,,1150430,土地1建物1車位0,全,三層,透天厝,住商用,加強磚造,0610428,207.85,8,3,8,有,無,30350000,146019,,0.0,0,頂樓加蓋；其他增建；,RPUNMLKMMHLGFAB77DA,207.85,0.0,0.0,無,
西區,房地(土地+建物)+車位,臺中市西區忠明南路３０３號２４樓之３,10.87,住,,,1150402,土地2建物1車位1,二十四層,二十七層,住宅大樓(11層含以上有電梯),商業用,鋼筋混凝土造,0800119,184.05,5,1,0,有,有,12350000,67101,坡道平面,0.0,0,,RPPNMLMJPHLGFAB47DA,94.7,0.0,23.83,有,
中區,房地(土地+建物),臺中市中區中華路一段１７１－１－１５號,10.04,商,,,1150418,土地2建物1車位0,一層，二層,十層,華廈(10層含以下有電梯),住商用,鋼筋混凝土造,0611122,30.2,0,0,0,無,有,2060000,68212,,0.0,0,,RPUNMLQJPHLGFAB38DA,30.2,0.0,0.0,有,
中區,房地(土地+建物),臺中市中區市府路１４８號四樓之一,12.97,商,,,1150427,土地2建物1車位0,四層,八層,華廈(10層含以下有電梯),商業用,鋼筋混凝土造,0711102,401.08,10,2,8,有,有,19200000,47871,,0.0,0,,RPXNMLRJPHLGFAB78DA,296.51,0.0,14.08,有,
北屯區,房地(土地+建物),臺中市北屯區天津路四段３０７號１０樓之８,3.33,商,,,1150417,土地1建物1車位0,十層,二十四層,住宅大樓(11層含以上有電梯),住家用,鋼筋混凝土造,0840626,51.72,2,1,1,有,有,5000000,96674,,0.0,0,,RPPQMLTJOHLGFBB48DA,31.63,0.0,2.0,有,
北屯區,房地(土地+建物),臺中市北屯區瀋陽路三段３４９之４號,27.14,住,,,1150428,土地2建物1車位0,五層,五層,公寓(5樓含以下無電梯),住家用,鋼筋混凝土造,0751030,114.59,3,2,2,有,有,7500000,65451,,0.0,0,,RPVOMLKKOHLGFBB08DA,90.24,2.03,11.2,無,
北區,房地(土地+建物),臺中市北區東成路４７巷６號１１樓之１５,15.27,住,,,1150430,土地1建物1車位0,十一層,十二層,住宅大樓(11層含以上有電梯),住家用,鋼筋混凝土造,0821028,113.55,3,2,2,有,有,8500000,74857,,0.0,0,,RPTPMLQKOHLGFBB58DA,91.33,0.0,10.3,有,
北屯區,房地(土地+建物)+車位,臺中市北屯區景賢路５８號四樓之１２,17.16,住,,,1150422,土地2建物1車位1,四層,十二層,住宅大樓(11層含以上有電梯),住家用,鋼筋混凝土造,1100925,113.14,3,2,1,有,有,11500000,101644,坡道機械,21.43,0,,RPTPMLTLOHLGFBB98DA,54.21,0.0,5.85,有,
南屯區,房地(土地+建物)+車位,臺中市南屯區大墩十一街３１６之１號,82.74,住,,,1150430,土地2建物1車位2,全,五層,透天厝,其他,鋼筋混凝土造,0940205,287.59,4,3,4,有,有,38500000,133871,坡道平面,0.0,0,頂樓加蓋；夾層；,RPSOMLLLNHLGFCB97DA,266.95,0.0,12.69,無,
西屯區,房地(土地+建物),臺中市西屯區四川五街６號四樓之３,21.09,住,,,1150423,土地1建物1車位0,四層,六層,華廈(10層含以下有電梯),住家用,鋼筋混凝土造,0820224,113.4,3,2,2,有,有,7380000,65079,,0.0,0,,RPQOMLLKOHLGFCB77DA,67.33,0.0,16.14,有,
西屯區,房地(土地+建物)+車位,臺中市西屯區市政北七路１０１號二十一樓之２,17.6,都市：其他:第六種新市政中心專用區,,,1150426,土地1建物1車位1,二十一層,二十一層,住宅大樓(11層含以上有電梯),住家用,鋼筋混凝土造,0970724,243.40999999999997,2,2,2,有,有,33400000,143635,坡道平面,24.8,2000000,陽台外推；其他增建；,RPQPMLLKOHLGFCB87DA,123.76,7.85,14.34,有,
西屯區,房地(土地+建物),臺中市西屯區臺灣大道四段１１５６號三樓之７,8.05,住,,,1150429,土地1建物1車位0,三層,十五層,住宅大樓(11層含以上有電梯),住家用,鋼筋混凝土造,0951113,62.790000000000006,2,1,1,有,有,8660000,137920,,0.0,0,陽台外推；,RPSPMLLJPHLGFCB08DA,39.02,3.4,3.32,有,
神岡區,房地(土地+建物),臺中市神岡區神清路３１６之１２號,127.59,住,,,1150401,土地2建物1車位0,全,三層,透天厝,住家用,鋼筋混凝土造,1110920,176.54,5,2,3,有,無,16700000,94596,,0.0,0,其他增建:肆樓前.後、壹樓側院其他增建；,RPTNMLLKNHLGFDB97DA,176.54,0.0,0.0,無,
霧峰區,房地(土地+建物)+車位,臺中市霧峰區四德路３６９巷１弄２號四樓,32.07,,鄉村區,乙種建築用地,1150427,土地2建物1車位1,四層,五層,華廈(10層含以下有電梯),住家用,鋼筋混凝土造,1110825,111.33,3,2,2,有,有,10600000,95212,一樓平面,23.99,0,,RPRNMLTLNHLGFIB56DA,62.67,0.0,8.08,有,
烏日區,房地(土地+建物)+車位,臺中市烏日區環河路五段１２０號,36.29,商,,,1150425,土地1建物1車位1,一層，二層,二十五層,住宅大樓(11層含以上有電梯),商業用,鋼筋混凝土造,1060925,205.64999999999998,0,2,2,有,有,19700000,95794,坡道平面,31.04,0,,RPSNMLSKOHLGFIB56DA,128.1,0.0,7.34,有,
太平區,房地(土地+建物),臺中市太平區東村路４０號,71.17,住,,,1150429,土地1建物1車位0,全,四層,透天厝,住商用,鋼筋混凝土造,0870401,194.01,4,3,3,有,無,11000000,56698,,0.0,0,其他增建；,RPPNMLOKNHLGFJB48DA,171.74,0.0,22.27,無,
龍井區,房地(土地+建物),臺中市龍井區沙田路四段２７８巷１弄８號,78.33,住,,,1150421,土地1建物1車位0,全,二層,透天厝,住家用,加強磚造,0720114,123.44,5,2,2,有,無,4000000,32404,,0.0,0,親友、員工、共有人或其他特殊關係間之交易；頂樓加蓋；其他增建；,RPPOMLSJOHLGFKB09DA,123.44,0.0,0.0,無,
龍井區,房地(土地+建物),臺中市龍井區遊園南路２２６巷１０號,77.14,,鄉村區,乙種建築用地,1150423,土地1建物1車位0,全,二層,透天厝,住家用,加強磚造,0680705,103.74,6,2,2,有,無,11000000,106034,,0.0,0,其他增建；,RPQNMLRJPHLGFKB09DA,103.74,0.0,0.0,無,
東勢區,房地(土地+建物),臺中市東勢區東崎路五段１１８巷２弄２號,114.0,農,,,1150430,土地1建物1車位0,全,二層,透天厝,住家用,加強磚造,0620515,62.69,7,1,2,有,無,2000000,31903,,0.0,0,親友、員工、共有人或其他特殊關係間之交易；,RPPNMLQJPHLGFGB58EA,62.69,0.0,0.0,無,
南區,房地(土地+建物)+車位,臺中市南區復興路２段１５巷１１號,51.0,住,,,1150313,土地3建物1車位1,全,四層,透天厝,住家用,鋼筋混凝土造,0780812,130.88,5,2,3,有,有,5100000,38970,坡道平面,0.0,0,親友、員工、共有人或其他特殊關係間之交易；,RPPRMLPLOHLGFAB28DA,99.94,7.73,9.57,無,
北區,房地(土地+建物),臺中市北區三民路三段１９４之２號,108.0,商,,,1150315,土地2建物1車位0,全,一層,透天厝,住商用,鋼筋混凝土造,0750423,65.89,1,2,1,有,無,35500000,538777,,0.0,0,,RPRUMLOLOHLGFBB78DA,65.89,0.0,0.0,無,
北屯區,房地(土地+建物)+車位,臺中市北屯區敦富一街１８７號七樓之２,14.7,商,,,1150321,土地1建物1車位1,七層,十三層,住宅大樓(11層含以上有電梯),住家用,鋼筋混凝土造,1110518,122.84,2,2,1,有,有,13500000,109899,坡道平面,24.16,0,,RPXPMLPLOHLGFBB98DA,57.72,0.0,8.36,有,0245
西屯區,車位,臺中市西屯區臺灣大道三段５９２號等公共設施,0.0,,,,1150324,土地0建物1車位1,,,其他,,,,28.12,0,0,0,無,無,2500000,,坡道平面,28.12,2500000,建物坐落地號：上石碑段2671地號；僅車位交易；,RPTNMLTKNHLGFCB68DA,0.0,0.0,0.0,無,0246
西屯區,房地(土地+建物)+車位,臺中市西屯區逢大路５０號八樓之１,25.25,都市：其他:第二種創新研發專用區,,,1150322,土地1建物1車位2,八層,九層,華廈(10層含以下有電梯),住家用,鋼筋混凝土造,1130119,163.9,3,2,2,有,有,27100000,165345,坡道平面,67.28,0,,RPTNMLSJOHLGFCB58DA,56.58,0.0,5.54,有,0247
南屯區,房地(土地+建物)+車位,臺中市南屯區龍富十八路１６１之１號,149.4,住,,,1150302,土地2建物1車位3,全,四層,透天厝,住家用,鋼筋混凝土造,1041029,379.63,3,3,6,有,有,55000000,144878,坡道平面,0.0,0,,RPWPMLPLOHLGFCB98DA,239.83,0.0,29.45,有,0248
太平區,房地(土地+建物),臺中市太平區大興六街６號,143.26,,鄉村區,乙種建築用地,1150329,土地1建物1車位0,全,二層,透天厝,住家用,鋼筋混凝土造,0680815,106.18,4,3,3,有,無,15500000,145979,,0.0,0,其他增建；,RPQNMLOLOHLGFJB78DA,106.18,0.0,0.0,無,0249
大肚區,房地(土地+建物),臺中市大肚區永順路７８巷１３號,89.0,,,,1150318,土地3建物1車位0,全,四層,透天厝,住家用,鋼筋混凝土造,1150323,181.45,4,3,3,有,無,14880000,82006,,0.0,0,預售屋、或土地及建物分件登記案件；,RPVNMLNLOHLGFKB66DA,174.3,0.0,6.86,無,
大肚區,房地(土地+建物),臺中市大肚區文昌路一段１８５巷３６號,166.0,住,,,1150331,土地4建物1車位0,全,二層,透天厝,住商用,加強磚造,0700831,117.14,5,4,3,有,無,5400000,46099,,0.0,0,親友、員工、共有人或其他特殊關係間之交易；頂樓加蓋；其他增建；,RPPNMLOLOHLGFKB78DA,117.14,0.0,0.0,無,
北屯區,房地(土地+建物)+車位,臺中市北屯區三光巷３３號五樓之１,33.75,住,,,1150308,土地1建物1車位1,五層,六層,華廈(10層含以下有電梯),住家用,鋼筋混凝土造,1141121,134.88,2,2,2,有,無,15410000,114250,一樓平面,0.0,0,車位編號：5G號,RPSPMLRJNHLGFBB38DA,81.2,0.0,5.41,有,
北屯區,房地(土地+建物)+車位,臺中市北屯區三光巷３３號五樓之２,23.94,住,,,1150308,土地1建物1車位1,五層,六層,華廈(10層含以下有電梯),住家用,鋼筋混凝土造,1141121,108.51,2,2,2,有,無,12380000,114091,一樓平面,0.0,0,車位編號：5H號,RPTPMLRJNHLGFBB48DA,57.58,0.0,9.98,有,
西屯區,房地(土地+建物),臺中市西屯區福瑞街２７巷１１號七樓之１２,5.76,住,,,1150321,土地1建物1車位0,七層,七層,華廈(10層含以下有電梯),住家用,鋼筋混凝土造,0830316,30.56,1,1,1,有,有,1750000,57264,,0.0,0,,RPOOMLTLOHLGFCB48DA,16.31,0.0,3.43,有,0250
潭子區,房地(土地+建物)+車位,臺中市潭子區頭家路１８９號四樓,15.84,住,,,1150322,土地1建物1車位1,四層,九層,華廈(10層含以下有電梯),住家用,鋼筋混凝土造,0850813,101.55000000000001,3,2,1,有,有,7550000,74348,坡道機械,0.0,0,陽台外推；其他增建；,RPTNMLPJNHLGFHB68DA,60.81,0.0,7.39,有,
新社區,房地(土地+建物),臺中市新社區中興街９７號,9260.0,,山坡地保育區,農牧用地,1150319,土地4建物1車位0,全,二層,透天厝,其他,鋼筋混凝土造,0890707,224.71,4,2,3,有,無,12000000,53402,,0.0,0,,RPRNMLSKNHLGFGB78DA,224.71,0.0,0.0,無,
大雅區,房地(土地+建物),臺中市大雅區神林南路１７３巷１弄１５號四樓,32.0,住,,,1150330,土地1建物2車位0,四層,五層,公寓(5樓含以下無電梯),住家用,鋼筋混凝土造,0701219,101.74,3,2,2,有,無,4160000,40889,,0.0,0,,RPSNMLNKMHLGFHB38DA,86.13,0.0,15.61,無,
太平區,房地(土地+建物),臺中市太平區中山路一段３２２巷１６之１號二樓之５,12.28,,鄉村區,乙種建築用地,1150328,土地1建物1車位0,二層,五層,華廈(10層含以下有電梯),住家用,鋼筋混凝土造,1150126,40.41,1,1,1,有,有,4300000,106409,,0.0,0,,RPTOMLPLOHLGFJB66DA,25.35,0.0,3.02,有,
太平區,房地(土地+建物),臺中市太平區中山路一段３２２巷１６之１號三樓之５,12.28,,鄉村區,乙種建築用地,1150326,土地1建物1車位0,三層,五層,華廈(10層含以下有電梯),住家用,鋼筋混凝土造,1150126,40.41,1,1,1,有,有,4380000,108389,,0.0,0,,RPQOMLQLOHLGFJB09DA,25.35,0.0,3.02,有,
西區,房地(土地+建物),臺中市西區三民市場１巷５弄７號,26.06,住,,,1150316,土地2建物2車位0,全,二層,透天厝,商業用,見其他登記事項,0601227,55.12,6,2,2,有,無,4668747,84702,,0.0,0,含土地增值稅或其他稅費168747元；頂樓加蓋；,RPPNMLKMOHLGFAB57EA,55.12,0.0,0.0,無,
北區,房地(土地+建物),臺中市北區中清路一段１號十二樓之２,19.65,住,,,1150315,土地1建物1車位0,十二層,十四層,住宅大樓(11層含以上有電梯),住家用,鋼筋混凝土造,0890705,149.85,3,2,2,有,有,10250000,68402,,0.0,0,,RPVNMLTLOHLGFBB98DA,79.69,0.0,10.15,有,
北屯區,房地(土地+建物)+車位,臺中市北屯區太原路三段３８５號十二樓之５,23.89,住,,,1150327,土地1建物1車位2,十二層,十四層,住宅大樓(11層含以上有電梯),住家用,鋼筋混凝土造,1120711,179.48000000000002,3,2,2,有,有,18850000,105026,坡道平面,59.18,0,親友、員工、共有人或其他特殊關係間之交易；,RPVOMLTLOHLGFBB09DA,72.67,0.0,7.38,有,0251
西屯區,房地(土地+建物)+車位,臺中市西屯區文華路７０號十樓之５,37.09,住,,,1150325,土地1建物1車位1,十層,十四層,住宅大樓(11層含以上有電梯),住家用,鋼筋混凝土造,0940704,178.56,3,2,2,有,有,13800000,77285,坡道平面,0.0,0,,RPXOMLMJOHLGFCB48DA,97.03,0.0,14.78,有,0252
烏日區,房地(土地+建物),臺中市烏日區弘德街３８號,88.95,住,,,1150317,土地1建物1車位0,全,二層,透天厝,住家用,加強磚造,0680605,86.1,4,2,3,有,無,11500000,133566,,0.0,0,頂樓加蓋；其他增建；,RPUNMLKKOHLGFIB58DA,86.1,0.0,0.0,無,
北屯區,房地(土地+建物),臺中市北屯區平德路１８巷３３弄３號,175.0,住,,,1150317,土地1建物1車位0,全,二層,透天厝,住家用,加強磚造,0690625,156.19,6,2,2,有,無,23000000,147257,,0.0,0,頂樓加蓋；其他增建；,RPTOMLSLNHLGFBB68DA,136.38,0.0,19.81,無,
南屯區,房地(土地+建物)+車位,臺中市南屯區龍富路四段８２號十七樓,48.88,住,,,1150325,土地4建物1車位2,十七層,二十六層,住宅大樓(11層含以上有電梯),住家用,鋼筋混凝土造,1100217,246.85,3,2,2,有,有,35000000,141787,坡道平面,50.6,0,急買急賣；,RPWTMLLJPHLGFCB88DA,111.15,5.29,11.13,有,0253
潭子區,房地(土地+建物)+車位,臺中市潭子區興華一路１１３號三樓之１,31.5,住,,,1150315,土地1建物1車位1,三層,十五層,住宅大樓(11層含以上有電梯),住家用,鋼筋混凝土造,1141216,195.38,4,2,2,有,有,22300000,122899,坡道平面,29.39,1900000,含裝潢費1200000元；,RPTNMLLJPHLGFHB48DA,94.33,0.0,14.54,有,
大里區,房地(土地+建物),臺中市大里區好來七街２６號,21.94,,鄉村區,乙種建築用地,1150304,土地1建物1車位0,地下一層,九層,華廈(10層含以下有電梯),住商用,鋼筋混凝土造,0810430,87.50999999999999,3,2,2,有,有,4020000,45938,,0.0,0,其他增建；,RPQNMLLJPHLGFIB28DA,60.2,18.6,0.0,有,
中區,土地,柳川段四小段8地號,1.88,商,,,1150315,土地1建物0車位0,,,其他,,,,0.0,0,0,0,無,無,237544,126353,,0.0,0,包含公共設施保留地用地；,RPUOMLPLNHLGFAB38DA,0.0,0.0,0.0,無,0254
西區,土地,科博段1263地號,18.0,,,,1150315,土地1建物0車位0,,,其他,,,,0.0,0,0,0,無,無,2202930,122385,,0.0,0,包含公共設施保留地用地；,RPOPMLPLNHLGFAB87DA,0.0,0.0,0.0,無,0255
西區,土地,後子段325-160地號,9.0,,,,1150315,土地1建物0車位0,,,其他,,,,0.0,0,0,0,無,無,1110690,123410,,0.0,0,包含公共設施保留地用地；,SPOPMLPLNHLGFAB97DA,0.0,0.0,0.0,無,0256
西區,土地,後子段325-161地號,21.6,住,,,1150315,土地1建物0車位0,,,其他,,,,0.0,0,0,0,無,無,2665656,123410,,0.0,0,包含公共設施保留地用地；,TPOPMLPLNHLGFAB08DA,0.0,0.0,0.0,無,
南區,房地(土地+建物),臺中市南區新榮街４３號六樓之１４,10.6,住,,,1150315,土地1建物1車位0,六層,七層,華廈(10層含以下有電梯),商業用,鋼筋混凝土造,0710216,55.269999999999996,2,1,1,有,有,5500000,99511,,0.0,0,陽台外推；,RPPNMLNLOHLGFAB67DA,30.16,0.0,12.16,有,0257
北區,土地,邱厝子段6-71地號,4.81,住,,,1150315,土地1建物0車位0,,,其他,,,,0.0,0,0,0,無,無,783500,162890,,0.0,0,包含公共設施保留地用地；,RPXOMLPLNHLGFBB78DA,0.0,0.0,0.0,無,0258
北屯區,土地,東光段235-7地號,3.0,都市：其他:道路用地,,,1150315,土地1建物0車位0,,,其他,,,,0.0,0,0,0,無,無,453255,151085,,0.0,0,包含公共設施保留地用地；,RPSPMLPLNHLGFBB38DA,0.0,0.0,0.0,無,
北屯區,土地,東光段235-8地號,2.5,都市：其他:道路用地,,,1150315,土地1建物0車位0,,,其他,,,,0.0,0,0,0,無,無,346962,138785,,0.0,0,包含公共設施保留地用地；,SPSPMLPLNHLGFBB48DA,0.0,0.0,0.0,無,0181
北屯區,土地,建和段772地號,11.0,都市：其他:道路用地,,,1150315,土地1建物0車位0,,,其他,,,,0.0,0,0,0,無,無,881705,80155,,0.0,0,包含公共設施保留地用地；,TPSPMLPLNHLGFBB58DA,0.0,0.0,0.0,無,
北屯區,土地,建和段778地號,4.0,都市：其他:道路用地,,,1150315,土地1建物0車位0,,,其他,,,,0.0,0,0,0,無,無,320620,80155,,0.0,0,包含公共設施保留地用地；,UPSPMLPLNHLGFBB68DA,0.0,0.0,0.0,無,0260
北屯區,房地(土地+建物)+車位,臺中市北屯區南興路５２號三樓之１,38.04,住,,,1150321,土地1建物1車位1,三層,十四層,住宅大樓(11層含以上有電梯),住家用,鋼筋混凝土造,1130410,165.61,4,2,2,有,有,23080000,139364,坡道平面,24.87,0,,RPPNMLMJPHLGFBB57DA,81.27,0.0,10.56,有,0261
西屯區,土地,惠來厝段242地號,2.07,都市：其他:道路用地,,,1150315,土地1建物0車位0,,,其他,,,,0.0,0,0,0,無,無,1690430,816633,,0.0,0,包含公共設施保留地用地；,RPXOMLPLNHLGFCB88DA,0.0,0.0,0.0,無,0262
大雅區,房地(土地+建物),臺中市大雅區學府路４２８巷５號,142.32,住,,,1150331,土地2建物1車位0,全,二層,透天厝,住商用,加強磚造,0680813,119.67,5,2,3,有,無,15500000,129523,,0.0,0,其他增建；,RPUNMLQKMHLGFHB88DA,119.67,0.0,0.0,無,
西區,房地(土地+建物),臺中市西區民權路３２４號４樓之１１,4.48,住,,,1150311,土地1建物1車位0,四層,八層,華廈(10層含以下有電梯),住家用,鋼筋混凝土造,0850812,32.69,1,1,1,有,有,2780000,85041,,0.0,0,其他增建；,RPUOMLQJPHLGFAB48DA,18.62,0.0,3.72,有,
北區,房地(土地+建物),臺中市北區梅川東路三段６２巷４０之３號,36.04,都市：其他:第二種住宅區,,,1150308,土地2建物1車位0,四層,五層,公寓(5樓含以下無電梯),住家用,鋼筋混凝土造,0690124,103.32,2,2,1,有,無,4880000,47232,,0.0,0,,RPSNMLRJPHLGFBB38DA,93.93,0.0,9.39,無,
沙鹿區,房地(土地+建物)+車位,臺中市沙鹿區永寧路一段５號十三樓之１,23.29,商,,,1150328,土地1建物1車位2,十三層,十五層,住宅大樓(11層含以上有電梯),住家用,鋼筋混凝土造,1140627,217.64,4,2,2,有,有,16000000,86937,坡道平面,58.33,2150000,,RPPOMLMLOHLGFFB18DA,97.32,0.0,9.8,有,
大雅區,土地,永和段1448地號,330.86,農,,,1150312,土地1建物0車位0,,,其他,,,,0.0,0,0,0,無,無,7000000,21157,,0.0,0,買方二人承買持分各160/1000各50坪，每坪7萬元，價金各新台幣350萬元。親友、員工、共有人或其他特殊關係間之交易；農作物；,RPRNMLRJPHLGFHB88DA,0.0,0.0,0.0,無,
龍井區,房地(土地+建物)+車位,臺中市龍井區遊園北路９８號八樓之２,21.57,住,,,1150317,土地1建物1車位1,八層,十五層,住宅大樓(11層含以上有電梯),住家用,鋼筋混凝土造,1121102,103.85,2,2,2,有,有,13130000,126432,坡道平面,23.65,0,,RPPNMLKKOHLGFKB28DA,49.04,0.0,3.75,有,
霧峰區,房地(土地+建物),臺中市霧峰區中正路１７６巷２３弄１８號,111.84,,鄉村區,乙種建築用地,1150212,土地4建物1車位0,全,二層,透天厝,住家用,鋼筋混凝土造,1130830,146.33,3,2,4,有,有,18500000,126427,,0.0,0,,RPVNMLMLOHLGFIB98DA,141.8,0.0,4.35,無,
霧峰區,房地(土地+建物),臺中市霧峰區民生路７４巷７號三樓,27.2,住,,,1150208,土地1建物1車位0,三層,七層,華廈(10層含以下有電梯),住家用,鋼筋混凝土造,1030219,157.88,3,2,2,有,有,10500000,66506,,0.0,0,,RPPNMLQLOHLGFIB78DA,99.8,0.0,11.2,有,
西區,房地(土地+建物),臺中市西區大全街１５４巷１８弄６號,65.9,,,,1150212,土地2建物1車位0,全,二層,透天厝,住家用,鐵筋加強磚,0560425,90.17,5,2,3,有,無,12300000,136409,,0.0,0,頂樓加蓋；其他增建；,RPROMLQJLHLGFAB77DA,90.17,0.0,0.0,無,
梧棲區,房地(土地+建物)+車位,臺中市梧棲區大仁路一段１６８號三樓之１,32.3,住,,,1150201,土地1建物1車位1,三層,十五層,住宅大樓(11層含以上有電梯),住家用,鋼筋混凝土造,1150427,153.72000000000003,3,2,2,有,有,11460000,83540,坡道平面,32.7,1350000,含裝潢費；預售屋、或土地及建物分件登記案件；,RPWOMLKLOHLGFFB68DA,73.42,0.0,7.76,有,
霧峰區,土地,丁台二段380地號,2704.11,,特定農業區,農牧用地,1150214,土地1建物0車位0,,,其他,,,,0.0,0,0,0,無,無,41080000,15192,,0.0,0,未登記建物；,RPSNMLRKOHLGFIB09DA,0.0,0.0,0.0,無,
潭子區,房地(土地+建物),臺中市潭子區新興路一段５３巷１２弄２號,100.3,農,,,1150201,土地4建物1車位0,全,四層,透天厝,住家用,鋼筋混凝土造,1041006,222.47,5,3,4,有,無,22500000,101137,,0.0,0,其他增建：壹樓空地其他增建；,RPQNMLMKOHLGFHB28DA,219.6,0.0,2.87,無,
西屯區,土地,上石碑段82-1地號,76.0,住,,,1150205,土地1建物0車位0,,,其他,,,,0.0,0,0,0,無,無,16800000,221053,,0.0,0,危老合建分售親友、員工、共有人或其他特殊關係間之交易；,RPPNMLRJNHLGFCB97DA,0.0,0.0,0.0,無,
西屯區,建物,臺中市西屯區福星路５１１巷７之１號,0.0,,,,1150205,土地0建物1車位1,全,五層,透天厝,住家用,鋼筋混凝土造,1141013,292.61,9,1,9,有,無,22000000,75185,一樓平面,13.75,0,建物坐落地號：上石碑段82-1地號；,RPQNMLRJNHLGFCB08DA,265.0,0.0,27.61,無,
大里區,房地(土地+建物),臺中市大里區塗城路８１０巷６號,86.45,住,,,1150209,土地3建物1車位0,全,二層,透天厝,住家用,加強磚造,0651130,129.6,4,1,2,有,無,10000000,77160,,0.0,0,親友、員工、共有人或其他特殊關係間之交易；頂樓加蓋；未登記建物；,RPROMLMJPHLGFIB58DA,129.6,0.0,0.0,無,
西屯區,房地(土地+建物)+車位,臺中市西屯區福科路３７７巷２號十七樓之５,35.78,住,,,1150113,土地2建物1車位2,十七層,二十四層,住宅大樓(11層含以上有電梯),住家用,鋼筋混凝土造,1130911,218.89999999999998,3,2,2,有,有,39230000,223254,坡道平面,69.16,5800000,,RPQNMLQLOHLGFCB28DA,91.7,0.0,6.96,有,
大肚區,房地(土地+建物),臺中市大肚區永順路７８巷８號,96.0,,,,1150131,土地3建物1車位0,全,四層,透天厝,住家用,鋼筋混凝土造,1150323,199.79,4,3,3,有,無,16660000,83388,,0.0,0,預售屋、或土地及建物分件登記案件；,RPSNMLNLOHLGFKB98DA,188.0,0.0,11.5,無,
大肚區,房地(土地+建物),臺中市大肚區永順路７８巷５號,87.0,,,,1150113,土地3建物1車位0,全,四層,透天厝,住家用,鋼筋混凝土造,1150323,172.19,4,3,3,有,無,14580000,84674,,0.0,0,預售屋、或土地及建物分件登記案件；,RPWNMLNLOHLGFKB76DA,162.69,0.0,9.21,無,
大肚區,房地(土地+建物),臺中市大肚區永順路７８巷１號,122.0,,,,1150113,土地4建物1車位0,全,四層,透天厝,住家用,鋼筋混凝土造,1150323,170.28,4,3,3,有,無,14580000,85624,,0.0,0,預售屋、或土地及建物分件登記案件；,RPXNMLNLOHLGFKB86DA,160.56,0.0,9.43,無,
中區,房地(土地+建物),臺中市中區中華路一段１２１號１６樓之１８,1.65,商,,,1150116,土地1建物1車位0,十六層,十九層,住宅大樓(11層含以上有電梯),住家用,鋼骨鋼筋混凝土造,0850520,34.08,1,1,1,有,有,3150000,92430,,0.0,0,本案為鋼骨鋼筋混泥土結構挑高4米6樓中樓；母女間的親屬買賣。親友、員工、共有人或其他特殊關係間之交易；,RPPNMLTLOHLGFAB38EA,20.21,1.48,1.98,有,0263
沙鹿區,房地(土地+建物),臺中市沙鹿區三條圳二街１０９號,89.73,住,,,1150127,土地1建物1車位0,全,四層,透天厝,住家用,鋼筋混凝土造,1100421,252.08,4,4,2,有,無,18880000,74897,,0.0,0,親友、員工、共有人或其他特殊關係間之交易；,RPRNMLLJOHLGFFB97DA,252.08,0.0,0.0,有,0264
梧棲區,房地(土地+建物)+車位,臺中市梧棲區大仁路一段１６８號十樓之１,32.3,住,,,1150124,土地1建物1車位1,十層,十五層,住宅大樓(11層含以上有電梯),住家用,鋼筋混凝土造,1150427,153.72000000000003,3,2,2,有,有,12360000,90150,坡道平面,32.7,1450000,含裝潢費；預售屋、或土地及建物分件登記案件；,RPQTMLKLOHLGFFB58DA,73.42,0.0,7.76,有,
梧棲區,房地(土地+建物)+車位,臺中市梧棲區大仁路一段１６８號九樓之３,30.86,住,,,1150123,土地1建物1車位1,九層,十五層,住宅大樓(11層含以上有電梯),住家用,鋼筋混凝土造,1150427,148.35000000000002,3,2,2,有,有,11460000,86554,坡道平面,32.7,1450000,含裝潢費；預售屋、或土地及建物分件登記案件；,RPSNMLLLOHLGFFB28DA,69.78,0.0,7.76,有,
南區,土地,下橋子頭段166-2地號,22.57,住,,,1150123,土地1建物0車位0,,,其他,,,,0.0,0,0,0,無,無,3480000,154187,,0.0,0,,RPWQMLKMOHLGFAB48DA,0.0,0.0,0.0,無,0265
南區,土地,下橋子頭段165-11地號,458.0,住,,,1150123,土地9建物0車位0,,,其他,,,,0.0,0,0,0,無,無,84500000,184498,,0.0,0,,SPWQMLKMOHLGFAB58DA,0.0,0.0,0.0,無,
南區,土地,下橋子頭段166-1地號,186.0,住,,,1150123,土地1建物0車位0,,,其他,,,,0.0,0,0,0,無,無,27000000,145161,,0.0,0,,TPWQMLKMOHLGFAB68DA,0.0,0.0,0.0,無,
南區,土地,下橋子頭段166-2地號,135.43,住,,,1150123,土地1建物0車位0,,,其他,,,,0.0,0,0,0,無,無,20890000,154249,,0.0,0,,UPWQMLKMOHLGFAB78DA,0.0,0.0,0.0,無,0265
烏日區,房地(土地+建物)+車位,臺中市烏日區信義街５８號三樓之２,28.67,住,,,1150118,土地1建物1車位1,三層,十四層,住宅大樓(11層含以上有電梯),住家用,鋼筋混凝土造,1100510,156.57999999999998,3,2,2,有,有,18250000,116554,坡道平面,28.97,0,,RPRNMLQLKHLGFIB58DA,75.6,1.44,9.17,有,0267
南區,房地(土地+建物)+車位,臺中市南區復興北路２８號四樓之３,21.39,住,,,1150127,土地2建物1車位1,四層,十五層,住宅大樓(11層含以上有電梯),住家用,鋼筋混凝土造,1081007,154.37,3,2,2,有,有,16600000,107534,坡道平面,0.0,0,,RPRONLQLOHLGFAB38DA,73.52,0.84,10.81,有,
烏日區,房地(土地+建物),臺中市烏日區三榮十六路３１巷５號,103.45,住,,,1150121,土地5建物1車位0,全,三層,透天厝,住家用,鋼筋混凝土造,1141111,191.42999999999998,5,2,5,有,無,27000000,141044,,0.0,0,,RPQSMLTKNHLGFIB86DA,175.94,0.0,15.2,有,
烏日區,房地(土地+建物),臺中市烏日區高鐵一路２６８號七樓之１,20.13,商,,,1141201,土地2建物1車位0,七層,二十二層,住宅大樓(11層含以上有電梯),辦公用,鋼筋混凝土造,1131223,165.07,0,0,0,無,有,19539093,118369,,0.0,0,,RPVNMLTLOHLGFIB07DA,99.17,0.0,1.77,有,0268
烏日區,房地(土地+建物),臺中市烏日區高鐵一路２６８號七樓之２,25.63,商,,,1141201,土地2建物1車位0,七層,二十二層,住宅大樓(11層含以上有電梯),辦公用,鋼筋混凝土造,1131223,210.28,0,0,0,無,有,22134282,105261,,0.0,0,,SPVNMLTLOHLGFIB17DA,119.55,0.0,9.08,有,0269
烏日區,房地(土地+建物)+車位,臺中市烏日區高鐵一路２６８號七樓之３,23.2,商,,,1141201,土地2建物1車位3,七層,二十二層,住宅大樓(11層含以上有電梯),辦公用,鋼筋混凝土造,1131223,287.95,0,0,0,無,有,23696625,82294,坡道平面,97.62,0,,TPVNMLTLOHLGFIB27DA,107.27,0.0,9.06,有,0270
梧棲區,房地(土地+建物),臺中市梧棲區臨港路四段８１２號五樓之２,8.74,商,,,1141212,土地1建物1車位0,五層,十五層,住宅大樓(11層含以上有電梯),住家用,鋼筋混凝土造,1150312,79.4,2,2,1,有,有,6250000,78715,,0.0,0,預售屋、或土地及建物分件登記案件；,RPVNMLLKJHLGFFB97DA,49.86,0.0,3.5,有,
梧棲區,土地,東建段7地號,207.0,住,,,1141231,土地1建物0車位0,,,其他,,,,0.0,0,0,0,無,無,24000000,115942,,0.0,0,未登記建物；,RPVNMLMKOHLGFFB58DA,0.0,0.0,0.0,無,0271
西屯區,房地(土地+建物),臺中市西屯區中清路二段１２５０巷６２號,335.89,住,,,1141213,土地2建物1車位0,全,一層,透天厝,住家用,鐵筋加強磚造,0620520,91.5,3,2,2,有,無,63880000,698142,,0.0,0,其他增建；,RPSNMLNJPHLGFCB08DA,91.5,0.0,0.0,無,
烏日區,房地(土地+建物),臺中市烏日區光明路１６２巷９３號,85.59,農,,,1141210,土地1建物1車位0,全,二層,透天厝,住商用,加強磚造,0700501,112.93,4,2,2,有,無,8200000,72611,,0.0,0,其他增建；,RPSNMLOJOHLGFIB68DA,112.93,0.0,0.0,無,
烏日區,房地(土地+建物)+車位,臺中市烏日區健行南路２５號十樓之５,27.29,住,,,1141107,土地1建物1車位1,十層,十二層,住宅大樓(11層含以上有電梯),住家用,鋼筋混凝土造,1021017,144.14,3,2,2,有,有,12600000,87415,坡道平面,28.3,0,,RPQOMLSJOHLGFIB98DA,68.28,2.85,9.78,有,0272
大肚區,土地,追分段1345地號,13.05,住,,,1141116,土地2建物0車位0,,,其他,,,,0.0,0,0,0,無,無,248700,19057,,0.0,0,,RPOOMLNLOHLGFKB68DA,0.0,0.0,0.0,無,0273
北屯區,房地(土地+建物)+車位,臺中市北屯區興安路二段９８號七樓之３,21.37,住,,,1141006,土地1建物1車位1,七層,十五層,住宅大樓(11層含以上有電梯),住家用,鋼筋混凝土造,1150507,155.72,3,2,2,有,有,20200000,137991,坡道平面,24.19,2050000,預售屋、或土地及建物分件登記案件；,RPTRMLKKOHLGFBB18DA,78.4,0.0,9.05,有,
北屯區,房地(土地+建物)+車位,臺中市北屯區興安路二段９８號九樓之２,21.37,住,,,1140816,土地1建物1車位1,九層,十五層,住宅大樓(11層含以上有電梯),住家用,鋼筋混凝土造,1150507,154.25,3,2,2,有,有,19800000,137244,坡道平面,24.19,1950000,預售屋、或土地及建物分件登記案件；,RPORMLKKOHLGFBB67DA,77.41,0.0,9.05,有,
中區,土地,仁愛段一小段5地號,3234.0,商,,,1140808,土地19建物0車位0,,,其他,,,,0.0,0,0,0,無,無,1011790000,312860,,0.0,0,本案土地中，3-9、3-16及5-18等3筆地號屬公共設施保留地，其價金依114年度土地公告現值之1.5倍計算，價金分別為1280400元、116400元及19540319元。其餘16筆地號之土地價金，則以總價金扣除前開公共設施保留地應計價金後之餘額990852881元為分配基礎，並按各該地號面積占16筆地號總面積之比例分配計算其價金。包含公共設施保留地用地；,RPRNMLLLOHLGFAB67DA,0.0,0.0,0.0,無,
大肚區,房地(土地+建物),臺中市大肚區永順路７８巷１６號,88.0,,,,1140406,土地3建物1車位0,全,四層,透天厝,住家用,鋼筋混凝土造,1150323,174.14,4,3,3,有,無,14280000,82003,,0.0,0,預售屋、或土地及建物分件登記案件；,RPRNMLNLOHLGFKB88DA,164.39,0.0,9.46,無,
大肚區,房地(土地+建物),臺中市大肚區永順路７８巷１７號,86.0,,,,1140402,土地4建物1車位0,一層，二層，三層，見其他登記事項,四層,公寓(5樓含以下無電梯),住家用,鋼筋混凝土造,1150323,174.16,4,3,3,有,無,14880000,85439,,0.0,0,預售屋、或土地及建物分件登記案件；,RPUNMLNLOHLGFKB56DA,167.01,0.0,6.86,無,
北區,房地(土地+建物)+車位,臺中市北區文武街２６號五樓,23.59,住,,,1140427,土地1建物1車位1,五層,五層,華廈(10層含以下有電梯),住家用,鋼筋混凝土造,1150508,91.7,2,2,2,有,有,16200000,173285,升降機械,6.58,1450000,預售屋、或土地及建物分件登記案件；,RPSNMLKMOHLGFBB87DA,55.22,0.0,5.36,有,
大肚區,房地(土地+建物),臺中市大肚區永順路７８巷２號,131.0,,,,1140329,土地4建物1車位0,全,四層,透天厝,住家用,鋼筋混凝土造,1150323,182.60999999999999,4,3,3,有,無,16680000,91342,,0.0,0,預售屋、或土地及建物分件登記案件；,RPTNMLNLOHLGFKB09DA,172.02,0.0,10.3,無,
南屯區,房地(土地+建物)+車位,臺中市南屯區建功路６７號八樓之３,19.2,住,,,1140221,土地1建物1車位2,八層,二十三層,住宅大樓(11層含以上有電梯),住家用,鋼筋混凝土造,1141226,212.02,4,2,2,有,有,24600000,130838,坡道平面,52.28,3700000,預售屋、或土地及建物分件登記案件；,RPTPMLSKOHLGFCB88DA,94.68,0.0,15.08,有,
北區,房地(土地+建物),臺中市北區文武街２８號二樓,20.58,住,,,1140211,土地1建物1車位0,二層,五層,華廈(10層含以下有電梯),住家用,鋼筋混凝土造,1150508,74.23,2,2,2,有,有,12600000,169743,,0.0,0,預售屋、或土地及建物分件登記案件；,RPPNMLKMOHLGFBB57DA,47.54,0.0,5.31,有,
梧棲區,房地(土地+建物)+車位,臺中市梧棲區臨港路四段８１６號五樓之６,13.34,商,,,1140114,土地1建物1車位1,五層,十五層,住宅大樓(11層含以上有電梯),住家用,鋼筋混凝土造,1150312,157.09,3,2,2,有,有,9680000,70780,坡道平面,35.87,1100000,預售屋、或土地及建物分件登記案件；,RPXOMLKKJHLGFFB18DA,74.55,0.0,6.96,有,
梧棲區,房地(土地+建物)+車位,臺中市梧棲區文心街２１巷８１號三樓之５,30.04,住,,,1131230,土地1建物1車位1,三層,六層,華廈(10層含以下有電梯),住家用,鋼筋混凝土造,1150212,106.36,2,1,2,有,有,9450000,91772,坡道機械,11.56,750000,預售屋、或土地及建物分件登記案件；,RPROMLRKOHLGFFB78DA,56.09,0.0,8.32,有,
梧棲區,房地(土地+建物)+車位,臺中市梧棲區大仁路一段１６８號九樓之１,32.3,住,,,1131209,土地1建物1車位1,九層,十五層,住宅大樓(11層含以上有電梯),住家用,鋼筋混凝土造,1150427,153.72000000000003,3,2,2,有,有,12310000,89324,坡道平面,32.7,1500000,預售屋、或土地及建物分件登記案件；,RPTSMLKLOHLGFFB78DA,73.42,0.0,7.76,有,
西屯區,房地(土地+建物)+車位,臺中市西屯區青海路二段４６３號七樓之３,33.12,住,,,1131201,土地1建物1車位2,七層,十五層,住宅大樓(11層含以上有電梯),住家用,鋼筋混凝土造,1141216,255.2,2,2,2,有,有,37750000,168407,坡道平面,59.84,4850000,預售屋、或土地及建物分件登記案件；,RPXQMLQKOHLGFCB56DA,115.61,0.0,14.21,有,
梧棲區,房地(土地+建物)+車位,臺中市梧棲區文心街２１巷８５號二樓之３,27.69,住,,,1131105,土地1建物1車位1,二層,六層,華廈(10層含以下有電梯),住家用,鋼筋混凝土造,1150212,98.92,2,1,2,有,有,8900000,93292,坡道機械,11.56,750000,預售屋、或土地及建物分件登記案件；,RPWNMLNLOHLGFFB88DA,55.79,0.0,3.54,有,
梧棲區,房地(土地+建物)+車位,臺中市梧棲區文心街２１巷８５號五樓之３,27.69,住,,,1131105,土地1建物1車位1,五層,六層,華廈(10層含以下有電梯),住家用,鋼筋混凝土造,1150212,98.92,2,1,2,有,有,9150000,91575,坡道機械,11.56,1150000,預售屋、或土地及建物分件登記案件；,RPOOMLNLOHLGFFB18DA,55.79,0.0,3.54,有,
梧棲區,房地(土地+建物),臺中市梧棲區臨港路四段８１２號七樓之６,8.05,商,,,1131106,土地1建物1車位0,七層,十五層,住宅大樓(11層含以上有電梯),住家用,鋼筋混凝土造,1150312,73.1,2,2,1,有,有,4970000,67989,,0.0,0,姊妹更名預售屋、或土地及建物分件登記案件；,RPRPMLMKJHLGFFB87DA,45.49,0.0,3.63,有,
梧棲區,房地(土地+建物)+車位,臺中市梧棲區臨港路四段８１２號十一樓之７,13.5,商,,,1131111,土地1建物1車位1,十一層,十五層,住宅大樓(11層含以上有電梯),住家用,鋼筋混凝土造,1150312,157.39,3,2,2,有,有,10060000,74690,坡道平面,34.75,900000,預售屋、或土地及建物分件登記案件；,RPRQMLMKJHLGFFB97DA,75.45,0.0,7.02,有,
北屯區,房地(土地+建物)+車位,臺中市北屯區興安路二段１００號五樓之５,21.74,住,,,1131013,土地1建物1車位1,五層,十四層,住宅大樓(11層含以上有電梯),住家用,鋼筋混凝土造,1150507,155.79,3,2,2,有,有,19400000,133359,坡道平面,24.19,1850000,預售屋、或土地及建物分件登記案件；,RPXPMLKKOHLGFBB38DA,78.47,0.0,9.05,有,
南屯區,房地(土地+建物)+車位,臺中市南屯區建功路６７號十三樓之６,19.2,住,,,1131020,土地1建物1車位2,十三層,二十三層,住宅大樓(11層含以上有電梯),住家用,鋼筋混凝土造,1141226,212.19,4,2,2,有,有,24850000,131011,坡道平面,52.28,3900000,預售屋、或土地及建物分件登記案件；,RPVUMLOLOHLGFCB66DA,94.85,0.0,15.08,有,
西屯區,房地(土地+建物)+車位,臺中市西屯區朝馬七街２９號,31.61,住,,,1131004,土地1建物1車位1,一層,十層,華廈(10層含以下有電梯),商業用,鋼筋混凝土造,1150130,120.25999999999999,0,0,1,有,有,29066000,322344,坡道平面,38.0,2550000,預售屋、或土地及建物分件登記案件；,RPXPMLTLMHLGFCB66DA,53.55,0.0,0.0,有,
梧棲區,房地(土地+建物)+車位,臺中市梧棲區文心街２１巷８５號二樓之１,30.06,住,,,1130920,土地1建物1車位1,二層,六層,華廈(10層含以下有電梯),住家用,鋼筋混凝土造,1150212,106.38999999999999,2,1,2,有,有,9390000,91110,坡道機械,11.56,750000,預售屋、或土地及建物分件登記案件；,RPTOMLRKOHLGFFB98DA,56.09,0.0,8.32,有,
北屯區,房地(土地+建物)+車位,臺中市北屯區興安路二段９８號十一樓之５,21.37,住,,,1130914,土地1建物1車位1,十一層,十五層,住宅大樓(11層含以上有電梯),住家用,鋼筋混凝土造,1150507,155.91,3,2,2,有,有,20510000,141817,坡道平面,25.39,2000000,預售屋、或土地及建物分件登記案件；,RPQSMLKKOHLGFBB97DA,77.61,0.0,9.2,有,
梧棲區,房地(土地+建物)+車位,臺中市梧棲區大仁路一段１６８號六樓之１,32.3,住,,,1130926,土地1建物1車位1,六層,十五層,住宅大樓(11層含以上有電梯),住家用,鋼筋混凝土造,1150427,153.72000000000003,3,2,2,有,有,12160000,88085,坡道平面,32.7,1500000,預售屋、或土地及建物分件登記案件；,RPVQMLKLOHLGFFB78DA,73.42,0.0,7.76,有,
北屯區,房地(土地+建物),臺中市北屯區榮德路７３７之８號,115.75,住,,,1130805,土地4建物1車位0,全,四層,透天厝,住家用,鋼筋混凝土造,1150212,266.53,3,2,3,有,有,39980000,150002,,0.0,0,114年9月11日平轉預售屋、或土地及建物分件登記案件；,RPRNMLTJNHLGFBB28DA,234.22,0.0,24.11,有,
梧棲區,房地(土地+建物)+車位,臺中市梧棲區文心街２１巷８１號五樓之５,30.04,住,,,1130803,土地1建物1車位1,五層,六層,華廈(10層含以下有電梯),住家用,鋼筋混凝土造,1150212,106.36,2,1,2,有,有,9950000,92827,坡道機械,11.56,1150000,預售屋、或土地及建物分件登記案件；,RPSOMLRKOHLGFFB88DA,56.09,0.0,8.32,有,
北屯區,房地(土地+建物)+車位,臺中市北屯區興安路二段１００號八樓之３,21.74,住,,,1130831,土地1建物1車位1,八層,十四層,住宅大樓(11層含以上有電梯),住家用,鋼筋混凝土造,1150507,155.85,3,2,2,有,有,20630000,141881,坡道平面,24.19,1950000,預售屋、或土地及建物分件登記案件；,RPVPMLKKOHLGFBB18DA,78.53,0.0,9.05,有,
南屯區,房地(土地+建物)+車位,臺中市南屯區建功路７１號二樓之２,11.52,住,,,1130805,土地1建物1車位1,二層,二十三層,住宅大樓(11層含以上有電梯),住家用,鋼筋混凝土造,1141226,128.05,2,2,1,有,有,15880000,140614,坡道平面,26.14,1550000,預售屋、或土地及建物分件登記案件；,RPSOMLSKOHLGFCB68DA,60.67,0.0,5.49,有,
南屯區,房地(土地+建物)+車位,臺中市南屯區建功路６７號二十三樓之６,19.2,住,,,1130804,土地1建物1車位2,二十三層,二十三層,住宅大樓(11層含以上有電梯),住家用,鋼筋混凝土造,1141226,212.19,4,2,2,有,有,24800000,130699,坡道平面,52.28,3900000,預售屋、或土地及建物分件登記案件；,RPUPMLSKOHLGFCB98DA,94.85,0.0,15.08,有,
梧棲區,房地(土地+建物)+車位,臺中市梧棲區大仁路一段１６８號九樓之２,33.17,住,,,1130805,土地1建物1車位1,九層,十五層,住宅大樓(11層含以上有電梯),住家用,鋼筋混凝土造,1150427,158.14999999999998,3,2,2,有,有,13100000,92866,坡道平面,32.7,1450000,含裝潢費；預售屋、或土地及建物分件登記案件；,RPUSMLKLOHLGFFB88DA,73.42,0.0,10.6,有,
太平區,房地(土地+建物)+車位,臺中市太平區育才路１７３號十一樓之５,32.96,住,,,1130826,土地1建物1車位2,十一層,十五層,住宅大樓(11層含以上有電梯),住家用,鋼筋混凝土造,1150113,215.6,4,2,2,有,有,21420000,109463,坡道平面,56.46,4000000,預售屋、或土地及建物分件登記案件；,RPTOMLLJMHLGFJB48DA,98.88,0.0,10.0,有,
龍井區,房地(土地+建物),臺中市龍井區龍北路２６巷６弄５號,71.75,住,,,1130710,土地2建物1車位0,全,四層,透天厝,住家用,鋼筋混凝土造,1141124,169.7,5,2,4,有,無,12400000,73070,,0.0,0,有法定停車位，位於專有部分。民國114年8月29日有配偶贈與權利讓渡1/2，讓渡總價6200000。預售屋、或土地及建物分件登記案件；,RPOOMLSJNHLGFKB88DA,161.04,0.0,8.66,無,
梧棲區,房地(土地+建物)+車位,臺中市梧棲區文心街２１巷８５號三樓之５,30.06,住,,,1130704,土地1建物1車位1,三層,六層,華廈(10層含以下有電梯),住家用,鋼筋混凝土造,1150212,106.38999999999999,2,1,2,有,有,8980000,87841,坡道機械,11.56,650000,預售屋、或土地及建物分件登記案件；,RPUOMLRKOHLGFFB09DA,56.09,0.0,8.32,有,
東區,房地(土地+建物)+車位,臺中市東區東英三街１００號十四樓之６,13.47,商,,,1130721,土地1建物1車位1,十四層,十四層,住宅大樓(11層含以上有電梯),住家用,鋼筋混凝土造,1150403,119.85,2,2,2,有,有,14670000,138175,坡道平面,28.01,1980000,預售屋、或土地及建物分件登記案件；,RPROMLTLNHLGFAB48DA,56.37,0.0,4.67,有,
東區,房地(土地+建物)+車位,臺中市東區東英三街１００號十四樓之５,12.88,商,,,1130719,土地1建物1車位1,十四層,十四層,住宅大樓(11層含以上有電梯),住家用,鋼筋混凝土造,1150403,115.96000000000001,2,2,2,有,有,14110000,137919,坡道平面,28.01,1980000,預售屋、或土地及建物分件登記案件；,RPOPMLMJOHLGFAB47DA,54.24,0.0,4.18,有,
東區,房地(土地+建物)+車位,臺中市東區東英三街１００號十樓之２,13.27,商,,,1130721,土地1建物1車位1,十層,十四層,住宅大樓(11層含以上有電梯),住家用,鋼筋混凝土造,1150403,118.78,2,2,2,有,有,14150000,132973,坡道平面,28.01,2080000,115.5.26權利轉讓總價為新台幣1415萬元整母子預售屋、或土地及建物分件登記案件；,RPPOMLKKOHLGFAB37DA,56.83,0.0,3.56,有,
東區,房地(土地+建物)+車位,臺中市東區東英三街１００號三樓之５,12.88,商,,,1130719,土地1建物1車位1,三層,十四層,住宅大樓(11層含以上有電梯),住家用,鋼筋混凝土造,1150403,115.96000000000001,2,2,2,有,有,13290000,129733,坡道平面,28.01,1880000,預售屋、或土地及建物分件登記案件；,RPPOMLPKOHLGFAB87DA,54.24,0.0,4.18,有,
東區,房地(土地+建物)+車位,臺中市東區東英三街１００號四樓之８,10.9,商,,,1130719,土地1建物1車位1,四層,十四層,住宅大樓(11層含以上有電梯),住家用,鋼筋混凝土造,1150403,102.21000000000001,2,2,1,有,有,11410000,127089,坡道平面,28.01,1980000,115.2.5權利轉讓總價為新台幣1141萬元整父子預售屋、或土地及建物分件登記案件；,RPSNMLMLOHLGFAB87DA,45.43,0.0,3.88,有,
東區,房地(土地+建物)+車位,臺中市東區東英三街１００號五樓之８,10.9,商,,,1130719,土地1建物1車位1,五層,十四層,住宅大樓(11層含以上有電梯),住家用,鋼筋混凝土造,1150403,102.21000000000001,2,2,1,有,有,11850000,133019,坡道平面,28.01,1980000,預售屋、或土地及建物分件登記案件；,RPTNMLMLOHLGFAB97DA,45.43,0.0,3.88,有,
東區,房地(土地+建物)+車位,臺中市東區東英三街１００號五樓之６,13.47,商,,,1130719,土地1建物1車位1,五層,十四層,住宅大樓(11層含以上有電梯),住家用,鋼筋混凝土造,1150403,119.85,2,2,2,有,有,13920000,128920,坡道平面,28.01,2080000,預售屋、或土地及建物分件登記案件；,RPQOMLMLOHLGFAB77DA,56.37,0.0,4.67,有,
東區,房地(土地+建物)+車位,臺中市東區東英三街１００號十一樓之１,17.24,商,,,1130722,土地1建物1車位1,十一層,十四層,住宅大樓(11層含以上有電梯),住家用,鋼筋混凝土造,1150403,145.26999999999998,3,2,2,有,有,17350000,131929,坡道平面,28.01,1880000,預售屋、或土地及建物分件登記案件；,RPOONLTLOHLGFAB38DA,72.1,0.0,5.93,有,
東區,房地(土地+建物)+車位,臺中市東區東英三街１００號十一樓之３,17.24,商,,,1130723,土地1建物1車位1,十一層,十四層,住宅大樓(11層含以上有電梯),住家用,鋼筋混凝土造,1150403,145.26999999999998,3,2,2,有,有,17490000,133123,坡道平面,28.01,1880000,預售屋、或土地及建物分件登記案件；,RPPONLTLOHLGFAB48DA,72.1,0.0,5.93,有,
北屯區,房地(土地+建物)+車位,臺中市北屯區興安路二段９８號十五樓之３,21.37,住,,,1130710,土地1建物1車位1,十五層,十五層,住宅大樓(11層含以上有電梯),住家用,鋼筋混凝土造,1150507,154.29000000000002,3,2,2,有,有,19140000,131302,坡道平面,22.99,1900000,預售屋、或土地及建物分件登記案件；,RPWRMLKKOHLGFBB48DA,78.4,0.0,8.94,有,
北屯區,房地(土地+建物)+車位,臺中市北屯區興安路二段９６號四樓之２,21.37,住,,,1130720,土地1建物1車位1,四層,十五層,住宅大樓(11層含以上有電梯),住家用,鋼筋混凝土造,1150507,154.25,3,2,2,有,有,18900000,130709,坡道平面,24.19,1900000,預售屋、或土地及建物分件登記案件；,RPXSMLKKOHLGFBB68DA,77.41,0.0,9.05,有,
南屯區,房地(土地+建物)+車位,臺中市南屯區建功路６７號十七樓之６,19.2,住,,,1130714,土地1建物1車位2,十七層,二十三層,住宅大樓(11層含以上有電梯),住家用,鋼筋混凝土造,1141226,212.19,4,2,2,有,有,24500000,130073,坡道平面,52.28,3700000,預售屋、或土地及建物分件登記案件；,RPWTMLQKOHLGFCB76DA,94.85,0.0,15.08,有,
梧棲區,房地(土地+建物)+車位,臺中市梧棲區大仁路一段１６８號三樓之２,32.3,住,,,1130717,土地1建物1車位1,三層,十五層,住宅大樓(11層含以上有電梯),住家用,鋼筋混凝土造,1150427,153.72000000000003,3,2,2,有,有,11430000,83292,坡道平面,32.7,1350000,預售屋、或土地及建物分件登記案件；,RPXOMLKLOHLGFFB78DA,73.42,0.0,7.76,有,
梧棲區,房地(土地+建物)+車位,臺中市梧棲區大仁路一段１６８號五樓之１,32.3,住,,,1130728,土地1建物1車位1,五層,十五層,住宅大樓(11層含以上有電梯),住家用,鋼筋混凝土造,1150427,153.72000000000003,3,2,2,有,有,11950000,87589,坡道平面,32.7,1350000,預售屋、或土地及建物分件登記案件；,RPOQMLKLOHLGFFB08DA,73.42,0.0,7.76,有,
梧棲區,房地(土地+建物)+車位,臺中市梧棲區大仁路一段１６８號七樓之１,32.3,住,,,1130705,土地1建物1車位1,七層,十五層,住宅大樓(11層含以上有電梯),住家用,鋼筋混凝土造,1150427,153.72000000000003,3,2,2,有,有,11990000,87093,坡道平面,32.7,1450000,預售屋、或土地及建物分件登記案件；,RPSRMLKLOHLGFFB58DA,73.42,0.0,7.76,有,
北屯區,房地(土地+建物),臺中市北屯區正道街１９５號,88.68,住,,,1130711,土地4建物1車位0,全,四層,透天厝,住家用,鋼筋混凝土造,1150212,225.83,5,2,6,有,有,34900000,154541,,0.0,0,預售屋、或土地及建物分件登記案件；,RPPOMLTJOHLGFBB28DA,204.59,0.0,21.24,無,
梧棲區,房地(土地+建物)+車位,臺中市梧棲區中華路二段２１２號二樓之２,27.39,住,,,1130722,土地1建物1車位1,二層,十五層,住宅大樓(11層含以上有電梯),住家用,鋼筋混凝土造,1140911,151.92000000000002,3,2,2,有,有,12150000,84699,坡道平面,25.0,1400000,預售屋、或土地及建物分件登記案件；,RPROMLTLOHLGFFB09DA,77.39,0.0,9.42,有,
北屯區,房地(土地+建物),臺中市北屯區榮德路７３９號,34.53,住,,,1130712,土地4建物1車位0,全,四層,透天厝,住家用,鋼筋混凝土造,1150212,92.99,3,2,3,有,有,14550000,156485,,0.0,0,合建案建商與地主間之交易；預售屋、或土地及建物分件登記案件；,RPXNMLKMOHLGFBB38DA,84.28,0.0,6.19,有,
北屯區,房地(土地+建物),臺中市北屯區榮德路７３７號,34.47,住,,,1130712,土地4建物1車位0,全,四層,透天厝,住家用,鋼筋混凝土造,1150212,92.97,3,2,3,有,有,14550000,156519,,0.0,0,合建案建商與地主間之交易；預售屋、或土地及建物分件登記案件；,RPROMLKMOHLGFBB87DA,84.28,0.0,5.33,有,
北屯區,房地(土地+建物)+車位,臺中市北屯區興安路二段１００號四樓之２,26.24,住,,,1130624,土地1建物1車位1,四層,十四層,住宅大樓(11層含以上有電梯),住家用,鋼筋混凝土造,1150507,184.79,4,2,2,有,有,22760000,129577,坡道平面,24.19,1950000,114.11.15預售屋讓渡，讓渡關係:配偶。預售屋、或土地及建物分件登記案件；,RPRPMLKKOHLGFBB77DA,96.27,0.0,10.55,有,
北屯區,房地(土地+建物)+車位,臺中市北屯區興安路二段９８號六樓之５,21.37,住,,,1130601,土地1建物1車位1,六層,十五層,住宅大樓(11層含以上有電梯),住家用,鋼筋混凝土造,1150507,155.91,3,2,2,有,有,19240000,132087,坡道平面,25.39,2000000,預售屋、或土地及建物分件登記案件；,RPOSMLKKOHLGFBB77DA,77.61,0.0,9.2,有,
南屯區,房地(土地+建物)+車位,臺中市南屯區建功路６７號十九樓之３,19.2,住,,,1130616,土地1建物1車位2,十九層,二十三層,住宅大樓(11層含以上有電梯),住家用,鋼筋混凝土造,1141226,212.02,4,2,2,有,有,23720000,124077,坡道平面,52.28,3900000,預售屋、或土地及建物分件登記案件；,RPUTMLQKOHLGFCB56DA,94.68,0.0,15.08,有,
南屯區,房地(土地+建物)+車位,臺中市南屯區建功路７１號十一樓之６,14.6,住,,,1130615,土地1建物1車位1,十一層,二十三層,住宅大樓(11層含以上有電梯),住家用,鋼筋混凝土造,1141226,155.5,3,2,2,有,有,18960000,133426,坡道平面,26.14,1700000,預售屋、或土地及建物分件登記案件；,RPTOMLSKOHLGFCB78DA,71.24,0.0,12.75,有,
梧棲區,房地(土地+建物)+車位,臺中市梧棲區大仁路一段１６８號二樓之８,22.78,住,,,1130601,土地1建物1車位1,二層,十五層,住宅大樓(11層含以上有電梯),住家用,鋼筋混凝土造,1150427,117.53999999999999,2,2,1,有,有,9410000,94413,坡道平面,32.7,1400000,含裝潢費；預售屋、或土地及建物分件登記案件；,RPUOMLKLOHLGFFB48DA,51.2,0.0,5.71,有,
梧棲區,房地(土地+建物)+車位,臺中市梧棲區大仁路一段１６８號六樓之２,32.3,住,,,1130629,土地1建物1車位1,六層,十五層,住宅大樓(11層含以上有電梯),住家用,鋼筋混凝土造,1150427,153.72000000000003,3,2,2,有,有,11900000,86349,坡道平面,32.7,1450000,預售屋、或土地及建物分件登記案件；,RPWQMLKLOHLGFFB88DA,73.42,0.0,7.76,有,
北屯區,房地(土地+建物)+車位,臺中市北屯區豐樂北二路５０９號三樓之３,44.88,住,,,1130629,土地2建物1車位1,三層,二十二層,住宅大樓(11層含以上有電梯),住家用,鋼筋混凝土造,1150126,194.3,4,2,2,有,有,31200000,178627,坡道平面,33.07,2400000,預售屋、或土地及建物分件登記案件；,RPOPMLQLOHLGFBB18DA,95.61,0.0,10.69,有,
北區,房地(土地+建物)+車位,臺中市北區文武街３０號二樓,23.64,住,,,1130623,土地1建物1車位1,二層,五層,華廈(10層含以下有電梯),住家用,鋼筋混凝土造,1150508,91.82000000000001,2,2,2,有,有,15680000,166940,升降機械,6.58,1450000,預售屋、或土地及建物分件登記案件；,RPQPMLLJPHLGFBB77DA,55.22,0.0,5.48,有,
太平區,房地(土地+建物)+車位,臺中市太平區育才路１６９號三樓之３,21.27,住,,,1130613,土地1建物1車位1,三層,十五層,住宅大樓(11層含以上有電梯),住家用,鋼筋混凝土造,1150113,128.76,2,2,1,有,有,12750000,108923,坡道平面,28.23,1800000,預售屋、或土地及建物分件登記案件；,RPPUMLKKMHLGFJB68DA,61.3,0.0,6.53,有,
太平區,房地(土地+建物)+車位,臺中市太平區育才路１７９號十二樓之６,19.14,住,,,1130625,土地1建物1車位1,十二層,十五層,住宅大樓(11層含以上有電梯),住家用,鋼筋混凝土造,1150113,124.25999999999999,2,2,1,有,有,13680000,121629,坡道平面,28.23,2000000,預售屋、或土地及建物分件登記案件；,RPVNMLMJPHLGFJB98DA,56.27,0.0,7.06,有,
梧棲區,房地(土地+建物)+車位,臺中市梧棲區中華路二段２１０號二樓之１,17.72,住,,,1130624,土地1建物1車位1,二層,十五層,住宅大樓(11層含以上有電梯),住家用,鋼筋混凝土造,1140911,106.59,2,2,1,有,有,8200000,85795,坡道平面,25.0,1200000,預售屋、或土地及建物分件登記案件；,RPPOMLTLOHLGFFB88DA,51.11,0.0,4.81,有,
北屯區,房地(土地+建物)+車位,臺中市北屯區興安路二段９８號四樓之１,20.99,住,,,1130527,土地1建物1車位1,四層,十五層,住宅大樓(11層含以上有電梯),住家用,鋼筋混凝土造,1150507,152.32999999999998,3,2,2,有,有,17190000,120493,坡道平面,24.19,1750000,預售屋、或土地及建物分件登記案件；,RPSQMLKKOHLGFBB97DA,77.61,0.0,7.65,有,
北屯區,房地(土地+建物)+車位,臺中市北屯區興安路二段９８號七樓之２,21.37,住,,,1130519,土地1建物1車位1,七層,十五層,住宅大樓(11層含以上有電梯),住家用,鋼筋混凝土造,1150507,154.25,3,2,2,有,有,19430000,134400,坡道平面,24.19,1950000,預售屋、或土地及建物分件登記案件；,RPXQMLKKOHLGFBB48DA,77.41,0.0,9.05,有,
北屯區,房地(土地+建物)+車位,臺中市北屯區興安路二段９８號三樓之３,21.37,住,,,1130508,土地1建物1車位1,三層,十五層,住宅大樓(11層含以上有電梯),住家用,鋼筋混凝土造,1150507,148.77,3,2,2,有,有,16360000,116788,坡道機械,17.25,1000000,預售屋、或土地及建物分件登記案件；,RPRRMLKKOHLGFBB97DA,78.4,0.0,9.05,有,
北屯區,房地(土地+建物)+車位,臺中市北屯區興安路二段９８號四樓之５,21.37,住,,,1130510,土地1建物1車位1,四層,十五層,住宅大樓(11層含以上有電梯),住家用,鋼筋混凝土造,1150507,155.91,3,2,2,有,有,18500000,127184,坡道平面,25.39,1900000,預售屋、或土地及建物分件登記案件；,RPXRMLKKOHLGFBB58DA,77.61,0.0,9.2,有,
北屯區,房地(土地+建物)+車位,臺中市北屯區興安路二段９６號六樓之１,20.99,住,,,1130504,土地1建物1車位2,六層,十五層,住宅大樓(11層含以上有電梯),住家用,鋼筋混凝土造,1150507,162.63,3,2,2,有,有,17700000,124093,坡道機械,34.5,1800000,預售屋、或土地及建物分件登記案件；,RPTSMLKKOHLGFBB28DA,77.61,0.0,7.65,有,
北屯區,房地(土地+建物)+車位,臺中市北屯區興安路二段９６號四樓之３,21.37,住,,,1130510,土地1建物1車位1,四層,十五層,住宅大樓(11層含以上有電梯),住家用,鋼筋混凝土造,1150507,148.77,3,2,2,有,有,17330000,125684,坡道機械,17.25,800000,預售屋、或土地及建物分件登記案件；,RPTTMLKKOHLGFBB38DA,78.4,0.0,9.05,有,
北屯區,房地(土地+建物)+車位,臺中市北屯區興安路二段９６號二樓之５,21.37,住,,,1130512,土地1建物1車位1,二層,十五層,住宅大樓(11層含以上有電梯),住家用,鋼筋混凝土造,1150507,155.91,3,2,2,有,有,18600000,127950,坡道平面,25.39,1900000,114.04.18預售屋讓渡，讓渡關係:配偶。預售屋、或土地及建物分件登記案件；,RPOUMLKKOHLGFBB97DA,77.61,0.0,9.2,有,
梧棲區,房地(土地+建物)+車位,臺中市梧棲區大仁路一段１６８號二樓之３,30.86,住,,,1130518,土地1建物1車位1,二層,十五層,住宅大樓(11層含以上有電梯),住家用,鋼筋混凝土造,1150427,148.35000000000002,3,2,2,有,有,12500000,95979,坡道平面,32.7,1400000,含裝潢費；預售屋、或土地及建物分件登記案件；,RPQOMLKLOHLGFFB08DA,69.78,0.0,7.76,有,
梧棲區,房地(土地+建物)+車位,臺中市梧棲區大仁路一段１６８號三樓之３,30.86,住,,,1130529,土地1建物1車位1,三層,十五層,住宅大樓(11層含以上有電梯),住家用,鋼筋混凝土造,1150427,148.35000000000002,3,2,2,有,有,10490000,78599,坡道平面,32.7,1400000,轉讓日期民國114年11月13日。預售屋、或土地及建物分件登記案件；,RPOPMLKLOHLGFFB97DA,69.78,0.0,7.76,有,
梧棲區,房地(土地+建物)+車位,臺中市梧棲區大仁路一段１６８號十樓之３,30.86,住,,,1130525,土地1建物1車位1,十層,十五層,住宅大樓(11層含以上有電梯),住家用,鋼筋混凝土造,1150427,148.35000000000002,3,2,2,有,有,11500000,86468,坡道平面,32.7,1500000,預售屋、或土地及建物分件登記案件；,RPSTMLKLOHLGFFB78DA,69.78,0.0,7.76,有,
烏日區,房地(土地+建物),臺中市烏日區三榮十六路３３號,79.23,住,,,1130502,土地5建物1車位0,全,四層,透天厝,住家用,鋼筋混凝土造,1141111,209.19,4,2,4,有,無,26700000,127635,,0.0,0,預售屋、或土地及建物分件登記案件；,RPTNMLOLOHLGFIB98DA,186.7,0.0,22.2,有,
北屯區,房地(土地+建物)+車位,臺中市北屯區敦富一街３６６號九樓之２,23.83,住,,,1130510,土地1建物1車位2,九層,十七層,住宅大樓(11層含以上有電梯),住家用,鋼筋混凝土造,1150318,196.3,3,2,2,有,有,24300000,154411,坡道平面,65.48,4100000,預售屋、或土地及建物分件登記案件；,RPOOMLQLOHLGFBB08DA,78.06,0.0,8.43,有,
北區,房地(土地+建物)+車位,臺中市北區文武街３０號三樓,23.64,住,,,1130502,土地1建物1車位1,三層,五層,華廈(10層含以下有電梯),住家用,鋼筋混凝土造,1150508,100.5,2,2,2,有,有,17520000,168583,一樓平面,15.26,3150000,115/6/10車位變更協議，車位價款原190萬元，變更車位後車位價款為315萬元。預售屋、或土地及建物分件登記案件；,RPQNMLKMOHLGFBB67DA,55.22,0.0,5.48,有,
北區,房地(土地+建物)+車位,臺中市北區文武街２６號四樓,23.59,住,,,1130529,土地1建物1車位1,四層,五層,華廈(10層含以下有電梯),住家用,鋼筋混凝土造,1150508,91.7,2,2,2,有,有,15580000,167176,升降機械,6.58,1350000,預售屋、或土地及建物分件登記案件；,RPRNMLKMOHLGFBB77DA,55.22,0.0,5.36,有,
沙鹿區,房地(土地+建物)+車位,臺中市沙鹿區平等六街８９號二樓之２,31.09,住,,,1130509,土地1建物1車位1,二層,七層,華廈(10層含以下有電梯),住家用,鋼筋混凝土造,1150423,128.75,2,1,2,有,無,13550000,121491,坡道平面,33.27,1950000,預售屋、或土地及建物分件登記案件；,RPRPMLOJNHLGFFB38DA,58.85,0.0,3.85,有,
沙鹿區,房地(土地+建物)+車位,臺中市沙鹿區平等六街８９號七樓之１,31.09,住,,,1130503,土地1建物1車位1,七層,七層,華廈(10層含以下有電梯),住家用,鋼筋混凝土造,1150423,128.75,2,1,2,有,無,13900000,125157,坡道平面,33.27,1950000,預售屋、或土地及建物分件登記案件；,RPXQMLRJNHLGFFB76DA,58.85,0.0,3.85,有,
太平區,房地(土地+建物)+車位,臺中市太平區育才路１７７號五樓之５,12.76,住,,,1130503,土地1建物1車位1,五層,十五層,住宅大樓(11層含以上有電梯),住家用,鋼筋混凝土造,1150113,91.75999999999999,0,0,0,無,有,9250000,115693,坡道平面,28.23,1900000,預售屋、或土地及建物分件登記案件；,RPOUNLLMLHLGFJB88DA,36.35,0.0,5.15,有,
太平區,房地(土地+建物)+車位,臺中市太平區育才路１７３號五樓之３,32.96,住,,,1130530,土地1建物1車位2,五層,十五層,住宅大樓(11層含以上有電梯),住家用,鋼筋混凝土造,1150113,214.22,4,2,2,有,有,20230000,108584,坡道平面,55.08,2950000,預售屋、或土地及建物分件登記案件；,RPQUNLLMLHLGFJB09DA,98.88,0.0,10.0,有,
太平區,房地(土地+建物)+車位,臺中市太平區育才路１７１號十樓之１,26.58,住,,,1130525,土地1建物1車位1,十層,十五層,住宅大樓(11層含以上有電梯),住家用,鋼筋混凝土造,1150113,155.19,3,2,2,有,有,16610000,116257,坡道平面,28.23,1850000,預售屋、或土地及建物分件登記案件；,RPUNMLNLOHLGFJB09DA,76.02,0.0,9.29,有,
太平區,房地(土地+建物)+車位,臺中市太平區環中東路三段１９５號,22.33,住,,,1130518,土地1建物1車位1,一層,十五層,住宅大樓(11層含以上有電梯),其他,鋼筋混凝土造,1150113,118.41999999999999,0,0,0,無,有,14150000,134716,坡道平面,28.23,2000000,預售屋、或土地及建物分件登記案件；,RPSNMLMJPHLGFJB68DA,68.85,0.0,0.0,有,
烏日區,房地(土地+建物)+車位,臺中市烏日區日新街５６巷１號十樓之３,29.99,住,,,1130505,土地1建物1車位1,十層,十一層,住宅大樓(11層含以上有電梯),住家用,鋼筋混凝土造,1150513,150.14,3,2,2,有,有,18000000,128958,坡道平面,24.13,1750000,預售屋、或土地及建物分件登記案件；,RPTPMLOJPHLGFIB09DA,74.98,0.0,7.13,有,
太平區,房地(土地+建物)+車位,臺中市太平區育才路１７３號六樓之２,26.58,住,,,1130418,土地1建物1車位2,六層,十五層,住宅大樓(11層含以上有電梯),住家用,鋼筋混凝土造,1150113,183.62,3,2,2,有,有,17120000,112614,坡道平面,56.46,2800000,預售屋、或土地及建物分件登記案件；,RPTNMLNLOHLGFJB98DA,77.57,0.0,9.32,有,
北屯區,房地(土地+建物)+車位,臺中市北屯區興安路二段１００號六樓之５,21.74,住,,,1130428,土地1建物1車位1,六層,十四層,住宅大樓(11層含以上有電梯),住家用,鋼筋混凝土造,1150507,155.79,3,2,2,有,有,18110000,122416,坡道平面,24.19,2000000,114.12.15預售屋讓渡，讓渡關係:配偶。預售屋、或土地及建物分件登記案件；,RPOQMLKKOHLGFBB57DA,78.47,0.0,9.05,有,
北屯區,房地(土地+建物)+車位,臺中市北屯區興安路二段１００號十樓之５,21.74,住,,,1130428,土地1建物1車位1,十層,十四層,住宅大樓(11層含以上有電梯),住家用,鋼筋混凝土造,1150507,155.79,3,2,2,有,有,18710000,127356,坡道平面,24.19,1950000,114.11.08預售屋讓渡，讓渡關係:母子。預售屋、或土地及建物分件登記案件；,RPPQMLKKOHLGFBB67DA,78.47,0.0,9.05,有,
北屯區,房地(土地+建物)+車位,臺中市北屯區興安路二段１００號十二樓之５,21.74,住,,,1130427,土地1建物1車位1,十二層,十四層,住宅大樓(11層含以上有電梯),住家用,鋼筋混凝土造,1150507,155.79,3,2,2,有,有,16880000,113830,坡道平面,24.19,1900000,親友、員工、共有人或其他特殊關係間之交易；預售屋、或土地及建物分件登記案件；,RPQQMLKKOHLGFBB77DA,78.47,0.0,9.05,有,
北屯區,房地(土地+建物)+車位,臺中市北屯區興安路二段９６號十二樓之１,20.99,住,,,1130427,土地1建物1車位1,十二層,十五層,住宅大樓(11層含以上有電梯),住家用,鋼筋混凝土造,1150507,152.32999999999998,3,2,2,有,有,17490000,122054,坡道平面,24.19,1850000,114.12.20預售屋讓渡，讓渡關係:配偶。預售屋、或土地及建物分件登記案件；,RPUSMLKKOHLGFBB38DA,77.61,0.0,7.65,有,
北屯區,房地(土地+建物)+車位,臺中市北屯區興安路二段９６號七樓之３,21.37,住,,,1130424,土地1建物1車位1,七層,十五層,住宅大樓(11層含以上有電梯),住家用,鋼筋混凝土造,1150507,155.72,3,2,2,有,有,16720000,112674,坡道平面,24.19,1900000,親友、員工、共有人或其他特殊關係間之交易；預售屋、或土地及建物分件登記案件；,RPUTMLKKOHLGFBB48DA,78.4,0.0,9.05,有,
北屯區,房地(土地+建物)+車位,臺中市北屯區興安路二段９６號八樓之３,21.37,住,,,1130424,土地1建物1車位1,八層,十五層,住宅大樓(11層含以上有電梯),住家用,鋼筋混凝土造,1150507,155.72,3,2,2,有,有,16760000,112978,坡道平面,24.19,1900000,親友、員工、共有人或其他特殊關係間之交易；預售屋、或土地及建物分件登記案件；,RPVTMLKKOHLGFBB58DA,78.4,0.0,9.05,有,
北屯區,房地(土地+建物)+車位,臺中市北屯區興安路二段９６號十二樓之３,21.37,住,,,1130424,土地1建物1車位1,十二層,十五層,住宅大樓(11層含以上有電梯),住家用,鋼筋混凝土造,1150507,155.72,3,2,2,有,有,16750000,113282,坡道平面,24.19,1850000,親友、員工、共有人或其他特殊關係間之交易；預售屋、或土地及建物分件登記案件；,RPWTMLKKOHLGFBB68DA,78.4,0.0,9.05,有,
北屯區,房地(土地+建物)+車位,臺中市北屯區興安路二段９６號十四樓之３,21.37,住,,,1130427,土地1建物1車位1,十四層,十五層,住宅大樓(11層含以上有電梯),住家用,鋼筋混凝土造,1150507,155.49,3,2,2,有,有,18130000,123229,坡道平面,24.19,1950000,預售屋、或土地及建物分件登記案件；,RPXTMLKKOHLGFBB78DA,78.4,0.0,8.94,有,
北屯區,房地(土地+建物)+車位,臺中市北屯區興安路二段１００號五樓之２,26.24,住,,,1130423,土地1建物1車位1,五層,十四層,住宅大樓(11層含以上有電梯),住家用,鋼筋混凝土造,1150507,184.79,4,2,2,有,有,20000000,112080,坡道平面,24.19,2000000,114.10.21預售屋讓渡，讓渡關係:配偶。親友、員工、共有人或其他特殊關係間之交易；預售屋、或土地及建物分件登記案件；,RPQUMLKKOHLGFBB18DA,96.27,0.0,10.55,有,
梧棲區,房地(土地+建物)+車位,臺中市梧棲區大仁路一段１６８號二樓之６,21.63,住,,,1130426,土地1建物1車位1,二層,十五層,住宅大樓(11層含以上有電梯),住家用,鋼筋混凝土造,1150427,114.03999999999999,2,2,1,有,有,8610000,88640,坡道平面,32.7,1400000,含裝潢費；預售屋、或土地及建物分件登記案件；,RPSOMLKLOHLGFFB28DA,49.49,0.0,5.08,有,
梧棲區,房地(土地+建物)+車位,臺中市梧棲區大仁路一段１６８號二樓之９,21.63,住,,,1130402,土地1建物1車位1,二層,十五層,住宅大樓(11層含以上有電梯),住家用,鋼筋混凝土造,1150427,114.03999999999999,2,2,1,有,有,8620000,87534,坡道平面,32.7,1500000,含裝潢費；預售屋、或土地及建物分件登記案件；,RPVOMLKLOHLGFFB58DA,49.49,0.0,5.08,有,
梧棲區,房地(土地+建物)+車位,臺中市梧棲區大仁路一段１６８號六樓之３,30.86,住,,,1130407,土地1建物1車位1,六層,十五層,住宅大樓(11層含以上有電梯),住家用,鋼筋混凝土造,1150427,148.35000000000002,3,2,2,有,有,11100000,83441,坡道平面,32.7,1450000,預售屋、或土地及建物分件登記案件；,RPXQMLKLOHLGFFB98DA,69.78,0.0,7.76,有,
梧棲區,房地(土地+建物)+車位,臺中市梧棲區大仁路一段１６８號十三樓之２,33.45,住,,,1130424,土地1建物1車位1,十三層,十五層,住宅大樓(11層含以上有電梯),住家用,鋼筋混凝土造,1150427,158.14999999999998,3,2,2,有,有,12850000,90474,坡道平面,32.7,1500000,含裝潢費；預售屋、或土地及建物分件登記案件；,RPWUMLKLOHLGFFB66DA,73.42,0.0,10.6,有,
烏日區,房地(土地+建物),臺中市烏日區三榮十六路２５號,57.44,住,,,1130422,土地5建物1車位0,全,四層,透天厝,住家用,鋼筋混凝土造,1141111,145.73,3,2,2,有,無,22300000,153023,,0.0,0,預售屋、或土地及建物分件登記案件；,RPTRMLTKNHLGFIB07DA,121.45,0.0,23.99,無,
北屯區,房地(土地+建物)+車位,臺中市北屯區豐樂北二路５０７號五樓之５,37.86,住,,,1130421,土地2建物1車位1,五層,二十二層,住宅大樓(11層含以上有電梯),住家用,鋼筋混凝土造,1150126,168.75,3,2,2,有,有,27000000,181309,坡道平面,33.07,2400000,權利讓渡日期:115/04/29預售屋、或土地及建物分件登記案件；,RPQPMLQLOHLGFBB38DA,79.14,0.0,10.3,有,
烏日區,房地(土地+建物)+車位,臺中市烏日區日新街５６巷３號九樓之５,29.73,住,,,1130408,土地1建物1車位1,九層,十一層,住宅大樓(11層含以上有電梯),住家用,鋼筋混凝土造,1150513,152.94,3,2,2,有,有,17280000,124750,坡道平面,28.05,1700000,預售屋、或土地及建物分件登記案件；,RPRTMLOJPHLGFIB66DA,73.8,0.0,7.58,有,
烏日區,房地(土地+建物)+車位,臺中市烏日區日新街５６巷１號十樓之５,29.99,住,,,1130408,土地1建物1車位1,十層,十一層,住宅大樓(11層含以上有電梯),住家用,鋼筋混凝土造,1150513,158.55,3,2,2,有,有,17580000,124435,坡道平面,32.54,1900000,預售屋、或土地及建物分件登記案件；,RPQUMLOJPHLGFIB66DA,74.98,0.0,7.13,有,
梧棲區,房地(土地+建物)+車位,臺中市梧棲區信義街１５２號四樓之２,19.8,住,,,1130303,土地1建物1車位1,四層,五層,華廈(10層含以下有電梯),住家用,鋼筋混凝土造,1150313,64.68,2,2,1,有,有,5980000,91842,升降機械,7.19,700000,預售屋、或土地及建物分件登記案件；,RPWPMLLJOHLGFFB68DA,42.86,0.0,3.23,有,
梧棲區,房地(土地+建物)+車位,臺中市梧棲區文心街２１巷８５號六樓之３,27.69,住,,,1130319,土地1建物1車位1,六層,六層,華廈(10層含以下有電梯),住家用,鋼筋混凝土造,1150212,98.92,2,1,2,有,有,8680000,91346,坡道機械,11.56,700000,113/03/25加購車位70萬元整預售屋、或土地及建物分件登記案件；,RPVOMLRKOHLGFFB56DA,55.79,0.0,3.54,有,
梧棲區,房地(土地+建物)+車位,臺中市梧棲區文心街２１巷８３號三樓之１,29.85,住,,,1130311,土地1建物1車位1,三層,六層,華廈(10層含以下有電梯),住家用,鋼筋混凝土造,1150212,106.19999999999999,2,1,2,有,有,8900000,84003,坡道機械,11.56,950000,預售屋、或土地及建物分件登記案件；,RPVOMLOLOHLGFFB98DA,56.09,0.0,8.32,有,
梧棲區,房地(土地+建物)+車位,臺中市梧棲區大仁路一段１６８號二樓之５,21.34,住,,,1130302,土地1建物1車位1,二層,十五層,住宅大樓(11層含以上有電梯),住家用,鋼筋混凝土造,1150427,112.44,2,2,1,有,有,8500000,89666,坡道平面,32.7,1350000,含裝潢費；預售屋、或土地及建物分件登記案件；,RPROMLKLOHLGFFB18DA,48.69,0.0,4.85,有,
梧棲區,房地(土地+建物)+車位,臺中市梧棲區大仁路一段１６８號五樓之３,30.86,住,,,1130321,土地1建物1車位1,五層,十五層,住宅大樓(11層含以上有電梯),住家用,鋼筋混凝土造,1150427,148.35000000000002,3,2,2,有,有,10930000,81539,坡道平面,32.7,1500000,預售屋、或土地及建物分件登記案件；,RPPNMLLLOHLGFFB97DA,69.78,0.0,7.76,有,
沙鹿區,房地(土地+建物)+車位,臺中市沙鹿區平等六街８７號二樓之２,25.22,住,,,1130301,土地1建物1車位1,二層,七層,華廈(10層含以下有電梯),住家用,鋼筋混凝土造,1150423,110.25,2,1,1,有,無,10900000,116264,坡道平面,33.27,1950000,預售屋、或土地及建物分件登記案件；,RPVOMLOJNHLGFFB68DA,46.79,0.0,3.83,有,
沙鹿區,房地(土地+建物)+車位,臺中市沙鹿區平等六街８７號五樓之３,25.22,住,,,1130320,土地1建物1車位1,五層,七層,華廈(10層含以下有電梯),住家用,鋼筋混凝土造,1150423,110.32,2,1,1,有,無,11400000,122648,坡道平面,33.27,1950000,預售屋、或土地及建物分件登記案件；,RPUSMLOJNHLGFFB98DA,46.79,0.0,3.82,有,
沙鹿區,房地(土地+建物)+車位,臺中市沙鹿區平等六街８５號四樓之６,40.02,住,,,1130312,土地1建物1車位2,四層,七層,華廈(10層含以下有電梯),住家用,鋼筋混凝土造,1150423,189.54000000000002,3,1,2,有,無,17880000,113659,坡道平面,66.54,3900000,預售屋、或土地及建物分件登記案件；,RPSNMLPLOHLGFFB68DA,76.84,0.0,3.94,有,
烏日區,房地(土地+建物)+車位,臺中市烏日區日新街５６巷３號四樓之２,32.07,住,,,1130311,土地1建物1車位1,四層,十一層,住宅大樓(11層含以上有電梯),住家用,鋼筋混凝土造,1150513,159.4,3,2,2,有,有,17360000,116397,坡道平面,25.29,1750000,預售屋、或土地及建物分件登記案件；,RPSRMLOJPHLGFIB56DA,80.26,0.0,7.13,有,
烏日區,房地(土地+建物)+車位,臺中市烏日區日新街５６巷３號八樓之３,29.73,住,,,1130307,土地1建物1車位1,八層,十一層,住宅大樓(11層含以上有電梯),住家用,鋼筋混凝土造,1150513,151.39999999999998,3,2,2,有,有,16890000,120026,坡道平面,26.51,1900000,預售屋、或土地及建物分件登記案件；,RPTSMLOJPHLGFIB76DA,73.8,0.0,7.58,有,
烏日區,房地(土地+建物)+車位,臺中市烏日區日新街５６巷１號九樓之２,32.86,住,,,1130322,土地1建物1車位2,九層,十一層,住宅大樓(11層含以上有電梯),住家用,鋼筋混凝土造,1150513,187.82,3,2,2,有,有,19950000,119134,坡道平面,50.58,3600000,預售屋、或土地及建物分件登記案件；,RPOUMLOJPHLGFIB09DA,81.91,0.0,7.52,有,
南屯區,房地(土地+建物)+車位,臺中市南屯區建功路６７號七樓之１,19.97,住,,,1130203,土地1建物1車位2,七層,二十三層,住宅大樓(11層含以上有電梯),住家用,鋼筋混凝土造,1141226,221.63,4,2,2,有,有,22300000,113375,坡道平面,52.28,3100000,預售屋、或土地及建物分件登記案件；,RPWUMLOLOHLGFCB76DA,102.97,0.0,13.32,有,
梧棲區,房地(土地+建物)+車位,臺中市梧棲區大仁路一段１６８號四樓之３,30.86,住,,,1130219,土地1建物1車位1,四層,十五層,住宅大樓(11層含以上有電梯),住家用,鋼筋混凝土造,1150427,148.35000000000002,3,2,2,有,有,10330000,76783,坡道平面,32.7,1450000,預售屋、或土地及建物分件登記案件；,RPUPMLKLOHLGFFB58DA,69.78,0.0,7.76,有,
梧棲區,房地(土地+建物)+車位,臺中市梧棲區大仁路一段１６８號十樓之２,32.3,住,,,1130221,土地1建物1車位1,十層,十五層,住宅大樓(11層含以上有電梯),住家用,鋼筋混凝土造,1150427,153.72000000000003,3,2,2,有,有,12240000,88746,坡道平面,32.7,1500000,預售屋、或土地及建物分件登記案件；,RPRTMLKLOHLGFFB68DA,73.42,0.0,7.76,有,
梧棲區,房地(土地+建物)+車位,臺中市梧棲區大仁路一段１６８號十四樓之３,30.86,住,,,1130225,土地1建物1車位1,十四層,十五層,住宅大樓(11層含以上有電梯),住家用,鋼筋混凝土造,1150427,148.35000000000002,3,2,2,有,有,11510000,86987,坡道平面,32.7,1450000,含裝潢費；預售屋、或土地及建物分件登記案件；,RPRVMLKLOHLGFFB88DA,69.78,0.0,7.76,有,
梧棲區,房地(土地+建物)+車位,臺中市梧棲區大仁路一段１６８號十五樓之３,30.86,住,,,1130224,土地1建物1車位1,十五層,十五層,住宅大樓(11層含以上有電梯),住家用,鋼筋混凝土造,1150427,148.35000000000002,3,2,2,有,有,11510000,86987,坡道平面,32.7,1450000,含裝潢費；預售屋、或土地及建物分件登記案件；,RPXVMLKLOHLGFFB86DA,69.78,0.0,7.76,有,
北屯區,房地(土地+建物)+車位,臺中市北屯區南興北一路１１６號三樓之２,14.66,住,,,1130206,土地1建物1車位1,三層,十七層,住宅大樓(11層含以上有電梯),住家用,鋼筋混凝土造,1150205,125.43,2,2,1,有,有,15350000,149704,坡道平面,34.25,1700000,114年6月7日權利讓渡預售屋、或土地及建物分件登記案件；,RPSNMLPKOHLGFBB18DA,55.06,0.0,4.67,有,
北屯區,房地(土地+建物)+車位,臺中市北屯區南興北一路１１６號十七樓之３,14.66,住,,,1130224,土地1建物1車位1,十七層,十七層,住宅大樓(11層含以上有電梯),住家用,鋼筋混凝土造,1150205,125.43,2,2,1,有,有,15850000,152994,坡道平面,34.25,1900000,預售屋、或土地及建物分件登記案件；,RPPNMLMLOHLGFBB67DA,55.06,0.0,4.67,有,
沙鹿區,房地(土地+建物)+車位,臺中市沙鹿區平等六街８５號四樓之５,31.34,住,,,1130221,土地1建物1車位1,四層,七層,華廈(10層含以下有電梯),住家用,鋼筋混凝土造,1150423,129.76,2,1,2,有,無,13000000,114520,坡道平面,33.27,1950000,預售屋、或土地及建物分件登記案件；,RPXQMLOJNHLGFFB09DA,59.53,0.0,3.85,有,
沙鹿區,房地(土地+建物)+車位,臺中市沙鹿區平等六街８７號七樓之６,28.35,住,,,1130223,土地1建物1車位1,七層,七層,華廈(10層含以下有電梯),住家用,鋼筋混凝土造,1150423,120.55000000000001,2,1,1,有,無,12150000,116865,坡道平面,33.27,1950000,預售屋、或土地及建物分件登記案件；,RPTQMLRJNHLGFFB98DA,54.21,0.0,3.13,有,
太平區,房地(土地+建物)+車位,臺中市太平區育才路１７７號七樓之７,19.14,住,,,1130207,土地1建物1車位1,七層,十五層,住宅大樓(11層含以上有電梯),住家用,鋼筋混凝土造,1150113,124.68,2,2,1,有,有,12390000,109798,坡道平面,28.23,1800000,預售屋、或土地及建物分件登記案件；,RPUNMLMJPHLGFJB88DA,56.0,0.0,7.06,有,
太平區,房地(土地+建物)+車位,臺中市太平區育才路１６９號十一樓之１,37.22,住,,,1130120,土地1建物1車位3,十一層,十五層,住宅大樓(11層含以上有電梯),住家用,鋼筋混凝土造,1150113,263.44,4,2,3,有,有,23210000,108587,坡道平面,84.69,3800000,預售屋、或土地及建物分件登記案件；,RPRNMLNLOHLGFJB78DA,108.93,0.0,11.65,有,
梧棲區,房地(土地+建物)+車位,臺中市梧棲區文心街２１巷８５號五樓之２,27.63,住,,,1130123,土地1建物1車位1,五層,六層,華廈(10層含以下有電梯),住家用,鋼筋混凝土造,1150212,110.94,2,1,2,有,有,9250000,89521,坡道平面,23.81,1450000,預售屋、或土地及建物分件登記案件；,RPXNMLNLOHLGFFB98DA,55.65,0.0,3.54,有,
南屯區,房地(土地+建物)+車位,臺中市南屯區建功路６９號二十一樓之８,14.6,住,,,1130104,土地1建物1車位1,二十一層,二十三層,住宅大樓(11層含以上有電梯),住家用,鋼筋混凝土造,1141226,158.16000000000003,3,2,2,有,有,16690000,112862,坡道平面,26.14,1790000,親友、員工、共有人或其他特殊關係間之交易；預售屋、或土地及建物分件登記案件；,RPUPMLKKOHLGFCB18DA,72.91,0.0,13.74,有,
南屯區,房地(土地+建物)+車位,臺中市南屯區建功路６９號十七樓之１,14.6,住,,,1130117,土地1建物1車位1,十七層,二十三層,住宅大樓(11層含以上有電梯),住家用,鋼筋混凝土造,1141226,158.44,3,2,2,有,有,17770000,120333,坡道平面,26.14,1850000,預售屋、或土地及建物分件登記案件；,RPWOMLSKOHLGFCB09DA,75.35,0.0,11.58,有,
北屯區,房地(土地+建物)+車位,臺中市北屯區豐樂北二路５０９號十八樓之１,37.86,住,,,1130129,土地2建物1車位1,十八層,二十二層,住宅大樓(11層含以上有電梯),住家用,鋼筋混凝土造,1150126,169.51,3,2,2,有,有,27880000,185952,坡道平面,33.83,2650000,權利讓渡日期:115/02/06預售屋、或土地及建物分件登記案件；,RPTPMLQLOHLGFBB68DA,79.14,0.0,10.3,有,
沙鹿區,房地(土地+建物)+車位,臺中市沙鹿區平等六街８９號六樓之１,31.09,住,,,1130113,土地1建物1車位1,六層,七層,華廈(10層含以下有電梯),住家用,鋼筋混凝土造,1150423,128.75,2,1,2,有,無,13100000,118873,坡道平面,33.27,1750000,預售屋、或土地及建物分件登記案件；,RPXUMLOJNHLGFFB86DA,58.85,0.0,3.85,有,
北屯區,房地(土地+建物)+車位,臺中市北屯區河北一街１９７號十樓之３,32.74,住,,,1130128,土地2建物1車位1,十層,十四層,住宅大樓(11層含以上有電梯),住家用,鋼筋混凝土造,1150128,157.43,3,2,2,有,有,25600000,177958,坡道平面,26.5,2300000,預售屋、或土地及建物分件登記案件；,RPPNNLMLOHLGFBB77DA,78.62,0.0,6.88,有,
北屯區,房地(土地+建物)+車位,臺中市北屯區河北一街１９９號十一樓之５,29.69,住,,,1130128,土地2建物1車位1,十一層,十四層,住宅大樓(11層含以上有電梯),住家用,鋼筋混凝土造,1150128,145.1,3,2,2,有,有,22780000,172681,坡道平面,26.5,2300000,預售屋、或土地及建物分件登記案件；,RPOQMLPLOHLGFBB18DA,71.24,0.0,6.23,有,
北屯區,房地(土地+建物)+車位,臺中市北屯區崇德二路二段２６６號二十二樓之２,18.26,商,,,1121217,土地1建物1車位1,二十二層,二十二層,住宅大樓(11層含以上有電梯),住家用,鋼筋混凝土造,1150121,157.74,3,2,2,有,有,27200000,187505,坡道平面,29.21,3100000,預售屋、或土地及建物分件登記案件；,RPWOMLPLOHLGFBB78DA,76.53,0.0,8.48,有,
南屯區,房地(土地+建物)+車位,臺中市南屯區建功路６９號四樓之５,13.83,住,,,1121217,土地1建物1車位1,四層,二十三層,住宅大樓(11層含以上有電梯),住家用,鋼筋混凝土造,1141226,148.3,3,2,2,有,有,15030000,110347,坡道平面,26.14,1550000,預售屋、或土地及建物分件登記案件；,RPPPMLKKOHLGFCB67DA,72.39,0.0,7.86,有,
南屯區,房地(土地+建物)+車位,臺中市南屯區建功路６５號十四樓之５,13.83,住,,,1121203,土地1建物1車位1,十四層,二十三層,住宅大樓(11層含以上有電梯),住家用,鋼筋混凝土造,1141226,148.3,3,2,2,有,有,15400000,112148,坡道平面,26.14,1700000,預售屋、或土地及建物分件登記案件；,RPXPMLKKOHLGFCB48DA,72.39,0.0,7.86,有,
南屯區,房地(土地+建物)+車位,臺中市南屯區建功路６５號十三樓之１,14.6,住,,,1121201,土地1建物1車位1,十三層,二十三層,住宅大樓(11層含以上有電梯),住家用,鋼筋混凝土造,1141226,159.31,3,2,2,有,有,16700000,113249,坡道平面,27.3,1750000,預售屋、或土地及建物分件登記案件；,RPPUMLQKOHLGFCB78DA,72.91,0.0,13.74,有,
南屯區,房地(土地+建物)+車位,臺中市南屯區建功路６５號十九樓之２,10.75,住,,,1121209,土地1建物1車位1,十九層,二十三層,住宅大樓(11層含以上有電梯),住家用,鋼筋混凝土造,1141226,123.55000000000001,2,2,1,有,有,13130000,115799,坡道平面,26.14,1850000,預售屋、或土地及建物分件登記案件；,RPQUMLQKOHLGFCB88DA,57.83,0.0,6.13,有,
南屯區,房地(土地+建物)+車位,臺中市南屯區建功路６５號三樓之８,14.6,住,,,1121231,土地1建物1車位1,三層,二十三層,住宅大樓(11層含以上有電梯),住家用,鋼筋混凝土造,1141226,158.82,3,2,2,有,有,16610000,111245,坡道平面,26.14,1850000,預售屋、或土地及建物分件登記案件；,RPTUMLQKOHLGFCB56DA,75.35,0.0,11.58,有,
南屯區,房地(土地+建物)+車位,臺中市南屯區建功路６９號九樓之１,14.6,住,,,1121220,土地1建物1車位1,九層,二十三層,住宅大樓(11層含以上有電梯),住家用,鋼筋混凝土造,1141226,158.44,3,2,2,有,有,16980000,115495,坡道平面,26.14,1700000,預售屋、或土地及建物分件登記案件；,RPVPMLSKOHLGFCB09DA,75.35,0.0,11.58,有,
南屯區,房地(土地+建物)+車位,臺中市南屯區建功路６５號五樓之５,13.83,住,,,1121224,土地1建物1車位1,五層,二十三層,住宅大樓(11層含以上有電梯),住家用,鋼筋混凝土造,1141226,148.3,3,2,2,有,有,15000000,110102,坡道平面,26.14,1550000,預售屋、或土地及建物分件登記案件；,RPRWMLMLOHLGFCB88DA,72.39,0.0,7.86,有,
梧棲區,房地(土地+建物)+車位,臺中市梧棲區大仁路一段１６８號八樓之８,22.78,住,,,1121209,土地1建物1車位1,八層,十五層,住宅大樓(11層含以上有電梯),住家用,鋼筋混凝土造,1150427,117.53999999999999,2,2,1,有,有,8860000,86752,坡道平面,32.7,1500000,含裝潢費；預售屋、或土地及建物分件登記案件；,RPRSMLKLOHLGFFB58DA,51.2,0.0,5.71,有,
梧棲區,房地(土地+建物)+車位,臺中市梧棲區大仁路一段１６８號十五樓之１,32.3,住,,,1121227,土地1建物1車位1,十五層,十五層,住宅大樓(11層含以上有電梯),住家用,鋼筋混凝土造,1150427,153.72000000000003,3,2,2,有,有,12320000,89820,坡道平面,32.7,1450000,轉讓日期民國113年12月13日。含裝潢費；預售屋、或土地及建物分件登記案件；,RPWVMLKLOHLGFFB76DA,73.42,0.0,7.76,有,
沙鹿區,房地(土地+建物)+車位,臺中市沙鹿區平等六街８７號五樓之９,37.28,住,,,1121220,土地1建物1車位1,五層,七層,華廈(10層含以下有電梯),住家用,鋼筋混凝土造,1150423,148.01999999999998,3,1,2,有,無,14880000,112680,坡道平面,33.27,1950000,預售屋、或土地及建物分件登記案件；,RPPTMLOJNHLGFFB58DA,71.44,0.0,3.94,有,
太平區,房地(土地+建物)+車位,臺中市太平區育才路１６９號十五樓之２,37.22,住,,,1121211,土地1建物1車位2,十五層,十五層,住宅大樓(11層含以上有電梯),住家用,鋼筋混凝土造,1150113,235.22,4,2,3,有,有,22690000,110148,坡道平面,56.46,3000000,預售屋、或土地及建物分件登記案件；,RPUPNLLMLHLGFJB98DA,108.93,0.0,11.65,有,
太平區,房地(土地+建物)+車位,臺中市太平區育才路１７１號十五樓之１,26.58,住,,,1121211,土地1建物1車位2,十五層,十五層,住宅大樓(11層含以上有電梯),住家用,鋼筋混凝土造,1150113,183.42000000000002,3,2,2,有,有,17270000,112398,坡道平面,56.46,3000000,預售屋、或土地及建物分件登記案件；,RPQOMLLJMHLGFJB18DA,76.02,0.0,9.29,有,
太平區,房地(土地+建物)+車位,臺中市太平區育才路１７１號十五樓之２,26.58,住,,,1121211,土地1建物1車位2,十五層,十五層,住宅大樓(11層含以上有電梯),住家用,鋼筋混凝土造,1150113,183.42000000000002,3,2,2,有,有,16890000,109405,坡道平面,56.46,3000000,預售屋、或土地及建物分件登記案件；,RPTNMLMJPHLGFJB78DA,76.02,0.0,9.29,有,
烏日區,房地(土地+建物)+車位,臺中市烏日區日新街５６巷３號十樓之１,32.07,住,,,1121226,土地1建物1車位2,十層,十一層,住宅大樓(11層含以上有電梯),住家用,鋼筋混凝土造,1150513,184.55,3,2,2,有,有,19460000,120624,坡道平面,50.58,3300000,預售屋、或土地及建物分件登記案件；,RPPRMLOJPHLGFIB88DA,80.19,0.0,7.13,有,
梧棲區,房地(土地+建物)+車位,臺中市梧棲區文心街２１巷８５號四樓之１,30.06,住,,,1121128,土地1建物1車位1,四層,六層,華廈(10層含以下有電梯),住家用,鋼筋混凝土造,1150212,118.63,2,1,2,有,有,9480000,84687,坡道平面,23.81,1450000,預售屋、或土地及建物分件登記案件；,RPOOMLOLOHLGFFB28DA,56.09,0.0,8.32,有,
南屯區,房地(土地+建物)+車位,臺中市南屯區建功路６９號六樓之７,10.75,住,,,1121126,土地1建物1車位1,六層,二十三層,住宅大樓(11層含以上有電梯),住家用,鋼筋混凝土造,1141226,123.55000000000001,2,2,1,有,有,12460000,112001,坡道平面,26.14,1550000,預售屋、或土地及建物分件登記案件；,RPTPMLKKOHLGFCB08DA,57.83,0.0,6.13,有,
南屯區,房地(土地+建物)+車位,臺中市南屯區建功路６５號七樓之３,13.83,住,,,1121105,土地1建物1車位1,七層,二十三層,住宅大樓(11層含以上有電梯),住家用,鋼筋混凝土造,1141226,148.74,3,2,2,有,有,15030000,108728,坡道平面,26.14,1700000,預售屋、或土地及建物分件登記案件；,RPPPMLPKOHLGFCB18DA,72.05,0.0,8.26,有,
南屯區,房地(土地+建物)+車位,臺中市南屯區建功路６９號二十樓之３,11.52,住,,,1121104,土地1建物1車位1,二十層,二十三層,住宅大樓(11層含以上有電梯),住家用,鋼筋混凝土造,1141226,126.9,2,2,1,有,有,13250000,114629,坡道平面,26.14,1700000,預售屋、或土地及建物分件登記案件；,RPPTMLQKOHLGFCB68DA,60.67,0.0,5.49,有,
南屯區,房地(土地+建物)+車位,臺中市南屯區建功路６９號二十二樓之５,13.83,住,,,1121119,土地1建物1車位1,二十二層,二十三層,住宅大樓(11層含以上有電梯),住家用,鋼筋混凝土造,1141226,148.3,3,2,2,有,有,15220000,111902,坡道平面,26.14,1550000,預售屋、或土地及建物分件登記案件；,RPRTMLQKOHLGFCB88DA,72.39,0.0,7.86,有,
南屯區,房地(土地+建物)+車位,臺中市南屯區建功路６９號十九樓之５,13.83,住,,,1121118,土地1建物1車位1,十九層,二十三層,住宅大樓(11層含以上有電梯),住家用,鋼筋混凝土造,1141226,148.3,3,2,2,有,有,15300000,112557,坡道平面,26.14,1550000,預售屋、或土地及建物分件登記案件；,RPXTMLQKOHLGFCB86DA,72.39,0.0,7.86,有,
南屯區,房地(土地+建物)+車位,臺中市南屯區建功路６５號二樓之１,14.6,住,,,1121118,土地1建物1車位2,二層,二十三層,住宅大樓(11層含以上有電梯),住家用,鋼筋混凝土造,1141226,184.3,3,2,2,有,有,17650000,110211,坡道平面,52.28,3100000,預售屋、或土地及建物分件登記案件；,RPOUMLQKOHLGFCB68DA,72.91,0.0,13.74,有,
南屯區,房地(土地+建物)+車位,臺中市南屯區建功路６５號三樓之６,11.52,住,,,1121104,土地1建物1車位1,三層,二十三層,住宅大樓(11層含以上有電梯),住家用,鋼筋混凝土造,1141226,126.9,2,2,1,有,有,12360000,107285,坡道平面,26.14,1550000,預售屋、或土地及建物分件登記案件；,RPRUMLQKOHLGFCB98DA,60.67,0.0,5.49,有,
南屯區,房地(土地+建物)+車位,臺中市南屯區建功路６５號二十一樓之８,14.6,住,,,1121126,土地1建物1車位1,二十一層,二十三層,住宅大樓(11層含以上有電梯),住家用,鋼筋混凝土造,1141226,158.82,3,2,2,有,有,16310000,111245,坡道平面,26.14,1550000,預售屋、或土地及建物分件登記案件；,RPUUMLQKOHLGFCB66DA,75.35,0.0,11.58,有,
南屯區,房地(土地+建物)+車位,臺中市南屯區建功路６９號三樓之５,13.83,住,,,1121104,土地1建物1車位1,三層,二十三層,住宅大樓(11層含以上有電梯),住家用,鋼筋混凝土造,1141226,148.3,3,2,2,有,有,14700000,107646,坡道平面,26.14,1550000,預售屋、或土地及建物分件登記案件；,RPXOMLSKOHLGFCB56DA,72.39,0.0,7.86,有,
南屯區,房地(土地+建物)+車位,臺中市南屯區建功路６９號二十一樓之７,10.75,住,,,1121127,土地1建物1車位1,二十一層,二十三層,住宅大樓(11層含以上有電梯),住家用,鋼筋混凝土造,1141226,123.55000000000001,2,2,1,有,有,12850000,116005,坡道平面,26.14,1550000,預售屋、或土地及建物分件登記案件；,RPUQMLSKOHLGFCB09DA,57.83,0.0,6.13,有,
梧棲區,房地(土地+建物)+車位,臺中市梧棲區大仁路一段１６８號二樓之７,22.78,住,,,1121108,土地1建物1車位1,二層,十五層,住宅大樓(11層含以上有電梯),住家用,鋼筋混凝土造,1150427,117.53999999999999,2,2,1,有,有,8760000,87341,坡道平面,32.7,1350000,含裝潢費；預售屋、或土地及建物分件登記案件；,RPTOMLKLOHLGFFB38DA,51.2,0.0,5.71,有,
西屯區,房地(土地+建物)+車位,臺中市西屯區青海路二段４５９號,41.79,住,,,1121130,土地1建物1車位2,一層，二層,十五層,住宅大樓(11層含以上有電梯),商業用,鋼筋混凝土造,1141216,279.56,1,0,2,有,有,56350000,235072,坡道平面,59.84,4700000,預售屋、或土地及建物分件登記案件；,RPWTMLOLOHLGFCB66DA,157.41,0.0,7.24,有,
北屯區,房地(土地+建物)+車位,臺中市北屯區敦仁街１１７號五樓,81.33,住,,,1121120,土地1建物1車位2,五層,六層,華廈(10層含以下有電梯),住家用,鋼筋混凝土造,1150112,282.89,0,0,0,無,有,38800000,150590,坡道平面,58.44,5000000,車位總價中，無法拆分個別車位價格預售屋、或土地及建物分件登記案件；,RPOPMLMJPHLGFBB67DA,134.69,0.0,11.34,有,
沙鹿區,房地(土地+建物)+車位,臺中市沙鹿區平等六街８５號五樓之３,31.38,住,,,1121115,土地1建物1車位1,五層,七層,華廈(10層含以下有電梯),住家用,鋼筋混凝土造,1150423,129.78,2,1,2,有,無,13050000,117086,坡道平面,33.27,1750000,預售屋、或土地及建物分件登記案件；,RPRSMLOJNHLGFFB68DA,59.55,0.0,3.85,有,
沙鹿區,房地(土地+建物)+車位,臺中市沙鹿區光華路５３６號六樓之２,28.35,住,,,1121109,土地2建物1車位1,六層,八層,華廈(10層含以下有電梯),住家用,鋼筋混凝土造,1150121,127.57,3,2,2,有,有,12260000,107420,坡道平面,29.73,1750000,預售屋、或土地及建物分件登記案件；,RPSNMLRLNHLGFFB78DA,58.71,0.0,5.53,有,
太平區,房地(土地+建物)+車位,臺中市太平區育才路１７９號二樓之１,19.14,住,,,1121128,土地1建物1車位1,二層,十五層,住宅大樓(11層含以上有電梯),住家用,鋼筋混凝土造,1150113,125.02000000000001,2,2,2,有,有,11470000,99907,坡道平面,28.23,1800000,預售屋、或土地及建物分件登記案件；,RPVPNLLMLHLGFJB09DA,56.68,0.0,7.06,有,
太平區,房地(土地+建物)+車位,臺中市太平區育才路１７９號四樓之２,19.14,住,,,1121127,土地1建物1車位1,四層,十五層,住宅大樓(11層含以上有電梯),住家用,鋼筋混凝土造,1150113,125.07,2,2,2,有,有,11580000,100991,坡道平面,28.23,1800000,預售屋、或土地及建物分件登記案件；,RPROMLKKMHLGFJB28DA,56.73,0.0,7.06,有,
烏日區,房地(土地+建物)+車位,臺中市烏日區日新街５６巷３號十樓之５,29.73,住,,,1121102,土地1建物1車位2,十層,十一層,住宅大樓(11層含以上有電梯),住家用,鋼筋混凝土造,1150513,175.47,3,2,2,有,有,18520000,121067,坡道平面,50.58,3400000,預售屋、或土地及建物分件登記案件；,RPSTMLOJPHLGFIB76DA,73.8,0.0,7.58,有,
梧棲區,房地(土地+建物)+車位,臺中市梧棲區大仁路一段１６８號三樓之５,21.34,住,,,1121021,土地1建物1車位1,三層,十五層,住宅大樓(11層含以上有電梯),住家用,鋼筋混凝土造,1150427,112.44,2,2,1,有,有,8160000,82894,坡道平面,32.7,1550000,含裝潢費；預售屋、或土地及建物分件登記案件；,RPPPMLKLOHLGFFB08DA,48.69,0.0,4.85,有,
梧棲區,房地(土地+建物)+車位,臺中市梧棲區大仁路一段１６８號六樓之８,22.78,住,,,1121013,土地1建物1車位1,六層,十五層,住宅大樓(11層含以上有電梯),住家用,鋼筋混凝土造,1150427,117.53999999999999,2,2,1,有,有,8750000,85455,坡道平面,32.7,1500000,含裝潢費；預售屋、或土地及建物分件登記案件；,RPQRMLKLOHLGFFB38DA,51.2,0.0,5.71,有,
梧棲區,房地(土地+建物)+車位,臺中市梧棲區大仁路一段１６８號七樓之８,22.78,住,,,1121007,土地1建物1車位1,七層,十五層,住宅大樓(11層含以上有電梯),住家用,鋼筋混凝土造,1150427,117.53999999999999,2,2,1,有,有,8800000,86044,坡道平面,32.7,1500000,含裝潢費；預售屋、或土地及建物分件登記案件；,RPXRMLKLOHLGFFB09DA,51.2,0.0,5.71,有,
梧棲區,房地(土地+建物)+車位,臺中市梧棲區大仁路一段１６８號八樓之５,21.34,住,,,1121013,土地1建物1車位1,八層,十五層,住宅大樓(11層含以上有電梯),住家用,鋼筋混凝土造,1150427,112.44,2,2,1,有,有,8420000,87409,坡道平面,32.7,1450000,含裝潢費；預售屋、或土地及建物分件登記案件；,RPPSMLKLOHLGFFB38DA,48.69,0.0,4.85,有,
梧棲區,房地(土地+建物)+車位,臺中市梧棲區大仁路一段１６８號十二樓之１,1.46,住,,,1121002,土地1建物1車位1,十二層,十五層,住宅大樓(11層含以上有電梯),住家用,鋼筋混凝土造,1150427,153.72000000000003,3,2,2,有,有,12250000,89655,坡道平面,32.7,1400000,含裝潢費；預售屋、或土地及建物分件登記案件；,RPQUMLKLOHLGFFB68DA,73.42,0.0,7.76,有,
西屯區,房地(土地+建物),臺中市西屯區安和路１９之１５號,102.77,農,,,1121002,土地2建物1車位0,全,四層,透天厝,住家用,鋼筋混凝土造,1150108,285.86,4,3,5,有,有,35000000,122438,,0.0,0,民國115年3月15日買受人間讓渡，讓渡金額不變預售屋、或土地及建物分件登記案件；,RPUNMLOJOHLGFCB28DA,270.83,0.0,14.66,無,
沙鹿區,房地(土地+建物)+車位,臺中市沙鹿區平等六街８７號七樓之１,37.28,住,,,1121014,土地1建物1車位1,七層,七層,華廈(10層含以下有電梯),住家用,鋼筋混凝土造,1150423,148.01999999999998,3,1,2,有,無,14930000,114858,坡道平面,33.27,1750000,預售屋、或土地及建物分件登記案件；,RPPQMLRJNHLGFFB58DA,71.44,0.0,3.94,有,
烏日區,房地(土地+建物)+車位,臺中市烏日區日新街５６巷１號四樓之１,32.86,住,,,1121026,土地1建物1車位1,四層,十一層,住宅大樓(11層含以上有電梯),住家用,鋼筋混凝土造,1150513,161.5,3,2,2,有,有,16700000,109922,坡道平面,24.13,1600000,預售屋、或土地及建物分件登記案件；,RPSNMLOJPHLGFIB78DA,81.97,0.0,7.52,有,
梧棲區,房地(土地+建物)+車位,臺中市梧棲區大仁路一段１６８號五樓之２,32.3,住,,,1120924,土地1建物1車位1,五層,十五層,住宅大樓(11層含以上有電梯),住家用,鋼筋混凝土造,1150427,153.72000000000003,3,2,2,有,有,11740000,85440,坡道平面,32.7,1400000,預售屋、或土地及建物分件登記案件；,RPPQMLKLOHLGFFB18DA,73.42,0.0,7.76,有,
梧棲區,房地(土地+建物)+車位,臺中市梧棲區大仁路一段１６８號六樓之７,22.78,住,,,1120916,土地1建物1車位1,六層,十五層,住宅大樓(11層含以上有電梯),住家用,鋼筋混凝土造,1150427,117.53999999999999,2,2,1,有,有,8600000,84276,坡道平面,32.7,1450000,含裝潢費；預售屋、或土地及建物分件登記案件；,RPPRMLKLOHLGFFB28DA,51.2,0.0,5.71,有,
梧棲區,房地(土地+建物)+車位,臺中市梧棲區大仁路一段１６８號十二樓之２,1.46,住,,,1120909,土地1建物1車位1,十二層,十五層,住宅大樓(11層含以上有電梯),住家用,鋼筋混凝土造,1150427,153.72000000000003,3,2,2,有,有,12310000,90564,坡道平面,32.7,1350000,含裝潢費；預售屋、或土地及建物分件登記案件；,RPRUMLKLOHLGFFB78DA,73.42,0.0,7.76,有,
北屯區,房地(土地+建物)+車位,臺中市北屯區南興北一路１１８號十四樓之５,14.66,住,,,1120915,土地1建物1車位1,十四層,十七層,住宅大樓(11層含以上有電梯),住家用,鋼筋混凝土造,1150205,125.43,2,2,1,有,有,14430000,141807,坡道平面,34.25,1500000,預售屋、或土地及建物分件登記案件；,RPTNMLPKOHLGFBB28DA,55.06,0.0,4.67,有,
沙鹿區,房地(土地+建物)+車位,臺中市沙鹿區平等六街８７號二樓之１,37.28,住,,,1120922,土地1建物1車位1,二層,七層,華廈(10層含以下有電梯),住家用,鋼筋混凝土造,1150423,147.94,3,1,2,有,無,14500000,109444,坡道平面,33.27,1950000,預售屋、或土地及建物分件登記案件；,RPUOMLOJNHLGFFB58DA,71.44,0.0,3.94,有,
沙鹿區,房地(土地+建物)+車位,臺中市沙鹿區平等六街８７號二樓之９,37.28,住,,,1120906,土地1建物1車位1,二層,七層,華廈(10層含以下有電梯),住家用,鋼筋混凝土造,1150423,148.01999999999998,3,1,2,有,無,14080000,105708,坡道平面,33.27,1950000,預售屋、或土地及建物分件登記案件；,RPQPMLOJNHLGFFB28DA,71.44,0.0,3.94,有,
沙鹿區,房地(土地+建物)+車位,臺中市沙鹿區平等六街８９號四樓之３,25.58,住,,,1120906,土地1建物1車位1,四層,七層,華廈(10層含以下有電梯),住家用,鋼筋混凝土造,1150423,111.41,2,1,1,有,無,10200000,108139,坡道平面,33.27,1750000,預售屋、或土地及建物分件登記案件；,RPXRMLOJNHLGFFB56DA,47.35,0.0,3.94,有,
烏日區,房地(土地+建物)+車位,臺中市烏日區日新街５６巷１號二樓之５,29.99,住,,,1120917,土地1建物1車位1,二層,十一層,住宅大樓(11層含以上有電梯),住家用,鋼筋混凝土造,1150513,151.3,3,2,2,有,有,15000000,105547,坡道平面,25.29,1700000,預售屋、或土地及建物分件登記案件；,RPVPMLOJPHLGFIB66DA,74.98,0.0,7.13,有,
烏日區,房地(土地+建物)+車位,臺中市烏日區日新街５６巷３號十一樓之２,32.07,住,,,1120903,土地1建物1車位1,十一層,十一層,住宅大樓(11層含以上有電梯),住家用,鋼筋混凝土造,1150513,159.4,3,2,2,有,有,17380000,116099,坡道平面,25.29,1810000,預售屋、或土地及建物分件登記案件；,RPXRMLOJPHLGFIB07DA,80.26,0.0,7.13,有,
烏日區,房地(土地+建物)+車位,臺中市烏日區日新街５６巷３號十一樓之３,29.73,住,,,1120928,土地1建物1車位1,十一層,十一層,住宅大樓(11層含以上有電梯),住家用,鋼筋混凝土造,1150513,150.18,3,2,2,有,有,16380000,116743,坡道平面,25.29,1800000,預售屋、或土地及建物分件登記案件；,RPVSMLOJPHLGFIB96DA,73.8,0.0,7.58,有,
烏日區,房地(土地+建物)+車位,臺中市烏日區日新街５６巷１號五樓之２,32.86,住,,,1120916,土地1建物1車位2,五層,十一層,住宅大樓(11層含以上有電梯),住家用,鋼筋混凝土造,1150513,187.82,3,2,2,有,有,18080000,108423,坡道平面,50.58,3200000,預售屋、或土地及建物分件登記案件；,RPXTMLOJPHLGFIB27DA,81.91,0.0,7.52,有,
烏日區,房地(土地+建物)+車位,臺中市烏日區日新街５６巷３號十一樓之１,32.07,住,,,1120921,土地1建物1車位1,十一層,十一層,住宅大樓(11層含以上有電梯),住家用,鋼筋混凝土造,1150513,159.26999999999998,3,2,2,有,有,17330000,115913,坡道平面,25.29,1800000,預售屋、或土地及建物分件登記案件；,RPRUMLOJPHLGFIB76DA,80.19,0.0,7.13,有,
梧棲區,房地(土地+建物)+車位,臺中市梧棲區大仁路一段１６８號三樓之９,21.63,住,,,1120830,土地1建物1車位1,三層,十五層,住宅大樓(11層含以上有電梯),住家用,鋼筋混凝土造,1150427,114.03999999999999,2,2,1,有,有,8010000,82493,坡道平面,32.7,1300000,含裝潢費；預售屋、或土地及建物分件登記案件；,RPTPMLKLOHLGFFB48DA,49.49,0.0,5.08,有,
北屯區,房地(土地+建物)+車位,臺中市北屯區豐樂北二路５０７號七樓之５,37.86,住,,,1120818,土地2建物1車位1,七層,二十二層,住宅大樓(11層含以上有電梯),住家用,鋼筋混凝土造,1150126,168.75,3,2,2,有,有,26000000,175413,坡道平面,33.07,2200000,預售屋、或土地及建物分件登記案件；,RPRPMLQLOHLGFBB48DA,79.14,0.0,10.3,有,
沙鹿區,房地(土地+建物)+車位,臺中市沙鹿區平等六街８５號四樓之１,38.89,住,,,1120809,土地1建物1車位2,四層,七層,華廈(10層含以下有電梯),住家用,鋼筋混凝土造,1150423,186.67000000000002,3,1,2,有,無,16800000,110713,坡道平面,66.54,3500000,預售屋、或土地及建物分件登記案件；,RPRNMLPLOHLGFFB58DA,74.94,0.0,3.94,有,
烏日區,房地(土地+建物)+車位,臺中市烏日區日新街５６巷１號八樓之１,32.86,住,,,1120813,土地1建物1車位1,八層,十一層,住宅大樓(11層含以上有電梯),住家用,鋼筋混凝土造,1150513,162.66,3,2,2,有,有,17380000,114144,坡道平面,25.29,1700000,預售屋、或土地及建物分件登記案件；,RPWNMLOJPHLGFIB56DA,81.97,0.0,7.52,有,
烏日區,房地(土地+建物)+車位,臺中市烏日區日新街５６巷１號三樓之２,32.86,住,,,1120803,土地1建物1車位1,三層,十一層,住宅大樓(11層含以上有電梯),住家用,鋼筋混凝土造,1150513,162.53,3,2,2,有,有,16530000,108059,坡道平面,25.29,1700000,預售屋、或土地及建物分件登記案件；,RPQOMLOJPHLGFIB68DA,81.91,0.0,7.52,有,
烏日區,房地(土地+建物)+車位,臺中市烏日區日新街５６巷１號六樓之２,32.86,住,,,1120815,土地1建物1車位2,六層,十一層,住宅大樓(11層含以上有電梯),住家用,鋼筋混凝土造,1150513,187.82,3,2,2,有,有,18550000,110391,坡道平面,50.58,3400000,預售屋、或土地及建物分件登記案件；,RPTOMLOJPHLGFIB98DA,81.91,0.0,7.52,有,
梧棲區,房地(土地+建物)+車位,臺中市梧棲區大仁路一段１６８號九樓之７,22.78,住,,,1120722,土地1建物1車位1,九層,十五層,住宅大樓(11層含以上有電梯),住家用,鋼筋混凝土造,1150427,117.53999999999999,2,2,1,有,有,8650000,84866,坡道平面,32.7,1450000,含裝潢費；預售屋、或土地及建物分件登記案件；,RPXSMLKLOHLGFFB56DA,51.2,0.0,5.71,有,
沙鹿區,房地(土地+建物)+車位,臺中市沙鹿區平等六街８５號三樓之３,31.38,住,,,1120711,土地1建物1車位1,三層,七層,華廈(10層含以下有電梯),住家用,鋼筋混凝土造,1150423,129.78,2,1,2,有,無,12300000,109315,坡道平面,33.27,1750000,預售屋、或土地及建物分件登記案件；,RPVPMLOJNHLGFFB78DA,59.55,0.0,3.85,有,
南區,房地(土地+建物)+車位,臺中市南區新華街１５８號十七樓之９,18.06,住,,,1120708,土地3建物1車位2,十七層,二十六層,住宅大樓(11層含以上有電梯),住家用,鋼筋混凝土造,1150528,191.87,3,2,2,有,有,22370000,149195,坡道平面,62.04,3000000,預售屋、或土地及建物分件登記案件；,RPOWMLQLOHLGFAB78DA,77.1,0.0,8.65,有,
烏日區,房地(土地+建物)+車位,臺中市烏日區日新街５６巷１號五樓之５,29.99,住,,,1120701,土地1建物1車位1,五層,十一層,住宅大樓(11層含以上有電梯),住家用,鋼筋混凝土造,1150513,151.3,3,2,2,有,有,15230000,107372,坡道平面,25.29,1700000,預售屋、或土地及建物分件登記案件；,RPXPMLOJPHLGFIB86DA,74.98,0.0,7.13,有,
烏日區,房地(土地+建物)+車位,臺中市烏日區日新街５６巷１號八樓之５,29.99,住,,,1120707,土地1建物1車位2,八層,十一層,住宅大樓(11層含以上有電梯),住家用,鋼筋混凝土造,1150513,176.57999999999998,3,2,2,有,有,17620000,115238,坡道平面,50.58,3100000,預售屋、或土地及建物分件登記案件；,RPQQMLOJPHLGFIB88DA,74.98,0.0,7.13,有,
烏日區,房地(土地+建物)+車位,臺中市烏日區日新街５６巷３號五樓之３,29.73,住,,,1120726,土地1建物1車位1,五層,十一層,住宅大樓(11層含以上有電梯),住家用,鋼筋混凝土造,1150513,150.18,3,2,2,有,有,15880000,113540,坡道平面,25.29,1700000,預售屋、或土地及建物分件登記案件；,RPQSMLOJPHLGFIB09DA,73.8,0.0,7.58,有,
梧棲區,房地(土地+建物)+車位,臺中市梧棲區大仁路一段１６８號三樓之６,21.63,住,,,1120607,土地1建物1車位1,三層,十五層,住宅大樓(11層含以上有電梯),住家用,鋼筋混凝土造,1150427,114.03999999999999,2,2,1,有,有,7890000,81018,坡道平面,32.7,1300000,含裝潢費；預售屋、或土地及建物分件登記案件；,RPQPMLKLOHLGFFB18DA,49.49,0.0,5.08,有,
梧棲區,房地(土地+建物)+車位,臺中市梧棲區大仁路一段１６８號三樓之７,22.78,住,,,1120614,土地1建物1車位1,三層,十五層,住宅大樓(11層含以上有電梯),住家用,鋼筋混凝土造,1150427,117.53999999999999,2,2,1,有,有,8140000,80033,坡道平面,32.7,1350000,轉售價格新台幣815萬元整含車位，轉售日期民國114年4月13日。含裝潢費；預售屋、或土地及建物分件登記案件；,RPRPMLKLOHLGFFB28DA,51.2,0.0,5.71,有,
梧棲區,房地(土地+建物)+車位,臺中市梧棲區大仁路一段１６８號三樓之８,22.78,住,,,1120611,土地1建物1車位1,三層,十五層,住宅大樓(11層含以上有電梯),住家用,鋼筋混凝土造,1150427,117.53999999999999,2,2,1,有,有,8190000,80622,坡道平面,32.7,1350000,含裝潢費；預售屋、或土地及建物分件登記案件；,RPSPMLKLOHLGFFB38DA,51.2,0.0,5.71,有,
梧棲區,房地(土地+建物)+車位,臺中市梧棲區大仁路一段１６８號四樓之５,21.34,住,,,1120610,土地1建物1車位1,四層,十五層,住宅大樓(11層含以上有電梯),住家用,鋼筋混凝土造,1150427,112.44,2,2,1,有,有,7910000,81013,坡道平面,32.7,1450000,含裝潢費；預售屋、或土地及建物分件登記案件；,RPVPMLKLOHLGFFB68DA,48.69,0.0,4.85,有,
梧棲區,房地(土地+建物)+車位,臺中市梧棲區大仁路一段１６８號四樓之７,22.78,住,,,1120619,土地1建物1車位1,四層,十五層,住宅大樓(11層含以上有電梯),住家用,鋼筋混凝土造,1150427,117.53999999999999,2,2,1,有,有,8040000,78854,坡道平面,32.7,1350000,含裝潢費；預售屋、或土地及建物分件登記案件；,RPWPMLKLOHLGFFB78DA,51.2,0.0,5.71,有,
梧棲區,房地(土地+建物)+車位,臺中市梧棲區大仁路一段１６８號四樓之８,22.78,住,,,1120624,土地1建物1車位1,四層,十五層,住宅大樓(11層含以上有電梯),住家用,鋼筋混凝土造,1150427,117.53999999999999,2,2,1,有,有,8090000,79444,坡道平面,32.7,1350000,轉售價格新台幣825萬元整含車位，轉售日期民國114年1月17日。含裝潢費；預售屋、或土地及建物分件登記案件；,RPXPMLKLOHLGFFB88DA,51.2,0.0,5.71,有,
梧棲區,房地(土地+建物)+車位,臺中市梧棲區大仁路一段１６８號五樓之５,21.34,住,,,1120610,土地1建物1車位1,五層,十五層,住宅大樓(11層含以上有電梯),住家用,鋼筋混凝土造,1150427,112.44,2,2,1,有,有,7960000,82894,坡道平面,32.7,1350000,含裝潢費；預售屋、或土地及建物分件登記案件；,RPRQMLKLOHLGFFB38DA,48.69,0.0,4.85,有,
梧棲區,房地(土地+建物)+車位,臺中市梧棲區大仁路一段１６８號五樓之６,21.63,住,,,1120618,土地1建物1車位1,五層,十五層,住宅大樓(11層含以上有電梯),住家用,鋼筋混凝土造,1150427,114.03999999999999,2,2,1,有,有,7890000,81018,坡道平面,32.7,1300000,含裝潢費；預售屋、或土地及建物分件登記案件；,RPSQMLKLOHLGFFB48DA,49.49,0.0,5.08,有,
梧棲區,房地(土地+建物)+車位,臺中市梧棲區大仁路一段１６８號五樓之８,22.78,住,,,1120611,土地1建物1車位1,五層,十五層,住宅大樓(11層含以上有電梯),住家用,鋼筋混凝土造,1150427,117.53999999999999,2,2,1,有,有,8240000,81212,坡道平面,32.7,1350000,轉售價格新台幣900萬元整含車位，轉售日期民國113年5月26日。含裝潢費；預售屋、或土地及建物分件登記案件；,RPTQMLKLOHLGFFB58DA,51.2,0.0,5.71,有,
梧棲區,房地(土地+建物)+車位,臺中市梧棲區大仁路一段１６８號五樓之９,21.63,住,,,1120622,土地1建物1車位1,五層,十五層,住宅大樓(11層含以上有電梯),住家用,鋼筋混凝土造,1150427,114.03999999999999,2,2,1,有,有,8060000,82493,坡道平面,32.7,1350000,含裝潢費；預售屋、或土地及建物分件登記案件；,RPUQMLKLOHLGFFB68DA,49.49,0.0,5.08,有,
梧棲區,房地(土地+建物)+車位,臺中市梧棲區大仁路一段１６８號六樓之６,21.63,住,,,1120626,土地1建物1車位1,六層,十五層,住宅大樓(11層含以上有電梯),住家用,鋼筋混凝土造,1150427,114.03999999999999,2,2,1,有,有,8230000,83969,坡道平面,32.7,1400000,含裝潢費；預售屋、或土地及建物分件登記案件；,RPORMLKLOHLGFFB18DA,49.49,0.0,5.08,有,
梧棲區,房地(土地+建物)+車位,臺中市梧棲區大仁路一段１６８號六樓之９,21.63,住,,,1120611,土地1建物1車位1,六層,十五層,住宅大樓(11層含以上有電梯),住家用,鋼筋混凝土造,1150427,114.03999999999999,2,2,1,有,有,8500000,86673,坡道平面,32.7,1450000,含裝潢費；預售屋、或土地及建物分件登記案件；,RPRRMLKLOHLGFFB48DA,49.49,0.0,5.08,有,
梧棲區,房地(土地+建物)+車位,臺中市梧棲區大仁路一段１６８號七樓之７,22.78,住,,,1120613,土地1建物1車位1,七層,十五層,住宅大樓(11層含以上有電梯),住家用,鋼筋混凝土造,1150427,117.53999999999999,2,2,1,有,有,8550000,84866,坡道平面,32.7,1350000,含裝潢費；預售屋、或土地及建物分件登記案件；,RPWRMLKLOHLGFFB98DA,51.2,0.0,5.71,有,
梧棲區,房地(土地+建物)+車位,臺中市梧棲區大仁路一段１６８號七樓之９,21.63,住,,,1120612,土地1建物1車位1,七層,十五層,住宅大樓(11層含以上有電梯),住家用,鋼筋混凝土造,1150427,114.03999999999999,2,2,1,有,有,8600000,87288,坡道平面,32.7,1500000,含裝潢費；預售屋、或土地及建物分件登記案件；,RPOSMLKLOHLGFFB28DA,49.49,0.0,5.08,有,
梧棲區,房地(土地+建物)+車位,臺中市梧棲區大仁路一段１６８號八樓之６,21.63,住,,,1120617,土地1建物1車位1,八層,十五層,住宅大樓(11層含以上有電梯),住家用,鋼筋混凝土造,1150427,114.03999999999999,2,2,1,有,有,8430000,85813,坡道平面,32.7,1450000,轉讓日期民國114年12月24日。含裝潢費；預售屋、或土地及建物分件登記案件；,RPQSMLKLOHLGFFB48DA,49.49,0.0,5.08,有,
梧棲區,房地(土地+建物)+車位,臺中市梧棲區大仁路一段１６８號八樓之９,21.63,住,,,1120609,土地1建物1車位1,八層,十五層,住宅大樓(11層含以上有電梯),住家用,鋼筋混凝土造,1150427,114.03999999999999,2,2,1,有,有,8600000,87903,坡道平面,32.7,1450000,含裝潢費；預售屋、或土地及建物分件登記案件；,RPSSMLKLOHLGFFB68DA,49.49,0.0,5.08,有,
梧棲區,房地(土地+建物)+車位,臺中市梧棲區大仁路一段１６８號九樓之６,21.63,住,,,1120618,土地1建物1車位1,九層,十五層,住宅大樓(11層含以上有電梯),住家用,鋼筋混凝土造,1150427,114.03999999999999,2,2,1,有,有,8180000,84583,坡道平面,32.7,1300000,轉讓日期民國114年12月23日。含裝潢費；預售屋、或土地及建物分件登記案件；,RPWSMLKLOHLGFFB09DA,49.49,0.0,5.08,有,
梧棲區,房地(土地+建物)+車位,臺中市梧棲區大仁路一段１６８號九樓之８,22.78,住,,,1120626,土地1建物1車位1,九層,十五層,住宅大樓(11層含以上有電梯),住家用,鋼筋混凝土造,1150427,117.53999999999999,2,2,1,有,有,8550000,84866,坡道平面,32.7,1350000,含裝潢費；預售屋、或土地及建物分件登記案件；,RPOTMLKLOHLGFFB38DA,51.2,0.0,5.71,有,
梧棲區,房地(土地+建物)+車位,臺中市梧棲區大仁路一段１６８號九樓之９,21.63,住,,,1120628,土地1建物1車位1,九層,十五層,住宅大樓(11層含以上有電梯),住家用,鋼筋混凝土造,1150427,114.03999999999999,2,2,1,有,有,8450000,86059,坡道平面,32.7,1450000,含裝潢費；預售屋、或土地及建物分件登記案件；,RPPTMLKLOHLGFFB48DA,49.49,0.0,5.08,有,
梧棲區,房地(土地+建物)+車位,臺中市梧棲區大仁路一段１６８號十樓之６,21.63,住,,,1120615,土地1建物1車位1,十層,十五層,住宅大樓(11層含以上有電梯),住家用,鋼筋混凝土造,1150427,114.03999999999999,2,2,1,有,有,8280000,84583,坡道平面,32.7,1400000,含裝潢費；預售屋、或土地及建物分件登記案件；,RPTTMLKLOHLGFFB88DA,49.49,0.0,5.08,有,
梧棲區,房地(土地+建物)+車位,臺中市梧棲區大仁路一段１６８號十樓之７,22.78,住,,,1120611,土地1建物1車位1,十層,十五層,住宅大樓(11層含以上有電梯),住家用,鋼筋混凝土造,1150427,117.53999999999999,2,2,1,有,有,8700000,84866,坡道平面,32.7,1500000,轉讓日期民國114年12月29日。含裝潢費；預售屋、或土地及建物分件登記案件；,RPUTMLKLOHLGFFB98DA,51.2,0.0,5.71,有,
梧棲區,房地(土地+建物)+車位,臺中市梧棲區大仁路一段１６８號十樓之８,22.78,住,,,1120626,土地1建物1車位1,十層,十五層,住宅大樓(11層含以上有電梯),住家用,鋼筋混凝土造,1150427,117.53999999999999,2,2,1,有,有,8800000,86044,坡道平面,32.7,1500000,轉售價格新台幣885萬元整含車位，轉售日期民國114年12月12日。含裝潢費；預售屋、或土地及建物分件登記案件；,RPVTMLKLOHLGFFB09DA,51.2,0.0,5.71,有,
梧棲區,房地(土地+建物)+車位,臺中市梧棲區大仁路一段１６８號十樓之９,21.63,住,,,1120612,土地1建物1車位1,十層,十五層,住宅大樓(11層含以上有電梯),住家用,鋼筋混凝土造,1150427,114.03999999999999,2,2,1,有,有,8450000,87288,坡道平面,32.7,1350000,含裝潢費；預售屋、或土地及建物分件登記案件；,RPWTMLKLOHLGFFB56DA,49.49,0.0,5.08,有,
梧棲區,房地(土地+建物)+車位,臺中市梧棲區大仁路一段１６８號十一樓之７,22.78,住,,,1120614,土地1建物1車位1,十一層,十五層,住宅大樓(11層含以上有電梯),住家用,鋼筋混凝土造,1150427,117.53999999999999,2,2,1,有,有,8450000,81919,坡道平面,32.7,1500000,含裝潢費；預售屋、或土地及建物分件登記案件；,RPXTMLKLOHLGFFB66DA,51.2,0.0,5.71,有,
梧棲區,房地(土地+建物)+車位,臺中市梧棲區大仁路一段１６８號十一樓之９,21.63,住,,,1120603,土地1建物1車位1,十一層,十五層,住宅大樓(11層含以上有電梯),住家用,鋼筋混凝土造,1150427,114.03999999999999,2,2,1,有,有,8110000,83108,坡道平面,32.7,1350000,含裝潢費；預售屋、或土地及建物分件登記案件；,RPPUMLKLOHLGFFB58DA,49.49,0.0,5.08,有,
梧棲區,房地(土地+建物)+車位,臺中市梧棲區大仁路一段１６８號十二樓之６,21.63,住,,,1120630,土地1建物1車位1,十二層,十五層,住宅大樓(11層含以上有電梯),住家用,鋼筋混凝土造,1150427,114.03999999999999,2,2,1,有,有,7980000,82124,坡道平面,32.7,1300000,含裝潢費；預售屋、或土地及建物分件登記案件；,RPUUMLKLOHLGFFB09DA,49.49,0.0,5.08,有,
梧棲區,房地(土地+建物)+車位,臺中市梧棲區大仁路一段１６８號十二樓之７,22.78,住,,,1120610,土地1建物1車位1,十二層,十五層,住宅大樓(11層含以上有電梯),住家用,鋼筋混凝土造,1150427,117.53999999999999,2,2,1,有,有,8300000,81919,坡道平面,32.7,1350000,含裝潢費；預售屋、或土地及建物分件登記案件；,RPVUMLKLOHLGFFB56DA,51.2,0.0,5.71,有,
梧棲區,房地(土地+建物)+車位,臺中市梧棲區大仁路一段１６８號十三樓之８,22.78,住,,,1120602,土地1建物1車位1,十三層,十五層,住宅大樓(11層含以上有電梯),住家用,鋼筋混凝土造,1150427,117.53999999999999,2,2,1,有,有,8450000,82508,坡道平面,32.7,1450000,含裝潢費；預售屋、或土地及建物分件登記案件；,RPOVMLKLOHLGFFB58DA,51.2,0.0,5.71,有,
梧棲區,房地(土地+建物)+車位,臺中市梧棲區大仁路一段１６８號十四樓之１,32.3,住,,,1120625,土地1建物1車位1,十四層,十五層,住宅大樓(11層含以上有電梯),住家用,鋼筋混凝土造,1150427,153.72000000000003,3,2,2,有,有,11820000,86515,坡道平面,32.7,1350000,含裝潢費；預售屋、或土地及建物分件登記案件；,RPPVMLKLOHLGFFB68DA,73.42,0.0,7.76,有,
梧棲區,房地(土地+建物)+車位,臺中市梧棲區大仁路一段１６８號十四樓之２,32.3,住,,,1120611,土地1建物1車位1,十四層,十五層,住宅大樓(11層含以上有電梯),住家用,鋼筋混凝土造,1150427,153.72000000000003,3,2,2,有,有,12030000,87424,坡道平面,32.7,1450000,含裝潢費；預售屋、或土地及建物分件登記案件；,RPQVMLKLOHLGFFB78DA,73.42,0.0,7.76,有,
梧棲區,房地(土地+建物)+車位,臺中市梧棲區大仁路一段１６８號十四樓之５,21.34,住,,,1120608,土地1建物1車位1,十四層,十五層,住宅大樓(11層含以上有電梯),住家用,鋼筋混凝土造,1150427,112.44,2,2,1,有,有,8150000,84023,坡道平面,32.7,1450000,含裝潢費；預售屋、或土地及建物分件登記案件；,RPSVMLKLOHLGFFB98DA,48.69,0.0,4.85,有,
梧棲區,房地(土地+建物)+車位,臺中市梧棲區大仁路一段１６８號十四樓之９,21.63,住,,,1120618,土地1建物1車位1,十四層,十五層,住宅大樓(11層含以上有電梯),住家用,鋼筋混凝土造,1150427,114.03999999999999,2,2,1,有,有,8060000,82493,坡道平面,32.7,1350000,轉售價格新台幣809萬元整含車位，轉售日期民國113年7月19日。轉讓日期民國114年8月12日。含裝潢費；預售屋、或土地及建物分件登記案件；,RPVVMLKLOHLGFFB66DA,49.49,0.0,5.08,有,
梧棲區,房地(土地+建物)+車位,臺中市梧棲區大仁路一段１６８號十五樓之５,21.34,住,,,1120610,土地1建物1車位1,十五層,十五層,住宅大樓(11層含以上有電梯),住家用,鋼筋混凝土造,1150427,112.44,2,2,1,有,有,8000000,83396,坡道平面,32.7,1350000,含裝潢費；預售屋、或土地及建物分件登記案件；,RPOWMLKLOHLGFFB68DA,48.69,0.0,4.85,有,
梧棲區,房地(土地+建物)+車位,臺中市梧棲區大仁路一段１６８號十五樓之６,21.63,住,,,1120621,土地1建物1車位1,十五層,十五層,住宅大樓(11層含以上有電梯),住家用,鋼筋混凝土造,1150427,114.03999999999999,2,2,1,有,有,7990000,81018,坡道平面,32.7,1400000,轉售價格新台幣799萬元整含車位，轉售日期民國114年6月24日。含裝潢費；預售屋、或土地及建物分件登記案件；,RPPWMLKLOHLGFFB78DA,49.49,0.0,5.08,有,
梧棲區,房地(土地+建物)+車位,臺中市梧棲區大仁路一段１６８號十五樓之７,22.78,住,,,1120630,土地1建物1車位1,十五層,十五層,住宅大樓(11層含以上有電梯),住家用,鋼筋混凝土造,1150427,117.53999999999999,2,2,1,有,有,8290000,80622,坡道平面,32.7,1450000,轉售價格新台幣829萬元整含車位，轉售日期民國113年6月18日。含裝潢費；預售屋、或土地及建物分件登記案件；,RPQWMLKLOHLGFFB88DA,51.2,0.0,5.71,有,
梧棲區,房地(土地+建物)+車位,臺中市梧棲區大仁路一段１６８號十五樓之８,22.78,住,,,1120611,土地1建物1車位1,十五層,十五層,住宅大樓(11層含以上有電梯),住家用,鋼筋混凝土造,1150427,117.53999999999999,2,2,1,有,有,8400000,81919,坡道平面,32.7,1450000,轉售價格新台幣890萬元整含車位，轉售日期民國113年12月30日。含裝潢費；預售屋、或土地及建物分件登記案件；,RPRWMLKLOHLGFFB98DA,51.2,0.0,5.71,有,
梧棲區,房地(土地+建物)+車位,臺中市梧棲區大仁路一段１６８號十五樓之９,21.63,住,,,1120627,土地1建物1車位1,十五層,十五層,住宅大樓(11層含以上有電梯),住家用,鋼筋混凝土造,1150427,114.03999999999999,2,2,1,有,有,8010000,81879,坡道平面,32.7,1350000,轉售價格新台幣850萬元整含車位，轉售日期民國113年6月21日。含裝潢費；預售屋、或土地及建物分件登記案件；,RPSWMLKLOHLGFFB09DA,49.49,0.0,5.08,有,
梧棲區,房地(土地+建物)+車位,臺中市梧棲區大仁路一段１６８號五樓之７,22.78,住,,,1120629,土地1建物1車位1,五層,十五層,住宅大樓(11層含以上有電梯),住家用,鋼筋混凝土造,1150427,117.53999999999999,2,2,1,有,有,8140000,80033,坡道平面,32.7,1350000,含裝潢費；預售屋、或土地及建物分件登記案件；,RPTWMLKLOHLGFFB56DA,51.2,0.0,5.71,有,
梧棲區,房地(土地+建物)+車位,臺中市梧棲區大仁路一段１６８號十二樓之５,21.34,住,,,1120606,土地1建物1車位1,十二層,十五層,住宅大樓(11層含以上有電梯),住家用,鋼筋混凝土造,1150427,112.44,2,2,1,有,有,8100000,84650,坡道平面,32.7,1350000,轉讓日期民國115年5月26日含裝潢費；預售屋、或土地及建物分件登記案件；,RPUWMLKLOHLGFFB66DA,48.69,0.0,4.85,有,
梧棲區,房地(土地+建物)+車位,臺中市梧棲區大仁路一段１６８號十二樓之３,30.86,住,,,1120630,土地1建物1車位1,十二層,十五層,住宅大樓(11層含以上有電梯),住家用,鋼筋混凝土造,1150427,148.35000000000002,3,2,2,有,有,11330000,89789,坡道平面,37.2,1350000,轉售價格新台幣1168萬元整含車位，轉售日期民國114年9月18日。含裝潢費；預售屋、或土地及建物分件登記案件；,RPQNMLLLOHLGFFB08DA,69.78,0.0,7.76,有,
梧棲區,房地(土地+建物)+車位,臺中市梧棲區大仁路一段１６８號十三樓之３,30.86,住,,,1120603,土地1建物1車位1,十三層,十五層,住宅大樓(11層含以上有電梯),住家用,鋼筋混凝土造,1150427,148.35000000000002,3,2,2,有,有,11310000,86122,坡道平面,32.7,1350000,轉讓日期民國114年12月10日。含裝潢費；預售屋、或土地及建物分件登記案件；,RPRNMLLLOHLGFFB18DA,69.78,0.0,7.76,有,
北屯區,房地(土地+建物)+車位,臺中市北屯區豐樂北二路５０７號十樓之３,37.72,住,,,1120609,土地2建物1車位1,十層,二十二層,住宅大樓(11層含以上有電梯),住家用,鋼筋混凝土造,1150126,168.59,3,2,2,有,有,26680000,178424,坡道平面,33.07,2500000,預售屋、或土地及建物分件登記案件；,RPSPMLQLOHLGFBB58DA,79.09,0.0,10.3,有,
北屯區,房地(土地+建物)+車位,臺中市北屯區南興北一路１１８號十三樓之６,14.66,住,,,1120615,土地1建物1車位1,十三層,十七層,住宅大樓(11層含以上有電梯),住家用,鋼筋混凝土造,1150205,125.43,2,2,1,有,有,13820000,135117,坡道平面,34.25,1500000,114年7月29日權利讓渡預售屋、或土地及建物分件登記案件；,RPPSMLOLOHLGFBB38DA,55.06,0.0,4.67,有,
北屯區,房地(土地+建物)+車位,臺中市北屯區南興北一路１１８號十五樓之２,15.03,住,,,1120608,土地1建物1車位1,十五層,十七層,住宅大樓(11層含以上有電梯),住家用,鋼筋混凝土造,1150205,127.95,2,2,1,有,有,14430000,133725,坡道平面,34.25,1900000,親友、員工、共有人或其他特殊關係間之交易；預售屋、或土地及建物分件登記案件；,RPUNMLPLOHLGFBB48DA,56.27,0.0,5.09,有,
沙鹿區,房地(土地+建物)+車位,臺中市沙鹿區平等六街８５號三樓之２,26.5,住,,,1120628,土地1建物1車位1,三層,七層,華廈(10層含以下有電梯),住家用,鋼筋混凝土造,1150423,114.09,2,1,2,有,無,10350000,106409,坡道平面,33.27,1750000,預售屋、或土地及建物分件登記案件；,RPUPMLOJNHLGFFB68DA,49.22,0.0,3.86,有,
沙鹿區,房地(土地+建物)+車位,臺中市沙鹿區平等六街８７號三樓之６,28.35,住,,,1120630,土地1建物1車位1,三層,七層,華廈(10層含以下有電梯),住家用,鋼筋混凝土造,1150423,120.55000000000001,2,1,1,有,無,11200000,108272,坡道平面,33.27,1750000,預售屋、或土地及建物分件登記案件；,RPQQMLOJNHLGFFB38DA,54.21,0.0,3.13,有,
沙鹿區,房地(土地+建物)+車位,臺中市沙鹿區平等六街８７號六樓之３,25.22,住,,,1120627,土地1建物1車位1,六層,七層,華廈(10層含以下有電梯),住家用,鋼筋混凝土造,1150423,110.32,2,1,1,有,無,10720000,116418,坡道平面,33.27,1750000,本案轉讓價格為新台幣 1072 萬元 轉讓日:115/4/24預售屋、或土地及建物分件登記案件；,RPXOMLRJNHLGFFB56DA,46.79,0.0,3.82,有,
沙鹿區,房地(土地+建物)+車位,臺中市沙鹿區平等六街８５號七樓之５,31.34,住,,,1120630,土地1建物1車位1,七層,七層,華廈(10層含以下有電梯),住家用,鋼筋混凝土造,1150423,129.76,2,1,2,有,無,12750000,114001,坡道平面,33.27,1750000,預售屋、或土地及建物分件登記案件；,RPXPMLRJNHLGFFB66DA,59.53,0.0,3.85,有,
沙鹿區,房地(土地+建物)+車位,臺中市沙鹿區三民路１０７號八樓之６,19.26,住,,,1120621,土地1建物1車位1,八層,十五層,住宅大樓(11層含以上有電梯),住家用,鋼筋混凝土造,1150212,117.19,2,2,2,有,有,12330000,117641,坡道平面,25.98,1600000,預售屋、或土地及建物分件登記案件；,RPXQNLOLLHLGFFB56DA,53.74,0.0,7.19,有,
太平區,房地(土地+建物),臺中市太平區新光路５９之６號四樓,48.49,,,,1120606,土地7建物1車位0,四層,五層,華廈(10層含以下有電梯),住家用,鋼筋混凝土造,1141022,99.62,3,2,1,有,無,11660000,117045,,0.0,0,包含公共設施保留地用地；預售屋、或土地及建物分件登記案件；,RPVNMLNJPHLGFJB09DA,64.95,0.0,7.14,有,
太平區,房地(土地+建物),臺中市太平區新光路５９之６號五樓,61.06,,,,1120618,土地7建物1車位0,五層,五層,華廈(10層含以下有電梯),住家用,鋼筋混凝土造,1141022,99.62,3,2,1,有,無,12710000,127585,,0.0,0,包含公共設施保留地用地；預售屋、或土地及建物分件登記案件；,RPWNMLNJPHLGFJB56DA,64.95,0.0,7.14,有,
烏日區,房地(土地+建物)+車位,臺中市烏日區日新街５６巷３號三樓之１,32.07,住,,,1120630,土地1建物1車位1,三層,十一層,住宅大樓(11層含以上有電梯),住家用,鋼筋混凝土造,1150513,158.11,3,2,2,有,有,16060000,107927,坡道平面,24.13,1600000,預售屋、或土地及建物分件登記案件；,RPUQMLOJPHLGFIB66DA,80.19,0.0,7.13,有,
南區,房地(土地+建物)+車位,臺中市南區新華街１５８號四樓之５,18.27,住,,,1120511,土地3建物1車位1,四層,二十六層,住宅大樓(11層含以上有電梯),住家用,鋼筋混凝土造,1150528,162.62,3,2,2,有,有,20260000,140274,坡道平面,31.02,1800000,預售屋、或土地及建物分件登記案件；,RPVPMLQLOHLGFAB78DA,78.63,0.0,8.37,有,
太平區,房地(土地+建物)+車位,臺中市太平區成功東路４２巷６１號九樓之６,33.79,住,,,1120428,土地1建物1車位2,九層,十四層,住宅大樓(11層含以上有電梯),住家用,鋼筋混凝土造,1150322,182.20999999999998,3,2,2,有,有,17450000,113898,坡道平面,56.22,3100000,預售屋、或土地及建物分件登記案件；,RPPOMLMLOHLGFJB58DA,78.69,0.0,4.7,有,
北區,房地(土地+建物),臺中市北區柳川東路四段８８號八樓之１,9.26,住,,,1120422,土地1建物1車位0,八層,九層,華廈(10層含以下有電梯),住家用,鋼筋混凝土造,1150328,43.260000000000005,1,1,1,有,有,6500000,150254,,0.0,0,裝潢費五萬元不包含在總價中預售屋、或土地及建物分件登記案件；,RPSNMLNLOHLGFBB08DA,16.46,0.0,1.61,有,
豐原區,房地(土地+建物)+車位,臺中市豐原區圓環東路２３０巷５０號十樓之２,20.92,住,,,1120401,土地1建物1車位1,十層,十層,華廈(10層含以下有電梯),住家用,鋼筋混凝土造,1150419,92.13,2,2,1,有,有,9800000,112881,坡道機械,12.4,800000,讓渡日期：113.05.05。讓渡金額不變。預售屋、或土地及建物分件登記案件；,RPVNMLQLOHLGFDB88DA,49.89,0.0,3.89,有,
南區,房地(土地+建物)+車位,臺中市南區新華街１５８號十七樓之６,18.8,住,,,1120415,土地3建物1車位2,十七層,二十六層,住宅大樓(11層含以上有電梯),住家用,鋼筋混凝土造,1150528,197.37,3,2,2,有,有,23680000,151334,坡道平面,62.04,3200000,預售屋、或土地及建物分件登記案件；,RPRSMLQLOHLGFAB68DA,81.15,0.0,8.37,有,
南區,房地(土地+建物)+車位,臺中市南區新華街１５８號五樓之８,19.38,住,,,1120429,土地3建物1車位1,五層,二十六層,住宅大樓(11層含以上有電梯),住家用,鋼筋混凝土造,1150528,170.57999999999998,3,2,2,有,有,22080000,146747,坡道平面,31.02,1600000,預售屋、或土地及建物分件登記案件；,RPVTMLQLOHLGFAB56DA,83.13,0.0,9.14,有,
西屯區,房地(土地+建物),臺中市西屯區福中十五街１０巷３０號,65.0,住,,,1120414,土地1建物1車位0,全,五層,透天厝,住家用,鋼筋混凝土造,1140821,254.92,11,1,11,有,無,32580000,127805,,0.0,0,,RPRSMLMLOHLGFCB48DA,227.01,0.0,27.91,有,
烏日區,房地(土地+建物)+車位,臺中市烏日區九德街６５號十一樓之２,26.69,住,,,1120417,土地2建物1車位1,十一層,十一層,住宅大樓(11層含以上有電梯),住家用,鋼筋混凝土造,1150421,131.39999999999998,3,2,2,有,有,12440000,106368,坡道平面,31.37,1800000,預售屋、或土地及建物分件登記案件；,RPUOMLPKOHLGFIB56DA,60.11,0.0,5.99,有,
北屯區,房地(土地+建物)+車位,臺中市北屯區敦富一街３６８號十七樓之２,23.7,住,,,1120328,土地1建物1車位2,十七層,十七層,住宅大樓(11層含以上有電梯),住家用,鋼筋混凝土造,1150318,195.56,3,2,2,有,有,25500000,164514,坡道平面,65.48,4100000,權利讓渡日期:112/10/02預售屋、或土地及建物分件登記案件；,RPTOMLQLOHLGFBB58DA,78.53,0.0,7.5,有,
豐原區,房地(土地+建物)+車位,臺中市豐原區圓環東路２３０巷５０號三樓之１,26.96,住,,,1120329,土地1建物1車位1,三層,十層,華廈(10層含以下有電梯),住家用,鋼筋混凝土造,1150419,128.39,3,2,2,有,有,10500000,88329,一樓平面,24.8,1350000,讓渡日期：115.05.12。轉讓金額不變。預售屋、或土地及建物分件登記案件；,RPVOMLSLNHLGFDB09DA,62.85,0.0,6.7,有,
豐原區,房地(土地+建物)+車位,臺中市豐原區圓環東路２３０巷５０號三樓之３,20.7,住,,,1120309,土地1建物1車位1,三層,十層,華廈(10層含以下有電梯),住家用,鋼筋混凝土造,1150419,105.23,2,2,1,有,有,8230000,85540,一樓平面,24.8,1350000,預售屋、或土地及建物分件登記案件；,RPXOMLSLNHLGFDB66DA,49.53,0.0,3.75,有,
豐原區,房地(土地+建物)+車位,臺中市豐原區圓環東路２３０巷５０號八樓之２,20.7,住,,,1120306,土地1建物1車位1,八層,十層,華廈(10層含以下有電梯),住家用,鋼筋混凝土造,1150419,92.80000000000001,2,2,1,有,有,8250000,92662,坡道機械,12.4,800000,讓渡日期：113.01.12。轉讓金額不變。預售屋、或土地及建物分件登記案件；,RPORMLSLNHLGFDB68DA,49.53,0.0,3.75,有,
豐原區,房地(土地+建物)+車位,臺中市豐原區圓環東路２３０巷５２號八樓之１,26.88,住,,,1120312,土地1建物1車位1,八層,十層,華廈(10層含以下有電梯),住家用,鋼筋混凝土造,1150419,115.69,3,2,2,有,有,10350000,92458,坡道機械,12.4,800000,預售屋、或土地及建物分件登記案件；,RPPRMLSLNHLGFDB78DA,62.85,0.0,6.51,有,
豐原區,房地(土地+建物)+車位,臺中市豐原區圓環東路２３０巷５０號二樓之２,20.7,住,,,1120304,土地1建物1車位1,二層,十層,華廈(10層含以下有電梯),住家用,鋼筋混凝土造,1150419,92.80000000000001,2,2,1,有,有,8680000,98010,坡道機械,12.4,800000,讓渡日期：112.06.07。轉讓金額不變。預售屋、或土地及建物分件登記案件；,RPQNMLSKOHLGFDB48DA,49.53,0.0,3.75,有,
豐原區,房地(土地+建物)+車位,臺中市豐原區圓環東路２３０巷５２號十樓,26.88,住,,,1120306,土地1建物1車位1,十層,十層,華廈(10層含以下有電梯),住家用,鋼筋混凝土造,1150419,115.69,3,2,2,有,有,12000000,108433,坡道機械,12.4,800000,預售屋、或土地及建物分件登記案件；,RPQNMLTLOHLGFDB68DA,62.85,0.0,6.51,有,
豐原區,房地(土地+建物)+車位,臺中市豐原區圓環東路２３０巷５０號四樓之３,20.7,住,,,1120306,土地1建物1車位1,四層,十層,華廈(10層含以下有電梯),住家用,鋼筋混凝土造,1150419,92.80000000000001,2,2,1,有,有,7780000,85572,坡道機械,12.4,900000,讓渡日期：112.03.06轉讓金額不變。預售屋、或土地及建物分件登記案件；,RPTNMLKMOHLGFDB18DA,49.53,0.0,3.75,有,
沙鹿區,房地(土地+建物)+車位,臺中市沙鹿區三民路１０９號十四樓之６,25.4,住,,,1120330,土地1建物1車位1,十四層,十五層,住宅大樓(11層含以上有電梯),住家用,鋼筋混凝土造,1150212,145.92000000000002,3,2,2,有,有,14850000,109638,坡道平面,25.98,1700000,預售屋、或土地及建物分件登記案件；,RPTSMLOLLHLGFFB88DA,72.94,0.0,7.21,有,
南區,房地(土地+建物)+車位,臺中市南區新華街１５８號十一樓之５,18.27,住,,,1120312,土地3建物1車位1,十一層,二十六層,住宅大樓(11層含以上有電梯),住家用,鋼筋混凝土造,1150528,162.62,3,2,2,有,有,20580000,145745,坡道平面,31.02,1400000,預售屋、或土地及建物分件登記案件；,RPSQMLQLOHLGFAB58DA,78.63,0.0,8.37,有,
南區,房地(土地+建物)+車位,臺中市南區新華街１５８號十一樓之８,19.38,住,,,1120311,土地3建物1車位1,十一層,二十六層,住宅大樓(11層含以上有電梯),住家用,鋼筋混凝土造,1150528,170.57999999999998,3,2,2,有,有,22560000,148753,坡道平面,31.02,1800000,預售屋、或土地及建物分件登記案件；,RPPUMLQLOHLGFAB68DA,83.13,0.0,9.14,有,
南區,房地(土地+建物)+車位,臺中市南區新華街１５８號二十樓之９,18.06,住,,,1120311,土地3建物1車位2,二十層,二十六層,住宅大樓(11層含以上有電梯),住家用,鋼筋混凝土造,1150528,191.87,3,2,2,有,有,22410000,151044,坡道平面,62.04,2800000,預售屋、或土地及建物分件登記案件；,RPQWMLQLOHLGFAB98DA,77.1,0.0,8.65,有,
烏日區,房地(土地+建物)+車位,臺中市烏日區九德街６５號二樓之３,28.94,住,,,1120307,土地2建物1車位1,二層,十一層,住宅大樓(11層含以上有電梯),住家用,鋼筋混凝土造,1150421,137.43,3,2,2,有,有,12800000,102765,坡道平面,28.93,1650000,預售屋、或土地及建物分件登記案件；,RPROMLMKOHLGFIB58DA,64.06,0.0,7.64,有,
烏日區,房地(土地+建物)+車位,臺中市烏日區九德街６５號二樓之２,26.69,住,,,1120310,土地2建物1車位1,二層,十一層,住宅大樓(11層含以上有電梯),住家用,鋼筋混凝土造,1150421,131.39999999999998,3,2,2,有,有,12080000,102769,坡道平面,31.37,1800000,預售屋、或土地及建物分件登記案件；,RPTOMLMKOHLGFIB78DA,60.11,0.0,5.99,有,
烏日區,房地(土地+建物)+車位,臺中市烏日區九德街６５號三樓之３,28.94,住,,,1120311,土地2建物1車位1,三層,十一層,住宅大樓(11層含以上有電梯),住家用,鋼筋混凝土造,1150421,142.72,3,2,2,有,有,13150000,104608,坡道平面,34.22,1800000,預售屋、或土地及建物分件登記案件；,RPPPMLMKOHLGFIB48DA,64.06,0.0,7.64,有,
烏日區,房地(土地+建物)+車位,臺中市烏日區九德街６５號三樓之７,22.46,住,,,1120311,土地2建物1車位1,三層,十一層,住宅大樓(11層含以上有電梯),住家用,鋼筋混凝土造,1150421,115.58,2,2,1,有,有,10580000,104263,坡道平面,31.37,1800000,預售屋、或土地及建物分件登記案件；,RPSPMLMKOHLGFIB78DA,50.25,0.0,5.39,有,
烏日區,房地(土地+建物)+車位,臺中市烏日區九德街６５號六樓之３,28.94,住,,,1120313,土地2建物1車位1,六層,十一層,住宅大樓(11層含以上有電梯),住家用,鋼筋混凝土造,1150421,139.88,3,2,2,有,有,13700000,109667,坡道平面,31.37,1800000,預售屋、或土地及建物分件登記案件；,RPXQMLMKOHLGFIB76DA,64.06,0.0,7.64,有,
烏日區,房地(土地+建物)+車位,臺中市烏日區九德街６５號六樓之５,19.19,住,,,1120314,土地2建物1車位1,六層,十一層,住宅大樓(11層含以上有電梯),住家用,鋼筋混凝土造,1150421,103.32,2,2,1,有,有,9370000,106602,坡道平面,31.37,1700000,預售屋、或土地及建物分件登記案件；,RPORMLMKOHLGFIB58DA,42.44,0.0,5.09,有,
烏日區,房地(土地+建物)+車位,臺中市烏日區九德街６５號七樓之３,28.94,住,,,1120318,土地2建物1車位1,七層,十一層,住宅大樓(11層含以上有電梯),住家用,鋼筋混凝土造,1150421,139.88,3,2,2,有,有,13800000,110589,坡道平面,31.37,1800000,預售屋、或土地及建物分件登記案件；,RPTRMLMKOHLGFIB09DA,64.06,0.0,7.64,有,
烏日區,房地(土地+建物)+車位,臺中市烏日區九德街６５號七樓之６,22.24,住,,,1120314,土地2建物1車位1,七層,十一層,住宅大樓(11層含以上有電梯),住家用,鋼筋混凝土造,1150421,114.72,2,2,1,有,有,10820000,108218,坡道平面,31.37,1800000,預售屋、或土地及建物分件登記案件；,RPVRMLMKOHLGFIB66DA,50.0,0.0,5.07,有,
烏日區,房地(土地+建物)+車位,臺中市烏日區九德街６５號十一樓之６,22.24,住,,,1120312,土地2建物1車位1,十一層,十一層,住宅大樓(11層含以上有電梯),住家用,鋼筋混凝土造,1150421,114.72,2,2,1,有,有,11300000,113977,坡道平面,31.37,1800000,預售屋、或土地及建物分件登記案件；,RPXOMLPKOHLGFIB86DA,50.0,0.0,5.07,有,
烏日區,房地(土地+建物)+車位,臺中市烏日區九德街６５號十一樓之７,22.46,住,,,1120311,土地2建物1車位1,十一層,十一層,住宅大樓(11層含以上有電梯),住家用,鋼筋混凝土造,1150421,115.58,2,2,1,有,有,11380000,113763,坡道平面,31.37,1800000,預售屋、或土地及建物分件登記案件；,RPOPMLPKOHLGFIB68DA,50.25,0.0,5.39,有,
豐原區,房地(土地+建物)+車位,臺中市豐原區圓環東路２３０巷５０號七樓之１,26.96,住,,,1120223,土地1建物1車位1,七層,十層,華廈(10層含以下有電梯),住家用,鋼筋混凝土造,1150419,115.97999999999999,3,2,2,有,有,10400000,92682,坡道機械,12.4,800000,預售屋、或土地及建物分件登記案件；,RPTQMLSLNHLGFDB09DA,62.85,0.0,6.7,有,
南區,房地(土地+建物)+車位,臺中市南區新華街１５８號十八樓之８,19.38,住,,,1120218,土地3建物1車位2,十八層,二十六層,住宅大樓(11層含以上有電梯),住家用,鋼筋混凝土造,1150528,200.39,3,2,2,有,有,24480000,153196,坡道平面,60.83,3100000,預售屋、或土地及建物分件登記案件；,RPTUMLQLOHLGFAB09DA,83.13,0.0,9.14,有,
南區,房地(土地+建物)+車位,臺中市南區新華街１５８號三樓之１０,19.11,住,,,1120205,土地3建物1車位1,三層,二十六層,住宅大樓(11層含以上有電梯),住家用,鋼筋混凝土造,1150528,168.76,3,2,2,有,有,22000000,145927,坡道平面,31.02,1900000,113.10.22讓渡，讓渡金額：2200萬。預售屋、或土地及建物分件登記案件；,RPONNLQLOHLGFAB97DA,83.09,0.0,7.97,有,
南區,房地(土地+建物)+車位,臺中市南區新華街１５８號四樓之１０,19.11,住,,,1120226,土地3建物1車位1,四層,二十六層,住宅大樓(11層含以上有電梯),住家用,鋼筋混凝土造,1150528,168.76,3,2,2,有,有,22330000,146871,坡道平面,31.02,2100000,預售屋、或土地及建物分件登記案件；,RPPNNLQLOHLGFAB08DA,83.09,0.0,7.97,有,
烏日區,房地(土地+建物)+車位,臺中市烏日區九德街６５號四樓之６,22.24,住,,,1120205,土地2建物1車位1,四層,十一層,住宅大樓(11層含以上有電梯),住家用,鋼筋混凝土造,1150421,117.56,2,2,1,有,有,10800000,107991,坡道平面,34.22,1800000,預售屋、或土地及建物分件登記案件；,RPXPMLMKOHLGFIB66DA,50.0,0.0,5.07,有,
烏日區,房地(土地+建物)+車位,臺中市烏日區九德街６５號四樓之７,22.46,住,,,1120212,土地2建物1車位1,四層,十一層,住宅大樓(11層含以上有電梯),住家用,鋼筋混凝土造,1150421,115.58,2,2,1,有,有,10750000,106282,坡道平面,31.37,1800000,預售屋、或土地及建物分件登記案件；,RPOQMLMKOHLGFIB48DA,50.25,0.0,5.39,有,
烏日區,房地(土地+建物)+車位,臺中市烏日區九德街６５號七樓之７,22.46,住,,,1120222,土地2建物1車位1,七層,十一層,住宅大樓(11層含以上有電梯),住家用,鋼筋混凝土造,1150421,115.58,2,2,1,有,有,11300000,112813,坡道平面,31.37,1800000,預售屋、或土地及建物分件登記案件；,RPWRMLMKOHLGFIB76DA,50.25,0.0,5.39,有,
烏日區,房地(土地+建物)+車位,臺中市烏日區九德街６５號十一樓之３,28.94,住,,,1120211,土地2建物1車位1,十一層,十一層,住宅大樓(11層含以上有電梯),住家用,鋼筋混凝土造,1150421,139.88,3,2,2,有,有,13720000,109852,坡道平面,31.37,1800000,預售屋、或土地及建物分件登記案件；,RPVOMLPKOHLGFIB66DA,64.06,0.0,7.64,有,
烏日區,房地(土地+建物)+車位,臺中市烏日區九德街６５號八樓之７,22.46,住,,,1120211,土地2建物1車位1,八層,十一層,住宅大樓(11層含以上有電梯),住家用,鋼筋混凝土造,1150421,113.14,2,2,1,有,有,11300000,113407,坡道平面,28.93,1750000,預售屋、或土地及建物分件登記案件；,RPTPMLPKOHLGFIB56DA,50.25,0.0,5.39,有,
烏日區,房地(土地+建物),臺中市烏日區九德街６５號二樓之１,18.87,住,,,1120117,土地2建物1車位0,二層,十一層,住宅大樓(11層含以上有電梯),住家用,鋼筋混凝土造,1150421,70.77,2,2,1,有,有,7350000,103858,,0.0,0,預售屋、或土地及建物分件登記案件；,RPXOMLMKOHLGFIB56DA,41.98,0.0,4.78,有,
烏日區,房地(土地+建物),臺中市烏日區九德街６５號三樓之６,22.24,住,,,1120118,土地2建物1車位0,三層,十一層,住宅大樓(11層含以上有電梯),住家用,鋼筋混凝土造,1150421,83.35,2,2,1,有,有,8920000,107019,,0.0,0,預售屋、或土地及建物分件登記案件；,RPRPMLMKOHLGFIB68DA,50.0,0.0,5.07,有,
烏日區,房地(土地+建物)+車位,臺中市烏日區九德街６５號四樓之２,26.69,住,,,1120117,土地2建物1車位1,四層,十一層,住宅大樓(11層含以上有電梯),住家用,鋼筋混凝土造,1150421,131.39999999999998,3,2,2,有,有,12450000,107468,坡道平面,31.37,1700000,預售屋、或土地及建物分件登記案件；,RPUPMLMKOHLGFIB98DA,60.11,0.0,5.99,有,
烏日區,房地(土地+建物)+車位,臺中市烏日區九德街６５號四樓之５,19.19,住,,,1120117,土地2建物1車位1,四層,十一層,住宅大樓(11層含以上有電梯),住家用,鋼筋混凝土造,1150421,100.88,2,2,1,有,有,9100000,103544,坡道平面,28.93,1650000,預售屋、或土地及建物分件登記案件；,RPWPMLMKOHLGFIB56DA,42.44,0.0,5.09,有,
烏日區,房地(土地+建物)+車位,臺中市烏日區九德街６５號四樓之１,18.87,住,,,1120110,土地2建物1車位1,四層,十一層,住宅大樓(11層含以上有電梯),住家用,鋼筋混凝土造,1150421,102.15,2,2,1,有,有,9300000,107375,坡道平面,31.37,1700000,預售屋、或土地及建物分件登記案件；,RPPQMLMKOHLGFIB58DA,41.98,0.0,4.78,有,
烏日區,房地(土地+建物)+車位,臺中市烏日區九德街６５號五樓之３,28.94,住,,,1120104,土地2建物1車位1,五層,十一層,住宅大樓(11層含以上有電梯),住家用,鋼筋混凝土造,1150421,139.88,3,2,2,有,有,13600000,108746,坡道平面,31.37,1800000,預售屋、或土地及建物分件登記案件；,RPRQMLMKOHLGFIB78DA,64.06,0.0,7.64,有,
烏日區,房地(土地+建物)+車位,臺中市烏日區九德街６５號五樓之７,22.46,住,,,1120108,土地2建物1車位1,五層,十一層,住宅大樓(11層含以上有電梯),住家用,鋼筋混凝土造,1150421,115.58,2,2,1,有,有,10950000,109844,坡道平面,31.37,1700000,預售屋、或土地及建物分件登記案件；,RPUQMLMKOHLGFIB09DA,50.25,0.0,5.39,有,
烏日區,房地(土地+建物)+車位,臺中市烏日區九德街６５號六樓之２,26.69,住,,,1120107,土地2建物1車位1,六層,十一層,住宅大樓(11層含以上有電梯),住家用,鋼筋混凝土造,1150421,131.39999999999998,3,2,2,有,有,12750000,110467,坡道平面,31.37,1700000,預售屋、或土地及建物分件登記案件；,RPWQMLMKOHLGFIB66DA,60.11,0.0,5.99,有,
烏日區,房地(土地+建物)+車位,臺中市烏日區九德街６５號七樓之１,18.87,住,,,1120111,土地2建物1車位1,七層,十一層,住宅大樓(11層含以上有電梯),住家用,鋼筋混凝土造,1150421,102.15,2,2,1,有,有,9680000,112744,坡道平面,31.37,1700000,預售屋、或土地及建物分件登記案件；,RPXRMLMKOHLGFIB86DA,41.98,0.0,4.78,有,
烏日區,房地(土地+建物)+車位,臺中市烏日區九德街６５號八樓之２,26.69,住,,,1120115,土地2建物1車位1,八層,十一層,住宅大樓(11層含以上有電梯),住家用,鋼筋混凝土造,1150421,134.24,3,2,2,有,有,13050000,113477,坡道平面,34.22,1700000,預售屋、或土地及建物分件登記案件；,RPOSMLMKOHLGFIB68DA,60.11,0.0,5.99,有,
烏日區,房地(土地+建物)+車位,臺中市烏日區九德街６５號八樓之５,19.19,住,,,1120106,土地2建物1車位1,八層,十一層,住宅大樓(11層含以上有電梯),住家用,鋼筋混凝土造,1150421,103.32,2,2,1,有,有,9650000,110493,坡道平面,31.37,1700000,預售屋、或土地及建物分件登記案件；,RPQSMLMKOHLGFIB88DA,42.44,0.0,5.09,有,
烏日區,房地(土地+建物)+車位,臺中市烏日區九德街６５號八樓之６,22.24,住,,,1120118,土地2建物1車位1,八層,十一層,住宅大樓(11層含以上有電梯),住家用,鋼筋混凝土造,1150421,114.72,2,2,1,有,有,11180000,112537,坡道平面,31.37,1800000,預售屋、或土地及建物分件登記案件；,RPRSMLMKOHLGFIB98DA,50.0,0.0,5.07,有,
烏日區,房地(土地+建物)+車位,臺中市烏日區九德街６５號九樓之５,19.19,住,,,1120108,土地2建物1車位1,九層,十一層,住宅大樓(11層含以上有電梯),住家用,鋼筋混凝土造,1150421,100.88,2,2,1,有,有,9700000,111883,坡道平面,28.93,1650000,預售屋、或土地及建物分件登記案件；,RPUNMLPKOHLGFIB09DA,42.44,0.0,5.09,有,
烏日區,房地(土地+建物)+車位,臺中市烏日區九德街６５號九樓之６,22.24,住,,,1120118,土地2建物1車位1,九層,十一層,住宅大樓(11層含以上有電梯),住家用,鋼筋混凝土造,1150421,114.72,2,2,1,有,有,11100000,112777,坡道平面,31.37,1700000,預售屋、或土地及建物分件登記案件；,RPVNMLPKOHLGFIB56DA,50.0,0.0,5.07,有,
烏日區,房地(土地+建物)+車位,臺中市烏日區九德街６５號九樓之７,22.46,住,,,1120118,土地2建物1車位1,九層,十一層,住宅大樓(11層含以上有電梯),住家用,鋼筋混凝土造,1150421,115.58,2,2,1,有,有,11250000,113407,坡道平面,31.37,1700000,預售屋、或土地及建物分件登記案件；,RPWNMLPKOHLGFIB66DA,50.25,0.0,5.39,有,
烏日區,房地(土地+建物)+車位,臺中市烏日區九德街６５號十樓之６,22.24,住,,,1120120,土地2建物1車位1,十層,十一層,住宅大樓(11層含以上有電梯),住家用,鋼筋混凝土造,1150421,117.56,2,2,1,有,有,11250000,113391,坡道平面,34.22,1800000,預售屋、或土地及建物分件登記案件；,RPROMLPKOHLGFIB88DA,50.0,0.0,5.07,有,
烏日區,房地(土地+建物)+車位,臺中市烏日區九德街６５號十樓之１,18.87,住,,,1120109,土地2建物1車位1,十層,十一層,住宅大樓(11層含以上有電梯),住家用,鋼筋混凝土造,1150421,99.69999999999999,2,2,1,有,有,9900000,115162,坡道平面,28.93,1750000,預售屋、或土地及建物分件登記案件；,RPTOMLPKOHLGFIB09DA,41.98,0.0,4.78,有,
烏日區,房地(土地+建物)+車位,臺中市烏日區九德街６５號十一樓之１,18.87,住,,,1120111,土地2建物1車位1,十一層,十一層,住宅大樓(11層含以上有電梯),住家用,鋼筋混凝土造,1150421,104.99,2,2,1,有,有,9800000,114455,坡道平面,34.22,1700000,預售屋、或土地及建物分件登記案件；,RPPPMLPKOHLGFIB78DA,41.98,0.0,4.78,有,
烏日區,房地(土地+建物)+車位,臺中市烏日區九德街６５號九樓之２,26.69,住,,,1120129,土地2建物1車位1,九層,十一層,住宅大樓(11層含以上有電梯),住家用,鋼筋混凝土造,1150421,134.24,3,2,2,有,有,13160000,114577,坡道平面,34.22,1700000,預售屋、或土地及建物分件登記案件；,RPUPMLPKOHLGFIB66DA,60.11,0.0,5.99,有,
烏日區,房地(土地+建物)+車位,臺中市烏日區九德街６５號九樓之１,18.87,住,,,1120102,土地2建物1車位1,九層,十一層,住宅大樓(11層含以上有電梯),住家用,鋼筋混凝土造,1150421,102.15,2,2,1,有,有,9880000,114157,坡道平面,31.37,1800000,預售屋、或土地及建物分件登記案件；,RPVPMLPKOHLGFIB76DA,41.98,0.0,4.78,有,
西屯區,房地(土地+建物)+車位,臺中市西屯區青海路二段５號二十一樓之５,6.56,商,,,1111229,土地1建物1車位1,二十一層,二十四層,住宅大樓(11層含以上有電梯),住家用,鋼骨鋼筋混凝土造,1141103,102.03999999999999,2,2,1,有,有,15800000,181940,坡道平面,27.29,2200000,預售屋、或土地及建物分件登記案件；,RPOPMLNJPHLGFCB87DA,43.86,0.0,5.05,有,
烏日區,房地(土地+建物)+車位,臺中市烏日區九德街６５號六樓之７,22.46,住,,,1111230,土地2建物1車位1,六層,十一層,住宅大樓(11層含以上有電梯),住家用,鋼筋混凝土造,1150421,115.58,2,2,1,有,有,11120000,111863,坡道平面,31.37,1700000,預售屋、或土地及建物分件登記案件；,RPQRMLMKOHLGFIB78DA,50.25,0.0,5.39,有,
烏日區,房地(土地+建物)+車位,臺中市烏日區九德街６５號六樓之１,18.87,住,,,1111229,土地2建物1車位1,六層,十一層,住宅大樓(11層含以上有電梯),住家用,鋼筋混凝土造,1150421,102.15,2,2,1,有,有,9660000,112461,坡道平面,31.37,1700000,預售屋、或土地及建物分件登記案件；,RPRRMLMKOHLGFIB88DA,41.98,0.0,4.78,有,
南屯區,房地(土地+建物)+車位,臺中市南屯區永春東七路５５０號七樓之１,24.38,住,,,1111127,土地2建物1車位1,七層,十五層,住宅大樓(11層含以上有電梯),住家用,鋼筋混凝土造,1140831,229.93,4,2,2,有,有,38150000,181891,坡道平面,30.36,1850000,預售屋、或土地及建物分件登記案件；,RPWQMLRLMHLGFCB09DA,118.95,0.0,12.64,有,
南區,房地(土地+建物)+車位,臺中市南區新華街１５８號七樓之８,19.38,住,,,1111107,土地3建物1車位1,七層,二十六層,住宅大樓(11層含以上有電梯),住家用,鋼筋混凝土造,1150528,170.57999999999998,3,2,2,有,有,22000000,147607,坡道平面,31.02,1400000,預售屋、或土地及建物分件登記案件；,RPXTMLQLOHLGFAB76DA,83.13,0.0,9.14,有,
南區,房地(土地+建物)+車位,臺中市南區新華街１５８號八樓之５,18.27,住,,,1111006,土地3建物1車位2,八層,二十六層,住宅大樓(11層含以上有電梯),住家用,鋼筋混凝土造,1150528,193.64,3,2,2,有,有,21800000,144377,坡道平面,62.04,2800000,113.1.3讓渡，讓渡金額：2300萬。預售屋、或土地及建物分件登記案件；,RPWPMLQLOHLGFAB88DA,78.63,0.0,8.37,有,
西屯區,房地(土地+建物)+車位,臺中市西屯區青海路二段７號四樓之６,7.04,商,,,1111007,土地1建物1車位1,四層,二十四層,住宅大樓(11層含以上有電梯),住家用,鋼骨鋼筋混凝土造,1141103,89.74000000000001,2,2,1,有,有,14270000,162389,坡道機械,9.87,1300000,合約總價原為新台幣1430萬元整，於民國111年10月14日將雙方合意後，房屋及車位不變，減少合約價款新台幣30000元整，協議後之合約總價修改為新台幣1427萬元整。預售屋、或土地及建物分件登記案件；,RPTPMLQJPHLGFCB68DA,47.09,0.0,5.2,有,
西屯區,房地(土地+建物)+車位,臺中市西屯區青海路二段４６３號十五樓之１,32.09,住,,,1110902,土地1建物1車位2,十五層,十五層,住宅大樓(11層含以上有電梯),住家用,鋼筋混凝土造,1141216,249.13,3,2,2,有,有,38000000,178034,坡道平面,59.84,4300000,有轉讓合約，轉讓日期：113年09月28日，轉讓金額為3650萬元整。車位總價中無法拆分個別車位價格。預售屋、或土地及建物分件登記案件；,RPPTMLOLOHLGFCB58DA,112.98,0.0,12.83,有,
南區,房地(土地+建物)+車位,臺中市南區新華街１５８號七樓之６,18.8,住,,,1110927,土地3建物1車位1,七層,二十六層,住宅大樓(11層含以上有電梯),住家用,鋼筋混凝土造,1150528,166.36,3,2,2,有,有,21180000,146150,坡道平面,31.02,1400000,預售屋、或土地及建物分件登記案件；,RPVRMLQLOHLGFAB98DA,81.15,0.0,8.37,有,
南區,房地(土地+建物)+車位,臺中市南區新華街１５８號三樓之７,19.91,住,,,1110925,土地3建物1車位1,三層,二十六層,住宅大樓(11層含以上有電梯),住家用,鋼筋混凝土造,1150528,174.36,3,2,2,有,有,22150000,142668,坡道平面,31.02,1700000,113.5.10讓渡，讓渡金額：2271萬。預售屋、或土地及建物分件登記案件；,RPUSMLQLOHLGFAB98DA,85.83,0.0,9.01,有,
南區,房地(土地+建物)+車位,臺中市南區新華街１５８號十七樓之８,19.38,住,,,1110908,土地3建物1車位1,十七層,二十六層,住宅大樓(11層含以上有電梯),住家用,鋼筋混凝土造,1150528,170.57999999999998,3,2,2,有,有,22900000,151189,坡道平面,31.02,1800000,預售屋、或土地及建物分件登記案件；,RPSUMLQLOHLGFAB98DA,83.13,0.0,9.14,有,
南區,房地(土地+建物)+車位,臺中市南區新華街１５８號十一樓之９,18.06,住,,,1110924,土地3建物1車位1,十一層,二十六層,住宅大樓(11層含以上有電梯),住家用,鋼筋混凝土造,1150528,160.85,3,2,2,有,有,20260000,145267,坡道平面,31.02,1400000,115.3.5配偶間讓渡。預售屋、或土地及建物分件登記案件；,RPVVMLQLOHLGFAB76DA,77.1,0.0,8.65,有,
西屯區,房地(土地+建物)+車位,臺中市西屯區青海路二段５號七樓之１,7.48,商,,,1110917,土地1建物1車位1,七層,二十四層,住宅大樓(11層含以上有電梯),住家用,鋼骨鋼筋混凝土造,1141103,112.32,2,2,1,有,有,16580000,169117,坡道平面,27.29,2200000,預售屋、或土地及建物分件登記案件；,RPVOMLNJPHLGFCB48DA,49.98,0.0,5.73,有,
南區,房地(土地+建物)+車位,臺中市南區新華街１５８號六樓之３,20.12,住,,,1110801,土地3建物1車位1,六層,二十六層,住宅大樓(11層含以上有電梯),住家用,鋼筋混凝土造,1150528,175.87,3,2,2,有,有,24000000,150501,坡道平面,31.02,2200000,112.12.30讓渡，讓渡金額：2516萬。預售屋、或土地及建物分件登記案件；,RPUOMLQLOHLGFAB58DA,87.08,0.0,8.75,有,
南區,房地(土地+建物)+車位,臺中市南區新華街１５８號八樓之７,19.91,住,,,1110819,土地3建物1車位1,八層,二十六層,住宅大樓(11層含以上有電梯),住家用,鋼筋混凝土造,1150528,174.36,3,2,2,有,有,22000000,143714,坡道平面,31.02,1400000,預售屋、或土地及建物分件登記案件；,RPVSMLQLOHLGFAB09DA,85.83,0.0,9.01,有,
南區,房地(土地+建物)+車位,臺中市南區新華街１５８號七樓之９,18.06,住,,,1110806,土地3建物1車位1,七層,二十六層,住宅大樓(11層含以上有電梯),住家用,鋼筋混凝土造,1150528,160.85,3,2,2,有,有,19720000,141108,坡道平面,31.02,1400000,113.8.7讓渡，讓渡金額：2300萬。預售屋、或土地及建物分件登記案件；,RPSVMLQLOHLGFAB09DA,77.1,0.0,8.65,有,
南區,房地(土地+建物)+車位,臺中市南區新華街１５８號五樓之１,25.26,住,,,1110719,土地3建物1車位2,五層,二十六層,住宅大樓(11層含以上有電梯),住家用,鋼筋混凝土造,1150528,243.79000000000002,4,2,2,有,有,31320000,150316,坡道平面,62.04,4000000,115.2.5 配偶間讓渡。預售屋、或土地及建物分件登記案件；,RPQQMLPLOHLGFAB28DA,110.28,0.0,9.89,有,
南區,房地(土地+建物)+車位,臺中市南區新華街１５８號十一樓之１,25.26,住,,,1110714,土地3建物1車位2,十一層,二十六層,住宅大樓(11層含以上有電梯),住家用,鋼筋混凝土造,1150528,243.79000000000002,4,2,2,有,有,32100000,152407,坡道平面,62.04,4400000,預售屋、或土地及建物分件登記案件；,RPTQMLPLOHLGFAB58DA,110.28,0.0,9.89,有,
南區,房地(土地+建物)+車位,臺中市南區新華街１５８號十四樓之１,25.26,住,,,1110718,土地3建物1車位2,十四層,二十六層,住宅大樓(11層含以上有電梯),住家用,鋼筋混凝土造,1150528,243.79000000000002,4,2,2,有,有,30830000,154223,坡道平面,62.04,2800000,預售屋、或土地及建物分件登記案件；,RPVQMLPLOHLGFAB78DA,110.28,0.0,9.89,有,
南區,房地(土地+建物)+車位,臺中市南區新華街１５８號十五樓之１,25.26,住,,,1110714,土地3建物1車位2,十五層,二十六層,住宅大樓(11層含以上有電梯),住家用,鋼筋混凝土造,1150528,243.79000000000002,4,2,2,有,有,32130000,154773,坡道平面,62.04,4000000,預售屋、或土地及建物分件登記案件；,RPWQMLPLOHLGFAB88DA,110.28,0.0,9.89,有,
南區,房地(土地+建物)+車位,臺中市南區新華街１５８號五樓之３,20.12,住,,,1110717,土地3建物1車位1,五層,二十六層,住宅大樓(11層含以上有電梯),住家用,鋼筋混凝土造,1150528,174.67000000000002,3,2,2,有,有,23180000,148281,坡道平面,29.81,1700000,預售屋、或土地及建物分件登記案件；,RPTOMLQLOHLGFAB48DA,87.08,0.0,8.75,有,
南區,房地(土地+建物)+車位,臺中市南區新華街１５８號七樓之３,20.12,住,,,1110716,土地3建物1車位1,七層,二十六層,住宅大樓(11層含以上有電梯),住家用,鋼筋混凝土造,1150528,175.87,3,2,2,有,有,23360000,148844,坡道平面,31.02,1800000,預售屋、或土地及建物分件登記案件；,RPVOMLQLOHLGFAB68DA,87.08,0.0,8.75,有,
南區,房地(土地+建物)+車位,臺中市南區新華街１５８號十二樓之３,20.12,住,,,1110714,土地3建物1車位2,十二層,二十六層,住宅大樓(11層含以上有電梯),住家用,鋼筋混凝土造,1150528,206.89,3,2,2,有,有,25470000,150984,坡道平面,62.04,3600000,115.3.2 二親等間讓渡，讓渡金額：2547萬元。預售屋、或土地及建物分件登記案件；,RPOPMLQLOHLGFAB08DA,87.08,0.0,8.75,有,
南區,房地(土地+建物)+車位,臺中市南區新華街１５８號十六樓之３,20.12,住,,,1110717,土地3建物1車位1,十六層,二十六層,住宅大樓(11層含以上有電梯),住家用,鋼筋混凝土造,1150528,175.87,3,2,2,有,有,24020000,153400,坡道平面,31.02,1800000,115.1.28讓渡權利範圍1/2，讓渡金額：2402萬。預售屋、或土地及建物分件登記案件；,RPQPMLQLOHLGFAB28DA,87.08,0.0,8.75,有,
南區,房地(土地+建物)+車位,臺中市南區新華街１５８號十二樓之５,18.27,住,,,1110717,土地3建物1車位1,十二層,二十六層,住宅大樓(11層含以上有電梯),住家用,鋼筋混凝土造,1150528,162.62,3,2,2,有,有,20660000,143313,坡道平面,31.02,1800000,預售屋、或土地及建物分件登記案件；,RPTQMLQLOHLGFAB68DA,78.63,0.0,8.37,有,
南區,房地(土地+建物)+車位,臺中市南區新華街１５８號二十樓之５,18.27,住,,,1110715,土地3建物1車位2,二十層,二十六層,住宅大樓(11層含以上有電梯),住家用,鋼筋混凝土造,1150528,193.64,3,2,2,有,有,22730000,148404,坡道平面,62.04,3200000,113.8.14讓渡，讓渡金額:2656萬預售屋、或土地及建物分件登記案件；,RPWQMLQLOHLGFAB98DA,78.63,0.0,8.37,有,
南區,房地(土地+建物)+車位,臺中市南區新華街１５８號六樓之６,18.8,住,,,1110718,土地3建物1車位2,六層,二十六層,住宅大樓(11層含以上有電梯),住家用,鋼筋混凝土造,1150528,197.37,3,2,2,有,有,22130000,142836,坡道平面,62.04,2800000,預售屋、或土地及建物分件登記案件；,RPURMLQLOHLGFAB88DA,81.15,0.0,8.37,有,
南區,房地(土地+建物)+車位,臺中市南區新華街１５８號九樓之６,18.8,住,,,1110715,土地3建物1車位1,九層,二十六層,住宅大樓(11層含以上有電梯),住家用,鋼筋混凝土造,1150528,166.36,3,2,2,有,有,21050000,143712,坡道平面,31.02,1600000,預售屋、或土地及建物分件登記案件；,RPXRMLQLOHLGFAB56DA,81.15,0.0,8.37,有,
南區,房地(土地+建物)+車位,臺中市南區新華街１５８號十樓之６,18.8,住,,,1110716,土地3建物1車位2,十層,二十六層,住宅大樓(11層含以上有電梯),住家用,鋼筋混凝土造,1150528,197.37,3,2,2,有,有,23490000,144018,坡道平面,62.04,4000000,115.3.6 配偶間讓渡權利範圍 2/3。預售屋、或土地及建物分件登記案件；,RPOSMLQLOHLGFAB38DA,81.15,0.0,8.37,有,
南區,房地(土地+建物)+車位,臺中市南區新華街１５８號十三樓之６,18.8,住,,,1110716,土地3建物1車位1,十三層,二十六層,住宅大樓(11層含以上有電梯),住家用,鋼筋混凝土造,1150528,166.36,3,2,2,有,有,21330000,145781,坡道平面,31.02,1600000,預售屋、或土地及建物分件登記案件；,RPPSMLQLOHLGFAB48DA,81.15,0.0,8.37,有,
南區,房地(土地+建物)+車位,臺中市南區新華街１５８號十四樓之６,18.8,住,,,1110717,土地3建物1車位2,十四層,二十六層,住宅大樓(11層含以上有電梯),住家用,鋼筋混凝土造,1150528,197.37,3,2,2,有,有,22620000,146457,坡道平面,62.04,2800000,預售屋、或土地及建物分件登記案件；,RPQSMLQLOHLGFAB58DA,81.15,0.0,8.37,有,
南區,房地(土地+建物)+車位,臺中市南區新華街１５８號十四樓之７,19.91,住,,,1110723,土地3建物1車位2,十四層,二十六層,住宅大樓(11層含以上有電梯),住家用,鋼筋混凝土造,1150528,205.38,3,2,2,有,有,24070000,145598,坡道平面,62.04,3200000,預售屋、或土地及建物分件登記案件；,RPQTMLQLOHLGFAB68DA,85.83,0.0,9.01,有,
南區,房地(土地+建物)+車位,臺中市南區新華街１５８號二樓之９,17.95,住,,,1110715,土地3建物1車位1,二層,二十六層,住宅大樓(11層含以上有電梯),住家用,鋼筋混凝土造,1150528,160.51,3,2,2,有,有,17800000,126651,坡道平面,31.02,1400000,115.4.20讓渡，讓渡金額：1934萬。預售屋、或土地及建物分件登記案件；,RPPVMLQLOHLGFAB78DA,77.1,0.0,8.48,有,
南區,房地(土地+建物)+車位,臺中市南區新華街１５８號十樓之９,18.06,住,,,1110730,土地3建物1車位1,十層,二十六層,住宅大樓(11層含以上有電梯),住家用,鋼筋混凝土造,1150528,160.85,3,2,2,有,有,20320000,142648,坡道平面,31.02,1800000,112.10.17讓渡，讓渡金額:2042萬預售屋、或土地及建物分件登記案件；,RPUVMLQLOHLGFAB66DA,77.1,0.0,8.65,有,
南區,房地(土地+建物)+車位,臺中市南區新華街１５８號十樓之１０,19.11,住,,,1110717,土地3建物1車位1,十層,二十六層,住宅大樓(11層含以上有電梯),住家用,鋼筋混凝土造,1150528,168.76,3,2,2,有,有,21880000,145782,坡道平面,31.02,1800000,112.6.14第一次讓渡，讓渡金額：2208萬。114.12.19第二次讓渡，讓渡金額：2388萬。預售屋、或土地及建物分件登記案件；,RPRNNLQLOHLGFAB28DA,83.09,0.0,7.97,有,
南區,房地(土地+建物)+車位,臺中市南區新華街１５８號十一樓之１０,19.11,住,,,1110723,土地3建物1車位1,十一層,二十六層,住宅大樓(11層含以上有電梯),住家用,鋼筋混凝土造,1150528,168.76,3,2,2,有,有,21960000,146363,坡道平面,31.02,1800000,112.9.9讓渡，讓渡金額：2220萬。預售屋、或土地及建物分件登記案件；,RPSNNLQLOHLGFAB38DA,83.09,0.0,7.97,有,
西屯區,房地(土地+建物)+車位,臺中市西屯區青海路二段５號二十四樓之８,7.58,商,,,1110709,土地1建物1車位1,二十四層,二十四層,住宅大樓(11層含以上有電梯),住家用,鋼骨鋼筋混凝土造,1141103,113.21000000000001,2,2,1,有,有,17310000,179353,坡道平面,27.29,1900000,預售屋、或土地及建物分件登記案件；,RPRPMLNJPHLGFCB18DA,51.31,0.0,5.0,有,
西屯區,房地(土地+建物),臺中市西屯區何厝街６７之２號,76.05,住,,,1110619,土地5建物1車位0,全,五層,透天厝,住家用,鋼筋混凝土造,1140122,310.23,11,1,11,有,有,38800000,125068,,0.0,0,預售屋、或土地及建物分件登記案件；,RPRNMLKKOHLGFCB67DA,295.27,0.0,14.96,有,
西屯區,房地(土地+建物)+車位,臺中市西屯區青海路二段４６３號八樓之２,23.75,住,,,1110601,土地1建物1車位2,八層,十五層,住宅大樓(11層含以上有電梯),住家用,鋼筋混凝土造,1141216,199.85,3,2,2,有,有,26800000,166417,坡道平面,59.84,3500000,預售屋、或土地及建物分件登記案件；,RPTTMLOLOHLGFCB98DA,84.87,0.0,8.16,有,
西屯區,房地(土地+建物)+車位,臺中市西屯區青海路二段５號十六樓之１,7.44,商,,,1110506,土地1建物1車位1,十六層,二十四層,住宅大樓(11層含以上有電梯),住家用,鋼骨鋼筋混凝土造,1141103,111.97,2,2,1,有,有,16850000,173004,坡道平面,27.29,2200000,預售屋、或土地及建物分件登記案件；,RPWOMLNJPHLGFCB58DA,49.63,0.0,5.73,有,
西屯區,房地(土地+建物)+車位,臺中市西屯區青海路二段５號二十二樓之２,10.52,商,,,1110402,土地1建物1車位1,二十二層,二十四層,住宅大樓(11層含以上有電梯),住家用,鋼骨鋼筋混凝土造,1141103,147.23000000000002,3,2,2,有,有,24050000,180507,坡道平面,27.29,2400000,預售屋、或土地及建物分件登記案件；,RPXOMLNJPHLGFCB68DA,69.4,3.11,5.92,有,
西屯區,房地(土地+建物)+車位,臺中市西屯區青海路二段５號十七樓之７,7.48,商,,,1110402,土地1建物1車位1,十七層,二十四層,住宅大樓(11層含以上有電梯),住家用,鋼骨鋼筋混凝土造,1141103,112.18,2,2,1,有,有,17250000,174932,坡道平面,27.29,2400000,預售屋、或土地及建物分件登記案件；,RPPPMLNJPHLGFCB97DA,49.69,0.0,5.88,有,
西屯區,房地(土地+建物)+車位,臺中市西屯區青海路二段５號十九樓之９,7.0,商,,,1110403,土地1建物1車位1,十九層,二十四層,住宅大樓(11層含以上有電梯),住家用,鋼骨鋼筋混凝土造,1141103,106.94999999999999,2,2,1,有,有,15750000,170098,坡道平面,27.29,2200000,預售屋、或土地及建物分件登記案件；,RPSPMLNJPHLGFCB28DA,46.94,0.0,5.14,有,
西屯區,房地(土地+建物)+車位,臺中市西屯區青海路二段７號二十一樓之１,7.44,商,,,1110402,土地1建物1車位1,二十一層,二十四層,住宅大樓(11層含以上有電梯),住家用,鋼骨鋼筋混凝土造,1141103,111.97,2,2,1,有,有,17820000,182097,坡道平面,27.29,2400000,預售屋、或土地及建物分件登記案件；,RPPPMLQJPHLGFCB28DA,49.63,0.0,5.73,有,
西屯區,房地(土地+建物)+車位,臺中市西屯區青海路二段７號二十一樓之２,10.13,商,,,1110402,土地1建物1車位1,二十一層,二十四層,住宅大樓(11層含以上有電梯),住家用,鋼骨鋼筋混凝土造,1141103,142.38,3,2,2,有,有,23820000,186115,坡道平面,27.29,2400000,預售屋、或土地及建物分件登記案件；,RPRPMLQJPHLGFCB48DA,69.4,0.0,5.92,有,
西屯區,房地(土地+建物)+車位,臺中市西屯區青海路二段７號九樓之７,7.39,商,,,1110408,土地1建物1車位1,九層,二十四層,住宅大樓(11層含以上有電梯),住家用,鋼骨鋼筋混凝土造,1141103,111.17,2,2,1,有,有,16430000,169647,坡道平面,27.29,2200000,預售屋、或土地及建物分件登記案件；,RPUPMLQJPHLGFCB78DA,49.02,0.0,5.83,有,
西屯區,房地(土地+建物)+車位,臺中市西屯區青海路二段７號十三樓之８,7.48,商,,,1110416,土地1建物1車位1,十三層,二十四層,住宅大樓(11層含以上有電梯),住家用,鋼骨鋼筋混凝土造,1141103,108.7,2,2,1,有,有,16350000,171378,坡道平面,23.8,1800000,預售屋、或土地及建物分件登記案件；,RPVPMLQJPHLGFCB88DA,49.69,0.0,5.88,有,
西屯區,房地(土地+建物)+車位,臺中市西屯區青海路二段５號三樓之１,7.48,商,,,1110325,土地1建物1車位1,三層,二十四層,住宅大樓(11層含以上有電梯),辦公用,鋼骨鋼筋混凝土造,1141103,94.9,0,0,1,有,有,14940000,158650,坡道機械,9.87,1450000,預售屋、或土地及建物分件登記案件；,RPUOMLNJPHLGFCB38DA,49.98,0.0,5.73,有,
西屯區,房地(土地+建物)+車位,臺中市西屯區青海路二段５號十八樓之７,7.48,商,,,1110324,土地1建物1車位1,十八層,二十四層,住宅大樓(11層含以上有電梯),住家用,鋼骨鋼筋混凝土造,1141103,108.7,2,2,1,有,有,17240000,175972,坡道平面,23.8,2300000,預售屋、或土地及建物分件登記案件；,RPQPMLNJPHLGFCB08DA,49.69,0.0,5.88,有,
西屯區,房地(土地+建物)+車位,臺中市西屯區青海路二段７號九樓之２,10.13,商,,,1110327,土地1建物1車位1,九層,二十四層,住宅大樓(11層含以上有電梯),住家用,鋼骨鋼筋混凝土造,1141103,142.38,3,2,2,有,有,22310000,172126,坡道平面,27.29,2500000,預售屋、或土地及建物分件登記案件；,RPQPMLQJPHLGFCB38DA,69.4,0.0,5.92,有,
西屯區,房地(土地+建物)+車位,臺中市西屯區青海路二段７號十八樓之５,6.8,商,,,1110330,土地1建物1車位1,十八層,二十四層,住宅大樓(11層含以上有電梯),住家用,鋼骨鋼筋混凝土造,1141103,87.21000000000001,2,2,1,有,有,14320000,165762,坡道機械,9.87,1500000,轉售價格新台幣1432萬元整含車位，轉售日期民國113年12月02日。預售屋、或土地及建物分件登記案件；,RPSPMLQJPHLGFCB58DA,45.49,0.0,5.14,有,
西屯區,房地(土地+建物)+車位,臺中市西屯區青海路二段７號二十三樓之１２,10.52,商,,,1110327,土地1建物1車位1,二十三層,二十四層,住宅大樓(11層含以上有電梯),住家用,鋼骨鋼筋混凝土造,1141103,147.23000000000002,3,2,2,有,有,23960000,178089,坡道平面,27.29,2600000,預售屋、或土地及建物分件登記案件；,RPWPMLQJPHLGFCB98DA,69.4,3.11,5.92,有,
西屯區,房地(土地+建物)+車位,臺中市西屯區青海路二段５號二十三樓之７,7.48,商,,,1110318,土地1建物1車位1,二十三層,二十四層,住宅大樓(11層含以上有電梯),住家用,鋼骨鋼筋混凝土造,1141103,112.18,2,2,1,有,有,17080000,172930,坡道平面,27.29,2400000,轉售價格新台幣1708萬元整含車位，轉售日期民國112年10月20日。預售屋、或土地及建物分件登記案件；,RPXPMLQJPHLGFCB09DA,49.69,0.0,5.88,有,
烏日區,房地(土地+建物)+車位,臺中市烏日區高鐵東路３９７號六樓之９,16.05,商,,,1110218,土地1建物1車位1,六層,二十四層,住宅大樓(11層含以上有電梯),住家用,鋼筋混凝土造,1141215,156.65,3,2,2,有,有,16550000,115082,坡道平面,24.57,1350000,預售屋、或土地及建物分件登記案件；,RPXNMLRLNHLGFIB96DA,76.52,0.0,9.48,有,
西屯區,房地(土地+建物)+車位,臺中市西屯區臺灣大道三段６４６號六樓之１１,6.66,商,,,1101208,土地1建物1車位1,六層,二十九層,住宅大樓(11層含以上有電梯),住家用,鋼骨鋼筋混凝土造、鋼筋混凝土造,1140811,96.11,2,2,1,有,有,12850000,143807,坡道機械,13.36,950000,轉讓日期民國114年7月3日。預售屋、或土地及建物分件登記案件；,RPSOMLMJPHLGFCB08DA,48.38,0.0,4.98,有,
南屯區,房地(土地+建物)+車位,臺中市南屯區永春東七路５５０號七樓之３,27.58,住,,,1101226,土地2建物1車位2,七層,十五層,住宅大樓(11層含以上有電梯),住家用,鋼筋混凝土造,1140831,286.46000000000004,4,2,3,有,有,39680000,158944,坡道平面,60.72,3800000,預售屋、或土地及建物分件登記案件；,RPXOMLNLOHLGFCB78DA,137.52,0.0,11.47,有,
大甲區,房地(土地+建物)+車位,臺中市大甲區甲后路五段２７７巷１２０號六樓之３,17.5,住,,,1101221,土地1建物1車位1,六層,十一層,住宅大樓(11層含以上有電梯),住家用,鋼筋混凝土造,1140925,114.53999999999999,2,1,1,有,有,6480000,69101,坡道平面,38.13,1200000,預售屋、或土地及建物分件登記案件；,RPRNMLRKOHLGFEB58DA,47.57,0.0,6.06,有,
西屯區,房地(土地+建物)+車位,臺中市西屯區惠中一街５８號六樓之７,19.04,都市：其他:第六種新市政中心專用區,,,1101029,土地1建物1車位1,六層,二十七層,住宅大樓(11層含以上有電梯),住家用,鋼骨造,1140904,264.55,2,2,2,有,有,46880000,190636,坡道平面,31.75,2500000,總價含工程加減帳及面積找補款-778257元。加減後總價為46101743元。預售屋、或土地及建物分件登記案件；,RPPQMLTKNHLGFCB58DA,130.05,0.0,14.3,有,
西屯區,房地(土地+建物)+車位,臺中市西屯區臺灣大道三段７６３號三十六樓之３,5.35,商,,,1100812,土地1建物1車位1,三十六層,三十六層,住宅大樓(11層含以上有電梯),住家用,鋼骨造,1141028,87.82,2,2,1,有,有,9500000,114958,坡道機械,12.14,800000,1.讓渡日期:113/3/82.此申報總價為980萬元預售屋、或土地及建物分件登記案件；,RPQUMLOLOHLGFCB78DA,43.32,1.93,4.34,有,
西屯區,房地(土地+建物)+車位,臺中市西屯區臺灣大道三段７６５號四樓之１２,6.32,商,,,1100318,土地1建物1車位1,四層,三十六層,住宅大樓(11層含以上有電梯),住家用,鋼骨造,1141028,121.51,3,2,1,有,有,11100000,106652,坡道平面,30.56,1400000,1.讓渡日期:115/5/122.此申報總價為 1110萬元預售屋、或土地及建物分件登記案件；,RPTSMLOLOHLGFCB88DA,55.42,0.0,4.14,有,
西屯區,房地(土地+建物)+車位,臺中市西屯區臺灣大道三段７６５號三十六樓之１６,5.59,商,,,1091209,土地1建物1車位1,三十六層,三十六層,住宅大樓(11層含以上有電梯),住家用,鋼骨造,1141028,109.28,2,2,1,有,有,10100000,110518,坡道平面,30.56,1400000,1.讓渡日期:113/10/82.此申報總價為原始買賣合約價格預售屋、或土地及建物分件登記案件；,RPOUMLOLOHLGFCB58DA,45.34,2.0,4.18,有,
西屯區,房地(土地+建物)+車位,臺中市西屯區臺灣大道三段７６５號十七樓之１０,5.51,商,,,1091129,土地1建物1車位1,十七層,三十六層,住宅大樓(11層含以上有電梯),住家用,鋼骨造,1141028,89.78,2,2,1,有,有,9690000,114503,坡道機械,12.14,800000,預售屋、或土地及建物分件登記案件；,RPXSMLOLOHLGFCB66DA,45.03,1.55,4.27,有,
西屯區,房地(土地+建物)+車位,臺中市西屯區臺灣大道三段７６５號二十一樓之７,7.87,商,,,1091110,土地1建物1車位2,二十一層,三十六層,住宅大樓(11層含以上有電梯),住家用,鋼骨造,1141028,153.39,3,2,2,有,有,14770000,113109,坡道平面,42.7,2250000,1.讓渡日期:112/6/82.此申報總價為1485萬元預售屋、或土地及建物分件登記案件；,RPQTMLOLOHLGFCB68DA,63.71,3.57,5.19,有,
西屯區,房地(土地+建物)+車位,臺中市西屯區臺灣大道三段７６３號三十六樓之１,5.92,商,,,1091115,土地1建物1車位1,三十六層,三十六層,住宅大樓(11層含以上有電梯),住家用,鋼骨造,1141028,114.74,2,2,1,有,有,10650000,108696,坡道平面,30.56,1500000,1.讓渡日期:110/12/162.此申報總價為1075萬元預售屋、或土地及建物分件登記案件；,RPPUMLOLOHLGFCB68DA,47.86,3.15,4.15,有,
西屯區,房地(土地+建物)+車位,臺中市西屯區臺灣大道三段７６３號二十三樓之１,5.92,商,,,1091124,土地1建物1車位1,二十三層,三十六層,住宅大樓(11層含以上有電梯),住家用,鋼骨造,1141028,114.74,2,2,1,有,有,10680000,109052,坡道平面,30.56,1500000,預售屋、或土地及建物分件登記案件；,RPSOMLPLOHLGFCB48DA,47.86,3.15,4.15,有,
西屯區,房地(土地+建物)+車位,臺中市西屯區臺灣大道三段７６３號二十四樓之１２,5.68,商,,,1091007,土地1建物1車位1,二十四層,三十六層,住宅大樓(11層含以上有電梯),住家用,鋼骨造,1141028,110.72,2,2,1,有,有,10360000,110529,坡道平面,30.56,1500000,預售屋、或土地及建物分件登記案件；,RPRTMLOLOHLGFCB78DA,46.92,1.53,4.09,有,
西屯區,房地(土地+建物)+車位,臺中市西屯區臺灣大道三段６３０之１號二十二樓之３,7.49,商,,,1090919,土地4建物1車位1,二十二層,二十三層,住宅大樓(11層含以上有電梯),住家用,鋼筋混凝土造,1140826,114.11000000000001,1,2,1,有,有,11600000,124814,坡道平面,40.0,2350000,預售屋、或土地及建物分件登記案件；,RPSOMLQKMHLGFCB28DA,43.46,0.0,4.06,有,
西屯區,房地(土地+建物)+車位,臺中市西屯區臺灣大道三段７６１號九樓之６,5.68,商,,,1090930,土地1建物1車位1,九層,三十六層,住宅大樓(11層含以上有電梯),住家用,鋼骨造,1141028,91.81,2,2,1,有,有,9660000,110581,坡道機械,12.14,850000,預售屋、或土地及建物分件登記案件；,RPVSMLOLOHLGFCB09DA,45.59,2.13,4.47,有,
西屯區,房地(土地+建物)+車位,臺中市西屯區臺灣大道三段７６５號二十七樓之３,7.54,商,,,1090913,土地1建物1車位1,二十七層,三十六層,住宅大樓(11層含以上有電梯),住家用,鋼骨造,1141028,138.59,3,2,2,有,有,13300000,110155,坡道平面,30.56,1400000,1.讓渡日期:111/5/42.此申報總價為原始買賣合約價格預售屋、或土地及建物分件登記案件；,RPSTMLOLOHLGFCB88DA,64.84,1.84,4.1,有,
西屯區,房地(土地+建物)+車位,臺中市西屯區臺灣大道三段６３０之１號五樓之５,8.25,商,,,1090811,土地4建物1車位1,五層,二十三層,住宅大樓(11層含以上有電梯),住家用,鋼筋混凝土造,1140826,114.11000000000001,2,2,2,有,有,9970000,110916,坡道平面,40.0,1750000,預售屋、或土地及建物分件登記案件；,RPROMLQKMHLGFCB18DA,47.52,0.0,0.0,有,
西屯區,房地(土地+建物)+車位,臺中市西屯區臺灣大道三段７６５號二十樓之１３,5.03,商,,,1090805,土地1建物1車位1,二十層,三十六層,住宅大樓(11層含以上有電梯),住家用,鋼骨造,1141028,102.92,2,2,1,有,有,9090000,107656,坡道平面,30.56,1300000,1.讓渡日期:112/11/30  2.此申報總價為九百八十一萬預售屋、或土地及建物分件登記案件；,RPPRMLQLNHLGFCB48DA,42.98,0.0,4.41,有,
西屯區,房地(土地+建物)+車位,臺中市西屯區臺灣大道三段７６５號十四樓之２,5.59,商,,,1090715,土地1建物1車位1,十四層,三十六層,住宅大樓(11層含以上有電梯),住家用,鋼骨造,1141028,109.28,2,2,1,有,有,9550000,104802,坡道平面,30.56,1300000,1.讓渡日期:111/3/252.此申報總價為975萬元預售屋、或土地及建物分件登記案件；,RPVWMLPJNHLGFCB66DA,45.34,2.0,4.18,有,
西屯區,房地(土地+建物)+車位,臺中市西屯區臺灣大道三段７６５號八樓之１６,5.59,商,,,1090712,土地1建物1車位1,八層,三十六層,住宅大樓(11層含以上有電梯),住家用,鋼骨造,1141028,90.87,2,2,1,有,有,9030000,102629,坡道機械,12.14,950000,1.讓渡日期:113/4/62.此申報總價為975萬元預售屋、或土地及建物分件登記案件；,RPUSMLOLOHLGFCB98DA,45.34,2.0,4.18,有,
西屯區,房地(土地+建物)+車位,臺中市西屯區臺灣大道三段７６１號二十樓之１,8.11,商,,,1090704,土地1建物1車位1,二十層,三十六層,住宅大樓(11層含以上有電梯),住家用,鋼骨造,1141028,144.92000000000002,3,2,2,有,有,14300000,110616,坡道平面,30.56,1650000,預售屋、或土地及建物分件登記案件；,RPOTMLOLOHLGFCB48DA,65.84,4.21,4.83,有,
