鄉鎮市區,交易標的,土地位置建物門牌,土地移轉總面積平方公尺,都市土地使用分區,非都市土地使用分區,非都市土地使用編定,交易年月日,交易筆棟數,移轉層次,總樓層數,建物型態,主要用途,主要建材,建築完成年月,建物移轉總面積平方公尺,建物現況格局-房,建物現況格局-廳,建物現況格局-衛,建物現況格局-隔間,有無管理組織,總價元,單價元平方公尺,車位類別,車位移轉總面積平方公尺,車位總價元,備註,編號,主建物面積,附屬建物面積,陽台面積,電梯,移轉編號
The villages and towns urban district,transaction sign,land sector position building sector house number plate,land shifting total area square meter,the use zoning or compiles and checks,the non-metropolis land use district,non-metropolis land use,transaction year month and day,transaction pen number,shifting level,total floor number,building state,main use,main building materials,construction to complete the years,building shifting total area,Building present situation pattern - room,building present situation pattern - hall,building present situation pattern - health,building present situation pattern - compartmented,Whether there is manages the organization,total price NTD,the unit price (NTD / square meter),the berth category,berth shifting total area square meter,the berth total price NTD,the note,serial number,main building area,auxiliary building area,balcony area,elevator,transaction number
南區,房地(土地+建物),臺中市南區復新街８３號,17.7,都市：其他:第二種住宅區,,,1150802,土地1建物1車位0,一層，騎樓，地下層,五層,公寓(5樓含以下無電梯),住家用,鋼筋混凝土造,0711125,94.18,2,1,1,有,無,6200000,65831,,0.0,0,其他增建；,RPVQMLMKQHLGFAB58DA,94.18,0.0,0.0,無,
北屯區,房地(土地+建物)+車位,臺中市北屯區軍福十三路６３號九樓之２,23.49,都市：其他:第三種住宅區。,,,1150801,土地1建物1車位1,九層,十五層,住宅大樓(11層含以上有電梯),住家用,鋼筋混凝土造,1150703,187.92,4,2,2,有,有,19180000,106095,坡道平面,25.99,2000000,預售屋、或土地及建物分件登記案件；,RPURMLNKQHLGFBB78DA,96.0,0.0,11.21,有,
南屯區,房地(土地+建物)+車位,臺中市南屯區忠勇路７１之９號十四樓之５,25.92,都市：其他:第一種商業區,,,1150807,土地2建物1車位2,十四層,十五層,住宅大樓(11層含以上有電梯),住家用,鋼筋混凝土造,1050817,212.57999999999998,3,2,2,有,有,21000000,98786,坡道平面,59.64,0,,RPUPMLOKQHLGFCB78DA,88.71,1.91,11.95,有,
外埔區,房地(土地+建物),臺中市外埔區三崁路２８之１５號,82.16,,特定農業區,甲種建築用地,1150810,土地1建物1車位0,全,三層,透天厝,住家用,鋼筋混凝土造,0831205,149.89,4,2,3,有,無,6000000,40029,,0.0,0,其他增建；,RPSNMLLKQHLGFEB28DA,139.24,4.3,6.35,無,
清水區,房地(土地+建物)+車位,臺中市清水區港都路１５５號六樓之７,17.03,都市：其他:第四種商業區,,,1150803,土地1建物1車位1,六層,十五層,住宅大樓(11層含以上有電梯),住家用,鋼筋混凝土造,1090724,158.87,3,2,2,有,有,9090000,57217,坡道平面,31.7,0,,RPQOMLNKQHLGFFB48DA,78.37,0.0,8.78,有,0001
太平區,土地,茶寮段10地號,798.08,,山坡地保育區,丙種建築用地,1150811,土地1建物0車位0,,,其他,,,,0.0,0,0,0,無,無,1000000,1253,,0.0,0,,RPRNMLLKQHLGFJB68DA,0.0,0.0,0.0,無,0002
西區,房地(土地+建物),臺中市西區華美西街一段３３號３樓之７,3.83,都市：其他:第二種住宅區,,,1150812,土地1建物1車位0,三層,十二層,住宅大樓(11層含以上有電梯),住家用,鋼筋混凝土造,0780805,32.2,1,0,1,有,有,2550000,79193,,0.0,0,陽台外推；,RPPNMLOKQHLGFAB87DA,21.1,0.89,3.88,有,
南屯區,房地(土地+建物)+車位,臺中市南屯區嶺東南路１５１號二樓之８,13.41,都市：其他:第五種住宅區,,,1150810,土地1建物1車位1,二層,十五層,住宅大樓(11層含以上有電梯),住家用,鋼筋混凝土造,1110602,125.62,2,3,2,有,有,12000000,95526,坡道平面,30.79,0,,RPSOMLLKQHLGFCB18DA,60.39,0.0,4.6,有,0003
西屯區,房地(土地+建物),臺中市西屯區臺灣大道三段５６號,34.5,都市：其他:第二種住宅區,,,1150806,土地1建物1車位0,全,二層,透天厝,商業用,鋼筋混凝土造,0871231,45.4,0,0,0,無,無,9500000,209251,,0.0,0,親友、員工、共有人或其他特殊關係間之交易；,RPPPMLRKQHLGFCB58DA,43.31,0.0,2.09,無,
豐原區,房地(土地+建物),臺中市豐原區圓環北路二段１２１號十九樓之２,0.08,都市：其他:第二種住宅區,,,1150812,土地1建物1車位0,十九層,二十層,住宅大樓(11層含以上有電梯),住家用,鋼筋混凝土造,0850717,0.85,2,1,1,有,有,7000,0,,0.0,0,部分持分買賣親友、員工、共有人或其他特殊關係間之交易；,RPRNMLTKQHLGFDB88DA,0.0,0.0,0.0,有,0004
太平區,房地(土地+建物),臺中市太平區太平十二街１７號,26.59,都市：其他:住宅區,,,1150807,土地1建物1車位0,一層，二層，騎樓,六層,華廈(10層含以下有電梯),住商用,鋼筋混凝土造,0800130,132.06,2,1,2,有,無,6440000,48766,,0.0,0,,RPQNMLRJQHLGFJB09DA,111.14,1.32,3.07,有,
太平區,房地(土地+建物),臺中市太平區新平路三段３４６巷６號,131.93,都市：其他:住宅區,,,1150810,土地2建物1車位0,全,四層,透天厝,住家用,鋼筋混凝土造,1130807,219.82,5,2,6,有,無,29700000,135111,,0.0,0,其他增建；,RPXNMLMKQHLGFJB76DA,204.06,0.0,15.76,有,
西區,房地(土地+建物),臺中市西區向上路一段１５號１２樓之８,3.64,都市：其他:第二種住宅區,,,1150804,土地2建物1車位0,十二層,十三層,住宅大樓(11層含以上有電梯),住家用,鋼筋混凝土造,0830924,35.46,1,0,1,有,有,3800000,107163,,0.0,0,,RPTOMLPJQHLGFAB38DA,23.67,0.61,2.38,有,
南區,房地(土地+建物),臺中市南區學府路１６８巷７號十七樓之３,3.88,都市：其他:第二種住宅區,,,1150808,土地3建物1車位0,十七層,十九層,住宅大樓(11層含以上有電梯),住家用,鋼筋混凝土造,0860428,43.02,1,0,1,有,有,3000000,69735,,0.0,0,陽台外推；,RPRPMLLKQHLGFAB97DA,23.91,0.53,3.16,有,
南區,車位,臺中市南區大慶街一段７７－１８號等公共設施,0.0,,,,1150806,土地0建物1車位1,,,其他,,,,10.97,0,0,0,無,有,1050000,,坡道平面,10.97,1050000,建物坐落地號：樹子腳段409地號；僅車位交易；,RPPNMLKLQHLGFAB57DA,0.0,0.0,0.0,有,0005
中區,房地(土地+建物),臺中市中區公園路３８號八樓之３１,5.27,都市：其他:第二種商業區,,,1150803,土地2建物1車位0,八層,十一層,住宅大樓(11層含以上有電梯),住家用,鋼筋混凝土造,0701231,40.349999999999994,1,0,1,有,有,2300000,57001,,0.0,0,,RPXNMLKLQHLGFAB38DA,26.83,0.0,0.0,有,0006
北區,房地(土地+建物),臺中市北區東光東街８１號五樓之１７,4.84,都市：其他:第二種住宅區,,,1150810,土地1建物1車位0,五層,十六層,住宅大樓(11層含以上有電梯),住家用,鋼筋混凝土造,0831214,38.4,1,1,1,有,有,3007800,78328,,0.0,0,,RPPSMLRKQHLGFBB78DA,24.3,0.0,3.42,有,
西屯區,房地(土地+建物),臺中市西屯區國安一路２３３巷３號四樓之１,31.37,都市：其他:第六種住宅區,,,1150803,土地1建物1車位0,四層,十二層,住宅大樓(11層含以上有電梯),住家用,鋼筋混凝土造,0850923,142.26,3,2,2,有,有,8230000,57852,,0.0,0,其他增建；,RPROMLLKQHLGFCB08DA,82.96,2.46,7.88,有,0007
豐原區,土地,豐陽段71地號,70.65,都市：其他:農業區,,,1150803,土地1建物0車位0,,,其他,,,,0.0,0,0,0,無,無,427400,6050,,0.0,0,,RPTNMLOJQHLGFDB48DA,0.0,0.0,0.0,無,0008
沙鹿區,土地,沙工段361-1地號,16.24,都市：其他:第四種住宅區,,,1150814,土地1建物0車位0,,,其他,,,,0.0,0,0,0,無,無,982520,60500,,0.0,0,,RPXNMLOKQHLGFFB56DA,0.0,0.0,0.0,無,
清水區,房地(土地+建物),臺中市清水區民享三街４７號,302.0,都市：其他:第四種住宅區,,,1150804,土地1建物1車位0,全,三層,透天厝,住家用,鋼筋混凝土造,0881116,294.94,4,3,4,有,無,28250000,95782,,0.0,0,頂樓加蓋；未登記建物；,RPPNMLLLQHLGFFB18DA,277.77,0.0,17.17,無,
沙鹿區,土地,大學段562地號,789.15,都市：其他:九年制國校用地,,,1150804,土地1建物0車位0,,,其他,,,,0.0,0,0,0,無,無,15000000,19008,,0.0,0,包含公共設施保留地用地；,RPXNMLLLQHLGFFB98DA,0.0,0.0,0.0,無,
新社區,土地,食水嵙段866地號,1329.69,,山坡地保育區,農牧用地,1150811,土地1建物0車位0,,,其他,,,,0.0,0,0,0,無,無,2200000,1655,,0.0,0,,RPPNMLKLQHLGFGB18DA,0.0,0.0,0.0,無,
大雅區,房地(土地+建物),臺中市大雅區樹德街１９２巷１６號,104.0,都市：其他:第一種住宅區,,,1150806,土地2建物1車位0,全,二層,透天厝,住商用,加強磚造,0711009,146.72,4,2,3,有,無,2000000,13631,,0.0,0,親友、員工、共有人或其他特殊關係間之交易；頂樓加蓋；未登記建物；,RPUNMLTKQHLGFHB96DA,141.41,0.0,5.31,無,
太平區,房地(土地+建物),臺中市太平區新民路６號四樓之１０,3.14,都市：其他:住宅區,,,1150811,土地1建物1車位0,四層,十二層,住宅大樓(11層含以上有電梯),住家用,鋼筋混凝土造,0831018,30.66,1,0,1,有,有,2000000,65232,,0.0,0,,RPVNMLTKQHLGFJB27DA,19.03,0.0,3.77,有,0009
梧棲區,土地,民權段249-3地號,113.0,都市：其他:農業區,,,1150812,土地1建物0車位0,,,其他,,,,0.0,0,0,0,無,無,3243800,28706,,0.0,0,政府機關標讓售；,RPQNMLLLQHLGFFB38EA,0.0,0.0,0.0,無,
東區,房地(土地+建物),臺中市東區和平街１１９之３號３樓之１０,5.9,都市：其他:第一種商業區,,,1150817,土地1建物1車位0,三層,八層,華廈(10層含以下有電梯),住家用,鋼筋混凝土造,0830202,41.77,1,0,1,有,有,2000000,47881,,0.0,0,親友、員工、共有人或其他特殊關係間之交易；,RPQNMLSKQHLGFAB38DA,23.98,0.0,2.87,有,
北區,房地(土地+建物),臺中市北區柳川東路四段１３號７樓之１２,8.37,都市：其他:第二種住宅區,,,1150804,土地2建物1車位0,七層,七層,華廈(10層含以下有電梯),住家用,鋼筋混凝土造,0741024,37.42,1,1,1,有,有,2900000,77499,,0.0,0,,RPOTNLOKQHLGFBB58DA,34.57,0.0,2.85,有,0010
北區,房地(土地+建物),臺中市北區東光東街７９號十二樓之１０,7.58,都市：其他:第二種住宅區,,,1150810,土地1建物1車位0,十二層,十六層,住宅大樓(11層含以上有電梯),住家用,鋼筋混凝土造,0831214,62.86,1,1,1,有,有,4813800,76580,,0.0,0,,RPUSMLRKQHLGFBB66DA,41.28,0.0,3.15,有,
北區,房地(土地+建物),臺中市北區東光東街７９號十一樓之１２,3.83,都市：其他:第二種住宅區,,,1150810,土地1建物1車位0,十一層,十六層,住宅大樓(11層含以上有電梯),住家用,鋼筋混凝土造,0831214,30.479999999999997,1,1,1,有,有,2551800,83720,,0.0,0,,RPOTMLRKQHLGFBB78DA,20.09,1.61,0.0,有,
西屯區,房地(土地+建物),臺中市西屯區至善路２４２號六樓之３,2.28,都市：其他:第二種住宅區,,,1150808,土地1建物1車位0,六層,十四層,住宅大樓(11層含以上有電梯),住家用,鋼筋混凝土造,0870428,25.729999999999997,1,0,1,有,有,2530000,98329,,0.0,0,,RPQNMLSJQHLGFCB48DA,12.46,0.67,3.02,有,0011
西屯區,房地(土地+建物)+車位,臺中市西屯區寶慶街１８巷２６號十樓之２,13.62,都市：其他:第三種商業區,,,1150810,土地1建物1車位1,十層,十二層,住宅大樓(11層含以上有電梯),住家用,鋼筋混凝土造,0850923,157.22,3,2,2,有,有,13400000,85231,坡道平面,0.0,0,,RPUNMLKKQHLGFCB18DA,91.23,2.33,9.4,有,
豐原區,土地,新綠山段544-8地號,14.26,都市：其他:第一之二種住宅區,,,1150810,土地1建物0車位0,,,其他,,,,0.0,0,0,0,無,無,380000,26648,,0.0,0,,RPSNMLLKQHLGFDB18DA,0.0,0.0,0.0,無,
神岡區,土地,竹圍段84-1地號,607.76,,特定農業區,水利用地,1150807,土地3建物0車位0,,,其他,,,,0.0,0,0,0,無,無,13224858,21760,,0.0,0,政府機關標讓售；,RPQNMLTKQHLGFDB78DA,0.0,0.0,0.0,無,
大甲區,房地(土地+建物),臺中市大甲區光明路２６３之２號五之１樓,6.54,都市：其他:住宅區,,,1150812,土地2建物1車位0,五層,八層,華廈(10層含以下有電梯),住家用,鋼筋混凝土造,0821029,35.86,1,1,1,有,有,1720000,47964,,0.0,0,屋況老舊.有滲水情況.賣方折價出售.,RPPNMLPKQHLGFEB38DA,23.03,0.0,4.18,有,
沙鹿區,土地,福至段704地號,9.51,都市：其他:第四種住宅區,,,1150817,土地5建物0車位0,,,其他,,,,0.0,0,0,0,無,無,506570,53267,,0.0,0,沙鹿區保寧段505、506兩筆地號交易價格共計167252元整。沙鹿區福至段704、704-1、704-2三筆地號交易價格共計339318元整。,RPTNMLRKQHLGFFB09DA,0.0,0.0,0.0,無,0012
太平區,房地(土地+建物)+車位,臺中市太平區育才路１６７號十樓之６,19.14,都市：其他:住宅區,,,1150811,土地1建物1車位1,十層,十五層,住宅大樓(11層含以上有電梯),住家用,鋼筋混凝土造,1150113,125.02000000000001,2,2,2,有,有,11470000,91745,坡道平面,28.23,0,,RPSNMLNKQHLGFJB98DA,56.68,0.0,7.06,有,0013
太平區,房地(土地+建物),臺中市太平區中山路三段６７巷６２弄１６號,93.0,都市：其他:住宅區,,,1150803,土地1建物1車位0,全,二層,透天厝,住家用,加強磚造,0750125,126.29,4,1,3,有,無,3100000,24547,,0.0,0,親友、員工、共有人或其他特殊關係間之交易；,RPPNMLKLQHLGFJB48DA,120.74,1.56,3.99,無,
北區,土地,乾溝子段156-105地號,4.0,都市：其他:第二種住宅區,,,1150805,土地1建物0車位0,,,其他,,,,0.0,0,0,0,無,無,819000,204750,,0.0,0,畸零地或有合併使用效益；政府機關標讓售；,RPPNMLKLQHLGFBB77EA,0.0,0.0,0.0,無,
大里區,房地(土地+建物),臺中市大里區新忠路７之４號,30.25,都市：其他:住宅區,,,1150804,土地1建物1車位0,四層,五層,公寓(5樓含以下無電梯),住家用,鋼筋混凝土造,0681213,83.9,3,1,1,有,無,4000000,47676,,0.0,0,親友、員工、共有人或其他特殊關係間之交易；,RPQNMLLLQHLGFIB68EA,83.9,0.0,0.0,無,
西區,房地(土地+建物),臺中市西區自由路一段２０號,69.58,都市：其他:第二種住宅區,,,1150805,土地5建物1車位0,全,二層,透天厝,住商用,加強磚造,0561206,127.23,6,3,3,有,無,11750000,92352,,0.0,0,本案包含另一門牌之未辦保存建物建物買賣移轉親友、員工、共有人或其他特殊關係間之交易；未登記建物；,RPTNMLOLQHLGFAB38DA,127.23,0.0,0.0,無,
北屯區,房地(土地+建物)+車位,臺中市北屯區瀋陽路三段２８號十三樓之２,8.96,都市：其他:第四種商業區,,,1150803,土地1建物1車位1,十三層,十八層,住宅大樓(11層含以上有電梯),住家用,鋼筋混凝土造,0990909,115.02000000000001,2,2,1,有,有,12900000,112154,坡道機械,14.28,0,陽台外推；,RPROMLNJQHLGFBB08DA,54.45,0.65,14.27,有,
北屯區,土地,仁美段1752地號,67.09,都市：其他:第二種商業區,,,1150807,土地1建物0車位0,,,其他,,,,0.0,0,0,0,無,無,14814140,220810,,0.0,0,親友、員工、共有人或其他特殊關係間之交易；未登記建物；,RPOOMLRJQHLGFBB18DA,0.0,0.0,0.0,無,
北區,房地(土地+建物)+車位,臺中市北區原子街１４９號七樓之３,16.62,都市：其他:第一種商業區,,,1150809,土地2建物1車位1,七層,十一層,住宅大樓(11層含以上有電梯),住家用,鋼筋混凝土造,0971028,107.82,1,2,1,有,有,9600000,89037,坡道平面,29.12,0,其他增建；,RPUUMLTKQHLGFBB07DA,50.53,2.15,3.52,有,0014
北屯區,房地(土地+建物)+車位,臺中市北屯區敦和路１６８號六樓之５,41.55,都市：其他:第一之一種住宅區,,,1150803,土地1建物1車位2,六層,二十層,住宅大樓(11層含以上有電梯),住家用,鋼筋混凝土造,1150310,235.46,3,2,2,有,有,35220000,203277,坡道平面,82.86,4200000,,RPRQMLLLQHLGFBB28DA,91.97,0.0,4.94,有,
北屯區,房地(土地+建物),臺中市北屯區青島路三段２３５之５，２３３之５號,14.04,都市：其他:第二種商業區,,,1150810,土地1建物1車位0,七層,七層,華廈(10層含以下有電梯),住家用,鋼筋混凝土造,0760527,77.61,4,2,3,有,有,3000000,38650,,0.0,0,親友、員工、共有人或其他特殊關係間之交易；,RPQNMLNLQHLGFBB08DA,54.01,0.95,8.02,有,0015
西屯區,房地(土地+建物)+車位,臺中市西屯區青海南街２２３號十樓之５,23.15,都市：其他:第二種住宅區,,,1150805,土地1建物1車位1,十層,十二層,住宅大樓(11層含以上有電梯),住家用,鋼筋混凝土造,1020814,166.45,2,1,2,有,有,16000000,96125,坡道平面,0.0,0,,RPWNMLQJQHLGFCB88DA,70.5,5.16,9.62,有,
西屯區,房地(土地+建物),臺中市西屯區天水西六街１９之１號,51.2,都市：其他:第二種住宅區,,,1150805,土地1建物1車位0,一層，騎樓，夾層,五層,華廈(10層含以下有電梯),住商用,鋼筋混凝土造,0780609,229.32999999999998,3,0,4,有,有,18000000,78490,,0.0,0,親友、員工、共有人或其他特殊關係間之交易；,RPWRMLKKQHLGFCB78DA,180.84,4.73,5.69,有,
西屯區,房地(土地+建物),臺中市西屯區黎明路三段３１２號八樓之６,3.19,都市：其他:第二種商業區,,,1150812,土地1建物1車位0,八層,十三層,住宅大樓(11層含以上有電梯),住家用,鋼筋混凝土造,0840220,23.86,1,0,1,有,有,2500000,104778,,0.0,0,,RPPQMLKLQHLGFCB08DA,14.06,0.0,3.55,有,0016
西屯區,土地,西屯段1116地號,58.0,都市：其他:第三種住宅區。,,,1150809,土地1建物0車位0,,,其他,,,,0.0,0,0,0,無,無,1600000,27586,,0.0,0,親友、員工、共有人或其他特殊關係間之交易；,RPUPMLOLQHLGFCB88DA,0.0,0.0,0.0,無,
后里區,土地,新公館段402地號,261.82,,特定農業區,甲種建築用地,1150803,土地1建物0車位0,,,其他,,,,0.0,0,0,0,無,無,7210000,27538,,0.0,0,未登記建物；,RPQNMLOJQHLGFDB18DA,0.0,0.0,0.0,無,0017
豐原區,房地(土地+建物),臺中市豐原區安和路２５巷１７號,78.0,都市：其他:第二種住宅區,,,1150803,土地1建物1車位0,全,二層,透天厝,住家用,加強磚造,0680302,116.04,4,2,2,有,無,6000000,51706,,0.0,0,親友、員工、共有人或其他特殊關係間之交易；,RPQNMLKLQHLGFDB97DA,116.04,0.0,0.0,無,
外埔區,土地,上鐵山段632-5地號,46.69,,特定農業區,水利用地,1150806,土地2建物0車位0,,,其他,,,,0.0,0,0,0,無,無,380056,8140,,0.0,0,政府機關標讓售；,RPRNMLPLQHLGFEB68DA,0.0,0.0,0.0,無,
霧峰區,土地,育德段317地號,60.81,,,,1150804,土地1建物0車位0,,,其他,,,,0.0,0,0,0,無,無,186079,3060,,0.0,0,政府機關標讓售；,RPTNMLSKQHLGFIB86DA,0.0,0.0,0.0,無,
霧峰區,土地,育德段318地號,22.08,,,,1150804,土地1建物0車位0,,,其他,,,,0.0,0,0,0,無,無,67565,3060,,0.0,0,政府機關標讓售；,RPUNMLSKQHLGFIB96DA,0.0,0.0,0.0,無,0018
大甲區,土地,福德段155地號,23.4,,特定農業區,農牧用地,1150818,土地1建物0車位0,,,其他,,,,0.0,0,0,0,無,無,83000,3547,,0.0,0,政府機關標讓售；,RPPNMLPLQHLGFEB58EA,0.0,0.0,0.0,無,
梧棲區,土地,西建段76-1地號,29.45,都市：其他:第四種住宅區,,,1150818,土地1建物0車位0,,,其他,,,,0.0,0,0,0,無,無,1446188,49107,,0.0,0,政府機關標讓售；,RPPNMLPLQHLGFFB68EA,0.0,0.0,0.0,無,
南區,房地(土地+建物),臺中市南區建國南路１段２６５號４樓之２,17.26,都市：其他:第三種住宅區。,,,1150810,土地1建物1車位0,四層,二十層,住宅大樓(11層含以上有電梯),住家用,鋼筋混凝土造,0840429,178.44,3,2,2,有,有,5000000,28021,,0.0,0,親友、員工、共有人或其他特殊關係間之交易；,RPXOMLLKQHLGFAB48DA,108.63,0.95,14.72,有,
南區,房地(土地+建物),臺中市南區南平路３９號九樓之３,2.45,都市：其他:第一種商業區,,,1150812,土地1建物1車位0,九層,十三層,住宅大樓(11層含以上有電梯),住家用,鋼筋混凝土造,0840510,27.799999999999997,1,0,1,有,有,2130000,76619,,0.0,0,,RPVNMLOKQHLGFAB48DA,16.23,0.0,2.49,有,
南屯區,土地,埔興段557地號,58.83,都市：其他:公園用地,,,1150803,土地1建物0車位0,,,其他,,,,0.0,0,0,0,無,無,8765111,148990,,0.0,0,協議價購；,RPPNMLPLQHLGFCB28DA,0.0,0.0,0.0,無,0019
南屯區,土地,埔興段557地號,58.83,都市：其他:公園用地,,,1150803,土地1建物0車位0,,,其他,,,,0.0,0,0,0,無,無,8765111,148990,,0.0,0,協議價購；,RPQNMLPLQHLGFCB38DA,0.0,0.0,0.0,無,0019
南屯區,土地,埔興段558地號,85.06,都市：其他:公園用地,,,1150803,土地1建物0車位0,,,其他,,,,0.0,0,0,0,無,無,12674685,149009,,0.0,0,協議價購；,RPRNMLPLQHLGFCB48DA,0.0,0.0,0.0,無,0021
豐原區,土地,北天段769地號,65.9,都市：其他:道路用地,,,1150804,土地1建物0車位0,,,其他,,,,0.0,0,0,0,無,無,956868,14520,,0.0,0,政府機關標讓售；,RPVNMLSKQHLGFDB56DA,0.0,0.0,0.0,無,
豐原區,土地,北天段770地號,34.96,都市：其他:道路用地,,,1150804,土地1建物0車位0,,,其他,,,,0.0,0,0,0,無,無,507619,14520,,0.0,0,政府機關標讓售；,SPVNMLSKQHLGFDB66DA,0.0,0.0,0.0,無,
豐原區,土地,北天段1049地號,111.23,都市：其他:道路用地,,,1150804,土地1建物0車位0,,,其他,,,,0.0,0,0,0,無,無,1615060,14520,,0.0,0,政府機關標讓售；,TPVNMLSKQHLGFDB76DA,0.0,0.0,0.0,無,
后里區,土地,后豐段658-1地號,19.65,都市：其他:道路用地,,,1150804,土地1建物0車位0,,,其他,,,,0.0,0,0,0,無,無,2111409,107451,,0.0,0,協議價購；,RPPNMLPLQHLGFDB38DA,0.0,0.0,0.0,無,
外埔區,土地,大東段382地號,166.75,,鄉村區,乙種建築用地,1150805,土地2建物0車位0,,,其他,,,,0.0,0,0,0,無,無,3530870,21175,,0.0,0,親友、員工、共有人或其他特殊關係間之交易；,RPQNMLOLQHLGFEB48DA,0.0,0.0,0.0,無,0022
烏日區,土地,光日段656地號,10.23,都市：其他:機關用地(刪除使用項目),,,1150813,土地1建物0車位0,,,其他,,,,0.0,0,0,0,無,無,655950,64120,,0.0,0,協議價購；,RPPNMLPLQHLGFIB98EA,0.0,0.0,0.0,無,
東區,房地(土地+建物),臺中市東區復興路四段６２巷２之１號,32.22,都市：其他:第一種商業區,,,1150806,土地1建物1車位0,一層，地下一層,五層,公寓(5樓含以下無電梯),商業用,鋼筋混凝土造,0811019,107.7,1,2,1,有,無,6780000,62953,,0.0,0,其他增建；,RPQOMLQJQHLGFAB18DA,103.29,0.0,0.0,無,
西區,房地(土地+建物),臺中市西區三民路１段５０巷８號１９樓之２６,2.73,都市：其他:第二種住宅區,,,1150815,土地3建物1車位0,十九層,十九層,住宅大樓(11層含以上有電梯),住家用,鋼筋混凝土造,0840113,35.29,1,1,1,有,有,2260000,64041,,0.0,0,,RPUNMLPLQHLGFAB58DA,19.19,0.0,3.96,有,
南屯區,車位,臺中市南屯區新富路６６７號等公共設施,0.0,,,,1150805,土地0建物1車位8,,,其他,,,,267.42,0,0,0,無,有,12000000,,坡道平面,267.44,0,建物坐落地號：永富段213地號；僅車位交易；,RPUPMLQJQHLGFCB88DA,0.0,0.0,0.0,有,
西屯區,房地(土地+建物),臺中市西屯區西屯路二段２６８之８巷１號七樓之８,3.17,都市：其他:第三之二種住宅區,,,1150816,土地1建物1車位0,七層,十三層,住宅大樓(11層含以上有電梯),住家用,鋼筋混凝土造,0860408,30.43,1,0,1,有,有,2020000,66382,,0.0,0,,RPPOMLRKQHLGFCB48DA,15.67,0.0,3.42,有,
南屯區,房地(土地+建物)+車位,臺中市南屯區大墩七街５２６號十一樓之７,7.57,都市：其他:第二種商業區,,,1150818,土地1建物1車位1,十一層,二十四層,住宅大樓(11層含以上有電梯),住家用,鋼筋混凝土造,1101029,102.36,2,2,1,有,有,13000000,127003,坡道平面,27.87,0,,RPQOMLPLQHLGFCB48DA,38.97,5.04,4.45,有,
西屯區,房地(土地+建物),臺中市西屯區國安一路１６０號十樓之５,3.74,都市：其他:第六種住宅區,,,1150808,土地1建物1車位0,十層,十五層,住宅大樓(11層含以上有電梯),住家用,鋼筋混凝土造,0960522,30.049999999999997,1,1,1,有,有,2440000,81198,,0.0,0,親友、員工、共有人或其他特殊關係間之交易；,RPXOMLSLQHLGFCB86DA,14.71,0.71,1.27,有,
外埔區,土地,二崁段956地號,48.9,,山坡地保育區,丙種建築用地,1150811,土地1建物0車位0,,,其他,,,,0.0,0,0,0,無,無,592000,12106,,0.0,0,1.土地因持分共有.不申請鑑界.不點交.以現況交地.,RPPNMLSLQHLGFEB78DA,0.0,0.0,0.0,無,
清水區,建物,臺中市清水區星海一街５１號,0.0,,,,1150812,土地0建物1車位0,全,一層,透天厝,辦公用,鋼骨造,0981105,313.08,5,2,2,有,無,2880000,9199,,0.0,0,建物坐落地號：福安段595地號；,RPOPMLOLQHLGFFB58DA,313.08,0.0,0.0,無,
東勢區,土地,延平段456-18地號,1.74,都市：其他:住宅區,,,1150819,土地1建物0車位0,,,其他,,,,0.0,0,0,0,無,無,60000,34483,,0.0,0,,RPPNMLTKQHLGFGB98DA,0.0,0.0,0.0,無,
潭子區,房地(土地+建物),臺中市潭子區雅潭路三段７１巷４１號,73.97,都市：其他:農業區,,,1150815,土地2建物1車位0,全,二層,透天厝,住家用,加強磚造,0650731,103.28,5,1,1,有,無,9800000,94888,,0.0,0,頂樓加蓋；,RPQOMLSKQHLGFHB56DA,103.28,0.0,0.0,無,
潭子區,房地(土地+建物),臺中市潭子區興華一路３６０巷２２弄１８號,70.0,都市：其他:第一之二種住宅區,,,1150814,土地1建物1車位0,全,三層,透天厝,住家用,鋼筋混凝土造,0940306,163.95,4,3,3,有,無,15800000,96371,,0.0,0,其他增建；急買急賣；,RPRNMLOLQHLGFHB88DA,132.86,6.85,24.24,無,
大肚區,土地,追分段1345地號,15.66,都市：其他:第一種住宅區,,,1150817,土地2建物0車位0,,,其他,,,,0.0,0,0,0,無,無,298437,19057,,0.0,0,,RPTNMLSKQHLGFKB07DA,0.0,0.0,0.0,無,
龍井區,土地,木本段113地號,29.21,都市：其他:第四種住宅區,,,1150807,土地2建物0車位0,,,其他,,,,0.0,0,0,0,無,無,380000,13009,,0.0,0,,RPTNMLOLQHLGFKB76DA,0.0,0.0,0.0,無,
龍井區,土地,龍田段1578-1地號,237.33,都市：其他:第四種住宅區,,,1150811,土地1建物0車位0,,,其他,,,,0.0,0,0,0,無,無,2207200,9300,,0.0,0,親友、員工、共有人或其他特殊關係間之交易；,RPQNMLRLQHLGFKB76DA,0.0,0.0,0.0,無,
清水區,土地,三田段730-2地號,28.0,都市：其他:農業區,,,1150812,土地1建物0車位0,,,其他,,,,0.0,0,0,0,無,無,665000,23750,,0.0,0,政府機關標讓售；,RPQNMLPLQHLGFFB78EA,0.0,0.0,0.0,無,
龍井區,土地,中山段464地號,3.46,都市：其他:農業區,,,1150816,土地1建物0車位0,,,其他,,,,0.0,0,0,0,無,無,31432,9084,,0.0,0,,RPQNMLQLQHLGFKB76EA,0.0,0.0,0.0,無,
龍井區,土地,中山段464地號,2.31,都市：其他:農業區,,,1150816,土地1建物0車位0,,,其他,,,,0.0,0,0,0,無,無,20954,9071,,0.0,0,,RPRNMLQLQHLGFKB86EA,0.0,0.0,0.0,無,
龍井區,土地,中山段464地號,2.31,都市：其他:農業區,,,1150816,土地1建物0車位0,,,其他,,,,0.0,0,0,0,無,無,20954,9071,,0.0,0,,RPSNMLQLQHLGFKB96EA,0.0,0.0,0.0,無,
龍井區,土地,中山段464地號,2.31,都市：其他:農業區,,,1150816,土地1建物0車位0,,,其他,,,,0.0,0,0,0,無,無,20954,9071,,0.0,0,,RPTNMLQLQHLGFKB07EA,0.0,0.0,0.0,無,
龍井區,土地,中山段464地號,2.31,都市：其他:農業區,,,1150816,土地1建物0車位0,,,其他,,,,0.0,0,0,0,無,無,20954,9071,,0.0,0,,RPUNMLQLQHLGFKB17EA,0.0,0.0,0.0,無,
龍井區,土地,中山段464地號,2.31,都市：其他:農業區,,,1150816,土地1建物0車位0,,,其他,,,,0.0,0,0,0,無,無,20954,9071,,0.0,0,,RPVNMLQLQHLGFKB27EA,0.0,0.0,0.0,無,
龍井區,土地,中山段464地號,2.31,都市：其他:農業區,,,1150826,土地1建物0車位0,,,其他,,,,0.0,0,0,0,無,無,20954,9071,,0.0,0,,RPWNMLQLQHLGFKB37EA,0.0,0.0,0.0,無,
龍井區,土地,中山段464地號,2.31,都市：其他:農業區,,,1150816,土地1建物0車位0,,,其他,,,,0.0,0,0,0,無,無,20954,9071,,0.0,0,,RPXNMLQLQHLGFKB47EA,0.0,0.0,0.0,無,
龍井區,土地,中山段464地號,2.31,都市：其他:農業區,,,1150816,土地1建物0車位0,,,其他,,,,0.0,0,0,0,無,無,20954,9071,,0.0,0,,RPOOMLQLQHLGFKB66EA,0.0,0.0,0.0,無,
龍井區,土地,中山段464地號,2.31,都市：其他:農業區,,,1150816,土地1建物0車位0,,,其他,,,,0.0,0,0,0,無,無,20954,9071,,0.0,0,,RPPOMLQLQHLGFKB76EA,0.0,0.0,0.0,無,
南區,房地(土地+建物)+車位,臺中市南區五權南一路５３號三樓之一,15.5,都市：其他:第三種住宅區。,,,1150712,土地1建物1車位1,三層,十五層,住宅大樓(11層含以上有電梯),住家用,鋼筋混凝土造,1010528,150.91,2,2,2,有,有,14000000,92771,坡道平面,29.84,0,,RPUOMLQJQHLGFAB58DA,78.67,2.19,3.95,有,0023
南區,房地(土地+建物)+車位,臺中市南區南和二街９號１０樓之３,20.58,都市：其他:第二種住宅區,,,1150730,土地1建物1車位1,十層,十二層,住宅大樓(11層含以上有電梯),住家用,鋼筋混凝土造,0830718,128.49,3,2,2,有,有,6000000,46696,坡道機械,0.0,0,親友、員工、共有人或其他特殊關係間之交易；陽台外推；,RPUNMLRKQHLGFAB68DA,82.4,2.3,11.4,有,0024
西區,房地(土地+建物)+車位,臺中市西區忠誠街２８巷１號四樓,50.91,都市：其他:第二之一種商業區,,,1150701,土地2建物1車位1,四層,六層,華廈(10層含以下有電梯),住家用,鋼筋混凝土造,0660423,131.91,7,0,7,有,無,12500000,94762,坡道平面,0.0,0,,RPXNMLSKQHLGFAB09DA,131.91,0.0,0.0,有,0025
北區,房地(土地+建物),臺中市北區華興街１２６巷８之１號,85.12,都市：其他:第二種住宅區,,,1150703,土地2建物1車位0,全,五層,透天厝,住家用,鋼筋混凝土造,1150317,282.45,8,1,8,有,有,39270000,139033,,0.0,0,,RPTPMLOKPHLGFBB48DA,258.97,0.0,23.48,無,
北屯區,房地(土地+建物)+車位,臺中市北屯區中清路二段４１５巷１００號三樓之２,31.95,都市：其他:第二種住宅區,,,1150724,土地1建物1車位1,三層,十二層,住宅大樓(11層含以上有電梯),住家用,鋼筋混凝土造,1020609,153.86,3,2,2,有,有,14700000,95541,坡道平面,30.59,0,陽台外推；,RPVNMLSLPHLGFBB98DA,72.52,2.99,6.76,有,
北屯區,房地(土地+建物),臺中市北屯區梅川東路四段１０５號６樓之２３,4.01,都市：其他:第二種住宅區,,,1150719,土地1建物1車位0,六層,十七層,住宅大樓(11層含以上有電梯),商業用,鋼筋混凝土造,0831222,42.22,1,1,1,有,有,4200000,99479,,0.0,0,,RPWOMLLMPHLGFBB58DA,25.41,0.46,3.05,有,0026
北屯區,房地(土地+建物),臺中市北屯區德和一街１０７號,158.9,都市：其他:第一種住宅區,,,1150730,土地2建物1車位0,全,五層,透天厝,住家用,鋼筋混凝土造,1150130,374.47,6,3,6,有,有,66000000,176249,,0.0,0,,RPWOMLQJQHLGFBB88DA,353.19,0.0,21.28,無,0027
北區,房地(土地+建物),臺中市北區梅亭街４３６巷５之３號,25.56,都市：其他:道路用地,,,1150720,土地3建物1車位0,四層,五層,公寓(5樓含以下無電梯),住家用,鋼筋混凝土造,0661027,78.69,3,2,2,有,無,4800000,60999,,0.0,0,,RPTOMLRJQHLGFBB68DA,66.67,0.0,12.02,無,
北區,房地(土地+建物)+車位,臺中市北區大德街４９號四樓之６,30.32,都市：其他:第三種住宅區。,,,1150703,土地1建物1車位2,四層,十二層,住宅大樓(11層含以上有電梯),住家用,鋼筋混凝土造,0991015,259.87,4,2,2,有,有,31500000,121214,坡道平面,62.6,0,,RPXRMLMKQHLGFBB98DA,118.96,6.31,11.08,有,
北區,房地(土地+建物),臺中市北區東光東街７９號十一樓之５,3.68,都市：其他:第二種住宅區,,,1150728,土地1建物1車位0,十一層,十六層,住宅大樓(11層含以上有電梯),住家用,鋼筋混凝土造,0831214,29.439999999999998,1,1,1,有,有,2880000,97826,,0.0,0,,RPWSMLRKQHLGFBB86DA,20.52,0.0,0.0,有,0028
西屯區,房地(土地+建物)+車位,臺中市西屯區長安路二段１３１巷１０８號四樓之１,23.5,都市：其他:第二種住宅區,,,1150704,土地1建物1車位1,四層,十二層,住宅大樓(11層含以上有電梯),住家用,鋼筋混凝土造,1021105,150.38,3,2,2,有,有,16670000,110853,坡道平面,33.91,0,,RPWSMLRJQHLGFCB86DA,73.24,3.28,5.65,有,
西屯區,土地,下石碑段1298地號,9.16,都市：其他:第二種住宅區,,,1150716,土地1建物0車位0,,,其他,,,,0.0,0,0,0,無,無,831000,90721,,0.0,0,含土地增值稅或其他稅費；含仲介費；含地政士服務費；其他；親友、員工、共有人或其他特殊關係間之交易；未登記建物；農作物；畸零地或有合併使用效益；,RPWUMLKKQHLGFCB09DA,0.0,0.0,0.0,無,0029
西屯區,房地(土地+建物)+車位,臺中市西屯區福順路８７９號十樓之１,18.84,都市：其他:第一之一種住宅區,,,1150715,土地1建物1車位1,十層,十四層,住宅大樓(11層含以上有電梯),住家用,鋼筋混凝土造,0831026,123.26,3,2,2,有,有,8550000,69360,坡道平面,0.0,0,,RPWNMLPKQHLGFCB88DA,89.52,0.0,10.71,有,
豐原區,土地,西湳北段775地號,260.3,都市：其他:道路用地,,,1150724,土地2建物0車位0,,,其他,,,,0.0,0,0,0,無,無,1181100,4537,,0.0,0,包含公共設施保留地用地；,RPPNMLKMPHLGFDB87DA,0.0,0.0,0.0,無,
神岡區,土地,新興段973地號,1833.43,,一般農業區,農牧用地,1150724,土地1建物0車位0,,,其他,,,,0.0,0,0,0,無,無,24957450,13612,,0.0,0,,RPRNMLOKQHLGFDB38DA,0.0,0.0,0.0,無,
大安區,土地,南安段930地號,1835.17,,特定農業區,農牧用地,1150725,土地2建物0車位0,,,其他,,,,0.0,0,0,0,無,無,1300000,708,,0.0,0,賣方實得買賣價金新台幣130萬元整與本案買賣有關之移轉規費及稅金及費用含土地增稅及印花稅及規費及地政士服務費....等皆由買方全額負擔,RPPNMLPLPHLGFEB38DA,0.0,0.0,0.0,無,
大甲區,土地,中山段758地號,601.41,都市：其他:住宅區,,,1150714,土地2建物0車位0,,,其他,,,,0.0,0,0,0,無,無,16227824,26983,,0.0,0,,RPTNMLSKQHLGFEB09DA,0.0,0.0,0.0,無,0030
梧棲區,房地(土地+建物)+車位,臺中市梧棲區臨港路四段５９０號十七樓之１０,17.26,都市：其他:第四種商業區,,,1150710,土地1建物1車位1,十七層,二十四層,住宅大樓(11層含以上有電梯),住家用,鋼筋混凝土造,1131216,200.54000000000002,3,2,2,有,有,12000000,59838,坡道平面,26.13,0,,RPSNMLKKQHLGFFB28DA,100.88,1.48,14.59,有,0031
大雅區,土地,振興段983地號,1200.24,都市：其他:農業區,,,1150727,土地1建物0車位0,,,其他,,,,0.0,0,0,0,無,無,36300000,30244,,0.0,0,,RPRNMLNKQHLGFHB68DA,0.0,0.0,0.0,無,0032
潭子區,房地(土地+建物)+車位,臺中市潭子區興華一路１１３號六樓之２,31.5,都市：其他:住宅區,,,1150716,土地1建物1車位1,六層,十五層,住宅大樓(11層含以上有電梯),住家用,鋼筋混凝土造,1141216,196.65,4,2,2,有,有,21800000,119550,坡道平面,30.61,1950000,,RPQNMLRKQHLGFHB98DA,94.33,0.0,14.59,有,
霧峰區,房地(土地+建物)+車位,臺中市霧峰區新埔路２３６號七樓之１,25.17,,鄉村區,乙種建築用地,1150705,土地1建物1車位1,七層,十一層,住宅大樓(11層含以上有電梯),住家用,鋼筋混凝土造,1070427,108.00999999999999,2,2,1,有,有,7380000,68327,坡道平面,19.49,0,其他增建；,RPQNMLKKPHLGFIB28DA,53.55,0.0,4.98,有,0033
大里區,房地(土地+建物)+車位,臺中市大里區新甲路７號十樓之１,10.38,都市：其他:商業區,,,1150702,土地1建物1車位1,十層,十三層,住宅大樓(11層含以上有電梯),住家用,鋼筋混凝土造,1041022,92.57,3,2,2,有,有,7610000,82208,坡道平面,0.0,0,親友、員工、共有人或其他特殊關係間之交易；,RPSNMLQJQHLGFIB09DA,43.8,0.0,7.67,有,0034
霧峰區,房地(土地+建物),臺中市霧峰區北豐路３５３號,72.71,,特定農業區,甲種建築用地,1150729,土地1建物1車位0,全,三層,透天厝,商業用,鋼筋混凝土造,0840923,163.49,6,2,3,有,無,8800000,53826,,0.0,0,,RPXNMLNKQHLGFIB76DA,156.29,0.0,7.2,無,
霧峰區,土地,新峰東段19地號,70.7,都市：其他:住宅區,,,1150730,土地4建物0車位0,,,其他,,,,0.0,0,0,0,無,無,1700000,24045,,0.0,0,,RPRNMLRKQHLGFIB56DA,0.0,0.0,0.0,無,
太平區,房地(土地+建物),臺中市太平區永和街１１號四樓,32.69,都市：其他:住宅區,,,1150718,土地1建物1車位0,四層,七層,華廈(10層含以下有電梯),住家用,鋼筋混凝土造,0821230,149.13,4,2,2,有,有,8300000,55656,,0.0,0,其他增建：遮雨棚。其他增建；,RPTNMLTLPHLGFJB07DA,108.92,3.63,12.52,有,
太平區,土地,永隆段10-3地號,328.14,,一般農業區,農牧用地,1150724,土地2建物0車位0,,,其他,,,,0.0,0,0,0,無,無,3750000,11428,,0.0,0,親友、員工、共有人或其他特殊關係間之交易；,RPQNMLRKQHLGFJB56DA,0.0,0.0,0.0,無,0035
太平區,土地,黃竹段581-2地號,8000.0,,山坡地保育區,農牧用地,1150728,土地1建物0車位0,,,其他,,,,0.0,0,0,0,無,無,900000,113,,0.0,0,親友、員工、共有人或其他特殊關係間之交易；農作物；,RPPNMLSKQHLGFJB66EA,0.0,0.0,0.0,無,
東區,房地(土地+建物)+車位,臺中市東區自由路四段２１７號二樓之三,15.02,都市：其他:第二種商業區,,,1150705,土地1建物1車位1,二層,十五層,住宅大樓(11層含以上有電梯),住家用,鋼筋混凝土造,1030822,138.66,3,2,2,有,有,13000000,93755,坡道機械,5.3,0,其他增建；,RPPNMLKMPHLGFAB57DA,73.63,6.12,8.57,有,0036
西區,房地(土地+建物),臺中市西區中美街４２６號,33.75,都市：其他:第二種住宅區,,,1150717,土地1建物1車位0,一層，騎樓,四層,公寓(5樓含以下無電梯),商業用,鋼筋混凝土造,0671106,101.45,0,0,1,有,無,11000000,108428,,0.0,0,騎樓增建其他增建；,RPOOMLTKQHLGFAB38DA,101.45,0.0,0.0,無,
北屯區,房地(土地+建物),臺中市北屯區東山路一段１４６之２７號１２樓　　,13.19,都市：其他:第三種住宅區。,,,1150703,土地1建物1車位0,十二層,十五層,住宅大樓(11層含以上有電梯),住家用,鋼筋混凝土造,0860628,118.47999999999999,2,2,2,有,有,7200000,60770,,0.0,0,,RPPOMLSJPHLGFBB28DA,72.86,1.18,12.2,有,
北屯區,房地(土地+建物)+車位,臺中市北屯區柳陽東街１３２號六樓之６,25.33,都市：其他:第二種住宅區,,,1150713,土地3建物1車位1,六層,十層,華廈(10層含以下有電梯),住家用,鋼筋混凝土造,0981030,138.92000000000002,2,2,2,有,有,13050000,93939,坡道機械,13.59,0,陽台外推；,RPVPMLOKPHLGFBB68DA,72.2,2.58,7.61,有,0037
北屯區,房地(土地+建物)+車位,臺中市北屯區松竹路一段９３９號十五樓之５,20.43,都市：其他:第三種住宅區。,,,1150713,土地1建物1車位1,十五層,二十三層,住宅大樓(11層含以上有電梯),住家用,鋼筋混凝土造,1070801,164.43,3,2,2,有,有,17500000,106428,坡道平面,35.56,0,,RPTNMLRKPHLGFBB58DA,75.85,0.0,9.32,有,0038
北屯區,房地(土地+建物)+車位,臺中市北屯區九龍街８０號６樓之２,20.18,都市：其他:第二種住宅區,,,1150705,土地1建物1車位1,六層,十二層,住宅大樓(11層含以上有電梯),住家用,鋼筋混凝土造,0810529,141.92000000000002,3,2,2,有,有,10250000,72219,坡道平面,0.0,0,,RPPNMLRLPHLGFBB28DA,86.96,0.0,10.06,有,
北屯區,房地(土地+建物),臺中市北屯區軍福十三路１２１號七樓之６,13.76,都市：其他:第三種住宅區。,,,1150720,土地1建物1車位0,七層,十一層,住宅大樓(11層含以上有電梯),住家用,鋼筋混凝土造,1030915,69.67,2,2,2,有,有,7150000,102627,,0.0,0,夾層；,RPQNMLRLPHLGFBB38DA,41.62,1.28,4.25,有,0039
北屯區,房地(土地+建物)+車位,臺中市北屯區中清路二段６３８號九樓,14.83,都市：其他:第五種住宅區,,,1150704,土地1建物1車位1,九層,十六層,住宅大樓(11層含以上有電梯),住家用,鋼筋混凝土造,0830601,170.65,4,2,2,有,有,10900000,63873,坡道機械,0.0,0,社區名稱 : 三采海頓,RPQOMLNJQHLGFBB97DA,113.45,0.0,16.18,有,
北屯區,房地(土地+建物),臺中市北屯區東山路二段１００巷２０弄５號,317.41,都市：其他:特二種住宅區,,,1150701,土地6建物1車位0,全,三層,透天厝,住家用,鋼筋混凝土造,0851109,155.97,5,2,4,有,有,9450000,60589,,0.0,0,其他增建；,RPRNMLQJQHLGFBB28DA,137.88,4.72,13.37,無,
北屯區,土地,青田段279地號,992.0,都市：其他:第一之一種住宅區,,,1150722,土地2建物0車位0,,,其他,,,,0.0,0,0,0,無,無,79000000,79637,,0.0,0,,RPSNMLMKQHLGFBB08DA,0.0,0.0,0.0,無,
北屯區,房地(土地+建物),臺中市北屯區大鵬路５２巷１弄１８號,42.0,都市：其他:第三之二種住宅區,,,1150705,土地1建物1車位0,全,二層,透天厝,住家用,鋼筋混凝土加強磚造,0601101,55.44,3,2,1,有,無,6700000,120851,,0.0,0,,RPUPMLSKQHLGFBB09DA,55.44,0.0,0.0,無,
北屯區,房地(土地+建物)+車位,臺中市北屯區旱溪西路三段２０８號八樓之５,38.99,都市：其他:第一之一種住宅區,,,1150709,土地1建物1車位1,八層,十二層,住宅大樓(11層含以上有電梯),住家用,鋼筋混凝土造,1111026,176.89,3,2,2,有,有,23000000,130024,坡道平面,26.49,0,,RPXNMLTKQHLGFBB66DA,89.35,0.0,8.45,有,0040
西屯區,房地(土地+建物)+車位,臺中市西屯區市政北七路９９號五樓之１,25.08,都市：其他:第六種新市政中心專用區,,,1150713,土地1建物2車位2,五層,二十五層,住宅大樓(11層含以上有電梯),住家用,鋼筋混凝土造,1010815,408.03,0,1,0,有,有,49880000,134132,坡道平面,65.98,4000000,其他增建；,RPOOMLNKPHLGFCB87DA,196.36,8.28,26.42,有,0041
南屯區,房地(土地+建物)+車位,臺中市南屯區大墩十四街１０１巷１２號五樓,34.39,都市：其他:第二種住宅區,,,1150705,土地1建物1車位1,五層,七層,華廈(10層含以下有電梯),住家用,鋼筋混凝土造,0820810,164.64,4,2,2,有,有,12500000,75923,坡道機械,0.0,0,陽台外推；,RPUPMLPJQHLGFCB78DA,104.57,2.35,10.75,有,0042
南屯區,車位,臺中市南屯區永春東七路５５０號三樓之３等公共設施,0.0,,,,1150723,土地0建物1車位1,,,其他,,,,30.36,0,0,0,無,有,1900000,,坡道平面,30.36,1900000,建物坐落地號：永春段105地號；僅車位交易；,RPXNMLQJQHLGFCB98DA,0.0,0.0,0.0,有,0043
南屯區,車位,臺中市南屯區永春東七路５５０號三樓之３等公共設施,0.0,,,,1150722,土地0建物1車位1,,,其他,,,,30.36,0,0,0,無,無,1900000,,坡道平面,30.36,1900000,建物坐落地號：永春段105地號；僅車位交易；,RPOOMLQJQHLGFCB18DA,0.0,0.0,0.0,無,0043
南屯區,車位,臺中市南屯區永春東七路５５０號三樓之３等公共設施,0.0,,,,1150724,土地0建物1車位1,,,其他,,,,30.36,0,0,0,無,有,1750000,,坡道平面,30.36,1750000,建物坐落地號：永春段105地號；僅車位交易；,RPPOMLQJQHLGFCB28DA,0.0,0.0,0.0,有,0043
南屯區,房地(土地+建物)+車位,臺中市南屯區嶺東南路１５１之２號七樓之６,15.65,都市：其他:第五種住宅區,,,1150708,土地1建物1車位1,七層,十五層,住宅大樓(11層含以上有電梯),住家用,鋼筋混凝土造,1110602,142.76,3,2,2,有,有,14000000,98067,坡道平面,30.79,0,,RPRPMLRJQHLGFCB68DA,68.6,0.0,6.96,有,0046
南屯區,房地(土地+建物)+車位,臺中市南屯區文心路一段２１號二十樓之５,22.83,都市：其他:第四種商業區,,,1150730,土地1建物1車位3,二十層,二十七層,住宅大樓(11層含以上有電梯),住家用,鋼筋混凝土造,1030626,298.99,4,2,3,有,有,38000000,127095,坡道平面,56.43,0,,RPVQMLRJQHLGFCB56DA,145.98,5.09,16.6,有,
南屯區,車位,臺中市南屯區永春東七路５５０號三樓之３等公共設施,0.0,,,,1150723,土地0建物1車位1,,,其他,,,,30.36,0,0,0,無,有,2350000,,坡道平面,30.36,2350000,建物坐落地號：永春段105地號；僅車位交易；,RPOTMLKKQHLGFCB18DA,0.0,0.0,0.0,有,0043
南屯區,車位,臺中市南屯區永春東七路５５０號三樓之３等公共設施,0.0,,,,1150730,土地0建物1車位2,,,其他,,,,58.39,0,0,0,無,有,4700000,,坡道平面,58.4,4700000,建物坐落地號：永春段105地號；僅車位交易；,RPRTMLKKQHLGFCB48DA,0.0,0.0,0.0,有,0043
西屯區,房地(土地+建物)+車位,臺中市西屯區寶慶街１８巷２５號十二樓,16.95,都市：其他:第三種商業區,,,1150731,土地1建物1車位1,十二層,十二層,住宅大樓(11層含以上有電梯),住家用,ＲＣ造,0930330,143.25,3,2,2,有,有,14980000,104572,坡道平面,13.99,0,,RPPNMLRKQHLGFCB38DA,79.51,2.71,8.05,有,0049
西屯區,土地,民安段1726地號,2.41,都市：其他:道路用地,,,1150724,土地1建物0車位0,,,其他,,,,0.0,0,0,0,無,無,315000,130705,,0.0,0,包含公共設施保留地用地；,RPPNMLSKQHLGFCB48DA,0.0,0.0,0.0,無,0050
西屯區,房地(土地+建物)+車位,臺中市西屯區環中路二段１５７９號四樓之７,13.65,都市：其他:第三種商業區,,,1150716,土地1建物1車位1,四層,二十九層,住宅大樓(11層含以上有電梯),住家用,鋼筋混凝土造,1071210,136.43,2,2,2,有,有,13500000,98952,坡道平面,24.82,0,,RPRPMLSKQHLGFCB88DA,68.08,0.0,5.8,有,0051
西屯區,土地,民安段1726地號,1.91,都市：其他:道路用地,,,1150724,土地4建物0車位0,,,其他,,,,0.0,0,0,0,無,無,347918,182156,,0.0,0,包含公共設施保留地用地；,RPVQMLTKQHLGFCB86DA,0.0,0.0,0.0,無,0052
豐原區,房地(土地+建物)+車位,臺中市豐原區富陽路１號十一樓之３,28.71,都市：其他:第一之二種住宅區,,,1150723,土地1建物1車位1,十一層,十二層,住宅大樓(11層含以上有電梯),住家用,鋼筋混凝土造,1081227,133.25,2,2,2,有,有,11150000,83677,坡道平面,31.68,0,,RPPNMLOLPHLGFDB18DA,56.77,0.0,6.99,有,0053
豐原區,房地(土地+建物)+車位,臺中市豐原區成功路１６５號,23.2,都市：其他:第三種住宅區。,,,1150706,土地1建物1車位1,一層,七層,華廈(10層含以下有電梯),住家用,鋼筋混凝土造,0810818,115.72,3,2,2,有,有,8100000,69997,坡道平面,10.33,0,,RPVNMLRJQHLGFDB98DA,90.0,9.47,0.0,有,
梧棲區,房地(土地+建物)+車位,臺中市梧棲區臨港路四段８１２號十樓之５,9.7,都市：其他:第四種商業區,,,1150708,土地1建物1車位1,十層,十五層,住宅大樓(11層含以上有電梯),住家用,鋼筋混凝土造,1150312,116.93,2,1,1,有,有,7900000,67562,升降機械,28.94,0,,RPROMLSLPHLGFFB09DA,53.16,0.0,5.99,有,0054
清水區,房地(土地+建物)+車位,臺中市清水區港都五路２７號十一樓之１,15.48,都市：其他:第四種商業區,,,1150723,土地1建物1車位1,十一層,十五層,住宅大樓(11層含以上有電梯),住家用,鋼筋混凝土造,1091014,161.93,3,2,2,有,有,8000000,49404,坡道平面,32.57,0,,RPPOMLQJQHLGFFB58DA,78.7,0.0,9.94,有,0055
梧棲區,房地(土地+建物)+車位,臺中市梧棲區八德東路６９號十三樓之９,6.73,都市：其他:第四種商業區,,,1150709,土地1建物1車位1,十三層,二十八層,住宅大樓(11層含以上有電梯),住家用,鋼筋混凝土造,1140606,98.91999999999999,2,2,1,有,有,6080000,61464,坡道平面,24.74,0,,RPRNMLRKQHLGFFB88DA,45.5,0.0,3.94,有,0056
梧棲區,房地(土地+建物)+車位,臺中市梧棲區立德街９５巷３１號三樓之３,51.39,都市：其他:第四種住宅區,,,1150715,土地1建物1車位1,三層,七層,華廈(10層含以下有電梯),住家用,鋼筋混凝土造,1140106,178.56,3,2,2,有,有,12650000,73960,坡道平面,26.45,1400000,,RPRNMLTKQHLGFFB09DA,97.11,0.0,9.43,有,
新社區,土地,水底寮段上水底寮小段348-44地號,1330.5,,山坡地保育區,農牧用地,1150722,土地3建物0車位0,,,其他,,,,0.0,0,0,0,無,無,1153000,867,,0.0,0,親友、員工、共有人或其他特殊關係間之交易；,RPSNMLKMPHLGFGB48DA,0.0,0.0,0.0,無,
東勢區,土地,石圍墻二段523-1地號,27.0,,山坡地保育區,丙種建築用地,1150716,土地1建物0車位0,,,其他,,,,0.0,0,0,0,無,無,179685,6655,,0.0,0,親友、員工、共有人或其他特殊關係間之交易；,RPPNMLLLQHLGFGB28DA,0.0,0.0,0.0,無,
大雅區,房地(土地+建物),臺中市大雅區民權街３９巷９號八樓之２,16.15,都市：其他:第一種住宅區,,,1150704,土地1建物1車位0,八層,十四層,住宅大樓(11層含以上有電梯),住家用,鋼筋混凝土造,0821231,106.46000000000001,3,2,2,有,有,5800000,54481,,0.0,0,,RPWNMLQJPHLGFHB66DA,72.48,9.0,0.0,有,
大雅區,土地,振興段983地號,1200.24,都市：其他:農業區,,,1150727,土地1建物0車位0,,,其他,,,,0.0,0,0,0,無,無,36300000,30244,,0.0,0,,RPSNMLNKQHLGFHB78DA,0.0,0.0,0.0,無,0032
大雅區,土地,振興段983地號,1200.24,都市：其他:農業區,,,1150727,土地1建物0車位0,,,其他,,,,0.0,0,0,0,無,無,36300000,30244,,0.0,0,,RPTNMLNKQHLGFHB88DA,0.0,0.0,0.0,無,0032
大雅區,土地,秀山段76地號,132.58,都市：其他:農業區,,,1150701,土地1建物0車位0,,,其他,,,,0.0,0,0,0,無,無,4010000,30246,,0.0,0,,RPQNMLOKQHLGFHB68DA,0.0,0.0,0.0,無,
大雅區,土地,陽明段924地號,1754.85,都市：其他:農業區,,,1150723,土地1建物0車位0,,,其他,,,,0.0,0,0,0,無,無,53000000,30202,,0.0,0,,RPPNMLSKQHLGFHB98DA,0.0,0.0,0.0,無,
大里區,房地(土地+建物),臺中市大里區環中東路六段４１０號,181.56,都市：其他:住宅區,,,1150719,土地1建物1車位0,全,一層,透天厝,商業用,鋼骨造,1051011,63.57,0,0,0,無,無,18000000,283152,,0.0,0,其他增建；,RPTNMLKLPHLGFIB68DA,63.57,0.0,0.0,無,
大里區,房地(土地+建物)+車位,臺中市大里區大明路４６０號十樓之５,8.64,都市：其他:商業區,,,1150712,土地1建物1車位1,十層,十一層,住宅大樓(11層含以上有電梯),住家用,鋼筋混凝土造,0930105,88.31,1,1,1,有,有,6880000,77907,坡道平面,26.41,0,,RPTNMLNJQHLGFIB88DA,42.23,0.0,2.7,有,0059
太平區,房地(土地+建物),臺中市太平區中山路三段１７０巷１弄１４號,94.0,都市：其他:商業區,,,1150717,土地1建物1車位0,全,二層,透天厝,住家用,加強磚造,0660130,83.7,4,3,4,有,無,7900000,94385,,0.0,0,其他增建：一樓空地、防火巷、三樓增建、二樓前後增建及一樓前方雨遮其他增建；,RPWNMLQJQHLGFJB96DA,83.7,0.0,0.0,無,
太平區,房地(土地+建物),臺中市太平區中山路一段２４５巷１８號七樓之２３,2.84,,鄉村區,乙種建築用地,1150730,土地2建物1車位0,七層,十層,華廈(10層含以下有電梯),住家用,鋼筋混凝土造,0880909,21.78,1,0,1,有,有,1500000,68871,,0.0,0,陽台外推；,RPWNMLNKQHLGFJB76DA,11.42,0.0,2.24,有,0060
太平區,車位,新安街１１１之１９號等公共設施,4.78,都市：其他:住宅區,,,1150701,土地1建物1車位1,,,其他,,,,31.47,0,0,0,無,有,1850000,,坡道平面,31.47,1850000,僅車位交易；,RPQNMLSKQHLGFJB66DA,0.0,0.0,0.0,有,0061
西區,房地(土地+建物)+車位,臺中市西區華美西街一段８６號１２樓之２,32.46,都市：其他:第一種商業區,,,1150723,土地2建物1車位2,十二層,十四層,住宅大樓(11層含以上有電梯),住家用,鋼筋混凝土造,0880623,403.53,5,2,4,有,有,35500000,87974,坡道平面,43.16,0,,RPPNMLQLPHLGFAB08DA,239.73,0.0,11.56,有,0062
西區,房地(土地+建物),臺中市西區五廊街２之３號,82.0,都市：其他:第二種住宅區,,,1150720,土地1建物1車位0,全,五層,透天厝,住家用,鋼筋混凝土造,1140217,309.4,16,0,16,有,無,51500000,166451,,0.0,0,土地價格：貳仟參佰壹拾柒萬伍仟元整。建物價格：貳仟捌佰參拾貳萬伍仟元整，陽台外推；其他增建；,RPQOMLTLPHLGFAB58DA,280.97,0.0,28.43,有,
南區,房地(土地+建物)+車位,臺中市南區文心南十路２０８號３樓之２,8.31,都市：其他:第三種商業區,,,1150701,土地1建物1車位1,三層,十四層,住宅大樓(11層含以上有電梯),住家用,鋼筋混凝土造,0880208,130.4,3,2,2,有,有,10120000,77607,坡道平面,23.18,0,,RPPOMLNJQHLGFAB77DA,70.99,1.56,8.98,有,
北區,房地(土地+建物)+車位,臺中市北區青島東街１號８樓之５,12.1,都市：其他:第二種住宅區,,,1150722,土地1建物1車位1,八層,十四層,住宅大樓(11層含以上有電梯),住家用,鋼筋混凝土造,0951225,133.4,2,2,1,有,有,12300000,92204,坡道平面,35.73,0,陽台外推；,RPOPMLOLPHLGFBB08DA,63.78,0.0,8.51,有,
北屯區,房地(土地+建物)+車位,臺中市北屯區松竹路二段３４巷１６弄１６號七樓之２,38.17,都市：其他:第二種住宅區,,,1150713,土地1建物1車位1,七層,十層,華廈(10層含以下有電梯),住家用,鋼筋混凝土造,1140418,199.07,3,2,2,有,有,20530000,103130,坡道平面,39.67,0,,RPQNMLLKQHLGFBB77DA,95.77,0.0,6.63,有,0063
北區,房地(土地+建物),臺中市北區太原五街１０號４樓之７,2.83,都市：其他:第一種商業區,,,1150726,土地1建物1車位0,四層,七層,華廈(10層含以下有電梯),住家用,鋼筋混凝土造,0791121,25.72,1,0,1,有,有,1650000,64152,,0.0,0,,RPWUNLOKQHLGFBB86DA,20.43,0.0,1.23,有,
北區,房地(土地+建物)+車位,臺中市北區東光東街４７號十三樓,13.71,都市：其他:第二種住宅區,,,1150718,土地1建物1車位1,十三層,十七層,住宅大樓(11層含以上有電梯),住家用,鋼筋混凝土造,0831214,108.6,3,2,2,有,有,8990000,82781,坡道平面,0.0,0,,RPXSMLRKQHLGFBB96DA,72.05,0.0,7.3,有,0064
北屯區,房地(土地+建物),臺中市北屯區太順五街７５號,100.19,都市：其他:第二種住宅區,,,1150720,土地2建物1車位0,全,五層,透天厝,住家用,鋼筋混凝土造,1130503,311.56,5,3,6,有,無,38000000,121967,,0.0,0,其他增建；,RPPRMLTKQHLGFBB88DA,291.89,0.0,19.67,有,
西屯區,房地(土地+建物),臺中市西屯區青海路二段１９３巷１５之２號,21.22,都市：其他:第二種住宅區,,,1150702,土地1建物1車位0,三層,六層,華廈(10層含以下有電梯),住家用,鋼筋混凝土造,0810109,118.50999999999999,4,2,2,有,有,7300000,61598,,0.0,0,親友、員工、共有人或其他特殊關係間之交易；,RPTPMLKLPHLGFCB28DA,80.49,3.77,12.7,有,0065
南屯區,房地(土地+建物)+車位,臺中市南屯區文昌街２３３號七樓之２,29.78,都市：其他:第二種住宅區,,,1150725,土地1建物1車位1,七層,九層,華廈(10層含以下有電梯),住家用,鋼筋混凝土造,1070925,169.61,3,2,2,有,有,22360000,131832,坡道平面,32.72,0,,RPQOMLMKQHLGFCB08DA,77.96,3.06,8.75,有,0066
西屯區,土地,民安段1726地號,0.4,都市：其他:道路用地,,,1150729,土地1建物0車位0,,,其他,,,,0.0,0,0,0,無,無,55000,0,,0.0,0,包含公共設施保留地用地；,RPVNMLSKQHLGFCB09DA,0.0,0.0,0.0,無,0050
南屯區,土地,豐樂段1233地號,12.0,都市：其他:第二種住宅區,,,1150727,土地1建物0車位0,,,其他,,,,0.0,0,0,0,無,無,2754360,229530,,0.0,0,,RPOPMLKLQHLGFCB87DA,0.0,0.0,0.0,無,
豐原區,土地,豐陽段71地號,37.31,都市：其他:農業區,,,1150714,土地2建物0車位0,,,其他,,,,0.0,0,0,0,無,無,225600,6047,,0.0,0,,RPUPMLOKPHLGFDB78DA,0.0,0.0,0.0,無,0068
豐原區,土地,豐陽段71地號,8.83,都市：其他:農業區,,,1150721,土地1建物0車位0,,,其他,,,,0.0,0,0,0,無,無,61410,6955,,0.0,0,,RPSQMLLLPHLGFDB48DA,0.0,0.0,0.0,無,0008
豐原區,房地(土地+建物),臺中市豐原區豐南街９２巷９２號,85.02,都市：其他:第二種住宅區,,,1150702,土地2建物1車位0,全,四層,透天厝,住商用,鋼筋混凝土造,1040226,192.2,4,2,4,有,無,23050000,119927,,0.0,0,,RPQNMLMLPHLGFDB08DA,179.71,0.0,12.49,無,0070
豐原區,土地,豐陽段71地號,17.66,都市：其他:農業區,,,1150724,土地1建物0車位0,,,其他,,,,0.0,0,0,0,無,無,53400,3024,,0.0,0,,RPTOMLOLPHLGFDB68DA,0.0,0.0,0.0,無,0008
神岡區,土地,大洲段970地號,288.15,都市：其他:農業區,,,1150707,土地1建物0車位0,,,其他,,,,0.0,0,0,0,無,無,9000000,31234,,0.0,0,親友、員工、共有人或其他特殊關係間之交易；,RPPNMLLLQHLGFDB97DA,0.0,0.0,0.0,無,
清水區,土地,朝天段857地號,87.0,都市：其他:農業區,,,1150707,土地2建物0車位0,,,其他,,,,0.0,0,0,0,無,無,1900000,21839,,0.0,0,未登記建物；,RPRQMLLLPHLGFFB58DA,0.0,0.0,0.0,無,
沙鹿區,房地(土地+建物),臺中市沙鹿區鎮南路安和巷３號,67.63,都市：其他:第二種住宅區,,,1150723,土地1建物1車位0,全,二層,透天厝,住商用,加強磚造,0700426,105.54,7,2,2,有,無,6880000,65189,,0.0,0,其他增建；,RPUNMLKMPHLGFFB58DA,105.54,0.0,0.0,無,0072
沙鹿區,房地(土地+建物),臺中市沙鹿區國昌二街４０號,88.36,都市：其他:第二種住宅區,,,1150730,土地2建物1車位0,全,四層,透天厝,住家用,鋼筋混凝土造,1120112,177.0,4,3,3,有,有,15000000,84746,,0.0,0,,RPSNMLPJQHLGFFB68DA,168.49,0.0,8.51,無,0073
清水區,房地(土地+建物),臺中市清水區文興路１５７號,147.0,都市：其他:第四種住宅區,,,1150726,土地1建物1車位0,全,三層,透天厝,住商用,磨石地床、水泥平頂、加強磚造,0660815,373.6,0,0,0,無,無,8080000,21627,,0.0,0,其他增建；,RPQNMLMKQHLGFFB28DA,373.6,0.0,0.0,無,
東勢區,土地,和興段1166地號,50.32,都市：其他:農業區,,,1150724,土地2建物0車位0,,,其他,,,,0.0,0,0,0,無,無,121774,2420,,0.0,0,,RPQNMLTKQHLGFGB09DA,0.0,0.0,0.0,無,
大雅區,土地,西員寶北段495地號,2010.37,都市：其他:農業區,,,1150723,土地1建物0車位0,,,其他,,,,0.0,0,0,0,無,無,48640000,24195,,0.0,0,,RPPNMLOLPHLGFHB58DA,0.0,0.0,0.0,無,0074
大雅區,房地(土地+建物),臺中市大雅區中山路大同巷１５號,73.88,都市：其他:農業區,,,1150715,土地1建物1車位0,全,二層,透天厝,住商用,加強磚造,0651105,103.04,4,2,3,有,無,8500000,82492,,0.0,0,頂樓加蓋；其他增建；,RPVNMLSKQHLGFHB96DA,103.04,0.0,0.0,無,
大里區,土地,內新段46-4地號,165.3,,特定農業區,農牧用地,1150708,土地1建物0車位0,,,其他,,,,0.0,0,0,0,無,無,5000000,30248,,0.0,0,,RPTNMLOJQHLGFIB98DA,0.0,0.0,0.0,無,
大里區,房地(土地+建物)+車位,臺中市大里區現岱路１３３號十一樓之５,24.46,都市：其他:住宅區,,,1150706,土地1建物1車位2,十一層,十五層,住宅大樓(11層含以上有電梯),住家用,鋼筋混凝土造,1130903,175.67000000000002,3,2,2,有,有,17100000,97342,坡道平面,51.06,0,,RPRNMLKKQHLGFIB48DA,76.29,0.0,5.36,有,0075
大里區,房地(土地+建物),臺中市大里區新南路５９巷８之３號,25.93,都市：其他:住宅區,,,1150717,土地2建物1車位0,三層,四層,公寓(5樓含以下無電梯),住家用,鋼筋混凝土造,0691106,68.68,2,2,1,有,無,5350000,77897,,0.0,0,親友、員工、共有人或其他特殊關係間之交易；,RPUOMLOKQHLGFIB66DA,68.68,0.0,0.0,無,0076
烏日區,房地(土地+建物)+車位,臺中市烏日區環河路五段１０８號,18.29,都市：其他:商業區,,,1150701,土地1建物1車位1,一層，二層,二十五層,住宅大樓(11層含以上有電梯),商業用,鋼筋混凝土造,1060925,103.66,0,0,2,有,有,10500000,101293,坡道平面,15.52,0,本買賣移轉權利1/2親友、員工、共有人或其他特殊關係間之交易；,RPPNMLKLQHLGFIB38DA,64.67,0.0,3.71,有,0077
大里區,房地(土地+建物),臺中市大里區大里路４３４巷５弄１之１２號,88.89,都市：其他:住宅區,,,1150723,土地1建物1車位0,全,三層,透天厝,其他,鋼筋混凝土造,0860317,157.63,4,3,3,有,無,10900000,69149,,0.0,0,,RPVNMLKLQHLGFIB98DA,157.63,0.0,0.0,無,
太平區,房地(土地+建物),臺中市太平區立德街５３號七樓之１,11.36,都市：其他:住宅區,,,1150701,土地2建物1車位0,七層,八層,華廈(10層含以下有電梯),住家用,鋼筋混凝土造,0810331,72.92,2,2,1,有,有,4500000,61711,,0.0,0,,RPUNMLTKQHLGFJB17DA,52.13,0.56,8.41,有,
龍井區,房地(土地+建物)+車位,臺中市龍井區中山一路一段６２巷２弄２３號三樓之５,30.91,都市：其他:第四種住宅區,,,1150702,土地3建物1車位1,三層,五層,華廈(10層含以下有電梯),住家用,鋼筋混凝土造,1130329,91.16,3,2,1,有,有,8200000,89952,坡道機械,12.3,0,,RPSNMLRJPHLGFKB66DA,56.84,0.0,5.83,有,0078
大肚區,土地,溪洲段513地號,3406.0,,特定農業區,農牧用地,1150722,土地2建物0車位0,,,其他,,,,0.0,0,0,0,無,無,20000000,5872,,0.0,0,,RPPNMLOKQHLGFKB88DA,0.0,0.0,0.0,無,0079
西屯區,房地(土地+建物)+車位,臺中市西屯區長安路二段２７８號五樓之３,19.99,都市：其他:第二種住宅區,,,1150729,土地1建物1車位1,五層，六層,十四層,住宅大樓(11層含以上有電梯),住家用,ＲＣ造,0921104,110.03,3,2,2,有,有,9000000,81796,坡道平面,0.0,0,親友、員工、共有人或其他特殊關係間之交易；,RPPNMLSKQHLGFCB58EA,61.21,0.0,7.18,有,
豐原區,房地(土地+建物),臺中市豐原區圓環東路１１４巷３９號一樓之２,23.11,都市：其他:第二種住宅區,,,1150708,土地1建物1車位0,一層,七層,華廈(10層含以下有電梯),住家用,鋼筋混凝土造,1141003,72.19,2,2,1,有,有,8800000,121901,,0.0,0,,RPRNMLKLQHLGFDB18EA,48.75,0.0,1.89,有,
大安區,土地,安劃段254地號,180.0,,特定農業區,農牧用地,1150721,土地1建物0車位0,,,其他,,,,0.0,0,0,0,無,無,320000,1778,,0.0,0,地清或未辦繼承標售；,RPPNMLOLQHLGFEB48EA,0.0,0.0,0.0,無,
霧峰區,房地(土地+建物),臺中市霧峰區草湖路３４號二樓,8.08,都市：其他:住宅區,,,1150708,土地2建物1車位0,二層,十層,華廈(10層含以下有電梯),住家用,鋼筋混凝土造,0820111,58.81,3,2,2,有,有,1550000,26356,,0.0,0,親友、員工、共有人或其他特殊關係間之交易；,RPPNMLTKQHLGFIB66EA,38.36,1.01,4.14,有,
東區,房地(土地+建物),臺中市東區力行路２００巷１５號１２樓之１,16.31,都市：其他:第二種住宅區,,,1150705,土地1建物1車位0,十二層,十二層,住宅大樓(11層含以上有電梯),住家用,鋼筋混凝土造,0870415,124.82999999999998,3,2,2,有,有,8770000,70256,,0.0,0,陽台外推；,RPPNMLKKPHLGFAB37DA,70.81,0.0,10.26,有,0080
西區,房地(土地+建物),臺中市西區存中街５４號三樓,28.33,都市：其他:第二種住宅區,,,1150713,土地2建物1車位0,三層,五層,公寓(5樓含以下無電梯),住家用,鋼筋混凝土造,0681022,82.25,3,2,2,有,無,6000000,72948,,0.0,0,,RPXNMLNKPHLGFAB48DA,82.25,0.0,0.0,無,
南區,房地(土地+建物),臺中市南區工學北路８６號１０樓之１２,1.83,都市：其他:第三種商業區,,,1150721,土地1建物1車位0,十層,十八層,住宅大樓(11層含以上有電梯),住家用,鋼筋混凝土造,0850506,30.47,1,1,1,有,有,2320000,76140,,0.0,0,,RPWOMLOJQHLGFAB58DA,16.58,0.0,3.46,有,
西區,房地(土地+建物),臺中市西區中美街４２８號,39.64,都市：其他:第二種住宅區,,,1150724,土地1建物1車位0,一層，騎樓,四層,公寓(5樓含以下無電梯),商業用,鋼筋混凝土造,,107.02,0,0,0,無,無,12380000,115679,,0.0,0,其他增建；,RPURMLKKQHLGFAB38DA,107.02,0.0,0.0,無,
南區,房地(土地+建物),臺中市南區東興路一段２５巷２５號,7.61,都市：其他:第二種住宅區,,,1150723,土地1建物1車位0,一層，騎樓，夾層,十四層,住宅大樓(11層含以上有電梯),住商用,鋼筋混凝土造,0901126,65.92,0,0,0,無,有,6600000,100121,,0.0,0,夾層；,RPQNMLLLQHLGFAB77DA,48.88,0.0,5.76,有,
中區,房地(土地+建物)+車位,臺中市中區仁愛街１５號三樓之３,20.71,都市：其他:第一種商業區,,,1150713,土地1建物1車位1,三層,十二層,住宅大樓(11層含以上有電梯),住家用,鋼筋混凝土造,1041020,134.57999999999998,2,2,2,有,有,4000000,29722,坡道平面,33.85,0,親友、員工、共有人或其他特殊關係間之交易；,RPVPMLLLQHLGFAB48DA,58.67,3.39,5.79,有,0081
北屯區,房地(土地+建物)+車位,臺中市北屯區陳平路６５巷７２號,74.0,都市：其他:第二種住宅區,,,1150701,土地2建物1車位1,全,二層,透天厝,住商用,加強磚造,0710706,103.43,4,2,3,有,無,14000000,135357,一樓平面,0.0,0,其他增建；,RPUQMLLJPHLGFBB28DA,103.43,0.0,0.0,無,
北屯區,房地(土地+建物)+車位,臺中市北屯區僑孝街３２巷３２號７樓,29.93,都市：其他:第二種住宅區,,,1150705,土地1建物1車位3,七層,七層,華廈(10層含以下有電梯),住家用,鋼筋混凝土造,0800528,172.08,3,3,3,有,有,11880000,69034,坡道平面,0.0,0,,RPWNMLPKPHLGFBB68DA,136.32,0.0,17.04,有,
北屯區,房地(土地+建物)+車位,臺中市北屯區北安街５３號八樓,11.0,都市：其他:第二種住宅區,,,1150712,土地1建物1車位1,八層,十四層,住宅大樓(11層含以上有電梯),住家用,鋼筋混凝土造,0840409,122.43,3,2,2,有,有,8600000,70244,坡道機械,0.0,0,,RPUNMLLMPHLGFBB28DA,69.26,2.34,15.81,有,
北屯區,土地,敦和段715地號,219.46,都市：其他:第一之一種住宅區,,,1150729,土地1建物0車位0,,,其他,,,,0.0,0,0,0,無,無,37700000,171785,,0.0,0,,RPXNMLLMPHLGFBB58DA,0.0,0.0,0.0,無,
北屯區,房地(土地+建物)+車位,臺中市北屯區北平路四段１５９號六樓之１,19.69,都市：其他:第一種商業區,,,1150710,土地1建物1車位1,六層,二十四層,住宅大樓(11層含以上有電梯),住家用,鋼筋混凝土造,1140822,187.66,3,2,2,有,有,27200000,154818,坡道平面,26.18,2200000,,RPSQMLOJQHLGFBB48DA,96.84,0.0,8.61,有,
北屯區,房地(土地+建物)+車位,臺中市北屯區軍福九路１５８號二樓之１,25.21,都市：其他:第二種住宅區,,,1150707,土地1建物1車位1,二層,十二層,住宅大樓(11層含以上有電梯),住家用,鋼筋混凝土造,1120801,141.92,3,2,2,有,有,12080000,85118,坡道機械,17.81,0,,RPPOMLLKQHLGFBB77DA,73.28,0.0,9.07,有,0082
北屯區,房地(土地+建物),臺中市北屯區崇德路一段６２９號２１樓之１,19.6,都市：其他:第二種商業區,,,1150722,土地1建物1車位0,二十一層,二十二層,住宅大樓(11層含以上有電梯),商業用,鋼筋混凝土造,0800627,145.35,0,1,0,有,有,9230000,63502,,0.0,0,,RPSSMLRKQHLGFBB09DA,72.72,6.07,18.93,有,
北屯區,房地(土地+建物),臺中市北屯區敦化一街８０號,101.02,都市：其他:第一之一種住宅區,,,1150731,土地2建物1車位0,全,四層,透天厝,住家用,鋼筋混凝土造,1120809,279.56,4,2,6,有,無,38900000,139147,,0.0,0,親友、員工、共有人或其他特殊關係間之交易；,RPOOMLKLQHLGFBB67DA,254.62,0.0,21.83,無,0083
北屯區,房地(土地+建物)+車位,臺中市北屯區敦富路７０８號十三樓之１,23.72,都市：其他:第二之一種住宅區,,,1150710,土地1建物1車位1,十三層,十五層,住宅大樓(11層含以上有電梯),住家用,鋼筋混凝土造,1140606,159.62,3,2,2,有,有,22480000,140834,坡道平面,25.3,0,其他增建；,RPQQMLLLQHLGFBB18DA,81.18,0.0,6.21,有,0084
西屯區,房地(土地+建物),臺中市西屯區漢成五街２８號五樓之２,10.84,都市：其他:第二種住宅區,,,1150719,土地1建物1車位0,五層,七層,華廈(10層含以下有電梯),住家用,鋼筋混凝土造,0830711,81.34,2,2,1,有,有,6980000,85813,,0.0,0,,RPVNMLRLPHLGFCB98DA,58.27,1.72,7.44,有,
西屯區,房地(土地+建物)+車位,臺中市西屯區西屯路二段２６９之２１號九樓之１,10.15,都市：其他:第三之二種住宅區,,,1150714,土地1建物1車位1,九層,十四層,住宅大樓(11層含以上有電梯),住家用,鋼筋混凝土造,1011121,96.33,1,1,1,有,有,10850000,112634,坡道機械,0.0,0,,RPVNMLPJQHLGFCB68DA,36.98,1.22,3.69,有,0085
南屯區,房地(土地+建物)+車位,臺中市南屯區永春東六路４３７號四樓之１,41.16,都市：其他:第二種住宅區,,,1150705,土地1建物1車位1,四層,十五層,住宅大樓(11層含以上有電梯),住家用,鋼筋混凝土造,1031222,223.49,3,2,2,有,有,22100000,98886,坡道平面,43.96,0,,RPXOMLLKQHLGFCB68DA,101.11,6.47,12.42,有,0086
南屯區,房地(土地+建物)+車位,臺中市南屯區永春東路１０００之１４號十五樓,18.31,都市：其他:第二種住宅區,,,1150714,土地1建物1車位1,十五層,十六層,住宅大樓(11層含以上有電梯),住家用,鋼筋混凝土造,0830926,165.54000000000002,3,2,2,有,有,16200000,97862,坡道平面,0.0,0,,RPOOMLSKQHLGFCB48DA,108.8,0.84,18.52,有,0087
西屯區,房地(土地+建物),臺中市西屯區華夏巷西五弄６１號二樓之２,8.29,都市：其他:第二種住宅區,,,1150731,土地1建物1車位0,二層,五層,公寓(5樓含以下無電梯),住家用,ＲＣ造,0680724,16.86,1,0,1,有,有,1700000,100830,,0.0,0,親友、員工、共有人或其他特殊關係間之交易；,RPWNMLTKQHLGFCB66DA,15.29,0.0,1.57,無,0088
南屯區,房地(土地+建物)+車位,臺中市南屯區大墩四街１２號十四樓,37.76,都市：其他:第二種住宅區,,,1150714,土地1建物1車位2,十四層,十六層,住宅大樓(11層含以上有電梯),住家用,鋼筋混凝土造,0961225,369.42999999999995,4,2,2,有,有,33000000,89324,坡道平面,0.0,0,,RPXNMLLLQHLGFCB68DA,135.65,2.97,21.17,有,0089
西屯區,房地(土地+建物),臺中市西屯區福聯街２２巷１２號五樓之４１,3.09,都市：其他:第三之一種住宅區,,,1150724,土地1建物1車位0,五層,十二層,住宅大樓(11層含以上有電梯),住家用,鋼筋混凝土造,0830930,20.22,0,0,0,無,有,1680000,83086,,0.0,0,,RPQNMLNLQHLGFCB18DA,12.12,0.0,1.5,有,
豐原區,房地(土地+建物),臺中市豐原區豐北街２７８巷１２號,76.01,都市：其他:第二種住宅區,,,1150704,土地3建物1車位0,全,四層,透天厝,住家用,鋼筋混凝土造,0820707,187.62,4,4,3,有,無,13140000,70035,,0.0,0,其他增建；,RPQNMLSJPHLGFDB48DA,173.36,14.26,0.0,無,0090
豐原區,房地(土地+建物)+車位,臺中市豐原區圓環北路二段１３９號七樓之２,10.93,都市：其他:第二種住宅區,,,1150715,土地1建物1車位2,七層,二十層,住宅大樓(11層含以上有電梯),住家用,鋼筋混凝土造,0850717,121.43,3,2,2,有,有,8600000,70823,坡道機械,0.0,0,親友、員工、共有人或其他特殊關係間之交易；,RPTNMLLLQHLGFDB38DA,71.01,0.0,10.03,有,
清水區,房地(土地+建物),臺中市清水區民族路一段２巷９９弄２號,99.74,都市：其他:第四種住宅區,,,1150715,土地3建物1車位0,全,三層,透天厝,住家用,鋼筋混凝土造,1091228,178.74,4,3,3,有,無,13800000,77207,,0.0,0,,RPPNMLRJQHLGFFB58DA,175.34,0.0,3.06,無,0091
沙鹿區,房地(土地+建物),臺中市沙鹿區東晉二街７之１７號,123.23,都市：其他:第二種住宅區,,,1150724,土地7建物1車位0,全,四層,透天厝,住家用,鋼筋混凝土造,1140411,159.26,4,2,4,有,無,20420000,128218,,0.0,0,,RPTNMLOKQHLGFFB78DA,140.01,0.0,19.25,無,0092
沙鹿區,房地(土地+建物)+車位,臺中市沙鹿區永寧路一段７６號九樓之３,17.43,都市：其他:第四種住宅區,,,1150714,土地1建物1車位1,九層,十五層,住宅大樓(11層含以上有電梯),住家用,鋼筋混凝土造,1140310,130.76,3,2,2,有,有,11480000,92864,坡道平面,23.83,1550000,,RPPNMLKLQHLGFFB08DA,61.96,0.0,9.57,有,
大雅區,房地(土地+建物)+車位,臺中市大雅區雅潭路四段６６１巷７號九樓之６,21.01,都市：其他:第二種住宅區,,,1150705,土地1建物1車位2,九層,十二層,住宅大樓(11層含以上有電梯),住家用,鋼筋混凝土造,1111012,160.91,2,2,1,有,有,13000000,96847,坡道平面,67.98,4000000,,RPQNMLQJQHLGFHB78DA,54.95,0.0,6.42,有,0093
大雅區,房地(土地+建物)+車位,臺中市大雅區雅環路二段１２０巷３３之５號三樓之１,41.44,都市：其他:第二種住宅區,,,1150706,土地1建物1車位1,三層,十三層,住宅大樓(11層含以上有電梯),住家用,鋼筋混凝土造,1120629,188.87,3,2,2,有,有,18080000,95727,坡道平面,38.64,0,,RPQNMLNKQHLGFHB58DA,84.66,0.0,13.84,有,0094
大里區,土地,仁城段577地號,407.01,,特定農業區,農牧用地,1150718,土地1建物0車位0,,,其他,,,,0.0,0,0,0,無,無,4000000,9828,,0.0,0,,RPUNMLKLPHLGFIB78DA,0.0,0.0,0.0,無,
大里區,房地(土地+建物),臺中市大里區德芳路一段８３巷３２號,45.09,都市：其他:住宅區,,,1150716,土地1建物1車位0,全,二層,透天厝,住商用,鐵筋加強磚造,0600217,87.14,4,3,1,有,無,6400000,73445,,0.0,0,頂樓加蓋；其他增建；,RPUNMLRJQHLGFIB76DA,87.14,0.0,0.0,無,
大里區,房地(土地+建物),臺中市大里區益民路二段２９１之５號,1.39,都市：其他:住宅區,,,1150724,土地1建物1車位0,一層，二層，騎樓,十二層,住宅大樓(11層含以上有電梯),住商用,鋼筋混凝土造,0840410,125.47,1,1,2,有,有,15000000,119550,,0.0,0,親友、員工、共有人或其他特殊關係間之交易；,RPSOMLSKQHLGFIB86DA,90.68,7.99,6.47,有,
太平區,房地(土地+建物)+車位,臺中市太平區中山路二段４１２號之１７五樓,33.19,,鄉村區,乙種建築用地,1150712,土地1建物1車位1,五層,七層,華廈(10層含以下有電梯),住家用,鋼筋混凝土造,0801101,123.99,3,2,2,有,有,7500000,60489,坡道機械,0.0,0,陽台外推；,RPSNMLNKPHLGFJB88DA,101.19,0.0,17.91,有,
太平區,房地(土地+建物),臺中市太平區立功路３４１巷１１號,99.15,都市：其他:住宅區,,,1150720,土地4建物1車位0,全,三層,透天厝,住家用,鋼筋混凝土造,1010913,182.29999999999998,4,2,3,有,有,22300000,122326,,0.0,0,其他增建；,RPXNMLOJQHLGFJB86DA,164.23,0.0,14.94,無,
太平區,房地(土地+建物)+車位,臺中市太平區樹孝路２７３巷２６號三樓之２,22.22,都市：其他:住宅區,,,1150717,土地1建物1車位2,三層,十五層,住宅大樓(11層含以上有電梯),住家用,鋼筋混凝土造,1120908,165.32999999999998,3,2,2,有,有,15600000,94357,坡道平面,50.26,0,親友、員工、共有人或其他特殊關係間之交易；,RPPNMLQJQHLGFJB88DA,66.96,0.0,8.85,有,0095
太平區,土地,宜欣段447-4地號,12.7,都市：其他:住宅區,,,1150727,土地1建物0車位0,,,其他,,,,0.0,0,0,0,無,無,368300,29000,,0.0,0,地清或未辦繼承標售；,RPOOMLLLQHLGFJB58DA,0.0,0.0,0.0,無,
大安區,土地,新南埔段778地號,36.16,,特定農業區,農牧用地,1150716,土地1建物0車位0,,,其他,,,,0.0,0,0,0,無,無,32950,911,,0.0,0,地清或未辦繼承標售；,RPQNMLOLQHLGFEB58EA,0.0,0.0,0.0,無,
大安區,土地,新南埔段776地號,36.99,,特定農業區,農牧用地,1150716,土地1建物0車位0,,,其他,,,,0.0,0,0,0,無,無,33950,918,,0.0,0,地清或未辦繼承標售；,SPQNMLOLQHLGFEB68EA,0.0,0.0,0.0,無,
霧峰區,土地,五福南段388地號,2161.53,,特定農業區,農牧用地,1150714,土地3建物0車位0,,,其他,,,,0.0,0,0,0,無,無,14057000,6503,,0.0,0,,RPPNMLLLQHLGFIB58EA,0.0,0.0,0.0,無,
太平區,土地,麗園段462-6地號,77.37,,鄉村區,水利用地,1150713,土地1建物0車位0,,,其他,,,,0.0,0,0,0,無,無,5576056,72070,,0.0,0,政府機關標讓售；,RPPNMLOLQHLGFJB98EA,0.0,0.0,0.0,無,
南區,房地(土地+建物)+車位,臺中市南區忠明南路７９７之２號八樓,16.52,都市：其他:第三種住宅區。,,,1150705,土地1建物1車位1,八層,十四層,住宅大樓(11層含以上有電梯),住家用,鋼筋混凝土造,0951218,188.44,3,2,2,有,有,19300000,111172,坡道平面,23.83,1000000,,RPQNMLPJPHLGFAB87DA,109.08,0.53,11.61,有,0096
東區,房地(土地+建物)+車位,臺中市東區一心街２４７號三樓之三,11.6,都市：其他:第二之一種商業區,,,1150705,土地1建物1車位1,三層,十層,華廈(10層含以下有電梯),住家用,鋼筋混凝土造,1020205,85.38,2,2,1,有,有,7800000,91356,坡道機械,11.25,0,陽台外推；,RPSNMLKKPHLGFAB67DA,46.25,0.0,5.17,有,
西區,房地(土地+建物)+車位,臺中市西區貴和街３０號７樓之２,51.5,都市：其他:第二種住宅區,,,1150718,土地1建物1車位2,七層,七層,華廈(10層含以下有電梯),住家用,鋼筋混凝土造,0830421,288.63,4,2,3,有,有,15500000,53702,坡道機械,0.0,2000000,其他增建；,RPPNMLSKPHLGFAB18DA,208.95,4.74,0.0,有,
南區,房地(土地+建物),臺中市南區復興北路５２１號二樓,10.49,都市：其他:第三種住宅區。,,,1150711,土地2建物1車位0,二層,十二層,住宅大樓(11層含以上有電梯),住家用,鋼筋混凝土造,0821125,69.55,2,1,1,有,有,5900000,84831,,0.0,0,,RPPOMLNLPHLGFAB87DA,52.76,0.0,6.16,有,
西區,房地(土地+建物),臺中市西區樂群街２０９號４樓,22.43,都市：其他:第二種住宅區,,,1150701,土地2建物1車位0,四層,七層,華廈(10層含以下有電梯),住家用,鋼筋混凝土造,0830328,139.19,4,0,4,有,無,8400000,60349,,0.0,0,其他增建；未登記建物；,RPXNMLTKQHLGFAB56DA,113.15,3.94,12.9,有,
西區,房地(土地+建物),臺中市西區向上路一段１５號７樓之１６,5.04,都市：其他:第二種住宅區,,,1150704,土地2建物1車位0,七層,十三層,住宅大樓(11層含以上有電梯),住家用,鋼筋混凝土造,0830924,49.41,1,0,1,有,有,4280000,86622,,0.0,0,,RPSNMLOLQHLGFAB28DA,32.25,0.0,4.98,有,
北區,房地(土地+建物)+車位,臺中市北區進化路５２３號十樓之２,9.03,都市：其他:第二之一種商業區,,,1150705,土地1建物1車位1,十層,二十四層,住宅大樓(11層含以上有電梯),住家用,鋼筋混凝土造,1140116,109.92,2,2,1,有,有,9910000,90156,坡道平面,27.55,0,,RPQNMLOKPHLGFBB97DA,50.32,0.0,5.11,有,0097
北屯區,土地,環中段59地號,130.46,都市：其他:第五種商業區,,,1150720,土地2建物0車位0,,,其他,,,,0.0,0,0,0,無,無,32360000,248045,,0.0,0,,RPRPMLKLPHLGFBB97DA,0.0,0.0,0.0,無,
北屯區,房地(土地+建物)+車位,臺中市北屯區建和路二段３０７號四樓之２,18.33,都市：其他:第二種商業區,,,1150720,土地1建物1車位1,四層,十五層,住宅大樓(11層含以上有電梯),住家用,鋼筋混凝土造,1090916,178.92000000000002,3,2,2,有,有,16800000,93897,坡道平面,26.5,0,,RPVNMLPJQHLGFBB58DA,87.35,2.75,12.06,有,0098
北屯區,房地(土地+建物),臺中市北屯區文心路四段８２１號１８樓之６,2.43,都市：其他:第一種商業區,,,1150726,土地1建物1車位0,十八層,二十四層,住宅大樓(11層含以上有電梯),住家用,鋼筋混凝土造,0850627,42.04,1,1,1,有,有,4020000,95623,,0.0,0,,RPTRMLMKQHLGFBB58DA,24.25,0.0,3.47,有,
北屯區,房地(土地+建物),臺中市北屯區昌平路二段４巷５６號二樓,18.86,都市：其他:第二種住宅區,,,1150716,土地1建物1車位0,二層,九層,華廈(10層含以下有電梯),住家用,鋼筋混凝土造,0830426,117.28999999999999,4,2,2,有,有,7750000,66076,,0.0,0,,RPWPMLTKQHLGFBB76DA,74.96,0.0,9.23,有,
北屯區,房地(土地+建物)+車位,臺中市北屯區環太東路４６５號四樓之１２,24.62,都市：其他:第三種住宅區。,,,1150714,土地1建物1車位1,四層,十五層,住宅大樓(11層含以上有電梯),住家用,鋼筋混凝土造,1090820,153.21,2,2,2,有,有,11700000,76366,坡道平面,23.87,0,社區名稱:總太2020,RPUOMLLLQHLGFBB38DA,74.66,1.17,11.01,有,0099
西屯區,房地(土地+建物),臺中市西屯區上石路３０巷１號,76.0,都市：其他:第二種住宅區,,,1150717,土地2建物1車位0,全,二層,透天厝,住家用,鐵筋加強磚造,0610517,89.25,2,2,2,有,無,11900000,133333,,0.0,0,其他增建；,RPROMLOLPHLGFCB38DA,89.25,0.0,0.0,無,
西屯區,房地(土地+建物)+車位,臺中市西屯區青海路二段４１２號,26.37,都市：其他:第二種住宅區,,,1150713,土地2建物1車位1,一層，見其他登記事項,十五層,住宅大樓(11層含以上有電梯),商業用,鋼筋混凝土造,1090619,140.48,2,1,1,有,有,22000000,156606,坡道平面,0.0,0,,RPUOMLSLPHLGFCB09DA,79.52,0.0,0.0,無,0100
西屯區,房地(土地+建物)+車位,臺中市西屯區臺灣大道三段７６５號二十八樓之２,5.59,都市：其他:第四之一種商業區,,,1150705,土地1建物1車位1,二十八層,三十六層,住宅大樓(11層含以上有電梯),住家用,鋼骨造,1141028,109.28,2,2,1,有,有,12000000,109810,坡道平面,30.56,0,,RPOPMLOJQHLGFCB08DA,45.34,2.0,4.18,有,0101
西屯區,房地(土地+建物)+車位,臺中市西屯區文心路三段６之６號八樓之７,8.21,都市：其他:第三種商業區,,,1150724,土地1建物1車位1,八層,十八層,住宅大樓(11層含以上有電梯),住家用,鋼筋混凝土造,0980813,103.85,2,1,2,有,有,12200000,117477,坡道機械,18.99,0,陽台外推；,RPQNMLQJQHLGFCB28DA,52.2,0.0,6.89,有,0102
西屯區,房地(土地+建物)+車位,臺中市西屯區福科二路９９號三樓之１,51.24,都市：其他:第二種住宅區,,,1150710,土地2建物1車位2,三層,二十層,住宅大樓(11層含以上有電梯),住家用,鋼筋混凝土造,1051130,355.39,2,2,2,有,有,39800000,111990,坡道平面,74.9,0,,RPXNMLOLQHLGFCB98DA,163.79,0.0,22.28,有,0103
豐原區,土地,三豐段19-2地號,108.61,都市：其他:第一之二種住宅區,,,1150731,土地1建物0車位0,,,其他,,,,0.0,0,0,0,無,無,13140000,120983,,0.0,0,,RPQNMLLMPHLGFDB08DA,0.0,0.0,0.0,無,
豐原區,房地(土地+建物),臺中市豐原區向陽路１７３巷２５號二樓,23.8,都市：其他:第二種商業區,,,1150715,土地1建物1車位0,二層,五層,公寓(5樓含以下無電梯),住家用,鋼筋混凝土造,0751210,87.54,3,2,2,有,無,5100000,58259,,0.0,0,,RPPOMLPLQHLGFDB48DA,81.24,0.0,6.3,無,
大甲區,土地,中山段757地號,1186.39,都市：其他:住宅區,,,1150710,土地1建物0車位0,,,其他,,,,0.0,0,0,0,無,無,30505053,25713,,0.0,0,,RPSNMLTKQHLGFEB09DA,0.0,0.0,0.0,無,
大甲區,土地,中山段757-4地號,304.28,都市：其他:道路用地,,,1150710,土地1建物0車位0,,,其他,,,,0.0,0,0,0,無,無,5203195,17100,,0.0,0,包含公共設施保留地用地；,SPSNMLTKQHLGFEB56DA,0.0,0.0,0.0,無,
大安區,土地,安地段805地號,42.0,,特定農業區,農牧用地,1150727,土地1建物0車位0,,,其他,,,,0.0,0,0,0,無,無,127000,3024,,0.0,0,,RPQNMLPLQHLGFEB58DA,0.0,0.0,0.0,無,
沙鹿區,房地(土地+建物)+車位,臺中市沙鹿區三民路１０９號四樓之１,24.24,都市：其他:第四種住宅區,,,1150727,土地1建物1車位1,四層,十五層,住宅大樓(11層含以上有電梯),住家用,鋼筋混凝土造,1150212,140.88,3,2,2,有,有,13900000,98666,坡道平面,25.98,0,,RPWNMLOKQHLGFFB09DA,69.51,0.0,7.15,有,0104
沙鹿區,房地(土地+建物)+車位,臺中市沙鹿區星美東街７０巷１１號,75.0,都市：其他:第四種住宅區,,,1150720,土地2建物1車位1,全,四層,透天厝,住家用,鋼筋混凝土造,1121127,180.47,4,1,4,有,有,15000000,83116,一樓平面,0.0,0,,RPRNMLSKQHLGFFB98DA,163.51,0.0,16.96,無,
沙鹿區,房地(土地+建物),臺中市沙鹿區賢正街１３６號,96.9,都市：其他:第四種住宅區,,,1150706,土地2建物1車位0,全,三層,透天厝,其他,鋼筋混凝土造,0840805,161.78,7,3,8,有,無,18000000,111262,,0.0,0,,RPWNMLOLQHLGFFB56DA,161.78,0.0,0.0,無,
梧棲區,房地(土地+建物),臺中市梧棲區博愛北路２５５號,77.0,都市：其他:第四種住宅區,,,1150729,土地1建物1車位0,全,四層,透天厝,住家用,鋼筋混凝土造,1130822,165.24,4,2,5,有,無,15500000,93803,,0.0,0,,RPOOMLOLQHLGFFB48DA,148.4,0.0,16.84,無,
梧棲區,房地(土地+建物),臺中市梧棲區西建路５３之７號,67.0,都市：其他:第四種住宅區,,,1150707,土地1建物1車位0,全,二層,透天厝,住家用,加強磚造,0710810,85.61,4,3,3,有,無,4700000,54900,,0.0,0,親友、員工、共有人或其他特殊關係間之交易；,RPQOMLOLQHLGFFB68DA,85.61,0.0,0.0,無,
梧棲區,房地(土地+建物),臺中市梧棲區西建路５３之５號,70.0,都市：其他:第四種住宅區,,,1150707,土地1建物1車位0,全,二層,透天厝,住家用,加強磚造,0710810,85.61,4,3,3,有,無,4900000,57236,,0.0,0,親友、員工、共有人或其他特殊關係間之交易；,SPQOMLOLQHLGFFB78DA,85.61,0.0,0.0,無,
梧棲區,房地(土地+建物),臺中市梧棲區興益路４２號,109.62,都市：其他:第四種住宅區,,,1150723,土地1建物1車位0,全,四層,透天厝,商業用,鋼筋混凝土造,0830608,189.25,3,2,3,有,無,12000000,63408,,0.0,0,其他增建；,RPRNMLPLQHLGFFB78DA,164.64,24.61,0.0,無,
和平區,土地,雙崎段407地號,2260.0,,一般農業區,農牧用地,1150713,土地2建物0車位0,,,其他,,,,0.0,0,0,0,無,無,1850000,819,,0.0,0,,RPQNMLOKQHLGFGB58DA,0.0,0.0,0.0,無,
東勢區,房地(土地+建物),臺中市東勢區下城街７３號,123.76,都市：其他:住宅區,,,1150724,土地1建物1車位0,全,四層,透天厝,住家用,鋼筋混凝土造,1140109,252.38,4,3,4,有,無,18910000,74927,,0.0,0,,RPQNMLLLQHLGFGB38DA,233.11,0.0,19.27,有,
大雅區,房地(土地+建物)+車位,臺中市大雅區雅潭路四段６６１巷３８號十一樓之１,24.21,都市：其他:第二種住宅區,,,1150704,土地1建物1車位1,十一層,十二層,住宅大樓(11層含以上有電梯),住家用,鋼筋混凝土造,1030224,134.06,2,2,2,有,有,12500000,93242,坡道機械,17.12,0,,RPXNMLSKQHLGFHB17DA,60.7,4.5,9.43,有,0105
潭子區,房地(土地+建物),臺中市潭子區人和路６４號,79.95,都市：其他:第一之二種住宅區,,,1150731,土地1建物1車位0,全,三層,透天厝,住商用,鋼筋混凝土造,0700803,178.68,5,3,4,有,無,6500000,36378,,0.0,0,受民情風俗因素影響；,RPPNMLLLQHLGFHB38DA,166.08,0.0,12.6,無,
潭子區,房地(土地+建物)+車位,臺中市潭子區大富路一段７之１號十一樓之１,26.92,都市：其他:市場用地,,,1150702,土地1建物1車位1,十一層,十三層,住宅大樓(11層含以上有電梯),住家用,鋼筋混凝土造,1100903,165.97,3,2,2,有,有,17300000,104236,坡道平面,38.2,0,,RPQNMLLLQHLGFHB48DA,78.63,0.0,7.26,有,0106
潭子區,房地(土地+建物)+車位,臺中市潭子區圓通南路８１巷２６號六樓,15.98,都市：其他:第一之二種住宅區,,,1150704,土地4建物1車位1,六層,十一層,住宅大樓(11層含以上有電梯),住家用,鋼筋混凝土造,0850916,131.35,2,2,2,有,有,9600000,73087,坡道平面,0.0,0,陽台外推；,RPUNMLLLQHLGFHB88DA,72.58,1.06,9.57,有,
霧峰區,房地(土地+建物),臺中市霧峰區北岸路８２之１號,270.64,,特定農業區,甲種建築用地,1150724,土地1建物1車位0,全,一層,透天厝,工業用,鋼骨造,0900227,129.68,0,0,0,無,無,10800000,83282,,0.0,0,,RPTNMLLLQHLGFIB88DA,129.68,0.0,0.0,無,0107
霧峰區,土地,新厝段686-4地號,232.55,,特定農業區,甲種建築用地,1150725,土地3建物0車位0,,,其他,,,,0.0,0,0,0,無,無,4500000,19351,,0.0,0,親友、員工、共有人或其他特殊關係間之交易；,RPTOMLLLQHLGFIB98DA,0.0,0.0,0.0,無,0108
烏日區,房地(土地+建物),臺中市烏日區溪南路一段６８０巷３５６弄２５號,105.0,,鄉村區,乙種建築用地,1150712,土地1建物1車位0,全,三層,透天厝,住家用,鋼筋混凝土造,0900619,190.55,6,2,3,有,無,12880000,67594,,0.0,0,,RPSPMLLLQHLGFIB98DA,175.99,0.0,14.56,無,0109
龍井區,房地(土地+建物)+車位,臺中市龍井區龍山街１３０號,18.54,都市：其他:第四種住宅區,,,1150728,土地1建物1車位1,一層,八層,華廈(10層含以下有電梯),住家用,鋼筋混凝土造,0840310,97.06,3,2,2,有,有,6050000,62333,坡道平面,0.0,0,,RPUNMLLKQHLGFKB09DA,72.99,0.0,0.0,有,
龍井區,房地(土地+建物),臺中市龍井區新興路２２巷２弄２３號四樓之１,16.79,,鄉村區,乙種建築用地,1150707,土地1建物1車位0,四層,六層,華廈(10層含以下有電梯),住家用,鋼筋混凝土造,1121128,64.35,1,1,1,有,有,10380000,161305,,0.0,0,,RPWNMLLKQHLGFKB66DA,39.22,0.0,3.57,有,
龍井區,房地(土地+建物)+車位,臺中市龍井區遊園北路１０８號八樓之６,25.49,都市：其他:第一之二種住宅區,,,1150715,土地1建物1車位1,八層,十五層,住宅大樓(11層含以上有電梯),住家用,鋼筋混凝土造,1121102,118.56,2,2,2,有,有,15280000,128880,坡道平面,23.65,0,,RPVOMLNKQHLGFKB86DA,59.1,0.0,3.43,有,0110
大肚區,土地,福山段1008地號,13.32,都市：其他:第一種住宅區,,,1150713,土地1建物0車位0,,,其他,,,,0.0,0,0,0,無,無,181319,13613,,0.0,0,,RPPNMLMLQHLGFKB78DA,0.0,0.0,0.0,無,0111
大肚區,土地,福山段1008-1地號,16.49,,,,1150713,土地1建物0車位0,,,其他,,,,0.0,0,0,0,無,無,224469,13612,,0.0,0,,RPQNMLMLQHLGFKB88DA,0.0,0.0,0.0,無,
大肚區,土地,福山段1008-2地號,13.5,,,,1150713,土地1建物0車位0,,,其他,,,,0.0,0,0,0,無,無,183771,13613,,0.0,0,,RPRNMLMLQHLGFKB98DA,0.0,0.0,0.0,無,
大肚區,土地,福山段1008-3地號,12.35,,,,1150722,土地1建物0車位0,,,其他,,,,0.0,0,0,0,無,無,168116,13613,,0.0,0,,RPSNMLMLQHLGFKB09DA,0.0,0.0,0.0,無,
大肚區,土地,福山段1008-4地號,9.61,,,,1150722,土地1建物0車位0,,,其他,,,,0.0,0,0,0,無,無,130815,13612,,0.0,0,,RPTNMLMLQHLGFKB56DA,0.0,0.0,0.0,無,
大肚區,土地,福山段1008-5地號,3.66,,,,1150713,土地1建物0車位0,,,其他,,,,0.0,0,0,0,無,無,49824,13613,,0.0,0,,RPUNMLMLQHLGFKB66DA,0.0,0.0,0.0,無,
西區,房地(土地+建物),臺中市西區華美街４３號五樓,22.18,都市：其他:第二種住宅區,,,1150715,土地1建物1車位0,五層,五層,公寓(5樓含以下無電梯),住家用,鋼筋混凝土造,0700907,92.5,3,2,2,有,無,2500000,27027,,0.0,0,親友、員工、共有人或其他特殊關係間之交易；,RPPNMLOLQHLGFAB08EA,82.35,0.0,10.15,無,
南區,房地(土地+建物),臺中市南區學府路１４６巷１５號８樓之６,3.94,都市：其他:第二種住宅區,,,1150730,土地4建物1車位0,八層,二十一層,住宅大樓(11層含以上有電梯),住家用,鋼筋混凝土造,0850627,42.2,1,1,1,有,有,3280000,77707,,0.0,0,,RPRNMLNJQHLGFAB87DA,23.52,1.32,3.12,有,
南區,房地(土地+建物)+車位,臺中市南區柳川東路一段１８號１４樓之２,8.82,都市：其他:第二種住宅區,,,1150723,土地1建物1車位1,十四層,十四層,住宅大樓(11層含以上有電梯),住家用,鋼筋混凝土造,0860815,97.09,2,2,2,有,有,8150000,83943,坡道機械,0.0,400000,陽台外推；,RPSOMLLKQHLGFAB97DA,55.11,1.22,7.75,有,0112
南區,房地(土地+建物)+車位,臺中市南區工學路１２６巷３５號１０樓之１,14.83,都市：其他:第三種住宅區。,,,1150728,土地2建物1車位1,十層,十七層,住宅大樓(11層含以上有電梯),住家用,鋼筋混凝土造,0841130,121.37,2,2,2,有,有,8080000,66573,坡道機械,0.0,800000,其他增建；包含公共設施保留地用地；,RPQOMLOKQHLGFAB08DA,75.72,0.0,8.4,有,
北區,房地(土地+建物)+車位,臺中市北區進化北路３１７號１０樓之１７,6.04,都市：其他:第一種商業區,,,1150705,土地2建物1車位1,十層,十八層,住宅大樓(11層含以上有電梯),住家用,鋼筋混凝土造,0941208,80.02000000000001,1,1,1,有,有,8100000,101225,坡道機械,15.94,0,,RPTNMLKKPHLGFBB87DA,41.5,0.0,4.24,有,
北區,房地(土地+建物),臺中市北區文昌東一街７之２號,34.56,都市：其他:第二種住宅區,,,1150710,土地1建物1車位0,三層,五層,公寓(5樓含以下無電梯),住家用,鋼筋混凝土造,0730905,122.71,3,2,2,有,無,9520000,77581,,0.0,0,,RPXRMLRKQHLGFBB86DA,109.53,0.0,13.18,無,
北區,房地(土地+建物),臺中市北區進德北路１２０號,107.0,都市：其他:第二種住宅區,,,1150704,土地1建物1車位0,全,二層,透天厝,住家用,鋼筋混凝土加強磚造,0620503,104.04,4,0,2,有,無,16700000,160515,,0.0,0,,RPVRMLLLQHLGFBB78DA,104.04,0.0,0.0,無,
北區,房地(土地+建物),臺中市北區漢口路四段６６號８樓之２,3.38,都市：其他:第二種住宅區,,,1150723,土地1建物1車位0,八層,十四層,住宅大樓(11層含以上有電梯),住家用,鋼筋混凝土造,0850715,31.98,1,1,1,有,有,3000000,93809,,0.0,0,,RPQNMLOLQHLGFBB18DA,17.98,0.0,2.48,有,0113
北屯區,房地(土地+建物),臺中市北屯區文心路四段６７２號９樓之１９,2.87,都市：其他:第四種商業區,,,1150710,土地1建物1車位0,九層,二十四層,住宅大樓(11層含以上有電梯),住家用,鋼筋混凝土造,0841124,40.230000000000004,1,1,1,有,有,3200000,79543,,0.0,0,親友、員工、共有人或其他特殊關係間之交易；,RPSNMLOLQHLGFBB38DA,21.26,0.0,5.4,有,
北屯區,房地(土地+建物),臺中市北屯區北屯路２４０巷８４號１０樓,7.4,都市：其他:第二種住宅區,,,1150719,土地1建物1車位0,十層,十四層,住宅大樓(11層含以上有電梯),住家用,鋼筋混凝土造,0810627,67.15,1,1,1,有,有,4330000,64483,,0.0,0,,RPVNMLOLQHLGFBB68DA,44.9,0.0,5.49,有,
北區,房地(土地+建物),臺中市北區國強街１１９巷３之３號,24.39,都市：其他:第二種住宅區,,,1150722,土地1建物1車位0,四層,五層,公寓(5樓含以下無電梯),住家用,鋼筋混凝土造,0770210,102.73,3,2,2,有,有,4300000,41857,,0.0,0,,RPUNMLPLQHLGFBB68DA,74.88,2.32,8.09,無,
北屯區,房地(土地+建物),臺中市北屯區昌平東二路２７６號,203.45,都市：其他:第一種住宅區,,,1150708,土地3建物1車位0,全,三層,透天厝,住家用,ＲＣ造,0930625,273.89,3,3,4,有,有,50000000,182555,,0.0,0,親友、員工、共有人或其他特殊關係間之交易；,RPROMLQLQHLGFBB58DA,233.19,5.48,35.22,無,0114
南屯區,房地(土地+建物),臺中市南屯區干城街２４３巷３弄１２號,78.0,都市：其他:第二種住宅區,,,1150724,土地1建物1車位0,全,二層,透天厝,住家用,加強磚造,0640806,90.84,4,2,2,有,無,13460000,148173,,0.0,0,親友、員工、共有人或其他特殊關係間之交易；,RPPPMLKMPHLGFCB97DA,90.84,0.0,0.0,無,0115
西屯區,房地(土地+建物)+車位,臺中市西屯區玉門路４８２號十一樓之１,16.25,都市：其他:第六種住宅區,,,1150723,土地1建物1車位1,十一層,二十三層,住宅大樓(11層含以上有電梯),住家用,鋼筋混凝土造,0970630,198.55,3,2,2,有,有,21360000,107580,坡道平面,19.56,0,,RPPVMLKKQHLGFCB48DA,105.2,5.15,15.23,有,
南屯區,房地(土地+建物)+車位,臺中市南屯區向上路五段５號十二樓之１,20.53,都市：其他:第三之二種住宅區,,,1150714,土地1建物1車位1,十二層,十五層,住宅大樓(11層含以上有電梯),住家用,鋼筋混凝土造,1120907,172.39,2,2,2,有,有,21200000,122977,坡道平面,26.45,0,,RPRPMLOKQHLGFCB48DA,83.16,3.3,11.4,有,0116
西屯區,房地(土地+建物),臺中市西屯區青海路二段３５９號三樓之５,9.64,都市：其他:第三之二種住宅區,,,1150701,土地1建物1車位0,三層,十五層,住宅大樓(11層含以上有電梯),住家用,鋼筋混凝土造,0830517,94.92999999999999,3,1,1,有,有,7380000,77741,,0.0,0,,RPRPMLLLQHLGFCB28DA,71.38,0.0,7.11,有,0117
南屯區,房地(土地+建物)+車位,臺中市南屯區大觀路２１７號十五樓,46.6,都市：其他:第二種住宅區,,,1150723,土地1建物1車位2,十五層,二十三層,住宅大樓(11層含以上有電梯),住家用,鋼筋混凝土造,1041007,373.98,3,2,4,有,有,54000000,144393,坡道平面,0.0,0,含裝潢費；,RPQNMLOLQHLGFCB28DA,165.24,13.96,26.34,有,0118
豐原區,房地(土地+建物),臺中市豐原區中陽路１４０巷１４號,59.6,都市：其他:第三種住宅區。,,,1150729,土地2建物1車位0,全,二層,透天厝,住家用,加強磚造,0571225,82.58,5,2,2,有,無,5400000,65391,,0.0,0,頂樓加蓋；,RPRNMLPJQHLGFDB38DA,82.58,0.0,0.0,無,
豐原區,土地,豐原段675-13地號,105.0,都市：其他:第二種商業區,,,1150719,土地1建物0車位0,,,其他,,,,0.0,0,0,0,無,無,10500000,100000,,0.0,0,,RPXNMLRKQHLGFDB66DA,0.0,0.0,0.0,無,
后里區,房地(土地+建物),臺中市后里區三重二路２７８巷８號,122.98,,特定農業區,甲種建築用地,1150708,土地3建物1車位0,全,二層,透天厝,住家用,鋼骨造,1111213,115.41,4,3,4,有,無,11600000,100511,,0.0,0,其他增建；,RPQNMLQLQHLGFDB58DA,107.49,0.0,7.92,無,
豐原區,土地,豐原段292-107地號,1.0,都市：其他:第二種商業區,,,1150721,土地1建物0車位0,,,其他,,,,0.0,0,0,0,無,無,223660,0,,0.0,0,政府機關標讓售；,RPOOMLQLQHLGFDB48DA,0.0,0.0,0.0,無,
沙鹿區,房地(土地+建物)+車位,臺中市沙鹿區永寧路２３５號十一樓之５,24.13,都市：其他:第四種住宅區,,,1150710,土地1建物1車位1,十一層,十五層,住宅大樓(11層含以上有電梯),住家用,鋼筋混凝土造,1141015,156.43,3,2,2,有,有,12450000,79588,坡道平面,44.22,0,,RPOPMLRJQHLGFFB68DA,68.8,0.0,6.36,有,0119
清水區,房地(土地+建物)+車位,臺中市清水區港新三路２８號十一樓之２,13.96,都市：其他:第四種商業區,,,1150726,土地1建物1車位1,十一層,十五層,住宅大樓(11層含以上有電梯),住家用,鋼筋混凝土造,1070926,136.88,2,2,1,有,有,7700000,56254,坡道平面,32.26,0,,RPRNMLOKQHLGFFB58DA,64.13,0.0,7.78,有,0120
沙鹿區,房地(土地+建物)+車位,臺中市沙鹿區斗潭路２１１巷９７號十三樓之１,28.69,都市：其他:第四種住宅區,,,1150719,土地1建物1車位1,十三層,十四層,住宅大樓(11層含以上有電梯),住家用,鋼筋混凝土造,1120323,126.66,2,2,1,有,有,9900000,78162,坡道平面,40.36,0,,RPPOMLLLQHLGFFB28DA,56.22,0.0,3.27,有,0121
梧棲區,房地(土地+建物)+車位,臺中市梧棲區八德東路６９號二十八樓之６,7.62,都市：其他:第四種商業區,,,1150718,土地1建物1車位1,二十八層,二十八層,住宅大樓(11層含以上有電梯),住家用,鋼筋混凝土造,1140606,110.2,2,1,1,有,有,5980000,54265,坡道平面,24.74,0,,RPPNMLNLQHLGFFB38DA,52.79,0.0,4.2,有,0122
東勢區,土地,東新段309地號,320.14,都市：其他:道路用地,,,1150709,土地1建物0車位0,,,其他,,,,0.0,0,0,0,無,無,12549488,39200,,0.0,0,協議價購；,RPQNMLPLQHLGFGB78DA,0.0,0.0,0.0,無,
潭子區,房地(土地+建物),臺中市潭子區雅豐街１１０巷４２號,129.81,都市：其他:第一之一種住宅區,,,1150729,土地1建物1車位0,全,四層,透天厝,住商用,鋼筋混凝土造,0850124,231.86,5,3,4,有,有,16100000,69438,,0.0,0,其他增建；未登記建物；,RPWNMLSKQHLGFHB07DA,220.51,0.0,11.35,無,
大雅區,土地,六寶段267地號,185.5,,鄉村區,乙種建築用地,1150721,土地2建物0車位0,,,其他,,,,0.0,0,0,0,無,無,11641760,62759,,0.0,0,,RPRNMLLLQHLGFHB58DA,0.0,0.0,0.0,無,
潭子區,房地(土地+建物),臺中市潭子區大德一路二段２２號,91.35,都市：其他:道路用地,,,1150724,土地3建物1車位0,全,二層,透天厝,住家用,加強磚造,0650301,112.5,4,2,2,有,無,12300000,109333,,0.0,0,陽台外推；頂樓加蓋；其他增建；,RPSNMLLLQHLGFHB68DA,112.5,0.0,0.0,無,
烏日區,房地(土地+建物)+車位,臺中市烏日區三榮路二段２８１號四樓之２,30.61,都市：其他:第二種住宅區,,,1150714,土地1建物1車位1,四層,十二層,住宅大樓(11層含以上有電梯),住家用,鋼筋混凝土造,1030711,155.31,3,2,2,有,有,14300000,92074,坡道平面,31.05,0,,RPXPMLMKQHLGFIB86DA,74.58,2.22,9.13,有,
太平區,房地(土地+建物),臺中市太平區正誠街２８巷１號,65.0,都市：其他:工業區(勞工住宅),,,1150701,土地2建物1車位0,全,三層,透天厝,其他,鋼筋混凝土造,0900814,83.61,3,2,2,有,無,5000000,59801,,0.0,0,親友、員工、共有人或其他特殊關係間之交易；,RPPNMLOKPHLGFJB68DA,80.23,0.0,3.37,無,
太平區,房地(土地+建物),臺中市太平區宜昌路３３１號十一樓之１,9.83,都市：其他:住宅區,,,1150707,土地3建物1車位0,十一層,十二層,住宅大樓(11層含以上有電梯),住家用,鋼筋混凝土造,0821110,82.88,3,2,1,有,有,6350000,76617,,0.0,0,陽台外推；,RPWNMLQKPHLGFJB96DA,61.75,0.0,8.06,有,0123
太平區,房地(土地+建物)+車位,臺中市太平區振福路１０７號,20.93,都市：其他:住宅區,,,1150717,土地1建物1車位2,一層,十二層,住宅大樓(11層含以上有電梯),住家用,鋼筋混凝土造,0830806,192.36,3,2,2,有,有,9000000,46787,坡道平面,0.0,0,其他增建；,RPRNMLOJQHLGFJB88DA,86.95,0.0,14.19,有,
龍井區,房地(土地+建物)+車位,臺中市龍井區新仁路２２巷３３號七樓,25.89,,鄉村區,乙種建築用地,1150707,土地1建物1車位1,七層,八層,華廈(10層含以下有電梯),住家用,鋼筋混凝土造,1080402,133.29000000000002,2,1,1,有,有,9500000,71273,坡道平面,32.67,0,,RPTNMLTJPHLGFKB96DA,60.33,2.45,5.56,有,0124
龍井區,房地(土地+建物)+車位,臺中市龍井區竹師路二段７５巷３０號九樓之２,36.56,都市：其他:第四種住宅區,,,1150709,土地5建物1車位1,九層,十一層,住宅大樓(11層含以上有電梯),住家用,鋼筋混凝土造,1091015,161.26,3,2,2,有,有,9300000,57671,坡道機械,22.59,0,,RPRNMLLLQHLGFKB88DA,84.33,0.0,7.84,有,
北屯區,房地(土地+建物)+車位,臺中市北屯區崇德十六路１８２號六樓之６,20.18,都市：其他:第五種住宅區,,,1150724,土地2建物1車位1,六層,十五層,住宅大樓(11層含以上有電梯),住家用,鋼筋混凝土造,1081122,173.94,3,2,2,有,有,20400000,117282,坡道平面,10.0,0,,RPPNMLPLQHLGFBB28EA,77.33,1.31,15.56,有,0125
南區,房地(土地+建物),臺中市南區工學二街１１９號,8.18,都市：其他:第三種住宅區。,,,1150706,土地1建物1車位0,一層,十二層,住宅大樓(11層含以上有電梯),商業用,鋼筋混凝土造,0870930,48.54,1,1,1,有,有,5600000,115369,,0.0,0,夾層；,RPXNMLKLPHLGFAB28DA,40.32,0.0,0.0,有,
南區,土地,下橋子頭段208-10地號,201.0,都市：其他:第三種住宅區。,,,1150722,土地1建物0車位0,,,其他,,,,0.0,0,0,0,無,無,35872000,178468,,0.0,0,,RPSTMLOLPHLGFAB78DA,0.0,0.0,0.0,無,
中區,房地(土地+建物),臺中市中區民族路１５２－４－５號,10.69,都市：其他:第一種商業區,,,1150705,土地1建物1車位0,四層,五層,公寓(5樓含以下無電梯),住家用,見其他登記事項,0621201,51.17,1,1,1,有,無,3420000,66836,,0.0,0,,RPVOMLQJQHLGFAB68DA,51.17,0.0,0.0,無,
南區,房地(土地+建物),臺中市南區信義南街２０２號八樓之二,5.1,都市：其他:第二種住宅區,,,1150706,土地1建物1車位0,八層,十二層,住宅大樓(11層含以上有電梯),住家用,鋼筋混凝土造,0840601,71.57,2,2,2,有,有,5610000,78385,,0.0,0,,RPQNMLRKQHLGFAB28DA,45.54,0.61,2.72,有,
西區,土地,土庫段24-43地號,108.0,都市：其他:道路用地,,,1150721,土地2建物0車位0,,,其他,,,,0.0,0,0,0,無,無,15331824,141961,,0.0,0,包含公共設施保留地用地；,RPWNMLRKQHLGFAB88DA,0.0,0.0,0.0,無,
東區,土地,大公段54地號,15.3,都市：其他:道路用地,,,1150721,土地3建物0車位0,,,其他,,,,0.0,0,0,0,無,無,1271156,83082,,0.0,0,包含公共設施保留地用地；,RPXNMLRKQHLGFAB98DA,0.0,0.0,0.0,無,
南區,房地(土地+建物),臺中市南區東興路一段１６號三樓之九,5.84,都市：其他:第三種住宅區。,,,1150723,土地1建物1車位0,三層,三十二層,住宅大樓(11層含以上有電梯),住家用,鋼筋混凝土造,0951026,127.18,3,0,3,有,有,8600000,67621,,0.0,0,,RPUNMLQLQHLGFAB68DA,62.79,0.0,16.77,有,
北屯區,房地(土地+建物)+車位,臺中市北屯區河北西街８６號十四樓之１,15.05,都市：其他:第二種商業區,,,1150704,土地1建物1車位1,十四層,十五層,住宅大樓(11層含以上有電梯),住家用,鋼筋混凝土造,1081121,164.5,3,2,2,有,有,20000000,143779,坡道平面,35.83,1500000,其他增建；,RPPNMLOJPHLGFBB77DA,78.93,0.0,8.48,有,
北區,房地(土地+建物)+車位,臺中市北區學士路１８３號８樓,16.95,都市：其他:第二種住宅區,,,1150709,土地1建物1車位1,八層,十二層,住宅大樓(11層含以上有電梯),住家用,鋼筋混凝土造,0831208,169.57,3,2,2,有,有,12600000,74306,坡道平面,0.0,0,陽台外推；,RPWNMLOKPHLGFBB58DA,99.91,0.0,13.62,有,
北屯區,房地(土地+建物)+車位,臺中市北屯區豐樂五街９９號七樓之５,25.93,都市：其他:第一之一種住宅區,,,1150727,土地1建物1車位1,七層,十四層,住宅大樓(11層含以上有電梯),住家用,鋼筋混凝土造,1131011,124.02,2,1,1,有,有,18200000,146751,坡道平面,28.98,0,,RPUOMLKKQHLGFBB18DA,56.59,0.0,5.49,有,
北屯區,房地(土地+建物)+車位,臺中市北屯區太原路三段１２００號十二樓之１０,14.8,都市：其他:第三種住宅區。,,,1150730,土地1建物1車位1,十二層,十五層,住宅大樓(11層含以上有電梯),住家用,鋼筋混凝土造,1120525,126.33000000000001,2,2,2,有,有,12980000,102747,坡道平面,26.76,0,,RPTRMLRKQHLGFBB09DA,62.16,0.0,4.52,有,
北區,房地(土地+建物),臺中市北區永興街１１４號５樓之７,7.84,都市：其他:第二種住宅區,,,1150723,土地2建物1車位0,五層,七層,華廈(10層含以下有電梯),住家用,鋼筋混凝土造,0780419,47.98,1,1,1,有,無,3500000,72947,,0.0,0,買方另支付6%仲介服務費,RPOSMLRKQHLGFBB68DA,30.74,0.0,4.31,有,
北區,房地(土地+建物),臺中市北區漢口路五段３２巷１０號,28.98,都市：其他:第二種住宅區,,,1150723,土地3建物1車位0,一層,五層,公寓(5樓含以下無電梯),住家用,鋼筋混凝土造,0710830,97.17999999999999,3,2,2,有,無,8800000,90554,,0.0,0,其他增建；,RPORMLLLQHLGFBB08DA,91.24,0.0,0.0,無,
西屯區,房地(土地+建物)+車位,臺中市西屯區工業區一路９６之１２號六樓之１,16.62,都市：其他:第三種住宅區。,,,1150725,土地1建物1車位2,六層,十二層,住宅大樓(11層含以上有電梯),住家用,鋼筋混凝土造,0970711,151.2,3,2,2,有,有,13200000,97426,坡道平面,39.32,2300000,陽台外推；夾層；,RPSNMLPLPHLGFCB48DA,69.26,2.19,7.88,有,
西屯區,房地(土地+建物)+車位,臺中市西屯區臺灣大道三段６３０之１號二十樓之２,7.49,都市：其他:第三種商業區,,,1150704,土地4建物1車位1,二十層,二十三層,住宅大樓(11層含以上有電梯),住家用,鋼筋混凝土造,1140826,114.11000000000001,2,2,1,有,有,13100000,114802,坡道平面,40.0,0,,RPVOMLKMPHLGFCB48DA,43.46,0.0,4.06,有,
西屯區,房地(土地+建物)+車位,臺中市西屯區環中路二段１５７７號二十八樓之３,14.29,都市：其他:第三種商業區,,,1150725,土地1建物1車位1,二十八層,二十九層,住宅大樓(11層含以上有電梯),住家用,鋼筋混凝土造,1071210,147.85000000000002,3,2,2,有,有,16660000,112682,坡道平面,29.77,0,,RPOQMLOJQHLGFCB18DA,70.87,1.76,5.46,有,
西屯區,房地(土地+建物)+車位,臺中市西屯區臺灣大道三段７６５號十二樓之１,5.76,都市：其他:第四之一種商業區,,,1150712,土地1建物1車位1,十二層,三十六層,住宅大樓(11層含以上有電梯),住家用,鋼骨造,1141028,93.77000000000001,2,2,1,有,有,10680000,113896,坡道機械,12.14,0,,RPTPMLPJQHLGFCB68DA,47.17,1.85,4.43,有,
西屯區,房地(土地+建物)+車位,臺中市西屯區福順路１３７之１號十一樓之６,21.25,都市：其他:第一之一種住宅區,,,1150708,土地1建物1車位1,十一層,十九層,住宅大樓(11層含以上有電梯),住家用,鋼筋混凝土造,0860728,169.29,3,2,2,有,有,12500000,73838,坡道平面,0.0,0,,RPURMLPJQHLGFCB98DA,79.46,0.0,9.84,有,
南屯區,房地(土地+建物)+車位,臺中市南屯區新富路６６９號六樓之５,52.69,都市：其他:第一之B種住宅區,,,1150722,土地1建物1車位4,六層,十二層,住宅大樓(11層含以上有電梯),住家用,鋼筋混凝土造,1120109,253.72000000000003,2,2,2,有,有,36000000,141889,坡道平面,133.72,0,其他增建:露台其他增建；,RPTTMLKKQHLGFCB68DA,72.16,0.0,7.79,有,
南屯區,房地(土地+建物)+車位,臺中市南屯區嶺東路３７０巷１１號,20.3,都市：其他:第二種住宅區,,,1150726,土地1建物1車位1,一層，見其他登記事項,十二層,住宅大樓(11層含以上有電梯),商業用,鋼筋混凝土造,1051228,106.87,0,2,1,有,有,14300000,133807,坡道平面,36.07,0,其他增建；,RPPNMLKLQHLGFCB77DA,52.43,0.0,0.0,有,
南屯區,房地(土地+建物)+車位,臺中市南屯區忠勇路５２之２２１號八樓,9.99,都市：其他:第三之二種住宅區,,,1150706,土地1建物1車位1,八層,十四層,住宅大樓(11層含以上有電梯),住家用,鋼筋混凝土造,1010926,105.57000000000001,2,2,1,有,有,10980000,104007,坡道機械,12.9,0,,RPQPMLLLQHLGFCB18DA,53.93,1.03,9.69,有,
西屯區,房地(土地+建物)+車位,臺中市西屯區烈美街１４６號六樓之２,22.25,都市：其他:第二種住宅區,,,1150726,土地1建物1車位1,六層,八層,華廈(10層含以下有電梯),住家用,鋼筋混凝土造,0840425,126.41,3,2,2,有,有,12000000,94929,坡道機械,0.0,0,親友、員工、共有人或其他特殊關係間之交易；,RPWNMLPLQHLGFCB98DA,85.7,0.0,13.49,有,
西屯區,房地(土地+建物)+車位,臺中市西屯區臺灣大道三段７６３號二十七樓之１１,6.32,都市：其他:第四之一種商業區,,,1150722,土地1建物1車位1,二十七層,三十六層,住宅大樓(11層含以上有電梯),住家用,鋼骨造,1141028,120.0,2,2,1,有,有,12620000,105167,坡道平面,30.56,0,,RPUPMLQLQHLGFCB09DA,49.55,4.73,4.33,有,
后里區,房地(土地+建物),臺中市后里區南村路４３６巷４２之１號,107.92,都市：其他:住宅區,,,1150724,土地1建物1車位0,全,四層,透天厝,住家用,鋼筋混凝土造,0970501,208.12,5,2,3,有,無,16360000,78608,,0.0,0,其他增建；,RPWOMLOLPHLGFDB98DA,190.57,0.0,17.55,無,
后里區,房地(土地+建物)+車位,臺中市后里區九甲五路２２６號二樓之３,30.26,,特定農業區,甲種建築用地,1150707,土地1建物1車位1,二層,八層,華廈(10層含以下有電梯),住家用,鋼筋混凝土造,1101103,127.17000000000002,2,2,2,有,有,8400000,66053,坡道平面,26.99,0,,RPQPMLSLPHLGFDB88DA,58.79,0.0,6.5,有,
梧棲區,房地(土地+建物)+車位,臺中市梧棲區臨港路四段５８６號十一樓之１,13.94,都市：其他:第四種商業區,,,1150726,土地1建物1車位1,十一層,二十四層,住宅大樓(11層含以上有電梯),住家用,鋼筋混凝土造,1131216,168.66,3,2,2,有,有,11600000,68777,坡道平面,26.13,0,,RPROMLLLQHLGFFB48DA,81.23,2.73,12.04,有,
新社區,房地(土地+建物),臺中市新社區美林９７之１號,15670.0,,山坡地保育區,農牧用地,1150729,土地1建物1車位0,全,二層,透天厝,農業用,鋼造,0820909,105.38,1,1,1,有,無,17200000,163219,,0.0,0,其他:一樓後方其他增建；,RPQNMLSKQHLGFGB98DA,105.38,0.0,0.0,無,
太平區,房地(土地+建物)+車位,臺中市太平區廣三街４８號三樓,15.28,都市：其他:住宅區,,,1150708,土地1建物1車位1,三層,七層,華廈(10層含以下有電梯),住家用,鋼筋混凝土造,0810430,112.58,3,2,1,有,有,5800000,51519,坡道平面,0.0,0,,RPUNMLPKPHLGFJB66DA,68.16,1.83,8.4,有,
太平區,房地(土地+建物)+車位,臺中市太平區立功路２６０號十四樓之３,24.53,都市：其他:住宅區,,,1150711,土地1建物1車位1,十四層,十五層,住宅大樓(11層含以上有電梯),住家用,鋼筋混凝土造,1081009,144.09,3,2,2,有,有,14380000,99799,坡道平面,24.75,0,,RPRNMLRJQHLGFJB56DA,71.99,1.53,9.43,有,
太平區,房地(土地+建物),臺中市太平區德安街９５巷８號,88.81,,一般農業區,甲種建築用地,1150729,土地3建物1車位0,全,四層,透天厝,住家用,鋼筋混凝土造,1100325,240.98999999999998,5,3,6,有,有,20780000,86228,,0.0,0,,RPPNMLOKQHLGFJB78DA,223.69,0.0,16.95,有,
太平區,房地(土地+建物),臺中市太平區永成北路１２８巷５０弄３號,206.65,都市：其他:住宅區,,,1150701,土地1建物1車位0,全,四層,透天厝,住家用,鋼筋混凝土造,0961112,414.01,7,3,8,有,無,38000000,91785,,0.0,0,親友、員工、共有人或其他特殊關係間之交易；,RPQNMLPLQHLGFJB09DA,389.41,0.0,24.6,無,
太平區,房地(土地+建物),臺中市太平區樹德八街３８號二樓之１８,20.97,都市：其他:住宅區,,,1150707,土地1建物1車位0,二層,七層,華廈(10層含以下有電梯),住家用,鋼筋混凝土造,0791025,113.0,3,2,2,有,有,7575000,67035,,0.0,0,,RPQNMLQLQHLGFJB56DA,73.18,1.45,17.67,有,
大肚區,房地(土地+建物),臺中市大肚區榮華街２２巷２９弄１３號,62.65,都市：其他:住宅區,,,1150707,土地1建物1車位0,全,三層,透天厝,住家用,鋼筋混凝土造,1111114,160.94,4,2,3,有,無,15500000,96309,,0.0,0,,RPPNMLSKQHLGFKB66DA,160.94,0.0,0.0,無,
西屯區,房地(土地+建物)+車位,臺中市西屯區西屯路二段２３６號十二樓之５,14.75,都市：其他:第五之一種住宅區,,,1150727,土地4建物1車位1,十二層,二十二層,住宅大樓(11層含以上有電梯),住家用,鋼筋混凝土造,1080627,148.72,2,2,2,有,有,23680000,191242,坡道平面,37.97,2500000,其他增建；,RPPNMLQLQHLGFCB48EA,64.01,6.39,4.36,有,
龍井區,土地,遊園北段321-2地號,204.11,都市：其他:保護區,,,1150724,土地2建物0車位0,,,其他,,,,0.0,0,0,0,無,無,1234857,6050,,0.0,0,,RPPNMLQLQHLGFKB66EA,0.0,0.0,0.0,無,
南區,房地(土地+建物)+車位,臺中市南區高工路２７６號１０樓,17.26,都市：其他:第二種住宅區,,,1150616,土地1建物1車位1,十層,十二層,住宅大樓(11層含以上有電梯),住家用,鋼筋混凝土造,0830217,128.53,3,2,2,有,有,8600000,66910,坡道機械,0.0,0,,RPPNMLSKOHLGFAB08DA,87.73,0.0,10.6,有,
南區,房地(土地+建物),臺中市南區美村路２段１０６巷２３號,84.0,都市：其他:第二種住宅區,,,1150628,土地2建物1車位0,全,二層,透天厝,住家用,鐵筋加強磚,0620201,101.57,6,3,3,有,無,10730000,105641,,0.0,0,其他增建；,RPROMLRJPHLGFAB28DA,101.57,0.0,0.0,無,
南區,土地,樹子腳段1552地號,295.0,都市：其他:乙種工業區,,,1150626,土地2建物0車位0,,,其他,,,,0.0,0,0,0,無,無,56000000,189831,,0.0,0,未登記建物；,RPXNMLQJQHLGFAB78DA,0.0,0.0,0.0,無,
中區,房地(土地+建物),臺中市中區中山路１７－５－２號,5.63,都市：其他:第二種商業區,,,1150616,土地2建物1車位0,五層,八層,華廈(10層含以下有電梯),商業用,鋼筋混凝土造,0661228,34.65,2,0,2,有,有,2500000,72150,,0.0,0,,RPUQMLMKQHLGFAB48DA,34.65,0.0,0.0,有,
北屯區,房地(土地+建物),臺中市北屯區進化北路５２號,69.0,都市：其他:第三種住宅區。,,,1150629,土地1建物1車位0,全,二層,透天厝,商業用,鋼筋混凝土加強磚造,0560530,112.44,2,3,2,有,無,17738000,157755,,0.0,0,其他增建；,RPQOMLMJPHLGFBB77DA,112.44,0.0,0.0,無,0126
北屯區,房地(土地+建物)+車位,臺中市北屯區文心路四段４７４號１７樓,10.51,都市：其他:第三種住宅區。,,,1150616,土地1建物1車位2,十七層,二十二層,住宅大樓(11層含以上有電梯),住家用,鋼筋混凝土造,0840913,154.67,3,2,2,有,有,13000000,84050,坡道機械,0.0,0,,RPTTMLOLPHLGFBB98DA,82.13,2.31,14.33,有,0127
北區,房地(土地+建物)+車位,臺中市北區東光路３９８之１號６樓,16.12,都市：其他:第三種住宅區。,,,1150608,土地1建物1車位1,六層,十二層,住宅大樓(11層含以上有電梯),住家用,鋼筋混凝土造,0871019,134.18,4,2,2,有,有,9000000,67074,坡道機械,0.0,0,夾層；,RPSPMLSLPHLGFBB88DA,76.97,0.0,9.3,有,0128
北屯區,房地(土地+建物)+車位,臺中市北屯區建和路一段４１８號十二樓之１,24.58,都市：其他:第二種住宅區,,,1150604,土地2建物1車位1,十二層,十四層,住宅大樓(11層含以上有電梯),住家用,鋼筋混凝土造,1021011,165.64,3,2,2,有,有,15500000,93576,坡道平面,31.28,0,,RPPWMLPJQHLGFBB88DA,79.2,2.47,8.77,有,0129
北屯區,房地(土地+建物)+車位,臺中市北屯區祥順東路二段４０號六樓之２,21.78,都市：其他:第三種住宅區。,,,1150619,土地1建物1車位1,六層,十三層,住宅大樓(11層含以上有電梯),住家用,鋼筋混凝土造,1071009,151.92,3,2,2,有,有,14180000,93339,坡道平面,31.13,0,,RPTPMLQJQHLGFBB68DA,72.09,1.71,8.8,有,0130
北區,房地(土地+建物)+車位,臺中市北區一中街５０號七樓之１６,17.8,都市：其他:第二種住宅區,,,1150616,土地1建物1車位1,七層,十四層,住宅大樓(11層含以上有電梯),住家用,鋼筋混凝土造,0781024,186.10999999999999,7,0,7,有,有,13500000,72538,坡道平面,0.0,800000,土地持分940/100000+主建物4144建號價款1270萬元土地持分20/100000+車位4116建號價款80萬元陽台外推；,RPVUNLOKQHLGFBB76DA,101.15,0.0,25.81,有,
北屯區,房地(土地+建物),臺中市北屯區東山路一段１３８巷４４弄１之４號,27.4,都市：其他:第二種住宅區,,,1150621,土地1建物1車位0,五層,五層,華廈(10層含以下有電梯),住家用,鋼筋混凝土造,0801021,102.3,3,2,2,有,無,4250000,41544,,0.0,0,陽台外推；頂樓加蓋；,RPOWNLOKQHLGFBB88DA,84.14,3.0,10.06,有,
北區,房地(土地+建物)+車位,臺中市北區北屯路３號十八樓之９,23.23,都市：其他:第二種住宅區,,,1150621,土地5建物1車位1,十八層,十八層,住宅大樓(11層含以上有電梯),住家用,鋼筋混凝土造,1120223,161.98,3,2,2,有,有,22350000,137980,坡道平面,32.97,0,,RPQRMLRKQHLGFBB78DA,80.53,0.0,5.93,有,0131
北屯區,房地(土地+建物),臺中市北屯區昌平五街２８６號十一樓之１,47.9,都市：其他:第一之一種住宅區,,,1150630,土地1建物1車位0,十一層,十四層,住宅大樓(11層含以上有電梯),住家用,鋼筋混凝土造,1130722,178.84,3,2,2,有,有,39680000,221874,,0.0,0,,RPPNMLSKQHLGFBB38DA,106.36,0.0,10.43,有,
西屯區,房地(土地+建物)+車位,臺中市西屯區西屯路二段２３６號十三樓之１,26.92,都市：其他:第五之一種住宅區,,,1150623,土地4建物1車位2,十三層,二十二層,住宅大樓(11層含以上有電梯),住家用,鋼筋混凝土造,1080627,266.58,3,2,2,有,有,37500000,140671,坡道平面,78.24,0,,RPQRMLNLOHLGFCB38DA,106.99,5.51,12.8,有,0132
西屯區,房地(土地+建物)+車位,臺中市西屯區工業區一路９６之１２號六樓之２,15.79,都市：其他:第三種住宅區。,,,1150626,土地1建物1車位1,六層,十二層,住宅大樓(11層含以上有電梯),住家用,鋼筋混凝土造,0970711,119.4,3,2,2,有,有,11000000,95149,坡道機械,12.2,800000,其他增建；,RPUPMLQLOHLGFCB88DA,65.94,2.19,7.88,有,0133
南屯區,房地(土地+建物),臺中市南屯區中台路３６２之２０號,154.27,都市：其他:農業區,,,1150618,土地4建物1車位0,全,四層,透天厝,住家用,鋼筋混凝土造,1060120,345.48,5,4,6,有,有,31000000,89730,,0.0,0,陽台外推；其他增建；,RPXNMLNLPHLGFCB78DA,318.07,0.0,27.41,有,0134
西屯區,房地(土地+建物)+車位,臺中市西屯區國安一路８７號十六樓之７,9.52,都市：其他:第六種住宅區,,,1150627,土地1建物1車位1,十六層,二十二層,住宅大樓(11層含以上有電梯),住家用,鋼筋混凝土造,0971127,107.07,2,2,1,有,有,11600000,108340,坡道機械,13.92,0,,RPTOMLSLPHLGFCB98DA,55.2,4.46,5.41,有,0135
豐原區,房地(土地+建物),臺中市豐原區三村路合作新村３０巷６號,96.0,都市：其他:第二種住宅區,,,1150625,土地2建物1車位0,全,二層,透天厝,住家用,加強磚造,0760824,112.95,5,3,3,有,無,11380000,100753,,0.0,0,其他增建；,RPWNMLOJQHLGFDB78DA,106.68,0.0,6.27,無,
神岡區,土地,圳北段1063-1地號,8.66,都市：其他:第一之二種住宅區,,,1150613,土地1建物0車位0,,,其他,,,,0.0,0,0,0,無,無,380000,43880,,0.0,0,親友、員工、共有人或其他特殊關係間之交易；畸零地或有合併使用效益；,RPTOMLNKQHLGFDB58DA,0.0,0.0,0.0,無,
梧棲區,房地(土地+建物)+車位,臺中市梧棲區中華路二段３９１號十一樓之１,23.82,都市：其他:第四種住宅區,,,1150621,土地1建物1車位1,十一層,十四層,住宅大樓(11層含以上有電梯),住家用,鋼筋混凝土造,1140730,140.92000000000002,3,2,2,有,有,9080000,64434,坡道平面,29.99,0,,RPXOMLOJQHLGFFB56DA,66.43,0.0,7.91,有,0136
潭子區,房地(土地+建物)+車位,臺中市潭子區弘智街３９巷５５號八樓之５,21.95,都市：其他:第一之二種住宅區,,,1150618,土地1建物1車位1,八層,十二層,住宅大樓(11層含以上有電梯),住家用,鋼筋混凝土造,1090831,113.06,2,2,1,有,有,11200000,99062,坡道平面,30.95,0,,RPPNMLTLOHLGFHB98DA,48.75,0.0,5.92,有,0137
大里區,房地(土地+建物)+車位,臺中市大里區祥興路５５５號十四樓之２,19.29,都市：其他:住宅區,,,1150629,土地1建物1車位1,十四層,十五層,住宅大樓(11層含以上有電梯),住家用,鋼筋混凝土造,1091201,121.08,2,2,1,有,有,14560000,145402,坡道平面,31.26,1500000,,RPSNMLMKPHLGFIB68DA,54.3,0.0,6.32,有,0138
烏日區,房地(土地+建物)+車位,臺中市烏日區高鐵一路２６８號八樓之６,33.5,都市：其他:商業區,,,1150605,土地2建物1車位4,八層,二十二層,住宅大樓(11層含以上有電梯),辦公用,鋼筋混凝土造,1131223,405.47,0,0,0,無,有,45180000,138680,坡道平面,130.16,7000000,,RPSTMLLLPHLGFIB66DA,159.79,0.0,8.47,有,0139
太平區,房地(土地+建物),臺中市太平區光興路６３７巷３８號,93.51,,鄉村區,乙種建築用地,1150601,土地1建物1車位0,全,二層,透天厝,住商用,加強磚造,0700110,79.2,8,2,3,有,無,7300000,92172,,0.0,0,頂樓加蓋；其他增建；,RPPNMLLKOHLGFJB28DA,79.2,0.0,0.0,無,
太平區,土地,聖和段228地號,266.0,,鄉村區,乙種建築用地,1150629,土地1建物0車位0,,,其他,,,,0.0,0,0,0,無,無,14600000,54887,,0.0,0,未登記建物；,RPTNMLOJQHLGFJB09DA,0.0,0.0,0.0,無,0140
東區,房地(土地+建物),臺中市東區復興路四段１３８巷３１號,54.31,都市：其他:第一種商業區,,,1150605,土地3建物2車位0,全,三層,透天厝,住家用,見其他登記事項,,132.87,3,2,2,有,無,15000000,112892,,0.0,0,,RPRNMLPKOHLGFAB08EA,132.87,0.0,0.0,無,0141
北區,房地(土地+建物),臺中市北區育德路１１２號,7.82,都市：其他:第三種住宅區。,,,1150620,土地1建物1車位0,一層，騎樓，夾層,十四層,住宅大樓(11層含以上有電梯),商業用,鋼筋混凝土造,0881223,90.32000000000001,0,2,2,有,有,12280000,135961,,0.0,0,陽台外推；夾層；,RPPNMLRKQHLGFBB38EA,60.48,1.11,6.31,有,
南屯區,房地(土地+建物)+車位,臺中市南屯區文心南二路３９０號八樓之２,18.7,都市：其他:第三之一種住宅區,,,1150612,土地1建物1車位1,八層,十五層,住宅大樓(11層含以上有電梯),住家用,鋼筋混凝土造,0830818,159.19,3,2,2,有,有,16580000,104152,坡道機械,0.0,800000,陽台外推；,RPPNMLOKQHLGFCB18EA,105.97,1.25,15.72,有,
西區,土地,後子段268-219地號,8.75,都市：其他:第二種住宅區,,,1150622,土地1建物0車位0,,,其他,,,,0.0,0,0,0,無,無,900000,102857,,0.0,0,道路用地包含公共設施保留地用地；,RPQNMLQJPHLGFAB97DA,0.0,0.0,0.0,無,0142
西區,土地,後子段268-219地號,8.75,都市：其他:第二種住宅區,,,1150622,土地1建物0車位0,,,其他,,,,0.0,0,0,0,無,無,900000,102857,,0.0,0,道路用地包含公共設施保留地用地；,RPSNMLQJPHLGFAB18DA,0.0,0.0,0.0,無,0142
南區,土地,下橋子頭段331-14地號,138.37,都市：其他:道路用地,,,1150630,土地5建物0車位0,,,其他,,,,0.0,0,0,0,無,無,11507254,83163,,0.0,0,包含公共設施保留地用地；,RPQOMLTKQHLGFAB58DA,0.0,0.0,0.0,無,
北屯區,房地(土地+建物)+車位,臺中市北屯區崇德路二段２８８號６樓之１,21.46,都市：其他:第三種住宅區。,,,1150613,土地1建物1車位1,六層,二十五層,住宅大樓(11層含以上有電梯),住家用,鋼筋混凝土造,0870417,272.32,4,2,2,有,有,18300000,67482,坡道平面,18.92,1200000,,RPUNMLNKOHLGFBB18DA,174.35,0.88,6.41,有,
北屯區,房地(土地+建物)+車位,臺中市北屯區昌平東六路４６６號七樓之５,37.76,都市：其他:第一之一種住宅區,,,1150613,土地1建物1車位2,七層,十三層,住宅大樓(11層含以上有電梯),住家用,鋼筋混凝土造,1140926,195.92000000000002,3,2,2,有,有,31750000,199005,坡道平面,59.24,4550000,,RPUOMLQKPHLGFBB68DA,83.0,0.0,8.51,有,0144
北屯區,房地(土地+建物),臺中市北屯區祥順六街１２０號,142.51,都市：其他:第一種住宅區,,,1150611,土地1建物1車位0,全,三層,透天厝,住家用,鋼筋混凝土造,1110726,273.75,4,3,5,有,無,39000000,142466,,0.0,0,,RPSNMLOKQHLGFBB28DA,251.49,0.0,22.26,無,0145
北屯區,房地(土地+建物)+車位,臺中市北屯區松竹五路一段１２１號十樓之３,30.34,都市：其他:第一之一種住宅區,,,1150607,土地1建物1車位1,十層,十四層,住宅大樓(11層含以上有電梯),住家用,鋼筋混凝土造,1110422,135.36,2,2,2,有,有,18950000,139997,坡道平面,24.94,0,,RPRVNLOKQHLGFBB09DA,66.31,0.0,5.97,有,0146
北屯區,土地,北屯段532-1地號,18.08,都市：其他:兒童遊樂場用地,,,1150630,土地5建物0車位0,,,其他,,,,0.0,0,0,0,無,無,2176484,120381,,0.0,0,包含公共設施保留地用地；,RPROMLTKQHLGFBB78DA,0.0,0.0,0.0,無,0147
西屯區,房地(土地+建物)+車位,臺中市西屯區市政北一路３６５號十四樓之１,30.43,都市：其他:第六種新市政中心專用區,,,1150601,土地1建物1車位2,十四層,二十六層,住宅大樓(11層含以上有電梯),住家用,鋼骨鋼筋混凝土造,0961231,373.45000000000005,4,2,3,有,有,43000000,115143,坡道平面,40.08,0,,RPRNMLTJOHLGFCB48DA,201.63,8.0,34.49,有,
南屯區,房地(土地+建物),臺中市南屯區龍德路一段１３６之１０號,115.42,都市：其他:第一之B種住宅區,,,1150602,土地2建物1車位0,全,四層,透天厝,住家用,鋼筋混凝土造,1140310,261.31,5,2,3,有,有,39400000,150779,,0.0,0,毛胚屋；,RPUNMLKMOHLGFCB18DA,239.19,0.0,21.28,有,
西屯區,房地(土地+建物)+車位,臺中市西屯區市政南一路１２號十二樓之１,29.09,都市：其他:第四之一種商業區,,,1150625,土地1建物1車位2,十二層,十九層,住宅大樓(11層含以上有電梯),住家用,鋼筋混凝土造,0960611,327.57000000000005,4,2,2,有,有,39250000,119822,坡道平面,49.64,0,,RPSNMLKMPHLGFCB08DA,163.22,3.32,14.57,有,
西屯區,房地(土地+建物)+車位,臺中市西屯區臺灣大道三段７６１號二十九樓之１０,6.0,都市：其他:第四之一種商業區,,,1150607,土地1建物1車位1,二十九層,三十六層,住宅大樓(11層含以上有電梯),住家用,鋼骨造,1141028,115.18,2,2,1,有,有,10780000,93593,坡道平面,30.55,0,親友、員工、共有人或其他特殊關係間之交易；,RPVPMLPJQHLGFCB88DA,49.04,2.5,3.92,有,0148
西屯區,房地(土地+建物),臺中市西屯區至善路２４０號七樓之９,2.81,都市：其他:第二種住宅區,,,1150622,土地1建物1車位0,七層,十四層,住宅大樓(11層含以上有電梯),住家用,鋼筋混凝土造,0870428,31.490000000000002,1,0,1,有,有,2900000,92093,,0.0,0,,RPPNMLLKQHLGFCB77DA,16.8,0.0,2.63,有,0149
西屯區,房地(土地+建物)+車位,臺中市西屯區青海路二段４６３號十樓之１,32.23,都市：其他:第二種住宅區,,,1150605,土地1建物1車位1,十層,十五層,住宅大樓(11層含以上有電梯),住家用,鋼筋混凝土造,1141216,220.04000000000002,3,2,2,有,有,36700000,181727,坡道平面,29.92,2150000,,RPVNMLOKQHLGFCB68DA,112.98,0.0,13.36,有,
西屯區,土地,國安段205地號,0.51,都市：其他:道路用地,,,1150630,土地2建物0車位0,,,其他,,,,0.0,0,0,0,無,無,63621,0,,0.0,0,包含公共設施保留地用地；,RPOOMLTKQHLGFCB58DA,0.0,0.0,0.0,無,0150
西屯區,土地,民安段1694-10地號,26.62,都市：其他:第三之一種住宅區,,,1150630,土地9建物0車位0,,,其他,,,,0.0,0,0,0,無,無,4218030,158453,,0.0,0,包含公共設施保留地用地；,RPTQMLTKQHLGFCB66DA,0.0,0.0,0.0,無,0151
神岡區,土地,圳前段256地號,199.48,都市：其他:第一之一種住宅區,,,1150625,土地1建物0車位0,,,其他,,,,0.0,0,0,0,無,無,1500000,7520,,0.0,0,包含公共設施保留地用地；,RPSNMLQLOHLGFDB58DA,0.0,0.0,0.0,無,
神岡區,土地,圳前段262地號,419.99,都市：其他:第一之一種住宅區,,,1150625,土地1建物0車位0,,,其他,,,,0.0,0,0,0,無,無,15000000,35715,,0.0,0,,RPTNMLQLOHLGFDB68DA,0.0,0.0,0.0,無,
大甲區,房地(土地+建物)+車位,臺中市大甲區中山路二段９５０巷１６號三樓之５,19.12,都市：其他:住宅區,,,1150613,土地1建物1車位1,三層,六層,華廈(10層含以下有電梯),住家用,鋼筋混凝土造,1150122,75.7,1,1,1,有,有,6880000,111406,坡道機械,22.92,1000000,,RPRNMLLKQHLGFEB18DA,34.48,0.0,3.4,有,
清水區,房地(土地+建物),臺中市清水區忠孝路２００巷３８弄１０號,76.0,都市：其他:第四種住宅區,,,1150601,土地1建物1車位0,全,四層,透天厝,住家用,鋼筋混凝土造,1080517,174.09,5,2,3,有,無,15500000,89034,,0.0,0,陽台外推；,RPPNMLSLOHLGFFB68DA,159.06,0.0,15.03,無,0152
梧棲區,房地(土地+建物),臺中市梧棲區中央路一段１５５之１２號,93.27,都市：其他:農業區,,,1150603,土地2建物1車位0,全,四層,透天厝,住家用,鋼筋混凝土造,1090413,174.59,4,3,3,有,有,10500000,60141,,0.0,0,其他增建；,RPOOMLPKPHLGFFB38DA,162.84,0.0,11.75,無,0153
梧棲區,房地(土地+建物)+車位,臺中市梧棲區和平街１６８巷１７號八樓之３,19.76,都市：其他:第四種住宅區,,,1150621,土地1建物1車位1,八層,十二層,住宅大樓(11層含以上有電梯),住家用,鋼筋混凝土造,1131025,106.28,2,2,1,有,有,8000000,75273,坡道平面,33.17,0,,RPWNMLQJQHLGFFB56DA,43.11,0.0,6.05,有,0154
梧棲區,房地(土地+建物)+車位,臺中市梧棲區中華路二段３９３號七樓之３,24.22,都市：其他:第四種住宅區,,,1150605,土地1建物1車位1,七層,十四層,住宅大樓(11層含以上有電梯),住家用,鋼筋混凝土造,1140730,143.21,3,2,2,有,有,9300000,64940,坡道平面,29.99,0,,RPQNMLSKQHLGFFB88DA,67.87,0.0,8.0,有,0155
烏日區,房地(土地+建物)+車位,臺中市烏日區三榮北路１２０號四樓之１,25.73,都市：其他:第二種住宅區,,,1150616,土地1建物1車位1,四層,十三層,住宅大樓(11層含以上有電梯),住家用,鋼筋混凝土造,1100913,119.1,2,2,2,有,有,12600000,105793,坡道平面,37.98,0,親友、員工、共有人或其他特殊關係間之交易；,RPRNMLSKQHLGFIB66DA,51.98,0.0,3.98,有,0156
烏日區,土地,溪壩段513地號,6551.49,,特定農業區,農牧用地,1150601,土地3建物0車位0,,,其他,,,,0.0,0,0,0,無,無,51780000,7904,,0.0,0,,RPOOMLSKQHLGFIB09DA,0.0,0.0,0.0,無,
龍井區,土地,龍崗段297地號,90.81,都市：其他:農業區,,,1150618,土地1建物0車位0,,,其他,,,,0.0,0,0,0,無,無,4000000,44048,,0.0,0,未登記建物；,RPSNMLLJPHLGFKB68DA,0.0,0.0,0.0,無,
大肚區,土地,王福段1065地號,74.18,都市：其他:農業區,,,1150624,土地2建物0車位0,,,其他,,,,0.0,0,0,0,無,無,3480000,46913,,0.0,0,包含公共設施保留地用地；,RPUOMLNKQHLGFKB76DA,0.0,0.0,0.0,無,
大肚區,土地,興和段392地號,163.97,都市：其他:第一種住宅區,,,1150626,土地1建物0車位0,,,其他,,,,0.0,0,0,0,無,無,7400000,45130,,0.0,0,親友、員工、共有人或其他特殊關係間之交易；未登記建物；,RPPNMLTKQHLGFKB76DA,0.0,0.0,0.0,無,
龍井區,房地(土地+建物),臺中市龍井區中央路三段７７巷５０弄５號,94.04,都市：其他:第四種住宅區,,,1150601,土地4建物1車位0,全,三層,透天厝,其他,鋼筋混凝土造,0890629,192.87,4,2,3,有,無,8600000,44590,,0.0,0,親友、員工、共有人或其他特殊關係間之交易；頂樓加蓋；,RPTNMLTKQHLGFKB17DA,183.15,0.0,9.72,無,
東區,房地(土地+建物),臺中市東區建德街１５４號,74.0,都市：其他:第二種住宅區,,,1150605,土地1建物1車位0,全,三層,透天厝,商業用,見其他登記事項,0631121,174.46,4,1,3,有,無,12000000,68784,,0.0,0,含土地增值稅或其他稅費；親友、員工、共有人或其他特殊關係間之交易；其他增建；,RPPNMLTKQHLGFAB48EA,174.46,0.0,0.0,無,
中區,房地(土地+建物)+車位,臺中市中區自由路二段８７號十八樓之３,8.57,都市：其他:第一種商業區,,,1150620,土地3建物1車位1,十八層,二十二層,住宅大樓(11層含以上有電梯),住家用,鋼筋混凝土造,1140121,106.96000000000001,2,2,2,有,有,12650000,118269,坡道機械,20.78,0,,RPROMLOLOHLGFAB08DA,53.69,0.0,3.95,有,0157
西區,房地(土地+建物),臺中市西區昇平街６６巷２衖６號,79.11,都市：其他:第二種住宅區,,,1150623,土地2建物1車位0,全,二層,透天厝,住家用,鐵筋加強磚造,0570503,93.32,4,2,2,有,無,15600000,167167,,0.0,0,頂樓加蓋；其他增建；,RPRNMLQLOHLGFAB18DA,93.32,0.0,0.0,無,
南區,房地(土地+建物)+車位,臺中市南區永和街１２５巷１６弄８號九樓之３,20.75,都市：其他:第二種住宅區,,,1150624,土地1建物1車位1,九層,十層,華廈(10層含以下有電梯),住家用,鋼筋混凝土造,1150510,130.03,2,2,1,有,有,16780000,163373,坡道平面,38.95,1900000,,RPRPMLLJPHLGFAB77DA,54.39,0.0,3.32,有,
南區,房地(土地+建物)+車位,臺中市南區永和街１２５巷１６弄８號十樓之２,21.25,都市：其他:第二種住宅區,,,1150619,土地1建物1車位1,十層,十層,華廈(10層含以下有電梯),住家用,鋼筋混凝土造,1150510,132.64,2,2,1,有,有,18470000,174725,坡道平面,38.95,2100000,本戶價格含約定專用露臺、總價含停車位編號 37號 權利範圍 1234/100000,RPQOMLNKQHLGFAB97DA,54.4,0.0,4.97,有,
南區,土地,下橋子頭段331-14地號,59.5,都市：其他:綠地用地,,,1150630,土地3建物0車位0,,,其他,,,,0.0,0,0,0,無,無,4798794,80652,,0.0,0,包含公共設施保留地用地；,RPSOMLTKQHLGFAB78DA,0.0,0.0,0.0,無,0158
北屯區,房地(土地+建物)+車位,臺中市北屯區敦富路７０６號十樓之７,26.6,都市：其他:第二之一種住宅區,,,1150617,土地1建物1車位1,十層,十五層,住宅大樓(11層含以上有電梯),住家用,鋼筋混凝土造,1140606,176.8,3,2,2,有,有,28720000,162443,坡道平面,25.3,0,,RPPOMLRKPHLGFBB28DA,89.46,0.0,9.07,有,0159
北屯區,房地(土地+建物)+車位,臺中市北屯區敦富路７１１號二十一樓之３,13.58,都市：其他:第二之一種住宅區,,,1150618,土地2建物1車位1,二十一層,二十二層,住宅大樓(11層含以上有電梯),住家用,鋼筋混凝土造,1130521,114.37,2,1,1,有,有,15600000,136399,坡道平面,30.08,0,,RPVUMLNLPHLGFBB56DA,52.26,0.0,3.53,有,0160
北屯區,房地(土地+建物)+車位,臺中市北屯區梅川南街３７號七樓,29.34,都市：其他:第二種住宅區,,,1150619,土地1建物1車位1,七層,十五層,住宅大樓(11層含以上有電梯),住家用,鋼筋混凝土造,1041030,163.2,3,2,2,有,有,18500000,113358,坡道平面,36.39,0,,RPOWMLPJQHLGFBB78DA,75.08,3.04,7.92,有,0161
西屯區,房地(土地+建物),臺中市西屯區臺灣大道三段６３０之１號五樓之１０,8.38,都市：其他:第三種商業區,,,1150625,土地4建物1車位0,五層,二十三層,住宅大樓(11層含以上有電梯),住家用,鋼筋混凝土造,1140826,75.27,2,2,2,有,有,10780000,143218,,0.0,0,,RPTPMLNJPHLGFCB38DA,48.26,0.0,0.0,有,0162
西屯區,房地(土地+建物)+車位,臺中市西屯區市政路１７號十七樓之３,8.56,都市：其他:第四之一種商業區,,,1150624,土地1建物1車位1,十七層,三十一層,住宅大樓(11層含以上有電梯),住家用,鋼骨鋼筋混凝土造、鋼筋混凝土造,1140618,162.23,3,2,2,有,有,24400000,150404,坡道平面,32.54,0,,RPWOMLLKQHLGFCB58DA,78.74,0.0,5.97,有,0163
西屯區,房地(土地+建物)+車位,臺中市西屯區臺灣大道三段６３０之１號十一樓之１,8.18,都市：其他:第三種商業區,,,1150611,土地4建物1車位1,十一層,二十三層,住宅大樓(11層含以上有電梯),住家用,鋼筋混凝土造,1140826,125.73,2,2,1,有,有,17500000,139187,坡道平面,40.0,0,,RPUNMLSKQHLGFCB98DA,48.38,0.0,6.59,有,0164
西屯區,房地(土地+建物),臺中市西屯區智惠街１２３號三樓,33.45,都市：其他:第三之二種住宅區,,,1150621,土地1建物1車位0,三層,五層,公寓(5樓含以下無電梯),住家用,鋼筋混凝土造,0780124,123.24,3,2,2,有,有,7650000,62074,,0.0,0,其他增建；,RPQNMLTKQHLGFCB68DA,95.09,0.0,8.99,無,
南屯區,房地(土地+建物)+車位,臺中市南屯區向上路五段３號十樓之１,25.01,都市：其他:第三之二種住宅區,,,1150630,土地1建物1車位1,十層,十五層,住宅大樓(11層含以上有電梯),住家用,鋼筋混凝土造,1120907,207.29000000000002,3,2,2,有,有,25000000,120604,坡道平面,26.44,0,,RPWNMLLLQHLGFCB58DA,103.77,4.05,13.47,有,0165
豐原區,房地(土地+建物),臺中市豐原區直興街１２９巷９號五樓之７,3.0,都市：其他:第二種商業區,,,1150608,土地2建物1車位0,五層,十層,華廈(10層含以下有電梯),住家用,鋼筋混凝土造,0841020,26.77,1,0,1,有,有,1782000,66567,,0.0,0,陽台外推；,RPVRMLNKPHLGFDB98DA,12.88,0.0,3.53,有,
豐原區,房地(土地+建物),臺中市豐原區合作街１５５之１號,166.96,都市：其他:第二種住宅區,,,1150608,土地4建物1車位0,全,二層,透天厝,住商用,加強磚造,0680810,206.13,6,4,3,有,無,15000000,72770,,0.0,0,其他增建；,RPRNMLLKQHLGFDB08DA,206.13,0.0,0.0,無,
沙鹿區,房地(土地+建物)+車位,臺中市沙鹿區三民路１０９號五樓之３,31.69,都市：其他:第四種住宅區,,,1150621,土地1建物1車位1,五層,十五層,住宅大樓(11層含以上有電梯),住家用,鋼筋混凝土造,1150212,174.2,4,2,2,有,有,17800000,102181,坡道平面,25.98,0,,RPOOMLQJPHLGFFB38DA,88.52,0.0,10.52,有,0166
潭子區,房地(土地+建物),臺中市潭子區福潭路２１０巷４７之１號,105.29,都市：其他:第一之二種住宅區,,,1150620,土地2建物1車位0,全,三層,透天厝,住家用,鋼筋混凝土造,0790907,163.82,4,3,3,有,無,14000000,85460,,0.0,0,頂樓加蓋；其他增建；,RPQNMLMKQHLGFHB48DA,151.77,0.0,12.05,無,
大里區,房地(土地+建物)+車位,臺中市大里區光明路１０號十一樓之１,32.51,,鄉村區,乙種建築用地,1150621,土地1建物1車位1,十一層,十四層,住宅大樓(11層含以上有電梯),住家用,鋼筋混凝土造,1121101,148.65,3,2,2,有,有,12750000,85772,坡道平面,29.09,0,,RPVOMLOKQHLGFIB76DA,73.85,0.0,6.32,有,0167
大里區,房地(土地+建物)+車位,臺中市大里區光正路８巷３２號八樓,21.7,,鄉村區,乙種建築用地,1150602,土地1建物1車位1,八層,十一層,住宅大樓(11層含以上有電梯),住家用,鋼筋混凝土造,1140515,91.18,2,2,1,有,有,9700000,106675,坡道機械,11.03,1150000,其他增建；,RPSNMLTKQHLGFIB86DA,50.45,0.0,3.1,有,
太平區,房地(土地+建物)+車位,臺中市太平區永和街５號四樓,31.27,都市：其他:住宅區,,,1150628,土地1建物1車位1,四層,七層,華廈(10層含以下有電梯),住家用,鋼筋混凝土造,0821230,172.38,3,2,2,有,有,8350000,48439,坡道平面,0.0,0,,RPSNMLOLPHLGFJB09DA,135.66,2.67,12.08,有,
太平區,土地,樹德段858地號,329.68,都市：其他:住宅區,,,1150616,土地1建物0車位0,,,其他,,,,0.0,0,0,0,無,無,41387950,125540,,0.0,0,,RPPNMLTKQHLGFJB66DA,0.0,0.0,0.0,無,
太平區,房地(土地+建物),臺中市太平區中山路一段３２２巷１６之１號五樓之１,12.28,,鄉村區,乙種建築用地,1150603,土地1建物1車位0,五層,五層,華廈(10層含以下有電梯),住家用,鋼筋混凝土造,1150126,41.31,1,1,1,有,有,4500000,108932,,0.0,0,,RPTNMLTKQHLGFJB07DA,27.92,0.0,1.65,有,
北區,房地(土地+建物),臺中市北區三民路三段６９號９樓之３,8.46,都市：其他:第一種商業區,,,1150621,土地2建物1車位0,九層,十二層,住宅大樓(11層含以上有電梯),住家用,鋼筋混凝土造,0721125,43.49,3,2,2,有,有,2500000,57484,,0.0,0,,RPPNMLSKQHLGFBB48EA,38.63,0.0,4.86,有,
東區,房地(土地+建物)+車位,臺中市東區東光園路１１５號十五樓之２,25.7,都市：其他:第三種住宅區。,,,1150620,土地2建物1車位2,十五層,二十四層,住宅大樓(11層含以上有電梯),住家用,鋼筋混凝土造,1120426,202.43,3,2,2,有,有,22000000,108680,坡道平面,61.06,0,,RPPQMLQLOHLGFAB28DA,90.41,0.0,6.3,有,0168
西區,房地(土地+建物)+車位,臺中市西區梅川西路二段１９之６號１９樓,9.72,都市：其他:第二種住宅區,,,1150625,土地1建物1車位1,十九層,二十二層,住宅大樓(11層含以上有電梯),住家用,鋼筋混凝土造,0941223,130.85999999999999,3,2,2,有,有,12800000,97814,坡道平面,29.78,0,夾層；,RPPNMLOKPHLGFAB77DA,61.62,4.76,8.33,有,0169
南區,房地(土地+建物),臺中市南區五權南路４８３號十一樓之十,4.67,都市：其他:第三種住宅區。,,,1150601,土地1建物1車位0,十一層,二十二層,住宅大樓(11層含以上有電梯),住家用,鋼筋混凝土造,0970121,60.800000000000004,2,2,2,有,有,6300000,103618,,0.0,0,,RPUNMLNKQHLGFAB28DA,32.14,0.0,7.88,有,0170
東區,房地(土地+建物),臺中市東區富榮街１５之３號,27.57,都市：其他:第二種住宅區,,,1150624,土地3建物1車位0,一層,十二層,住宅大樓(11層含以上有電梯),住家用,鋼筋混凝土造,0890314,132.64,3,2,2,有,有,10000000,75392,,0.0,0,陽台現況為空地,RPOOMLSKQHLGFAB28DA,88.39,0.0,11.58,有,
東區,土地,東勢子段36-46地號,80.0,都市：其他:第二種住宅區,,,1150617,土地1建物0車位0,,,其他,,,,0.0,0,0,0,無,無,10300000,128750,,0.0,0,,RPRNMLKLQHLGFAB77DA,0.0,0.0,0.0,無,
北區,房地(土地+建物),臺中市北區興進路２１８巷５號四樓,26.0,都市：其他:第二之一種商業區,,,1150627,土地1建物1車位0,四層,五層,公寓(5樓含以下無電梯),住家用,鋼筋混凝土造,0660830,62.36,3,2,1,有,無,4880000,78255,,0.0,0,,RPQOMLRLPHLGFBB48DA,62.36,0.0,0.0,無,
北屯區,房地(土地+建物)+車位,臺中市北屯區松竹三路３３號十樓之６,27.15,都市：其他:第一種商業區,,,1150615,土地1建物1車位2,十層,十七層,住宅大樓(11層含以上有電梯),住家用,鋼筋混凝土造,1111024,219.91000000000003,4,2,2,有,有,22600000,102769,坡道平面,67.1,0,,RPPNMLOJQHLGFBB87DA,94.72,0.0,7.71,有,0171
北屯區,房地(土地+建物),臺中市北屯區洲際路３０５號,103.32,都市：其他:第一種住宅區,,,1150627,土地3建物1車位0,全,四層,透天厝,住家用,鋼筋混凝土造,1141107,282.35,4,2,6,有,有,38600000,136710,,0.0,0,陽台外推；其他增建；,RPVNMLTKQHLGFBB09DA,267.84,0.0,14.1,有,
北屯區,房地(土地+建物),臺中市北屯區洲際路３１１號,103.22,都市：其他:第一種住宅區,,,1150611,土地3建物1車位0,全,四層,透天厝,住家用,鋼筋混凝土造,1141107,279.26000000000005,4,2,6,有,有,38800000,138939,,0.0,0,陽台外推；其他增建；,RPWNMLTKQHLGFBB56DA,267.84,0.0,11.01,有,
西屯區,房地(土地+建物)+車位,臺中市西屯區臺灣大道四段１２７０號三樓之１３,8.5,都市：其他:第一之一種住宅區,,,1150630,土地1建物1車位1,三層,二十六層,住宅大樓(11層含以上有電梯),住家用,鋼筋混凝土造,0990112,142.5,2,2,2,有,有,11000000,85254,坡道平面,27.55,1200000,,RPWNMLKMOHLGFCB38DA,71.26,0.0,7.18,有,
南屯區,房地(土地+建物),臺中市南屯區大墩二街４６號十一樓之３,10.83,都市：其他:第二種住宅區,,,1150630,土地1建物1車位0,十一層,十三層,住宅大樓(11層含以上有電梯),住家用,鋼筋混凝土造,0880407,105.76,3,1,1,有,有,10200000,96445,,0.0,0,,RPRRMLQJPHLGFCB68DA,71.05,0.0,8.87,有,
南屯區,房地(土地+建物)+車位,臺中市南屯區嶺東南路１６５號十五樓之５,14.19,都市：其他:第五種住宅區,,,1150618,土地1建物1車位1,十五層,十五層,住宅大樓(11層含以上有電梯),住家用,鋼筋混凝土造,1090814,132.93,3,2,1,有,有,12150000,91401,坡道平面,35.95,0,,RPSOMLRKPHLGFCB68DA,60.6,0.0,6.19,有,0172
南屯區,房地(土地+建物)+車位,臺中市南屯區黎明路二段７１巷７號,24.3,都市：其他:第二種住宅區,,,1150608,土地1建物1車位1,一層，二層,八層,華廈(10層含以下有電梯),住商用,鋼筋混凝土造,0821120,140.25,2,2,2,有,有,10200000,72727,坡道機械,0.0,0,,RPSNMLLLPHLGFCB08DA,98.32,8.33,3.67,有,
南屯區,房地(土地+建物)+車位,臺中市南屯區大墩七街５２８號八樓之７,8.8,都市：其他:第二種商業區,,,1150628,土地1建物1車位1,八層,二十四層,住宅大樓(11層含以上有電梯),住家用,鋼筋混凝土造,1101029,111.91,2,2,1,有,有,16800000,150121,坡道平面,23.98,0,,RPOQMLNLPHLGFCB18DA,47.98,4.56,4.62,有,0173
西屯區,房地(土地+建物),臺中市西屯區至善路１０１巷２３號二樓之２６,4.17,都市：其他:第三之二種住宅區,,,1150626,土地1建物1車位0,二層,七層,華廈(10層含以下有電梯),住家用,鋼筋混凝土造,0950711,30.62,1,0,1,有,有,2330000,76094,,0.0,0,親友、員工、共有人或其他特殊關係間之交易；,RPWQMLTKQHLGFCB96DA,11.51,0.0,2.7,有,0174
南屯區,房地(土地+建物),臺中市南屯區保安一街１３２號,131.0,都市：其他:第一種商業區,,,1150624,土地1建物1車位0,全,二層,透天厝,住商用,加強磚造,0770112,213.14,5,3,3,有,無,19000000,89143,,0.0,0,親友、員工、共有人或其他特殊關係間之交易；,RPQNMLLLQHLGFCB97DA,191.28,4.33,17.53,無,
神岡區,土地,林厝段118地號,20.87,都市：其他:第一之二種住宅區,,,1150619,土地1建物0車位0,,,其他,,,,0.0,0,0,0,無,無,1640000,78582,,0.0,0,,RPQNMLMLOHLGFDB97DA,0.0,0.0,0.0,無,
梧棲區,房地(土地+建物)+車位,臺中市梧棲區臨港路四段５８８號十四樓之２,13.94,都市：其他:第四種商業區,,,1150624,土地1建物1車位1,十四層,二十四層,住宅大樓(11層含以上有電梯),住家用,鋼筋混凝土造,1131216,168.68,3,2,2,有,有,11000000,65212,坡道平面,26.13,0,,RPSOMLSLPHLGFFB56DA,81.5,2.94,11.58,有,0175
沙鹿區,房地(土地+建物),臺中市沙鹿區六路一街３１巷７號,145.12,都市：其他:第二種住宅區,,,1150626,土地1建物1車位0,全,三層,透天厝,住家用,鋼筋混凝土造,0831220,105.86,8,1,8,有,無,10100000,95409,,0.0,0,其他增建；含租約；,RPSNMLLMPHLGFFB48DA,105.86,0.0,0.0,無,0176
潭子區,房地(土地+建物),臺中市潭子區中山路三段４５９號,475.14,都市：其他:乙種工業區,,,1150626,土地1建物1車位0,全,二層,透天厝,辦公用,鋼筋混凝土造,0860612,273.0,0,0,0,無,無,69800000,255678,,0.0,0,土地成交價為6571萬元正；建物成交價為409萬元正。由承租人承買。未登記建物；,RPPNMLQKPHLGFHB68DA,273.0,0.0,0.0,無,
大里區,房地(土地+建物),臺中市大里區立仁路１５７巷１弄１１之１號,72.23,,鄉村區,乙種建築用地,1150607,土地1建物1車位0,全,三層,透天厝,住家用,鋼筋混凝土造,1030211,163.45,4,3,3,有,無,12000000,73417,,0.0,0,親友、員工、共有人或其他特殊關係間之交易；陽台外推；,RPPNMLLKOHLGFIB18DA,149.53,0.0,13.92,無,
烏日區,土地,高學田段813地號,905.07,都市：其他:農業區,,,1150626,土地2建物0車位0,,,其他,,,,0.0,0,0,0,無,無,33470000,36981,,0.0,0,,RPUNMLLLQHLGFIB98DA,0.0,0.0,0.0,無,
太平區,房地(土地+建物),臺中市太平區長安路１５號,95.19,,鄉村區,乙種建築用地,1150621,土地1建物1車位0,全,四層,透天厝,住家用,鋼筋混凝土造,1140905,239.85,5,2,6,有,無,29300000,122160,,0.0,0,,RPPNMLMKPHLGFJB48DA,217.68,0.0,22.17,有,
大肚區,房地(土地+建物),臺中市大肚區遊園路一段１５０巷９１號,1153.5,,一般農業區,農牧用地,1150626,土地1建物1車位0,全,一層,透天厝,農業用,鋼造,0861209,164.75,1,0,1,有,無,34893375,211796,,0.0,0,親友、員工、共有人或其他特殊關係間之交易；未登記建物；未登記建物；,RPRNMLNKPHLGFKB88DA,164.75,0.0,0.0,無,0177
東區,房地(土地+建物)+車位,臺中市東區東福路１０８號三樓,38.88,都市：其他:第二種住宅區,,,1150621,土地1建物1車位2,三層,十四層,住宅大樓(11層含以上有電梯),住家用,鋼筋混凝土造,1060116,249.70999999999998,4,2,3,有,有,19800000,79292,坡道平面,60.74,0,,RPQPMLOLOHLGFAB08DA,116.87,0.0,13.79,有,
西區,房地(土地+建物)+車位,臺中市西區英才路５８９巷１１號二十四樓,23.59,都市：其他:第三種住宅區。,,,1150609,土地1建物1車位2,二十四層,二十六層,住宅大樓(11層含以上有電梯),住家用,鋼筋混凝土造,1011126,323.28999999999996,4,2,3,有,有,39000000,120635,坡道平面,45.24,0,,RPSSMLTLOHLGFAB09DA,167.78,3.81,23.69,有,
南區,房地(土地+建物)+車位,臺中市南區美村路二段２１８巷２３號八樓之１,18.28,都市：其他:第二種住宅區,,,1150621,土地1建物1車位1,八層,十層,華廈(10層含以下有電梯),住家用,鋼筋混凝土造,1130624,106.47,2,2,1,有,有,12400000,116465,坡道機械,20.45,0,,RPQNMLNJQHLGFAB77DA,50.0,0.0,6.81,有,0178
西區,房地(土地+建物),臺中市西區公益路４６號,14.45,都市：其他:第二種住宅區,,,1150608,土地1建物1車位0,一層，二層，騎樓,十二層,住宅大樓(11層含以上有電梯),住商用,鋼筋混凝土造,0770608,137.45,0,2,1,有,有,17500000,127319,,0.0,0,其他增建；,RPQOMLPJQHLGFAB08DA,86.34,4.47,4.47,有,0179
北屯區,房地(土地+建物),臺中市北屯區景賢路３９９號,117.32,都市：其他:第一種住宅區,,,1150610,土地2建物1車位0,全,四層,透天厝,住家用,鋼筋混凝土造,1130313,258.34,5,2,5,有,無,39800000,154061,,0.0,0,頂樓加蓋；,RPTOMLTLOHLGFBB88DA,237.76,0.0,20.58,有,0180
北屯區,房地(土地+建物),臺中市北屯區平德路１８巷３３弄１８號,176.0,都市：其他:第三之二種住宅區,,,1150620,土地1建物1車位0,全,一層,透天厝,住家用,加強磚造,0620601,75.54,5,2,5,有,無,31000000,410379,,0.0,0,其他增建:一樓空地、露臺、遮雨棚增建、升降梯1-2樓頂樓加蓋；其他增建；,RPPPMLLMPHLGFBB97DA,75.54,0.0,0.0,無,
北區,房地(土地+建物),臺中市北區梅亭東街２１之３號,28.9,都市：其他:第二之一種商業區,,,1150617,土地1建物1車位0,四層,五層,公寓(5樓含以下無電梯),住家用,鋼筋混凝土造,0751001,106.95,3,2,2,有,無,6260000,58532,,0.0,0,,RPTPMLOJQHLGFBB48DA,92.75,1.91,12.29,無,
北屯區,房地(土地+建物),臺中市北屯區瀋陽路二段５０號,22.0,都市：其他:第二種住宅區,,,1150626,土地1建物1車位0,全,三層,透天厝,住商用,鋼筋混凝土造,0841002,45.97,5,4,4,有,無,4640000,100935,,0.0,0,親友、員工、共有人或其他特殊關係間之交易；,RPVQMLSKQHLGFBB66DA,43.11,0.0,2.86,無,0181
北屯區,土地,環中段184-5地號,14.1,都市：其他:第一之一種住宅區,,,1150601,土地1建物0車位0,,,其他,,,,0.0,0,0,0,無,無,2903600,205929,,0.0,0,,RPPNMLLLQHLGFBB77DA,0.0,0.0,0.0,無,
南屯區,房地(土地+建物)+車位,臺中市南屯區公益路二段５００號十三樓之８,11.73,都市：其他:第三種住宅區。,,,1150628,土地1建物1車位1,十三層,十四層,住宅大樓(11層含以上有電梯),住家用,ＲＣ造,0940117,137.49,3,2,2,有,有,14100000,102553,坡道平面,26.42,0,陽台外推；,RPQQMLKLPHLGFCB08DA,70.09,0.45,11.62,有,0182
西屯區,房地(土地+建物)+車位,臺中市西屯區逢甲路２０２號二十一樓之２,35.36,都市：其他:第三之二種住宅區,,,1150615,土地1建物1車位2,二十一層，二十二層,二十二層,住宅大樓(11層含以上有電梯),住家用,鋼筋混凝土造,0810528,383.4,2,2,2,有,有,28380000,74022,坡道平面,0.0,0,陽台外推；,RPPNMLOJQHLGFCB97DA,216.83,28.21,23.6,有,0183
南屯區,房地(土地+建物)+車位,臺中市南屯區楓樹巷１０號十樓之１,24.7,都市：其他:第二之二種住宅區,,,1150614,土地1建物1車位1,十層,十二層,住宅大樓(11層含以上有電梯),住家用,鋼筋混凝土造,1060607,118.08000000000001,2,2,1,有,有,12300000,104167,坡道平面,29.45,0,,RPQQMLSKQHLGFCB88DA,52.27,2.5,5.0,有,0184
豐原區,房地(土地+建物),臺中市豐原區圓環南路１９９巷２１號,67.0,都市：其他:第三種住宅區。,,,1150627,土地1建物1車位0,全,二層,透天厝,住家用,加強磚造,0611206,104.58,5,3,3,有,無,9050000,86537,,0.0,0,其他增建；,RPRNMLLJPHLGFDB87DA,104.58,0.0,0.0,無,
梧棲區,房地(土地+建物)+車位,臺中市梧棲區大德路１０１巷６９之６號,74.0,都市：其他:第四種住宅區,,,1150625,土地2建物1車位1,全,四層,透天厝,住家用,鋼筋混凝土造,1150114,180.46,3,1,4,有,無,14500000,80350,一樓平面,0.0,0,,RPXNMLLJPHLGFFB68DA,166.37,0.0,14.09,無,
梧棲區,土地,市鎮南段181-5地號,207.06,都市：其他:第三種商業區,,,1150623,土地1建物0車位0,,,其他,,,,0.0,0,0,0,無,無,15972078,77137,,0.0,0,,RPPNMLNLPHLGFFB28DA,0.0,0.0,0.0,無,0185
梧棲區,土地,安仁段304-6地號,32.56,都市：其他:第四種住宅區,,,1150622,土地2建物0車位0,,,其他,,,,0.0,0,0,0,無,無,1576000,48403,,0.0,0,親友、員工、共有人或其他特殊關係間之交易；,RPSNMLMLQHLGFFB58DA,0.0,0.0,0.0,無,
霧峰區,土地,丁台三段934地號,2635.36,,特定農業區,農牧用地,1150617,土地1建物0車位0,,,其他,,,,0.0,0,0,0,無,無,40580000,15398,,0.0,0,,RPSNMLQJPHLGFIB98DA,0.0,0.0,0.0,無,
霧峰區,房地(土地+建物)+車位,臺中市霧峰區四德路３６９巷１弄１２號三樓,34.05,,鄉村區,乙種建築用地,1150630,土地2建物1車位1,三層,五層,華廈(10層含以下有電梯),住家用,鋼筋混凝土造,1110825,107.7,3,2,2,有,有,9380000,87094,坡道機械,12.0,0,,RPOOMLLLQHLGFIB48DA,68.31,0.0,6.25,有,0186
太平區,房地(土地+建物)+車位,臺中市太平區永豐北路８８號七樓,25.21,都市：其他:第一種住宅區,,,1150629,土地1建物1車位1,七層,十二層,住宅大樓(11層含以上有電梯),住家用,鋼筋混凝土造,0840707,155.53,3,2,2,有,有,6800000,43721,坡道平面,0.0,0,,RPQNMLLLQHLGFJB68DA,102.17,4.82,10.87,有,0187
太平區,房地(土地+建物)+車位,臺中市太平區環中東路三段２６９號九樓之１,24.77,都市：其他:住宅區,,,1150617,土地1建物1車位1,九層,十五層,住宅大樓(11層含以上有電梯),住家用,鋼筋混凝土造,1140321,155.19,3,2,2,有,有,14720000,101123,坡道平面,28.71,1930000,,RPSOMLLLQHLGFJB98DA,71.51,0.0,10.79,有,
太平區,房地(土地+建物)+車位,臺中市太平區育才路１６９號十樓之２,37.22,都市：其他:住宅區,,,1150602,土地1建物1車位2,十層,十五層,住宅大樓(11層含以上有電梯),住家用,鋼筋混凝土造,1150113,235.22,4,2,3,有,有,20620000,99407,坡道平面,56.46,2850000,,RPOPMLLLQHLGFJB68DA,108.93,0.0,11.65,有,
龍井區,房地(土地+建物),臺中市龍井區臨港東路一段１５５巷１７１弄３２號,90.92,都市：其他:第四種住宅區,,,1150602,土地2建物1車位0,全,三層,透天厝,住家用,鋼筋混凝土造,1140902,199.9,4,3,4,有,有,13000000,65033,,0.0,0,其他增建；,RPQNMLMKQHLGFKB78DA,188.17,0.0,11.73,無,
北屯區,房地(土地+建物)+車位,臺中市北屯區豐德二街５１號,152.7,都市：其他:第一之一種住宅區,,,1150623,土地1建物1車位2,全,五層,透天厝,住家用,鋼筋混凝土造,1130119,390.2,4,3,6,有,無,81880000,209841,一樓平面,0.0,0,其他增建；未登記建物；,RPPNMLOLQHLGFBB18EA,360.39,0.0,29.81,有,
東區,房地(土地+建物)+車位,臺中市東區進德路３５５號四樓之３,14.01,都市：其他:第三之一種商業區,,,1150601,土地1建物1車位1,四層,二十八層,住宅大樓(11層含以上有電梯),住家用,鋼筋混凝土造,1140521,166.31,3,2,2,有,有,23480000,153948,坡道平面,30.03,2500000,,RPWNMLOJQHLGFAB48DA,83.41,0.0,7.95,有,
北屯區,房地(土地+建物)+車位,臺中市北屯區環太東路４６２號二樓之５,18.57,都市：其他:第三種住宅區。,,,1150606,土地1建物1車位1,二層,十五層,住宅大樓(11層含以上有電梯),住家用,鋼筋混凝土造,1090820,116.97,2,2,1,有,有,9380000,80192,坡道平面,23.87,0,,RPWNMLRKOHLGFBB78DA,54.95,0.0,7.29,有,0188
北區,土地,錦村段15-1地號,163.0,都市：其他:第二種住宅區,,,1150625,土地1建物0車位0,,,其他,,,,0.0,0,0,0,無,無,26000000,159509,,0.0,0,未登記建物；,RPVNMLLJPHLGFBB08DA,0.0,0.0,0.0,無,0189
北屯區,房地(土地+建物)+車位,臺中市北屯區敦富路６１１號十二樓之２,16.77,都市：其他:第二之一種住宅區,,,1150621,土地1建物1車位1,十二層,十九層,住宅大樓(11層含以上有電梯),住家用,鋼筋混凝土造,1091117,133.06,2,2,2,有,有,15000000,112731,坡道平面,36.2,0,,RPVOMLRKPHLGFBB88DA,58.29,0.9,5.49,有,0190
北屯區,房地(土地+建物)+車位,臺中市北屯區梅川南街３７號五樓,29.34,都市：其他:第二種住宅區,,,1150630,土地1建物1車位1,五層,十五層,住宅大樓(11層含以上有電梯),住家用,鋼筋混凝土造,1041030,163.2,3,2,2,有,有,18150000,111213,坡道平面,36.39,0,,RPWRMLLLPHLGFBB78DA,75.08,3.04,7.92,有,0191
北屯區,房地(土地+建物)+車位,臺中市北屯區太原路三段１３６９號十二樓之７,20.53,都市：其他:第三種住宅區。,,,1150627,土地1建物1車位1,十二層,十四層,住宅大樓(11層含以上有電梯),住家用,鋼筋混凝土造,1041228,142.93,3,2,2,有,有,12100000,84657,坡道平面,25.81,0,,RPXQMLNKQHLGFBB98DA,74.04,0.0,6.35,有,
北屯區,房地(土地+建物)+車位,臺中市北屯區崇德九路３６８號十二樓之２,21.68,都市：其他:第五種住宅區,,,1150613,土地1建物1車位2,十二層,二十四層,住宅大樓(11層含以上有電梯),住家用,鋼筋混凝土造,1141119,251.10000000000002,3,2,2,有,有,45880000,217057,坡道平面,61.38,4700000,本約總成交價新台幣4588萬元整 內含明細:1. 車位333-1號B2 價格新台幣250萬元整2. 車位15號B5 價格新台幣220萬元整,RPXOMLSKQHLGFBB66DA,114.09,0.0,11.92,有,
北區,房地(土地+建物)+車位,臺中市北區太原路二段３３號８樓之１,19.49,都市：其他:第二種住宅區,,,1150629,土地1建物1車位1,八層,十四層,住宅大樓(11層含以上有電梯),住家用,鋼筋混凝土造,0830303,139.66,3,2,2,有,有,10700000,76615,坡道機械,0.0,0,其他增建；,RPSRMLLLQHLGFBB48DA,86.98,0.0,11.4,有,
西屯區,房地(土地+建物)+車位,臺中市西屯區臺灣大道三段３８９號六樓之９,17.51,都市：其他:第六種新市政中心專用區,,,1150607,土地1建物1車位2,六層,三十五層,住宅大樓(11層含以上有電梯),住家用,鋼筋混凝土造,1000121,320.52,4,2,3,有,有,32580000,100173,坡道平面,31.22,3600000,,RPRNMLRJOHLGFCB28DA,164.54,8.03,17.73,有,
西屯區,房地(土地+建物)+車位,臺中市西屯區市政北二路２３６號十三樓之５,14.11,都市：其他:第五種新市政中心專用區,,,1150620,土地1建物1車位2,十三層,三十六層,住宅大樓(11層含以上有電梯),辦公用,鋼骨鋼筋混凝土造,1030403,291.37,0,1,0,有,有,42180000,154471,坡道平面,37.73,3000000,,RPRNMLKLOHLGFCB77DA,152.08,4.77,0.0,有,
西屯區,房地(土地+建物)+車位,臺中市西屯區青海路二段４１０號六樓之１,24.49,都市：其他:第二種住宅區,,,1150621,土地2建物1車位1,六層,十五層,住宅大樓(11層含以上有電梯),住家用,鋼筋混凝土造,1090619,162.34,3,2,2,有,有,20920000,145003,坡道平面,31.86,2000000,其他增建；,RPWOMLTJPHLGFCB56DA,75.62,0.0,12.28,有,0192
南屯區,房地(土地+建物)+車位,臺中市南屯區五權西路二段６９２巷６號五樓之４,17.19,都市：其他:第三種商業區,,,1150608,土地1建物1車位1,五層,十六層,住宅大樓(11層含以上有電梯),住家用,鋼筋混凝土造,0840328,162.79,3,2,2,有,有,14380000,88335,坡道平面,0.0,0,,RPUQMLTJPHLGFCB56DA,86.88,0.0,13.94,有,
西屯區,房地(土地+建物)+車位,臺中市西屯區朝富路２１３號八樓之２,52.72,都市：其他:第八種新市政中心專用區,,,1150604,土地1建物3車位7,八層,三十四層,住宅大樓(11層含以上有電梯),辦公用,鋼骨鋼筋混凝土造,1040924,977.62,0,0,0,無,有,141950000,145200,坡道平面,115.87,0,,RPUNMLOKQHLGFCB58DA,481.17,8.68,60.29,有,0193
清水區,房地(土地+建物)+車位,臺中市清水區港新五路１５２號六樓之３,13.73,都市：其他:第四種商業區,,,1150625,土地1建物1車位1,六層,十五層,住宅大樓(11層含以上有電梯),住家用,鋼筋混凝土造,1121229,153.11,3,2,2,有,有,9000000,63174,坡道平面,25.05,910000,,RPUNMLOJQHLGFFB78DA,74.88,0.0,11.12,有,0194
和平區,土地,雙崎段1234地號,675.0,,鄉村區,遊憩用地,1150617,土地4建物0車位0,,,其他,,,,0.0,0,0,0,無,無,2250163,3334,,0.0,0,本案係為原住民保留地。協議價購；,RPQNMLKLQHLGFGB28DA,0.0,0.0,0.0,無,
和平區,土地,雙崎段1230-7地號,2330.0,,鄉村區,交通用地,1150601,土地17建物0車位0,,,其他,,,,0.0,0,0,0,無,無,3000000,1288,,0.0,0,本案係為原住民保留地。協議價購；,RPRNMLKLQHLGFGB38DA,0.0,0.0,0.0,無,
和平區,土地,雙崎段1228地號,855.0,,鄉村區,遊憩用地,1150617,土地10建物0車位0,,,其他,,,,0.0,0,0,0,無,無,3000000,3509,,0.0,0,本案係為原住民保留地。協議價購；,RPPNMLOLQHLGFGB58DA,0.0,0.0,0.0,無,
潭子區,房地(土地+建物),臺中市潭子區昌平路三段１６８巷１５號二樓,28.19,都市：其他:第一之一種住宅區,,,1150606,土地1建物1車位0,二層,五層,公寓(5樓含以下無電梯),住家用,鋼筋混凝土造,0851129,105.12,3,2,2,有,有,6000000,57078,,0.0,0,,RPVNMLQJPHLGFHB56DA,77.74,0.0,13.59,無,
霧峰區,房地(土地+建物)+車位,臺中市霧峰區育群路１１７巷７號,24.67,都市：其他:住宅區,,,1150624,土地2建物1車位1,一層，二層，三層,七層,華廈(10層含以下有電梯),住商用,鋼筋混凝土造,0811007,162.45,3,1,3,有,有,7350000,45245,坡道機械,29.11,0,,RPWPMLMKQHLGFIB76DA,115.02,8.06,10.26,有,0195
烏日區,房地(土地+建物)+車位,臺中市烏日區高鐵三路６９號二十一樓之８,13.68,都市：其他:商業區,,,1150611,土地1建物1車位1,二十一層,二十四層,住宅大樓(11層含以上有電梯),住家用,鋼筋混凝土造,1110415,141.26999999999998,2,2,1,有,有,17680000,125150,坡道平面,35.18,0,,RPSNMLSKQHLGFIB76DA,60.47,3.11,8.08,有,0196
太平區,房地(土地+建物),臺中市太平區溪洲路１０２巷１號,113.0,都市：其他:乙種工業區,,,1150615,土地1建物1車位0,全,二層,透天厝,住家用,加強磚造,0670412,84.9,5,3,2,有,無,10800000,127208,,0.0,0,其他增建；,RPWNMLTLOHLGFJB27DA,84.9,0.0,0.0,無,
太平區,房地(土地+建物),臺中市太平區長安十一街６８巷４７號,96.65,,鄉村區,乙種建築用地,1150620,土地2建物1車位0,全,三層,透天厝,住家用,鋼筋混凝土造,0931103,179.33,4,3,3,有,無,14900000,83087,,0.0,0,其他增建:壹樓空地其他增建；,RPTNMLLLPHLGFJB88DA,151.1,6.3,21.93,無,
太平區,房地(土地+建物)+車位,臺中市太平區立功路２６０號十五樓之５,24.53,都市：其他:住宅區,,,1150629,土地1建物1車位1,十五層,十五層,住宅大樓(11層含以上有電梯),住家用,鋼筋混凝土造,1081009,144.09,3,2,2,有,有,13500000,93691,坡道平面,24.75,0,,RPOOMLTLPHLGFJB66DA,71.99,1.53,9.43,有,0197
太平區,車位,臺中市太平區新福路８７６號等公共設施,0.0,,,,1150624,土地0建物1車位1,,,其他,,,,25.83,0,0,0,無,無,1340000,,坡道平面,25.83,1340000,建物坐落地號：振興段451地號；僅車位交易；,RPUNMLOLQHLGFJB76DA,0.0,0.0,0.0,無,0198
龍井區,房地(土地+建物),臺中市龍井區水裡社街一段４１５號,126.42,都市：其他:第二種住宅區,,,1150624,土地1建物1車位0,全,三層,透天厝,住家用,鋼筋混凝土造,1081018,169.06,4,3,3,有,無,17400000,102922,,0.0,0,,RPPNMLOJQHLGFKB78DA,160.79,0.0,8.27,無,
大肚區,土地,福山段7-3地號,9733.81,,山坡地保育區,丁種建築用地,1150623,土地2建物0車位0,,,其他,,,,0.0,0,0,0,無,無,559450000,57475,,0.0,0,,RPSNMLLLQHLGFKB98DA,0.0,0.0,0.0,無,0199
南區,土地,樹子腳段1064-271地號,233.81,都市：其他:停車場用地、道路用地,,,1150630,土地1建物0車位0,,,其他,,,,0.0,0,0,0,無,無,20620172,88192,,0.0,0,包含公共設施保留地用地；,RPXNMLNKQHLGFAB58DA,0.0,0.0,0.0,無,
東區,房地(土地+建物)+車位,臺中市東區進德路３５７號七樓之７,9.65,都市：其他:第三之一種商業區,,,1150628,土地1建物1車位1,七層,二十八層,住宅大樓(11層含以上有電梯),住家用,鋼筋混凝土造,1140521,127.18,2,2,1,有,有,16000000,125806,坡道平面,30.03,0,含租約；,RPSOMLRLQHLGFAB68DA,58.77,0.0,4.25,有,
北屯區,房地(土地+建物),臺中市北屯區軍榮三街１６３號,167.01,都市：其他:第一種住宅區,,,1150619,土地2建物1車位0,全,四層,透天厝,住家用,鋼筋混凝土造,1030429,457.28999999999996,5,2,6,有,有,56000000,122461,,0.0,0,陽台外推；其他增建；,RPQNMLKMPHLGFBB77DA,392.93,0.0,25.28,有,
北屯區,房地(土地+建物),臺中市北屯區大連西路２８巷２９號,69.0,都市：其他:第三之二種住宅區,,,1150622,土地1建物1車位0,全,二層,透天厝,住家用,鋼筋混凝土加強磚造,0620601,101.01,4,2,2,有,無,9300000,92070,,0.0,0,頂樓加蓋；,RPPNMLKKQHLGFBB57DA,101.01,0.0,0.0,無,
西屯區,房地(土地+建物),臺中市西屯區國安一路２３１巷１２號八樓之３,27.37,都市：其他:第六種住宅區,,,1150626,土地1建物1車位0,八層,十二層,住宅大樓(11層含以上有電梯),住家用,鋼筋混凝土造,0850923,130.45,3,2,2,有,有,7800000,59788,,0.0,0,其他增建；,RPTPMLQLOHLGFCB78DA,71.64,2.2,7.68,有,
南屯區,房地(土地+建物)+車位,臺中市南屯區永春東一路５９３號十二樓之３,32.47,都市：其他:第三之一種住宅區,,,1150609,土地1建物1車位2,十二層,二十三層,住宅大樓(11層含以上有電梯),住家用,鋼筋混凝土造,1050727,319.01,4,2,3,有,有,38080000,119369,坡道平面,76.74,0,,RPPOMLKKPHLGFCB67DA,148.82,0.0,16.71,有,
南屯區,房地(土地+建物),臺中市南屯區干城街３０４號,75.0,都市：其他:第二種住宅區,,,1150608,土地2建物1車位0,全,二層,透天厝,住家用,加強磚造,0640806,76.5,3,2,2,有,無,20000000,261438,,0.0,0,頂樓加蓋；其他增建；,RPQOMLPKPHLGFCB28DA,76.5,0.0,0.0,無,
西屯區,房地(土地+建物)+車位,臺中市西屯區西屯路二段２３６號二樓之９,19.25,都市：其他:第五之一種住宅區,,,1150611,土地4建物1車位1,二層,二十二層,住宅大樓(11層含以上有電梯),住家用,鋼筋混凝土造,1080627,186.14,3,2,2,有,有,24150000,129741,坡道平面,39.12,0,,RPQOMLMLPHLGFCB08DA,87.35,0.0,8.98,有,
南屯區,房地(土地+建物)+車位,臺中市南屯區向上路二段１６９號二十三樓,38.9,都市：其他:第二種商業區,,,1150610,土地1建物1車位3,二十三層,二十五層,住宅大樓(11層含以上有電梯),住家用,鋼骨鋼筋混凝土造,1030729,458.88,4,2,5,有,有,66880000,145746,坡道平面,69.42,0,陽台外推；,RPPSMLOLQHLGFCB68DA,228.93,8.6,23.69,有,
后里區,房地(土地+建物),臺中市后里區甲后路一段２６１巷１１６弄２９號,79.01,都市：其他:住宅區,,,1150624,土地3建物1車位0,全,二層,透天厝,住家用,加強磚造,0711127,95.26,3,2,2,有,無,7200000,75583,,0.0,0,頂樓加蓋；其他增建；,RPOPMLLLQHLGFDB08DA,87.76,0.0,7.5,無,
梧棲區,房地(土地+建物),臺中市梧棲區文昌路３２號,218.0,都市：其他:第四種住宅區,,,1150627,土地4建物1車位0,全,四層,透天厝,住家用,鋼筋混凝土造,1030512,408.57,6,7,5,有,無,45000000,110140,,0.0,0,,RPWNMLQKPHLGFFB56DA,400.29,0.0,8.28,有,
沙鹿區,房地(土地+建物)+車位,臺中市沙鹿區福成路４８巷８號四樓之１,26.71,都市：其他:第一種商業區,,,1150606,土地1建物1車位1,四層,十層,華廈(10層含以下有電梯),住家用,鋼筋混凝土造,1081210,156.19,3,2,2,有,有,12100000,77470,坡道平面,35.2,0,其他增建；,RPPOMLRJQHLGFFB68DA,73.39,0.0,7.69,有,
清水區,房地(土地+建物)+車位,臺中市清水區建國路１４０號十樓之二,53.51,都市：其他:第四種住宅區,,,1150611,土地1建物1車位1,十層,十四層,住宅大樓(11層含以上有電梯),住家用,鋼筋混凝土造,0940927,179.81,3,2,2,有,有,8100000,45048,坡道平面,0.0,0,,RPSNMLPLQHLGFFB88DA,99.38,0.0,12.88,有,
潭子區,房地(土地+建物)+車位,臺中市潭子區弘智二街１２８號十二樓之１,31.93,都市：其他:第一之二種住宅區,,,1150623,土地1建物1車位1,十二層,十五層,住宅大樓(11層含以上有電梯),住家用,鋼筋混凝土造,1130329,168.32999999999998,3,2,2,有,有,16180000,96121,坡道平面,25.93,0,,RPWNMLNLPHLGFHB56DA,85.02,0.0,10.0,有,
潭子區,房地(土地+建物)+車位,臺中市潭子區榮興街６３號十一樓,17.54,都市：其他:第一之一種住宅區,,,1150625,土地1建物1車位1,十一層,十二層,住宅大樓(11層含以上有電梯),住家用,鋼筋混凝土造,0820525,109.89,3,1,2,有,有,6980000,63518,坡道機械,0.0,0,,RPQNMLLMPHLGFHB48DA,67.71,3.68,9.22,有,
潭子區,房地(土地+建物)+車位,臺中市潭子區興華一路１６１號十二樓,23.93,都市：其他:第一之二種住宅區,,,1150613,土地1建物1車位1,十二層,十五層,住宅大樓(11層含以上有電梯),住家用,鋼筋混凝土造,1071001,167.57,3,2,2,有,有,15500000,92499,坡道平面,38.91,0,,RPUNMLKKQHLGFHB68DA,73.09,4.65,9.37,有,
太平區,房地(土地+建物)+車位,臺中市太平區立言街６２號十一樓,14.61,都市：其他:住宅區,,,1150614,土地1建物1車位1,十一層,十五層,住宅大樓(11層含以上有電梯),住家用,鋼筋混凝土造,0810515,119.19,3,2,2,有,有,7680000,64435,坡道平面,0.0,1000000,其他增建；,RPTNMLPKOHLGFJB09DA,83.77,0.0,9.36,有,
太平區,房地(土地+建物)+車位,臺中市太平區長安路４９３巷２１號八樓之５,31.7,,鄉村區,乙種建築用地,1150627,土地1建物1車位1,八層,八層,華廈(10層含以下有電梯),住家用,鋼筋混凝土造,1100701,143.23000000000002,3,2,2,有,有,11500000,80290,坡道平面,32.99,0,,RPUNMLMKQHLGFJB09DA,70.3,0.0,8.23,有,
龍井區,房地(土地+建物),臺中市龍井區龍社路５９８號,161.37,都市：其他:保護區,,,1150613,土地5建物1車位0,全,四層,透天厝,住家用,鋼筋混凝土造,1130618,228.63,4,2,2,有,有,26880000,117570,,0.0,0,,RPWNMLOLQHLGFKB07DA,187.7,0.0,40.93,有,
西區,房地(土地+建物),臺中市西區三民路一段４３－２號,125.01,都市：其他:第一種商業區,,,1150530,土地1建物1車位0,全,三層,透天厝,商業用,見其他登記事項,0631127,312.83,6,3,6,有,無,21760000,69559,,0.0,0,,RPSOMLQJQHLGFAB38DA,312.83,0.0,0.0,無,
北屯區,土地,洲際段1098地號,805.98,都市：其他:第一之一種住宅區,,,1150521,土地1建物0車位0,,,其他,,,,0.0,0,0,0,無,無,175536000,217792,,0.0,0,,RPROMLLKOHLGFBB77DA,0.0,0.0,0.0,無,
北屯區,房地(土地+建物)+車位,臺中市北屯區松和街２３９號十二樓之３,22.89,都市：其他:第二種住宅區,,,1150526,土地1建物1車位1,十二層,十五層,住宅大樓(11層含以上有電梯),住家用,鋼筋混凝土造,1110905,108.74000000000001,2,2,1,有,有,13260000,121942,坡道機械,13.67,0,,RPSOMLKMOHLGFBB97DA,57.88,0.0,5.48,有,0200
北屯區,房地(土地+建物)+車位,臺中市北屯區軍福十六路２８９號六樓之１,16.6,都市：其他:第二種商業區,,,1150519,土地1建物1車位1,六層,十五層,住宅大樓(11層含以上有電梯),住家用,鋼筋混凝土造,1050804,172.74,3,2,2,有,有,17750000,102756,坡道平面,23.72,0,,RPRRMLQJQHLGFBB68DA,88.65,1.28,11.68,有,0201
南屯區,房地(土地+建物),臺中市南屯區東興路二段３０之１號,22.49,都市：其他:第二種住宅區,,,1150509,土地1建物1車位0,二層,五層,公寓(5樓含以下無電梯),住家用,鋼筋混凝土造,0701229,74.54,3,1,1,有,無,4550000,61041,,0.0,0,親友、員工、共有人或其他特殊關係間之交易；,RPRPMLMKQHLGFCB28DA,70.68,0.0,3.86,無,0202
西屯區,房地(土地+建物),臺中市西屯區長安路二段６９之３號,14.88,都市：其他:第三之二種住宅區,,,1150508,土地1建物1車位0,一層，騎樓,六層,華廈(10層含以下有電梯),商業用,鋼筋混凝土造,0811205,76.9,0,0,0,無,有,6700000,87126,,0.0,0,,RPQOMLSKQHLGFCB68DA,50.61,6.16,0.0,有,
潭子區,土地,石牌段900地號,54.54,都市：其他:第一之二種住宅區,,,1150507,土地1建物0車位0,,,其他,,,,0.0,0,0,0,無,無,1512000,27723,,0.0,0,親友、員工、共有人或其他特殊關係間之交易；,RPPNMLRKPHLGFHB78DA,0.0,0.0,0.0,無,
大里區,房地(土地+建物),臺中市大里區國光路二段２８１號,81.65,都市：其他:住宅區,,,1150514,土地2建物2車位0,全,五層,透天厝,住商用,鋼筋混凝土造,0940902,312.63,5,4,5,有,無,35200000,112593,,0.0,0,陽台外推；頂樓加蓋；其他增建；,RPXPMLKMOHLGFIB66DA,279.46,0.0,30.9,無,
大里區,房地(土地+建物)+車位,臺中市大里區光正路１８號六樓之７,24.65,,鄉村區,乙種建築用地,1150520,土地1建物1車位1,六層,十一層,住宅大樓(11層含以上有電梯),住家用,鋼筋混凝土造,1041117,117.13,2,2,1,有,有,8500000,72569,坡道平面,30.36,0,,RPPOMLOKPHLGFIB68DA,49.51,5.36,2.86,有,0203
大里區,房地(土地+建物),臺中市大里區新仁路三段４５號,85.38,,,,1150509,土地2建物1車位0,全,二層,透天厝,辦公用,加強磚造、木石磚造（磚石造）,0550111,98.7,2,1,1,有,無,13980000,141641,,0.0,0,包含公共設施保留地用地；,RPPNMLPKQHLGFIB78DA,98.7,0.0,0.0,無,
霧峰區,土地,舊正西段769地號,5447.06,,特定農業區,農牧用地,1150525,土地1建物0車位0,,,其他,,,,0.0,0,0,0,無,無,69450000,12750,,0.0,0,親友、員工、共有人或其他特殊關係間之交易；農作物；,RPQNMLTKQHLGFIB66DA,0.0,0.0,0.0,無,
太平區,房地(土地+建物),臺中市太平區長億九街６號,70.84,都市：其他:住宅區,,,1150531,土地1建物1車位0,全,四層,透天厝,住家用,鋼筋混凝土造,1081107,239.36,4,3,4,有,無,19000000,79378,,0.0,0,頂樓加蓋；其他增建；,RPQOMLOKPHLGFJB88DA,218.53,0.0,20.83,無,0204
南區,房地(土地+建物)+車位,臺中市南區文心南路８８８號十一樓之十八,17.7,都市：其他:第三種住宅區。,,,1150511,土地1建物1車位1,十一層,十五層,住宅大樓(11層含以上有電梯),住家用,鋼筋混凝土造,1000127,168.79,3,2,2,有,有,17200000,101902,坡道平面,20.49,0,陽台外推；,RPVNMLSLPHLGFAB88DA,76.31,12.21,12.55,有,0205
西屯區,房地(土地+建物)+車位,臺中市西屯區福誠路１００號三樓之８,20.83,都市：其他:第一之B種住宅區,,,1150512,土地2建物1車位1,三層,十二層,住宅大樓(11層含以上有電梯),住家用,鋼筋混凝土造,1090731,108.56,2,2,1,有,有,14000000,128961,坡道平面,29.92,0,,RPUOMLKKOHLGFCB08DA,44.94,0.0,5.35,有,0206
南屯區,房地(土地+建物),臺中市南屯區向上路五段１０號十六樓之２,7.72,都市：其他:第二種住宅區,,,1150529,土地1建物1車位0,十六層,十七層,住宅大樓(11層含以上有電梯),住家用,鋼筋混凝土造,0861128,102.98,4,2,4,有,有,8200000,79627,,0.0,0,陽台外推；,RPVQMLQJPHLGFCB98DA,57.89,0.0,15.12,有,
梧棲區,房地(土地+建物),臺中市梧棲區文華街２９０號,127.99,都市：其他:第四種住宅區,,,1150528,土地2建物1車位0,全,四層,透天厝,住家用,鋼筋混凝土造,1140221,306.92,6,2,8,有,無,32000000,104262,,0.0,0,,RPTOMLTKQHLGFFB76DA,302.96,0.0,3.96,無,
大雅區,土地,六雅段450地號,93.82,都市：其他:第二種住宅區,,,1150506,土地1建物0車位0,,,其他,,,,0.0,0,0,0,無,無,6100000,65018,,0.0,0,未登記建物；,RPWNMLLLNHLGFHB78DA,0.0,0.0,0.0,無,
霧峰區,土地,南勢西段764地號,1517.23,,特定農業區,農牧用地,1150525,土地1建物0車位0,,,其他,,,,0.0,0,0,0,無,無,19130000,12609,,0.0,0,親友、員工、共有人或其他特殊關係間之交易；農作物；,RPRNMLTKQHLGFIB76DA,0.0,0.0,0.0,無,
太平區,土地,愛平段873地號,1191.0,都市：其他:農業區,,,1150512,土地1建物0車位0,,,其他,,,,0.0,6,3,3,有,無,35125600,29493,,0.0,0,未登記建物；,RPTNMLRKQHLGFJB86DA,0.0,0.0,0.0,無,
龍井區,房地(土地+建物)+車位,臺中市龍井區龍新路２１６巷８２號九樓之３,29.91,都市：其他:第四種住宅區,,,1150525,土地1建物1車位1,九層,十三層,住宅大樓(11層含以上有電梯),住家用,鋼筋混凝土造,1140806,148.8,3,2,2,有,有,10550000,83699,坡道平面,39.48,1400000,,RPVNMLKMPHLGFKB56DA,66.12,0.0,6.59,有,
大安區,土地,安田段626地號,56.68,,特定農業區,甲種建築用地,1150528,土地1建物0車位0,,,其他,,,,0.0,0,0,0,無,無,172187,3038,,0.0,0,地清或未辦繼承標售；,RPQNMLTKQHLGFEB98EA,0.0,0.0,0.0,無,0207
大安區,土地,安田段720地號,156.06,,特定農業區,甲種建築用地,1150528,土地1建物0車位0,,,其他,,,,0.0,0,0,0,無,無,499450,3200,,0.0,0,地清或未辦繼承標售；,SPQNMLTKQHLGFEB09EA,0.0,0.0,0.0,無,0208
北屯區,房地(土地+建物)+車位,臺中市北屯區崇德路三段９５號五樓之１,27.54,都市：其他:第三種住宅區。,,,1150516,土地1建物1車位1,五層,十四層,住宅大樓(11層含以上有電梯),住家用,鋼筋混凝土造,1071023,210.74,3,2,2,有,有,24500000,116257,坡道平面,37.04,0,,RPUOMLOKPHLGFBB48DA,98.5,6.67,7.84,有,0209
南屯區,房地(土地+建物)+車位,臺中市南屯區惠中路三段７９之１號,93.22,都市：其他:第二種商業區,,,1150528,土地1建物2車位5,一層，騎樓，夾層,十四層,住宅大樓(11層含以上有電梯),商業用,鋼筋混凝土造,0950113,817.63,0,0,0,無,有,132000000,161442,坡道平面,70.87,0,夾層；,RPRPNLRJQHLGFCB78DA,469.62,0.0,31.42,有,
西屯區,房地(土地+建物),臺中市西屯區福雅路２１３巷１２２號,124.29,都市：其他:第一種住宅區,,,1150508,土地3建物1車位0,全,三層,透天厝,住家用,鋼筋混凝土造,0920924,306.55999999999995,4,2,3,有,有,18000000,58716,,0.0,0,親友、員工、共有人或其他特殊關係間之交易；,RPUPNLRJQHLGFCB09DA,264.47,9.48,12.14,無,
西屯區,房地(土地+建物)+車位,臺中市西屯區文華路７２號十三樓之３,39.7,都市：其他:第三之二種住宅區,,,1150504,土地1建物1車位1,十三層,十四層,住宅大樓(11層含以上有電梯),住家用,鋼筋混凝土造,0940704,189.60000000000002,3,2,2,有,有,15460000,81540,坡道平面,0.0,0,,RPPNMLTKQHLGFCB58DA,103.84,0.0,14.31,有,
沙鹿區,房地(土地+建物),臺中市沙鹿區中山路３６巷２９之３號,69.99,都市：其他:第三種住宅區。,,,1150515,土地2建物1車位0,全,三層,透天厝,住家用,鋼筋混凝土造,0810126,65.18,2,2,2,有,無,6380000,97883,,0.0,0,陽台外推；頂樓加蓋；其他增建；,RPVNMLTKQHLGFFB86DA,65.18,0.0,0.0,無,
沙鹿區,房地(土地+建物),臺中市沙鹿區正義路２３４巷９號,149.81,都市：其他:第二種住宅區,,,1150513,土地1建物1車位0,全,四層,透天厝,住家用,鋼筋混凝土造,1140310,330.44,5,2,6,有,有,37380000,113122,,0.0,0,陽台外推；,RPXNMLKLQHLGFFB88DA,304.04,0.0,26.4,有,
烏日區,房地(土地+建物),臺中市烏日區信義街１４１巷４１號,68.93,都市：其他:第三種住宅區。,,,1150529,土地1建物1車位0,全,三層,透天厝,住家用,鋼筋混凝土造,0731229,129.63,4,3,2,有,無,11000000,84857,,0.0,0,防火巷、頂樓前後蓋滿、天井增建其他增建；,RPPNMLNLPHLGFIB58DA,121.16,3.72,4.75,無,
太平區,房地(土地+建物),臺中市太平區中山路一段３２２巷１６之１號四樓之３,12.28,,鄉村區,乙種建築用地,1150510,土地1建物1車位0,四層,五層,華廈(10層含以下有電梯),住家用,鋼筋混凝土造,1150126,41.14,1,1,1,有,有,4400000,106952,,0.0,0,,RPWNMLTKQHLGFJB37DA,26.69,0.0,2.75,有,
梧棲區,房地(土地+建物)+車位,臺中市梧棲區八德東路６３號二十四樓之１５,9.42,都市：其他:第四種商業區,,,1150527,土地1建物1車位1,二十四層,二十八層,住宅大樓(11層含以上有電梯),住家用,鋼筋混凝土造,1140606,131.73000000000002,3,2,2,有,有,10080000,82998,坡道平面,24.74,1200000,,RPPNMLLLQHLGFFB28EA,66.46,0.0,4.8,有,0210
北屯區,房地(土地+建物),臺中市北屯區洲際路３２３號,104.99,都市：其他:第一種住宅區,,,1150511,土地3建物1車位0,全,四層,透天厝,住家用,鋼筋混凝土造,1141107,250.41,4,2,6,有,有,38800000,154946,,0.0,0,陽台外推；其他增建；,RPUNMLTKQHLGFBB98DA,241.41,0.0,8.59,有,
南屯區,房地(土地+建物),臺中市南屯區大墩十二街６８０號,23.0,都市：其他:第二種住宅區,,,1150530,土地1建物1車位0,一層，二層,十四層,住宅大樓(11層含以上有電梯),住商用,鋼筋混凝土造,0880429,223.65,1,3,2,有,有,25500000,114017,,0.0,0,夾層；,RPSNMLTLOHLGFCB78DA,161.86,0.0,12.67,有,0211
南屯區,土地,山子腳段319地號,387.0,都市：其他:甲種工業區,,,1150524,土地2建物0車位0,,,其他,,,,0.0,0,0,0,無,無,10290000,26589,,0.0,0,,RPUTMLMKQHLGFCB98DA,0.0,0.0,0.0,無,
南屯區,土地,山子腳段286地號,379.3,都市：其他:第一種乙種工業區,,,1150524,土地2建物0車位0,,,其他,,,,0.0,0,0,0,無,無,10090000,26602,,0.0,0,,RPPOMLLLQHLGFCB97DA,0.0,0.0,0.0,無,0212
豐原區,房地(土地+建物)+車位,臺中市豐原區大明路７９號七樓之１,26.19,都市：其他:第三種住宅區。,,,1150529,土地1建物1車位1,七層,十二層,住宅大樓(11層含以上有電梯),住家用,鋼筋混凝土造,1090131,152.95,3,2,2,有,有,15800000,103302,坡道平面,26.26,0,,RPUNMLLLQHLGFDB48DA,73.31,3.75,7.17,有,
潭子區,房地(土地+建物)+車位,臺中市潭子區大豐路二段１２２巷１１之１號七樓,19.06,都市：其他:第一之一種住宅區,,,1150509,土地1建物1車位1,七層,七層,華廈(10層含以下有電梯),住家用,鋼筋混凝土造,0821106,118.26,2,2,2,有,有,6950000,58769,坡道機械,0.0,0,陽台外推；,RPWNMLOJOHLGFHB98DA,70.41,0.0,10.15,有,
霧峰區,土地,農試所段82地號,1050.12,,特定農業區,農牧用地,1150528,土地1建物0車位0,,,其他,,,,0.0,0,0,0,無,無,6000000,5714,,0.0,0,親友、員工、共有人或其他特殊關係間之交易；,RPVOMLLLQHLGFIB56DA,0.0,0.0,0.0,無,
南區,房地(土地+建物)+車位,臺中市南區德富路２１９號六樓之五,25.95,都市：其他:第三種住宅區。,,,1150512,土地1建物1車位1,六層,八層,華廈(10層含以下有電梯),住家用,鋼筋混凝土造,0981211,176.43,3,2,2,有,有,16380000,92841,坡道平面,31.26,0,其他增建；,RPSNMLOKNHLGFAB87DA,81.88,5.83,6.02,有,0213
北區,房地(土地+建物)+車位,臺中市北區青島路二段２６號３樓,29.14,都市：其他:第二種住宅區,,,1150519,土地2建物1車位0,三層,十五層,住宅大樓(11層含以上有電梯),住家用,鋼筋混凝土造,0800517,248.64,4,1,2,有,有,14000000,56306,,0.0,0,,RPSPMLKMOHLGFBB08DA,188.93,40.78,7.44,有,
北屯區,房地(土地+建物)+車位,臺中市北屯區陳平一街７１巷１８號６樓,20.46,都市：其他:第二種住宅區,,,1150528,土地1建物1車位1,六層,七層,華廈(10層含以下有電梯),住家用,鋼筋混凝土造,0850120,111.47999999999999,3,2,2,有,有,8000000,71762,坡道機械,0.0,0,其他增建；,RPRPMLTLPHLGFBB88DA,67.5,0.72,9.78,有,0214
西屯區,房地(土地+建物)+車位,臺中市西屯區國安一路８７號四樓之１,9.52,都市：其他:第六種住宅區,,,1150520,土地1建物1車位1,四層,二十二層,住宅大樓(11層含以上有電梯),住家用,鋼筋混凝土造,0971127,114.85999999999999,2,2,1,有,有,11800000,102734,坡道平面,21.71,0,其他增建；,RPPNMLQLOHLGFCB18DA,55.2,4.46,5.41,有,
西屯區,房地(土地+建物)+車位,臺中市西屯區福誠路１００號三樓之５,14.69,都市：其他:第一之B種住宅區,,,1150530,土地2建物1車位1,三層,十二層,住宅大樓(11層含以上有電梯),住家用,鋼筋混凝土造,1090731,75.36,1,1,1,有,有,11080000,147028,坡道機械,12.36,0,,RPQOMLOLPHLGFCB28DA,37.04,0.0,3.11,有,0215
西屯區,房地(土地+建物)+車位,臺中市西屯區市政路５００號十二樓之１,14.32,都市：其他:第六種新市政中心專用區,,,1150521,土地1建物1車位1,十二層,二十九層,住宅大樓(11層含以上有電梯),辦公用,鋼骨鋼筋混凝土造,1011219,269.08,1,0,0,有,有,31680000,117735,坡道平面,18.24,0,,RPVOMLOKQHLGFCB78DA,131.69,7.44,12.06,有,0216
西屯區,房地(土地+建物)+車位,臺中市西屯區朝馬一街３０之８號,113.33,都市：其他:第三種住宅區。,,,1150509,土地1建物1車位2,全,四層,透天厝,住家用,鋼筋混凝土造,0871221,341.0,6,2,4,有,有,28800000,84457,坡道平面,49.58,0,其他增建；,RPPNMLOLQHLGFCB18DA,213.82,1.5,25.89,無,
梧棲區,房地(土地+建物)+車位,臺中市梧棲區八德路一段６８號二十七樓之１２,11.43,都市：其他:第四種商業區,,,1150515,土地1建物1車位1,二十七層,二十八層,住宅大樓(11層含以上有電梯),住家用,鋼筋混凝土造,1140606,153.1,3,2,2,有,有,10000000,65317,坡道平面,24.74,0,,RPQNMLLLQHLGFFB28DA,76.63,0.0,8.56,有,0217
清水區,房地(土地+建物),臺中市清水區鰲峰路１９０巷１２號,103.41,都市：其他:第四種住宅區,,,1150527,土地2建物1車位0,全,三層,透天厝,住商用,鋼筋混凝土造,0830710,147.16,4,3,3,有,無,8300000,56401,,0.0,0,其他增建；,RPRNMLLLQHLGFFB38DA,129.39,9.5,8.27,無,0218
太平區,房地(土地+建物)+車位,臺中市太平區育才路１６７號六樓之６,19.14,都市：其他:住宅區,,,1150528,土地1建物1車位2,六層,十五層,住宅大樓(11層含以上有電梯),住家用,鋼筋混凝土造,1150113,153.25,2,2,2,有,有,11560000,92468,坡道平面,56.46,2610000,,RPUNMLKKPHLGFJB78DA,56.68,0.0,7.06,有,
北區,房地(土地+建物),臺中市北區進化北路３６３號１１樓之２,13.54,都市：其他:第一種商業區,,,1150511,土地1建物1車位0,十一層，十二層,二十二層,住宅大樓(11層含以上有電梯),住家用,鋼筋混凝土造,0841215,183.9,4,3,2,有,有,11660000,63404,,0.0,0,,RPTOMLRKPHLGFBB68DA,115.84,0.0,17.85,有,
北屯區,房地(土地+建物)+車位,臺中市北屯區山西路三段４２９號二樓之１,35.0,都市：其他:第一之一種住宅區,,,1150517,土地1建物1車位1,二層,十四層,住宅大樓(11層含以上有電梯),住家用,鋼筋混凝土造,1140103,158.56,3,2,2,有,有,25080000,174586,坡道平面,28.08,2300000,,RPSPMLKLPHLGFBB08DA,77.7,0.0,7.74,有,0219
北屯區,房地(土地+建物),臺中市北屯區遼寧路一段６０８號,24.36,都市：其他:第二種住宅區,,,1150523,土地1建物1車位0,一層，騎樓,五層,公寓(5樓含以下無電梯),商業用,鋼骨造,0940112,112.02,1,1,1,有,有,11980000,106945,,0.0,0,其他增建:一樓後方其他增建；,RPQOMLKLQHLGFBB87DA,77.71,0.0,3.92,無,
西屯區,房地(土地+建物)+車位,臺中市西屯區市政北五路２３８號二十樓之２,60.76,都市：其他:第七種新市政中心專用區,,,1150516,土地1建物1車位3,二十層,二十九層,住宅大樓(11層含以上有電梯),住家用,鋼骨鋼筋混凝土造,0970926,666.05,0,0,0,無,有,132000000,198183,坡道平面,79.35,0,,RPXOMLSKQHLGFCB76DA,331.79,15.81,40.31,有,
南屯區,房地(土地+建物),臺中市南屯區黎明路一段７３巷８０號,120.12,都市：其他:第二之二種住宅區,,,1150512,土地5建物1車位0,全,一層,透天厝,住家用,加強磚造,0610501,53.27,3,2,1,有,無,14800000,277830,,0.0,0,其他增建；,RPUOMLQLQHLGFCB98DA,53.27,0.0,0.0,無,
南屯區,房地(土地+建物),臺中市南屯區黎明路一段７３巷８２號,118.67,都市：其他:第二之二種住宅區,,,1150514,土地5建物1車位0,全,一層,透天厝,住家用,加強磚造,0610501,58.92,3,2,1,有,無,14800000,251188,,0.0,0,,RPOPMLQLQHLGFCB48DA,58.92,0.0,0.0,無,
豐原區,房地(土地+建物),臺中市豐原區博愛街１１號地下室,113.8,都市：其他:第二種商業區,,,1150524,土地1建物3車位0,地下層,七層,華廈(10層含以下有電梯),商業用,鋼筋混凝土造,0810730,758.1,0,0,0,無,有,58000000,76507,,0.0,0,,RPQNMLTLNHLGFDB58DA,632.36,13.58,0.0,有,
潭子區,房地(土地+建物)+車位,臺中市潭子區合作街３８巷２２號三樓,16.99,都市：其他:第一之二種商業區,,,1150514,土地1建物1車位1,三層,十二層,住宅大樓(11層含以上有電梯),住家用,鋼筋混凝土造,0871211,161.98,4,2,2,有,有,9570000,59081,坡道平面,29.4,0,,RPRNMLMKOHLGFHB38DA,90.34,0.0,10.02,有,
烏日區,房地(土地+建物),臺中市烏日區興祥街９０巷５８號,96.23,都市：其他:第三種住宅區。,,,1150531,土地1建物1車位0,全,二層,透天厝,住家用,加強磚造,0631001,111.54,3,2,2,有,無,13380000,119957,,0.0,0,頂樓加蓋；其他增建；,RPOOMLPLQHLGFIB88DA,111.54,0.0,0.0,無,
太平區,房地(土地+建物),臺中市太平區中山路一段３２９巷３１號,106.51,,鄉村區,乙種建築用地,1150526,土地3建物1車位0,全,五層,透天厝,住家用,鋼筋混凝土造,1080717,346.82,18,0,18,有,有,32800000,94574,,0.0,0,頂樓加蓋；其他增建；,RPRNMLPLOHLGFJB98DA,309.85,0.0,35.54,有,0220
太平區,房地(土地+建物)+車位,臺中市太平區育英街６７巷２弄１號六樓,21.57,都市：其他:住宅區,,,1150511,土地1建物1車位1,六層,六層,華廈(10層含以下有電梯),住家用,鋼筋混凝土造,0820802,113.55000000000001,3,2,2,有,有,8000000,70454,升降機械,0.0,0,陽台外推；,RPSNMLSKQHLGFJB86DA,65.52,1.13,9.36,有,0221
太平區,房地(土地+建物),臺中市太平區長億南街５５巷３８之８號,70.68,都市：其他:住宅區,,,1150502,土地3建物1車位0,全,四層,透天厝,住家用,鋼筋混凝土造,1150319,174.99,3,2,3,有,無,19200000,109721,,0.0,0,其他增建；,RPTOMLLLQHLGFJB09DA,161.45,0.0,13.54,無,
太平區,土地,東和段478地號,903.22,都市：其他:農業區,,,1150522,土地3建物0車位0,,,其他,,,,0.0,0,0,0,無,無,43800000,48493,,0.0,0,親友、員工、共有人或其他特殊關係間之交易；未登記建物；,RPPNMLPLQHLGFJB98DA,0.0,0.0,0.0,無,
西屯區,房地(土地+建物),臺中市西屯區至善路２０號八樓之２,10.81,都市：其他:第二種商業區,,,1150504,土地1建物1車位0,八層,十四層,住宅大樓(11層含以上有電梯),住家用,鋼筋混凝土造,0870619,108.53,2,2,2,有,有,8400000,77398,,0.0,0,陽台外推；,RPPPMLNJQHLGFCB08DA,72.84,0.0,9.49,有,
西屯區,房地(土地+建物),臺中市西屯區永福路１６號,95.23,都市：其他:第三之一種住宅區,,,1150508,土地2建物1車位0,全,三層,透天厝,住商用,鋼筋混凝土造,0690407,211.03,3,2,3,有,無,29000000,137421,,0.0,0,頂樓加蓋；其他增建；,RPQOMLLLQHLGFCB08DA,211.03,0.0,0.0,無,
梧棲區,房地(土地+建物)+車位,臺中市梧棲區八德東路６７號八樓之６,9.42,都市：其他:第四種商業區,,,1150526,土地1建物1車位1,八層,二十八層,住宅大樓(11層含以上有電梯),住家用,鋼筋混凝土造,1140606,131.05,3,2,2,有,有,7380000,56314,坡道平面,24.74,0,,RPVNMLKKQHLGFFB58DA,66.47,0.0,4.34,有,
大雅區,土地,三和段759地號,2977.0,都市：其他:農業區,,,1150531,土地4建物0車位0,,,其他,,,,0.0,0,0,0,無,無,56000000,18811,,0.0,0,,RPSNMLSKQHLGFHB66DA,0.0,0.0,0.0,無,
南區,房地(土地+建物),臺中市南區福中街１２巷１號,86.0,都市：其他:第二種住宅區,,,1150428,土地1建物1車位0,全,一層,透天厝,住家用,磚造,,35.41,2,2,1,有,無,8700000,245693,,0.0,0,其他增建；,RPTNMLOKQHLGFAB28DA,35.41,0.0,0.0,無,
南屯區,房地(土地+建物),臺中市南屯區豐順街５２之５號,138.25,都市：其他:第一種住宅區,,,1150416,土地2建物1車位0,全,四層,透天厝,住家用,鋼筋混凝土造,1040522,252.56,4,3,5,有,有,46000000,182135,,0.0,0,陽台外推；頂樓加蓋；其他增建；,RPUNMLRKMHLGFCB48DA,231.61,0.0,20.95,有,0222
南屯區,房地(土地+建物)+車位,臺中市南屯區文心路一段８５號七樓之２,13.52,都市：其他:第三種住宅區。,,,1150421,土地1建物1車位1,七層,十四層,住宅大樓(11層含以上有電梯),住家用,ＲＣ造,0921230,143.53,3,2,2,有,有,14300000,99631,坡道機械,6.98,0,其他增建；,RPVOMLSKOHLGFCB98DA,82.06,5.1,14.51,有,0223
太平區,房地(土地+建物),臺中市太平區長億南街５５巷３８之９號,70.64,都市：其他:住宅區,,,1150402,土地3建物1車位0,全,四層,透天厝,住家用,鋼筋混凝土造,1150319,174.99,3,2,3,有,無,19100000,109149,,0.0,0,其他增建；,RPTNMLQJQHLGFJB66DA,161.45,0.0,13.54,無,
西屯區,土地,西屯段930地號,10.91,都市：其他:第一種商業區,,,1150422,土地37建物0車位0,,,其他,,,,0.0,0,0,0,無,無,1979425,181432,,0.0,0,包含公共設施保留地用地；,RPTOMLRKQHLGFCB88DA,0.0,0.0,0.0,無,0224
大雅區,房地(土地+建物),臺中市大雅區神林路一段３６巷６弄１５號,89.11,都市：其他:農業區,,,1150406,土地2建物1車位0,全,三層,透天厝,住家用,鋼筋混凝土造,0951106,171.78,4,3,3,有,有,14500000,84410,,0.0,0,頂樓加蓋；其他增建；,RPTNMLRKPHLGFHB56DA,144.93,5.95,20.9,無,
太平區,房地(土地+建物)+車位,臺中市太平區新福路１１１６號五樓之５,26.71,都市：其他:住宅區,,,1150409,土地2建物1車位2,五層,十二層,住宅大樓(11層含以上有電梯),住家用,鋼筋混凝土造,1150629,159.82,3,2,2,有,有,17200000,115337,坡道機械,31.5,2400000,預售屋、或土地及建物分件登記案件；,RPROMLRKQHLGFJB76DA,77.53,0.0,6.25,有,
東區,房地(土地+建物)+車位,臺中市東區自由路三段１０號六樓之十三,15.7,都市：其他:第七種商業區,,,1150429,土地1建物1車位1,六層,十五層,住宅大樓(11層含以上有電梯),住家用,鋼筋混凝土造,1000105,173.2,3,2,2,有,有,15600000,90064,坡道平面,0.0,0,,RPUNMLOKPHLGFAB28DA,87.36,0.0,11.0,有,
梧棲區,房地(土地+建物)+車位,臺中市梧棲區八德路一段６８號二十三樓之９,6.5,都市：其他:第四種商業區,,,1150426,土地1建物1車位1,二十三層,二十八層,住宅大樓(11層含以上有電梯),住家用,鋼筋混凝土造,1140606,98.43,2,2,1,有,有,7200000,73148,坡道平面,24.74,0,,RPSOMLNKQHLGFFB68DA,45.07,0.0,3.82,有,0225
烏日區,土地,溪南東段1668-1地號,175.0,,特定農業區,農牧用地,1150425,土地1建物0車位0,,,其他,,,,0.0,0,0,0,無,無,5300000,30286,,0.0,0,親友、員工、共有人或其他特殊關係間之交易；未登記建物；,RPOOMLTLOHLGFIB09DA,0.0,0.0,0.0,無,
南區,房地(土地+建物)+車位,臺中市南區五權南一路５１號六樓之三,9.11,都市：其他:第三種住宅區。,,,1150426,土地1建物1車位1,六層,十五層,住宅大樓(11層含以上有電梯),住家用,鋼筋混凝土造,1010528,101.14,2,2,1,有,有,10900000,107771,坡道平面,29.84,0,,RPRSMLOLPHLGFAB58DA,46.28,0.0,3.68,有,0226
北屯區,房地(土地+建物)+車位,臺中市北屯區松竹路一段８８１號二樓之３,21.02,都市：其他:第一種商業區,,,1150426,土地1建物1車位1,二層,十五層,住宅大樓(11層含以上有電梯),住家用,鋼筋混凝土造,1041123,171.29,2,2,2,有,有,16500000,96328,坡道平面,24.47,0,,RPQNMLNKPHLGFBB87DA,84.79,4.32,9.41,有,0227
北區,房地(土地+建物),臺中市北區漢口路四段６６號５樓之１１,4.23,都市：其他:第二種住宅區,,,1150411,土地1建物1車位0,五層,十四層,住宅大樓(11層含以上有電梯),住家用,鋼筋混凝土造,0850715,40.0,1,1,1,有,有,4000000,100000,,0.0,0,親友、員工、共有人或其他特殊關係間之交易；,RPXPMLOKPHLGFBB88DA,17.98,8.02,2.48,有,
北區,房地(土地+建物)+車位,臺中市北區陝西東二街３８號２樓之５,30.76,都市：其他:第二種住宅區,,,1150422,土地1建物1車位1,二層,九層,華廈(10層含以下有電梯),住家用,鋼筋混凝土造,0950912,223.09000000000003,5,2,2,有,有,21500000,102849,坡道平面,28.63,1500000,,RPSRMLOJQHLGFBB58DA,134.85,0.0,6.51,有,0228
北屯區,房地(土地+建物),臺中市北屯區中清路二段５７８號五樓之４,11.26,都市：其他:第五種住宅區,,,1150426,土地2建物1車位0,五層,八層,華廈(10層含以下有電梯),住家用,鋼筋混凝土造,0830523,79.7,2,2,1,有,有,7080000,88833,,0.0,0,陽台外推；,RPUOMLOLQHLGFBB68DA,48.29,0.0,5.4,有,0229
沙鹿區,房地(土地+建物)+車位,臺中市沙鹿區永寧路一段５號十四樓之１,23.29,都市：其他:第二種商業區,,,1150425,土地1建物1車位2,十四層,十五層,住宅大樓(11層含以上有電梯),住家用,鋼筋混凝土造,1140627,218.66000000000003,4,2,2,有,有,15500000,83490,坡道平面,59.36,2200000,,RPTOMLLLQHLGFFB68DA,97.32,0.0,9.8,有,
沙鹿區,房地(土地+建物)+車位,臺中市沙鹿區永寧路一段３號十五樓之７,17.47,都市：其他:第二種商業區,,,1150425,土地1建物1車位1,十五層,十五層,住宅大樓(11層含以上有電梯),住家用,鋼筋混凝土造,1140627,150.76,3,2,2,有,有,11880000,83251,坡道平面,29.68,1800000,,RPUOMLLLQHLGFFB78DA,72.76,0.0,6.88,有,
大雅區,房地(土地+建物),臺中市大雅區神林南路１１５巷７１號五樓之３,18.54,都市：其他:第二種住宅區,,,1150417,土地1建物1車位0,五層,十層,華廈(10層含以下有電梯),住家用,鋼筋混凝土造,0830426,103.27000000000001,3,2,2,有,有,6000000,58100,,0.0,0,親友、員工、共有人或其他特殊關係間之交易；,RPWNMLQJNHLGFHB09DA,68.73,1.29,10.15,有,
太平區,房地(土地+建物),臺中市太平區長億南街５５巷５２號,78.52,都市：其他:住宅區,,,1150430,土地3建物1車位0,全,四層,透天厝,住家用,鋼筋混凝土造,1150319,198.62,3,2,3,有,無,24280000,122243,,0.0,0,其他增建；,RPXOMLLLQHLGFJB86DA,185.14,0.0,13.48,無,
大甲區,房地(土地+建物)+車位,臺中市大甲區水美街５８號四樓之１,30.81,都市：其他:住宅區,,,1150413,土地1建物1車位1,四層,九層,華廈(10層含以下有電梯),住家用,鋼筋混凝土造,1150603,170.81,3,2,2,有,有,12400000,83453,坡道平面,39.0,1400000,預售屋、或土地及建物分件登記案件；,RPUNMLLLQHLGFEB58DA,78.54,0.0,9.62,有,
大安區,房地(土地+建物),臺中市大安區東西三路３７７巷１３號,54.56,,特定農業區,甲種建築用地,1150414,土地3建物1車位0,全,三層,透天厝,住家用,鋼筋混凝土造,0841217,71.94,4,1,3,有,無,1800000,25021,,0.0,0,親友、員工、共有人或其他特殊關係間之交易；未登記建物；,RPTNMLRLQHLGFEB09DA,65.76,0.7,5.48,無,
北屯區,房地(土地+建物)+車位,臺中市北屯區軍福十三路６３號十二樓之３,18.7,都市：其他:第三種住宅區。,,,1150308,土地1建物1車位1,十二層,十五層,住宅大樓(11層含以上有電梯),住家用,鋼筋混凝土造,1150703,155.07999999999998,3,2,2,有,有,16300000,109226,坡道平面,25.99,2200000,預售屋、或土地及建物分件登記案件；,RPPPMLQJQHLGFBB28DA,74.37,0.0,11.11,有,
豐原區,房地(土地+建物)+車位,臺中市豐原區豐勢路一段３３１號七樓之２,22.12,都市：其他:第三種住宅區。,,,1150314,土地1建物1車位1,七層,十五層,住宅大樓(11層含以上有電梯),住家用,鋼筋混凝土造,1080818,144.85,3,2,2,有,有,13800000,95271,坡道機械,18.39,0,,RPSNMLPJQHLGFDB48DA,72.97,3.18,7.92,有,0230
大里區,土地,東城段31地號,101.63,都市：其他:住宅區,,,1150316,土地1建物0車位0,,,其他,,,,0.0,0,0,0,無,無,10680000,105087,,0.0,0,親友、員工、共有人或其他特殊關係間之交易；,RPSNMLKLLHLGFIB18DA,0.0,0.0,0.0,無,
大里區,房地(土地+建物),臺中市大里區德芳路一段５７號十二樓,15.95,都市：其他:住宅區,,,1150327,土地1建物1車位0,十二層,十二層,住宅大樓(11層含以上有電梯),住家用,鋼筋混凝土造,0821111,138.77,3,2,2,有,有,7600000,54767,,0.0,0,,RPUNMLTLPHLGFIB07DA,101.25,0.9,11.22,有,
西屯區,房地(土地+建物),臺中市西屯區安和二街７９號,1588.76,都市：其他:第二之A種住宅區,,,1150316,土地7建物3車位0,全,二層,透天厝,住家用,鋼骨造,1050421,912.56,0,0,0,無,無,306990000,336405,,0.0,0,其他增建；,RPPNMLOLQHLGFCB28EA,903.63,0.0,8.93,無,
霧峰區,土地,新六股段767地號,389.09,,特定農業區,甲種建築用地,1150325,土地2建物0車位0,,,其他,,,,0.0,0,0,0,無,無,24715000,63520,,0.0,0,,RPTNMLMJPHLGFIB68DA,0.0,0.0,0.0,無,
龍井區,房地(土地+建物),臺中市龍井區龍社路６１６號,154.57,都市：其他:保護區,,,1150211,土地5建物1車位0,全,三層,透天厝,住家用,鋼筋混凝土造,1130618,197.98,3,2,3,有,有,21380000,107991,,0.0,0,,RPUNMLQJQHLGFKB86DA,182.13,0.0,15.85,無,
后里區,房地(土地+建物),臺中市后里區九甲五路１８８巷１３號七樓,24.99,,特定農業區,甲種建築用地,1150203,土地1建物1車位0,七層,八層,華廈(10層含以下有電梯),住家用,鋼筋混凝土造,1150316,81.22,2,2,2,有,有,8600000,105885,,0.0,0,預售屋、或土地及建物分件登記案件；,RPPPMLOJOHLGFDB08DA,53.88,0.0,3.46,有,
太平區,房地(土地+建物),臺中市太平區興隆路一段２５２巷６號,105.61,,鄉村區,乙種建築用地,1150223,土地4建物1車位0,全,四層,透天厝,住家用,鋼筋混凝土造,0960730,170.35000000000002,4,2,3,有,無,15500000,90989,,0.0,0,其他增建；,RPTNMLLKQHLGFJB88DA,138.69,4.88,26.67,無,
北屯區,房地(土地+建物),臺中市北屯區平德路１８９號二樓之１,14.67,都市：其他:第二種住宅區,,,1150105,土地1建物1車位0,二層,五層,華廈(10層含以下有電梯),辦公用,鋼筋混凝土造,1150327,89.24000000000001,3,0,3,有,有,13950000,156320,,0.0,0,預售屋、或土地及建物分件登記案件；,RPSNMLNJPHLGFBB97DA,54.62,0.0,4.98,有,
龍井區,房地(土地+建物)+車位,臺中市龍井區龍新路２１６巷８０號十一樓之３,30.12,都市：其他:第四種住宅區,,,1150116,土地1建物1車位1,十一層,十三層,住宅大樓(11層含以上有電梯),住家用,鋼筋混凝土造,1140806,149.47,3,2,2,有,有,10700000,85008,坡道平面,39.48,1350000,,RPSNMLKMPHLGFKB88DA,66.49,0.0,6.65,有,
西區,房地(土地+建物),臺中市西區東興路三段２９號７樓之１,8.69,都市：其他:第二種住宅區,,,1150124,土地1建物1車位0,七層,十六層,住宅大樓(11層含以上有電梯),住家用,鋼筋混凝土造,0851207,91.24,2,2,1,有,有,8600000,94257,,0.0,0,,RPVNMLNLOHLGFAB28DA,57.44,2.12,9.55,有,0231
西屯區,房地(土地+建物)+車位,臺中市西屯區文華路１３８巷１９號,59.51,都市：其他:第二種住宅區,,,1150108,土地1建物1車位1,全,五層,透天厝,商業用,鋼筋混凝土造,0950615,243.65,7,1,7,有,無,18000000,73876,坡道平面,0.0,0,親友、員工、共有人或其他特殊關係間之交易；其他增建；,RPVNMLPLQHLGFCB88DA,172.16,5.06,0.0,無,
北屯區,房地(土地+建物)+車位,臺中市北屯區興安路二段９６號十三樓之２,21.37,都市：其他:第二種住宅區,,,1141205,土地1建物1車位1,十三層,十五層,住宅大樓(11層含以上有電梯),住家用,鋼筋混凝土造,1150507,154.25,3,2,2,有,有,20700000,143395,坡道平面,24.19,2050000,預售屋、或土地及建物分件登記案件；,RPPTMLKKOHLGFBB97DA,77.41,0.0,9.05,有,
后里區,房地(土地+建物),臺中市后里區福興路７８之５號七樓之２,24.14,,鄉村區,乙種建築用地,1141221,土地1建物1車位0,七層,七層,華廈(10層含以下有電梯),住家用,鋼筋混凝土造,1141113,85.07000000000001,1,2,1,有,有,7500000,88163,,0.0,0,,RPPNMLRKQHLGFDB48DA,48.98,0.0,8.86,有,
豐原區,房地(土地+建物),臺中市豐原區慈龍街６５之３號,104.04,都市：其他:第一之二種住宅區,,,1141117,土地3建物1車位0,全,二層,透天厝,住家用,加強磚造,0770418,134.19,5,2,2,有,無,13680000,101945,,0.0,0,其他增建；,RPQOMLLKQHLGFDB08DA,130.47,0.0,3.72,無,
大甲區,房地(土地+建物),臺中市大甲區甲后路五段４５３巷８９號七樓之８,21.77,都市：其他:住宅區,,,1141124,土地1建物1車位0,七層,九層,華廈(10層含以下有電梯),住家用,鋼筋混凝土造,1150313,79.42,2,2,1,有,有,8280000,104256,,0.0,0,預售屋、或土地及建物分件登記案件；,RPPNMLMJPHLGFEB87DA,49.11,0.0,5.1,有,
神岡區,土地,神林段721-2地號,275.87,都市：其他:農業區,,,1141012,土地3建物0車位0,,,其他,,,,0.0,0,0,0,無,無,14350000,52017,,0.0,0,未登記建物；,RPVNMLPLOHLGFDB78DA,0.0,0.0,0.0,無,0232
豐原區,土地,豐原段480-3地號,81.0,都市：其他:第二種商業區,,,1141010,土地1建物0車位0,,,其他,,,,0.0,0,0,0,無,無,14701500,181500,,0.0,0,,RPROMLNKQHLGFDB38DA,0.0,0.0,0.0,無,
大甲區,房地(土地+建物)+車位,臺中市大甲區水美街５８號五樓之１,30.81,都市：其他:住宅區,,,1140718,土地1建物1車位2,五層,九層,華廈(10層含以下有電梯),住家用,鋼筋混凝土造,1150603,209.82,3,2,2,有,有,13700000,87999,坡道平面,78.0,2100000,115.07.28加購車位1位新台幣70萬元整預售屋、或土地及建物分件登記案件；,RPXNMLLLQHLGFEB88DA,78.54,0.0,9.62,有,
北屯區,房地(土地+建物)+車位,臺中市北屯區軍福十三路６３號五樓之５,18.02,都市：其他:第三種住宅區。,,,1140627,土地1建物1車位1,五層,十五層,住宅大樓(11層含以上有電梯),住家用,鋼筋混凝土造,1150703,150.57999999999998,3,2,2,有,有,15460000,108034,坡道平面,25.99,2000000,預售屋、或土地及建物分件登記案件；,RPQPMLQJQHLGFBB38DA,75.97,0.0,6.52,有,
北屯區,房地(土地+建物)+車位,臺中市北屯區榮德一路３５９號五樓之１,27.37,都市：其他:第一之一種住宅區,,,1140608,土地2建物1車位1,五層,七層,華廈(10層含以下有電梯),住家用,鋼筋混凝土造,1150428,103.03,2,2,2,有,無,15450000,172681,坡道平面,25.72,2100000,預售屋、或土地及建物分件登記案件；,RPVRMLNKQHLGFBB88DA,46.1,0.0,5.3,有,
大甲區,房地(土地+建物)+車位,臺中市大甲區水美街５６號六樓之３,18.59,都市：其他:住宅區,,,1140506,土地1建物1車位1,六層,九層,華廈(10層含以下有電梯),住家用,鋼筋混凝土造,1150603,119.66,2,2,1,有,有,8800000,91743,坡道平面,39.0,1400000,預售屋、或土地及建物分件登記案件；,RPOPMLRJQHLGFEB58DA,47.3,0.0,5.97,有,
大肚區,房地(土地+建物)+車位,臺中市大肚區太平路２８號九樓之５,22.75,,鄉村區,乙種建築用地,1140408,土地1建物1車位1,九層,十層,華廈(10層含以下有電梯),住家用,鋼筋混凝土造,1150616,112.27,2,2,2,有,有,13140000,131524,坡道平面,26.81,1900000,預售屋、或土地及建物分件登記案件；,RPQNMLOKQHLGFKB98DA,51.8,0.0,5.25,有,
大肚區,房地(土地+建物)+車位,臺中市大肚區太平路２８號九樓之１,27.3,,鄉村區,乙種建築用地,1140408,土地1建物1車位1,九層,十層,華廈(10層含以下有電梯),住家用,鋼筋混凝土造,1150616,129.42,3,2,2,有,有,14860000,126303,坡道平面,26.81,1900000,於115年7月1日二親等內換約，價金不變預售屋、或土地及建物分件登記案件；,RPRNMLOKQHLGFKB09DA,63.28,0.0,5.24,有,
大甲區,房地(土地+建物)+車位,臺中市大甲區水美街５８號九樓之５,36.44,都市：其他:住宅區,,,1140322,土地1建物1車位2,九層,九層,華廈(10層含以下有電梯),住家用,鋼筋混凝土造,1150603,234.23000000000002,4,2,2,有,有,15770000,85579,坡道平面,78.0,2400000,預售屋、或土地及建物分件登記案件；,RPOOMLLLQHLGFEB08DA,95.13,0.0,9.36,有,
烏日區,房地(土地+建物),臺中市烏日區光明路４７巷９弄１８號,63.76,都市：其他:農業區,,,1140207,土地4建物1車位0,全,四層,透天厝,住家用,鋼筋混凝土造,1150423,145.08,3,2,3,有,有,12560000,86579,,0.0,0,親友、員工、共有人或其他特殊關係間之交易；預售屋、或土地及建物分件登記案件；,RPRPMLMKQHLGFIB88DA,141.24,0.0,3.56,無,
梧棲區,房地(土地+建物)+車位,臺中市梧棲區臨港路四段８１２號九樓之７,13.5,都市：其他:第四種商業區,,,1140114,土地1建物1車位1,九層,十五層,住宅大樓(11層含以上有電梯),住家用,鋼筋混凝土造,1150312,158.51999999999998,3,2,2,有,有,10150000,72972,坡道平面,35.87,1200000,預售屋、或土地及建物分件登記案件；,RPQQMLMKJHLGFFB87DA,75.45,0.0,7.02,有,
梧棲區,房地(土地+建物)+車位,臺中市梧棲區中央路二段２９７之２巷１９號七樓之１,49.07,都市：其他:第四種住宅區,,,1140101,土地1建物1車位2,七層,八層,華廈(10層含以下有電梯),住家用,鋼筋混凝土造,1150202,194.53,3,2,3,有,有,14690000,80583,坡道平面,45.74,2700000,預售屋、或土地及建物分件登記案件；,RPQNMLKLQHLGFFB18DA,96.4,0.0,8.6,有,
梧棲區,房地(土地+建物)+車位,臺中市梧棲區中央路二段２９７之２巷１７號,33.05,都市：其他:第四種住宅區,,,1140125,土地1建物1車位1,一層,八層,華廈(10層含以下有電梯),商業用,鋼筋混凝土造,1150202,132.74,0,0,0,無,有,11800000,94657,一樓平面,22.87,1400000,預售屋、或土地及建物分件登記案件；,RPSNMLKLQHLGFFB38DA,74.24,0.0,6.1,有,
大甲區,房地(土地+建物)+車位,臺中市大甲區水美街５６號四樓之３,18.59,都市：其他:住宅區,,,1140102,土地1建物1車位1,四層,九層,華廈(10層含以下有電梯),住家用,鋼筋混凝土造,1150603,119.66,2,2,1,有,有,8630000,90875,坡道平面,39.0,1300000,預售屋、或土地及建物分件登記案件；,RPQOMLLLQHLGFEB28DA,47.3,0.0,5.97,有,
南屯區,房地(土地+建物)+車位,臺中市南屯區惠文路３０６號十一樓,30.76,都市：其他:第二種住宅區,,,1131230,土地1建物1車位2,十一層,十三層,住宅大樓(11層含以上有電梯),住家用,鋼筋混凝土造,1150605,201.59,3,2,2,有,有,36000000,232788,坡道平面,70.14,5400000,預售屋、或土地及建物分件登記案件；,RPRQMLMLOHLGFCB28DA,75.01,0.0,9.11,有,
烏日區,房地(土地+建物),臺中市烏日區光明路４７巷２９弄１１號,61.08,都市：其他:農業區,,,1131220,土地4建物1車位0,全,四層,透天厝,住家用,鋼筋混凝土造,1150423,161.68,5,2,4,有,有,13320000,82385,,0.0,0,親友、員工、共有人或其他特殊關係間之交易；預售屋、或土地及建物分件登記案件；,RPSOMLMKQHLGFIB88DA,158.12,0.0,3.56,無,
烏日區,房地(土地+建物),臺中市烏日區光明路４７巷１９弄５號,61.08,都市：其他:農業區,,,1131223,土地4建物1車位0,全,四層,透天厝,住家用,鋼筋混凝土造,1150423,156.52,5,2,4,有,有,12780000,81651,,0.0,0,親友、員工、共有人或其他特殊關係間之交易；預售屋、或土地及建物分件登記案件；,RPXNMLMKQHLGFIB66DA,152.96,0.0,3.56,無,
烏日區,房地(土地+建物),臺中市烏日區光明路４７巷９弄１１號,136.36,都市：其他:農業區,,,1131220,土地4建物1車位0,全,三層,透天厝,住家用,鋼筋混凝土造,1150423,184.47,4,2,4,有,有,18910000,102515,,0.0,0,親友、員工、共有人或其他特殊關係間之交易；預售屋、或土地及建物分件登記案件；,RPOSMLLLPHLGFIB78DA,169.32,0.0,14.87,無,
梧棲區,房地(土地+建物)+車位,臺中市梧棲區臨港路四段８１２號三樓之２,8.74,都市：其他:第四種商業區,,,1131101,土地1建物1車位1,三層,十五層,住宅大樓(11層含以上有電梯),住家用,鋼筋混凝土造,1150312,108.34,2,2,1,有,有,6300000,70151,坡道機械,28.94,730000,預售屋、或土地及建物分件登記案件；,RPQNMLLKJHLGFFB47DA,49.86,0.0,3.5,有,
太平區,房地(土地+建物)+車位,臺中市太平區新福路１１１６號十一樓之３,29.58,都市：其他:住宅區,,,1131129,土地2建物1車位2,十一層,十二層,住宅大樓(11層含以上有電梯),住家用,鋼筋混凝土造,1150629,190.04000000000002,3,2,2,有,有,23660000,134183,坡道平面,47.25,4500000,預售屋、或土地及建物分件登記案件；,RPRPMLRKQHLGFJB86DA,82.14,0.0,10.62,有,
大甲區,房地(土地+建物)+車位,臺中市大甲區水美街５８號一樓之２,33.99,都市：其他:住宅區,,,1131129,土地1建物1車位1,一層,九層,華廈(10層含以下有電梯),住家用,鋼筋混凝土造,1150603,181.75,4,2,2,有,有,13270000,83853,坡道平面,39.0,1300000,預售屋、或土地及建物分件登記案件；,RPSNMLLLQHLGFEB38DA,95.49,0.0,0.0,有,
大甲區,房地(土地+建物)+車位,臺中市大甲區水美街５６號二樓之５,28.86,都市：其他:住宅區,,,1131128,土地1建物1車位1,二層,九層,華廈(10層含以下有電梯),住家用,鋼筋混凝土造,1150603,163.39,3,2,2,有,有,11720000,83769,坡道平面,39.0,1300000,115.06.26預售屋讓渡，讓渡關係:配偶。預售屋、或土地及建物分件登記案件；,RPTNMLLLQHLGFEB48DA,73.65,0.0,8.53,有,
大甲區,房地(土地+建物)+車位,臺中市大甲區水美街５６號四樓之６,23.48,都市：其他:住宅區,,,1131129,土地1建物1車位1,四層,九層,華廈(10層含以下有電梯),住家用,鋼筋混凝土造,1150603,141.10000000000002,2,2,2,有,有,10200000,87169,坡道平面,39.0,1300000,預售屋、或土地及建物分件登記案件；,RPVNMLLLQHLGFEB68DA,61.73,0.0,5.69,有,
北屯區,房地(土地+建物),臺中市北屯區正道街５５號,149.76,都市：其他:第一種住宅區,,,1130914,土地1建物1車位0,全,四層,透天厝,住家用,鋼筋混凝土造,1150204,267.67,5,3,6,有,無,39080000,146001,,0.0,0,114/4/28二等親讓渡預售屋、或土地及建物分件登記案件；,RPWSMLNKQHLGFBB09DA,253.87,0.0,13.8,有,
太平區,房地(土地+建物)+車位,臺中市太平區新福路１１１６號十二樓之３,28.41,都市：其他:住宅區,,,1130914,土地2建物1車位1,十二層,十二層,住宅大樓(11層含以上有電梯),住家用,鋼筋混凝土造,1150629,168.7,3,2,2,有,有,21880000,142711,坡道平面,31.5,2300000,預售屋、或土地及建物分件登記案件；,RPTPMLRKQHLGFJB07DA,82.31,0.0,6.82,有,
北屯區,房地(土地+建物)+車位,臺中市北屯區榮德一路３５９號二樓之２,27.36,都市：其他:第一之一種住宅區,,,1130903,土地2建物1車位1,二層,七層,華廈(10層含以下有電梯),住家用,鋼筋混凝土造,1150428,103.00999999999999,2,2,2,有,無,16800000,186311,坡道平面,25.72,2400000,預售屋、或土地及建物分件登記案件；,RPOSNLOKQHLGFBB48DA,46.09,0.0,5.3,有,
北屯區,房地(土地+建物)+車位,臺中市北屯區興安路二段１００號十一樓之５,21.74,都市：其他:第二種住宅區,,,1130903,土地1建物1車位1,十一層,十四層,住宅大樓(11層含以上有電梯),住家用,鋼筋混凝土造,1150507,155.79,3,2,2,有,有,20230000,138906,坡道平面,24.19,1950000,預售屋、或土地及建物分件登記案件；,RPXOMLKLQHLGFBB58DA,78.47,0.0,9.05,有,
南屯區,房地(土地+建物)+車位,臺中市南屯區惠文路３１６號十一樓,30.76,都市：其他:第二種住宅區,,,1130825,土地1建物1車位2,十一層,十三層,住宅大樓(11層含以上有電梯),住家用,鋼筋混凝土造,1150605,204.86,3,2,2,有,有,36000000,232027,坡道平面,73.41,5500000,預售屋、或土地及建物分件登記案件；,RPQPMLNLOHLGFCB18DA,75.01,0.0,9.11,有,
太平區,房地(土地+建物)+車位,臺中市太平區新福路１１１６號三樓之５,26.71,都市：其他:住宅區,,,1130810,土地2建物1車位1,三層,十二層,住宅大樓(11層含以上有電梯),住家用,鋼筋混凝土造,1150629,144.07,3,2,2,有,有,17000000,124299,坡道機械,15.75,1050000,預售屋、或土地及建物分件登記案件；,RPXNMLRKQHLGFJB27DA,77.53,0.0,6.25,有,
南區,房地(土地+建物)+車位,臺中市南區永和街１２５巷１６弄８號八樓之５,20.75,都市：其他:第二種住宅區,,,1130804,土地1建物1車位1,八層,十層,華廈(10層含以下有電梯),住家用,鋼筋混凝土造,1150510,130.03,2,2,1,有,有,16330000,156236,坡道平面,38.95,2100000,預售屋、或土地及建物分件登記案件；,RPUPMLKMOHLGFAB18DA,54.39,0.0,3.32,有,
北屯區,房地(土地+建物)+車位,臺中市北屯區興安路二段１００號九樓之２,26.24,都市：其他:第二種住宅區,,,1130811,土地1建物1車位2,九層,十四層,住宅大樓(11層含以上有電梯),住家用,鋼筋混凝土造,1150507,208.98,4,2,2,有,有,26260000,138917,坡道平面,48.38,3950000,預售屋、或土地及建物分件登記案件；,RPUOMLKLQHLGFBB28DA,96.27,0.0,10.55,有,
神岡區,土地,林厝段91地號,99.4,都市：其他:第一之二種住宅區,,,1130816,土地4建物0車位0,,,其他,,,,0.0,0,0,0,無,無,10148153,102094,,0.0,0,,RPRNMLMJPHLGFDB97DA,0.0,0.0,0.0,無,0233
神岡區,土地,林厝段87地號,174.82,都市：其他:第一之二種住宅區,,,1130816,土地1建物0車位0,,,其他,,,,0.0,0,0,0,無,無,14850000,84945,,0.0,0,未登記建物；,RPUNMLMJPHLGFDB28DA,0.0,0.0,0.0,無,
神岡區,土地,林厝段120地號,1477.05,都市：其他:第一之二種住宅區,,,1130816,土地6建物0車位0,,,其他,,,,0.0,0,0,0,無,無,74150064,50201,,0.0,0,未登記建物；,RPQNMLTLPHLGFDB78DA,0.0,0.0,0.0,無,
沙鹿區,房地(土地+建物),臺中市沙鹿區星河路２０６之２０號,112.42,都市：其他:第四種住宅區,,,1130730,土地2建物1車位0,全,四層,透天厝,住家用,鋼筋混凝土造,1150120,238.63,4,3,4,有,有,28000000,117336,,0.0,0,預售屋、或土地及建物分件登記案件；,RPQNMLKLOHLGFFB97DA,234.47,0.0,4.16,無,
太平區,房地(土地+建物)+車位,臺中市太平區新福路１１１６號五樓之３,26.71,都市：其他:住宅區,,,1130710,土地2建物1車位1,五層,十二層,住宅大樓(11層含以上有電梯),住家用,鋼筋混凝土造,1150629,144.07,3,2,2,有,有,16900000,121181,坡道機械,15.75,1350000,預售屋、或土地及建物分件登記案件；,RPQOMLRKQHLGFJB66DA,77.53,0.0,6.25,有,
北屯區,房地(土地+建物)+車位,臺中市北屯區長富街１８８號二樓之１,25.82,都市：其他:第一之三種住宅區,,,1130706,土地1建物1車位1,二層,十層,華廈(10層含以下有電梯),住家用,鋼筋混凝土造,1150609,135.53,2,2,2,有,有,18080000,176804,坡道平面,45.43,2150000,預售屋、或土地及建物分件登記案件；,RPXQMLQJPHLGFBB09DA,54.06,0.0,3.56,有,
北屯區,房地(土地+建物)+車位,臺中市北屯區長富街１８８號二樓之５,25.41,都市：其他:第一之三種住宅區,,,1130719,土地1建物1車位1,二層,十層,華廈(10層含以下有電梯),住家用,鋼筋混凝土造,1150609,134.07999999999998,2,2,2,有,有,17600000,174281,坡道平面,45.43,2150000,預售屋、或土地及建物分件登記案件；,RPQRMLQJPHLGFBB48DA,52.75,0.0,3.95,有,
北屯區,房地(土地+建物)+車位,臺中市北屯區長富街１８８號三樓之５,25.41,都市：其他:第一之三種住宅區,,,1130715,土地1建物1車位1,三層,十層,華廈(10層含以下有電梯),住家用,鋼筋混凝土造,1150609,134.07999999999998,2,2,2,有,有,17550000,172589,坡道平面,45.43,2250000,預售屋、或土地及建物分件登記案件；,RPVRMLQJPHLGFBB98DA,52.75,0.0,3.95,有,
北屯區,房地(土地+建物)+車位,臺中市北屯區長富街１８８號四樓之１,25.82,都市：其他:第一之三種住宅區,,,1130707,土地1建物1車位1,四層,十層,華廈(10層含以下有電梯),住家用,鋼筋混凝土造,1150609,131.88,2,2,2,有,有,17330000,169589,坡道平面,41.78,2050000,115.05.19讓渡於新所有權人，讓渡總金額為1733萬元整 。預售屋、或土地及建物分件登記案件；,RPXRMLQJPHLGFBB56DA,54.06,0.0,3.56,有,
北屯區,房地(土地+建物)+車位,臺中市北屯區長富街１８８號四樓之５,25.41,都市：其他:第一之三種住宅區,,,1130713,土地1建物1車位1,四層,十層,華廈(10層含以下有電梯),住家用,鋼筋混凝土造,1150609,134.07999999999998,2,2,2,有,有,17580000,174055,坡道平面,45.43,2150000,預售屋、或土地及建物分件登記案件；,RPRUMLQJPHLGFBB88DA,52.75,0.0,3.95,有,
北屯區,房地(土地+建物)+車位,臺中市北屯區長富街１８８號五樓之６,23.1,都市：其他:第一之三種住宅區,,,1130712,土地1建物1車位1,五層,十層,華廈(10層含以下有電梯),住家用,鋼筋混凝土造,1150609,126.05,2,2,1,有,有,16180000,174646,坡道平面,45.43,2100000,115.06.30讓渡於新所有權人，讓渡總金額為1618萬元整 。預售屋、或土地及建物分件登記案件；,RPXVMLQJPHLGFBB96DA,47.39,0.0,4.17,有,
北屯區,房地(土地+建物)+車位,臺中市北屯區長富街１８８號二樓之３,24.8,都市：其他:第一之三種住宅區,,,1130706,土地1建物1車位1,二層,十層,華廈(10層含以下有電梯),住家用,鋼筋混凝土造,1150609,131.92000000000002,2,2,2,有,有,16830000,170887,坡道平面,45.43,2050000,預售屋、或土地及建物分件登記案件；,RPVQMLTJPHLGFBB56DA,51.49,0.0,3.84,有,
北屯區,房地(土地+建物)+車位,臺中市北屯區榮德一路３５９號六樓之５,27.37,都市：其他:第一之一種住宅區,,,1130730,土地2建物1車位1,六層,七層,華廈(10層含以下有電梯),住家用,鋼筋混凝土造,1150428,103.03,2,2,2,有,無,15700000,175915,坡道平面,25.72,2100000,預售屋、或土地及建物分件登記案件；,RPQQMLNKQHLGFBB28DA,46.1,0.0,5.3,有,
北屯區,房地(土地+建物)+車位,臺中市北屯區榮德一路３５９號三樓之２,27.36,都市：其他:第一之一種住宅區,,,1130721,土地2建物1車位1,三層,七層,華廈(10層含以下有電梯),住家用,鋼筋混凝土造,1150428,103.00999999999999,2,2,2,有,無,15500000,173373,坡道平面,25.72,2100000,預售屋、或土地及建物分件登記案件；,RPRSMLNKQHLGFBB58DA,46.09,0.0,5.3,有,
北屯區,房地(土地+建物)+車位,臺中市北屯區榮德一路３５９號三樓之１,27.37,都市：其他:第一之一種住宅區,,,1130730,土地2建物1車位1,三層,七層,華廈(10層含以下有電梯),住家用,鋼筋混凝土造,1150428,103.03,2,2,2,有,無,14900000,165567,坡道平面,25.72,2100000,於民國114年9月10日母子之間讓渡、買賣總價不變。預售屋、或土地及建物分件登記案件；,RPVSMLNKQHLGFBB98DA,46.1,0.0,5.3,有,
北屯區,房地(土地+建物)+車位,臺中市北屯區榮德一路３５９號七樓之５,27.38,都市：其他:第一之一種住宅區,,,1130707,土地2建物1車位1,七層,七層,華廈(10層含以下有電梯),住家用,鋼筋混凝土造,1150428,103.03999999999999,2,2,2,有,無,16000000,179772,坡道平面,25.72,2100000,預售屋、或土地及建物分件登記案件；,RPSSNLOKQHLGFBB88DA,46.1,0.0,5.3,有,
北屯區,房地(土地+建物)+車位,臺中市北屯區敦富路３３６號十四樓之２３,7.85,都市：其他:特定商業區,,,1130708,土地1建物1車位1,十四層,二十四層,住宅大樓(11層含以上有電梯),辦公用,鋼筋混凝土造,1150414,103.94999999999999,0,0,1,有,有,11600000,137966,坡道平面,34.73,2050000,預售屋、或土地及建物分件登記案件；,RPQRMLSKQHLGFBB88DA,39.39,0.0,2.66,有,
梧棲區,房地(土地+建物),臺中市梧棲區忠孝街１６６巷５號,113.0,都市：其他:第四種住宅區,,,1130628,土地1建物1車位0,全,四層,透天厝,住家用,鋼筋混凝土造,1150526,242.9,5,2,4,有,無,22000000,90572,,0.0,0,預售屋、或土地及建物分件登記案件；,RPSNMLLLQHLGFFB48DA,219.65,0.0,23.25,無,
太平區,房地(土地+建物)+車位,臺中市太平區新福路１１１６號四樓之１,26.8,都市：其他:住宅區,,,1130618,土地2建物1車位1,四層,十二層,住宅大樓(11層含以上有電梯),住家用,鋼筋混凝土造,1150629,144.53,3,2,2,有,有,16260000,115779,坡道機械,15.75,1350000,預售屋、或土地及建物分件登記案件；,RPOOMLRKQHLGFJB09DA,77.71,0.0,6.37,有,
北屯區,房地(土地+建物)+車位,臺中市北屯區長富街１８８號三樓之３,24.8,都市：其他:第一之三種住宅區,,,1130626,土地1建物1車位1,三層,十層,華廈(10層含以下有電梯),住家用,鋼筋混凝土造,1150609,131.92000000000002,2,2,2,有,有,17380000,176090,坡道平面,45.43,2150000,預售屋、或土地及建物分件登記案件；,RPURMLQJPHLGFBB88DA,51.49,0.0,3.84,有,
北屯區,房地(土地+建物)+車位,臺中市北屯區長富街１８８號三樓之６,23.1,都市：其他:第一之三種住宅區,,,1130626,土地1建物1車位1,三層,十層,華廈(10層含以下有電梯),住家用,鋼筋混凝土造,1150609,122.39,2,2,1,有,有,16580000,181491,坡道平面,41.78,1950000,預售屋、或土地及建物分件登記案件；,RPWRMLQJPHLGFBB09DA,47.39,0.0,4.17,有,
北屯區,房地(土地+建物)+車位,臺中市北屯區長富街１８８號四樓之６,23.1,都市：其他:第一之三種住宅區,,,1130630,土地1建物1車位1,四層,十層,華廈(10層含以下有電梯),住家用,鋼筋混凝土造,1150609,126.05,2,2,1,有,有,15850000,171794,坡道平面,45.43,2000000,預售屋、或土地及建物分件登記案件；,RPTUMLQJPHLGFBB09DA,47.39,0.0,4.17,有,
北屯區,房地(土地+建物)+車位,臺中市北屯區榮德一路３５９號三樓之５,27.37,都市：其他:第一之一種住宅區,,,1130630,土地2建物1車位1,三層,七層,華廈(10層含以下有電梯),住家用,鋼筋混凝土造,1150428,103.03,2,2,2,有,無,14850000,164920,坡道平面,25.72,2100000,預售屋、或土地及建物分件登記案件；,RPRSNLOKQHLGFBB78DA,46.1,0.0,5.3,有,
北屯區,房地(土地+建物)+車位,臺中市北屯區興安路二段９８號十五樓之１,20.99,都市：其他:第二種住宅區,,,1130623,土地1建物1車位1,十五層,十五層,住宅大樓(11層含以上有電梯),住家用,鋼筋混凝土造,1150507,151.13,3,2,2,有,有,18630000,130560,坡道平面,22.99,1900000,預售屋、或土地及建物分件登記案件；,RPOPMLKLQHLGFBB77DA,77.61,0.0,7.65,有,
太平區,房地(土地+建物)+車位,臺中市太平區樹德五街１７號二樓之５,30.71,都市：其他:住宅區,,,1130622,土地1建物1車位1,二層,十五層,住宅大樓(11層含以上有電梯),住家用,鋼筋混凝土造,1150512,173.2,3,2,2,有,有,16400000,110446,坡道平面,39.65,1650000,預售屋、或土地及建物分件登記案件；,RPVNMLLKQHLGFJB09DA,75.77,0.0,11.24,有,
南屯區,房地(土地+建物)+車位,臺中市南屯區建功路７１號十六樓之５,22.28,都市：其他:第五種住宅區,,,1130630,土地1建物1車位2,十六層,二十三層,住宅大樓(11層含以上有電梯),住家用,鋼筋混凝土造,1141226,248.48,4,2,3,有,有,29750000,131753,坡道平面,52.28,3900000,預售屋、或土地及建物分件登記案件；,RPXNMLNKQHLGFCB78DA,116.79,0.0,10.59,有,
南屯區,房地(土地+建物)+車位,臺中市南屯區惠文路３０８號四樓,21.14,都市：其他:第二種住宅區,,,1130504,土地1建物1車位1,四層,十三層,住宅大樓(11層含以上有電梯),住家用,鋼筋混凝土造,1150605,125.4,2,2,2,有,有,20500000,197055,坡道平面,35.07,2700000,預售屋、或土地及建物分件登記案件；,RPUPMLPLOHLGFCB78DA,52.31,0.0,5.46,有,
沙鹿區,房地(土地+建物)+車位,臺中市沙鹿區平等六街８９號七樓之７,25.58,都市：其他:第二種住宅區,,,1130503,土地1建物1車位1,七層,七層,華廈(10層含以下有電梯),住家用,鋼筋混凝土造,1150423,111.44,2,1,1,有,無,12380000,133427,坡道平面,33.27,1950000,含裝潢費1000000元；預售屋、或土地及建物分件登記案件；,RPXNMLSJNHLGFFB56DA,47.35,0.0,3.97,有,
北屯區,房地(土地+建物),臺中市北屯區平德路１８９號三樓之１,24.88,都市：其他:第二種住宅區,,,1130520,土地1建物1車位0,三層,五層,華廈(10層含以下有電梯),住家用,鋼筋混凝土造,1150327,89.57,3,0,3,有,有,14000000,156302,,0.0,0,預售屋、或土地及建物分件登記案件；,RPUNMLNJPHLGFBB18DA,54.62,0.0,4.98,有,
北屯區,房地(土地+建物)+車位,臺中市北屯區昌平東八路１５號二樓之１,40.62,都市：其他:第一之一種住宅區,,,1130518,土地1建物1車位1,二層,十四層,住宅大樓(11層含以上有電梯),住家用,鋼筋混凝土造,1150606,175.69,3,2,2,有,有,28380000,176976,坡道平面,27.76,2200000,預售屋、或土地及建物分件登記案件；,RPRPMLLKQHLGFBB08DA,86.64,0.0,11.71,有,
烏日區,房地(土地+建物)+車位,臺中市烏日區日新街５６巷３號十樓之３,29.73,都市：其他:第三種住宅區。,,,1130505,土地1建物1車位1,十層,十一層,住宅大樓(11層含以上有電梯),住家用,鋼筋混凝土造,1150513,150.18,3,2,2,有,有,18050000,129714,坡道平面,25.29,1850000,預售屋、或土地及建物分件登記案件；,RPUSMLOJPHLGFIB86DA,73.8,0.0,7.58,有,
太平區,房地(土地+建物)+車位,臺中市太平區新福路１１１６號八樓之２,26.71,都市：其他:住宅區,,,1130528,土地2建物1車位1,八層,十二層,住宅大樓(11層含以上有電梯),住家用,鋼筋混凝土造,1150629,159.82,3,2,2,有,有,18080000,123753,坡道平面,31.5,2200000,預售屋、或土地及建物分件登記案件；,RPXOMLRKQHLGFJB37DA,77.53,0.0,6.25,有,
西屯區,房地(土地+建物)+車位,臺中市西屯區漢翔路２１１號三樓之１,21.68,都市：其他:第二種住宅區,,,1130503,土地1建物1車位1,三層,十五層,住宅大樓(11層含以上有電梯),住家用,鋼筋混凝土造,1150514,152.01999999999998,3,2,2,有,有,26300000,201101,坡道平面,32.18,2200000,預售屋、或土地及建物分件登記案件；,RPWNMLQLPHLGFCB98DA,70.93,0.0,8.32,有,
西屯區,房地(土地+建物)+車位,臺中市西屯區漢翔路２１１號十三樓之７,21.51,都市：其他:第二種住宅區,,,1130528,土地1建物1車位1,十三層,十五層,住宅大樓(11層含以上有電梯),住家用,鋼筋混凝土造,1150514,151.05,3,2,2,有,有,28200000,217044,坡道平面,32.18,2400000,預售屋、或土地及建物分件登記案件；,RPQNMLMKQHLGFCB97DA,70.29,0.0,8.33,有,
北屯區,房地(土地+建物)+車位,臺中市北屯區興安路二段９８號四樓之２,21.37,都市：其他:第二種住宅區,,,1130511,土地1建物1車位1,四層,十五層,住宅大樓(11層含以上有電梯),住家用,鋼筋混凝土造,1150507,154.25,3,2,2,有,有,17550000,120714,坡道平面,24.19,1850000,預售屋、或土地及建物分件登記案件；,RPWQMLKKOHLGFBB38DA,77.41,0.0,9.05,有,
北屯區,房地(土地+建物)+車位,臺中市北屯區興安路二段９８號四樓之３,21.37,都市：其他:第二種住宅區,,,1130511,土地1建物1車位1,四層,十五層,住宅大樓(11層含以上有電梯),住家用,鋼筋混凝土造,1150507,148.77,3,2,2,有,有,16670000,120666,坡道機械,17.25,800000,預售屋、或土地及建物分件登記案件；,RPSRMLKKOHLGFBB08DA,78.4,0.0,9.05,有,
南屯區,房地(土地+建物)+車位,臺中市南屯區建功路７１號六樓之８,13.83,都市：其他:第五種住宅區,,,1130519,土地1建物1車位1,六層,二十三層,住宅大樓(11層含以上有電梯),住家用,鋼筋混凝土造,1141226,153.11,3,2,2,有,有,17730000,126250,坡道平面,26.14,1700000,預售屋、或土地及建物分件登記案件；,RPOOMLNKQHLGFCB97DA,74.57,0.0,7.8,有,
太平區,房地(土地+建物)+車位,臺中市太平區育才路１７１號八樓之１,26.58,都市：其他:住宅區,,,1130528,土地1建物1車位1,八層,十五層,住宅大樓(11層含以上有電梯),住家用,鋼筋混凝土造,1150113,155.19,3,2,2,有,有,16560000,115076,坡道平面,28.23,1950000,預售屋、或土地及建物分件登記案件；,RPXNMLQJQHLGFJB07DA,76.02,0.0,9.29,有,
南屯區,房地(土地+建物)+車位,臺中市南屯區惠文路３１０號四樓,21.96,都市：其他:第二種住宅區,,,1130406,土地1建物1車位1,四層,十三層,住宅大樓(11層含以上有電梯),住家用,鋼筋混凝土造,1150605,128.97,2,2,2,有,有,20930000,193078,坡道平面,35.07,2800000,預售屋、或土地及建物分件登記案件；,RPXQMLMLOHLGFCB88DA,54.62,0.0,5.46,有,
沙鹿區,房地(土地+建物)+車位,臺中市沙鹿區平等六街８９號,29.01,都市：其他:第二種住宅區,,,1130424,土地1建物1車位1,一層,七層,華廈(10層含以下有電梯),住家用,鋼筋混凝土造,1150423,122.87,2,1,2,有,無,13200000,126674,坡道平面,33.27,1850000,預售屋、或土地及建物分件登記案件；,RPWNMLOJNHLGFFB68DA,58.85,0.0,0.0,有,
北屯區,房地(土地+建物),臺中市北屯區平德路１８９號五樓之１,24.88,都市：其他:第二種住宅區,,,1130411,土地1建物1車位0,五層,五層,華廈(10層含以下有電梯),住家用,鋼筋混凝土造,1150327,89.57,3,0,3,有,有,15150000,169141,,0.0,0,預售屋、或土地及建物分件登記案件；,RPOOMLNJPHLGFBB67DA,54.62,0.0,4.98,有,
北屯區,房地(土地+建物),臺中市北屯區平德路１８９號五樓之２,24.03,都市：其他:第二種住宅區,,,1130411,土地1建物1車位0,五層,五層,華廈(10層含以下有電梯),住家用,鋼筋混凝土造,1150327,86.49,3,0,3,有,有,14650000,169384,,0.0,0,預售屋、或土地及建物分件登記案件；,RPPOMLNJPHLGFBB77DA,51.58,0.0,5.97,有,
北屯區,房地(土地+建物)+車位,臺中市北屯區敦富路８１８號十二樓之３,21.83,都市：其他:第二之一種住宅區,,,1130420,土地1建物1車位1,十二層,十五層,住宅大樓(11層含以上有電梯),住家用,鋼筋混凝土造,1150613,173.81,3,2,2,有,有,22390000,146364,坡道平面,34.5,2000000,預售屋、或土地及建物分件登記案件；,RPUSMLLLPHLGFBB68DA,81.34,0.0,10.4,有,
西屯區,房地(土地+建物)+車位,臺中市西屯區漢翔路２１１號二樓之１,21.68,都市：其他:第二種住宅區,,,1130415,土地1建物1車位1,二層,十五層,住宅大樓(11層含以上有電梯),住家用,鋼筋混凝土造,1150514,152.01999999999998,3,2,2,有,有,26600000,200267,坡道平面,32.18,2600000,預售屋、或土地及建物分件登記案件；,RPRNMLQLPHLGFCB48DA,70.93,0.0,8.32,有,
西屯區,房地(土地+建物)+車位,臺中市西屯區漢翔路２１１號三樓之７,21.51,都市：其他:第二種住宅區,,,1130419,土地1建物1車位1,三層,十五層,住宅大樓(11層含以上有電梯),住家用,鋼筋混凝土造,1150514,151.05,3,2,2,有,有,25180000,192479,坡道平面,32.18,2300000,預售屋、或土地及建物分件登記案件；,RPSOMLQLPHLGFCB68DA,70.29,0.0,8.33,有,
神岡區,房地(土地+建物)+車位,臺中市神岡區豐社路１９６號二樓之２,35.01,都市：其他:第一之一種住宅區,,,1130412,土地1建物1車位2,二層,十四層,住宅大樓(11層含以上有電梯),住家用,鋼筋混凝土造,1150402,187.64,4,2,2,有,有,18500000,107554,坡道平面,48.64,3550000,預售屋、或土地及建物分件登記案件；,RPOOMLMKQHLGFDB97DA,85.24,0.0,6.73,有,
烏日區,房地(土地+建物)+車位,臺中市烏日區日新街５６巷１號二樓之３,29.99,都市：其他:第三種住宅區。,,,1130419,土地1建物1車位1,二層,十一層,住宅大樓(11層含以上有電梯),住家用,鋼筋混凝土造,1150513,151.3,3,2,2,有,有,16560000,116737,坡道平面,25.29,1850000,預售屋、或土地及建物分件登記案件；,RPOPMLOJPHLGFIB58DA,74.98,0.0,7.13,有,
太平區,房地(土地+建物)+車位,臺中市太平區新福路１１１６號二樓之５,26.71,都市：其他:住宅區,,,1130420,土地2建物1車位2,二層,十二層,住宅大樓(11層含以上有電梯),住家用,鋼筋混凝土造,1150629,159.82,3,2,2,有,有,16980000,115960,坡道機械,31.5,2100000,預售屋、或土地及建物分件登記案件；,RPWNMLRKQHLGFJB17DA,77.53,0.0,6.25,有,
太平區,房地(土地+建物)+車位,臺中市太平區新福路１１１６號五樓之２,26.71,都市：其他:住宅區,,,1130421,土地2建物1車位1,五層,十二層,住宅大樓(11層含以上有電梯),住家用,鋼筋混凝土造,1150629,144.07,3,2,2,有,有,16350000,116895,坡道機械,15.75,1350000,預售屋、或土地及建物分件登記案件；,RPPOMLRKQHLGFJB56DA,77.53,0.0,6.25,有,
太平區,房地(土地+建物)+車位,臺中市太平區新福路１１１６號九樓之５,26.71,都市：其他:住宅區,,,1130429,土地2建物1車位1,九層,十二層,住宅大樓(11層含以上有電梯),住家用,鋼筋混凝土造,1150629,159.82,3,2,2,有,有,18550000,127416,坡道平面,31.5,2200000,預售屋、或土地及建物分件登記案件；,RPPPMLRKQHLGFJB66DA,77.53,0.0,6.25,有,
太平區,房地(土地+建物)+車位,臺中市太平區新福路１１１６號十樓之６,28.11,都市：其他:住宅區,,,1130426,土地2建物1車位1,十層,十二層,住宅大樓(11層含以上有電梯),住家用,鋼筋混凝土造,1150629,167.29,3,2,2,有,有,19380000,125782,坡道平面,31.5,2300000,預售屋、或土地及建物分件登記案件；,RPQPMLRKQHLGFJB76DA,81.96,0.0,6.23,有,
南區,房地(土地+建物)+車位,臺中市南區永和街１２５巷１６弄８號七樓之５,18.02,都市：其他:第二種住宅區,,,1130423,土地1建物1車位1,七層,十層,華廈(10層含以下有電梯),住家用,鋼筋混凝土造,1150510,118.04,2,2,1,有,有,13590000,146542,坡道平面,38.95,2000000,於115.04.30  讓渡   關係：配偶   金額：平移預售屋、或土地及建物分件登記案件；,RPUNMLLJPHLGFAB87DA,47.75,0.0,2.36,有,
北屯區,房地(土地+建物)+車位,臺中市北屯區興安路二段１００號九樓之３,21.74,都市：其他:第二種住宅區,,,1130427,土地1建物1車位1,九層,十四層,住宅大樓(11層含以上有電梯),住家用,鋼筋混凝土造,1150507,155.85,3,2,2,有,有,17710000,120082,坡道平面,24.19,1900000,親友、員工、共有人或其他特殊關係間之交易；預售屋、或土地及建物分件登記案件；,RPWPMLKKOHLGFBB28DA,78.53,0.0,9.05,有,
北屯區,房地(土地+建物)+車位,臺中市北屯區興安路二段９６號十四樓之２,21.37,都市：其他:第二種住宅區,,,1130427,土地1建物1車位1,十四層,十五層,住宅大樓(11層含以上有電梯),住家用,鋼筋混凝土造,1150507,154.01999999999998,3,2,2,有,有,18040000,123931,坡道平面,24.19,1950000,預售屋、或土地及建物分件登記案件；,RPQTMLKKOHLGFBB08DA,77.41,0.0,8.94,有,
北屯區,房地(土地+建物)+車位,臺中市北屯區興安路二段９８號十二樓之３,21.37,都市：其他:第二種住宅區,,,1130422,土地1建物1車位1,十二層,十五層,住宅大樓(11層含以上有電梯),住家用,鋼筋混凝土造,1150507,155.72,3,2,2,有,有,18150000,122406,坡道平面,24.19,2050000,預售屋、或土地及建物分件登記案件；,RPPPMLKLQHLGFBB87DA,78.4,0.0,9.05,有,
太平區,房地(土地+建物)+車位,臺中市太平區樹德五街１７號二樓之３,30.71,都市：其他:住宅區,,,1130401,土地1建物1車位1,二層,十五層,住宅大樓(11層含以上有電梯),住家用,鋼筋混凝土造,1150512,173.2,3,2,2,有,有,16410000,110520,坡道平面,39.65,1650000,預售屋、或土地及建物分件登記案件；,RPUNMLLKQHLGFJB98DA,75.77,0.0,11.24,有,
沙鹿區,房地(土地+建物)+車位,臺中市沙鹿區平等六街８７號之２,23.11,都市：其他:第二種住宅區,,,1130315,土地1建物1車位1,一層,七層,華廈(10層含以下有電梯),住家用,鋼筋混凝土造,1150423,104.55,2,1,1,有,無,11150000,129068,坡道平面,33.27,1950000,預售屋、或土地及建物分件登記案件；,RPUNMLOJNHLGFFB48DA,46.79,0.0,0.0,有,
沙鹿區,房地(土地+建物)+車位,臺中市沙鹿區平等六街８９號之１,29.01,都市：其他:第二種住宅區,,,1130322,土地1建物1車位1,一層,七層,華廈(10層含以下有電梯),住家用,鋼筋混凝土造,1150423,122.87,2,1,2,有,無,13630000,132589,坡道平面,33.27,1750000,預售屋、或土地及建物分件登記案件；,RPXNMLOJNHLGFFB78DA,58.85,0.0,0.0,有,
沙鹿區,房地(土地+建物)+車位,臺中市沙鹿區平等六街８７號,35.57,都市：其他:第二種住宅區,,,1130301,土地1建物1車位1,一層,七層,華廈(10層含以下有電梯),住家用,鋼筋混凝土造,1150423,143.14999999999998,3,1,2,有,無,14400000,115126,坡道平面,33.27,1750000,預售屋、或土地及建物分件登記案件；,RPOOMLPJNHLGFFB08DA,71.44,0.0,0.69,有,
沙鹿區,房地(土地+建物)+車位,臺中市沙鹿區平等六街８９號五樓之７,25.58,都市：其他:第二種住宅區,,,1130318,土地1建物1車位1,五層,七層,華廈(10層含以下有電梯),住家用,鋼筋混凝土造,1150423,111.44,2,1,1,有,無,11200000,118332,坡道平面,33.27,1950000,預售屋、或土地及建物分件登記案件；,RPTNMLMKQHLGFFB58DA,47.35,0.0,3.97,有,
北屯區,房地(土地+建物),臺中市北屯區平德路１８９號二樓之２,24.03,都市：其他:第二種住宅區,,,1130331,土地1建物1車位0,二層,五層,華廈(10層含以下有電梯),住家用,鋼筋混凝土造,1150327,86.49,3,0,3,有,有,13580000,157012,,0.0,0,預售屋、或土地及建物分件登記案件；,RPTNMLNJPHLGFBB08DA,51.58,0.0,5.97,有,
北屯區,房地(土地+建物),臺中市北屯區平德路１８９號三樓之２,24.03,都市：其他:第二種住宅區,,,1130323,土地1建物1車位0,三層,五層,華廈(10層含以下有電梯),住家用,鋼筋混凝土造,1150327,86.49,3,0,3,有,有,13780000,159325,,0.0,0,預售屋、或土地及建物分件登記案件；,RPWNMLNJPHLGFBB38DA,51.58,0.0,5.97,有,
北屯區,房地(土地+建物),臺中市北屯區平德路１８９號四樓之２,24.03,都市：其他:第二種住宅區,,,1130331,土地1建物1車位0,四層,五層,華廈(10層含以下有電梯),住家用,鋼筋混凝土造,1150327,86.49,3,0,3,有,有,13950000,161290,,0.0,0,預售屋、或土地及建物分件登記案件；,RPXNMLNJPHLGFBB48DA,51.58,0.0,5.97,有,
北屯區,房地(土地+建物)+車位,臺中市北屯區敦富路８１８號十四樓之５,21.27,都市：其他:第二之一種住宅區,,,1130315,土地1建物1車位1,十四層,十五層,住宅大樓(11層含以上有電梯),住家用,鋼筋混凝土造,1150613,170.25,3,2,2,有,有,22600000,151750,坡道平面,34.5,2000000,預售屋、或土地及建物分件登記案件；,RPQUMLLLPHLGFBB48DA,78.11,0.0,11.25,有,
神岡區,房地(土地+建物)+車位,臺中市神岡區豐社路１９６號八樓之１,34.75,都市：其他:第一之一種住宅區,,,1130313,土地1建物1車位2,八層,十四層,住宅大樓(11層含以上有電梯),住家用,鋼筋混凝土造,1150402,187.57999999999998,4,2,2,有,有,17250000,98964,坡道平面,48.64,3500000,預售屋、或土地及建物分件登記案件；,RPXNMLMKQHLGFDB78DA,85.54,0.0,6.37,有,
烏日區,房地(土地+建物)+車位,臺中市烏日區日新街５６巷１號十一樓之５,29.99,都市：其他:第三種住宅區。,,,1130331,土地1建物1車位1,十一層,十一層,住宅大樓(11層含以上有電梯),住家用,鋼筋混凝土造,1150513,151.3,3,2,2,有,有,17000000,121022,坡道平面,25.29,1750000,預售屋、或土地及建物分件登記案件；,RPQPMLOLPHLGFIB98DA,74.98,0.0,7.13,有,
南區,房地(土地+建物)+車位,臺中市南區永和街１２５巷１６弄８號四樓之３,21.8,都市：其他:第二種住宅區,,,1130322,土地1建物1車位1,四層,十層,華廈(10層含以下有電梯),住家用,鋼筋混凝土造,1150510,134.67,2,2,1,有,有,14900000,134768,坡道平面,38.95,2000000,預售屋、或土地及建物分件登記案件；,RPRNMLKMOHLGFAB67DA,56.74,0.0,3.91,有,
南區,房地(土地+建物)+車位,臺中市南區永和街１２５巷１６弄８號二樓之３,23.76,都市：其他:第二種住宅區,,,1130328,土地1建物1車位1,二層,十層,華廈(10層含以下有電梯),住家用,鋼筋混凝土造,1150510,143.23000000000002,2,2,1,有,有,15880000,133103,坡道平面,38.95,2000000,本戶價格含約定專用露臺預售屋、或土地及建物分件登記案件；,RPVNMLLKQHLGFAB18DA,56.74,0.0,9.34,有,
西屯區,房地(土地+建物),臺中市西屯區中清路二段１２５０巷３５號五樓之２,13.64,都市：其他:第二種住宅區,,,1130305,土地4建物1車位0,五層,六層,華廈(10層含以下有電梯),住家用,鋼筋混凝土造,1150512,56.86,1,1,1,有,有,10550000,185543,,0.0,0,預售屋、或土地及建物分件登記案件；,RPRSMLTKQHLGFCB66DA,31.63,0.0,2.5,有,
西屯區,房地(土地+建物)+車位,臺中市西屯區臺灣大道三段１１２號十四樓之５,20.99,都市：其他:第五種住宅區,,,1130310,土地2建物1車位1,十四層,十九層,住宅大樓(11層含以上有電梯),住家用,鋼筋混凝土造,1150625,150.05,3,2,2,有,有,25680000,198527,坡道平面,33.29,2500000,預售屋、或土地及建物分件登記案件；,RPUOMLTKQHLGFCB56DA,68.56,0.0,6.76,有,
西屯區,房地(土地+建物)+車位,臺中市西屯區臺灣大道三段１２２號四樓之１,15.13,都市：其他:第五種住宅區,,,1130317,土地2建物1車位1,四層,十九層,住宅大樓(11層含以上有電梯),住家用,鋼筋混凝土造,1150625,117.29,2,2,2,有,有,19800000,202381,坡道平面,33.29,2800000,預售屋、或土地及建物分件登記案件；,RPOPMLTKQHLGFCB68DA,49.17,0.0,5.03,有,
北屯區,房地(土地+建物)+車位,臺中市北屯區敦富路８１８號四樓之７,22.83,都市：其他:第二之一種住宅區,,,1130229,土地1建物1車位1,四層,十五層,住宅大樓(11層含以上有電梯),住家用,鋼筋混凝土造,1150613,180.19,3,2,2,有,有,23990000,150251,坡道平面,34.5,2100000,預售屋、或土地及建物分件登記案件；,RPSNMLNLPHLGFBB18DA,85.24,0.0,10.7,有,
西屯區,房地(土地+建物)+車位,臺中市西屯區漢翔路２１１號十一樓之７,21.51,都市：其他:第二種住宅區,,,1130202,土地1建物1車位1,十一層,十五層,住宅大樓(11層含以上有電梯),住家用,鋼筋混凝土造,1150514,151.05,3,2,2,有,有,26280000,202574,坡道平面,32.18,2200000,預售屋、或土地及建物分件登記案件；,RPWSMLPJQHLGFCB66DA,70.29,0.0,8.33,有,
太平區,房地(土地+建物)+車位,臺中市太平區新福路１１１６號二樓之１,26.8,都市：其他:住宅區,,,1130220,土地2建物1車位2,二層,十二層,住宅大樓(11層含以上有電梯),住家用,鋼筋混凝土造,1150629,160.28,3,2,2,有,有,16800000,111819,坡道機械,31.5,2400000,預售屋、或土地及建物分件登記案件；,RPVNMLRKQHLGFJB07DA,77.71,0.0,6.37,有,
太平區,房地(土地+建物)+車位,臺中市太平區新福路１１１６號八樓之５,26.71,都市：其他:住宅區,,,1130217,土地2建物1車位1,八層,十二層,住宅大樓(11層含以上有電梯),住家用,鋼筋混凝土造,1150629,159.82,3,2,2,有,有,18200000,123909,坡道平面,31.5,2300000,預售屋、或土地及建物分件登記案件；,RPOPMLRKQHLGFJB56DA,77.53,0.0,6.25,有,
南區,房地(土地+建物)+車位,臺中市南區永和街１２５巷１６弄８號五樓之３,21.8,都市：其他:第二種住宅區,,,1130206,土地1建物1車位1,五層,十層,華廈(10層含以下有電梯),住家用,鋼筋混凝土造,1150510,134.67,2,2,1,有,有,14470000,131321,坡道平面,38.95,1900000,預售屋、或土地及建物分件登記案件；,RPXNMLKMOHLGFAB28DA,56.74,0.0,3.91,有,
南區,房地(土地+建物)+車位,臺中市南區永和街１２５巷１６弄８號五樓之５,18.02,都市：其他:第二種住宅區,,,1130207,土地1建物1車位1,五層,十層,華廈(10層含以下有電梯),住家用,鋼筋混凝土造,1150510,118.04,2,2,1,有,有,12290000,131369,坡道平面,38.95,1900000,預售屋、或土地及建物分件登記案件；,RPOOMLKMOHLGFAB47DA,47.75,0.0,2.36,有,
南區,房地(土地+建物)+車位,臺中市南區永和街１２５巷１６弄８號二樓之６,20.75,都市：其他:第二種住宅區,,,1130205,土地1建物1車位1,二層,十層,華廈(10層含以下有電梯),住家用,鋼筋混凝土造,1150510,130.03,2,2,1,有,有,13640000,128898,坡道平面,38.95,1900000,1、本戶價格包含約定專用露臺2、於115.05.07  讓渡   關係：配偶   金額：平移預售屋、或土地及建物分件登記案件；,RPPOMLLKQHLGFAB67DA,54.39,0.0,3.32,有,
西屯區,房地(土地+建物),臺中市西屯區中清路二段１２５０巷３５號四樓之２,13.99,都市：其他:第二種住宅區,,,1130222,土地4建物1車位0,四層,六層,華廈(10層含以下有電梯),住家用,鋼筋混凝土造,1150512,58.43,1,1,1,有,有,10500000,179702,,0.0,0,毛胚屋；預售屋、或土地及建物分件登記案件；,RPOSMLTKQHLGFCB98DA,31.92,0.0,3.15,有,
后里區,房地(土地+建物)+車位,臺中市后里區民生路１００號十一樓之２,27.44,都市：其他:住宅區,,,1130201,土地1建物1車位1,十一層,十三層,住宅大樓(11層含以上有電梯),住家用,鋼筋混凝土造,1150510,153.0,3,2,2,有,有,16000000,112531,坡道平面,25.48,1650000,預售屋、或土地及建物分件登記案件；,RPSNMLTKQHLGFDB98DA,75.9,0.0,8.32,有,
西屯區,房地(土地+建物)+車位,臺中市西屯區臺灣大道三段１１２號九樓之３,25.74,都市：其他:第五種住宅區,,,1130205,土地2建物1車位2,九層,十九層,住宅大樓(11層含以上有電梯),住家用,鋼筋混凝土造,1150625,209.73000000000002,3,2,2,有,有,33830000,204191,坡道平面,66.58,4600000,預售屋、或土地及建物分件登記案件；,RPVOMLTKQHLGFCB66DA,82.44,0.0,9.95,有,
北屯區,房地(土地+建物)+車位,臺中市北屯區昌平東八路１３號十樓之２,45.61,都市：其他:第一之一種住宅區,,,1130225,土地1建物1車位2,十層,十四層,住宅大樓(11層含以上有電梯),住家用,鋼筋混凝土造,1150606,221.6,4,2,2,有,有,33600000,178227,坡道平面,55.52,4000000,預售屋、或土地及建物分件登記案件；,RPQPMLOLOHLGFBB18DA,100.87,0.0,9.54,有,
南屯區,房地(土地+建物)+車位,臺中市南屯區惠文路３１８號三樓,21.14,都市：其他:第二種住宅區,,,1130120,土地1建物1車位1,三層,十三層,住宅大樓(11層含以上有電梯),住家用,鋼筋混凝土造,1150605,125.4,2,2,2,有,有,19930000,190745,坡道平面,35.07,2700000,預售屋、或土地及建物分件登記案件；,RPPRMLNLOHLGFCB28DA,52.31,0.0,5.46,有,
沙鹿區,房地(土地+建物)+車位,臺中市沙鹿區平等六街８７號之６,35.57,都市：其他:第二種住宅區,,,1130122,土地1建物1車位1,一層,七層,華廈(10層含以下有電梯),住家用,鋼筋混凝土造,1150423,143.14999999999998,3,1,2,有,無,14200000,111485,坡道平面,33.27,1950000,預售屋、或土地及建物分件登記案件；,RPVNMLOJNHLGFFB58DA,71.44,0.0,0.69,有,
北屯區,房地(土地+建物)+車位,臺中市北屯區昌平東八路１３號五樓之１,46.64,都市：其他:第一之一種住宅區,,,1130108,土地1建物1車位2,五層,十四層,住宅大樓(11層含以上有電梯),住家用,鋼筋混凝土造,1150606,225.44,4,2,2,有,有,32110000,163960,坡道平面,55.52,4250000,預售屋、或土地及建物分件登記案件；,RPTPMLLKQHLGFBB28DA,100.87,0.0,12.09,有,
西屯區,房地(土地+建物)+車位,臺中市西屯區漢翔路２１１號六樓之１,21.68,都市：其他:第二種住宅區,,,1130115,土地1建物1車位1,六層,十五層,住宅大樓(11層含以上有電梯),住家用,鋼筋混凝土造,1150514,152.01999999999998,3,2,2,有,有,26600000,203605,坡道平面,32.18,2200000,預售屋、或土地及建物分件登記案件；,RPXSMLPJQHLGFCB76DA,70.93,0.0,8.32,有,
西屯區,房地(土地+建物)+車位,臺中市西屯區漢翔路２１１號十二樓之７,21.51,都市：其他:第二種住宅區,,,1130118,土地1建物1車位1,十二層,十五層,住宅大樓(11層含以上有電梯),住家用,鋼筋混凝土造,1150514,151.05,3,2,2,有,有,26400000,203584,坡道平面,32.18,2200000,預售屋、或土地及建物分件登記案件；,RPUVMLKKQHLGFCB98DA,70.29,0.0,8.33,有,
烏日區,房地(土地+建物)+車位,臺中市烏日區日新街５６巷１號三樓之１,32.86,都市：其他:第三種住宅區。,,,1130103,土地1建物1車位1,三層,十一層,住宅大樓(11層含以上有電梯),住家用,鋼筋混凝土造,1150513,162.66,3,2,2,有,有,16860000,110359,坡道平面,25.29,1700000,預售屋、或土地及建物分件登記案件；,RPRNMLOJPHLGFIB68DA,81.97,0.0,7.52,有,
太平區,房地(土地+建物)+車位,臺中市太平區新福路１１１６號六樓之１,26.8,都市：其他:住宅區,,,1130122,土地2建物1車位2,六層,十二層,住宅大樓(11層含以上有電梯),住家用,鋼筋混凝土造,1150629,160.28,3,2,2,有,有,17600000,118031,坡道機械,31.5,2400000,預售屋、或土地及建物分件登記案件；,RPTOMLRKQHLGFJB96DA,77.71,0.0,6.37,有,
太平區,房地(土地+建物)+車位,臺中市太平區新福路１１１６號六樓之５,26.71,都市：其他:住宅區,,,1130127,土地2建物1車位2,六層,十二層,住宅大樓(11層含以上有電梯),住家用,鋼筋混凝土造,1150629,159.82,3,2,2,有,有,17350000,116506,坡道機械,31.5,2400000,預售屋、或土地及建物分件登記案件；,RPVOMLRKQHLGFJB17DA,77.53,0.0,6.25,有,
太平區,房地(土地+建物)+車位,臺中市太平區新福路１１１６號七樓之５,26.71,都市：其他:住宅區,,,1130113,土地2建物1車位1,七層,十二層,住宅大樓(11層含以上有電梯),住家用,鋼筋混凝土造,1150629,159.82,3,2,2,有,有,18000000,122350,坡道平面,31.5,2300000,預售屋、或土地及建物分件登記案件；,RPWOMLRKQHLGFJB27DA,77.53,0.0,6.25,有,
太平區,房地(土地+建物)+車位,臺中市太平區新福路１１１６號十二樓之１,26.42,都市：其他:住宅區,,,1130122,土地2建物1車位3,十二層,十二層,住宅大樓(11層含以上有電梯),住家用,鋼筋混凝土造,1150629,190.6,3,2,2,有,有,21850000,134404,坡道平面,63.0,4700000,預售屋、或土地及建物分件登記案件；,RPSPMLRKQHLGFJB96DA,79.36,0.0,3.5,有,
南區,房地(土地+建物)+車位,臺中市南區永和街１２５巷１６弄８號三樓之２,19.9,都市：其他:第二種住宅區,,,1130125,土地1建物1車位1,三層,十層,華廈(10層含以下有電梯),住家用,鋼筋混凝土造,1150510,126.31,2,2,1,有,有,13250000,128777,坡道平面,38.95,2000000,預售屋、或土地及建物分件登記案件；,RPVONLTLOHLGFAB09DA,52.03,0.0,3.32,有,
南區,房地(土地+建物)+車位,臺中市南區永和街１２５巷１６弄８號六樓之３,21.8,都市：其他:第二種住宅區,,,1130125,土地1建物1車位1,六層,十層,華廈(10層含以下有電梯),住家用,鋼筋混凝土造,1150510,134.67,2,2,1,有,有,14640000,132052,坡道平面,38.95,2000000,預售屋、或土地及建物分件登記案件；,RPQOMLKMOHLGFAB67DA,56.74,0.0,3.91,有,
南區,房地(土地+建物)+車位,臺中市南區永和街１２５巷１６弄８號六樓之５,18.02,都市：其他:第二種住宅區,,,1130125,土地1建物1車位1,六層,十層,華廈(10層含以下有電梯),住家用,鋼筋混凝土造,1150510,118.04,2,2,1,有,有,12520000,133013,坡道平面,38.95,2000000,預售屋、或土地及建物分件登記案件；,RPSOMLKMOHLGFAB87DA,47.75,0.0,2.36,有,
南區,房地(土地+建物)+車位,臺中市南區永和街１２５巷１６弄８號五樓之２,19.9,都市：其他:第二種住宅區,,,1130126,土地1建物1車位1,五層,十層,華廈(10層含以下有電梯),住家用,鋼筋混凝土造,1150510,126.31,2,2,1,有,有,13420000,131868,坡道平面,38.95,1900000,於115.05.04  讓渡   關係：配偶   金額：平移預售屋、或土地及建物分件登記案件；,RPTQMLKMOHLGFAB18DA,52.03,0.0,3.32,有,
南區,房地(土地+建物)+車位,臺中市南區永和街１２５巷１６弄８號七樓之２,21.88,都市：其他:第二種住宅區,,,1130121,土地1建物1車位1,七層,十層,華廈(10層含以下有電梯),住家用,鋼筋混凝土造,1150510,135.01,2,2,1,有,有,15320000,139704,坡道平面,38.95,1900000,本戶價格含約定專用露臺預售屋、或土地及建物分件登記案件；,RPUOMLNKQHLGFAB38DA,55.26,0.0,5.6,有,
西屯區,房地(土地+建物)+車位,臺中市西屯區漢翔路２１１號四樓之７,21.51,都市：其他:第二種住宅區,,,1130120,土地1建物1車位1,四層,十五層,住宅大樓(11層含以上有電梯),住家用,鋼筋混凝土造,1150514,151.05,3,2,2,有,有,25200000,192647,坡道平面,32.18,2300000,預售屋、或土地及建物分件登記案件；,RPXOMLQLPHLGFCB56DA,70.29,0.0,8.33,有,
西屯區,房地(土地+建物)+車位,臺中市西屯區漢翔路２１１號七樓之１,21.68,都市：其他:第二種住宅區,,,1130112,土地1建物1車位1,七層,十五層,住宅大樓(11層含以上有電梯),住家用,鋼筋混凝土造,1150514,152.01999999999998,3,2,2,有,有,27000000,205274,坡道平面,32.18,2400000,預售屋、或土地及建物分件登記案件；,RPTTMLPJQHLGFCB09DA,70.93,0.0,8.32,有,
西屯區,房地(土地+建物)+車位,臺中市西屯區漢翔路２１１號十四樓之１,21.68,都市：其他:第二種住宅區,,,1130108,土地1建物1車位1,十四層,十五層,住宅大樓(11層含以上有電梯),住家用,鋼筋混凝土造,1150514,152.01999999999998,3,2,2,有,有,27280000,207610,坡道平面,32.18,2400000,預售屋、或土地及建物分件登記案件；,RPPPMLLKQHLGFCB97DA,70.93,0.0,8.32,有,
西屯區,房地(土地+建物),臺中市西屯區中清路二段１２５０巷３５號二樓之２,13.99,都市：其他:第二種住宅區,,,1130125,土地4建物1車位0,二層,六層,華廈(10層含以下有電梯),住家用,鋼筋混凝土造,1150512,58.43,1,1,1,有,有,10240000,175252,,0.0,0,預售屋、或土地及建物分件登記案件；,RPURMLTKQHLGFCB86DA,31.92,0.0,3.15,有,
西屯區,房地(土地+建物)+車位,臺中市西屯區中清路二段１２５０巷３５號三樓之１,13.05,都市：其他:第二種住宅區,,,1130111,土地4建物1車位1,三層,六層,華廈(10層含以下有電梯),住家用,鋼筋混凝土造,1150512,66.43,1,1,1,有,有,11600000,179115,升降機械,10.6,1600000,預售屋、或土地及建物分件登記案件；,RPWRMLTKQHLGFCB07DA,31.01,0.0,2.5,有,
神岡區,房地(土地+建物)+車位,臺中市神岡區神林路９０巷１５之５號二樓之５,22.47,,特定農業區,甲種建築用地,1130128,土地1建物1車位1,二層,九層,華廈(10層含以下有電梯),住家用,鋼筋混凝土造,1150515,120.03,2,2,2,有,有,10400000,104824,坡道平面,36.08,1600000,預售屋、或土地及建物分件登記案件；,RPTQMLLLPHLGFDB58DA,53.21,0.0,3.03,有,
西區,房地(土地+建物)+車位,臺中市西區樂群街３６８號二十一樓之２,18.23,都市：其他:第二種商業區,,,1130125,土地1建物1車位1,二十一層,二十四層,住宅大樓(11層含以上有電梯),住家用,鋼筋混凝土造,1150709,200.57,4,2,3,有,有,27620000,157038,坡道平面,36.47,1850000,預售屋、或土地及建物分件登記案件；,RPWPMLMKQHLGFAB58DA,95.35,0.0,13.38,有,
西區,房地(土地+建物)+車位,臺中市西區樂群街３６８號二十二樓之５,15.88,都市：其他:第二種商業區,,,1130107,土地1建物1車位1,二十二層,二十四層,住宅大樓(11層含以上有電梯),住家用,鋼筋混凝土造,1150709,179.81,3,2,2,有,有,23500000,151039,坡道平面,36.47,1850000,民國115年4月23日讓渡讓渡金額2350萬元整配偶讓渡預售屋、或土地及建物分件登記案件；,RPXPMLMKQHLGFAB68DA,83.31,0.0,11.66,有,
北屯區,房地(土地+建物)+車位,臺中市北屯區榮德一路３５９號六樓之１,27.37,都市：其他:第一之一種住宅區,,,1130113,土地2建物1車位1,六層,七層,華廈(10層含以下有電梯),住家用,鋼筋混凝土造,1150428,103.03,2,2,2,有,無,15200000,170741,坡道平面,25.72,2000000,於民國113年5月13日配偶之間讓渡、買賣總價不變預售屋、或土地及建物分件登記案件；,RPSQMLSKQHLGFBB98DA,46.1,0.0,5.3,有,
西屯區,房地(土地+建物)+車位,臺中市西屯區青海南街２３３號八樓之２,14.83,都市：其他:第二種住宅區,,,1130117,土地1建物1車位1,八層,二十三層,住宅大樓(11層含以上有電梯),住家用,鋼筋混凝土造,1150407,117.78999999999999,2,1,1,有,有,17820000,185404,坡道平面,34.89,2450000,預售屋、或土地及建物分件登記案件；,RPTOMLOKQHLGFCB58DA,48.33,0.0,4.02,有,
西屯區,房地(土地+建物)+車位,臺中市西屯區臺灣大道三段１１６號十四樓之１,15.13,都市：其他:第五種住宅區,,,1130107,土地2建物1車位1,十四層,十九層,住宅大樓(11層含以上有電梯),住家用,鋼筋混凝土造,1150625,117.30000000000001,2,2,2,有,有,18280000,187835,坡道平面,33.29,2500000,預售屋、或土地及建物分件登記案件；,RPWOMLTKQHLGFCB76DA,49.17,0.0,5.04,有,
西屯區,房地(土地+建物)+車位,臺中市西屯區臺灣大道三段１１６號四樓之５,23.13,都市：其他:第五種住宅區,,,1130120,土地2建物1車位1,四層,十九層,住宅大樓(11層含以上有電梯),住家用,鋼筋混凝土造,1150625,161.92000000000002,3,2,2,有,有,26200000,188137,坡道平面,33.29,2000000,預售屋、或土地及建物分件登記案件；,RPXOMLTKQHLGFCB86DA,76.24,0.0,6.76,有,
南屯區,房地(土地+建物)+車位,臺中市南屯區惠文路３１８號四樓,21.14,都市：其他:第二種住宅區,,,1121208,土地1建物1車位1,四層,十三層,住宅大樓(11層含以上有電梯),住家用,鋼筋混凝土造,1150605,125.4,2,2,2,有,有,19980000,190192,坡道平面,35.07,2800000,預售屋、或土地及建物分件登記案件；,RPRRMLNLOHLGFCB48DA,52.31,0.0,5.46,有,
南屯區,房地(土地+建物)+車位,臺中市南屯區惠文路３１８號六樓,21.14,都市：其他:第二種住宅區,,,1121209,土地1建物1車位1,六層,十三層,住宅大樓(11層含以上有電梯),住家用,鋼筋混凝土造,1150605,122.63,2,2,2,有,有,20930000,202923,坡道平面,32.3,2600000,預售屋、或土地及建物分件登記案件；,RPVRMLNLOHLGFCB88DA,52.31,0.0,5.46,有,
北屯區,房地(土地+建物)+車位,臺中市北屯區敦富路８１８號九樓之５,21.27,都市：其他:第二之一種住宅區,,,1121210,土地1建物1車位1,九層,十五層,住宅大樓(11層含以上有電梯),住家用,鋼筋混凝土造,1150613,170.25,3,2,2,有,有,21880000,147182,坡道平面,34.5,1900000,預售屋、或土地及建物分件登記案件；,RPVTMLLLPHLGFBB88DA,78.11,0.0,11.25,有,
北屯區,房地(土地+建物)+車位,臺中市北屯區敦富路８１８號四樓之１１,17.14,都市：其他:第二之一種住宅區,,,1121207,土地1建物1車位1,四層,十五層,住宅大樓(11層含以上有電梯),住家用,鋼筋混凝土造,1150613,143.93,2,2,2,有,有,18600000,152609,坡道平面,34.5,1900000,預售屋、或土地及建物分件登記案件；,RPWONLNLPHLGFBB78DA,63.13,0.0,8.91,有,
北屯區,房地(土地+建物)+車位,臺中市北屯區昌平東八路１５號七樓之３,33.48,都市：其他:第一之一種住宅區,,,1121230,土地1建物1車位1,七層,十四層,住宅大樓(11層含以上有電梯),住家用,鋼筋混凝土造,1150606,149.70999999999998,2,2,2,有,有,22380000,165068,坡道平面,27.76,2250000,預售屋、或土地及建物分件登記案件；,RPUQMLRKQHLGFBB09DA,70.68,0.0,10.39,有,
烏日區,房地(土地+建物)+車位,臺中市烏日區日新街５６巷１號二樓之２,32.86,都市：其他:第三種住宅區。,,,1121212,土地1建物1車位1,二層,十一層,住宅大樓(11層含以上有電梯),住家用,鋼筋混凝土造,1150513,162.53,3,2,2,有,有,16250000,106019,坡道平面,25.29,1700000,預售屋、或土地及建物分件登記案件；,RPPOMLOJPHLGFIB58DA,81.91,0.0,7.52,有,
烏日區,房地(土地+建物)+車位,臺中市烏日區日新街５６巷３號七樓之３,29.73,都市：其他:第三種住宅區。,,,1121207,土地1建物1車位1,七層,十一層,住宅大樓(11層含以上有電梯),住家用,鋼筋混凝土造,1150513,150.18,3,2,2,有,有,16610000,119385,坡道平面,25.29,1700000,115.03.27預售屋讓渡，讓渡關係:配偶。預售屋、或土地及建物分件登記案件；,RPSSMLOJPHLGFIB66DA,73.8,0.0,7.58,有,
烏日區,房地(土地+建物)+車位,臺中市烏日區日新街５６巷１號二樓之１,32.86,都市：其他:第三種住宅區。,,,1121212,土地1建物1車位1,二層,十一層,住宅大樓(11層含以上有電梯),住家用,鋼筋混凝土造,1150513,161.42000000000002,3,2,2,有,有,16200000,106344,坡道平面,24.13,1600000,預售屋、或土地及建物分件登記案件；,RPXNMLKKPHLGFIB98DA,81.95,0.0,7.52,有,
烏日區,房地(土地+建物)+車位,臺中市烏日區日新街５８號,31.03,都市：其他:第三種住宅區。,,,1121225,土地1建物1車位1,一層,十一層,住宅大樓(11層含以上有電梯),商業用,鋼筋混凝土造,1150513,151.10000000000002,0,0,1,有,有,18600000,135244,坡道平面,26.51,1750000,預售屋、或土地及建物分件登記案件；,RPWOMLOLPHLGFIB86DA,76.1,0.0,5.49,有,
南區,房地(土地+建物)+車位,臺中市南區永和街１２５巷１６弄８號二樓之５,18.02,都市：其他:第二種住宅區,,,1121202,土地1建物1車位1,二層,十層,華廈(10層含以下有電梯),住家用,鋼筋混凝土造,1150510,118.04,2,2,2,有,有,11500000,121381,坡道平面,38.95,1900000,於115.05.08  讓渡   關係：配偶   金額：平移預售屋、或土地及建物分件登記案件；,RPQQMLKMOHLGFAB87DA,47.75,0.0,2.36,有,
南區,房地(土地+建物)+車位,臺中市南區永和街１２５巷１６弄８號三樓之５,18.02,都市：其他:第二種住宅區,,,1121214,土地1建物1車位1,三層,十層,華廈(10層含以下有電梯),住家用,鋼筋混凝土造,1150510,118.04,2,2,1,有,有,11850000,124542,坡道平面,38.95,2000000,預售屋、或土地及建物分件登記案件；,RPROMLRKQHLGFAB48DA,47.75,0.0,2.36,有,
北屯區,房地(土地+建物)+車位,臺中市北屯區敦富一街３６６號八樓之６,22.46,都市：其他:第二之一種住宅區,,,1121221,土地1建物1車位1,八層,十七層,住宅大樓(11層含以上有電梯),住家用,鋼筋混凝土造,1150318,156.26,3,2,2,有,有,21000000,153416,坡道平面,32.74,2050000,預售屋、或土地及建物分件登記案件；,RPSOMLLKQHLGFBB08DA,73.96,0.0,7.77,有,
西屯區,房地(土地+建物)+車位,臺中市西屯區漢翔路２１１號四樓之５,19.24,都市：其他:第二種住宅區,,,1121211,土地1建物1車位1,四層,十五層,住宅大樓(11層含以上有電梯),住家用,鋼筋混凝土造,1150514,138.5,3,2,2,有,有,21250000,175414,坡道平面,32.18,2600000,預售屋、或土地及建物分件登記案件；,RPWOMLQLPHLGFCB09DA,62.76,0.0,7.54,有,
西屯區,房地(土地+建物),臺中市西屯區中清路二段１２５０巷３５號五樓之１,12.95,都市：其他:第二種住宅區,,,1121225,土地4建物1車位0,五層,六層,華廈(10層含以下有電梯),住家用,鋼筋混凝土造,1150512,55.41,1,1,1,有,有,10300000,185887,,0.0,0,預售屋、或土地及建物分件登記案件；,RPQSMLTKQHLGFCB56DA,30.71,0.0,2.55,有,
西區,房地(土地+建物)+車位,臺中市西區樂群街３６８號二樓之２,17.88,都市：其他:第二種商業區,,,1121204,土地1建物1車位1,二層,二十四層,住宅大樓(11層含以上有電梯),辦公用,鋼筋混凝土造,1150709,196.25,0,0,0,無,有,22250000,127676,坡道平面,36.47,1850000,預售屋、或土地及建物分件登記案件；,RPPNMLMKQHLGFAB67DA,91.17,0.0,14.44,有,
西屯區,房地(土地+建物)+車位,臺中市西屯區臺灣大道三段１２２號四樓之３,26.14,都市：其他:第五種住宅區,,,1121223,土地2建物1車位1,四層,十九層,住宅大樓(11層含以上有電梯),住家用,鋼筋混凝土造,1150625,178.98000000000002,3,2,2,有,有,31600000,198710,坡道平面,33.29,2650000,預售屋、或土地及建物分件登記案件；,RPSOMLTKQHLGFCB98DA,84.05,0.0,9.95,有,
烏日區,房地(土地+建物),臺中市烏日區光明路３３號,79.91,都市：其他:農業區,,,1121217,土地4建物1車位0,全,四層,透天厝,住商用,鋼筋混凝土造,1150423,231.79,4,2,4,有,有,25800000,111312,,0.0,0,預售屋、或土地及建物分件登記案件；,RPUPMLMKQHLGFIB56DA,220.36,0.0,11.15,無,
東勢區,房地(土地+建物),臺中市東勢區第三橫街３之１號,72.76,都市：其他:住宅區,,,1121206,土地2建物1車位0,全,四層,透天厝,住家用,鋼筋混凝土造,1150210,228.93,6,1,8,有,有,18880000,82471,,0.0,0,土地價格378萬 建物價格1510萬預售屋、或土地及建物分件登記案件；,RPPNMLRLQHLGFGB88DA,224.82,0.0,2.61,無,
北屯區,房地(土地+建物)+車位,臺中市北屯區敦富路８１８號十一樓之５,38.04,都市：其他:第二之一種住宅區,,,1121113,土地1建物2車位1,十一層,十五層,住宅大樓(11層含以上有電梯),住家用,鋼筋混凝土造,1150613,311.74,2,2,2,有,有,17220000,55259,坡道平面,34.5,1900000,預售屋、或土地及建物分件登記案件；,RPPONLNLPHLGFBB08DA,139.59,0.0,20.18,有,0234
北屯區,房地(土地+建物)+車位,臺中市北屯區昌平東八路１３號三樓之５,35.92,都市：其他:第一之一種住宅區,,,1121101,土地1建物1車位2,三層,十四層,住宅大樓(11層含以上有電梯),住家用,鋼筋混凝土造,1150606,186.32999999999998,3,2,2,有,有,25420000,162220,坡道平面,55.52,4200000,預售屋、或土地及建物分件登記案件；,RPVQMLRKQHLGFBB56DA,76.36,0.0,10.63,有,
西屯區,房地(土地+建物)+車位,臺中市西屯區漢翔路２１１號十五樓之３,14.95,都市：其他:第二種住宅區,,,1121114,土地1建物1車位1,十五層,十五層,住宅大樓(11層含以上有電梯),住家用,鋼筋混凝土造,1150514,114.82,2,2,1,有,有,17500000,182720,坡道平面,32.18,2400000,預售屋、或土地及建物分件登記案件；,RPWPMLLKQHLGFCB68DA,48.86,0.0,5.78,有,
西屯區,房地(土地+建物)+車位,臺中市西屯區漢翔路２１１號三樓之６,19.27,都市：其他:第二種住宅區,,,1121129,土地1建物1車位1,三層,十五層,住宅大樓(11層含以上有電梯),住家用,鋼筋混凝土造,1150514,138.69,3,2,2,有,有,21500000,181204,坡道平面,32.18,2200000,預售屋、或土地及建物分件登記案件；,RPROMLQLPHLGFCB58DA,62.76,0.0,7.67,有,
西屯區,房地(土地+建物)+車位,臺中市西屯區漢翔路２１１號十一樓之２,14.95,都市：其他:第二種住宅區,,,1121129,土地1建物1車位1,十一層,十五層,住宅大樓(11層含以上有電梯),住家用,鋼筋混凝土造,1150514,114.77000000000001,2,2,1,有,有,17800000,187674,坡道平面,32.18,2300000,預售屋、或土地及建物分件登記案件；,RPSSMLPJQHLGFCB88DA,48.86,0.0,5.78,有,
西屯區,房地(土地+建物),臺中市西屯區中清路二段１２５０巷３５號三樓之３,14.21,都市：其他:第二種住宅區,,,1121127,土地4建物1車位0,三層,六層,華廈(10層含以下有電梯),住家用,鋼筋混凝土造,1150512,59.94,1,1,1,有,有,10680000,178178,,0.0,0,預售屋、或土地及建物分件登記案件；,RPXRMLTKQHLGFCB17DA,32.06,0.0,3.92,有,
太平區,房地(土地+建物)+車位,臺中市太平區新平路三段２２７號二樓之２,31.14,都市：其他:住宅區,,,1121104,土地1建物1車位1,二層,十四層,住宅大樓(11層含以上有電梯),住家用,鋼筋混凝土造,1150527,146.94,3,2,2,有,有,14530000,111014,坡道平面,32.72,1850000,預售屋、或土地及建物分件登記案件；,RPPNMLLKQHLGFJB48DA,68.49,0.0,6.92,有,
西區,房地(土地+建物)+車位,臺中市西區樂群街３６８號七樓之２,17.59,都市：其他:第二種商業區,,,1121102,土地1建物1車位1,七層,二十四層,住宅大樓(11層含以上有電梯),住家用,鋼筋混凝土造,1150709,194.31,4,2,2,有,有,23700000,136847,坡道平面,36.47,2100000,預售屋、或土地及建物分件登記案件；,RPOOMLMKQHLGFAB67DA,90.2,0.0,14.37,有,
西區,房地(土地+建物)+車位,臺中市西區樂群街３６８號十一樓之２,17.59,都市：其他:第二種商業區,,,1121116,土地1建物1車位1,十一層,二十四層,住宅大樓(11層含以上有電梯),住家用,鋼筋混凝土造,1150709,194.31,4,2,2,有,有,24380000,141156,坡道平面,36.47,2100000,預售屋、或土地及建物分件登記案件；,RPTOMLMKQHLGFAB18DA,90.2,0.0,14.37,有,
西區,房地(土地+建物)+車位,臺中市西區樂群街３６８號二十樓之２,18.23,都市：其他:第二種商業區,,,1121123,土地1建物1車位1,二十層,二十四層,住宅大樓(11層含以上有電梯),住家用,鋼筋混凝土造,1150709,200.57,4,2,3,有,有,27300000,153870,坡道平面,36.47,2050000,預售屋、或土地及建物分件登記案件；,RPVPMLMKQHLGFAB48DA,95.35,0.0,13.38,有,
南屯區,房地(土地+建物)+車位,臺中市南屯區建功路６５號十八樓之３,13.83,都市：其他:第五種住宅區,,,1121119,土地1建物1車位1,十八層,二十三層,住宅大樓(11層含以上有電梯),住家用,鋼筋混凝土造,1141226,148.74,3,2,2,有,有,15230000,111582,坡道平面,26.14,1550000,預售屋、或土地及建物分件登記案件；,RPPOMLNKQHLGFCB08DA,72.05,0.0,8.26,有,
西屯區,房地(土地+建物)+車位,臺中市西屯區臺灣大道三段１２２號十三樓之５,22.72,都市：其他:第五種住宅區,,,1121113,土地2建物1車位1,十三層,十九層,住宅大樓(11層含以上有電梯),住家用,鋼筋混凝土造,1150625,159.54,3,2,2,有,有,29100000,209505,坡道平面,33.29,2650000,預售屋、或土地及建物分件登記案件；,RPQOMLTKQHLGFCB78DA,74.79,0.0,6.76,有,
烏日區,房地(土地+建物),臺中市烏日區光明路４５號,94.24,都市：其他:農業區,,,1121127,土地4建物1車位0,全,四層,透天厝,住商用,鋼筋混凝土造,1150423,272.95,4,2,4,有,有,28400000,104052,,0.0,0,本案民國115年04月20日讓渡配偶讓渡；本案於民國115年04月20日讓渡一等親讓渡。預售屋、或土地及建物分件登記案件；,RPTPMLMKQHLGFIB09DA,258.62,0.0,14.05,無,
北屯區,房地(土地+建物)+車位,臺中市北屯區敦富路８１８號六樓之１０,16.78,都市：其他:第二之一種住宅區,,,1121014,土地1建物1車位1,六層,十五層,住宅大樓(11層含以上有電梯),住家用,鋼筋混凝土造,1150613,141.49,2,2,2,有,有,16570000,138985,坡道平面,34.5,1700000,預售屋、或土地及建物分件登記案件；,RPRNNLNLPHLGFBB18DA,61.48,0.0,8.93,有,
北屯區,房地(土地+建物)+車位,臺中市北屯區敦富路８１８號十一樓之１１,17.07,都市：其他:第二之一種住宅區,,,1121028,土地1建物1車位1,十一層,十五層,住宅大樓(11層含以上有電梯),住家用,鋼筋混凝土造,1150613,143.39,2,2,2,有,有,18980000,156856,坡道平面,34.5,1900000,預售屋、或土地及建物分件登記案件；,RPUNMLOLPHLGFBB48DA,63.13,0.0,8.56,有,
北屯區,房地(土地+建物)+車位,臺中市北屯區敦富路８１８號十二樓之１２,17.21,都市：其他:第二之一種住宅區,,,1121015,土地1建物1車位1,十二層,十五層,住宅大樓(11層含以上有電梯),住家用,鋼筋混凝土造,1150613,144.23000000000002,2,2,2,有,有,19180000,157477,坡道平面,34.5,1900000,預售屋、或土地及建物分件登記案件；,RPRPMLOLPHLGFBB38DA,63.54,0.0,8.71,有,
烏日區,房地(土地+建物)+車位,臺中市烏日區日新街６０號,31.03,都市：其他:第三種住宅區。,,,1121030,土地1建物1車位1,一層,十一層,住宅大樓(11層含以上有電梯),商業用,鋼筋混凝土造,1150513,149.88,0,0,1,有,有,18300000,131070,坡道平面,25.29,1970000,預售屋、或土地及建物分件登記案件；,RPVOMLOLPHLGFIB76DA,76.1,0.0,5.49,有,
南區,房地(土地+建物)+車位,臺中市南區永和街１２５巷１６弄８號十樓之１,19.13,都市：其他:第二種住宅區,,,1121029,土地1建物1車位1,十層,十層,華廈(10層含以下有電梯),住家用,鋼筋混凝土造,1150510,122.96000000000001,2,2,1,有,有,14680000,150934,坡道平面,38.95,2000000,本戶價格含約定專用露臺預售屋、或土地及建物分件登記案件；,RPSPMLLKQHLGFAB08DA,50.26,0.0,2.97,有,
西屯區,房地(土地+建物)+車位,臺中市西屯區漢翔路２１１號五樓之７,21.51,都市：其他:第二種住宅區,,,1121013,土地1建物1車位1,五層,十五層,住宅大樓(11層含以上有電梯),住家用,鋼筋混凝土造,1150514,151.05,3,2,2,有,有,25000000,191806,坡道平面,32.18,2200000,預售屋、或土地及建物分件登記案件；,RPTPMLQLPHLGFCB88DA,70.29,0.0,8.33,有,
太平區,房地(土地+建物)+車位,臺中市太平區新平路三段２２７號十二樓之３,31.33,都市：其他:住宅區,,,1121014,土地1建物1車位1,十二層,十四層,住宅大樓(11層含以上有電梯),住家用,鋼筋混凝土造,1150527,147.52,3,2,2,有,有,15330000,117422,坡道平面,32.72,1850000,預售屋、或土地及建物分件登記案件；,RPPNMLKKQHLGFJB38DA,68.66,0.0,7.13,有,
太平區,房地(土地+建物)+車位,臺中市太平區新平路三段２２７號十二樓之２,23.64,都市：其他:住宅區,,,1121017,土地1建物1車位1,十二層,十四層,住宅大樓(11層含以上有電梯),住家用,鋼筋混凝土造,1150527,119.31,2,2,1,有,有,11940000,118258,坡道平面,32.72,1700000,預售屋、或土地及建物分件登記案件；,RPUNMLKKQHLGFJB88DA,53.29,0.0,3.88,有,
太平區,房地(土地+建物)+車位,臺中市太平區新平路三段２２７號四樓之５,25.42,都市：其他:住宅區,,,1121020,土地1建物1車位1,四層,十四層,住宅大樓(11層含以上有電梯),住家用,鋼筋混凝土造,1150527,119.67,2,2,1,有,有,12010000,112208,坡道平面,26.45,1550000,預售屋、或土地及建物分件登記案件；,RPQNMLLKQHLGFJB58DA,57.69,0.0,3.88,有,
太平區,房地(土地+建物)+車位,臺中市太平區新平路三段２２７號三樓之２,23.64,都市：其他:住宅區,,,1121019,土地1建物1車位1,三層,十四層,住宅大樓(11層含以上有電梯),住家用,鋼筋混凝土造,1150527,119.31,2,2,1,有,有,11470000,112831,坡道平面,32.72,1700000,預售屋、或土地及建物分件登記案件；,RPVNMLMKQHLGFJB56DA,53.29,0.0,3.88,有,
太平區,房地(土地+建物)+車位,臺中市太平區新平路三段２２７號六樓之９,24.73,都市：其他:住宅區,,,1121012,土地1建物1車位1,六層,十四層,住宅大樓(11層含以上有電梯),住家用,鋼筋混凝土造,1150527,123.3,2,2,1,有,有,12180000,114043,坡道平面,32.72,1850000,預售屋、或土地及建物分件登記案件；,RPUNMLNKQHLGFJB56DA,55.92,0.0,3.88,有,
太平區,房地(土地+建物)+車位,臺中市太平區新平路三段２２７號十三樓之６,31.53,都市：其他:住宅區,,,1121018,土地1建物1車位1,十三層,十四層,住宅大樓(11層含以上有電梯),住家用,鋼筋混凝土造,1150527,148.28,3,2,2,有,有,15300000,117688,坡道平面,32.72,1700000,預售屋、或土地及建物分件登記案件；,RPQNMLOKQHLGFJB88DA,69.16,0.0,7.13,有,
西區,房地(土地+建物)+車位,臺中市西區樂群街３６８號十二樓之５,17.88,都市：其他:第二種商業區,,,1121004,土地1建物1車位1,十二層,二十四層,住宅大樓(11層含以上有電梯),住家用,鋼筋混凝土造,1150709,197.29,4,2,2,有,有,25000000,142706,坡道平面,36.47,2050000,預售屋、或土地及建物分件登記案件；,RPVOMLMKQHLGFAB38DA,92.11,0.0,14.44,有,
東勢區,房地(土地+建物),臺中市東勢區東關路六段２６２巷２５號,92.97,都市：其他:住宅區,,,1120926,土地4建物1車位0,全,三層,透天厝,住家用,鋼筋混凝土造,1141023,163.37,4,2,3,有,有,12450000,76207,,0.0,0,未登記建物；預售屋、或土地及建物分件登記案件；,RPSNMLQLPHLGFGB98DA,151.64,0.0,11.73,無,
東勢區,房地(土地+建物),臺中市東勢區東關路六段２６２巷２３號,92.96,都市：其他:住宅區,,,1120922,土地4建物1車位0,全,三層,透天厝,住家用,鋼筋混凝土造,1141023,163.37,4,2,3,有,有,12480000,76391,,0.0,0,未登記建物；預售屋、或土地及建物分件登記案件；,RPQNMLQKQHLGFGB78DA,151.64,0.0,11.73,無,
南區,房地(土地+建物)+車位,臺中市南區新華街１５８號十一樓之１２,17.74,都市：其他:第五種住宅區,,,1120915,土地3建物1車位1,十一層,二十六層,住宅大樓(11層含以上有電梯),住家用,鋼筋混凝土造,1150528,158.63,3,2,2,有,有,20000000,141838,坡道平面,31.02,1900000,預售屋、或土地及建物分件登記案件；,RPSPMLTLOHLGFAB78DA,76.68,0.0,7.71,有,
南區,房地(土地+建物)+車位,臺中市南區新華街１５８號十三樓之１２,17.74,都市：其他:第五種住宅區,,,1120913,土地3建物1車位1,十三層,二十六層,住宅大樓(11層含以上有電梯),住家用,鋼筋混凝土造,1150528,158.63,3,2,2,有,有,20460000,143092,坡道平面,31.02,2200000,115.3.5 二親等間讓渡。預售屋、或土地及建物分件登記案件；,RPVSMLOLPHLGFAB98DA,76.68,0.0,7.71,有,
北屯區,房地(土地+建物)+車位,臺中市北屯區敦富路８１８號三樓之１,23.9,都市：其他:第二之一種住宅區,,,1120926,土地1建物1車位2,三層,十五層,住宅大樓(11層含以上有電梯),住家用,鋼筋混凝土造,1150613,221.45,3,2,2,有,有,26330000,147786,坡道平面,69.0,3800000,預售屋、或土地及建物分件登記案件；,RPQOMLLLPHLGFBB87DA,88.15,0.0,12.18,有,
北屯區,房地(土地+建物)+車位,臺中市北屯區敦富路８１８號五樓之１,23.9,都市：其他:第二之一種住宅區,,,1120927,土地1建物1車位2,五層,十五層,住宅大樓(11層含以上有電梯),住家用,鋼筋混凝土造,1150613,221.45,3,2,2,有,有,26160000,149295,坡道平面,69.0,3400000,預售屋、或土地及建物分件登記案件；,RPSOMLLLPHLGFBB08DA,88.15,0.0,12.18,有,
北屯區,房地(土地+建物)+車位,臺中市北屯區敦富路８１８號十一樓之５,21.27,都市：其他:第二之一種住宅區,,,1120922,土地1建物1車位1,十一層,十五層,住宅大樓(11層含以上有電梯),住家用,鋼筋混凝土造,1150613,170.25,3,2,2,有,有,21630000,146814,坡道平面,34.5,1700000,預售屋、或土地及建物分件登記案件；,RPXTMLLLPHLGFBB09DA,78.11,0.0,11.25,有,0234
北屯區,房地(土地+建物)+車位,臺中市北屯區敦富路８１８號十四樓之８,15.34,都市：其他:第二之一種住宅區,,,1120922,土地1建物1車位1,十四層,十五層,住宅大樓(11層含以上有電梯),住家用,鋼筋混凝土造,1150613,132.31,2,2,2,有,有,15810000,144259,坡道平面,34.5,1700000,預售屋、或土地及建物分件登記案件；,RPQQMLNLPHLGFBB28DA,59.48,0.0,4.93,有,
北屯區,房地(土地+建物)+車位,臺中市北屯區敦富路８１８號九樓之１０,16.78,都市：其他:第二之一種住宅區,,,1120930,土地1建物1車位1,九層,十五層,住宅大樓(11層含以上有電梯),住家用,鋼筋混凝土造,1150613,140.42000000000002,2,2,2,有,有,16870000,140854,坡道平面,33.43,1800000,預售屋、或土地及建物分件登記案件；,RPVNNLNLPHLGFBB58DA,61.48,0.0,8.93,有,
北屯區,房地(土地+建物)+車位,臺中市北屯區敦富路８１８號六樓之１１,17.14,都市：其他:第二之一種住宅區,,,1120924,土地1建物1車位1,六層,十五層,住宅大樓(11層含以上有電梯),住家用,鋼筋混凝土造,1150613,145.19,2,2,2,有,有,18620000,152349,坡道平面,35.77,1950000,預售屋、或土地及建物分件登記案件；,RPOPNLNLPHLGFBB08DA,63.13,0.0,8.91,有,
北屯區,房地(土地+建物)+車位,臺中市北屯區昌平東八路１３號十一樓之５,35.92,都市：其他:第一之一種住宅區,,,1120903,土地1建物1車位1,十一層,十四層,住宅大樓(11層含以上有電梯),住家用,鋼筋混凝土造,1150606,158.57,3,2,2,有,有,24130000,168412,坡道平面,27.76,2100000,預售屋、或土地及建物分件登記案件；,RPTQMLRKQHLGFBB98DA,76.36,0.0,10.63,有,
西屯區,房地(土地+建物)+車位,臺中市西屯區漢翔路２１１號九樓之２,14.95,都市：其他:第二種住宅區,,,1120923,土地1建物1車位1,九層,十五層,住宅大樓(11層含以上有電梯),住家用,鋼筋混凝土造,1150514,114.77000000000001,2,2,1,有,有,17580000,186221,坡道平面,32.18,2200000,預售屋、或土地及建物分件登記案件；,RPUUMLPJQHLGFCB66DA,48.86,0.0,5.78,有,
烏日區,房地(土地+建物)+車位,臺中市烏日區日新街５６巷１號五樓之１,32.86,都市：其他:第三種住宅區。,,,1120923,土地1建物1車位2,五層,十一層,住宅大樓(11層含以上有電梯),住家用,鋼筋混凝土造,1150513,187.94,3,2,2,有,有,18250000,110294,坡道平面,50.58,3100000,預售屋、或土地及建物分件登記案件；,RPTNMLOJPHLGFIB88DA,81.97,0.0,7.52,有,
南區,房地(土地+建物),臺中市南區永和街１２５巷１６弄８號二樓之１,17.41,都市：其他:第二種住宅區,,,1120923,土地1建物1車位0,二層,十層,華廈(10層含以下有電梯),住家用,鋼筋混凝土造,1150510,76.43,2,2,1,有,有,9680000,126652,,0.0,0,本戶價格含約定專用露臺預售屋、或土地及建物分件登記案件；,RPOOMLLKQHLGFAB57DA,43.24,0.0,5.19,有,
南區,房地(土地+建物)+車位,臺中市南區永和街１２５巷１６弄８號九樓之１,25.24,都市：其他:第二種住宅區,,,1120908,土地1建物1車位1,九層,十層,華廈(10層含以下有電梯),住家用,鋼筋混凝土造,1150510,149.76,3,2,2,有,有,17700000,140782,坡道平面,38.95,2100000,含約定專用露臺預售屋、或土地及建物分件登記案件；,RPVOMLLKQHLGFAB28DA,66.36,0.0,3.85,有,
西屯區,房地(土地+建物)+車位,臺中市西屯區漢翔路２１１號十二樓之２,14.95,都市：其他:第二種住宅區,,,1120901,土地1建物1車位1,十二層,十五層,住宅大樓(11層含以上有電梯),住家用,鋼筋混凝土造,1150514,114.77000000000001,2,2,1,有,有,17900000,190096,坡道平面,32.18,2200000,預售屋、或土地及建物分件登記案件；,RPQVMLKKQHLGFCB58DA,48.86,0.0,5.78,有,
西屯區,房地(土地+建物),臺中市西屯區中清路二段１２５０巷３５號四樓之５,11.98,都市：其他:第二種住宅區,,,1120927,土地4建物1車位0,四層,六層,華廈(10層含以下有電梯),住家用,鋼筋混凝土造,1150512,50.61,1,1,1,有,有,9000000,177830,,0.0,0,親友、員工、共有人或其他特殊關係間之交易；預售屋、或土地及建物分件登記案件；,RPPSMLTKQHLGFCB09DA,29.59,0.0,0.79,有,
神岡區,房地(土地+建物)+車位,臺中市神岡區神林路９０巷１５之５號九樓之３,22.47,,特定農業區,甲種建築用地,1120914,土地1建物1車位1,九層,九層,華廈(10層含以下有電梯),住家用,鋼筋混凝土造,1150515,120.03,2,2,2,有,有,11500000,118523,坡道平面,36.08,1550000,預售屋、或土地及建物分件登記案件；,RPVNMLPJQHLGFDB78DA,53.21,0.0,3.03,有,
西屯區,房地(土地+建物)+車位,臺中市西屯區惠中三街５８號四樓之１,11.37,都市：其他:第七種新市政中心專用區,,,1120921,土地1建物1車位1,四層,二十七層,住宅大樓(11層含以上有電梯),住家用,鋼骨鋼筋混凝土造、鋼筋混凝土造,1150622,157.91,3,2,2,有,有,31410000,227424,坡道平面,31.67,2700000,預售屋、或土地及建物分件登記案件；,RPUOMLMKQHLGFCB48DA,77.49,0.0,4.56,有,
西屯區,房地(土地+建物)+車位,臺中市西屯區惠中三街５８號十一樓之１,11.42,都市：其他:第七種新市政中心專用區,,,1120920,土地1建物1車位2,十一層,二十七層,住宅大樓(11層含以上有電梯),住家用,鋼骨鋼筋混凝土造、鋼筋混凝土造,1150622,190.18,2,2,2,有,有,34180000,225323,坡道平面,63.34,5600000,預售屋、或土地及建物分件登記案件；,RPWOMLMKQHLGFCB68DA,77.88,0.0,4.56,有,
西屯區,房地(土地+建物)+車位,臺中市西屯區惠中三街５８號七樓之３,7.08,都市：其他:第七種新市政中心專用區,,,1120908,土地1建物1車位1,七層,二十七層,住宅大樓(11層含以上有電梯),住家用,鋼骨鋼筋混凝土造、鋼筋混凝土造,1150622,109.98,2,2,2,有,有,19550000,220278,坡道平面,31.67,2300000,預售屋、或土地及建物分件登記案件；,RPXPMLMKQHLGFCB88DA,46.32,0.0,4.57,有,
西屯區,房地(土地+建物)+車位,臺中市西屯區惠中三街５８號四樓之６,7.74,都市：其他:第七種新市政中心專用區,,,1120909,土地1建物1車位1,四層,二十七層,住宅大樓(11層含以上有電梯),住家用,鋼骨鋼筋混凝土造、鋼筋混凝土造,1150622,117.56,2,2,2,有,有,19750000,203167,坡道平面,31.67,2300000,預售屋、或土地及建物分件登記案件；,RPQRMLMKQHLGFCB38DA,52.04,0.0,3.77,有,
西屯區,房地(土地+建物)+車位,臺中市西屯區惠中三街５８號七樓之６,7.74,都市：其他:第七種新市政中心專用區,,,1120907,土地1建物1車位1,七層,二十七層,住宅大樓(11層含以上有電梯),住家用,鋼骨鋼筋混凝土造、鋼筋混凝土造,1150622,117.56,2,2,2,有,有,19960000,206776,坡道平面,31.67,2200000,轉讓日期民國115年05月04日。預售屋、或土地及建物分件登記案件；,RPRRMLMKQHLGFCB48DA,52.04,0.0,3.77,有,
西屯區,房地(土地+建物)+車位,臺中市西屯區惠中三街５８號十七樓之７,7.06,都市：其他:第七種新市政中心專用區,,,1120923,土地1建物1車位1,十七層,二十七層,住宅大樓(11層含以上有電梯),住家用,鋼骨鋼筋混凝土造、鋼筋混凝土造,1150622,109.79,2,2,2,有,有,19960000,224782,坡道平面,31.67,2400000,預售屋、或土地及建物分件登記案件；,RPWRMLMKQHLGFCB98DA,46.2,0.0,4.57,有,
西屯區,房地(土地+建物)+車位,臺中市西屯區惠中三街５８號三樓之８,7.02,都市：其他:第七種新市政中心專用區,,,1120911,土地1建物1車位1,三層,二十七層,住宅大樓(11層含以上有電梯),住家用,鋼骨鋼筋混凝土造、鋼筋混凝土造,1150622,109.36,2,2,2,有,有,22510000,256275,坡道平面,31.67,2600000,預售屋、或土地及建物分件登記案件；,RPXRMLMKQHLGFCB09DA,45.91,0.0,4.57,有,
西屯區,房地(土地+建物)+車位,臺中市西屯區惠中三街５８號五樓之８,7.02,都市：其他:第七種新市政中心專用區,,,1120910,土地1建物1車位1,五層,二十七層,住宅大樓(11層含以上有電梯),住家用,鋼骨鋼筋混凝土造、鋼筋混凝土造,1150622,112.27,2,2,2,有,有,19560000,219591,坡道平面,34.58,2500000,預售屋、或土地及建物分件登記案件；,RPOSMLMKQHLGFCB28DA,45.91,0.0,4.57,有,
西屯區,房地(土地+建物)+車位,臺中市西屯區惠中三街５６號九樓之１,7.7,都市：其他:第七種新市政中心專用區,,,1120922,土地1建物1車位1,九層,二十七層,住宅大樓(11層含以上有電梯),住家用,鋼骨鋼筋混凝土造、鋼筋混凝土造,1150622,117.16,2,2,2,有,有,20380000,210317,坡道平面,31.67,2400000,預售屋、或土地及建物分件登記案件；,RPPUMLMKQHLGFCB58DA,51.78,0.0,3.77,有,
西屯區,房地(土地+建物)+車位,臺中市西屯區惠中三街５６號四樓之２,7.08,都市：其他:第七種新市政中心專用區,,,1120913,土地1建物1車位1,四層,二十七層,住宅大樓(11層含以上有電梯),住家用,鋼骨鋼筋混凝土造、鋼筋混凝土造,1150622,107.44,2,2,2,有,有,19310000,218491,坡道平面,29.13,2200000,預售屋、或土地及建物分件登記案件；,RPUUMLMKQHLGFCB09DA,46.32,0.0,4.57,有,
西屯區,房地(土地+建物)+車位,臺中市西屯區惠中三街５６號十七樓之６,7.79,都市：其他:第七種新市政中心專用區,,,1120908,土地1建物1車位1,十七層,二十七層,住宅大樓(11層含以上有電梯),住家用,鋼骨鋼筋混凝土造、鋼筋混凝土造,1150622,118.11,2,2,2,有,有,20890000,212749,坡道平面,31.67,2500000,預售屋、或土地及建物分件登記案件；,RPXWMLMKQHLGFCB96DA,52.41,0.0,3.77,有,
西屯區,房地(土地+建物)+車位,臺中市西屯區惠中三街５６號二十二樓之８,7.06,都市：其他:第七種新市政中心專用區,,,1120913,土地1建物1車位1,二十二層,二十七層,住宅大樓(11層含以上有電梯),住家用,鋼骨鋼筋混凝土造、鋼筋混凝土造,1150622,109.79,2,2,2,有,有,20440000,228367,坡道平面,31.67,2600000,預售屋、或土地及建物分件登記案件；,RPVONLMKQHLGFCB68DA,46.2,0.0,4.57,有,
西屯區,房地(土地+建物)+車位,臺中市西屯區惠中三街５６號二十四樓之８,7.06,都市：其他:第七種新市政中心專用區,,,1120911,土地1建物1車位1,二十四層,二十七層,住宅大樓(11層含以上有電梯),住家用,鋼骨鋼筋混凝土造、鋼筋混凝土造,1150622,109.79,2,2,2,有,有,20560000,229903,坡道平面,31.67,2600000,預售屋、或土地及建物分件登記案件；,RPWONLMKQHLGFCB78DA,46.2,0.0,4.57,有,
西屯區,房地(土地+建物)+車位,臺中市西屯區惠中三街５６號十樓之９,7.7,都市：其他:第七種新市政中心專用區,,,1120917,土地1建物1車位1,十層,二十七層,住宅大樓(11層含以上有電梯),住家用,鋼骨鋼筋混凝土造、鋼筋混凝土造,1150622,117.16,2,2,2,有,有,20360000,210083,坡道平面,31.67,2400000,預售屋、或土地及建物分件登記案件；,RPRPNLMKQHLGFCB38DA,51.78,0.0,3.77,有,
西屯區,房地(土地+建物)+車位,臺中市西屯區惠中三街５６號十七樓之９,7.7,都市：其他:第七種新市政中心專用區,,,1120908,土地1建物1車位1,十七層,二十七層,住宅大樓(11層含以上有電梯),住家用,鋼骨鋼筋混凝土造、鋼筋混凝土造,1150622,117.16,2,2,2,有,有,20810000,214177,坡道平面,31.67,2500000,預售屋、或土地及建物分件登記案件；,RPUPNLMKQHLGFCB68DA,51.78,0.0,3.77,有,
西屯區,房地(土地+建物)+車位,臺中市西屯區惠中三街５８號九樓之８,7.0,都市：其他:第七種新市政中心專用區,,,1120912,土地1建物1車位1,九層,二十七層,住宅大樓(11層含以上有電梯),住家用,鋼骨鋼筋混凝土造、鋼筋混凝土造,1150622,109.16,2,2,2,有,有,19600000,221964,坡道平面,31.67,2400000,預售屋、或土地及建物分件登記案件；,RPSNMLKLQHLGFCB08DA,45.78,0.0,4.57,有,
西屯區,房地(土地+建物)+車位,臺中市西屯區惠中三街５６號十六樓之７,7.06,都市：其他:第七種新市政中心專用區,,,1120912,土地1建物1車位1,十六層,二十七層,住宅大樓(11層含以上有電梯),住家用,鋼骨鋼筋混凝土造、鋼筋混凝土造,1150622,109.79,2,2,2,有,有,20020000,224270,坡道平面,31.67,2500000,預售屋、或土地及建物分件登記案件；,RPSOMLKLQHLGFCB18DA,46.2,0.0,4.57,有,
北屯區,房地(土地+建物)+車位,臺中市北屯區敦富二街３６號五樓之５,11.59,都市：其他:特定商業區,,,1120914,土地1建物1車位1,五層,二十四層,住宅大樓(11層含以上有電梯),辦公用,鋼筋混凝土造,1150414,136.34,0,0,1,有,有,16480000,142014,坡道平面,34.73,2050000,預售屋、或土地及建物分件登記案件；,RPXNMLLLQHLGFBB58DA,58.89,0.0,3.15,有,
西屯區,房地(土地+建物)+車位,臺中市西屯區惠中三街５６號二十五樓之８,7.06,都市：其他:第七種新市政中心專用區,,,1120909,土地1建物1車位1,二十五層,二十七層,住宅大樓(11層含以上有電梯),住家用,鋼骨鋼筋混凝土造、鋼筋混凝土造,1150622,109.79,2,2,2,有,有,20710000,230543,坡道平面,31.67,2700000,預售屋、或土地及建物分件登記案件；,RPXONLMKQHLGFCB88DA,46.2,0.0,4.57,有,
梧棲區,房地(土地+建物)+車位,臺中市梧棲區文心街２１巷８５之３號,26.18,都市：其他:第四種住宅區,,,1120922,土地1建物1車位1,一層,六層,華廈(10層含以下有電梯),住家用,鋼筋混凝土造,1150212,106.41,2,1,2,有,有,9800000,101090,坡道平面,23.81,1450000,預售屋、或土地及建物分件登記案件；,RPROMLRKQHLGFFB98DA,56.09,0.0,0.0,有,
沙鹿區,房地(土地+建物)+車位,臺中市沙鹿區平等六街８７號三樓之３,25.22,都市：其他:第二種住宅區,,,1120807,土地1建物1車位1,三層,七層,華廈(10層含以下有電梯),住家用,鋼筋混凝土造,1150423,110.32,2,1,1,有,無,10320000,111226,坡道平面,33.27,1750000,預售屋、或土地及建物分件登記案件；,RPSNMLMKQHLGFFB48DA,46.79,0.0,3.82,有,
北屯區,房地(土地+建物)+車位,臺中市北屯區昌平東八路１３號八樓之５,35.75,都市：其他:第一之一種住宅區,,,1120826,土地1建物1車位2,八層,十四層,住宅大樓(11層含以上有電梯),住家用,鋼筋混凝土造,1150606,185.69,3,2,2,有,有,25760000,165245,坡道平面,55.52,4250000,民國112年11月2日增購一車位，總價異動為2576萬元整預售屋、或土地及建物分件登記案件；,RPSPMLLKQHLGFBB18DA,76.36,0.0,10.19,有,
西屯區,房地(土地+建物)+車位,臺中市西屯區漢翔路２１１號八樓之７,21.51,都市：其他:第二種住宅區,,,1120831,土地1建物1車位1,八層,十五層,住宅大樓(11層含以上有電梯),住家用,鋼筋混凝土造,1150514,151.05,3,2,2,有,有,25900000,199377,坡道平面,32.18,2200000,預售屋、或土地及建物分件登記案件；,RPSUMLPJQHLGFCB09DA,70.29,0.0,8.33,有,
西屯區,房地(土地+建物)+車位,臺中市西屯區漢翔路２１１號十二樓之５,19.24,都市：其他:第二種住宅區,,,1120811,土地1建物1車位1,十二層,十五層,住宅大樓(11層含以上有電梯),住家用,鋼筋混凝土造,1150514,138.5,3,2,2,有,有,21960000,184913,坡道平面,32.18,2300000,預售屋、或土地及建物分件登記案件；,RPSVMLKKQHLGFCB78DA,62.76,0.0,7.54,有,
西屯區,房地(土地+建物)+車位,臺中市西屯區中清路二段１２５０巷３５號二樓之３,14.21,都市：其他:第二種住宅區,,,1120811,土地4建物1車位1,二層,六層,華廈(10層含以下有電梯),住家用,鋼筋混凝土造,1150512,70.53999999999999,1,1,1,有,有,11800000,170170,升降機械,10.6,1600000,親友、員工、共有人或其他特殊關係間之交易；預售屋、或土地及建物分件登記案件；,RPVRMLTKQHLGFCB96DA,32.06,0.0,3.92,有,
神岡區,房地(土地+建物)+車位,臺中市神岡區神林路９０巷１５之５號六樓之１,29.55,,特定農業區,甲種建築用地,1120822,土地1建物1車位1,六層,九層,華廈(10層含以下有電梯),住家用,鋼筋混凝土造,1150515,146.39,3,2,2,有,有,12850000,102439,坡道平面,36.08,1550000,預售屋、或土地及建物分件登記案件；,RPOOMLLKQHLGFDB87DA,69.63,0.0,4.28,有,
西區,房地(土地+建物)+車位,臺中市西區樂群街３６８號四樓之５,17.88,都市：其他:第二種商業區,,,1120831,土地1建物1車位2,四層,二十四層,住宅大樓(11層含以上有電梯),住家用,鋼筋混凝土造,1150709,233.76,4,2,2,有,有,25900000,133690,坡道平面,72.94,4400000,預售屋、或土地及建物分件登記案件；,RPQNMLMKQHLGFAB77DA,92.11,0.0,14.44,有,
烏日區,房地(土地+建物),臺中市烏日區光明路４７巷２９弄８號,98.52,都市：其他:農業區,,,1120830,土地4建物1車位0,全,三層,透天厝,住家用,鋼筋混凝土造,1150423,160.69,4,2,4,有,有,21800000,135665,,0.0,0,本案於民國115年05月29日讓渡一等親讓渡。預售屋、或土地及建物分件登記案件；,RPVOMLMKQHLGFIB56DA,149.13,0.0,11.56,無,
沙鹿區,房地(土地+建物)+車位,臺中市沙鹿區平等六街８９號之２,23.43,都市：其他:第二種住宅區,,,1120718,土地1建物1車位1,一層,七層,華廈(10層含以下有電梯),住家用,鋼筋混凝土造,1150423,105.35,2,1,1,有,無,9500000,107519,坡道平面,33.27,1750000,預售屋、或土地及建物分件登記案件；,RPOOMLOJNHLGFFB97DA,47.35,0.0,0.0,有,
南區,房地(土地+建物)+車位,臺中市南區新華街１５８號二十六樓之１２,17.74,都市：其他:第五種住宅區,,,1120717,土地3建物1車位2,二十六層,二十六層,住宅大樓(11層含以上有電梯),住家用,鋼筋混凝土造,1150528,189.64,3,2,2,有,有,24120000,154545,坡道平面,62.04,4400000,預售屋、或土地及建物分件登記案件；,RPXVMLTLOHLGFAB27DA,76.68,0.0,7.71,有,
北屯區,房地(土地+建物)+車位,臺中市北屯區崇德十六路８號七樓之１,51.11,都市：其他:第一之一種住宅區,,,1120722,土地1建物1車位2,七層,二十三層,住宅大樓(11層含以上有電梯),住家用,鋼筋混凝土造,1150630,272.51,4,2,2,有,有,39450000,181037,坡道平面,82.77,5100000,預售屋、或土地及建物分件登記案件；,RPSPMLNJQHLGFBB28DA,111.16,0.0,11.89,有,
北屯區,房地(土地+建物)+車位,臺中市北屯區崇德十六路８號十七樓之２,51.15,都市：其他:第一之一種住宅區,,,1120710,土地1建物1車位2,十七層,二十三層,住宅大樓(11層含以上有電梯),住家用,鋼筋混凝土造,1150630,255.23000000000002,4,2,2,有,有,39370000,182168,坡道平面,65.46,4800000,預售屋、或土地及建物分件登記案件；,RPVSMLNJQHLGFBB88DA,111.16,0.0,11.89,有,
烏日區,房地(土地+建物)+車位,臺中市烏日區日新街５６巷３號三樓之２,32.07,都市：其他:第三種住宅區。,,,1120725,土地1建物1車位1,三層,十一層,住宅大樓(11層含以上有電梯),住家用,鋼筋混凝土造,1150513,160.62,3,2,2,有,有,16380000,109835,坡道平面,26.51,1650000,預售屋、或土地及建物分件登記案件；,RPRRMLOJPHLGFIB09DA,80.26,0.0,7.13,有,
烏日區,房地(土地+建物)+車位,臺中市烏日區日新街５６巷３號五樓之５,29.73,都市：其他:第三種住宅區。,,,1120729,土地1建物1車位1,五層,十一層,住宅大樓(11層含以上有電梯),住家用,鋼筋混凝土造,1150513,150.18,3,2,2,有,有,15980000,113540,坡道平面,25.29,1800000,115.03.21預售屋讓渡，讓渡關係:配偶。預售屋、或土地及建物分件登記案件；,RPXSMLOJPHLGFIB17DA,73.8,0.0,7.58,有,
西屯區,房地(土地+建物)+車位,臺中市西屯區漢翔路２１１號十一樓之３,14.95,都市：其他:第二種住宅區,,,1120729,土地1建物1車位1,十一層,十五層,住宅大樓(11層含以上有電梯),住家用,鋼筋混凝土造,1150514,114.77000000000001,2,2,1,有,有,17230000,179562,坡道平面,32.18,2400000,預售屋、或土地及建物分件登記案件；,RPTSMLPJQHLGFCB98DA,48.86,0.0,5.78,有,
西屯區,房地(土地+建物)+車位,臺中市西屯區漢翔路２１１號九樓之５,19.24,都市：其他:第二種住宅區,,,1120711,土地1建物1車位1,九層,十五層,住宅大樓(11層含以上有電梯),住家用,鋼筋混凝土造,1150514,138.5,3,2,2,有,有,21800000,182468,坡道平面,32.18,2400000,預售屋、或土地及建物分件登記案件；,RPWUMLPJQHLGFCB86DA,62.76,0.0,7.54,有,
西屯區,房地(土地+建物)+車位,臺中市西屯區漢翔路２１１號十三樓之２,14.95,都市：其他:第二種住宅區,,,1120718,土地1建物1車位1,十三層,十五層,住宅大樓(11層含以上有電梯),住家用,鋼筋混凝土造,1150514,114.82,2,2,1,有,有,18100000,189981,坡道平面,32.18,2400000,預售屋、或土地及建物分件登記案件；,RPVVMLKKQHLGFCB09DA,48.86,0.0,5.78,有,
西屯區,房地(土地+建物)+車位,臺中市西屯區惠中三街５６號十六樓之８,7.06,都市：其他:第七種新市政中心專用區,,,1120716,土地1建物1車位1,十六層,二十七層,住宅大樓(11層含以上有電梯),住家用,鋼骨鋼筋混凝土造、鋼筋混凝土造,1150622,109.79,2,2,2,有,有,18510000,207501,坡道平面,31.67,2300000,預售屋含有裝潢費，於民國112年11月26日雙方協議退裝潢費。轉讓日期民國115年04月24日。預售屋、或土地及建物分件登記案件；,RPXPMLOKQHLGFCB09DA,46.2,0.0,4.57,有,
烏日區,房地(土地+建物),臺中市烏日區光明路４７巷８號,108.01,都市：其他:農業區,,,1120716,土地4建物1車位0,全,三層,透天厝,住家用,鋼筋混凝土造,1150423,160.32,4,2,4,有,有,22000000,137226,,0.0,0,本案於民國114年11月27日讓渡一等親讓渡。預售屋、或土地及建物分件登記案件；,RPRNMLMKQHLGFIB68DA,149.2,0.0,11.12,無,
烏日區,房地(土地+建物),臺中市烏日區光明路４７巷４０號,130.5,都市：其他:農業區,,,1120705,土地4建物1車位0,全,四層,透天厝,住家用,鋼筋混凝土造,1150423,231.39,5,2,5,有,有,25700000,111068,,0.0,0,本案於民國115年月04日13日讓渡共有人讓渡；本案於民國115年06月23日讓渡一等親讓渡。預售屋、或土地及建物分件登記案件；,RPVNMLMKQHLGFIB09DA,226.95,0.0,4.44,無,
烏日區,房地(土地+建物),臺中市烏日區光明路４７巷２９弄３６號,63.44,都市：其他:農業區,,,1120707,土地4建物1車位0,全,四層,透天厝,住家用,鋼筋混凝土造,1150423,158.16,5,2,4,有,有,19700000,124557,,0.0,0,預售屋、或土地及建物分件登記案件；,RPXOMLMKQHLGFIB76DA,154.6,0.0,3.56,無,
北屯區,房地(土地+建物)+車位,臺中市北屯區崇德二路二段２６６號八樓之３,17.53,都市：其他:第一種商業區,,,1120629,土地1建物1車位1,八層,二十二層,住宅大樓(11層含以上有電梯),住家用,鋼筋混凝土造,1150121,152.39,3,2,2,有,有,22600000,166423,坡道平面,29.21,2100000,民國115年7月1日讓渡讓渡金額2200萬元整預售屋、或土地及建物分件登記案件；,RPRPMLMKQHLGFBB18DA,74.45,0.0,7.06,有,
沙鹿區,房地(土地+建物)+車位,臺中市沙鹿區平等六街８７號四樓之５,28.35,都市：其他:第二種住宅區,,,1120630,土地1建物1車位1,四層,七層,華廈(10層含以下有電梯),住家用,鋼筋混凝土造,1150423,120.55000000000001,2,1,1,有,無,11680000,113772,坡道平面,33.27,1750000,預售屋、或土地及建物分件登記案件；,RPOOMLSKOHLGFFB58DA,54.21,0.0,3.13,有,
東勢區,房地(土地+建物),臺中市東勢區東關路六段２６２巷３１號,89.67,都市：其他:住宅區,,,1120603,土地5建物1車位0,全,三層,透天厝,住家用,鋼筋混凝土造,1141023,140.26,4,2,3,有,有,11520000,82133,,0.0,0,115.04.28讓渡.讓渡金額新台幣1152萬元整未登記建物；預售屋、或土地及建物分件登記案件；,RPTNMLQLPHLGFGB09DA,128.53,0.0,11.73,無,
南區,房地(土地+建物)+車位,臺中市南區新華街１５８號一樓之１１,18.27,都市：其他:第五種住宅區,,,1120620,土地3建物1車位3,一層,二十六層,住宅大樓(11層含以上有電梯),住家用,鋼筋混凝土造,1150528,224.75,3,2,2,有,有,27160000,156124,坡道平面,93.06,6600000,預售屋、或土地及建物分件登記案件；,RPQSMLOLPHLGFAB48DA,87.09,0.0,0.0,有,
北屯區,房地(土地+建物)+車位,臺中市北屯區崇德十六路８號十六樓之１,51.15,都市：其他:第一之一種住宅區,,,1120629,土地1建物1車位1,十六層,二十三層,住宅大樓(11層含以上有電梯),住家用,鋼筋混凝土造,1150630,222.5,4,2,2,有,有,38550000,190494,坡道平面,32.73,2400000,預售屋、或土地及建物分件登記案件；,RPSQMLNJQHLGFBB38DA,111.16,0.0,11.89,有,
北屯區,房地(土地+建物)+車位,臺中市北屯區崇德十六路８號十九樓之２,51.15,都市：其他:第一之一種住宅區,,,1120629,土地1建物1車位2,十九層,二十三層,住宅大樓(11層含以上有電梯),住家用,鋼筋混凝土造,1150630,255.23000000000002,4,2,2,有,有,39440000,183064,坡道平面,65.46,4700000,預售屋、或土地及建物分件登記案件；,RPXSMLNJQHLGFBB09DA,111.16,0.0,11.89,有,
北屯區,房地(土地+建物)+車位,臺中市北屯區崇德十六路８號八樓之３,40.9,都市：其他:第一之一種住宅區,,,1120609,土地1建物1車位2,八層,二十三層,住宅大樓(11層含以上有電梯),住家用,鋼筋混凝土造,1150630,217.2,3,2,2,有,有,31680000,177145,坡道平面,65.46,4800000,預售屋、或土地及建物分件登記案件；,RPUOMLPJQHLGFBB58DA,91.55,0.0,6.89,有,
北屯區,房地(土地+建物)+車位,臺中市北屯區崇德十六路８號十樓之５,40.9,都市：其他:第一之一種住宅區,,,1120602,土地1建物1車位2,十層,二十三層,住宅大樓(11層含以上有電梯),住家用,鋼筋混凝土造,1150630,217.2,3,2,2,有,有,32010000,181956,坡道平面,65.46,4400000,預售屋、或土地及建物分件登記案件；,RPQPMLPJQHLGFBB28DA,91.55,0.0,6.89,有,
北屯區,房地(土地+建物)+車位,臺中市北屯區崇德十六路８號三樓之３,40.9,都市：其他:第一之一種住宅區,,,1120623,土地1建物1車位2,三層,二十三層,住宅大樓(11層含以上有電梯),住家用,鋼筋混凝土造,1150630,217.2,3,2,2,有,有,31010000,175366,坡道平面,65.46,4400000,本戶於115年04月09日辦理讓渡配偶，讓渡金額不變。預售屋、或土地及建物分件登記案件；,RPWNMLQJQHLGFBB78DA,91.55,0.0,6.89,有,
北屯區,房地(土地+建物)+車位,臺中市北屯區崇德十六路８號十二樓之３,40.9,都市：其他:第一之一種住宅區,,,1120610,土地1建物1車位2,十二層,二十三層,住宅大樓(11層含以上有電梯),住家用,鋼筋混凝土造,1150630,217.2,3,2,2,有,有,30610000,178661,坡道平面,65.46,3500000,本戶於115年05月22日辦理讓渡配偶，讓渡金額不變。預售屋、或土地及建物分件登記案件；,RPXNMLQJQHLGFBB88DA,91.55,0.0,6.89,有,
西屯區,房地(土地+建物)+車位,臺中市西屯區漢翔路２１１號十樓之３,14.95,都市：其他:第二種住宅區,,,1120616,土地1建物1車位1,十層,十五層,住宅大樓(11層含以上有電梯),住家用,鋼筋混凝土造,1150514,114.77000000000001,2,2,1,有,有,17010000,179320,坡道平面,32.18,2200000,預售屋、或土地及建物分件登記案件；,RPXRMLPJQHLGFCB66DA,48.86,0.0,5.78,有,
西屯區,房地(土地+建物)+車位,臺中市西屯區漢翔路２１１號九樓之１,21.68,都市：其他:第二種住宅區,,,1120626,土地1建物1車位1,九層,十五層,住宅大樓(11層含以上有電梯),住家用,鋼筋混凝土造,1150514,152.01999999999998,3,2,2,有,有,27400000,208611,坡道平面,32.18,2400000,預售屋、或土地及建物分件登記案件；,RPTUMLPJQHLGFCB56DA,70.93,0.0,8.32,有,
西區,房地(土地+建物)+車位,臺中市西區樂群街３６８號八樓之６,15.88,都市：其他:第二種商業區,,,1120627,土地1建物1車位1,八層,二十四層,住宅大樓(11層含以上有電梯),住家用,鋼筋混凝土造,1150709,179.81,3,2,2,有,有,22250000,139877,坡道平面,36.47,2200000,預售屋、或土地及建物分件登記案件；,RPPOMLMKQHLGFAB77DA,83.31,0.0,11.66,有,
北屯區,房地(土地+建物)+車位,臺中市北屯區榮德一路３５９號六樓之３,27.36,都市：其他:第一之一種住宅區,,,1120629,土地2建物1車位1,六層,七層,華廈(10層含以下有電梯),住家用,鋼筋混凝土造,1150428,103.00999999999999,2,2,2,有,無,14850000,166257,坡道平面,25.72,2000000,於民國114年9月4號子母之間讓渡於民國115年6月17號祖孫之間讓渡預售屋、或土地及建物分件登記案件；,RPTQMLNKQHLGFBB58DA,46.09,0.0,5.3,有,
北屯區,房地(土地+建物)+車位,臺中市北屯區榮德一路３５９號四樓之２,27.36,都市：其他:第一之一種住宅區,,,1120630,土地2建物1車位1,四層,七層,華廈(10層含以下有電梯),住家用,鋼筋混凝土造,1150428,103.00999999999999,2,2,2,有,無,14500000,164316,坡道平面,25.72,1800000,預售屋、或土地及建物分件登記案件；,RPUSNLOKQHLGFBB09DA,46.09,0.0,5.3,有,
西屯區,房地(土地+建物)+車位,臺中市西屯區惠中三街５８號十九樓之１,11.42,都市：其他:第七種新市政中心專用區,,,1120619,土地1建物1車位1,十九層,二十七層,住宅大樓(11層含以上有電梯),住家用,鋼骨鋼筋混凝土造、鋼筋混凝土造,1150622,158.51,2,2,2,有,有,31660000,229108,坡道平面,31.67,2600000,預售屋、或土地及建物分件登記案件；,RPOPMLMKQHLGFCB97DA,77.88,0.0,4.56,有,
西屯區,房地(土地+建物)+車位,臺中市西屯區惠中三街５８號八樓之２,7.02,都市：其他:第七種新市政中心專用區,,,1120610,土地1建物1車位1,八層,二十七層,住宅大樓(11層含以上有電梯),住家用,鋼骨鋼筋混凝土造、鋼筋混凝土造,1150622,109.36,2,2,2,有,有,19980000,222422,坡道平面,31.67,2700000,轉讓日期民國115年02月24日。預售屋、或土地及建物分件登記案件；,RPQPMLMKQHLGFCB18DA,45.91,0.0,4.57,有,
西屯區,房地(土地+建物)+車位,臺中市西屯區惠中三街５８號十三樓之２,7.0,都市：其他:第七種新市政中心專用區,,,1120609,土地1建物1車位1,十三層,二十七層,住宅大樓(11層含以上有電梯),住家用,鋼骨鋼筋混凝土造、鋼筋混凝土造,1150622,109.16,2,2,2,有,有,19960000,225319,坡道平面,31.67,2500000,轉讓日期民國113年07月15日。預售屋、或土地及建物分件登記案件；,RPTPMLMKQHLGFCB48DA,45.78,0.0,4.57,有,
西屯區,房地(土地+建物)+車位,臺中市西屯區惠中三街５８號十四樓之２,7.0,都市：其他:第七種新市政中心專用區,,,1120610,土地1建物1車位1,十四層,二十七層,住宅大樓(11層含以上有電梯),住家用,鋼骨鋼筋混凝土造、鋼筋混凝土造,1150622,109.16,2,2,2,有,有,20170000,228029,坡道平面,31.67,2500000,預售屋、或土地及建物分件登記案件；,RPUPMLMKQHLGFCB58DA,45.78,0.0,4.57,有,
西屯區,房地(土地+建物)+車位,臺中市西屯區惠中三街５８號十一樓之３,7.06,都市：其他:第七種新市政中心專用區,,,1120607,土地1建物1車位1,十一層,二十七層,住宅大樓(11層含以上有電梯),住家用,鋼骨鋼筋混凝土造、鋼筋混凝土造,1150622,109.79,2,2,2,有,有,19800000,222734,坡道平面,31.67,2400000,轉讓日期民國114年05月08日。預售屋、或土地及建物分件登記案件；,RPOQMLMKQHLGFCB08DA,46.2,0.0,4.57,有,
西屯區,房地(土地+建物)+車位,臺中市西屯區惠中三街５８號十七樓之３,7.06,都市：其他:第七種新市政中心專用區,,,1120630,土地1建物1車位1,十七層,二十七層,住宅大樓(11層含以上有電梯),住家用,鋼骨鋼筋混凝土造、鋼筋混凝土造,1150622,109.79,2,2,2,有,有,20280000,226318,坡道平面,31.67,2600000,轉讓日期民國115年4月29日。預售屋、或土地及建物分件登記案件；,RPPQMLMKQHLGFCB18DA,46.2,0.0,4.57,有,
西屯區,房地(土地+建物)+車位,臺中市西屯區惠中三街５８號十五樓之５,7.79,都市：其他:第七種新市政中心專用區,,,1120621,土地1建物1車位1,十五層,二十七層,住宅大樓(11層含以上有電梯),住家用,鋼骨鋼筋混凝土造、鋼筋混凝土造,1150622,118.11,2,2,2,有,有,20740000,211013,坡道平面,31.67,2500000,轉售價格新台幣2157萬元整含車位，轉售日期民國113年12月21日。預售屋、或土地及建物分件登記案件；,RPXQMLMKQHLGFCB98DA,52.41,0.0,3.77,有,
西屯區,房地(土地+建物)+車位,臺中市西屯區惠中三街５８號九樓之６,7.79,都市：其他:第七種新市政中心專用區,,,1120603,土地1建物1車位1,九層,二十七層,住宅大樓(11層含以上有電梯),住家用,鋼骨鋼筋混凝土造、鋼筋混凝土造,1150622,118.11,2,2,2,有,有,20380000,208006,坡道平面,31.67,2400000,轉售價格新台幣1970萬元整含車位，轉售日期民國115年01月28日。預售屋、或土地及建物分件登記案件；,RPSRMLMKQHLGFCB58DA,52.41,0.0,3.77,有,
西屯區,房地(土地+建物)+車位,臺中市西屯區惠中三街５８號六樓之９,11.37,都市：其他:第七種新市政中心專用區,,,1120601,土地1建物1車位2,六層,二十七層,住宅大樓(11層含以上有電梯),住家用,鋼骨鋼筋混凝土造、鋼筋混凝土造,1150622,189.57999999999998,3,2,2,有,有,34190000,228058,坡道平面,63.34,5400000,轉讓日期民國115年04月20日。預售屋、或土地及建物分件登記案件；,RPWSMLMKQHLGFCB09DA,77.49,0.0,4.56,有,
西屯區,房地(土地+建物)+車位,臺中市西屯區惠中三街５８號十一樓之９,11.42,都市：其他:第七種新市政中心專用區,,,1120626,土地1建物1車位2,十一層,二十七層,住宅大樓(11層含以上有電梯),住家用,鋼骨鋼筋混凝土造、鋼筋混凝土造,1150622,190.18,2,2,2,有,有,33770000,223668,坡道平面,63.34,5400000,預售屋、或土地及建物分件登記案件；,RPXSMLMKQHLGFCB56DA,77.88,0.0,4.56,有,
西屯區,房地(土地+建物)+車位,臺中市西屯區惠中三街５６號七樓之１,7.65,都市：其他:第七種新市政中心專用區,,,1120603,土地1建物1車位1,七層,二十七層,住宅大樓(11層含以上有電梯),住家用,鋼骨鋼筋混凝土造、鋼筋混凝土造,1150622,116.52,2,2,2,有,有,20050000,209168,坡道平面,31.67,2300000,轉讓日期民國115年04月02日。預售屋、或土地及建物分件登記案件；,RPOUMLMKQHLGFCB48DA,51.38,0.0,3.77,有,
西屯區,房地(土地+建物)+車位,臺中市西屯區惠中三街５６號十二樓之２,7.06,都市：其他:第七種新市政中心專用區,,,1120618,土地1建物1車位1,十二層,二十七層,住宅大樓(11層含以上有電梯),住家用,鋼骨鋼筋混凝土造、鋼筋混凝土造,1150622,109.79,2,2,2,有,有,19920000,224270,坡道平面,31.67,2400000,轉讓日期民國115年03月12日。預售屋、或土地及建物分件登記案件；,RPVUMLMKQHLGFCB56DA,46.2,0.0,4.57,有,
西屯區,房地(土地+建物)+車位,臺中市西屯區惠中三街５６號二十二樓之３,7.06,都市：其他:第七種新市政中心專用區,,,1120605,土地1建物1車位2,二十二層,二十七層,住宅大樓(11層含以上有電梯),住家用,鋼骨鋼筋混凝土造、鋼筋混凝土造,1150622,141.46,2,2,2,有,有,23110000,229233,坡道平面,63.34,5200000,預售屋、或土地及建物分件登記案件；,RPPWMLMKQHLGFCB78DA,46.2,0.0,4.57,有,
西屯區,房地(土地+建物)+車位,臺中市西屯區惠中三街５６號十八樓之６,7.79,都市：其他:第七種新市政中心專用區,,,1120603,土地1建物1車位1,十八層,二十七層,住宅大樓(11層含以上有電梯),住家用,鋼骨鋼筋混凝土造、鋼筋混凝土造,1150622,118.11,2,2,2,有,有,20950000,213443,坡道平面,31.67,2500000,預售屋、或土地及建物分件登記案件；,RPONNLMKQHLGFCB87DA,52.41,0.0,3.77,有,
西屯區,房地(土地+建物)+車位,臺中市西屯區惠中三街５６號十九樓之６,7.79,都市：其他:第七種新市政中心專用區,,,1120607,土地1建物1車位1,十九層,二十七層,住宅大樓(11層含以上有電梯),住家用,鋼骨鋼筋混凝土造、鋼筋混凝土造,1150622,118.11,2,2,2,有,有,21000000,214021,坡道平面,31.67,2500000,預售屋、或土地及建物分件登記案件；,RPPNNLMKQHLGFCB97DA,52.41,0.0,3.77,有,
西屯區,房地(土地+建物)+車位,臺中市西屯區惠中三街５６號二十樓之７,7.06,都市：其他:第七種新市政中心專用區,,,1120622,土地1建物1車位1,二十層,二十七層,住宅大樓(11層含以上有電梯),住家用,鋼骨鋼筋混凝土造、鋼筋混凝土造,1150622,109.79,2,2,2,有,有,20300000,226575,坡道平面,31.67,2600000,轉讓日期民國115年2月4日。預售屋、或土地及建物分件登記案件；,RPUNNLMKQHLGFCB48DA,46.2,0.0,4.57,有,
西屯區,房地(土地+建物)+車位,臺中市西屯區惠中三街５６號五樓之８,7.08,都市：其他:第七種新市政中心專用區,,,1120602,土地1建物1車位1,五層,二十七層,住宅大樓(11層含以上有電梯),住家用,鋼骨鋼筋混凝土造、鋼筋混凝土造,1150622,109.98,2,2,2,有,有,19340000,217597,坡道平面,31.67,2300000,轉讓日期民國115年05月27日。預售屋、或土地及建物分件登記案件；,RPOONLMKQHLGFCB97DA,46.32,0.0,4.57,有,
西屯區,房地(土地+建物)+車位,臺中市西屯區惠中三街５６號二十一樓之５,7.79,都市：其他:第七種新市政中心專用區,,,1120608,土地1建物1車位1,二十一層,二十七層,住宅大樓(11層含以上有電梯),住家用,鋼骨鋼筋混凝土造、鋼筋混凝土造,1150622,118.11,2,2,2,有,有,21150000,214600,坡道平面,31.67,2600000,轉售價格新台幣2230萬元整含車位，轉售日期民國113年10月10日。轉讓日期民國115年04月10日。預售屋、或土地及建物分件登記案件；,RPVPMLOKQHLGFCB88DA,52.41,0.0,3.77,有,
西屯區,房地(土地+建物)+車位,臺中市西屯區惠中三街５８號十七樓之８,7.0,都市：其他:第七種新市政中心專用區,,,1120604,土地1建物1車位1,十七層,二十七層,住宅大樓(11層含以上有電梯),住家用,鋼骨鋼筋混凝土造、鋼筋混凝土造,1150622,109.16,2,2,2,有,有,20170000,226739,坡道平面,31.67,2600000,轉讓日期民國115年01月16日。預售屋、或土地及建物分件登記案件；,RPTNMLKLQHLGFCB18DA,45.78,0.0,4.57,有,
西屯區,房地(土地+建物)+車位,臺中市西屯區惠中三街５８號十五樓之９,11.42,都市：其他:第七種新市政中心專用區,,,1120607,土地1建物1車位2,十五層,二十七層,住宅大樓(11層含以上有電梯),住家用,鋼骨鋼筋混凝土造、鋼筋混凝土造,1150622,190.18,2,2,2,有,有,34090000,226190,坡道平面,63.34,5400000,預售屋、或土地及建物分件登記案件；,RPUNMLKLQHLGFCB28DA,77.88,0.0,4.56,有,
西屯區,房地(土地+建物)+車位,臺中市西屯區惠中三街５６號十八樓之１,7.7,都市：其他:第七種新市政中心專用區,,,1120608,土地1建物1車位1,十八層,二十七層,住宅大樓(11層含以上有電梯),住家用,鋼骨鋼筋混凝土造、鋼筋混凝土造,1150622,117.16,2,2,2,有,有,20950000,215815,坡道平面,31.67,2500000,預售屋、或土地及建物分件登記案件；,RPVNMLKLQHLGFCB38DA,51.78,0.0,3.77,有,
西屯區,房地(土地+建物)+車位,臺中市西屯區惠中三街５６號十樓之７,7.06,都市：其他:第七種新市政中心專用區,,,1120608,土地1建物1車位1,十層,二十七層,住宅大樓(11層含以上有電梯),住家用,鋼骨鋼筋混凝土造、鋼筋混凝土造,1150622,109.79,2,2,2,有,有,19640000,220686,坡道平面,31.67,2400000,預售屋、或土地及建物分件登記案件；,RPROMLKLQHLGFCB08DA,46.2,0.0,4.57,有,
西屯區,房地(土地+建物)+車位,臺中市西屯區惠中三街５８號十五樓之１,11.42,都市：其他:第七種新市政中心專用區,,,1120607,土地1建物1車位2,十五層,二十七層,住宅大樓(11層含以上有電梯),住家用,鋼骨鋼筋混凝土造、鋼筋混凝土造,1150622,190.18,2,2,2,有,有,34300000,227846,坡道平面,63.34,5400000,轉讓日期民國114年11月28日。預售屋、或土地及建物分件登記案件；,RPSNMLLLQHLGFCB18DA,77.88,0.0,4.56,有,
西屯區,房地(土地+建物)+車位,臺中市西屯區惠中三街５８號九樓之２,7.0,都市：其他:第七種新市政中心專用區,,,1120609,土地1建物1車位1,九層,二十七層,住宅大樓(11層含以上有電梯),住家用,鋼骨鋼筋混凝土造、鋼筋混凝土造,1150622,109.16,2,2,2,有,有,19570000,222867,坡道平面,31.67,2300000,轉售價格新台幣2030萬元整含車位，轉售日期民國113年12月03日。預售屋、或土地及建物分件登記案件；,RPVNMLLLQHLGFCB48DA,45.78,0.0,4.57,有,
北屯區,房地(土地+建物)+車位,臺中市北屯區昌平東八路１３號六樓之３,35.75,都市：其他:第一之一種住宅區,,,1120608,土地1建物1車位1,六層,十四層,住宅大樓(11層含以上有電梯),住家用,鋼筋混凝土造,1150606,157.93,3,2,2,有,有,23300000,163248,坡道平面,27.76,2050000,預售屋、或土地及建物分件登記案件；,RPUQMLOLOHLGFBB68DA,76.36,0.0,10.19,有,
北屯區,房地(土地+建物)+車位,臺中市北屯區昌平東八路１３號四樓之５,35.75,都市：其他:第一之一種住宅區,,,1120617,土地1建物1車位1,四層,十四層,住宅大樓(11層含以上有電梯),住家用,鋼筋混凝土造,1150606,157.93,3,2,2,有,有,22960000,160636,坡道平面,27.76,2050000,預售屋、或土地及建物分件登記案件；,RPOSMLOLOHLGFBB28DA,76.36,0.0,10.19,有,
西屯區,房地(土地+建物)+車位,臺中市西屯區惠中三街５６號十六樓之６,7.79,都市：其他:第七種新市政中心專用區,,,1120603,土地1建物1車位1,十六層,二十七層,住宅大樓(11層含以上有電梯),住家用,鋼骨鋼筋混凝土造、鋼筋混凝土造,1150622,118.11,2,2,2,有,有,20740000,212170,坡道平面,31.67,2400000,轉讓日期民國115年4月21日。預售屋、或土地及建物分件登記案件；,RPWWMLMKQHLGFCB86DA,52.41,0.0,3.77,有,
烏日區,房地(土地+建物),臺中市烏日區光明路４７巷１３號,118.48,都市：其他:農業區,,,1120630,土地4建物1車位0,全,三層,透天厝,住家用,鋼筋混凝土造,1150423,200.76,4,2,4,有,有,25100000,125025,,0.0,0,預售屋、或土地及建物分件登記案件；,RPWNMLMKQHLGFIB56DA,185.89,0.0,14.87,無,
烏日區,房地(土地+建物),臺中市烏日區光明路４７巷９弄２６號,123.93,都市：其他:農業區,,,1120623,土地4建物1車位0,全,四層,透天厝,住家用,鋼筋混凝土造,1150423,186.42,4,2,3,有,有,23780000,127568,,0.0,0,本案於民國115年04月14日讓渡第三人讓渡。預售屋、或土地及建物分件登記案件；,RPSPMLMKQHLGFIB98DA,181.7,0.0,4.44,無,
南區,房地(土地+建物)+車位,臺中市南區新華街１５８號二十三樓之５,18.27,都市：其他:第五種住宅區,,,1120506,土地3建物1車位2,二十三層,二十六層,住宅大樓(11層含以上有電梯),住家用,鋼筋混凝土造,1150528,193.64,3,2,2,有,有,24300000,154255,坡道平面,62.04,4000000,預售屋、或土地及建物分件登記案件；,RPOTMLTLOHLGFAB78DA,78.63,0.0,8.37,有,
南區,房地(土地+建物)+車位,臺中市南區新華街１５８號十三樓之９,18.06,都市：其他:第五種住宅區,,,1120515,土地3建物1車位2,十三層,二十六層,住宅大樓(11層含以上有電梯),住家用,鋼筋混凝土造,1150528,191.87,3,2,2,有,有,21760000,146807,坡道平面,62.04,2700000,115.3.9配偶間讓渡。預售屋、或土地及建物分件登記案件；,RPXRMLOLPHLGFAB09DA,77.1,0.0,8.65,有,
南區,房地(土地+建物)+車位,臺中市南區永和街１２５巷１６弄８號五樓之１,16.74,都市：其他:第二種住宅區,,,1120511,土地1建物1車位1,五層,十層,華廈(10層含以下有電梯),住家用,鋼筋混凝土造,1150510,112.44,3,2,2,有,有,12100000,138794,坡道平面,38.95,1900000,於113.08.30  讓渡      金額：平移預售屋、或土地及建物分件登記案件；,RPQNMLLJPHLGFAB47DA,43.24,0.0,3.32,有,
西屯區,房地(土地+建物)+車位,臺中市西屯區漢翔路２１１號十樓之７,21.51,都市：其他:第二種住宅區,,,1120506,土地1建物1車位1,十層,十五層,住宅大樓(11層含以上有電梯),住家用,鋼筋混凝土造,1150514,151.05,3,2,2,有,有,26080000,200050,坡道平面,32.18,2300000,預售屋、或土地及建物分件登記案件；,RPQSMLPJQHLGFCB68DA,70.29,0.0,8.33,有,
神岡區,房地(土地+建物)+車位,臺中市神岡區神林路９０巷１５之５號五樓之６,22.17,,特定農業區,甲種建築用地,1120523,土地1建物1車位1,五層,九層,華廈(10層含以下有電梯),住家用,鋼筋混凝土造,1150515,118.91,2,2,2,有,有,9660000,99119,坡道平面,36.08,1450000,預售屋、或土地及建物分件登記案件；,RPSOMLNKQHLGFDB48DA,52.46,0.0,3.03,有,
西區,房地(土地+建物)+車位,臺中市西區樂群街３６８號五樓之６,15.88,都市：其他:第二種商業區,,,1120515,土地1建物1車位1,五層,二十四層,住宅大樓(11層含以上有電梯),住家用,鋼筋混凝土造,1150709,179.91,3,2,2,有,有,21480000,134412,坡道平面,36.47,2200000,預售屋、或土地及建物分件登記案件；,RPSNMLMKQHLGFAB97DA,83.31,0.0,11.76,有,
西區,房地(土地+建物)+車位,臺中市西區樂群街３６８號七樓之５,17.88,都市：其他:第二種商業區,,,1120503,土地1建物1車位1,七層,二十四層,住宅大樓(11層含以上有電梯),住家用,鋼筋混凝土造,1150709,197.29,4,2,2,有,有,23800000,134312,坡道平面,36.47,2200000,預售屋、或土地及建物分件登記案件；,RPVNMLMKQHLGFAB28DA,92.11,0.0,14.44,有,
大雅區,房地(土地+建物)+車位,臺中市大雅區學府路４５２巷１８號四樓之３,24.13,都市：其他:第二種住宅區,,,1120522,土地1建物1車位1,四層,九層,華廈(10層含以下有電梯),住家用,鋼筋混凝土造,1150411,113.22,2,2,2,有,有,12280000,136808,坡道平面,35.52,1650000,預售屋、或土地及建物分件登記案件；,RPSNMLKLQHLGFHB58DA,45.28,0.0,5.24,有,
西屯區,房地(土地+建物)+車位,臺中市西屯區惠中三街５６號二十七樓之７,7.06,都市：其他:第七種新市政中心專用區,,,1120531,土地1建物1車位1,二十七層,二十七層,住宅大樓(11層含以上有電梯),住家用,鋼骨鋼筋混凝土造、鋼筋混凝土造,1150622,109.79,2,2,2,有,有,20750000,231055,坡道平面,31.67,2700000,轉讓日期民國115年06月11日。預售屋、或土地及建物分件登記案件；,RPXNNLMKQHLGFCB78DA,46.2,0.0,4.57,有,
西屯區,房地(土地+建物)+車位,臺中市西屯區惠中三街５８號十三樓之１,11.42,都市：其他:第七種新市政中心專用區,,,1120531,土地1建物1車位2,十三層,二十七層,住宅大樓(11層含以上有電梯),住家用,鋼骨鋼筋混凝土造、鋼筋混凝土造,1150622,190.18,2,2,2,有,有,34140000,226585,坡道平面,63.34,5400000,轉售價格新台幣3330萬元整含車位，轉售日期民國115年05月19日。預售屋、或土地及建物分件登記案件；,RPQNMLKLQHLGFCB87DA,77.88,0.0,4.56,有,
西屯區,房地(土地+建物)+車位,臺中市西屯區惠中三街５６號五樓之５,7.74,都市：其他:第七種新市政中心專用區,,,1120531,土地1建物1車位1,五層,二十七層,住宅大樓(11層含以上有電梯),住家用,鋼骨鋼筋混凝土造、鋼筋混凝土造,1150622,117.56,2,2,2,有,有,19800000,204913,坡道平面,31.67,2200000,預售屋、或土地及建物分件登記案件；,RPOOMLKLQHLGFCB77DA,52.04,0.0,3.77,有,
西屯區,房地(土地+建物)+車位,臺中市西屯區惠中三街５６號五樓之６,7.74,都市：其他:第七種新市政中心專用區,,,1120531,土地1建物1車位1,五層,二十七層,住宅大樓(11層含以上有電梯),住家用,鋼骨鋼筋混凝土造、鋼筋混凝土造,1150622,117.56,2,2,2,有,有,19900000,204913,坡道平面,31.67,2300000,預售屋、或土地及建物分件登記案件；,RPPOMLKLQHLGFCB87DA,52.04,0.0,3.77,有,
南區,房地(土地+建物)+車位,臺中市南區新華街１５８號二十一樓之９,18.06,都市：其他:第五種住宅區,,,1120429,土地3建物1車位2,二十一層,二十六層,住宅大樓(11層含以上有電梯),住家用,鋼筋混凝土造,1150528,191.87,3,2,2,有,有,22930000,151968,坡道平面,62.04,3200000,112.10.14讓渡，讓渡金額：2317萬。預售屋、或土地及建物分件登記案件；,RPUOMLOLPHLGFAB48DA,77.1,0.0,8.65,有,
南區,房地(土地+建物)+車位,臺中市南區新華街１５８號十五樓之８,19.38,都市：其他:第五種住宅區,,,1120422,土地3建物1車位1,十五層,二十六層,住宅大樓(11層含以上有電梯),住家用,鋼筋混凝土造,1150528,170.57999999999998,3,2,2,有,有,23200000,151189,坡道平面,31.02,2100000,預售屋、或土地及建物分件登記案件；,RPURMLOLPHLGFAB78DA,83.13,0.0,9.14,有,
北屯區,房地(土地+建物)+車位,臺中市北屯區崇德十六路８號十七樓之１,51.15,都市：其他:第一之一種住宅區,,,1120402,土地1建物1車位1,十七層,二十三層,住宅大樓(11層含以上有電梯),住家用,鋼筋混凝土造,1150630,222.5,4,2,2,有,有,38090000,190178,坡道平面,32.73,2000000,預售屋、或土地及建物分件登記案件；,RPTQMLNJQHLGFBB48DA,111.16,0.0,11.89,有,
北屯區,房地(土地+建物)+車位,臺中市北屯區崇德十六路８號五樓之３,40.9,都市：其他:第一之一種住宅區,,,1120409,土地1建物1車位2,五層,二十三層,住宅大樓(11層含以上有電梯),住家用,鋼筋混凝土造,1150630,217.2,3,2,2,有,有,31300000,179913,坡道平面,65.46,4000000,預售屋、或土地及建物分件登記案件；,RPVTMLNJQHLGFBB98DA,91.55,0.0,6.89,有,
北屯區,房地(土地+建物)+車位,臺中市北屯區崇德十六路８號十一樓之３,40.9,都市：其他:第一之一種住宅區,,,1120408,土地1建物1車位2,十一層,二十三層,住宅大樓(11層含以上有電梯),住家用,鋼筋混凝土造,1150630,217.2,3,2,2,有,有,30250000,176288,坡道平面,65.46,3500000,預售屋、或土地及建物分件登記案件；,RPPUMLNJQHLGFBB48DA,91.55,0.0,6.89,有,
北屯區,房地(土地+建物)+車位,臺中市北屯區崇德十六路８號二十樓之３,40.9,都市：其他:第一之一種住宅區,,,1120418,土地1建物1車位3,二十層,二十三層,住宅大樓(11層含以上有電梯),住家用,鋼筋混凝土造,1150630,249.93,3,2,2,有,有,33530000,180770,坡道平面,98.19,6100000,本戶於114年06月26日讓渡，讓渡金額為新臺幣3153萬元整。預售屋、或土地及建物分件登記案件；,RPOVMLNJQHLGFBB48DA,91.55,0.0,6.89,有,
西屯區,房地(土地+建物)+車位,臺中市西屯區漢翔路２１１號四樓之３,14.95,都市：其他:第二種住宅區,,,1120429,土地1建物1車位1,四層,十五層,住宅大樓(11層含以上有電梯),住家用,鋼筋混凝土造,1150514,114.77000000000001,2,2,1,有,有,16580000,172902,坡道平面,32.18,2300000,預售屋、或土地及建物分件登記案件；,RPVOMLQLPHLGFCB98DA,48.86,0.0,5.78,有,
西屯區,房地(土地+建物)+車位,臺中市西屯區漢翔路２１１號六樓之５,19.24,都市：其他:第二種住宅區,,,1120408,土地1建物1車位1,六層,十五層,住宅大樓(11層含以上有電梯),住家用,鋼筋混凝土造,1150514,138.5,3,2,2,有,有,21600000,180587,坡道平面,32.18,2400000,預售屋、或土地及建物分件登記案件；,RPQTMLPJQHLGFCB78DA,62.76,0.0,7.54,有,
南區,房地(土地+建物)+車位,臺中市南區永和街１２５巷１６弄８號四樓之６,20.75,都市：其他:第二種住宅區,,,1120414,土地1建物1車位1,四層,十層,華廈(10層含以下有電梯),住家用,鋼筋混凝土造,1150510,130.03,2,2,1,有,有,13680000,128788,坡道平面,38.95,1950000,預售屋、或土地及建物分件登記案件；,RPWNMLKMOHLGFAB18DA,54.39,0.0,3.32,有,
南區,房地(土地+建物)+車位,臺中市南區永和街１２５巷１６弄８號四樓之５,18.02,都市：其他:第二種住宅區,,,1120413,土地1建物1車位1,四層,十層,華廈(10層含以下有電梯),住家用,鋼筋混凝土造,1150510,118.04,2,2,1,有,有,12000000,127703,坡道平面,38.95,1900000,於114.12.29  讓渡      金額：1260萬預售屋、或土地及建物分件登記案件；,RPSQMLKMOHLGFAB08DA,47.75,0.0,2.36,有,
南區,房地(土地+建物)+車位,臺中市南區永和街１２５巷１６弄８號三樓之１,16.74,都市：其他:第二種住宅區,,,1120430,土地1建物1車位1,三層,十層,華廈(10層含以下有電梯),住家用,鋼筋混凝土造,1150510,112.44,2,2,1,有,有,11580000,131719,坡道平面,38.95,1900000,預售屋、或土地及建物分件登記案件；,RPQOMLRKQHLGFAB38DA,43.24,0.0,3.32,有,
南區,房地(土地+建物)+車位,臺中市南區永和街１２５巷１６弄８號三樓之６,20.75,都市：其他:第二種住宅區,,,1120420,土地1建物1車位1,三層,十層,華廈(10層含以下有電梯),住家用,鋼筋混凝土造,1150510,130.03,2,2,1,有,有,13680000,129337,坡道平面,38.95,1900000,預售屋、或土地及建物分件登記案件；,RPTOMLRKQHLGFAB68DA,54.39,0.0,3.32,有,
北屯區,房地(土地+建物)+車位,臺中市北屯區崇德十六路８號三樓之５,40.9,都市：其他:第一之一種住宅區,,,1120414,土地1建物1車位1,三層,二十三層,住宅大樓(11層含以上有電梯),住家用,鋼筋混凝土造,1150630,184.47,3,2,2,有,有,29390000,179847,坡道平面,32.73,2100000,預售屋、或土地及建物分件登記案件；,RPTVMLNJQHLGFBB98DA,91.55,0.0,6.89,有,
烏日區,房地(土地+建物),臺中市烏日區光明路４７巷２９弄１２號,104.9,都市：其他:農業區,,,1120422,土地4建物1車位0,全,三層,透天厝,住家用,鋼筋混凝土造,1150423,160.69,4,2,4,有,有,21600000,134420,,0.0,0,本案於民國115年03月30日讓渡二等親讓渡。預售屋、或土地及建物分件登記案件；,RPWOMLMKQHLGFIB66DA,149.13,0.0,11.56,無,
南區,房地(土地+建物)+車位,臺中市南區新華街１５８號一樓之１２,18.06,都市：其他:第五種住宅區,,,1120316,土地3建物1車位4,一層,二十六層,住宅大樓(11層含以上有電梯),住家用,鋼筋混凝土造,1150528,254.2,3,2,2,有,有,25600000,154473,坡道平面,124.08,5500000,預售屋、或土地及建物分件登記案件；,RPUSMLOLPHLGFAB88DA,86.05,0.0,0.0,有,
南區,房地(土地+建物)+車位,臺中市南區新華街１５８號二十六樓之１３,18.9,都市：其他:第五種住宅區,,,1120302,土地3建物1車位2,二十六層,二十六層,住宅大樓(11層含以上有電梯),住家用,鋼筋混凝土造,1150528,196.89999999999998,3,2,2,有,有,24310000,158815,坡道平面,60.83,2700000,預售屋、或土地及建物分件登記案件；,RPXSMLOLPHLGFAB56DA,80.54,0.0,9.37,有,
北屯區,房地(土地+建物)+車位,臺中市北屯區崇德十六路８號九樓之１,51.15,都市：其他:第一之一種住宅區,,,1120325,土地1建物1車位2,九層,二十三層,住宅大樓(11層含以上有電梯),住家用,鋼筋混凝土造,1150630,255.23000000000002,4,2,2,有,有,38010000,179217,坡道平面,65.46,4000000,預售屋、或土地及建物分件登記案件；,RPUPMLNJQHLGFBB48DA,111.16,0.0,11.89,有,
北屯區,房地(土地+建物)+車位,臺中市北屯區崇德十六路８號十二樓之１,51.15,都市：其他:第一之一種住宅區,,,1120323,土地1建物1車位2,十二層,二十三層,住宅大樓(11層含以上有電梯),住家用,鋼筋混凝土造,1150630,255.23000000000002,4,2,2,有,有,39640000,185698,坡道平面,65.46,4400000,預售屋、或土地及建物分件登記案件；,RPOQMLNJQHLGFBB97DA,111.16,0.0,11.89,有,
北屯區,房地(土地+建物)+車位,臺中市北屯區崇德十六路８號十二樓之２,51.15,都市：其他:第一之一種住宅區,,,1120324,土地1建物1車位2,十二層,二十三層,住宅大樓(11層含以上有電梯),住家用,鋼筋混凝土造,1150630,255.23000000000002,4,2,2,有,有,38680000,182748,坡道平面,65.46,4000000,預售屋、或土地及建物分件登記案件；,RPPSMLNJQHLGFBB28DA,111.16,0.0,11.89,有,
北屯區,房地(土地+建物)+車位,臺中市北屯區崇德十六路８號二十樓之２,51.15,都市：其他:第一之一種住宅區,,,1120323,土地1建物1車位2,二十層,二十三層,住宅大樓(11層含以上有電梯),住家用,鋼筋混凝土造,1150630,255.23000000000002,4,2,2,有,有,39960000,186331,坡道平面,65.46,4600000,預售屋、或土地及建物分件登記案件；,RPOTMLNJQHLGFBB28DA,111.16,0.0,11.89,有,
北屯區,房地(土地+建物)+車位,臺中市北屯區崇德十六路８號十五樓之３,40.9,都市：其他:第一之一種住宅區,,,1120325,土地1建物1車位2,十五層,二十三層,住宅大樓(11層含以上有電梯),住家用,鋼筋混凝土造,1150630,217.2,3,2,2,有,有,31680000,181099,坡道平面,65.46,4200000,預售屋、或土地及建物分件登記案件；,RPTUMLNJQHLGFBB88DA,91.55,0.0,6.89,有,
北屯區,房地(土地+建物)+車位,臺中市北屯區崇德十六路８號五樓之５,40.9,都市：其他:第一之一種住宅區,,,1120324,土地1建物1車位2,五層,二十三層,住宅大樓(11層含以上有電梯),住家用,鋼筋混凝土造,1150630,234.51,3,2,2,有,有,31440000,176882,坡道平面,82.77,4600000,本戶於114年09月14日加購車位。預售屋、或土地及建物分件登記案件；,RPVVMLNJQHLGFBB56DA,91.55,0.0,6.89,有,
北屯區,房地(土地+建物)+車位,臺中市北屯區崇德十六路８號十樓之２,51.15,都市：其他:第一之一種住宅區,,,1120326,土地1建物1車位2,十層,二十三層,住宅大樓(11層含以上有電梯),住家用,鋼筋混凝土造,1150630,255.23000000000002,4,2,2,有,有,37440000,176213,坡道平面,65.46,4000000,預售屋、或土地及建物分件登記案件；,RPSOMLPJQHLGFBB38DA,111.16,0.0,11.89,有,
北屯區,房地(土地+建物)+車位,臺中市北屯區崇德十六路８號十三樓之３,40.9,都市：其他:第一之一種住宅區,,,1120324,土地1建物1車位2,十三層,二十三層,住宅大樓(11層含以上有電梯),住家用,鋼筋混凝土造,1150630,217.2,3,2,2,有,有,31750000,180243,坡道平面,65.46,4400000,本戶於112年09月11日加購車位。本戶於113年10月01日讓渡，讓渡金額為新臺幣3175萬元整。預售屋、或土地及建物分件登記案件；,RPXOMLPJQHLGFBB88DA,91.55,0.0,6.89,有,
西屯區,房地(土地+建物)+車位,臺中市西屯區漢翔路２１１號十三樓之５,19.24,都市：其他:第二種住宅區,,,1120313,土地1建物1車位1,十三層,十五層,住宅大樓(11層含以上有電梯),住家用,鋼筋混凝土造,1150514,138.5,3,2,2,有,有,22300000,187171,坡道平面,32.18,2400000,預售屋、或土地及建物分件登記案件；,RPXVMLKKQHLGFCB66DA,62.76,0.0,7.54,有,
北屯區,房地(土地+建物)+車位,臺中市北屯區崇德十六路８號二十二樓之１,51.15,都市：其他:第一之一種住宅區,,,1120326,土地1建物1車位1,二十二層,二十三層,住宅大樓(11層含以上有電梯),住家用,鋼筋混凝土造,1150630,222.5,4,2,2,有,有,38300000,190230,坡道平面,32.73,2200000,預售屋、或土地及建物分件登記案件；,RPORMLNJQHLGFBB08DA,111.16,0.0,11.89,有,
北屯區,房地(土地+建物)+車位,臺中市北屯區崇德十六路８號十六樓之５,40.9,都市：其他:第一之一種住宅區,,,1120324,土地1建物1車位2,十六層,二十三層,住宅大樓(11層含以上有電梯),住家用,鋼筋混凝土造,1150630,217.2,3,2,2,有,有,31610000,181956,坡道平面,65.46,4000000,預售屋、或土地及建物分件登記案件；,RPSPMLPJQHLGFBB48DA,91.55,0.0,6.89,有,
西屯區,房地(土地+建物)+車位,臺中市西屯區漢翔路２１１號六樓之３,14.95,都市：其他:第二種住宅區,,,1120302,土地1建物1車位1,六層,十五層,住宅大樓(11層含以上有電梯),住家用,鋼筋混凝土造,1150514,114.77000000000001,2,2,1,有,有,16000000,164669,坡道平面,32.18,2400000,本案於民國113年3月13日讓渡，讓渡金額為新台幣1600萬元整預售屋、或土地及建物分件登記案件；,RPPTMLPJQHLGFCB68DA,48.86,0.0,5.78,有,
西屯區,房地(土地+建物)+車位,臺中市西屯區漢翔路２１１號八樓之６,19.27,都市：其他:第二種住宅區,,,1120301,土地1建物1車位1,八層,十五層,住宅大樓(11層含以上有電梯),住家用,鋼筋混凝土造,1150514,138.69,3,2,2,有,有,22180000,186649,坡道平面,32.18,2300000,本案於民國114年10月8日讓渡，讓渡金額新台幣2300萬元整預售屋、或土地及建物分件登記案件；,RPRUMLPJQHLGFCB98DA,62.76,0.0,7.67,有,
東勢區,房地(土地+建物),臺中市東勢區東關路六段２８０號,97.42,都市：其他:住宅區,,,1120208,土地1建物1車位0,全,四層,透天厝,住商用,鋼筋混凝土造,1140627,231.49,3,3,4,有,無,19450000,84021,,0.0,0,未登記建物；預售屋、或土地及建物分件登記案件；,RPPNMLQLPHLGFGB68DA,212.87,0.0,18.62,有,
東勢區,房地(土地+建物),臺中市東勢區東關路六段２６２巷１號,95.43,都市：其他:住宅區,,,1120211,土地1建物1車位0,全,三層,透天厝,住家用,鋼筋混凝土造,1140627,186.59,3,2,3,有,無,14000000,75031,,0.0,0,未登記建物；預售屋、或土地及建物分件登記案件；,RPPNMLQKQHLGFGB68DA,173.73,0.0,12.86,無,
南區,房地(土地+建物)+車位,臺中市南區新華街１５８號二十六樓之１０,19.11,都市：其他:第五種住宅區,,,1120204,土地3建物1車位2,二十六層,二十六層,住宅大樓(11層含以上有電梯),住家用,鋼筋混凝土造,1150528,198.57,3,2,2,有,有,24800000,160447,坡道平面,60.83,2700000,預售屋、或土地及建物分件登記案件；,RPTNMLTLOHLGFAB68DA,83.09,0.0,7.97,有,
西屯區,房地(土地+建物)+車位,臺中市西屯區漢翔路２１１號五樓之２,14.95,都市：其他:第二種住宅區,,,1120204,土地1建物1車位1,五層,十五層,住宅大樓(11層含以上有電梯),住家用,鋼筋混凝土造,1150514,114.77000000000001,2,2,1,有,有,16800000,176777,坡道平面,32.18,2200000,預售屋、或土地及建物分件登記案件；,RPPPMLQLPHLGFCB48DA,48.86,0.0,5.78,有,
西區,房地(土地+建物)+車位,臺中市西區樂群街３６８號二十三樓之５,15.88,都市：其他:第二種商業區,,,1120223,土地1建物1車位1,二十三層,二十四層,住宅大樓(11層含以上有電梯),住家用,鋼筋混凝土造,1150709,179.91,3,2,2,有,有,23580000,148006,坡道平面,36.47,2350000,民國115年6月15日讓渡讓渡金額2358萬元整預售屋、或土地及建物分件登記案件；,RPPQMLMKQHLGFAB97DA,83.31,0.0,11.76,有,
西屯區,房地(土地+建物)+車位,臺中市西屯區臺灣大道三段１１２號十二樓之５,20.99,都市：其他:第五種住宅區,,,1120223,土地2建物1車位1,十二層,十九層,住宅大樓(11層含以上有電梯),住家用,鋼筋混凝土造,1150625,150.05,3,2,2,有,有,23600000,182425,坡道平面,33.29,2300000,轉售價格新台幣2500萬元整含車位，轉售日期民國113年3月30日。預售屋、或土地及建物分件登記案件；,RPTOMLTKQHLGFCB09DA,68.56,0.0,6.76,有,
后里區,房地(土地+建物)+車位,臺中市后里區成功路４８１巷２號四樓之３,42.6,都市：其他:住宅區,,,1120220,土地3建物1車位1,四層,十層,華廈(10層含以下有電梯),住家用,鋼筋混凝土造,1141226,188.23000000000002,3,2,2,有,有,11600000,72795,坡道平面,43.99,1100000,755地號為本社區聯外之私設通路  無償移轉買方持分30468882/2524300000預售屋、或土地及建物分件登記案件；,RPTNMLQKNHLGFDB48DA,92.46,0.0,8.76,有,
西屯區,房地(土地+建物)+車位,臺中市西屯區漢翔路２１１號四樓之２,14.95,都市：其他:第二種住宅區,,,1120115,土地1建物1車位1,四層,十五層,住宅大樓(11層含以上有電梯),住家用,鋼筋混凝土造,1150514,114.77000000000001,2,2,1,有,有,17400000,181620,坡道平面,32.18,2400000,本案為不動產讓渡案件，於民國113年6月17日讓渡，讓渡金額為新台幣1800萬元整預售屋、或土地及建物分件登記案件；,RPUOMLQLPHLGFCB88DA,48.86,0.0,5.78,有,
西屯區,房地(土地+建物)+車位,臺中市西屯區漢翔路２１１號六樓之２,14.95,都市：其他:第二種住宅區,,,1120108,土地1建物1車位1,六層,十五層,住宅大樓(11層含以上有電梯),住家用,鋼筋混凝土造,1150514,114.77000000000001,2,2,1,有,有,16820000,175808,坡道平面,32.18,2300000,預售屋、或土地及建物分件登記案件；,RPOTMLPJQHLGFCB58DA,48.86,0.0,5.78,有,
西屯區,房地(土地+建物)+車位,臺中市西屯區漢翔路２１１號七樓之２,14.95,都市：其他:第二種住宅區,,,1120105,土地1建物1車位1,七層,十五層,住宅大樓(11層含以上有電梯),住家用,鋼筋混凝土造,1150514,114.77000000000001,2,2,1,有,有,16850000,177382,坡道平面,32.18,2200000,預售屋、或土地及建物分件登記案件；,RPUTMLPJQHLGFCB56DA,48.86,0.0,5.78,有,
東勢區,房地(土地+建物),臺中市東勢區東關路六段２６２巷１３號,92.96,都市：其他:住宅區,,,1111227,土地4建物1車位0,全,三層,透天厝,住家用,鋼筋混凝土造,1141003,163.37,4,2,3,有,有,12480000,76391,,0.0,0,未登記建物；預售屋、或土地及建物分件登記案件；,RPQNMLQLPHLGFGB78DA,151.64,0.0,11.73,無,
東勢區,房地(土地+建物),臺中市東勢區東關路六段２６２巷９號,95.47,都市：其他:住宅區,,,1111225,土地4建物1車位0,全,三層,透天厝,住家用,鋼筋混凝土造,1141003,166.02,3,2,3,有,有,12600000,75894,,0.0,0,未登記建物；預售屋、或土地及建物分件登記案件；,RPPNMLRKQHLGFGB78DA,154.1,0.0,11.92,無,
西屯區,房地(土地+建物)+車位,臺中市西屯區漢翔路２１１號三樓之３,14.95,都市：其他:第二種住宅區,,,1111211,土地1建物1車位1,三層,十五層,住宅大樓(11層含以上有電梯),住家用,鋼筋混凝土造,1150514,114.77000000000001,2,2,1,有,有,15880000,165637,坡道平面,32.18,2200000,預售屋、或土地及建物分件登記案件；,RPPOMLQLPHLGFCB38DA,48.86,0.0,5.78,有,
西屯區,房地(土地+建物)+車位,臺中市西屯區漢翔路２１１號十一樓之６,19.27,都市：其他:第二種住宅區,,,1111218,土地1建物1車位1,十一層,十五層,住宅大樓(11層含以上有電梯),住家用,鋼筋混凝土造,1150514,138.69,3,2,2,有,有,22160000,186461,坡道平面,32.18,2300000,預售屋、或土地及建物分件登記案件；,RPVSMLPJQHLGFCB56DA,62.76,0.0,7.67,有,
西屯區,房地(土地+建物)+車位,臺中市西屯區漢翔路２１１號八樓之１,21.68,都市：其他:第二種住宅區,,,1111216,土地1建物1車位1,八層,十五層,住宅大樓(11層含以上有電梯),住家用,鋼筋混凝土造,1150514,152.01999999999998,3,2,2,有,有,27200000,206943,坡道平面,32.18,2400000,本案於民國113年5月24日讓渡，讓渡金額新台幣2725萬元整預售屋、或土地及建物分件登記案件；,RPOUMLPJQHLGFCB68DA,70.93,0.0,8.32,有,
西屯區,房地(土地+建物)+車位,臺中市西屯區漢翔路２１１號十四樓之６,19.27,都市：其他:第二種住宅區,,,1111220,土地1建物1車位1,十四層,十五層,住宅大樓(11層含以上有電梯),住家用,鋼筋混凝土造,1150514,138.69,3,2,2,有,有,22350000,188245,坡道平面,32.18,2300000,預售屋、或土地及建物分件登記案件；,RPTPMLLKQHLGFCB38DA,62.76,0.0,7.67,有,
西屯區,房地(土地+建物)+車位,臺中市西屯區漢翔路２１１號十五樓之７,21.51,都市：其他:第二種住宅區,,,1111219,土地1建物1車位1,十五層,十五層,住宅大樓(11層含以上有電梯),住家用,鋼筋混凝土造,1150514,151.05,3,2,2,有,有,26660000,204089,坡道平面,32.18,2400000,預售屋、或土地及建物分件登記案件；,RPPQMLLKQHLGFCB08DA,70.29,0.0,8.33,有,
西屯區,房地(土地+建物)+車位,臺中市西屯區漢翔路２１１號三樓之２,14.95,都市：其他:第二種住宅區,,,1111230,土地1建物1車位1,三層,十五層,住宅大樓(11層含以上有電梯),住家用,鋼筋混凝土造,1150514,114.77000000000001,2,2,1,有,有,16470000,172781,坡道平面,32.18,2200000,預售屋、或土地及建物分件登記案件；,RPXNMLQLPHLGFCB09DA,48.86,0.0,5.78,有,
西屯區,房地(土地+建物)+車位,臺中市西屯區漢翔路２１１號十樓之１,21.68,都市：其他:第二種住宅區,,,1111217,土地1建物1車位1,十層,十五層,住宅大樓(11層含以上有電梯),住家用,鋼筋混凝土造,1150514,152.01999999999998,3,2,2,有,有,27200000,206943,坡道平面,32.18,2400000,預售屋、或土地及建物分件登記案件；,RPVRMLPJQHLGFCB09DA,70.93,0.0,8.32,有,
西屯區,房地(土地+建物)+車位,臺中市西屯區漢翔路２１１號十樓之２,14.95,都市：其他:第二種住宅區,,,1111217,土地1建物1車位1,十層,十五層,住宅大樓(11層含以上有電梯),住家用,鋼筋混凝土造,1150514,114.77000000000001,2,2,1,有,有,17300000,180409,坡道平面,32.18,2400000,預售屋、或土地及建物分件登記案件；,RPWRMLPJQHLGFCB56DA,48.86,0.0,5.78,有,
西屯區,房地(土地+建物)+車位,臺中市西屯區漢翔路２１１號十一樓之１,21.68,都市：其他:第二種住宅區,,,1111219,土地1建物1車位1,十一層,十五層,住宅大樓(11層含以上有電梯),住家用,鋼筋混凝土造,1150514,152.01999999999998,3,2,2,有,有,26980000,205107,坡道平面,32.18,2400000,預售屋、或土地及建物分件登記案件；,RPRSMLPJQHLGFCB78DA,70.93,0.0,8.32,有,
西屯區,房地(土地+建物)+車位,臺中市西屯區漢翔路２１１號九樓之３,14.95,都市：其他:第二種住宅區,,,1111228,土地1建物1車位1,九層,十五層,住宅大樓(11層含以上有電梯),住家用,鋼筋混凝土造,1150514,114.77000000000001,2,2,1,有,有,16250000,170117,坡道平面,32.18,2200000,預售屋、或土地及建物分件登記案件；,RPVUMLPJQHLGFCB76DA,48.86,0.0,5.78,有,
西屯區,房地(土地+建物)+車位,臺中市西屯區漢翔路２１１號十三樓之６,19.27,都市：其他:第二種住宅區,,,1111217,土地1建物1車位1,十三層,十五層,住宅大樓(11層含以上有電梯),住家用,鋼筋混凝土造,1150514,138.69,3,2,2,有,有,22580000,189466,坡道平面,32.18,2400000,預售屋、或土地及建物分件登記案件；,RPOWMLKKQHLGFCB48DA,62.76,0.0,7.67,有,
西屯區,房地(土地+建物)+車位,臺中市西屯區漢翔路２１１號十四樓之２,14.95,都市：其他:第二種住宅區,,,1111218,土地1建物1車位1,十四層,十五層,住宅大樓(11層含以上有電梯),住家用,鋼筋混凝土造,1150514,114.82,2,2,1,有,有,17350000,180905,坡道平面,32.18,2400000,預售屋、或土地及建物分件登記案件；,RPQPMLLKQHLGFCB08DA,48.86,0.0,5.78,有,
南區,房地(土地+建物)+車位,臺中市南區新華街１５８號十樓之８,19.38,都市：其他:第五種住宅區,,,1111101,土地3建物1車位1,十層,二十六層,住宅大樓(11層含以上有電梯),住家用,鋼筋混凝土造,1150528,170.57999999999998,3,2,2,有,有,22500000,148323,坡道平面,31.02,1800000,預售屋、或土地及建物分件登記案件；,RPPOMLOLPHLGFAB97DA,83.13,0.0,9.14,有,
西區,房地(土地+建物)+車位,臺中市西區樂群街３６８號十一樓之１,15.41,都市：其他:第二種商業區,,,1111105,土地1建物1車位2,十一層,二十四層,住宅大樓(11層含以上有電梯),住家用,鋼筋混凝土造,1150709,212.11,3,2,2,有,有,24820000,145290,坡道平面,72.94,4600000,預售屋、或土地及建物分件登記案件；,RPSOMLMKQHLGFAB08DA,80.43,0.0,11.76,有,
南區,房地(土地+建物)+車位,臺中市南區新華街１５８號二樓之７,19.43,都市：其他:第五種住宅區,,,1111028,土地3建物1車位2,二層,二十六層,住宅大樓(11層含以上有電梯),住家用,鋼筋混凝土造,1150528,202.20999999999998,3,2,2,有,有,23950000,139473,坡道平面,62.04,4400000,預售屋、或土地及建物分件登記案件；,RPXNMLOLPHLGFAB68DA,86.56,0.0,6.07,有,
烏日區,房地(土地+建物),臺中市烏日區光明路４７巷１６號,138.86,都市：其他:農業區,,,1111008,土地5建物1車位0,全,三層,透天厝,住家用,鋼筋混凝土造,1150423,204.16,4,2,4,有,有,25750000,126127,,0.0,0,預售屋、或土地及建物分件登記案件；,RPSNMLMKQHLGFIB78DA,188.33,0.0,15.83,無,
烏日區,房地(土地+建物),臺中市烏日區光明路４７巷２２號,118.5,都市：其他:農業區,,,1111008,土地4建物1車位0,全,三層,透天厝,住家用,鋼筋混凝土造,1150423,200.76,4,2,4,有,有,24880000,123929,,0.0,0,預售屋、或土地及建物分件登記案件；,RPTNMLMKQHLGFIB88DA,185.89,0.0,14.87,無,
烏日區,房地(土地+建物),臺中市烏日區光明路４７巷１９弄２２號,79.37,都市：其他:農業區,,,1111008,土地4建物1車位0,全,四層,透天厝,住家用,鋼筋混凝土造,1150423,225.26,4,2,4,有,有,25580000,113558,,0.0,0,本案於民國114年03月05日讓渡一等親讓渡；本案於115年04月14日讓渡一等親讓渡。預售屋、或土地及建物分件登記案件；,RPQOMLMKQHLGFIB68DA,219.57,0.0,5.69,有,
南區,房地(土地+建物)+車位,臺中市南區新華街１５８號十八樓之１３,19.22,都市：其他:第五種住宅區,,,1110930,土地3建物1車位2,十八層,二十六層,住宅大樓(11層含以上有電梯),住家用,鋼筋混凝土造,1150528,199.26999999999998,3,2,2,有,有,24900000,151690,坡道平面,60.83,3900000,預售屋、或土地及建物分件登記案件；,RPTPMLOLPHLGFAB48DA,82.44,0.0,9.14,有,
南區,房地(土地+建物)+車位,臺中市南區新華街１５８號二十六樓之１１,18.37,都市：其他:第五種住宅區,,,1110922,土地3建物1車位2,二十六層,二十六層,住宅大樓(11層含以上有電梯),住家用,鋼筋混凝土造,1150528,193.38,3,2,2,有,有,24380000,154508,坡道平面,60.83,3900000,112.12.10第一次讓渡，讓渡金額：2451萬。115.3.23第二次讓渡，配偶間讓渡。預售屋、或土地及建物分件登記案件；,RPTSMLOLPHLGFAB78DA,80.64,0.0,6.96,有,
烏日區,房地(土地+建物),臺中市烏日區光明路４７巷２６號,163.08,都市：其他:農業區,,,1110928,土地4建物1車位0,全,三層,透天厝,住家用,鋼筋混凝土造,1150423,230.76,4,2,4,有,有,26400000,114405,,0.0,0,預售屋、或土地及建物分件登記案件；,RPUNMLMKQHLGFIB98DA,211.85,0.0,18.91,無,
烏日區,房地(土地+建物),臺中市烏日區光明路４７巷１９弄１５號,61.08,都市：其他:農業區,,,1110916,土地4建物1車位0,全,四層,透天厝,住家用,鋼筋混凝土造,1150423,156.52,5,2,4,有,有,16600000,106057,,0.0,0,本案於民國112年06月29日讓渡第三人讓渡；本案於民國115年08月05日讓渡配偶讓渡。預售屋、或土地及建物分件登記案件；,RPPOMLMKQHLGFIB58DA,152.96,0.0,3.56,無,
烏日區,房地(土地+建物),臺中市烏日區光明路４７巷２９弄２１號,72.87,都市：其他:農業區,,,1110915,土地4建物1車位0,全,四層,透天厝,住家用,鋼筋混凝土造,1150423,212.55,4,2,4,有,有,23400000,110092,,0.0,0,預售屋、或土地及建物分件登記案件；,RPTOMLMKQHLGFIB98DA,206.86,0.0,5.69,有,
南區,房地(土地+建物)+車位,臺中市南區新華街１５８號十九樓之８,19.38,都市：其他:第五種住宅區,,,1110828,土地3建物1車位1,十九層,二十六層,住宅大樓(11層含以上有電梯),住家用,鋼筋混凝土造,1150528,170.57999999999998,3,2,2,有,有,22650000,152264,坡道平面,31.02,1400000,114.1.5讓渡，讓渡金額：2525萬。預售屋、或土地及建物分件登記案件；,RPVUMLQLOHLGFAB66DA,83.13,0.0,9.14,有,
北屯區,房地(土地+建物)+車位,臺中市北屯區昌平東六路５８９號十八樓之３,42.72,都市：其他:第一之一種住宅區,,,1110809,土地1建物1車位2,十八層,二十一層,住宅大樓(11層含以上有電梯),住家用,鋼筋混凝土造,1150608,221.91000000000003,4,2,2,有,有,31150000,179320,坡道平面,71.62,4200000,預售屋、或土地及建物分件登記案件；,RPQNMLPLQHLGFBB28DA,89.51,0.0,8.5,有,
烏日區,房地(土地+建物),臺中市烏日區光明路４７巷１９弄９號,61.08,都市：其他:農業區,,,1110808,土地4建物1車位0,全,四層,透天厝,住家用,鋼筋混凝土造,1150423,156.52,5,2,4,有,有,16000000,102223,,0.0,0,本案於民國112年03月10日讓渡第三人讓渡。預售屋、或土地及建物分件登記案件；,RPOOMLMKQHLGFIB48DA,152.96,0.0,3.56,無,
北屯區,房地(土地+建物)+車位,臺中市北屯區敦富路３３６號四樓之１０,9.0,都市：其他:特定商業區,,,1110822,土地1建物1車位1,四層,二十四層,住宅大樓(11層含以上有電梯),辦公用,鋼筋混凝土造,1150414,112.63999999999999,0,0,1,有,有,12680000,137856,坡道平面,34.08,1850000,預售屋、或土地及建物分件登記案件；,RPQPMLTJPHLGFBB58DA,44.44,0.0,3.35,有,
北區,房地(土地+建物)+車位,臺中市北區柳川東路四段８８號九樓之７,10.29,都市：其他:第二種住宅區,,,1110823,土地1建物1車位1,九層,九層,華廈(10層含以下有電梯),住家用,鋼筋混凝土造,1150328,60.370000000000005,1,1,1,有,有,7070000,130748,坡道機械,13.18,900000,裝潢費50000元不包含在總價中114年06月26日換約金額7450000元預售屋、或土地及建物分件登記案件；,RPUNMLRJQHLGFBB68DA,18.29,0.0,1.4,有,
南區,房地(土地+建物)+車位,臺中市南區新華街１５８號七樓之２,23.46,都市：其他:第五種住宅區,,,1110724,土地3建物1車位2,七層,二十六層,住宅大樓(11層含以上有電梯),住家用,鋼筋混凝土造,1150528,229.76,4,2,2,有,有,28730000,149352,坡道平面,60.83,3500000,預售屋、或土地及建物分件登記案件；,RPVOMLRJPHLGFAB68DA,101.98,0.0,9.7,有,
南區,房地(土地+建物)+車位,臺中市南區新華街１５８號二十二樓之１０,19.11,都市：其他:第五種住宅區,,,1110717,土地3建物1車位2,二十二層,二十六層,住宅大樓(11層含以上有電梯),住家用,鋼筋混凝土造,1150528,199.78,3,2,2,有,有,24000000,153913,坡道平面,62.04,2800000,預售屋、或土地及建物分件登記案件；,RPTOMLQKPHLGFAB48DA,83.09,0.0,7.97,有,
南區,房地(土地+建物)+車位,臺中市南區新華街１５８號九樓之１３,19.22,都市：其他:第五種住宅區,,,1110718,土地3建物1車位1,九層,二十六層,住宅大樓(11層含以上有電梯),住家用,鋼筋混凝土造,1150528,169.45999999999998,3,2,2,有,有,21730000,143961,坡道平面,31.02,1800000,預售屋、或土地及建物分件登記案件；,RPSPMLOLPHLGFAB38DA,82.44,0.0,9.14,有,
南區,房地(土地+建物)+車位,臺中市南區新華街１５８號十九樓之２,23.46,都市：其他:第五種住宅區,,,1110718,土地3建物1車位2,十九層,二十六層,住宅大樓(11層含以上有電梯),住家用,鋼筋混凝土造,1150528,230.97000000000003,4,2,2,有,有,29110000,155745,坡道平面,62.04,2800000,115.2.9讓渡，讓渡金額：2950萬。預售屋、或土地及建物分件登記案件；,RPSQMLOLPHLGFAB48DA,101.98,0.0,9.7,有,
南區,房地(土地+建物)+車位,臺中市南區新華街１５８號七樓之５,18.27,都市：其他:第五種住宅區,,,1110716,土地3建物1車位2,七層,二十六層,住宅大樓(11層含以上有電梯),住家用,鋼筋混凝土造,1150528,193.64,3,2,2,有,有,21380000,141185,坡道平面,62.04,2800000,115.3.5配偶間讓渡。預售屋、或土地及建物分件登記案件；,RPVQMLOLPHLGFAB78DA,78.63,0.0,8.37,有,
南區,房地(土地+建物)+車位,臺中市南區新華街１５８號十八樓之５,18.27,都市：其他:第五種住宅區,,,1110717,土地3建物1車位1,十八層,二十六層,住宅大樓(11層含以上有電梯),住家用,鋼筋混凝土造,1150528,162.62,3,2,2,有,有,21130000,146884,坡道平面,31.02,1800000,112.5.18讓渡，讓渡金額：2121萬。預售屋、或土地及建物分件登記案件；,RPWQMLOLPHLGFAB88DA,78.63,0.0,8.37,有,
南區,房地(土地+建物)+車位,臺中市南區新華街１５８號五樓之６,18.8,都市：其他:第五種住宅區,,,1110715,土地3建物1車位1,五層,二十六層,住宅大樓(11層含以上有電梯),住家用,鋼筋混凝土造,1150528,166.36,3,2,2,有,有,21090000,142530,坡道平面,31.02,1800000,114.11.27讓渡，讓渡金額：2250萬。預售屋、或土地及建物分件登記案件；,RPPRMLOLPHLGFAB28DA,81.15,0.0,8.37,有,
南區,房地(土地+建物)+車位,臺中市南區新華街１５８號十五樓之６,18.8,都市：其他:第五種住宅區,,,1110716,土地3建物1車位2,十五層,二十六層,住宅大樓(11層含以上有電梯),住家用,鋼筋混凝土造,1150528,197.37,3,2,2,有,有,23700000,147048,坡道平面,62.04,3800000,115.2.7 配偶間讓渡。預售屋、或土地及建物分件登記案件；,RPQRMLOLPHLGFAB38DA,81.15,0.0,8.37,有,
南區,房地(土地+建物)+車位,臺中市南區新華街１５８號十六樓之６,18.8,都市：其他:第五種住宅區,,,1110714,土地3建物1車位2,十六層,二十六層,住宅大樓(11層含以上有電梯),住家用,鋼筋混凝土造,1150528,197.37,3,2,2,有,有,23180000,147639,坡道平面,62.04,3200000,115.3.30讓渡，讓渡金額：2476萬。預售屋、或土地及建物分件登記案件；,RPRRMLOLPHLGFAB48DA,81.15,0.0,8.37,有,
南區,房地(土地+建物)+車位,臺中市南區新華街１５８號十六樓之７,19.91,都市：其他:第五種住宅區,,,1110715,土地3建物1車位2,十六層,二十六層,住宅大樓(11層含以上有電梯),住家用,鋼筋混凝土造,1150528,205.38,3,2,2,有,有,24230000,146714,坡道平面,62.04,3200000,預售屋、或土地及建物分件登記案件；,RPTRMLOLPHLGFAB68DA,85.83,0.0,9.01,有,
南區,房地(土地+建物)+車位,臺中市南區新華街１５８號二十一樓之８,19.38,都市：其他:第五種住宅區,,,1110718,土地3建物1車位2,二十一層,二十六層,住宅大樓(11層含以上有電梯),住家用,鋼筋混凝土造,1150528,200.39,3,2,2,有,有,24410000,152694,坡道平面,60.83,3100000,預售屋、或土地及建物分件登記案件；,RPVRMLOLPHLGFAB88DA,83.13,0.0,9.14,有,
南區,房地(土地+建物)+車位,臺中市南區新華街１５８號二十四樓之８,19.43,都市：其他:第五種住宅區,,,1110715,土地3建物1車位2,二十四層,二十六層,住宅大樓(11層含以上有電梯),住家用,鋼筋混凝土造,1150528,201.95,3,2,2,有,有,25760000,155529,坡道平面,62.04,4000000,115.4.2讓渡，讓渡金額：2576萬。預售屋、或土地及建物分件登記案件；,RPWRMLOLPHLGFAB98DA,81.36,0.0,11.18,有,
南區,房地(土地+建物)+車位,臺中市南區新華街１５８號九樓之１０,19.11,都市：其他:第五種住宅區,,,1110714,土地3建物1車位2,九層,二十六層,住宅大樓(11層含以上有電梯),住家用,鋼筋混凝土造,1150528,198.57,3,2,2,有,有,23930000,145419,坡道平面,60.83,3900000,113.11.20 辦理二親等間讓渡。預售屋、或土地及建物分件登記案件；,RPOSMLOLPHLGFAB28DA,83.09,0.0,7.97,有,
烏日區,房地(土地+建物),臺中市烏日區光明路４７巷７號,89.2,都市：其他:農業區,,,1110720,土地4建物1車位0,全,三層,透天厝,住家用,鋼筋混凝土造,1150423,150.68,3,2,4,有,有,18300000,121457,,0.0,0,預售屋、或土地及建物分件登記案件；,RPOPMLMKQHLGFIB58DA,139.3,0.0,11.1,無,
北屯區,建物,臺中市北屯區敦富路３３６號五樓之１１,0.0,,,,1110715,土地0建物1車位1,五層,二十四層,住宅大樓(11層含以上有電梯),辦公用,鋼筋混凝土造,1150414,112.63999999999999,0,0,1,有,有,12920000,138366,坡道平面,34.08,2050000,建物坐落地號：碧柳段2地號；預售屋、或土地及建物分件登記案件；,RPPQMLQJQHLGFBB38DA,44.44,0.0,3.35,有,
烏日區,房地(土地+建物),臺中市烏日區光明路４７巷９弄１２號,63.76,都市：其他:農業區,,,1110601,土地4建物1車位0,全,四層,透天厝,住家用,鋼筋混凝土造,1150423,145.08,4,2,3,有,有,15300000,105466,,0.0,0,本案於民國112年11月19日讓渡第三人讓渡，讓渡金額1650萬元整。預售屋、或土地及建物分件登記案件；,RPPPMLMKQHLGFIB68DA,141.24,0.0,3.56,無,
烏日區,房地(土地+建物),臺中市烏日區光明路４７巷２９弄３號,61.08,都市：其他:農業區,,,1110531,土地4建物1車位0,全,四層,透天厝,住家用,鋼筋混凝土造,1150423,161.68,5,2,4,有,有,16600000,102672,,0.0,0,本案於民國113年06月14日讓渡第三人讓渡；本案於民國115年03月31日讓渡配偶讓渡。預售屋、或土地及建物分件登記案件；,RPROMLMKQHLGFIB78DA,158.12,0.0,3.56,無,
西屯區,房地(土地+建物)+車位,臺中市西屯區青海路二段５號二十二樓之１,7.44,都市：其他:第三種商業區,,,1110402,土地1建物1車位1,二十二層,二十四層,住宅大樓(11層含以上有電梯),住家用,鋼骨鋼筋混凝土造,1141103,111.97,2,2,1,有,有,17350000,176547,坡道平面,27.29,2400000,預售屋、或土地及建物分件登記案件；,RPPRMLTKQHLGFCB98DA,49.63,0.0,5.73,有,
西區,房地(土地+建物)+車位,臺中市西區樂群街３６８號二十樓之１,15.41,都市：其他:第二種商業區,,,1110409,土地1建物1車位2,二十層,二十四層,住宅大樓(11層含以上有電梯),住家用,鋼筋混凝土造,1150709,212.11,3,2,2,有,有,25550000,148380,坡道平面,72.94,4900000,預售屋、或土地及建物分件登記案件；,RPUPMLMKQHLGFAB38DA,80.43,0.0,11.76,有,
西屯區,房地(土地+建物)+車位,臺中市西屯區青海路二段７號六樓之１,7.48,都市：其他:第三種商業區,,,1110318,土地1建物1車位2,六層,二十四層,住宅大樓(11層含以上有電梯),住家用,鋼骨鋼筋混凝土造,1141103,122.19,2,2,1,有,有,17670000,166647,坡道平面,37.16,3500000,轉售價格新台幣1767萬元整含車位，轉售日期民國113年12月30日。預售屋、或土地及建物分件登記案件；,RPQRMLTKQHLGFCB09DA,49.98,0.0,5.73,有,
西屯區,房地(土地+建物)+車位,臺中市西屯區青海路二段７號十五樓之７,7.34,都市：其他:第三種商業區,,,1110327,土地1建物1車位1,十五層,二十四層,住宅大樓(11層含以上有電梯),住家用,鋼骨鋼筋混凝土造,1141103,110.58,2,2,1,有,有,16150000,167487,坡道平面,27.29,2200000,預售屋、或土地及建物分件登記案件；,RPRRMLTKQHLGFCB56DA,48.72,0.0,5.83,有,
北屯區,房地(土地+建物)+車位,臺中市北屯區昌平東六路５８９號十八樓之２,50.6,都市：其他:第一之一種住宅區,,,1110310,土地1建物1車位2,十八層,二十一層,住宅大樓(11層含以上有電梯),住家用,鋼筋混凝土造,1150608,250.55,4,2,2,有,有,35880000,178170,坡道平面,71.62,4000000,預售屋、或土地及建物分件登記案件；,RPPNMLPLQHLGFBB18DA,105.53,0.0,11.11,有,
西區,房地(土地+建物)+車位,臺中市西區樂群街３６８號十樓之６,15.88,都市：其他:第二種商業區,,,1110106,土地1建物1車位1,十層,二十四層,住宅大樓(11層含以上有電梯),住家用,鋼筋混凝土造,1150709,179.81,3,2,2,有,有,20720000,131296,坡道平面,36.47,1900000,民國113年5月14日讓渡讓渡金額2206萬元整預售屋、或土地及建物分件登記案件；,RPROMLMKQHLGFAB97DA,83.31,0.0,11.66,有,
北屯區,房地(土地+建物)+車位,臺中市北屯區仁平街９９號六樓之６,42.05,都市：其他:第一之一種住宅區,,,1110111,土地1建物1車位2,六層,三十四層,住宅大樓(11層含以上有電梯),住家用,鋼骨鋼筋混凝土造,1140804,230.57,2,2,2,有,有,31000000,161260,坡道平面,71.82,5400000,預售屋、或土地及建物分件登記案件；,RPXPMLLLQHLGFBB78DA,91.05,0.0,9.24,有,
北屯區,房地(土地+建物)+車位,臺中市北屯區仁平街９９號十一樓之３,60.13,都市：其他:第一之一種住宅區,,,1110110,土地1建物1車位2,十一層,三十四層,住宅大樓(11層含以上有電梯),住家用,鋼骨鋼筋混凝土造,1140804,298.03,4,2,3,有,有,44050000,170859,坡道平面,71.82,5400000,簽約人與登記人不同轉讓1/2予配偶名義。預售屋、或土地及建物分件登記案件；,RPOQMLLLQHLGFBB97DA,132.17,0.0,10.8,有,
西區,房地(土地+建物)+車位,臺中市西區樂群街３６８號六樓之１,15.41,都市：其他:第二種商業區,,,1101230,土地1建物1車位1,六層,二十四層,住宅大樓(11層含以上有電梯),住家用,鋼筋混凝土造,1150709,175.63,3,2,2,有,有,20050000,130066,坡道平面,36.47,1950000,預售屋、或土地及建物分件登記案件；,RPTNMLMKQHLGFAB08DA,80.43,0.0,11.76,有,
西區,房地(土地+建物)+車位,臺中市西區樂群街３６８號七樓之６,15.88,都市：其他:第二種商業區,,,1101224,土地1建物1車位1,七層,二十四層,住宅大樓(11層含以上有電梯),住家用,鋼筋混凝土造,1150709,179.91,3,2,2,有,有,20850000,130020,坡道平面,36.47,2200000,預售屋、或土地及建物分件登記案件；,RPUNMLMKQHLGFAB18DA,83.31,0.0,11.76,有,
西區,房地(土地+建物)+車位,臺中市西區樂群街３６８號七樓之３,13.65,都市：其他:第二種商業區,,,1101211,土地1建物1車位1,七層,二十四層,住宅大樓(11層含以上有電梯),住家用,鋼筋混凝土造,1150709,159.16,3,2,2,有,有,17900000,129187,坡道平面,36.47,2050000,民國115年4月29日讓渡讓渡金額1790萬元整配偶讓渡預售屋、或土地及建物分件登記案件；,RPXNMLMKQHLGFAB48DA,76.01,0.0,5.3,有,
西區,房地(土地+建物)+車位,臺中市西區樂群街３６８號十二樓之１,15.41,都市：其他:第二種商業區,,,1101224,土地1建物1車位1,十二層,二十四層,住宅大樓(11層含以上有電梯),住家用,鋼筋混凝土造,1150709,175.63,3,2,2,有,有,20420000,130928,坡道平面,36.47,2200000,預售屋、或土地及建物分件登記案件；,RPUOMLMKQHLGFAB28DA,80.43,0.0,11.76,有,
西區,房地(土地+建物)+車位,臺中市西區樂群街３６８號十三樓之６,15.88,都市：其他:第二種商業區,,,1101224,土地1建物1車位1,十三層,二十四層,住宅大樓(11層含以上有電梯),住家用,鋼筋混凝土造,1150709,179.91,3,2,2,有,有,21010000,131832,坡道平面,36.47,2100000,預售屋、或土地及建物分件登記案件；,RPWOMLMKQHLGFAB48DA,83.31,0.0,11.76,有,
西區,房地(土地+建物)+車位,臺中市西區樂群街３６８號十六樓之２,18.23,都市：其他:第二種商業區,,,1101228,土地1建物1車位1,十六層,二十四層,住宅大樓(11層含以上有電梯),住家用,鋼筋混凝土造,1150709,200.57,4,2,3,有,有,24200000,133455,坡道平面,36.47,2300000,預售屋、或土地及建物分件登記案件；,RPSPMLMKQHLGFAB18DA,95.35,0.0,13.38,有,
西區,房地(土地+建物)+車位,臺中市西區樂群街３６８號十七樓之３,18.78,都市：其他:第二種商業區,,,1101205,土地1建物1車位1,十七層,二十四層,住宅大樓(11層含以上有電梯),住家用,鋼筋混凝土造,1150709,205.75,4,2,3,有,有,25000000,134097,坡道平面,36.47,2300000,民國113年7月15日讓渡讓渡金額2705萬元整預售屋、或土地及建物分件登記案件；,RPTPMLMKQHLGFAB28DA,98.83,0.0,13.38,有,
西區,房地(土地+建物)+車位,臺中市西區樂群街３６８號十四樓之６,15.88,都市：其他:第二種商業區,,,1101119,土地1建物1車位1,十四層,二十四層,住宅大樓(11層含以上有電梯),住家用,鋼筋混凝土造,1150709,179.81,3,2,2,有,有,20970000,133040,坡道平面,36.47,1900000,民國112年5月23日讓渡讓渡金額2097萬元整一親等讓渡預售屋、或土地及建物分件登記案件；,RPOPMLMKQHLGFAB77DA,83.31,0.0,11.66,有,
北區,房地(土地+建物)+車位,臺中市北區柳川東路四段８８號四樓之５,9.54,都市：其他:第二種住宅區,,,1101126,土地1建物1車位1,四層,九層,華廈(10層含以下有電梯),住家用,鋼筋混凝土造,1150328,57.75,1,1,1,有,有,6350000,121158,坡道機械,13.18,950000,裝潢費50000元不包含在總價中預售屋、或土地及建物分件登記案件；,RPRNMLRJQHLGFBB38DA,17.29,0.0,1.4,有,
北區,房地(土地+建物),臺中市北區柳川東路四段８８號三樓之１,9.26,都市：其他:第二種住宅區,,,1101121,土地1建物1車位0,三層,九層,華廈(10層含以下有電梯),住家用,鋼筋混凝土造,1150328,43.260000000000005,1,1,1,有,有,5560000,128525,,0.0,0,指定名義人配偶裝潢費50000元不包含在總價中預售屋、或土地及建物分件登記案件；,RPTNMLRJQHLGFBB58DA,16.46,0.0,1.61,有,
西區,房地(土地+建物)+車位,臺中市西區樂群街３６８號十樓之１,15.41,都市：其他:第二種商業區,,,1101007,土地1建物1車位1,十層,二十四層,住宅大樓(11層含以上有電梯),住家用,鋼筋混凝土造,1150709,175.63,3,2,2,有,有,19920000,130928,坡道平面,36.47,1700000,預售屋、或土地及建物分件登記案件；,RPQOMLMKQHLGFAB87DA,80.43,0.0,11.76,有,
西區,房地(土地+建物)+車位,臺中市西區樂群街３６８號十四樓之１,15.41,都市：其他:第二種商業區,,,1101014,土地1建物1車位1,十四層,二十四層,住宅大樓(11層含以上有電梯),住家用,鋼筋混凝土造,1150709,175.63,3,2,2,有,有,20190000,130713,坡道平面,36.47,2000000,預售屋、或土地及建物分件登記案件；,RPXOMLMKQHLGFAB58DA,80.43,0.0,11.76,有,
西區,房地(土地+建物)+車位,臺中市西區樂群街３６８號十四樓之２,17.59,都市：其他:第二種商業區,,,1101024,土地1建物1車位2,十四層,二十四層,住宅大樓(11層含以上有電梯),住家用,鋼筋混凝土造,1150709,230.77999999999997,4,2,2,有,有,24570000,131589,坡道平面,72.94,3800000,預售屋、或土地及建物分件登記案件；,RPQPMLMKQHLGFAB97DA,90.2,0.0,14.37,有,
西區,房地(土地+建物)+車位,臺中市西區樂群街３６８號十五樓之１,15.41,都市：其他:第二種商業區,,,1101009,土地1建物1車位1,十五層,二十四層,住宅大樓(11層含以上有電梯),住家用,鋼筋混凝土造,1150709,175.63,3,2,2,有,有,20090000,130354,坡道平面,36.47,1950000,民國112年9月19日讓渡讓渡金額2188萬元整預售屋、或土地及建物分件登記案件；,RPRPMLMKQHLGFAB08DA,80.43,0.0,11.76,有,
西屯區,房地(土地+建物)+車位,臺中市西屯區臺灣大道三段７６３號三十六樓之２,5.51,都市：其他:第四之一種商業區,,,1100917,土地1建物1車位1,三十六層,三十六層,住宅大樓(11層含以上有電梯),住家用,鋼骨造,1141028,90.53,2,2,1,有,有,9350000,109070,坡道機械,12.14,800000,1.讓渡日期:112/12/42.此申報總價為原始買賣合約價格預售屋、或土地及建物分件登記案件；,RPOPMLRLPHLGFCB48DA,45.26,1.96,4.1,有,
西屯區,房地(土地+建物)+車位,臺中市西屯區臺灣大道三段７６３號二十六樓之１,5.92,都市：其他:第四之一種商業區,,,1100414,土地1建物1車位1,二十六層,三十六層,住宅大樓(11層含以上有電梯),住家用,鋼骨造,1141028,114.74,2,2,1,有,有,10950000,109290,坡道平面,30.56,1750000,預售屋、或土地及建物分件登記案件；,RPTPMLNKQHLGFCB58DA,47.86,3.15,4.15,有,
西屯區,房地(土地+建物)+車位,臺中市西屯區臺灣大道三段７６１號三十三樓之９,5.92,都市：其他:第四之一種商業區,,,1100307,土地1建物1車位1,三十三層,三十六層,住宅大樓(11層含以上有電梯),住家用,鋼骨造,1141028,117.44,2,2,1,有,有,10550000,110596,坡道平面,33.35,1250000,預售屋、或土地及建物分件登記案件；,RPWQMLRLPHLGFCB76DA,47.86,3.06,4.15,有,
西屯區,房地(土地+建物)+車位,臺中市西屯區臺灣大道三段７６５號九樓之７,7.87,都市：其他:第四之一種商業區,,,1100319,土地1建物1車位1,九層,三十六層,住宅大樓(11層含以上有電梯),住家用,鋼骨造,1141028,141.25,3,2,2,有,有,14080000,111392,坡道平面,30.56,1750000,預售屋、或土地及建物分件登記案件；,RPRQMLNKQHLGFCB48DA,63.71,3.57,5.19,有,
西屯區,房地(土地+建物)+車位,臺中市西屯區臺灣大道三段７６３號十三樓之８,6.08,都市：其他:第四之一種商業區,,,1100326,土地1建物1車位1,十三層,三十六層,住宅大樓(11層含以上有電梯),住家用,鋼骨造,1141028,97.9,2,2,1,有,有,9620000,102845,坡道機械,12.14,800000,預售屋、或土地及建物分件登記案件；,RPTQMLNKQHLGFCB68DA,46.38,4.0,5.8,有,
西屯區,房地(土地+建物)+車位,臺中市西屯區臺灣大道三段７６３號二十一樓之２,5.51,都市：其他:第四之一種商業區,,,1100311,土地1建物1車位1,二十一層,三十六層,住宅大樓(11層含以上有電梯),住家用,鋼骨造,1141028,90.53,2,2,1,有,有,9200000,107157,坡道機械,12.14,800000,預售屋、或土地及建物分件登記案件；,RPTRMLNKQHLGFCB78DA,45.26,1.96,4.1,有,
西屯區,房地(土地+建物)+車位,臺中市西屯區臺灣大道三段７６３號二十樓之１０,5.76,都市：其他:第四之一種商業區,,,1091111,土地1建物1車位1,二十層,三十六層,住宅大樓(11層含以上有電梯),住家用,鋼骨造,1141028,111.83,2,2,1,有,有,10510000,109019,坡道平面,30.56,1650000,1.讓渡日期:111/1/112.此申報總價為1066萬元預售屋、或土地及建物分件登記案件；,RPVOMLRLPHLGFCB09DA,46.98,1.49,4.76,有,
西屯區,房地(土地+建物)+車位,臺中市西屯區臺灣大道三段７６５號三十六樓之１０,5.51,都市：其他:第四之一種商業區,,,1091101,土地1建物1車位1,三十六層,三十六層,住宅大樓(11層含以上有電梯),住家用,鋼骨造,1141028,108.19,2,2,1,有,有,10550000,114646,坡道平面,30.56,1650000,1.讓渡日期:114年2月18日2.此申報總價為1065萬元預售屋、或土地及建物分件登記案件；,RPSRMLNKQHLGFCB68DA,45.03,1.55,4.27,有,
西屯區,房地(土地+建物)+車位,臺中市西屯區臺灣大道三段７６３號二十三樓之１１,6.32,都市：其他:第四之一種商業區,,,1091002,土地1建物1車位1,二十三層,三十六層,住宅大樓(11層含以上有電梯),住家用,鋼骨造,1141028,120.0,2,2,1,有,有,11100000,108453,坡道平面,30.56,1400000,1.讓渡日期:113/12/252.此申報總價為原始買賣合約價格預售屋、或土地及建物分件登記案件；,RPRPMLNKQHLGFCB38DA,49.55,4.73,4.33,有,
西屯區,房地(土地+建物)+車位,臺中市西屯區臺灣大道三段７６１號二十一樓之９,5.92,都市：其他:第四之一種商業區,,,1091009,土地1建物1車位1,二十一層,三十六層,住宅大樓(11層含以上有電梯),住家用,鋼骨造,1141028,114.65,2,2,1,有,有,10650000,107028,坡道平面,30.56,1650000,1.讓渡日期:112年4月24日2.此申報總價為1160萬元預售屋、或土地及建物分件登記案件；,RPXQMLNKQHLGFCB09DA,47.86,3.06,4.15,有,
西屯區,房地(土地+建物)+車位,臺中市西屯區臺灣大道三段７６１號七樓之９,5.92,都市：其他:第四之一種商業區,,,1090911,土地1建物1車位1,七層,三十六層,住宅大樓(11層含以上有電梯),住家用,鋼骨造,1141028,114.65,2,2,1,有,有,10050000,101677,坡道平面,30.56,1500000,1.讓渡日期:111/4/182.此申報總價為1005萬元預售屋、或土地及建物分件登記案件；,RPSOMLRLPHLGFCB78DA,47.86,3.06,4.15,有,
西屯區,房地(土地+建物)+車位,臺中市西屯區臺灣大道三段７６１號十三樓之９,5.92,都市：其他:第四之一種商業區,,,1090923,土地1建物1車位1,十三層,三十六層,住宅大樓(11層含以上有電梯),住家用,鋼骨造,1141028,114.65,2,2,1,有,有,10030000,103817,坡道平面,30.56,1300000,1.讓渡日期:113年4月27日2.此申報總價為1025萬元預售屋、或土地及建物分件登記案件；,RPXPMLRLPHLGFCB76DA,47.86,3.06,4.15,有,
西屯區,房地(土地+建物)+車位,臺中市西屯區臺灣大道三段７６３號七樓之１３,6.08,都市：其他:第四之一種商業區,,,1090828,土地1建物1車位1,七層,三十六層,住宅大樓(11層含以上有電梯),住家用,鋼骨造,1141028,115.95,2,2,1,有,有,10600000,106570,坡道平面,30.56,1500000,1.讓渡日期:115/8/72.此申報總價為1080萬元預售屋、或土地及建物分件登記案件；,RPWOMLNKQHLGFCB78DA,49.04,3.0,3.92,有,
西屯區,房地(土地+建物)+車位,臺中市西屯區臺灣大道三段７６５號二十一樓之３,7.54,都市：其他:第四之一種商業區,,,1090810,土地1建物1車位1,二十一層,三十六層,住宅大樓(11層含以上有電梯),住家用,鋼骨造,1141028,138.59,3,2,2,有,有,13310000,109321,坡道平面,30.56,1500000,預售屋、或土地及建物分件登記案件；,RPUOMLTJPHLGFCB98DA,64.84,1.84,4.1,有,
西屯區,房地(土地+建物)+車位,臺中市西屯區臺灣大道三段７６３號十二樓之６,6.65,都市：其他:第四之一種商業區,,,1090705,土地1建物1車位1,十二層,三十六層,住宅大樓(11層含以上有電梯),住家用,鋼骨造,1141028,124.00999999999999,3,2,1,有,有,11050000,104334,坡道平面,30.56,1300000,預售屋、或土地及建物分件登記案件；,RPPPMLNKQHLGFCB18DA,54.06,3.01,4.16,有,
西屯區,房地(土地+建物)+車位,臺中市西屯區臺灣大道三段７６５號三樓之１６,5.27,都市：其他:第四之一種商業區,,,1090702,土地1建物1車位1,三層,三十六層,住宅大樓(11層含以上有電梯),辦公用,鋼骨造,1141028,106.17,0,0,0,無,有,9710000,108584,坡道平面,30.56,1500000,1.讓渡日期:113年11月11日2.此申報總價為原始買賣合約價格預售屋、或土地及建物分件登記案件；,RPVPMLNKQHLGFCB78DA,45.35,0.0,4.17,有,
西屯區,房地(土地+建物)+車位,臺中市西屯區臺灣大道三段７６３號五樓之８,6.08,都市：其他:第四之一種商業區,,,1090707,土地1建物1車位1,五層,三十六層,住宅大樓(11層含以上有電梯),住家用,鋼骨造,1141028,97.9,2,2,1,有,有,9650000,101446,坡道機械,12.14,950000,1.讓渡日期:112年8月14日2.此申報總價為原始買賣合約價格預售屋、或土地及建物分件登記案件；,RPWPMLNKQHLGFCB88DA,46.38,4.0,5.8,有,
西屯區,房地(土地+建物)+車位,臺中市西屯區臺灣大道三段７６３號七樓之２,5.51,都市：其他:第四之一種商業區,,,1090715,土地1建物1車位1,七層,三十六層,住宅大樓(11層含以上有電梯),住家用,鋼骨造,1141028,108.94,2,2,1,有,有,9320000,102322,坡道平面,30.56,1300000,1.讓渡日期:111年3月31日2.此申報總價為一千零一萬五千元預售屋、或土地及建物分件登記案件；,RPOQMLNKQHLGFCB18DA,45.26,1.96,4.1,有,
西屯區,房地(土地+建物)+車位,臺中市西屯區臺灣大道三段７６５號二十一樓之１２,6.57,都市：其他:第四之一種商業區,,,1090704,土地1建物1車位1,二十一層,三十六層,住宅大樓(11層含以上有電梯),住家用,鋼骨造,1141028,123.97,3,2,1,有,有,11900000,111337,坡道平面,30.56,1500000,1.讓渡日期:113年9月27日2.此申報總價為原始買賣合約價格預售屋、或土地及建物分件登記案件；,RPUQMLNKQHLGFCB78DA,55.26,1.55,4.38,有,
西屯區,房地(土地+建物)+車位,臺中市西屯區臺灣大道三段７６１號二十一樓之２,7.46,都市：其他:第四之一種商業區,,,1090707,土地1建物1車位1,二十一層,三十六層,住宅大樓(11層含以上有電梯),住家用,鋼骨造,1141028,135.72,3,2,2,有,有,13180000,109642,坡道平面,30.56,1650000,1.讓渡日期:115/06/232.此申報總價為原始買賣合約價格預售屋、或土地及建物分件登記案件；,RPWQMLNKQHLGFCB98DA,62.24,1.89,4.76,有,
西屯區,房地(土地+建物)+車位,臺中市西屯區臺灣大道三段７６１號二十三樓之５,7.54,都市：其他:第四之一種商業區,,,1090726,土地1建物1車位1,二十三層,三十六層,住宅大樓(11層含以上有電梯),住家用,鋼骨造,1141028,137.4,3,2,2,有,有,13600000,113253,坡道平面,30.56,1500000,1.讓渡日期:114年8月15日2.此申報總價為原始買賣合約價格預售屋、或土地及建物分件登記案件；,RPORMLNKQHLGFCB28DA,62.09,2.96,4.96,有,
西屯區,房地(土地+建物)+車位,臺中市西屯區臺灣大道三段７６１號二十三樓之６,5.68,都市：其他:第四之一種商業區,,,1090726,土地1建物1車位1,二十三層,三十六層,住宅大樓(11層含以上有電梯),住家用,鋼骨造,1141028,108.0,2,2,1,有,有,10370000,112575,坡道平面,28.32,1400000,1.讓渡日期:114年8月15日2.此申報總價為原始買賣合約價格預售屋、或土地及建物分件登記案件；,RPPRMLNKQHLGFCB38DA,45.59,2.13,4.47,有,
西屯區,房地(土地+建物)+車位,臺中市西屯區臺灣大道三段７６５號三十四樓之１２,6.57,都市：其他:第四之一種商業區,,,1090715,土地1建物1車位1,三十四層,三十六層,住宅大樓(11層含以上有電梯),住家用,鋼骨造,1141028,123.97,3,2,1,有,有,12230000,113264,坡道平面,30.56,1650000,1.讓渡日期:111年10月5日2.此申報總價為原始買賣合約價格預售屋、或土地及建物分件登記案件；,RPQPMLRKQHLGFCB68DA,55.26,1.55,4.38,有,
北區,房地(土地+建物),臺中市北區文心路四段１９０號７樓之１,7.33,都市：其他:第二種住宅區,,,1050702,土地1建物1車位0,七層,十四層,住宅大樓(11層含以上有電梯),住家用,鋼筋混凝土造,0951225,70.5,2,1,1,有,有,7950000,112766,,0.0,0,,RPXRMLKKQHLGFBB78DA,42.95,0.0,7.12,有,
