鄉鎮市區,交易標的,土地位置建物門牌,土地移轉總面積平方公尺,都市土地使用分區,非都市土地使用分區,非都市土地使用編定,交易年月日,交易筆棟數,移轉層次,總樓層數,建物型態,主要用途,主要建材,建築完成年月,建物移轉總面積平方公尺,建物現況格局-房,建物現況格局-廳,建物現況格局-衛,建物現況格局-隔間,有無管理組織,總價元,單價元平方公尺,車位類別,車位移轉總面積平方公尺,車位總價元,備註,編號,主建物面積,附屬建物面積,陽台面積,電梯,移轉編號
The villages and towns urban district,transaction sign,land sector position building sector house number plate,land shifting total area square meter,the use zoning or compiles and checks,the non-metropolis land use district,non-metropolis land use,transaction year month and day,transaction pen number,shifting level,total floor number,building state,main use,main building materials,construction to complete the years,building shifting total area,Building present situation pattern - room,building present situation pattern - hall,building present situation pattern - health,building present situation pattern - compartmented,Whether there is manages the organization,total price NTD,the unit price (NTD / square meter),the berth category,berth shifting total area square meter,the berth total price NTD,the note,serial number,main building area,auxiliary building area,balcony area,elevator,transaction number
中區,房地(土地+建物),臺中市中區市府路１４８號六樓之四,3.97,都市：其他:第一種商業區,,,1150709,土地2建物1車位0,六層,八層,華廈(10層含以下有電梯),住家用,鋼筋混凝土造,0711102,33.26,1,0,1,有,有,2450000,73662,,0.0,0,其他增建；,RPRNMLMKPHLGFAB77DA,19.56,4.58,0.0,有,0001
西區,房地(土地+建物),臺中市西區英士路７７號五樓之５,6.99,都市：其他:第二種住宅區,,,1150709,土地1建物1車位0,五層,七層,華廈(10層含以下有電梯),住家用,鋼筋混凝土造,0821007,46.5,1,0,1,有,有,3500000,75269,,0.0,0,陽台外推；,RPVNMLOKPHLGFAB38DA,26.92,0.0,5.47,有,
東區,車位,臺中市東區東光園路６１８號等公共設施,2.02,都市：其他:第三種住宅區。,,,1150709,土地2建物1車位1,,,其他,,,,33.5,0,0,0,無,有,1350000,,坡道平面,33.5,1350000,出售地下二層車位編號為B2-21號僅車位交易；,RPTNMLQKPHLGFAB38DA,0.0,0.0,0.0,有,0002
北區,房地(土地+建物),臺中市北區育強街１２７號,26.32,都市：其他:第二種住宅區,,,1150704,土地1建物1車位0,一層，騎樓,五層,公寓(5樓含以下無電梯),其他,鋼筋混凝土造,0681211,70.8,0,0,0,無,無,4676000,66045,,0.0,0,其他增建；,RPPNMLRKPHLGFBB18DA,70.8,0.0,0.0,無,
南屯區,土地,埔興段1325-3地號,22.33,住,,,1150703,土地1建物0車位0,,,其他,,,,0.0,0,0,0,無,無,1150000,51500,,0.0,0,親友、員工、共有人或其他特殊關係間之交易；,RPPRMLQJPHLGFCB48DA,0.0,0.0,0.0,無,
西屯區,房地(土地+建物),臺中市西屯區西安街１３０巷１０號一樓之８,5.19,住,,,1150702,土地1建物1車位0,一層,七層,華廈(10層含以下有電梯),住家用,鋼筋混凝土造,0830328,26.21,1,0,1,有,有,2130000,81267,,0.0,0,,RPQNMLRJPHLGFCB28DA,13.82,3.08,0.0,有,0003
后里區,土地,墩南段123地號,296.0,農,,,1150703,土地1建物0車位0,,,其他,,,,0.0,0,0,0,無,無,5000000,16892,,0.0,0,不動產抵繳股款,RPRVNLNKPHLGFDB09DA,0.0,0.0,0.0,無,
后里區,土地,墩南段142地號,422.42,農,,,1150703,土地1建物0車位0,,,其他,,,,0.0,0,0,0,無,無,8800000,20832,,0.0,0,不動產抵繳股款,RPPNMLOKPHLGFDB08DA,0.0,0.0,0.0,無,
霧峰區,土地,霧峰段霧峰小段365-314地號,4095.0,,山坡地保育區,農牧用地,1150708,土地1建物0車位0,,,其他,,,,0.0,0,0,0,無,無,3200000,781,,0.0,0,,RPTNMLPKPHLGFIB09DA,0.0,0.0,0.0,無,
大肚區,土地,文昌段1921-19地號,91.5,都市：其他:農業區,,,1150713,土地1建物0車位0,,,其他,,,,0.0,0,0,0,無,無,2000000,21858,,0.0,0,親友、員工、共有人或其他特殊關係間之交易；未登記建物；,RPPNMLQKPHLGFKB98DA,0.0,0.0,0.0,無,
太平區,土地,頂坪段242地號,8.99,,鄉村區,乙種建築用地,1150701,土地1建物0車位0,,,其他,,,,0.0,0,0,0,無,無,660000,73415,,0.0,0,,RPQNMLPKPHLGFJB98EA,0.0,0.0,0.0,無,0004
南區,房地(土地+建物),臺中市南區復興北路５３９號六樓,16.21,都市：其他:第三種住宅區。,,,1150702,土地2建物1車位0,六層,十二層,住宅大樓(11層含以上有電梯),住家用,鋼筋混凝土造,0821125,118.19000000000001,3,2,2,有,有,9200000,77841,,0.0,0,其他增建；,RPSOMLNJPHLGFAB97DA,91.64,0.0,11.4,有,
西區,房地(土地+建物),臺中市西區大同街２９３號,90.0,都市：其他:第二種住宅區,,,1150701,土地1建物1車位0,全,三層,透天厝,其他,鋼筋混凝土造,0710225,195.75,5,2,5,有,無,25000000,127714,,0.0,0,陽台外推；頂樓加蓋；其他增建；,RPPOMLRJPHLGFAB08DA,172.75,9.0,14.0,無,
東區,房地(土地+建物)+車位,臺中市東區樂業一路５號十一樓之５,19.5,都市：其他:第二種住宅區,,,1150701,土地2建物1車位1,十一層,十五層,住宅大樓(11層含以上有電梯),住家用,鋼筋混凝土造,1120706,157.42000000000002,3,2,2,有,有,19000000,120696,坡道平面,28.76,0,,RPQOMLOKPHLGFAB97DA,76.97,0.0,9.29,有,0005
西區,房地(土地+建物),臺中市西區民生北路１２２號五樓,25.83,都市：其他:第二種住宅區,,,1150706,土地3建物1車位0,五層,七層,華廈(10層含以下有電梯),住家用,鋼筋混凝土造,0671017,96.77,3,2,2,有,無,6000000,62003,,0.0,0,親友、員工、共有人或其他特殊關係間之交易；,RPTOMLPKPHLGFAB38DA,96.77,0.0,0.0,有,
北區,房地(土地+建物),臺中市北區忠太東路１１９號１５樓之１１,2.67,都市：其他:第三種住宅區。,,,1150705,土地1建物1車位0,十五層,二十一層,住宅大樓(11層含以上有電梯),住家用,鋼筋混凝土造,0840607,31.02,1,0,1,有,有,2180000,70277,,0.0,0,,RPUPMLQJPHLGFBB68DA,16.59,0.0,2.43,有,0006
北屯區,房地(土地+建物),臺中市北屯區中清路二段３９９巷１５號三樓,5.12,都市：其他:第三之二種住宅區,,,1150701,土地3建物1車位0,三層,五層,公寓(5樓含以下無電梯),住家用,鋼筋混凝土造,0701231,19.57,3,2,2,有,無,900000,45989,,0.0,0,親友、員工、共有人或其他特殊關係間之交易；,RPVNMLTJPHLGFBB88DA,16.33,0.0,3.24,無,0007
北屯區,房地(土地+建物),臺中市北屯區中清路二段３９９巷１５號三樓,5.12,都市：其他:第三之二種住宅區,,,1150704,土地3建物1車位0,三層,五層,公寓(5樓含以下無電梯),住家用,鋼筋混凝土造,0701231,19.57,3,2,2,有,無,900000,45989,,0.0,0,親友、員工、共有人或其他特殊關係間之交易；,RPUNMLKKPHLGFBB97DA,16.33,0.0,3.24,無,0007
北屯區,房地(土地+建物),臺中市北屯區中清路二段３９９巷１５號三樓,5.12,都市：其他:第三之二種住宅區,,,1150704,土地3建物1車位0,三層,五層,公寓(5樓含以下無電梯),住家用,鋼筋混凝土造,0701231,19.57,3,2,2,有,無,900000,45989,,0.0,0,親友、員工、共有人或其他特殊關係間之交易；,RPQOMLPKPHLGFBB18DA,16.33,0.0,3.24,無,0007
北區,房地(土地+建物),臺中市北區育強街１２７之１號,26.83,都市：其他:第二種住宅區,,,1150704,土地1建物1車位0,二層,五層,公寓(5樓含以下無電梯),住家用,鋼筋混凝土造,0681211,72.14,3,1,1,有,無,4300000,59606,,0.0,0,其他增建；,RPRNMLRKPHLGFBB38DA,72.14,0.0,0.0,無,
北區,房地(土地+建物),臺中市北區學士路１５１號７樓之４,5.26,都市：其他:第二種住宅區,,,1150713,土地1建物1車位0,七層,七層,華廈(10層含以下有電梯),住家用,鋼筋混凝土造,0700512,16.13,1,0,1,有,有,1680000,104154,,0.0,0,,RPROMLRKPHLGFBB48DA,16.13,0.0,0.0,有,
潭子區,房地(土地+建物),臺中市潭子區福潭路８３０巷２８號三樓,15.77,住,,,1150703,土地1建物1車位0,三層,六層,華廈(10層含以下有電梯),住家用,鋼筋混凝土造,0830426,74.34,2,1,1,有,無,2400000,32284,,0.0,0,親友、員工、共有人或其他特殊關係間之交易；,RPUNMLQKPHLGFHB56DA,55.79,0.0,3.99,有,
東區,房地(土地+建物),臺中市東區復興路４段３０５號８樓之４,3.93,都市：其他:第二種商業區,,,1150705,土地2建物1車位0,八層,十層,華廈(10層含以下有電梯),住家用,鋼筋混凝土造,0680714,19.65,1,0,1,有,有,1560000,79389,,0.0,0,其他增建；,RPWNMLPKPHLGFAB58DA,19.65,0.0,0.0,有,
中區,房地(土地+建物),臺中市中區民族路６４號１０樓之９,10.23,都市：其他:第一種商業區,,,1150703,土地1建物1車位0,十層,十一層,住宅大樓(11層含以上有電梯),商業用,鋼筋混凝土造,0770929,88.82,2,1,1,有,有,3250000,36591,,0.0,0,,RPQOMLRKPHLGFAB28DA,59.87,0.0,0.0,有,0010
北區,房地(土地+建物),臺中市北區忠太東路１１９號８樓之２,2.67,都市：其他:第三種住宅區。,,,1150706,土地1建物1車位0,八層,二十一層,住宅大樓(11層含以上有電梯),住家用,鋼筋混凝土造,0840607,32.31,1,1,1,有,有,2980000,92232,,0.0,0,,RPOQNLQJPHLGFBB28DA,16.66,0.0,3.15,有,0011
北區,房地(土地+建物),臺中市北區三民路三段３１５巷４之５號７樓之２,5.24,都市：其他:第二種住宅區,,,1150707,土地2建物1車位0,七層,七層,華廈(10層含以下有電梯),住家用,鋼筋混凝土造,0780703,28.410000000000004,1,0,1,有,有,3050000,107357,,0.0,0,,RPUQMLTJPHLGFBB09DA,16.63,2.19,1.28,有,0012
北屯區,房地(土地+建物),臺中市北屯區榮德路７３５號,115.07,都市：其他:第一之一種住宅區,,,1150713,土地4建物1車位0,全,四層,透天厝,住家用,鋼筋混凝土造,1150212,310.08,3,2,3,有,有,50980000,164409,,0.0,0,土地價款：2134萬；建物價款：2964萬親友、員工、共有人或其他特殊關係間之交易；,RPRNMLMKPHLGFBB87DA,280.94,0.0,17.75,有,
北區,房地(土地+建物),臺中市北區漢口路四段６６號４樓之２,3.38,都市：其他:第二種住宅區,,,1150703,土地1建物1車位0,四層,十四層,住宅大樓(11層含以上有電梯),住家用,鋼筋混凝土造,0850715,31.85,1,0,1,有,有,2300000,72214,,0.0,0,,RPVNMLRKPHLGFBB78DA,17.98,0.0,2.48,有,
北屯區,房地(土地+建物)+車位,臺中市北屯區梅川東路四段１０５號四樓之６,3.73,都市：其他:第二種住宅區,,,1150705,土地1建物1車位1,四層,十七層,住宅大樓(11層含以上有電梯),商業用,鋼筋混凝土造,0831222,57.65,1,1,1,有,有,4850000,84143,坡道平面,0.0,0,,RPRNMLKLPHLGFBB77DA,23.59,0.46,3.05,有,
北屯區,房地(土地+建物),臺中市北屯區天津路四段３０５號１６樓之２,1.7,都市：其他:第一種商業區,,,1150711,土地1建物1車位0,十六層,二十四層,住宅大樓(11層含以上有電梯),住家用,鋼筋混凝土造,0840626,26.13,1,1,1,有,有,2590000,99120,,0.0,0,,RPUOMLKLPHLGFBB18DA,15.08,0.0,2.41,有,0013
西屯區,房地(土地+建物)+車位,臺中市西屯區福星北路８２巷３９號二樓之２,24.13,都市：其他:第二種創新研發專用區,,,1150702,土地1建物1車位1,二層,九層,華廈(10層含以下有電梯),住家用,鋼筋混凝土造,1111124,132.99,3,1,2,有,有,17500000,161651,坡道平面,34.63,1600000,親友、員工、共有人或其他特殊關係間之交易；,RPPNMLRJPHLGFCB18DA,58.49,0.0,5.43,有,
南屯區,車位,臺中市南屯區永春東七路５５０號三樓之３等公共設施,0.0,,,,1150701,土地0建物1車位1,,,其他,,,,30.36,0,0,0,無,有,1800000,,坡道平面,30.36,1800000,建物坐落地號：永春段105地號；僅車位交易；,RPWNMLNKPHLGFCB58DA,0.0,0.0,0.0,有,0014
西屯區,房地(土地+建物),臺中市西屯區臺灣大道三段７６號十五樓之１,6.89,住,,,1150709,土地1建物1車位0,十五層,二十二層,住宅大樓(11層含以上有電梯),住家用,鋼筋混凝土造,0950816,109.10000000000001,2,2,2,有,有,13200000,120990,,0.0,0,,RPXQMLQKPHLGFCB66DA,67.78,2.9,7.91,有,
西屯區,土地,西屯段2358地號,0.34,住,,,1150715,土地4建物0車位0,,,其他,,,,0.0,0,0,0,無,無,82240,0,,0.0,0,親友、員工、共有人或其他特殊關係間之交易；,RPXOMLRKPHLGFCB56DA,0.0,0.0,0.0,無,0015
大安區,土地,安中段882地號,172.02,住,,,1150712,土地1建物0車位0,,,其他,,,,0.0,0,0,0,無,無,3227096,18760,,0.0,0,土地增值稅新台幣9009元整，由買方負擔。,RPTNMLMLPHLGFEB48DA,0.0,0.0,0.0,無,
沙鹿區,房地(土地+建物),臺中市沙鹿區興安路６４之３號五樓之４３,4.43,住,,,1150702,土地1建物1車位0,五層,五層,華廈(10層含以下有電梯),住家用,鋼筋混凝土造,1090825,14.17,1,0,1,有,有,1600000,112915,,0.0,0,陽台外推；,RPPNMLSJPHLGFFB58DA,7.52,0.0,1.58,有,0016
龍井區,土地,龍新段853地號,431.34,都市：其他:保護區,,,1150711,土地3建物0車位0,,,其他,,,,0.0,0,0,0,無,無,390000,904,,0.0,0,,RPRNMLQKPHLGFKB56DA,0.0,0.0,0.0,無,
西區,土地,土庫段83-96地號,7.0,都市：其他:第二種住宅區,,,1150709,土地1建物0車位0,,,其他,,,,0.0,0,0,0,無,無,1120000,160000,,0.0,0,政府機關標讓售；,RPQNMLKLPHLGFAB67EA,0.0,0.0,0.0,無,
西區,土地,土庫段83-79地號,17.0,都市：其他:第二種住宅區,,,1150709,土地1建物0車位0,,,其他,,,,0.0,0,0,0,無,無,2720000,160000,,0.0,0,政府機關標讓售；,SPQNMLKLPHLGFAB77EA,0.0,0.0,0.0,無,
西區,房地(土地+建物),臺中市西區日興街１２１號７樓之５,4.93,都市：其他:第二種住宅區,,,1150707,土地1建物1車位0,七層,七層,華廈(10層含以下有電梯),住家用,鋼筋混凝土造,0821223,34.239999999999995,1,1,1,有,有,2750000,80315,,0.0,0,,RPTNMLPKPHLGFAB28DA,22.35,0.0,2.78,有,
西區,房地(土地+建物)+車位,臺中市西區三民路一段５０巷８號１１樓之１６,2.61,都市：其他:第二種住宅區,,,1150706,土地3建物1車位1,十一層,十九層,住宅大樓(11層含以上有電梯),住家用,鋼筋混凝土造,0840113,40.86,1,0,1,有,有,2220000,54332,坡道機械,0.0,0,親友、員工、共有人或其他特殊關係間之交易；,RPUSMLLLPHLGFAB58DA,19.41,0.0,1.93,有,
北屯區,房地(土地+建物)+車位,臺中市北屯區柳陽西街８８號六樓之１,16.63,都市：其他:第二種住宅區,,,1150713,土地1建物1車位1,六層,十四層,住宅大樓(11層含以上有電梯),住家用,鋼筋混凝土造,1010814,162.6,4,2,2,有,有,17600000,108241,坡道平面,18.57,0,,RPWOMLOKPHLGFBB68DA,87.4,3.08,10.05,有,0017
北屯區,房地(土地+建物)+車位,臺中市北屯區敦富三街９０號,10.46,都市：其他:第二之一種住宅區,,,1150709,土地1建物1車位1,一層,十五層,住宅大樓(11層含以上有電梯),商業用,鋼筋混凝土造,1110122,84.78999999999999,0,0,0,無,有,8200000,96698,坡道平面,13.41,0,,RPQNMLRKPHLGFBB28DA,43.09,0.0,5.08,有,0018
南屯區,房地(土地+建物),臺中市南屯區大墩路７１６號四樓之７,4.19,商,,,1150706,土地1建物1車位0,四層,十六層,住宅大樓(11層含以上有電梯),住家用,鋼筋混凝土造,0840519,39.42,1,1,1,有,有,3650000,92593,,0.0,0,,RPTPMLOKPHLGFCB58DA,23.36,0.0,2.82,有,
豐原區,房地(土地+建物)+車位,臺中市豐原區三村路９８巷２９弄１１之１號三樓,31.83,都市：其他:第二種住宅區,,,1150712,土地1建物1車位1,三層,五層,公寓(5樓含以下無電梯),住家用,鋼筋混凝土造,0790629,107.82000000000001,3,1,2,有,無,2440000,22630,坡道平面,0.0,0,親友、員工、共有人或其他特殊關係間之交易；,RPRQNLNKPHLGFDB58DA,87.27,0.0,5.21,無,
豐原區,土地,五汴段836地號,2.27,都市：其他:第一之一種住宅區,,,1150701,土地1建物0車位0,,,其他,,,,0.0,0,0,0,無,無,35715,15733,,0.0,0,買賣總價為新台幣35715元，另外本案賣方應納之土地增值稅、本買賣相關未繳納之地價稅、遺產稅、賣方辦理繼承登記之代書費、規費、律師執行費、土地法34-1執行費含提存等費用及賣方應支付仲介公司土地整合費均由買方負擔。特殊交易。,RPRNMLKLPHLGFDB97DA,0.0,0.0,0.0,無,0019
東勢區,土地,東勢段中嵙小段242-3地號,306.0,,山坡地保育區,農牧用地,1150715,土地1建物0車位0,,,其他,,,,0.0,0,0,0,無,無,210000,686,,0.0,0,,RPQNMLLLPHLGFGB28DA,0.0,0.0,0.0,無,
東勢區,房地(土地+建物),臺中市東勢區三民街１５０巷３號,59.81,住,,,1150703,土地2建物1車位0,全,二層,透天厝,其他,鋼筋混凝土造,0921020,77.01,3,2,2,有,無,1700000,22075,,0.0,0,親友、員工、共有人或其他特殊關係間之交易；,RPQNMLMLPHLGFGB38DA,72.69,0.0,4.32,無,
大雅區,房地(土地+建物),臺中市大雅區神林南路１７３巷１弄３２號五樓,27.5,都市：其他:第二種住宅區,,,1150703,土地3建物1車位0,五層,五層,公寓(5樓含以下無電梯),住家用,鋼筋混凝土造,0700420,53.24,4,3,2,有,無,2910000,54658,,0.0,0,頂樓加蓋；,RPVNMLNKPHLGFHB98DA,53.24,0.0,0.0,無,
大雅區,房地(土地+建物),臺中市大雅區學府路４３號,94.0,住,,,1150701,土地1建物1車位0,全,四層,透天厝,住商用,鋼筋混凝土造,0790119,256.18,7,2,4,有,無,20000000,78070,,0.0,0,,RPRNMLRKPHLGFHB98DA,230.95,3.6,21.63,無,
大里區,房地(土地+建物),臺中市大里區勝利二路１０１號,107.47,都市：其他:住宅區,,,1150708,土地1建物1車位0,全,四層,透天厝,住商用,鋼筋混凝土造,1120614,220.37,5,2,6,有,無,41500000,188320,,0.0,0,,RPWNMLKLPHLGFIB98DA,208.6,0.0,11.77,有,
烏日區,土地,成功嶺段526-2地號,19.6,住,,,1150715,土地1建物0車位0,,,其他,,,,0.0,0,0,0,無,無,533052,27197,,0.0,0,政府機關標讓售；,RPQNMLLLPHLGFIB58EA,0.0,0.0,0.0,無,
南區,房地(土地+建物),臺中市南區學府路１８９號９樓之１２,5.26,都市：其他:第一種商業區,,,1150702,土地2建物1車位0,九層,十五層,住宅大樓(11層含以上有電梯),住家用,鋼筋混凝土造,0831207,68.84,2,2,1,有,有,5500000,79895,,0.0,0,,RPSOMLTJPHLGFAB58DA,42.22,0.0,4.71,有,
西區,車位,臺中市西區大隆路１８－１號地下一樓之２,0.63,都市：其他:第二種住宅區,,,1150709,土地1建物1車位1,地下層,七層,其他,商業用,鋼筋混凝土造,0810420,7.62,0,0,0,無,有,750000,,坡道機械,0.0,750000,僅車位交易；,RPWOMLOKPHLGFAB58DA,0.0,0.0,0.0,有,0020
北屯區,房地(土地+建物),臺中市北屯區天津路四段３０５號１２樓之５,1.68,都市：其他:第一種商業區,,,1150715,土地1建物1車位0,十二層,二十四層,住宅大樓(11層含以上有電梯),住家用,鋼筋混凝土造,0840626,25.61,1,1,1,有,有,2180000,85123,,0.0,0,,RPPOMLPKPHLGFBB08DA,13.83,0.0,3.89,有,
北區,房地(土地+建物),臺中市北區育強街９６之５號,18.69,都市：其他:第二種住宅區,,,1150707,土地1建物1車位0,四層,七層,華廈(10層含以下有電梯),住家用,鋼筋混凝土造,0711016,91.15,3,1,1,有,有,3500000,38398,,0.0,0,親友、員工、共有人或其他特殊關係間之交易；陽台外推；,RPSVMLLLPHLGFBB78DA,60.99,0.0,10.15,有,
南屯區,房地(土地+建物)+車位,臺中市南屯區大容西街２號９樓,17.09,住,,,1150701,土地1建物1車位1,九層,十二層,住宅大樓(11層含以上有電梯),住家用,鋼筋混凝土造,0830202,178.46,3,2,2,有,有,14000000,78449,升降機械,0.0,0,,RPUNMLLLPHLGFCB28DA,126.25,3.24,13.95,有,
烏日區,土地,三和段186地號,5.81,住,,,1150717,土地1建物0車位0,,,其他,,,,0.0,0,0,0,無,無,232000,39931,,0.0,0,現況供巷道使用,RPQNMLMLPHLGFIB68EA,0.0,0.0,0.0,無,0021
霧峰區,房地(土地+建物),臺中市霧峰區中正路４９０巷１５號,101.24,,鄉村區,乙種建築用地,1150715,土地2建物1車位0,全,二層,透天厝,住商用,加強磚造,0670731,82.8,3,2,2,有,無,1500000,18116,,0.0,0,,RPSNMLMLPHLGFIB88EA,82.8,0.0,0.0,無,
西區,房地(土地+建物),臺中市西區梅川西路二段３０號１２樓之１２,2.91,都市：其他:第二種住宅區,,,1150701,土地1建物1車位0,十二層,十二層,住宅大樓(11層含以上有電梯),住家用,鋼筋混凝土造,0790504,39.45,1,0,1,有,有,2500000,63371,,0.0,0,,RPPOMLNKPHLGFAB77DA,28.03,1.51,0.0,有,
東區,房地(土地+建物),臺中市東區信義街１１３號,29.67,都市：其他:第二種住宅區,,,1150706,土地2建物1車位0,全,一層,透天厝,住家用,磚造、木造,,14.63,12,4,5,有,無,5300000,362269,,0.0,0,持分房地出售給共有人親友、員工、共有人或其他特殊關係間之交易；頂樓加蓋；其他增建；,RPQOMLMLPHLGFAB87DA,14.63,0.0,0.0,無,
北屯區,房地(土地+建物),臺中市北屯區昌平路二段二巷９之１號,72.0,都市：其他:第二種住宅區,,,1150704,土地1建物1車位0,全,二層,透天厝,住家用,鋼筋混凝土加強磚造,0620510,130.8,6,2,2,有,無,11880000,90826,,0.0,0,頂樓加蓋；其他增建；,RPXPNLQJPHLGFBB09DA,130.8,0.0,0.0,無,
北區,房地(土地+建物),臺中市北區漢口路四段１０２號１１樓之５　　,2.41,都市：其他:第二種住宅區,,,1150704,土地1建物1車位0,十一層,十四層,住宅大樓(11層含以上有電梯),住家用,鋼筋混凝土造,0850716,33.44,1,1,1,有,有,2820000,84330,,0.0,0,,RPRQMLNLPHLGFBB38DA,18.18,0.0,2.82,有,
南屯區,車位,臺中市南屯區永春東七路５５０號三樓之３等公共設施,0.0,,,,1150701,土地0建物1車位2,,,其他,,,,60.71,0,0,0,無,有,5100000,,坡道平面,60.72,5100000,建物坐落地號：永春段105地號；僅車位交易；,RPXNMLNKPHLGFCB68DA,0.0,0.0,0.0,有,0014
南屯區,車位,臺中市南屯區永春東七路５５０號三樓之３等公共設施,0.0,,,,1150702,土地0建物1車位1,,,其他,,,,28.03,0,0,0,無,有,2200000,,坡道平面,28.03,2200000,建物坐落地號：永春段105地號；僅車位交易；,RPPOMLNKPHLGFCB97DA,0.0,0.0,0.0,有,0014
南屯區,車位,臺中市南屯區永春東七路５５０號三樓之３等公共設施,0.0,,,,1150702,土地0建物1車位1,,,其他,,,,30.36,0,0,0,無,有,1900000,,坡道平面,30.36,1900000,建物坐落地號：永春段105地號；僅車位交易；,RPQOMLNKPHLGFCB08DA,0.0,0.0,0.0,有,0014
后里區,土地,圳寮段385地號,9.46,,山坡地保育區,農牧用地,1150715,土地1建物0車位0,,,其他,,,,0.0,0,0,0,無,無,10200,1078,,0.0,0,,RPXNMLPKPHLGFDB98DA,0.0,0.0,0.0,無,0025
豐原區,土地,豐社段58地號,31.86,住,,,1150709,土地1建物0車位0,,,其他,,,,0.0,0,0,0,無,無,4820000,151287,,0.0,0,,RPTNMLMLPHLGFDB38DA,0.0,0.0,0.0,無,
東勢區,房地(土地+建物),臺中市東勢區福盛街２之５號,90.67,住,,,1150707,土地1建物1車位0,全,四層,透天厝,住家用,鋼筋混凝土造,1071112,199.66,4,3,3,有,無,13000000,65111,,0.0,0,,RPPNMLTJPHLGFGB78DA,192.32,0.0,7.34,無,0026
太平區,土地,新福段586-1地號,6.96,,,,1150706,土地1建物0車位0,,,其他,,,,0.0,0,0,0,無,無,879326,126340,,0.0,0,政府機關標讓售；,RPPNMLNLPHLGFJB78EA,0.0,0.0,0.0,無,
中區,房地(土地+建物)+車位,臺中市中區自由路二段８７號二十一樓之３,8.57,都市：其他:第一種商業區,,,1150701,土地3建物1車位1,二十一層,二十二層,住宅大樓(11層含以上有電梯),住家用,鋼筋混凝土造,1140121,106.96000000000001,2,2,1,有,有,13000000,121541,坡道機械,20.78,0,,RPPNMLNLPHLGFAB77DA,53.69,0.0,3.95,有,0027
東區,房地(土地+建物)+車位,臺中市東區十甲路４０９號６樓之２,13.91,都市：其他:第二種住宅區,,,1150706,土地1建物1車位1,六層,十三層,住宅大樓(11層含以上有電梯),住家用,鋼筋混凝土造,0830702,118.38000000000001,4,1,2,有,有,8000000,67579,升降機械,0.0,0,,RPXPMLOLPHLGFAB88DA,86.54,0.0,9.97,有,
北屯區,土地,同榮段1724-6地號,4.0,都市：其他:道路用地,,,1150708,土地1建物0車位0,,,其他,,,,0.0,0,0,0,無,無,480000,120000,,0.0,0,包含公共設施保留地用地；,RPPNMLNLPHLGFBB87DA,0.0,0.0,0.0,無,
北區,房地(土地+建物)+車位,臺中市北區中清路一段１６７號十三樓之３,37.03,都市：其他:第一種商業區,,,1150715,土地4建物1車位9,十三層,二十二層,住宅大樓(11層含以上有電梯),住家用,鋼筋混凝土造,1060111,466.13,3,2,2,有,有,34280000,93385,坡道平面,243.61,13500000,建物價格1500萬土地價格578萬車位價格1350萬,RPTONLNLPHLGFBB48DA,129.03,4.83,15.6,有,
西屯區,房地(土地+建物),臺中市西屯區何厝東二街１０３號三樓之８,4.33,都市：其他:第二種住宅區,,,1150709,土地1建物1車位0,三層,八層,華廈(10層含以下有電梯),住家用,鋼筋混凝土造,0830427,31.64,1,0,1,有,有,2870000,90708,,0.0,0,,RPTOMLKKPHLGFCB08DA,18.0,0.0,3.04,有,
豐原區,土地,五汴段836地號,3.64,都市：其他:第一之一種住宅區,,,1150701,土地1建物0車位0,,,其他,,,,0.0,0,0,0,無,無,57142,15698,,0.0,0,買賣總價為新台幣57142元整，另外本案賣方應納之土地增值稅、本買賣相關未繳納之地價稅、遺產稅、賣方辦理繼承登記之代書費、規費、律師執行費、土地法34-1執行費含提存等費用及賣方應支付仲介公司土地整合費均由買方負擔。特殊交易。,RPWOMLLLPHLGFDB68DA,0.0,0.0,0.0,無,0019
豐原區,土地,五汴段836地號,7.08,都市：其他:第一之一種住宅區,,,1150701,土地1建物0車位0,,,其他,,,,0.0,0,0,0,無,無,111112,15694,,0.0,0,買賣總價為新台幣111112元整，另外本案賣方應納之土地增值稅、本買賣相關未繳納之地價稅、遺產稅、賣方辦理繼承登記之代書費、規費、律師執行費、土地法34-1執行費含提存等費用及賣方應支付仲介公司土地整合費均由買方負擔。特殊交易。,RPXOMLLLPHLGFDB78DA,0.0,0.0,0.0,無,0019
外埔區,建物,臺中市外埔區甲后路三段１６６巷４１號,0.0,,,,1150714,土地0建物2車位0,一層，地下一層,一層,工廠,工業用,鋼骨鋼筋混凝土造,1070625,3074.24,0,0,0,無,無,32886000,,,0.0,0,建物坐落地號：永豐段414-3地號；其他增建；,RPRNMLMLPHLGFEB28DA,3074.24,0.0,0.0,無,
外埔區,房地(土地+建物),臺中市外埔區三崁路２３之５０號五樓之３,31.65,,特定農業區,甲種建築用地,1150706,土地1建物1車位0,五層,八層,華廈(10層含以下有電梯),住家用,鋼筋混凝土造,1150226,109.95,3,2,2,有,有,9150000,83220,,0.0,0,土地成交價256萬元.房屋成交價659萬元,RPSNMLRLPHLGFEB88DA,70.75,0.0,9.01,有,
大安區,房地(土地+建物),臺中市大安區大安港路１０３２巷１２號,91.0,,特定農業區,甲種建築用地,1150718,土地1建物1車位0,全,二層,透天厝,住商用,鋼筋混凝土加強磚造,0690529,127.8,4,2,3,有,無,3360000,26291,,0.0,0,含土地增值稅或其他稅費45512元；,RPXNMLSLPHLGFEB86DA,127.8,0.0,0.0,無,
潭子區,房地(土地+建物)+車位,臺中市潭子區榮興街８３巷２４號三樓,26.64,住,,,1150705,土地1建物1車位1,三層,六層,華廈(10層含以下有電梯),住家用,鋼筋混凝土造,0810728,140.98,3,2,2,有,有,7650000,54263,坡道平面,0.0,0,,RPPNMLMLPHLGFHB38DA,88.19,0.75,7.67,有,
大雅區,土地,永興段511地號,55.34,商,,,1150708,土地3建物0車位0,,,其他,,,,0.0,0,0,0,無,無,10881780,196635,,0.0,0,,RPPNMLNLPHLGFHB48DA,0.0,0.0,0.0,無,0030
大里區,土地,成功段1529地號,51.72,都市：其他:乙種工業區,,,1150714,土地1建物0車位0,,,其他,,,,0.0,0,0,0,無,無,780000,15081,,0.0,0,包含公共設施保留地用地；,RPTNMLNLPHLGFIB98DA,0.0,0.0,0.0,無,
太平區,房地(土地+建物),臺中市太平區永平南路４５號三樓之４５,5.68,住,,,1150712,土地1建物1車位0,三層,四層,華廈(10層含以下有電梯),辦公用,鋼筋混凝土造,0970707,14.53,1,0,1,有,有,1340000,92223,,0.0,0,夾層；,RPROMLOKPHLGFJB98DA,6.2,0.93,2.07,有,0031
太平區,土地,內城段70地號,330.57,,山坡地保育區,農牧用地,1150722,土地1建物0車位0,,,其他,,,,0.0,0,0,0,無,無,2000000,6050,,0.0,0,未登記建物；,RPTNMLOLPHLGFJB56DA,0.0,0.0,0.0,無,0032
南屯區,土地,台安段247地號,464.71,都市：其他:農業區,,,1150713,土地1建物0車位0,,,其他,,,,0.0,0,0,0,無,無,4217100,9075,,0.0,0,,RPPNMLOLPHLGFCB18EA,0.0,0.0,0.0,無,
外埔區,土地,永吉段1245-1地號,53.83,農,,,1150713,土地2建物0車位0,,,其他,,,,0.0,0,0,0,無,無,426872,7930,,0.0,0,政府機關標讓售；,RPSNMLSLPHLGFEB09EA,0.0,0.0,0.0,無,
南區,房地(土地+建物)+車位,臺中市南區五權南路２０２號十二樓之五,7.57,都市：其他:第二種住宅區,,,1150711,土地2建物1車位1,十二層,十四層,住宅大樓(11層含以上有電梯),住家用,鋼筋混凝土造,0970730,79.5,1,2,1,有,有,9120000,129428,坡道機械,15.99,900000,陽台外推；其他增建；,RPSOMLOKPHLGFAB18DA,36.77,0.91,5.21,有,0033
南區,房地(土地+建物)+車位,臺中市南區東興路一段２５號五樓之２,10.35,都市：其他:第三種住宅區。,,,1150710,土地1建物1車位1,五層,十五層,住宅大樓(11層含以上有電梯),住家用,鋼筋混凝土造,1131009,106.27000000000001,2,2,2,有,有,13000000,122330,坡道平面,27.28,0,,RPOTMLLLPHLGFAB08DA,49.23,0.0,3.62,有,0034
東區,房地(土地+建物)+車位,臺中市東區東光園路１１７號二十二樓之６,16.99,都市：其他:第三種住宅區。,,,1150709,土地2建物1車位1,二十二層,二十四層,住宅大樓(11層含以上有電梯),住家用,鋼筋混凝土造,1120426,126.36,3,2,1,有,有,15000000,118708,坡道平面,30.52,0,,RPSSMLOLPHLGFAB68DA,60.66,0.0,3.51,有,0035
北區,房地(土地+建物),臺中市北區榮華街６８號３樓之２,5.0,都市：其他:第二種住宅區,,,1150706,土地1建物1車位0,三層,五層,公寓(5樓含以下無電梯),住家用,鋼筋混凝土造,0771114,20.53,1,0,1,有,有,1530000,74525,,0.0,0,陽台外推；,RPOSMLLLPHLGFBB08DA,12.95,0.0,1.85,無,0036
北區,房地(土地+建物),臺中市北區德化街２８７號４樓之２,6.57,都市：其他:第二種住宅區,,,1150701,土地1建物1車位0,四層,七層,華廈(10層含以下有電梯),住家用,鋼筋混凝土造,0771003,35.12,1,0,1,有,有,2000000,56948,,0.0,0,,RPXQMLMLPHLGFBB88DA,24.43,0.0,4.81,有,
北區,土地,水源段335-10地號,59.0,都市：其他:第一種商業區,,,1150702,土地2建物0車位0,,,其他,,,,0.0,0,0,0,無,無,12065000,204492,,0.0,0,,RPSSMLOLPHLGFBB78DA,0.0,0.0,0.0,無,
西屯區,車位,臺中市西屯區臺灣大道三段７６７號等公共設施,0.0,,,,1150707,土地0建物1車位1,,,其他,,,,30.56,0,0,0,無,有,1300000,,坡道平面,30.56,1300000,建物坐落地號：惠安段223地號；親友、員工、共有人或其他特殊關係間之交易；僅車位交易；,RPSNMLKKPHLGFCB87DA,0.0,0.0,0.0,有,
西屯區,房地(土地+建物),臺中市西屯區甘肅路一段８號十二樓之１３,2.25,都市：其他:第一種商業區,,,1150712,土地1建物1車位0,十二層,十五層,住宅大樓(11層含以上有電梯),住家用,鋼筋混凝土造,0860203,33.48,1,0,1,有,有,2600000,77682,,0.0,0,,RPTNMLNKPHLGFCB28DA,18.96,0.36,3.08,有,0037
西屯區,房地(土地+建物)+車位,臺中市西屯區西屯路三段１６６之１００號九樓之９,16.45,都市：其他:第六種住宅區,,,1150704,土地1建物1車位1,九層,二十一層,住宅大樓(11層含以上有電梯),住家用,鋼筋混凝土造,1031119,175.41,3,2,2,有,有,20500000,116869,坡道平面,39.74,0,,RPPPMLKLPHLGFCB87DA,77.09,3.81,8.79,有,
西屯區,土地,廣福段167-1地號,89.65,都市：其他:乙種工業區,,,1150709,土地1建物0車位0,,,其他,,,,0.0,0,0,0,無,無,3796800,42351,,0.0,0,包含公共設施保留地用地；,RPOOMLMLPHLGFCB87DA,0.0,0.0,0.0,無,0038
西屯區,土地,東林段81-26地號,60.55,都市：其他:農業區,,,1150721,土地2建物0車位0,,,其他,,,,0.0,0,0,0,無,無,2000000,33031,,0.0,0,未登記建物；,RPPNMLOLPHLGFCB08DA,0.0,0.0,0.0,無,
西屯區,房地(土地+建物),臺中市西屯區福瑞街２７巷１１號四樓之１５,5.37,都市：其他:第一之一種住宅區,,,1150706,土地1建物1車位0,四層,七層,華廈(10層含以下有電梯),住家用,鋼筋混凝土造,0830316,27.6,0,0,0,無,有,1680000,60870,,0.0,0,,RPSPMLOLPHLGFCB58DA,14.59,0.0,2.93,有,
西屯區,土地,廣昌段1160-1地號,17.99,都市：其他:第三種住宅區。,,,1150703,土地1建物0車位0,,,其他,,,,0.0,0,0,0,無,無,1800000,100056,,0.0,0,包含公共設施保留地用地；,RPPNMLRLPHLGFCB38DA,0.0,0.0,0.0,無,
西屯區,房地(土地+建物)+車位,臺中市西屯區大安街１７號三樓之３,24.44,都市：其他:第二種住宅區,,,1150715,土地1建物1車位1,三層,八層,華廈(10層含以下有電梯),住家用,鋼筋混凝土造,0821204,163.97,3,1,2,有,有,14800000,90260,升降機械,0.0,0,,RPRPMLRLPHLGFCB78DA,105.65,4.58,15.81,有,
豐原區,土地,五汴段836地號,7.08,都市：其他:第一之一種住宅區,,,1150701,土地1建物0車位0,,,其他,,,,0.0,0,0,0,無,無,111112,15694,,0.0,0,買賣總價為新台幣111112元整，另外本案賣方應納之土地增值稅、本買賣相關未繳納之地價稅、遺產稅、賣方辦理繼承登記之代書費、規費、律師執行費、土地法34-1執行費含提存等費用及賣方應支付仲介公司土地整合費均由買方負擔。特殊交易。,RPOPMLLLPHLGFDB97DA,0.0,0.0,0.0,無,0019
豐原區,土地,五汴段836地號,63.69,都市：其他:第一之一種住宅區,,,1150701,土地1建物0車位0,,,其他,,,,0.0,0,0,0,無,無,1000000,15701,,0.0,0,買賣總價為新台幣100萬元整，另外本案賣方應納之土地增值稅、本買賣相關未繳納之地價稅、遺產稅、賣方辦理繼承登記之代書費、規費、律師執行費、土地法34-1執行費含提存等費用及賣方應支付仲介公司土地整合費均由買方負擔。特殊交易。,RPPPMLLLPHLGFDB08DA,0.0,0.0,0.0,無,0019
豐原區,土地,五汴段836地號,19.71,都市：其他:第一之一種住宅區,,,1150701,土地1建物0車位0,,,其他,,,,0.0,0,0,0,無,無,309524,15704,,0.0,0,買賣總價為新台幣309524元整，另外本案賣方應納之土地增值稅、本買賣相關未繳納之地價稅、遺產稅、賣方辦理繼承登記之代書費、規費、律師執行費、土地法34-1執行費含提存等費用及賣方應支付仲介公司土地整合費均由買方負擔。特殊交易。,RPQPMLLLPHLGFDB18DA,0.0,0.0,0.0,無,0019
后里區,房地(土地+建物),臺中市后里區公路２７之１７號,88.4,,特定農業區,甲種建築用地,1150715,土地2建物1車位0,全,三層,透天厝,住家用,鋼筋混凝土造,1150105,149.18,4,2,3,有,無,12500000,83791,,0.0,0,,RPPNMLNLPHLGFDB08DA,134.66,0.0,14.52,無,
神岡區,土地,溪洲段213地號,58.18,,特定農業區,農牧用地,1150708,土地1建物0車位0,,,其他,,,,0.0,0,0,0,無,無,439750,7558,,0.0,0,親友、員工、共有人或其他特殊關係間之交易；,RPSNMLRLPHLGFDB78DA,0.0,0.0,0.0,無,0042
大甲區,土地,奉仁段520地號,4249.64,,特定農業區,農牧用地,1150705,土地1建物0車位0,,,其他,,,,0.0,0,0,0,無,無,8500000,2000,,0.0,0,親友、員工、共有人或其他特殊關係間之交易；,RPWNMLOKPHLGFEB88DA,0.0,0.0,0.0,無,
大甲區,房地(土地+建物),臺中市大甲區日南路２之４３號,115.88,都市：其他:住宅區,,,1150704,土地1建物1車位0,全,三層,透天厝,其他,鋼筋混凝土造,0821103,203.02,5,3,3,有,無,9700000,47779,,0.0,0,其他增建；,RPQNMLPKPHLGFEB38DA,190.11,0.0,12.91,無,
大甲區,土地,奉化段498地號,211.98,,特定農業區,農牧用地,1150703,土地1建物0車位0,,,其他,,,,0.0,0,0,0,無,無,784326,3700,,0.0,0,政府機關標讓售；,RPTNMLTLPHLGFEB56DA,0.0,0.0,0.0,無,
潭子區,土地,頭家段12地號,123.11,工,,,1150709,土地1建物0車位0,,,其他,,,,0.0,0,0,0,無,無,14740000,119730,,0.0,0,,RPQNMLKKPHLGFHB18DA,0.0,0.0,0.0,無,
大雅區,土地,西員寶北段223地號,115.84,農,,,1150701,土地3建物0車位0,,,其他,,,,0.0,0,0,0,無,無,10337390,89239,,0.0,0,,RPXNMLNLPHLGFHB66DA,0.0,0.0,0.0,無,
烏日區,房地(土地+建物)+車位,臺中市烏日區環河路四段２７８號十三樓之５,25.28,商,,,1150703,土地1建物1車位1,十三層,十五層,住宅大樓(11層含以上有電梯),住家用,鋼筋混凝土造,1090713,183.04000000000002,3,2,2,有,有,17650000,96427,坡道平面,30.49,0,,RPTNMLRJPHLGFIB56DA,92.34,1.05,10.98,有,0043
大里區,房地(土地+建物),臺中市大里區中興路二段６４３巷９號,34.5,都市：其他:住宅區,,,1150708,土地2建物1車位0,一層,五層,公寓(5樓含以下無電梯),住商用,鋼筋混凝土造,0731215,104.72,4,2,2,有,無,3900000,37242,,0.0,0,其他增建；,RPSNMLNKPHLGFIB78DA,92.35,2.9,0.0,無,
霧峰區,土地,新峰東段20地號,57.69,都市：其他:住宅區,,,1150703,土地1建物0車位0,,,其他,,,,0.0,0,0,0,無,無,1700000,29468,,0.0,0,,RPPOMLKLPHLGFIB38DA,0.0,0.0,0.0,無,
霧峰區,土地,北柳段203地號,1582.53,,特定農業區,農牧用地,1150723,土地2建物0車位0,,,其他,,,,0.0,0,0,0,無,無,12000000,7583,,0.0,0,,RPQNMLRLPHLGFIB09DA,0.0,0.0,0.0,無,
太平區,房地(土地+建物),臺中市太平區育才路１７７號九樓之５,12.76,住,,,1150716,土地1建物1車位0,九層,十五層,住宅大樓(11層含以上有電梯),住家用,鋼筋混凝土造,1150113,63.53,1,1,1,有,有,7750000,121990,,0.0,0,,RPSNMLRKPHLGFJB66DA,36.35,0.0,5.15,有,0044
太平區,土地,竹村段337地號,2101.97,,山坡地保育區,林業用地,1150701,土地1建物0車位0,,,其他,,,,0.0,0,0,0,無,無,500000,238,,0.0,0,親友、員工、共有人或其他特殊關係間之交易；,RPRNMLOLPHLGFJB98DA,0.0,0.0,0.0,無,
太平區,土地,黃竹段79地號,1898.8,,山坡地保育區,農牧用地,1150722,土地2建物0車位0,,,其他,,,,0.0,0,0,0,無,無,600000,316,,0.0,0,農作物；,RPPNMLRLPHLGFJB09DA,0.0,0.0,0.0,無,
南區,房地(土地+建物),臺中市南區復興路一段３１９之２０號五樓之十二,3.89,都市：其他:第二種商業區,,,1150713,土地2建物1車位0,五層,十二層,住宅大樓(11層含以上有電梯),住家用,鋼筋混凝土造,0941219,29.06,1,1,1,有,有,2800000,96352,,0.0,0,親友、員工、共有人或其他特殊關係間之交易；,RPSOMLNLPHLGFAB18DA,16.13,0.0,2.59,有,
北屯區,房地(土地+建物)+車位,臺中市北屯區崇德五路１４６巷２０號十五樓之２,41.3,都市：其他:第二種住宅區,,,1150703,土地1建物1車位1,十五層，十六層,十六層,住宅大樓(11層含以上有電梯),住家用,鋼筋混凝土造,0801207,305.59000000000003,3,2,3,有,有,20750000,67904,坡道平面,0.0,0,陽台外推；其他增建；,RPRNMLNKPHLGFBB97DA,200.58,2.5,9.48,有,
北屯區,房地(土地+建物)+車位,臺中市北屯區北平路四段１５９號二十二樓之２,21.12,都市：其他:第一種商業區,,,1150703,土地1建物1車位2,二十二層,二十四層,住宅大樓(11層含以上有電梯),住家用,鋼筋混凝土造,1140822,225.34,4,2,3,有,有,34600000,172274,坡道平面,52.36,4800000,,RPOOMLKLPHLGFBB57DA,103.33,0.0,9.57,有,
北區,房地(土地+建物)+車位,臺中市北區德化街５０９號三樓之３,35.54,都市：其他:第二種住宅區,,,1150707,土地2建物1車位1,三層,二十五層,住宅大樓(11層含以上有電梯),住家用,鋼筋混凝土造,1080321,238.38,4,2,2,有,有,30500000,127947,坡道平面,29.16,0,社區名稱:睦森林,RPTOMLKLPHLGFBB08DA,118.22,9.09,12.99,有,
北屯區,房地(土地+建物),臺中市北屯區進化北路６４巷６之８號,23.43,都市：其他:第三種住宅區。,,,1150703,土地1建物1車位0,四層,五層,公寓(5樓含以下無電梯),住家用,鋼筋混凝土造,0700501,83.84,5,0,5,有,無,6500000,77529,,0.0,0,,RPXNMLLLPHLGFBB48DA,78.52,0.0,0.0,無,
北區,房地(土地+建物),臺中市北區大義街２９巷３７號５樓之３２,6.72,都市：其他:第三種住宅區。,,,1150719,土地1建物1車位0,五層,八層,華廈(10層含以下有電梯),住家用,鋼筋混凝土造,0771231,32.89,1,0,1,有,有,2650000,80572,,0.0,0,,RPRPMLRLPHLGFBB68DA,22.0,0.0,2.03,有,
南屯區,房地(土地+建物)+車位,臺中市南屯區向上南路一段３０５號十四樓,19.47,都市：其他:第二種住宅區,,,1150718,土地1建物1車位1,十四層,十四層,住宅大樓(11層含以上有電梯),住家用,鋼筋混凝土造,0821119,190.73000000000002,4,2,2,有,有,16660000,87349,坡道平面,0.0,0,,RPOOMLKLPHLGFCB67DA,122.66,1.48,17.45,有,
西屯區,土地,東林段81-44地號,17.87,都市：其他:農業區,,,1150721,土地1建物0車位0,,,其他,,,,0.0,0,0,0,無,無,540600,30252,,0.0,0,未登記建物；,RPQNMLOLPHLGFCB18DA,0.0,0.0,0.0,無,
西屯區,車位,臺中市西屯區四川路８７巷７３號等公共設施,0.0,,,,1150702,土地0建物1車位2,,,其他,,,,14.64,0,0,0,無,無,1580000,,坡道機械,0.0,0,建物坐落地號：何安段371地號；僅車位交易；,RPQPMLOLPHLGFCB38DA,0.0,0.0,0.0,無,
西屯區,土地,民安段1544地號,30.06,都市：其他:第三之一種住宅區,,,1150704,土地1建物0車位0,,,其他,,,,0.0,0,0,0,無,無,3517020,117000,,0.0,0,親友、員工、共有人或其他特殊關係間之交易；,RPPOMLSLPHLGFCB58DA,0.0,0.0,0.0,無,
豐原區,土地,五汴段836地號,7.08,都市：其他:第一之一種住宅區,,,1150701,土地1建物0車位0,,,其他,,,,0.0,0,0,0,無,無,111112,15694,,0.0,0,買賣總價為新台幣111112元整，另外本案賣方應納之土地增值稅、本買賣相關未繳納之地價稅、遺產稅、賣方辦理繼承登記之代書費、規費、律師執行費、土地法34-1執行費含提存等費用及賣方應支付仲介公司土地整合費均由買方負擔。特殊交易。,RPSPMLLLPHLGFDB38DA,0.0,0.0,0.0,無,
豐原區,土地,五汴段836地號,9.1,都市：其他:第一之一種住宅區,,,1150701,土地1建物0車位0,,,其他,,,,0.0,0,0,0,無,無,142858,15699,,0.0,0,買賣總價為新台幣142858元整，另外本案賣方應納之土地增值稅、本買賣相關未繳納之地價稅、遺產稅、賣方辦理繼承登記之代書費、規費、律師執行費、土地法34-1執行費含提存等費用及賣方應支付仲介公司土地整合費均由買方負擔。特殊交易。,RPTPMLLLPHLGFDB48DA,0.0,0.0,0.0,無,
豐原區,土地,五汴段836地號,1.82,都市：其他:第一之一種住宅區,,,1150701,土地1建物0車位0,,,其他,,,,0.0,0,0,0,無,無,28572,15699,,0.0,0,買賣總價為新台幣28572元整，另外本案賣方應納之土地增值稅、本買賣相關未繳納之地價稅、遺產稅、賣方辦理繼承登記之代書費、規費、律師執行費、土地法34-1執行費含提存等費用及賣方應支付仲介公司土地整合費均由買方負擔。特殊交易。,RPUPMLLLPHLGFDB58DA,0.0,0.0,0.0,無,
豐原區,土地,五汴段836地號,193.14,都市：其他:第一之一種住宅區,,,1150701,土地1建物0車位0,,,其他,,,,0.0,0,0,0,無,無,3032540,15701,,0.0,0,買賣總價為新台幣3032540元整，另外本案賣方應納之地價稅、遺產稅、賣方辦理繼承登記之代書費、規費、律師執行費、土地法34-1執行費含提存等費用及賣方應支付仲介公司土地整合費均由買方負擔。特殊交易。,RPVPMLLLPHLGFDB68DA,0.0,0.0,0.0,無,
豐原區,土地,五汴段836地號,15.92,都市：其他:第一之一種住宅區,,,1150701,土地1建物0車位0,,,其他,,,,0.0,0,0,0,無,無,250000,15704,,0.0,0,買賣總價為新台幣25萬元整，另外本案賣方應納之地價稅、遺產稅、賣方辦理繼承登記之代書費、規費、律師執行費、土地法34-1執行費含提存等費用及賣方應支付仲介公司土地整合費均由買方負擔。特殊交易。,RPWPMLLLPHLGFDB78DA,0.0,0.0,0.0,無,
豐原區,土地,五汴段836地號,2.27,都市：其他:第一之一種住宅區,,,1150701,土地1建物0車位0,,,其他,,,,0.0,0,0,0,無,無,35715,15733,,0.0,0,買賣總價為新台幣35715元整，另外本案賣方應納之地價稅、遺產稅、賣方辦理繼承登記之代書費、規費、律師執行費、土地法34-1執行費含提存等費用及賣方應支付仲介公司土地整合費均由買方負擔。特殊交易。,RPXPMLLLPHLGFDB88DA,0.0,0.0,0.0,無,
豐原區,土地,豐年段488地號,6.89,都市：其他:第一之二種住宅區,,,1150717,土地1建物0車位0,,,其他,,,,0.0,0,0,0,無,無,600000,87083,,0.0,0,持分買賣每坪新台幣30萬元計算畸零地或有合併使用效益；,RPOOMLSLPHLGFDB58DA,0.0,0.0,0.0,無,
石岡區,土地,崁子下段734地號,101.33,,鄉村區,乙種建築用地,1150708,土地1建物0車位0,,,其他,,,,0.0,0,0,0,無,無,3380000,33356,,0.0,0,,RPQNMLPKPHLGFGB58DA,0.0,0.0,0.0,無,
東勢區,土地,玉高段871地號,85.91,農,,,1150708,土地2建物0車位0,,,其他,,,,0.0,0,0,0,無,無,700000,8148,,0.0,0,,RPQNMLSLPHLGFGB98DA,0.0,0.0,0.0,無,
潭子區,土地,興龍段787-1地號,115.63,,特定農業區,水利用地,1150709,土地1建物0車位0,,,其他,,,,0.0,0,0,0,無,無,3076914,26610,,0.0,0,政府機關標讓售；,RPTNMLLLPHLGFHB68DA,0.0,0.0,0.0,無,
潭子區,房地(土地+建物)+車位,臺中市潭子區勝利三街３５號六樓,18.1,住,,,1150711,土地1建物1車位1,六層,八層,華廈(10層含以下有電梯),住家用,鋼筋混凝土造,0871214,112.88,3,2,2,有,有,7500000,66442,坡道機械,0.0,0,陽台外推；,RPQNMLOLPHLGFHB68DA,65.2,8.03,8.52,有,
霧峰區,房地(土地+建物),臺中市霧峰區新厝路３７１號,63.51,,特定農業區,甲種建築用地,1150717,土地1建物1車位0,全,二層,透天厝,住商用,加強磚造,0710810,133.71,2,2,2,有,無,5000000,37394,,0.0,0,親友、員工、共有人或其他特殊關係間之交易；,RPXNMLKLPHLGFIB09DA,128.57,0.0,5.14,無,
烏日區,車位,臺中市烏日區榮和路２５號等共有部分,0.0,,,,1150707,土地0建物1車位3,,,其他,,,,91.72,0,0,0,無,無,6000000,,坡道平面,91.71,6000000,本出售價格未含稅 稅負外加由買方負擔；建物坐落地號：新榮泉段155地號；僅車位交易；,RPQNMLLLPHLGFIB48DA,0.0,0.0,0.0,無,
烏日區,土地,山頂段609地號,6.3,住,,,1150717,土地1建物0車位0,,,其他,,,,0.0,0,0,0,無,無,200000,31746,,0.0,0,親友、員工、共有人或其他特殊關係間之交易；急買急賣；,RPRNMLMLPHLGFIB68DA,0.0,0.0,0.0,無,
烏日區,土地,九如段224-7地號,215.15,都市：其他:道路用地,,,1150714,土地1建物0車位0,,,其他,,,,0.0,0,0,0,無,無,5473416,25440,,0.0,0,包含公共設施保留地用地；,RPUNMLOLPHLGFIB56DA,0.0,0.0,0.0,無,
烏日區,土地,新喀哩段55地號,96.77,,鄉村區,乙種建築用地,1150723,土地1建物0車位0,,,其他,,,,0.0,0,0,0,無,無,1450000,14984,,0.0,0,,RPUOMLRLPHLGFIB96DA,0.0,0.0,0.0,無,
烏日區,房地(土地+建物),臺中市烏日區憬學街１７號,31.77,商,,,1150706,土地2建物1車位0,全,四層,透天厝,住商用,鋼筋混凝土造,0681215,90.8,4,1,4,有,無,2800000,30837,,0.0,0,親友、員工、共有人或其他特殊關係間之交易；,RPPNMLSLPHLGFIB56EA,90.8,0.0,0.0,無,
南區,房地(土地+建物)+車位,臺中市南區復興路二段７１巷３２號七樓之１,13.45,都市：其他:第三種住宅區。,,,1150612,土地1建物1車位1,七層,十四層,住宅大樓(11層含以上有電梯),住家用,鋼筋混凝土造,1140722,117.1,2,2,1,有,有,13100000,111870,坡道平面,33.88,0,,RPROMLMKOHLGFAB77DA,50.77,0.0,4.31,有,0045
南區,房地(土地+建物),臺中市南區大慶街一段２４３號,23.7,都市：其他:第三種住宅區。,,,1150614,土地1建物1車位0,一層,十四層,住宅大樓(11層含以上有電梯),商業用,鋼筋混凝土造,1111024,104.29,0,0,0,無,有,25000000,239716,,0.0,0,買賣契約書總價款為新台幣 5500 萬元整，15000建號價款為新台幣 2500 萬元整。,RPRTMLTLOHLGFAB09DA,80.29,0.0,0.0,有,0046
南區,房地(土地+建物),臺中市南區大慶街一段２４５號,24.82,都市：其他:第三種住宅區。,,,1150614,土地1建物1車位0,一層,十四層,住宅大樓(11層含以上有電梯),商業用,鋼筋混凝土造,1111024,138.07999999999998,0,0,0,無,有,30000000,217265,,0.0,0,買賣契約書總價款為新台幣 5500 萬元整，14999建號價款為新台幣 3000 萬元整。,RPSTMLTLOHLGFAB56DA,84.55,0.0,21.7,有,0047
南區,房地(土地+建物)+車位,臺中市南區崇倫街５２號五樓之一,19.22,都市：其他:第三種住宅區。,,,1150617,土地3建物1車位1,五層,九層,華廈(10層含以下有電梯),住家用,鋼筋混凝土造,1010723,109.61,2,2,2,有,有,10620000,96889,坡道機械,13.22,0,,RPSPMLKMOHLGFAB97DA,54.57,6.48,2.38,有,0048
東區,房地(土地+建物),臺中市東區十甲路３５巷２弄９號,84.0,都市：其他:第二種住宅區,,,1150622,土地1建物1車位0,全,一層,透天厝,住家用,鋼筋加強磚造,,51.99,3,2,1,有,無,5800000,111560,,0.0,0,其他增建；,RPQNMLMJPHLGFAB57DA,51.99,0.0,0.0,無,
西區,房地(土地+建物)+車位,臺中市西區三民路一段５０巷８號１２樓之５３,2.77,都市：其他:第二種住宅區,,,1150610,土地3建物1車位1,十二層,十九層,住宅大樓(11層含以上有電梯),住家用,鋼筋混凝土造,0840113,42.79,1,1,1,有,有,3000000,70110,坡道機械,0.0,0,,RPPPMLSJPHLGFAB28DA,17.86,0.0,5.7,有,
北區,土地,文正段26-50地號,3.0,都市：其他:第一種商業區,,,1150615,土地1建物0車位0,,,其他,,,,0.0,0,0,0,無,無,350000,116667,,0.0,0,親友、員工、共有人或其他特殊關係間之交易；,RPWOMLNLOHLGFBB58DA,0.0,0.0,0.0,無,
北屯區,房地(土地+建物)+車位,臺中市北屯區松竹路一段８３９號十四樓之１,20.53,都市：其他:第一種商業區,,,1150613,土地1建物1車位1,十四層,十五層,住宅大樓(11層含以上有電梯),住家用,鋼筋混凝土造,1060928,172.01,3,2,2,有,有,16500000,95925,坡道平面,29.95,0,陽台窗戶增建其他增建；,RPTNMLKMOHLGFBB97DA,79.04,2.69,14.1,有,0049
北屯區,房地(土地+建物)+車位,臺中市北屯區南興一路５號五樓之５,39.51,都市：其他:第一之一種住宅區,,,1150615,土地1建物1車位2,五層,十四層,住宅大樓(11層含以上有電梯),住家用,鋼筋混凝土造,1100902,176.78,2,2,2,有,有,22250000,125863,坡道平面,49.82,0,,RPPPMLKMOHLGFBB77DA,77.62,0.0,8.32,有,0050
北區,房地(土地+建物),臺中市北區大義街１１０之１號,24.32,都市：其他:第二種住宅區,,,1150610,土地1建物1車位0,二層,五層,公寓(5樓含以下無電梯),住家用,鋼筋混凝土造,0700323,85.75999999999999,2,2,1,有,無,5000000,58302,,0.0,0,,RPSQMLKMOHLGFBB18DA,80.1,0.0,0.0,無,
北區,房地(土地+建物),臺中市北區山西路二段４０號,80.21,都市：其他:道路用地,,,1150602,土地2建物1車位0,全,三層,透天厝,住家用,鋼筋混凝土造,0730828,175.78,5,2,4,有,無,23500000,133690,,0.0,0,新賴厝?二段215地號成交價1893萬213地號17萬元新賴厝?二段684建號成交價440萬元整,RPWPMLSJPHLGFBB09DA,175.78,0.0,0.0,無,
北區,房地(土地+建物)+車位,臺中市北區進化路５１７號九樓之１,10.38,都市：其他:第二之一種商業區,,,1150619,土地1建物1車位1,九層,二十四層,住宅大樓(11層含以上有電梯),住家用,鋼筋混凝土造,1140116,123.91,2,2,1,有,有,11000000,88774,坡道平面,28.74,0,,RPTQMLTJPHLGFBB98DA,58.01,0.0,6.02,有,0051
北屯區,房地(土地+建物)+車位,臺中市北屯區中平路４２０號,40.15,都市：其他:第二種住宅區,,,1150603,土地1建物1車位1,一層，騎樓，夾層,七層,華廈(10層含以下有電梯),住商用,鋼筋混凝土造,0980227,217.81,0,0,0,無,有,22300000,102544,坡道機械,14.97,1500000,含土地增值稅或其他稅費183258元；親友、員工、共有人或其他特殊關係間之交易；,RPPNMLNKPHLGFBB77DA,131.4,0.0,2.58,有,
北屯區,房地(土地+建物),臺中市北屯區華陽巷２弄７號,309.92,都市：其他:特二種住宅區,,,1150619,土地3建物1車位0,全,三層,透天厝,住家用,鋼筋混凝土造,0850416,192.81,5,3,4,有,有,16200000,84021,,0.0,0,頂樓加蓋；其他增建；,RPQOMLOKPHLGFBB08DA,164.91,16.89,11.01,無,
北屯區,房地(土地+建物)+車位,臺中市北屯區太和東街１９８號十一樓,26.33,都市：其他:第三種住宅區。,,,1150628,土地1建物1車位1,十一層,十二層,住宅大樓(11層含以上有電梯),住家用,鋼筋混凝土造,1041216,148.96,3,2,2,有,有,14700000,98684,坡道平面,0.0,0,,RPQPMLOKPHLGFBB18DA,72.49,4.97,6.41,有,0052
北區,房地(土地+建物)+車位,臺中市北區梅川西路四段２３２號１３樓之８,12.88,都市：其他:第二種住宅區,,,1150614,土地1建物1車位1,十三層,十四層,住宅大樓(11層含以上有電梯),住家用,鋼筋混凝土造,0871106,147.45,3,2,2,有,有,12750000,86470,坡道平面,28.36,0,,RPUNMLPKPHLGFBB48DA,77.78,0.0,11.25,有,
北屯區,房地(土地+建物)+車位,臺中市北屯區南興路１０８８號十一樓之１,22.89,都市：其他:第二之一種住宅區,,,1150605,土地1建物1車位1,十一層,十五層,住宅大樓(11層含以上有電梯),住家用,鋼筋混凝土造,1131030,166.93,3,2,2,有,有,22300000,133589,坡道平面,24.8,0,,RPUNMLQKPHLGFBB58DA,84.78,0.0,9.72,有,0053
南屯區,房地(土地+建物)+車位,臺中市南屯區文心一路３８１號十四樓之６,16.97,住,,,1150606,土地1建物1車位1,十四層,二十二層,住宅大樓(11層含以上有電梯),住家用,鋼筋混凝土造,0871113,218.32,4,2,2,有,有,18800000,88636,坡道平面,23.14,1500000,陽台外推；其他增建；,RPWNMLQJOHLGFCB68DA,129.77,0.9,17.79,有,
西屯區,房地(土地+建物)+車位,臺中市西屯區成都路１４之１號五樓之４,11.86,商,,,1150623,土地1建物1車位1,五層,九層,華廈(10層含以下有電梯),住家用,鋼筋混凝土造,0831209,111.22999999999999,3,2,2,有,有,7000000,62933,升降機械,0.0,0,,RPTNMLKMOHLGFCB08DA,64.36,1.2,7.39,有,
南屯區,房地(土地+建物),臺中市南屯區大業路２４１號二樓之１,3.9,商,,,1150623,土地1建物1車位0,二層,十二層,住宅大樓(11層含以上有電梯),住家用,鋼筋混凝土造,0830419,35.86,1,0,1,有,有,3450000,96207,,0.0,0,陽台外推；,RPWOMLLJPHLGFCB38DA,19.72,0.65,5.43,有,0054
西屯區,房地(土地+建物)+車位,臺中市西屯區中康街２３０號七樓之３,21.28,商,,,1150614,土地3建物1車位1,七層,八層,華廈(10層含以下有電梯),住家用,鋼筋混凝土造,0841027,123.56,3,2,1,有,有,9680000,78343,坡道機械,0.0,0,,RPPRMLTJPHLGFCB78DA,75.9,1.54,11.42,有,
西屯區,房地(土地+建物),臺中市西屯區寧夏路２１６巷７號八樓,15.36,住,,,1150616,土地1建物1車位0,八層,九層,華廈(10層含以下有電梯),住家用,鋼筋混凝土造,0780412,101.16,3,2,2,有,有,7650000,75623,,0.0,0,,RPWNMLPKPHLGFCB78DA,66.99,2.08,10.84,有,
西屯區,房地(土地+建物)+車位,臺中市西屯區天水西四街３號二樓之１,27.19,住,,,1150610,土地1建物1車位2,二層,九層,華廈(10層含以下有電梯),住家用,鋼筋混凝土造,1010427,190.92000000000002,3,2,2,有,有,20500000,107375,坡道平面,53.77,0,其他增建；,RPXNMLPKPHLGFCB88DA,84.14,1.29,8.73,有,
南屯區,房地(土地+建物)+車位,臺中市南屯區惠中路三段３２１號十四樓之２,55.16,住,,,1150605,土地1建物1車位2,十四層,十七層,住宅大樓(11層含以上有電梯),住家用,鋼筋混凝土造,1071122,372.93,3,2,3,有,有,49800000,160661,坡道平面,85.99,3700000,,RPROMLPKPHLGFCB38DA,152.38,16.37,27.57,有,
南屯區,房地(土地+建物),臺中市南屯區文山三街１３３巷４０號,160.19,住,,,1150615,土地1建物1車位0,全,五層,透天厝,住家用,鋼筋混凝土造,1030910,509.75,7,3,7,有,無,48000000,94164,,0.0,0,其他增建；,RPPNMLQKPHLGFCB18DA,454.64,0.0,55.11,有,
豐原區,房地(土地+建物),臺中市豐原區南陽路南陽新村４５號,69.89,住,,,1150601,土地1建物1車位0,全,二層,透天厝,住家用,加強磚造,0570531,83.2,4,2,2,有,無,8080000,97115,,0.0,0,其他增建；,RPQNMLMJOHLGFDB77DA,83.2,0.0,0.0,無,0055
豐原區,房地(土地+建物)+車位,臺中市豐原區永康路２１３巷１７７弄９號六樓,20.97,住,,,1150606,土地1建物1車位1,六層,八層,華廈(10層含以下有電梯),住家用,鋼筋混凝土造,0870409,114.97999999999999,3,2,2,有,有,8800000,76535,升降機械,0.0,0,陽台外推；,RPTOMLPKOHLGFDB58DA,72.36,0.0,10.58,有,
后里區,房地(土地+建物),臺中市后里區三豐路四段１２９巷９３弄１號,115.0,住,,,1150603,土地3建物1車位0,全,四層,透天厝,住家用,鋼筋混凝土造,0971223,216.4,6,2,6,有,有,20300000,93808,,0.0,0,頂樓加蓋；,RPRNMLOLOHLGFDB28DA,196.57,11.56,8.27,無,
豐原區,房地(土地+建物),臺中市豐原區田心路二段２６７巷３７弄１號,113.24,住,,,1150602,土地1建物1車位0,全,三層,透天厝,其他,鋼筋混凝土造,0840627,234.13,6,2,3,有,無,10000000,42711,,0.0,0,,RPROMLQLOHLGFDB58DA,225.99,0.0,8.14,無,
神岡區,土地,大明段5地號,414.13,農,,,1150626,土地1建物0車位0,,,其他,,,,0.0,0,0,0,無,無,7470000,18038,,0.0,0,,RPOPMLPKPHLGFDB28DA,0.0,0.0,0.0,無,
大安區,土地,新龜段428-1地號,39.45,,特定農業區,農牧用地,1150624,土地1建物0車位0,,,其他,,,,0.0,0,0,0,無,無,170030,4310,,0.0,0,政府機關標讓售；,RPPNMLKLPHLGFEB87DA,0.0,0.0,0.0,無,
沙鹿區,房地(土地+建物)+車位,臺中市沙鹿區中正街３３號十樓之８,11.29,商,,,1150611,土地1建物1車位1,十層,十一層,住宅大樓(11層含以上有電梯),住家用,鋼筋混凝土造,1130506,87.43,2,0,2,有,有,7500000,85783,升降機械,13.21,0,,RPWNMLOLOHLGFFB98DA,38.07,0.0,8.48,有,0056
沙鹿區,土地,鹿寮東段412地號,16.6,住,,,1150603,土地1建物0車位0,,,其他,,,,0.0,0,0,0,無,無,753090,45367,,0.0,0,親友、員工、共有人或其他特殊關係間之交易；,RPXPMLNKPHLGFFB56DA,0.0,0.0,0.0,無,
沙鹿區,土地,公館南段861地號,1844.36,農,,,1150615,土地2建物0車位0,,,其他,,,,0.0,0,0,0,無,無,23000000,12470,,0.0,0,農作物；,RPRNMLRKPHLGFFB78DA,0.0,0.0,0.0,無,
潭子區,土地,東寶三段630地號,119.94,農,,,1150606,土地1建物0車位0,,,其他,,,,0.0,0,0,0,無,無,9880000,82375,,0.0,0,本次交易包括地上未辦保存建物，門牌:台中市潭子區崇德路四段467-1號未登記建物；,RPQOMLQJPHLGFHB78DA,0.0,0.0,0.0,無,
潭子區,房地(土地+建物),臺中市潭子區大德北路１１３巷１２號,58.0,住,,,1150603,土地1建物1車位0,全,三層,透天厝,住家用,鋼筋混凝土造,0760526,104.33,3,2,2,有,無,8000000,76680,,0.0,0,親友、員工、共有人或其他特殊關係間之交易；,RPPNMLOKPHLGFHB48DA,83.95,5.82,14.56,無,
大雅區,房地(土地+建物)+車位,臺中市大雅區雅楓街３３號,21.77,住,,,1150625,土地1建物1車位1,一層，二層，騎樓,十四層,住宅大樓(11層含以上有電梯),住商用,鋼筋混凝土造,0821231,158.43,2,2,2,有,有,5000000,31560,坡道平面,15.0,0,受民情風俗因素影響；,RPTNMLOKPHLGFHB88DA,119.96,4.8,0.0,有,
大里區,房地(土地+建物),臺中市大里區亞洲街１７２巷４之４號,21.65,都市：其他:住宅區,,,1150607,土地1建物1車位0,四層,五層,公寓(5樓含以下無電梯),住家用,鋼筋混凝土造,0681012,87.58,3,2,2,有,無,4800000,54807,,0.0,0,,RPQNMLPLOHLGFIB78DA,79.1,0.0,8.48,無,0057
烏日區,土地,九如段278地號,268.84,都市：其他:道路用地,,,1150625,土地2建物0車位0,,,其他,,,,0.0,0,0,0,無,無,18704543,69575,,0.0,0,包含公共設施保留地用地；,RPRNMLLJPHLGFIB38DA,0.0,0.0,0.0,無,
霧峰區,土地,豐正段495地號,66.22,,特定農業區,甲種建築用地,1150611,土地1建物0車位0,,,其他,,,,0.0,0,0,0,無,無,3000000,45304,,0.0,0,親友、員工、共有人或其他特殊關係間之交易；未登記建物；,RPXOMLMJPHLGFIB56DA,0.0,0.0,0.0,無,0058
大里區,房地(土地+建物)+車位,臺中市大里區內新街５５之４號,19.29,都市：其他:住宅區,,,1150614,土地1建物1車位1,四層,七層,華廈(10層含以下有電梯),住家用,鋼筋混凝土造,0820315,114.47,3,2,2,有,有,6250000,54599,升降平面,0.0,0,其他增建；,RPWNMLOKPHLGFIB66DA,69.46,1.5,7.58,有,
太平區,房地(土地+建物),臺中市太平區光興路２１４０巷２６０弄３３號,192.36,,山坡地保育區,丙種建築用地,1150605,土地2建物1車位0,全,二層,透天厝,住家用,加強磚造,0790105,188.32,4,3,3,有,無,7900000,41950,,0.0,0,其他增建；,RPUNMLQKOHLGFJB66DA,177.94,0.0,10.38,無,
太平區,房地(土地+建物),臺中市太平區儀東路１２６號,65.0,工,,,1150602,土地1建物1車位0,全,三層,透天厝,住家用,鋼筋混凝土造,0810830,144.99,4,2,3,有,無,9600000,66211,,0.0,0,其他增建；,RPVNMLSKOHLGFJB96DA,127.19,7.96,9.84,無,
太平區,土地,太平段108-1180地號,33.77,住,,,1150614,土地1建物0車位0,,,其他,,,,0.0,0,0,0,無,無,3575549,105879,,0.0,0,親友、員工、共有人或其他特殊關係間之交易；,RPTNMLRJPHLGFJB66DA,0.0,0.0,0.0,無,
太平區,土地,太平段108-1184地號,42.91,住,,,1150614,土地1建物0車位0,,,其他,,,,0.0,0,0,0,無,無,4543255,105879,,0.0,0,親友、員工、共有人或其他特殊關係間之交易；,RPROMLKKPHLGFJB58DA,0.0,0.0,0.0,無,0059
太平區,房地(土地+建物)+車位,臺中市太平區立文街１５９號十三樓之３,22.63,商,,,1150615,土地1建物1車位2,十三層,十五層,住宅大樓(11層含以上有電梯),住家用,鋼筋混凝土造,1060330,235.88,4,2,2,有,有,16550000,70163,坡道平面,62.2,0,親友、員工、共有人或其他特殊關係間之交易；,RPPNMLNKPHLGFJB58DA,102.92,0.0,14.32,有,0060
龍井區,土地,中山段171-1地號,1364.0,農,,,1150612,土地1建物0車位0,,,其他,,,,0.0,0,0,0,無,無,9500000,6965,,0.0,0,,RPVNMLLJPHLGFKB98DA,0.0,0.0,0.0,無,
豐原區,土地,豐原段319-87地號,12.0,商,,,1150607,土地1建物0車位0,,,其他,,,,0.0,0,0,0,無,無,1200000,100000,,0.0,0,親友、員工、共有人或其他特殊關係間之交易；,RPPNMLQJPHLGFDB28EA,0.0,0.0,0.0,無,
外埔區,土地,永豐段374地號,593.82,,一般農業區,農牧用地,1150612,土地1建物0車位0,,,其他,,,,0.0,0,0,0,無,無,4186431,7050,,0.0,0,政府機關標讓售；,RPPNMLPKPHLGFEB38EA,0.0,0.0,0.0,無,
南區,房地(土地+建物),臺中市南區工學二街２５７號六樓,21.49,都市：其他:第二種住宅區,,,1150609,土地1建物1車位0,六層,七層,華廈(10層含以下有電梯),住家用,鋼筋混凝土造,0810527,107.15,3,2,2,有,無,6920000,64576,,0.0,0,其他增建；,RPXPMLKMOHLGFAB48DA,84.33,0.0,6.0,有,
西區,房地(土地+建物),臺中市西區民生路１３５號１８樓之１９,2.23,都市：其他:第一種商業區,,,1150623,土地1建物1車位0,十八層,二十二層,住宅大樓(11層含以上有電梯),住家用,鋼骨鋼筋混凝土造,0850119,43.31,1,1,1,有,有,3080000,71115,,0.0,0,,RPRNMLNJPHLGFAB77DA,19.94,0.0,3.91,有,0061
西區,房地(土地+建物)+車位,臺中市西區臺灣大道二段４１２號七樓之２,13.91,都市：其他:第三種商業區,,,1150618,土地1建物1車位1,七層,三十層,住宅大樓(11層含以上有電梯),住家用,鋼骨造,0840601,335.3,5,2,3,有,有,26500000,79034,坡道平面,0.0,0,,RPWOMLQJPHLGFAB68DA,200.0,0.0,15.94,有,
西區,車位,臺中市西區大全街５８巷２７號二樓之１等公共設施,0.0,,,,1150617,土地0建物1車位1,,,其他,,,,27.29,0,0,0,無,有,1300000,,坡道機械,27.29,1300000,建物坐落地號：平民段八小段2地號；僅車位交易；,RPRNMLTJPHLGFAB38DA,0.0,0.0,0.0,有,0062
西區,房地(土地+建物),臺中市西區昇平街１４５巷９號五樓,29.0,都市：其他:第二種住宅區,,,1150617,土地1建物1車位0,五層,五層,公寓(5樓含以下無電梯),住家用,鋼筋混凝土造,0700721,69.48,3,2,1,有,無,5730000,82470,,0.0,0,親友、員工、共有人或其他特殊關係間之交易；,RPROMLOKPHLGFAB08DA,53.95,0.0,15.53,無,0063
東區,房地(土地+建物),臺中市東區東英十三街１０１號,118.51,都市：其他:第一種住宅區,,,1150614,土地1建物1車位0,全,四層,透天厝,住家用,鋼筋混凝土造,0880409,243.06,6,2,3,有,無,26000000,106969,,0.0,0,其他增建；,RPSNMLQKPHLGFAB28DA,207.71,6.7,28.65,無,
北區,房地(土地+建物),臺中市北區民權路３５９巷６之４號,30.02,都市：其他:第二種住宅區,,,1150607,土地1建物1車位0,五層,五層,公寓(5樓含以下無電梯),住家用,鋼筋混凝土造,0690710,74.02,2,2,1,有,無,5350000,72278,,0.0,0,其他增建；,RPRNMLRJOHLGFBB18DA,74.02,0.0,0.0,無,0064
北區,房地(土地+建物)+車位,臺中市北區梅亭街５９６號六樓之２,32.49,都市：其他:第二種住宅區,,,1150606,土地1建物1車位2,六層,十三層,住宅大樓(11層含以上有電梯),住家用,鋼筋混凝土造,1141014,223.87,3,2,2,有,有,32800000,146514,坡道平面,67.4,0,,RPTNMLSKOHLGFBB58DA,93.98,0.0,8.72,有,0065
北屯區,房地(土地+建物)+車位,臺中市北屯區遼寧路一段５８２號,25.17,都市：其他:第二種住宅區,,,1150618,土地1建物1車位1,一層，二層，騎樓,十三層,住宅大樓(11層含以上有電梯),住商用,鋼筋混凝土造,0800119,195.92,2,2,3,有,有,15200000,77583,坡道平面,0.0,0,陽台外推；夾層；,RPVONLMLOHLGFBB48DA,161.72,6.06,2.48,有,0066
北區,土地,文正段26地號,86.25,都市：其他:第一種商業區,,,1150615,土地3建物0車位0,,,其他,,,,0.0,0,0,0,無,無,9550000,110725,,0.0,0,親友、員工、共有人或其他特殊關係間之交易；包含公共設施保留地用地；,RPXOMLNLOHLGFBB68DA,0.0,0.0,0.0,無,
北屯區,房地(土地+建物)+車位,臺中市北屯區崇德九路３６６號三樓之３,20.43,都市：其他:第五種住宅區,,,1150624,土地1建物1車位2,三層,二十四層,住宅大樓(11層含以上有電梯),住家用,鋼筋混凝土造,1141119,239.38,3,2,2,有,有,47000000,237079,坡道平面,61.38,4800000,,RPXRMLOLOHLGFBB09DA,106.13,0.0,12.02,有,
北屯區,房地(土地+建物),臺中市北屯區北屯路２８８號６樓之５,7.1,都市：其他:第二種住宅區,,,1150624,土地1建物1車位0,六層,十六層,住宅大樓(11層含以上有電梯),住家用,鋼筋混凝土造,0850524,76.55,2,2,1,有,有,7200000,94056,,0.0,0,,RPXOMLPLOHLGFBB88DA,52.82,0.0,7.21,有,0067
北屯區,土地,大富段127地號,363.76,都市：其他:農業區,,,1150602,土地2建物0車位0,,,其他,,,,0.0,0,0,0,無,無,1200000,3299,,0.0,0,親友、員工、共有人或其他特殊關係間之交易；,RPXNMLMJPHLGFBB38DA,0.0,0.0,0.0,無,
北屯區,房地(土地+建物)+車位,臺中市北屯區山西路二段５１０號七樓之２,49.68,都市：其他:第一之一種住宅區,,,1150607,土地1建物1車位2,七層,十五層,住宅大樓(11層含以上有電梯),住家用,鋼筋混凝土造,1130920,229.46,3,2,2,有,有,35180000,153316,坡道平面,48.5,0,,RPXNMLSJPHLGFBB98DA,108.1,0.0,13.16,有,0068
北區,房地(土地+建物)+車位,臺中市北區健行路６１７號六樓,18.69,都市：其他:第二種住宅區,,,1150606,土地1建物1車位1,六層,十二層,住宅大樓(11層含以上有電梯),住家用,鋼筋混凝土造,1140811,135.0,2,2,2,有,有,15150000,112222,坡道平面,43.59,0,,RPWOMLSJPHLGFBB98DA,55.39,0.0,4.93,有,0069
北屯區,房地(土地+建物),臺中市北屯區太原路三段１４９號５樓,12.82,都市：其他:第二種住宅區,,,1150614,土地1建物1車位0,五層,九層,華廈(10層含以下有電梯),住家用,鋼筋混凝土造,0881118,92.78,2,1,1,有,有,7180000,77387,,0.0,0,,RPSQMLTJPHLGFBB88DA,62.76,0.0,3.95,有,
北屯區,房地(土地+建物)+車位,臺中市北屯區崇德路二段１６８號七樓之１５,5.98,都市：其他:第四種商業區,,,1150607,土地1建物1車位1,七層,十七層,住宅大樓(11層含以上有電梯),住家用,鋼筋混凝土造,0990909,95.03,1,1,1,有,有,10710000,112701,坡道平面,24.48,0,,RPPQMLOKPHLGFBB18DA,39.22,0.54,5.09,有,0070
南屯區,房地(土地+建物)+車位,臺中市南屯區大墩二街９８號八樓之３,24.46,住,,,1150609,土地1建物1車位2,八層,十二層,住宅大樓(11層含以上有電梯),住家用,鋼筋混凝土造,1091019,153.26,2,2,1,有,有,18000000,117447,坡道平面,60.24,0,,RPPPMLRKOHLGFCB38DA,53.04,1.41,6.38,有,0071
西屯區,房地(土地+建物),臺中市西屯區至善路１２１巷２０號十一樓之１１,3.29,住,,,1150618,土地1建物1車位0,十一層,十二層,住宅大樓(11層含以上有電梯),住家用,鋼筋混凝土造,0821014,24.689999999999998,1,0,1,有,有,1859888,75330,,0.0,0,,RPRNMLRJPHLGFCB38DA,13.26,0.0,2.17,有,
南屯區,房地(土地+建物)+車位,臺中市南屯區春安路１１３號十六樓之５,11.52,住,,,1150614,土地1建物1車位1,十六層,二十四層,住宅大樓(11層含以上有電梯),住家用,鋼筋混凝土造,1111028,129.11,2,2,1,有,有,13000000,100689,坡道平面,34.84,0,,RPQRMLTJPHLGFCB88DA,54.81,0.0,8.11,有,0072
西屯區,房地(土地+建物)+車位,臺中市西屯區臺灣大道三段７６３號三十六樓之９,5.27,商,,,1150617,土地1建物1車位1,三十六層,三十六層,住宅大樓(11層含以上有電梯),住家用,鋼骨造,1141028,105.43,2,2,1,有,有,10360000,98264,坡道平面,30.56,0,,RPVNMLQKPHLGFCB78DA,43.48,0.62,4.96,有,0073
南屯區,房地(土地+建物)+車位,臺中市南屯區大墩六街４９６號,100.83,住,,,1150605,土地2建物1車位1,全,四層,透天厝,住家用,鋼筋混凝土造,0960420,333.28999999999996,5,3,2,有,有,42000000,126016,坡道平面,0.0,0,陽台外推；,RPPNMLRKPHLGFCB28DA,277.2,0.0,15.19,無,
西屯區,房地(土地+建物),臺中市西屯區崇義街６之５號四樓之１３,5.44,住,,,1150627,土地1建物1車位0,四層,六層,華廈(10層含以下有電梯),住家用,鋼筋混凝土造,0810317,26.75,1,0,1,有,有,2300000,85981,,0.0,0,,RPUNMLRKPHLGFCB78DA,16.7,0.0,2.9,有,0074
豐原區,房地(土地+建物)+車位,臺中市豐原區向陽路４８號六樓之３,3.44,商,,,1150602,土地1建物1車位1,六層,十三層,住宅大樓(11層含以上有電梯),住家用,鋼筋混凝土造,0860602,52.35,1,0,1,有,有,4350000,83095,坡道機械,0.0,0,,RPUNMLNJOHLGFDB28DA,21.41,0.0,2.26,有,0075
豐原區,房地(土地+建物),臺中市豐原區源豐路１３３之９號,66.0,商,,,1150618,土地1建物1車位0,全,三層,透天厝,住家用,加強磚造,0601220,131.2,4,1,2,有,無,7000000,53354,,0.0,0,親友、員工、共有人或其他特殊關係間之交易；,RPUOMLQKPHLGFDB88DA,131.2,0.0,0.0,無,
大甲區,土地,福安段571-10地號,265.96,,特定農業區,甲種建築用地,1150625,土地1建物0車位0,,,其他,,,,0.0,0,0,0,無,無,5229000,19661,,0.0,0,,RPPNMLLLPHLGFEB97DA,0.0,0.0,0.0,無,
沙鹿區,房地(土地+建物),臺中市沙鹿區中山路６２６號四樓之３,11.5,住,,,1150629,土地2建物1車位0,四層,七層,華廈(10層含以下有電梯),住家用,鋼筋混凝土造,1141127,43.1,1,0,1,有,無,4280000,99304,,0.0,0,其他增建；,RPVNMLKMOHLGFFB58DA,22.68,0.0,2.48,有,
沙鹿區,房地(土地+建物),臺中市沙鹿區臺灣大道七段２３３號,253.63,住,,,1150603,土地1建物1車位0,全,五層,透天厝,住商用,鋼筋混凝土造,0970623,525.28,58,0,58,有,無,58000000,110417,,0.0,0,其他增建；,RPUNMLRKPHLGFFB09DA,476.88,18.51,29.89,有,0076
大雅區,房地(土地+建物)+車位,臺中市大雅區雅環路二段１２０巷３３之５號十樓之２,40.38,住,,,1150621,土地1建物1車位1,十層,十三層,住宅大樓(11層含以上有電梯),住家用,鋼筋混凝土造,1120629,185.05,3,2,2,有,有,20360000,110024,坡道平面,38.64,0,,RPRNMLMJPHLGFHB38DA,84.46,0.0,11.53,有,0077
潭子區,房地(土地+建物)+車位,臺中市潭子區中山路二段３２號,22.68,住,,,1150623,土地1建物1車位1,一層，二層,十五層,住宅大樓(11層含以上有電梯),商業用,鋼筋混凝土造,1090909,141.42000000000002,0,1,1,有,有,17000000,120209,坡道平面,27.34,0,,RPTNMLQKPHLGFHB09DA,78.5,0.0,3.2,有,0078
大里區,房地(土地+建物)+車位,臺中市大里區新仁路一段７１巷８號十樓之６,26.03,,鄉村區,乙種建築用地,1150606,土地1建物1車位1,十層,十一層,住宅大樓(11層含以上有電梯),住家用,鋼筋混凝土造,1060918,118.09,2,2,1,有,有,8680000,73503,坡道機械,18.7,0,,RPPOMLRJPHLGFIB88DA,59.2,6.35,4.77,有,0079
烏日區,房地(土地+建物)+車位,臺中市烏日區中山路三段４２０號七樓之３,14.86,商,,,1150602,土地1建物1車位1,七層,十五層,住宅大樓(11層含以上有電梯),住家用,鋼筋混凝土造,1120822,120.19,2,2,1,有,有,8360000,80584,坡道平面,33.2,1350000,親友、員工、共有人或其他特殊關係間之交易；,RPSNMLKKPHLGFIB48DA,53.3,0.0,4.28,有,0080
霧峰區,房地(土地+建物),臺中市霧峰區吉峰東路５１８號,125.2,,鄉村區,乙種建築用地,1150613,土地3建物1車位0,全,四層,透天厝,住家用,鋼筋混凝土造,1120804,217.1,4,2,3,有,有,20880000,96177,,0.0,0,,RPQNMLPKPHLGFIB78DA,194.8,0.0,22.3,無,
大里區,土地,夏田西段99地號,4123.57,,一般農業區,農牧用地,1150610,土地1建物0車位0,,,其他,,,,0.0,0,0,0,無,無,121000000,29344,,0.0,0,農作物；,RPQNMLKLPHLGFIB38DA,0.0,0.0,0.0,無,
太平區,房地(土地+建物)+車位,臺中市太平區環中東路三段５０７號九樓之２,14.0,住,,,1150603,土地1建物1車位1,九層,十四層,住宅大樓(11層含以上有電梯),住家用,鋼筋混凝土造,1110913,107.13,2,2,1,有,有,9900000,92411,坡道平面,29.97,0,,RPRNMLKKOHLGFJB38DA,48.56,0.0,3.1,有,0081
太平區,房地(土地+建物),臺中市太平區永義路２２５巷２７號,112.5,工,,,1150606,土地1建物1車位0,全,三層,透天厝,工業用,鋼筋混凝土造,0711115,234.67,0,0,0,無,無,16100000,68607,,0.0,0,頂樓加蓋；其他增建；,RPTNMLQKPHLGFJB66DA,226.19,0.0,8.48,無,
太平區,房地(土地+建物),臺中市太平區新平路二段２１３號,98.0,住,,,1150611,土地1建物1車位0,全,三層,透天厝,住商用,鋼筋混凝土造,0760710,191.58,6,3,3,有,無,16500000,86126,,0.0,0,親友、員工、共有人或其他特殊關係間之交易；頂樓加蓋；其他增建；,RPXNMLQKPHLGFJB07DA,172.15,19.43,0.0,無,
太平區,房地(土地+建物),臺中市太平區永平路一段７９號,87.0,商,,,1150620,土地2建物1車位0,全,二層,透天厝,住商用,加強磚造,0741225,153.98,5,2,2,有,無,18000000,116898,,0.0,0,,RPQNMLRKPHLGFJB09DA,144.99,3.91,5.08,無,
龍井區,房地(土地+建物),臺中市龍井區竹師路一段２６０巷１９弄２５號,89.28,住,,,1150611,土地1建物1車位0,全,四層,透天厝,住家用,鋼筋混凝土造,0820915,200.06,4,3,3,有,無,9600000,47986,,0.0,0,,RPRNMLMJPHLGFKB68DA,188.15,0.0,11.91,無,
龍井區,土地,忠和段2453-1地號,6.0,都市：其他:第四種住宅區,,,1150601,土地1建物0車位0,,,其他,,,,0.0,0,0,0,無,無,55044,9174,,0.0,0,包含公共設施保留地用地；,RPUNMLNKPHLGFKB56DA,0.0,0.0,0.0,無,0082
龍井區,土地,龍田段1562地號,229.0,,,,1150601,土地2建物0車位0,,,其他,,,,0.0,0,0,0,無,無,1448196,6324,,0.0,0,包含公共設施保留地用地；,RPPNMLOKPHLGFKB78DA,0.0,0.0,0.0,無,0083
大肚區,土地,興和段1031地號,139.51,都市：其他:農業區,,,1150626,土地1建物0車位0,,,其他,,,,0.0,0,0,0,無,無,1055045,7563,,0.0,0,農作物；,RPPNMLRKPHLGFKB09DA,0.0,0.0,0.0,無,0084
中區,房地(土地+建物),臺中市中區中華路一段１２１號９樓之３６,1.65,都市：其他:第一種商業區,,,1150602,土地1建物1車位0,九層,十九層,住宅大樓(11層含以上有電梯),住家用,鋼骨鋼筋混凝土造,0850520,34.07,1,1,2,有,有,2700000,79249,,0.0,0,陽台外推；夾層；,RPRPMLOLOHLGFAB18DA,20.21,1.22,1.98,有,0085
南區,房地(土地+建物)+車位,臺中市南區文心南十路１１５巷２號１４樓之２,13.3,都市：其他:第三種住宅區。,,,1150612,土地1建物1車位1,十四層,十四層,住宅大樓(11層含以上有電梯),住家用,鋼筋混凝土造,0890829,122.75999999999999,3,2,2,有,有,10420000,84881,坡道機械,11.6,0,,RPPPMLPLOHLGFAB08DA,72.23,0.79,9.61,有,
南區,房地(土地+建物),臺中市南區工學北路１８９號七樓之３,18.73,都市：其他:第三種住宅區。,,,1150613,土地2建物1車位0,七層,十六層,住宅大樓(11層含以上有電梯),住家用,鋼筋混凝土造,0840123,163.76999999999998,3,2,2,有,有,9700000,59229,,0.0,0,陽台外推；,RPPNMLTJPHLGFAB18DA,117.83,0.0,10.33,有,
南區,房地(土地+建物),臺中市南區學府路１４６巷１５號１６樓之１５,3.43,都市：其他:第二種住宅區,,,1150619,土地1建物1車位0,十六層,二十一層,住宅大樓(11層含以上有電梯),住家用,鋼筋混凝土造,0850627,36.81,1,1,1,有,有,3000000,81500,,0.0,0,,RPQNMLKKPHLGFAB47DA,20.54,0.0,3.69,有,
中區,房地(土地+建物),臺中市中區仁愛街１８號４樓之６,7.0,都市：其他:第一種商業區,,,1150630,土地2建物1車位0,四層,七層,華廈(10層含以下有電梯),住家用,鋼筋混凝土造,0680402,32.64,1,1,1,有,有,3200000,98039,,0.0,0,建物坐落台中市中區仁愛段二小段4、4-5、5-4地號,RPWNMLQKPHLGFAB68DA,32.64,0.0,0.0,有,
南區,房地(土地+建物),臺中市南區正氣街１８號２樓,18.12,都市：其他:第二種住宅區,,,1150629,土地3建物1車位0,二層,五層,公寓(5樓含以下無電梯),住家用,鋼筋混凝土造,0780526,55.1,3,2,2,有,有,3000000,54446,,0.0,0,親友、員工、共有人或其他特殊關係間之交易；,RPRNMLTKPHLGFAB48DA,44.23,0.0,6.25,無,
南區,房地(土地+建物)+車位,臺中市南區五權南一路５５號三樓之一,15.5,都市：其他:第三種住宅區。,,,1150629,土地1建物1車位1,三層,十五層,住宅大樓(11層含以上有電梯),住家用,鋼筋混凝土造,1010528,150.91,3,2,2,有,有,14000000,92771,坡道平面,29.84,0,,RPPNMLKLPHLGFAB47DA,78.67,2.19,3.95,有,0086
北區,房地(土地+建物),臺中市北區尚德街１０號,36.45,都市：其他:第二種住宅區,,,1150623,土地2建物1車位0,一層，騎樓，地下層,五層,公寓(5樓含以下無電梯),商業用,鋼筋混凝土造,0740116,140.15,1,1,1,有,無,12000000,85623,,0.0,0,其他增建；,RPXQMLOLOHLGFBB98DA,140.15,0.0,0.0,無,
北區,房地(土地+建物)+車位,臺中市北區東光路２６６號６樓之５,13.93,都市：其他:第三種住宅區。,,,1150611,土地1建物1車位1,六層,十二層,住宅大樓(11層含以上有電梯),住家用,鋼筋混凝土造,0810603,142.18,3,2,2,有,有,8400000,59080,坡道平面,0.0,0,陽台外推；,RPTNMLPKPHLGFBB38DA,97.29,0.0,16.84,有,
北屯區,房地(土地+建物)+車位,臺中市北屯區環太東路５６０號十五樓之１２,18.35,都市：其他:第三種住宅區。,,,1150621,土地1建物1車位1,十五層,十五層,住宅大樓(11層含以上有電梯),住家用,鋼筋混凝土造,1130605,122.03999999999999,2,2,1,有,有,11200000,91773,坡道平面,27.6,0,,RPWOMLRKPHLGFBB98DA,57.14,0.0,6.1,有,0087
北區,房地(土地+建物),臺中市北區漢口路五段３２巷１６號３樓之１,19.47,都市：其他:第二種住宅區,,,1150609,土地3建物1車位0,三層,五層,公寓(5樓含以下無電梯),住家用,鋼筋混凝土造,0710830,68.92999999999999,2,2,1,有,無,4300000,62382,,0.0,0,,RPXOMLRKPHLGFBB09DA,61.77,0.0,3.17,無,
西屯區,房地(土地+建物)+車位,臺中市西屯區福科路５２６巷１號四樓之８,16.88,住,,,1150620,土地1建物1車位1,四層,十四層,住宅大樓(11層含以上有電梯),住家用,鋼筋混凝土造,1090831,119.03,2,2,1,有,有,15000000,126019,坡道平面,33.46,0,,RPXNMLKKPHLGFCB38DA,53.23,0.0,4.17,有,0088
西屯區,房地(土地+建物)+車位,臺中市西屯區市政路２７號三十三樓之２,24.72,商,,,1150622,土地1建物1車位2,三十三層,三十五層,住宅大樓(11層含以上有電梯),住家用,鋼骨造,1120923,370.03,3,2,4,有,有,78880000,235838,坡道平面,62.7,6400000,,RPSOMLOKPHLGFCB38DA,169.79,12.07,20.78,有,0089
南屯區,土地,鎮南段688-1地號,1264.82,都市：其他:園道用地,,,1150601,土地2建物0車位0,,,其他,,,,0.0,0,0,0,無,無,124876462,98731,,0.0,0,包含公共設施保留地用地；,RPTNMLQKPHLGFCB58DA,0.0,0.0,0.0,無,0090
西屯區,土地,廣昌段748地號,332.38,都市：其他:道路保留地,,,1150601,土地1建物0車位0,,,其他,,,,0.0,0,0,0,無,無,67016261,201625,,0.0,0,包含公共設施保留地用地；,RPUNMLQKPHLGFCB68DA,0.0,0.0,0.0,無,0090
南屯區,車位,臺中市南屯區東興路二段３３號等公共設施,1.84,都市：其他:第二種住宅區,,,1150606,土地1建物1車位1,,,其他,,,,16.54,0,0,0,無,有,1900000,,坡道平面,16.54,1900000,,RPVQMLQKPHLGFCB09DA,0.0,0.0,0.0,有,0092
后里區,房地(土地+建物),臺中市后里區三豐路三段９０３巷２號,71.22,住,,,1150613,土地1建物1車位0,全,三層,透天厝,其他,鋼筋混凝土造,0891114,124.98,5,2,3,有,無,9400000,75212,,0.0,0,其他增建；,RPPOMLLJPHLGFDB77DA,118.66,0.0,6.32,無,
豐原區,房地(土地+建物)+車位,臺中市豐原區圓環東路２３０巷５０號八樓之１,26.96,住,,,1150628,土地1建物1車位1,八層,十層,華廈(10層含以下有電梯),住家用,鋼筋混凝土造,1150419,128.39,3,2,2,有,有,12500000,108612,一樓平面,24.81,1250000,,RPWPMLOKPHLGFDB98DA,62.85,0.0,6.7,有,
豐原區,土地,豐陽段1023地號,21.75,工,,,1150602,土地1建物0車位0,,,其他,,,,0.0,0,0,0,無,無,1973964,90757,,0.0,0,本案為持分土地買賣。,RPPNMLKLPHLGFDB77DA,0.0,0.0,0.0,無,0093
東勢區,土地,茅埔東段652地號,99.86,,鄉村區,乙種建築用地,1150625,土地1建物0車位0,,,其他,,,,0.0,0,0,0,無,無,1000000,10014,,0.0,0,親友、員工、共有人或其他特殊關係間之交易；未登記建物；,RPTNMLLLPHLGFGB58DA,0.0,0.0,0.0,無,
大雅區,土地,寶雅段1092地號,242.73,農,,,1150625,土地2建物0車位0,,,其他,,,,0.0,0,0,0,無,無,8800000,36254,,0.0,0,未登記建物；,RPSNMLRJPHLGFHB98DA,0.0,0.0,0.0,無,0094
大雅區,房地(土地+建物),臺中市大雅區德勝路１９６巷６７號,85.0,農,,,1150629,土地1建物1車位0,全,三層,透天厝,住家用,鋼筋混凝土造,0821029,152.45,5,2,3,有,無,8000000,52476,,0.0,0,其他增建；未登記建物；,RPTNMLPKPHLGFHB98DA,142.9,1.6,7.95,無,
大雅區,土地,秀山段545地號,126.54,農,,,1150603,土地1建物0車位0,,,其他,,,,0.0,0,0,0,無,無,1891890,14951,,0.0,0,未訂私契親友、員工、共有人或其他特殊關係間之交易；未登記建物；,RPVNMLQKPHLGFHB66DA,0.0,0.0,0.0,無,
大里區,房地(土地+建物)+車位,臺中市大里區公園街２１６號八樓之６,13.07,都市：其他:住宅區,,,1150605,土地1建物1車位1,八層,十一層,住宅大樓(11層含以上有電梯),住家用,鋼筋混凝土造,1090102,61.82000000000001,2,2,1,有,有,3700000,59842,坡道平面,34.76,0,親友、員工、共有人或其他特殊關係間之交易；,RPPNMLOJPHLGFIB48DA,25.56,1.13,2.04,有,0095
烏日區,房地(土地+建物),臺中市烏日區建國路３７７號,74.1,住,,,1150615,土地2建物1車位0,全,四層,透天厝,住商用,鋼筋混凝土造,1010111,177.9,4,2,3,有,無,20000000,112423,,0.0,0,,RPPNMLPJPHLGFIB58DA,163.15,0.0,14.75,無,
大里區,土地,新光段601地號,177.91,都市：其他:住宅區,,,1150613,土地1建物0車位0,,,其他,,,,0.0,0,0,0,無,無,9690000,54466,,0.0,0,未登記建物；,RPPNMLMKPHLGFIB38DA,0.0,0.0,0.0,無,0096
大里區,土地,新光段585地號,43.99,都市：其他:住宅區,,,1150613,土地1建物0車位0,,,其他,,,,0.0,0,0,0,無,無,1350000,30689,,0.0,0,未登記建物；包含公共設施保留地用地；,RPQNMLMKPHLGFIB48DA,0.0,0.0,0.0,無,0097
烏日區,房地(土地+建物)+車位,臺中市烏日區環河路四段２７８號五樓之６,25.72,商,,,1150607,土地1建物1車位2,五層,十五層,住宅大樓(11層含以上有電梯),住家用,鋼筋混凝土造,1090713,213.53,4,2,2,有,有,18500000,86639,坡道平面,60.98,0,,RPQNMLNKPHLGFIB58DA,92.34,1.05,10.98,有,0098
霧峰區,房地(土地+建物),臺中市霧峰區草湖路４８號七樓,21.24,商,,,1150630,土地2建物1車位0,七層,十層,華廈(10層含以下有電梯),住家用,鋼筋混凝土造,0820111,158.42000000000002,3,2,2,有,有,7150000,45133,,0.0,0,,RPXPMLQKPHLGFIB17DA,97.66,1.73,19.61,有,0099
大里區,土地,立新段702地號,21.42,,鄉村區,乙種建築用地,1150616,土地1建物0車位0,,,其他,,,,0.0,0,0,0,無,無,350000,16340,,0.0,0,,RPRQMLLLPHLGFIB88DA,0.0,0.0,0.0,無,
龍井區,房地(土地+建物),臺中市龍井區遠東街２０１巷１弄１１號,85.57,都市：其他:第二種住宅區,,,1150623,土地2建物1車位0,全,四層,透天厝,住家用,鋼筋混凝土造,0840604,166.18,4,2,3,有,有,11060000,66554,,0.0,0,,RPWNMLPKPHLGFKB96DA,141.21,9.03,15.94,無,
南區,土地,樹子腳段1026-2地號,34.54,都市：其他:第二種住宅區,,,1150626,土地1建物0車位0,,,其他,,,,0.0,0,0,0,無,無,6000000,173712,,0.0,0,親友、員工、共有人或其他特殊關係間之交易；,RPPNMLKLPHLGFAB57EA,0.0,0.0,0.0,無,0100
烏日區,房地(土地+建物),臺中市烏日區中華路６１１號六樓之６,0.75,住,,,1150628,土地1建物1車位0,六層,十四層,住宅大樓(11層含以上有電梯),住家用,鋼筋混凝土造,0850119,24.18,1,1,1,有,有,1980000,81886,,0.0,0,親友、員工、共有人或其他特殊關係間之交易；陽台外推；,RPPNMLKLPHLGFIB38EA,12.69,0.0,4.32,有,
烏日區,房地(土地+建物),臺中市烏日區中華路６１１號六樓之８,0.75,住,,,1150628,土地1建物1車位0,六層,十四層,住宅大樓(11層含以上有電梯),住家用,鋼筋混凝土造,0850119,24.18,1,1,1,有,有,1980000,81886,,0.0,0,親友、員工、共有人或其他特殊關係間之交易；陽台外推；,RPQNMLKLPHLGFIB48EA,12.69,0.0,4.32,有,
東區,房地(土地+建物),臺中市東區十甲東路３７９號,78.2,都市：其他:第二之一種商業區,,,1150616,土地1建物1車位0,全,四層,透天厝,住家用,鋼筋混凝土造,0950926,213.04,4,2,4,有,無,4006000,18804,,0.0,0,親友、員工、共有人或其他特殊關係間之交易；,RPOPMLPLOHLGFAB97DA,178.25,5.93,28.86,無,
東區,房地(土地+建物)+車位,臺中市東區旱溪街４００號四樓之２,20.92,都市：其他:第二種住宅區,,,1150604,土地1建物1車位1,四層,十三層,住宅大樓(11層含以上有電梯),住家用,鋼筋混凝土造,1111214,162.45999999999998,3,2,2,有,有,15780000,97132,坡道平面,30.2,0,,RPRQMLTLOHLGFAB78DA,80.52,0.0,7.44,有,0101
西區,房地(土地+建物)+車位,臺中市西區日進街１２６號四樓之２,25.47,都市：其他:第二種住宅區,,,1150602,土地1建物1車位1,四層,七層,華廈(10層含以下有電梯),住家用,鋼筋混凝土造,1080423,101.03,2,2,2,有,有,11500000,113828,塔式車位,7.96,0,,RPSNMLKMOHLGFAB77DA,57.84,0.0,8.07,有,0102
東區,土地,旱溪段168-243地號,25.0,都市：其他:第二種住宅區,,,1150615,土地1建物0車位0,,,其他,,,,0.0,0,0,0,無,無,2574000,102960,,0.0,0,包含公共設施保留地用地；,RPSOMLQJPHLGFAB28DA,0.0,0.0,0.0,無,
西區,房地(土地+建物)+車位,臺中市西區臺灣大道二段１號十樓之８,14.6,都市：其他:第二種商業區,,,1150620,土地3建物1車位1,十層,二十二層,住宅大樓(11層含以上有電梯),住家用,鋼筋混凝土造,1140917,143.55,2,2,2,有,有,16880000,117590,坡道平面,35.74,0,,RPQOMLNKPHLGFAB87DA,64.44,0.0,5.79,有,0103
西區,房地(土地+建物),臺中市西區臺灣大道二段５８０巷３５號,107.0,都市：其他:第二種住宅區,,,1150615,土地2建物1車位0,全,二層,透天厝,住家用,鐵筋加強磚,0611130,96.7,3,1,2,有,無,18000000,186143,,0.0,0,親友、員工、共有人或其他特殊關係間之交易；,RPVNMLKLPHLGFAB08DA,96.7,0.0,0.0,無,
北屯區,房地(土地+建物)+車位,臺中市北屯區松竹路二段７０３號１３樓,17.19,都市：其他:第二種住宅區,,,1150606,土地1建物1車位1,十三層,十四層,住宅大樓(11層含以上有電梯),住家用,鋼筋混凝土造,0880419,151.56,3,2,2,有,有,12480000,82344,坡道機械,0.0,0,,RPOOMLMKOHLGFBB57DA,88.57,0.0,11.09,有,
北區,土地,水源段335-9地號,63.0,都市：其他:第一種商業區,,,1150609,土地2建物0車位0,,,其他,,,,0.0,0,0,0,無,無,12006000,190571,,0.0,0,未登記建物；,RPQOMLRKPHLGFBB38DA,0.0,0.0,0.0,無,
北屯區,房地(土地+建物)+車位,臺中市北屯區祥順東路二段４１之５號,16.07,都市：其他:第三種住宅區。,,,1150625,土地1建物1車位1,一層，見其他登記事項,十三層,住宅大樓(11層含以上有電梯),商業用,鋼筋混凝土造,1071009,107.11,1,1,1,有,有,9600000,89627,坡道平面,31.13,0,,RPWNMLKLPHLGFBB28DA,57.12,0.0,0.0,有,0104
北屯區,房地(土地+建物),臺中市北屯區敦化三街１０２號,168.18,都市：其他:第一之一種住宅區,,,1150604,土地1建物1車位0,全,五層,透天厝,住家用,鋼筋混凝土造,1140207,408.26,5,3,6,有,無,69800000,170969,,0.0,0,1.土地買賣價款新台幣40484000元正，建物買賣價款新台幣29316000元正。其他增建；,RPROMLKLPHLGFBB87DA,371.24,0.0,37.02,有,
北屯區,房地(土地+建物),臺中市北屯區中康街２５９巷２５號３樓,18.73,都市：其他:第二種住宅區,,,1150621,土地2建物1車位0,三層,五層,公寓(5樓含以下無電梯),住家用,鋼筋混凝土造,0880429,65.13,3,2,1,有,無,5000000,76770,,0.0,0,,RPQPMLKLPHLGFBB87DA,47.63,0.0,7.41,無,
北屯區,土地,大昌段756地號,200.72,都市：其他:農業區,,,1150622,土地3建物0車位0,,,其他,,,,0.0,0,0,0,無,無,1600000,7971,,0.0,0,本案稅、費皆由承買人負擔。包含公共設施保留地用地；,RPSNMLLLPHLGFBB97DA,0.0,0.0,0.0,無,0105
西屯區,房地(土地+建物)+車位,臺中市西屯區長安路二段７１巷９弄５０號六樓之３,23.68,住,,,1150614,土地1建物1車位1,六層,八層,華廈(10層含以下有電梯),住家用,鋼筋混凝土造,0831111,149.17000000000002,3,2,2,有,有,9730000,65228,坡道平面,0.0,0,,RPVNMLQKOHLGFCB68DA,79.92,0.0,10.98,有,
西屯區,房地(土地+建物)+車位,臺中市西屯區皇城街７２號五樓之３,33.13,住,,,1150617,土地1建物1車位1,五層,十四層,住宅大樓(11層含以上有電梯),住家用,鋼筋混凝土造,0960625,206.64,4,2,2,有,有,16600000,80333,坡道平面,0.0,0,,RPRUMLMLOHLGFCB68DA,111.89,0.0,13.51,有,
南屯區,房地(土地+建物),臺中市南屯區工業區二十一路１９號,4830.0,工,,,1150624,土地2建物2車位0,全,二層,透天厝,工業用,鋼筋混凝土造,0780421,5065.87,0,0,0,無,無,629450298,124253,,0.0,0,,RPROMLQLOHLGFCB48DA,4956.28,109.59,0.0,無,0106
西屯區,房地(土地+建物)+車位,臺中市西屯區大隆路１３５號八樓之１,16.37,住,,,1150604,土地2建物1車位1,八層,十三層,住宅大樓(11層含以上有電梯),住家用,鋼筋混凝土造,0821005,164.04000000000002,3,2,3,有,有,15530000,94672,坡道機械,0.0,0,,RPPOMLTLOHLGFCB58DA,113.61,1.87,12.47,有,
南屯區,房地(土地+建物)+車位,臺中市南屯區五權五街３３２號,11.1,住,,,1150629,土地1建物1車位1,一層，騎樓,十四層,住宅大樓(11層含以上有電梯),商業用,鋼筋混凝土造,0870507,101.31,0,1,1,有,有,11000000,108578,坡道機械,6.86,0,,RPPUMLLJPHLGFCB28DA,71.78,0.0,5.43,有,
西屯區,房地(土地+建物)+車位,臺中市西屯區國安一路２２９號四樓之９,16.44,住,,,1150613,土地1建物1車位1,四層,二十一層,住宅大樓(11層含以上有電梯),住家用,鋼筋混凝土造,1031113,175.64,3,2,2,有,有,19500000,111023,坡道平面,40.26,0,,RPPOMLSJPHLGFCB38DA,77.09,3.81,8.79,有,
南屯區,土地,台安段110地號,1815.72,農,,,1150629,土地3建物0車位0,,,其他,,,,0.0,0,0,0,無,無,47236360,26015,,0.0,0,,RPSOMLPKPHLGFCB48DA,0.0,0.0,0.0,無,0107
南屯區,房地(土地+建物)+車位,臺中市南屯區大墩七街４６９號九樓之３,36.62,住,,,1150611,土地1建物1車位2,九層,二十層,住宅大樓(11層含以上有電梯),住家用,鋼筋混凝土造,1050831,298.2,3,2,2,有,有,45200000,151576,坡道平面,52.2,0,,RPUOMLKLPHLGFCB28DA,134.41,17.19,11.97,有,
南屯區,房地(土地+建物),臺中市南屯區黎明路二段５７８之７號,24.98,住,,,1150630,土地1建物1車位0,七層,七層,華廈(10層含以下有電梯),住家用,鋼筋混凝土造,0720303,73.47,3,2,1,有,有,5500000,74860,,0.0,0,陽台外推；,RPPQMLLLPHLGFCB08DA,66.68,0.0,6.79,有,
豐原區,土地,豐村段606地號,54.38,工,,,1150617,土地1建物0車位0,,,其他,,,,0.0,0,0,0,無,無,6000000,110335,,0.0,0,未登記建物；,RPRNMLQLOHLGFDB48DA,0.0,0.0,0.0,無,
神岡區,土地,十五庄段940-1地號,185.67,農,,,1150624,土地2建物0車位0,,,其他,,,,0.0,0,0,0,無,無,12070000,65008,,0.0,0,,RPUNMLKKPHLGFDB18DA,0.0,0.0,0.0,無,
豐原區,土地,陽明段1029地號,38.58,都市：其他:道路用地,,,1150610,土地3建物0車位0,,,其他,,,,0.0,0,0,0,無,無,400000,10368,,0.0,0,包含公共設施保留地用地；,RPPNMLTKPHLGFDB58DA,0.0,0.0,0.0,無,0108
神岡區,土地,厚生段318-1地號,36.57,工,,,1150620,土地3建物0車位0,,,其他,,,,0.0,0,0,0,無,無,1486408,40646,,0.0,0,親友、員工、共有人或其他特殊關係間之交易；未登記建物；,RPPQMLLLPHLGFDB18DA,0.0,0.0,0.0,無,
大甲區,土地,甲農段299地號,5424.0,,特定農業區,農牧用地,1150608,土地3建物0車位0,,,其他,,,,0.0,0,0,0,無,無,9000000,1659,,0.0,0,,RPTNMLNLPHLGFEB58DA,0.0,0.0,0.0,無,
沙鹿區,房地(土地+建物)+車位,臺中市沙鹿區臺灣大道六段７４７號四樓之２,22.46,住,,,1150617,土地1建物1車位1,四層,七層,華廈(10層含以下有電梯),住家用,鋼筋混凝土造,1070620,100.72,2,1,1,有,有,9200000,91342,坡道平面,36.72,0,陽台外推；,RPROMLKKPHLGFFB18DA,38.74,0.0,3.95,有,0109
沙鹿區,房地(土地+建物)+車位,臺中市沙鹿區興安路６０巷４１弄１５號三樓之６,27.42,住,,,1150606,土地1建物1車位1,三層,十三層,住宅大樓(11層含以上有電梯),住家用,鋼筋混凝土造,1130701,130.42000000000002,3,2,2,有,有,10000000,76675,坡道平面,27.5,0,,RPTOMLPKPHLGFFB88DA,64.45,0.0,4.02,有,0110
東勢區,房地(土地+建物)+車位,臺中市東勢區文新街２７８巷８號五樓,23.35,住,,,1150621,土地2建物1車位1,五層,八層,華廈(10層含以下有電梯),住家用,鋼筋混凝土造,0841201,133.76,4,2,2,有,有,6300000,47099,坡道機械,0.0,0,,RPPNMLLLPHLGFGB18DA,81.69,1.66,8.31,有,0111
新社區,土地,食水嵙段653地號,88.07,,山坡地保育區,農牧用地,1150605,土地1建物0車位0,,,其他,,,,0.0,0,0,0,無,無,900000,10219,,0.0,0,,RPRNMLLLPHLGFGB38DA,0.0,0.0,0.0,無,
東勢區,土地,石圍墻一段311地號,3678.89,,山坡地保育區,農牧用地,1150627,土地2建物0車位0,,,其他,,,,0.0,0,0,0,無,無,4000000,1087,,0.0,0,未登記建物；,RPSNMLLLPHLGFGB48DA,0.0,0.0,0.0,無,
大雅區,房地(土地+建物),臺中市大雅區秀山路３０６之１號,177.08,農,,,1150603,土地1建物1車位0,全,三層,透天厝,其他,ＲＣ造,0971106,186.0,3,1,3,有,無,2688980,14457,,0.0,0,未訂私契親友、員工、共有人或其他特殊關係間之交易；其他增建；,RPWNMLQKPHLGFHB76DA,174.0,0.0,12.0,無,
大里區,房地(土地+建物)+車位,臺中市大里區長興一街６號九樓之３,18.28,都市：其他:商業區,,,1150601,土地1建物1車位1,九層,二十三層,住宅大樓(11層含以上有電梯),住家用,鋼筋混凝土造,1071106,160.88,3,2,2,有,有,15300000,95102,坡道平面,33.78,0,,RPPOMLTJOHLGFIB98DA,76.73,0.0,9.0,有,0112
大里區,房地(土地+建物),臺中市大里區內新街２９巷１號四樓,30.54,都市：其他:住宅區,,,1150616,土地1建物1車位0,四層,五層,公寓(5樓含以下無電梯),住家用,鋼筋混凝土造,0740525,107.24,3,2,2,有,無,4000000,37300,,0.0,0,,RPQNMLSKOHLGFIB98DA,97.35,0.0,9.89,無,0113
大里區,房地(土地+建物),臺中市大里區健康二街１６號七樓,63.38,,一般農業區,特定目的事業用地,1150627,土地1建物1車位0,七層,七層,華廈(10層含以下有電梯),住家用,鋼筋混凝土造,0831125,140.14000000000001,3,1,2,有,有,3400000,24263,,0.0,0,親友、員工、共有人或其他特殊關係間之交易；,RPQNMLNJPHLGFIB48DA,88.39,0.02,10.37,有,0114
霧峰區,房地(土地+建物)+車位,臺中市霧峰區德維西街７６號八樓之５,22.91,住,,,1150622,土地1建物1車位1,八層,八層,華廈(10層含以下有電梯),住家用,鋼筋混凝土造,0930906,137.2,3,2,2,有,有,9000000,65598,坡道機械,0.0,0,,RPQOMLPKPHLGFIB88DA,80.36,0.0,16.97,有,0115
太平區,土地,廣隆段15-2地號,24.09,,山坡地保育區,特定目的事業用地,1150612,土地1建物0車位0,,,其他,,,,0.0,0,0,0,無,無,228855,9500,,0.0,0,台電鐵塔用地,RPQNMLLLPHLGFJB58DA,0.0,0.0,0.0,無,
龍井區,房地(土地+建物),臺中市龍井區藝術北街３１號三樓之２,10.79,都市：其他:第二種住宅區,,,1150613,土地1建物1車位0,三層,五層,公寓(5樓含以下無電梯),住家用,鋼筋混凝土造,0790620,32.379999999999995,1,0,1,有,無,1520000,46928,,0.0,0,,RPWNMLKKPHLGFKB09DA,23.31,0.0,3.77,無,0116
神岡區,土地,十五庄段940地號,95.89,住,,,1150624,土地2建物0車位0,,,其他,,,,0.0,0,0,0,無,無,6230000,64970,,0.0,0,,RPPNMLLLPHLGFDB97EA,0.0,0.0,0.0,無,
東勢區,土地,泰昌段382地號,31.62,住,,,1150623,土地2建物0車位0,,,其他,,,,0.0,0,0,0,無,無,1702737,53850,,0.0,0,政府機關標讓售；,RPPNMLMLPHLGFGB38EA,0.0,0.0,0.0,無,
南區,房地(土地+建物),臺中市南區復興路二段７１巷５０號三樓,16.97,都市：其他:第三種住宅區。,,,1150621,土地1建物1車位0,三層,八層,華廈(10層含以下有電梯),住家用,鋼筋混凝土造,0970509,93.89,2,2,1,有,有,10060000,107147,,0.0,0,其他增建；,RPSNMLLLOHLGFAB77DA,49.1,3.01,9.29,有,
西區,房地(土地+建物),臺中市西區精誠一街２５號四樓,19.8,都市：其他:第二種商業區,,,1150614,土地4建物1車位0,四層,五層,公寓(5樓含以下無電梯),住家用,鋼筋混凝土造,0720601,81.99000000000001,2,2,1,有,無,5000000,60983,,0.0,0,陽台外推；,RPROMLLJPHLGFAB67DA,65.09,0.0,8.67,無,
南區,房地(土地+建物)+車位,臺中市南區五權南路２００號十一樓之一,10.39,都市：其他:第二種住宅區,,,1150621,土地2建物1車位1,十一層,十四層,住宅大樓(11層含以上有電梯),住家用,鋼筋混凝土造,0970730,103.3,2,2,1,有,有,12000000,116167,坡道機械,15.99,0,陽台外推；,RPUNMLTJPHLGFAB68DA,51.51,1.02,6.4,有,
西區,房地(土地+建物)+車位,臺中市西區精誠路４２５號五樓之３,24.97,都市：其他:第二種住宅區,,,1150623,土地1建物1車位1,五層,十一層,住宅大樓(11層含以上有電梯),住家用,鋼筋混凝土造,1140915,165.11,3,2,2,有,有,25300000,180988,坡道平面,38.03,2300000,,RPOOMLTJPHLGFAB18DA,74.75,0.0,8.17,有,
東區,房地(土地+建物)+車位,臺中市東區東光園路１１５號五樓之７,15.03,都市：其他:第三種住宅區。,,,1150619,土地2建物1車位1,五層,二十四層,住宅大樓(11層含以上有電梯),住家用,鋼筋混凝土造,1120426,113.47,2,1,1,有,有,13800000,121618,坡道平面,30.53,0,,RPUNMLQKPHLGFAB48DA,53.61,0.0,3.13,有,0117
西區,房地(土地+建物),臺中市西區三民西路３１號,50.0,都市：其他:第一種商業區,,,1150621,土地1建物1車位0,全,二層,透天厝,住家用,鐵筋加強磚造,0560510,72.24,3,2,2,有,無,8000000,110742,,0.0,0,親友、員工、共有人或其他特殊關係間之交易；頂樓加蓋；其他增建；,RPQNMLTKPHLGFAB38DA,72.24,0.0,0.0,無,
南區,土地,樹子腳段681-179地號,18.89,都市：其他:兒童遊樂場用地,,,1150622,土地1建物0車位0,,,其他,,,,0.0,0,0,0,無,無,3456755,182994,,0.0,0,協議價購；,RPPOMLKLPHLGFAB57DA,0.0,0.0,0.0,無,0118
南區,土地,樹子腳段681-179地號,18.89,都市：其他:兒童遊樂場用地,,,1150622,土地1建物0車位0,,,其他,,,,0.0,0,0,0,無,無,3456755,182994,,0.0,0,協議價購；,RPQOMLKLPHLGFAB67DA,0.0,0.0,0.0,無,0118
南區,房地(土地+建物)+車位,臺中市南區復興北路５３３號二樓,12.39,都市：其他:第三種住宅區。,,,1150626,土地2建物1車位1,二層,十二層,住宅大樓(11層含以上有電梯),住家用,鋼筋混凝土造,0821125,89.39999999999999,3,2,1,有,有,6450000,72148,坡道機械,0.0,0,,RPPNMLLLPHLGFAB57DA,67.49,0.0,4.0,有,0120
西區,房地(土地+建物)+車位,臺中市西區館前路６１號二十五樓,33.46,都市：其他:第二之一種商業區,,,1150608,土地1建物1車位2,二十五層,三十五層,住宅大樓(11層含以上有電梯),住家用,鋼骨造、鋼筋混凝土造、鋼骨鋼筋混凝土造,1120928,379.18,0,0,0,無,有,73160000,226804,坡道平面,80.42,5400000,跨所案件，另有基地為北區乾溝子段183-9地號持分460/100000，持分面積約為6.22平方公尺 車位總價無法拆分個別車位價格。毛胚屋；,RPXSMLLLPHLGFAB88DA,176.99,0.0,18.76,有,
北屯區,房地(土地+建物),臺中市北屯區中平路５４７巷５號,87.0,都市：其他:住宅區,,,1150618,土地1建物1車位0,全,一層,透天厝,住家用,磚造,0620208,58.8,3,2,1,有,無,10200000,173469,,0.0,0,其他增建；,RPTOMLSKOHLGFBB68DA,58.8,0.0,0.0,無,
北區,房地(土地+建物),臺中市北區博館路７８號,35.81,都市：其他:第二種住宅區,,,1150620,土地1建物1車位0,一層，二層，騎樓,五層,公寓(5樓含以下無電梯),住商用,鋼筋混凝土造,0720819,100.11,3,2,2,有,無,12500000,124863,,0.0,0,,RPVNMLQJPHLGFBB58DA,90.96,0.0,3.2,無,0121
北區,房地(土地+建物)+車位,臺中市北區華美街二段７８號十六樓之２,22.28,都市：其他:第二之一種商業區,,,1150611,土地1建物1車位2,十六層,十八層,住宅大樓(11層含以上有電梯),住家用,鋼筋混凝土造,1030805,267.58000000000004,4,2,2,有,有,28400000,106133,坡道平面,57.52,0,跨所案件，另有基地為台中市西區科博段644地號持分面積2.91平方公尺。預售屋、或土地及建物分件登記案件；,RPOONLQJPHLGFBB08DA,124.61,4.99,13.33,有,
北區,房地(土地+建物),臺中市北區忠太東路１１９號７樓之１９,4.72,都市：其他:第三種住宅區。,,,1150614,土地1建物1車位0,七層,二十一層,住宅大樓(11層含以上有電梯),住家用,鋼筋混凝土造,0840607,57.08,1,1,1,有,有,4750000,83217,,0.0,0,,RPXOMLKKPHLGFBB38DA,33.15,0.0,1.85,有,
北區,房地(土地+建物),臺中市北區雙十路二段６１之１號,21.44,都市：其他:第二種住宅區,,,1150603,土地9建物1車位0,二層,十二層,住宅大樓(11層含以上有電梯),住家用,鋼筋混凝土造,0740323,87.16,3,2,1,有,有,6100000,69986,,0.0,0,,RPOOMLNKPHLGFBB77DA,74.79,2.2,10.18,有,0122
北屯區,房地(土地+建物)+車位,臺中市北屯區青島路三段１３７號,22.56,都市：其他:第二種住宅區,,,1150618,土地1建物1車位2,一層，二層，騎樓,九層,華廈(10層含以下有電梯),住商用,鋼筋混凝土造,0850520,180.6,1,1,2,有,有,15000000,83056,坡道平面,0.0,0,,RPROMLMLPHLGFBB08DA,103.4,1.41,11.81,有,
西屯區,房地(土地+建物),臺中市西屯區烈美街１３６之２號,23.77,住,,,1150605,土地1建物1車位0,二層,五層,公寓(5樓含以下無電梯),住家用,鋼筋混凝土造,0740107,92.36,3,2,1,有,無,8280000,89649,,0.0,0,陽台外推；,RPSNMLRKOHLGFCB48DA,86.44,0.0,5.92,無,0123
南屯區,土地,楓溪段158地號,224.55,住,,,1150606,土地1建物0車位0,,,其他,,,,0.0,0,0,0,無,無,36000000,160321,,0.0,0,,RPTPMLRKOHLGFCB78DA,0.0,0.0,0.0,無,
南屯區,房地(土地+建物)+車位,臺中市南屯區春安路１１７號十八樓之１,14.08,住,,,1150605,土地1建物1車位1,十八層,二十四層,住宅大樓(11層含以上有電梯),住家用,鋼筋混凝土造,1111028,149.78,3,2,2,有,有,14700000,98144,坡道平面,34.84,0,,RPWPMLSKOHLGFCB56DA,71.0,0.0,5.62,有,0124
西屯區,房地(土地+建物)+車位,臺中市西屯區臺灣大道三段５９０號十八樓之３,21.57,商,,,1150626,土地1建物1車位2,十八層,二十八層,住宅大樓(11層含以上有電梯),住家用,鋼筋混凝土造,0991021,308.62,3,2,3,有,有,39000000,126369,坡道平面,48.52,0,,RPSQMLMJPHLGFCB28DA,149.14,2.89,25.86,有,
西屯區,房地(土地+建物)+車位,臺中市西屯區天水西五街５號八樓之２,16.96,住,,,1150623,土地1建物1車位1,八層,十一層,住宅大樓(11層含以上有電梯),住家用,鋼筋混凝土造,1010523,107.3,2,2,1,有,有,12500000,116496,坡道機械,17.81,0,,RPOPMLRKPHLGFCB38DA,52.22,1.19,6.48,有,
西屯區,房地(土地+建物)+車位,臺中市西屯區青海南街２３３號十五樓之３,11.31,住,,,1150611,土地1建物1車位1,十五層,二十三層,住宅大樓(11層含以上有電梯),住家用,鋼筋混凝土造,1150407,79.03,1,1,1,有,有,15000000,218799,坡道機械,15.73,1150000,,RPOPMLLLPHLGFCB87DA,35.59,0.0,4.36,有,
西屯區,房地(土地+建物)+車位,臺中市西屯區福科路３７７巷６號二十樓之２,58.48,住,,,1150619,土地2建物1車位3,二十層,二十四層,住宅大樓(11層含以上有電梯),住家用,鋼筋混凝土造,1130911,347.49,3,2,3,有,有,68580000,242585,坡道平面,103.74,9450000,,RPXQMLLLPHLGFCB88DA,147.48,0.0,13.23,有,
西屯區,房地(土地+建物)+車位,臺中市西屯區朝馬七街３３號二樓之３,16.41,住,,,1150626,土地1建物1車位1,二層,十層,華廈(10層含以下有電梯),住家用,鋼筋混凝土造,1150130,123.42999999999999,2,2,1,有,有,18300000,148262,坡道平面,38.01,0,,RPSNMLMLPHLGFCB18DA,48.84,0.0,6.77,有,0125
西屯區,房地(土地+建物)+車位,臺中市西屯區青海南街２０５號九樓之３,9.98,住,,,1150626,土地1建物1車位1,九層,十四層,住宅大樓(11層含以上有電梯),住家用,鋼筋混凝土造,1101108,73.21000000000001,2,1,1,有,有,7800000,106543,坡道機械,10.17,0,,RPVNMLMLPHLGFCB48DA,36.76,0.0,3.05,有,0126
西屯區,房地(土地+建物),臺中市西屯區中清路二段１２５０巷１１８弄３號,93.83,住,,,1150612,土地2建物1車位0,全,四層,透天厝,住家用,鋼筋混凝土造,1130821,265.6,6,2,7,有,無,33500000,126130,,0.0,0,,RPWNMLMLPHLGFCB58DA,245.89,0.0,19.71,有,0127
豐原區,房地(土地+建物)+車位,臺中市豐原區圓環北路二段１２３號五樓之１,7.79,住,,,1150610,土地1建物1車位1,五層,二十層,住宅大樓(11層含以上有電梯),住家用,鋼筋混凝土造,0850717,89.84,2,2,1,有,有,5350000,59550,坡道機械,0.0,0,,RPWNMLLJPHLGFDB38DA,50.46,0.62,8.04,有,
豐原區,土地,翁明段178-1地號,116.36,商,,,1150612,土地1建物0車位0,,,其他,,,,0.0,0,0,0,無,無,29615947,254520,,0.0,0,,RPUOMLLLPHLGFDB48DA,0.0,0.0,0.0,無,0128
后里區,房地(土地+建物),臺中市后里區甲后路二段４８５巷２８號,245.24,農,,,1150602,土地5建物1車位0,全,四層,透天厝,住家用,鋼筋混凝土造,1030528,436.1,6,2,7,有,有,38000000,87136,,0.0,0,預售屋、或土地及建物分件登記案件；,RPRNMLMLPHLGFDB18DA,418.32,0.0,17.78,無,
大甲區,房地(土地+建物),臺中市大甲區文曲路５６２號,107.4,農,,,1150618,土地1建物1車位0,全,三層,透天厝,住家用,鋼筋混凝土造,1060815,169.53,4,3,3,有,無,15260000,90014,,0.0,0,其他增建；,RPRNMLLLPHLGFEB18DA,164.52,0.0,5.01,無,0129
沙鹿區,房地(土地+建物),臺中市沙鹿區正德路２３３巷１５號,112.04,住,,,1150613,土地1建物1車位0,全,四層,透天厝,住家用,鋼筋混凝土造,1031107,240.53,4,3,4,有,無,22300000,92712,,0.0,0,其他增建；,RPVNMLQKPHLGFFB09DA,218.71,0.0,21.82,有,
潭子區,房地(土地+建物),臺中市潭子區中山路一段１７號十二樓之６,9.03,住,,,1150603,土地1建物1車位0,十二層,十四層,住宅大樓(11層含以上有電梯),住家用,鋼筋混凝土造,0970225,84.47,2,1,1,有,有,8600000,101811,,0.0,0,,RPUNMLQJPHLGFHB09DA,54.34,0.0,7.56,有,
大雅區,房地(土地+建物),臺中市大雅區中山北路１６９巷９弄４號,93.82,住,,,1150604,土地2建物1車位0,全,四層,透天厝,住商用,鋼筋混凝土造,0781230,235.13,4,3,3,有,有,15000000,63794,,0.0,0,陽台外推；其他增建；,RPQNMLOKPHLGFHB58DA,205.08,9.35,20.7,無,
潭子區,房地(土地+建物),臺中市潭子區榮興街２１巷１２號八樓,18.46,住,,,1150627,土地1建物1車位0,八層,十四層,住宅大樓(11層含以上有電梯),住家用,鋼筋混凝土造,0840524,105.94,3,2,2,有,有,7300000,68907,,0.0,0,其他增建；,RPRNMLLLPHLGFHB48DA,72.84,0.0,9.17,有,
烏日區,土地,五張犁東段412地號,158.51,,鄉村區,乙種建築用地,1150603,土地2建物0車位0,,,其他,,,,0.0,0,0,0,無,無,8200000,51732,,0.0,0,未登記建物；,RPWSMLLLPHLGFIB96DA,0.0,0.0,0.0,無,
霧峰區,房地(土地+建物),臺中市霧峰區新厝路５４３巷１２９號,65.48,,特定農業區,甲種建築用地,1150613,土地2建物1車位0,全,四層,透天厝,住家用,鋼筋混凝土造,1150106,190.54,4,3,4,有,有,18000000,94468,,0.0,0,,RPPNMLMLPHLGFIB48DA,167.48,0.0,23.06,無,
大里區,土地,西湖北段215地號,282.03,,特定農業區,農牧用地,1150629,土地1建物0車位0,,,其他,,,,0.0,0,0,0,無,無,3600000,12765,,0.0,0,,RPSNMLMLPHLGFIB78DA,0.0,0.0,0.0,無,0130
太平區,房地(土地+建物)+車位,臺中市太平區太興路２０號十一樓之６,12.05,商,,,1150629,土地1建物1車位1,十一層,十五層,住宅大樓(11層含以上有電梯),住家用,鋼筋混凝土造,1030626,148.61,3,2,2,有,有,13880000,93399,坡道機械,11.57,0,其他增建；,RPPNMLSJPHLGFJB98DA,77.53,3.95,10.68,有,
太平區,房地(土地+建物),臺中市太平區大興２１街１５６號４樓,32.74,,鄉村區,乙種建築用地,1150609,土地2建物1車位0,四層,五層,公寓(5樓含以下無電梯),住家用,鋼筋混凝土造,0790430,87.5,3,2,2,有,有,4800000,54857,,0.0,0,,RPRNMLKKPHLGFJB48DA,67.26,0.0,8.52,無,
太平區,房地(土地+建物),臺中市太平區中山路一段２４５巷１８號六樓之２０,2.84,,鄉村區,乙種建築用地,1150621,土地2建物1車位0,六層,十層,華廈(10層含以下有電梯),住家用,鋼筋混凝土造,0880909,21.78,1,0,1,有,有,1580000,72544,,0.0,0,陽台外推；,RPTNMLPKPHLGFJB56DA,11.42,0.0,2.24,有,
太平區,房地(土地+建物),臺中市太平區新仁路一段１７０號,96.98,住,,,1150611,土地1建物1車位0,全,二層,透天厝,住商用,加強磚造,0660205,97.44,3,2,2,有,無,13000000,133415,,0.0,0,頂樓加蓋；其他增建；,RPPNMLRKPHLGFJB98DA,97.44,0.0,0.0,無,
太平區,土地,頭汴坑段1556-6地號,2500.0,,山坡地保育區,農牧用地,1150611,土地1建物0車位0,,,其他,,,,0.0,0,0,0,無,無,600000,240,,0.0,0,,RPPNMLMLPHLGFJB58DA,0.0,0.0,0.0,無,
龍井區,房地(土地+建物)+車位,臺中市龍井區新庄街二段３６巷２７號四樓之２,17.46,,鄉村區,乙種建築用地,1150605,土地1建物1車位1,四層,九層,華廈(10層含以下有電梯),住家用,鋼筋混凝土造,1130513,82.61,2,1,1,有,有,8860000,107251,坡道機械,18.57,0,,RPVNMLPKPHLGFKB86DA,38.55,0.0,3.57,有,0131
龍井區,房地(土地+建物),臺中市龍井區三港路水裡港巷６７之１６號,241.0,都市：其他:第四種住宅區,,,1150608,土地3建物1車位0,全,二層,透天厝,住家用,加強磚造,0741125,137.0,5,3,2,有,無,8380000,61168,,0.0,0,其他增建；,RPTNMLLLPHLGFKB98DA,137.0,0.0,0.0,無,
大肚區,土地,仁德段420-6地號,1004.07,都市：其他:農業區,,,1150613,土地2建物0車位0,,,其他,,,,0.0,0,0,0,無,無,10000000,9959,,0.0,0,農作物；,RPPNMLMLPHLGFKB68DA,0.0,0.0,0.0,無,
北區,車位,臺中市北區進化北路３１７號等公共設施,0.26,都市：其他:第一種商業區,,,1150626,土地2建物1車位1,,,其他,,,,15.94,0,0,0,無,有,600000,,坡道機械,15.94,600000,僅車位交易；,RPPNMLLLPHLGFBB77EA,0.0,0.0,0.0,有,
北屯區,房地(土地+建物)+車位,臺中市北屯區文昌東七街６３號,102.08,都市：其他:第二種住宅區,,,1150605,土地2建物1車位1,全,四層,透天厝,住家用,鋼筋混凝土造,1030210,302.66,5,3,6,有,有,37600000,124232,坡道平面,0.0,0,陽台外推；其他增建；,RPPNMLMLPHLGFBB87EA,187.06,0.0,22.43,有,0132
大雅區,土地,雅潭段261-1地號,15.13,商,,,1150612,土地2建物0車位0,,,其他,,,,0.0,0,0,0,無,無,2391448,158060,,0.0,0,政府機關標讓售；,RPPNMLLLPHLGFHB38EA,0.0,0.0,0.0,無,
大里區,房地(土地+建物),臺中市大里區仁愛路１１８巷１號二樓,9.81,都市：其他:住宅區,,,1150602,土地1建物1車位0,二層,八層,華廈(10層含以下有電梯),住家用,鋼筋混凝土造,0840509,54.62,2,1,1,有,有,4100000,75064,,0.0,0,,RPRNMLMLPHLGFIB78EA,38.8,0.0,1.11,有,0133
東區,房地(土地+建物)+車位,臺中市東區東福路６２號十二樓,30.64,都市：其他:第二種住宅區,,,1150607,土地1建物1車位2,十二層,十三層,住宅大樓(11層含以上有電梯),住家用,鋼筋混凝土造,1050318,198.86,3,2,2,有,有,15580000,78347,坡道平面,50.7,0,,RPTOMLSJOHLGFAB48DA,89.53,0.0,12.22,有,
南區,房地(土地+建物)+車位,臺中市南區高工南路２３０號五樓之３,24.41,都市：其他:第二種住宅區,,,1150610,土地1建物1車位1,五層,十五層,住宅大樓(11層含以上有電梯),住家用,鋼筋混凝土造,1051014,154.73,3,2,2,有,有,18360000,118658,坡道平面,19.84,0,,RPTNMLOKPHLGFAB18DA,77.19,1.5,10.83,有,0134
西區,房地(土地+建物),臺中市西區府後街３１號,32.0,都市：其他:第二種住宅區,,,1150610,土地2建物2車位0,二層,二層,公寓(5樓含以下無電梯),住家用,鐵筋加強磚,0580130,118.73,0,0,2,有,無,13000000,109492,,0.0,0,,RPUNMLKLPHLGFAB97DA,118.73,0.0,0.0,無,
西區,房地(土地+建物)+車位,臺中市西區向上路一段７９巷６號二十五樓,24.86,都市：其他:第二種住宅區,,,1150601,土地2建物1車位3,二十五層,二十七層,住宅大樓(11層含以上有電梯),住家用,鋼筋混凝土造,0951019,415.95,3,2,3,有,有,37000000,88953,坡道平面,84.09,0,土地建物分別拆價，土地價金2590萬、建物價金1110萬。,RPSNMLNLPHLGFAB08DA,205.15,1.19,26.63,有,0135
東區,房地(土地+建物),臺中市東區大智路７３號７樓之４,2.69,都市：其他:第一種商業區,,,1150604,土地2建物1車位0,七層,十一層,住宅大樓(11層含以上有電梯),住家用,鋼筋混凝土造,0801001,30.950000000000003,1,0,1,有,無,2433600,78630,,0.0,0,,RPWNMLNLPHLGFAB48DA,17.86,0.0,4.78,有,
東區,房地(土地+建物),臺中市東區大智路７３號８樓之１,31.32,都市：其他:第一種商業區,,,1150604,土地2建物12車位0,八層,十一層,住宅大樓(11層含以上有電梯),住家用,鋼筋混凝土造,0801001,362.68,12,0,12,有,無,28532400,78671,,0.0,0,,RPXNMLNLPHLGFAB58DA,227.61,7.25,24.5,有,
北區,房地(土地+建物)+車位,臺中市北區梅川西路三段３９巷１８號５樓之２,20.16,都市：其他:第二種住宅區,,,1150605,土地1建物1車位1,五層,十四層,住宅大樓(11層含以上有電梯),住家用,鋼筋混凝土造,0880908,188.41,4,2,2,有,有,17200000,95250,坡道平面,23.58,1500000,,RPUNMLPJOHLGFBB28DA,104.93,3.29,13.86,有,
北屯區,房地(土地+建物)+車位,臺中市北屯區環太東路４６３號六樓之２,24.62,都市：其他:第三種住宅區。,,,1150615,土地1建物1車位1,六層,十五層,住宅大樓(11層含以上有電梯),住家用,鋼筋混凝土造,1090820,153.21,3,2,2,有,有,11000000,71797,坡道平面,23.87,0,,RPUNMLPKOHLGFBB38DA,74.66,1.17,11.01,有,0136
北屯區,房地(土地+建物)+車位,臺中市北屯區太順路８３號十五樓之５,17.95,都市：其他:第三種住宅區。,,,1150623,土地1建物1車位1,十五層,十五層,住宅大樓(11層含以上有電梯),住家用,鋼筋混凝土造,1080424,146.39,2,2,2,有,有,13300000,90853,坡道平面,27.54,0,,RPSNMLQLOHLGFBB38DA,70.36,1.95,8.4,有,0137
北屯區,房地(土地+建物)+車位,臺中市北屯區景賢二路７２號２樓之１,29.9,都市：其他:第三種住宅區。,,,1150628,土地1建物1車位2,二層,十一層,住宅大樓(11層含以上有電梯),住家用,鋼筋混凝土造,0950519,219.95,4,2,2,有,有,14380000,65378,坡道平面,50.72,0,,RPWOMLKKPHLGFBB28DA,99.23,3.18,17.5,有,
北屯區,房地(土地+建物)+車位,臺中市北屯區順興街１５８號十一樓之５,37.14,都市：其他:第一之一種住宅區,,,1150627,土地1建物1車位1,十一層,十五層,住宅大樓(11層含以上有電梯),住家用,鋼筋混凝土造,1141208,164.57,3,2,2,有,有,23200000,155789,坡道平面,29.13,2100000,土地價款:1076.1萬元  房屋價款:1243.9萬元,RPRNMLMLPHLGFBB97DA,80.55,0.0,8.5,有,
北區,房地(土地+建物)+車位,臺中市北區山西路一段７１號１２樓之４　,9.16,都市：其他:第二種住宅區,,,1150624,土地2建物1車位1,十二層,十二層,住宅大樓(11層含以上有電梯),住家用,鋼筋混凝土造,0880624,78.0,1,1,1,有,有,7100000,91026,坡道平面,12.94,0,,RPOOMLMLPHLGFBB77DA,40.29,0.0,4.24,有,
西屯區,房地(土地+建物)+車位,臺中市西屯區工業區一路６號六樓之３,16.67,住,,,1150616,土地1建物1車位1,六層,十四層,住宅大樓(11層含以上有電梯),住家用,鋼筋混凝土造,0830330,162.26999999999998,2,2,2,有,有,13200000,81346,坡道平面,0.0,1000000,其他增建；,RPUVMLQKOHLGFCB76DA,92.26,1.38,13.44,有,0138
西屯區,房地(土地+建物),臺中市西屯區福順路８８０號,58.07,住,,,1150615,土地1建物1車位0,一層，二層，騎樓,七層,華廈(10層含以下有電梯),住家用,鋼筋混凝土造,0830604,345.55,3,3,2,有,有,25380000,73448,,0.0,0,其他增建；,RPUTMLNJPHLGFCB88DA,210.66,4.15,11.45,有,
西屯區,房地(土地+建物),臺中市西屯區西苑三街１７５號,149.38,住,,,1150621,土地1建物1車位0,全,五層,透天厝,住家用,鋼筋混凝土造,1140314,374.82,7,3,7,有,無,63580000,169628,,0.0,0,其他增建；,RPROMLQJPHLGFCB38DA,337.19,0.0,37.63,有,
南屯區,房地(土地+建物),臺中市南屯區春安路１２８號九樓之８,10.41,住,,,1150619,土地1建物1車位0,九層,十三層,住宅大樓(11層含以上有電梯),住家用,鋼筋混凝土造,1081128,69.58,1,1,1,有,有,7500000,107790,,0.0,0,,RPOOMLKKPHLGFCB57DA,42.05,0.0,4.92,有,0139
西屯區,房地(土地+建物),臺中市西屯區玉門路２５９號六樓之３,26.03,住,,,1150614,土地1建物1車位0,六層,十二層,住宅大樓(11層含以上有電梯),住家用,鋼筋混凝土造,0850615,130.35000000000002,3,2,2,有,有,8100000,62140,,0.0,0,,RPWOMLPKPHLGFCB88DA,71.64,2.2,7.67,有,
南屯區,房地(土地+建物)+車位,臺中市南屯區大正街８８號二十五樓之３,22.85,商,,,1150626,土地1建物1車位2,二十五層,二十八層,住宅大樓(11層含以上有電梯),住家用,鋼骨鋼筋混凝土造,1060320,335.41999999999996,3,2,3,有,有,59880000,196774,坡道平面,51.44,4000000,,RPWOMLNLPHLGFCB78DA,160.17,2.2,26.64,有,0140
沙鹿區,房地(土地+建物),臺中市沙鹿區東晉路２８３號,62.02,住,,,1150606,土地1建物1車位0,全,四層,透天厝,住家用,鋼筋混凝土造,1130517,216.69,4,3,4,有,無,24500000,113065,,0.0,0,,RPSOMLPKOHLGFFB68DA,196.65,0.0,20.04,有,
沙鹿區,房地(土地+建物)+車位,臺中市沙鹿區保寧路２２巷３７號四樓,23.89,商,,,1150607,土地2建物1車位1,四層,十層,華廈(10層含以下有電梯),住家用,鋼筋混凝土造,0880812,133.86,4,2,2,有,有,7700000,57523,坡道機械,0.0,0,其他增建；,RPTNMLTJPHLGFFB09DA,89.27,0.0,9.15,有,
梧棲區,房地(土地+建物),臺中市梧棲區新生路５號,116.0,都市：其他:第四種住宅區,,,1150627,土地1建物1車位0,全,四層,透天厝,住家用,鋼筋混凝土造,1140526,226.09,6,2,6,有,有,20880000,92353,,0.0,0,,RPQNMLQKPHLGFFB58DA,208.93,0.0,17.16,有,
潭子區,房地(土地+建物)+車位,臺中市潭子區僑興一街２２０號十三樓之２,26.15,住,,,1150602,土地1建物1車位1,十三層,十五層,住宅大樓(11層含以上有電梯),住家用,鋼筋混凝土造,1140604,158.64,3,2,2,有,有,17000000,107161,坡道平面,28.17,0,,RPQNMLPKPHLGFHB68DA,78.1,0.0,8.92,有,0141
潭子區,房地(土地+建物)+車位,臺中市潭子區榮興街８０號三樓,9.46,住,,,1150621,土地1建物1車位1,三層,十七層,住宅大樓(11層含以上有電梯),住家用,鋼筋混凝土造,0830824,122.49,3,2,2,有,有,8500000,69393,坡道機械,0.0,0,其他增建；,RPQNMLRKPHLGFHB88DA,72.0,5.82,13.23,有,
大里區,房地(土地+建物),臺中市大里區公教街５５號四樓,10.56,,鄉村區,乙種建築用地,1150601,土地1建物1車位0,四層,十層,華廈(10層含以下有電梯),住家用,鋼筋混凝土造,0841027,66.91,3,1,1,有,有,4800000,71738,,0.0,0,,RPRNMLPLOHLGFIB88DA,49.9,0.0,6.74,有,
大里區,房地(土地+建物),臺中市大里區塗城路８３０巷２２號,66.37,都市：其他:住宅區,,,1150630,土地1建物1車位0,全,二層,透天厝,住家用,加強磚造,0650410,96.8,3,2,2,有,無,2150000,22211,,0.0,0,親友、員工、共有人或其他特殊關係間之交易；頂樓加蓋；其他增建；,RPRNMLRJPHLGFIB98DA,96.8,0.0,0.0,無,
烏日區,房地(土地+建物),臺中市烏日區溪南路一段４６０巷１３５弄３０號,101.0,,特定農業區,甲種建築用地,1150623,土地2建物1車位0,全,三層,透天厝,住家用,鋼筋混凝土造,0791222,142.91,7,1,3,有,無,12000000,83969,,0.0,0,,RPXNMLRJPHLGFIB96DA,128.05,6.07,8.79,無,
大肚區,房地(土地+建物),臺中市大肚區沙田路一段４２０號,185.82,都市：其他:道路用地,,,1150627,土地2建物1車位0,全,三層,透天厝,住商用,ＲＣ鋼架造,0730326,302.32,6,2,4,有,無,5379448,17794,,0.0,0,親友、員工、共有人或其他特殊關係間之交易；,RPPNMLTLOHLGFKB66DA,302.32,0.0,0.0,無,
大肚區,房地(土地+建物),臺中市大肚區遊園路一段８７之１號,106.89,,鄉村區,乙種建築用地,1150613,土地1建物1車位0,全,三層,透天厝,住商用,加強磚造,0691101,183.48,5,2,3,有,無,2480000,13516,,0.0,0,親友、員工、共有人或其他特殊關係間之交易；,RPQNMLKLPHLGFKB58DA,183.48,0.0,0.0,無,
東區,土地,東勢子段34-142地號,6.24,都市：其他:第二種住宅區,,,1150624,土地1建物0車位0,,,其他,,,,0.0,0,0,0,無,無,785700,125913,,0.0,0,,RPSONLQLOHLGFAB48DA,0.0,0.0,0.0,無,0142
東區,房地(土地+建物)+車位,臺中市東區東英十七街５９號五樓之６,16.03,都市：其他:第二之一種商業區,,,1150621,土地1建物1車位1,五層,二十四層,住宅大樓(11層含以上有電梯),住家用,鋼筋混凝土造,1110615,154.95,3,2,2,有,有,15630000,100871,坡道平面,30.47,0,,RPPQMLKMOHLGFAB77DA,77.08,0.0,6.59,有,0143
中區,房地(土地+建物),臺中市中區成功路１２８巷３號三樓之２,9.34,都市：其他:第一種商業區,,,1150624,土地4建物1車位0,三層,五層,公寓(5樓含以下無電梯),住家用,鋼筋混凝土造,0710826,44.6,0,0,0,無,無,1850000,41480,,0.0,0,親友、員工、共有人或其他特殊關係間之交易；,RPWNMLTJPHLGFAB88DA,31.58,0.0,5.21,無,
西區,房地(土地+建物),臺中市西區篤行路１６２巷３７號４樓之４,8.0,都市：其他:第二種住宅區,,,1150626,土地1建物1車位0,四層,五層,公寓(5樓含以下無電梯),住家用,鋼筋混凝土造,0820622,36.29,1,1,1,有,無,2900000,79912,,0.0,0,,RPXOMLOKPHLGFAB68DA,22.57,0.0,2.95,無,
西區,房地(土地+建物),臺中市西區美村路一段２３６巷３９號二樓,35.0,都市：其他:第二種住宅區,,,1150625,土地3建物2車位0,二層,五層,公寓(5樓含以下無電梯),住家用,鋼筋混凝土造,0700620,140.21,3,2,2,有,無,11880000,84730,,0.0,0,,RPTNMLKLPHLGFAB87DA,100.2,0.0,0.0,無,
南區,房地(土地+建物),臺中市南區工學二街１０１號１１樓之２,17.86,都市：其他:第三種住宅區。,,,1150610,土地1建物1車位0,十一層,十二層,住宅大樓(11層含以上有電梯),住家用,鋼筋混凝土造,0870930,105.73,3,2,2,有,有,9200000,87014,,0.0,0,,RPWNMLKLPHLGFAB18DA,78.17,0.0,4.86,有,0144
東區,房地(土地+建物),臺中市東區樂業路２４５號１１樓之２,14.36,都市：其他:第二種住宅區,,,1150618,土地1建物1車位0,十一層,十四層,住宅大樓(11層含以上有電梯),住家用,鋼筋混凝土造,0840712,125.62,2,2,2,有,有,5000000,39803,,0.0,0,,RPPNMLMLPHLGFAB67DA,75.28,1.63,8.7,有,
西區,房地(土地+建物),臺中市西區臺灣大道二段１８１號六樓之１０,4.28,都市：其他:第三種住宅區。,,,1150622,土地1建物1車位0,六層,十三層,住宅大樓(11層含以上有電梯),辦公用,鋼筋混凝土造,0840628,50.55,0,0,0,無,有,4000000,79130,,0.0,0,,RPSOMLMLPHLGFAB08DA,23.01,0.43,0.0,有,
北屯區,房地(土地+建物)+車位,臺中市北屯區環太東路５６１號十三樓之９,18.35,都市：其他:第三種住宅區。,,,1150625,土地1建物1車位1,十三層,十五層,住宅大樓(11層含以上有電梯),住家用,鋼筋混凝土造,1130605,122.03999999999999,2,2,1,有,有,11200000,91773,坡道平面,27.6,0,,RPSOMLRJPHLGFBB48DA,57.14,0.0,6.1,有,0145
北區,房地(土地+建物)+車位,臺中市北區陝西八街２號３樓之３,7.74,都市：其他:第二種住宅區,,,1150624,土地1建物1車位1,三層,十三層,住宅大樓(11層含以上有電梯),住家用,鋼筋混凝土造,0960129,100.25999999999999,2,1,1,有,有,10500000,104728,坡道平面,0.0,0,,RPTOMLQKPHLGFBB58DA,47.19,1.25,6.41,有,
北區,房地(土地+建物)+車位,臺中市北區五常街３８０號七樓之４１,3.25,都市：其他:第一種商業區,,,1150626,土地1建物1車位1,七層,十七層,住宅大樓(11層含以上有電梯),住家用,鋼筋混凝土造,0971128,58.629999999999995,1,1,1,有,有,5750000,98073,坡道平面,24.79,0,車位編號：地下一層15號,RPQOMLKLPHLGFBB77DA,19.64,0.0,1.17,有,
北區,房地(土地+建物)+車位,臺中市北區東光東街４９號十樓,12.7,都市：其他:第二種住宅區,,,1150607,土地1建物1車位1,十層,十七層,住宅大樓(11層含以上有電梯),住家用,鋼筋混凝土造,0831214,100.87,3,2,2,有,有,8380000,83077,坡道機械,0.0,0,,RPXNMLMLPHLGFBB58DA,65.36,0.0,8.16,有,0146
北屯區,房地(土地+建物)+車位,臺中市北屯區敦富路７０８號十二樓之７,22.18,都市：其他:第二之一種住宅區,,,1150619,土地1建物1車位1,十二層,十五層,住宅大樓(11層含以上有電梯),住家用,鋼筋混凝土造,1140606,151.20999999999998,3,2,2,有,有,22560000,149196,坡道平面,25.3,0,,RPXRMLMLPHLGFBB98DA,76.22,0.0,5.67,有,0147
北區,房地(土地+建物),臺中市北區漢口路四段４９號７樓之１４,3.7,都市：其他:第二種住宅區,,,1150621,土地1建物1車位0,七層,十三層,住宅大樓(11層含以上有電梯),住家用,鋼筋混凝土造,0821211,34.61,1,0,1,有,有,2530000,73100,,0.0,0,,RPUTMLMLPHLGFBB88DA,18.88,0.0,2.19,有,
北區,房地(土地+建物),臺中市北區中清路一段６０８號十四樓之３,5.01,都市：其他:第二種住宅區,,,1150616,土地1建物1車位0,十四層,二十層,住宅大樓(11層含以上有電梯),住家用,鋼筋混凝土造,0880616,63.370000000000005,2,1,1,有,有,7220000,113934,,0.0,0,,RPXRMLOLPHLGFBB56DA,34.6,0.0,7.72,有,
西屯區,房地(土地+建物)+車位,臺中市西屯區福科路５２６巷３號三樓之３,21.16,都市：其他:第三之一種住宅區,,,1150606,土地1建物1車位1,三層,十四層,住宅大樓(11層含以上有電梯),住家用,鋼筋混凝土造,1090831,144.44,2,2,2,有,有,20800000,172103,坡道平面,33.46,1700000,,RPXNMLQJOHLGFCB78DA,58.2,0.0,16.25,有,0148
西屯區,房地(土地+建物)+車位,臺中市西屯區文心路二段５６６之１３號十一樓之１,7.78,都市：其他:第三種住宅區。,,,1150621,土地1建物1車位1,十一層,二十三層,住宅大樓(11層含以上有電梯),住家用,鋼筋混凝土造,0941110,130.38,3,2,2,有,有,17200000,136107,坡道平面,15.03,1500000,,RPQNMLLLOHLGFCB77DA,71.19,4.33,4.15,有,0149
南屯區,房地(土地+建物)+車位,臺中市南屯區黎明東街３８３號,73.6,都市：其他:第二種住宅區,,,1150621,土地1建物1車位1,一層，二層，三層，四層，騎樓,十六層,住宅大樓(11層含以上有電梯),住商用,鋼筋混凝土造,0840817,237.38,4,1,3,有,有,21750000,91625,坡道機械,0.0,0,,RPSPMLMLOHLGFCB28DA,181.37,5.52,11.04,有,
西屯區,房地(土地+建物),臺中市西屯區福聯街５０號九樓之１,15.3,都市：其他:第一之一種住宅區,,,1150630,土地2建物1車位0,九層,十四層,住宅大樓(11層含以上有電梯),住家用,鋼筋混凝土造,0831108,99.03,3,2,2,有,有,7320000,73917,,0.0,0,其他增建；,RPUOMLPKPHLGFCB68DA,68.75,0.0,8.52,有,0150
西屯區,房地(土地+建物),臺中市西屯區重慶路１４３號,206.0,都市：其他:第二種住宅區,,,1150608,土地1建物1車位0,全,四層,透天厝,住商用,鋼筋混凝土造,0680623,486.0,7,3,4,有,無,60580000,124650,,0.0,0,其他增建；,RPPQMLKLPHLGFCB97DA,486.0,0.0,0.0,無,
豐原區,房地(土地+建物),臺中市豐原區育英路５６巷２號三樓之２,3.29,都市：其他:第二種住宅區,,,1150629,土地1建物1車位0,三層,七層,華廈(10層含以下有電梯),住家用,鋼筋混凝土造,0820902,21.55,1,0,1,有,有,1500000,69606,,0.0,0,其他增建；,RPUNMLNJPHLGFDB38DA,18.1,0.0,0.0,有,
神岡區,房地(土地+建物),臺中市神岡區民生路５２之５號,82.75,農,,,1150609,土地4建物1車位0,全,四層,透天厝,住家用,鋼筋混凝土造,1141023,211.73,5,2,4,有,無,25000000,118075,,0.0,0,陽台外推；,RPTNMLNLPHLGFDB48DA,190.73,0.0,21.0,有,0151
豐原區,房地(土地+建物),臺中市豐原區愛國街１５巷２０號,66.74,住,,,1150617,土地2建物1車位0,全,二層,透天厝,住家用,加強磚造,0620323,88.0,2,3,2,有,無,5800000,65909,,0.0,0,其他增建；,RPVNMLOLPHLGFDB78DA,88.0,0.0,0.0,無,
沙鹿區,土地,公館段580-1地號,1339.0,,一般農業區,農牧用地,1150618,土地1建物0車位0,,,其他,,,,0.0,0,0,0,無,無,13770000,10284,,0.0,0,,RPURMLNKPHLGFFB09DA,0.0,0.0,0.0,無,
新社區,房地(土地+建物),臺中市新社區華豐街３６４號,82.0,,鄉村區,乙種建築用地,1150605,土地1建物1車位0,全,二層,透天厝,住家用,加強磚造,0680921,117.92,5,2,2,有,無,650000,5512,,0.0,0,自用住宅稅率親友、員工、共有人或其他特殊關係間之交易；頂樓加蓋；,RPSNMLTJOHLGFGB98DA,117.92,0.0,0.0,無,
東勢區,土地,大茅埔段3498-1地號,1000.0,,山坡地保育區,農牧用地,1150625,土地1建物0車位0,,,其他,,,,0.0,0,0,0,無,無,1000000,1000,,0.0,0,,RPTNMLMLPHLGFGB68DA,0.0,0.0,0.0,無,0152
大里區,房地(土地+建物),臺中市大里區公教街６０巷１１０號,81.3,,鄉村區,乙種建築用地,1150630,土地1建物1車位0,全,四層,透天厝,住家用,鋼筋混凝土造,0810730,178.79,4,3,3,有,無,12700000,71033,,0.0,0,頂樓加蓋；其他增建；,RPPNMLQKPHLGFIB78DA,168.28,3.44,7.07,無,
霧峰區,房地(土地+建物),臺中市霧峰區新厝路１６７號,275.2,,鄉村區,乙種建築用地,1150612,土地2建物1車位0,全,三層,透天厝,住家用,鋼筋混凝土造,0820907,198.81,7,2,2,有,無,18000000,90539,,0.0,0,其他增建；,RPPTMLLLPHLGFIB98DA,187.77,4.61,6.43,無,
太平區,房地(土地+建物),臺中市太平區樹孝路１０７號之１１四樓,9.61,住,,,1150627,土地1建物1車位0,四層,十三層,住宅大樓(11層含以上有電梯),住家用,鋼筋混凝土造,0801007,85.27000000000001,3,2,1,有,有,6360000,74587,,0.0,0,其他增建；,RPQNMLQJPHLGFJB88DA,66.48,4.16,6.98,有,0153
龍井區,房地(土地+建物),臺中市龍井區新興路２２巷２弄２７號,17.26,,鄉村區,乙種建築用地,1150604,土地1建物1車位0,一層,六層,華廈(10層含以下有電梯),辦公用,鋼筋混凝土造,1121128,66.4,1,1,1,有,有,10280000,154819,,0.0,0,,RPPNMLNLPHLGFKB78DA,40.85,0.0,3.43,有,
東區,房地(土地+建物),臺中市東區和平街９８、１００號,112.25,都市：其他:第一種商業區,,,1150613,土地2建物1車位0,全,二層,透天厝,住家用,木造,,151.78,2,2,1,有,無,26000000,171301,,0.0,0,,RPRNMLOLPHLGFAB18EA,151.78,0.0,0.0,無,
西屯區,房地(土地+建物)+車位,臺中市西屯區東大路一段３９８號十五樓之７,8.48,都市：其他:第一種住宅區,,,1150604,土地1建物1車位1,十五層,十九層,住宅大樓(11層含以上有電梯),住家用,鋼筋混凝土造,0840121,98.23,2,2,1,有,有,6600000,67189,坡道平面,18.89,0,,RPQNMLOLPHLGFCB28EA,57.2,1.79,5.35,有,
西屯區,房地(土地+建物),臺中市西屯區至善路１２４巷１９號,100.0,都市：其他:第二種住宅區,,,1150625,土地1建物1車位0,全,二層,透天厝,住家用,鋼筋混凝土造,0770208,158.45,6,2,3,有,無,27000000,170401,,0.0,0,親友、員工、共有人或其他特殊關係間之交易；頂樓加蓋；夾層；未登記建物；,RPQNMLRLPHLGFCB58EA,138.24,14.81,5.4,無,
外埔區,土地,虎尾寮段502地號,1.58,,特定農業區,農牧用地,1150602,土地1建物0車位0,,,其他,,,,0.0,0,0,0,無,無,1855,1174,,0.0,0,地清或未辦繼承標售；,RPPNMLSLPHLGFEB78EA,0.0,0.0,0.0,無,0154
外埔區,土地,虎尾寮段502地號,2.37,,特定農業區,農牧用地,1150602,土地1建物0車位0,,,其他,,,,0.0,0,0,0,無,無,2655,1120,,0.0,0,地清或未辦繼承標售；,RPQNMLSLPHLGFEB88EA,0.0,0.0,0.0,無,0154
外埔區,土地,虎尾寮段502地號,6.01,,特定農業區,農牧用地,1150602,土地1建物0車位0,,,其他,,,,0.0,0,0,0,無,無,6655,1107,,0.0,0,地清或未辦繼承標售；,RPRNMLSLPHLGFEB98EA,0.0,0.0,0.0,無,0154
東區,房地(土地+建物),臺中市東區富榮街１６號７樓,33.97,都市：其他:第二種住宅區,,,1150614,土地2建物1車位0,七層,十四層,住宅大樓(11層含以上有電梯),住家用,鋼筋混凝土造,0890915,143.01,3,2,2,有,有,9000000,62933,,0.0,0,其他增建；,RPQNMLOKOHLGFAB77DA,88.85,0.0,12.26,有,
東區,房地(土地+建物)+車位,臺中市東區建中街１２５號５樓,24.9,都市：其他:第二種住宅區,,,1150618,土地1建物1車位1,五層,七層,華廈(10層含以下有電梯),住家用,鋼筋混凝土造,0840527,147.58,3,2,2,有,有,9200000,62339,坡道機械,0.0,0,,RPROMLSKOHLGFAB38DA,101.23,4.19,10.78,有,
西區,房地(土地+建物),臺中市西區三民路１段５０巷８號９樓之６,2.77,都市：其他:第二種住宅區,,,1150627,土地3建物1車位0,九層,十九層,住宅大樓(11層含以上有電梯),住家用,鋼筋混凝土造,0840113,36.29,1,1,1,有,有,2700000,74401,,0.0,0,,RPUOMLLJPHLGFAB97DA,20.92,0.0,1.73,有,
西區,房地(土地+建物),臺中市西區五權三街８１號四樓之１,11.91,都市：其他:第二種住宅區,,,1150618,土地1建物1車位0,四層,五層,公寓(5樓含以下無電梯),住家用,鋼筋混凝土造,0690410,39.89,2,1,1,有,無,2500000,62672,,0.0,0,親友、員工、共有人或其他特殊關係間之交易；,RPOPMLNKPHLGFAB77DA,39.89,0.0,0.0,無,
西區,房地(土地+建物)+車位,臺中市西區大業路２７號,16.62,都市：其他:第二種住宅區,,,1150629,土地1建物1車位2,一層，二層,十四層,住宅大樓(11層含以上有電梯),住商用,鋼筋混凝土造,0850829,148.38,2,2,2,有,有,13850000,93341,坡道平面,0.0,0,,RPWOMLOLPHLGFAB68DA,79.21,0.0,4.79,有,0157
北屯區,房地(土地+建物)+車位,臺中市北屯區敦富一街２０６號五樓之５,21.97,都市：其他:第二之一種住宅區,,,1150618,土地1建物1車位1,五層,十二層,住宅大樓(11層含以上有電梯),住家用,鋼筋混凝土造,1091030,139.89,3,2,2,有,有,16700000,119380,坡道平面,23.9,0,,RPWNMLPLOHLGFBB68DA,71.12,2.39,4.32,有,0158
北區,房地(土地+建物),臺中市北區健行路８６巷７弄１７號,64.0,都市：其他:第二種住宅區,,,1150616,土地1建物1車位0,全,五層,透天厝,住家用,鋼筋混凝土造,1141124,244.95,11,0,11,有,無,38800000,158400,,0.0,0,,RPWOMLNJPHLGFBB48DA,225.22,0.0,19.73,有,
北區,房地(土地+建物),臺中市北區健行路８６巷７弄１７之１號,61.0,都市：其他:第二種住宅區,,,1150616,土地1建物1車位0,全,五層,透天厝,住家用,鋼筋混凝土造,1141124,239.79,11,0,11,有,無,38800000,161808,,0.0,0,,RPOPMLNJPHLGFBB77DA,221.17,0.0,18.62,有,
北區,房地(土地+建物),臺中市北區健行路８６巷７弄１７之３號,61.0,都市：其他:第二種住宅區,,,1150616,土地1建物1車位0,全,五層,透天厝,住家用,鋼筋混凝土造,1141124,239.73,11,0,11,有,無,38800000,161849,,0.0,0,,RPRPMLNJPHLGFBB08DA,221.55,0.0,18.18,有,
北區,房地(土地+建物),臺中市北區梅亭街９０巷６號,66.5,都市：其他:第二種住宅區,,,1150616,土地2建物1車位0,全,五層,透天厝,住家用,鋼筋混凝土造,1141124,252.24,11,0,11,有,無,38800000,153822,,0.0,0,,RPSPMLNJPHLGFBB18DA,223.1,0.0,29.14,有,
北屯區,房地(土地+建物)+車位,臺中市北屯區中清路二段４１５巷８６號六樓之１,23.65,都市：其他:第二種住宅區,,,1150606,土地1建物1車位1,六層,十四層,住宅大樓(11層含以上有電梯),住家用,鋼筋混凝土造,1091022,125.74000000000001,2,1,1,有,有,14650000,116510,坡道平面,21.41,0,,RPTPMLQJPHLGFBB58DA,54.09,5.53,4.83,有,0159
北屯區,房地(土地+建物),臺中市北屯區文昌東八街２號４樓,15.03,都市：其他:第二種住宅區,,,1150604,土地1建物1車位0,四層,七層,華廈(10層含以下有電梯),住家用,鋼筋混凝土造,0811215,92.28,3,2,1,有,有,7380000,79974,,0.0,0,,RPTSMLQKPHLGFBB98DA,59.58,2.17,9.76,有,0160
北屯區,房地(土地+建物)+車位,臺中市北屯區太和路二段１０３號八樓之２,28.5,都市：其他:第二種住宅區,,,1150626,土地1建物1車位1,八層,十三層,住宅大樓(11層含以上有電梯),住家用,鋼筋混凝土造,1101107,175.19,3,2,2,有,有,18200000,103887,坡道平面,31.22,0,,RPQNMLOLPHLGFBB08DA,89.82,0.0,6.71,有,0161
北屯區,房地(土地+建物)+車位,臺中市北屯區太原路三段１２００號六樓之６,11.46,都市：其他:第三種住宅區。,,,1150608,土地1建物1車位1,六層,十五層,住宅大樓(11層含以上有電梯),住家用,鋼筋混凝土造,1120525,105.76,2,2,1,有,有,10900000,103064,坡道平面,29.2,0,,RPVRMLOLPHLGFBB98DA,48.15,0.0,3.19,有,0162
西屯區,房地(土地+建物),臺中市西屯區大墩十九街２５７號四樓之８,5.49,都市：其他:第二種住宅區,,,1150621,土地1建物1車位0,四層,九層,華廈(10層含以下有電梯),住家用,鋼筋混凝土造,0850701,43.129999999999995,1,1,1,有,有,4160000,96453,,0.0,0,,RPPNMLLLOHLGFCB67DA,21.46,2.46,3.26,有,
西屯區,房地(土地+建物),臺中市西屯區工業區三十八路３８巷１７號六樓之５,7.46,都市：其他:第二種住宅區,,,1150601,土地1建物1車位0,六層,六層,華廈(10層含以下有電梯),住家用,鋼筋混凝土造,0821206,34.58,1,1,1,有,有,2500000,72296,,0.0,0,陽台外推；,RPRNMLRKPHLGFCB48DA,21.62,0.0,2.9,有,0163
南屯區,房地(土地+建物)+車位,臺中市南屯區忠勇路５２之２３７號二樓,9.99,都市：其他:第三之二種住宅區,,,1150622,土地1建物1車位1,二層,十四層,住宅大樓(11層含以上有電梯),住家用,鋼筋混凝土造,1010926,116.97999999999999,2,2,1,有,有,8000000,68388,坡道平面,0.0,0,,RPQQMLLLPHLGFCB18DA,53.49,1.03,9.56,有,
西屯區,房地(土地+建物)+車位,臺中市西屯區青海路二段２７２號三樓之７,12.35,都市：其他:第三之二種住宅區,,,1150613,土地1建物1車位1,三層,十二層,住宅大樓(11層含以上有電梯),住家用,鋼筋混凝土造,1140515,93.93,1,1,1,有,有,11280000,156677,升降平面,34.7,2000000,,RPOPMLMLPHLGFCB97DA,30.71,0.0,2.17,有,
西屯區,房地(土地+建物)+車位,臺中市西屯區西屯路三段１６９之８號,14.02,都市：其他:第一種住宅區,,,1150610,土地2建物1車位1,一層，二層，騎樓,十五層,住宅大樓(11層含以上有電梯),住商用,鋼筋混凝土造,0800723,146.53,0,0,0,無,有,15000000,101762,坡道平面,14.86,1600000,,RPPOMLNLPHLGFCB08DA,97.18,3.24,2.13,有,
西屯區,土地,下石碑段2110-2地號,11.0,都市：其他:道路用地,,,1150617,土地2建物0車位0,,,其他,,,,0.0,0,0,0,無,無,572000,52000,,0.0,0,親友、員工、共有人或其他特殊關係間之交易；包含公共設施保留地用地；,RPWOMLOLPHLGFCB88DA,0.0,0.0,0.0,無,0164
西屯區,車位,臺中市西屯區市政北一路３３３號等公共設施,0.0,,,,1150630,土地0建物1車位1,,,其他,,,,6.04,0,0,0,無,有,1350000,,坡道機械,6.04,1350000,建物坐落地號：惠民段115地號；僅車位交易；,RPUNMLPLPHLGFCB68DA,0.0,0.0,0.0,有,
后里區,土地,泰安段585地號,50.88,,鄉村區,乙種建築用地,1150629,土地1建物0車位0,,,其他,,,,0.0,0,0,0,無,無,2500000,49135,,0.0,0,親友、員工、共有人或其他特殊關係間之交易；未登記建物；,RPRNMLTLOHLGFDB78DA,0.0,0.0,0.0,無,
豐原區,房地(土地+建物),臺中市豐原區中正路７５巷１４號七樓之３,4.04,都市：其他:第二種商業區,,,1150627,土地1建物1車位0,七層,十層,華廈(10層含以下有電梯),住家用,鋼筋混凝土造,0830502,38.41,1,1,1,有,有,2760000,71856,,0.0,0,陽台外推；,RPQOMLMJPHLGFDB97DA,21.83,0.0,6.74,有,
豐原區,房地(土地+建物),臺中市豐原區鎌村路１０７巷６３號五樓之２,32.98,,特定農業區,甲種建築用地,1150616,土地2建物1車位0,五層,五層,華廈(10層含以下有電梯),住家用,鋼筋混凝土造,1150324,82.69,2,1,2,有,無,8600000,104003,,0.0,0,,RPTWMLNKPHLGFDB66DA,52.22,0.0,10.05,有,
后里區,房地(土地+建物)+車位,臺中市后里區文明路３１巷１弄９號三樓之１,37.97,住,,,1150624,土地1建物1車位1,三層,五層,華廈(10層含以下有電梯),住家用,鋼筋混凝土造,1131128,82.35,2,1,1,有,有,7680000,93260,其他,0.0,0,親友、員工、共有人或其他特殊關係間之交易；,RPPOMLKLPHLGFDB87DA,46.1,0.0,2.59,有,
后里區,房地(土地+建物)+車位,臺中市后里區文明路３１巷１弄９號三樓之２,29.32,住,,,1150624,土地1建物1車位1,三層,五層,華廈(10層含以下有電梯),住家用,鋼筋混凝土造,1131128,63.59,2,1,1,有,有,6080000,95613,其他,0.0,0,,RPSNMLMLPHLGFDB28DA,35.33,0.0,2.27,有,
神岡區,土地,新社口段323地號,18.52,都市：其他:農業區,,,1150605,土地1建物0車位0,,,其他,,,,0.0,0,0,0,無,無,128000,6911,,0.0,0,地清或未辦繼承標售；,RPPNMLRLPHLGFDB48DA,0.0,0.0,0.0,無,
神岡區,土地,新社口段336地號,63.23,都市：其他:農業區,,,1150605,土地1建物0車位0,,,其他,,,,0.0,0,0,0,無,無,375800,5943,,0.0,0,地清或未辦繼承標售；,RPQNMLRLPHLGFDB58DA,0.0,0.0,0.0,無,
大安區,土地,安中段330地號,106.58,住,,,1150608,土地7建物0車位0,,,其他,,,,0.0,0,0,0,無,無,1300000,12197,,0.0,0,大部分土地被第三人被佔有。,RPSNMLMLPHLGFEB38DA,0.0,0.0,0.0,無,
沙鹿區,房地(土地+建物),臺中市沙鹿區中園街１９１之１巷６號,91.51,住,,,1150622,土地2建物1車位0,全,三層,透天厝,住家用,鋼筋混凝土造,1131227,145.11,4,3,3,有,無,14500000,99924,,0.0,0,,RPRNMLMLPHLGFFB38DA,130.64,0.0,14.47,無,
大雅區,房地(土地+建物),臺中市大雅區昌平路四段２８２南十三巷２２之６號,119.89,農,,,1150614,土地3建物1車位0,全,四層,透天厝,住家用,鋼筋混凝土造,1140227,221.97,5,2,5,有,有,27450000,123665,,0.0,0,,RPQNMLNLPHLGFHB58DA,216.43,0.0,5.54,有,
大里區,房地(土地+建物),臺中市大里區甲園街１３巷２６號,66.19,都市：其他:第二種住宅區,,,1150617,土地3建物1車位0,全,四層,透天厝,住家用,鋼筋混凝土造,1001121,172.76,4,3,4,有,有,17500000,101297,,0.0,0,陽台外推；其他增建；,RPRNMLOKPHLGFIB78DA,154.85,0.0,17.91,無,
霧峰區,房地(土地+建物),臺中市霧峰區吉峰東路５３２號,134.62,,鄉村區,乙種建築用地,1150614,土地3建物1車位0,全,四層,透天厝,住家用,鋼筋混凝土造,1120726,227.73,4,2,3,有,有,22000000,96606,,0.0,0,,RPRNMLPKPHLGFIB88DA,205.37,0.0,22.36,無,
烏日區,房地(土地+建物)+車位,臺中市烏日區三榮路二段１９８號九樓之３,59.01,住,,,1150608,土地1建物1車位2,九層,十五層,住宅大樓(11層含以上有電梯),住家用,鋼筋混凝土造,1040430,288.76,3,2,2,有,有,33560000,116221,坡道平面,78.44,0,其他增建；,RPRNMLKLPHLGFIB48DA,127.26,4.88,14.0,有,
烏日區,房地(土地+建物)+車位,臺中市烏日區三榮三路１７號十三樓之３,36.09,住,,,1150614,土地1建物1車位1,十三層,十三層,住宅大樓(11層含以上有電梯),住家用,鋼筋混凝土造,1090120,156.37,3,2,2,有,有,15500000,99124,坡道平面,34.27,0,,RPQNMLOLPHLGFIB78DA,75.48,0.0,6.31,有,0165
大里區,房地(土地+建物),臺中市大里區益民路一段１４０之２號,30.54,都市：其他:住宅區,,,1150622,土地1建物1車位0,二層,五層,公寓(5樓含以下無電梯),住家用,鋼筋混凝土造,0681213,85.0,3,2,1,有,無,5600000,65882,,0.0,0,,RPPNMLRLPHLGFIB98DA,85.0,0.0,0.0,無,
太平區,房地(土地+建物),臺中市太平區光興路４０１巷４７號,58.0,,鄉村區,乙種建築用地,1150604,土地2建物1車位0,全,二層,透天厝,住家用,鋼筋混凝土造,0690210,52.8,4,2,1,有,無,5500000,104167,,0.0,0,頂樓加蓋；其他增建；,RPVRMLQKOHLGFJB17DA,52.8,0.0,0.0,無,0166
太平區,土地,頭汴坑段968-1地號,2500.0,,山坡地保育區,農牧用地,1150610,土地1建物0車位0,,,其他,,,,0.0,0,0,0,無,無,2300000,920,,0.0,0,農作物；,RPTNMLOKPHLGFJB09DA,0.0,0.0,0.0,無,0167
北屯區,房地(土地+建物),臺中市北屯區遼陽五街１３０號６樓之２,6.56,都市：其他:第二種住宅區,,,1150626,土地1建物1車位0,六層,七層,華廈(10層含以下有電梯),住家用,鋼筋混凝土造,0820929,42.06,1,1,1,有,有,3200000,76082,,0.0,0,陽台外推；其他增建；,RPPNMLNLPHLGFBB97EA,23.35,3.16,4.08,有,0168
東勢區,土地,石圍墻二段1083地號,16.12,,山坡地保育區,農牧用地,1150602,土地1建物0車位0,,,其他,,,,0.0,0,0,0,無,無,4815,299,,0.0,0,地清或未辦繼承標售；,RPPNMLSLPHLGFGB98EA,0.0,0.0,0.0,無,
東勢區,土地,東勢段中嵙小段1108-49地號,21.2,,山坡地保育區,殯葬用地,1150602,土地1建物0車位0,,,其他,,,,0.0,0,0,0,無,無,6355,300,,0.0,0,地清或未辦繼承標售；,RPQNMLSLPHLGFGB09EA,0.0,0.0,0.0,無,
西區,房地(土地+建物),臺中市西區向上南路一段９１號,57.46,都市：其他:第二種住宅區,,,1150603,土地4建物1車位0,一層，二層,五層,華廈(10層含以下有電梯),住商用,鋼筋混凝土造,0731030,129.81,4,2,2,有,有,13500000,103998,,0.0,0,,RPOOMLNJPHLGFAB57DA,114.64,0.0,6.93,有,
中區,房地(土地+建物),臺中市中區公園路３８號１０樓之２７,4.1,都市：其他:第二種商業區,,,1150627,土地2建物1車位0,十層,十一層,住宅大樓(11層含以上有電梯),住家用,鋼筋混凝土造,0701231,35.089999999999996,1,0,1,有,有,1680000,47877,,0.0,0,,RPTOMLNLPHLGFAB28DA,21.25,0.0,2.99,有,
南區,房地(土地+建物)+車位,臺中市南區大慶街二段６－１６巷４８號１２樓之２,17.42,都市：其他:第二種商業區,,,1150614,土地1建物1車位1,十二層,十六層,住宅大樓(11層含以上有電梯),住家用,鋼筋混凝土造,0840525,151.92000000000002,4,2,2,有,有,11980000,78857,坡道平面,0.0,0,,RPUNMLRLPHLGFAB68DA,97.43,0.0,10.83,有,
北區,房地(土地+建物),臺中市北區美德街４５８號,78.13,都市：其他:第二種住宅區,,,1150612,土地1建物1車位0,全,三層,透天厝,住商用,鋼筋混凝土造,0680627,163.17,6,2,6,有,無,16080000,98548,,0.0,0,頂樓加蓋；其他增建；,RPVOMLRKOHLGFBB78DA,163.17,0.0,0.0,無,
北屯區,房地(土地+建物),臺中市北屯區僑孝街２８號三樓之１,28.71,都市：其他:第二種住宅區,,,1150620,土地2建物1車位0,三層,四層,公寓(5樓含以下無電梯),住家用,鋼筋混凝土造,0690131,66.5,3,2,1,有,無,4600000,69173,,0.0,0,,RPUOMLNLOHLGFBB38DA,66.5,0.0,0.0,無,
北區,土地,中清段272-13地號,201.5,都市：其他:第二種住宅區,,,1150605,土地14建物0車位0,,,其他,,,,0.0,0,0,0,無,無,13660000,67792,,0.0,0,,RPROMLQKPHLGFBB38DA,0.0,0.0,0.0,無,
北屯區,房地(土地+建物),臺中市北屯區太順二街２３號,114.66,都市：其他:第三種住宅區。,,,1150606,土地1建物1車位0,全,四層,透天厝,住家用,鋼筋混凝土造,1010711,227.55,4,3,5,有,無,27750000,121951,,0.0,0,其他增建；,RPPNMLTKPHLGFBB38DA,204.17,0.0,23.38,無,
北屯區,房地(土地+建物)+車位,臺中市北屯區北平路四段１５７號十七樓之３,21.12,都市：其他:第一種商業區,,,1150615,土地1建物1車位1,十七層,二十四層,住宅大樓(11層含以上有電梯),住家用,鋼筋混凝土造,1140822,199.16000000000003,4,2,3,有,有,30000000,161868,坡道平面,26.18,2000000,,RPXNMLKLPHLGFBB38DA,103.33,0.0,9.57,有,
北區,房地(土地+建物),臺中市北區東光東街８１號五樓之１１,8.66,都市：其他:第二種住宅區,,,1150618,土地1建物1車位0,五層,十六層,住宅大樓(11層含以上有電梯),住家用,鋼筋混凝土造,0831214,66.69,2,1,1,有,有,4500000,67476,,0.0,0,鐵鋁窗增建、懸空增建其他增建；,RPVOMLKLPHLGFBB28DA,44.71,0.0,2.82,有,
北屯區,房地(土地+建物)+車位,臺中市北屯區南興北一路１１８號十四樓之６,14.66,都市：其他:第二之一種住宅區,,,1150621,土地1建物1車位1,十四層,十七層,住宅大樓(11層含以上有電梯),住家用,鋼筋混凝土造,1150205,125.43,2,2,1,有,有,15200000,121183,坡道平面,34.25,0,,RPUNMLMLPHLGFBB28DA,55.06,0.0,4.67,有,
北屯區,房地(土地+建物)+車位,臺中市北屯區旅順路二段３３２號,25.93,都市：其他:第二種住宅區,,,1150623,土地1建物1車位1,一層,八層,華廈(10層含以下有電梯),住家用,鋼筋混凝土造,0820628,142.36,3,2,2,有,有,11200000,78674,坡道平面,0.0,0,其他增建；,RPPOMLRLPHLGFBB38DA,85.01,15.85,0.0,有,
北屯區,房地(土地+建物),臺中市北屯區太原路三段２４３巷２號３樓之９,5.86,都市：其他:第二種住宅區,,,1150617,土地1建物1車位0,三層,八層,華廈(10層含以下有電梯),住家用,鋼筋混凝土造,0821214,33.239999999999995,1,0,1,有,有,2270000,68291,,0.0,0,花台加裝鐵窗其他增建；,RPUOMLRLPHLGFBB88DA,19.87,1.58,0.0,有,
北屯區,房地(土地+建物),臺中市北屯區天津路四段３０５號２０樓之６,1.97,都市：其他:第一種商業區,,,1150614,土地1建物1車位0,二十層,二十四層,住宅大樓(11層含以上有電梯),住家用,鋼筋混凝土造,0840626,29.95,1,0,1,有,有,2750000,91820,,0.0,0,,RPRNMLSLPHLGFBB58DA,16.76,0.0,3.65,有,
西屯區,房地(土地+建物)+車位,臺中市西屯區上墩東街８８號十九樓之１０,20.19,都市：其他:第三種住宅區。,,,1150608,土地1建物1車位1,十九層,二十二層,住宅大樓(11層含以上有電梯),住家用,鋼筋混凝土造,1051124,192.7,3,2,2,有,有,29680000,154022,坡道平面,33.0,0,,RPRNMLSKOHLGFCB48DA,91.83,3.43,12.95,有,
西屯區,房地(土地+建物),臺中市西屯區華夏巷西五弄５５之６號二樓,31.21,都市：其他:第二種住宅區,,,1150624,土地3建物1車位0,二層,五層,公寓(5樓含以下無電梯),住家用,鋼筋混凝土造,0770713,110.89,5,0,5,有,無,8500000,76653,,0.0,0,,RPTOMLQJPHLGFCB58DA,89.59,0.0,10.64,無,
西屯區,房地(土地+建物),臺中市西屯區中康一街９號,148.03,都市：其他:第二種住宅區,,,1150614,土地1建物1車位0,全,三層,透天厝,住家用,鋼筋混凝土造,0780501,229.91,5,2,4,有,無,29500000,128311,,0.0,0,,RPQQMLRJPHLGFCB58DA,220.65,0.0,9.26,無,
南屯區,房地(土地+建物)+車位,臺中市南屯區春安三街２００號二十四樓之２,11.27,都市：其他:第五種住宅區,,,1150618,土地1建物1車位1,二十四層,二十四層,住宅大樓(11層含以上有電梯),住家用,鋼筋混凝土造,1130704,126.4,2,2,1,有,有,13880000,109810,坡道平面,29.11,0,,RPXNMLSJPHLGFCB09DA,59.12,0.0,5.1,有,
西屯區,房地(土地+建物),臺中市西屯區西安街１３０巷１０號三樓之４０,4.79,都市：其他:第二種住宅區,,,1150630,土地1建物1車位0,三層,七層,華廈(10層含以下有電梯),住家用,鋼筋混凝土造,0830328,24.25,1,0,1,有,有,1950000,80412,,0.0,0,,RPXNMLMLPHLGFCB68DA,13.22,0.0,2.47,有,
西屯區,房地(土地+建物)+車位,臺中市西屯區逢大路５２號九樓之６,17.47,都市：其他:第二種創新研發專用區,,,1150629,土地1建物1車位1,九層,九層,華廈(10層含以下有電梯),住家用,鋼筋混凝土造,1130119,99.09,2,2,1,有,有,16200000,163488,坡道平面,33.64,0,,RPVPMLOLPHLGFCB88DA,39.78,0.0,3.22,有,
西屯區,房地(土地+建物)+車位,臺中市西屯區國安一路１２７號十樓之３,7.11,都市：其他:第六種住宅區,,,1150628,土地1建物1車位1,十層,二十四層,住宅大樓(11層含以上有電梯),住家用,鋼筋混凝土造,0991119,93.06,2,2,1,有,有,10000000,107458,坡道平面,22.28,0,其他增建；,RPQPMLRLPHLGFCB68DA,43.28,1.66,3.83,有,
南屯區,房地(土地+建物),臺中市南屯區鎮和巷２６號,90.5,都市：其他:農業區,,,1150605,土地3建物1車位0,全,四層,透天厝,住家用,鋼筋混凝土造,1140415,202.77,4,2,6,有,有,25500000,125758,,0.0,0,,RPQRMLRLPHLGFCB88DA,182.73,0.0,20.04,無,
西屯區,房地(土地+建物)+車位,臺中市西屯區福科路３７７巷３號三樓之５,39.14,都市：其他:第一之一種住宅區,,,1150607,土地2建物1車位1,三層,二十四層,住宅大樓(11層含以上有電梯),住家用,鋼筋混凝土造,1130911,190.5,3,2,2,有,有,35190000,206272,坡道平面,32.02,2500000,,RPTRMLRLPHLGFCB56DA,97.75,0.0,5.97,有,
豐原區,房地(土地+建物),臺中市豐原區安康路７號三樓之３,11.59,都市：其他:第三種住宅區。,,,1150613,土地1建物1車位0,三層,十四層,住宅大樓(11層含以上有電梯),住家用,鋼筋混凝土造,0901018,95.15,3,2,2,有,有,6500000,68313,,0.0,0,夾層；,RPWOMLPKPHLGFDB98DA,63.04,0.0,6.69,有,
豐原區,土地,議前段1480地號,29.15,都市：其他:第三種住宅區。,,,1150601,土地4建物0車位0,,,其他,,,,0.0,0,0,0,無,無,1117381,38332,,0.0,0,母子間買賣，未訂立私契。親友、員工、共有人或其他特殊關係間之交易；,RPROMLOLPHLGFDB48DA,0.0,0.0,0.0,無,
大甲區,房地(土地+建物)+車位,臺中市大甲區民生路２之２９號,7.16,都市：其他:住宅區,,,1150605,土地1建物1車位1,三層,七層,華廈(10層含以下有電梯),住家用,鋼筋混凝土造,0820922,48.089999999999996,3,2,2,有,有,1200000,24953,坡道機械,0.0,0,親友、員工、共有人或其他特殊關係間之交易；,RPUNMLTJOHLGFEB98DA,30.57,0.0,4.34,有,
大甲區,房地(土地+建物)+車位,臺中市大甲區中山路二段１１５號二樓之３,28.7,都市：其他:商業區,,,1150617,土地3建物1車位1,二層,五層,華廈(10層含以下有電梯),住家用,鋼筋混凝土造,1111110,106.74,3,2,2,有,有,7000000,65580,一樓平面,0.0,0,陽台外推；,RPWNMLSLPHLGFEB76DA,63.65,0.0,5.81,有,
沙鹿區,房地(土地+建物),臺中市沙鹿區中山路中峰巷１５２弄３號,90.88,住,,,1150620,土地2建物1車位0,全,四層,透天厝,住家用,鋼筋混凝土造,1080322,173.74,4,2,5,有,有,15380000,88523,,0.0,0,其他增建；,RPRNMLQLPHLGFFB78DA,151.92,0.0,21.82,無,
東勢區,土地,新盛段707地號,113.73,住,,,1150622,土地5建物0車位0,,,其他,,,,0.0,0,0,0,無,無,1064000,9355,,0.0,0,1.新盛段707地號成交金額36萬元2.新盛段719地號成交金額15萬7千元3.新盛段720地號成交金額19萬2千元1.新盛段753地號成交金額16萬5千元1.新盛段754地號成交金額19萬元地清或未辦繼承標售；,RPSNMLTLPHLGFGB66DA,0.0,0.0,0.0,無,
潭子區,房地(土地+建物),臺中市潭子區大成街１巷２之１號,179.17,住,,,1150606,土地2建物1車位0,全,二層,透天厝,住家用,鋼筋混凝土造,0680403,82.8,4,2,2,有,無,15500000,187198,,0.0,0,,RPWNMLRJPHLGFHB76DA,82.8,0.0,0.0,無,
大雅區,土地,上楓段1249-1地號,589.33,住,,,1150601,土地10建物0車位0,,,其他,,,,0.0,0,0,0,無,無,18025726,30587,,0.0,0,包含公共設施保留地用地；,RPQNMLRLPHLGFHB98DA,0.0,0.0,0.0,無,
烏日區,房地(土地+建物)+車位,臺中市烏日區溪南路一段６８０巷６８號三樓之５,30.89,,鄉村區,乙種建築用地,1150614,土地1建物1車位1,三層,九層,華廈(10層含以下有電梯),住家用,鋼筋混凝土造,1130325,138.95999999999998,3,2,2,有,有,10460000,75273,坡道平面,23.21,0,,RPRNMLSKOHLGFIB09DA,71.47,0.0,8.83,有,
霧峰區,土地,舊正東段1292地號,3066.84,,特定農業區,農牧用地,1150616,土地3建物0車位0,,,其他,,,,0.0,0,0,0,無,無,10000000,3261,,0.0,0,,RPPOMLMJPHLGFIB38DA,0.0,0.0,0.0,無,
大里區,房地(土地+建物),臺中市大里區美群路２０２號,105.4,,鄉村區,乙種建築用地,1150625,土地1建物1車位0,全,二層,透天厝,住商用,加強磚造,0690209,122.85,4,2,4,有,無,13500000,109890,,0.0,0,其他增建；,RPUNMLNKPHLGFIB98DA,122.85,0.0,0.0,無,
大肚區,房地(土地+建物),臺中市大肚區中沙路１６４巷１１６號,42.67,,鄉村區,乙種建築用地,1150618,土地1建物1車位0,一層,三層,公寓(5樓含以下無電梯),住家用,鋼筋混凝土造,0690208,74.68,1,1,1,有,無,3600000,48206,,0.0,0,,RPQNMLRLPHLGFKB66DA,74.68,0.0,0.0,無,
東區,房地(土地+建物)+車位,臺中市東區東信街７６號五樓之１,14.34,都市：其他:第二種商業區,,,1150507,土地1建物1車位1,五層,九層,華廈(10層含以下有電梯),住家用,鋼筋混凝土造,1100126,93.66,2,2,1,有,有,9900000,105701,坡道機械,0.0,0,陽台外推；,RPVOMLQKOHLGFAB58DA,42.91,0.0,8.11,有,0169
東區,土地,東勢子段24-200地號,104.0,都市：其他:第二種住宅區,,,1150519,土地1建物0車位0,,,其他,,,,0.0,0,0,0,無,無,12000000,115385,,0.0,0,,RPSNMLRJPHLGFAB28DA,0.0,0.0,0.0,無,
東區,土地,東勢子段24-201地號,104.0,都市：其他:第二種住宅區,,,1150519,土地1建物0車位0,,,其他,,,,0.0,0,0,0,無,無,12000000,115385,,0.0,0,,RPTNMLRJPHLGFAB38DA,0.0,0.0,0.0,無,
東區,房地(土地+建物)+車位,臺中市東區建德街２９６號十一樓之３,24.14,都市：其他:第二種住宅區,,,1150524,土地2建物1車位1,十一層,十三層,住宅大樓(11層含以上有電梯),住家用,鋼筋混凝土造,1070905,150.81,3,2,2,有,有,15500000,102778,坡道平面,23.23,0,,RPVNMLQKPHLGFAB58DA,72.54,7.41,4.49,有,
北屯區,房地(土地+建物)+車位,臺中市北屯區軍福十九路４５０號十一樓之５,36.09,都市：其他:第一之一種住宅區,,,1150525,土地1建物1車位1,十一層,十四層,住宅大樓(11層含以上有電梯),住家用,鋼筋混凝土造,1130611,156.06,3,2,2,有,有,21700000,154876,坡道平面,27.57,1800000,,RPTSMLPLNHLGFBB78DA,77.08,0.0,7.86,有,0170
北屯區,房地(土地+建物)+車位,臺中市北屯區敦化路一段５９９號六樓之１３,17.96,都市：其他:第二種住宅區,,,1150519,土地1建物1車位1,六層,十六層,住宅大樓(11層含以上有電梯),住家用,鋼筋混凝土造,0830415,177.52,4,2,2,有,有,12800000,72105,坡道平面,0.0,0,其他增建；,RPSOMLRLNHLGFBB48DA,112.43,3.02,15.55,有,
北屯區,房地(土地+建物),臺中市北屯區松義街１５８之１８號４樓之２,14.9,都市：其他:第二種住宅區,,,1150509,土地1建物1車位0,四層,十二層,住宅大樓(11層含以上有電梯),住家用,鋼筋混凝土造,0860127,93.47999999999999,3,2,1,有,有,7680000,82157,,0.0,0,其他增建；,RPVOMLPJOHLGFBB48DA,60.52,0.86,10.22,有,0171
北屯區,房地(土地+建物),臺中市北屯區仁美十巷８０之４號,18.36,都市：其他:第二種住宅區,,,1150517,土地8建物1車位0,五層,五層,公寓(5樓含以下無電梯),住家用,鋼筋混凝土造,0710226,70.08,1,1,1,有,無,2850000,40668,,0.0,0,,RPTPNLMLOHLGFBB38DA,55.58,0.0,14.5,無,
北屯區,房地(土地+建物)+車位,臺中市北屯區熱河路一段９９號九樓之１,14.15,都市：其他:第二種商業區,,,1150520,土地1建物1車位1,九層,十四層,住宅大樓(11層含以上有電梯),住家用,鋼筋混凝土造,1150116,146.93,3,2,2,有,有,19500000,132716,坡道平面,35.95,0,,RPVOMLNLOHLGFBB48DA,68.68,0.0,3.93,有,0172
北屯區,房地(土地+建物)+車位,臺中市北屯區文心路四段８２１號２３樓之１３,4.2,都市：其他:第一種商業區,,,1150524,土地1建物1車位1,二十三層,二十四層,住宅大樓(11層含以上有電梯),住家用,鋼筋混凝土造,0850627,78.21000000000001,2,1,1,有,有,6450000,82470,坡道機械,0.0,0,,RPUNMLQLOHLGFBB58DA,36.06,1.3,2.99,有,
北屯區,房地(土地+建物)+車位,臺中市北屯區南興路３１號六樓之３,31.86,都市：其他:第一之一種住宅區,,,1150527,土地1建物1車位1,六層,十四層,住宅大樓(11層含以上有電梯),住家用,鋼筋混凝土造,1131129,146.60000000000002,3,2,2,有,有,20380000,139018,坡道平面,25.47,0,,RPSOMLTLOHLGFBB78DA,73.94,0.0,7.65,有,0173
北屯區,房地(土地+建物)+車位,臺中市北屯區松竹五路二段４２８號十三樓之３,17.74,都市：其他:第一種商業區,,,1150517,土地1建物1車位1,十三層,十五層,住宅大樓(11層含以上有電梯),住家用,鋼筋混凝土造,1110612,142.06,3,2,2,有,有,15450000,108757,坡道平面,35.72,0,,RPQPMLKMOHLGFBB87DA,63.97,0.0,6.58,有,0174
北屯區,房地(土地+建物)+車位,臺中市北屯區山西路三段４１６號七樓之５,46.8,都市：其他:第一之一種住宅區,,,1150502,土地1建物1車位2,七層,二十二層,住宅大樓(11層含以上有電梯),住家用,鋼筋混凝土造,1140320,220.58999999999997,3,2,2,有,有,30400000,137812,坡道平面,52.24,0,,RPXNMLQKPHLGFBB88DA,95.65,0.0,15.48,有,0175
北區,房地(土地+建物),臺中市北區中清路一段５６３號四樓,31.44,都市：其他:第三種住宅區。,,,1150527,土地2建物1車位0,四層,五層,公寓(5樓含以下無電梯),住家用,ＲＣ造,0680725,105.1,4,2,1,有,無,6300000,59943,,0.0,0,,RPOOMLQKPHLGFBB08DA,95.69,0.0,9.41,無,0176
北區,房地(土地+建物),臺中市北區進化路６４２巷２６之２號,25.8,都市：其他:第二種住宅區,,,1150531,土地2建物1車位0,三層,五層,公寓(5樓含以下無電梯),住家用,鋼筋混凝土造,0700909,78.19,3,2,2,有,無,5750000,73539,,0.0,0,,RPUSMLQKPHLGFBB09DA,78.19,0.0,0.0,無,0177
南屯區,房地(土地+建物)+車位,臺中市南屯區大墩南路１７９號七樓之２,28.07,商,,,1150513,土地1建物1車位1,七層,八層,華廈(10層含以下有電梯),住家用,鋼筋混凝土造,0951121,160.56,4,2,2,有,有,17150000,106814,坡道平面,0.0,0,陽台外推；其他增建；,RPQNMLSLNHLGFCB38DA,93.57,0.0,9.55,有,
西屯區,房地(土地+建物)+車位,臺中市西屯區市政路５３９號二十七樓之１,18.89,商,,,1150528,土地1建物1車位2,二十七層,二十九層,住宅大樓(11層含以上有電梯),住家用,鋼骨鋼筋混凝土造,1030124,316.03,4,2,3,有,有,39800000,125937,坡道平面,35.92,0,其他增建；,RPRRMLLJOHLGFCB08DA,157.48,2.96,22.32,有,0178
西屯區,房地(土地+建物)+車位,臺中市西屯區福安路５５巷３號二十六樓之２,8.8,住,,,1150514,土地1建物1車位1,二十六層,二十八層,住宅大樓(11層含以上有電梯),住家用,鋼筋混凝土造,0861023,112.3,1,1,1,有,有,8000000,71238,坡道平面,29.42,0,,RPTPMLNLOHLGFCB48DA,50.28,0.0,8.3,有,
西屯區,房地(土地+建物)+車位,臺中市西屯區順和八街３２號三樓,20.83,住,,,1150516,土地1建物1車位1,三層,五層,公寓(5樓含以下無電梯),住家用,鋼筋混凝土造,0851230,100.94,3,2,2,有,無,6300000,62413,坡道平面,0.0,0,,RPXSMLNLOHLGFCB56DA,61.82,1.22,6.57,無,0179
南屯區,房地(土地+建物)+車位,臺中市南屯區忠勇路２８號六樓之５,25.57,住,,,1150510,土地1建物1車位1,六層,十二層,住宅大樓(11層含以上有電梯),住家用,鋼筋混凝土造,1051017,156.12,3,2,2,有,有,14640000,93774,坡道平面,32.4,0,,RPQNMLPLOHLGFCB18DA,72.93,1.82,8.61,有,0180
南屯區,房地(土地+建物)+車位,臺中市南屯區向上路二段１６５號十二樓,26.82,商,,,1150529,土地1建物1車位3,十二層,二十五層,住宅大樓(11層含以上有電梯),住家用,鋼骨鋼筋混凝土造,1030729,316.37,4,2,2,有,有,41000000,129595,坡道平面,69.42,0,,RPQQMLTLOHLGFCB88DA,145.27,7.08,13.14,有,
西屯區,房地(土地+建物)+車位,臺中市西屯區青海路一段９之９號,7.85,住,,,1150520,土地1建物1車位1,一層，二層，三層，騎樓,八層,華廈(10層含以下有電梯),住商用,鋼筋混凝土造,0830427,55.36,3,2,3,有,有,5400000,97543,升降平面,0.0,0,親友、員工、共有人或其他特殊關係間之交易；,RPWQMLQJPHLGFCB09DA,38.18,1.44,2.88,有,0181
南屯區,房地(土地+建物)+車位,臺中市南屯區大墩十二街９９１號,102.62,住,,,1150508,土地3建物1車位1,全,四層,透天厝,住家用,鋼筋混凝土造,1141218,238.57,4,2,5,有,有,53800000,225510,一樓平面,0.0,0,,RPOPMLOKPHLGFCB08DA,215.44,0.0,23.13,無,
神岡區,土地,圳北段937地號,636.2,農,,,1150513,土地2建物0車位0,,,其他,,,,0.0,0,0,0,無,無,8900000,13989,,0.0,0,,RPPNMLSLNHLGFDB38DA,0.0,0.0,0.0,無,
潭子區,房地(土地+建物),臺中市潭子區中興路７３號,83.13,住,,,1150524,土地1建物1車位0,全,二層,透天厝,商業用,加強磚造,0631005,122.64,0,0,0,無,無,12850000,104778,,0.0,0,其他增建；,RPTNMLQLOHLGFHB09DA,122.64,0.0,0.0,無,
潭子區,房地(土地+建物)+車位,臺中市潭子區中山路一段１５巷６號六樓之２,10.5,住,,,1150521,土地1建物1車位1,六層,十四層,住宅大樓(11層含以上有電梯),住家用,鋼筋混凝土造,0970225,108.59,3,2,1,有,有,10360000,95405,坡道機械,12.98,0,陽台外推；,RPROMLQJPHLGFHB88DA,60.39,0.0,9.1,有,
大里區,房地(土地+建物),臺中市大里區德芳南路３３７號,90.4,都市：其他:住宅區,,,1150501,土地1建物1車位0,全,四層,透天厝,商業用,鋼筋混凝土造,0940427,302.07,4,3,3,有,無,38000000,125799,,0.0,0,其他增建；,RPVNMLMKNHLGFIB78DA,289.3,0.0,12.77,無,
霧峰區,房地(土地+建物),臺中市霧峰區民主街７１號,148.0,商,,,1150531,土地2建物1車位0,全,五層,透天厝,住商用,鋼筋混凝土造,1031006,526.65,5,2,7,有,無,36800000,69876,,0.0,0,其他增建；,RPRNMLKMOHLGFIB48DA,517.92,0.0,8.73,有,
烏日區,房地(土地+建物)+車位,臺中市烏日區三榮三路１７號五樓之３,36.09,住,,,1150531,土地1建物1車位1,五層,十三層,住宅大樓(11層含以上有電梯),住家用,鋼筋混凝土造,1090120,156.37,3,2,2,有,有,14600000,93368,坡道平面,34.27,0,,RPWNMLRJPHLGFIB86DA,75.48,0.0,6.31,有,0182
大里區,房地(土地+建物),臺中市大里區中興路二段祥興二巷２弄５號,61.22,都市：其他:住宅區,,,1150524,土地1建物1車位0,全,二層,透天厝,住家用,鐵筋磚造蓋瓦頂,0570701,91.96,3,1,2,有,無,5700000,61983,,0.0,0,其他增建；,RPSOMLOKPHLGFIB98DA,91.96,0.0,0.0,無,
霧峰區,房地(土地+建物),臺中市霧峰區吉峰路３６巷２０號,36.25,住,,,1150529,土地2建物1車位0,全,四層,透天厝,住家用,鋼筋混凝土造,0950824,113.78,4,3,3,有,有,8000000,70317,,0.0,0,親友、員工、共有人或其他特殊關係間之交易；,RPSNMLPKPHLGFIB98DA,99.03,0.89,2.08,無,
太平區,房地(土地+建物)+車位,臺中市太平區坪林路１９號六樓之３,20.92,,鄉村區,乙種建築用地,1150520,土地1建物1車位1,六層,十五層,住宅大樓(11層含以上有電梯),住家用,鋼筋混凝土造,1130327,103.75,2,2,2,有,有,9000000,86747,坡道平面,25.1,0,,RPVNMLQLOHLGFJB86DA,49.63,0.0,3.13,有,0183
太平區,房地(土地+建物),臺中市太平區中山路二段４７７巷１１６弄２０號,81.47,,鄉村區,乙種建築用地,1150522,土地1建物1車位0,全,三層,透天厝,住家用,鋼筋混凝土造,0831216,159.44,13,4,6,有,無,16000000,100351,,0.0,0,其他增建；,RPUNMLOKPHLGFJB56DA,144.1,0.0,15.34,無,
太平區,房地(土地+建物),臺中市太平區大富街２２號,88.0,住,,,1150530,土地3建物1車位0,全,二層,透天厝,住家用,加強磚造,0670303,33.61,6,1,3,有,無,10914200,324731,,0.0,0,親友、員工、共有人或其他特殊關係間之交易；,RPQNMLQKPHLGFJB98DA,33.61,0.0,0.0,無,
龍井區,房地(土地+建物)+車位,臺中市龍井區中沙路新庄仔巷３８號八樓之５,25.16,,鄉村區,乙種建築用地,1150526,土地1建物1車位1,八層,九層,華廈(10層含以下有電梯),住家用,鋼筋混凝土造,1150505,119.68,2,2,2,有,有,12200000,117262,坡道平面,30.99,1800000,,RPXOMLMKPHLGFKB86DA,55.27,0.0,3.22,有,
北區,房地(土地+建物),臺中市北區青島西街３４巷１２號,38.55,都市：其他:第二種商業區,,,1150512,土地1建物1車位0,一層,五層,公寓(5樓含以下無電梯),住家用,鋼筋混凝土造,0730109,108.4,3,1,2,有,無,2400000,22140,,0.0,0,親友、員工、共有人或其他特殊關係間之交易；,RPPNMLPKPHLGFBB08EA,97.62,10.78,0.0,無,
東勢區,土地,延平段363地號,136.0,都市：其他:道路用地,,,1150529,土地1建物0車位0,,,其他,,,,0.0,0,0,0,無,無,535000,3934,,0.0,0,,RPPNMLRKPHLGFGB78EA,0.0,0.0,0.0,無,0184
南區,房地(土地+建物)+車位,臺中市南區工學一街１６７巷２２號６樓之１,22.17,都市：其他:第三種住宅區。,,,1150524,土地1建物1車位1,六層,十三層,住宅大樓(11層含以上有電梯),住家用,鋼筋混凝土造,0870930,157.32999999999998,4,2,2,有,有,10500000,66739,坡道平面,0.0,0,其他登記事項：停車位編號：215號　車位持分100000分之64,RPPNMLLJOHLGFAB27DA,94.46,0.0,9.25,有,
中區,房地(土地+建物),臺中市中區雙十路一段１９巷６號五樓之３,15.53,都市：其他:第一種商業區,,,1150514,土地2建物1車位0,五層,五層,華廈(10層含以下有電梯),住家用,鋼筋混凝土造,0700716,75.36,3,1,1,有,無,6150000,81608,,0.0,0,其他增建；,RPPQMLMLOHLGFAB87DA,60.76,0.0,0.0,有,0185
西區,房地(土地+建物),臺中市西區柳川東路二段７６巷８號２樓,34.55,都市：其他:第二種住宅區,,,1150531,土地2建物1車位0,二層,五層,公寓(5樓含以下無電梯),住家用,鋼筋混凝土造,0690422,101.47,3,2,1,有,無,6000000,59131,,0.0,0,親友、員工、共有人或其他特殊關係間之交易；,RPQNMLQLOHLGFAB08DA,101.47,0.0,0.0,無,
南區,房地(土地+建物)+車位,臺中市南區復興北路７６９號十二樓之二,28.7,都市：其他:第三種住宅區。,,,1150501,土地2建物1車位2,十二層,十九層,住宅大樓(11層含以上有電梯),住家用,鋼筋混凝土造,1030920,240.32,4,2,2,有,有,22000000,91545,坡道平面,66.82,0,,RPWNMLNKPHLGFAB38DA,107.42,0.0,10.82,有,
東區,房地(土地+建物),臺中市東區南京東路一段３３５號,6.59,都市：其他:第二種住宅區,,,1150503,土地2建物1車位0,一層，騎樓,十二層,住宅大樓(11層含以上有電梯),商業用,鋼筋混凝土造,0870915,57.95,2,1,1,有,有,5200000,89733,,0.0,0,夾層；其他增建；,RPVOMLOKPHLGFAB48DA,40.31,0.0,4.66,有,
南區,房地(土地+建物),臺中市南區仁德街４０號,51.0,都市：其他:第二種住宅區,,,1150527,土地2建物1車位0,全,二層,透天厝,住家用,見其他登記事項,,62.72,3,2,2,有,無,5000000,79719,,0.0,0,親友、員工、共有人或其他特殊關係間之交易；其他增建；,RPSOMLPKPHLGFAB28DA,62.72,0.0,0.0,無,
北區,房地(土地+建物),臺中市北區梅亭東街７６巷７之３號,10.89,都市：其他:第一種商業區,,,1150513,土地1建物1車位0,四層,八層,公寓(5樓含以下無電梯),住家用,鋼筋混凝土造,0680109,72.99,3,2,1,有,無,5800000,79463,,0.0,0,陽台外推；,RPTOMLTKNHLGFBB68DA,61.17,0.0,11.82,無,0186
北區,房地(土地+建物)+車位,臺中市北區忠太東路８號４樓之６,24.61,都市：其他:第三種住宅區。,,,1150505,土地1建物1車位2,四層,十四層,住宅大樓(11層含以上有電梯),住家用,鋼骨鋼筋混凝土造,0901121,261.91999999999996,4,2,2,有,有,24500000,93540,坡道平面,52.46,0,,RPUPMLPJOHLGFBB48DA,132.41,2.6,16.16,有,
北屯區,房地(土地+建物)+車位,臺中市北屯區修齊街２８號六樓之２,35.08,都市：其他:第二種住宅區,,,1150519,土地1建物1車位2,六層,十二層,住宅大樓(11層含以上有電梯),住家用,鋼筋混凝土造,1130206,229.47,3,2,2,有,有,23720000,103369,坡道平面,78.04,0,,RPPOMLQKOHLGFBB08DA,89.42,0.0,8.7,有,0187
北區,房地(土地+建物)+車位,臺中市北區育樂街５６號二十樓之１６,9.44,都市：其他:第二之一種商業區,,,1150531,土地1建物1車位1,二十層,二十二層,住宅大樓(11層含以上有電梯),住家用,鋼筋混凝土造,1080513,103.71000000000001,2,2,1,有,有,10900000,105101,坡道平面,30.65,0,夾層；,RPPOMLRKOHLGFBB18DA,45.01,0.0,5.2,有,0188
北屯區,房地(土地+建物)+車位,臺中市北屯區崇德十路一段３８８號七樓之３,26.39,都市：其他:第一種商業區,,,1150524,土地1建物1車位2,七層,二十六層,住宅大樓(11層含以上有電梯),住家用,鋼筋混凝土造,1110328,271.28999999999996,3,2,2,有,有,39000000,175307,坡道平面,71.64,4000000,其他增建；,RPQPMLNLOHLGFBB08DA,115.81,9.58,10.0,有,0189
北屯區,房地(土地+建物),臺中市北屯區南興二路２３９號,101.58,都市：其他:第一之一種住宅區,,,1150508,土地2建物1車位0,全,三層,透天厝,住家用,鋼筋混凝土造,1090921,303.17,4,3,5,有,有,43300000,142824,,0.0,0,陽台外推；其他增建；,RPVPMLKMOHLGFBB38DA,254.93,0.0,12.74,有,0190
北屯區,房地(土地+建物)+車位,臺中市北屯區松竹路二段３４６巷２６號四樓之２,24.95,都市：其他:第二種住宅區,,,1150529,土地1建物1車位1,四層,十二層,住宅大樓(11層含以上有電梯),住家用,鋼筋混凝土造,1031022,152.03,3,2,2,有,有,16150000,106229,坡道平面,25.43,0,其他增建；,RPQNMLLJPHLGFBB57DA,75.44,1.82,10.53,有,
北區,房地(土地+建物),臺中市北區武昌路２０３之５號,27.14,都市：其他:第二種住宅區,,,1150516,土地1建物1車位0,五層,五層,公寓(5樓含以下無電梯),住家用,鋼筋混凝土造,0761008,115.98,3,2,2,有,有,6760000,58286,,0.0,0,,RPROMLSJPHLGFBB48DA,83.96,1.57,12.17,無,0191
北屯區,房地(土地+建物),臺中市北屯區三光二街４７號,99.0,都市：其他:第二種住宅區,,,1150516,土地1建物1車位0,全,四層,透天厝,住家用,鋼筋混凝土造,0780320,261.89,4,3,3,有,無,18500000,70640,,0.0,0,頂樓加蓋；,RPOOMLPKPHLGFBB97DA,221.41,13.93,26.55,無,
西屯區,房地(土地+建物)+車位,臺中市西屯區臺灣大道三段７８９號十六樓之２,16.87,商,,,1150514,土地1建物1車位2,十六層,二十九層,住宅大樓(11層含以上有電梯),辦公用,鋼骨鋼筋混凝土造、鋼筋混凝土造,1120327,306.15999999999997,4,1,2,有,有,31250000,102071,坡道平面,48.08,0,其他增建；,RPSNMLRLNHLGFCB48DA,149.83,7.61,0.0,有,0192
西屯區,房地(土地+建物)+車位,臺中市西屯區惠來路三段１９８之２號十樓之３,10.31,住,,,1150510,土地1建物1車位1,十層,十五層,住宅大樓(11層含以上有電梯),住家用,鋼筋混凝土造,0951219,118.74000000000001,3,2,2,有,有,15588000,131278,坡道機械,11.57,0,陽台外推；,RPXNMLLJOHLGFCB28DA,64.59,2.19,9.01,有,0193
南屯區,房地(土地+建物),臺中市南屯區干城街１１６巷２弄８號,62.0,住,,,1150520,土地1建物1車位0,全,二層,透天厝,住家用,加強磚造,0640806,76.5,3,2,2,有,無,14680000,191895,,0.0,0,其他增建；,RPSRMLOJOHLGFCB48DA,76.5,0.0,0.0,無,
南屯區,房地(土地+建物),臺中市南屯區文山十街８８號四樓之７,17.76,住,,,1150529,土地1建物1車位0,四層,十二層,住宅大樓(11層含以上有電梯),住家用,鋼筋混凝土造,1061003,105.84,2,2,1,有,有,11000000,103930,,0.0,0,,RPOOMLSJOHLGFCB18DA,55.5,7.37,7.15,有,0194
南屯區,房地(土地+建物)+車位,臺中市南屯區忠勇路５２之１８０號八樓之５,26.88,住,,,1150526,土地1建物1車位1,八層,二十三層,住宅大樓(11層含以上有電梯),住家用,鋼筋混凝土造,1140120,137.49,3,2,2,有,有,16680000,135492,坡道平面,26.93,1700000,,RPTRMLSJOHLGFCB98DA,66.95,0.0,7.13,有,0195
西屯區,房地(土地+建物)+車位,臺中市西屯區福科路５２６巷１號十二樓之９,18.96,住,,,1150524,土地1建物1車位1,十二層,十四層,住宅大樓(11層含以上有電梯),住家用,鋼筋混凝土造,1090831,131.29000000000002,2,2,1,有,有,19250000,146622,坡道平面,33.46,0,,RPSRMLMLOHLGFCB48DA,55.52,0.0,10.1,有,0196
西屯區,房地(土地+建物)+車位,臺中市西屯區長安路二段１３１巷１０８號九樓之２,23.11,住,,,1150511,土地1建物1車位2,九層,十二層,住宅大樓(11層含以上有電梯),住家用,鋼筋混凝土造,1021105,177.94,3,2,2,有,有,18500000,103968,坡道平面,67.82,0,,RPSPMLQLOHLGFCB68DA,58.92,1.92,16.45,有,0197
南屯區,房地(土地+建物)+車位,臺中市南屯區河南路四段４６０號九樓之６,14.2,住,,,1150503,土地1建物1車位1,九層,十九層,住宅大樓(11層含以上有電梯),住家用,鋼筋混凝土造,0870911,152.06,3,2,2,有,有,17750000,116730,坡道平面,0.0,0,陽台外推；,RPTUMLLJPHLGFCB68DA,80.57,1.26,10.87,有,0198
豐原區,土地,福興段867地號,1224.26,農,,,1150522,土地2建物0車位0,,,其他,,,,0.0,0,0,0,無,無,14109459,11525,,0.0,0,親友、員工、共有人或其他特殊關係間之交易；,RPTNMLNJPHLGFDB28DA,0.0,0.0,0.0,無,
大雅區,房地(土地+建物)+車位,臺中市大雅區雅環路三段２巷６號五樓之５,36.04,住,,,1150531,土地3建物1車位1,五層,十四層,住宅大樓(11層含以上有電梯),住家用,鋼筋混凝土造,1061017,164.46,3,2,2,有,有,15350000,93336,坡道平面,37.41,0,,RPTNMLNLOHLGFHB78DA,73.16,4.12,9.06,有,0199
潭子區,房地(土地+建物)+車位,臺中市潭子區福潭路６０６巷１號四樓,17.43,住,,,1150524,土地1建物1車位1,四層,十層,華廈(10層含以下有電梯),住家用,鋼筋混凝土造,0800916,108.97,3,2,2,有,有,7800000,71579,坡道機械,0.0,0,陽台外推；,RPQNMLRJPHLGFHB78DA,78.15,0.0,9.96,有,
烏日區,房地(土地+建物)+車位,臺中市烏日區中山路一段５３３號十三樓之６,12.5,住,,,1150531,土地1建物1車位1,十三層,十四層,住宅大樓(11層含以上有電梯),住家用,鋼筋混凝土造,1040925,125.12,3,2,1,有,有,14500000,115889,坡道平面,15.09,0,,RPRNMLMJOHLGFIB38DA,71.16,3.15,0.0,有,0200
霧峰區,土地,四德段497地號,2314.3,,特定農業區,農牧用地,1150512,土地2建物0車位0,,,其他,,,,0.0,0,0,0,無,無,43000000,18580,,0.0,0,未登記建物；,RPQNMLKKOHLGFIB18DA,0.0,0.0,0.0,無,
大里區,房地(土地+建物)+車位,臺中市大里區中興路二段７６８號十三樓之３,29.0,都市：其他:住宅區,,,1150514,土地2建物1車位1,十三層,十五層,住宅大樓(11層含以上有電梯),住家用,鋼筋混凝土造,1060210,167.84,3,2,2,有,有,16150000,96223,坡道平面,0.0,0,,RPPOMLRKOHLGFIB88DA,83.08,0.0,7.84,有,0201
大里區,房地(土地+建物),臺中市大里區新忠路６２巷５號,87.0,都市：其他:住宅區,,,1150516,土地1建物1車位0,全,二層,透天厝,住家用,鋼筋混凝土造,0770520,125.62,4,2,2,有,無,13600000,108263,,0.0,0,頂樓加蓋；其他增建；,RPSNMLSJPHLGFIB56DA,121.05,0.0,4.57,無,
大里區,房地(土地+建物),臺中市大里區三興街４７號,83.23,都市：其他:住宅區,,,1150528,土地3建物1車位0,全,三層,透天厝,住商用,鋼筋混凝土造,0780616,166.32,4,2,3,有,無,12500000,75156,,0.0,0,親友、員工、共有人或其他特殊關係間之交易；頂樓加蓋；其他增建；,RPROMLOKPHLGFIB88DA,151.71,8.27,6.34,無,
大里區,房地(土地+建物),臺中市大里區上田街９２號,41.57,都市：其他:住宅區,,,1150514,土地2建物1車位0,全,二層,透天厝,住商用,加強磚造,0671015,60.9,4,1,3,有,無,5384175,88410,,0.0,0,親友、員工、共有人或其他特殊關係間之交易；頂樓加蓋；其他增建；,RPWOMLQKPHLGFIB96DA,60.9,0.0,0.0,無,
大肚區,房地(土地+建物)+車位,臺中市大肚區遊園路二段１３３巷８７號九樓之一,23.72,,鄉村區,乙種建築用地,1150523,土地1建物1車位1,九層,九層,華廈(10層含以下有電梯),住家用,鋼筋混凝土造,0820605,119.78999999999999,3,2,2,有,有,6380000,53260,坡道機械,0.0,0,,RPSNMLMKOHLGFKB78DA,85.73,0.0,7.4,有,
龍井區,房地(土地+建物),臺中市龍井區舊車路８９之７９號,104.0,都市：其他:第四種住宅區,,,1150510,土地1建物1車位0,全,二層,透天厝,住家用,鋼筋混凝土造,0810422,134.29,6,2,2,有,無,6600000,49147,,0.0,0,3樓、4樓其他增建；,RPPNMLPKPHLGFKB88DA,131.67,0.0,2.62,無,
北屯區,房地(土地+建物)+車位,臺中市北屯區豐德二街５７號,143.4,都市：其他:第一之一種住宅區,,,1150515,土地1建物1車位2,全,五層,透天厝,住家用,鋼筋混凝土造,1130119,367.83,4,3,6,有,無,78000000,212054,一樓平面,0.0,0,其他增建；未登記建物；,RPQNMLRKPHLGFBB38EA,336.6,0.0,31.23,有,
大安區,土地,福東段37地號,1449.39,,特定農業區,農牧用地,1150520,土地1建物0車位0,,,其他,,,,0.0,0,0,0,無,無,4000000,2760,,0.0,0,親友、員工、共有人或其他特殊關係間之交易；,RPPNMLRJPHLGFEB48EA,0.0,0.0,0.0,無,
大安區,土地,安田段720地號,156.06,,特定農業區,甲種建築用地,1150506,土地1建物0車位0,,,其他,,,,0.0,0,0,0,無,無,499449,3200,,0.0,0,地清或未辦繼承標售；,RPQNMLMLPHLGFEB28EA,0.0,0.0,0.0,無,
大安區,土地,安田段626地號,56.68,,特定農業區,甲種建築用地,1150506,土地1建物0車位0,,,其他,,,,0.0,0,0,0,無,無,172188,3038,,0.0,0,地清或未辦繼承標售；,RPRNMLMLPHLGFEB38EA,0.0,0.0,0.0,無,
南區,房地(土地+建物),臺中市南區忠明南路１２５０號４樓,31.03,都市：其他:第二種住宅區,,,1150510,土地1建物1車位0,四層,五層,公寓(5樓含以下無電梯),住家用,鋼筋混凝土造,0700421,83.34,3,2,2,有,無,5380000,64555,,0.0,0,,RPXOMLLJPHLGFAB28DA,83.34,0.0,0.0,無,0202
北屯區,房地(土地+建物)+車位,臺中市北屯區南興路９２５號五樓之２,22.98,都市：其他:第二之一種住宅區,,,1150507,土地1建物1車位1,五層,十五層,住宅大樓(11層含以上有電梯),住家用,鋼筋混凝土造,1090527,147.97,3,2,2,有,有,15000000,101372,坡道平面,37.61,0,,RPQPMLMKNHLGFBB77DA,66.57,0.0,6.34,有,0203
北屯區,房地(土地+建物)+車位,臺中市北屯區景和街８號十四樓之６,10.7,都市：其他:第三之一種商業區,,,1150510,土地1建物1車位1,十四層,二十三層,住宅大樓(11層含以上有電梯),住家用,鋼筋混凝土造,1131111,135.31,3,2,1,有,有,13500000,99771,坡道平面,39.64,0,,RPOPMLLLNHLGFBB57DA,58.83,0.0,4.67,有,0204
北屯區,房地(土地+建物)+車位,臺中市北屯區太原路三段１２１６號九樓之１３,14.99,都市：其他:第三種住宅區。,,,1150521,土地1建物1車位1,九層,十五層,住宅大樓(11層含以上有電梯),住家用,鋼筋混凝土造,1091225,129.24,3,2,2,有,有,13000000,100588,坡道平面,24.31,0,,RPUOMLTLOHLGFBB98DA,64.19,2.41,3.73,有,0205
北區,房地(土地+建物)+車位,臺中市北區山西路一段７１號５樓之１,15.91,都市：其他:第二種住宅區,,,1150522,土地2建物1車位1,五層,十二層,住宅大樓(11層含以上有電梯),住家用,鋼筋混凝土造,0880624,106.27000000000001,3,2,1,有,有,8200000,77162,坡道平面,14.99,0,,RPRQMLKMOHLGFBB08DA,56.03,0.0,7.56,有,
北屯區,房地(土地+建物)+車位,臺中市北屯區敦富路７１１號四樓之３,13.58,都市：其他:第二之一種住宅區,,,1150509,土地2建物1車位2,四層,二十二層,住宅大樓(11層含以上有電梯),住家用,鋼筋混凝土造,1130521,144.45,2,2,1,有,有,14500000,100381,坡道平面,60.16,0,,RPVPMLLJPHLGFBB28DA,52.26,0.0,3.53,有,0206
北區,房地(土地+建物)+車位,臺中市北區美德街４６８號１３樓之１,23.19,都市：其他:第二種住宅區,,,1150510,土地4建物1車位1,十三層,十六層,住宅大樓(11層含以上有電梯),住家用,鋼筋混凝土造,0821102,203.69,4,2,2,有,有,16380000,80412,坡道平面,0.0,0,陽台外推；,RPQQMLTJPHLGFBB68DA,118.2,1.51,17.38,有,
西屯區,房地(土地+建物)+車位,臺中市西屯區青海路一段９５號九樓之２,5.12,住,,,1150522,土地1建物1車位1,九層,十一層,住宅大樓(11層含以上有電梯),住家用,鋼筋混凝土造,0830629,50.4,1,1,1,有,有,4200000,83333,坡道機械,0.0,800000,,RPPOMLMLNHLGFCB77DA,24.0,0.0,4.29,有,
西屯區,房地(土地+建物),臺中市西屯區大有西街１９號,115.0,住,,,1150524,土地1建物1車位0,全,二層,透天厝,住家用,加強磚造,0741211,159.15,4,3,3,有,無,21500000,135093,,0.0,0,頂樓加蓋；其他增建；,RPRPMLOLNHLGFCB28DA,130.01,17.81,11.33,無,
西屯區,房地(土地+建物)+車位,臺中市西屯區環中路二段１１３５號十五樓之３,28.28,住,,,1150531,土地7建物1車位1,十五層,十八層,住宅大樓(11層含以上有電梯),住家用,鋼筋混凝土造,1040109,219.44,3,2,2,有,有,27880000,139069,坡道平面,29.75,1500000,其他增建；,RPTNMLLMNHLGFCB08DA,108.64,5.04,14.73,有,0207
南屯區,土地,南屯段735-6地號,58.0,住,,,1150521,土地2建物0車位0,,,其他,,,,0.0,0,0,0,無,無,5200000,89655,,0.0,0,未登記建物；,RPTNMLMJPHLGFCB08DA,0.0,0.0,0.0,無,0208
南屯區,房地(土地+建物)+車位,臺中市南屯區文心南五路一段２８５號,131.67,商,,,1150530,土地1建物1車位1,全,四層,透天厝,住商用,鋼筋混凝土造,0991104,432.18,6,3,6,有,無,59500000,137674,一樓平面,0.0,0,陽台外推；頂樓加蓋；其他增建；,RPSOMLSJPHLGFCB68DA,397.73,0.0,34.45,有,
西屯區,房地(土地+建物),臺中市西屯區國安一路２１０巷１８號十二樓之５,29.08,住,,,1150526,土地1建物1車位0,十二層,十二層,住宅大樓(11層含以上有電梯),住家用,鋼筋混凝土造,0850615,139.19,3,2,2,有,有,8350000,59990,,0.0,0,,RPPNMLNKPHLGFCB87DA,80.31,1.41,7.67,有,
南屯區,房地(土地+建物)+車位,臺中市南屯區大聖街３２７之１號,18.07,住,,,1150508,土地1建物1車位1,一層,七層,華廈(10層含以下有電梯),商業用,鋼筋混凝土造,0810316,99.86,2,2,2,有,有,5080000,50866,坡道機械,0.0,0,,RPQNMLNKPHLGFCB97DA,63.97,3.01,0.0,有,0209
神岡區,土地,國豐段446地號,960.66,農,,,1150516,土地1建物0車位0,,,其他,,,,0.0,0,0,0,無,無,15000000,15614,,0.0,0,,RPWNMLSKNHLGFDB98DA,0.0,0.0,0.0,無,
神岡區,土地,光復段299地號,1418.19,農,,,1150516,土地1建物0車位0,,,其他,,,,0.0,0,0,0,無,無,14800000,10436,,0.0,0,農作物；,RPXNMLLLPHLGFDB68DA,0.0,0.0,0.0,無,
沙鹿區,房地(土地+建物),臺中市沙鹿區鎮南路二段９３巷８號,96.19,住,,,1150531,土地2建物1車位0,全,四層,透天厝,住家用,鋼筋混凝土造,0951025,245.72,14,1,14,有,無,13500000,54941,,0.0,0,,RPOOMLQKPHLGFFB48DA,210.31,3.28,32.13,無,0210
沙鹿區,房地(土地+建物)+車位,臺中市沙鹿區中山路６５５號六樓之１,21.05,住,,,1150521,土地1建物1車位1,六層,十三層,住宅大樓(11層含以上有電梯),住家用,鋼筋混凝土造,1120719,143.12,3,2,2,有,有,12000000,83846,坡道平面,33.51,0,,RPVNMLRKPHLGFFB56DA,65.61,0.0,7.54,有,0211
大雅區,房地(土地+建物),臺中市大雅區楓林街３１３巷１１號,92.0,住,,,1150518,土地1建物1車位0,全,四層,透天厝,住家用,鋼筋混凝土造,0820903,194.58,5,3,4,有,無,16000000,82228,,0.0,0,其他增建:廚房並加蓋至4樓其他增建；,RPSNMLRKOHLGFHB98DA,173.68,20.9,0.0,無,
大里區,房地(土地+建物),臺中市大里區樹王路１７６號,60.07,,鄉村區,乙種建築用地,1150520,土地2建物1車位0,全,二層,透天厝,住家用,加強磚造,,106.66,3,1,3,有,無,8000000,75005,,0.0,0,親友、員工、共有人或其他特殊關係間之交易；頂樓加蓋；,RPVNMLKLNHLGFIB68DA,106.66,0.0,0.0,無,
大里區,房地(土地+建物),臺中市大里區成功路５１１號二樓,12.53,都市：其他:住宅區,,,1150514,土地1建物1車位0,二層,八層,華廈(10層含以下有電梯),住家用,鋼筋混凝土造,0830818,83.95,2,2,1,有,有,5200000,61942,,0.0,0,其他增建；,RPWNMLLJOHLGFIB78DA,49.99,0.0,6.07,有,0212
太平區,房地(土地+建物),臺中市太平區中山路二段２５９巷３２號,87.32,,鄉村區,乙種建築用地,1150522,土地1建物1車位0,全,二層,透天厝,住商用,加強磚造,0670110,79.2,6,2,2,有,無,10000000,126263,,0.0,0,,RPOQMLQLNHLGFJB98DA,79.2,0.0,0.0,無,
太平區,房地(土地+建物)+車位,臺中市太平區旱溪西路二段１８２號十樓之１,38.86,住,,,1150530,土地1建物1車位2,十層,十五層,住宅大樓(11層含以上有電梯),住家用,鋼筋混凝土造,1070831,250.44,4,2,2,有,有,20200000,92493,坡道平面,64.48,3000000,,RPPNMLKMNHLGFJB28DA,112.48,0.0,14.11,有,0213
太平區,房地(土地+建物),臺中市太平區長億六街１２６巷１０號,161.36,住,,,1150526,土地1建物1車位0,全,四層,透天厝,住家用,鋼筋混凝土造,1121011,288.49,4,3,5,有,無,39800000,137960,,0.0,0,,RPROMLNLOHLGFJB88DA,264.84,0.0,23.65,有,
太平區,房地(土地+建物)+車位,臺中市太平區育仁路１９０號十三樓之１,30.38,住,,,1150527,土地1建物1車位1,十三層,十四層,住宅大樓(11層含以上有電梯),住家用,鋼筋混凝土造,1040915,209.63,4,2,2,有,有,18580000,88632,坡道平面,26.46,0,,RPTNMLTLOHLGFJB96DA,110.71,1.05,10.62,有,0214
霧峰區,房地(土地+建物),臺中市霧峰區中正路６２２之２號,78.33,住,,,1150501,土地1建物1車位0,全,二層,透天厝,住商用,加強磚造,0741015,130.55,3,1,2,有,無,2500000,19150,,0.0,0,親友、員工、共有人或其他特殊關係間之交易；未登記建物；,RPRNMLKLPHLGFIB58EA,121.88,2.96,5.71,無,
東區,房地(土地+建物)+車位,臺中市東區建德街２９８號三樓之２,26.23,都市：其他:第二種住宅區,,,1150531,土地2建物1車位1,三層,十三層,住宅大樓(11層含以上有電梯),住家用,鋼筋混凝土造,1070905,160.89,3,2,2,有,有,15200000,93630,坡道平面,19.91,2000000,,RPRNMLLMNHLGFAB67DA,78.29,4.46,10.59,有,
北區,房地(土地+建物)+車位,臺中市北區漢口路四段３６７號４樓,43.86,都市：其他:第二種住宅區,,,1150509,土地3建物1車位1,四層,十七層,住宅大樓(11層含以上有電梯),商業用,鋼骨混凝土造,0791215,469.01,0,1,0,有,有,26120000,55692,坡道平面,0.0,0,陽台外推；其他增建；,RPXOMLQKOHLGFBB88DA,286.81,11.04,18.36,有,
北區,房地(土地+建物),臺中市北區梅川東路三段７６號三樓之５,15.77,都市：其他:第二種住宅區,,,1150522,土地1建物1車位0,三層,八層,華廈(10層含以下有電梯),住家用,鋼筋混凝土造,1141105,78.25999999999999,2,2,2,有,有,11000000,140557,,0.0,0,,RPSNMLKLPHLGFBB87DA,33.3,0.0,4.38,有,
北屯區,土地,和平段453地號,420.01,都市：其他:第一之一種住宅區,,,1150519,土地1建物0車位0,,,其他,,,,0.0,0,0,0,無,無,67330000,160306,,0.0,0,,RPRNMLLLPHLGFBB87DA,0.0,0.0,0.0,無,
南屯區,房地(土地+建物),臺中市南屯區大富街１８９號,219.94,住,,,1150521,土地3建物1車位0,全,四層,透天厝,住家用,ＲＣ造,0931115,613.57,5,4,7,有,有,72500000,118161,,0.0,0,其他增建；,RPPPMLPLNHLGFCB18DA,359.01,0.0,69.22,有,
南屯區,房地(土地+建物),臺中市南屯區懷德街３１巷１１號,78.0,住,,,1150518,土地1建物1車位0,全,二層,透天厝,住家用,加強磚造,0640806,90.84,3,2,2,有,無,21600000,237781,,0.0,0,陽台外推；其他增建；,RPROMLTLOHLGFCB78DA,90.84,0.0,0.0,無,0215
南屯區,房地(土地+建物)+車位,臺中市南屯區文心南九路１６９號十六樓之１,58.1,住,,,1150511,土地1建物1車位4,十六層,二十層,住宅大樓(11層含以上有電梯),住家用,鋼筋混凝土造,1080214,401.55,3,2,2,有,有,46600000,116050,坡道平面,137.12,0,,RPUPMLKLPHLGFCB38DA,147.43,13.81,14.84,有,0216
豐原區,房地(土地+建物),臺中市豐原區南陽路１５８巷６號,84.8,住,,,1150527,土地1建物1車位0,全,二層,透天厝,住家用,加強磚造,0730602,105.44,5,3,3,有,無,14940000,141692,,0.0,0,其他增建；,RPROMLPJOHLGFDB28DA,98.69,0.0,6.75,無,
后里區,房地(土地+建物),臺中市后里區福興路７８之５號五樓之１,33.2,,鄉村區,乙種建築用地,1150514,土地1建物1車位0,五層,七層,華廈(10層含以下有電梯),住家用,鋼筋混凝土造,1141113,117.01,2,2,2,有,有,9370000,80079,,0.0,0,,RPPNMLTJPHLGFDB48DA,69.21,0.0,10.38,有,
神岡區,土地,新社口段975地號,28.66,農,,,1150529,土地2建物0車位0,,,其他,,,,0.0,0,0,0,無,無,692800,24173,,0.0,0,親友、員工、共有人或其他特殊關係間之交易；,RPRNMLOKPHLGFDB28DA,0.0,0.0,0.0,無,0217
沙鹿區,房地(土地+建物)+車位,臺中市沙鹿區自強路６０１巷１６號,80.86,住,,,1150523,土地2建物1車位1,全,四層,透天厝,住家用,鋼筋混凝土造,0970717,153.51,4,2,4,有,有,11900000,77519,一樓平面,0.0,0,,RPVOMLTLNHLGFFB76DA,129.05,0.0,24.46,無,
東勢區,房地(土地+建物),臺中市東勢區新盛二街５號,66.93,住,,,1150529,土地1建物1車位0,全,四層,透天厝,住家用,鋼筋混凝土造,0841014,163.07,4,2,3,有,無,9950000,61017,,0.0,0,頂樓加蓋；其他增建；,RPPNMLLJPHLGFGB97DA,153.99,0.0,9.08,無,
東勢區,房地(土地+建物),臺中市東勢區正五街１２號六樓之２,18.72,商,,,1150530,土地1建物1車位0,六層,十層,華廈(10層含以下有電梯),住家用,鋼筋混凝土造,1110316,86.32,2,2,1,有,有,6000000,69509,,0.0,0,,RPSNMLMLPHLGFGB58DA,56.14,0.0,6.15,有,0218
大里區,房地(土地+建物),臺中市大里區塗城路７１３巷２之３號,12.94,都市：其他:住宅區,,,1150527,土地1建物1車位0,三層,七層,華廈(10層含以下有電梯),住家用,鋼筋混凝土造,0800110,73.35,2,2,1,有,有,5650000,77028,,0.0,0,陽台外推；,RPPNMLSLNHLGFIB88DA,50.22,0.0,4.29,有,0219
烏日區,房地(土地+建物)+車位,臺中市烏日區高鐵路二段１３６號二十樓之７,17.46,商,,,1150503,土地1建物1車位1,二十層,二十層,住宅大樓(11層含以上有電梯),住家用,鋼筋混凝土造,1110805,139.45,3,2,2,有,有,15500000,111151,坡道平面,24.76,0,,RPVNMLKKOHLGFIB68DA,69.63,0.0,5.44,有,0220
大里區,房地(土地+建物)+車位,臺中市大里區中湖路１５０巷２７號九樓,15.96,都市：其他:住宅區,,,1150526,土地1建物1車位1,九層,九層,華廈(10層含以下有電梯),住家用,鋼筋混凝土造,0960607,131.42000000000002,5,2,2,有,有,10900000,82940,坡道平面,18.06,0,其他增建；,RPVNMLOLOHLGFIB56DA,68.47,1.76,6.6,有,
大里區,房地(土地+建物)+車位,臺中市大里區健民路１３號二樓之５,36.81,,鄉村區,乙種建築用地,1150523,土地1建物1車位2,二層,十三層,住宅大樓(11層含以上有電梯),住家用,鋼筋混凝土造,1140724,192.79000000000002,4,2,2,有,有,12000000,62244,坡道平面,52.08,0,,RPVNMLTJPHLGFIB96DA,86.6,0.0,7.41,有,0221
太平區,房地(土地+建物)+車位,臺中市太平區立智街９２號六樓之１,15.07,商,,,1150526,土地1建物1車位1,六層,十四層,住宅大樓(11層含以上有電梯),住家用,鋼筋混凝土造,1030829,147.87,3,2,2,有,有,12000000,81152,坡道平面,26.71,0,,RPRNMLMJOHLGFJB48DA,72.04,1.65,9.02,有,
太平區,房地(土地+建物)+車位,臺中市太平區宜昌路５６號九樓之１,27.92,住,,,1150531,土地1建物1車位2,九層,十五層,住宅大樓(11層含以上有電梯),住家用,鋼筋混凝土造,1130927,208.98000000000002,4,2,2,有,有,19180000,107671,坡道平面,64.28,3600000,本戶為實品屋親友、員工、共有人或其他特殊關係間之交易；,RPSNMLKLPHLGFJB68DA,87.08,0.0,7.98,有,
龍井區,土地,忠和段1353地號,11665.0,都市：其他:農業區,,,1150521,土地13建物0車位0,,,其他,,,,0.0,0,0,0,無,無,158789700,13612,,0.0,0,未登記建物；,RPPNMLNLNHLGFKB58DA,0.0,0.0,0.0,無,
龍井區,土地,龍崗段807地號,815.78,都市：其他:保護區,,,1150521,土地2建物0車位0,,,其他,,,,0.0,0,0,0,無,無,2365770,2900,,0.0,0,親友、員工、共有人或其他特殊關係間之交易；,RPPNMLPJPHLGFKB78DA,0.0,0.0,0.0,無,
大安區,土地,安田段152地號,1232.18,,特定農業區,農牧用地,1150528,土地3建物0車位0,,,其他,,,,0.0,0,0,0,無,無,1262100,1024,,0.0,0,地清或未辦繼承標售；,RPPNMLNLPHLGFEB28EA,0.0,0.0,0.0,無,
大安區,土地,安田段143地號,112.31,,特定農業區,農牧用地,1150528,土地1建物0車位0,,,其他,,,,0.0,0,0,0,無,無,115200,1026,,0.0,0,地清或未辦繼承標售；,SPPNMLNLPHLGFEB38EA,0.0,0.0,0.0,無,
烏日區,房地(土地+建物)+車位,臺中市烏日區三榮北路１２２號七樓之９,26.01,住,,,1150521,土地1建物1車位1,七層,十三層,住宅大樓(11層含以上有電梯),住家用,鋼筋混凝土造,1100913,122.58,2,1,2,有,有,9410000,94090,坡道平面,37.98,1450000,,RPRNMLLLPHLGFIB68EA,52.6,0.0,3.98,有,0222
南區,房地(土地+建物)+車位,臺中市南區復興路二段７５號十三樓之２,25.63,都市：其他:第一種商業區,,,1150522,土地2建物1車位2,十三層,十五層,住宅大樓(11層含以上有電梯),住家用,鋼筋混凝土造,1091006,206.4,4,2,2,有,有,22160000,107364,坡道平面,54.3,0,,RPWNMLMJPHLGFAB18DA,91.28,1.05,11.62,有,0223
西區,房地(土地+建物)+車位,臺中市西區英才路４７０巷７號７樓之１３,5.31,都市：其他:第二種住宅區,,,1150520,土地1建物1車位1,七層,八層,華廈(10層含以下有電梯),住家用,鋼筋混凝土造,0830606,50.849999999999994,1,0,1,有,有,4000000,78663,升降平面,0.0,0,陽台外推；,RPTOMLQJPHLGFAB38DA,16.22,0.0,2.37,有,0224
西區,房地(土地+建物)+車位,臺中市西區華美街５２２號二樓之二,16.6,都市：其他:第三種商業區,,,1150513,土地1建物1車位1,二層,十四層,住宅大樓(11層含以上有電梯),住家用,鋼筋混凝土造,0950323,188.92000000000002,3,2,2,有,有,20680000,109464,坡道機械,14.75,0,陽台外推；,RPQPMLRJPHLGFAB28DA,103.45,4.35,16.36,有,
西區,房地(土地+建物),臺中市西區臺灣大道一段７２６號十樓之五,9.51,都市：其他:第二種商業區,,,1150522,土地5建物2車位0,十層,十二層,住宅大樓(11層含以上有電梯),商業用,鋼筋混凝土造,0720118,112.42,2,2,2,有,有,6100000,54261,,0.0,0,陽台外推；,RPUOMLNKPHLGFAB28DA,95.84,0.0,7.17,有,
北屯區,房地(土地+建物)+車位,臺中市北屯區大連路二段１８７號４樓,14.9,都市：其他:第三種住宅區。,,,1150530,土地1建物1車位1,四層,十四層,住宅大樓(11層含以上有電梯),住家用,鋼筋混凝土造,0951012,143.24,3,2,2,有,有,15500000,116589,坡道平面,23.16,1500000,其他增建；,RPPNMLLMNHLGFBB57DA,68.77,1.22,17.13,有,
北屯區,房地(土地+建物)+車位,臺中市北屯區環太東路５１７號十四樓之９,19.41,都市：其他:第三種住宅區。,,,1150513,土地1建物1車位1,十四層,十五層,住宅大樓(11層含以上有電梯),住家用,鋼筋混凝土造,1110425,123.86,2,2,2,有,有,11200000,90425,坡道平面,24.59,0,,RPSOMLMJOHLGFBB87DA,58.84,0.0,7.05,有,0225
北屯區,房地(土地+建物)+車位,臺中市北屯區環中東路二段２８３號三樓之３,14.33,都市：其他:第二種商業區,,,1150530,土地1建物1車位1,三層,十五層,住宅大樓(11層含以上有電梯),住家用,鋼筋混凝土造,1071016,135.78,3,2,2,有,有,13000000,95743,坡道平面,23.19,0,,RPQPMLMKOHLGFBB87DA,67.44,0.0,7.71,有,0226
北屯區,房地(土地+建物)+車位,臺中市北屯區敦富路７３９號十二樓之３,13.62,都市：其他:第二之一種住宅區,,,1150508,土地1建物1車位1,十二層,十九層,住宅大樓(11層含以上有電梯),住家用,鋼筋混凝土造,1120907,116.32,2,2,2,有,有,14500000,124656,坡道平面,30.21,0,,RPQOMLQJPHLGFBB18DA,52.95,0.0,4.53,有,0227
北屯區,房地(土地+建物)+車位,臺中市北屯區北屯路２９８巷８之５號二樓,21.26,都市：其他:第二種住宅區,,,1150508,土地1建物1車位1,二層,九層,華廈(10層含以下有電梯),住家用,鋼筋混凝土造,1100208,126.31,3,2,2,有,有,12680000,100388,坡道平面,30.97,0,,RPSOMLSJPHLGFBB58DA,57.33,0.0,5.79,有,0228
北區,房地(土地+建物),臺中市北區太原八街６２號５樓之１,12.22,都市：其他:第二種住宅區,,,1150530,土地1建物1車位0,五層,六層,華廈(10層含以下有電梯),住家用,鋼筋混凝土造,0821230,75.75,2,2,1,有,有,5620000,74191,,0.0,0,陽台外推；,RPUOMLMLPHLGFBB38DA,54.85,0.0,6.64,有,
西屯區,土地,生態段56地號,749.12,都市：其他:第二種生態住宅專用區,,,1150518,土地1建物0車位0,,,其他,,,,0.0,0,0,0,無,無,189430000,252870,,0.0,0,,RPQNMLLLNHLGFCB67DA,0.0,0.0,0.0,無,
西屯區,房地(土地+建物)+車位,臺中市西屯區臺灣大道三段６３０之１號二十樓之１０,8.38,商,,,1150524,土地4建物1車位2,二十層,二十三層,住宅大樓(11層含以上有電梯),住家用,鋼筋混凝土造,1140826,113.27000000000001,2,2,2,有,有,15800000,179354,坡道機械,38.0,2300000,,RPXSMLQLNHLGFCB76DA,48.26,0.0,0.0,有,
西屯區,房地(土地+建物)+車位,臺中市西屯區惠來路二段８８號二十樓之１,32.42,都市：其他:第六種新市政中心專用區,,,1150527,土地1建物2車位2,二十層,二十層,住宅大樓(11層含以上有電梯),住家用,鋼筋混凝土造,0960123,396.96000000000004,3,2,3,有,有,56500000,142332,坡道平面,55.24,0,,RPWPMLSJOHLGFCB09DA,226.26,3.23,13.53,有,
南屯區,房地(土地+建物)+車位,臺中市南屯區大業路５５６號十二樓之１,44.22,住,,,1150524,土地1建物1車位1,十二層,十五層,住宅大樓(11層含以上有電梯),住家用,鋼筋混凝土造,1130707,269.48,4,2,3,有,有,55780000,225032,坡道平面,35.38,3100000,,RPQOMLOKPHLGFCB18DA,138.5,0.0,16.47,有,
豐原區,房地(土地+建物)+車位,臺中市豐原區三豐路一段１０３巷８８號九樓之２,26.71,商,,,1150512,土地2建物1車位1,九層,十一層,住宅大樓(11層含以上有電梯),住家用,鋼筋混凝土造,1091019,156.15,3,2,2,有,有,15750000,100865,坡道平面,36.99,0,另有一個機車位,RPSNMLKKPHLGFDB97DA,75.06,0.0,5.39,有,0229
大甲區,房地(土地+建物),臺中市大甲區大安港路１７３巷１２號,112.0,工,,,1150504,土地1建物1車位0,全,四層,透天厝,工業用,鋼筋混凝土造,0791101,291.13,4,2,4,有,無,10680000,36685,,0.0,0,頂樓加蓋；其他增建；,RPUNMLKKOHLGFEB18DA,291.13,0.0,0.0,無,
外埔區,房地(土地+建物),臺中市外埔區甲后路三段８１９號,99.83,住,,,1150529,土地1建物1車位0,全,三層,透天厝,住家用,鋼筋混凝土造,0771110,196.45,3,3,3,有,無,3600000,18325,,0.0,0,親友、員工、共有人或其他特殊關係間之交易；,RPQNMLQKPHLGFEB48DA,196.45,0.0,0.0,無,
沙鹿區,房地(土地+建物),臺中市沙鹿區錦華街１１７號,48.97,住,,,1150530,土地1建物1車位0,全,二層,透天厝,住商用,水泥平頂、磨石地床、加強磚造,0640601,94.08,5,1,3,有,無,4800000,51020,,0.0,0,親友、員工、共有人或其他特殊關係間之交易；陽台外推；,RPPNMLKMNHLGFFB87DA,94.08,0.0,0.0,無,
大雅區,房地(土地+建物),臺中市大雅區雅秀路５１之１號,141.72,農,,,1150515,土地4建物1車位0,全,四層,透天厝,住家用,鋼筋混凝土造,1121205,279.85,5,3,6,有,無,37000000,132214,,0.0,0,土地價款:新台幣1480萬元整，建物價款:新台幣2220萬元整。其他增建；,RPQNMLTKNHLGFHB88DA,263.2,0.0,16.65,有,
大雅區,房地(土地+建物),臺中市大雅區雅秀路５１之２號,142.44,農,,,1150515,土地6建物1車位0,全,四層,透天厝,住家用,鋼筋混凝土造,1121205,279.97,5,3,6,有,無,37000000,132157,,0.0,0,土地價款:新台幣1480萬元整，建物價款:新台幣2220萬元整。其他增建；,RPRNMLTKNHLGFHB98DA,263.2,0.0,16.77,有,
潭子區,房地(土地+建物)+車位,臺中市潭子區大新路７４號八樓,15.51,住,,,1150531,土地1建物1車位1,八層,八層,華廈(10層含以下有電梯),住家用,鋼筋混凝土造,0821021,94.96000000000001,2,2,2,有,有,8020000,84457,升降機械,0.0,0,,RPSNMLLLPHLGFHB58DA,66.9,2.96,8.98,有,0230
大里區,房地(土地+建物)+車位,臺中市大里區新仁路一段７１巷８號九樓之３,32.68,,鄉村區,乙種建築用地,1150522,土地1建物1車位1,九層,十一層,住宅大樓(11層含以上有電梯),住家用,鋼筋混凝土造,1060918,162.59,3,2,2,有,有,12000000,73805,坡道平面,37.41,0,,RPSNMLMJPHLGFIB58DA,75.57,7.57,5.5,有,0231
大甲區,土地,福德段549地號,26.16,,特定農業區,農牧用地,1150508,土地1建物0車位0,,,其他,,,,0.0,0,0,0,無,無,40007,1529,,0.0,0,地清或未辦繼承標售；,RPQNMLOLPHLGFEB48EA,0.0,0.0,0.0,無,0232
大甲區,土地,福德段549地號,6.54,,特定農業區,農牧用地,1150508,土地1建物0車位0,,,其他,,,,0.0,0,0,0,無,無,11917,1822,,0.0,0,地清或未辦繼承標售；,SPQNMLOLPHLGFEB58EA,0.0,0.0,0.0,無,0232
北區,房地(土地+建物),臺中市北區健行路１９８巷１６號六樓之２,24.41,都市：其他:第二種住宅區,,,1150523,土地1建物1車位0,六層,六層,華廈(10層含以下有電梯),住家用,鋼筋混凝土造,1091106,96.15,2,1,2,有,有,11360000,118149,,0.0,0,,RPUPMLTJOHLGFBB88DA,55.81,0.0,6.06,有,0234
北屯區,房地(土地+建物)+車位,臺中市北屯區陳平路２６之３號十三樓之２,27.79,都市：其他:第二種住宅區,,,1150505,土地1建物1車位1,十三層,十四層,住宅大樓(11層含以上有電梯),住家用,鋼筋混凝土造,1101104,167.92000000000002,3,2,2,有,有,19500000,116127,坡道平面,36.67,0,,RPTNMLNLOHLGFBB18DA,80.79,0.0,7.14,有,0235
北屯區,土地,洲際段354地號,415.94,都市：其他:第一之一種住宅區,,,1150531,土地1建物0車位0,,,其他,,,,0.0,0,0,0,無,無,70000000,168294,,0.0,0,未登記建物；,RPWNMLTJPHLGFBB98DA,0.0,0.0,0.0,無,
北屯區,房地(土地+建物)+車位,臺中市北屯區昌平五街２８６號二樓之２,47.9,都市：其他:第一之一種住宅區,,,1150509,土地1建物1車位1,二層,十四層,住宅大樓(11層含以上有電梯),住家用,鋼筋混凝土造,1130722,209.47000000000003,3,2,2,有,有,39280000,205659,坡道平面,30.63,2500000,,RPPNMLQKPHLGFBB08DA,106.36,0.0,10.43,有,
南屯區,房地(土地+建物)+車位,臺中市南屯區大墩十一街１７８之１號三樓,13.45,商,,,1150520,土地1建物1車位1,三層,八層,華廈(10層含以下有電梯),住家用,鋼筋混凝土造,0830816,87.1,2,2,1,有,有,8800000,101033,坡道機械,0.0,0,陽台外推；,RPVNMLTJOHLGFCB88DA,48.74,0.0,11.28,有,0236
南屯區,房地(土地+建物)+車位,臺中市南屯區向心路３６號十六樓之３,20.75,商,,,1150523,土地1建物1車位1,十六層,二十四層,住宅大樓(11層含以上有電梯),住家用,鋼筋混凝土造,1080119,262.99,3,2,3,有,有,33500000,127381,坡道平面,28.3,0,,RPPNMLSKOHLGFCB28DA,136.26,4.54,15.7,有,0237
西屯區,房地(土地+建物)+車位,臺中市西屯區櫻城一街１５６號二十三樓之３,21.01,住,,,1150516,土地2建物1車位1,二十三層,二十三層,住宅大樓(11層含以上有電梯),住家用,鋼筋混凝土造,1131121,147.8,3,2,2,有,有,23000000,155616,坡道平面,23.69,0,,RPPPMLOLOHLGFCB18DA,76.52,0.0,5.4,有,0238
南屯區,房地(土地+建物)+車位,臺中市南屯區忠勇路１０７之３號十一樓之１,13.63,住,,,1150510,土地1建物1車位1,十一層,十六層,住宅大樓(11層含以上有電梯),住家用,鋼筋混凝土造,0830905,111.73,3,2,2,有,有,8180000,73212,坡道機械,0.0,0,,RPRRMLLJPHLGFCB18DA,70.0,1.68,10.36,有,
西屯區,房地(土地+建物)+車位,臺中市西屯區櫻城三街５６號八樓之２,13.18,住,,,1150512,土地1建物1車位1,八層,十四層,住宅大樓(11層含以上有電梯),住家用,鋼筋混凝土造,0881102,136.63,3,2,2,有,有,14900000,109054,坡道機械,11.57,0,,RPVQMLLLPHLGFCB68DA,80.85,5.64,8.23,有,
西屯區,房地(土地+建物)+車位,臺中市西屯區臺灣大道三段３９９號十五樓之１,23.11,都市：其他:第六種新市政中心專用區,,,1150513,土地1建物1車位2,十五層,三十五層,住宅大樓(11層含以上有電梯),住家用,鋼骨鋼筋混凝土造,1050127,401.59000000000003,3,2,3,有,有,53600000,135911,坡道平面,32.23,3400000,含裝潢費3000000元；,RPTQMLMLPHLGFCB58DA,208.47,6.97,30.35,有,
西屯區,房地(土地+建物)+車位,臺中市西屯區青海路二段５１６號十四樓之７,17.15,住,,,1150527,土地2建物1車位1,十四層,十九層,住宅大樓(11層含以上有電梯),住家用,鋼筋混凝土造,1150108,142.48000000000002,3,2,2,有,有,22280000,174987,坡道平面,28.3,2300000,,RPTOMLNLPHLGFCB48DA,65.73,0.0,7.96,有,
大甲區,房地(土地+建物)+車位,臺中市大甲區光明路１０巷５號六樓之８,14.0,商,,,1150507,土地3建物1車位1,六層,十二層,住宅大樓(11層含以上有電梯),住家用,鋼筋混凝土造,1131107,81.57,2,1,1,有,有,6850000,83977,坡道機械,17.19,0,,RPVNMLKKOHLGFEB28DA,40.56,0.0,3.32,有,0239
外埔區,房地(土地+建物),臺中市外埔區中山路２２３巷１號,96.85,住,,,1150524,土地2建物1車位0,全,三層,透天厝,住家用,鋼筋混凝土造,1140509,151.38,4,3,3,有,無,13700000,90501,,0.0,0,本案拆價內容如下土地售價為新台幣4795000元整建物售價為新台幣8905000元整陽台外推；其他增建；,RPPNMLNJPHLGFEB97DA,135.38,0.0,16.0,無,
沙鹿區,房地(土地+建物)+車位,臺中市沙鹿區福田北街１２０號二樓之７,33.49,住,,,1150519,土地1建物1車位1,二層,八層,華廈(10層含以下有電梯),住家用,鋼筋混凝土造,1141219,152.3,3,2,2,有,有,11050000,72554,坡道平面,36.48,0,,RPTNMLNKPHLGFFB58DA,72.11,0.0,6.2,有,0240
新社區,房地(土地+建物),臺中市新社區華豐街３４８號,112.0,,鄉村區,乙種建築用地,1150517,土地1建物1車位0,全,二層,透天厝,住家用,加強磚造,0610421,117.04,5,3,1,有,無,3200000,27341,,0.0,0,其他增建；,RPRNMLPJOHLGFGB48DA,117.04,0.0,0.0,無,
潭子區,車位,臺中市潭子區僑興路１２３號等公共設施,0.0,,,,1150518,土地0建物1車位1,,,其他,,,,28.17,0,0,0,無,有,1550000,,坡道平面,28.17,1550000,建物坐落地號：僑興段12地號；僅車位交易；,RPWNMLTLOHLGFHB07DA,0.0,0.0,0.0,有,
潭子區,房地(土地+建物)+車位,臺中市潭子區興華一路１４１巷２０號七樓之１,19.14,住,,,1150530,土地2建物1車位1,七層,九層,華廈(10層含以下有電梯),住家用,鋼筋混凝土造,0871228,123.31,3,2,2,有,有,8950000,72581,坡道機械,0.0,0,,RPRNMLMLPHLGFHB58DA,72.0,0.0,11.53,有,
太平區,房地(土地+建物),臺中市太平區仁和街３３之１巷７號三樓之２,15.33,住,,,1150526,土地3建物1車位0,三層,五層,公寓(5樓含以下無電梯),住家用,鋼筋混凝土造,0720530,53.34,2,1,1,有,無,4320000,80990,,0.0,0,其他增建；,RPSNMLTJPHLGFJB76DA,44.14,0.0,4.64,無,
太平區,房地(土地+建物)+車位,臺中市太平區育賢路３２１號十五樓之２,16.11,商,,,1150527,土地1建物1車位1,十五層,十五層,住宅大樓(11層含以上有電梯),住家用,鋼筋混凝土造,1040901,169.37,3,2,2,有,有,9680000,57153,坡道平面,19.97,0,親友、員工、共有人或其他特殊關係間之交易；,RPQNMLMLPHLGFJB68DA,90.13,3.46,9.45,有,0241
龍井區,房地(土地+建物),臺中市龍井區遠東街８１巷２６號二樓之二,19.8,都市：其他:第二種住宅區,,,1150526,土地1建物1車位0,二層，電梯樓梯間,四層,公寓(5樓含以下無電梯),住家用,加強磚造,0690401,38.8,1,0,1,有,無,2300000,59278,,0.0,0,,RPRNMLRJPHLGFKB56DA,38.8,0.0,0.0,無,
大安區,土地,興安段231地號,12.13,,鄉村區,乙種建築用地,1150522,土地1建物0車位0,,,其他,,,,0.0,0,0,0,無,無,32000,2638,,0.0,0,地清或未辦繼承標售；,RPSNMLOLPHLGFEB68EA,0.0,0.0,0.0,無,
南區,房地(土地+建物)+車位,臺中市南區文心南路９０１巷４１號十樓之二,16.07,都市：其他:第二種住宅區,,,1150531,土地2建物1車位1,十層,十四層,住宅大樓(11層含以上有電梯),住家用,鋼筋混凝土造,0880515,148.13,3,2,2,有,有,10800000,72909,坡道平面,13.98,0,,RPQOMLNLPHLGFAB97DA,87.59,4.86,8.5,有,
西區,房地(土地+建物),臺中市西區民生路４１－１０號,20.4,都市：其他:第二種住宅區,,,1150523,土地2建物1車位0,二層,二層,公寓(5樓含以下無電梯),住家用,鐵筋加強磚,0571030,67.54,1,2,1,有,無,3750000,55523,,0.0,0,,RPOTMLOLPHLGFAB38DA,67.54,0.0,0.0,無,
西區,房地(土地+建物),臺中市西區民生路４１－１０號,19.6,都市：其他:第二種住宅區,,,1150523,土地2建物1車位0,全,一層,透天厝,住家用,鐵筋加強磚,0571030,66.0,0,0,0,無,無,7750000,117424,,0.0,0,,RPPTMLOLPHLGFAB48DA,66.0,0.0,0.0,無,
北屯區,房地(土地+建物),臺中市北屯區文昌東七街５２號二樓,23.4,都市：其他:第二種住宅區,,,1150517,土地1建物1車位0,二層,五層,華廈(10層含以下有電梯),住家用,鋼骨造,1140508,80.04,2,1,3,有,有,13000000,162419,,0.0,0,建物成交價格為9750000元；土地成交價格為3250000元。陽台外推；含租約；,RPOPMLLJPHLGFBB57DA,48.78,0.0,6.89,有,
北屯區,房地(土地+建物)+車位,臺中市北屯區軍福十九路２９８號三樓之５,33.44,都市：其他:第二種住宅區,,,1150531,土地1建物1車位1,三層,十八層,住宅大樓(11層含以上有電梯),住家用,鋼筋混凝土造,1140417,202.28,3,2,2,有,有,24200000,132396,坡道平面,33.09,1800000,,RPWNMLQKPHLGFBB78DA,99.33,0.0,11.92,有,
北屯區,房地(土地+建物),臺中市北屯區瀋陽路一段５６號,136.0,都市：其他:第二種住宅區,,,1150521,土地1建物1車位0,全,二層,透天厝,住家用,加強磚造,0721028,140.62,6,3,3,有,無,24350000,173162,,0.0,0,頂樓加蓋；其他增建；,RPPOMLLLPHLGFBB77DA,121.48,19.14,0.0,無,
南屯區,房地(土地+建物)+車位,臺中市南屯區大墩十四街３２８號九樓之３,21.29,都市：其他:第三之一種商業區,,,1150501,土地1建物1車位2,九層,二十三層,住宅大樓(11層含以上有電梯),住家用,鋼筋混凝土造,1040830,275.6,2,2,2,有,有,36000000,130624,坡道平面,44.31,0,,RPWNMLMLNHLGFCB38DA,138.59,6.82,13.21,有,0242
南屯區,房地(土地+建物)+車位,臺中市南屯區春安三街２００號十六樓之６,14.37,都市：其他:第五種住宅區,,,1150519,土地1建物1車位1,十六層,二十四層,住宅大樓(11層含以上有電梯),住家用,鋼筋混凝土造,1130704,151.35000000000002,3,2,2,有,有,15630000,103271,坡道平面,29.11,0,,RPQNMLPLNHLGFCB08DA,71.65,0.0,9.58,有,0243
西屯區,房地(土地+建物)+車位,臺中市西屯區福科路３７７巷２號九樓之５,35.78,都市：其他:第一之一種住宅區,,,1150529,土地2建物1車位1,九層,二十四層,住宅大樓(11層含以上有電梯),住家用,鋼筋混凝土造,1130911,184.32,3,2,2,有,有,35900000,223053,坡道平面,34.58,2500000,其他增建；,RPRRMLNJOHLGFCB28DA,91.7,0.0,6.96,有,0244
西屯區,房地(土地+建物)+車位,臺中市西屯區大墩十八街１５１巷６號五樓,17.75,都市：其他:第二種住宅區,,,1150522,土地1建物1車位1,五層,九層,華廈(10層含以下有電梯),住家用,鋼筋混凝土造,0870814,118.66,3,2,2,有,有,11400000,96073,坡道平面,24.5,0,陽台外推；,RPROMLOJOHLGFCB08DA,61.22,0.0,8.37,有,
西屯區,房地(土地+建物)+車位,臺中市西屯區青海路二段２７２號三樓之６,12.66,都市：其他:第三之二種住宅區,,,1150525,土地1建物1車位1,三層,十二層,住宅大樓(11層含以上有電梯),住家用,鋼筋混凝土造,1140515,94.85,1,1,1,有,有,10880000,114707,坡道平面,0.0,0,親友、員工、共有人或其他特殊關係間之交易；,RPVNMLOLPHLGFCB68DA,31.23,0.0,2.25,有,0245
豐原區,土地,安康段1031地號,212.64,住,,,1150511,土地1建物0車位0,,,其他,,,,0.0,0,0,0,無,無,30873600,145192,,0.0,0,未登記建物；,RPUOMLMKNHLGFDB28DA,0.0,0.0,0.0,無,
神岡區,房地(土地+建物),臺中市神岡區中山路１０１０巷１之２號,1046.83,工,,,1150514,土地5建物2車位0,全,二層,透天厝,工商用,加強磚造,0721020,705.87,0,0,0,無,無,83131400,117772,,0.0,0,,RPQQMLLLPHLGFDB28DA,690.93,0.0,14.94,無,
沙鹿區,房地(土地+建物),臺中市沙鹿區晉文路１５０巷１１弄１７號,77.23,住,,,1150531,土地2建物1車位0,全,四層,透天厝,住家用,鋼筋混凝土造,1040319,205.29000000000002,4,1,5,有,有,16000000,77939,,0.0,0,陽台外推；其他增建；,RPXNMLNJOHLGFFB78DA,180.09,0.0,24.93,無,0246
潭子區,房地(土地+建物),臺中市潭子區福潭路３１３巷４８號九樓,22.42,住,,,1150522,土地1建物1車位0,九層,十層,華廈(10層含以下有電梯),住家用,鋼筋混凝土造,0850110,117.25999999999999,3,2,2,有,有,7000000,59696,,0.0,0,親友、員工、共有人或其他特殊關係間之交易；,RPTNMLKKOHLGFHB38DA,81.54,2.13,5.16,有,0247
大雅區,房地(土地+建物),臺中市大雅區大林路１４０巷５２之２弄１０號,67.0,,特定農業區,甲種建築用地,1150512,土地2建物1車位0,全,三層,透天厝,其他,鋼筋混凝土造,0880806,125.14,4,3,3,有,無,11600000,92696,,0.0,0,頂樓加蓋；其他增建；,RPSNMLNLOHLGFHB68DA,112.92,5.98,6.24,無,
潭子區,房地(土地+建物)+車位,臺中市潭子區勝利路１７５號四樓,18.11,住,,,1150524,土地1建物1車位1,四層,八層,華廈(10層含以下有電梯),住家用,鋼筋混凝土造,0830825,124.16,3,2,2,有,有,7200000,57990,坡道機械,0.0,0,其他增建；,RPSNMLMJPHLGFHB48DA,71.38,14.03,9.86,有,
烏日區,房地(土地+建物)+車位,臺中市烏日區三榮北路１２８號七樓之１,38.73,住,,,1150525,土地1建物1車位1,七層,十三層,住宅大樓(11層含以上有電梯),住家用,鋼筋混凝土造,1100913,156.88,3,2,2,有,有,16280000,103774,坡道平面,37.98,0,,RPSNMLNJPHLGFIB68DA,74.61,0.0,9.81,有,0248
太平區,房地(土地+建物)+車位,臺中市太平區旱溪西路二段２４５號三樓之３,33.48,住,,,1150517,土地1建物1車位1,三層,十五層,住宅大樓(11層含以上有電梯),住家用,鋼筋混凝土造,1051104,195.15,3,2,2,有,有,15380000,78811,坡道平面,17.88,0,,RPQNMLSJPHLGFJB09DA,105.02,2.28,13.31,有,
西屯區,房地(土地+建物)+車位,臺中市西屯區惠中路一段５３號六樓之２,12.89,都市：其他:第二種新市政中心專用區,,,1150526,土地1建物1車位2,六層,二十三層,住宅大樓(11層含以上有電梯),住家用,鋼骨鋼筋混凝土造,1020502,150.48,2,1,2,有,有,19500000,129585,坡道平面,0.0,0,親友、員工、共有人或其他特殊關係間之交易；,RPPNMLRLPHLGFCB48EA,61.38,3.02,8.81,有,
西區,房地(土地+建物)+車位,臺中市西區五權路２之１１６號八樓之２,34.11,都市：其他:第一種商業區,,,1150519,土地2建物1車位2,八層,二十層,住宅大樓(11層含以上有電梯),住家用,鋼筋混凝土造,1091225,274.03,4,2,2,有,有,38500000,168116,坡道平面,65.84,3500000,其他增建；,RPVPMLQJPHLGFAB68DA,120.77,6.37,10.45,有,
南區,房地(土地+建物)+車位,臺中市南區高工路４８２號十樓之３,21.46,都市：其他:第三種住宅區。,,,1150501,土地1建物1車位1,十層,十五層,住宅大樓(11層含以上有電梯),住家用,鋼筋混凝土造,1090503,165.95,3,2,2,有,有,17500000,105453,坡道平面,33.94,0,,RPXNMLKKPHLGFAB18DA,79.02,0.0,10.24,有,0249
西區,房地(土地+建物)+車位,臺中市西區公路２６７號十一樓之７,12.04,都市：其他:第三種住宅區。,,,1150513,土地1建物1車位1,十一層,十三層,住宅大樓(11層含以上有電梯),住家用,鋼筋混凝土造,0830317,126.94999999999999,2,1,1,有,有,11200000,88224,坡道平面,0.0,0,親友、員工、共有人或其他特殊關係間之交易；,RPOOMLPKPHLGFAB87DA,77.48,2.22,9.1,有,
北屯區,房地(土地+建物)+車位,臺中市北屯區太和路一段２１８號五樓之２,22.1,都市：其他:第三種住宅區。,,,1150524,土地1建物1車位1,五層,十二層,住宅大樓(11層含以上有電梯),住家用,鋼筋混凝土造,1120618,131.47,2,2,2,有,有,13600000,123925,坡道平面,32.62,1350000,其他增建；,RPPNMLOLNHLGFBB77DA,61.79,0.0,5.16,有,0250
北屯區,房地(土地+建物)+車位,臺中市北屯區東山路一段９１巷３３號五樓之７,17.42,都市：其他:第三種住宅區。,,,1150508,土地3建物1車位1,五層,十層,華廈(10層含以下有電梯),辦公用,鋼筋混凝土造,0970723,109.41,3,2,2,有,有,12000000,109679,坡道平面,0.0,0,夾層；其他增建；,RPWNMLSKOHLGFBB88DA,53.47,2.42,7.36,有,
北區,房地(土地+建物),臺中市北區臺灣大道一段６３２號十一樓之３,2.69,都市：其他:第二種商業區,,,1150516,土地2建物1車位0,十一層,十二層,住宅大樓(11層含以上有電梯),住家用,鋼筋混凝土造,0840412,28.63,1,0,1,有,有,2300000,80335,,0.0,0,,RPWTMLOLOHLGFBB56DA,19.77,0.0,1.11,有,
北屯區,房地(土地+建物)+車位,臺中市北屯區南興路１０５０號五樓之１２,20.4,都市：其他:第二之一種住宅區,,,1150514,土地1建物1車位1,五層,十五層,住宅大樓(11層含以上有電梯),住家用,鋼筋混凝土造,1091110,175.37,3,2,2,有,有,20900000,119177,坡道平面,36.57,0,,RPSOMLKLPHLGFBB97DA,82.04,8.72,4.64,有,0251
北屯區,房地(土地+建物),臺中市北屯區祥順十街８１號,297.52,都市：其他:第二種住宅區,,,1150522,土地1建物1車位0,全,四層,透天厝,住家用,鋼筋混凝土造,1021105,442.36,7,2,6,有,無,50680000,114567,,0.0,0,,RPUNNLNLPHLGFBB48DA,398.71,0.0,43.65,有,
北屯區,房地(土地+建物)+車位,臺中市北屯區環太東路５０５號八樓之７,23.57,都市：其他:第三種住宅區。,,,1150530,土地1建物1車位1,八層,十五層,住宅大樓(11層含以上有電梯),住家用,鋼筋混凝土造,1110425,149.34,3,2,2,有,有,13660000,91469,坡道平面,24.59,0,,RPURMLOLPHLGFBB88DA,71.11,1.17,10.89,有,0252
南屯區,房地(土地+建物),臺中市南屯區東興東街６５號１１樓之２,13.33,都市：其他:第二種住宅區,,,1150511,土地1建物1車位0,十一層,十六層,住宅大樓(11層含以上有電梯),住家用,鋼筋混凝土造,0830503,113.81,3,2,2,有,有,9880000,86811,,0.0,0,其他增建；,RPOOMLOJOHLGFCB77DA,91.22,0.0,11.64,有,
南屯區,房地(土地+建物)+車位,臺中市南屯區東興路一段３６５號八樓之１,15.29,都市：其他:第二種住宅區,,,1150531,土地2建物1車位1,八層,十二層,住宅大樓(11層含以上有電梯),住家用,鋼筋混凝土造,0851210,161.23000000000002,2,2,2,有,有,16380000,101600,坡道平面,23.53,0,,RPTTMLNLOHLGFCB88DA,91.21,0.43,11.92,有,
西屯區,房地(土地+建物),臺中市西屯區逢甲路２０巷２８弄４之１號,11.4,都市：其他:第二種住宅區,,,1150514,土地6建物1車位0,三層,四層,公寓(5樓含以下無電梯),住家用,鋼筋混凝土造,0690211,71.41,6,0,6,有,無,7770000,108808,,0.0,0,,RPQOMLQLOHLGFCB38DA,71.41,0.0,0.0,無,0253
西屯區,房地(土地+建物)+車位,臺中市西屯區環中路三段６３號十五樓之２,10.22,都市：其他:第四之一種商業區,,,1150513,土地1建物1車位1,十五層,二十七層,住宅大樓(11層含以上有電梯),住家用,鋼骨鋼筋混凝土造,1060524,159.04000000000002,0,1,2,有,有,16000000,100604,坡道平面,31.72,0,,RPWOMLOKPHLGFCB78DA,69.17,4.55,8.76,有,0254
西屯區,房地(土地+建物)+車位,臺中市西屯區臺灣大道三段６９９號十二樓之５,6.76,都市：其他:第四之一種商業區,,,1150526,土地1建物1車位1,十二層,二十四層,住宅大樓(11層含以上有電梯),住家用,鋼筋混凝土造,0980914,80.32,1,2,1,有,有,10800000,134462,坡道機械,10.8,0,,RPPRMLLLPHLGFCB18DA,40.37,0.45,5.06,有,0255
南屯區,房地(土地+建物),臺中市南屯區大英街１５５號,97.0,都市：其他:第二種住宅區,,,1150521,土地1建物1車位0,全,三層,透天厝,其他,鋼筋混凝土造,0700918,194.15,10,2,11,有,無,26700000,137523,,0.0,0,陽台外推；頂樓加蓋；其他增建；,RPWNMLRLPHLGFCB09DA,194.15,0.0,0.0,無,
南屯區,房地(土地+建物)+車位,臺中市南屯區公益路二段６０８號十八樓之１,17.19,都市：其他:第三種住宅區。,,,1150516,土地1建物1車位1,十八層,二十五層,住宅大樓(11層含以上有電梯),住家用,鋼筋混凝土造,0860715,237.89,3,2,2,有,有,18150000,76296,坡道平面,36.44,0,陽台外推；,RPRRMLRLPHLGFCB98DA,135.29,0.0,17.96,有,
外埔區,房地(土地+建物)+車位,臺中市外埔區中山路１９７號三樓之１,26.55,住,,,1150524,土地1建物1車位1,三層,七層,華廈(10層含以下有電梯),住家用,鋼筋混凝土造,1140509,121.57,3,2,2,有,有,9230000,75923,坡道機械,0.0,800000,本案拆價內容如下:土地售價為新臺幣2108000元正建物售價為新臺幣6322000元正,RPPNMLSKOHLGFEB48DA,68.0,0.0,6.83,有,
大甲區,房地(土地+建物),臺中市大甲區中山路二段２２７號,96.15,都市：其他:商業區,,,1150507,土地2建物1車位0,全,二層,透天厝,住商用,加強磚造,0630114,142.12,3,1,3,有,無,4000000,28145,,0.0,0,親友、員工、共有人或其他特殊關係間之交易；頂樓加蓋；,RPVNMLTLPHLGFEB76DA,142.12,0.0,0.0,無,
沙鹿區,房地(土地+建物),臺中市沙鹿區保成五街１２８巷１２號,126.58,住,,,1150503,土地8建物1車位0,全,三層,透天厝,住家用,鋼筋混凝土造,1050125,155.22,5,3,3,有,有,16280000,104883,,0.0,0,其他增建；,RPPNMLLJPHLGFFB87DA,142.88,0.0,12.33,無,
沙鹿區,房地(土地+建物),臺中市沙鹿區北勢東路１５５巷１６９號,87.61,住,,,1150509,土地3建物1車位0,全,三層,透天厝,住家用,鋼筋混凝土造,1030519,171.35,4,3,3,有,無,16180000,94427,,0.0,0,其他增建；,RPQOMLMJPHLGFFB18DA,159.78,0.0,8.06,無,
沙鹿區,房地(土地+建物),臺中市沙鹿區長春路２０２巷６６弄１６號,118.3,住,,,1150531,土地3建物1車位0,全,四層,透天厝,住家用,鋼筋混凝土造,1120509,190.72,5,2,3,有,無,16000000,83893,,0.0,0,其他增建；,RPRNMLNLPHLGFFB48DA,177.32,0.0,13.4,無,0256
烏日區,房地(土地+建物)+車位,臺中市烏日區高鐵路二段１５０號十二樓之９,17.21,商,,,1150501,土地1建物1車位1,十二層,二十層,住宅大樓(11層含以上有電梯),住家用,鋼筋混凝土造,1110805,138.31,3,2,2,有,有,15900000,114959,坡道平面,24.76,0,,RPQNMLRJNHLGFIB68DA,68.23,0.0,6.02,有,0257
霧峰區,土地,北柳南段1123地號,2128.1,,特定農業區,農牧用地,1150514,土地1建物0車位0,,,其他,,,,0.0,0,0,0,無,無,6000000,2819,,0.0,0,親友、員工、共有人或其他特殊關係間之交易；未登記建物；,RPRNMLQLNHLGFIB88DA,0.0,0.0,0.0,無,
烏日區,房地(土地+建物),臺中市烏日區興祥街８７巷１８號,83.21,住,,,1150527,土地1建物1車位0,全,三層,透天厝,住家用,鋼筋混凝土造,0700720,170.62,4,2,4,有,無,8000000,46888,,0.0,0,親友、員工、共有人或其他特殊關係間之交易；,RPPNMLKKPHLGFIB18DA,160.31,0.0,10.31,無,
大里區,房地(土地+建物)+車位,臺中市大里區仁化工二路５０號二樓,20.69,,工業區,丁種建築用地,1150510,土地1建物1車位1,二層,十五層,住宅大樓(11層含以上有電梯),住家用,鋼筋混凝土造,1090331,131.94,3,2,2,有,有,9480000,71851,坡道平面,26.09,0,其他增建；,RPOQMLQKPHLGFIB98DA,64.53,0.0,5.69,有,0258
太平區,房地(土地+建物),臺中市太平區新英街２之３號,160.0,住,,,1150529,土地2建物1車位0,全,四層,透天厝,其他,鋼筋混凝土造,0911011,179.88,4,3,3,有,無,14000000,77830,,0.0,0,,RPTNMLTJPHLGFJB86DA,163.18,8.49,8.21,無,
太平區,房地(土地+建物)+車位,臺中市太平區環中東路三段６６８號十樓之９,23.29,住,,,1150530,土地1建物1車位2,十層,十四層,住宅大樓(11層含以上有電梯),住家用,鋼筋混凝土造,1120522,173.85,3,2,2,有,有,14110000,81162,坡道平面,59.92,0,,RPUNMLQKPHLGFJB76DA,66.86,0.0,9.14,有,0259
太平區,房地(土地+建物)+車位,臺中市太平區育才路１７１號八樓之５,26.58,住,,,1150528,土地1建物1車位1,八層,十五層,住宅大樓(11層含以上有電梯),住家用,鋼筋混凝土造,1150113,155.19,3,2,2,有,有,15090000,105388,坡道平面,28.23,1710000,預售屋、或土地及建物分件登記案件；,RPOOMLOLPHLGFJB78DA,76.02,0.0,9.29,有,
太平區,房地(土地+建物)+車位,臺中市太平區育才路１７３號九樓之２,26.58,住,,,1150529,土地1建物1車位2,九層,十五層,住宅大樓(11層含以上有電梯),住家用,鋼筋混凝土造,1150113,183.62,3,2,2,有,有,15640000,103570,坡道平面,56.46,2470000,預售屋、或土地及建物分件登記案件；,RPPOMLOLPHLGFJB88DA,77.57,0.0,9.32,有,
太平區,房地(土地+建物)+車位,臺中市太平區育才路１６７號十樓之６,19.14,住,,,1150528,土地1建物1車位1,十層,十五層,住宅大樓(11層含以上有電梯),住家用,鋼筋混凝土造,1150113,125.02000000000001,2,2,2,有,有,11470000,99804,坡道平面,28.23,1810000,預售屋、或土地及建物分件登記案件；,RPQOMLOLPHLGFJB98DA,56.68,0.0,7.06,有,
太平區,房地(土地+建物)+車位,臺中市太平區育才路１７３號十二樓之３,32.96,住,,,1150528,土地1建物1車位2,十二層,十五層,住宅大樓(11層含以上有電梯),住家用,鋼筋混凝土造,1150113,215.6,4,2,2,有,有,18720000,100038,坡道平面,56.46,2800000,預售屋、或土地及建物分件登記案件；,RPUOMLOLPHLGFJB76DA,98.88,0.0,10.0,有,
大甲區,土地,福德段549地號,16.86,,特定農業區,農牧用地,1150507,土地1建物0車位0,,,其他,,,,0.0,0,0,0,無,無,25793,1530,,0.0,0,地清或未辦繼承標售；,RPPNMLTLPHLGFEB88EA,0.0,0.0,0.0,無,0232
大甲區,土地,福德段549地號,4.22,,特定農業區,農牧用地,1150507,土地1建物0車位0,,,其他,,,,0.0,0,0,0,無,無,7683,1821,,0.0,0,地清或未辦繼承標售；,RPQNMLTLPHLGFEB98EA,0.0,0.0,0.0,無,0232
南區,房地(土地+建物),臺中市南區復興路３段３６３號３樓之３,13.74,都市：其他:第一種商業區,,,1150514,土地1建物1車位0,三層,十一層,住宅大樓(11層含以上有電梯),住家用,鋼筋混凝土造,0681004,102.51,2,2,2,有,有,5680000,55409,,0.0,0,陽台外推；其他增建；,RPSNMLOKOHLGFAB97DA,102.51,0.0,0.0,有,
西區,房地(土地+建物)+車位,臺中市西區忠明南路２３９號,28.0,都市：其他:第三種住宅區。,,,1150531,土地1建物1車位1,一層，二層，三層，騎樓,十二層,住宅大樓(11層含以上有電梯),住商用,鋼筋混凝土造,0810402,201.12,3,3,2,有,有,13500000,67124,升降機械,0.0,0,陽台外推；其他增建；,RPQOMLNLOHLGFAB87DA,145.47,7.87,21.69,有,
南區,房地(土地+建物),臺中市南區學府路１６８巷５號十六樓之１,7.75,都市：其他:第二種住宅區,,,1150516,土地3建物1車位0,十六層,十九層,住宅大樓(11層含以上有電梯),住家用,鋼筋混凝土造,0860428,86.85,2,1,1,有,有,5850000,67358,,0.0,0,陽台外推；,RPSOMLMJPHLGFAB87DA,48.52,0.0,7.0,有,
南區,房地(土地+建物)+車位,臺中市南區忠明南路８９８號,15.51,都市：其他:第三種住宅區。,,,1150531,土地1建物1車位1,一層，二層，騎樓,十四層,住宅大樓(11層含以上有電梯),住商用,鋼筋混凝土造,0850802,142.23000000000002,1,2,2,有,有,8000000,56247,坡道機械,0.0,0,親友、員工、共有人或其他特殊關係間之交易；,RPRNMLRLPHLGFAB38DA,104.14,0.0,5.56,有,
北屯區,房地(土地+建物),臺中市北屯區大連路二段３０號,138.0,都市：其他:第二種住宅區,,,1150523,土地1建物1車位0,全,二層,透天厝,住家用,加強磚造,0741218,195.14,6,2,8,有,無,22300000,114277,,0.0,0,陽台外推；頂樓加蓋；,RPPNMLQLNHLGFBB97DA,166.79,16.3,12.05,無,
北屯區,房地(土地+建物)+車位,臺中市北屯區松順一街３３號十樓,28.32,都市：其他:第二種住宅區,,,1150505,土地1建物1車位1,十層,十二層,住宅大樓(11層含以上有電梯),住家用,鋼筋混凝土造,0830614,202.16,4,2,2,有,有,15150000,74941,坡道平面,0.0,0,陽台外推；,RPVNMLRKOHLGFBB68DA,127.36,3.83,14.08,有,
北區,房地(土地+建物),臺中市北區柳川東路四段１３號７樓之４,1.64,都市：其他:第二種住宅區,,,1150525,土地2建物1車位0,七層,七層,華廈(10層含以下有電梯),住家用,鋼筋混凝土造,0741024,37.42,1,1,1,有,有,1768000,47247,,0.0,0,,RPOOMLPJPHLGFBB87DA,34.57,0.0,2.85,有,
北屯區,房地(土地+建物)+車位,臺中市北屯區山西路三段２８８號七樓之１,35.29,都市：其他:第三種住宅區。,,,1150524,土地1建物1車位2,七層,十九層,住宅大樓(11層含以上有電梯),住家用,鋼筋混凝土造,1041022,299.37,4,2,2,有,有,37700000,125931,坡道平面,46.96,0,,RPORMLTJPHLGFBB58DA,140.25,6.6,20.2,有,
北屯區,房地(土地+建物)+車位,臺中市北屯區太和路二段１０３號二樓之１,28.5,都市：其他:第二種住宅區,,,1150523,土地1建物1車位1,二層,十三層,住宅大樓(11層含以上有電梯),住家用,鋼筋混凝土造,1101107,173.78,4,2,2,有,有,18000000,103579,坡道平面,31.22,0,,RPVOMLKKPHLGFBB18DA,89.84,0.0,5.83,有,
北屯區,房地(土地+建物),臺中市北屯區松竹路二段８６巷９５弄１號,106.0,都市：其他:第二種住宅區,,,1150514,土地1建物1車位0,全,三層,透天厝,住家用,加強磚造,0771124,234.67,5,2,3,有,無,12000000,51136,,0.0,0,親友、員工、共有人或其他特殊關係間之交易；,RPPOMLNKPHLGFBB87DA,208.11,16.14,10.42,無,
西屯區,房地(土地+建物)+車位,臺中市西屯區福上巷１３３號八樓之３,34.57,都市：其他:第二種住宅區,,,1150517,土地1建物1車位1,八層,十四層,住宅大樓(11層含以上有電梯),住家用,鋼筋混凝土造,0960320,209.81,4,2,2,有,有,16000000,76259,坡道平面,0.0,1500000,,RPPNMLRKNHLGFCB08DA,112.35,0.0,13.51,有,
西屯區,房地(土地+建物),臺中市西屯區福順路８４５號八樓之１,16.35,都市：其他:第一之一種住宅區,,,1150531,土地2建物1車位0,八層,十四層,住宅大樓(11層含以上有電梯),住家用,鋼筋混凝土造,0831108,106.66999999999999,3,2,2,有,有,7100000,66560,,0.0,0,,RPWOMLTLOHLGFCB66DA,73.78,0.0,9.57,有,
南屯區,房地(土地+建物)+車位,臺中市南屯區豐富路１９９號三樓之９,10.38,都市：其他:第一種商業區,,,1150527,土地1建物1車位1,三層,十五層,住宅大樓(11層含以上有電梯),住家用,鋼筋混凝土造,0980330,99.52000000000001,4,2,2,有,有,10000000,100482,坡道平面,29.59,0,親友、員工、共有人或其他特殊關係間之交易；,RPXQMLTJPHLGFCB86DA,46.65,2.82,6.78,有,
豐原區,房地(土地+建物),臺中市豐原區豐原大道三段２５３號,103.33,都市：其他:第三種住宅區。,,,1150520,土地1建物1車位0,全,四層,透天厝,住家用,鋼筋混凝土造,1040805,272.11,7,2,7,有,無,30500000,112087,,0.0,0,頂樓加蓋；其他增建；,RPUNMLLJPHLGFDB18DA,258.46,0.0,13.65,有,
大安區,房地(土地+建物),臺中市大安區松十街３３號,110.0,,鄉村區,乙種建築用地,1150531,土地1建物1車位0,全,四層,透天厝,住家用,鋼筋混凝土造,1140428,293.31,4,3,5,有,無,22000000,75006,,0.0,0,其他增建；,RPRNMLMJOHLGFEB97DA,278.11,0.0,15.2,有,
大雅區,房地(土地+建物),臺中市大雅區神林南路１７３巷１弄２１號三樓,16.0,住,,,1150524,土地1建物1車位0,三層,五層,公寓(5樓含以下無電梯),住家用,鋼筋混凝土造,0701219,52.93,2,1,1,有,無,3900000,73682,,0.0,0,,RPTNMLRKOHLGFHB09DA,45.78,0.0,7.15,無,
大里區,房地(土地+建物)+車位,臺中市大里區光明路１０號十三樓之１,32.51,,鄉村區,乙種建築用地,1150531,土地1建物1車位1,十三層,十四層,住宅大樓(11層含以上有電梯),住家用,鋼筋混凝土造,1121101,148.65,3,2,2,有,有,12300000,82745,坡道平面,29.09,0,,RPWRMLQKOHLGFIB17DA,73.85,0.0,6.32,有,
大里區,房地(土地+建物)+車位,臺中市大里區中興路二段日新巷２２弄６號六樓之２,42.19,都市：其他:住宅區,,,1150507,土地1建物1車位1,六層,十一層,住宅大樓(11層含以上有電梯),住家用,鋼筋混凝土造,1051219,202.57999999999998,3,2,2,有,有,18580000,105942,坡道平面,41.36,1500000,其他增建；,RPSOMLLJPHLGFIB58DA,92.76,7.2,9.59,有,
烏日區,房地(土地+建物)+車位,臺中市烏日區三榮一路３３號三樓,39.8,住,,,1150524,土地1建物1車位1,三層,十二層,住宅大樓(11層含以上有電梯),住家用,鋼筋混凝土造,1051021,181.87,3,2,2,有,有,15600000,85776,坡道平面,27.12,0,,RPWNMLQJPHLGFIB76DA,90.51,0.0,9.17,有,
大里區,房地(土地+建物),臺中市大里區永隆路５０６號九樓之６,11.54,都市：其他:商業區,,,1150519,土地1建物1車位0,九層,十層,華廈(10層含以下有電梯),住家用,鋼筋混凝土造,0940314,80.31,2,2,2,有,有,6000000,74710,,0.0,0,,RPPNMLLLPHLGFIB38DA,51.97,0.0,6.79,有,
大里區,土地,樹王段181地號,756.88,,特定農業區,農牧用地,1150514,土地1建物0車位0,,,其他,,,,0.0,0,0,0,無,無,27470000,36294,,0.0,0,,RPSNMLOLPHLGFIB98DA,0.0,0.0,0.0,無,
太平區,房地(土地+建物),臺中市太平區光興路９１巷１０號,93.0,,一般農業區,甲種建築用地,1150523,土地1建物1車位0,全,二層,透天厝,住家用,加強磚造,0680303,115.04,4,2,2,有,無,8630000,75017,,0.0,0,其他增建；,RPXNMLTLOHLGFJB37DA,115.04,0.0,0.0,無,
太平區,房地(土地+建物),臺中市太平區光興路４０１南巷２０弄１０號,31.03,,一般農業區,甲種建築用地,1150516,土地1建物1車位0,全,二層,透天厝,住商用,加強磚造,0690320,56.48,3,2,2,有,無,2800000,49575,,0.0,0,親友、員工、共有人或其他特殊關係間之交易；,RPSNMLRLPHLGFJB76DA,52.96,0.0,3.52,無,
南區,房地(土地+建物),臺中市南區仁和一街４８號,98.0,都市：其他:第二種住宅區,,,1150423,土地2建物1車位0,全,四層,透天厝,住家用,鋼筋混凝土造,1021017,333.59,5,3,7,有,無,39800000,119308,,0.0,0,陽台外推；頂樓加蓋；其他增建；,RPTOMLLKOHLGFAB87DA,300.18,0.0,33.41,無,0262
北屯區,房地(土地+建物),臺中市北屯區太祥路２７６號,193.7,都市：其他:第一種住宅區,,,1150408,土地1建物1車位0,全,四層,透天厝,住家用,鋼筋混凝土造,1060921,362.87,5,3,6,有,無,43300000,119326,,0.0,0,其他增建；,RPTNMLNJOHLGFBB97DA,336.75,0.0,26.12,有,0263
北屯區,土地,建安段220地號,137.0,都市：其他:第一種住宅區,,,1150414,土地1建物0車位0,,,其他,,,,0.0,0,0,0,無,無,12188800,88969,,0.0,0,,RPRPMLQJPHLGFBB38DA,0.0,0.0,0.0,無,0264
北屯區,房地(土地+建物),臺中市北屯區松柏三街６７號,125.46,都市：其他:第一之一種住宅區,,,1150407,土地1建物1車位0,全,五層,透天厝,住家用,鋼筋混凝土造,1140922,303.99,4,3,6,有,無,53800000,176980,,0.0,0,,RPSQMLQJPHLGFBB58DA,266.01,0.0,37.98,有,
北屯區,房地(土地+建物)+車位,臺中市北屯區崇德路三段６９９號九樓之８,17.19,都市：其他:第二種商業區,,,1150428,土地1建物1車位1,九層,二十一層,住宅大樓(11層含以上有電梯),住家用,鋼筋混凝土造,1021226,192.59,3,2,2,有,有,26200000,136040,坡道平面,27.15,0,,RPRQMLOKPHLGFBB38DA,95.83,4.37,13.3,有,
西屯區,房地(土地+建物),臺中市西屯區西安街７６巷５弄１號,171.0,住,,,1150404,土地2建物1車位0,全,二層,透天厝,住家用,鐵筋加強磚造,0620515,102.24,4,2,2,有,無,22300000,218114,,0.0,0,其他增建；,RPQNMLQKOHLGFCB18DA,102.24,0.0,0.0,無,
后里區,土地,平安段327地號,57.65,商,,,1150408,土地2建物0車位0,,,其他,,,,0.0,0,0,0,無,無,6449000,111865,,0.0,0,未登記建物；,RPWNMLPKNHLGFDB68DA,0.0,0.0,0.0,無,
神岡區,房地(土地+建物),臺中市神岡區中平路２４０巷４號,98.49,,一般農業區,甲種建築用地,1150413,土地2建物1車位0,全,四層,透天厝,住家用,鋼筋混凝土造,0830311,146.7,4,3,2,有,無,8200000,55896,,0.0,0,增建:壹樓空地 頂樓,RPRPMLOKPHLGFDB48DA,135.06,11.64,0.0,無,
外埔區,土地,大東段523地號,489.34,,鄉村區,乙種建築用地,1150401,土地2建物0車位0,,,其他,,,,0.0,0,0,0,無,無,26600000,54359,,0.0,0,本約買賣總價新台幣2660萬元整內含明細:1.台中市外埔區大東段523地號買賣價金新台幣2590萬元整。2.台中市外埔區大東段527地號買賣價金新台幣70萬元整未登記建物；,RPPNMLSJPHLGFEB48DA,0.0,0.0,0.0,無,
外埔區,土地,三崁段670-2地號,3573.37,,特定農業區,農牧用地,1150411,土地1建物0車位0,,,其他,,,,0.0,0,0,0,無,無,13500000,3778,,0.0,0,,RPRNMLKLPHLGFEB08DA,0.0,0.0,0.0,無,
沙鹿區,房地(土地+建物)+車位,臺中市沙鹿區斗潭路１５５巷１０５號一樓之１,34.89,,,,1150409,土地4建物1車位1,一層,十二層,住宅大樓(11層含以上有電梯),住家用,鋼筋混凝土造,1080730,113.28,2,2,1,有,有,7200000,63559,坡道平面,35.15,0,,RPRSMLTLMHLGFFB66DA,52.91,0.0,1.95,有,0265
霧峰區,房地(土地+建物),臺中市霧峰區樹仁路１３８號四樓之１,9.91,商,,,1150418,土地2建物1車位0,四層,九層,華廈(10層含以下有電梯),住家用,鋼筋混凝土造,1050127,72.12,2,0,2,有,有,4050000,56156,,0.0,0,,RPXNMLNKNHLGFIB09DA,34.46,0.0,4.29,有,
烏日區,房地(土地+建物)+車位,臺中市烏日區健行路８００號六樓之１,33.42,住,,,1150422,土地1建物1車位1,六層,十四層,住宅大樓(11層含以上有電梯),住家用,鋼筋混凝土造,1091029,152.17000000000002,2,2,2,有,有,13800000,90688,坡道平面,30.18,0,,RPTNMLOKPHLGFIB98DA,71.59,1.96,9.67,有,0266
太平區,房地(土地+建物)+車位,臺中市太平區環中東路三段６１２號十一樓之５,17.19,住,,,1150413,土地1建物1車位1,十一層,十三層,住宅大樓(11層含以上有電梯),住家用,鋼筋混凝土造,1140911,115.4,2,2,2,有,有,13080000,134599,坡道平面,31.67,1810000,預售屋、或土地及建物分件登記案件；,RPQOMLOJOHLGFJB68DA,52.07,0.0,3.24,有,
大肚區,土地,瑞井段210地號,33.54,,鄉村區,乙種建築用地,1150424,土地1建物0車位0,,,其他,,,,0.0,0,0,0,無,無,638820,19047,,0.0,0,地清或未辦繼承標售；,RPQNMLKKPHLGFKB48DA,0.0,0.0,0.0,無,0267
龍井區,土地,南寮段282地號,29.84,,鄉村區,乙種建築用地,1150425,土地1建物0車位0,,,其他,,,,0.0,0,0,0,無,無,992893,33274,,0.0,0,親友、員工、共有人或其他特殊關係間之交易；,RPRNMLPKPHLGFKB09DA,0.0,0.0,0.0,無,0268
西區,房地(土地+建物)+車位,臺中市西區忠明南路３０３號十三樓之３,23.43,都市：其他:第三種住宅區。,,,1150427,土地2建物2車位1,十三層,二十七層,住宅大樓(11層含以上有電梯),商業用,鋼筋混凝土造,0800119,385.84,0,2,0,有,有,22000000,57583,坡道平面,21.15,1000000,陽台外推；,RPQNMLPKPHLGFAB08EA,188.92,44.6,20.12,有,
神岡區,房地(土地+建物)+車位,臺中市神岡區昌平路五段３１３巷８６號,30.01,住,,,1150430,土地1建物1車位1,一層，見其他登記事項,十層,華廈(10層含以下有電梯),住家用,鋼筋混凝土造,1110318,114.08,4,2,3,有,有,15600000,136746,坡道平面,26.8,0,夾層；,RPPNMLPKPHLGFDB28EA,50.73,0.0,7.78,有,
北屯區,房地(土地+建物)+車位,臺中市北屯區安順四街３５號５樓之３,13.62,都市：其他:第二種住宅區,,,1150426,土地1建物1車位1,五層,十三層,住宅大樓(11層含以上有電梯),住家用,鋼筋混凝土造,0801214,122.58,3,2,2,有,有,8050000,65671,升降機械,0.0,0,,RPUNMLRKPHLGFBB68DA,45.06,27.07,7.12,有,0269
北屯區,房地(土地+建物)+車位,臺中市北屯區同榮路３０１號四樓之１,22.72,都市：其他:第二種住宅區,,,1150424,土地1建物1車位1,四層,十四層,住宅大樓(11層含以上有電梯),住家用,鋼筋混凝土造,1120328,163.42000000000002,3,2,2,有,有,18880000,115531,坡道平面,34.98,0,,RPWNMLRKPHLGFBB88DA,75.72,0.0,9.18,有,0270
西屯區,房地(土地+建物)+車位,臺中市西屯區上墩東街８８號十九樓之９,20.31,住,,,1150420,土地1建物1車位1,十九層,二十二層,住宅大樓(11層含以上有電梯),住家用,鋼筋混凝土造,1051124,193.64,2,2,2,有,有,30600000,158025,坡道平面,33.08,0,,RPRNMLSLOHLGFCB58DA,93.1,3.4,12.29,有,0271
大里區,房地(土地+建物),臺中市大里區至善路８巷１９弄３３號,70.67,,一般農業區,甲種建築用地,1150427,土地6建物1車位0,全,四層,透天厝,住家用,鋼筋混凝土造,1130909,192.98999999999998,4,2,4,有,有,19300000,100005,,0.0,0,,RPUNMLRJPHLGFIB66DA,181.12,0.0,11.61,無,0272
大里區,房地(土地+建物),臺中市大里區公教街６０巷１４號,83.85,,鄉村區,乙種建築用地,1150413,土地1建物1車位0,全,四層,透天厝,住家用,鋼筋混凝土造,0810712,183.03,4,2,3,有,無,9000000,49172,,0.0,0,親友、員工、共有人或其他特殊關係間之交易；,RPWNMLNKPHLGFIB56DA,172.29,3.42,7.32,無,0273
太平區,房地(土地+建物),臺中市太平區德興街１３６巷１１７號,78.85,,鄉村區,乙種建築用地,1150426,土地1建物1車位0,全,四層,透天厝,其他,鋼筋混凝土造,0840809,202.13,5,3,3,有,無,12800000,63326,,0.0,0,其他增建；,RPPNMLMJPHLGFJB38DA,185.11,0.0,17.02,無,
北區,房地(土地+建物),臺中市北區雙十路二段４５巷３之３號,133.0,都市：其他:第二種住宅區,,,1150425,土地1建物1車位0,全,二層,透天厝,住家用,鋼筋混凝土加強磚造,0580827,247.18,4,2,4,有,無,23580000,95396,,0.0,0,其他增建:壹樓空地、頂樓、壹樓側院、洗衣房其他增建；,RPQPMLSKOHLGFBB48DA,247.18,0.0,0.0,無,
南屯區,房地(土地+建物)+車位,臺中市南屯區京展街２１０號十二樓之１,57.59,都市：其他:第二種住宅區,,,1150409,土地2建物1車位1,十二層,十五層,住宅大樓(11層含以上有電梯),住家用,鋼筋混凝土造,0830718,354.12,4,3,3,有,有,28200000,79636,坡道平面,0.0,0,其他增建；,RPRNMLQKOHLGFCB28DA,171.36,93.15,28.56,有,
西屯區,房地(土地+建物)+車位,臺中市西屯區福科一街５８號九樓之２,28.2,住,,,1150411,土地2建物1車位1,九層,二十四層,住宅大樓(11層含以上有電梯),住家用,鋼筋混凝土造,1051215,221.07,3,2,2,有,有,29660000,134166,坡道平面,31.4,0,,RPPNMLOJPHLGFCB87DA,115.23,0.0,11.83,有,0274
后里區,土地,墩北段545地號,2110.75,農,,,1150421,土地3建物0車位0,,,其他,,,,0.0,0,0,0,無,無,36000000,17056,,0.0,0,后里區墩北段545-2地號， 成交總價1350萬。后里區墩北段545、545-3地號， 成交總價2250萬。未登記建物；,RPRNMLKKOHLGFDB77DA,0.0,0.0,0.0,無,
后里區,房地(土地+建物),臺中市后里區成功路４８１巷９號,117.63,住,,,1150418,土地2建物1車位0,全,四層,透天厝,住家用,鋼筋混凝土造,1130301,220.56,4,3,5,有,無,19000000,86144,,0.0,0,其他增建；,RPROMLSKOHLGFDB68DA,202.33,0.0,18.23,無,0275
神岡區,土地,圳前段99地號,317.27,住,,,1150402,土地3建物0車位0,,,其他,,,,0.0,0,0,0,無,無,37909800,119488,,0.0,0,土地上有停車位棚架。,RPWOMLTLOHLGFDB76DA,0.0,0.0,0.0,無,
大安區,土地,新南埔段1379地號,1220.5,,特定農業區,農牧用地,1150410,土地1建物0車位0,,,其他,,,,0.0,0,0,0,無,無,13800000,11307,,0.0,0,未登記建物；,RPPNMLNJOHLGFEB87DA,0.0,0.0,0.0,無,
大甲區,房地(土地+建物)+車位,臺中市大甲區忠孝街１８０號二樓之３,28.07,商,,,1150414,土地1建物1車位1,二層,十一層,住宅大樓(11層含以上有電梯),住家用,鋼筋混凝土造,1111027,168.63,3,2,2,有,有,16000000,94882,坡道平面,0.0,0,車位編號：地下室B1. 53編號未登記建物；,RPQNMLNLPHLGFEB28DA,87.37,0.0,6.81,有,0276
太平區,房地(土地+建物),臺中市太平區長安路４１９號,106.43,,鄉村區,乙種建築用地,1150428,土地1建物1車位0,全,二層,透天厝,住商用,加強磚造,0680415,87.36,6,2,2,有,無,10000000,114469,,0.0,0,含地政士服務費22000元；其他 契稅履保費 印花稅地政規費謄本:26190元；親友、員工、共有人或其他特殊關係間之交易；頂樓加蓋；其他增建；,RPSNMLPKPHLGFJB09DA,87.36,0.0,0.0,無,
西區,房地(土地+建物),臺中市西區正福街２號６樓之１,15.31,都市：其他:第二種住宅區,,,1150411,土地1建物1車位0,六層,十層,華廈(10層含以下有電梯),住家用,鋼筋混凝土造,0830207,110.48,3,2,2,有,有,4500000,40731,,0.0,0,親友、員工、共有人或其他特殊關係間之交易；,RPUPMLOKMHLGFAB18DA,79.75,0.0,10.2,有,
西區,房地(土地+建物),臺中市西區美村路一段６４７號,124.98,都市：其他:第二種住宅區,,,1150420,土地2建物1車位0,全,四層,透天厝,商業用,鐵筋加強磚,0640613,284.24,5,3,6,有,無,40000000,140726,,0.0,0,頂樓加蓋；其他增建；,RPRNMLNLMHLGFAB67DA,284.24,0.0,0.0,無,
西區,房地(土地+建物),臺中市西區模範街３巷２１號,129.0,都市：其他:第三種住宅區。,,,1150428,土地1建物1車位0,全,一層,透天厝,住家用,土木造,,39.67,2,2,1,有,無,28000000,705823,,0.0,0,,RPSNMLKKOHLGFAB57DA,39.67,0.0,0.0,無,
西屯區,房地(土地+建物)+車位,臺中市西屯區臺灣大道三段７６１號十三樓之６,5.68,商,,,1150402,土地1建物1車位1,十三層,三十六層,住宅大樓(11層含以上有電梯),住家用,鋼骨造,1141028,91.81,2,2,1,有,有,11110000,129409,坡道機械,12.14,800000,,RPROMLTJPHLGFCB68DA,45.59,2.13,4.47,有,
東勢區,房地(土地+建物),臺中市東勢區豐勢路２６１號,175.31,商,,,1150429,土地2建物1車位0,全,一層,透天厝,其他,鋼架造,0740710,137.05,1,1,1,有,無,22000000,160525,,0.0,0,,RPUNMLLLPHLGFGB68DA,137.05,0.0,0.0,無,
太平區,房地(土地+建物)+車位,臺中市太平區太順路３７７號八樓之２,23.21,住,,,1150403,土地1建物1車位1,八層,十五層,住宅大樓(11層含以上有電梯),住家用,鋼筋混凝土造,1060707,158.3,3,2,2,有,有,13980000,88313,坡道平面,25.94,0,,RPUNMLOJNHLGFJB88DA,80.19,0.0,9.67,有,0277
西屯區,房地(土地+建物),臺中市西屯區廣興巷１３號二樓之９,18.68,農,,,1150427,土地1建物1車位0,二層,四層,華廈(10層含以下有電梯),住家用,鋼筋混凝土造,1141103,59.83,2,0,2,有,有,8660000,144743,,0.0,0,,RPPNMLKLPHLGFCB77EA,32.92,0.0,3.04,有,0278
霧峰區,房地(土地+建物),臺中市霧峰區振祥街１８號,76.0,住,,,1150417,土地1建物1車位0,全,二層,透天厝,住商用,加強磚造,0661215,118.44,5,2,2,有,無,9700000,81898,,0.0,0,頂樓加蓋；其他增建；,RPPNMLMLPHLGFIB58EA,118.44,0.0,0.0,無,
北屯區,房地(土地+建物)+車位,臺中市北屯區敦富路６１１號十一樓之２,16.77,都市：其他:第二之一種住宅區,,,1150425,土地1建物1車位1,十一層,十九層,住宅大樓(11層含以上有電梯),住家用,鋼筋混凝土造,1091117,133.06,2,2,2,有,有,14700000,110476,坡道平面,36.2,0,,RPRPNLOLOHLGFBB38DA,58.29,0.9,5.49,有,0279
潭子區,房地(土地+建物),臺中市潭子區潭興路二段２５８巷２３號,91.79,住,,,1150420,土地1建物1車位0,全,四層,透天厝,住家用,鋼筋混凝土造,0801119,204.26,4,3,3,有,無,12000000,58749,,0.0,0,親友、員工、共有人或其他特殊關係間之交易；,RPRNMLNLPHLGFHB68DA,189.32,2.25,12.69,無,
大里區,房地(土地+建物),臺中市大里區頂厝路２３之２巷２１號,124.85,,一般農業區,甲種建築用地,1150408,土地1建物1車位0,全,四層,透天厝,住家用,鋼筋混凝土造,1060627,252.11,4,3,5,有,無,20300000,80520,,0.0,0,,RPQNMLMLPHLGFIB58DA,223.95,0.0,28.16,無,
北區,房地(土地+建物),臺中市北區美德街６０之１２號,6.81,都市：其他:第三種住宅區。,,,1150417,土地1建物1車位0,十一層,十一層,住宅大樓(11層含以上有電梯),住家用,鋼筋混凝土造,0701126,37.51,1,0,1,有,有,2500000,66649,,0.0,0,,RPXRMLLLPHLGFBB88DA,30.47,0.0,0.0,有,
南屯區,房地(土地+建物)+車位,臺中市南屯區大墩十街２６２號十三樓之４,14.4,住,,,1150410,土地1建物1車位1,十三層,二十四層,住宅大樓(11層含以上有電梯),住家用,鋼筋混凝土造,0830721,196.38,4,2,2,有,有,17500000,89113,坡道平面,0.0,0,,RPXOMLQLOHLGFCB09DA,132.63,1.31,13.35,有,
豐原區,房地(土地+建物),臺中市豐原區愛國街９７巷７號,72.0,住,,,1150421,土地1建物1車位0,全,二層,透天厝,住家用,加強磚造,0610715,90.8,5,2,2,有,無,10255000,112941,,0.0,0,其他增建；,RPTOMLTLMHLGFDB88DA,90.8,0.0,0.0,無,
神岡區,房地(土地+建物),臺中市神岡區中平路２４０巷５號,100.25,,一般農業區,甲種建築用地,1150413,土地2建物1車位0,全,四層,透天厝,住家用,鋼筋混凝土造,0830311,144.35,5,3,2,有,無,8200000,56806,,0.0,0,增建:壹樓空地 頂樓,RPVPMLOKPHLGFDB88DA,133.01,11.34,0.0,無,
沙鹿區,房地(土地+建物),臺中市沙鹿區星河路２０６之１３號,104.87,住,,,1150426,土地2建物1車位0,全,五層,透天厝,住家用,鋼筋混凝土造,1150120,287.73,5,3,5,有,有,33000000,114691,,0.0,0,,RPQNMLTKOHLGFFB78DA,278.39,0.0,9.34,有,
太平區,房地(土地+建物)+車位,臺中市太平區旱溪東路二段１０３號五樓,13.99,住,,,1150430,土地1建物1車位1,五層,十二層,住宅大樓(11層含以上有電梯),住家用,鋼筋混凝土造,1041007,104.85,2,2,1,有,有,10800000,103004,坡道平面,19.16,0,陽台外推為室內。陽台外推；,RPVNMLMLPHLGFJB56DA,50.5,0.0,8.19,有,
大肚區,土地,瑞井段210地號,25.67,,鄉村區,乙種建築用地,1150430,土地1建物0車位0,,,其他,,,,0.0,0,0,0,無,無,488974,19048,,0.0,0,地清或未辦繼承標售；,RPRNMLRKPHLGFKB66DA,0.0,0.0,0.0,無,0267
潭子區,房地(土地+建物),臺中市潭子區中山路一段１７號三樓之１,10.62,住,,,1150412,土地1建物1車位0,三層,十四層,住宅大樓(11層含以上有電梯),住家用,鋼筋混凝土造,0970225,99.19,2,2,2,有,有,9180000,92550,,0.0,0,陽台外推；,RPPNMLMLPHLGFHB48EA,63.05,0.0,9.65,有,0281
西區,土地,藍興段505地號,33.99,都市：其他:道路用地,,,1150425,土地1建物0車位0,,,其他,,,,0.0,0,0,0,無,無,4680000,137688,,0.0,0,未登記建物；,RPVOMLMLPHLGFAB38DA,0.0,0.0,0.0,無,
北屯區,房地(土地+建物),臺中市北屯區松柏二街５３號,140.01,都市：其他:第一之一種住宅區,,,1150421,土地1建物1車位0,全,五層,透天厝,住商用,鋼筋混凝土造,1120913,314.89,6,3,7,有,無,53680000,170472,,0.0,0,本案總價新台幣5368萬元整內含營業稅其中土地價格：2684萬、建物價格2684萬夾層；其他增建；,RPUQMLRJNHLGFBB68DA,290.11,0.0,24.78,有,
北屯區,房地(土地+建物),臺中市北屯區太原路三段１１１巷１８號三樓,33.8,都市：其他:第二種住宅區,,,1150413,土地1建物1車位0,三層,五層,公寓(5樓含以下無電梯),住家用,鋼筋混凝土造,0691016,104.85,4,4,4,有,無,9880000,94230,,0.0,0,,RPWNMLMLPHLGFBB48DA,86.67,0.0,18.18,無,0282
北區,房地(土地+建物)+車位,臺中市北區陝西東一街６２號４樓　　　,30.44,都市：其他:第二種住宅區,,,1150424,土地3建物1車位1,四層,八層,華廈(10層含以下有電梯),住家用,鋼筋混凝土造,0860805,201.81,3,2,2,有,有,14810000,73386,坡道機械,12.42,0,,RPSSMLMLPHLGFBB58DA,123.12,0.93,17.36,有,
西屯區,房地(土地+建物)+車位,臺中市西屯區文華路９８號二樓之５,44.93,都市：其他:第三之二種住宅區,,,1150423,土地1建物1車位1,二層,十四層,住宅大樓(11層含以上有電梯),住家用,鋼筋混凝土造,0940704,215.66,4,2,2,有,有,15300000,70945,坡道平面,0.0,0,,RPOQMLTLOHLGFCB68DA,117.62,0.0,17.19,有,
豐原區,土地,豐陽段64-3地號,425.06,農,,,1150417,土地3建物0車位0,,,其他,,,,0.0,0,0,0,無,無,25000000,58815,,0.0,0,未登記建物；,RPRNMLTJPHLGFDB68DA,0.0,0.0,0.0,無,
沙鹿區,房地(土地+建物)+車位,臺中市沙鹿區六路十街１１６號五樓之１,36.19,住,,,1150415,土地1建物1車位1,五層,七層,華廈(10層含以下有電梯),住家用,鋼筋混凝土造,1100805,125.5,2,2,1,有,有,10800000,86056,坡道平面,36.74,0,,RPSSMLTLMHLGFFB76DA,52.78,0.0,6.1,有,0283
霧峰區,房地(土地+建物),臺中市霧峰區中正路１７６巷２３弄１０號,110.87,,鄉村區,乙種建築用地,1150424,土地3建物1車位0,全,二層,透天厝,住家用,鋼筋混凝土造,1130830,143.21,3,2,4,有,有,17600000,122896,,0.0,0,,RPVQMLLLPHLGFIB66DA,140.93,0.0,2.1,有,
龍井區,土地,東海段98-7地號,1490.81,都市：其他:第三種住宅區。,,,1150428,土地1建物0車位0,,,其他,,,,0.0,0,0,0,無,無,211300000,141735,,0.0,0,,RPPNMLKLPHLGFKB48DA,0.0,0.0,0.0,無,0284
北屯區,房地(土地+建物)+車位,臺中市北屯區旱溪西路三段２８０號二樓之２,53.23,都市：其他:第一之一種住宅區,,,1150411,土地1建物1車位2,二層,十五層,住宅大樓(11層含以上有電梯),住家用,鋼筋混凝土造,1111117,247.41,3,2,2,有,有,32100000,129744,坡道平面,49.56,0,,RPVOMLSJPHLGFBB88DA,112.58,0.0,21.33,有,0285
北區,房地(土地+建物),臺中市北區五權路２５５號１０樓之１,19.65,都市：其他:第二種住宅區,,,1150430,土地1建物1車位0,十層,十四層,住宅大樓(11層含以上有電梯),住家用,鋼筋混凝土造,0890705,150.52,3,2,2,有,有,10000000,66436,,0.0,0,跨所案件另有基地台中市西區後?子段391-13地號面積517平方公尺持分2456/2000000親友、員工、共有人或其他特殊關係間之交易；預售屋、或土地及建物分件登記案件；,RPPNMLOLPHLGFBB97DA,80.27,0.0,10.24,有,
豐原區,房地(土地+建物),臺中市豐原區豐工路３１８巷５０號,2877.51,都市：其他:農業區,,,1150413,土地4建物1車位0,全,二層,透天厝,住家用,加強磚造,0750606,63.52,3,1,1,有,無,43990000,692538,,0.0,0,買賣價格38、45地號合計新台幣38172000元，45-1、44地號及89建號合計新台幣5818000元。,RPTNMLRLPHLGFDB88DA,63.52,0.0,0.0,無,
大里區,房地(土地+建物)+車位,臺中市大里區自強街２９巷２號三樓,20.83,都市：其他:商業區,,,1150427,土地1建物1車位1,三層,十層,華廈(10層含以下有電梯),住家用,鋼筋混凝土造,0940906,109.72999999999999,3,2,2,有,有,10230000,92322,坡道平面,15.17,1500000,陽台外推；其他增建；,RPQOMLPJOHLGFIB68DA,62.88,2.8,4.62,有,0286
南區,房地(土地+建物),臺中市南區福中街２巷５號,82.0,都市：其他:第二種住宅區,,,1150417,土地1建物1車位0,全,一層,透天厝,住家用,磚造,,34.57,6,3,2,有,無,9388800,271588,,0.0,0,簽約人與登記人不同頂樓加蓋；其他增建；,RPXNMLRLPHLGFAB98DA,34.57,0.0,0.0,無,
西屯區,房地(土地+建物),臺中市西屯區福瑞街１５０號十二樓之１,17.77,都市：其他:第一種住宅區,,,1150430,土地1建物1車位0,十二層,二十四層,住宅大樓(11層含以上有電梯),住家用,鋼筋混凝土造,0840107,129.98000000000002,4,2,2,有,有,7600000,58471,,0.0,0,其他增建；,RPPOMLLKOHLGFCB67DA,90.12,0.0,8.64,有,
沙鹿區,房地(土地+建物),臺中市沙鹿區鎮南路二段５５巷１５２號,91.83,住,,,1150410,土地2建物1車位0,全,四層,透天厝,住家用,鋼筋混凝土造,0950906,248.77,14,0,14,有,無,15000000,60297,,0.0,0,,RPUNMLTKNHLGFFB09DA,214.72,2.69,31.36,無,
石岡區,房地(土地+建物),臺中市石岡區豐勢路９３１號,993.79,工,,,1150424,土地6建物2車位0,全,一層,透天厝,工業用,鋼骨造,0890111,336.6,0,0,0,無,無,46078800,136895,,0.0,0,原買賣總價為新台幣肆仟伍佰萬元、其中新金星段146地號出售面積約為942平方公尺、148地號出售面積約為14.93平方公尺、經地政分割後146地號面積增加為966.80平方公尺292.45坪、148地號出售面積約為14.93平方公尺4.51坪 ，買賣總價變更為肆仟陸佰零柒萬捌仟捌佰元整。,RPRNMLKLPHLGFGB28DA,336.6,0.0,0.0,無,
烏日區,房地(土地+建物)+車位,臺中市烏日區健行北路１３６號七樓之２,18.57,商,,,1150404,土地1建物1車位1,七層,十五層,住宅大樓(11層含以上有電梯),住家用,鋼筋混凝土造,1050729,140.73,3,2,2,有,有,14000000,99481,坡道平面,27.13,0,,RPVNMLLKOHLGFIB78DA,71.01,0.0,7.54,有,
龍井區,土地,南寮段282地號,48.39,,鄉村區,乙種建築用地,1150411,土地1建物0車位0,,,其他,,,,0.0,0,0,0,無,無,1610000,33271,,0.0,0,,RPOOMLTLOHLGFKB66DA,0.0,0.0,0.0,無,
中區,房地(土地+建物),臺中市中區中華路一段９３巷２號,88.0,都市：其他:第一種商業區,,,1150312,土地2建物1車位0,全,三層,透天厝,住家用,鐵筋加強磚,,196.56,15,0,15,有,無,15650000,79619,,0.0,0,陽台外推；頂樓加蓋；其他增建；,RPQPMLNKMHLGFAB67DA,196.56,0.0,0.0,無,0287
西屯區,房地(土地+建物)+車位,臺中市西屯區市政北五路１６８號十二樓之２,25.52,都市：其他:第六種新市政中心專用區,,,1150326,土地1建物1車位4,十二層,二十六層,住宅大樓(11層含以上有電梯),住家用,鋼骨鋼筋混凝土造,1060810,461.28,4,2,4,有,有,67000000,159946,坡道平面,89.28,7500000,,RPVNMLPKPHLGFCB68DA,204.4,10.93,22.43,有,
太平區,房地(土地+建物)+車位,臺中市太平區樹德八街１９０號,18.05,住,,,1150310,土地1建物1車位2,一層,十三層,住宅大樓(11層含以上有電梯),商業用,鋼筋混凝土造,1140911,141.98,0,0,0,無,有,15220000,151322,坡道平面,63.34,3320000,,RPQNMLNJPHLGFJB58DA,51.96,0.0,8.02,有,
太平區,房地(土地+建物),臺中市太平區新光路５９之１８號,74.42,住,,,1150306,土地4建物1車位0,全,四層,透天厝,住家用,鋼筋混凝土造,1141022,204.24,4,2,5,有,無,26000000,127301,,0.0,0,,RPSNMLOKPHLGFJB98DA,194.84,0.0,9.4,有,
北屯區,房地(土地+建物)+車位,臺中市北屯區昌平路二段５０之６巷２１號十五樓之６,15.56,都市：其他:第一種商業區,,,1150323,土地4建物1車位1,十五層,十五層,住宅大樓(11層含以上有電梯),住家用,鋼筋混凝土造,1130513,106.15,2,2,1,有,有,15000000,165434,坡道平面,26.36,1800000,,RPRNMLRLLHLGFBB18EA,49.49,0.0,3.94,有,0288
沙鹿區,土地,紅竹段768地號,217.22,住,,,1150313,土地1建物0車位0,,,其他,,,,0.0,0,0,0,無,無,13142000,60501,,0.0,0,,RPPNMLQKPHLGFFB58EA,0.0,0.0,0.0,無,0289
沙鹿區,土地,紅竹段770地號,58.23,住,,,1150313,土地1建物0車位0,,,其他,,,,0.0,0,0,0,無,無,3522000,60484,,0.0,0,,RPRNMLQKPHLGFFB78EA,0.0,0.0,0.0,無,0290
西屯區,房地(土地+建物),臺中市西屯區文華路１３９巷１９弄５號,47.1,住,,,1150331,土地2建物1車位0,一層,四層,公寓(5樓含以下無電梯),住家用,鋼筋混凝土造,0810416,54.18,0,1,1,有,無,10000000,184570,,0.0,0,含租約；,RPXOMLPKPHLGFCB98DA,54.18,0.0,0.0,無,
西屯區,房地(土地+建物),臺中市西屯區文華路１３９巷１９弄５號二樓,47.1,住,,,1150331,土地2建物1車位0,二層,四層,公寓(5樓含以下無電梯),住家用,鋼筋混凝土造,0810416,66.0,5,0,5,有,無,8180000,123939,,0.0,0,含租約；,RPOPMLPKPHLGFCB18DA,58.49,0.0,7.51,無,0291
南屯區,車位,臺中市南屯區龍富路五段２８號二樓之１等公共設施,0.0,,,,1150304,土地0建物1車位1,,,其他,,,,29.35,0,0,0,無,有,2300000,,坡道平面,29.35,2300000,建物坐落地號：三富段82地號；僅車位交易；,RPXNMLRJPHLGFCB98DA,0.0,0.0,0.0,有,0292
南屯區,車位,臺中市南屯區龍富路五段２８號二樓之１等公共設施,0.0,,,,1150309,土地0建物1車位1,,,其他,,,,29.35,0,0,0,無,有,2300000,,坡道平面,29.35,2300000,建物坐落地號：三富段82地號；僅車位交易；,RPPOMLRJPHLGFCB28DA,0.0,0.0,0.0,有,0292
豐原區,房地(土地+建物)+車位,臺中市豐原區豐原大道三段２３９巷１１２號二樓之７,26.2,都市：其他:第二種住宅區,,,1150307,土地1建物1車位1,二層,十四層,住宅大樓(11層含以上有電梯),住家用,鋼筋混凝土造,1150424,143.15,3,2,2,有,有,14300000,112796,坡道平面,32.33,1800000,預售屋、或土地及建物分件登記案件；,RPUOMLTJOHLGFDB98DA,68.26,0.0,4.99,有,
豐原區,房地(土地+建物)+車位,臺中市豐原區豐原大道三段２３９巷１１２號五樓之１,28.31,都市：其他:第二種住宅區,,,1150326,土地1建物1車位1,五層,十四層,住宅大樓(11層含以上有電梯),住家用,鋼筋混凝土造,1150424,152.26,3,2,2,有,有,15900000,115901,坡道平面,32.33,2000000,預售屋、或土地及建物分件登記案件；,RPWQMLLKOHLGFDB68DA,71.65,0.0,7.62,有,
南屯區,土地,永豐段61地號,763.5,住,,,1150307,土地1建物0車位0,,,其他,,,,0.0,0,0,0,無,無,154730000,202659,,0.0,0,,RPXOMLPLOHLGFCB98DA,0.0,0.0,0.0,無,0294
西屯區,房地(土地+建物),臺中市西屯區福順路２５５巷１３號五樓,30.29,住,,,1150317,土地1建物1車位0,五層,五層,公寓(5樓含以下無電梯),住家用,鋼筋混凝土造,0690226,87.52,3,2,2,有,無,5000000,57130,,0.0,0,親友、員工、共有人或其他特殊關係間之交易；,RPTQMLLLPHLGFCB48DA,87.52,0.0,0.0,無,
潭子區,房地(土地+建物),臺中市潭子區興華一路３１１巷１８號,22.28,住,,,1150315,土地2建物1車位0,全,二層,透天厝,其他,加強磚造,0670822,45.07,3,2,3,有,無,2720000,60351,,0.0,0,本案因持分買賣，價格低於市場行情。親友、員工、共有人或其他特殊關係間之交易；,RPPNMLLLPHLGFHB28DA,45.07,0.0,0.0,無,0295
霧峰區,房地(土地+建物),臺中市霧峰區民生路２７３之１號,98.0,,鄉村區,乙種建築用地,1150329,土地2建物1車位0,全,一層,透天厝,住商用,加強磚造,0610802,60.84,5,2,4,有,無,8600000,141354,,0.0,0,頂樓加蓋；未登記建物；,RPPNMLNJOHLGFIB28DA,60.84,0.0,0.0,無,
大里區,房地(土地+建物),臺中市大里區光榮街７９號,107.12,都市：其他:住宅區,,,1150327,土地2建物1車位0,全,二層,透天厝,住商用,加強磚造,0681230,119.28,3,2,2,有,無,11100000,93058,,0.0,0,頂樓加蓋；其他增建；,RPUNMLSKOHLGFIB76DA,119.28,0.0,0.0,無,
西屯區,房地(土地+建物),臺中市西屯區西林巷２之３１號,121.18,農,,,1150315,土地12建物1車位0,全,三層,透天厝,住家用,鋼筋混凝土造,1030205,232.04,3,4,4,有,有,28000000,120669,,0.0,0,,RPTQMLQKPHLGFCB88DA,217.81,0.0,14.23,有,
龍井區,房地(土地+建物),臺中市龍井區遊園南路１４３巷４０號,67.62,,鄉村區,乙種建築用地,1150323,土地2建物1車位0,全,二層,透天厝,住商用,加強磚造,0681120,113.96,5,2,2,有,無,8700000,76343,,0.0,0,頂樓加蓋；,RPQNMLLLPHLGFKB68DA,113.96,0.0,0.0,無,
北屯區,房地(土地+建物)+車位,臺中市北屯區敦富路７０９號十九樓之１,20.02,都市：其他:第二之一種住宅區,,,1150328,土地2建物1車位1,十九層,二十二層,住宅大樓(11層含以上有電梯),住家用,鋼筋混凝土造,1130521,154.51,3,2,2,有,有,17500000,113261,坡道平面,30.08,0,,RPVNMLPKPHLGFBB58DA,74.35,0.0,8.0,有,0296
西屯區,房地(土地+建物)+車位,臺中市西屯區福順路５６６號十二樓之５,23.96,住,,,1150308,土地1建物1車位1,十二層,十五層,住宅大樓(11層含以上有電梯),住家用,鋼筋混凝土造,1121212,154.73000000000002,3,2,2,有,有,25300000,163511,坡道平面,29.59,0,,RPOUMLLJPHLGFCB18DA,76.64,0.0,7.14,有,0297
大里區,房地(土地+建物)+車位,臺中市大里區健民路１５號十二樓之２,20.21,,鄉村區,乙種建築用地,1150324,土地1建物1車位1,十二層,十三層,住宅大樓(11層含以上有電梯),住家用,鋼筋混凝土造,1140724,103.38,2,1,1,有,有,6400000,61908,坡道平面,26.04,0,,RPTNMLMLPHLGFIB88DA,46.25,0.0,5.39,有,0298
西區,土地,後子段235-22地號,1239.0,都市：其他:第三種商業區,,,1150306,土地3建物0車位0,,,其他,,,,0.0,0,0,0,無,無,955750000,771388,,0.0,0,,RPVNMLRKOHLGFAB58DA,0.0,0.0,0.0,無,
大里區,房地(土地+建物),臺中市大里區好來三街５０號四樓之１,48.82,,鄉村區,乙種建築用地,1150331,土地2建物1車位0,四層,五層,華廈(10層含以下有電梯),住家用,鋼筋混凝土造,1140528,88.33000000000001,2,2,2,有,無,10800000,122269,,0.0,0,,RPVNMLNLMHLGFIB88DA,56.47,0.0,10.18,有,
外埔區,房地(土地+建物),臺中市外埔區甲后路五段２８０巷１６號,84.09,,鄉村區,丁種建築用地,1150324,土地1建物1車位0,全,三層,透天厝,住家用,鋼筋混凝土加強磚造,0640315,201.96,4,7,3,有,無,5000000,24757,,0.0,0,親友、員工、共有人或其他特殊關係間之交易；,RPWNMLOLPHLGFEB98DA,201.96,0.0,0.0,無,
北屯區,土地,美和段60地號,379.37,都市：其他:第一之一種住宅區,,,1150204,土地1建物0車位0,,,其他,,,,0.0,0,0,0,無,無,66000000,173973,,0.0,0,,RPUNMLTJPHLGFBB78DA,0.0,0.0,0.0,無,0299
后里區,土地,平安段327-1地號,58.84,商,,,1150226,土地2建物0車位0,,,其他,,,,0.0,0,0,0,無,無,6580000,111829,,0.0,0,未登記建物；,RPVNMLPKNHLGFDB58DA,0.0,0.0,0.0,無,
潭子區,土地,東寶六段607-9地號,272.72,農,,,1150204,土地2建物0車位0,,,其他,,,,0.0,0,0,0,無,無,12374670,45375,,0.0,0,,RPPNMLKMOHLGFHB18DA,0.0,0.0,0.0,無,
南屯區,車位,臺中市南屯區龍富路五段２８號二樓之１等公共設施,0.0,,,,1150207,土地0建物1車位1,,,其他,,,,29.35,0,0,0,無,有,2000000,,坡道平面,29.35,2000000,建物坐落地號：三富段82地號；僅車位交易；,RPROMLMJPHLGFCB97DA,0.0,0.0,0.0,有,0292
神岡區,土地,豐洲北段820地號,635.57,工,,,1150214,土地5建物0車位0,,,其他,,,,0.0,0,0,0,無,無,60000000,94403,,0.0,0,,RPTNMLMLNHLGFDB18DA,0.0,0.0,0.0,無,
神岡區,土地,豐洲北段826地號,239.31,工,,,1150214,土地3建物0車位0,,,其他,,,,0.0,0,0,0,無,無,7000000,29251,,0.0,0,,SPTNMLMLNHLGFDB28DA,0.0,0.0,0.0,無,0301
神岡區,土地,豐洲北段828地號,578.31,工,,,1150214,土地4建物0車位0,,,其他,,,,0.0,0,0,0,無,無,13000000,22479,,0.0,0,,TPTNMLMLNHLGFDB38DA,0.0,0.0,0.0,無,0301
豐原區,房地(土地+建物)+車位,臺中市豐原區豐原大道三段２３９巷１０６號三樓之２,19.44,都市：其他:第二種住宅區,,,1150218,土地1建物1車位1,三層,十四層,住宅大樓(11層含以上有電梯),住家用,鋼筋混凝土造,1150424,114.69999999999999,2,2,1,有,有,11520000,115576,坡道平面,32.33,2000000,預售屋、或土地及建物分件登記案件；,RPWOMLTJOHLGFDB56DA,50.84,0.0,3.6,有,
南區,房地(土地+建物),臺中市南區樹義路１０號,1739.0,都市：其他:乙種工業區,,,1150210,土地1建物1車位0,全,五層,透天厝,辦公用,鋼筋混凝土造,0950803,4570.72,0,0,0,無,無,358000000,78325,,0.0,0,土地總價新台幣306834507元；建物總價新台幣51165493元,RPPNMLLKPHLGFAB47DA,4559.85,10.87,0.0,無,
大甲區,房地(土地+建物),臺中市大甲區甲后路五段４５３巷８９號四樓之８,21.77,住,,,1150204,土地1建物1車位0,四層,九層,華廈(10層含以下有電梯),住家用,鋼筋混凝土造,1150313,79.42,2,2,1,有,有,8830000,111181,,0.0,0,預售屋、或土地及建物分件登記案件；,RPVNMLTLNHLGFEB56DA,49.11,0.0,5.1,有,
大甲區,房地(土地+建物)+車位,臺中市大甲區甲后路五段４５３巷８９號七樓之７,28.1,住,,,1150211,土地1建物1車位1,七層,九層,華廈(10層含以下有電梯),住家用,鋼筋混凝土造,1150313,123.25999999999999,3,2,2,有,有,12710000,105656,坡道平面,20.0,1800000,預售屋、或土地及建物分件登記案件；,RPSOMLTLNHLGFEB98DA,67.59,0.0,3.13,有,
東區,房地(土地+建物),臺中市東區忠孝路３９３巷１１弄１１號,77.4,都市：其他:第二種住宅區,,,1150204,土地2建物1車位0,全,四層,透天厝,住家用,鋼筋混凝土造,1030217,229.0,4,2,5,有,無,26730000,116725,,0.0,0,,RPTOMLOKPHLGFAB28DA,199.18,0.0,29.82,無,
大里區,土地,大峰段624地號,1107.33,都市：其他:住宅區,,,1150205,土地4建物0車位0,,,其他,,,,0.0,0,0,0,無,無,18332577,16556,,0.0,0,包含公共設施保留地用地；,RPQOMLSLPHLGFIB66DA,0.0,0.0,0.0,無,
北屯區,房地(土地+建物),臺中市北屯區太祥路２５０號九樓之２,19.39,都市：其他:第三種住宅區。,,,1150125,土地1建物1車位0,九層,十層,華廈(10層含以下有電梯),住家用,鋼筋混凝土造,1000603,105.49000000000001,4,0,4,有,有,7100000,67305,,0.0,0,,RPVOMLOJLHLGFBB08DA,57.46,6.22,5.6,有,0303
豐原區,房地(土地+建物)+車位,臺中市豐原區豐勢路一段３４１號八樓之２,21.45,住,,,1150117,土地1建物1車位1,八層,十五層,住宅大樓(11層含以上有電梯),住家用,鋼筋混凝土造,1080818,159.67,2,2,2,有,有,14000000,87681,坡道平面,36.79,0,,RPUNMLKKOHLGFDB08DA,72.52,1.95,7.24,有,0304
后里區,土地,平安段327-2地號,185.18,商,,,1150122,土地2建物0車位0,,,其他,,,,0.0,0,0,0,無,無,23804250,128547,,0.0,0,,RPSNMLPKNHLGFDB28DA,0.0,0.0,0.0,無,
南屯區,車位,臺中市南屯區龍富路五段２８號二樓之１等公共設施,0.0,,,,1150129,土地0建物1車位1,,,其他,,,,29.35,0,0,0,無,有,2300000,,坡道平面,29.35,2300000,建物坐落地號：三富段82地號；僅車位交易；,RPWNMLRJPHLGFCB88DA,0.0,0.0,0.0,有,0292
豐原區,房地(土地+建物)+車位,臺中市豐原區豐原大道三段２３９巷１１２號三樓之２,28.31,都市：其他:第二種住宅區,,,1150118,土地1建物1車位1,三層,十四層,住宅大樓(11層含以上有電梯),住家用,鋼筋混凝土造,1150424,152.26,3,2,2,有,有,15700000,115067,坡道平面,32.33,1900000,預售屋、或土地及建物分件登記案件；,RPRQMLTJOHLGFDB88DA,71.65,0.0,7.62,有,
北屯區,房地(土地+建物)+車位,臺中市北屯區瀋陽路一段８２之７號４樓,16.29,都市：其他:第二種住宅區,,,1150116,土地1建物1車位1,四層,八層,華廈(10層含以下有電梯),住家用,鋼筋混凝土造,0811201,107.71,2,2,2,有,有,10580000,98227,坡道機械,0.0,0,,RPSNMLQLNHLGFBB28DA,80.04,0.0,2.67,有,
南區,房地(土地+建物),臺中市南區福東街１８號,94.0,都市：其他:第二種住宅區,,,1150107,土地1建物1車位0,全,二層,透天厝,住家用,鐵筋加強磚,0521020,97.68,0,0,0,無,無,16700000,170966,,0.0,0,,RPTSMLLLPHLGFAB48DA,97.68,0.0,0.0,無,
西屯區,房地(土地+建物),臺中市西屯區內江街４號,98.0,住,,,1150127,土地2建物1車位0,全,二層,透天厝,住家用,加強磚造,0740419,132.54,6,3,3,有,無,19680000,148483,,0.0,0,陽台外推；頂樓加蓋；其他增建；,RPVOMLNLPHLGFCB68DA,118.76,8.26,5.52,無,
大甲區,房地(土地+建物),臺中市大甲區甲后路五段４５３巷８９號二樓之８,22.49,住,,,1150118,土地1建物1車位0,二層,九層,華廈(10層含以下有電梯),住家用,鋼筋混凝土造,1150313,81.97,2,2,1,有,有,8790000,107234,,0.0,0,預售屋、或土地及建物分件登記案件；,RPTNMLTLNHLGFEB98DA,49.11,0.0,6.82,有,
大甲區,房地(土地+建物),臺中市大甲區甲后路五段４５３巷８９號五樓之８,21.77,住,,,1150116,土地1建物1車位0,五層,九層,華廈(10層含以下有電梯),住家用,鋼筋混凝土造,1150313,79.42,2,2,1,有,有,8680000,109292,,0.0,0,預售屋、或土地及建物分件登記案件；,RPPOMLTLNHLGFEB68DA,49.11,0.0,5.1,有,
大甲區,房地(土地+建物)+車位,臺中市大甲區甲后路五段４５３巷８９號三樓之３,27.04,住,,,1150129,土地1建物1車位1,三層,九層,華廈(10層含以下有電梯),住家用,鋼筋混凝土造,1150313,111.21000000000001,2,2,2,有,有,10790000,99260,坡道機械,12.58,1000000,預售屋、或土地及建物分件登記案件；,RPQNMLLLPHLGFEB08DA,62.13,0.0,5.2,有,
北屯區,房地(土地+建物),臺中市北屯區南興三路３００號,179.44,都市：其他:第一之一種住宅區,,,1141206,土地4建物1車位0,全,四層,透天厝,住家用,鋼筋混凝土造,1130806,283.49,5,3,5,有,有,60900000,214822,,0.0,0,土地價額新台幣4263萬建物價額新台幣1827萬,RPTPMLRJPHLGFBB68DA,260.23,0.0,22.99,有,
大安區,土地,安港段488地號,65.97,,鄉村區,乙種建築用地,1141230,土地1建物0車位0,,,其他,,,,0.0,0,0,0,無,無,556000,8428,,0.0,0,地清或未辦繼承標售；,RPPNMLRLPHLGFEB58DA,0.0,0.0,0.0,無,
西屯區,房地(土地+建物)+車位,臺中市西屯區中清路二段１２５０巷３５號四樓之６,14.61,都市：其他:第二種住宅區,,,1141206,土地4建物1車位1,四層,六層,華廈(10層含以下有電梯),住家用,鋼筋混凝土造,1150512,73.32,2,1,1,有,有,13260000,185906,升降機械,10.6,1600000,毛胚屋；預售屋、或土地及建物分件登記案件；,RPXNMLOLPHLGFCB88DA,30.58,0.0,7.07,有,
大雅區,房地(土地+建物),臺中市大雅區大林路２１２巷２１弄２１之１１號,66.14,,特定農業區,甲種建築用地,1141207,土地2建物1車位0,全,四層,透天厝,住家用,鋼筋混凝土造,1150414,159.85,4,2,3,有,有,20380000,127495,,0.0,0,預售屋、或土地及建物分件登記案件；,RPQNMLSKPHLGFHB98DA,153.34,0.0,6.0,無,
南屯區,房地(土地+建物)+車位,臺中市南屯區文心南六路２１巷２０之１６號,173.72,都市：其他:第二種住宅區,,,1141226,土地2建物1車位2,全,三層,透天厝,住家用,鋼筋混凝土造,0851210,294.43,6,3,4,有,有,35000000,125318,坡道平面,47.06,4000000,其他增建；,RPPNMLQLKIKGFCB77DA,194.99,6.84,18.74,無,
神岡區,土地,岸裡段1153-8地號,1160.12,都市：其他:乙種工業區,,,1141211,土地8建物0車位0,,,其他,,,,0.0,0,0,0,無,無,91241800,78649,,0.0,0,,RPRNMLOJKHLGFDB67DA,0.0,0.0,0.0,無,
大雅區,房地(土地+建物),臺中市大雅區大林路２１２巷２１弄２１之１０號,66.54,,特定農業區,甲種建築用地,1141103,土地2建物1車位0,全,四層,透天厝,住家用,鋼筋混凝土造,1150414,150.01,4,2,5,有,有,19950000,132991,,0.0,0,預售屋、或土地及建物分件登記案件；,RPPNMLPLPHLGFHB68DA,132.28,0.0,17.22,無,
北屯區,房地(土地+建物)+車位,臺中市北屯區敦富一街３６８號七樓之２,23.7,都市：其他:第二之一種住宅區,,,1141123,土地1建物1車位1,七層,十七層,住宅大樓(11層含以上有電梯),住家用,鋼筋混凝土造,1150318,162.82,3,2,2,有,有,22110000,153444,坡道平面,32.74,2150000,預售屋、或土地及建物分件登記案件；,RPPTMLOLPHLGFBB58DA,78.53,0.0,7.5,有,
西屯區,房地(土地+建物),臺中市西屯區惠來路三段２０６號十四樓之３,11.65,住,,,1141031,土地1建物1車位0,十四層,十四層,住宅大樓(11層含以上有電梯),住家用,ＲＣ造,0921225,123.05,3,2,2,有,有,15000000,121902,,0.0,0,親友、員工、共有人或其他特殊關係間之交易；,RPXPMLLLPHLGFCB78DA,73.03,5.3,11.89,有,
南屯區,房地(土地+建物)+車位,臺中市南屯區大墩十二街１００５號,102.83,都市：其他:第一之B種住宅區,,,1141026,土地3建物1車位1,全,四層,透天厝,住家用,鋼筋混凝土造,1141218,238.57,4,2,5,有,有,53000000,222157,一樓平面,0.0,0,預售屋、或土地及建物分件登記案件；,RPWOMLMLPHLGFCB68DA,215.44,0.0,23.13,有,
豐原區,房地(土地+建物)+車位,臺中市豐原區豐原大道三段２３９巷１０６號四樓之２,19.44,都市：其他:第二種住宅區,,,1140908,土地1建物1車位1,四層,十四層,住宅大樓(11層含以上有電梯),住家用,鋼筋混凝土造,1150424,114.69999999999999,2,2,1,有,有,11580000,116304,坡道平面,32.33,2000000,預售屋、或土地及建物分件登記案件；,RPWNMLKKOHLGFDB28DA,50.84,0.0,3.6,有,
南區,房地(土地+建物),臺中市南區德吉街３０９之５號９樓之３,15.13,都市：其他:第二種住宅區,,,1140903,土地3建物1車位0,九層,十一層,住宅大樓(11層含以上有電梯),住家用,鋼筋混凝土造,0880211,96.86,3,2,2,有,有,8880000,91679,,0.0,0,親友、員工、共有人或其他特殊關係間之交易；陽台外推；,RPQOMLSJMHLGFAB97DA,66.82,0.0,8.4,有,
西屯區,土地,西屯段2358地號,176.71,都市：其他:第三之二種住宅區,,,1140728,土地4建物0車位0,,,其他,,,,0.0,0,0,0,無,無,52348290,296238,,0.0,0,親友、員工、共有人或其他特殊關係間之交易；未登記建物；,RPTNMLNLPHLGFCB38DA,0.0,0.0,0.0,無,0015
西屯區,土地,西屯段2358地號,68.48,都市：其他:第三之二種住宅區,,,1140728,土地4建物0車位0,,,其他,,,,0.0,0,0,0,無,無,23181880,338520,,0.0,0,親友、員工、共有人或其他特殊關係間之交易；未登記建物；,RPUNMLNLPHLGFCB48DA,0.0,0.0,0.0,無,
龍井區,房地(土地+建物)+車位,臺中市龍井區中沙路新庄仔巷３８號二樓之３,23.27,,鄉村區,乙種建築用地,1140627,土地1建物1車位1,二層,九層,華廈(10層含以下有電梯),住家用,鋼筋混凝土造,1150505,104.07,2,2,2,有,有,10550000,110881,升降機械,22.0,1450000,預售屋、或土地及建物分件登記案件；,RPPOMLLKPHLGFKB58DA,49.88,0.0,4.23,有,
西屯區,土地,西屯段2358地號,39.87,都市：其他:第三之二種住宅區,,,1140610,土地4建物0車位0,,,其他,,,,0.0,0,0,0,無,無,9649500,242024,,0.0,0,親友、員工、共有人或其他特殊關係間之交易；未登記建物；,RPPNMLNLPHLGFCB97DA,0.0,0.0,0.0,無,0015
西屯區,土地,西屯段2358地號,17.67,都市：其他:第三之二種住宅區,,,1140610,土地4建物0車位0,,,其他,,,,0.0,0,0,0,無,無,4276480,242019,,0.0,0,親友、員工、共有人或其他特殊關係間之交易；未登記建物；,RPQNMLNLPHLGFCB08DA,0.0,0.0,0.0,無,0015
西屯區,土地,西屯段2358地號,17.67,都市：其他:第三之二種住宅區,,,1140610,土地4建物0車位0,,,其他,,,,0.0,0,0,0,無,無,4276480,242019,,0.0,0,親友、員工、共有人或其他特殊關係間之交易；未登記建物；,RPRNMLNLPHLGFCB18DA,0.0,0.0,0.0,無,0015
西屯區,土地,西屯段2358地號,45.75,都市：其他:第三之二種住宅區,,,1140610,土地4建物0車位0,,,其他,,,,0.0,0,0,0,無,無,11072260,242017,,0.0,0,親友、員工、共有人或其他特殊關係間之交易；未登記建物；,RPSNMLNLPHLGFCB28DA,0.0,0.0,0.0,無,0015
豐原區,房地(土地+建物)+車位,臺中市豐原區豐原大道三段２３９巷１０６號七樓之１,20.78,都市：其他:第二種住宅區,,,1140524,土地1建物1車位1,七層,十四層,住宅大樓(11層含以上有電梯),住家用,鋼筋混凝土造,1150424,120.38,2,2,1,有,有,12560000,121068,坡道平面,32.33,1900000,預售屋、或土地及建物分件登記案件；,RPTTMLLKOHLGFDB68DA,54.6,0.0,3.6,有,
后里區,房地(土地+建物)+車位,臺中市后里區成功路４８１巷２號八樓之２,42.6,住,,,1140525,土地3建物1車位1,八層,十層,華廈(10層含以下有電梯),住家用,鋼筋混凝土造,1141226,183.75,3,2,2,有,有,14680000,91687,坡道平面,40.0,1500000,755地號為本社區私設道路  無償移轉買方   持分30468882/2524300000預售屋、或土地及建物分件登記案件；,RPQOMLPKNHLGFDB18DA,91.99,0.0,8.76,有,
南區,房地(土地+建物)+車位,臺中市南區福田二街１８０號十四樓之５,23.14,都市：其他:第三種住宅區。,,,1140518,土地2建物1車位1,十四層,十五層,住宅大樓(11層含以上有電梯),住家用,鋼筋混凝土造,1150516,153.36,3,2,2,有,有,20900000,150495,坡道平面,27.11,1900000,預售屋、或土地及建物分件登記案件；,RPSRMLRLOHLGFAB78DA,76.81,0.0,6.33,有,
后里區,房地(土地+建物),臺中市后里區四月路６６之５２號,88.48,,特定農業區,甲種建築用地,1140520,土地5建物1車位0,全,三層,透天厝,住家用,鋼筋混凝土造,1150121,128.05,4,2,3,有,無,13880000,108395,,0.0,0,預售屋、或土地及建物分件登記案件；,RPPOMLOLPHLGFDB28DA,120.16,0.0,7.63,無,
南屯區,房地(土地+建物),臺中市南屯區大墩南二街２９２號,106.29,都市：其他:第一之一種住宅區,,,1140509,土地2建物1車位0,全,四層,透天厝,住家用,鋼筋混凝土造,1150123,360.54,5,3,6,有,有,63680000,176624,,0.0,0,預售屋、或土地及建物分件登記案件；,RPSTMLMLOHLGFCB68DA,303.04,0.0,13.71,有,
大甲區,房地(土地+建物)+車位,臺中市大甲區甲后路五段４５３巷８９號七樓之５,27.0,住,,,1140429,土地1建物1車位1,七層,九層,華廈(10層含以下有電梯),住家用,鋼筋混凝土造,1150313,111.06,2,2,2,有,有,10390000,99411,坡道機械,12.58,600000,預售屋、或土地及建物分件登記案件；,RPSNMLLJPHLGFEB08DA,62.13,0.0,5.1,有,
豐原區,房地(土地+建物)+車位,臺中市豐原區豐原大道三段２３９巷１０８號三樓之３,19.51,都市：其他:第二種住宅區,,,1140324,土地1建物1車位1,三層,十四層,住宅大樓(11層含以上有電梯),住家用,鋼筋混凝土造,1150424,114.78999999999999,2,2,1,有,有,11730000,120422,坡道平面,32.33,1800000,預售屋、或土地及建物分件登記案件；,RPTPMLTJOHLGFDB98DA,50.91,0.0,3.6,有,
豐原區,房地(土地+建物)+車位,臺中市豐原區豐原大道三段２３９巷１１２號三樓之７,26.2,都市：其他:第二種住宅區,,,1140301,土地1建物1車位1,三層,十四層,住宅大樓(11層含以上有電梯),住家用,鋼筋混凝土造,1150424,143.16,3,2,2,有,有,14480000,115312,坡道平面,32.33,1700000,預售屋、或土地及建物分件登記案件；,RPUQMLTJOHLGFDB56DA,68.26,0.0,4.99,有,
豐原區,房地(土地+建物)+車位,臺中市豐原區豐原大道三段２３９巷１１０號四樓之２,28.31,都市：其他:第二種住宅區,,,1140309,土地1建物1車位1,四層,十四層,住宅大樓(11層含以上有電梯),住家用,鋼筋混凝土造,1150424,152.26,3,2,2,有,有,15900000,116735,坡道平面,32.33,1900000,預售屋、或土地及建物分件登記案件；,RPXNMLLKOHLGFDB48DA,71.65,0.0,7.62,有,
豐原區,房地(土地+建物)+車位,臺中市豐原區豐原大道三段２３９巷１１２號四樓之７,26.2,都市：其他:第二種住宅區,,,1140308,土地1建物1車位1,四層,十四層,住宅大樓(11層含以上有電梯),住家用,鋼筋混凝土造,1150424,143.16,3,2,2,有,有,14580000,116214,坡道平面,32.33,1700000,預售屋、或土地及建物分件登記案件；,RPWOMLLKOHLGFDB48DA,68.26,0.0,4.99,有,
豐原區,房地(土地+建物)+車位,臺中市豐原區豐原大道三段２３９巷１１０號五樓之２,28.31,都市：其他:第二種住宅區,,,1140305,土地1建物1車位1,五層,十四層,住宅大樓(11層含以上有電梯),住家用,鋼筋混凝土造,1150424,152.26,3,2,2,有,有,15980000,117402,坡道平面,32.33,1900000,預售屋、或土地及建物分件登記案件；,RPRQMLLKOHLGFDB18DA,71.65,0.0,7.62,有,
豐原區,房地(土地+建物)+車位,臺中市豐原區豐原大道三段２３９巷１１２號七樓之７,26.2,都市：其他:第二種住宅區,,,1140308,土地1建物1車位1,七層,十四層,住宅大樓(11層含以上有電梯),住家用,鋼筋混凝土造,1150424,143.16,3,2,2,有,有,14950000,119552,坡道平面,32.33,1700000,預售屋、或土地及建物分件登記案件；,RPQVMLLKOHLGFDB58DA,68.26,0.0,4.99,有,
南區,房地(土地+建物)+車位,臺中市南區福田二街１７０號五樓之６,30.25,都市：其他:第三種住宅區。,,,1140326,土地2建物1車位2,五層,十五層,住宅大樓(11層含以上有電梯),住家用,鋼筋混凝土造,1150516,219.03,4,2,2,有,有,27260000,140525,坡道平面,54.22,4100000,預售屋、或土地及建物分件登記案件；,RPVSMLRLOHLGFAB56DA,98.24,0.0,10.29,有,
南區,房地(土地+建物)+車位,臺中市南區福田二街１７２號十樓之６,23.4,都市：其他:第三種住宅區。,,,1140308,土地2建物1車位1,十層,十五層,住宅大樓(11層含以上有電梯),住家用,鋼筋混凝土造,1150516,154.60000000000002,3,2,2,有,有,20100000,142756,坡道平面,27.11,1900000,預售屋、或土地及建物分件登記案件；,RPVWMLTLOHLGFAB17DA,76.51,0.0,7.44,有,
后里區,房地(土地+建物),臺中市后里區四月路６６之４２號,113.2,,特定農業區,甲種建築用地,1140307,土地5建物1車位0,全,三層,透天厝,住家用,鋼筋混凝土造,1150121,132.82,4,2,3,有,無,14200000,106912,,0.0,0,預售屋、或土地及建物分件登記案件；,RPWNMLOLPHLGFDB88DA,125.36,0.0,7.2,無,
后里區,房地(土地+建物),臺中市后里區四月路６６之５３號,88.48,,特定農業區,甲種建築用地,1140319,土地5建物1車位0,全,三層,透天厝,住家用,鋼筋混凝土造,1150121,128.05,4,2,3,有,無,13880000,108395,,0.0,0,預售屋、或土地及建物分件登記案件；,RPQOMLOLPHLGFDB38DA,120.16,0.0,7.63,無,
南區,房地(土地+建物)+車位,臺中市南區福田二街１８２號八樓之５,25.33,都市：其他:第三種住宅區。,,,1140215,土地2建物1車位1,八層,十五層,住宅大樓(11層含以上有電梯),住家用,鋼筋混凝土造,1150516,165.25,3,2,2,有,有,22260000,147387,坡道平面,27.11,1900000,預售屋、或土地及建物分件登記案件；,RPTRMLOJPHLGFAB48DA,83.03,0.0,7.94,有,
沙鹿區,房地(土地+建物),臺中市沙鹿區星河路２０６之１１號,109.83,住,,,1140218,土地2建物1車位0,全,五層,透天厝,住家用,鋼筋混凝土造,1150120,292.05,5,3,5,有,有,31880000,109159,,0.0,0,預售屋、或土地及建物分件登記案件；,RPRNMLTKOHLGFFB88DA,282.71,0.0,9.34,有,
沙鹿區,房地(土地+建物),臺中市沙鹿區星河路２０６之２３號,86.42,住,,,1140218,土地2建物1車位0,全,四層,透天厝,住家用,鋼筋混凝土造,1150120,221.69,4,3,5,有,有,24700000,111417,,0.0,0,預售屋、或土地及建物分件登記案件；,RPUNMLKLOHLGFFB38DA,218.11,0.0,3.58,無,
豐原區,房地(土地+建物)+車位,臺中市豐原區豐原大道三段２３９巷１１０號七樓之５,27.75,都市：其他:第二種住宅區,,,1140124,土地1建物1車位1,七層,十四層,住宅大樓(11層含以上有電梯),住家用,鋼筋混凝土造,1150424,149.66,3,2,2,有,有,15600000,117617,坡道平面,32.33,1800000,預售屋、或土地及建物分件登記案件；,RPXUMLLKOHLGFDB56DA,72.56,0.0,4.99,有,
豐原區,房地(土地+建物)+車位,臺中市豐原區豐原大道三段２３９巷１０８號十樓之３,19.51,都市：其他:第二種住宅區,,,1140103,土地1建物1車位1,十層,十四層,住宅大樓(11層含以上有電梯),住家用,鋼筋混凝土造,1150424,114.78999999999999,2,2,1,有,有,11930000,121635,坡道平面,32.33,1900000,預售屋、或土地及建物分件登記案件；,RPUNMLOKOHLGFDB48DA,50.91,0.0,3.6,有,
東區,房地(土地+建物)+車位,臺中市東區東英三街１００號二樓之１０,13.67,都市：其他:第二種商業區,,,1140101,土地1建物1車位1,二層,十四層,住宅大樓(11層含以上有電梯),住家用,鋼筋混凝土造,1150403,120.88,2,2,2,有,有,14400000,133735,坡道平面,28.01,1980000,預售屋、或土地及建物分件登記案件；,RPXNMLMLOHLGFAB38DA,57.64,0.0,4.1,有,
南區,房地(土地+建物)+車位,臺中市南區福田二街１８０號十樓之１,23.65,都市：其他:第三種住宅區。,,,1140124,土地2建物1車位1,十層,十五層,住宅大樓(11層含以上有電梯),住家用,鋼筋混凝土造,1150516,155.95999999999998,3,2,2,有,有,21430000,151572,坡道平面,27.11,1900000,115年1月27日權利讓渡預售屋、或土地及建物分件登記案件；,RPXPMLRLOHLGFAB09DA,77.33,0.0,7.56,有,
南區,房地(土地+建物)+車位,臺中市南區福田二街１７８號十樓之５,23.4,都市：其他:第三種住宅區。,,,1140118,土地2建物1車位1,十層,十五層,住宅大樓(11層含以上有電梯),住家用,鋼筋混凝土造,1150516,154.60000000000002,3,2,2,有,有,20230000,142599,坡道平面,27.11,2050000,預售屋、或土地及建物分件登記案件；,RPOPMLOJPHLGFAB77DA,76.51,0.0,7.44,有,
南區,房地(土地+建物)+車位,臺中市南區福田二街１７０號四樓之７,29.99,都市：其他:第三種住宅區。,,,1131217,土地2建物1車位1,四層,十五層,住宅大樓(11層含以上有電梯),住家用,鋼筋混凝土造,1150516,190.03,4,2,2,有,有,24500000,138718,坡道平面,27.11,1900000,115年2月4日權利讓渡115年4月21日名義變更預售屋、或土地及建物分件登記案件；,RPQNMLOJPHLGFAB77DA,96.15,0.0,11.19,有,
北區,房地(土地+建物)+車位,臺中市北區文武街２８號三樓,20.58,都市：其他:第二種住宅區,,,1131219,土地1建物1車位1,三層,五層,華廈(10層含以下有電梯),住家用,鋼筋混凝土造,1150508,80.81,2,2,2,有,有,13980000,170147,升降機械,6.58,1350000,預售屋、或土地及建物分件登記案件；,RPTUMLNLPHLGFBB98DA,47.54,0.0,5.31,有,
豐原區,房地(土地+建物),臺中市豐原區豐原大道三段２３９巷１０６號三樓之６,19.44,都市：其他:第二種住宅區,,,1131116,土地1建物1車位0,三層,十四層,住宅大樓(11層含以上有電梯),住家用,鋼筋混凝土造,1150424,82.37,2,2,1,有,有,9500000,115333,,0.0,0,預售屋、或土地及建物分件登記案件；,RPPPMLTJOHLGFDB58DA,50.84,0.0,3.6,有,
豐原區,房地(土地+建物)+車位,臺中市豐原區豐原大道三段２３９巷１１０號四樓之７,27.54,都市：其他:第二種住宅區,,,1131128,土地1建物1車位1,四層,十四層,住宅大樓(11層含以上有電梯),住家用,鋼筋混凝土造,1150424,148.73000000000002,3,2,2,有,有,15450000,117268,坡道平面,32.33,1800000,預售屋、或土地及建物分件登記案件；,RPROMLLKOHLGFDB97DA,71.95,0.0,4.99,有,
豐原區,房地(土地+建物)+車位,臺中市豐原區豐原大道三段２３９巷１０６號十樓之６,19.44,都市：其他:第二種住宅區,,,1131111,土地1建物1車位1,十層,十四層,住宅大樓(11層含以上有電梯),住家用,鋼筋混凝土造,1150424,114.69999999999999,2,2,1,有,有,12120000,124074,坡道平面,32.33,1900000,預售屋、或土地及建物分件登記案件；,RPTNMLOKOHLGFDB38DA,50.84,0.0,3.6,有,
南區,房地(土地+建物)+車位,臺中市南區福田二街１７０號十一樓之３,23.14,都市：其他:第三種住宅區。,,,1131104,土地2建物1車位1,十一層,十五層,住宅大樓(11層含以上有電梯),住家用,鋼筋混凝土造,1150516,153.36,3,2,2,有,有,20300000,145743,坡道平面,27.11,1900000,預售屋、或土地及建物分件登記案件；,RPQUMLRLOHLGFAB88DA,76.81,0.0,6.33,有,
龍井區,房地(土地+建物)+車位,臺中市龍井區中沙路新庄仔巷３８號四樓之６,22.94,,鄉村區,乙種建築用地,1131103,土地1建物1車位1,四層,九層,華廈(10層含以下有電梯),住家用,鋼筋混凝土造,1150505,102.89,2,2,2,有,有,10000000,112498,升降機械,22.0,900000,預售屋、或土地及建物分件登記案件；,RPPPMLLKPHLGFKB68DA,49.1,0.0,4.23,有,
梧棲區,房地(土地+建物)+車位,臺中市梧棲區臨港路四段８１６號十一樓之１,12.98,都市：其他:第四種商業區,,,1131122,土地1建物1車位1,十一層,十五層,住宅大樓(11層含以上有電梯),住家用,鋼筋混凝土造,1150312,153.7,3,2,2,有,有,9900000,74684,坡道平面,35.87,1100000,預售屋、或土地及建物分件登記案件；,RPTNMLSJJHLGFFB38DA,72.36,0.0,6.88,有,
梧棲區,房地(土地+建物),臺中市梧棲區臨港路四段８１２號十三樓之２,8.74,都市：其他:第四種商業區,,,1131108,土地1建物1車位0,十三層,十五層,住宅大樓(11層含以上有電梯),住家用,鋼筋混凝土造,1150312,79.4,2,2,1,有,有,5970000,75189,,0.0,0,預售屋、或土地及建物分件登記案件；,RPQOMLLKJHLGFFB57DA,49.86,0.0,3.5,有,
梧棲區,房地(土地+建物),臺中市梧棲區臨港路四段８１２號七樓之５,9.7,都市：其他:第四種商業區,,,1131108,土地1建物1車位0,七層,十五層,住宅大樓(11層含以上有電梯),住家用,鋼筋混凝土造,1150312,88.0,2,2,1,有,有,6600000,75000,,0.0,0,預售屋、或土地及建物分件登記案件；,RPQPMLLKJHLGFFB67DA,53.16,0.0,5.99,有,
梧棲區,房地(土地+建物),臺中市梧棲區臨港路四段８１２號八樓之６,8.05,都市：其他:第四種商業區,,,1131106,土地1建物1車位0,八層,十五層,住宅大樓(11層含以上有電梯),住家用,鋼筋混凝土造,1150312,73.1,2,2,1,有,有,5130000,70178,,0.0,0,預售屋、或土地及建物分件登記案件；,RPSPMLMKJHLGFFB97DA,45.49,0.0,3.63,有,
梧棲區,房地(土地+建物)+車位,臺中市梧棲區臨港路四段８１６號十三樓之３,10.92,都市：其他:第四種商業區,,,1131107,土地1建物1車位1,十三層,十五層,住宅大樓(11層含以上有電梯),住家用,鋼筋混凝土造,1150312,135.05,3,2,1,有,有,8490000,74511,坡道平面,35.87,1100000,115年2月1日夫妻更名再母子更名預售屋、或土地及建物分件登記案件；,RPVNMLOJLHLGFFB38DA,60.69,0.0,5.99,有,
豐原區,房地(土地+建物)+車位,臺中市豐原區豐原大道三段２３９巷１０６號四樓之７,19.51,都市：其他:第二種住宅區,,,1131011,土地1建物1車位1,四層,十四層,住宅大樓(11層含以上有電梯),住家用,鋼筋混凝土造,1150424,114.78999999999999,2,2,1,有,有,11680000,119816,坡道平面,32.33,1800000,預售屋、或土地及建物分件登記案件；,RPQOMLKKOHLGFDB77DA,50.91,0.0,3.6,有,
豐原區,房地(土地+建物)+車位,臺中市豐原區豐原大道三段２３９巷１０６號十樓之１,20.78,都市：其他:第二種住宅區,,,1131020,土地1建物1車位1,十層,十四層,住宅大樓(11層含以上有電梯),住家用,鋼筋混凝土造,1150424,120.4,2,2,1,有,有,12980000,124674,坡道平面,32.33,2000000,預售屋、或土地及建物分件登記案件；,RPPNMLOKOHLGFDB97DA,54.6,0.0,3.6,有,
沙鹿區,房地(土地+建物),臺中市沙鹿區星河路２０６之１５號,108.23,住,,,1131017,土地2建物1車位0,全,五層,透天厝,住家用,鋼筋混凝土造,1150120,291.07,5,3,5,有,有,32760000,112550,,0.0,0,預售屋、或土地及建物分件登記案件；,RPPNMLTKOHLGFFB68DA,281.73,0.0,9.34,有,
龍井區,房地(土地+建物)+車位,臺中市龍井區中沙路新庄仔巷３８號九樓之６,22.94,,鄉村區,乙種建築用地,1130906,土地1建物1車位1,九層,九層,華廈(10層含以下有電梯),住家用,鋼筋混凝土造,1150505,102.89,2,2,2,有,有,10950000,117443,升降機械,22.0,1450000,預售屋、或土地及建物分件登記案件；,RPTPMLLKPHLGFKB09DA,49.1,0.0,4.23,有,
豐原區,房地(土地+建物)+車位,臺中市豐原區豐原大道三段２３９巷１０６號七樓之７,19.51,都市：其他:第二種住宅區,,,1130901,土地1建物1車位1,七層,十四層,住宅大樓(11層含以上有電梯),住家用,鋼筋混凝土造,1150424,114.78999999999999,2,2,1,有,有,11800000,120058,坡道平面,32.33,1900000,預售屋、或土地及建物分件登記案件；,RPOUMLLKOHLGFDB28DA,50.91,0.0,3.6,有,
東區,房地(土地+建物)+車位,臺中市東區東英三街１００號八樓之１,17.24,都市：其他:第二種商業區,,,1130904,土地1建物1車位1,八層,十四層,住宅大樓(11層含以上有電梯),住家用,鋼筋混凝土造,1150403,145.26999999999998,3,2,2,有,有,17750000,135340,坡道平面,28.01,1880000,115.2.3權利轉讓總價為新台幣1775萬元整配偶預售屋、或土地及建物分件登記案件；,RPROMLMJOHLGFAB67DA,72.1,0.0,5.93,有,
南區,房地(土地+建物)+車位,臺中市南區福田二街１８０號十四樓之１,23.65,都市：其他:第三種住宅區。,,,1130903,土地2建物1車位1,十四層,十五層,住宅大樓(11層含以上有電梯),住家用,鋼筋混凝土造,1150516,155.95999999999998,3,2,2,有,有,21800000,153667,坡道平面,27.11,2000000,預售屋、或土地及建物分件登記案件；,RPOTMLOJPHLGFAB18DA,77.33,0.0,7.56,有,
北屯區,房地(土地+建物),臺中市北屯區興安路二段１０６號,25.87,都市：其他:第二種住宅區,,,1130911,土地1建物1車位0,一層,十四層,住宅大樓(11層含以上有電梯),其他,鋼筋混凝土造,1150507,140.22,0,0,0,無,有,20360000,145200,,0.0,0,預售屋、或土地及建物分件登記案件；,RPQPMLKKOHLGFBB67DA,101.55,0.0,1.9,有,
后里區,房地(土地+建物),臺中市后里區四月路６６之６６號,76.43,,特定農業區,甲種建築用地,1130914,土地5建物1車位0,全,四層,透天厝,住家用,鋼筋混凝土造,1150121,160.87,4,2,3,有,無,12680000,78821,,0.0,0,預售屋、或土地及建物分件登記案件；,RPVNMLSJNHLGFDB78DA,149.38,0.0,11.23,無,
后里區,房地(土地+建物),臺中市后里區四月路６６之１５號,126.05,,特定農業區,甲種建築用地,1130914,土地6建物1車位0,全,三層,透天厝,住家用,鋼筋混凝土造,1150121,139.37,4,2,3,有,無,14900000,106910,,0.0,0,預售屋、或土地及建物分件登記案件；,RPVOMLPKOHLGFDB78DA,127.28,0.0,11.83,無,
龍井區,房地(土地+建物)+車位,臺中市龍井區中沙路新庄仔巷３８號六樓之６,22.94,,鄉村區,乙種建築用地,1130813,土地1建物1車位1,六層,九層,華廈(10層含以下有電梯),住家用,鋼筋混凝土造,1150505,111.88,2,2,2,有,有,11130000,115342,坡道平面,30.99,1800000,預售屋、或土地及建物分件登記案件；,RPVNMLKKPHLGFKB98DA,49.1,0.0,4.23,有,
豐原區,房地(土地+建物)+車位,臺中市豐原區豐原大道三段２３９巷１１２號四樓之２,28.31,都市：其他:第二種住宅區,,,1130809,土地1建物1車位1,四層,十四層,住宅大樓(11層含以上有電梯),住家用,鋼筋混凝土造,1150424,152.26,3,2,2,有,有,16150000,117985,坡道平面,32.33,2000000,預售屋、或土地及建物分件登記案件；,RPTOMLLKOHLGFDB18DA,71.65,0.0,7.62,有,
豐原區,房地(土地+建物)+車位,臺中市豐原區豐原大道三段２３９巷１１２號八樓之１,28.31,都市：其他:第二種住宅區,,,1130806,土地1建物1車位1,八層,十四層,住宅大樓(11層含以上有電梯),住家用,鋼筋混凝土造,1150424,152.26,3,2,2,有,有,16130000,119486,坡道平面,32.33,1800000,預售屋、或土地及建物分件登記案件；,RPXOMLMKOHLGFDB68DA,71.65,0.0,7.62,有,
豐原區,房地(土地+建物)+車位,臺中市豐原區豐原大道三段２３９巷１０８號十樓之５,19.44,都市：其他:第二種住宅區,,,1130802,土地1建物1車位1,十層,十四層,住宅大樓(11層含以上有電梯),住家用,鋼筋混凝土造,1150424,114.69999999999999,2,2,1,有,有,12080000,123589,坡道平面,32.33,1900000,預售屋、或土地及建物分件登記案件；,RPVNMLOKOHLGFDB58DA,50.84,0.0,3.6,有,
豐原區,房地(土地+建物)+車位,臺中市豐原區豐原大道三段２３９巷１１０號十一樓之１,28.31,都市：其他:第二種住宅區,,,1130811,土地1建物1車位1,十一層,十四層,住宅大樓(11層含以上有電梯),住家用,鋼筋混凝土造,1150424,152.26,3,2,2,有,有,16800000,123405,坡道平面,32.33,2000000,預售屋、或土地及建物分件登記案件；,RPQPMLOKOHLGFDB28DA,71.65,0.0,7.62,有,
北屯區,房地(土地+建物)+車位,臺中市北屯區洲際路２８號二樓之５,25.41,都市：其他:第一之一種住宅區,,,1130801,土地1建物1車位1,二層,十五層,住宅大樓(11層含以上有電梯),住家用,鋼筋混凝土造,1140908,125.91,2,2,1,有,有,17440000,167629,坡道平面,34.1,2050000,預售屋、或土地及建物分件登記案件；,RPUNMLKLPHLGFBB08DA,53.9,0.0,6.72,有,
南區,房地(土地+建物)+車位,臺中市南區福田二街１８２號十四樓之５,25.33,都市：其他:第三種住宅區。,,,1130831,土地2建物1車位1,十四層,十五層,住宅大樓(11層含以上有電梯),住家用,鋼筋混凝土造,1150516,165.25,3,2,2,有,有,22730000,150789,坡道平面,27.11,1900000,115年1月30日權利讓渡預售屋、或土地及建物分件登記案件；,RPTRMLRLOHLGFAB88DA,83.03,0.0,7.94,有,
龍井區,房地(土地+建物)+車位,臺中市龍井區中沙路新庄仔巷３８號三樓之７,24.32,,鄉村區,乙種建築用地,1130813,土地1建物1車位1,三層,九層,華廈(10層含以下有電梯),住家用,鋼筋混凝土造,1150505,107.72,2,2,2,有,有,10280000,109426,升降機械,22.0,900000,預售屋、或土地及建物分件登記案件；,RPQNMLMKPHLGFKB68DA,53.3,0.0,3.22,有,
后里區,房地(土地+建物),臺中市后里區福美路１４之１號,434.15,,特定農業區,甲種建築用地,1130820,土地3建物1車位0,全,三層,透天厝,農業用,鋼筋混凝土造,0810506,169.2,2,3,2,有,無,13000000,76832,,0.0,0,,RPVNMLLKNHLGFDB18DA,164.66,0.0,4.54,無,
東區,房地(土地+建物)+車位,臺中市東區東英三街１００號十二樓之８,10.9,都市：其他:第二種商業區,,,1130821,土地1建物1車位1,十二層,十四層,住宅大樓(11層含以上有電梯),住家用,鋼筋混凝土造,1150403,101.2,2,2,1,有,有,12840000,149057,坡道平面,27.0,1780000,115.7.3權利轉讓總價為新台幣1284萬元整配偶預售屋、或土地及建物分件登記案件；,RPPNMLSLPHLGFAB28DA,45.43,0.0,3.88,有,
外埔區,房地(土地+建物),臺中市外埔區水美路２２之１５號,91.46,,特定農業區,甲種建築用地,1130709,土地5建物1車位0,全,四層,透天厝,住家用,鋼筋混凝土造,1141013,162.22,4,3,3,有,無,12100000,74590,,0.0,0,預售屋、或土地及建物分件登記案件；,RPVNMLQKPHLGFEB98DA,150.93,0.0,11.29,無,
龍井區,房地(土地+建物)+車位,臺中市龍井區中沙路新庄仔巷３８號八樓之３,22.18,,鄉村區,乙種建築用地,1130706,土地1建物1車位1,八層,九層,華廈(10層含以下有電梯),住家用,鋼筋混凝土造,1150505,100.22,2,2,2,有,有,10070000,117233,升降機械,22.0,900000,預售屋、或土地及建物分件登記案件；,RPTOMLLKPHLGFKB98DA,47.34,0.0,4.23,有,
龍井區,房地(土地+建物)+車位,臺中市龍井區中沙路新庄仔巷３８號七樓之６,22.94,,鄉村區,乙種建築用地,1130730,土地1建物1車位1,七層,九層,華廈(10層含以下有電梯),住家用,鋼筋混凝土造,1150505,102.89,2,2,2,有,有,10560000,116331,升降機械,22.0,1150000,預售屋、或土地及建物分件登記案件；,RPRPMLLKPHLGFKB88DA,49.1,0.0,4.23,有,
北屯區,房地(土地+建物),臺中市北屯區榮德路７３９號,44.38,都市：其他:第一之一種住宅區,,,1130712,土地1建物1車位0,全,四層,透天厝,住家用,鋼筋混凝土造,1150212,216.96,3,2,3,有,有,33950000,156480,,0.0,0,合建案建商與地主間之交易；預售屋、或土地及建物分件登記案件；,RPQOMLPJPHLGFBB08DA,196.66,0.0,14.43,有,0311
北屯區,房地(土地+建物),臺中市北屯區榮德路７３７號,44.28,都市：其他:第一之一種住宅區,,,1130712,土地1建物1車位0,全,四層,透天厝,住家用,鋼筋混凝土造,1150212,216.91000000000003,3,2,3,有,有,33950000,156509,,0.0,0,合建案建商與地主間之交易；預售屋、或土地及建物分件登記案件；,RPUOMLPJPHLGFBB48DA,196.66,0.0,12.43,有,0312
豐原區,房地(土地+建物)+車位,臺中市豐原區豐原大道三段２３９巷１０８號四樓之１,19.44,都市：其他:第二種住宅區,,,1130702,土地1建物1車位1,四層,十四層,住宅大樓(11層含以上有電梯),住家用,鋼筋混凝土造,1150424,114.69999999999999,2,2,1,有,有,12000000,121403,坡道平面,32.33,2000000,預售屋、或土地及建物分件登記案件；,RPROMLKKOHLGFDB87DA,50.84,0.0,3.6,有,
豐原區,房地(土地+建物)+車位,臺中市豐原區豐原大道三段２３９巷１１２號五樓之３,27.54,都市：其他:第二種住宅區,,,1130728,土地1建物1車位1,五層,十四層,住宅大樓(11層含以上有電梯),住家用,鋼筋混凝土造,1150424,148.73000000000002,3,2,2,有,有,15500000,117698,坡道平面,32.33,1800000,預售屋、或土地及建物分件登記案件；,RPORMLLKOHLGFDB97DA,71.95,0.0,4.99,有,
豐原區,房地(土地+建物)+車位,臺中市豐原區豐原大道三段２３９巷１１０號十樓之１,28.31,都市：其他:第二種住宅區,,,1130729,土地1建物1車位1,十層,十四層,住宅大樓(11層含以上有電梯),住家用,鋼筋混凝土造,1150424,152.26,3,2,2,有,有,16580000,122405,坡道平面,32.33,1900000,預售屋、或土地及建物分件登記案件；,RPOOMLOKOHLGFDB97DA,71.65,0.0,7.62,有,
東區,房地(土地+建物)+車位,臺中市東區東英三街１００號五樓之１１,12.68,都市：其他:第二種商業區,,,1130722,土地1建物1車位1,五層,十四層,住宅大樓(11層含以上有電梯),住家用,鋼筋混凝土造,1150403,114.47999999999999,2,2,2,有,有,13510000,133341,坡道平面,28.01,1980000,預售屋、或土地及建物分件登記案件；,RPOOMLMLOHLGFAB57DA,53.26,0.0,4.18,有,
東區,房地(土地+建物)+車位,臺中市東區東英三街１００號七樓之８,10.9,都市：其他:第二種商業區,,,1130722,土地1建物1車位1,七層,十四層,住宅大樓(11層含以上有電梯),住家用,鋼筋混凝土造,1150403,102.21000000000001,2,2,1,有,有,12260000,139892,坡道平面,28.01,1880000,預售屋、或土地及建物分件登記案件；,RPVPMLMLOHLGFAB38DA,45.43,0.0,3.88,有,
東區,房地(土地+建物)+車位,臺中市東區東英三街１００號十二樓之２,13.27,都市：其他:第二種商業區,,,1130729,土地1建物1車位1,十二層,十四層,住宅大樓(11層含以上有電梯),住家用,鋼筋混凝土造,1150403,118.78,2,2,2,有,有,15000000,143439,坡道平面,28.01,1980000,115.7.2權利轉讓總價為新台幣1500萬元整姊弟預售屋、或土地及建物分件登記案件；,RPVNMLQJPHLGFAB48DA,56.83,0.0,3.56,有,
東區,房地(土地+建物)+車位,臺中市東區東英三街１００號八樓之５,12.88,都市：其他:第二種商業區,,,1130719,土地1建物1車位1,八層,十四層,住宅大樓(11層含以上有電梯),住家用,鋼筋混凝土造,1150403,115.96000000000001,2,2,2,有,有,13820000,135759,坡道平面,28.01,1880000,預售屋、或土地及建物分件登記案件；,RPVOMLNKPHLGFAB38DA,54.24,0.0,4.18,有,
東區,房地(土地+建物)+車位,臺中市東區東英三街１００號十樓之８,10.9,都市：其他:第二種商業區,,,1130718,土地1建物1車位1,十層,十四層,住宅大樓(11層含以上有電梯),住家用,鋼筋混凝土造,1150403,102.21000000000001,2,2,1,有,有,12130000,136792,坡道平面,28.01,1980000,預售屋、或土地及建物分件登記案件；,RPWOMLNKPHLGFAB48DA,45.43,0.0,3.88,有,
南區,房地(土地+建物)+車位,臺中市南區福田二街１８２號七樓之２,24.56,都市：其他:第三種住宅區。,,,1130706,土地2建物1車位1,七層,十五層,住宅大樓(11層含以上有電梯),住家用,鋼筋混凝土造,1150516,160.51999999999998,3,2,2,有,有,20200000,137171,坡道平面,27.11,1900000,預售屋、或土地及建物分件登記案件；,RPTOMLRLOHLGFAB58DA,80.4,0.0,7.51,有,
南區,房地(土地+建物)+車位,臺中市南區福田二街１７６號八樓之５,24.82,都市：其他:第三種住宅區。,,,1130722,土地2建物1車位1,八層,十五層,住宅大樓(11層含以上有電梯),住家用,鋼筋混凝土造,1150516,162.45,3,2,2,有,有,20480000,136545,坡道平面,27.11,2000000,預售屋、或土地及建物分件登記案件；,RPOPMLRLOHLGFAB18DA,81.85,0.0,7.29,有,
南區,房地(土地+建物)+車位,臺中市南區福田二街１８０號十樓之５,30.25,都市：其他:第三種住宅區。,,,1130719,土地2建物1車位2,十層,十五層,住宅大樓(11層含以上有電梯),住家用,鋼筋混凝土造,1150516,219.03,4,2,2,有,有,26880000,137613,坡道平面,54.22,4200000,預售屋、或土地及建物分件登記案件；,RPOQMLRLOHLGFAB28DA,98.24,0.0,10.29,有,
南區,房地(土地+建物)+車位,臺中市南區福田二街１７６號十二樓之１,24.56,都市：其他:第三種住宅區。,,,1130713,土地2建物1車位1,十二層,十五層,住宅大樓(11層含以上有電梯),住家用,鋼筋混凝土造,1150516,160.51999999999998,3,2,2,有,有,20580000,138520,坡道平面,27.11,2100000,預售屋、或土地及建物分件登記案件；,RPWQMLRLOHLGFAB09DA,80.4,0.0,7.51,有,
南區,房地(土地+建物)+車位,臺中市南區福田二街１７６號十二樓之５,24.82,都市：其他:第三種住宅區。,,,1130728,土地2建物1車位1,十二層,十五層,住宅大樓(11層含以上有電梯),住家用,鋼筋混凝土造,1150516,162.45,3,2,2,有,有,20670000,138688,坡道平面,27.11,1900000,預售屋、或土地及建物分件登記案件；,RPXQMLRLOHLGFAB56DA,81.85,0.0,7.29,有,
南區,房地(土地+建物)+車位,臺中市南區福田二街１７２號二樓之５,22.75,都市：其他:第三種住宅區。,,,1130706,土地2建物1車位1,二層,十五層,住宅大樓(11層含以上有電梯),住家用,鋼筋混凝土造,1150516,150.65,3,2,2,有,有,17880000,130160,坡道平面,27.11,1800000,預售屋、或土地及建物分件登記案件；,RPXRMLRLOHLGFAB66DA,74.12,0.0,7.28,有,
南區,房地(土地+建物)+車位,臺中市南區福田二街１７０號六樓之３,23.14,都市：其他:第三種住宅區。,,,1130714,土地2建物1車位1,六層,十五層,住宅大樓(11層含以上有電梯),住家用,鋼筋混凝土造,1150516,153.36,3,2,2,有,有,18750000,132673,坡道平面,27.11,2000000,預售屋、或土地及建物分件登記案件；,RPXSMLRLOHLGFAB76DA,76.81,0.0,6.33,有,
南區,房地(土地+建物)+車位,臺中市南區福田二街１７８號九樓之７,23.14,都市：其他:第三種住宅區。,,,1130728,土地2建物1車位1,九層,十五層,住宅大樓(11層含以上有電梯),住家用,鋼筋混凝土造,1150516,152.95999999999998,3,2,2,有,有,18550000,132300,坡道平面,27.11,1900000,預售屋、或土地及建物分件登記案件；,RPPUMLRLOHLGFAB78DA,76.02,0.0,6.86,有,
南區,房地(土地+建物)+車位,臺中市南區福田二街１７２號四樓之６,23.4,都市：其他:第三種住宅區。,,,1130715,土地2建物1車位1,四層,十五層,住宅大樓(11層含以上有電梯),住家用,鋼筋混凝土造,1150516,154.60000000000002,3,2,2,有,有,18300000,129422,坡道平面,27.11,1800000,預售屋、或土地及建物分件登記案件；,RPSNMLOJPHLGFAB97DA,76.51,0.0,7.44,有,
南區,房地(土地+建物)+車位,臺中市南區福田二街１７０號八樓之３,23.14,都市：其他:第三種住宅區。,,,1130709,土地2建物1車位1,八層,十五層,住宅大樓(11層含以上有電梯),住家用,鋼筋混凝土造,1150516,153.36,3,2,2,有,有,19000000,134653,坡道平面,27.11,2000000,預售屋、或土地及建物分件登記案件；,RPPNMLRKPHLGFAB08DA,76.81,0.0,6.33,有,
北屯區,房地(土地+建物)+車位,臺中市北屯區興安路二段９６號十一樓之５,21.37,都市：其他:第二種住宅區,,,1130730,土地1建物1車位1,十一層,十五層,住宅大樓(11層含以上有電梯),住家用,鋼筋混凝土造,1150507,154.72,3,2,2,有,有,19990000,138972,坡道平面,24.19,1850000,預售屋、或土地及建物分件登記案件；,RPPUMLKKOHLGFBB08DA,77.61,0.0,9.2,有,
北屯區,房地(土地+建物)+車位,臺中市北屯區興安路二段９６號十樓之３,21.37,都市：其他:第二種住宅區,,,1130720,土地1建物1車位1,十層,十五層,住宅大樓(11層含以上有電梯),住家用,鋼筋混凝土造,1150507,155.72,3,2,2,有,有,20250000,139132,坡道平面,24.19,1950000,預售屋、或土地及建物分件登記案件；,RPPQMLKKPHLGFBB77DA,78.4,0.0,9.05,有,
沙鹿區,房地(土地+建物),臺中市沙鹿區星河路２０６之２７號,96.9,住,,,1130717,土地2建物1車位0,全,四層,透天厝,住家用,鋼筋混凝土造,1150120,206.26,4,3,4,有,有,21000000,101813,,0.0,0,於114年12月10日換約，價金不變。預售屋、或土地及建物分件登記案件；,RPRNMLKLOHLGFFB08DA,202.78,0.0,3.48,無,
沙鹿區,房地(土地+建物),臺中市沙鹿區星河路２０６之１７號,80.84,住,,,1130730,土地3建物1車位0,全,四層,透天厝,住家用,鋼筋混凝土造,1150120,210.56,4,3,4,有,有,22980000,109138,,0.0,0,預售屋、或土地及建物分件登記案件；,RPVWMLKLOHLGFFB76DA,206.98,0.0,3.58,無,
太平區,房地(土地+建物)+車位,臺中市太平區成功東路４２巷６１號十二樓之１,33.1,住,,,1130717,土地1建物1車位1,十二層,十四層,住宅大樓(11層含以上有電梯),住家用,鋼筋混凝土造,1150322,151.53,3,2,2,有,有,16330000,116108,坡道平面,28.11,2000000,預售屋、或土地及建物分件登記案件；,RPVNMLSJOHLGFJB86DA,76.99,0.0,4.7,有,
北屯區,房地(土地+建物),臺中市北屯區正道街３９號,149.84,都市：其他:第一種住宅區,,,1130713,土地1建物1車位0,全,四層,透天厝,住家用,鋼筋混凝土造,1150204,267.67,5,3,6,有,無,38500000,143834,,0.0,0,預售屋、或土地及建物分件登記案件；,RPTPMLTJPHLGFBB88DA,253.87,0.0,13.8,有,
東區,房地(土地+建物)+車位,臺中市東區東英三街１００號五樓之２,13.27,都市：其他:第二種商業區,,,1130719,土地1建物1車位1,五層,十四層,住宅大樓(11層含以上有電梯),住家用,鋼筋混凝土造,1150403,118.78,2,2,2,有,有,13910000,132533,坡道平面,28.01,1880000,預售屋、或土地及建物分件登記案件；,RPQNMLKLPHLGFAB57DA,56.83,0.0,3.56,有,
東區,房地(土地+建物)+車位,臺中市東區東英三街１００號二樓之８,10.9,都市：其他:第二種商業區,,,1130719,土地1建物1車位1,二層,十四層,住宅大樓(11層含以上有電梯),住家用,鋼筋混凝土造,1150403,101.2,2,2,1,有,有,11150000,126280,坡道平面,27.0,1780000,預售屋、或土地及建物分件登記案件；,RPRNMLKLPHLGFAB67DA,45.43,0.0,3.88,有,
東區,房地(土地+建物)+車位,臺中市東區東英三街１００號六樓之１０,13.67,都市：其他:第二種商業區,,,1130722,土地1建物1車位1,六層,十四層,住宅大樓(11層含以上有電梯),住家用,鋼筋混凝土造,1150403,120.88,2,2,2,有,有,14450000,134274,坡道平面,28.01,1980000,115.7.3權利轉讓總價為新台幣1445萬元整配偶預售屋、或土地及建物分件登記案件；,SPPNMLSLPHLGFAB38DA,57.64,0.0,4.1,有,
東區,房地(土地+建物)+車位,臺中市東區東英三街１００號十四樓之１１,12.68,都市：其他:第二種商業區,,,1130722,土地1建物1車位1,十四層,十四層,住宅大樓(11層含以上有電梯),住家用,鋼筋混凝土造,1150403,114.47999999999999,2,2,2,有,有,13650000,136117,坡道平面,28.01,1880000,預售屋、或土地及建物分件登記案件；,TPPNMLSLPHLGFAB48DA,53.26,0.0,4.18,有,
龍井區,房地(土地+建物)+車位,臺中市龍井區中沙路新庄仔巷３８號七樓之３,22.18,,鄉村區,乙種建築用地,1130605,土地1建物1車位1,七層,九層,華廈(10層含以下有電梯),住家用,鋼筋混凝土造,1150505,100.22,2,2,2,有,有,9850000,114421,升降機械,22.0,900000,預售屋、或土地及建物分件登記案件；,RPUOMLKKPHLGFKB98DA,47.34,0.0,4.23,有,
龍井區,房地(土地+建物)+車位,臺中市龍井區中沙路新庄仔巷３８號四樓之１,22.26,,鄉村區,乙種建築用地,1130608,土地1建物1車位1,四層,九層,華廈(10層含以下有電梯),住家用,鋼筋混凝土造,1150505,100.45,2,2,2,有,有,9530000,110006,升降機械,22.0,900000,預售屋、或土地及建物分件登記案件；,RPPNMLLKPHLGFKB48DA,48.52,0.0,3.22,有,
龍井區,房地(土地+建物)+車位,臺中市龍井區中沙路新庄仔巷３８號九樓之１,22.26,,鄉村區,乙種建築用地,1130615,土地1建物1車位1,九層,九層,華廈(10層含以下有電梯),住家用,鋼筋混凝土造,1150505,100.45,2,2,2,有,有,10580000,116380,升降機械,22.0,1450000,預售屋、或土地及建物分件登記案件；,RPTNMLLKPHLGFKB88DA,48.52,0.0,3.22,有,
龍井區,房地(土地+建物)+車位,臺中市龍井區中沙路新庄仔巷３８號九樓之８,22.39,,鄉村區,乙種建築用地,1130612,土地1建物1車位1,九層,九層,華廈(10層含以下有電梯),住家用,鋼筋混凝土造,1150505,109.94,2,2,2,有,有,10960000,116656,坡道平面,30.99,1750000,預售屋、或土地及建物分件登記案件；,RPROMLMKPHLGFKB88DA,48.84,0.0,3.22,有,
龍井區,房地(土地+建物)+車位,臺中市龍井區中沙路新庄仔巷３８號九樓之２,25.48,,鄉村區,乙種建築用地,1130615,土地1建物1車位1,九層,九層,華廈(10層含以下有電梯),住家用,鋼筋混凝土造,1150505,120.81,2,2,2,有,有,12100000,114674,坡道平面,30.99,1800000,115.05.29配偶換約價金不變預售屋、或土地及建物分件登記案件；,RPPPMLMKPHLGFKB78DA,55.69,0.0,3.54,有,
北屯區,房地(土地+建物),臺中市北屯區榮德路７３５之９號,110.36,都市：其他:第一之一種住宅區,,,1130615,土地4建物1車位0,全,四層,透天厝,住家用,鋼筋混凝土造,1150212,251.66,3,2,3,有,有,39980000,158865,,0.0,0,預售屋、或土地及建物分件登記案件；,RPTQMLQLLHLGFBB48DA,220.48,0.0,23.45,有,
北屯區,房地(土地+建物),臺中市北屯區榮德路７３７之１號,93.0,都市：其他:第一之一種住宅區,,,1130619,土地4建物1車位0,全,四層,透天厝,住家用,鋼筋混凝土造,1150212,263.22,3,2,3,有,有,39980000,151888,,0.0,0,預售屋、或土地及建物分件登記案件；,RPSOMLPJPHLGFBB28DA,231.43,0.0,23.69,有,
豐原區,房地(土地+建物)+車位,臺中市豐原區豐原大道三段２３９巷１０８號二樓之１,21.2,都市：其他:第二種住宅區,,,1130629,土地1建物1車位1,二層,十四層,住宅大樓(11層含以上有電梯),住家用,鋼筋混凝土造,1150424,121.75999999999999,2,2,1,有,有,13450000,129151,坡道平面,32.33,1900000,預售屋、或土地及建物分件登記案件；,RPROMLTJOHLGFDB68DA,54.6,0.0,4.51,有,
豐原區,房地(土地+建物)+車位,臺中市豐原區豐原大道三段２３９巷１０６號四樓之６,19.44,都市：其他:第二種住宅區,,,1130607,土地1建物1車位1,四層,十四層,住宅大樓(11層含以上有電梯),住家用,鋼筋混凝土造,1150424,114.69999999999999,2,2,1,有,有,11400000,116547,坡道平面,32.33,1800000,預售屋、或土地及建物分件登記案件；,RPPOMLKKOHLGFDB67DA,50.84,0.0,3.6,有,
豐原區,房地(土地+建物)+車位,臺中市豐原區豐原大道三段２３９巷１０８號四樓之５,19.44,都市：其他:第二種住宅區,,,1130601,土地1建物1車位1,四層,十四層,住宅大樓(11層含以上有電梯),住家用,鋼筋混凝土造,1150424,114.69999999999999,2,2,1,有,有,11330000,115697,坡道平面,32.33,1800000,預售屋、或土地及建物分件登記案件；,RPUOMLKKOHLGFDB18DA,50.84,0.0,3.6,有,
豐原區,房地(土地+建物)+車位,臺中市豐原區豐原大道三段２３９巷１０６號五樓之１,20.78,都市：其他:第二種住宅區,,,1130607,土地1建物1車位1,五層,十四層,住宅大樓(11層含以上有電梯),住家用,鋼筋混凝土造,1150424,120.38,2,2,1,有,有,12660000,121068,坡道平面,32.33,2000000,預售屋、或土地及建物分件登記案件；,RPXOMLLKOHLGFDB58DA,54.6,0.0,3.6,有,
豐原區,房地(土地+建物)+車位,臺中市豐原區豐原大道三段２３９巷１０６號九樓之１,20.78,都市：其他:第二種住宅區,,,1130622,土地1建物1車位1,九層,十四層,住宅大樓(11層含以上有電梯),住家用,鋼筋混凝土造,1150424,120.4,2,2,1,有,有,12830000,124106,坡道平面,32.33,1900000,預售屋、或土地及建物分件登記案件；,RPRPMLMKOHLGFDB18DA,54.6,0.0,3.6,有,
潭子區,房地(土地+建物)+車位,臺中市潭子區嘉豐路１巷５號,63.55,農,,,1130621,土地2建物1車位1,全,四層,透天厝,住家用,鋼筋混凝土造,1150205,198.65,4,2,6,有,無,19880000,100076,一樓平面,0.0,0,預售屋、或土地及建物分件登記案件；,RPRNMLNKPHLGFHB58DA,188.78,0.0,9.87,無,
潭子區,房地(土地+建物)+車位,臺中市潭子區嘉豐路１巷７弄６號,63.21,農,,,1130615,土地2建物1車位1,全,四層,透天厝,住家用,鋼筋混凝土造,1150205,178.93,4,2,6,有,無,19300000,107863,一樓平面,0.0,0,預售屋、或土地及建物分件登記案件；,RPTNMLNKPHLGFHB78DA,160.57,0.0,18.36,無,
南區,房地(土地+建物)+車位,臺中市南區福田二街１８０號八樓之７,23.14,都市：其他:第三種住宅區。,,,1130628,土地2建物1車位1,八層,十五層,住宅大樓(11層含以上有電梯),住家用,鋼筋混凝土造,1150516,153.36,3,2,2,有,有,19080000,136079,坡道平面,27.11,1900000,預售屋、或土地及建物分件登記案件；,RPWOMLRLOHLGFAB88DA,76.81,0.0,6.33,有,
南區,房地(土地+建物)+車位,臺中市南區福田二街１８０號九樓之３,29.99,都市：其他:第三種住宅區。,,,1130609,土地2建物1車位1,九層,十五層,住宅大樓(11層含以上有電梯),住家用,鋼筋混凝土造,1150516,190.03,4,2,2,有,有,24380000,136754,坡道平面,27.11,2100000,115年1月24日權利讓渡預售屋、或土地及建物分件登記案件；,RPQPMLRLOHLGFAB38DA,96.15,0.0,11.19,有,
南區,房地(土地+建物)+車位,臺中市南區福田二街１８２號九樓之３,24.56,都市：其他:第三種住宅區。,,,1130602,土地2建物1車位1,九層,十五層,住宅大樓(11層含以上有電梯),住家用,鋼筋混凝土造,1150516,160.92000000000002,3,2,2,有,有,20590000,138181,坡道平面,27.11,2100000,預售屋、或土地及建物分件登記案件；,RPTPMLRLOHLGFAB68DA,80.03,0.0,8.14,有,
南區,房地(土地+建物)+車位,臺中市南區福田二街１８０號十三樓之５,23.14,都市：其他:第三種住宅區。,,,1130628,土地2建物1車位2,十三層,十五層,住宅大樓(11層含以上有電梯),住家用,鋼筋混凝土造,1150516,180.47,3,2,2,有,有,21650000,139802,坡道平面,54.22,4000000,預售屋、或土地及建物分件登記案件；,RPPRMLRLOHLGFAB48DA,76.81,0.0,6.33,有,
南區,房地(土地+建物)+車位,臺中市南區福田二街１８２號十三樓之３,24.56,都市：其他:第三種住宅區。,,,1130601,土地2建物1車位2,十三層,十五層,住宅大樓(11層含以上有電梯),住家用,鋼筋混凝土造,1150516,188.03,3,2,2,有,有,22050000,140871,坡道平面,54.22,3200000,115年2月6日權利讓渡預售屋、或土地及建物分件登記案件；,RPQRMLRLOHLGFAB58DA,80.03,0.0,8.14,有,
南區,房地(土地+建物)+車位,臺中市南區福田二街１７２號四樓之３,23.14,都市：其他:第三種住宅區。,,,1130630,土地2建物1車位1,四層,十五層,住宅大樓(11層含以上有電梯),住家用,鋼筋混凝土造,1150516,152.95999999999998,3,2,2,有,有,18100000,129519,坡道平面,27.11,1800000,預售屋、或土地及建物分件登記案件；,RPRSMLRLOHLGFAB78DA,76.02,0.0,6.86,有,
南區,房地(土地+建物)+車位,臺中市南區福田二街１７０號八樓之６,30.25,都市：其他:第三種住宅區。,,,1130623,土地2建物1車位2,八層,十五層,住宅大樓(11層含以上有電梯),住家用,鋼筋混凝土造,1150516,219.03,4,2,2,有,有,26000000,133487,坡道平面,54.22,4000000,預售屋、或土地及建物分件登記案件；,RPUTMLRLOHLGFAB56DA,98.24,0.0,10.29,有,
南區,房地(土地+建物)+車位,臺中市南區福田二街１８０號十三樓之２,29.34,都市：其他:第三種住宅區。,,,1130627,土地2建物1車位1,十三層,十五層,住宅大樓(11層含以上有電梯),住家用,鋼筋混凝土造,1150516,186.74,4,2,2,有,有,23650000,136253,坡道平面,27.11,1900000,預售屋、或土地及建物分件登記案件；,RPONNLTLOHLGFAB28DA,96.83,0.0,8.34,有,
南區,房地(土地+建物)+車位,臺中市南區福田二街１７０號九樓之７,29.99,都市：其他:第三種住宅區。,,,1130618,土地2建物1車位2,九層,十五層,住宅大樓(11層含以上有電梯),住家用,鋼筋混凝土造,1150516,217.14,4,2,2,有,有,26060000,134176,坡道平面,54.22,4200000,預售屋、或土地及建物分件登記案件；,RPSOMLOJPHLGFAB08DA,96.15,0.0,11.19,有,
南區,房地(土地+建物)+車位,臺中市南區福田二街１７２號九樓之３,23.14,都市：其他:第三種住宅區。,,,1130616,土地2建物1車位1,九層,十五層,住宅大樓(11層含以上有電梯),住家用,鋼筋混凝土造,1150516,152.95999999999998,3,2,2,有,有,18540000,132221,坡道平面,27.11,1900000,預售屋、或土地及建物分件登記案件；,RPTOMLOJPHLGFAB18DA,76.02,0.0,6.86,有,
南區,房地(土地+建物)+車位,臺中市南區福田二街１７２號十樓之３,23.14,都市：其他:第三種住宅區。,,,1130616,土地2建物1車位1,十層,十五層,住宅大樓(11層含以上有電梯),住家用,鋼筋混凝土造,1150516,152.95999999999998,3,2,2,有,有,18610000,132777,坡道平面,27.11,1900000,預售屋、或土地及建物分件登記案件；,RPWOMLOJPHLGFAB48DA,76.02,0.0,6.86,有,
太平區,房地(土地+建物)+車位,臺中市太平區樹德五街１７號二樓之１,30.77,住,,,1130609,土地1建物1車位1,二層,十五層,住宅大樓(11層含以上有電梯),住家用,鋼筋混凝土造,1150512,173.39,3,2,2,有,有,16180000,108644,坡道平面,39.65,1650000,預售屋、或土地及建物分件登記案件；,RPOOMLKLPHLGFJB38DA,75.77,0.0,11.37,有,
龍井區,房地(土地+建物)+車位,臺中市龍井區中沙路新庄仔巷３８號五樓之３,22.18,,鄉村區,乙種建築用地,1130618,土地1建物1車位1,五層,九層,華廈(10層含以下有電梯),住家用,鋼筋混凝土造,1150505,100.22,2,2,2,有,有,9690000,112375,升降機械,22.0,900000,預售屋、或土地及建物分件登記案件；,RPROMLLKPHLGFKB78DA,47.34,0.0,4.23,有,
龍井區,房地(土地+建物)+車位,臺中市龍井區中沙路新庄仔巷３８號五樓之５,25.16,,鄉村區,乙種建築用地,1130622,土地1建物1車位1,五層,九層,華廈(10層含以下有電梯),住家用,鋼筋混凝土造,1150505,120.71000000000001,2,2,2,有,有,11780000,112527,坡道平面,32.02,1800000,預售屋、或土地及建物分件登記案件；,RPXNMLLLPHLGFKB76DA,55.27,0.0,3.22,有,
太平區,房地(土地+建物)+車位,臺中市太平區成功東路４２巷６１號四樓之７,33.08,住,,,1130614,土地1建物1車位1,四層,十四層,住宅大樓(11層含以上有電梯),住家用,鋼筋混凝土造,1150322,151.5,3,2,2,有,有,15210000,109085,坡道平面,28.11,1750000,預售屋、或土地及建物分件登記案件；,RPVNMLMLOHLGFJB09DA,76.98,0.0,4.7,有,
北區,房地(土地+建物)+車位,臺中市北區文武街３０號四樓,23.64,都市：其他:第二種住宅區,,,1130622,土地1建物1車位1,四層,五層,華廈(10層含以下有電梯),住家用,鋼筋混凝土造,1150508,91.82000000000001,2,2,2,有,有,16130000,166940,升降機械,6.58,1900000,115.6.5配偶轉讓預售屋、或土地及建物分件登記案件；,RPPVMLNLPHLGFBB68DA,55.22,0.0,5.48,有,
西屯區,房地(土地+建物)+車位,臺中市西屯區惠中一街５８號十一樓之７,19.08,都市：其他:第六種新市政中心專用區,,,1130529,土地1建物1車位1,十一層,二十七層,住宅大樓(11層含以上有電梯),住家用,鋼骨造,1140904,264.79,2,2,3,有,有,55680000,227772,坡道平面,31.75,2600000,總價含工程加減帳及面積找補款-77742元。加減後總價為55602258元。預售屋、或土地及建物分件登記案件；,RPUPMLTKNHLGFCB98DA,132.42,0.0,12.16,有,
沙鹿區,房地(土地+建物)+車位,臺中市沙鹿區平等六街８７號六樓之２,25.22,住,,,1130510,土地1建物1車位1,六層,七層,華廈(10層含以下有電梯),住家用,鋼筋混凝土造,1150423,110.33,2,1,1,有,無,11420000,122891,坡道平面,33.27,1950000,預售屋、或土地及建物分件登記案件；,RPSUMLOJNHLGFFB98DA,46.79,0.0,3.83,有,
太平區,房地(土地+建物)+車位,臺中市太平區育才路１７９號四樓之５,18.08,住,,,1130530,土地1建物1車位1,四層,十五層,住宅大樓(11層含以上有電梯),住家用,鋼筋混凝土造,1150113,118.97,2,2,1,有,有,12450000,117368,坡道平面,28.23,1800000,預售屋、或土地及建物分件登記案件；,RPSNMLKKPHLGFJB58DA,52.53,0.0,7.23,有,
北屯區,房地(土地+建物),臺中市北屯區榮德路７３５之６號,92.96,都市：其他:第一之一種住宅區,,,1130522,土地4建物1車位0,全,四層,透天厝,住家用,鋼筋混凝土造,1150212,263.22,3,2,3,有,有,39980000,151888,,0.0,0,預售屋、或土地及建物分件登記案件；,RPPPMLSJMHLGFBB08DA,231.43,0.0,23.69,有,
豐原區,房地(土地+建物)+車位,臺中市豐原區豐原大道三段２３９巷１０６號六樓之７,19.51,都市：其他:第二種住宅區,,,1130529,土地1建物1車位1,六層,十四層,住宅大樓(11層含以上有電梯),住家用,鋼筋混凝土造,1150424,114.78999999999999,2,2,1,有,有,11700000,118846,坡道平面,32.33,1900000,預售屋、或土地及建物分件登記案件；,RPXRMLLKOHLGFDB88DA,50.91,0.0,3.6,有,
豐原區,房地(土地+建物)+車位,臺中市豐原區豐原大道三段２３９巷１０６號十二樓之２,19.44,都市：其他:第二種住宅區,,,1130523,土地1建物1車位1,十二層,十四層,住宅大樓(11層含以上有電梯),住家用,鋼筋混凝土造,1150424,114.69999999999999,2,2,1,有,有,12220000,124074,坡道平面,32.33,2000000,預售屋、或土地及建物分件登記案件；,RPTPMLOKOHLGFDB58DA,50.84,0.0,3.6,有,
潭子區,房地(土地+建物)+車位,臺中市潭子區嘉豐路１巷７弄８號,62.2,農,,,1130506,土地2建物1車位1,全,四層,透天厝,住家用,鋼筋混凝土造,1150205,178.93,4,2,6,有,無,18680000,104398,一樓平面,0.0,0,預售屋、或土地及建物分件登記案件；,RPSNMLNKPHLGFHB68DA,160.57,0.0,18.36,無,
龍井區,房地(土地+建物)+車位,臺中市龍井區沙田路五段龍目井１２６巷１號二樓之２,38.96,都市：其他:第四種住宅區,,,1130505,土地1建物1車位1,二層,五層,華廈(10層含以下有電梯),住家用,鋼筋混凝土造,1150427,111.17,3,2,2,有,無,8530000,78666,升降機械,11.0,650000,預售屋、或土地及建物分件登記案件；,RPSNMLQKPHLGFKB66DA,66.5,0.0,6.92,有,
龍井區,房地(土地+建物)+車位,臺中市龍井區沙田路五段龍目井１２６巷１號二樓之３,38.84,都市：其他:第四種住宅區,,,1130512,土地1建物1車位1,二層,五層,華廈(10層含以下有電梯),住家用,鋼筋混凝土造,1150427,114.82,3,2,2,有,無,9480000,81948,一樓平面,15.0,1300000,預售屋、或土地及建物分件登記案件；,RPTNMLQKPHLGFKB76DA,66.25,0.0,6.92,有,
龍井區,房地(土地+建物)+車位,臺中市龍井區沙田路五段龍目井１２６巷１號二樓之１２,38.74,都市：其他:第四種住宅區,,,1130507,土地1建物1車位1,二層,五層,華廈(10層含以下有電梯),住家用,鋼筋混凝土造,1150427,110.28,3,2,2,有,無,8830000,82393,升降機械,11.0,650000,於115年6月5日二親等內換約，價金不變。預售屋、或土地及建物分件登記案件；,RPVNMLQKPHLGFKB96DA,66.12,0.0,6.66,有,
龍井區,房地(土地+建物)+車位,臺中市龍井區沙田路五段龍目井１２６巷１號五樓之３,38.84,都市：其他:第四種住宅區,,,1130504,土地1建物1車位1,五層,五層,華廈(10層含以下有電梯),住家用,鋼筋混凝土造,1150427,110.81,3,2,2,有,無,8830000,81956,升降機械,11.0,650000,於115年6月2日配偶間換約，價金不變。預售屋、或土地及建物分件登記案件；,RPXNMLRKPHLGFKB27DA,66.25,0.0,6.92,有,
龍井區,房地(土地+建物),臺中市龍井區沙田路五段龍目井１２６巷１號五樓之１１,30.74,都市：其他:第四種住宅區,,,1130508,土地1建物1車位0,五層,五層,華廈(10層含以下有電梯),住家用,鋼筋混凝土造,1150427,79.59,2,2,1,有,無,7000000,87951,,0.0,0,於115年6月3日配偶間換約，價金不變。預售屋、或土地及建物分件登記案件；,RPSOMLRKPHLGFKB86DA,51.77,0.0,6.57,有,
南區,房地(土地+建物)+車位,臺中市南區福田二街１７６之１號,22.88,都市：其他:第三種住宅區。,,,1130524,土地2建物1車位1,一層,十五層,住宅大樓(11層含以上有電梯),住家用,鋼筋混凝土造,1150516,151.9,3,2,2,有,有,17650000,126212,坡道平面,27.11,1900000,預售屋、或土地及建物分件登記案件；,RPPNMLRLOHLGFAB08DA,77.64,0.0,4.59,有,
南區,房地(土地+建物)+車位,臺中市南區福田二街１７６號九樓之７,24.56,都市：其他:第三種住宅區。,,,1130519,土地2建物1車位2,九層,十五層,住宅大樓(11層含以上有電梯),住家用,鋼筋混凝土造,1150516,188.03,3,2,2,有,有,22130000,139975,坡道平面,54.22,3400000,預售屋、或土地及建物分件登記案件；,RPWPMLRLOHLGFAB98DA,80.03,0.0,8.14,有,
南區,房地(土地+建物)+車位,臺中市南區福田二街１８２號十二樓之１,23.01,都市：其他:第三種住宅區。,,,1130511,土地2建物1車位1,十二層,十五層,住宅大樓(11層含以上有電梯),住家用,鋼筋混凝土造,1150516,152.31,3,2,2,有,有,18980000,137220,坡道平面,27.11,1800000,預售屋、或土地及建物分件登記案件；,RPVQMLRLOHLGFAB98DA,75.82,0.0,6.68,有,
南區,房地(土地+建物)+車位,臺中市南區福田二街１７６號十二樓之７,24.56,都市：其他:第三種住宅區。,,,1130511,土地2建物1車位2,十二層,十五層,住宅大樓(11層含以上有電梯),住家用,鋼筋混凝土造,1150516,188.03,3,2,2,有,有,22380000,141843,坡道平面,54.22,3400000,預售屋、或土地及建物分件登記案件；,RPORMLRLOHLGFAB38DA,80.03,0.0,8.14,有,
南區,房地(土地+建物)+車位,臺中市南區福田二街１７８號二樓之６,22.75,都市：其他:第三種住宅區。,,,1130520,土地2建物1車位1,二層,十五層,住宅大樓(11層含以上有電梯),住家用,鋼筋混凝土造,1150516,150.65,3,2,2,有,有,17950000,129917,坡道平面,27.11,1900000,預售屋、或土地及建物分件登記案件；,RPOSMLRLOHLGFAB48DA,74.12,0.0,7.28,有,
南區,房地(土地+建物)+車位,臺中市南區福田二街１７８號三樓之７,23.14,都市：其他:第三種住宅區。,,,1130518,土地2建物1車位1,三層,十五層,住宅大樓(11層含以上有電梯),住家用,鋼筋混凝土造,1150516,152.95999999999998,3,2,2,有,有,18000000,128725,坡道平面,27.11,1800000,預售屋、或土地及建物分件登記案件；,RPQSMLRLOHLGFAB68DA,76.02,0.0,6.86,有,
南區,房地(土地+建物)+車位,臺中市南區福田二街１７８號六樓之７,23.14,都市：其他:第三種住宅區。,,,1130511,土地2建物1車位1,六層,十五層,住宅大樓(11層含以上有電梯),住家用,鋼筋混凝土造,1150516,152.95999999999998,3,2,2,有,有,18300000,130314,坡道平面,27.11,1900000,預售屋、或土地及建物分件登記案件；,RPQTMLRLOHLGFAB78DA,76.02,0.0,6.86,有,
南區,房地(土地+建物)+車位,臺中市南區福田二街１７８號八樓之７,23.14,都市：其他:第三種住宅區。,,,1130523,土地2建物1車位1,八層,十五層,住宅大樓(11層含以上有電梯),住家用,鋼筋混凝土造,1150516,152.95999999999998,3,2,2,有,有,18380000,131744,坡道平面,27.11,1800000,預售屋、或土地及建物分件登記案件；,RPWTMLRLOHLGFAB76DA,76.02,0.0,6.86,有,
南區,房地(土地+建物)+車位,臺中市南區福田二街１７０號九樓之５,23.4,都市：其他:第三種住宅區。,,,1130515,土地2建物1車位1,九層,十五層,住宅大樓(11層含以上有電梯),住家用,鋼筋混凝土造,1150516,154.31,3,2,2,有,有,19600000,138365,坡道平面,27.11,2000000,預售屋、或土地及建物分件登記案件；,RPXTMLRLOHLGFAB86DA,75.96,0.0,7.84,有,
西屯區,房地(土地+建物)+車位,臺中市西屯區青海南街２３３號二十一樓之２,14.83,住,,,1130503,土地1建物1車位1,二十一層,二十三層,住宅大樓(11層含以上有電梯),住家用,鋼筋混凝土造,1150407,117.78999999999999,2,1,1,有,有,18480000,193366,坡道平面,34.89,2450000,預售屋、或土地及建物分件登記案件；,RPWOMLLLPHLGFCB58DA,48.33,0.0,4.02,有,
太平區,房地(土地+建物)+車位,臺中市太平區樹德五街１７號四樓之１,30.02,住,,,1130524,土地1建物1車位1,四層,十五層,住宅大樓(11層含以上有電梯),住家用,鋼筋混凝土造,1150512,170.2,3,2,2,有,有,16800000,115282,坡道平面,39.65,1750000,預售屋、或土地及建物分件登記案件；,RPUOMLKLPHLGFJB98DA,75.77,0.0,9.27,有,
太平區,房地(土地+建物)+車位,臺中市太平區樹德五街１７號十四樓之２,29.76,住,,,1130511,土地1建物1車位2,十四層,十五層,住宅大樓(11層含以上有電梯),住家用,鋼筋混凝土造,1150512,208.75,3,2,2,有,有,18750000,119351,坡道平面,79.3,3300000,預售屋、或土地及建物分件登記案件；,RPWSMLKLPHLGFJB96DA,75.77,0.0,8.57,有,
龍井區,房地(土地+建物)+車位,臺中市龍井區中沙路新庄仔巷３８號五樓之２,25.48,,鄉村區,乙種建築用地,1130507,土地1建物1車位1,五層,九層,華廈(10層含以下有電梯),住家用,鋼筋混凝土造,1150505,111.83,2,2,2,有,有,10920000,111544,升降機械,22.0,900000,預售屋、或土地及建物分件登記案件；,RPXNMLLKPHLGFKB66DA,55.69,0.0,3.54,有,
龍井區,房地(土地+建物)+車位,臺中市龍井區中沙路新庄仔巷３８號九樓之５,25.16,,鄉村區,乙種建築用地,1130510,土地1建物1車位1,九層,九層,華廈(10層含以下有電梯),住家用,鋼筋混凝土造,1150505,119.68,2,2,2,有,有,11960000,114556,坡道平面,30.99,1800000,預售屋、或土地及建物分件登記案件；,RPVNMLLLPHLGFKB56DA,55.27,0.0,3.22,有,
北屯區,房地(土地+建物)+車位,臺中市北屯區興安路二段１００號四樓之１,26.24,都市：其他:第二種住宅區,,,1130505,土地1建物1車位2,四層,十四層,住宅大樓(11層含以上有電梯),住家用,鋼筋混凝土造,1150507,195.07,4,2,2,有,有,21640000,123560,坡道機械,34.5,1800000,預售屋、或土地及建物分件登記案件；,RPOPMLKKOHLGFBB47DA,96.27,0.0,10.53,有,
北屯區,房地(土地+建物)+車位,臺中市北屯區興安路二段９８號八樓之３,21.37,都市：其他:第二種住宅區,,,1130509,土地1建物1車位1,八層,十五層,住宅大樓(11層含以上有電梯),住家用,鋼筋混凝土造,1150507,155.72,3,2,2,有,有,19010000,131225,坡道平面,24.19,1750000,預售屋、或土地及建物分件登記案件；,RPTPMLKKPHLGFBB08DA,78.4,0.0,9.05,有,
北區,房地(土地+建物)+車位,臺中市北區文武街３０號五樓,23.64,都市：其他:第二種住宅區,,,1130506,土地1建物1車位1,五層,五層,華廈(10層含以下有電梯),住家用,鋼筋混凝土造,1150508,91.82000000000001,2,2,2,有,有,15830000,169873,升降機械,6.58,1350000,預售屋、或土地及建物分件登記案件；,RPUVMLNLPHLGFBB56DA,55.22,0.0,5.48,有,
北屯區,房地(土地+建物)+車位,臺中市北屯區榮富街６７號三樓,30.05,都市：其他:第一之一種住宅區,,,1130507,土地1建物1車位1,三層,八層,華廈(10層含以下有電梯),住家用,鋼筋混凝土造,1150526,114.71000000000001,2,2,2,有,有,17230000,175846,坡道平面,28.1,2000000,預售屋、或土地及建物分件登記案件；,RPSQMLLJPHLGFBB08DA,50.79,0.0,6.39,有,
大雅區,房地(土地+建物),臺中市大雅區大林路２１２巷２１弄２１之５號,76.98,,特定農業區,甲種建築用地,1130516,土地2建物1車位0,全,四層,透天厝,住家用,鋼筋混凝土造,1150414,172.39,4,2,3,有,有,22500000,130518,,0.0,0,預售屋、或土地及建物分件登記案件；,RPUNMLSKPHLGFHB76DA,153.75,0.0,18.13,無,
龍井區,房地(土地+建物)+車位,臺中市龍井區中沙路新庄仔巷３８號八樓之１,22.26,,鄉村區,乙種建築用地,1130419,土地1建物1車位1,八層,九層,華廈(10層含以下有電梯),住家用,鋼筋混凝土造,1150505,110.47,2,2,2,有,有,10750000,114723,坡道平面,32.02,1750000,預售屋、或土地及建物分件登記案件；,RPSNMLLKPHLGFKB78DA,48.52,0.0,3.22,有,
龍井區,房地(土地+建物)+車位,臺中市龍井區中沙路新庄仔巷３８號八樓之８,22.39,,鄉村區,乙種建築用地,1130414,土地1建物1車位1,八層,九層,華廈(10層含以下有電梯),住家用,鋼筋混凝土造,1150505,110.97,2,2,2,有,有,10770000,114250,坡道平面,32.02,1750000,預售屋、或土地及建物分件登記案件；,RPQOMLMKPHLGFKB78DA,48.84,0.0,3.22,有,
北屯區,房地(土地+建物),臺中市北屯區榮德路７３５之２號,92.96,都市：其他:第一之一種住宅區,,,1130413,土地4建物1車位0,全,四層,透天厝,住家用,鋼筋混凝土造,1150212,263.22,3,2,3,有,有,39980000,151888,,0.0,0,預售屋、或土地及建物分件登記案件；,RPVPNLTKLHLGFBB88DA,231.43,0.0,23.69,有,
北屯區,房地(土地+建物),臺中市北屯區榮德路７３７之９號,108.56,都市：其他:第一之一種住宅區,,,1130424,土地4建物1車位0,全,四層,透天厝,住家用,鋼筋混凝土造,1150212,251.66,3,2,3,有,有,39950000,158746,,0.0,0,預售屋、或土地及建物分件登記案件；,RPUOMLRLLHLGFBB48DA,220.48,0.0,23.45,有,
北屯區,房地(土地+建物)+車位,臺中市北屯區榮富街６７號二樓,30.05,都市：其他:第一之一種住宅區,,,1130423,土地1建物1車位1,二層,八層,華廈(10層含以下有電梯),住家用,鋼筋混凝土造,1150526,114.71000000000001,2,2,2,有,有,16390000,166147,坡道平面,28.1,2000000,預售屋、或土地及建物分件登記案件；,RPPQMLLJPHLGFBB77DA,50.79,0.0,6.39,有,
北屯區,房地(土地+建物)+車位,臺中市北屯區榮富街６３號三樓,36.07,都市：其他:第一之一種住宅區,,,1130420,土地1建物1車位1,三層,八層,華廈(10層含以下有電梯),住家用,鋼筋混凝土造,1150526,132.12,3,2,2,有,有,20100000,172082,坡道平面,28.1,2200000,預售屋、或土地及建物分件登記案件；,RPQQMLLJPHLGFBB87DA,62.8,0.0,5.87,有,
北屯區,房地(土地+建物)+車位,臺中市北屯區榮富街６３號七樓,36.07,都市：其他:第一之一種住宅區,,,1130421,土地1建物1車位1,七層,八層,華廈(10層含以下有電梯),住家用,鋼筋混凝土造,1150526,130.48000000000002,3,2,2,有,有,20950000,181198,坡道平面,26.45,2100000,預售屋、或土地及建物分件登記案件；,RPVNMLPJPHLGFBB48DA,62.8,0.0,5.87,有,
豐原區,房地(土地+建物)+車位,臺中市豐原區豐原大道三段２３９巷１０８號二樓之５,18.66,都市：其他:第二種住宅區,,,1130420,土地1建物1車位1,二層,十四層,住宅大樓(11層含以上有電梯),住家用,鋼筋混凝土造,1150424,111.42,2,2,1,有,有,12400000,134025,坡道平面,32.33,1800000,預售屋、或土地及建物分件登記案件；,RPSOMLTJOHLGFDB78DA,45.95,0.0,6.33,有,
豐原區,房地(土地+建物)+車位,臺中市豐原區豐原大道三段２３９巷１１０號三樓之６,27.54,都市：其他:第二種住宅區,,,1130410,土地1建物1車位1,三層,十四層,住宅大樓(11層含以上有電梯),住家用,鋼筋混凝土造,1150424,148.67000000000002,3,2,2,有,有,14660000,111398,坡道平面,32.33,1700000,預售屋、或土地及建物分件登記案件；,RPPQMLTJOHLGFDB68DA,71.91,0.0,4.99,有,
豐原區,房地(土地+建物)+車位,臺中市豐原區豐原大道三段２３９巷１０６號六樓之１,20.78,都市：其他:第二種住宅區,,,1130405,土地1建物1車位1,六層,十四層,住宅大樓(11層含以上有電梯),住家用,鋼筋混凝土造,1150424,120.38,2,2,1,有,有,12500000,119250,坡道平面,32.33,2000000,預售屋、或土地及建物分件登記案件；,RPSRMLLKOHLGFDB38DA,54.6,0.0,3.6,有,
豐原區,房地(土地+建物)+車位,臺中市豐原區豐原大道三段２３９巷１０６號六樓之２,19.44,都市：其他:第二種住宅區,,,1130421,土地1建物1車位1,六層,十四層,住宅大樓(11層含以上有電梯),住家用,鋼筋混凝土造,1150424,114.69999999999999,2,2,1,有,有,11620000,118004,坡道平面,32.33,1900000,預售屋、或土地及建物分件登記案件；,RPTRMLLKOHLGFDB48DA,50.84,0.0,3.6,有,
豐原區,房地(土地+建物)+車位,臺中市豐原區豐原大道三段２３９巷１１０號六樓之５,27.75,都市：其他:第二種住宅區,,,1130424,土地1建物1車位1,六層,十四層,住宅大樓(11層含以上有電梯),住家用,鋼筋混凝土造,1150424,149.66,3,2,2,有,有,15470000,116509,坡道平面,32.33,1800000,預售屋、或土地及建物分件登記案件；,RPVSMLLKOHLGFDB78DA,72.56,0.0,4.99,有,
豐原區,房地(土地+建物)+車位,臺中市豐原區豐原大道三段２３９巷１０６號十樓之５,17.75,都市：其他:第二種住宅區,,,1130410,土地1建物1車位1,十層,十四層,住宅大樓(11層含以上有電梯),住家用,鋼筋混凝土造,1150424,107.31,2,2,1,有,有,10900000,120032,坡道平面,32.33,1900000,預售屋、或土地及建物分件登記案件；,RPSNMLOKOHLGFDB28DA,45.95,0.0,3.6,有,
豐原區,房地(土地+建物)+車位,臺中市豐原區豐原大道三段２３９巷１０８號十一樓之２,20.78,都市：其他:第二種住宅區,,,1130429,土地1建物1車位1,十一層,十四層,住宅大樓(11層含以上有電梯),住家用,鋼筋混凝土造,1150424,120.4,2,2,1,有,有,12770000,122289,坡道平面,32.33,2000000,預售屋、或土地及建物分件登記案件；,RPXOMLOKOHLGFDB88DA,54.6,0.0,3.6,有,
豐原區,房地(土地+建物)+車位,臺中市豐原區豐原大道三段２３９巷１１２號十二樓之７,26.2,都市：其他:第二種住宅區,,,1130425,土地1建物1車位1,十二層,十四層,住宅大樓(11層含以上有電梯),住家用,鋼筋混凝土造,1150424,143.16,3,2,2,有,有,15380000,121628,坡道平面,32.33,1900000,預售屋、或土地及建物分件登記案件；,RPQQMLOKOHLGFDB38DA,68.26,0.0,4.99,有,
豐原區,房地(土地+建物)+車位,臺中市豐原區豐原大道三段２３９巷１０８號十四樓之６,17.75,都市：其他:第二種住宅區,,,1130412,土地1建物1車位1,十四層,十四層,住宅大樓(11層含以上有電梯),住家用,鋼筋混凝土造,1150424,107.31,2,2,1,有,有,11080000,123766,坡道平面,32.33,1800000,預售屋、或土地及建物分件登記案件；,RPORMLOKOHLGFDB28DA,45.95,0.0,3.6,有,
龍井區,房地(土地+建物)+車位,臺中市龍井區沙田路五段龍目井１２６巷１號二樓之１１,35.9,都市：其他:第四種住宅區,,,1130419,土地1建物1車位1,二層,五層,華廈(10層含以下有電梯),住家用,鋼筋混凝土造,1150427,103.77000000000001,2,2,1,有,無,7680000,73084,升降機械,11.0,900000,於115年6月3日二親等內換約，價金不變。預售屋、或土地及建物分件登記案件；,RPUNMLQKPHLGFKB86DA,58.67,0.0,9.34,有,
龍井區,房地(土地+建物)+車位,臺中市龍井區沙田路五段龍目井１２６巷１號三樓之３,38.84,都市：其他:第四種住宅區,,,1130424,土地1建物1車位1,三層,五層,華廈(10層含以下有電梯),住家用,鋼筋混凝土造,1150427,110.81,3,2,2,有,無,8780000,78950,升降機械,11.0,900000,於115年6月5日配偶間換約，價金不變。預售屋、或土地及建物分件登記案件；,RPXNMLQKPHLGFKB17DA,66.25,0.0,6.92,有,
龍井區,房地(土地+建物)+車位,臺中市龍井區沙田路五段龍目井１２６巷１號三樓之６,38.88,都市：其他:第四種住宅區,,,1130424,土地1建物1車位1,三層,五層,華廈(10層含以下有電梯),住家用,鋼筋混凝土造,1150427,119.97,3,2,2,有,無,9180000,78832,一樓平面,20.01,1300000,預售屋、或土地及建物分件登記案件；,RPQNMLRKPHLGFKB56DA,66.65,0.0,6.62,有,
龍井區,房地(土地+建物)+車位,臺中市龍井區沙田路五段龍目井１２６巷１號三樓之８,40.05,都市：其他:第四種住宅區,,,1130407,土地1建物1車位1,三層,五層,華廈(10層含以下有電梯),住家用,鋼筋混凝土造,1150427,118.18,3,2,2,有,無,9080000,76371,一樓平面,15.0,1200000,預售屋、或土地及建物分件登記案件；,RPSNMLRKPHLGFKB76DA,68.08,0.0,7.54,有,
龍井區,房地(土地+建物)+車位,臺中市龍井區沙田路五段龍目井１２６巷１號三樓之９,35.19,都市：其他:第四種住宅區,,,1130407,土地1建物1車位1,三層,五層,華廈(10層含以下有電梯),住家用,鋼筋混凝土造,1150427,105.46,3,2,2,有,無,8380000,79372,一樓平面,15.0,1200000,預售屋、或土地及建物分件登記案件；,RPTNMLRKPHLGFKB86DA,60.17,0.0,6.13,有,
龍井區,房地(土地+建物)+車位,臺中市龍井區沙田路五段龍目井１２６巷１號三樓之１２,38.74,都市：其他:第四種住宅區,,,1130411,土地1建物1車位1,三層,五層,華廈(10層含以下有電梯),住家用,鋼筋混凝土造,1150427,110.4,3,2,2,有,無,8780000,79276,升降機械,11.0,900000,預售屋、或土地及建物分件登記案件；,RPUNMLRKPHLGFKB96DA,66.2,0.0,6.66,有,
龍井區,房地(土地+建物)+車位,臺中市龍井區沙田路五段龍目井１２６巷１號四樓之６,38.88,都市：其他:第四種住宅區,,,1130412,土地1建物1車位1,四層,五層,華廈(10層含以下有電梯),住家用,鋼筋混凝土造,1150427,110.94999999999999,3,2,2,有,無,8780000,78839,升降機械,11.0,900000,於115年6月4日配偶間換約，價金不變。預售屋、或土地及建物分件登記案件；,RPVNMLRKPHLGFKB07DA,66.65,0.0,6.62,有,
龍井區,房地(土地+建物)+車位,臺中市龍井區沙田路五段龍目井１２６巷１號四樓之１２,38.74,都市：其他:第四種住宅區,,,1130425,土地1建物1車位1,四層,五層,華廈(10層含以下有電梯),住家用,鋼筋混凝土造,1150427,114.41,3,2,2,有,無,9080000,79268,一樓平面,15.0,1200000,預售屋、或土地及建物分件登記案件；,RPWNMLRKPHLGFKB17DA,66.2,0.0,6.66,有,
龍井區,房地(土地+建物)+車位,臺中市龍井區沙田路五段龍目井１２６巷１號五樓之５,39.3,都市：其他:第四種住宅區,,,1130424,土地1建物1車位1,五層,五層,華廈(10層含以下有電梯),住家用,鋼筋混凝土造,1150427,111.91,3,2,2,有,無,8530000,78089,升降機械,11.0,650000,預售屋、或土地及建物分件登記案件；,RPOOMLRKPHLGFKB09DA,67.42,0.0,6.54,有,
龍井區,房地(土地+建物)+車位,臺中市龍井區沙田路五段龍目井１２６巷１號五樓之８,40.05,都市：其他:第四種住宅區,,,1130420,土地1建物1車位1,五層,五層,華廈(10層含以下有電梯),住家用,鋼筋混凝土造,1150427,114.17,3,2,2,有,無,8780000,76379,升降機械,11.0,900000,預售屋、或土地及建物分件登記案件；,RPPOMLRKPHLGFKB56DA,68.08,0.0,7.54,有,
龍井區,房地(土地+建物)+車位,臺中市龍井區沙田路五段龍目井１２６巷１號五樓之９,35.19,都市：其他:第四種住宅區,,,1130414,土地1建物1車位1,五層,五層,華廈(10層含以下有電梯),住家用,鋼筋混凝土造,1150427,101.46,3,2,2,有,無,8080000,79372,升降機械,11.0,900000,預售屋、或土地及建物分件登記案件；,RPQOMLRKPHLGFKB66DA,60.17,0.0,6.13,有,
龍井區,房地(土地+建物),臺中市龍井區沙田路五段龍目井１２６巷１號五樓之１０,38.03,都市：其他:第四種住宅區,,,1130409,土地1建物1車位0,五層,五層,華廈(10層含以下有電梯),住家用,鋼筋混凝土造,1150427,97.75999999999999,3,2,2,有,無,7880000,80606,,0.0,0,於115年6月4日配偶間換約，價金不變。預售屋、或土地及建物分件登記案件；,RPROMLRKPHLGFKB76DA,64.74,0.0,6.92,有,
龍井區,房地(土地+建物)+車位,臺中市龍井區沙田路五段龍目井１２６巷１號五樓之１２,38.74,都市：其他:第四種住宅區,,,1130412,土地1建物1車位1,五層,五層,華廈(10層含以下有電梯),住家用,鋼筋混凝土造,1150427,110.4,3,2,2,有,無,8780000,79276,升降機械,11.0,900000,預售屋、或土地及建物分件登記案件；,RPTOMLRKPHLGFKB96DA,66.2,0.0,6.66,有,
龍井區,房地(土地+建物)+車位,臺中市龍井區沙田路五段龍目井１２６巷１號五樓之１３,38.92,都市：其他:第四種住宅區,,,1130408,土地1建物1車位1,五層,五層,華廈(10層含以下有電梯),住家用,鋼筋混凝土造,1150427,111.25,3,2,2,有,無,8780000,78603,升降機械,11.0,900000,於115年6月5日二親等內換約，價金不變。預售屋、或土地及建物分件登記案件；,RPUOMLRKPHLGFKB07DA,66.82,0.0,6.66,有,
南區,房地(土地+建物)+車位,臺中市南區福田二街１８２號二樓之７,23.53,都市：其他:第三種住宅區。,,,1130405,土地2建物1車位2,二層,十五層,住宅大樓(11層含以上有電梯),住家用,鋼筋混凝土造,1150516,182.64999999999998,3,2,2,有,有,18850000,121856,坡道平面,54.22,3200000,預售屋、或土地及建物分件登記案件；,RPRNMLRLOHLGFAB28DA,77.64,0.0,6.96,有,
南區,房地(土地+建物)+車位,臺中市南區福田二街１８２號四樓之２,24.56,都市：其他:第三種住宅區。,,,1130413,土地2建物1車位1,四層,十五層,住宅大樓(11層含以上有電梯),住家用,鋼筋混凝土造,1150516,160.51999999999998,3,2,2,有,有,19800000,134922,坡道平面,27.11,1800000,預售屋、或土地及建物分件登記案件；,RPWNMLRLOHLGFAB78DA,80.4,0.0,7.51,有,
南區,房地(土地+建物)+車位,臺中市南區福田二街１７８號七樓之５,23.4,都市：其他:第三種住宅區。,,,1130404,土地2建物1車位1,七層,十五層,住宅大樓(11層含以上有電梯),住家用,鋼筋混凝土造,1150516,154.60000000000002,3,2,2,有,有,18500000,130991,坡道平面,27.11,1800000,預售屋、或土地及建物分件登記案件；,RPSTMLRLOHLGFAB98DA,76.51,0.0,7.44,有,
南區,房地(土地+建物)+車位,臺中市南區福田二街１７２號五樓之６,23.4,都市：其他:第三種住宅區。,,,1130429,土地2建物1車位2,五層,十五層,住宅大樓(11層含以上有電梯),住家用,鋼筋混凝土造,1150516,181.71,3,2,2,有,有,19760000,129893,坡道平面,54.22,3200000,預售屋、或土地及建物分件登記案件；,RPUNMLOJPHLGFAB18DA,76.51,0.0,7.44,有,
南區,房地(土地+建物)+車位,臺中市南區福田二街１７２號七樓之３,23.14,都市：其他:第三種住宅區。,,,1130420,土地2建物1車位1,七層,十五層,住宅大樓(11層含以上有電梯),住家用,鋼筋混凝土造,1150516,152.95999999999998,3,2,2,有,有,18280000,130950,坡道平面,27.11,1800000,預售屋、或土地及建物分件登記案件；,RPOOMLOJPHLGFAB67DA,76.02,0.0,6.86,有,
南區,房地(土地+建物)+車位,臺中市南區福田二街１８０號二樓之６,23.4,都市：其他:第三種住宅區。,,,1130404,土地2建物1車位1,二層,十五層,住宅大樓(11層含以上有電梯),住家用,鋼筋混凝土造,1150516,154.31,3,2,2,有,有,18590000,131997,坡道平面,27.11,1800000,預售屋、或土地及建物分件登記案件；,RPQNMLRKPHLGFAB18DA,75.96,0.0,7.84,有,
太平區,房地(土地+建物)+車位,臺中市太平區樹德五街１７號三樓之１,30.02,住,,,1130426,土地1建物1車位1,三層,十五層,住宅大樓(11層含以上有電梯),住家用,鋼筋混凝土造,1150512,170.2,3,2,2,有,有,16720000,114669,坡道平面,39.65,1750000,預售屋、或土地及建物分件登記案件；,RPROMLKLPHLGFJB68DA,75.77,0.0,9.27,有,
太平區,房地(土地+建物)+車位,臺中市太平區樹德五街１７號三樓之５,29.76,住,,,1130427,土地1建物1車位1,三層,十五層,住宅大樓(11層含以上有電梯),住家用,鋼筋混凝土造,1150512,169.10000000000002,3,2,2,有,有,15950000,110467,坡道平面,39.65,1650000,預售屋、或土地及建物分件登記案件；,RPTOMLKLPHLGFJB88DA,75.77,0.0,8.57,有,
太平區,房地(土地+建物)+車位,臺中市太平區樹德五街１７號四樓之２,29.76,住,,,1130427,土地1建物1車位2,四層,十五層,住宅大樓(11層含以上有電梯),住家用,鋼筋混凝土造,1150512,208.75,3,2,2,有,有,17760000,111703,坡道平面,79.3,3300000,預售屋、或土地及建物分件登記案件；,RPVOMLKLPHLGFJB09DA,75.77,0.0,8.57,有,
太平區,房地(土地+建物)+車位,臺中市太平區樹德五街２１號,29.67,住,,,1130416,土地1建物1車位1,一層,十五層,住宅大樓(11層含以上有電梯),其他,鋼筋混凝土造,1150512,168.77999999999997,0,1,1,有,有,18800000,130489,坡道平面,39.65,1950000,民國114年12月16日讓渡，讓渡金額新台幣1880萬元預售屋、或土地及建物分件登記案件；,RPRSMLKLPHLGFJB09DA,84.07,0.0,0.0,有,
太平區,房地(土地+建物)+車位,臺中市太平區樹德五街１７號五樓之２,29.76,住,,,1130427,土地1建物1車位1,五層,十五層,住宅大樓(11層含以上有電梯),住家用,鋼筋混凝土造,1150512,169.10000000000002,3,2,2,有,有,16230000,112630,坡道平面,39.65,1650000,民國114年9月9日讓渡，讓渡金額新台幣1623萬元預售屋、或土地及建物分件登記案件；,RPQTMLKLPHLGFJB09DA,75.77,0.0,8.57,有,
龍井區,房地(土地+建物)+車位,臺中市龍井區中沙路新庄仔巷３８號五樓之１,22.26,,鄉村區,乙種建築用地,1130426,土地1建物1車位1,五層,九層,華廈(10層含以下有電梯),住家用,鋼筋混凝土造,1150505,100.45,2,2,2,有,有,10200000,111536,升降機械,22.0,1450000,預售屋、或土地及建物分件登記案件；,RPWNMLLKPHLGFKB56DA,48.52,0.0,3.22,有,
北屯區,房地(土地+建物)+車位,臺中市北屯區興安路二段１００號五樓之３,21.74,都市：其他:第二種住宅區,,,1130423,土地1建物1車位1,五層,十四層,住宅大樓(11層含以上有電梯),住家用,鋼筋混凝土造,1150507,157.04,3,2,2,有,有,17430000,117964,坡道平面,25.39,1900000,親友、員工、共有人或其他特殊關係間之交易；預售屋、或土地及建物分件登記案件；,RPUPMLKKOHLGFBB08DA,78.53,0.0,9.05,有,
北屯區,房地(土地+建物)+車位,臺中市北屯區興安路二段９８號十五樓之５,21.37,都市：其他:第二種住宅區,,,1130427,土地1建物1車位1,十五層,十五層,住宅大樓(11層含以上有電梯),住家用,鋼筋混凝土造,1150507,154.48000000000002,3,2,2,有,有,17790000,121575,坡道平面,24.19,1950000,預售屋、或土地及建物分件登記案件；,RPXUMLKKOHLGFBB88DA,77.61,0.0,9.08,有,
北屯區,房地(土地+建物)+車位,臺中市北屯區興安路二段９６號十四樓之５,21.37,都市：其他:第二種住宅區,,,1130427,土地1建物1車位1,十四層,十五層,住宅大樓(11層含以上有電梯),住家用,鋼筋混凝土造,1150507,154.48000000000002,3,2,2,有,有,18100000,123570,坡道平面,24.19,2000000,預售屋、或土地及建物分件登記案件；,RPRQMLKKPHLGFBB97DA,77.61,0.0,9.08,有,
北屯區,房地(土地+建物)+車位,臺中市北屯區興安路二段９８號九樓之３,21.37,都市：其他:第二種住宅區,,,1130427,土地1建物1車位1,九層,十五層,住宅大樓(11層含以上有電梯),住家用,鋼筋混凝土造,1150507,155.72,3,2,2,有,有,18050000,122406,坡道平面,24.19,1950000,預售屋、或土地及建物分件登記案件；,RPVQMLKKPHLGFBB38DA,78.4,0.0,9.05,有,
北屯區,房地(土地+建物)+車位,臺中市北屯區興安路二段９６號六樓之３,21.37,都市：其他:第二種住宅區,,,1130429,土地1建物1車位1,六層,十五層,住宅大樓(11層含以上有電梯),住家用,鋼筋混凝土造,1150507,155.72,3,2,2,有,有,17520000,117996,坡道平面,24.19,2000000,親友、員工、共有人或其他特殊關係間之交易；預售屋、或土地及建物分件登記案件；,RPXQMLKKPHLGFBB58DA,78.4,0.0,9.05,有,
北屯區,房地(土地+建物)+車位,臺中市北屯區興安路二段９８號九樓之５,21.37,都市：其他:第二種住宅區,,,1130425,土地1建物1車位1,九層,十五層,住宅大樓(11層含以上有電梯),住家用,鋼筋混凝土造,1150507,153.51999999999998,3,2,2,有,有,16720000,113537,坡道平面,22.99,1900000,親友、員工、共有人或其他特殊關係間之交易；預售屋、或土地及建物分件登記案件；,RPTOMLMLPHLGFBB28DA,77.61,0.0,9.2,有,
沙鹿區,房地(土地+建物),臺中市沙鹿區星河路２０６之２６號,86.96,住,,,1130423,土地2建物1車位0,全,四層,透天厝,住家用,鋼筋混凝土造,1150120,221.69,4,3,4,有,有,25180000,113582,,0.0,0,預售屋、或土地及建物分件登記案件；,RPSNMLKLOHLGFFB18DA,218.11,0.0,3.58,無,
北屯區,房地(土地+建物)+車位,臺中市北屯區榮富街６７號五樓,30.05,都市：其他:第一之一種住宅區,,,1130414,土地1建物1車位1,五層,八層,華廈(10層含以下有電梯),住家用,鋼筋混凝土造,1150526,114.71000000000001,2,2,2,有,有,17370000,175153,坡道平面,28.1,2200000,預售屋、或土地及建物分件登記案件；,RPTNMLPJPHLGFBB28DA,50.79,0.0,6.39,有,
北屯區,房地(土地+建物)+車位,臺中市北屯區榮富街６７號七樓,30.05,都市：其他:第一之一種住宅區,,,1130421,土地1建物1車位1,七層,八層,華廈(10層含以下有電梯),住家用,鋼筋混凝土造,1150526,114.71000000000001,2,2,2,有,有,17890000,181157,坡道平面,28.1,2200000,預售屋、或土地及建物分件登記案件；,RPXNMLPJPHLGFBB68DA,50.79,0.0,6.39,有,
大雅區,房地(土地+建物),臺中市大雅區大林路２１２巷２１弄２１之３號,67.64,,特定農業區,甲種建築用地,1130428,土地2建物1車位0,全,五層,透天厝,住家用,鋼筋混凝土造,1150414,171.60999999999999,4,2,3,有,有,22380000,130412,,0.0,0,預售屋、或土地及建物分件登記案件；,RPTNMLSKPHLGFHB66DA,144.09,0.0,27.01,無,
北屯區,房地(土地+建物)+車位,臺中市北屯區敦富一街３６６號六樓之１,23.7,都市：其他:第二之一種住宅區,,,1130419,土地1建物1車位1,六層,十七層,住宅大樓(11層含以上有電梯),住家用,鋼筋混凝土造,1150318,162.82,3,2,2,有,有,21200000,146064,坡道平面,32.74,2200000,預售屋、或土地及建物分件登記案件；,RPVTMLOLPHLGFBB56DA,78.53,0.0,7.5,有,
外埔區,房地(土地+建物),臺中市外埔區水美路２２之１２號,118.42,,特定農業區,甲種建築用地,1130324,土地5建物1車位0,全,四層,透天厝,住家用,鋼筋混凝土造,1141013,189.23,4,3,5,有,無,11300000,59716,,0.0,0,預售屋、或土地及建物分件登記案件；,RPQNMLSJPHLGFEB58DA,173.76,0.0,15.47,無,
沙鹿區,房地(土地+建物)+車位,臺中市沙鹿區平等六街８７號四樓之７,25.22,住,,,1130315,土地1建物1車位1,四層,七層,華廈(10層含以下有電梯),住家用,鋼筋混凝土造,1150423,110.46000000000001,2,1,1,有,無,10660000,112838,坡道平面,33.27,1950000,預售屋、或土地及建物分件登記案件；,RPSRMLOJNHLGFFB68DA,46.79,0.0,3.88,有,
沙鹿區,房地(土地+建物)+車位,臺中市沙鹿區平等六街８９號四樓之７,25.58,住,,,1130315,土地1建物1車位1,四層,七層,華廈(10層含以下有電梯),住家用,鋼筋混凝土造,1150423,111.44,2,1,1,有,無,10900000,115773,坡道平面,33.27,1850000,預售屋、或土地及建物分件登記案件；,RPPSMLOJNHLGFFB48DA,47.35,0.0,3.97,有,
沙鹿區,房地(土地+建物)+車位,臺中市沙鹿區平等六街８９號二樓之７,25.58,住,,,1130315,土地1建物1車位1,二層,七層,華廈(10層含以下有電梯),住家用,鋼筋混凝土造,1150423,111.44,2,1,1,有,無,10600000,113215,坡道平面,33.27,1750000,預售屋、或土地及建物分件登記案件；,RPQOMLRJPHLGFFB68DA,47.35,0.0,3.97,有,
沙鹿區,房地(土地+建物)+車位,臺中市沙鹿區平等六街８９號六樓之７,25.58,住,,,1130320,土地1建物1車位1,六層,七層,華廈(10層含以下有電梯),住家用,鋼筋混凝土造,1150423,111.44,2,1,1,有,無,11230000,118716,坡道平面,33.27,1950000,預售屋、或土地及建物分件登記案件；,RPTOMLRJPHLGFFB98DA,47.35,0.0,3.97,有,
龍井區,房地(土地+建物)+車位,臺中市龍井區中沙路新庄仔巷３８號七樓之１,22.26,,鄉村區,乙種建築用地,1130328,土地1建物1車位1,七層,九層,華廈(10層含以下有電梯),住家用,鋼筋混凝土造,1150505,100.45,2,2,2,有,有,10420000,114340,升降機械,22.0,1450000,預售屋、或土地及建物分件登記案件；,RPRNMLLKPHLGFKB68DA,48.52,0.0,3.22,有,
龍井區,房地(土地+建物)+車位,臺中市龍井區中沙路新庄仔巷３８號七樓之８,22.39,,鄉村區,乙種建築用地,1130319,土地1建物1車位1,七層,九層,華廈(10層含以下有電梯),住家用,鋼筋混凝土造,1150505,109.94,2,2,2,有,有,10730000,113743,坡道平面,30.99,1750000,預售屋、或土地及建物分件登記案件；,RPPOMLMKPHLGFKB68DA,48.84,0.0,3.22,有,
龍井區,房地(土地+建物)+車位,臺中市龍井區中沙路新庄仔巷３８號六樓之８,22.39,,鄉村區,乙種建築用地,1130317,土地1建物1車位1,六層,九層,華廈(10層含以下有電梯),住家用,鋼筋混凝土造,1150505,109.94,2,2,2,有,有,10650000,112730,坡道平面,30.99,1750000,115.05.29二親等換約改登記1人價金不變預售屋、或土地及建物分件登記案件；,RPVOMLMKPHLGFKB66DA,48.84,0.0,3.22,有,
龍井區,房地(土地+建物)+車位,臺中市龍井區中沙路新庄仔巷３８號七樓之７,24.32,,鄉村區,乙種建築用地,1130316,土地1建物1車位1,七層,九層,華廈(10層含以下有電梯),住家用,鋼筋混凝土造,1150505,116.71000000000001,2,2,2,有,有,11320000,111643,坡道平面,30.99,1750000,115.05.26配偶換約改登記1人價金不變預售屋、或土地及建物分件登記案件；,RPWOMLMKPHLGFKB76DA,53.3,0.0,3.22,有,
龍井區,房地(土地+建物)+車位,臺中市龍井區中沙路新庄仔巷３８號七樓之２,25.48,,鄉村區,乙種建築用地,1130328,土地1建物1車位1,七層,九層,華廈(10層含以下有電梯),住家用,鋼筋混凝土造,1150505,120.81,2,2,2,有,有,11960000,113115,坡道平面,30.99,1800000,於113年03月31日二親等換約價金不變預售屋、或土地及建物分件登記案件；,RPRNMLOKPHLGFKB98DA,55.69,0.0,3.54,有,
龍井區,房地(土地+建物)+車位,臺中市龍井區中沙路新庄仔巷３８號七樓之５,25.16,,鄉村區,乙種建築用地,1130323,土地1建物1車位1,七層,九層,華廈(10層含以下有電梯),住家用,鋼筋混凝土造,1150505,119.68,2,2,2,有,有,11800000,112752,坡道平面,30.99,1800000,於115年05月15日二親等換約價金不變預售屋、或土地及建物分件登記案件；,RPSNMLOKPHLGFKB09DA,55.27,0.0,3.22,有,
北屯區,房地(土地+建物)+車位,臺中市北屯區榮富街６５號六樓,29.9,都市：其他:第一之一種住宅區,,,1130312,土地1建物1車位1,六層,八層,華廈(10層含以下有電梯),住家用,鋼筋混凝土造,1150526,114.36,2,2,2,有,有,17309000,175157,坡道平面,28.1,2200000,預售屋、或土地及建物分件登記案件；,RPUNMLPJPHLGFBB38DA,50.26,0.0,6.68,有,
豐原區,房地(土地+建物)+車位,臺中市豐原區豐原大道三段２３９巷１１０號四樓之５,27.75,都市：其他:第二種住宅區,,,1130309,土地1建物1車位1,四層,十四層,住宅大樓(11層含以上有電梯),住家用,鋼筋混凝土造,1150424,149.66,3,2,2,有,有,14770000,111395,坡道平面,32.33,1700000,預售屋、或土地及建物分件登記案件；,RPPOMLLKOHLGFDB77DA,72.56,0.0,4.99,有,
豐原區,房地(土地+建物)+車位,臺中市豐原區豐原大道三段２３９巷１１０號四樓之６,27.54,都市：其他:第二種住宅區,,,1130302,土地1建物1車位1,四層,十四層,住宅大樓(11層含以上有電梯),住家用,鋼筋混凝土造,1150424,148.67000000000002,3,2,2,有,有,14660000,111398,坡道平面,32.33,1700000,預售屋、或土地及建物分件登記案件；,RPQOMLLKOHLGFDB87DA,71.91,0.0,4.99,有,
豐原區,房地(土地+建物)+車位,臺中市豐原區豐原大道三段２３９巷１１２號四樓之５,27.54,都市：其他:第二種住宅區,,,1130304,土地1建物1車位1,四層,十四層,住宅大樓(11層含以上有電梯),住家用,鋼筋混凝土造,1150424,148.67000000000002,3,2,2,有,有,15000000,113461,坡道平面,32.33,1800000,預售屋、或土地及建物分件登記案件；,RPVOMLLKOHLGFDB38DA,71.91,0.0,4.99,有,
豐原區,房地(土地+建物)+車位,臺中市豐原區豐原大道三段２３９巷１１２號五樓之２,28.31,都市：其他:第二種住宅區,,,1130324,土地1建物1車位1,五層,十四層,住宅大樓(11層含以上有電梯),住家用,鋼筋混凝土造,1150424,152.26,3,2,2,有,有,15750000,115484,坡道平面,32.33,1900000,預售屋、或土地及建物分件登記案件；,RPXQMLLKOHLGFDB78DA,71.65,0.0,7.62,有,
豐原區,房地(土地+建物)+車位,臺中市豐原區豐原大道三段２３９巷１０６號八樓之６,19.44,都市：其他:第二種住宅區,,,1130320,土地1建物1車位1,八層,十四層,住宅大樓(11層含以上有電梯),住家用,鋼筋混凝土造,1150424,114.69999999999999,2,2,1,有,有,11580000,117519,坡道平面,32.33,1900000,預售屋、或土地及建物分件登記案件；,RPVNMLMKOHLGFDB38DA,50.84,0.0,3.6,有,
豐原區,房地(土地+建物)+車位,臺中市豐原區豐原大道三段２３９巷１０８號十樓之７,19.44,都市：其他:第二種住宅區,,,1130313,土地1建物1車位1,十層,十四層,住宅大樓(11層含以上有電梯),住家用,鋼筋混凝土造,1150424,114.69999999999999,2,2,1,有,有,11580000,117519,坡道平面,32.33,1900000,預售屋、或土地及建物分件登記案件；,RPXNMLOKOHLGFDB78DA,50.84,0.0,3.6,有,
豐原區,房地(土地+建物)+車位,臺中市豐原區豐原大道三段２３９巷１０６號十一樓之５,17.75,都市：其他:第二種住宅區,,,1130308,土地1建物1車位1,十一層,十四層,住宅大樓(11層含以上有電梯),住家用,鋼筋混凝土造,1150424,107.31,2,2,1,有,有,10780000,119765,坡道平面,32.33,1800000,預售屋、或土地及建物分件登記案件；,RPVOMLOKOHLGFDB68DA,45.95,0.0,3.6,有,
豐原區,房地(土地+建物)+車位,臺中市豐原區豐原大道三段２３９巷１０８號十一樓之６,17.75,都市：其他:第二種住宅區,,,1130306,土地1建物1車位1,十一層,十四層,住宅大樓(11層含以上有電梯),住家用,鋼筋混凝土造,1150424,107.31,2,2,1,有,有,10880000,119765,坡道平面,32.33,1900000,預售屋、或土地及建物分件登記案件；,RPOPMLOKOHLGFDB08DA,45.95,0.0,3.6,有,
豐原區,房地(土地+建物)+車位,臺中市豐原區豐原大道三段２３９巷１０８號十二樓之６,17.75,都市：其他:第二種住宅區,,,1130309,土地1建物1車位1,十二層,十四層,住宅大樓(11層含以上有電梯),住家用,鋼筋混凝土造,1150424,107.31,2,2,1,有,有,10950000,120699,坡道平面,32.33,1900000,預售屋、或土地及建物分件登記案件；,RPWPMLOKOHLGFDB88DA,45.95,0.0,3.6,有,
豐原區,房地(土地+建物)+車位,臺中市豐原區豐原大道三段２３９巷１０８號十三樓之６,17.75,都市：其他:第二種住宅區,,,1130318,土地1建物1車位1,十三層,十四層,住宅大樓(11層含以上有電梯),住家用,鋼筋混凝土造,1150424,107.31,2,2,1,有,有,11000000,121366,坡道平面,32.33,1900000,預售屋、或土地及建物分件登記案件；,RPUQMLOKOHLGFDB78DA,45.95,0.0,3.6,有,
豐原區,房地(土地+建物)+車位,臺中市豐原區豐原大道三段２３９巷１０８號十四樓之７,19.44,都市：其他:第二種住宅區,,,1130315,土地1建物1車位1,十四層,十四層,住宅大樓(11層含以上有電梯),住家用,鋼筋混凝土造,1150424,114.69999999999999,2,2,1,有,有,11780000,118733,坡道平面,32.33,2000000,預售屋、或土地及建物分件登記案件；,RPPRMLOKOHLGFDB38DA,50.84,0.0,3.6,有,
豐原區,房地(土地+建物)+車位,臺中市豐原區豐原大道三段２３９巷１１２號十四樓之５,26.2,都市：其他:第二種住宅區,,,1130323,土地1建物1車位1,十四層,十四層,住宅大樓(11層含以上有電梯),住家用,鋼筋混凝土造,1150424,143.16,3,2,2,有,有,15530000,121628,坡道平面,32.33,2050000,預售屋、或土地及建物分件登記案件；,RPURMLOKOHLGFDB88DA,68.26,0.0,4.99,有,
烏日區,房地(土地+建物)+車位,臺中市烏日區日新街５６巷３號十樓之２,32.07,住,,,1130323,土地1建物1車位2,十層,十一層,住宅大樓(11層含以上有電梯),住家用,鋼筋混凝土造,1150513,184.69,3,2,2,有,有,20120000,122437,坡道平面,50.58,3700000,預售屋、或土地及建物分件登記案件；,RPVTMLOJPHLGFIB07DA,80.26,0.0,7.13,有,
南區,房地(土地+建物)+車位,臺中市南區福田二街１７６號十三樓之１,24.56,都市：其他:第三種住宅區。,,,1130321,土地2建物1車位2,十三層,十五層,住宅大樓(11層含以上有電梯),住家用,鋼筋混凝土造,1150516,187.63,3,2,2,有,有,20500000,128926,坡道平面,54.22,3300000,預售屋、或土地及建物分件登記案件；,RPRRMLRLOHLGFAB68DA,80.4,0.0,7.51,有,
南區,房地(土地+建物)+車位,臺中市南區福田二街１７０號十五樓之７,29.99,都市：其他:第三種住宅區。,,,1130307,土地2建物1車位2,十五層,十五層,住宅大樓(11層含以上有電梯),住家用,鋼筋混凝土造,1150516,217.14,4,2,2,有,有,25960000,137245,坡道平面,54.22,3600000,預售屋、或土地及建物分件登記案件；,RPVUMLRLOHLGFAB76DA,96.15,0.0,11.19,有,
南區,房地(土地+建物)+車位,臺中市南區福田二街１７２號四樓之２,28.95,都市：其他:第三種住宅區。,,,1130315,土地2建物1車位2,四層,十五層,住宅大樓(11層含以上有電梯),住家用,鋼筋混凝土造,1150516,211.69,4,2,2,有,有,23780000,130692,坡道平面,54.22,3200000,預售屋、或土地及建物分件登記案件；,RPRNMLOJPHLGFAB87DA,95.61,0.0,8.1,有,
南區,房地(土地+建物)+車位,臺中市南區福田二街１７２號八樓之１,24.56,都市：其他:第三種住宅區。,,,1130309,土地2建物1車位2,八層,十五層,住宅大樓(11層含以上有電梯),住家用,鋼筋混凝土造,1150516,187.79000000000002,3,2,2,有,有,21780000,139103,坡道平面,54.22,3200000,預售屋、或土地及建物分件登記案件；,RPPOMLOJPHLGFAB77DA,79.81,0.0,8.12,有,
太平區,房地(土地+建物)+車位,臺中市太平區樹德五街１７號四樓之３,30.0,住,,,1130321,土地1建物1車位2,四層,十五層,住宅大樓(11層含以上有電梯),住家用,鋼筋混凝土造,1150512,209.85000000000002,3,2,2,有,有,18050000,112984,坡道平面,79.3,3300000,預售屋、或土地及建物分件登記案件；,RPWOMLKLPHLGFJB56DA,75.77,0.0,9.27,有,
太平區,房地(土地+建物)+車位,臺中市太平區樹德五街１７號五樓之１,29.78,住,,,1130309,土地1建物1車位2,五層,十五層,住宅大樓(11層含以上有電梯),住家用,鋼筋混凝土造,1150512,208.75,3,2,2,有,有,18350000,114716,坡道平面,79.3,3500000,預售屋、或土地及建物分件登記案件；,RPOPMLKLPHLGFJB48DA,75.77,0.0,8.57,有,
太平區,房地(土地+建物)+車位,臺中市太平區樹德五街１７號十樓之２,29.76,住,,,1130327,土地1建物1車位1,十層,十五層,住宅大樓(11層含以上有電梯),住家用,鋼筋混凝土造,1150512,169.10000000000002,3,2,2,有,有,16980000,117652,坡道平面,39.65,1750000,預售屋、或土地及建物分件登記案件；,RPRQMLKLPHLGFJB88DA,75.77,0.0,8.57,有,
太平區,房地(土地+建物)+車位,臺中市太平區樹德五街１７號七樓之１,29.78,住,,,1130316,土地1建物1車位2,七層,十五層,住宅大樓(11層含以上有電梯),住家用,鋼筋混凝土造,1150512,208.75,3,2,2,有,有,18230000,113789,坡道平面,79.3,3500000,預售屋、或土地及建物分件登記案件；,RPSQMLKLPHLGFJB98DA,75.77,0.0,8.57,有,
太平區,房地(土地+建物)+車位,臺中市太平區樹德五街１７號十一樓之１,29.78,住,,,1130323,土地1建物1車位1,十一層,十五層,住宅大樓(11層含以上有電梯),住家用,鋼筋混凝土造,1150512,169.10000000000002,3,2,2,有,有,16920000,117961,坡道平面,39.65,1650000,預售屋、或土地及建物分件登記案件；,RPWQMLKLPHLGFJB76DA,75.77,0.0,8.57,有,
太平區,房地(土地+建物)+車位,臺中市太平區樹德五街１７號十二樓之１,29.78,住,,,1130323,土地1建物1車位1,十二層,十五層,住宅大樓(11層含以上有電梯),住家用,鋼筋混凝土造,1150512,169.10000000000002,3,2,2,有,有,17040000,118888,坡道平面,39.65,1650000,預售屋、或土地及建物分件登記案件；,RPTRMLKLPHLGFJB56DA,75.77,0.0,8.57,有,
太平區,房地(土地+建物)+車位,臺中市太平區樹德五街１７號十三樓之１,30.02,住,,,1130331,土地1建物1車位1,十三層,十五層,住宅大樓(11層含以上有電梯),住家用,鋼筋混凝土造,1150512,170.2,3,2,2,有,有,19220000,133818,坡道平面,39.65,1750000,預售屋、或土地及建物分件登記案件；,RPQSMLKLPHLGFJB98DA,75.77,0.0,9.27,有,
太平區,房地(土地+建物)+車位,臺中市太平區樹德五街１７號九樓之１,30.02,住,,,1130313,土地1建物1車位2,九層,十五層,住宅大樓(11層含以上有電梯),住家用,鋼筋混凝土造,1150512,209.85000000000002,3,2,2,有,有,18970000,118499,坡道平面,79.3,3500000,預售屋、或土地及建物分件登記案件；,RPSTMLKLPHLGFJB66DA,75.77,0.0,9.27,有,
太平區,房地(土地+建物)+車位,臺中市太平區樹德五街１７號九樓之２,29.76,住,,,1130313,土地1建物1車位1,九層,十五層,住宅大樓(11層含以上有電梯),住家用,鋼筋混凝土造,1150512,169.10000000000002,3,2,2,有,有,16380000,113789,坡道平面,39.65,1650000,預售屋、或土地及建物分件登記案件；,RPTTMLKLPHLGFJB76DA,75.77,0.0,8.57,有,
太平區,房地(土地+建物)+車位,臺中市太平區樹德五街１７號二樓之２,30.75,住,,,1130330,土地1建物1車位1,二層,十五層,住宅大樓(11層含以上有電梯),住家用,鋼筋混凝土造,1150512,173.39,3,2,2,有,有,15400000,102811,坡道平面,39.65,1650000,民國115年3月11日讓渡，讓渡金額新台幣1540萬元預售屋、或土地及建物分件登記案件；,RPPNMLLLPHLGFJB48DA,75.77,0.0,11.37,有,
西屯區,房地(土地+建物),臺中市西屯區廣興巷１３號三樓之１１,21.21,農,,,1130308,土地1建物1車位0,三層,四層,華廈(10層含以下有電梯),住家用,鋼筋混凝土造,1141103,68.6,1,1,2,有,有,8500000,123907,,0.0,0,親友、員工、共有人或其他特殊關係間之交易；預售屋、或土地及建物分件登記案件；,RPSNMLRKPHLGFCB58DA,37.67,0.0,3.54,有,
大雅區,房地(土地+建物),臺中市大雅區振興路９１號,105.0,農,,,1130322,土地2建物1車位0,全,四層,透天厝,住家用,鋼筋混凝土造,1150206,210.78,4,2,6,有,無,29600000,140431,,0.0,0,預售屋、或土地及建物分件登記案件；,RPVNMLKKPHLGFHB68DA,189.51,0.0,21.27,有,
大雅區,房地(土地+建物),臺中市大雅區振興路９１之１號,81.11,農,,,1130322,土地2建物1車位0,全,四層,透天厝,住家用,鋼筋混凝土造,1150206,204.7,4,2,6,有,無,25750000,125794,,0.0,0,預售屋、或土地及建物分件登記案件；,RPWNMLKKPHLGFHB78DA,187.72,0.0,16.98,有,
大雅區,土地,山德段1076地號,11.61,農,,,1130322,土地1建物0車位0,,,其他,,,,0.0,0,0,0,無,無,50000,4307,,0.0,0,,RPTOMLKKPHLGFHB58DA,0.0,0.0,0.0,無,
西屯區,房地(土地+建物),臺中市西屯區中清路二段１２５０巷３５號四樓之１,13.05,都市：其他:第二種住宅區,,,1130309,土地4建物1車位0,四層,六層,華廈(10層含以下有電梯),住家用,鋼筋混凝土造,1150512,55.83,1,1,1,有,有,10300000,184489,,0.0,0,預售屋、或土地及建物分件登記案件；,RPWNMLOLPHLGFCB78DA,31.01,0.0,2.5,有,
沙鹿區,房地(土地+建物)+車位,臺中市沙鹿區光明街２２０號九樓之３,29.21,住,,,1130222,土地1建物1車位1,九層,十五層,住宅大樓(11層含以上有電梯),住家用,鋼筋混凝土造,1150513,139.98,3,2,2,有,有,10500000,85871,坡道平面,32.26,1250000,1. 本申報書地政士僅受託買賣案件申請登記，並未代理撰擬不動產買賣契約書，本成交資訊係由買賣雙方提供屬實。2. 於民國115年 5月8日有買受人與其配偶，直系血親或二親等內旁系血親之讓渡，其讓渡價格不變。預售屋、或土地及建物分件登記案件；,RPQWMLSLNHLGFFB96DA,68.84,0.0,3.32,有,
北屯區,房地(土地+建物)+車位,臺中市北屯區榮富街６５號七樓,29.9,都市：其他:第一之一種住宅區,,,1130225,土地1建物1車位1,七層,八層,華廈(10層含以下有電梯),住家用,鋼筋混凝土造,1150526,114.36,2,2,2,有,有,17200000,176211,坡道平面,28.1,2000000,115年4月27日讓渡給配偶預售屋、或土地及建物分件登記案件；,RPQOMLQKPHLGFBB28DA,50.26,0.0,6.68,有,
西屯區,房地(土地+建物),臺中市西屯區安和路１９之１６號,104.55,農,,,1130224,土地2建物1車位0,全,四層,透天厝,住家用,鋼筋混凝土造,1150108,285.93,4,3,5,有,有,37400000,130801,,0.0,0,預售屋、或土地及建物分件登記案件；,RPVNMLOJOHLGFCB38DA,269.84,0.0,15.72,無,
豐原區,房地(土地+建物)+車位,臺中市豐原區豐原大道三段２３９巷１１０號五樓之５,27.75,都市：其他:第二種住宅區,,,1130222,土地1建物1車位1,五層,十四層,住宅大樓(11層含以上有電梯),住家用,鋼筋混凝土造,1150424,149.66,3,2,2,有,有,14770000,111395,坡道平面,32.33,1700000,預售屋、或土地及建物分件登記案件；,RPTQMLLKOHLGFDB38DA,72.56,0.0,4.99,有,
豐原區,房地(土地+建物)+車位,臺中市豐原區豐原大道三段２３９巷１０８號六樓之１,19.44,都市：其他:第二種住宅區,,,1130207,土地1建物1車位1,六層,十四層,住宅大樓(11層含以上有電梯),住家用,鋼筋混凝土造,1150424,114.69999999999999,2,2,1,有,有,11480000,116304,坡道平面,32.33,1900000,預售屋、或土地及建物分件登記案件；,RPOSMLLKOHLGFDB08DA,50.84,0.0,3.6,有,
豐原區,房地(土地+建物)+車位,臺中市豐原區豐原大道三段２３９巷１０８號八樓之２,20.78,都市：其他:第二種住宅區,,,1130204,土地1建物1車位1,八層,十四層,住宅大樓(11層含以上有電梯),住家用,鋼筋混凝土造,1150424,120.4,2,2,1,有,有,12260000,118201,坡道平面,32.33,1850000,預售屋、或土地及建物分件登記案件；,RPOOMLMKOHLGFDB77DA,54.6,0.0,3.6,有,
豐原區,房地(土地+建物)+車位,臺中市豐原區豐原大道三段２３９巷１０６號九樓之５,17.75,都市：其他:第二種住宅區,,,1130205,土地1建物1車位1,九層,十四層,住宅大樓(11層含以上有電梯),住家用,鋼筋混凝土造,1150424,107.31,2,2,1,有,有,10500000,116031,坡道平面,32.33,1800000,預售屋、或土地及建物分件登記案件；,RPUPMLMKOHLGFDB48DA,45.95,0.0,3.6,有,
豐原區,房地(土地+建物)+車位,臺中市豐原區豐原大道三段２３９巷１０６號十三樓之３,19.44,都市：其他:第二種住宅區,,,1130203,土地1建物1車位1,十三層,十四層,住宅大樓(11層含以上有電梯),住家用,鋼筋混凝土造,1150424,114.69999999999999,2,2,1,有,有,11580000,117519,坡道平面,32.33,1900000,預售屋、或土地及建物分件登記案件；,RPRQMLOKOHLGFDB48DA,50.84,0.0,3.6,有,
豐原區,房地(土地+建物)+車位,臺中市豐原區豐原大道三段２３９巷１１０號十四樓之１,35.21,都市：其他:第二種住宅區,,,1130209,土地1建物1車位1,十四層,十四層,住宅大樓(11層含以上有電梯),住家用,鋼筋混凝土造,1150424,181.45,3,2,2,有,有,21150000,128420,坡道平面,32.33,2000000,預售屋、或土地及建物分件登記案件；,RPQRMLOKOHLGFDB48DA,90.95,0.0,7.62,有,
南區,房地(土地+建物)+車位,臺中市南區福田二街１８２號三樓之２,24.56,都市：其他:第三種住宅區。,,,1130213,土地2建物1車位1,三層,十五層,住宅大樓(11層含以上有電梯),住家用,鋼筋混凝土造,1150516,160.51999999999998,3,2,2,有,有,19780000,134773,坡道平面,27.11,1800000,預售屋、或土地及建物分件登記案件；,RPSNMLRLOHLGFAB38DA,80.4,0.0,7.51,有,
太平區,房地(土地+建物)+車位,臺中市太平區樹德五街１７號十二樓之２,30.0,住,,,1130207,土地1建物1車位1,十二層,十五層,住宅大樓(11層含以上有電梯),住家用,鋼筋混凝土造,1150512,170.2,3,2,2,有,有,17280000,119341,坡道平面,39.65,1700000,預售屋、或土地及建物分件登記案件；,RPVRMLKLPHLGFJB76DA,75.77,0.0,9.27,有,
龍井區,房地(土地+建物),臺中市龍井區中沙路新庄仔巷３８號四樓之８,22.39,,鄉村區,乙種建築用地,1130206,土地1建物1車位0,四層,九層,華廈(10層含以下有電梯),住家用,鋼筋混凝土造,1150505,78.95,2,2,2,有,有,8560000,108423,,0.0,0,預售屋、或土地及建物分件登記案件；,RPWNMLMKPHLGFKB66DA,48.84,0.0,3.22,有,
沙鹿區,房地(土地+建物)+車位,臺中市沙鹿區平等六街８７號五樓之８,25.22,住,,,1130103,土地1建物1車位1,五層,七層,華廈(10層含以下有電梯),住家用,鋼筋混凝土造,1150423,110.46000000000001,2,1,1,有,無,10630000,112450,坡道平面,33.27,1950000,預售屋、或土地及建物分件登記案件；,RPOTMLOJNHLGFFB48DA,46.79,0.0,3.88,有,
沙鹿區,房地(土地+建物)+車位,臺中市沙鹿區平等六街８９號七樓之５,27.01,住,,,1130130,土地1建物1車位1,七層,七層,華廈(10層含以下有電梯),住家用,鋼筋混凝土造,1150423,116.47999999999999,2,1,1,有,無,11250000,111765,坡道平面,33.27,1950000,預售屋、或土地及建物分件登記案件；,RPPRMLRJNHLGFFB68DA,51.53,0.0,3.13,有,
后里區,土地,公安段632地號,97.71,住,,,1130126,土地1建物0車位0,,,其他,,,,0.0,0,0,0,無,無,6270000,64169,,0.0,0,因鑑界有共同壁之情形賣方同意折價676000元整。故總價變更為6270000元整。,RPTOMLOKPHLGFDB58DA,0.0,0.0,0.0,無,
豐原區,房地(土地+建物)+車位,臺中市豐原區豐原大道三段２３９巷１０６號四樓之３,19.44,都市：其他:第二種住宅區,,,1130128,土地1建物1車位1,四層,十四層,住宅大樓(11層含以上有電梯),住家用,鋼筋混凝土造,1150424,114.69999999999999,2,2,1,有,有,10980000,111448,坡道平面,32.33,1800000,預售屋、或土地及建物分件登記案件；,RPXNMLKKOHLGFDB38DA,50.84,0.0,3.6,有,
豐原區,房地(土地+建物)+車位,臺中市豐原區豐原大道三段２３９巷１０６號五樓之６,19.44,都市：其他:第二種住宅區,,,1130113,土地1建物1車位1,五層,十四層,住宅大樓(11層含以上有電梯),住家用,鋼筋混凝土造,1150424,114.69999999999999,2,2,1,有,有,10950000,111691,坡道平面,32.33,1750000,預售屋、或土地及建物分件登記案件；,RPRPMLLKOHLGFDB08DA,50.84,0.0,3.6,有,
豐原區,房地(土地+建物)+車位,臺中市豐原區豐原大道三段２３９巷１０８號五樓之３,19.51,都市：其他:第二種住宅區,,,1130130,土地1建物1車位1,五層,十四層,住宅大樓(11層含以上有電梯),住家用,鋼筋混凝土造,1150424,114.78999999999999,2,2,1,有,有,11150000,113995,坡道平面,32.33,1750000,預售屋、或土地及建物分件登記案件；,RPWPMLLKOHLGFDB58DA,50.91,0.0,3.6,有,
豐原區,房地(土地+建物)+車位,臺中市豐原區豐原大道三段２３９巷１１０號五樓之６,27.54,都市：其他:第二種住宅區,,,1130128,土地1建物1車位1,五層,十四層,住宅大樓(11層含以上有電梯),住家用,鋼筋混凝土造,1150424,148.67000000000002,3,2,2,有,有,14660000,111398,坡道平面,32.33,1700000,預售屋、或土地及建物分件登記案件；,RPUQMLLKOHLGFDB48DA,71.91,0.0,4.99,有,
豐原區,房地(土地+建物)+車位,臺中市豐原區豐原大道三段２３９巷１１２號五樓之７,26.2,都市：其他:第二種住宅區,,,1130107,土地1建物1車位1,五層,十四層,住宅大樓(11層含以上有電梯),住家用,鋼筋混凝土造,1150424,143.16,3,2,2,有,有,14020000,110710,坡道平面,32.33,1750000,預售屋、或土地及建物分件登記案件；,RPRRMLLKOHLGFDB28DA,68.26,0.0,4.99,有,
豐原區,房地(土地+建物)+車位,臺中市豐原區豐原大道三段２３９巷１０６號六樓之６,19.44,都市：其他:第二種住宅區,,,1130113,土地1建物1車位1,六層,十四層,住宅大樓(11層含以上有電梯),住家用,鋼筋混凝土造,1150424,114.69999999999999,2,2,1,有,有,11100000,113512,坡道平面,32.33,1750000,預售屋、或土地及建物分件登記案件；,RPWRMLLKOHLGFDB78DA,50.84,0.0,3.6,有,
豐原區,房地(土地+建物)+車位,臺中市豐原區豐原大道三段２３９巷１０８號八樓之６,17.75,都市：其他:第二種住宅區,,,1130131,土地1建物1車位1,八層,十四層,住宅大樓(11層含以上有電梯),住家用,鋼筋混凝土造,1150424,107.31,2,2,1,有,有,10400000,115364,坡道平面,32.33,1750000,預售屋、或土地及建物分件登記案件；,RPROMLMKOHLGFDB08DA,45.95,0.0,3.6,有,
豐原區,房地(土地+建物)+車位,臺中市豐原區豐原大道三段２３９巷１１０號十樓之３,26.2,都市：其他:第二種住宅區,,,1130120,土地1建物1車位1,十層,十四層,住宅大樓(11層含以上有電梯),住家用,鋼筋混凝土造,1150424,143.16,3,2,2,有,有,14400000,115492,坡道平面,32.33,1600000,預售屋、或土地及建物分件登記案件；,RPPOMLOKOHLGFDB08DA,68.26,0.0,4.99,有,
西屯區,房地(土地+建物)+車位,臺中市西屯區市政北一路３３５號八樓之２,11.49,都市：其他:第六種新市政中心專用區,,,1130112,土地1建物1車位2,八層,三十七層,住宅大樓(11層含以上有電梯),住家用,鋼骨鋼筋混凝土造、鋼筋混凝土造,1150313,216.74,4,2,2,有,有,38880000,182503,坡道平面,22.88,3500000,預售屋、或土地及建物分件登記案件；,RPROMLQKPHLGFCB48DA,108.42,11.47,9.43,有,
后里區,房地(土地+建物)+車位,臺中市后里區成功路４８１巷２號七樓之１,42.6,住,,,1130129,土地3建物1車位1,七層,十層,華廈(10層含以下有電梯),住家用,鋼筋混凝土造,1141226,181.23000000000002,3,2,2,有,有,13000000,79734,坡道平面,37.0,1500000,755地號為本社區聯外之私設通路 無償移轉買方持分30468882/2524300000預售屋、或土地及建物分件登記案件；,RPROMLTKNHLGFDB68DA,92.46,0.0,8.76,有,
烏日區,房地(土地+建物)+車位,臺中市烏日區日新街５６巷３號七樓之１,32.07,住,,,1130118,土地1建物1車位1,七層,十一層,住宅大樓(11層含以上有電梯),住家用,鋼筋混凝土造,1150513,158.11,3,2,2,有,有,17620000,118824,坡道平面,24.13,1700000,預售屋、或土地及建物分件登記案件；,RPWQMLOJPHLGFIB86DA,80.19,0.0,7.13,有,
南區,房地(土地+建物)+車位,臺中市南區福田二街１７６號四樓之３,23.53,都市：其他:第三種住宅區。,,,1130106,土地2建物1車位1,四層,十五層,住宅大樓(11層含以上有電梯),住家用,鋼筋混凝土造,1150516,155.54,3,2,2,有,有,17160000,120377,坡道平面,27.11,1700000,預售屋、或土地及建物分件登記案件；,RPXNMLRLOHLGFAB88DA,77.64,0.0,6.96,有,
南區,房地(土地+建物)+車位,臺中市南區福田二街１８２號七樓之７,23.53,都市：其他:第三種住宅區。,,,1130105,土地2建物1車位1,七層,十五層,住宅大樓(11層含以上有電梯),住家用,鋼筋混凝土造,1150516,155.54,3,2,2,有,有,17280000,122090,坡道平面,27.11,1600000,預售屋、或土地及建物分件登記案件；,RPUOMLRLOHLGFAB68DA,77.64,0.0,6.96,有,
南區,房地(土地+建物)+車位,臺中市南區福田二街１８２號十樓之１,23.01,都市：其他:第三種住宅區。,,,1130106,土地2建物1車位1,十層,十五層,住宅大樓(11層含以上有電梯),住家用,鋼筋混凝土造,1150516,152.31,3,2,2,有,有,17210000,123882,坡道平面,27.11,1700000,預售屋、或土地及建物分件登記案件；,RPPQMLRLOHLGFAB38DA,75.82,0.0,6.68,有,
南區,房地(土地+建物)+車位,臺中市南區福田二街１８０號十五樓之３,23.53,都市：其他:第三種住宅區。,,,1130103,土地2建物1車位2,十五層,十五層,住宅大樓(11層含以上有電梯),住家用,鋼筋混凝土造,1150516,182.03,3,2,2,有,有,19450000,129489,坡道平面,54.22,2900000,預售屋、或土地及建物分件登記案件；,RPPNNLTLOHLGFAB38DA,76.43,0.0,7.84,有,
西屯區,房地(土地+建物)+車位,臺中市西屯區青海南街２３３號八樓之６,14.71,住,,,1130112,土地1建物1車位1,八層,二十三層,住宅大樓(11層含以上有電梯),住家用,鋼筋混凝土造,1150407,101.47,2,1,1,有,有,17350000,194553,坡道機械,19.23,1350000,預售屋、或土地及建物分件登記案件；,RPQRMLTKNHLGFCB78DA,47.88,0.0,4.02,有,
西屯區,房地(土地+建物)+車位,臺中市西屯區青海南街２３３號十八樓之２,14.83,住,,,1130119,土地1建物1車位1,十八層,二十三層,住宅大樓(11層含以上有電梯),住家用,鋼筋混凝土造,1150407,98.63,2,1,1,有,有,16650000,185766,坡道機械,15.73,1250000,預售屋、或土地及建物分件登記案件；,RPOOMLLLPHLGFCB77DA,48.33,0.0,4.02,有,
西屯區,房地(土地+建物)+車位,臺中市西屯區青海南街２３３號十五樓之２,14.83,住,,,1130129,土地1建物1車位1,十五層,二十三層,住宅大樓(11層含以上有電梯),住家用,鋼筋混凝土造,1150407,98.63,2,1,1,有,有,16500000,183957,坡道機械,15.73,1250000,預售屋、或土地及建物分件登記案件；,RPVOMLLLPHLGFCB48DA,48.33,0.0,4.02,有,
太平區,房地(土地+建物)+車位,臺中市太平區樹德五街１７號十一樓之３,29.76,住,,,1130113,土地1建物1車位1,十一層,十五層,住宅大樓(11層含以上有電梯),住家用,鋼筋混凝土造,1150512,169.10000000000002,3,2,2,有,有,16920000,117961,坡道平面,39.65,1650000,預售屋、或土地及建物分件登記案件；,RPPRMLKLPHLGFJB78DA,75.77,0.0,8.57,有,
太平區,房地(土地+建物)+車位,臺中市太平區樹德五街１７號八樓之５,29.76,住,,,1130111,土地1建物1車位1,八層,十五層,住宅大樓(11層含以上有電梯),住家用,鋼筋混凝土造,1150512,169.10000000000002,3,2,2,有,有,16580000,115334,坡道平面,39.65,1650000,預售屋、或土地及建物分件登記案件；,RPOSMLKLPHLGFJB78DA,75.77,0.0,8.57,有,
太平區,房地(土地+建物),臺中市太平區新光路５９之２６號,88.82,住,,,1130106,土地4建物1車位0,全,四層,透天厝,住家用,鋼筋混凝土造,1141022,202.52,4,3,5,有,無,28250000,139492,,0.0,0,預售屋、或土地及建物分件登記案件；,RPUNMLMLPHLGFJB09DA,193.36,0.0,9.16,有,
沙鹿區,房地(土地+建物)+車位,臺中市沙鹿區光華路５３６號二樓之２,28.33,住,,,1130109,土地2建物1車位1,二層,八層,華廈(10層含以下有電梯),住家用,鋼筋混凝土造,1150121,109.22,3,2,2,有,有,10900000,102281,坡道機械,11.45,900000,親友、員工、共有人或其他特殊關係間之交易；預售屋、或土地及建物分件登記案件；,RPTPMLKKPHLGFFB48DA,58.64,0.0,5.53,有,
沙鹿區,房地(土地+建物)+車位,臺中市沙鹿區平等六街８５號七樓之６,40.02,住,,,1121201,土地1建物1車位2,七層,七層,華廈(10層含以下有電梯),住家用,鋼筋混凝土造,1150423,189.54000000000002,3,1,2,有,無,17500000,113821,坡道平面,66.54,3500000,預售屋、或土地及建物分件登記案件；,RPTNMLPLOHLGFFB78DA,76.84,0.0,3.94,有,
沙鹿區,房地(土地+建物)+車位,臺中市沙鹿區平等六街８９號二樓之１,31.09,住,,,1121227,土地1建物1車位1,二層,七層,華廈(10層含以下有電梯),住家用,鋼筋混凝土造,1150423,128.75,2,1,2,有,無,12450000,112065,坡道平面,33.27,1750000,預售屋、或土地及建物分件登記案件；,RPPOMLRJPHLGFFB58DA,58.85,0.0,3.85,有,
龍井區,房地(土地+建物)+車位,臺中市龍井區中沙路新庄仔巷３８號八樓之２,25.48,,鄉村區,乙種建築用地,1121212,土地1建物1車位1,八層,九層,華廈(10層含以下有電梯),住家用,鋼筋混凝土造,1150505,121.85,2,2,2,有,有,12000000,113548,坡道平面,32.02,1800000,預售屋、或土地及建物分件登記案件；,RPOOMLLKPHLGFKB48DA,55.69,0.0,3.54,有,
東勢區,房地(土地+建物),臺中市東勢區下城街１４１號,99.22,住,,,1121210,土地4建物1車位0,全,四層,透天厝,住家用,鋼筋混凝土造,1141023,196.94,3,2,3,有,有,14390000,73068,,0.0,0,未登記建物；預售屋、或土地及建物分件登記案件；,RPQNMLRKPHLGFGB78DA,180.5,0.0,16.44,無,
東勢區,房地(土地+建物),臺中市東勢區下城街１３５號,96.18,住,,,1121210,土地4建物1車位0,全,四層,透天厝,住家用,鋼筋混凝土造,1141023,193.66,3,2,3,有,有,14390000,74305,,0.0,0,未登記建物；預售屋、或土地及建物分件登記案件；,RPRNMLRKPHLGFGB88DA,177.62,0.0,16.04,無,
豐原區,房地(土地+建物)+車位,臺中市豐原區豐原大道三段２３９巷１０６號三樓之３,19.44,都市：其他:第二種住宅區,,,1121210,土地1建物1車位1,三層,十四層,住宅大樓(11層含以上有電梯),住家用,鋼筋混凝土造,1150424,114.69999999999999,2,2,1,有,有,10880000,110234,坡道平面,32.33,1800000,預售屋、或土地及建物分件登記案件；,RPXOMLTJOHLGFDB66DA,50.84,0.0,3.6,有,
豐原區,房地(土地+建物)+車位,臺中市豐原區豐原大道三段２３９巷１１０號五樓之３,26.2,都市：其他:第二種住宅區,,,1121215,土地1建物1車位1,五層,十四層,住宅大樓(11層含以上有電梯),住家用,鋼筋混凝土造,1150424,143.16,3,2,2,有,有,13880000,109447,坡道平面,32.33,1750000,預售屋、或土地及建物分件登記案件；,RPSQMLLKOHLGFDB28DA,68.26,0.0,4.99,有,
豐原區,房地(土地+建物)+車位,臺中市豐原區豐原大道三段２３９巷１０８號七樓之７,19.44,都市：其他:第二種住宅區,,,1121205,土地1建物1車位1,七層,十四層,住宅大樓(11層含以上有電梯),住家用,鋼筋混凝土造,1150424,114.69999999999999,2,2,1,有,有,10980000,111448,坡道平面,32.33,1800000,預售屋、或土地及建物分件登記案件；,RPUUMLLKOHLGFDB88DA,50.84,0.0,3.6,有,
豐原區,房地(土地+建物)+車位,臺中市豐原區豐原大道三段２３９巷１０８號八樓之７,19.44,都市：其他:第二種住宅區,,,1121206,土地1建物1車位1,八層,十四層,住宅大樓(11層含以上有電梯),住家用,鋼筋混凝土造,1150424,114.69999999999999,2,2,1,有,有,11180000,112662,坡道平面,32.33,1900000,預售屋、或土地及建物分件登記案件；,RPSOMLMKOHLGFDB18DA,50.84,0.0,3.6,有,
豐原區,房地(土地+建物)+車位,臺中市豐原區豐原大道三段２３９巷１０８號九樓之７,19.44,都市：其他:第二種住宅區,,,1121230,土地1建物1車位1,九層,十四層,住宅大樓(11層含以上有電梯),住家用,鋼筋混凝土造,1150424,114.69999999999999,2,2,1,有,有,11280000,113876,坡道平面,32.33,1900000,預售屋、或土地及建物分件登記案件；,RPRQMLMKOHLGFDB28DA,50.84,0.0,3.6,有,
烏日區,房地(土地+建物)+車位,臺中市烏日區日新街５６巷１號六樓之５,29.99,住,,,1121228,土地1建物1車位2,六層,十一層,住宅大樓(11層含以上有電梯),住家用,鋼筋混凝土造,1150513,176.57999999999998,3,2,2,有,有,18080000,118095,坡道平面,50.58,3200000,預售屋、或土地及建物分件登記案件；,RPOQMLOJPHLGFIB68DA,74.98,0.0,7.13,有,
南區,房地(土地+建物)+車位,臺中市南區福田二街１７６號九樓之５,24.82,都市：其他:第三種住宅區。,,,1121209,土地2建物1車位1,九層,十五層,住宅大樓(11層含以上有電梯),住家用,鋼筋混凝土造,1150516,162.45,3,2,2,有,有,18700000,126348,坡道平面,27.11,1600000,預售屋、或土地及建物分件登記案件；,RPVPMLRLOHLGFAB88DA,81.85,0.0,7.29,有,
南區,房地(土地+建物)+車位,臺中市南區福田二街１７０號十四樓之５,23.4,都市：其他:第三種住宅區。,,,1121206,土地2建物1車位1,十四層,十五層,住宅大樓(11層含以上有電梯),住家用,鋼筋混凝土造,1150516,154.31,3,2,2,有,有,18150000,129324,坡道平面,27.11,1700000,預售屋、或土地及建物分件登記案件；,RPTUMLRLOHLGFAB56DA,75.96,0.0,7.84,有,
南區,房地(土地+建物)+車位,臺中市南區福田二街１７０號九樓之３,23.14,都市：其他:第三種住宅區。,,,1121215,土地2建物1車位1,九層,十五層,住宅大樓(11層含以上有電梯),住家用,鋼筋混凝土造,1150516,153.36,3,2,2,有,有,17630000,126178,坡道平面,27.11,1700000,115年1月29日權利讓渡預售屋、或土地及建物分件登記案件；,RPROMLOJPHLGFAB97DA,76.81,0.0,6.33,有,
南區,房地(土地+建物)+車位,臺中市南區福田二街１７８號十一樓之６,22.75,都市：其他:第三種住宅區。,,,1121210,土地2建物1車位1,十一層,十五層,住宅大樓(11層含以上有電梯),住家用,鋼筋混凝土造,1150516,150.65,3,2,2,有,有,17180000,124494,坡道平面,27.11,1800000,預售屋、或土地及建物分件登記案件；,RPQPMLOJPHLGFAB97DA,74.12,0.0,7.28,有,
南區,房地(土地+建物)+車位,臺中市南區福田二街１８０號五樓之３,29.99,都市：其他:第三種住宅區。,,,1121224,土地2建物1車位2,五層,十五層,住宅大樓(11層含以上有電梯),住家用,鋼筋混凝土造,1150516,217.14,4,2,2,有,有,23250000,123680,坡道平面,54.22,3100000,115年1月29日權利讓渡預售屋、或土地及建物分件登記案件；,RPOQMLOJPHLGFAB87DA,96.15,0.0,11.19,有,
南區,房地(土地+建物)+車位,臺中市南區福田二街１７６號八樓之７,24.56,都市：其他:第三種住宅區。,,,1121215,土地2建物1車位1,八層,十五層,住宅大樓(11層含以上有電梯),住家用,鋼筋混凝土造,1150516,160.92000000000002,3,2,2,有,有,18700000,127046,坡道平面,27.11,1700000,預售屋、或土地及建物分件登記案件；,RPXRMLOJPHLGFAB88DA,80.03,0.0,8.14,有,
西屯區,房地(土地+建物)+車位,臺中市西屯區青海南街２３３號七樓之１,13.9,住,,,1121218,土地1建物1車位1,七層,二十三層,住宅大樓(11層含以上有電梯),住家用,鋼筋混凝土造,1150407,93.49000000000001,2,1,1,有,有,15300000,180684,坡道機械,15.73,1250000,預售屋、或土地及建物分件登記案件；,RPXNMLLLPHLGFCB58DA,45.08,0.0,4.02,有,
大甲區,房地(土地+建物)+車位,臺中市大甲區甲后路五段４５３巷８９號五樓之１,27.47,住,,,1121229,土地1建物1車位1,五層,九層,華廈(10層含以下有電梯),住家用,鋼筋混凝土造,1150313,113.49000000000001,3,2,2,有,有,10830000,100386,坡道機械,12.58,700000,預售屋、或土地及建物分件登記案件；,RPQNMLMJPHLGFEB97DA,65.98,0.0,3.13,有,
太平區,房地(土地+建物)+車位,臺中市太平區樹德五街１７號五樓之３,29.76,住,,,1121219,土地1建物1車位1,五層,十五層,住宅大樓(11層含以上有電梯),住家用,鋼筋混凝土造,1150512,169.10000000000002,3,2,2,有,有,16650000,114716,坡道平面,39.65,1800000,預售屋、或土地及建物分件登記案件；,RPRPMLKLPHLGFJB78DA,75.77,0.0,8.57,有,
太平區,房地(土地+建物)+車位,臺中市太平區樹德五街１７號五樓之５,29.76,住,,,1121203,土地1建物1車位1,五層,十五層,住宅大樓(11層含以上有電梯),住家用,鋼筋混凝土造,1150512,169.10000000000002,3,2,2,有,有,16230000,112630,坡道平面,39.65,1650000,預售屋、或土地及建物分件登記案件；,RPSPMLKLPHLGFJB88DA,75.77,0.0,8.57,有,
太平區,房地(土地+建物)+車位,臺中市太平區樹德五街１７號六樓之２,29.76,住,,,1121215,土地1建物1車位1,六層,十五層,住宅大樓(11層含以上有電梯),住家用,鋼筋混凝土造,1150512,169.10000000000002,3,2,2,有,有,16150000,110854,坡道平面,39.65,1800000,預售屋、或土地及建物分件登記案件；,RPWPMLKLPHLGFJB66DA,75.77,0.0,8.57,有,
太平區,房地(土地+建物)+車位,臺中市太平區樹德五街１７號十樓之３,29.76,住,,,1121222,土地1建物1車位1,十層,十五層,住宅大樓(11層含以上有電梯),住家用,鋼筋混凝土造,1150512,169.10000000000002,3,2,2,有,有,17260000,119815,坡道平面,39.65,1750000,預售屋、或土地及建物分件登記案件；,RPTQMLKLPHLGFJB09DA,75.77,0.0,8.57,有,
龍井區,房地(土地+建物)+車位,臺中市龍井區中沙路新庄仔巷３８號六樓之７,24.32,,鄉村區,乙種建築用地,1121218,土地1建物1車位1,六層,九層,華廈(10層含以下有電梯),住家用,鋼筋混凝土造,1150505,116.71000000000001,2,2,2,有,有,11300000,110826,坡道平面,30.99,1800000,預售屋、或土地及建物分件登記案件；,RPWNMLLLPHLGFKB66DA,53.3,0.0,3.22,有,
南屯區,房地(土地+建物)+車位,臺中市南屯區建功路７３號,26.12,住,,,1121203,土地1建物1車位1,一層,二十三層,住宅大樓(11層含以上有電梯),商業用,鋼筋混凝土造,1141226,227.02,0,0,0,無,有,28600000,132666,坡道平面,26.14,1950000,預售屋、或土地及建物分件登記案件；,RPSQMLSKOHLGFCB88DA,155.9,0.0,0.0,有,
西屯區,房地(土地+建物),臺中市西屯區廣興巷１３號三樓之９,18.68,農,,,1121215,土地1建物1車位0,三層,四層,華廈(10層含以下有電梯),住家用,鋼筋混凝土造,1141103,59.83,1,1,2,有,有,7450000,124519,,0.0,0,預售屋、或土地及建物分件登記案件；,RPQNMLRKPHLGFCB38DA,32.92,0.0,3.04,有,
西屯區,房地(土地+建物),臺中市西屯區中清路二段１２５０巷３５號三樓之２,13.99,都市：其他:第二種住宅區,,,1121220,土地4建物1車位0,三層,六層,華廈(10層含以下有電梯),住家用,鋼筋混凝土造,1150512,58.43,1,1,1,有,有,10220000,174910,,0.0,0,預售屋、或土地及建物分件登記案件；,RPTNMLOLPHLGFCB48DA,31.92,0.0,3.15,有,
西屯區,房地(土地+建物)+車位,臺中市西屯區中清路二段１２５０巷３５號六樓之１,14.83,都市：其他:第二種住宅區,,,1121222,土地4建物1車位1,六層,六層,華廈(10層含以下有電梯),住家用,鋼筋混凝土造,1150512,89.44,2,1,1,有,有,13800000,179394,一樓平面,26.45,2500000,預售屋、或土地及建物分件登記案件；,RPUOMLOLPHLGFCB68DA,35.36,0.0,2.45,有,
太平區,房地(土地+建物)+車位,臺中市太平區育才路１７３號十一樓之１,26.58,住,,,1121218,土地1建物1車位2,十一層,十五層,住宅大樓(11層含以上有電梯),住家用,鋼筋混凝土造,1150113,183.62,3,2,2,有,有,17050000,110491,坡道平面,56.46,3000000,預售屋、或土地及建物分件登記案件；,RPSOMLOLPHLGFJB56DA,77.57,0.0,9.32,有,
北屯區,房地(土地+建物)+車位,臺中市北屯區豐樂北二路５０７號三樓之５,38.0,都市：其他:第一之一種住宅區,,,1121116,土地2建物1車位1,三層,二十二層,住宅大樓(11層含以上有電梯),住家用,鋼筋混凝土造,1150126,169.01,3,2,2,有,有,26060000,173312,坡道平面,33.07,2500000,預售屋、或土地及建物分件登記案件；,RPQOMLNKPHLGFBB97DA,79.14,0.0,10.49,有,
南屯區,房地(土地+建物)+車位,臺中市南屯區大墩十二街９９３號,79.98,住,,,1121113,土地3建物1車位1,全,四層,透天厝,住家用,鋼筋混凝土造,1141218,194.83,4,2,5,有,有,39200000,201201,一樓平面,0.0,0,預售屋、或土地及建物分件登記案件；,RPSPMLOKPHLGFCB48DA,169.6,0.0,25.23,有,
沙鹿區,房地(土地+建物)+車位,臺中市沙鹿區平等六街８７號五樓之６,28.35,住,,,1121108,土地1建物1車位1,五層,七層,華廈(10層含以下有電梯),住家用,鋼筋混凝土造,1150423,120.55000000000001,2,1,1,有,無,12100000,116292,坡道平面,33.27,1950000,預售屋、或土地及建物分件登記案件；,RPWSMLOJNHLGFFB56DA,54.21,0.0,3.13,有,
太平區,房地(土地+建物)+車位,臺中市太平區育才路１７７號七樓之３,12.76,住,,,1121129,土地1建物1車位1,七層,十五層,住宅大樓(11層含以上有電梯),住家用,鋼筋混凝土造,1150113,91.75999999999999,0,0,0,無,有,9020000,114434,坡道平面,28.23,1750000,預售屋、或土地及建物分件登記案件；,RPVNMLPKPHLGFJB76DA,36.35,0.0,5.15,有,
東勢區,房地(土地+建物),臺中市東勢區下城街１５３號,100.85,住,,,1121118,土地4建物1車位0,全,四層,透天厝,住家用,鋼筋混凝土造,1141023,192.63,4,2,3,有,有,14280000,74132,,0.0,0,未登記建物；預售屋、或土地及建物分件登記案件；,RPUNMLQKPHLGFGB09DA,176.64,0.0,15.99,無,
豐原區,房地(土地+建物)+車位,臺中市豐原區豐原大道三段２３９巷１０８號四樓之７,19.44,都市：其他:第二種住宅區,,,1121126,土地1建物1車位1,四層,十四層,住宅大樓(11層含以上有電梯),住家用,鋼筋混凝土造,1150424,114.69999999999999,2,2,1,有,有,10880000,110234,坡道平面,32.33,1800000,預售屋、或土地及建物分件登記案件；,RPWOMLKKOHLGFDB38DA,50.84,0.0,3.6,有,
豐原區,房地(土地+建物)+車位,臺中市豐原區豐原大道三段２３９巷１０８號六樓之７,19.44,都市：其他:第二種住宅區,,,1121103,土地1建物1車位1,六層,十四層,住宅大樓(11層含以上有電梯),住家用,鋼筋混凝土造,1150424,114.69999999999999,2,2,1,有,有,10980000,111448,坡道平面,32.33,1800000,預售屋、或土地及建物分件登記案件；,RPTSMLLKOHLGFDB58DA,50.84,0.0,3.6,有,
豐原區,房地(土地+建物)+車位,臺中市豐原區豐原大道三段２３９巷１１２號六樓之３,27.54,都市：其他:第二種住宅區,,,1121111,土地1建物1車位1,六層,十四層,住宅大樓(11層含以上有電梯),住家用,鋼筋混凝土造,1150424,148.73000000000002,3,2,2,有,有,14790000,111168,坡道平面,32.33,1850000,預售屋、或土地及建物分件登記案件；,RPQTMLLKOHLGFDB38DA,71.95,0.0,4.99,有,
豐原區,房地(土地+建物)+車位,臺中市豐原區豐原大道三段２３９巷１０８號七樓之６,17.75,都市：其他:第二種住宅區,,,1121120,土地1建物1車位1,七層,十四層,住宅大樓(11層含以上有電梯),住家用,鋼筋混凝土造,1150424,107.31,2,2,1,有,有,10100000,111363,坡道平面,32.33,1750000,預售屋、或土地及建物分件登記案件；,RPTUMLLKOHLGFDB78DA,45.95,0.0,3.6,有,
豐原區,房地(土地+建物)+車位,臺中市豐原區豐原大道三段２３９巷１０８號九樓之１,19.44,都市：其他:第二種住宅區,,,1121103,土地1建物1車位1,九層,十四層,住宅大樓(11層含以上有電梯),住家用,鋼筋混凝土造,1150424,114.69999999999999,2,2,1,有,有,11320000,114969,坡道平面,32.33,1850000,預售屋、或土地及建物分件登記案件；,RPXPMLMKOHLGFDB78DA,50.84,0.0,3.6,有,
豐原區,房地(土地+建物)+車位,臺中市豐原區豐原大道三段２３９巷１１０號九樓之７,27.54,都市：其他:第二種住宅區,,,1121129,土地1建物1車位1,九層,十四層,住宅大樓(11層含以上有電梯),住家用,鋼筋混凝土造,1150424,148.73000000000002,3,2,2,有,有,14930000,112371,坡道平面,32.33,1850000,預售屋、或土地及建物分件登記案件；,RPVQMLMKOHLGFDB68DA,71.95,0.0,4.99,有,
豐原區,房地(土地+建物)+車位,臺中市豐原區豐原大道三段２３９巷１０８號十一樓之１,19.44,都市：其他:第二種住宅區,,,1121119,土地1建物1車位1,十一層,十四層,住宅大樓(11層含以上有電梯),住家用,鋼筋混凝土造,1150424,114.69999999999999,2,2,1,有,有,11380000,115697,坡道平面,32.33,1850000,預售屋、或土地及建物分件登記案件；,RPWOMLOKOHLGFDB78DA,50.84,0.0,3.6,有,
豐原區,房地(土地+建物)+車位,臺中市豐原區豐原大道三段２３９巷１０６號十二樓之３,19.44,都市：其他:第二種住宅區,,,1121125,土地1建物1車位1,十二層,十四層,住宅大樓(11層含以上有電梯),住家用,鋼筋混凝土造,1150424,114.69999999999999,2,2,1,有,有,11380000,115090,坡道平面,32.33,1900000,預售屋、或土地及建物分件登記案件；,RPUPMLOKOHLGFDB68DA,50.84,0.0,3.6,有,
西屯區,房地(土地+建物)+車位,臺中市西屯區市政北一路３３５號二十八樓之１,11.55,都市：其他:第六種新市政中心專用區,,,1121112,土地1建物1車位1,二十八層,三十七層,住宅大樓(11層含以上有電梯),住家用,鋼骨鋼筋混凝土造、鋼筋混凝土造,1150313,211.81,4,2,2,有,有,39470000,190901,坡道平面,16.84,2250000,轉讓日期民國114年4月16日。預售屋、或土地及建物分件登記案件；,RPROMLKMOHLGFCB97DA,109.1,11.47,9.43,有,
南區,房地(土地+建物)+車位,臺中市南區福田二街１８０號四樓之５,30.25,都市：其他:第三種住宅區。,,,1121127,土地2建物1車位2,四層,十五層,住宅大樓(11層含以上有電梯),住家用,鋼筋混凝土造,1150516,219.03,4,2,2,有,有,23160000,122929,坡道平面,54.22,2900000,預售屋、或土地及建物分件登記案件；,RPUNMLRLOHLGFAB58DA,98.24,0.0,10.29,有,
南區,房地(土地+建物)+車位,臺中市南區福田二街１８２號十樓之５,25.33,都市：其他:第三種住宅區。,,,1121111,土地2建物1車位2,十層,十五層,住宅大樓(11層含以上有電梯),住家用,鋼筋混凝土造,1150516,192.36,3,2,2,有,有,20680000,127262,坡道平面,54.22,3100000,預售屋、或土地及建物分件登記案件；,RPQQMLRLOHLGFAB48DA,83.03,0.0,7.94,有,
南區,房地(土地+建物)+車位,臺中市南區福田二街１７０號六樓之５,23.4,都市：其他:第三種住宅區。,,,1121126,土地2建物1車位1,六層,十五層,住宅大樓(11層含以上有電梯),住家用,鋼筋混凝土造,1150516,154.31,3,2,2,有,有,17280000,123270,坡道平面,27.11,1600000,預售屋、或土地及建物分件登記案件；,RPOTMLRLOHLGFAB58DA,75.96,0.0,7.84,有,
南區,房地(土地+建物)+車位,臺中市南區福田二街１７２號十樓之５,22.75,都市：其他:第三種住宅區。,,,1121120,土地2建物1車位1,十層,十五層,住宅大樓(11層含以上有電梯),住家用,鋼筋混凝土造,1150516,150.65,3,2,2,有,有,17020000,124008,坡道平面,27.11,1700000,預售屋、或土地及建物分件登記案件；,RPXOMLOJPHLGFAB58DA,74.12,0.0,7.28,有,
南區,房地(土地+建物)+車位,臺中市南區福田二街１８０號十樓之７,23.14,都市：其他:第三種住宅區。,,,1121125,土地2建物1車位1,十層,十五層,住宅大樓(11層含以上有電梯),住家用,鋼筋混凝土造,1150516,153.36,3,2,2,有,有,17800000,126733,坡道平面,27.11,1800000,預售屋、或土地及建物分件登記案件；,RPRSMLOJPHLGFAB38DA,76.81,0.0,6.33,有,
南區,房地(土地+建物)+車位,臺中市南區福田二街１７６號十樓之２,23.01,都市：其他:第三種住宅區。,,,1121102,土地2建物1車位2,十層,十五層,住宅大樓(11層含以上有電梯),住家用,鋼筋混凝土造,1150516,179.42000000000002,3,2,2,有,有,18580000,123642,坡道平面,54.22,3100000,預售屋、或土地及建物分件登記案件；,RPTSMLOJPHLGFAB58DA,75.82,0.0,6.68,有,
南屯區,房地(土地+建物)+車位,臺中市南屯區建功路６５號十八樓之６,11.52,住,,,1121104,土地1建物1車位1,十八層,二十三層,住宅大樓(11層含以上有電梯),住家用,鋼筋混凝土造,1141226,126.9,2,2,1,有,有,12960000,111751,坡道平面,26.14,1700000,預售屋、或土地及建物分件登記案件；,RPVQMLSKOHLGFCB56DA,60.67,0.0,5.49,有,
西屯區,房地(土地+建物),臺中市西屯區中清路二段１２５０巷３５號二樓之５,11.98,都市：其他:第二種住宅區,,,1121120,土地4建物1車位0,二層,六層,華廈(10層含以下有電梯),住家用,鋼筋混凝土造,1150512,50.61,1,1,1,有,有,9120000,180202,,0.0,0,預售屋、或土地及建物分件登記案件；,RPSNMLOLPHLGFCB38DA,29.59,0.0,0.79,有,
太平區,房地(土地+建物)+車位,臺中市太平區育才路１７７號十二樓之２,19.14,住,,,1121128,土地1建物1車位1,十二層,十五層,住宅大樓(11層含以上有電梯),住家用,鋼筋混凝土造,1150113,125.62,2,2,2,有,有,12350000,108327,坡道平面,28.23,1800000,預售屋、或土地及建物分件登記案件；,RPTOMLOLPHLGFJB66DA,56.59,0.0,7.06,有,
南屯區,房地(土地+建物)+車位,臺中市南屯區大墩十二街９９７號,101.78,都市：其他:第一之B種住宅區,,,1121111,土地3建物1車位1,全,四層,透天厝,住家用,鋼筋混凝土造,1141218,200.61,4,2,5,有,有,39700000,197896,一樓平面,0.0,0,毛胚屋；預售屋、或土地及建物分件登記案件；,RPRNMLMLPHLGFCB08DA,174.79,0.0,25.82,有,
南屯區,房地(土地+建物)+車位,臺中市南屯區大墩十二街９９９號,112.33,都市：其他:第一之B種住宅區,,,1121118,土地3建物1車位1,全,四層,透天厝,住家用,鋼筋混凝土造,1141218,202.51,4,2,5,有,有,39800000,196534,一樓平面,0.0,0,毛胚屋；預售屋、或土地及建物分件登記案件；,RPUNMLMLPHLGFCB38DA,174.79,0.0,27.72,有,
沙鹿區,房地(土地+建物)+車位,臺中市沙鹿區光華路５３６號四樓之５,28.03,住,,,1121109,土地2建物1車位1,四層,八層,華廈(10層含以下有電梯),住家用,鋼筋混凝土造,1150121,108.13,3,2,2,有,有,11600000,109640,坡道機械,11.45,1000000,114.06.30讓渡，成交價格1160萬元。預售屋、或土地及建物分件登記案件；,RPVOMLKKPHLGFFB58DA,58.01,0.0,5.48,有,
沙鹿區,房地(土地+建物)+車位,臺中市沙鹿區光華路５３６號八樓之９,23.28,住,,,1121124,土地2建物1車位1,八層,八層,華廈(10層含以下有電梯),住家用,鋼筋混凝土造,1150121,91.76,2,2,1,有,有,10200000,113311,坡道機械,11.45,1100000,115.06.09讓渡，成交價格1020萬元。預售屋、或土地及建物分件登記案件；,RPRPMLKKPHLGFFB28DA,48.27,0.0,4.47,有,
沙鹿區,房地(土地+建物)+車位,臺中市沙鹿區光明街２２０號二樓之１,25.52,住,,,1121013,土地1建物1車位1,二層,十五層,住宅大樓(11層含以上有電梯),住家用,鋼筋混凝土造,1150513,126.16,2,2,2,有,有,9020000,81683,坡道平面,32.26,1350000,預售屋、或土地及建物分件登記案件；,RPOOMLRLNHLGFFB48DA,58.37,0.0,4.55,有,
沙鹿區,房地(土地+建物)+車位,臺中市沙鹿區光明街２２０號三樓之６,29.7,住,,,1121007,土地1建物1車位1,三層,十五層,住宅大樓(11層含以上有電梯),住家用,鋼筋混凝土造,1150513,141.61,3,2,2,有,有,10300000,81847,坡道平面,32.26,1350000,預售屋、或土地及建物分件登記案件；,RPWNMLSLNHLGFFB66DA,69.71,0.0,3.57,有,
沙鹿區,房地(土地+建物)+車位,臺中市沙鹿區光明街２２０號四樓之７,29.98,住,,,1121029,土地1建物1車位1,四層,十五層,住宅大樓(11層含以上有電梯),住家用,鋼筋混凝土造,1150513,142.74,2,2,2,有,有,10300000,81915,坡道平面,32.26,1250000,1. 本申報書地政士僅受託買賣案件申請登記，並未代理撰擬不動產買賣契約書，本成交資訊係由買賣雙方提供屬實。2. 於民國115年 4月20日有買受人與其配偶，直系血親或二親等內旁系血親之讓渡，其讓渡價格不變。預售屋、或土地及建物分件登記案件；,RPPPMLSLNHLGFFB78DA,70.46,0.0,3.57,有,
沙鹿區,房地(土地+建物)+車位,臺中市沙鹿區光明街２２０號十一樓之７,29.98,住,,,1121023,土地1建物1車位1,十一層,十五層,住宅大樓(11層含以上有電梯),住家用,鋼筋混凝土造,1150513,142.74,3,2,2,有,有,10880000,86260,坡道平面,32.26,1350000,預售屋、或土地及建物分件登記案件；,RPQRMLSLNHLGFFB09DA,70.46,0.0,3.57,有,
沙鹿區,房地(土地+建物)+車位,臺中市沙鹿區光明街２２０號十三樓之１,24.99,住,,,1121012,土地1建物1車位1,十三層,十五層,住宅大樓(11層含以上有電梯),住家用,鋼筋混凝土造,1150513,122.2,2,2,2,有,有,9500000,88481,坡道平面,30.09,1350000,預售屋、或土地及建物分件登記案件；,RPQSMLSLNHLGFFB56DA,58.43,0.0,3.27,有,
沙鹿區,房地(土地+建物)+車位,臺中市沙鹿區光明街２２０號十三樓之６,29.7,住,,,1121011,土地1建物1車位1,十三層,十五層,住宅大樓(11層含以上有電梯),住家用,鋼筋混凝土造,1150513,141.61,3,2,2,有,有,10920000,87517,坡道平面,32.26,1350000,1. 本申報書地政士僅受託買賣案件申請登記，並未代理撰擬不動產買賣契約書，本成交資訊係由買賣雙方提供屬實。2. 於民國115年4月30日有買受人與其配偶，直系血親或二親等內旁系血親之讓與，讓渡價格不變。預售屋、或土地及建物分件登記案件；,RPPTMLSLNHLGFFB56DA,69.71,0.0,3.57,有,
沙鹿區,房地(土地+建物)+車位,臺中市沙鹿區光明街２２０號十三樓之７,29.98,住,,,1121018,土地1建物1車位1,十三層,十五層,住宅大樓(11層含以上有電梯),住家用,鋼筋混凝土造,1150513,142.74,2,2,2,有,有,11110000,88342,坡道平面,32.26,1350000,預售屋、或土地及建物分件登記案件；,RPQTMLSLNHLGFFB66DA,70.46,0.0,3.57,有,
沙鹿區,房地(土地+建物)+車位,臺中市沙鹿區光明街２２０號十四樓之１,24.99,住,,,1121016,土地1建物1車位1,十四層,十五層,住宅大樓(11層含以上有電梯),住家用,鋼筋混凝土造,1150513,124.37,2,2,2,有,有,9180000,85007,坡道平面,32.26,1350000,1. 本申報書地政士僅受託買賣案件申請登記，並未代理撰擬不動產買賣契約書，本成交資訊係由買賣雙方提供屬實。2. 於民國115年4月15日有買受人與其配偶，直系血親或二親等內旁系血親之讓與，其讓渡價格不變。預售屋、或土地及建物分件登記案件；,RPSTMLSLNHLGFFB86DA,58.43,0.0,3.27,有,
沙鹿區,房地(土地+建物)+車位,臺中市沙鹿區光明街２２０號十四樓之３,29.21,住,,,1121016,土地1建物1車位1,十四層,十五層,住宅大樓(11層含以上有電梯),住家用,鋼筋混凝土造,1150513,139.98,1,2,2,有,有,10380000,83828,坡道平面,32.26,1350000,預售屋、或土地及建物分件登記案件；,RPWTMLSLNHLGFFB27DA,68.84,0.0,3.32,有,
沙鹿區,房地(土地+建物)+車位,臺中市沙鹿區光明街２２０號十四樓之７,29.98,住,,,1121014,土地1建物1車位1,十四層,十五層,住宅大樓(11層含以上有電梯),住家用,鋼筋混凝土造,1150513,142.74,3,2,2,有,有,10950000,86894,坡道平面,32.26,1350000,預售屋、或土地及建物分件登記案件；,RPPUMLSLNHLGFFB66DA,70.46,0.0,3.57,有,
沙鹿區,房地(土地+建物)+車位,臺中市沙鹿區光明街２２０號十五樓之１,25.02,住,,,1121023,土地1建物1車位1,十五層,十五層,住宅大樓(11層含以上有電梯),住家用,鋼筋混凝土造,1150513,124.37,2,2,2,有,有,9000000,83053,坡道平面,32.26,1350000,預售屋、或土地及建物分件登記案件；,RPRUMLSLNHLGFFB86DA,58.43,0.0,3.27,有,
沙鹿區,房地(土地+建物)+車位,臺中市沙鹿區光明街２２０號十五樓之７,30.0,住,,,1121024,土地1建物1車位1,十五層,十五層,住宅大樓(11層含以上有電梯),住家用,鋼筋混凝土造,1150513,142.74,3,2,2,有,有,10680000,84450,坡道平面,32.26,1350000,預售屋、或土地及建物分件登記案件；,RPWUMLSLNHLGFFB37DA,70.46,0.0,3.57,有,
沙鹿區,房地(土地+建物)+車位,臺中市沙鹿區光明街２２０號十樓之６,29.7,住,,,1121018,土地1建物1車位1,十層,十五層,住宅大樓(11層含以上有電梯),住家用,鋼筋混凝土造,1150513,159.04000000000002,3,2,2,有,有,10930000,87151,坡道平面,49.69,1400000,1. 本申報書地政士僅受託買賣案件申請登記，並未代理撰擬不動產買賣契約書，本成交資訊係由買賣雙方提供屬實。2. 第一次讓渡於民國114年2月14日原姊姊持有，改姊妹共同持有，其讓渡價格不變。3.第二次讓渡於民國115年4月21日原姊妹共同持有，改姊姊持有，讓渡價格不變預售屋、或土地及建物分件登記案件；,RPTNMLTLNHLGFFB09DA,69.71,0.0,3.57,有,
沙鹿區,房地(土地+建物)+車位,臺中市沙鹿區光明街２２０號十樓之７,29.98,住,,,1121020,土地1建物1車位1,十層,十五層,住宅大樓(11層含以上有電梯),住家用,鋼筋混凝土造,1150513,142.74,2,2,2,有,有,10800000,85536,坡道平面,32.26,1350000,預售屋、或土地及建物分件登記案件；,RPUNMLTLNHLGFFB56DA,70.46,0.0,3.57,有,
沙鹿區,房地(土地+建物)+車位,臺中市沙鹿區光明街２２０號三樓之７,29.98,住,,,1121029,土地1建物1車位1,三層,十五層,住宅大樓(11層含以上有電梯),住家用,鋼筋混凝土造,1150513,140.57999999999998,3,2,2,有,有,10400000,81908,坡道平面,30.09,1350000,預售屋、或土地及建物分件登記案件；,RPPNMLNJPHLGFFB08DA,70.46,0.0,3.57,有,
東勢區,房地(土地+建物),臺中市東勢區東關路六段２６２巷２７號,92.96,住,,,1121010,土地4建物1車位0,全,三層,透天厝,住家用,鋼筋混凝土造,1141023,163.37,4,2,3,有,有,12500000,76513,,0.0,0,未登記建物；預售屋、或土地及建物分件登記案件；,RPPNMLRKPHLGFGB68DA,151.64,0.0,11.73,無,
南區,房地(土地+建物)+車位,臺中市南區新華街１５８號二樓之８,19.38,都市：其他:第五種住宅區,,,1121014,土地3建物1車位1,二層,二十六層,住宅大樓(11層含以上有電梯),住家用,鋼筋混凝土造,1150528,170.51999999999998,3,2,2,有,有,21320000,142079,坡道平面,31.02,1500000,預售屋、或土地及建物分件登記案件；,RPVNMLSJPHLGFAB68DA,83.13,0.0,9.08,有,
西屯區,房地(土地+建物),臺中市西屯區市政北一路３３５號六樓之９,13.13,都市：其他:第六種新市政中心專用區,,,1121007,土地1建物1車位0,六層,三十七層,住宅大樓(11層含以上有電梯),住家用,鋼骨鋼筋混凝土造、鋼筋混凝土造,1150313,220.89,4,2,2,有,有,39250000,177690,,0.0,0,預售屋、或土地及建物分件登記案件；,RPURMLQKPHLGFCB09DA,121.99,9.81,15.48,有,
大里區,房地(土地+建物)+車位,臺中市大里區新芳路１７６號十樓之３,27.73,住,,,1121002,土地1建物1車位1,十層,十一層,住宅大樓(11層含以上有電梯),住家用,鋼筋混凝土造,1150503,163.81,3,2,2,有,有,17580000,127145,坡道平面,39.7,1800000,預售屋、或土地及建物分件登記案件；,RPTQMLQKOHLGFIB76DA,74.99,0.0,7.03,有,
大里區,房地(土地+建物)+車位,臺中市大里區新芳路１７６號九樓之２,27.46,住,,,1121002,土地1建物1車位1,九層,十一層,住宅大樓(11層含以上有電梯),住家用,鋼筋混凝土造,1150503,162.65,3,2,2,有,有,17460000,126556,坡道平面,39.7,1900000,預售屋、或土地及建物分件登記案件；,RPVRMLQKOHLGFIB07DA,73.98,0.0,7.3,有,
烏日區,房地(土地+建物)+車位,臺中市烏日區日新街５６巷１號六樓之１,32.86,住,,,1121015,土地1建物1車位1,六層,十一層,住宅大樓(11層含以上有電梯),住家用,鋼筋混凝土造,1150513,162.66,3,2,2,有,有,17260000,112543,坡道平面,25.29,1800000,預售屋、或土地及建物分件登記案件；,RPUNMLOJPHLGFIB98DA,81.97,0.0,7.52,有,
烏日區,房地(土地+建物)+車位,臺中市烏日區日新街５６巷１號十樓之１,32.86,住,,,1121007,土地1建物1車位2,十層,十一層,住宅大樓(11層含以上有電梯),住家用,鋼筋混凝土造,1150513,187.94,3,2,2,有,有,19570000,118448,坡道平面,50.58,3300000,預售屋、或土地及建物分件登記案件；,RPOOMLOJPHLGFIB48DA,81.97,0.0,7.52,有,
烏日區,房地(土地+建物)+車位,臺中市烏日區日新街５６巷１號七樓之３,29.99,住,,,1121019,土地1建物1車位1,七層,十一層,住宅大樓(11層含以上有電梯),住家用,鋼筋混凝土造,1150513,151.3,3,2,2,有,有,16650000,117848,坡道平面,25.29,1800000,預售屋、或土地及建物分件登記案件；,RPRPMLOJPHLGFIB88DA,74.98,0.0,7.13,有,
烏日區,房地(土地+建物)+車位,臺中市烏日區日新街５６巷３號六樓之５,29.73,住,,,1121029,土地1建物1車位1,六層,十一層,住宅大樓(11層含以上有電梯),住家用,鋼筋混凝土造,1150513,150.18,3,2,2,有,有,16490000,117624,坡道平面,25.29,1800000,預售屋、或土地及建物分件登記案件；,RPOTMLOJPHLGFIB98DA,73.8,0.0,7.58,有,
烏日區,房地(土地+建物)+車位,臺中市烏日區日新街５６巷１號六樓之３,29.99,住,,,1121004,土地1建物1車位2,六層,十一層,住宅大樓(11層含以上有電梯),住家用,鋼筋混凝土造,1150513,175.43,3,2,2,有,有,18060000,115546,坡道平面,49.42,3500000,預售屋、或土地及建物分件登記案件；,RPPOMLKKPHLGFIB28DA,74.98,0.0,7.13,有,
南區,房地(土地+建物)+車位,臺中市南區福田二街１８２號五樓之２,24.56,都市：其他:第三種住宅區。,,,1121023,土地2建物1車位1,五層,十五層,住宅大樓(11層含以上有電梯),住家用,鋼筋混凝土造,1150516,160.51999999999998,3,2,2,有,有,18180000,123529,坡道平面,27.11,1700000,預售屋、或土地及建物分件登記案件；,RPOOMLRLOHLGFAB08DA,80.4,0.0,7.51,有,
南區,房地(土地+建物)+車位,臺中市南區福田二街１８２號八樓之３,24.56,都市：其他:第三種住宅區。,,,1121004,土地2建物1車位1,八層,十五層,住宅大樓(11層含以上有電梯),住家用,鋼筋混凝土造,1150516,160.92000000000002,3,2,2,有,有,18500000,125551,坡道平面,27.11,1700000,預售屋、或土地及建物分件登記案件；,RPXOMLRLOHLGFAB98DA,80.03,0.0,8.14,有,
南區,房地(土地+建物)+車位,臺中市南區福田二街１８２號九樓之１,23.01,都市：其他:第三種住宅區。,,,1121031,土地2建物1車位2,九層,十五層,住宅大樓(11層含以上有電梯),住家用,鋼筋混凝土造,1150516,179.42000000000002,3,2,2,有,有,18480000,122843,坡道平面,54.22,3100000,預售屋、或土地及建物分件登記案件；,RPRPMLRLOHLGFAB48DA,75.82,0.0,6.68,有,
南區,房地(土地+建物)+車位,臺中市南區福田二街１８２號十樓之６,24.82,都市：其他:第三種住宅區。,,,1121012,土地2建物1車位2,十層,十五層,住宅大樓(11層含以上有電梯),住家用,鋼筋混凝土造,1150516,189.56,3,2,2,有,有,20280000,126940,坡道平面,54.22,3100000,預售屋、或土地及建物分件登記案件；,RPRQMLRLOHLGFAB58DA,81.85,0.0,7.29,有,
南區,房地(土地+建物)+車位,臺中市南區福田二街１７０號十一樓之６,30.25,都市：其他:第三種住宅區。,,,1121021,土地2建物1車位2,十一層,十五層,住宅大樓(11層含以上有電梯),住家用,鋼筋混凝土造,1150516,219.03,4,2,2,有,有,24330000,128815,坡道平面,54.22,3100000,預售屋、或土地及建物分件登記案件；,RPWWMLTLOHLGFAB27DA,98.24,0.0,10.29,有,
南區,房地(土地+建物)+車位,臺中市南區福田二街１７６號十一樓之７,24.56,都市：其他:第三種住宅區。,,,1121024,土地2建物1車位1,十一層,十五層,住宅大樓(11層含以上有電梯),住家用,鋼筋混凝土造,1150516,160.92000000000002,3,2,2,有,有,18950000,128914,坡道平面,27.11,1700000,預售屋、或土地及建物分件登記案件；,RPVSMLOJPHLGFAB78DA,80.03,0.0,8.14,有,
大甲區,房地(土地+建物)+車位,臺中市大甲區甲后路五段４５３巷８９號五樓之６,29.74,住,,,1121028,土地1建物1車位1,五層,九層,華廈(10層含以下有電梯),住家用,鋼筋混凝土造,1150313,121.53,3,2,2,有,有,9820000,84626,坡道機械,12.58,600000,預售屋、或土地及建物分件登記案件；,RPWNMLTLNHLGFEB66DA,68.1,0.0,6.41,有,
太平區,房地(土地+建物)+車位,臺中市太平區樹德五街１７號十樓之５,29.76,住,,,1121021,土地1建物1車位2,十層,十五層,住宅大樓(11層含以上有電梯),住家用,鋼筋混凝土造,1150512,208.75,3,2,2,有,有,18750000,117806,坡道平面,79.3,3500000,預售屋、或土地及建物分件登記案件；,RPUQMLKLPHLGFJB56DA,75.77,0.0,8.57,有,
沙鹿區,房地(土地+建物)+車位,臺中市沙鹿區東晉一街６１號二樓之６,35.01,住,,,1121022,土地1建物1車位1,二層,六層,華廈(10層含以下有電梯),住家用,鋼筋混凝土造,1150318,122.65,2,2,2,有,有,9400000,101093,坡道平面,43.02,1350000,預售屋、或土地及建物分件登記案件；,RPTOMLTLMHLGFFB09DA,46.62,0.0,6.03,有,
北屯區,房地(土地+建物)+車位,臺中市北屯區崇德二路二段２６６號十六樓之２,18.26,都市：其他:第一種商業區,,,1121031,土地1建物1車位1,十六層,二十二層,住宅大樓(11層含以上有電梯),住家用,鋼筋混凝土造,1150121,157.74,3,2,2,有,有,24880000,177235,坡道平面,29.21,2100000,預售屋、或土地及建物分件登記案件；,RPSNMLTLPHLGFBB78DA,76.53,0.0,8.48,有,
太平區,房地(土地+建物)+車位,臺中市太平區新平路三段２２７號五樓之７,23.64,都市：其他:住宅區,,,1121016,土地1建物1車位1,五層,十四層,住宅大樓(11層含以上有電梯),住家用,鋼筋混凝土造,1150527,119.31,2,2,1,有,有,11520000,113408,坡道平面,32.72,1700000,預售屋、或土地及建物分件登記案件；,RPSQMLQKOHLGFJB76DA,53.29,0.0,3.88,有,
太平區,房地(土地+建物)+車位,臺中市太平區新平路三段２２７號七樓之７,23.64,都市：其他:住宅區,,,1121018,土地1建物1車位1,七層,十四層,住宅大樓(11層含以上有電梯),住家用,鋼筋混凝土造,1150527,119.31,2,2,1,有,有,11680000,115256,坡道平面,32.72,1700000,預售屋、或土地及建物分件登記案件；,RPUQMLQKOHLGFJB96DA,53.29,0.0,3.88,有,
太平區,房地(土地+建物)+車位,臺中市太平區新平路三段２２７號六樓之８,29.88,都市：其他:住宅區,,,1121020,土地1建物1車位1,六層,十四層,住宅大樓(11層含以上有電梯),住家用,鋼筋混凝土造,1150527,142.29000000000002,3,2,2,有,有,14030000,112531,坡道平面,32.72,1700000,預售屋、或土地及建物分件登記案件；,RPTOMLSKOHLGFJB86DA,65.11,0.0,7.23,有,
太平區,房地(土地+建物)+車位,臺中市太平區新平路三段２２７號三樓之９,24.73,都市：其他:住宅區,,,1121015,土地1建物1車位1,三層,十四層,住宅大樓(11層含以上有電梯),住家用,鋼筋混凝土造,1150527,123.3,2,2,1,有,有,12210000,114374,坡道平面,32.72,1850000,預售屋、或土地及建物分件登記案件；,RPQNMLOKPHLGFJB78DA,55.92,0.0,3.88,有,
沙鹿區,房地(土地+建物)+車位,臺中市沙鹿區平等六街８９號五樓之１,31.09,住,,,1120920,土地1建物1車位1,五層,七層,華廈(10層含以下有電梯),住家用,鋼筋混凝土造,1150423,128.75,2,1,2,有,無,13250000,118349,坡道平面,33.27,1950000,預售屋、或土地及建物分件登記案件；,RPQTMLOJNHLGFFB68DA,58.85,0.0,3.85,有,
沙鹿區,房地(土地+建物),臺中市沙鹿區光明街２２０號,33.49,住,,,1120903,土地1建物1車位0,一層,十五層,住宅大樓(11層含以上有電梯),其他,鋼筋混凝土造,1150513,113.13,0,0,1,有,有,11000000,97233,,0.0,0,預售屋、或土地及建物分件登記案件；,RPTNMLQLNHLGFFB78DA,82.59,0.0,0.0,有,
沙鹿區,房地(土地+建物)+車位,臺中市沙鹿區光明街２２０號六樓之７,29.98,住,,,1120915,土地1建物1車位1,六層,十五層,住宅大樓(11層含以上有電梯),住家用,鋼筋混凝土造,1150513,142.74,3,2,2,有,有,10220000,81191,坡道平面,32.26,1250000,預售屋、或土地及建物分件登記案件；,RPSQMLSLNHLGFFB56DA,70.46,0.0,3.57,有,
沙鹿區,房地(土地+建物)+車位,臺中市沙鹿區光明街２２０號九樓之７,29.98,住,,,1120918,土地1建物1車位1,九層,十五層,住宅大樓(11層含以上有電梯),住家用,鋼筋混凝土造,1150513,140.57999999999998,3,2,2,有,有,10950000,87791,坡道平面,30.09,1250000,1. 本申報書地政士僅受託買賣案件申請登記，並未代理撰擬不動產買賣契約書，本成交資訊係由買賣雙方提供屬實。2. 於民國115年4月24日有買受人與其配偶，直系血親或二親等內旁系血親之讓渡，其讓渡價格不變。預售屋、或土地及建物分件登記案件；,RPTWMLSLNHLGFFB27DA,70.46,0.0,3.57,有,
豐原區,房地(土地+建物)+車位,臺中市豐原區豐原大道三段２３９巷１０８號七樓之１,19.44,都市：其他:第二種住宅區,,,1120905,土地1建物1車位1,七層,十四層,住宅大樓(11層含以上有電梯),住家用,鋼筋混凝土造,1150424,114.69999999999999,2,2,1,有,有,11120000,112541,坡道平面,32.33,1850000,預售屋、或土地及建物分件登記案件；,RPPUMLLKOHLGFDB38DA,50.84,0.0,3.6,有,
豐原區,房地(土地+建物)+車位,臺中市豐原區豐原大道三段２３９巷１０６號九樓之３,19.44,都市：其他:第二種住宅區,,,1120909,土地1建物1車位1,九層,十四層,住宅大樓(11層含以上有電梯),住家用,鋼筋混凝土造,1150424,114.69999999999999,2,2,1,有,有,11180000,112662,坡道平面,32.33,1900000,預售屋、或土地及建物分件登記案件；,RPTPMLMKOHLGFDB38DA,50.84,0.0,3.6,有,
豐原區,房地(土地+建物)+車位,臺中市豐原區豐原大道三段２３９巷１１０號九樓之３,26.2,都市：其他:第二種住宅區,,,1120923,土地1建物1車位1,九層,十四層,住宅大樓(11層含以上有電梯),住家用,鋼筋混凝土造,1150424,143.16,3,2,2,有,有,14600000,115943,坡道平面,32.33,1750000,預售屋、或土地及建物分件登記案件；,RPTQMLMKOHLGFDB48DA,68.26,0.0,4.99,有,
豐原區,房地(土地+建物)+車位,臺中市豐原區豐原大道三段２３９巷１０６號十樓之２,19.44,都市：其他:第二種住宅區,,,1120916,土地1建物1車位1,十層,十四層,住宅大樓(11層含以上有電梯),住家用,鋼筋混凝土造,1150424,114.69999999999999,2,2,1,有,有,11360000,115455,坡道平面,32.33,1850000,預售屋、或土地及建物分件登記案件；,RPQNMLOKOHLGFDB08DA,50.84,0.0,3.6,有,
南區,房地(土地+建物)+車位,臺中市南區新華街１５８號十二樓之１１,18.37,都市：其他:第五種住宅區,,,1120901,土地3建物1車位1,十二層,二十六層,住宅大樓(11層含以上有電梯),住家用,鋼筋混凝土造,1150528,162.36,3,2,2,有,有,20490000,144776,坡道平面,29.81,1300000,預售屋、或土地及建物分件登記案件；,RPQOMLTLOHLGFAB48DA,80.64,0.0,6.96,有,
南區,房地(土地+建物)+車位,臺中市南區新華街１５８號五樓之１１,18.37,都市：其他:第五種住宅區,,,1120915,土地3建物1車位1,五層,二十六層,住宅大樓(11層含以上有電梯),住家用,鋼筋混凝土造,1150528,163.57,3,2,2,有,有,20830000,142060,坡道平面,31.02,2000000,預售屋、或土地及建物分件登記案件；,RPQOMLSJPHLGFAB28DA,80.64,0.0,6.96,有,
南區,房地(土地+建物)+車位,臺中市南區新華街１５８號六樓之１１,18.37,都市：其他:第五種住宅區,,,1120913,土地3建物1車位1,六層,二十六層,住宅大樓(11層含以上有電梯),住家用,鋼筋混凝土造,1150528,163.57,3,2,2,有,有,21070000,142361,坡道平面,31.02,2200000,預售屋、或土地及建物分件登記案件；,RPROMLSJPHLGFAB38DA,80.64,0.0,6.96,有,
西屯區,房地(土地+建物)+車位,臺中市西屯區市政北一路３３５號十樓之２,11.49,都市：其他:第六種新市政中心專用區,,,1120927,土地1建物1車位1,十層,三十七層,住宅大樓(11層含以上有電梯),住家用,鋼骨鋼筋混凝土造、鋼筋混凝土造,1150313,210.7,4,2,2,有,有,38030000,184308,坡道平面,16.84,2300000,預售屋、或土地及建物分件登記案件；,RPSOMLKMOHLGFCB08DA,108.42,11.47,9.43,有,
大里區,房地(土地+建物)+車位,臺中市大里區新芳路１７６號二樓之２,28.8,住,,,1120915,土地1建物1車位1,二層,十一層,住宅大樓(11層含以上有電梯),住家用,鋼筋混凝土造,1150503,167.99,3,2,2,有,有,17800000,124328,坡道平面,39.7,1850000,預售屋、或土地及建物分件登記案件；,RPRNMLQKOHLGFIB88DA,75.01,0.0,9.51,有,
大里區,房地(土地+建物)+車位,臺中市大里區新芳路１７６號九樓之５,27.43,住,,,1120915,土地1建物1車位1,九層,十一層,住宅大樓(11層含以上有電梯),住家用,鋼筋混凝土造,1150503,162.60000000000002,3,2,2,有,有,17800000,127746,坡道平面,39.7,2100000,預售屋、或土地及建物分件登記案件；,RPQQMLQKOHLGFIB09DA,74.24,0.0,7.02,有,
烏日區,房地(土地+建物)+車位,臺中市烏日區日新街５６巷３號五樓之１,32.07,住,,,1120909,土地1建物1車位1,五層,十一層,住宅大樓(11層含以上有電梯),住家用,鋼筋混凝土造,1150513,160.49,3,2,2,有,有,16940000,113375,坡道平面,26.51,1750000,預售屋、或土地及建物分件登記案件；,RPVQMLOJPHLGFIB76DA,80.19,0.0,7.13,有,
烏日區,房地(土地+建物)+車位,臺中市烏日區日新街５６巷１號七樓之１,32.86,住,,,1120909,土地1建物1車位2,七層,十一層,住宅大樓(11層含以上有電梯),住家用,鋼筋混凝土造,1150513,187.94,3,2,2,有,有,18630000,110149,坡道平面,50.58,3500000,預售屋、或土地及建物分件登記案件；,RPTUMLOJPHLGFIB96DA,81.97,0.0,7.52,有,
大里區,房地(土地+建物)+車位,臺中市大里區新芳路１７６號二樓之１,27.46,住,,,1120915,土地1建物1車位1,二層,十一層,住宅大樓(11層含以上有電梯),住家用,鋼筋混凝土造,1150503,148.51,3,2,2,有,有,14980000,115360,坡道機械,25.59,800000,預售屋、或土地及建物分件登記案件；,RPUNMLRKPHLGFIB76DA,73.95,0.0,7.3,有,
南區,房地(土地+建物)+車位,臺中市南區福田二街１８２號四樓之１,23.01,都市：其他:第三種住宅區。,,,1120906,土地2建物1車位1,四層,十五層,住宅大樓(11層含以上有電梯),住家用,鋼筋混凝土造,1150516,152.31,3,2,2,有,有,16770000,120367,坡道平面,27.11,1700000,預售屋、或土地及建物分件登記案件；,RPVNMLRLOHLGFAB68DA,75.82,0.0,6.68,有,
南區,房地(土地+建物)+車位,臺中市南區福田二街１８０號八樓之５,30.25,都市：其他:第三種住宅區。,,,1120925,土地2建物1車位2,八層,十五層,住宅大樓(11層含以上有電梯),住家用,鋼筋混凝土造,1150516,219.03,4,2,2,有,有,23700000,124992,坡道平面,54.22,3100000,預售屋、或土地及建物分件登記案件；,RPVOMLRLOHLGFAB78DA,98.24,0.0,10.29,有,
南區,房地(土地+建物)+車位,臺中市南區福田二街１８２號九樓之２,24.56,都市：其他:第三種住宅區。,,,1120924,土地2建物1車位1,九層,十五層,住宅大樓(11層含以上有電梯),住家用,鋼筋混凝土造,1150516,160.51999999999998,3,2,2,有,有,18530000,126152,坡道平面,27.11,1700000,預售屋、或土地及建物分件登記案件；,RPSPMLRLOHLGFAB58DA,80.4,0.0,7.51,有,
南區,房地(土地+建物)+車位,臺中市南區福田二街１７０號十一樓之５,23.4,都市：其他:第三種住宅區。,,,1120913,土地2建物1車位1,十一層,十五層,住宅大樓(11層含以上有電梯),住家用,鋼筋混凝土造,1150516,154.31,3,2,2,有,有,17920000,127516,坡道平面,27.11,1700000,預售屋、或土地及建物分件登記案件；,RPRUMLRLOHLGFAB98DA,75.96,0.0,7.84,有,
太平區,房地(土地+建物)+車位,臺中市太平區樹德五街１７號六樓之５,29.76,住,,,1120901,土地1建物1車位1,六層,十五層,住宅大樓(11層含以上有電梯),住家用,鋼筋混凝土造,1150512,169.10000000000002,3,2,2,有,有,16050000,110854,坡道平面,39.65,1700000,預售屋、或土地及建物分件登記案件；,RPQQMLKLPHLGFJB78DA,75.77,0.0,8.57,有,
北屯區,房地(土地+建物)+車位,臺中市北屯區南興北一路１１８號十二樓之３,19.76,都市：其他:第二之一種住宅區,,,1120923,土地1建物1車位1,十二層,十七層,住宅大樓(11層含以上有電梯),住家用,鋼筋混凝土造,1150205,157.28,3,2,2,有,有,18950000,140210,坡道平面,34.25,1700000,預售屋、或土地及建物分件登記案件；,RPTNMLPLOHLGFBB38DA,73.02,0.0,7.57,有,
沙鹿區,房地(土地+建物)+車位,臺中市沙鹿區平等六街８７號三樓之２,25.22,住,,,1120802,土地1建物1車位1,三層,七層,華廈(10層含以下有電梯),住家用,鋼筋混凝土造,1150423,110.33,2,1,1,有,無,10220000,111212,坡道平面,33.27,1650000,預售屋、或土地及建物分件登記案件；,RPOQMLOJNHLGFFB18DA,46.79,0.0,3.83,有,
沙鹿區,房地(土地+建物)+車位,臺中市沙鹿區平等六街８７號六樓之１,37.28,住,,,1120811,土地1建物1車位1,六層,七層,華廈(10層含以下有電梯),住家用,鋼筋混凝土造,1150423,148.01999999999998,3,1,2,有,無,15080000,116166,坡道平面,33.27,1750000,預售屋、或土地及建物分件登記案件；,RPRUMLOJNHLGFFB88DA,71.44,0.0,3.94,有,
沙鹿區,房地(土地+建物)+車位,臺中市沙鹿區光明街２２０號四樓之３,29.21,住,,,1120801,土地1建物1車位1,四層,十五層,住宅大樓(11層含以上有電梯),住家用,鋼筋混凝土造,1150513,137.82,3,2,2,有,有,9700000,78437,坡道平面,30.09,1250000,預售屋、或土地及建物分件登記案件；,RPSOMLSLNHLGFFB98DA,68.84,0.0,3.32,有,
沙鹿區,房地(土地+建物)+車位,臺中市沙鹿區光明街２２０號三樓之３,29.21,住,,,1120823,土地1建物1車位1,三層,十五層,住宅大樓(11層含以上有電梯),住家用,鋼筋混凝土造,1150513,157.41,3,2,2,有,有,9950000,79837,坡道平面,49.69,1350000,1. 本申報書地政士僅受託買賣案件申請登記，並未代理撰擬不動產買賣契約書，本成交資訊係由買賣雙方提供屬實。2. 本件買賣於民國114年3月12日有買受人與其配偶，直系血親或二親等內旁系血親之讓渡，其讓渡價格不變。預售屋、或土地及建物分件登記案件；,RPWOMLSLNHLGFFB76DA,68.84,0.0,3.32,有,
沙鹿區,房地(土地+建物)+車位,臺中市沙鹿區光明街２２０號十二樓之８,21.63,住,,,1120823,土地1建物1車位1,十二層,十五層,住宅大樓(11層含以上有電梯),住家用,鋼筋混凝土造,1150513,112.03999999999999,1,2,1,有,有,7900000,83354,坡道平面,32.26,1250000,預售屋、或土地及建物分件登記案件；,RPPSMLSLNHLGFFB09DA,49.93,0.0,3.51,有,
沙鹿區,房地(土地+建物)+車位,臺中市沙鹿區光明街２２０號十五樓之８,21.66,住,,,1120829,土地1建物1車位1,十五層,十五層,住宅大樓(11層含以上有電梯),住家用,鋼筋混凝土造,1150513,112.03999999999999,2,2,1,有,有,7990000,83229,坡道平面,32.26,1350000,預售屋、或土地及建物分件登記案件；,RPXUMLSLNHLGFFB47DA,49.93,0.0,3.51,有,
沙鹿區,房地(土地+建物)+車位,臺中市沙鹿區光明街２２０號二樓之８,22.14,住,,,1120830,土地1建物1車位1,二層,十五層,住宅大樓(11層含以上有電梯),住家用,鋼筋混凝土造,1150513,113.83,2,2,1,有,有,7800000,80299,坡道平面,32.26,1250000,預售屋、或土地及建物分件登記案件；,RPOVMLSLNHLGFFB66DA,49.93,0.0,4.73,有,
沙鹿區,房地(土地+建物)+車位,臺中市沙鹿區光明街２２０號七樓之７,29.98,住,,,1120831,土地1建物1車位1,七層,十五層,住宅大樓(11層含以上有電梯),住家用,鋼筋混凝土造,1150513,142.74,2,2,2,有,有,10550000,83273,坡道平面,32.26,1350000,1. 本申報書地政士僅受託買賣案件申請登記，並未代理撰擬不動產買賣契約書，本成交資訊係由買賣雙方提供屬實。2. 於民國115年4月17日有買受人與其配偶，直系血親或二親等內旁系血親之讓渡，其讓渡價格不變。預售屋、或土地及建物分件登記案件；,RPQVMLSLNHLGFFB86DA,70.46,0.0,3.57,有,
沙鹿區,房地(土地+建物)+車位,臺中市沙鹿區光明街２２０號八樓之３,29.21,住,,,1120801,土地1建物1車位1,八層,十五層,住宅大樓(11層含以上有電梯),住家用,鋼筋混凝土造,1150513,139.98,3,2,2,有,有,10150000,81693,坡道平面,32.26,1350000,預售屋、或土地及建物分件登記案件；,RPUVMLSLNHLGFFB27DA,68.84,0.0,3.32,有,
沙鹿區,房地(土地+建物)+車位,臺中市沙鹿區光明街２２０號九樓之１,24.99,住,,,1120804,土地1建物1車位1,九層,十五層,住宅大樓(11層含以上有電梯),住家用,鋼筋混凝土造,1150513,124.37,2,2,2,有,有,9050000,83596,坡道平面,32.26,1350000,預售屋、或土地及建物分件登記案件；,RPOWMLSLNHLGFFB76DA,58.43,0.0,3.27,有,
沙鹿區,房地(土地+建物)+車位,臺中市沙鹿區平等六街８９號三樓之２,31.09,住,,,1120807,土地1建物1車位1,三層,七層,華廈(10層含以下有電梯),住家用,鋼筋混凝土造,1150423,128.75,2,1,2,有,無,12670000,113322,坡道平面,33.27,1850000,預售屋、或土地及建物分件登記案件；,RPROMLRJPHLGFFB78DA,58.85,0.0,3.85,有,
沙鹿區,房地(土地+建物)+車位,臺中市沙鹿區平等六街８９號三樓之６,27.41,住,,,1120826,土地1建物1車位1,三層,七層,華廈(10層含以下有電梯),住家用,鋼筋混凝土造,1150423,117.69,2,1,1,有,無,11450000,114902,坡道平面,33.27,1750000,預售屋、或土地及建物分件登記案件；,RPSOMLRJPHLGFFB88DA,52.33,0.0,3.13,有,
豐原區,房地(土地+建物)+車位,臺中市豐原區豐原大道三段２３９巷１０８號三樓之６,17.75,都市：其他:第二種住宅區,,,1120823,土地1建物1車位1,三層,十四層,住宅大樓(11層含以上有電梯),住家用,鋼筋混凝土造,1150424,107.31,2,2,1,有,有,9700000,108029,坡道平面,32.33,1600000,預售屋、或土地及建物分件登記案件；,RPVPMLTJOHLGFDB56DA,45.95,0.0,3.6,有,
豐原區,房地(土地+建物)+車位,臺中市豐原區豐原大道三段２３９巷１０６號五樓之３,19.44,都市：其他:第二種住宅區,,,1120826,土地1建物1車位1,五層,十四層,住宅大樓(11層含以上有電梯),住家用,鋼筋混凝土造,1150424,114.69999999999999,2,2,1,有,有,10880000,110234,坡道平面,32.33,1800000,預售屋、或土地及建物分件登記案件；,RPPPMLLKOHLGFDB87DA,50.84,0.0,3.6,有,
豐原區,房地(土地+建物)+車位,臺中市豐原區豐原大道三段２３９巷１０６號七樓之５,17.75,都市：其他:第二種住宅區,,,1120816,土地1建物1車位1,七層,十四層,住宅大樓(11層含以上有電梯),住家用,鋼筋混凝土造,1150424,107.31,2,2,1,有,有,10090000,111230,坡道平面,32.33,1750000,預售屋、或土地及建物分件登記案件；,RPWTMLLKOHLGFDB98DA,45.95,0.0,3.6,有,
豐原區,房地(土地+建物)+車位,臺中市豐原區豐原大道三段２３９巷１１０號九樓之１,28.31,都市：其他:第二種住宅區,,,1120826,土地1建物1車位2,九層,十四層,住宅大樓(11層含以上有電梯),住家用,鋼筋混凝土造,1150424,184.6,3,2,2,有,有,17750000,116308,坡道平面,64.66,3800000,113年5月26日增購車位新台幣190萬元正。預售屋、或土地及建物分件登記案件；,RPSQMLMKOHLGFDB38DA,71.65,0.0,7.62,有,
大里區,房地(土地+建物)+車位,臺中市大里區新芳路１７６號四樓之５,27.43,住,,,1120814,土地1建物1車位1,四層,十一層,住宅大樓(11層含以上有電梯),住家用,鋼筋混凝土造,1150503,148.49,3,2,2,有,有,15080000,116192,坡道機械,25.59,800000,預售屋、或土地及建物分件登記案件；,RPPOMLQKOHLGFIB78DA,74.24,0.0,7.02,有,
烏日區,房地(土地+建物)+車位,臺中市烏日區日新街５６巷１號三樓之３,29.99,住,,,1120813,土地1建物1車位1,三層,十一層,住宅大樓(11層含以上有電梯),住家用,鋼筋混凝土造,1150513,151.3,3,2,2,有,有,14680000,103801,坡道平面,25.29,1600000,預售屋、或土地及建物分件登記案件；,RPPPMLOJPHLGFIB68DA,74.98,0.0,7.13,有,
烏日區,房地(土地+建物)+車位,臺中市烏日區日新街５６巷１號三樓之５,29.99,住,,,1120824,土地1建物1車位1,三層,十一層,住宅大樓(11層含以上有電梯),住家用,鋼筋混凝土造,1150513,151.3,3,2,2,有,有,14900000,105547,坡道平面,25.29,1600000,預售屋、或土地及建物分件登記案件；,RPWPMLOJPHLGFIB76DA,74.98,0.0,7.13,有,
烏日區,房地(土地+建物)+車位,臺中市烏日區日新街５６巷３號五樓之２,32.07,住,,,1120814,土地1建物1車位1,五層,十一層,住宅大樓(11層含以上有電梯),住家用,鋼筋混凝土造,1150513,160.62,3,2,2,有,有,16930000,113936,坡道平面,26.51,1650000,預售屋、或土地及建物分件登記案件；,RPTRMLOJPHLGFIB66DA,80.26,0.0,7.13,有,
南區,房地(土地+建物)+車位,臺中市南區福田二街１８０號六樓之７,23.14,都市：其他:第三種住宅區。,,,1120813,土地2建物1車位1,六層,十五層,住宅大樓(11層含以上有電梯),住家用,鋼筋混凝土造,1150516,153.36,3,2,2,有,有,17160000,123248,坡道平面,27.11,1600000,預售屋、或土地及建物分件登記案件；,RPROMLRLOHLGFAB38DA,76.81,0.0,6.33,有,
南區,房地(土地+建物)+車位,臺中市南區福田二街１７６號十樓之７,24.56,都市：其他:第三種住宅區。,,,1120826,土地2建物1車位2,十層,十五層,住宅大樓(11層含以上有電梯),住家用,鋼筋混凝土造,1150516,188.03,3,2,2,有,有,20280000,128391,坡道平面,54.22,3100000,預售屋、或土地及建物分件登記案件；,RPSQMLRLOHLGFAB68DA,80.03,0.0,8.14,有,
南區,房地(土地+建物)+車位,臺中市南區福田二街１８２號十一樓之３,24.56,都市：其他:第三種住宅區。,,,1120815,土地2建物1車位1,十一層,十五層,住宅大樓(11層含以上有電梯),住家用,鋼筋混凝土造,1150516,160.92000000000002,3,2,2,有,有,18650000,127419,坡道平面,27.11,1600000,預售屋、或土地及建物分件登記案件；,RPUQMLRLOHLGFAB88DA,80.03,0.0,8.14,有,
南區,房地(土地+建物)+車位,臺中市南區福田二街１７０號十五樓之６,30.25,都市：其他:第三種住宅區。,,,1120827,土地2建物1車位2,十五層,十五層,住宅大樓(11層含以上有電梯),住家用,鋼筋混凝土造,1150516,219.03,4,2,2,有,有,24830000,130635,坡道平面,54.22,3300000,115年2月2日權利讓渡預售屋、或土地及建物分件登記案件；,RPUUMLRLOHLGFAB66DA,98.24,0.0,10.29,有,
沙鹿區,房地(土地+建物)+車位,臺中市沙鹿區光明街２２０號四樓之６,29.7,住,,,1120728,土地1建物1車位1,四層,十五層,住宅大樓(11層含以上有電梯),住家用,鋼筋混凝土造,1150513,141.61,3,2,2,有,有,9660000,76909,坡道平面,32.26,1250000,預售屋、或土地及建物分件登記案件；,RPVOMLSLNHLGFFB66DA,69.71,0.0,3.57,有,
沙鹿區,房地(土地+建物)+車位,臺中市沙鹿區光明街２２０號四樓之８,21.63,住,,,1120704,土地1建物1車位1,四層,十五層,住宅大樓(11層含以上有電梯),住家用,鋼筋混凝土造,1150513,112.03999999999999,2,2,1,有,有,7450000,77714,坡道平面,32.26,1250000,預售屋、或土地及建物分件登記案件；,RPQPMLSLNHLGFFB88DA,49.93,0.0,3.51,有,
豐原區,房地(土地+建物)+車位,臺中市豐原區豐原大道三段２３９巷１０６號九樓之２,19.44,都市：其他:第二種住宅區,,,1120715,土地1建物1車位1,九層,十四層,住宅大樓(11層含以上有電梯),住家用,鋼筋混凝土造,1150424,114.69999999999999,2,2,1,有,有,11320000,114969,坡道平面,32.33,1850000,預售屋、或土地及建物分件登記案件；,RPSPMLMKOHLGFDB28DA,50.84,0.0,3.6,有,
南區,房地(土地+建物)+車位,臺中市南區新華街１５８號十六樓之９,18.06,都市：其他:第五種住宅區,,,1120723,土地3建物1車位1,十六層,二十六層,住宅大樓(11層含以上有電梯),住家用,鋼筋混凝土造,1150528,159.13,3,2,2,有,有,21500000,148644,坡道平面,29.29,2200000,預售屋、或土地及建物分件登記案件；,RPXVMLQLOHLGFAB96DA,77.1,0.0,8.65,有,
南區,房地(土地+建物)+車位,臺中市南區新華街１５８號二十五樓之１２,17.74,都市：其他:第五種住宅區,,,1120701,土地3建物1車位2,二十五層,二十六層,住宅大樓(11層含以上有電梯),住家用,鋼筋混凝土造,1150528,188.44,3,2,2,有,有,23510000,153671,坡道平面,60.83,3900000,預售屋、或土地及建物分件登記案件；,RPUOMLSJPHLGFAB68DA,76.68,0.0,7.71,有,
大里區,房地(土地+建物)+車位,臺中市大里區新芳路１７６號十一樓之２,27.46,住,,,1120723,土地1建物1車位1,十一層,十一層,住宅大樓(11層含以上有電梯),住家用,鋼筋混凝土造,1150503,162.68,3,2,2,有,有,17580000,126687,坡道平面,39.7,2000000,預售屋、或土地及建物分件登記案件；,RPWQMLQKOHLGFIB07DA,73.98,0.0,7.3,有,
烏日區,房地(土地+建物)+車位,臺中市烏日區日新街５６巷３號三樓之３,29.73,住,,,1120710,土地1建物1車位1,三層,十一層,住宅大樓(11層含以上有電梯),住家用,鋼筋混凝土造,1150513,150.18,3,2,2,有,有,15000000,105693,坡道平面,25.29,1800000,預售屋、或土地及建物分件登記案件；,RPPSMLOJPHLGFIB98DA,73.8,0.0,7.58,有,
烏日區,房地(土地+建物)+車位,臺中市烏日區日新街５６巷１號四樓之３,29.99,住,,,1120706,土地1建物1車位1,四層,十一層,住宅大樓(11層含以上有電梯),住家用,鋼筋混凝土造,1150513,151.3,3,2,2,有,有,15380000,107769,坡道平面,25.29,1800000,預售屋、或土地及建物分件登記案件；,RPPUMLOJPHLGFIB56DA,74.98,0.0,7.13,有,
北屯區,房地(土地+建物)+車位,臺中市北屯區豐樂北二路５０７號七樓之３,37.72,都市：其他:第一之一種住宅區,,,1120605,土地2建物1車位1,七層,二十二層,住宅大樓(11層含以上有電梯),住家用,鋼筋混凝土造,1150126,168.59,3,2,2,有,有,26060000,176063,坡道平面,33.07,2200000,權利讓渡金額:新台幣貳仟陸佰零伍萬玖仟元整權利讓渡日期:115/03/30預售屋、或土地及建物分件登記案件；,RPSOMLNKPHLGFBB18DA,79.09,0.0,10.3,有,
北屯區,房地(土地+建物)+車位,臺中市北屯區豐樂北二路５０７號十二樓之３,37.72,都市：其他:第一之一種住宅區,,,1120612,土地2建物1車位1,十二層,二十二層,住宅大樓(11層含以上有電梯),住家用,鋼筋混凝土造,1150126,168.59,3,2,2,有,有,26700000,178571,坡道平面,33.07,2500000,權利讓渡日期:114/11/27預售屋、或土地及建物分件登記案件；,RPTOMLNKPHLGFBB28DA,79.09,0.0,10.3,有,
沙鹿區,房地(土地+建物)+車位,臺中市沙鹿區平等六街８７號六樓之９,37.28,住,,,1120630,土地1建物1車位1,六層,七層,華廈(10層含以下有電梯),住家用,鋼筋混凝土造,1150423,148.01999999999998,3,1,2,有,無,14500000,111111,坡道平面,33.27,1750000,預售屋、或土地及建物分件登記案件；,RPWUMLOJNHLGFFB76DA,71.44,0.0,3.94,有,
沙鹿區,房地(土地+建物)+車位,臺中市沙鹿區光明街２２０號二樓之２,21.78,住,,,1120628,土地1建物1車位1,二層,十五層,住宅大樓(11層含以上有電梯),住家用,鋼筋混凝土造,1150513,112.67,2,2,1,有,有,7430000,78100,坡道平面,32.26,1150000,預售屋、或土地及建物分件登記案件；,RPPOMLRLNHLGFFB58DA,49.56,0.0,4.32,有,
沙鹿區,房地(土地+建物)+車位,臺中市沙鹿區光明街２２０號四樓之５,22.11,住,,,1120614,土地1建物1車位1,四層,十五層,住宅大樓(11層含以上有電梯),住家用,鋼筋混凝土造,1150513,113.85,2,2,1,有,有,7500000,77828,坡道平面,32.26,1150000,1. 本申報書地政士僅受託買賣案件申請登記，並未代理撰擬不動產買賣契約書，本成交資訊係由買賣雙方提供屬實。2. 本件買賣於民國115年4 月9日讓渡 ，總價為新台幣 750萬元整。預售屋、或土地及建物分件登記案件；,RPUOMLSLNHLGFFB56DA,50.97,0.0,3.71,有,
沙鹿區,房地(土地+建物)+車位,臺中市沙鹿區光明街２２０號五樓之１,24.99,住,,,1120608,土地1建物1車位1,五層,十五層,住宅大樓(11層含以上有電梯),住家用,鋼筋混凝土造,1150513,124.37,2,2,2,有,有,8550000,80339,坡道平面,32.26,1150000,1. 本申報書地政士僅受託買賣案件申請登記，並未代理撰擬不動產買賣契約書，本成交資訊係由買賣雙方提供屬實。2. 於民國115年4 月16日有買受人與其配偶，直系血親或二親等內旁系血親之讓渡，其讓渡價格不變。預售屋、或土地及建物分件登記案件；,RPRPMLSLNHLGFFB98DA,58.43,0.0,3.27,有,
沙鹿區,房地(土地+建物)+車位,臺中市沙鹿區光明街２２０號五樓之２,21.3,住,,,1120625,土地1建物1車位1,五層,十五層,住宅大樓(11層含以上有電梯),住家用,鋼筋混凝土造,1150513,111.07,2,2,1,有,有,7190000,76640,坡道平面,32.26,1150000,1. 本申報書地政士僅受託買賣案件申請登記，並未代理撰擬不動產買賣契約書，本成交資訊係由買賣雙方提供屬實。2. 於民國115年 4月16日有買受人與其配偶，直系血親或二親等內旁系血親之讓渡，其讓渡價格不變。預售屋、或土地及建物分件登記案件；,RPSPMLSLNHLGFFB09DA,49.56,0.0,3.23,有,
沙鹿區,房地(土地+建物)+車位,臺中市沙鹿區光明街２２０號五樓之７,29.98,住,,,1120613,土地1建物1車位1,五層,十五層,住宅大樓(11層含以上有電梯),住家用,鋼筋混凝土造,1150513,142.74,3,2,2,有,有,9980000,79924,坡道平面,32.26,1150000,預售屋、或土地及建物分件登記案件；,RPVPMLSLNHLGFFB76DA,70.46,0.0,3.57,有,
沙鹿區,房地(土地+建物)+車位,臺中市沙鹿區光明街２２０號六樓之１,24.99,住,,,1120615,土地1建物1車位1,六層,十五層,住宅大樓(11層含以上有電梯),住家用,鋼筋混凝土造,1150513,124.37,2,2,2,有,有,8640000,80230,坡道平面,32.26,1250000,預售屋、或土地及建物分件登記案件；,RPWPMLSLNHLGFFB86DA,58.43,0.0,3.27,有,
沙鹿區,房地(土地+建物)+車位,臺中市沙鹿區光明街２２０號六樓之２,21.3,住,,,1120604,土地1建物1車位1,六層,十五層,住宅大樓(11層含以上有電梯),住家用,鋼筋混凝土造,1150513,111.07,2,2,1,有,有,7290000,77909,坡道平面,32.26,1150000,1. 本申報書地政士僅受託買賣案件申請登記，並未代理撰擬不動產買賣契約書，本成交資訊係由買賣雙方提供屬實。2. 本件買賣於民國115年3月17日讓渡 ，總價為新台幣 729 萬元整。3. 於民國115年4月17日有買受人與其配偶，直系血親或二親等內旁系血親之讓渡，其讓渡價格不變。預售屋、或土地及建物分件登記案件；,RPXPMLSLNHLGFFB96DA,49.56,0.0,3.23,有,
沙鹿區,房地(土地+建物)+車位,臺中市沙鹿區光明街２２０號六樓之３,29.21,住,,,1120628,土地1建物1車位1,六層,十五層,住宅大樓(11層含以上有電梯),住家用,鋼筋混凝土造,1150513,139.98,2,2,2,有,有,9820000,80486,坡道平面,32.26,1150000,預售屋、或土地及建物分件登記案件；,RPPQMLSLNHLGFFB88DA,68.84,0.0,3.32,有,
沙鹿區,房地(土地+建物)+車位,臺中市沙鹿區光明街２２０號六樓之５,22.11,住,,,1120629,土地1建物1車位1,六層,十五層,住宅大樓(11層含以上有電梯),住家用,鋼筋混凝土造,1150513,113.85,2,2,1,有,有,7600000,77828,坡道平面,32.26,1250000,1. 本申報書地政士僅受託買賣案件申請登記，並未代理撰擬不動產買賣契約書，本成交資訊係由買賣雙方提供屬實。2. 本件買賣於民國113年 7月4日讓渡 ，總價為新台幣 835萬元整。預售屋、或土地及建物分件登記案件；,RPQQMLSLNHLGFFB98DA,50.97,0.0,3.71,有,
沙鹿區,房地(土地+建物)+車位,臺中市沙鹿區光明街２２０號六樓之８,21.63,住,,,1120616,土地1建物1車位1,六層,十五層,住宅大樓(11層含以上有電梯),住家用,鋼筋混凝土造,1150513,112.03999999999999,2,2,1,有,有,7480000,79343,坡道平面,32.26,1150000,1. 本申報書地政士僅受託買賣案件申請登記，並未代理撰擬不動產買賣契約書，本成交資訊係由買賣雙方提供屬實。2. 本件買賣於民國115年 1月5日讓渡 ，總價為新台幣 748 萬元整。預售屋、或土地及建物分件登記案件；,RPTQMLSLNHLGFFB66DA,49.93,0.0,3.51,有,
沙鹿區,房地(土地+建物)+車位,臺中市沙鹿區光明街２２０號七樓之１,24.99,住,,,1120628,土地1建物1車位1,七層,十五層,住宅大樓(11層含以上有電梯),住家用,鋼筋混凝土造,1150513,124.37,2,2,2,有,有,8800000,81967,坡道平面,32.26,1250000,預售屋、或土地及建物分件登記案件；,RPUQMLSLNHLGFFB76DA,58.43,0.0,3.27,有,
沙鹿區,房地(土地+建物)+車位,臺中市沙鹿區光明街２２０號七樓之２,21.3,住,,,1120627,土地1建物1車位1,七層,十五層,住宅大樓(11層含以上有電梯),住家用,鋼筋混凝土造,1150513,111.07,2,2,1,有,有,7340000,78543,坡道平面,32.26,1150000,1. 本申報書地政士僅受託買賣案件申請登記，並未代理撰擬不動產買賣契約書，本成交資訊係由買賣雙方提供屬實。2. 本件買賣於民國113年11月25日讓渡 ，總價為新台幣 734 萬元整。預售屋、或土地及建物分件登記案件；,RPVQMLSLNHLGFFB86DA,49.56,0.0,3.23,有,
沙鹿區,房地(土地+建物)+車位,臺中市沙鹿區光明街２２０號七樓之３,29.24,住,,,1120608,土地1建物1車位1,七層,十五層,住宅大樓(11層含以上有電梯),住家用,鋼筋混凝土造,1150513,139.98,3,2,2,有,有,9950000,80765,坡道平面,32.26,1250000,預售屋、或土地及建物分件登記案件；,RPORMLSLNHLGFFB88DA,68.84,0.0,3.32,有,
沙鹿區,房地(土地+建物)+車位,臺中市沙鹿區光明街２２０號十二樓之１,24.99,住,,,1120626,土地1建物1車位1,十二層,十五層,住宅大樓(11層含以上有電梯),住家用,鋼筋混凝土造,1150513,124.37,2,2,2,有,有,8920000,83270,坡道平面,32.26,1250000,1. 本申報書地政士僅受託買賣案件申請登記，並未代理撰擬不動產買賣契約書，本成交資訊係由買賣雙方提供屬實。2. 本件買賣於民國113年4月20日讓渡 ，總價為新台幣 935萬元整。預售屋、或土地及建物分件登記案件；,RPTRMLSLNHLGFFB76DA,58.43,0.0,3.27,有,
沙鹿區,房地(土地+建物)+車位,臺中市沙鹿區光明街２２０號十二樓之２,21.3,住,,,1120612,土地1建物1車位1,十二層,十五層,住宅大樓(11層含以上有電梯),住家用,鋼筋混凝土造,1150513,111.07,2,2,1,有,有,7540000,81081,坡道平面,32.26,1150000,預售屋、或土地及建物分件登記案件；,RPURMLSLNHLGFFB86DA,49.56,0.0,3.23,有,
沙鹿區,房地(土地+建物)+車位,臺中市沙鹿區光明街２２０號十二樓之３,29.21,住,,,1120612,土地1建物1車位1,十二層,十五層,住宅大樓(11層含以上有電梯),住家用,鋼筋混凝土造,1150513,139.98,3,2,2,有,有,10150000,82622,坡道平面,32.26,1250000,預售屋、或土地及建物分件登記案件；,RPVRMLSLNHLGFFB96DA,68.84,0.0,3.32,有,
沙鹿區,房地(土地+建物)+車位,臺中市沙鹿區光明街２２０號十二樓之５,22.11,住,,,1120627,土地1建物1車位1,十二層,十五層,住宅大樓(11層含以上有電梯),住家用,鋼筋混凝土造,1150513,113.85,2,2,1,有,有,7950000,83344,坡道平面,32.26,1150000,預售屋、或土地及建物分件登記案件；,RPWRMLSLNHLGFFB07DA,50.97,0.0,3.71,有,
沙鹿區,房地(土地+建物)+車位,臺中市沙鹿區光明街２２０號十三樓之５,22.11,住,,,1120626,土地1建物1車位1,十三層,十五層,住宅大樓(11層含以上有電梯),住家用,鋼筋混凝土造,1150513,113.85,2,2,1,有,有,7990000,83834,坡道平面,32.26,1150000,預售屋、或土地及建物分件登記案件；,RPTSMLSLNHLGFFB86DA,50.97,0.0,3.71,有,
沙鹿區,房地(土地+建物)+車位,臺中市沙鹿區光明街２２０號十四樓之５,22.11,住,,,1120630,土地1建物1車位1,十四層,十五層,住宅大樓(11層含以上有電梯),住家用,鋼筋混凝土造,1150513,113.85,2,2,1,有,有,7950000,82118,坡道平面,32.26,1250000,預售屋、或土地及建物分件登記案件；,RPXTMLSLNHLGFFB37DA,50.97,0.0,3.71,有,
沙鹿區,房地(土地+建物)+車位,臺中市沙鹿區光明街２２０號十四樓之８,21.63,住,,,1120630,土地1建物1車位1,十四層,十五層,住宅大樓(11層含以上有電梯),住家用,鋼筋混凝土造,1150513,112.03999999999999,2,2,1,有,有,7650000,81474,坡道平面,32.26,1150000,預售屋、或土地及建物分件登記案件；,RPQUMLSLNHLGFFB76DA,49.93,0.0,3.51,有,
沙鹿區,房地(土地+建物)+車位,臺中市沙鹿區光明街２２０號十五樓之２,21.3,住,,,1120620,土地1建物1車位1,十五層,十五層,住宅大樓(11層含以上有電梯),住家用,鋼筋混凝土造,1150513,111.07,2,2,1,有,有,7420000,79558,坡道平面,32.26,1150000,1. 本申報書地政士僅受託買賣案件申請登記，並未代理撰擬不動產買賣契約書，本成交資訊係由買賣雙方提供屬實。2. 於民國115年4月23日有買受人與其配偶，直系血親或二親等內旁系血親之讓與，其讓渡價格不變。預售屋、或土地及建物分件登記案件；,RPSUMLSLNHLGFFB96DA,49.56,0.0,3.23,有,
沙鹿區,房地(土地+建物)+車位,臺中市沙鹿區光明街２２０號八樓之１,24.99,住,,,1120629,土地1建物1車位1,八層,十五層,住宅大樓(11層含以上有電梯),住家用,鋼筋混凝土造,1150513,124.37,2,2,2,有,有,8710000,82076,坡道平面,32.26,1150000,1. 本申報書地政士僅受託買賣案件申請登記，並未代理撰擬不動產買賣契約書，本成交資訊係由買賣雙方提供屬實。2. 於民國115年4月24日有買受人與其配偶，直系血親或二親等內旁系血親之讓渡，其讓渡價格不變。預售屋、或土地及建物分件登記案件；,RPSVMLSLNHLGFFB07DA,58.43,0.0,3.27,有,
沙鹿區,房地(土地+建物)+車位,臺中市沙鹿區光明街２２０號八樓之８,21.63,住,,,1120615,土地1建物1車位1,八層,十五層,住宅大樓(11層含以上有電梯),住家用,鋼筋混凝土造,1150513,112.03999999999999,2,2,1,有,有,7530000,79970,坡道平面,32.26,1150000,預售屋、或土地及建物分件登記案件；,RPXVMLSLNHLGFFB57DA,49.93,0.0,3.51,有,
沙鹿區,房地(土地+建物)+車位,臺中市沙鹿區光明街２２０號九樓之２,21.3,住,,,1120630,土地1建物1車位1,九層,十五層,住宅大樓(11層含以上有電梯),住家用,鋼筋混凝土造,1150513,111.07,2,2,1,有,有,7460000,80066,坡道平面,32.26,1150000,1. 本申報書地政士僅受託買賣案件申請登記，並未代理撰擬不動產買賣契約書，本成交資訊係由買賣雙方提供屬實。2. 本件買賣於民國113年1月30日讓渡 ，總價為新台幣 790萬元整。預售屋、或土地及建物分件登記案件；,RPPWMLSLNHLGFFB86DA,49.56,0.0,3.23,有,
沙鹿區,房地(土地+建物)+車位,臺中市沙鹿區光明街２２０號九樓之５,22.11,住,,,1120612,土地1建物1車位1,九層,十五層,住宅大樓(11層含以上有電梯),住家用,鋼筋混凝土造,1150513,113.85,2,2,1,有,有,7820000,81750,坡道平面,32.26,1150000,1. 本申報書地政士僅受託買賣案件申請登記，並未代理撰擬不動產買賣契約書，本成交資訊係由買賣雙方提供屬實。2. 本件買賣於民國113年11月20日讓渡 ，總價為新台幣 832 萬元整。3. 於民國115年 4月17日有買受人與其配偶，直系血親或二親等內旁系血親讓渡，讓渡價格不變。預售屋、或土地及建物分件登記案件；,RPRWMLSLNHLGFFB07DA,50.97,0.0,3.71,有,
沙鹿區,房地(土地+建物)+車位,臺中市沙鹿區光明街２２０號九樓之６,29.7,住,,,1120630,土地1建物1車位1,九層,十五層,住宅大樓(11層含以上有電梯),住家用,鋼筋混凝土造,1150513,141.61,2,2,2,有,有,10250000,82305,坡道平面,32.26,1250000,預售屋、或土地及建物分件登記案件；,RPSWMLSLNHLGFFB17DA,69.71,0.0,3.57,有,
沙鹿區,房地(土地+建物)+車位,臺中市沙鹿區光明街２２０號九樓之８,21.63,住,,,1120630,土地1建物1車位1,九層,十五層,住宅大樓(11層含以上有電梯),住家用,鋼筋混凝土造,1150513,112.03999999999999,2,2,1,有,有,7630000,81223,坡道平面,32.26,1150000,預售屋、或土地及建物分件登記案件；,RPVWMLSLNHLGFFB47DA,49.93,0.0,3.51,有,
沙鹿區,房地(土地+建物)+車位,臺中市沙鹿區光明街２２０號十樓之２,21.3,住,,,1120625,土地1建物1車位1,十層,十五層,住宅大樓(11層含以上有電梯),住家用,鋼筋混凝土造,1150513,111.07,2,2,1,有,有,7680000,82858,坡道平面,32.26,1150000,1. 本申報書地政士僅受託買賣案件申請登記，並未代理撰擬不動產買賣契約書，本成交資訊係由買賣雙方提供屬實。2. 本件買賣於民國113年2月25日讓渡 ，總價為新台幣 820 萬元整。預售屋、或土地及建物分件登記案件；,RPQNMLTLNHLGFFB78DA,49.56,0.0,3.23,有,
沙鹿區,房地(土地+建物)+車位,臺中市沙鹿區光明街２２０號十樓之３,29.21,住,,,1120615,土地1建物1車位1,十層,十五層,住宅大樓(11層含以上有電梯),住家用,鋼筋混凝土造,1150513,139.98,3,2,2,有,有,10200000,84014,坡道平面,32.26,1150000,1. 本申報書地政士僅受託買賣案件申請登記，並未代理撰擬不動產買賣契約書，本成交資訊係由買賣雙方提供屬實。2. 於民國115年 4月16日有買受人與其配偶，直系血親或二親等內旁系血親之讓渡，其讓渡價格不變。預售屋、或土地及建物分件登記案件；,RPRNMLTLNHLGFFB88DA,68.84,0.0,3.32,有,
沙鹿區,房地(土地+建物)+車位,臺中市沙鹿區光明街２２０號十樓之５,22.11,住,,,1120617,土地1建物1車位1,十層,十五層,住宅大樓(11層含以上有電梯),住家用,鋼筋混凝土造,1150513,113.85,2,2,1,有,有,7900000,82731,坡道平面,32.26,1150000,預售屋、或土地及建物分件登記案件；,RPSNMLTLNHLGFFB98DA,50.97,0.0,3.71,有,
沙鹿區,房地(土地+建物)+車位,臺中市沙鹿區光明街２２０號十樓之８,21.63,住,,,1120629,土地1建物1車位1,十層,十五層,住宅大樓(11層含以上有電梯),住家用,鋼筋混凝土造,1150513,112.03999999999999,2,2,1,有,有,7760000,82853,坡道平面,32.26,1150000,預售屋、或土地及建物分件登記案件；,RPVNMLTLNHLGFFB66DA,49.93,0.0,3.51,有,
沙鹿區,房地(土地+建物)+車位,臺中市沙鹿區光明街２２０號十一樓之２,21.3,住,,,1120612,土地1建物1車位1,十一層,十五層,住宅大樓(11層含以上有電梯),住家用,鋼筋混凝土造,1150513,111.07,2,2,1,有,有,7500000,80574,坡道平面,32.26,1150000,預售屋、或土地及建物分件登記案件；,RPQOMLTLNHLGFFB88DA,49.56,0.0,3.23,有,
沙鹿區,房地(土地+建物)+車位,臺中市沙鹿區光明街２２０號十一樓之３,29.21,住,,,1120612,土地1建物1車位1,十一層,十五層,住宅大樓(11層含以上有電梯),住家用,鋼筋混凝土造,1150513,139.98,3,2,2,有,有,10000000,81229,坡道平面,32.26,1250000,1. 本申報書地政士僅受託買賣案件申請登記，並未代理撰擬不動產買賣契約書，本成交資訊係由買賣雙方提供屬實。2. 本件買賣於民國115年3月31日讓渡 ，總價為新台幣 1000萬元整。預售屋、或土地及建物分件登記案件；,RPROMLTLNHLGFFB98DA,68.84,0.0,3.32,有,
沙鹿區,房地(土地+建物)+車位,臺中市沙鹿區光明街２２０號十一樓之５,22.11,住,,,1120613,土地1建物1車位1,十一層,十五層,住宅大樓(11層含以上有電梯),住家用,鋼筋混凝土造,1150513,113.85,2,2,1,有,有,7770000,81137,坡道平面,32.26,1150000,預售屋、或土地及建物分件登記案件；,RPSOMLTLNHLGFFB09DA,50.97,0.0,3.71,有,
沙鹿區,房地(土地+建物)+車位,臺中市沙鹿區光明街２２０號四樓之２,21.3,住,,,1120615,土地1建物1車位1,四層,十五層,住宅大樓(11層含以上有電梯),住家用,鋼筋混凝土造,1150513,111.07,2,2,1,有,有,7070000,75117,坡道平面,32.26,1150000,1. 本申報書地政士僅受託買賣案件申請登記，並未代理撰擬不動產買賣契約書，本成交資訊係由買賣雙方提供屬實。2. 本件買賣共有人之一於民國112年12月16 日買賣讓渡，權利範圍1/2 ，價金為新台幣 355 萬元整預售屋、或土地及建物分件登記案件；,RPQOMLLJOHLGFFB97DA,49.56,0.0,3.23,有,
沙鹿區,房地(土地+建物)+車位,臺中市沙鹿區光明街２２０號十四樓之６,29.7,住,,,1120629,土地1建物1車位2,十四層,十五層,住宅大樓(11層含以上有電梯),住家用,鋼筋混凝土造,1150513,173.87,3,2,2,有,有,11420000,81573,坡道平面,64.52,2500000,預售屋、或土地及建物分件登記案件；,RPORMLRKPHLGFFB88DA,69.71,0.0,3.57,有,
太平區,房地(土地+建物),臺中市太平區新光路５９之６號三樓,51.89,,,,1120610,土地7建物1車位0,三層,五層,華廈(10層含以下有電梯),住家用,鋼筋混凝土造,1141022,99.62,3,2,1,有,無,11840000,118852,,0.0,0,包含公共設施保留地用地；預售屋、或土地及建物分件登記案件；,RPWNMLPKPHLGFJB86DA,64.95,0.0,7.14,有,
豐原區,房地(土地+建物)+車位,臺中市豐原區豐原大道三段２３９巷１０８號四樓之６,17.75,都市：其他:第二種住宅區,,,1120630,土地1建物1車位1,四層,十四層,住宅大樓(11層含以上有電梯),住家用,鋼筋混凝土造,1150424,107.31,2,2,1,有,有,9800000,109362,坡道平面,32.33,1600000,預售屋、或土地及建物分件登記案件；,RPVOMLKKOHLGFDB28DA,45.95,0.0,3.6,有,
豐原區,房地(土地+建物)+車位,臺中市豐原區豐原大道三段２３９巷１１０號五樓之７,27.54,都市：其他:第二種住宅區,,,1120623,土地1建物1車位1,五層,十四層,住宅大樓(11層含以上有電梯),住家用,鋼筋混凝土造,1150424,148.73000000000002,3,2,2,有,有,14400000,109966,坡道平面,32.33,1600000,預售屋、或土地及建物分件登記案件；,RPVQMLLKOHLGFDB58DA,71.95,0.0,4.99,有,
南區,房地(土地+建物)+車位,臺中市南區新華街１５８號三樓之８,19.38,都市：其他:第五種住宅區,,,1120618,土地3建物1車位2,三層,二十六層,住宅大樓(11層含以上有電梯),住家用,鋼筋混凝土造,1150528,201.6,3,2,2,有,有,23880000,146030,坡道平面,62.04,3500000,115.1.7讓渡，讓渡金額：2400萬。預售屋、或土地及建物分件登記案件；,RPXTMLTLOHLGFAB07DA,83.13,0.0,9.14,有,
南區,房地(土地+建物)+車位,臺中市南區新華街１５８號二十三樓之９,18.06,都市：其他:第五種住宅區,,,1120617,土地3建物1車位2,二十三層,二十六層,住宅大樓(11層含以上有電梯),住家用,鋼筋混凝土造,1150528,191.87,3,2,2,有,有,22800000,154048,坡道平面,62.04,2800000,114.8.14讓渡，讓渡金額：2350萬。預售屋、或土地及建物分件登記案件；,RPUUMLTLOHLGFAB86DA,77.1,0.0,8.65,有,
西屯區,房地(土地+建物)+車位,臺中市西屯區市政北一路３３５號三樓之７,9.19,都市：其他:第六種新市政中心專用區,,,1120618,土地1建物1車位1,三層,三十七層,住宅大樓(11層含以上有電梯),住家用,鋼骨鋼筋混凝土造、鋼筋混凝土造,1150313,171.87,3,2,2,有,有,27990000,167967,坡道平面,16.84,1950000,預售屋、或土地及建物分件登記案件；,RPXRMLQKPHLGFCB76DA,85.65,8.74,9.05,有,
大里區,房地(土地+建物)+車位,臺中市大里區新芳路１７６號三樓之２,27.46,住,,,1120615,土地1建物1車位1,三層,十一層,住宅大樓(11層含以上有電梯),住家用,鋼筋混凝土造,1150503,148.54000000000002,3,2,2,有,有,15180000,116958,坡道機械,25.59,800000,預售屋、或土地及建物分件登記案件；,RPTNMLQKOHLGFIB09DA,73.98,0.0,7.3,有,
大里區,房地(土地+建物)+車位,臺中市大里區新芳路１７６號四樓之２,27.46,住,,,1120625,土地1建物1車位1,四層,十一層,住宅大樓(11層含以上有電梯),住家用,鋼筋混凝土造,1150503,148.54000000000002,3,2,2,有,有,14880000,114518,坡道機械,25.59,800000,預售屋、或土地及建物分件登記案件；,RPXNMLQKOHLGFIB86DA,73.98,0.0,7.3,有,
大里區,房地(土地+建物)+車位,臺中市大里區新芳路１７６號六樓之２,27.46,住,,,1120623,土地1建物1車位1,六層,十一層,住宅大樓(11層含以上有電梯),住家用,鋼筋混凝土造,1150503,148.54000000000002,3,2,2,有,有,16130000,122651,坡道機械,25.59,1050000,預售屋、或土地及建物分件登記案件；,RPWOMLQKOHLGFIB86DA,73.98,0.0,7.3,有,
大里區,房地(土地+建物)+車位,臺中市大里區新芳路１７６號九樓之１,27.46,住,,,1120628,土地1建物1車位1,九層,十一層,住宅大樓(11層含以上有電梯),住家用,鋼筋混凝土造,1150503,162.62,3,2,2,有,有,18000000,130573,坡道平面,39.7,1950000,本筆為不動產讓渡案件，於民國113年8月7日讓渡，讓渡金額為新台幣1900萬元整。預售屋、或土地及建物分件登記案件；,RPXPMLQKOHLGFIB07DA,73.67,0.0,7.58,有,
大里區,房地(土地+建物)+車位,臺中市大里區新芳路１７６號十樓之１,27.46,住,,,1120611,土地1建物1車位1,十層,十一層,住宅大樓(11層含以上有電梯),住家用,鋼筋混凝土造,1150503,162.62,3,2,2,有,有,18080000,132037,坡道平面,39.7,1850000,預售屋、或土地及建物分件登記案件；,RPRQMLQKOHLGFIB56DA,73.67,0.0,7.58,有,
大里區,房地(土地+建物)+車位,臺中市大里區新芳路１７６號十一樓之１,27.46,住,,,1120611,土地1建物1車位1,十一層,十一層,住宅大樓(11層含以上有電梯),住家用,鋼筋混凝土造,1150503,162.65,3,2,2,有,有,18080000,132005,坡道平面,39.7,1850000,預售屋、或土地及建物分件登記案件；,RPVQMLQKOHLGFIB96DA,73.67,0.0,7.58,有,
大里區,房地(土地+建物)+車位,臺中市大里區新芳路１７６號十一樓之５,27.43,住,,,1120611,土地1建物1車位1,十一層,十一層,住宅大樓(11層含以上有電梯),住家用,鋼筋混凝土造,1150503,162.63,3,2,2,有,有,18080000,132026,坡道平面,39.7,1850000,預售屋、或土地及建物分件登記案件；,RPORMLQKOHLGFIB98DA,74.24,0.0,7.02,有,
烏日區,房地(土地+建物)+車位,臺中市烏日區日新街５６巷１號八樓之３,29.99,住,,,1120630,土地1建物1車位2,八層,十一層,住宅大樓(11層含以上有電梯),住家用,鋼筋混凝土造,1150513,176.57999999999998,3,2,2,有,有,17680000,114921,坡道平面,50.58,3200000,預售屋、或土地及建物分件登記案件；,RPSPMLOJPHLGFIB98DA,74.98,0.0,7.13,有,
南區,房地(土地+建物)+車位,臺中市南區福田二街１８２號五樓之３,24.56,都市：其他:第三種住宅區。,,,1120612,土地2建物1車位2,五層,十五層,住宅大樓(11層含以上有電梯),住家用,鋼筋混凝土造,1150516,188.03,3,2,2,有,有,19450000,123683,坡道平面,54.22,2900000,預售屋、或土地及建物分件登記案件；,RPPOMLRLOHLGFAB18DA,80.03,0.0,8.14,有,
南區,房地(土地+建物)+車位,臺中市南區福田二街１７２號九樓之５,22.75,都市：其他:第三種住宅區。,,,1120607,土地2建物1車位1,九層,十五層,住宅大樓(11層含以上有電梯),住家用,鋼筋混凝土造,1150516,150.65,3,2,2,有,有,16700000,121418,坡道平面,27.11,1700000,預售屋、或土地及建物分件登記案件；,RPOUMLRLOHLGFAB68DA,74.12,0.0,7.28,有,
西屯區,房地(土地+建物)+車位,臺中市西屯區青海路二段５１６號十八樓之２,12.61,住,,,1120626,土地2建物1車位2,十八層,十九層,住宅大樓(11層含以上有電梯),住家用,鋼筋混凝土造,1150108,140.49,2,2,2,有,有,18960000,178329,坡道平面,56.6,4000000,預售屋、或土地及建物分件登記案件；,RPUOMLNLPHLGFCB58DA,49.41,0.0,4.76,有,
北屯區,房地(土地+建物)+車位,臺中市北屯區崇德二路二段２６６號九樓之３,17.53,都市：其他:第一種商業區,,,1120629,土地1建物1車位1,九層,二十二層,住宅大樓(11層含以上有電梯),住家用,鋼筋混凝土造,1150121,152.39,3,2,2,有,有,22700000,167235,坡道平面,29.21,2100000,民國115年1月3日讓渡讓渡金額2270萬元整二親等讓渡預售屋、或土地及建物分件登記案件；,RPRNMLTLPHLGFBB68DA,74.45,0.0,7.06,有,
南區,房地(土地+建物)+車位,臺中市南區新華街１５８號十六樓之５,18.27,都市：其他:第五種住宅區,,,1120527,土地3建物1車位2,十六層,二十六層,住宅大樓(11層含以上有電梯),住家用,鋼筋混凝土造,1150528,192.43,3,2,2,有,有,23880000,148784,坡道平面,60.83,4300000,預售屋、或土地及建物分件登記案件；,RPXSMLTLOHLGFAB96DA,78.63,0.0,8.37,有,
南區,房地(土地+建物)+車位,臺中市南區新華街１５８號九樓之１１,18.37,都市：其他:第五種住宅區,,,1120504,土地3建物1車位1,九層,二十六層,住宅大樓(11層含以上有電梯),住家用,鋼筋混凝土造,1150528,163.57,3,2,2,有,有,20390000,143267,坡道平面,31.02,1400000,預售屋、或土地及建物分件登記案件；,RPRVMLTLOHLGFAB66DA,80.64,0.0,6.96,有,
南區,房地(土地+建物)+車位,臺中市南區新華街１５８號十四樓之１３,19.22,都市：其他:第五種住宅區,,,1120518,土地3建物1車位1,十四層,二十六層,住宅大樓(11層含以上有電梯),住家用,鋼筋混凝土造,1150528,168.25,3,2,2,有,有,22030000,149740,坡道平面,29.81,1300000,預售屋、或土地及建物分件登記案件；,RPOWMLTLOHLGFAB09DA,82.44,0.0,9.14,有,
大里區,房地(土地+建物)+車位,臺中市大里區新芳路１７６號七樓之１,27.46,住,,,1120522,土地1建物1車位1,七層,十一層,住宅大樓(11層含以上有電梯),住家用,鋼筋混凝土造,1150503,162.62,3,2,2,有,有,17700000,128946,坡道平面,39.7,1850000,預售屋、或土地及建物分件登記案件；,RPPPMLQKOHLGFIB88DA,73.67,0.0,7.58,有,
大里區,房地(土地+建物)+車位,臺中市大里區新芳路１７６號七樓之５,27.43,住,,,1120506,土地1建物1車位1,七層,十一層,住宅大樓(11層含以上有電梯),住家用,鋼筋混凝土造,1150503,162.60000000000002,3,2,2,有,有,17530000,127583,坡道平面,39.7,1850000,預售屋、或土地及建物分件登記案件；,RPSPMLQKOHLGFIB56DA,74.24,0.0,7.02,有,
南區,房地(土地+建物)+車位,臺中市南區福田二街１８６號,25.59,都市：其他:第三種住宅區。,,,1120510,土地2建物1車位2,一層,十五層,住宅大樓(11層含以上有電梯),商業用,鋼筋混凝土造,1150516,181.94,0,0,0,無,有,23900000,161290,坡道平面,54.22,3300000,預售屋、或土地及建物分件登記案件；,RPVRMLRLOHLGFAB09DA,92.01,0.0,0.0,有,
南區,房地(土地+建物)+車位,臺中市南區福田二街１８８號,23.53,都市：其他:第三種住宅區。,,,1120530,土地2建物1車位2,一層,十五層,住宅大樓(11層含以上有電梯),商業用,鋼筋混凝土造,1150516,172.16,0,0,0,無,有,23550000,171697,坡道平面,54.22,3300000,預售屋、或土地及建物分件登記案件；,RPWRMLRLOHLGFAB56DA,84.89,0.0,0.0,有,
南區,房地(土地+建物)+車位,臺中市南區福田二街１７８號五樓之２,24.56,都市：其他:第三種住宅區。,,,1120523,土地2建物1車位1,五層,十五層,住宅大樓(11層含以上有電梯),住家用,鋼筋混凝土造,1150516,160.68,3,2,2,有,有,18820000,128172,坡道平面,27.11,1700000,預售屋、或土地及建物分件登記案件；,RPUSMLRLOHLGFAB09DA,79.81,0.0,8.12,有,
南區,房地(土地+建物)+車位,臺中市南區福田二街１７２號八樓之５,22.75,都市：其他:第三種住宅區。,,,1120520,土地2建物1車位1,八層,十五層,住宅大樓(11層含以上有電梯),住家用,鋼筋混凝土造,1150516,150.65,3,2,2,有,有,16820000,122390,坡道平面,27.11,1700000,113年9月5日換約，轉讓價為新台幣1816萬元整。預售屋、或土地及建物分件登記案件；,RPVTMLRLOHLGFAB66DA,74.12,0.0,7.28,有,
北屯區,房地(土地+建物)+車位,臺中市北屯區德和二街５３號六樓之１,30.58,都市：其他:第一之一種住宅區,,,1120515,土地1建物1車位1,六層,七層,華廈(10層含以下有電梯),住家用,鋼筋混凝土造,1150427,107.01,2,2,2,有,有,15300000,161802,坡道平面,25.12,2050000,預售屋、或土地及建物分件登記案件；,RPWOMLQKPHLGFBB88DA,50.39,0.0,5.03,有,
北屯區,房地(土地+建物)+車位,臺中市北屯區德和二街５３號四樓之２,29.41,都市：其他:第一之一種住宅區,,,1120521,土地1建物1車位1,四層,七層,華廈(10層含以下有電梯),住家用,鋼筋混凝土造,1150427,104.35,2,2,2,有,有,13670000,146662,坡道平面,25.12,2050000,預售屋、或土地及建物分件登記案件；,RPXOMLQKPHLGFBB98DA,50.45,0.0,3.18,有,
北屯區,房地(土地+建物)+車位,臺中市北屯區德和二街５５號三樓之３,29.41,都市：其他:第一之一種住宅區,,,1120515,土地1建物1車位1,三層,七層,華廈(10層含以下有電梯),住家用,鋼筋混凝土造,1150427,104.25999999999999,2,2,2,有,有,14500000,156053,坡道平面,25.12,2150000,預售屋、或土地及建物分件登記案件；,RPOPMLQKPHLGFBB18DA,50.39,0.0,3.18,有,
北屯區,房地(土地+建物)+車位,臺中市北屯區德和二街５３之１號,31.73,都市：其他:第一之一種住宅區,,,1120515,土地1建物1車位1,一層,七層,華廈(10層含以下有電梯),住家用,鋼筋混凝土造,1150427,103.21000000000001,2,2,2,有,有,17050000,190805,坡道平面,25.12,2150000,另含1F-56車位一個未保存登記。預售屋、或土地及建物分件登記案件；,RPPPMLQKPHLGFBB28DA,49.83,0.0,3.03,有,
北屯區,房地(土地+建物)+車位,臺中市北屯區德和二街５３號五樓之３,31.65,都市：其他:第一之一種住宅區,,,1120514,土地1建物1車位1,五層,七層,華廈(10層含以下有電梯),住家用,鋼筋混凝土造,1150427,109.75999999999999,2,2,2,有,有,15600000,158908,坡道平面,25.12,2150000,預售屋、或土地及建物分件登記案件；,RPQPMLQKPHLGFBB38DA,52.27,0.0,5.03,有,
北屯區,房地(土地+建物)+車位,臺中市北屯區德和二街５３號五樓之２,29.41,都市：其他:第一之一種住宅區,,,1120514,土地1建物1車位1,五層,七層,華廈(10層含以下有電梯),住家用,鋼筋混凝土造,1150427,104.35,2,2,2,有,有,14120000,151079,坡道平面,25.12,2150000,轉讓日期: 113.10.15 ；轉讓金額:新台幣1420萬元整。預售屋、或土地及建物分件登記案件；,RPRPMLQKPHLGFBB48DA,50.45,0.0,3.18,有,
北屯區,房地(土地+建物)+車位,臺中市北屯區德和二街５５之５號,29.41,都市：其他:第一之一種住宅區,,,1120514,土地1建物1車位1,一層,七層,華廈(10層含以下有電梯),住家用,鋼筋混凝土造,1150427,103.30000000000001,2,2,2,有,有,14530000,157073,坡道平面,25.12,2250000,預售屋、或土地及建物分件登記案件；,RPSPMLQKPHLGFBB58DA,49.89,0.0,3.03,有,
北屯區,房地(土地+建物)+車位,臺中市北屯區德和二街５３號四樓之１,29.41,都市：其他:第一之一種住宅區,,,1120515,土地1建物1車位1,四層,七層,華廈(10層含以下有電梯),住家用,鋼筋混凝土造,1150427,104.25999999999999,2,2,2,有,有,14250000,154157,坡道平面,25.12,2050000,預售屋、或土地及建物分件登記案件；,RPTPMLQKPHLGFBB68DA,50.39,0.0,3.18,有,
北屯區,房地(土地+建物)+車位,臺中市北屯區德和二街５５號六樓之５,29.41,都市：其他:第一之一種住宅區,,,1120514,土地1建物1車位1,六層,七層,華廈(10層含以下有電梯),住家用,鋼筋混凝土造,1150427,103.30000000000001,2,2,2,有,有,14200000,155411,坡道平面,25.12,2050000,轉讓日期: 113.6.10 ；轉讓金額:新台幣1430萬元整。預售屋、或土地及建物分件登記案件；,RPUPMLQKPHLGFBB78DA,49.89,0.0,3.03,有,
北屯區,房地(土地+建物)+車位,臺中市北屯區德和二街５５號二樓之２,30.9,都市：其他:第一之一種住宅區,,,1120515,土地1建物1車位1,二層,七層,華廈(10層含以下有電梯),住家用,鋼筋混凝土造,1150427,108.36,2,2,2,有,有,15200000,157977,坡道平面,25.12,2050000,轉讓日期: 115.3.11 ；轉讓金額:新台幣1520萬元整。預售屋、或土地及建物分件登記案件；,RPVPMLQKPHLGFBB88DA,53.15,0.0,3.2,有,
北屯區,房地(土地+建物)+車位,臺中市北屯區德和二街５３號二樓之５,30.89,都市：其他:第一之一種住宅區,,,1120515,土地1建物1車位1,二層,七層,華廈(10層含以下有電梯),住家用,鋼筋混凝土造,1150427,108.36,2,2,2,有,有,14380000,148126,坡道平面,25.12,2050000,預售屋、或土地及建物分件登記案件；,RPWPMLQKPHLGFBB98DA,53.15,0.0,3.2,有,
北屯區,房地(土地+建物)+車位,臺中市北屯區德和二街５３號六樓之３,30.51,都市：其他:第一之一種住宅區,,,1120514,土地1建物1車位1,六層,七層,華廈(10層含以下有電梯),住家用,鋼筋混凝土造,1150427,107.04,2,2,2,有,有,15370000,161377,坡道平面,25.12,2150000,轉讓日期: 114.10.13 ；轉讓金額:新台幣1537萬元整。預售屋、或土地及建物分件登記案件；,RPXPMLQKPHLGFBB09DA,52.27,0.0,3.18,有,
北屯區,房地(土地+建物)+車位,臺中市北屯區德和二街５３之５號,30.89,都市：其他:第一之一種住宅區,,,1120515,土地1建物1車位1,一層,七層,華廈(10層含以下有電梯),住家用,鋼筋混凝土造,1150427,108.36,2,2,2,有,有,15880000,163743,坡道平面,25.12,2250000,預售屋、或土地及建物分件登記案件；,RPOQMLQKPHLGFBB28DA,53.15,0.0,3.2,有,
北屯區,房地(土地+建物)+車位,臺中市北屯區德和二街５５號五樓之３,29.41,都市：其他:第一之一種住宅區,,,1120515,土地1建物1車位1,五層,七層,華廈(10層含以下有電梯),住家用,鋼筋混凝土造,1150427,104.25999999999999,2,2,2,有,有,14520000,157569,坡道平面,25.12,2050000,轉讓日期: 113.7.1 ；轉讓金額:新台幣1500萬元整。預售屋、或土地及建物分件登記案件；,RPPQMLQKPHLGFBB38DA,50.39,0.0,3.18,有,
北屯區,房地(土地+建物)+車位,臺中市北屯區德和二街５５號七樓之３,30.6,都市：其他:第一之一種住宅區,,,1120515,土地1建物1車位1,七層,七層,華廈(10層含以下有電梯),住家用,鋼筋混凝土造,1150427,107.01,2,2,2,有,有,15350000,161192,坡道平面,25.12,2150000,預售屋、或土地及建物分件登記案件；,RPQQMLQKPHLGFBB48DA,50.39,0.0,5.03,有,
北屯區,房地(土地+建物)+車位,臺中市北屯區德和二街５５之２號,31.5,都市：其他:第一之一種住宅區,,,1120514,土地1建物1車位1,一層,七層,華廈(10層含以下有電梯),住家用,鋼筋混凝土造,1150427,110.0,2,2,2,有,有,18030000,187088,坡道平面,25.12,2150000,預售屋、或土地及建物分件登記案件；,RPRQMLQKPHLGFBB58DA,54.25,0.0,3.2,有,
北屯區,房地(土地+建物)+車位,臺中市北屯區德和二街５５號四樓之１,31.55,都市：其他:第一之一種住宅區,,,1120515,土地1建物1車位1,四層,七層,華廈(10層含以下有電梯),住家用,鋼筋混凝土造,1150427,110.18,2,2,2,有,有,15530000,157301,坡道平面,25.12,2150000,轉讓日期: 113.9.8 ；轉讓金額:新台幣1606萬元整。預售屋、或土地及建物分件登記案件；,RPSQMLQKPHLGFBB68DA,54.4,0.0,3.15,有,
北屯區,房地(土地+建物)+車位,臺中市北屯區德和二街５５號七樓之２,30.9,都市：其他:第一之一種住宅區,,,1120514,土地1建物1車位1,七層,七層,華廈(10層含以下有電梯),住家用,鋼筋混凝土造,1150427,108.36,2,2,2,有,有,15750000,163383,坡道平面,25.12,2150000,預售屋、或土地及建物分件登記案件；,RPTQMLQKPHLGFBB78DA,53.15,0.0,3.2,有,
北屯區,房地(土地+建物)+車位,臺中市北屯區德和二街５５號三樓之１,31.55,都市：其他:第一之一種住宅區,,,1120514,土地1建物1車位1,三層,七層,華廈(10層含以下有電梯),住家用,鋼筋混凝土造,1150427,110.18,2,2,2,有,有,15600000,159299,坡道平面,25.12,2050000,預售屋、或土地及建物分件登記案件；,RPUQMLQKPHLGFBB88DA,54.4,0.0,3.15,有,
北屯區,房地(土地+建物)+車位,臺中市北屯區德和二街５３號七樓之５,32.0,都市：其他:第一之一種住宅區,,,1120514,土地1建物1車位1,七層,七層,華廈(10層含以下有電梯),住家用,鋼筋混凝土造,1150427,111.11,2,2,2,有,有,15650000,155832,坡道平面,25.12,2250000,預售屋、或土地及建物分件登記案件；,RPVQMLQKPHLGFBB98DA,53.15,0.0,5.05,有,
北屯區,房地(土地+建物)+車位,臺中市北屯區德和二街５３號七樓之３,30.51,都市：其他:第一之一種住宅區,,,1120515,土地1建物1車位1,七層,七層,華廈(10層含以下有電梯),住家用,鋼筋混凝土造,1150427,107.04,2,2,2,有,有,15470000,161377,坡道平面,25.12,2250000,轉讓日期: 114.9.13 ；轉讓金額:新台幣1547萬元整。預售屋、或土地及建物分件登記案件；,RPWQMLQKPHLGFBB09DA,52.27,0.0,3.18,有,
北屯區,房地(土地+建物)+車位,臺中市北屯區德和二街５３號四樓之３,30.51,都市：其他:第一之一種住宅區,,,1120515,土地1建物1車位1,四層,七層,華廈(10層含以下有電梯),住家用,鋼筋混凝土造,1150427,107.04,2,2,2,有,有,14670000,154053,坡道平面,25.12,2050000,1.轉讓日期: 113.6.24；轉讓金額:新台幣1648萬元整。2.轉讓日期: 115.3.20二親等旁系血親間。預售屋、或土地及建物分件登記案件；,RPXQMLQKPHLGFBB56DA,52.27,0.0,3.18,有,
北屯區,房地(土地+建物)+車位,臺中市北屯區德和二街５５號二樓之１,33.7,都市：其他:第一之一種住宅區,,,1120514,土地1建物1車位1,二層,七層,華廈(10層含以下有電梯),住家用,鋼筋混凝土造,1150427,115.47,2,2,2,有,有,16200000,156613,坡道平面,25.12,2050000,轉讓日期: 115.3.20 ；轉讓金額:新台幣1620萬元整。預售屋、或土地及建物分件登記案件；,RPORMLQKPHLGFBB38DA,54.4,0.0,6.75,有,
北屯區,房地(土地+建物)+車位,臺中市北屯區德和二街５５號七樓之１,29.41,都市：其他:第一之一種住宅區,,,1120514,土地1建物2車位1,七層,七層,華廈(10層含以下有電梯),住家用,鋼筋混凝土造,1150427,213.48000000000002,2,2,2,有,有,14200000,64504,坡道平面,25.12,2050000,預售屋、或土地及建物分件登記案件；,RPPRMLQKPHLGFBB48DA,104.29,0.0,6.18,有,
北屯區,房地(土地+建物)+車位,臺中市北屯區德和二街５５號六樓之３,29.41,都市：其他:第一之一種住宅區,,,1120515,土地1建物1車位1,六層,七層,華廈(10層含以下有電梯),住家用,鋼筋混凝土造,1150427,104.25999999999999,2,2,2,有,有,14750000,160475,坡道平面,25.12,2050000,轉讓日期: 113.6.6 ；轉讓金額:新台幣1520萬元整。預售屋、或土地及建物分件登記案件；,RPQRMLQKPHLGFBB58DA,50.39,0.0,3.18,有,
北屯區,房地(土地+建物)+車位,臺中市北屯區德和二街５３號三樓之１,31.46,都市：其他:第一之一種住宅區,,,1120515,土地1建物1車位1,三層,七層,華廈(10層含以下有電梯),住家用,鋼筋混凝土造,1150427,109.21000000000001,2,2,2,有,有,15300000,157569,坡道平面,25.12,2050000,預售屋、或土地及建物分件登記案件；,RPSRMLQKPHLGFBB78DA,50.39,0.0,6.53,有,
北屯區,房地(土地+建物)+車位,臺中市北屯區德和二街５３號三樓之３,30.51,都市：其他:第一之一種住宅區,,,1120515,土地1建物1車位1,三層,七層,華廈(10層含以下有電梯),住家用,鋼筋混凝土造,1150427,107.04,2,2,2,有,有,14900000,156860,坡道平面,25.12,2050000,1.轉讓日期: 113.8.5 ；轉讓金額:新台幣1594萬元整。2.轉讓日期: 115.2.23 ；轉讓金額:新台幣1690萬元整直系血親間。預售屋、或土地及建物分件登記案件；,RPTRMLQKPHLGFBB88DA,52.27,0.0,3.18,有,
北屯區,房地(土地+建物)+車位,臺中市北屯區德和二街５３號七樓之２,29.41,都市：其他:第一之一種住宅區,,,1120514,土地1建物1車位1,七層,七層,華廈(10層含以下有電梯),住家用,鋼筋混凝土造,1150427,104.35,2,2,2,有,有,14250000,153982,坡道平面,25.12,2050000,轉讓日期: 113.5.7 ；轉讓金額:新台幣1432萬元整。預售屋、或土地及建物分件登記案件；,RPURMLQKPHLGFBB98DA,50.45,0.0,3.18,有,
北屯區,房地(土地+建物)+車位,臺中市北屯區德和二街５３號二樓之３,32.49,都市：其他:第一之一種住宅區,,,1120514,土地1建物1車位1,二層,七層,華廈(10層含以下有電梯),住家用,鋼筋混凝土造,1150427,111.99,2,2,2,有,有,15380000,154599,坡道平面,25.12,1950000,預售屋、或土地及建物分件登記案件；,RPVRMLQKPHLGFBB09DA,52.27,0.0,6.53,有,
北屯區,房地(土地+建物)+車位,臺中市北屯區德和二街５３號四樓之５,32.83,都市：其他:第一之一種住宅區,,,1120514,土地1建物1車位1,四層,七層,華廈(10層含以下有電梯),住家用,鋼筋混凝土造,1150427,113.32,2,2,2,有,有,15030000,148299,坡道平面,25.12,1950000,預售屋、或土地及建物分件登記案件；,RPWRMLQKPHLGFBB56DA,53.15,0.0,6.55,有,
北屯區,房地(土地+建物)+車位,臺中市北屯區德和二街５５號四樓之３,31.46,都市：其他:第一之一種住宅區,,,1120514,土地1建物1車位1,四層,七層,華廈(10層含以下有電梯),住家用,鋼筋混凝土造,1150427,109.21000000000001,2,2,2,有,有,14880000,153764,坡道平面,25.12,1950000,轉讓日期: 113.8.4 ；轉讓金額:新台幣1580萬元整。預售屋、或土地及建物分件登記案件；,RPXRMLQKPHLGFBB66DA,50.39,0.0,6.53,有,
北屯區,房地(土地+建物),臺中市北屯區德和二街５３之３號,35.13,都市：其他:第一之一種住宅區,,,1120514,土地1建物1車位0,一層,七層,華廈(10層含以下有電梯),住家用,鋼筋混凝土造,1150427,81.92,2,2,2,有,有,16950000,206909,,0.0,0,另含1F-57、1F-58 二個車位未保存登記。預售屋、或土地及建物分件登記案件；,RPOSMLQKPHLGFBB48DA,52.27,0.0,3.18,有,
北屯區,房地(土地+建物)+車位,臺中市北屯區德和二街５５號四樓之２,30.9,都市：其他:第一之一種住宅區,,,1120515,土地1建物1車位1,四層,七層,華廈(10層含以下有電梯),住家用,鋼筋混凝土造,1150427,108.36,2,2,2,有,有,15200000,157977,坡道平面,25.12,2050000,預售屋、或土地及建物分件登記案件；,RPPSMLQKPHLGFBB58DA,53.15,0.0,3.2,有,
北屯區,房地(土地+建物)+車位,臺中市北屯區德和二街５５號四樓之５,29.41,都市：其他:第一之一種住宅區,,,1120515,土地1建物1車位1,四層,七層,華廈(10層含以下有電梯),住家用,鋼筋混凝土造,1150427,103.30000000000001,2,2,2,有,有,13500000,147736,坡道平面,25.12,1950000,1.轉讓日期: 113.3.31 ；轉讓金額:新台幣1355萬元整。2.轉讓日期: 115.3.11 ；轉讓金額:新台幣1436萬元整直系血親間。預售屋、或土地及建物分件登記案件；,RPQSMLQKPHLGFBB68DA,49.89,0.0,3.03,有,
豐原區,房地(土地+建物)+車位,臺中市豐原區豐原大道三段２３９巷１０８號六樓之６,17.75,都市：其他:第二種住宅區,,,1120429,土地1建物1車位1,六層,十四層,住宅大樓(11層含以上有電梯),住家用,鋼筋混凝土造,1150424,107.31,2,2,1,有,有,10020000,112297,坡道平面,32.33,1600000,預售屋、或土地及建物分件登記案件；,RPSSMLLKOHLGFDB48DA,45.95,0.0,3.6,有,
南區,房地(土地+建物)+車位,臺中市南區新華街１５８號十四樓之５,18.27,都市：其他:第五種住宅區,,,1120422,土地3建物1車位1,十四層,二十六層,住宅大樓(11層含以上有電梯),住家用,鋼筋混凝土造,1150528,162.62,3,2,2,有,有,21000000,147416,坡道平面,31.02,1600000,預售屋、或土地及建物分件登記案件；,RPWSMLTLOHLGFAB86DA,78.63,0.0,8.37,有,
大里區,房地(土地+建物)+車位,臺中市大里區新芳路１７６號四樓之１,27.46,住,,,1120416,土地1建物1車位1,四層,十一層,住宅大樓(11層含以上有電梯),住家用,鋼筋混凝土造,1150503,148.51,3,2,2,有,有,15600000,120404,坡道機械,25.59,800000,預售屋、或土地及建物分件登記案件；,RPWNMLQKOHLGFIB76DA,73.67,0.0,7.58,有,
大里區,房地(土地+建物)+車位,臺中市大里區新芳路１７６號五樓之１,27.46,住,,,1120423,土地1建物1車位1,五層,十一層,住宅大樓(11層含以上有電梯),住家用,鋼筋混凝土造,1150503,148.51,3,2,2,有,有,16550000,126098,坡道機械,25.59,1050000,預售屋、或土地及建物分件登記案件；,RPQOMLQKOHLGFIB88DA,73.67,0.0,7.58,有,
大里區,房地(土地+建物)+車位,臺中市大里區新芳路１７６號五樓之２,27.46,住,,,1120429,土地1建物1車位1,五層,十一層,住宅大樓(11層含以上有電梯),住家用,鋼筋混凝土造,1150503,148.54000000000002,3,2,2,有,有,15880000,120618,坡道機械,25.59,1050000,預售屋、或土地及建物分件登記案件；,RPROMLQKOHLGFIB98DA,73.98,0.0,7.3,有,
大里區,房地(土地+建物)+車位,臺中市大里區新芳路１７６號五樓之５,27.43,住,,,1120417,土地1建物1車位1,五層,十一層,住宅大樓(11層含以上有電梯),住家用,鋼筋混凝土造,1150503,148.49,3,2,2,有,有,16350000,124491,坡道機械,25.59,1050000,預售屋、或土地及建物分件登記案件；,RPTOMLQKOHLGFIB56DA,74.24,0.0,7.02,有,
大里區,房地(土地+建物)+車位,臺中市大里區新芳路１７６號七樓之３,27.73,住,,,1120408,土地1建物1車位1,七層,十一層,住宅大樓(11層含以上有電梯),住家用,鋼筋混凝土造,1150503,163.81,3,2,2,有,有,16800000,121263,坡道平面,39.7,1750000,預售屋、或土地及建物分件登記案件；,RPRPMLQKOHLGFIB09DA,74.99,0.0,7.03,有,
大里區,房地(土地+建物)+車位,臺中市大里區新芳路１７６號六樓之１,27.46,住,,,1120401,土地1建物1車位1,六層,十一層,住宅大樓(11層含以上有電梯),住家用,鋼筋混凝土造,1150503,162.62,3,2,2,有,有,17350000,126912,坡道平面,39.7,1750000,預售屋、或土地及建物分件登記案件；,RPRRMLQKOHLGFIB66DA,73.67,0.0,7.58,有,
大里區,房地(土地+建物)+車位,臺中市大里區新芳路１７６號六樓之５,27.43,住,,,1120401,土地1建物1車位1,六層,十一層,住宅大樓(11層含以上有電梯),住家用,鋼筋混凝土造,1150503,162.60000000000002,3,2,2,有,有,17350000,126932,坡道平面,39.7,1750000,預售屋、或土地及建物分件登記案件；,RPSRMLQKOHLGFIB76DA,74.24,0.0,7.02,有,
大里區,房地(土地+建物)+車位,臺中市大里區新芳路１７６號八樓之２,27.46,住,,,1120430,土地1建物1車位1,八層,十一層,住宅大樓(11層含以上有電梯),住家用,鋼筋混凝土造,1150503,162.65,3,2,2,有,有,17050000,124441,坡道平面,39.7,1750000,預售屋、或土地及建物分件登記案件；,RPURMLQKOHLGFIB96DA,73.98,0.0,7.3,有,
南區,房地(土地+建物)+車位,臺中市南區福田二街１８２號六樓之６,24.82,都市：其他:第三種住宅區。,,,1120429,土地2建物1車位2,六層,十五層,住宅大樓(11層含以上有電梯),住家用,鋼筋混凝土造,1150516,189.56,3,2,2,有,有,19660000,122359,坡道平面,54.22,3100000,115年4月1日權利讓渡預售屋、或土地及建物分件登記案件；,RPSOMLRLOHLGFAB48DA,81.85,0.0,7.29,有,
南區,房地(土地+建物)+車位,臺中市南區福田二街１７０號十樓之６,30.25,都市：其他:第三種住宅區。,,,1120415,土地2建物1車位2,十層,十五層,住宅大樓(11層含以上有電梯),住家用,鋼筋混凝土造,1150516,219.03,4,2,2,有,有,24280000,128512,坡道平面,54.22,3100000,115年2月5日權利讓渡預售屋、或土地及建物分件登記案件；,RPVOMLOJPHLGFAB38DA,98.24,0.0,10.29,有,
西屯區,房地(土地+建物)+車位,臺中市西屯區青海南街２３３號七樓之６,14.71,住,,,1120403,土地1建物1車位1,七層,二十三層,住宅大樓(11層含以上有電梯),住家用,鋼筋混凝土造,1150407,97.97,2,1,1,有,有,16260000,183731,坡道機械,15.73,1150000,預售屋、或土地及建物分件登記案件；,RPXOMLLLPHLGFCB68DA,47.88,0.0,4.02,有,
西屯區,房地(土地+建物)+車位,臺中市西屯區青海路二段５１６號二樓之２,12.61,住,,,1120419,土地2建物1車位1,二層,十九層,住宅大樓(11層含以上有電梯),住家用,鋼筋混凝土造,1150108,112.2,2,2,2,有,有,15500000,162694,坡道平面,28.3,1850000,預售屋、或土地及建物分件登記案件；,RPSOMLNLPHLGFCB38DA,49.41,0.0,4.76,有,
烏日區,房地(土地+建物)+車位,臺中市烏日區九德街６５號七樓之５,19.19,住,,,1120417,土地2建物1車位1,七層,十一層,住宅大樓(11層含以上有電梯),住家用,鋼筋混凝土造,1150421,103.32,2,2,1,有,有,9060000,102293,坡道平面,31.37,1700000,預售屋、或土地及建物分件登記案件；,RPURMLMKOHLGFIB56DA,42.44,0.0,5.09,有,
南屯區,房地(土地+建物)+車位,臺中市南屯區龍富十八路８號十七樓,61.98,商,,,1120301,土地1建物1車位3,十七層,十八層,住宅大樓(11層含以上有電梯),住家用,鋼筋混凝土造,1150421,305.14,3,2,2,有,有,52000000,204250,坡道平面,86.78,7400000,預售屋、或土地及建物分件登記案件；,RPPQMLQKPHLGFCB48DA,104.33,0.0,5.11,有,
豐原區,房地(土地+建物)+車位,臺中市豐原區豐原大道三段２３９巷１０６號六樓之５,17.75,都市：其他:第二種住宅區,,,1120324,土地1建物1車位1,六層,十四層,住宅大樓(11層含以上有電梯),住家用,鋼筋混凝土造,1150424,107.31,2,2,1,有,有,10000000,112030,坡道平面,32.33,1600000,預售屋、或土地及建物分件登記案件；,RPVRMLLKOHLGFDB68DA,45.95,0.0,3.6,有,
豐原區,房地(土地+建物)+車位,臺中市豐原區豐原大道三段２３９巷１０６號八樓之１,20.78,都市：其他:第二種住宅區,,,1120303,土地1建物1車位1,八層,十四層,住宅大樓(11層含以上有電梯),住家用,鋼筋混凝土造,1150424,120.38,2,2,1,有,有,11960000,115389,坡道平面,32.33,1800000,預售屋、或土地及建物分件登記案件；,RPSNMLMKOHLGFDB08DA,54.6,0.0,3.6,有,
南區,房地(土地+建物)+車位,臺中市南區新華街１５８號九樓之５,18.27,都市：其他:第五種住宅區,,,1120307,土地3建物1車位1,九層,二十六層,住宅大樓(11層含以上有電梯),住家用,鋼筋混凝土造,1150528,162.62,3,2,2,有,有,20830000,144605,坡道平面,31.02,1800000,113.3.31讓渡，讓渡金額：2094萬。預售屋、或土地及建物分件登記案件；,RPQQMLQLOHLGFAB38DA,78.63,0.0,8.37,有,
南區,房地(土地+建物)+車位,臺中市南區新華街１５８號十四樓之８,19.38,都市：其他:第五種住宅區,,,1120308,土地3建物1車位2,十四層,二十六層,住宅大樓(11層含以上有電梯),住家用,鋼筋混凝土造,1150528,201.6,3,2,2,有,有,24250000,150831,坡道平面,62.04,3200000,114.12.15配偶間讓渡。預售屋、或土地及建物分件登記案件；,RPWNMLSJPHLGFAB78DA,83.13,0.0,9.14,有,
大里區,房地(土地+建物)+車位,臺中市大里區新芳路１７６號六樓之３,27.73,住,,,1120328,土地1建物1車位1,六層,十一層,住宅大樓(11層含以上有電梯),住家用,鋼筋混凝土造,1150503,149.7,3,2,2,有,有,15880000,119894,坡道機械,25.59,1000000,預售屋、或土地及建物分件登記案件；,RPXOMLQKOHLGFIB96DA,74.99,0.0,7.03,有,
大里區,房地(土地+建物)+車位,臺中市大里區新芳路１７６號七樓之２,27.46,住,,,1120325,土地1建物1車位1,七層,十一層,住宅大樓(11層含以上有電梯),住家用,鋼筋混凝土造,1150503,162.65,3,2,2,有,有,16800000,122407,坡道平面,39.7,1750000,預售屋、或土地及建物分件登記案件；,RPQPMLQKOHLGFIB98DA,73.98,0.0,7.3,有,
南區,房地(土地+建物)+車位,臺中市南區福田二街１７２號五樓之５,22.75,都市：其他:第三種住宅區。,,,1120309,土地2建物1車位1,五層,十五層,住宅大樓(11層含以上有電梯),住家用,鋼筋混凝土造,1150516,150.65,3,2,2,有,有,16630000,120852,坡道平面,27.11,1700000,114年4月6日換約，轉讓價為新台幣1836萬元整預售屋、或土地及建物分件登記案件；,RPWSMLRLOHLGFAB66DA,74.12,0.0,7.28,有,
南區,房地(土地+建物)+車位,臺中市南區福田二街１８０號十四樓之３,23.53,都市：其他:第三種住宅區。,,,1120301,土地2建物1車位2,十四層,十五層,住宅大樓(11層含以上有電梯),住家用,鋼筋混凝土造,1150516,182.03,3,2,2,有,有,19650000,129489,坡道平面,54.22,3100000,民國115年1月29日權利讓渡預售屋、或土地及建物分件登記案件；,RPQTMLOJPHLGFAB38DA,76.43,0.0,7.84,有,
太平區,房地(土地+建物)+車位,臺中市太平區樹德五街１７號六樓之１,29.78,住,,,1120310,土地1建物1車位1,六層,十五層,住宅大樓(11層含以上有電梯),住家用,鋼筋混凝土造,1150512,169.10000000000002,3,2,2,有,有,16260000,112862,坡道平面,39.65,1650000,預售屋、或土地及建物分件登記案件；,RPUPMLKLPHLGFJB09DA,75.77,0.0,8.57,有,
太平區,房地(土地+建物)+車位,臺中市太平區樹德五街１７號十三樓之３,30.0,住,,,1120318,土地1建物1車位1,十三層,十五層,住宅大樓(11層含以上有電梯),住家用,鋼筋混凝土造,1150512,170.2,3,2,2,有,有,17910000,121869,坡道平面,39.65,2000000,預售屋、或土地及建物分件登記案件；,RPTSMLKLPHLGFJB66DA,75.77,0.0,9.27,有,
烏日區,房地(土地+建物)+車位,臺中市烏日區九德街６５號二樓之７,22.46,住,,,1120312,土地2建物1車位1,二層,十一層,住宅大樓(11層含以上有電梯),住家用,鋼筋混凝土造,1150421,115.58,2,2,1,有,有,10550000,105094,坡道平面,31.37,1700000,預售屋、或土地及建物分件登記案件；,RPWOMLMKOHLGFIB09DA,50.25,0.0,5.39,有,
烏日區,房地(土地+建物)+車位,臺中市烏日區九德街６５號五樓之６,22.24,住,,,1120305,土地2建物1車位1,五層,十一層,住宅大樓(11層含以上有電梯),住家用,鋼筋混凝土造,1150421,114.72,2,2,1,有,有,10900000,109178,坡道平面,31.37,1800000,原承買人於115.02.03指定登記配偶為名義人。預售屋、或土地及建物分件登記案件；,RPTQMLMKOHLGFIB98DA,50.0,0.0,5.07,有,
烏日區,房地(土地+建物)+車位,臺中市烏日區九德街６５號八樓之３,28.94,住,,,1120302,土地2建物1車位1,八層,十一層,住宅大樓(11層含以上有電梯),住家用,鋼筋混凝土造,1150421,139.88,3,2,2,有,有,13880000,112248,坡道平面,31.37,1700000,預售屋、或土地及建物分件登記案件；,RPPSMLMKOHLGFIB78DA,64.06,0.0,7.64,有,
烏日區,房地(土地+建物)+車位,臺中市烏日區九德街６５號十樓之３,28.94,住,,,1120312,土地2建物1車位1,十層,十一層,住宅大樓(11層含以上有電梯),住家用,鋼筋混凝土造,1150421,139.88,3,2,2,有,有,14180000,114091,坡道平面,31.37,1800000,原承買人於115.06.17讓渡，讓渡房地總價為新臺幣1590萬元整。預售屋、或土地及建物分件登記案件；,RPOOMLRKOHLGFIB78DA,64.06,0.0,7.64,有,
南區,房地(土地+建物)+車位,臺中市南區福田二街１８０號十一樓之６,23.4,都市：其他:第三種住宅區。,,,1120221,土地2建物1車位1,十一層,十五層,住宅大樓(11層含以上有電梯),住家用,鋼筋混凝土造,1150516,154.31,3,2,2,有,有,18000000,127358,坡道平面,27.11,1800000,預售屋、或土地及建物分件登記案件；,RPTQMLRLOHLGFAB78DA,75.96,0.0,7.84,有,
豐原區,房地(土地+建物)+車位,臺中市豐原區豐原大道三段２３９巷１１０號十二樓之１,28.31,都市：其他:第二種住宅區,,,1120108,土地1建物1車位1,十二層,十四層,住宅大樓(11層含以上有電梯),住家用,鋼筋混凝土造,1150424,152.26,3,2,2,有,有,16490000,121237,坡道平面,32.33,1950000,預售屋、或土地及建物分件登記案件；,RPOQMLOKOHLGFDB18DA,71.65,0.0,7.62,有,
西屯區,房地(土地+建物)+車位,臺中市西屯區青海路二段５號九樓之３,6.56,商,,,1120128,土地1建物1車位1,九層,二十四層,住宅大樓(11層含以上有電梯),住家用,鋼骨鋼筋混凝土造,1141103,84.62,2,2,1,有,有,14280000,173645,坡道機械,9.87,1300000,預售屋、或土地及建物分件登記案件；,RPPOMLLLPHLGFCB87DA,43.86,0.0,5.05,有,
烏日區,房地(土地+建物),臺中市烏日區九德街６５號三樓之５,19.19,住,,,1120117,土地2建物1車位0,三層,十一層,住宅大樓(11層含以上有電梯),住家用,鋼筋混凝土造,1150421,71.94,2,2,1,有,有,7400000,102863,,0.0,0,預售屋、或土地及建物分件登記案件；,RPQPMLMKOHLGFIB58DA,42.44,0.0,5.09,有,
烏日區,房地(土地+建物)+車位,臺中市烏日區九德街６５號五樓之１,18.87,住,,,1120112,土地2建物1車位1,五層,十一層,住宅大樓(11層含以上有電梯),住家用,鋼筋混凝土造,1150421,102.15,2,2,1,有,有,9480000,109918,坡道平面,31.37,1700000,原承買人於112.08.15讓渡，讓渡房地總價為新臺幣948萬元整。預售屋、或土地及建物分件登記案件；,RPVQMLMKOHLGFIB56DA,41.98,0.0,4.78,有,
烏日區,房地(土地+建物)+車位,臺中市烏日區九德街６５號十一樓之５,19.19,住,,,1120110,土地2建物1車位1,十一層,十一層,住宅大樓(11層含以上有電梯),住家用,鋼筋混凝土造,1150421,106.16,2,2,1,有,有,9800000,112594,坡道平面,34.22,1700000,原承買人於115.02.05讓渡，讓渡房地總價為新臺幣980萬元整。預售屋、或土地及建物分件登記案件；,RPWOMLPKOHLGFIB76DA,42.44,0.0,5.09,有,
太平區,房地(土地+建物),臺中市太平區長億四街２７號四樓,17.03,住,,,1120116,土地1建物1車位0,四層,五層,公寓(5樓含以下無電梯),住家用,鋼筋混凝土造,0720915,65.99,3,1,1,有,無,500000,7577,,0.0,0,112年1月16日給付價金並於115年7月16日辦理所有權移轉登記作業含土地增值稅或其他稅費18610元；親友、員工、共有人或其他特殊關係間之交易；,RPRNMLLLPHLGFJB68DA,59.31,0.0,5.55,無,
豐原區,房地(土地+建物)+車位,臺中市豐原區豐原大道三段２３９巷１０８號五樓之６,17.75,都市：其他:第二種住宅區,,,1111204,土地1建物1車位1,五層,十四層,住宅大樓(11層含以上有電梯),住家用,鋼筋混凝土造,1150424,107.31,2,2,1,有,有,9720000,108296,坡道平面,32.33,1600000,預售屋、或土地及建物分件登記案件；,RPOQMLLKOHLGFDB87DA,45.95,0.0,3.6,有,
南區,房地(土地+建物)+車位,臺中市南區新華街１５８號四樓之６,18.8,都市：其他:第五種住宅區,,,1111218,土地3建物1車位1,四層,二十六層,住宅大樓(11層含以上有電梯),住家用,鋼筋混凝土造,1150528,166.36,3,2,2,有,有,21800000,144820,坡道平面,31.02,2200000,預售屋、或土地及建物分件登記案件；,RPTRMLQLOHLGFAB78DA,81.15,0.0,8.37,有,
后里區,房地(土地+建物)+車位,臺中市后里區成功路４８１巷２號六樓之２,42.6,住,,,1111203,土地3建物1車位1,六層,十層,華廈(10層含以下有電梯),住家用,鋼筋混凝土造,1141226,183.75,3,2,2,有,有,9000000,55652,坡道平面,40.0,1000000,公安段755地號 持分30468882/2524300000 為本社區私設通路 建商無償移轉預售屋、或土地及建物分件登記案件；,RPSNMLNKNHLGFDB08DA,91.99,0.0,8.76,有,
后里區,房地(土地+建物)+車位,臺中市后里區成功路４８１巷２號五樓之５,42.6,住,,,1111226,土地3建物1車位1,五層,十層,華廈(10層含以下有電梯),住家用,鋼筋混凝土造,1141226,183.75,3,2,2,有,有,8750000,54261,坡道平面,40.0,950000,775地號為本社區聯外之私設通路   無償移轉買方持分30468882/2524300000預售屋、或土地及建物分件登記案件；,RPXOMLQJPHLGFDB09DA,91.99,0.0,8.76,有,
南區,房地(土地+建物)+車位,臺中市南區福田二街１８０號六樓之６,23.4,都市：其他:第三種住宅區。,,,1111212,土地2建物1車位2,六層,十五層,住宅大樓(11層含以上有電梯),住家用,鋼筋混凝土造,1150516,181.42000000000002,3,2,2,有,有,18810000,123506,坡道平面,54.22,3100000,預售屋、或土地及建物分件登記案件；,RPQOMLRLOHLGFAB28DA,75.96,0.0,7.84,有,
南區,房地(土地+建物)+車位,臺中市南區福田二街１７６號九樓之３,23.53,都市：其他:第三種住宅區。,,,1111220,土地2建物1車位2,九層,十五層,住宅大樓(11層含以上有電梯),住家用,鋼筋混凝土造,1150516,182.64999999999998,3,2,2,有,有,18690000,122946,坡道平面,54.22,2900000,預售屋、或土地及建物分件登記案件；,RPUPMLRLOHLGFAB78DA,77.64,0.0,6.96,有,
南區,房地(土地+建物)+車位,臺中市南區福田二街１８０號四樓之６,23.4,都市：其他:第三種住宅區。,,,1111212,土地2建物1車位2,四層,十五層,住宅大樓(11層含以上有電梯),住家用,鋼筋混凝土造,1150516,181.42000000000002,3,2,2,有,有,18430000,122091,坡道平面,54.22,2900000,115年2月9日權利讓渡預售屋、或土地及建物分件登記案件；,RPURMLRLOHLGFAB98DA,75.96,0.0,7.84,有,
南區,房地(土地+建物)+車位,臺中市南區福田二街１７２號四樓之５,22.75,都市：其他:第三種住宅區。,,,1111223,土地2建物1車位1,四層,十五層,住宅大樓(11層含以上有電梯),住家用,鋼筋混凝土造,1150516,150.65,3,2,2,有,有,16360000,119475,坡道平面,27.11,1600000,115年1月30日權利讓渡預售屋、或土地及建物分件登記案件；,RPSSMLRLOHLGFAB88DA,74.12,0.0,7.28,有,
西屯區,房地(土地+建物)+車位,臺中市西屯區市政北一路３３５號二十七樓之２,11.52,都市：其他:第六種新市政中心專用區,,,1111128,土地1建物1車位1,二十七層,三十七層,住宅大樓(11層含以上有電梯),住家用,鋼骨鋼筋混凝土造、鋼筋混凝土造,1150313,211.31,4,2,2,有,有,39990000,194323,坡道平面,16.84,2200000,轉讓日期民國114年4月16日。預售屋、或土地及建物分件登記案件；,RPSOMLQKPHLGFCB58DA,109.1,11.19,9.43,有,
西屯區,房地(土地+建物)+車位,臺中市西屯區市政北一路３３５號十六樓之５,9.5,都市：其他:第六種新市政中心專用區,,,1111127,土地1建物1車位1,十六層,三十七層,住宅大樓(11層含以上有電梯),住家用,鋼骨鋼筋混凝土造、鋼筋混凝土造,1150313,176.47,3,2,2,有,有,30460000,177661,坡道平面,16.84,2100000,轉讓日期民國114年4月10日。預售屋、或土地及建物分件登記案件；,RPVPMLQKPHLGFCB98DA,88.06,4.53,13.94,有,
南區,房地(土地+建物)+車位,臺中市南區福田二街１７６號八樓之６,25.33,都市：其他:第三種住宅區。,,,1111126,土地2建物1車位1,八層,十五層,住宅大樓(11層含以上有電梯),住家用,鋼筋混凝土造,1150516,165.25,3,2,2,有,有,19020000,125380,坡道平面,27.11,1700000,115年2月3日權利讓渡預售屋、或土地及建物分件登記案件；,RPPPMLRLOHLGFAB28DA,83.03,0.0,7.94,有,
南區,房地(土地+建物)+車位,臺中市南區福田二街１７８號三樓之６,22.75,都市：其他:第三種住宅區。,,,1111103,土地2建物1車位2,三層,十五層,住宅大樓(11層含以上有電梯),住家用,鋼筋混凝土造,1150516,177.76,3,2,2,有,有,17670000,119556,坡道平面,54.22,2900000,115年1月28日權利讓渡預售屋、或土地及建物分件登記案件；,RPPSMLRLOHLGFAB58DA,74.12,0.0,7.28,有,
南區,房地(土地+建物)+車位,臺中市南區福田二街１７２號五樓之１,24.56,都市：其他:第三種住宅區。,,,1111109,土地2建物1車位1,五層,十五層,住宅大樓(11層含以上有電梯),住家用,鋼筋混凝土造,1150516,160.68,3,2,2,有,有,18820000,128172,坡道平面,27.11,1700000,預售屋、或土地及建物分件登記案件；,RPTSMLRLOHLGFAB98DA,79.81,0.0,8.12,有,
南區,房地(土地+建物)+車位,臺中市南區福田二街１７０號十四樓之１,29.34,都市：其他:第三種住宅區。,,,1111112,土地2建物1車位2,十四層,十五層,住宅大樓(11層含以上有電梯),住家用,鋼筋混凝土造,1150516,213.85000000000002,4,2,2,有,有,24450000,132494,坡道平面,54.22,3300000,115年2月23日權利讓渡預售屋、或土地及建物分件登記案件；,RPSUMLRLOHLGFAB09DA,96.83,0.0,8.34,有,
南區,房地(土地+建物)+車位,臺中市南區福田二街１８０號三樓之６,23.4,都市：其他:第三種住宅區。,,,1111102,土地2建物1車位1,三層,十五層,住宅大樓(11層含以上有電梯),住家用,鋼筋混凝土造,1150516,154.31,3,2,2,有,有,17200000,121855,坡道平面,27.11,1700000,預售屋、或土地及建物分件登記案件；,RPXWMLTLOHLGFAB37DA,75.96,0.0,7.84,有,
西屯區,房地(土地+建物)+車位,臺中市西屯區青海路二段５號十二樓之１１,6.56,商,,,1111127,土地1建物1車位1,十二層,二十四層,住宅大樓(11層含以上有電梯),住家用,鋼骨鋼筋混凝土造,1141103,84.1,2,2,1,有,有,14750000,178499,坡道機械,9.87,1500000,預售屋、或土地及建物分件登記案件；,RPTOMLLLPHLGFCB28DA,43.57,0.0,5.11,有,
西屯區,房地(土地+建物)+車位,臺中市西屯區青海路二段７號二十一樓之１０,6.51,商,,,1111130,土地1建物1車位1,二十一層,二十四層,住宅大樓(11層含以上有電梯),住家用,鋼骨鋼筋混凝土造,1141103,84.49000000000001,2,2,1,有,有,14480000,174618,坡道機械,9.87,1450000,轉售價格新台幣1348萬元整含車位，轉售日期民國114年1月14日。預售屋、或土地及建物分件登記案件；,RPRPMLLLPHLGFCB18DA,43.86,0.0,4.92,有,
南區,房地(土地+建物)+車位,臺中市南區新華街１５８號六樓之１２,17.74,都市：其他:第五種住宅區,,,1111017,土地3建物1車位1,六層,二十六層,住宅大樓(11層含以上有電梯),住家用,鋼筋混凝土造,1150528,158.63,3,2,2,有,有,18950000,138312,坡道平面,31.02,1300000,115.1.6配偶間讓渡權利範圍1/2。預售屋、或土地及建物分件登記案件；,RPQNMLPKPHLGFAB97DA,76.68,0.0,7.71,有,
西屯區,房地(土地+建物)+車位,臺中市西屯區市政北一路３３５號十三樓之６,9.41,都市：其他:第六種新市政中心專用區,,,1111002,土地1建物1車位1,十三層,三十七層,住宅大樓(11層含以上有電梯),住家用,鋼骨鋼筋混凝土造、鋼筋混凝土造,1150313,175.17000000000002,3,2,2,有,有,30080000,176720,坡道平面,16.84,2100000,轉讓日期民國114年3月21日。預售屋、或土地及建物分件登記案件；,RPWPMLQKPHLGFCB09DA,85.65,10.96,9.05,有,
西屯區,房地(土地+建物)+車位,臺中市西屯區市政北一路３３５號十四樓之５,9.44,都市：其他:第六種新市政中心專用區,,,1111014,土地1建物1車位1,十四層,三十七層,住宅大樓(11層含以上有電梯),住家用,鋼骨鋼筋混凝土造、鋼筋混凝土造,1150313,175.18,3,2,2,有,有,29850000,175887,坡道平面,16.84,2000000,轉讓日期民國115年5月20日預售屋、或土地及建物分件登記案件；,RPSRMLQKPHLGFCB88DA,88.06,3.67,13.94,有,
南區,房地(土地+建物)+車位,臺中市南區福田二街１８２號五樓之１,23.01,都市：其他:第三種住宅區。,,,1111029,土地2建物1車位2,五層,十五層,住宅大樓(11層含以上有電梯),住家用,鋼筋混凝土造,1150516,179.42000000000002,3,2,2,有,有,18050000,121006,坡道平面,54.22,2900000,預售屋、或土地及建物分件登記案件；,RPQQMLOJPHLGFAB08DA,75.82,0.0,6.68,有,
西屯區,房地(土地+建物)+車位,臺中市西屯區青海路二段７號四樓之３,6.6,商,,,1111030,土地1建物1車位1,四層,二十四層,住宅大樓(11層含以上有電梯),住家用,鋼骨鋼筋混凝土造,1141103,84.93,2,2,1,有,有,13520000,162803,坡道機械,9.87,1300000,預售屋、或土地及建物分件登記案件；,RPPPMLLLPHLGFCB97DA,44.17,0.0,5.05,有,
豐原區,房地(土地+建物)+車位,臺中市豐原區豐原大道三段２３９巷１０６號五樓之２,19.44,都市：其他:第二種住宅區,,,1110903,土地1建物1車位1,五層,十四層,住宅大樓(11層含以上有電梯),住家用,鋼筋混凝土造,1150424,114.69999999999999,2,2,1,有,有,11350000,116547,坡道平面,32.33,1750000,預售屋、或土地及建物分件登記案件；,RPOPMLLKOHLGFDB77DA,50.84,0.0,3.6,有,
南區,房地(土地+建物)+車位,臺中市南區新華街１５８號二十三樓之１０,19.11,都市：其他:第五種住宅區,,,1110918,土地3建物1車位2,二十三層,二十六層,住宅大樓(11層含以上有電梯),住家用,鋼筋混凝土造,1150528,199.78,3,2,2,有,有,25530000,156309,坡道平面,62.04,4000000,114.5.28讓渡，讓渡金額：2623萬。預售屋、或土地及建物分件登記案件；,RPRNMLTLOHLGFAB48DA,83.09,0.0,7.97,有,
南區,房地(土地+建物)+車位,臺中市南區新華街１５８號七樓之７,19.91,都市：其他:第五種住宅區,,,1110912,土地3建物1車位1,七層,二十六層,住宅大樓(11層含以上有電梯),住家用,鋼筋混凝土造,1150528,174.36,3,2,2,有,有,22000000,143714,坡道平面,31.02,1400000,115.1.22配偶間讓渡權利範圍1/2。預售屋、或土地及建物分件登記案件；,RPUNMLSJPHLGFAB58DA,85.83,0.0,9.01,有,
北屯區,房地(土地+建物)+車位,臺中市北屯區敦富二街３６號七樓之１５,9.0,都市：其他:特定商業區,,,1110927,土地1建物1車位1,七層,二十四層,住宅大樓(11層含以上有電梯),辦公用,鋼筋混凝土造,1150414,113.30000000000001,0,0,1,有,有,13270000,145348,坡道平面,34.73,1850000,114年08月01日讓售總金額1327萬元整預售屋、或土地及建物分件登記案件；,RPWOMLLKNHLGFBB18DA,44.44,0.0,3.35,有,
西屯區,房地(土地+建物)+車位,臺中市西屯區市政北一路３３５號十五樓之８,9.65,都市：其他:第六種新市政中心專用區,,,1110906,土地1建物1車位1,十五層,三十七層,住宅大樓(11層含以上有電梯),住家用,鋼骨鋼筋混凝土造、鋼筋混凝土造,1150313,179.39,3,2,2,有,有,30320000,173608,坡道平面,16.84,2100000,預售屋、或土地及建物分件登記案件；,RPUOMLKMOHLGFCB28DA,88.06,6.53,13.78,有,
西屯區,房地(土地+建物)+車位,臺中市西屯區市政北一路３３５號十三樓之５,9.5,都市：其他:第六種新市政中心專用區,,,1110925,土地1建物1車位1,十三層,三十七層,住宅大樓(11層含以上有電梯),住家用,鋼骨鋼筋混凝土造、鋼筋混凝土造,1150313,176.47,3,2,2,有,有,29960000,174529,坡道平面,16.84,2100000,轉讓日期民國114年5月8日。預售屋、或土地及建物分件登記案件；,RPVOMLQKPHLGFCB88DA,88.06,4.53,13.94,有,
西屯區,房地(土地+建物)+車位,臺中市西屯區青海路二段７號十一樓之１３,7.44,商,,,1110916,土地1建物1車位1,十一層,二十四層,住宅大樓(11層含以上有電梯),住家用,鋼骨鋼筋混凝土造,1141103,111.97,2,2,1,有,有,16960000,174303,坡道平面,27.29,2200000,預售屋、或土地及建物分件登記案件；,RPQNMLLLPHLGFCB87DA,49.63,0.0,5.73,有,
西屯區,房地(土地+建物)+車位,臺中市西屯區青海路二段７號二十樓之１１,6.51,商,,,1110925,土地1建物1車位1,二十層,二十四層,住宅大樓(11層含以上有電梯),住家用,鋼骨鋼筋混凝土造,1141103,84.49000000000001,2,2,1,有,有,14450000,174216,坡道機械,9.87,1450000,預售屋、或土地及建物分件登記案件；,RPRNMLLLPHLGFCB97DA,43.86,0.0,4.92,有,
豐原區,房地(土地+建物)+車位,臺中市豐原區豐原大道三段２３９巷１１０號二樓之５,27.54,都市：其他:第二種住宅區,,,1110827,土地1建物1車位1,二層,十四層,住宅大樓(11層含以上有電梯),住家用,鋼筋混凝土造,1150424,148.73000000000002,3,2,2,有,有,15580000,117955,坡道平面,32.33,1850000,預售屋、或土地及建物分件登記案件；,RPTOMLTJOHLGFDB88DA,71.95,0.0,4.99,有,
南區,房地(土地+建物)+車位,臺中市南區新華街１５８號十六樓之１０,19.11,都市：其他:第五種住宅區,,,1110809,土地3建物1車位1,十六層,二十六層,住宅大樓(11層含以上有電梯),住家用,鋼筋混凝土造,1150528,168.76,3,2,2,有,有,22980000,151590,坡道平面,31.02,2100000,預售屋、或土地及建物分件登記案件；,RPWNNLQLOHLGFAB78DA,83.09,0.0,7.97,有,
南區,房地(土地+建物)+車位,臺中市南區新華街１５８號二十二樓之３,20.12,都市：其他:第五種住宅區,,,1110817,土地3建物1車位2,二十二層,二十六層,住宅大樓(11層含以上有電梯),住家用,鋼筋混凝土造,1150528,206.89,3,2,2,有,有,26370000,158578,坡道平面,62.04,3400000,預售屋、或土地及建物分件登記案件；,RPOPMLRJPHLGFAB08DA,87.08,0.0,8.75,有,
南區,房地(土地+建物)+車位,臺中市南區新華街１５８號十九樓之１２,17.74,都市：其他:第五種住宅區,,,1110823,土地3建物1車位1,十九層,二十六層,住宅大樓(11層含以上有電梯),住家用,鋼筋混凝土造,1150528,158.63,3,2,2,有,有,20100000,146540,坡道平面,31.02,1400000,113.8.25讓渡，讓渡金額：2383萬。預售屋、或土地及建物分件登記案件；,RPTOMLSJPHLGFAB58DA,76.68,0.0,7.71,有,
南區,房地(土地+建物)+車位,臺中市南區新華街１５８號十九樓之１１,18.37,都市：其他:第五種住宅區,,,1110814,土地3建物1車位1,十九層,二十六層,住宅大樓(11層含以上有電梯),住家用,鋼筋混凝土造,1150528,163.57,3,2,2,有,有,21230000,148095,坡道平面,31.02,1600000,預售屋、或土地及建物分件登記案件；,RPPNMLPKPHLGFAB87DA,80.64,0.0,6.96,有,
西屯區,房地(土地+建物)+車位,臺中市西屯區市政北一路３３５號十二樓之６,9.41,都市：其他:第六種新市政中心專用區,,,1110811,土地1建物1車位1,十二層,三十七層,住宅大樓(11層含以上有電梯),住家用,鋼骨鋼筋混凝土造、鋼筋混凝土造,1150313,175.17000000000002,3,2,2,有,有,29950000,175898,坡道平面,16.84,2100000,預售屋、或土地及建物分件登記案件；,RPPPMLQKPHLGFCB38DA,85.65,10.96,9.05,有,
西屯區,房地(土地+建物)+車位,臺中市西屯區市政北一路３３５號二十三樓之８,9.65,都市：其他:第六種新市政中心專用區,,,1110826,土地1建物1車位2,二十三層,三十七層,住宅大樓(11層含以上有電梯),住家用,鋼骨鋼筋混凝土造、鋼筋混凝土造,1150313,185.43,3,2,2,有,有,32800000,175638,坡道平面,22.88,4250000,預售屋、或土地及建物分件登記案件；,RPWRMLQKPHLGFCB66DA,88.06,6.53,13.78,有,
后里區,房地(土地+建物)+車位,臺中市后里區成功路４８１巷２號四樓之１,42.6,住,,,1110820,土地3建物1車位1,四層,十層,華廈(10層含以下有電梯),住家用,鋼筋混凝土造,1141226,184.22,3,2,2,有,有,8500000,52697,坡道平面,40.0,900000,755地號為本社區聯外之私設通路 無償移轉買方持分30468882/2524300000預售屋、或土地及建物分件登記案件；,RPQPMLSKNHLGFDB58DA,92.46,0.0,8.76,有,
南區,房地(土地+建物)+車位,臺中市南區新華街１５８號四樓之２,23.46,都市：其他:第五種住宅區,,,1110731,土地3建物1車位2,四層,二十六層,住宅大樓(11層含以上有電梯),住家用,鋼筋混凝土造,1150528,230.97000000000003,4,2,2,有,有,29150000,151246,坡道平面,62.04,3600000,預售屋、或土地及建物分件登記案件；,RPUNMLQLOHLGFAB48DA,101.98,0.0,9.7,有,
南區,房地(土地+建物)+車位,臺中市南區新華街１５８號十一樓之２,23.46,都市：其他:第五種住宅區,,,1110714,土地3建物1車位2,十一層,二十六層,住宅大樓(11層含以上有電梯),住家用,鋼筋混凝土造,1150528,230.97000000000003,4,2,2,有,有,28690000,150891,坡道平面,62.04,3200000,預售屋、或土地及建物分件登記案件；,RPOOMLQLOHLGFAB97DA,101.98,0.0,9.7,有,
南區,房地(土地+建物)+車位,臺中市南區新華街１５８號二樓之３,20.12,都市：其他:第五種住宅區,,,1110716,土地3建物1車位3,二層,二十六層,住宅大樓(11層含以上有電梯),住家用,鋼筋混凝土造,1150528,237.89999999999998,3,2,2,有,有,24420000,131317,坡道平面,93.06,5400000,115.3.5 配偶間讓渡。預售屋、或土地及建物分件登記案件；,RPSOMLQLOHLGFAB38DA,87.08,0.0,8.75,有,
南區,房地(土地+建物)+車位,臺中市南區新華街１５８號九樓之３,20.12,都市：其他:第五種住宅區,,,1110716,土地3建物1車位1,九層,二十六層,住宅大樓(11層含以上有電梯),住家用,鋼筋混凝土造,1150528,175.87,3,2,2,有,有,23650000,149465,坡道平面,31.02,2000000,預售屋、或土地及建物分件登記案件；,RPWOMLQLOHLGFAB78DA,87.08,0.0,8.75,有,
南區,房地(土地+建物)+車位,臺中市南區新華街１５８號九樓之２,23.46,都市：其他:第五種住宅區,,,1110724,土地3建物1車位2,九層,二十六層,住宅大樓(11層含以上有電梯),住家用,鋼筋混凝土造,1150528,229.76,4,2,2,有,有,28430000,149944,坡道平面,60.83,3100000,預售屋、或土地及建物分件登記案件；,RPRRMLQLOHLGFAB58DA,101.98,0.0,9.7,有,
南區,房地(土地+建物)+車位,臺中市南區新華街１５８號二十樓之６,18.8,都市：其他:第五種住宅區,,,1110715,土地3建物1車位2,二十層,二十六層,住宅大樓(11層含以上有電梯),住家用,鋼筋混凝土造,1150528,197.37,3,2,2,有,有,23950000,150373,坡道平面,62.04,3600000,預售屋、或土地及建物分件登記案件；,RPSSMLQLOHLGFAB78DA,81.15,0.0,8.37,有,
南區,房地(土地+建物)+車位,臺中市南區新華街１５８號十三樓之７,19.91,都市：其他:第五種住宅區,,,1110716,土地3建物1車位1,十三層,二十六層,住宅大樓(11層含以上有電梯),住家用,鋼筋混凝土造,1150528,174.36,3,2,2,有,有,22580000,144970,坡道平面,31.02,1800000,預售屋、或土地及建物分件登記案件；,RPPTMLQLOHLGFAB58DA,85.83,0.0,9.01,有,
南區,房地(土地+建物)+車位,臺中市南區新華街１５８號十五樓之７,19.91,都市：其他:第五種住宅區,,,1110719,土地3建物1車位2,十五層,二十六層,住宅大樓(11層含以上有電梯),住家用,鋼筋混凝土造,1150528,205.38,3,2,2,有,有,24950000,146156,坡道平面,62.04,4000000,預售屋、或土地及建物分件登記案件；,RPRTMLQLOHLGFAB78DA,85.83,0.0,9.01,有,
南區,房地(土地+建物)+車位,臺中市南區新華街１５８號四樓之９,18.06,都市：其他:第五種住宅區,,,1110723,土地3建物1車位1,四層,二十六層,住宅大樓(11層含以上有電梯),住家用,鋼筋混凝土造,1150528,159.65,3,2,2,有,有,19990000,140866,坡道平面,29.81,1700000,115.4.30配偶間讓渡。預售屋、或土地及建物分件登記案件；,RPRVMLQLOHLGFAB98DA,77.1,0.0,8.65,有,
南區,房地(土地+建物)+車位,臺中市南區新華街１５８號十二樓之９,18.06,都市：其他:第五種住宅區,,,1110716,土地3建物1車位1,十二層,二十六層,住宅大樓(11層含以上有電梯),住家用,鋼筋混凝土造,1150528,160.85,3,2,2,有,有,20590000,143187,坡道平面,31.02,2000000,預售屋、或土地及建物分件登記案件；,RPWVMLQLOHLGFAB86DA,77.1,0.0,8.65,有,
南區,房地(土地+建物)+車位,臺中市南區新華街１５８號十九樓之９,18.06,都市：其他:第五種住宅區,,,1110714,土地3建物1車位2,十九層,二十六層,住宅大樓(11層含以上有電梯),住家用,鋼筋混凝土造,1150528,191.87,3,2,2,有,有,22330000,147347,坡道平面,62.04,3200000,預售屋、或土地及建物分件登記案件；,RPPWMLQLOHLGFAB88DA,77.1,0.0,8.65,有,
南區,房地(土地+建物)+車位,臺中市南區新華街１５８號十九樓之１０,19.11,都市：其他:第五種住宅區,,,1110715,土地3建物1車位2,十九層,二十六層,住宅大樓(11層含以上有電梯),住家用,鋼筋混凝土造,1150528,198.57,3,2,2,有,有,24330000,151227,坡道平面,60.83,3500000,112.3.17讓渡，讓渡金額：2433萬。預售屋、或土地及建物分件登記案件；,RPPNMLTLOHLGFAB28DA,83.09,0.0,7.97,有,
南區,房地(土地+建物)+車位,臺中市南區新華街１５８號十八樓之１,25.26,都市：其他:第五種住宅區,,,1110714,土地3建物1車位2,十八層,二十六層,住宅大樓(11層含以上有電梯),住家用,鋼筋混凝土造,1150528,243.79000000000002,4,2,2,有,有,32470000,156644,坡道平面,62.04,4000000,預售屋、或土地及建物分件登記案件；,RPPSMLTLOHLGFAB78DA,110.28,0.0,9.89,有,
南區,房地(土地+建物)+車位,臺中市南區新華街１５８號八樓之２,23.46,都市：其他:第五種住宅區,,,1110714,土地3建物1車位2,八層,二十六層,住宅大樓(11層含以上有電梯),住家用,鋼筋混凝土造,1150528,230.97000000000003,4,2,2,有,有,29290000,149707,坡道平面,62.04,4000000,預售屋、或土地及建物分件登記案件；,RPQSMLTLOHLGFAB88DA,101.98,0.0,9.7,有,
南區,房地(土地+建物)+車位,臺中市南區新華街１５８號十七樓之３,20.12,都市：其他:第五種住宅區,,,1110714,土地3建物1車位1,十七層,二十六層,住宅大樓(11層含以上有電梯),住家用,鋼筋混凝土造,1150528,175.87,3,2,2,有,有,24310000,154021,坡道平面,31.02,2000000,114.3.16讓渡，讓渡金額：2720萬。預售屋、或土地及建物分件登記案件；,RPTSMLTLOHLGFAB56DA,87.08,0.0,8.75,有,
南區,房地(土地+建物)+車位,臺中市南區新華街１５８號五樓之５,18.27,都市：其他:第五種住宅區,,,1110715,土地3建物1車位1,五層,二十六層,住宅大樓(11層含以上有電梯),住家用,鋼筋混凝土造,1150528,162.62,3,2,2,有,有,20300000,140578,坡道平面,31.02,1800000,112.12.29第一次讓渡，讓渡金額：2155萬。114.12.30第二次讓渡，配偶間讓渡，讓渡金額：2155萬。預售屋、或土地及建物分件登記案件；,RPVSMLTLOHLGFAB76DA,78.63,0.0,8.37,有,
南區,房地(土地+建物)+車位,臺中市南區新華街１５８號五樓之７,19.91,都市：其他:第五種住宅區,,,1110715,土地3建物1車位2,五層,二十六層,住宅大樓(11層含以上有電梯),住家用,鋼筋混凝土造,1150528,205.38,3,2,2,有,有,24700000,141621,坡道平面,62.04,4400000,預售屋、或土地及建物分件登記案件；,RPWTMLTLOHLGFAB96DA,85.83,0.0,9.01,有,
南區,房地(土地+建物)+車位,臺中市南區新華街１５８號八樓之８,19.38,都市：其他:第五種住宅區,,,1110714,土地3建物1車位1,八層,二十六層,住宅大樓(11層含以上有電梯),住家用,鋼筋混凝土造,1150528,170.57999999999998,3,2,2,有,有,22210000,144812,坡道平面,31.02,2000000,預售屋、或土地及建物分件登記案件；,RPPUMLTLOHLGFAB98DA,83.13,0.0,9.14,有,
南區,房地(土地+建物)+車位,臺中市南區新華街１５８號六樓之１０,19.11,都市：其他:第五種住宅區,,,1110717,土地3建物1車位1,六層,二十六層,住宅大樓(11層含以上有電梯),住家用,鋼筋混凝土造,1150528,168.76,3,2,2,有,有,21510000,144548,坡道平面,31.02,1600000,115.5.1 配偶間讓渡。預售屋、或土地及建物分件登記案件；,RPVUMLTLOHLGFAB96DA,83.09,0.0,7.97,有,
南區,房地(土地+建物)+車位,臺中市南區新華街１５８號十二樓之１０,19.11,都市：其他:第五種住宅區,,,1110717,土地3建物1車位1,十二層,二十六層,住宅大樓(11層含以上有電梯),住家用,鋼筋混凝土造,1150528,168.76,3,2,2,有,有,21830000,146871,坡道平面,31.02,1600000,預售屋、或土地及建物分件登記案件；,RPOVMLTLOHLGFAB98DA,83.09,0.0,7.97,有,
南區,房地(土地+建物)+車位,臺中市南區新華街１５８號二十樓之１０,19.11,都市：其他:第五種住宅區,,,1110717,土地3建物1車位2,二十層,二十六層,住宅大樓(11層含以上有電梯),住家用,鋼筋混凝土造,1150528,198.57,3,2,2,有,有,24450000,152098,坡道平面,60.83,3500000,預售屋、或土地及建物分件登記案件；,RPQVMLTLOHLGFAB56DA,83.09,0.0,7.97,有,
南區,房地(土地+建物)+車位,臺中市南區新華街１５８號十八樓之１１,18.37,都市：其他:第五種住宅區,,,1110715,土地3建物1車位2,十八層,二十六層,住宅大樓(11層含以上有電梯),住家用,鋼筋混凝土造,1150528,193.38,3,2,2,有,有,22850000,145983,坡道平面,60.83,3500000,預售屋、或土地及建物分件登記案件；,RPSVMLTLOHLGFAB76DA,80.64,0.0,6.96,有,
南區,房地(土地+建物)+車位,臺中市南區新華街１５８號六樓之１,25.26,都市：其他:第五種住宅區,,,1110717,土地3建物1車位2,六層,二十六層,住宅大樓(11層含以上有電梯),住家用,鋼筋混凝土造,1150528,243.79000000000002,4,2,2,有,有,31380000,150646,坡道平面,62.04,4000000,預售屋、或土地及建物分件登記案件；,RPTOMLRJPHLGFAB48DA,110.28,0.0,9.89,有,
南區,房地(土地+建物)+車位,臺中市南區新華街１５８號四樓之３,20.12,都市：其他:第五種住宅區,,,1110724,土地3建物1車位1,四層,二十六層,住宅大樓(11層含以上有電梯),住家用,鋼筋混凝土造,1150528,175.87,3,2,2,有,有,22590000,144909,坡道平面,31.02,1600000,114.10.27讓渡，讓渡金額：2270萬。預售屋、或土地及建物分件登記案件；,RPWOMLRJPHLGFAB78DA,87.08,0.0,8.75,有,
南區,房地(土地+建物)+車位,臺中市南區新華街１５８號十樓之３,20.12,都市：其他:第五種住宅區,,,1110717,土地3建物1車位1,十層,二十六層,住宅大樓(11層含以上有電梯),住家用,鋼筋混凝土造,1150528,175.87,3,2,2,有,有,23500000,149810,坡道平面,31.02,1800000,114.12.4讓渡，讓渡金額：2375萬。預售屋、或土地及建物分件登記案件；,RPXOMLRJPHLGFAB88DA,87.08,0.0,8.75,有,
南區,房地(土地+建物)+車位,臺中市南區新華街１５８號二十二樓之５,18.27,都市：其他:第五種住宅區,,,1110721,土地3建物1車位2,二十二層,二十六層,住宅大樓(11層含以上有電梯),住家用,鋼筋混凝土造,1150528,193.64,3,2,2,有,有,23780000,150304,坡道平面,62.04,4000000,預售屋、或土地及建物分件登記案件；,RPPPMLRJPHLGFAB18DA,78.63,0.0,8.37,有,
南區,房地(土地+建物)+車位,臺中市南區新華街１５８號二十六樓之８,18.85,都市：其他:第五種住宅區,,,1110724,土地3建物1車位2,二十六層,二十六層,住宅大樓(11層含以上有電梯),住家用,鋼筋混凝土造,1150528,197.59,3,2,2,有,有,25000000,157875,坡道平面,62.04,3600000,預售屋、或土地及建物分件登記案件；,RPXNMLSJPHLGFAB88DA,81.36,0.0,8.29,有,
南區,房地(土地+建物)+車位,臺中市南區新華街１５８號十九樓之６,18.8,都市：其他:第五種住宅區,,,1110718,土地3建物1車位2,十九層,二十六層,住宅大樓(11層含以上有電梯),住家用,鋼筋混凝土造,1150528,197.37,3,2,2,有,有,23830000,149486,坡道平面,62.04,3600000,預售屋、或土地及建物分件登記案件；,RPOOMLKKPHLGFAB37DA,81.15,0.0,8.37,有,
南區,房地(土地+建物)+車位,臺中市南區新華街１５８號五樓之９,18.06,都市：其他:第五種住宅區,,,1110718,土地3建物1車位1,五層,二十六層,住宅大樓(11層含以上有電梯),住家用,鋼筋混凝土造,1150528,160.85,3,2,2,有,有,19630000,140414,坡道平面,31.02,1400000,預售屋、或土地及建物分件登記案件；,RPPOMLKKPHLGFAB47DA,77.1,0.0,8.65,有,
南區,房地(土地+建物)+車位,臺中市南區新華街１５８號十四樓之２,23.46,都市：其他:第五種住宅區,,,1110717,土地3建物1車位2,十四層,二十六層,住宅大樓(11層含以上有電梯),住家用,鋼筋混凝土造,1150528,230.97000000000003,4,2,2,有,有,30200000,152726,坡道平面,62.04,4400000,預售屋、或土地及建物分件登記案件；,RPQOMLQKPHLGFAB18DA,101.98,0.0,9.7,有,
南區,房地(土地+建物)+車位,臺中市南區新華街１５８號十七樓之２,23.46,都市：其他:第五種住宅區,,,1110718,土地3建物1車位2,十七層,二十六層,住宅大樓(11層含以上有電梯),住家用,鋼筋混凝土造,1150528,230.97000000000003,4,2,2,有,有,30510000,154561,坡道平面,62.04,4400000,預售屋、或土地及建物分件登記案件；,RPROMLQKPHLGFAB28DA,101.98,0.0,9.7,有,
南區,房地(土地+建物)+車位,臺中市南區新華街１５８號十三樓之３,20.12,都市：其他:第五種住宅區,,,1110716,土地3建物1車位2,十三層,二十六層,住宅大樓(11層含以上有電梯),住家用,鋼筋混凝土造,1150528,206.89,3,2,2,有,有,26360000,151605,坡道平面,62.04,4400000,113.11.4 二親等間讓渡，讓渡金額：2636萬元整。預售屋、或土地及建物分件登記案件；,RPSOMLQKPHLGFAB38DA,87.08,0.0,8.75,有,
西屯區,房地(土地+建物)+車位,臺中市西屯區市政北一路３３５號八樓之５,9.5,都市：其他:第六種新市政中心專用區,,,1110710,土地1建物1車位1,八層,三十七層,住宅大樓(11層含以上有電梯),住家用,鋼骨鋼筋混凝土造、鋼筋混凝土造,1150313,176.47,3,2,2,有,有,29410000,171710,坡道平面,16.84,2000000,預售屋、或土地及建物分件登記案件；,RPUOMLQKPHLGFCB78DA,88.06,4.53,13.94,有,
后里區,房地(土地+建物)+車位,臺中市后里區成功路４８１巷２號五樓之２,42.6,住,,,1110725,土地3建物1車位1,五層,十層,華廈(10層含以下有電梯),住家用,鋼筋混凝土造,1141226,183.75,3,2,2,有,有,9500000,59826,坡道平面,40.0,900000,755地號為本社區聯外之私設通路   無償移轉買方持分30468882/2524300000民國115年3月31日配偶間讓與預售屋、或土地及建物分件登記案件；,RPPNMLRKNHLGFDB18DA,91.99,0.0,8.76,有,
后里區,房地(土地+建物)+車位,臺中市后里區成功路４８１巷２號三樓之２,42.6,住,,,1110716,土地3建物1車位1,三層,十層,華廈(10層含以下有電梯),住家用,鋼筋混凝土造,1141226,183.75,3,2,2,有,有,8700000,54261,坡道平面,40.0,900000,755地號為本社區聯外私設通路 無償移轉買方持分30468882/2524300000民國115年5月11日 讓渡  價金新台幣1050萬元整預售屋、或土地及建物分件登記案件；,RPVOMLQJPHLGFDB88DA,91.99,0.0,8.76,有,
西屯區,房地(土地+建物)+車位,臺中市西屯區青海路二段５號五樓之８,7.58,商,,,1110608,土地1建物1車位1,五層,二十四層,住宅大樓(11層含以上有電梯),住家用,鋼骨鋼筋混凝土造,1141103,113.8,2,2,1,有,有,16400000,167611,坡道平面,27.29,1900000,預售屋、或土地及建物分件登記案件；,RPQOMLLLPHLGFCB97DA,51.61,0.0,5.0,有,
豐原區,房地(土地+建物)+車位,臺中市豐原區豐原大道三段２３９巷１１０號八樓之１,28.31,都市：其他:第二種住宅區,,,1110518,土地1建物1車位1,八層,十四層,住宅大樓(11層含以上有電梯),住家用,鋼筋混凝土造,1150424,152.26,3,2,2,有,有,16000000,118819,坡道平面,32.33,1750000,預售屋、或土地及建物分件登記案件；,RPTOMLMKOHLGFDB28DA,71.65,0.0,7.62,有,
豐原區,房地(土地+建物)+車位,臺中市豐原區豐原大道三段２３９巷１１０號八樓之２,28.31,都市：其他:第二種住宅區,,,1110518,土地1建物1車位1,八層,十四層,住宅大樓(11層含以上有電梯),住家用,鋼筋混凝土造,1150424,152.26,3,2,2,有,有,15930000,118236,坡道平面,32.33,1750000,預售屋、或土地及建物分件登記案件；,RPUOMLMKOHLGFDB38DA,71.65,0.0,7.62,有,
西屯區,房地(土地+建物)+車位,臺中市西屯區市政北一路３３５號五樓之１,11.46,都市：其他:第六種新市政中心專用區,,,1110508,土地1建物1車位2,五層,三十七層,住宅大樓(11層含以上有電梯),住家用,鋼骨鋼筋混凝土造、鋼筋混凝土造,1150313,216.45999999999998,4,2,2,有,有,38240000,177394,坡道平面,22.88,3900000,預售屋、或土地及建物分件登記案件；,RPTQMLOKPHLGFCB68DA,108.42,11.19,9.43,有,
西屯區,房地(土地+建物)+車位,臺中市西屯區市政北一路３３５號二十八樓之７,9.41,都市：其他:第六種新市政中心專用區,,,1110516,土地1建物1車位1,二十八層,三十七層,住宅大樓(11層含以上有電梯),住家用,鋼骨鋼筋混凝土造、鋼筋混凝土造,1150313,175.17000000000002,3,2,2,有,有,30820000,180762,坡道平面,16.84,2200000,轉讓日期民國112年1月19日預售屋、或土地及建物分件登記案件；,RPRRMLQKPHLGFCB78DA,85.65,10.96,9.05,有,
西屯區,房地(土地+建物)+車位,臺中市西屯區市政北一路３３５號三十六樓之５,9.44,都市：其他:第六種新市政中心專用區,,,1110514,土地1建物1車位1,三十六層,三十七層,住宅大樓(11層含以上有電梯),住家用,鋼骨鋼筋混凝土造、鋼筋混凝土造,1150313,175.64,3,2,2,有,有,31450000,184194,坡道平面,16.84,2200000,轉讓日期民國114年4月21日。預售屋、或土地及建物分件登記案件；,RPQNMLSKPHLGFCB48DA,88.06,4.76,13.1,有,
西屯區,房地(土地+建物)+車位,臺中市西屯區市政北一路３３５號十樓之１,11.46,都市：其他:第六種新市政中心專用區,,,1110430,土地1建物1車位1,十層,三十七層,住宅大樓(11層含以上有電梯),住家用,鋼骨鋼筋混凝土造、鋼筋混凝土造,1150313,210.42,4,2,2,有,有,37420000,181424,坡道平面,16.84,2300000,轉讓日期民國113年9月19日。預售屋、或土地及建物分件登記案件；,RPPOMLQKPHLGFCB28DA,108.42,11.19,9.43,有,
西屯區,房地(土地+建物)+車位,臺中市西屯區市政北一路３３５號三樓之２,11.49,都市：其他:第六種新市政中心專用區,,,1110429,土地1建物1車位1,三層,三十七層,住宅大樓(11層含以上有電梯),住家用,鋼骨鋼筋混凝土造、鋼筋混凝土造,1150313,210.60999999999999,4,2,2,有,有,39420000,191567,坡道平面,16.84,2300000,預售屋、或土地及建物分件登記案件；,RPQOMLQKPHLGFCB38DA,108.42,11.38,9.43,有,
西屯區,房地(土地+建物)+車位,臺中市西屯區市政北一路３３５號六樓之５,9.5,都市：其他:第六種新市政中心專用區,,,1110428,土地1建物1車位1,六層,三十七層,住宅大樓(11層含以上有電梯),住家用,鋼骨鋼筋混凝土造、鋼筋混凝土造,1150313,176.47,3,2,2,有,有,29210000,170457,坡道平面,16.84,2000000,預售屋、或土地及建物分件登記案件；,RPTOMLQKPHLGFCB68DA,88.06,4.53,13.94,有,
西屯區,房地(土地+建物)+車位,臺中市西屯區市政北一路３３５號二十七樓之６,9.38,都市：其他:第六種新市政中心專用區,,,1110430,土地1建物1車位1,二十七層,三十七層,住宅大樓(11層含以上有電梯),住家用,鋼骨鋼筋混凝土造、鋼筋混凝土造,1150313,174.89,3,2,2,有,有,31260000,183866,坡道平面,16.84,2200000,轉讓日期民國115年6月17日預售屋、或土地及建物分件登記案件；,RPORMLQKPHLGFCB48DA,85.65,10.68,9.05,有,
西屯區,房地(土地+建物)+車位,臺中市西屯區市政北一路３３５號二十二樓之８,9.65,都市：其他:第六種新市政中心專用區,,,1110430,土地1建物1車位1,二十二層,三十七層,住宅大樓(11層含以上有電梯),住家用,鋼骨鋼筋混凝土造、鋼筋混凝土造,1150313,179.39,3,2,2,有,有,30760000,176315,坡道平面,16.84,2100000,轉讓日期民國115年3月20日預售屋、或土地及建物分件登記案件；,RPTRMLQKPHLGFCB98DA,88.06,6.53,13.78,有,
西屯區,房地(土地+建物)+車位,臺中市西屯區青海路二段７號六樓之１１,6.56,商,,,1110402,土地1建物1車位1,六層,二十四層,住宅大樓(11層含以上有電梯),住家用,鋼骨鋼筋混凝土造,1141103,84.07,2,2,1,有,有,13020000,157951,坡道平面,9.87,1300000,轉售價格新台幣1302萬元整含車位，轉售日期民國115年05月26日。預售屋、或土地及建物分件登記案件；,RPPNMLLLPHLGFCB77DA,43.86,0.0,4.79,有,
西屯區,房地(土地+建物)+車位,臺中市西屯區青海路二段５號十樓之８,7.58,商,,,1110326,土地1建物1車位1,十層,二十四層,住宅大樓(11層含以上有電梯),住家用,鋼骨鋼筋混凝土造,1141103,113.8,2,2,1,有,有,16880000,169691,坡道平面,27.29,2200000,預售屋、或土地及建物分件登記案件；,RPROMLLLPHLGFCB08DA,51.61,0.0,5.0,有,
西屯區,房地(土地+建物)+車位,臺中市西屯區青海路二段５號十二樓之８,7.58,商,,,1110326,土地1建物1車位1,十二層,二十四層,住宅大樓(11層含以上有電梯),住家用,鋼骨鋼筋混凝土造,1141103,113.21000000000001,2,2,1,有,有,16950000,171671,坡道平面,27.29,2200000,預售屋、或土地及建物分件登記案件；,RPSOMLLLPHLGFCB18DA,51.31,0.0,5.0,有,
西屯區,房地(土地+建物)+車位,臺中市西屯區青海路二段５號二十二樓之１２,9.93,商,,,1110327,土地1建物1車位1,二十二層,二十四層,住宅大樓(11層含以上有電梯),住家用,鋼骨鋼筋混凝土造,1141103,140.59,3,2,2,有,有,23290000,183495,坡道平面,27.29,2500000,預售屋、或土地及建物分件登記案件；,RPUOMLLLPHLGFCB38DA,68.65,0.0,5.46,有,
西屯區,房地(土地+建物)+車位,臺中市西屯區青海路二段７號十七樓之８,7.48,商,,,1110318,土地1建物1車位1,十七層,二十四層,住宅大樓(11層含以上有電梯),住家用,鋼骨鋼筋混凝土造,1141103,112.18,2,2,1,有,有,16570000,169278,坡道平面,27.29,2200000,預售屋、或土地及建物分件登記案件；,RPQPMLLLPHLGFCB08DA,49.69,0.0,5.88,有,
西屯區,房地(土地+建物)+車位,臺中市西屯區青海路二段７號六樓之１３,7.48,商,,,1110322,土地1建物1車位1,六層,二十四層,住宅大樓(11層含以上有電梯),住家用,鋼骨鋼筋混凝土造,1141103,112.32,2,2,1,有,有,16250000,165236,坡道平面,27.29,2200000,預售屋、或土地及建物分件登記案件；,RPSPMLLLPHLGFCB28DA,49.98,0.0,5.73,有,
北屯區,房地(土地+建物)+車位,臺中市北屯區仁平街９９號五樓之６,42.05,都市：其他:第一之一種住宅區,,,1110111,土地1建物1車位2,五層,三十四層,住宅大樓(11層含以上有電梯),住家用,鋼骨鋼筋混凝土造,1140804,230.57,2,2,2,有,有,31600000,161260,坡道平面,71.82,6000000,簽約人與登記人不同轉讓予配偶名義。預售屋、或土地及建物分件登記案件；,RPQNMLKLPHLGFBB67DA,91.05,0.0,9.24,有,
西屯區,房地(土地+建物)+車位,臺中市西屯區惠中一街５８號十樓之２,13.92,都市：其他:第六種新市政中心專用區,,,1101125,土地1建物1車位1,十層,二十七層,住宅大樓(11層含以上有電梯),住家用,鋼骨造,1140904,201.66,1,2,2,有,有,37600000,207757,坡道平面,31.75,2300000,總價含工程加減帳及面積找補款98672元。加減後總價為37698672元。預售屋、或土地及建物分件登記案件；,RPQPMLTKNHLGFCB58DA,96.65,0.0,8.74,有,
西屯區,房地(土地+建物)+車位,臺中市西屯區臺灣大道三段７６３號三十五樓之８,6.08,商,,,1100308,土地1建物1車位1,三十五層,三十六層,住宅大樓(11層含以上有電梯),住家用,鋼骨造,1141028,116.31,2,2,1,有,有,10930000,108222,坡道平面,30.56,1650000,1.讓渡日期:115年6月16日                                                     2.此申報總價為原始買賣合約價預售屋、或土地及建物分件登記案件；,RPRPMLTJPHLGFCB78DA,46.38,4.0,5.8,有,
西屯區,房地(土地+建物)+車位,臺中市西屯區臺灣大道三段７６３號五樓之７,5.68,商,,,1100201,土地1建物1車位1,五層,三十六層,住宅大樓(11層含以上有電梯),住家用,鋼骨造,1141028,93.07,2,2,1,有,有,8880000,99222,坡道機械,12.14,850000,1.讓渡日期:113年2月1日2.此申報總價為八百九十五萬預售屋、或土地及建物分件登記案件；,RPWNMLTJPHLGFCB09DA,47.1,1.43,4.5,有,
西屯區,房地(土地+建物)+車位,臺中市西屯區臺灣大道三段７６５號十一樓之１７,5.76,商,,,1100127,土地1建物1車位1,十一層,三十六層,住宅大樓(11層含以上有電梯),住家用,鋼骨造,1141028,93.77000000000001,2,2,1,有,有,9200000,102291,坡道機械,12.14,850000,1.讓渡日期:112年11月7日2.此申報總價為原始買賣合約價格預售屋、或土地及建物分件登記案件；,RPPOMLTJPHLGFCB48DA,47.17,1.85,4.43,有,
西屯區,房地(土地+建物)+車位,臺中市西屯區臺灣大道三段７６３號四樓之１３,5.76,商,,,1091204,土地1建物1車位1,四層,三十六層,住宅大樓(11層含以上有電梯),住家用,鋼骨造,1141028,97.5,2,2,1,有,有,9150000,97235,坡道機械,12.14,850000,預售屋、或土地及建物分件登記案件；,RPQPMLQLNHLGFCB38DA,49.0,3.0,3.92,有,
西屯區,房地(土地+建物)+車位,臺中市西屯區臺灣大道三段７６３號二十六樓之１１,6.32,商,,,1090801,土地1建物1車位1,二十六層,三十六層,住宅大樓(11層含以上有電梯),住家用,鋼骨造,1141028,120.0,2,2,1,有,有,11150000,109012,坡道平面,30.56,1400000,1.讓渡日期:115/05/132.此申報總價為原始買賣合約價格預售屋、或土地及建物分件登記案件；,RPXOMLTJPHLGFCB66DA,49.55,4.73,4.33,有,
西屯區,房地(土地+建物)+車位,臺中市西屯區臺灣大道三段７６３號二十七樓之１３,6.08,商,,,1090725,土地1建物1車位1,二十七層,三十六層,住宅大樓(11層含以上有電梯),住家用,鋼骨造,1141028,115.95,2,2,1,有,有,10910000,110200,坡道平面,30.56,1500000,預售屋、或土地及建物分件登記案件；,RPRNMLPLOHLGFCB28DA,49.04,3.0,3.92,有,
西屯區,房地(土地+建物)+車位,臺中市西屯區臺灣大道三段７６５號九樓之１７,5.76,商,,,1090702,土地1建物1車位1,九層,三十六層,住宅大樓(11層含以上有電梯),住家用,鋼骨造,1141028,93.32,2,2,1,有,有,9400000,104090,坡道機械,12.14,950000,1.讓渡日期:113年7月9日2.此申報總價為995萬元預售屋、或土地及建物分件登記案件；,RPOOMLTJPHLGFCB38DA,46.9,1.85,4.39,有,
西屯區,房地(土地+建物)+車位,臺中市西屯區臺灣大道三段７６１號十一樓之１０,6.0,商,,,1090725,土地1建物1車位1,十一層,三十六層,住宅大樓(11層含以上有電梯),住家用,鋼骨造,1141028,115.91,2,2,1,有,有,10560000,106151,坡道平面,30.56,1500000,預售屋、或土地及建物分件登記案件；,RPQOMLTJPHLGFCB58DA,49.04,2.96,3.92,有,
西屯區,房地(土地+建物)+車位,臺中市西屯區臺灣大道三段７６１號三十一樓之６,5.68,商,,,1090703,土地1建物1車位1,三十一層,三十六層,住宅大樓(11層含以上有電梯),住家用,鋼骨造,1141028,108.0,2,2,1,有,有,10200000,114207,坡道平面,28.32,1100000,1.讓渡日期:113年12月2日2.此申報總價為原始買賣合約價格預售屋、或土地及建物分件登記案件；,RPOPMLTJPHLGFCB48DA,45.59,2.13,4.47,有,
西屯區,房地(土地+建物)+車位,臺中市西屯區臺灣大道三段７６１號三十二樓之５,7.54,商,,,1090703,土地1建物1車位1,三十二層,三十六層,住宅大樓(11層含以上有電梯),住家用,鋼骨造,1141028,137.4,3,2,2,有,有,13950000,114189,坡道平面,30.56,1750000,1.讓渡日期:111年3月16日2.此申報總價為1460萬元預售屋、或土地及建物分件登記案件；,RPPPMLTJPHLGFCB58DA,62.09,2.96,4.96,有,
西屯區,房地(土地+建物)+車位,臺中市西屯區臺灣大道三段７６５號三十五樓之１２,6.57,商,,,1090715,土地1建物1車位1,三十五層,三十六層,住宅大樓(11層含以上有電梯),住家用,鋼骨造,1141028,123.97,3,2,1,有,有,12350000,113478,坡道平面,30.56,1750000,1.讓渡日期:115/01/052.此申報總價為原始買賣合約價格預售屋、或土地及建物分件登記案件；,RPQPMLTJPHLGFCB68DA,55.26,1.55,4.38,有,
西屯區,房地(土地+建物)+車位,臺中市西屯區臺灣大道三段７６５號三十六樓之３,7.54,商,,,1090729,土地1建物1車位1,三十六層,三十六層,住宅大樓(11層含以上有電梯),住家用,鋼骨造,1141028,138.59,3,2,2,有,有,13420000,111265,坡道平面,30.56,1400000,預售屋、或土地及建物分件登記案件；,RPSPMLTJPHLGFCB88DA,64.84,1.84,4.1,有,
