鄉鎮市區,交易標的,土地位置建物門牌,土地移轉總面積平方公尺,都市土地使用分區,非都市土地使用分區,非都市土地使用編定,交易年月日,交易筆棟數,移轉層次,總樓層數,建物型態,主要用途,主要建材,建築完成年月,建物移轉總面積平方公尺,建物現況格局-房,建物現況格局-廳,建物現況格局-衛,建物現況格局-隔間,有無管理組織,總價元,單價元平方公尺,車位類別,車位移轉總面積平方公尺,車位總價元,備註,編號,主建物面積,附屬建物面積,陽台面積,電梯,移轉編號
The villages and towns urban district,transaction sign,land sector position building sector house number plate,land shifting total area square meter,the use zoning or compiles and checks,the non-metropolis land use district,non-metropolis land use,transaction year month and day,transaction pen number,shifting level,total floor number,building state,main use,main building materials,construction to complete the years,building shifting total area,Building present situation pattern - room,building present situation pattern - hall,building present situation pattern - health,building present situation pattern - compartmented,Whether there is manages the organization,total price NTD,the unit price (NTD / square meter),the berth category,berth shifting total area square meter,the berth total price NTD,the note,serial number,main building area,auxiliary building area,balcony area,elevator,transaction number
霧峰區,土地,丁台二段744地號,617.42,,特定農業區,農牧用地,1150805,土地2建物0車位0,,,其他,,,,0.0,0,0,0,無,無,3642789,5900,,0.0,0,親友、員工、共有人或其他特殊關係間之交易；,RPWNMLPJQHLGFIB76DA,0.0,0.0,0.0,無,
中區,房地(土地+建物),臺中市中區自由路二段１３５號七樓之６,3.27,都市：其他:第二種商業區,,,1150803,土地2建物1車位0,七層,十一層,住宅大樓(11層含以上有電梯),商業用,鋼骨混凝土造,0680207,27.14,1,0,1,有,有,2900000,106853,,0.0,0,受債權債務關係影響或債務抵償；,RPROMLQJQHLGFAB28DA,23.41,0.0,0.0,有,
豐原區,房地(土地+建物)+車位,臺中市豐原區保康路５２號四樓之３,30.84,都市：其他:第二種住宅區,,,1150803,土地2建物1車位1,四層,十一層,住宅大樓(11層含以上有電梯),住家用,鋼筋混凝土造,1050623,129.10000000000002,2,2,1,有,有,11500000,89078,坡道平面,32.97,0,,RPSNMLQJQHLGFDB58DA,57.22,0.0,6.87,有,0001
和平區,土地,環山段647地號,1111.33,,山坡地保育區,農牧用地,1150804,土地1建物0車位0,,,其他,,,,0.0,0,0,0,無,無,400000,360,,0.0,0,農作物；,RPQNMLRJQHLGFGB78DA,0.0,0.0,0.0,無,
大甲區,土地,黎明段327-2地號,7.04,都市：其他:住宅區,,,1150805,土地1建物0車位0,,,其他,,,,0.0,0,0,0,無,無,213500,30327,,0.0,0,,RPPNMLMKQHLGFEB18EA,0.0,0.0,0.0,無,
東區,車位,臺中市東區東英十一街７７號等公共設施,0.0,,,,1150805,土地0建物1車位5,,,其他,,,,136.0,0,0,0,無,有,7500000,,坡道平面,136.0,7500000,編號14號及21號在地下二樓編號39號 43號及47號在地下一樓；建物坐落地號：旱清段235地號；僅車位交易；,RPUNMLLKQHLGFAB08DA,0.0,0.0,0.0,有,
大里區,土地,仁化段865-1地號,107.2,都市：其他:住宅區,,,1150803,土地2建物0車位0,,,其他,,,,0.0,0,0,0,無,無,10050000,93750,,0.0,0,,RPOOMLOJQHLGFIB58DA,0.0,0.0,0.0,無,
龍井區,土地,竹泉段176-100地號,16.0,都市：其他:第二種商業區,,,1150803,土地1建物0車位0,,,其他,,,,0.0,0,0,0,無,無,955000,59688,,0.0,0,總價包含地上未保存建物之價格。親友、員工、共有人或其他特殊關係間之交易；未登記建物；,RPPNMLKKQHLGFKB48DA,0.0,0.0,0.0,無,
神岡區,房地(土地+建物)+車位,臺中市神岡區大漢街１巷５２號四樓,18.43,都市：其他:第一之一種住宅區,,,1150803,土地1建物1車位1,四層,七層,華廈(10層含以下有電梯),住家用,鋼筋混凝土造,0850202,117.4,3,1,1,有,有,7000000,59625,坡道平面,0.0,0,,RPSNMLOJQHLGFDB38DA,60.32,1.56,12.04,有,0002
太平區,土地,樹孝段50地號,71.82,都市：其他:住宅區,,,1150803,土地1建物0車位0,,,其他,,,,0.0,0,0,0,無,無,8260000,115010,,0.0,0,,RPXOMLOJQHLGFJB96DA,0.0,0.0,0.0,無,
太平區,土地,樹孝段485地號,18.19,都市：其他:住宅區,,,1150807,土地1建物0車位0,,,其他,,,,0.0,0,0,0,無,無,688041,37825,,0.0,0,,RPRNMLNKQHLGFJB88DA,0.0,0.0,0.0,無,0003
太平區,土地,樹孝段486地號,0.36,都市：其他:住宅區,,,1150807,土地1建物0車位0,,,其他,,,,0.0,0,0,0,無,無,11959,0,,0.0,0,包含公共設施保留地用地；,SPRNMLNKQHLGFJB98DA,0.0,0.0,0.0,無,0004
神岡區,土地,新圳段584地號,123.44,,一般農業區,農牧用地,1150804,土地2建物0車位0,,,其他,,,,0.0,0,0,0,無,無,1896039,15360,,0.0,0,政府機關標讓售；,RPPNMLNKQHLGFDB08DA,0.0,0.0,0.0,無,
大雅區,土地,三和段1092-1地號,25.83,都市：其他:道路用地,,,1150806,土地2建物0車位0,,,其他,,,,0.0,0,0,0,無,無,266713,10326,,0.0,0,包含公共設施保留地用地；,RPRNMLNJQHLGFHB58DA,0.0,0.0,0.0,無,
潭子區,房地(土地+建物),臺中市潭子區興華一路３１１巷１８號,29.09,都市：其他:第一之二種住宅區,,,1150803,土地3建物1車位0,全,二層,透天厝,其他,加強磚造,0670822,45.07,7,2,2,有,無,3100000,68782,,0.0,0,其他增建；,RPRNMLKKQHLGFHB38DA,45.07,0.0,0.0,無,0005
龍井區,房地(土地+建物)+車位,臺中市龍井區遠東街４７號十樓之１２,20.52,都市：其他:第二種住宅區,,,1150802,土地1建物1車位1,十層,十層,華廈(10層含以下有電梯),住家用,鋼筋混凝土造,1140311,115.49000000000001,2,2,1,有,有,12000000,103905,坡道平面,32.75,0,,RPQNMLPJQHLGFKB98DA,50.14,0.0,4.6,有,0006
大甲區,土地,西岐段348-2地號,4.1,,鄉村區,乙種建築用地,1150805,土地1建物0車位0,,,其他,,,,0.0,0,0,0,無,無,124000,30244,,0.0,0,,RPPNMLOKQHLGFEB38EA,0.0,0.0,0.0,無,
南區,房地(土地+建物),臺中市南區忠孝路６６巷６號３樓,22.65,都市：其他:第二種住宅區,,,1150801,土地1建物1車位0,三層,五層,公寓(5樓含以下無電梯),住家用,鋼筋混凝土造,0771018,87.17,3,2,2,有,有,4500000,51623,,0.0,0,,RPSOMLOJQHLGFAB18DA,66.94,0.0,11.74,無,
北屯區,房地(土地+建物)+車位,臺中市北屯區敦富路７１１號十樓之８,14.98,都市：其他:第二之一種住宅區,,,1150802,土地2建物1車位1,十層,二十二層,住宅大樓(11層含以上有電梯),住家用,鋼筋混凝土造,1130521,123.44999999999999,2,2,1,有,有,15000000,121507,坡道平面,30.08,0,,RPUNMLMKQHLGFBB28DA,56.98,0.0,4.81,有,0007
北區,房地(土地+建物),臺中市北區中清路一段６０８號四樓之１３,3.58,都市：其他:第二種住宅區,,,1150806,土地1建物1車位0,四層,二十層,住宅大樓(11層含以上有電梯),住家用,鋼筋混凝土造,0880616,43.06,1,0,1,有,有,2500000,58059,,0.0,0,,RPQNMLMKQHLGFBB87DA,23.73,0.0,5.26,有,
西屯區,房地(土地+建物),臺中市西屯區櫻城二街２０號三樓之８,3.63,都市：其他:第三之二種住宅區,,,1150803,土地1建物1車位0,三層,七層,華廈(10層含以下有電梯),住家用,鋼筋混凝土造,0840424,20.43,1,0,1,有,有,2000000,97895,,0.0,0,,RPOSMLNKQHLGFCB38DA,11.81,0.0,2.17,有,
外埔區,土地,大東段520-2地號,15.27,,鄉村區,乙種建築用地,1150812,土地1建物0車位0,,,其他,,,,0.0,0,0,0,無,無,1060000,69417,,0.0,0,,RPQNMLMKQHLGFEB18DA,0.0,0.0,0.0,無,
大里區,房地(土地+建物)+車位,臺中市大里區塗城路３６８巷２１號九樓之５,20.82,,鄉村區,乙種建築用地,1150801,土地1建物1車位1,九層,十二層,住宅大樓(11層含以上有電梯),住家用,鋼筋混凝土造,1120424,104.86,2,1,1,有,有,10380000,98989,坡道平面,24.88,0,,RPPOMLNKQHLGFIB68DA,49.07,0.0,4.63,有,
大甲區,土地,西岐段473地號,702.06,,特定農業區,農牧用地,1150812,土地1建物0車位0,,,其他,,,,0.0,0,0,0,無,無,2667828,3800,,0.0,0,政府機關標讓售；,RPPNMLTKQHLGFEB88EA,0.0,0.0,0.0,無,
西區,房地(土地+建物),臺中市西區五權西六街５６號,47.4,都市：其他:第二種住宅區,,,1150717,土地1建物1車位0,一層,二層,公寓(5樓含以下無電梯),住家用,加強磚造,0610519,38.92,3,2,1,有,無,3329720,85553,,0.0,0,親友、員工、共有人或其他特殊關係間之交易；,RPXNMLQKPHLGFAB78DA,38.92,0.0,0.0,無,
南區,房地(土地+建物),臺中市南區台中路７８巷１５號,41.0,都市：其他:市場用地,,,1150725,土地1建物1車位0,全,一層,透天厝,住家用,木造,,38.01,2,2,2,有,無,5700000,149961,,0.0,0,本案建物價格新台幣60000元整，土地價格新台幣5640000元整。其他增建；,RPQOMLRLPHLGFAB38DA,38.01,0.0,0.0,無,
西區,土地,科博段246地號,2.19,都市：其他:第三種商業區,,,1150727,土地2建物0車位0,,,其他,,,,0.0,0,0,0,無,無,124108,56670,,0.0,0,含仲介費4773元；,RPWNMLKMPHLGFAB28DA,0.0,0.0,0.0,無,0008
西區,土地,科博段300地號,11.5,都市：其他:第三種商業區,,,1150727,土地1建物0車位0,,,其他,,,,0.0,0,0,0,無,無,2171365,188814,,0.0,0,含仲介費83514元；,RPXNMLKMPHLGFAB38DA,0.0,0.0,0.0,無,0009
西區,房地(土地+建物),臺中市西區三民路１段５０巷８號９樓之２５,2.2,都市：其他:第二種住宅區,,,1150724,土地3建物1車位0,九層,十九層,住宅大樓(11層含以上有電梯),住家用,鋼筋混凝土造,0840113,28.869999999999997,1,0,1,有,有,1980000,68583,,0.0,0,親友、員工、共有人或其他特殊關係間之交易；,RPRNMLLMPHLGFAB87DA,15.84,0.0,2.18,有,0010
北屯區,土地,陳平段739-5地號,17.25,都市：其他:機關用地,,,1150708,土地1建物0車位0,,,其他,,,,0.0,0,0,0,無,無,1150000,66667,,0.0,0,道路用地本案買賣雙方之服務勞務報酬合計為買賣價金之6%，由買方全額負擔。包含公共設施保留地用地；,RPQNMLLLPHLGFBB77DA,0.0,0.0,0.0,無,
北屯區,房地(土地+建物),臺中市北屯區天津路四段３０９號１４樓之６,1.88,都市：其他:第一種商業區,,,1150728,土地1建物1車位0,十四層,二十四層,住宅大樓(11層含以上有電梯),住家用,鋼筋混凝土造,0840626,28.72,1,0,1,有,有,2200000,76602,,0.0,0,,RPOTMLOLPHLGFBB48DA,16.76,0.0,2.42,有,
北屯區,房地(土地+建物)+車位,臺中市北屯區洲際路１６號,33.39,都市：其他:第一之一種住宅區,,,1150712,土地1建物1車位2,一層,十五層,住宅大樓(11層含以上有電梯),商業用,鋼筋混凝土造,1140908,167.3,0,1,1,有,有,29000000,248184,坡道平面,68.18,4400000,,RPSNMLRLPHLGFBB58DA,76.13,0.0,0.0,有,0011
北區,房地(土地+建物),臺中市北區進化北路３７８之３４號,80.0,都市：其他:第三種住宅區。,,,1150718,土地1建物1車位0,全,四層,透天厝,住商用,鋼筋混凝土造,0770116,280.4,5,3,4,有,有,22000000,78459,,0.0,0,其他增建；,RPTNMLRLPHLGFBB68DA,246.21,25.43,8.76,無,
北區,房地(土地+建物),臺中市北區健行路８６巷７弄１７之２號,61.0,都市：其他:第二種住宅區,,,1150720,土地1建物1車位0,全,五層,透天厝,住家用,鋼筋混凝土造,1141124,239.72,11,0,11,有,無,38800000,161855,,0.0,0,,RPVNMLRLPHLGFBB88DA,221.17,0.0,18.55,有,
北區,房地(土地+建物),臺中市北區梅亭街９０巷２號,66.5,都市：其他:第二種住宅區,,,1150720,土地3建物1車位0,全,五層,透天厝,住家用,鋼筋混凝土造,1141124,236.93,11,0,11,有,無,38800000,163761,,0.0,0,,RPXNMLRLPHLGFBB09DA,215.64,0.0,21.29,有,
北屯區,土地,太祥段227地號,146.4,都市：其他:第三種住宅區。,,,1150717,土地1建物0車位0,,,其他,,,,0.0,0,0,0,無,無,21478000,146708,,0.0,0,,RPWPMLTLPHLGFBB76DA,0.0,0.0,0.0,無,0012
北屯區,房地(土地+建物)+車位,臺中市北屯區崇德路二段３１９號１２樓之２,6.63,都市：其他:第一種商業區,,,1150705,土地1建物1車位1,十二層,二十五層,住宅大樓(11層含以上有電梯),住家用,鋼筋混凝土造,0861001,102.94999999999999,2,2,1,有,有,8600000,83544,坡道機械,0.0,0,陽台外推；其他增建；,RPPQMLOJQHLGFBB18DA,52.08,3.78,11.35,有,0013
北區,車位,臺中市北區進化北路３１７號等公共設施,0.26,都市：其他:第一種商業區,,,1150722,土地2建物1車位1,,,其他,,,,15.94,0,0,0,無,有,630000,,坡道機械,15.94,630000,僅車位交易；,RPQVMLPJQHLGFBB88DA,0.0,0.0,0.0,有,0014
北屯區,房地(土地+建物)+車位,臺中市北屯區興安路二段９６號十二樓之１,20.99,都市：其他:第二種住宅區,,,1150710,土地1建物1車位1,十二層,十五層,住宅大樓(11層含以上有電梯),住家用,鋼筋混凝土造,1150507,152.32999999999998,3,2,2,有,有,17900000,117508,坡道平面,24.19,0,,RPQOMLQJQHLGFBB28DA,77.61,0.0,7.65,有,0015
西屯區,房地(土地+建物)+車位,臺中市西屯區國安一路２２９號二十一樓之１,12.17,都市：其他:第六種住宅區,,,1150704,土地1建物1車位2,二十一層,二十一層,住宅大樓(11層含以上有電梯),住家用,鋼筋混凝土造,1031113,135.59,2,2,2,有,有,15800000,116528,坡道機械,40.42,0,,RPUOMLSJPHLGFCB88DA,54.89,1.3,6.36,有,0016
南屯區,車位,臺中市南屯區永春東七路５５０號三樓之３等公共設施,0.0,,,,1150704,土地0建物1車位2,,,其他,,,,93.91,0,0,0,無,有,3850000,,坡道平面,63.55,3850000,建物坐落地號：永春段105地號；僅車位交易；,RPRQMLQKPHLGFCB68DA,0.0,0.0,0.0,有,0017
南屯區,車位,臺中市南屯區永春東七路５５０號三樓之３等公共設施,0.0,,,,1150714,土地0建物1車位1,,,其他,,,,30.36,0,0,0,無,有,1850000,,坡道平面,30.36,1850000,建物坐落地號：永春段105地號；僅車位交易；,RPSNMLRLPHLGFCB68DA,0.0,0.0,0.0,有,0017
西屯區,房地(土地+建物),臺中市西屯區上明二街２８號,12.53,都市：其他:第三之二種住宅區,,,1150706,土地1建物1車位0,一層,十四層,住宅大樓(11層含以上有電梯),商業用,鋼筋混凝土造,0850119,33.08,0,0,0,無,有,4630000,139964,,0.0,0,其他增建；,RPWOMLSLPHLGFCB66DA,21.27,4.26,0.0,有,
西屯區,土地,廣昌段307地號,40.14,都市：其他:第二種住宅區,,,1150716,土地7建物0車位0,,,其他,,,,0.0,0,0,0,無,無,7707003,192003,,0.0,0,協議價購；,RPRPMLNJQHLGFCB28DA,0.0,0.0,0.0,無,0019
西屯區,土地,廣昌段307地號,30.11,都市：其他:第二種住宅區,,,1150716,土地7建物0車位0,,,其他,,,,0.0,0,0,0,無,無,5780252,191971,,0.0,0,協議價購；,RPSPMLNJQHLGFCB38DA,0.0,0.0,0.0,無,0019
西屯區,土地,廣昌段307地號,40.14,都市：其他:第二種住宅區,,,1150716,土地7建物0車位0,,,其他,,,,0.0,0,0,0,無,無,7707003,192003,,0.0,0,協議價購；,RPTPMLNJQHLGFCB48DA,0.0,0.0,0.0,無,0019
西屯區,土地,廣昌段307地號,40.14,都市：其他:第二種住宅區,,,1150716,土地7建物0車位0,,,其他,,,,0.0,0,0,0,無,無,7707003,192003,,0.0,0,協議價購；,RPUPMLNJQHLGFCB58DA,0.0,0.0,0.0,無,0019
西屯區,土地,廣昌段307地號,30.11,都市：其他:第二種住宅區,,,1150716,土地7建物0車位0,,,其他,,,,0.0,0,0,0,無,無,5780252,191971,,0.0,0,協議價購；,RPVPMLNJQHLGFCB68DA,0.0,0.0,0.0,無,0019
西屯區,土地,廣昌段307地號,15.57,都市：其他:第二種住宅區,,,1150716,土地5建物0車位0,,,其他,,,,0.0,0,0,0,無,無,2989511,192005,,0.0,0,協議價購；,RPWPMLNJQHLGFCB78DA,0.0,0.0,0.0,無,0019
西屯區,房地(土地+建物)+車位,臺中市西屯區市政北七路９８號十五樓之１,43.62,都市：其他:第四種新市政中心專用區,,,1150703,土地1建物2車位2,十五層,三十九層,住宅大樓(11層含以上有電梯),辦公用,鋼骨造,1070613,792.71,0,0,0,無,有,151480000,191091,坡道平面,63.82,0,毛胚屋；,RPVPMLOJQHLGFCB78DA,412.56,0.0,25.12,有,
西屯區,房地(土地+建物)+車位,臺中市西屯區市政北七路９８號十五樓之２,43.62,都市：其他:第四種新市政中心專用區,,,1150703,土地1建物2車位2,十五層,三十九層,住宅大樓(11層含以上有電梯),辦公用,鋼骨造,1070613,792.71,0,0,0,無,有,151480000,191091,坡道平面,63.82,0,毛胚屋；,SPVPMLOJQHLGFCB88DA,412.56,0.0,25.12,有,
西屯區,土地,國安段163-4地號,54.47,都市：其他:第一之一種住宅區,,,1150709,土地1建物0車位0,,,其他,,,,0.0,0,0,0,無,無,7476586,137261,,0.0,0,包含公共設施保留地用地；,RPOOMLPJQHLGFCB08DA,0.0,0.0,0.0,無,0025
西屯區,土地,國安段163-4地號,70.73,都市：其他:第一之一種住宅區,,,1150709,土地1建物0車位0,,,其他,,,,0.0,0,0,0,無,無,9707857,137252,,0.0,0,包含公共設施保留地用地；,RPQOMLPJQHLGFCB28DA,0.0,0.0,0.0,無,0025
南屯區,房地(土地+建物)+車位,臺中市南屯區文心路一段１之１號十八樓之３,8.46,都市：其他:第四種商業區,,,1150712,土地1建物1車位1,十八層,二十四層,住宅大樓(11層含以上有電梯),住家用,鋼筋混凝土造,1120419,126.47999999999999,2,2,1,有,有,17580000,138994,坡道平面,29.46,0,,RPPPMLPJQHLGFCB28DA,55.14,3.46,5.84,有,0027
豐原區,房地(土地+建物)+車位,臺中市豐原區富陽路７號十一樓之２,41.37,都市：其他:第一之二種住宅區,,,1150703,土地1建物1車位2,十一層,十二層,住宅大樓(11層含以上有電梯),住家用,鋼筋混凝土造,1081227,192.0,3,2,2,有,有,13980000,72813,坡道平面,63.36,0,,RPTSMLNKPHLGFDB88DA,72.57,0.0,8.2,有,0028
大安區,土地,安田段741地號,174.06,,特定農業區,甲種建築用地,1150724,土地1建物0車位0,,,其他,,,,0.0,0,0,0,無,無,263250,1512,,0.0,0,親友、員工、共有人或其他特殊關係間之交易；未登記建物；,RPVNMLOLPHLGFEB88DA,0.0,0.0,0.0,無,
大安區,土地,安行段322-1地號,53.0,,特定農業區,甲種建築用地,1150729,土地1建物0車位0,,,其他,,,,0.0,0,0,0,無,無,721462,13612,,0.0,0,本買賣標的每坪以新台幣45000元計算。親友、員工、共有人或其他特殊關係間之交易；未登記建物；,RPSNMLLMPHLGFEB38DA,0.0,0.0,0.0,無,
大甲區,土地,幸福段413地號,14.71,都市：其他:道路用地,,,1150717,土地1建物0車位0,,,其他,,,,0.0,0,0,0,無,無,388800,26431,,0.0,0,,RPRNMLOJQHLGFEB38DA,0.0,0.0,0.0,無,
梧棲區,房地(土地+建物)+車位,臺中市梧棲區臨港路四段５９２號七樓之５,9.96,都市：其他:第四種商業區,,,1150703,土地1建物1車位1,七層,二十四層,住宅大樓(11層含以上有電梯),住家用,鋼筋混凝土造,1131216,128.45,2,2,1,有,有,7900000,61503,坡道平面,26.13,0,,RPUNMLMLPHLGFFB68DA,61.67,2.86,4.75,有,0029
大雅區,房地(土地+建物)+車位,臺中市大雅區學府路４６７巷７號三樓之３,24.33,都市：其他:第二種住宅區,,,1150713,土地1建物1車位1,三層,十二層,住宅大樓(11層含以上有電梯),住家用,鋼筋混凝土造,1041209,143.38,2,2,2,有,有,11000000,76719,坡道平面,40.9,0,車位編號：06號,RPSNMLPKPHLGFHB88DA,57.33,0.0,9.67,有,
大里區,土地,西榮段910地號,22.01,,,,1150720,土地3建物0車位0,,,其他,,,,0.0,0,0,0,無,無,436690,19841,,0.0,0,包含公共設施保留地用地；,RPVNMLOLPHLGFIB66DA,0.0,0.0,0.0,無,
大里區,土地,金城段356地號,89.58,都市：其他:住宅區,,,1150723,土地1建物0車位0,,,其他,,,,0.0,0,0,0,無,無,1672619,18672,,0.0,0,包含公共設施保留地用地；,RPXNMLQJQHLGFIB96DA,0.0,0.0,0.0,無,
大里區,土地,東榮段244地號,62.03,都市：其他:住宅區,,,1150717,土地1建物0車位0,,,其他,,,,0.0,0,0,0,無,無,1011461,16306,,0.0,0,包含公共設施保留地用地；,RPVNMLKKQHLGFIB88DA,0.0,0.0,0.0,無,0030
大里區,土地,金城段321地號,146.46,都市：其他:住宅區,,,1150717,土地2建物0車位0,,,其他,,,,0.0,0,0,0,無,無,2514111,17166,,0.0,0,包含公共設施保留地用地；,SPVNMLKKQHLGFIB98DA,0.0,0.0,0.0,無,0031
太平區,房地(土地+建物)+車位,臺中市太平區祥順路一段８３號六樓之２,22.78,都市：其他:住宅區,,,1150703,土地1建物1車位1,六層,十五層,住宅大樓(11層含以上有電梯),住家用,鋼筋混凝土造,1090909,157.37,3,2,2,有,有,12500000,79431,坡道平面,29.53,0,,RPRNMLQJPHLGFJB98DA,78.23,0.0,8.79,有,0032
太平區,土地,長億段146地號,34.87,都市：其他:第一種住宅區,,,1150726,土地1建物0車位0,,,其他,,,,0.0,0,0,0,無,無,1950000,55922,,0.0,0,未登記建物；,RPQOMLSLPHLGFJB76DA,0.0,0.0,0.0,無,
太平區,房地(土地+建物),臺中市太平區中平九街７９號７樓,20.52,都市：其他:第一種住宅區,,,1150716,土地2建物1車位0,七層,九層,華廈(10層含以下有電梯),住家用,鋼筋混凝土造,0800620,97.58999999999999,3,2,2,有,有,4100000,42013,,0.0,0,,RPRNMLNJQHLGFJB78DA,76.57,0.0,8.14,有,
大肚區,土地,文昌段2037-18地號,15.0,都市：其他:住宅區,,,1150728,土地1建物0車位0,,,其他,,,,0.0,0,0,0,無,無,360000,24000,,0.0,0,地上物有停車用棚架本土地做為車庫用,RPSNMLLMPHLGFKB98DA,0.0,0.0,0.0,無,
南區,土地,頂橋子頭段88-455地號,7.37,都市：其他:第二種住宅區,,,1150722,土地1建物0車位0,,,其他,,,,0.0,0,0,0,無,無,360000,48847,,0.0,0,,RPPNMLQJQHLGFAB08EA,0.0,0.0,0.0,無,
東區,房地(土地+建物)+車位,臺中市東區樂業南路３３號,33.34,都市：其他:第二種住宅區,,,1150702,土地1建物1車位1,一層，二層，見其他登記事項,十四層,住宅大樓(11層含以上有電梯),住商用,鋼筋混凝土造,1030620,184.42,1,2,2,有,有,19000000,103026,坡道平面,28.11,0,,RPRNMLQJQHLGFAB28EA,125.05,0.0,0.0,有,
霧峰區,土地,丁台一段999-3地號,8.04,,特定農業區,農牧用地,1150724,土地1建物0車位0,,,其他,,,,0.0,0,0,0,無,無,138690,17250,,0.0,0,政府機關標讓售；,RPPNMLQJQHLGFIB88EA,0.0,0.0,0.0,無,
南區,房地(土地+建物)+車位,臺中市南區學府路１３５巷５號２３樓之３,14.13,都市：其他:第二種住宅區,,,1150702,土地2建物1車位1,二十三層，二十四層,二十四層,住宅大樓(11層含以上有電梯),住家用,鋼筋混凝土造,0851211,172.89,3,2,2,有,有,10500000,60732,坡道平面,0.0,0,陽台外推；,RPWNMLLMPHLGFAB38DA,85.42,22.44,7.2,有,
北屯區,土地,松竹段1080-4地號,26.0,都市：其他:第二種住宅區,,,1150703,土地1建物0車位0,,,其他,,,,0.0,0,0,0,無,無,4333889,166688,,0.0,0,政府機關標讓售；,RPTOMLNJQHLGFBB28DA,0.0,0.0,0.0,無,
北屯區,房地(土地+建物),臺中市北屯區文心路四段６７２號１６樓之３　,2.18,都市：其他:第四種商業區,,,1150726,土地1建物1車位0,十六層,二十四層,住宅大樓(11層含以上有電梯),住家用,鋼筋混凝土造,0841124,30.45,1,1,1,有,有,2250000,73892,,0.0,0,,RPVPMLNJQHLGFBB58DA,16.01,0.0,3.67,有,
北屯區,建物,臺中市北屯區敦化路一段５３７號,0.0,,,,1150731,土地0建物1車位0,一層,十三層,住宅大樓(11層含以上有電梯),辦公用,鋼筋混凝土造,0830511,14.34,0,0,0,有,有,350000,24407,,0.0,0,本交易僅有公共設施；建物坐落地號：仁德段762地號；,RPVPMLQJQHLGFBB88DA,0.0,0.0,0.0,有,0033
北區,房地(土地+建物),臺中市北區北屯路４９號６樓之９,2.71,都市：其他:第一種商業區,,,1150713,土地1建物1車位0,六層,十二層,住宅大樓(11層含以上有電梯),住家用,鋼筋混凝土造,0850819,30.23,1,0,1,有,有,2000000,66159,,0.0,0,親友、員工、共有人或其他特殊關係間之交易；陽台外推；,RPURMLQJQHLGFBB98DA,15.13,0.0,4.15,有,0034
北區,房地(土地+建物),臺中市北區育樂街２３巷７號二樓,38.23,都市：其他:第二之一種商業區,,,1150703,土地3建物1車位0,二層,五層,公寓(5樓含以下無電梯),住家用,鋼筋混凝土造,0680821,100.36,3,2,2,有,無,7000000,69749,,0.0,0,,RPVRMLQJQHLGFBB09DA,95.65,0.0,4.71,無,0035
西屯區,房地(土地+建物),臺中市西屯區福聯街２２巷１２號十二樓之２３,3.09,都市：其他:第三之一種住宅區,,,1150701,土地1建物1車位0,十二層,十二層,住宅大樓(11層含以上有電梯),住家用,鋼筋混凝土造,0830930,20.22,0,0,0,無,有,1320000,65282,,0.0,0,,RPTNMLKMPHLGFCB18DA,12.12,0.0,1.5,有,
南屯區,車位,臺中市南屯區東興路二段３３號等公共設施,1.84,都市：其他:第二種住宅區,,,1150729,土地1建物1車位1,,,其他,,,,16.54,0,0,0,無,有,2000000,,坡道平面,16.54,2000000,僅車位交易；,RPRPMLKMPHLGFCB18DA,0.0,0.0,0.0,有,0036
南屯區,車位,臺中市南屯區東興路二段３３號等公共設施,1.84,都市：其他:第二種住宅區,,,1150729,土地1建物1車位1,,,其他,,,,16.54,0,0,0,無,有,2000000,,坡道平面,16.54,2000000,僅車位交易；,RPVPMLKMPHLGFCB58DA,0.0,0.0,0.0,有,0036
南屯區,房地(土地+建物),臺中市南屯區向上南路一段１６３號五樓之９,3.73,都市：其他:第二種住宅區,,,1150727,土地1建物1車位0,五層,十二層,住宅大樓(11層含以上有電梯),住家用,鋼筋混凝土造,0790705,30.979999999999997,1,2,1,有,有,2750000,88767,,0.0,0,陽台外推；,RPTOMLLMPHLGFCB38DA,20.86,0.0,0.0,有,0038
西屯區,土地,廣昌段307地號,15.57,都市：其他:第二種住宅區,,,1150716,土地5建物0車位0,,,其他,,,,0.0,0,0,0,無,無,2989511,192005,,0.0,0,協議價購；,RPXPMLNJQHLGFCB88DA,0.0,0.0,0.0,無,0019
西屯區,土地,廣昌段297-1地號,573.25,都市：其他:第二種住宅區,,,1150716,土地8建物0車位0,,,其他,,,,0.0,0,0,0,無,無,110064150,192000,,0.0,0,協議價購；,RPOQMLNJQHLGFCB08DA,0.0,0.0,0.0,無,0019
西屯區,土地,廣昌段297-1地號,573.25,都市：其他:第二種住宅區,,,1150716,土地8建物0車位0,,,其他,,,,0.0,0,0,0,無,無,110064150,192000,,0.0,0,協議價購；,RPPQMLNJQHLGFCB18DA,0.0,0.0,0.0,無,0019
西屯區,房地(土地+建物),臺中市西屯區工業區二路５號,10134.4,都市：其他:乙種工業區,,,1150724,土地2建物2車位0,全,一層,透天厝,工商用,鋼筋混凝土造,0680113,5494.79,0,0,0,無,無,1379545200,251064,,0.0,0,,RPTNMLPJQHLGFCB48DA,5494.79,0.0,0.0,無,
西屯區,房地(土地+建物)+車位,臺中市西屯區大墩二十街５１號二樓之１,13.05,都市：其他:第二種住宅區,,,1150727,土地1建物1車位1,二層,八層,華廈(10層含以下有電梯),住家用,鋼筋混凝土造,0820531,96.13,2,2,1,有,有,8000000,83221,坡道平面,0.0,0,,RPXOMLPJQHLGFCB98DA,50.1,0.0,5.69,有,
西屯區,土地,西屯段2358地號,4.53,都市：其他:第三之二種住宅區,,,1150721,土地4建物0車位0,,,其他,,,,0.0,0,0,0,無,無,1096560,242066,,0.0,0,親友、員工、共有人或其他特殊關係間之交易；未登記建物；,RPTOMLQJQHLGFCB68DA,0.0,0.0,0.0,無,0042
西屯區,房地(土地+建物),臺中市西屯區福聯街２２巷１２號四樓之８,3.09,都市：其他:第三之一種住宅區,,,1150718,土地1建物1車位0,四層,十二層,住宅大樓(11層含以上有電梯),住家用,鋼筋混凝土造,0830930,21.060000000000002,0,0,0,無,有,1420000,67426,,0.0,0,,RPVNMLKKQHLGFCB28DA,12.58,0.0,1.41,有,
神岡區,房地(土地+建物),臺中市神岡區北庄路４７之３號,42.13,都市：其他:第一之二種住宅區,,,1150704,土地1建物1車位0,全,三層,透天厝,住家用,鋼筋混凝土造,0711113,78.08,3,2,2,有,無,7700000,98617,,0.0,0,其他增建；,RPOPMLRKPHLGFDB48DA,78.08,0.0,0.0,無,0043
神岡區,房地(土地+建物),臺中市神岡區大漢街５３巷２１號三樓,20.67,都市：其他:第一之一種住宅區,,,1150715,土地1建物1車位0,三層,七層,華廈(10層含以下有電梯),住家用,鋼筋混凝土造,0850202,109.41999999999999,3,2,2,有,有,6200000,56662,,0.0,0,,RPTNMLQJQHLGFDB68DA,72.05,0.82,10.73,有,0044
神岡區,土地,豐工段772-3地號,148.0,,特定農業區,水利用地,1150722,土地2建物0車位0,,,其他,,,,0.0,0,0,0,無,無,3066560,20720,,0.0,0,政府機關標讓售；,RPPNMLRJQHLGFDB38DA,0.0,0.0,0.0,無,
沙鹿區,房地(土地+建物),臺中市沙鹿區興安路６４之３號二樓之２７,4.46,都市：其他:第四種住宅區,,,1150725,土地1建物1車位0,二層,五層,華廈(10層含以下有電梯),住家用,鋼筋混凝土造,1090825,14.330000000000002,1,0,1,有,有,1600000,111654,,0.0,0,夾層；,RPQOMLSLPHLGFFB98DA,7.64,0.0,1.58,有,0045
梧棲區,房地(土地+建物),臺中市梧棲區文華街１９４巷２５弄２４號,86.0,都市：其他:第四種住宅區,,,1150717,土地1建物1車位0,全,二層,透天厝,住商用,加強磚造,0701005,123.16,3,3,3,有,無,7120000,57811,,0.0,0,頂樓加蓋；其他增建；,RPPOMLTLPHLGFFB98DA,123.16,0.0,0.0,無,
梧棲區,房地(土地+建物)+車位,臺中市梧棲區八德東路６９號十六樓之１３,13.0,都市：其他:第四種商業區,,,1150709,土地1建物1車位1,十六層,二十八層,住宅大樓(11層含以上有電梯),住家用,鋼筋混凝土造,1140606,171.86,4,2,2,有,有,11300000,65751,坡道平面,24.74,0,,RPOOMLNJQHLGFFB18DA,88.14,0.0,9.94,有,0046
大雅區,土地,振興段795地號,160.42,都市：其他:農業區,,,1150716,土地1建物0車位0,,,其他,,,,0.0,0,0,0,無,無,2543151,15853,,0.0,0,親友、員工、共有人或其他特殊關係間之交易；,RPUNMLNLPHLGFHB98DA,0.0,0.0,0.0,無,
大雅區,土地,民生段843地號,6.28,都市：其他:第二種住宅區,,,1150720,土地1建物0車位0,,,其他,,,,0.0,0,0,0,無,無,340000,54140,,0.0,0,親友、員工、共有人或其他特殊關係間之交易；,RPVNMLNLPHLGFHB09DA,0.0,0.0,0.0,無,0047
大里區,房地(土地+建物)+車位,臺中市大里區中興路二段６７１巷８弄５２號四樓,9.66,都市：其他:住宅區,,,1150710,土地1建物1車位1,四層,十六層,住宅大樓(11層含以上有電梯),住家用,鋼筋混凝土造,0841222,98.3,3,2,2,有,有,5850000,59512,坡道機械,0.0,0,,RPQOMLRKPHLGFIB09DA,56.8,0.0,8.55,有,
烏日區,房地(土地+建物)+車位,臺中市烏日區三榮路二段２７１號十二樓之１,28.52,都市：其他:第二種住宅區,,,1150708,土地1建物1車位1,十二層,十二層,住宅大樓(11層含以上有電梯),住家用,鋼筋混凝土造,1030711,149.12,3,2,2,有,有,15600000,104614,坡道平面,33.09,0,,RPPNMLSLPHLGFIB09DA,69.24,1.38,10.36,有,
烏日區,土地,榮和段259-10地號,3.28,,,,1150722,土地1建物0車位0,,,其他,,,,0.0,0,0,0,無,無,228583,69690,,0.0,0,政府機關標讓售；,RPVNMLOJQHLGFIB56DA,0.0,0.0,0.0,無,
大里區,房地(土地+建物),臺中市大里區中興路一段２巷１０９號,96.64,都市：其他:住宅區,,,1150708,土地1建物1車位0,全,四層,透天厝,住家用,鋼筋混凝土造,1131226,266.18,5,2,7,有,無,27000000,101435,,0.0,0,,RPOOMLPJQHLGFIB68DA,244.53,0.0,21.65,有,
霧峰區,房地(土地+建物)+車位,臺中市霧峰區蘭生街６６號,36.25,都市：其他:住宅區,,,1150706,土地2建物1車位1,一層，二層，騎樓,七層,華廈(10層含以下有電梯),住商用,鋼筋混凝土造,0930923,155.31,2,2,2,有,有,9400000,60524,坡道平面,19.83,0,,RPRNMLRJQHLGFIB09DA,93.01,0.0,8.83,有,
太平區,房地(土地+建物),臺中市太平區立功路１９１號,112.85,都市：其他:住宅區,,,1150727,土地2建物1車位0,全,四層,透天厝,住家用,鋼筋混凝土造,1130816,282.15,4,3,5,有,無,36380000,128939,,0.0,0,其他增建；,RPTNMLSLPHLGFJB96DA,258.98,0.0,23.17,有,
太平區,房地(土地+建物)+車位,臺中市太平區環中東路三段３４９號五樓之２,15.94,都市：其他:住宅區,,,1150717,土地1建物1車位1,五層,十四層,住宅大樓(11層含以上有電梯),住家用,鋼筋混凝土造,1140625,120.31,2,2,2,有,有,12700000,105561,坡道平面,29.66,0,,RPPNMLNJQHLGFJB58DA,53.15,0.0,5.92,有,0048
太平區,土地,育賢段110-1地號,2.77,,,,1150710,土地1建物0車位0,,,其他,,,,0.0,0,0,0,無,無,1950000,703971,,0.0,0,畸零地或有合併使用效益；,RPTOMLOJQHLGFJB56DA,0.0,0.0,0.0,無,
北屯區,房地(土地+建物)+車位,臺中市北屯區環太東路４６３號八樓之１２,26.64,都市：其他:第三種住宅區。,,,1150701,土地1建物1車位2,八層,十五層,住宅大樓(11層含以上有電梯),住家用,鋼筋混凝土造,1090820,177.07999999999998,3,2,2,有,有,17500000,98825,坡道平面,47.74,0,,RPPNMLQJQHLGFBB18EA,74.66,1.17,11.01,有,0049
南區,房地(土地+建物)+車位,臺中市南區學府路１４６巷１５號１５樓之１,5.88,都市：其他:第二種住宅區,,,1150712,土地1建物1車位1,十五層,二十一層,住宅大樓(11層含以上有電梯),住家用,鋼筋混凝土造,0850627,75.78,1,1,1,有,有,5800000,76527,坡道平面,14.4,0,,RPUNMLTLPHLGFAB88DA,34.77,0.35,3.45,有,
西區,房地(土地+建物),臺中市西區精誠１２街４０號,52.0,都市：其他:第二種住宅區,,,1150711,土地2建物1車位0,全,二層,透天厝,住家用,鋼筋混凝土造,0650304,60.48,3,2,1,有,無,9550000,157903,,0.0,0,,RPPOMLLMPHLGFAB77DA,60.48,0.0,0.0,無,
南區,房地(土地+建物),臺中市南區復興路二段１１３號九樓之三,7.1,都市：其他:第一種商業區,,,1150703,土地2建物1車位0,九層,十二層,住宅大樓(11層含以上有電梯),住家用,鋼筋混凝土造,0710918,50.800000000000004,1,1,1,有,有,2750000,54134,,0.0,0,,RPSNMLNJQHLGFAB97DA,40.77,0.0,0.0,有,
西區,土地,後子段131-181地號,2.25,都市：其他:第二種住宅區,,,1150702,土地1建物0車位0,,,其他,,,,0.0,0,0,0,無,無,143333,63704,,0.0,0,地清或未辦繼承標售；,RPSNMLLKQHLGFAB87DA,0.0,0.0,0.0,無,0050
北區,房地(土地+建物)+車位,臺中市北區五權路３６８之２號四樓,7.13,都市：其他:第二種住宅區,,,1150708,土地2建物1車位1,四層,十四層,住宅大樓(11層含以上有電梯),住家用,鋼筋混凝土造,0980908,104.0,2,1,1,有,有,11880000,114231,坡道平面,15.97,0,陽台外推；,RPPNMLQLPHLGFBB18DA,46.31,3.44,5.21,有,0051
北屯區,房地(土地+建物)+車位,臺中市北屯區文心路四段４７６號７樓　　　,11.75,都市：其他:第三種住宅區。,,,1150706,土地1建物1車位1,七層,二十二層,住宅大樓(11層含以上有電梯),住家用,鋼筋混凝土造,0840913,173.21,4,2,2,有,有,16000000,92373,坡道機械,0.0,0,親友、員工、共有人或其他特殊關係間之交易；,RPSNMLSLPHLGFBB68DA,99.68,0.0,16.63,有,0052
北屯區,土地,平田段479-45地號,27.6,都市：其他:第二種住宅區,,,1150703,土地1建物0車位0,,,其他,,,,0.0,0,0,0,無,無,9000000,326087,,0.0,0,親友、員工、共有人或其他特殊關係間之交易；,RPQNMLKKQHLGFBB67DA,0.0,0.0,0.0,無,
南屯區,車位,臺中市南屯區龍富路五段２８號二樓之１等公共設施,0.0,,,,1150720,土地0建物1車位1,,,其他,,,,29.35,0,0,0,無,有,2900000,,坡道平面,29.35,2900000,建物坐落地號：三富段82地號；僅車位交易；,RPVNMLTLPHLGFCB56DA,0.0,0.0,0.0,有,0053
南屯區,房地(土地+建物)+車位,臺中市南屯區文心南路２２７號二十五樓之１０,6.75,都市：其他:第四種商業區,,,1150710,土地1建物1車位1,二十五層,三十一層,住宅大樓(11層含以上有電梯),住家用,鋼骨鋼筋混凝土造、鋼筋混凝土造,1130129,115.72,2,1,1,有,有,13000000,112340,坡道平面,0.0,0,含裝潢費；含傢俱設備費；含土地增值稅或其他稅費；親友、員工、共有人或其他特殊關係間之交易；,RPWOMLLMPHLGFCB68DA,46.85,2.31,5.13,有,0054
西屯區,土地,廣昌段297-1地號,573.25,都市：其他:第二種住宅區,,,1150716,土地8建物0車位0,,,其他,,,,0.0,0,0,0,無,無,110064150,192000,,0.0,0,協議價購；,RPQQMLNJQHLGFCB28DA,0.0,0.0,0.0,無,0019
西屯區,土地,廣昌段297-1地號,70.33,都市：其他:第二種住宅區,,,1150716,土地6建物0車位0,,,其他,,,,0.0,0,0,0,無,無,13503740,192005,,0.0,0,協議價購；,RPRQMLNJQHLGFCB38DA,0.0,0.0,0.0,無,0056
西屯區,土地,廣昌段303地號,6.43,都市：其他:道路保留地,,,1150716,土地6建物0車位0,,,其他,,,,0.0,0,0,0,無,無,1233707,191867,,0.0,0,協議價購；,RPSQMLNJQHLGFCB48DA,0.0,0.0,0.0,無,0019
西屯區,土地,廣昌段297-1地號,18.36,都市：其他:第二種住宅區,,,1150716,土地1建物0車位0,,,其他,,,,0.0,0,0,0,無,無,3524987,191993,,0.0,0,協議價購；,RPTQMLNJQHLGFCB58DA,0.0,0.0,0.0,無,0058
西屯區,土地,廣昌段303地號,1.32,都市：其他:道路保留地,,,1150716,土地1建物0車位0,,,其他,,,,0.0,0,0,0,無,無,253013,191677,,0.0,0,協議價購；,RPUQMLNJQHLGFCB68DA,0.0,0.0,0.0,無,0059
西屯區,土地,廣昌段307地號,81.54,都市：其他:第二種住宅區,,,1150716,土地3建物0車位0,,,其他,,,,0.0,0,0,0,無,無,15656160,192006,,0.0,0,協議價購；,RPVQMLNJQHLGFCB78DA,0.0,0.0,0.0,無,
西屯區,土地,廣昌段307地號,30.81,都市：其他:道路保留地,,,1150716,土地1建物0車位0,,,其他,,,,0.0,0,0,0,無,無,5915880,192012,,0.0,0,協議價購；,RPWQMLNJQHLGFCB88DA,0.0,0.0,0.0,無,
西屯區,土地,廣昌段297-1地號,85.58,都市：其他:第二種住宅區,,,1150716,土地3建物0車位0,,,其他,,,,0.0,0,0,0,無,無,16431123,191997,,0.0,0,協議價購；,RPXQMLNJQHLGFCB98DA,0.0,0.0,0.0,無,0060
西屯區,土地,廣昌段294-1地號,1.05,都市：其他:第二種住宅區,,,1150716,土地1建物0車位0,,,其他,,,,0.0,0,0,0,無,無,200706,191149,,0.0,0,協議價購；,RPORMLNJQHLGFCB18DA,0.0,0.0,0.0,無,0060
南屯區,房地(土地+建物),臺中市南屯區南美街６４之３號,23.82,都市：其他:第二種住宅區,,,1150715,土地1建物1車位0,四層,五層,公寓(5樓含以下無電梯),住家用,鋼筋混凝土造,0710309,76.47999999999999,2,1,1,有,無,5380000,70345,,0.0,0,,RPVOMLOJQHLGFCB68DA,56.49,1.04,1.12,無,0062
西屯區,房地(土地+建物),臺中市西屯區文華路正煌巷３號五樓之６,4.61,都市：其他:第三之二種住宅區,,,1150714,土地2建物1車位0,五層,六層,華廈(10層含以下有電梯),住家用,鋼筋混凝土造,0840802,24.369999999999997,1,0,1,有,有,1800000,73861,,0.0,0,,RPVRMLKKQHLGFCB68DA,14.34,0.0,1.24,有,0063
神岡區,車位,臺中市神岡區豐社路１８８號等公共設施,0.0,,,,1150702,土地0建物1車位1,,,其他,,,,24.32,0,0,0,無,有,1700000,,坡道平面,24.32,1700000,建物坐落地號：大洲段477地號；僅車位交易；,RPROMLMJPHLGFDB08DA,0.0,0.0,0.0,有,
豐原區,房地(土地+建物)+車位,臺中市豐原區三民路１２號三樓之１２,5.32,都市：其他:第二種商業區,,,1150718,土地1建物1車位1,三層,十四層,住宅大樓(11層含以上有電梯),住家用,鋼筋混凝土造,0930311,63.85,1,1,1,有,有,4200000,65779,坡道機械,7.22,0,,RPTNMLTLPHLGFDB09DA,29.25,0.0,3.81,有,
后里區,土地,圳寮段40-108地號,89.2,,山坡地保育區,丙種建築用地,1150714,土地2建物0車位0,,,其他,,,,0.0,0,0,0,無,無,350000,3924,,0.0,0,買方另負擔土地增值稅22423元整,RPVNMLQJQHLGFDB88DA,0.0,0.0,0.0,無,
神岡區,土地,神圳段407地號,22.07,都市：其他:道路用地,,,1150726,土地1建物0車位0,,,其他,,,,0.0,0,0,0,無,無,355062,16088,,0.0,0,,RPWNMLQJQHLGFDB98DA,0.0,0.0,0.0,無,
神岡區,土地,神圳段434地號,31.27,都市：其他:道路用地,,,1150726,土地1建物0車位0,,,其他,,,,0.0,0,0,0,無,無,666051,21300,,0.0,0,,RPXNMLQJQHLGFDB09DA,0.0,0.0,0.0,無,
神岡區,土地,神圳段439地號,32.71,都市：其他:道路用地,,,1150726,土地1建物0車位0,,,其他,,,,0.0,0,0,0,無,無,696723,21300,,0.0,0,,RPPOMLQJQHLGFDB38DA,0.0,0.0,0.0,無,
神岡區,土地,神圳段390地號,4.4,都市：其他:道路用地,,,1150726,土地1建物0車位0,,,其他,,,,0.0,0,0,0,無,無,101785,23133,,0.0,0,,RPQOMLQJQHLGFDB48DA,0.0,0.0,0.0,無,
神岡區,房地(土地+建物),臺中市神岡區中山路２０４號,80.27,都市：其他:乙種工業區,,,1150717,土地2建物1車位0,全,二層,透天厝,住家用,加強磚造,0640401,113.4,3,3,2,有,無,9050000,79806,,0.0,0,其他增建；,RPSNMLRJQHLGFDB68DA,113.4,0.0,0.0,無,
豐原區,土地,豐圳段255地號,15.68,都市：其他:乙種工業區,,,1150728,土地1建物0車位0,,,其他,,,,0.0,0,0,0,無,無,1307242,83370,,0.0,0,政府機關標讓售；,RPRNMLKKQHLGFDB97DA,0.0,0.0,0.0,無,
后里區,土地,枋寮段634-1地號,417.05,都市：其他:道路用地,,,1150713,土地1建物0車位0,,,其他,,,,0.0,0,0,0,無,無,4278933,10260,,0.0,0,政府機關標讓售；,RPUNMLKKQHLGFDB28DA,0.0,0.0,0.0,無,
大甲區,土地,文化段743地號,254.22,都市：其他:公園用地,,,1150727,土地1建物0車位0,,,其他,,,,0.0,0,0,0,無,無,2500000,9834,,0.0,0,親友、員工、共有人或其他特殊關係間之交易；包含公共設施保留地用地；,RPTNMLPJQHLGFEB68DA,0.0,0.0,0.0,無,0064
沙鹿區,土地,正義段1277地號,13.13,都市：其他:第二種住宅區,,,1150713,土地5建物0車位0,,,其他,,,,0.0,0,0,0,無,無,595500,45354,,0.0,0,,RPPNMLTKPHLGFFB78DA,0.0,0.0,0.0,無,0065
和平區,土地,埋伏坪社段3-22地號,566.5,,山坡地保育區,林業用地,1150702,土地1建物0車位0,,,其他,,,,0.0,0,0,0,無,無,2500000,4413,,0.0,0,親友、員工、共有人或其他特殊關係間之交易；未登記建物；,RPPNMLRJQHLGFGB68DA,0.0,0.0,0.0,無,
大雅區,房地(土地+建物),臺中市大雅區大明街６８號,96.03,都市：其他:第二種住宅區,,,1150717,土地2建物1車位0,全,二層,透天厝,住商用,加強磚造,0690228,124.73,8,3,3,有,無,11200000,89794,,0.0,0,頂樓加蓋；其他增建；,RPPNMLTLPHLGFHB09DA,124.73,0.0,0.0,無,
大雅區,土地,三和段1160-4地號,116.0,都市：其他:第二種住宅區,,,1150706,土地2建物0車位0,,,其他,,,,0.0,0,0,0,無,無,5500000,47414,,0.0,0,親友、員工、共有人或其他特殊關係間之交易；,RPPNMLQJQHLGFHB68DA,0.0,0.0,0.0,無,
潭子區,房地(土地+建物),臺中市潭子區興華一路３７５巷７號,76.28,都市：其他:第一之二種住宅區,,,1150719,土地1建物1車位0,全,二層,透天厝,住家用,加強磚造,0691218,112.38,3,2,4,有,無,8680000,77238,,0.0,0,頂樓加蓋；,RPPNMLRJQHLGFHB78DA,112.38,0.0,0.0,無,0066
大里區,房地(土地+建物)+車位,臺中市大里區大里路３２０號二十樓之３,14.99,都市：其他:商業區,,,1150705,土地1建物1車位1,二十層,二十四層,住宅大樓(11層含以上有電梯),住家用,鋼筋混凝土造,1090302,173.38,3,2,2,有,有,16000000,92283,坡道平面,28.2,0,,RPUNMLNLPHLGFIB09DA,76.8,9.79,5.63,有,0067
太平區,房地(土地+建物)+車位,臺中市太平區育才路１６７號十四樓之５,19.14,都市：其他:住宅區,,,1150704,土地1建物1車位1,十四層,十五層,住宅大樓(11層含以上有電梯),住家用,鋼筋混凝土造,1150113,125.07,3,2,2,有,有,13000000,103942,坡道平面,28.23,0,,RPUNMLTLPHLGFJB17DA,56.73,0.0,7.06,有,0068
太平區,房地(土地+建物)+車位,臺中市太平區環中東路三段２６９號九樓之５,24.77,都市：其他:住宅區,,,1150706,土地1建物1車位1,九層,十五層,住宅大樓(11層含以上有電梯),住家用,鋼筋混凝土造,1140321,154.76999999999998,3,2,2,有,有,14100000,98525,坡道平面,28.71,1680000,,RPWNMLOJQHLGFJB76DA,71.82,0.0,10.26,有,
太平區,房地(土地+建物)+車位,臺中市太平區太興路１８號八樓之３,10.89,都市：其他:商業區,,,1150712,土地1建物1車位1,八層,十五層,住宅大樓(11層含以上有電梯),住家用,鋼筋混凝土造,1030626,133.06,3,2,2,有,有,13170000,98978,坡道機械,13.22,0,陽台外推；,RPQNMLPJQHLGFJB88DA,67.62,2.52,10.48,有,0069
北區,房地(土地+建物),臺中市北區國強街１３３號４樓之５,8.37,都市：其他:第二種住宅區,,,1150705,土地1建物1車位0,四層,七層,華廈(10層含以下有電梯),住家用,鋼筋混凝土造,0810617,52.62,1,1,1,有,有,3800000,72216,,0.0,0,其他增建；,RPTOMLPJPHLGFBB38DA,39.04,0.0,0.0,有,0070
北屯區,房地(土地+建物)+車位,臺中市北屯區太原路三段１２００號十一樓之６,11.46,都市：其他:第三種住宅區。,,,1150709,土地1建物1車位1,十一層,十五層,住宅大樓(11層含以上有電梯),住家用,鋼筋混凝土造,1120525,105.76,2,2,1,有,有,11350000,107318,坡道平面,29.2,0,,RPPNMLOKPHLGFBB87DA,48.15,0.0,3.19,有,0071
北屯區,房地(土地+建物),臺中市北屯區大連路一段１６巷１１之２號,23.64,都市：其他:第二種住宅區,,,1150721,土地1建物1車位0,三層,五層,公寓(5樓含以下無電梯),住家用,鋼筋混凝土造,0721105,87.08,3,2,1,有,無,5700000,65457,,0.0,0,陽台外推；,RPUVMLLLPHLGFBB98DA,65.37,0.0,6.41,無,
北屯區,房地(土地+建物)+車位,臺中市北屯區軍福十九路２９８號十二樓之１,33.44,都市：其他:第二種住宅區,,,1150704,土地1建物1車位2,十二層,十八層,住宅大樓(11層含以上有電梯),住家用,鋼筋混凝土造,1140417,235.73,3,2,2,有,有,29000000,147449,坡道平面,66.18,4000000,,RPUNNLMLPHLGFBB38DA,99.38,0.0,12.08,有,0072
北屯區,房地(土地+建物)+車位,臺中市北屯區崇德十一路２８號九樓,39.12,都市：其他:第三種住宅區。,,,1150704,土地1建物1車位2,九層,十四層,住宅大樓(11層含以上有電梯),住家用,鋼筋混凝土造,1040203,322.9,3,2,2,有,有,38000000,117683,坡道平面,57.34,0,,RPQNMLNLPHLGFBB97DA,152.38,5.12,16.13,有,
北屯區,車位,臺中市北屯區綏遠路二段２６１號地下一層,3.57,都市：其他:第二種住宅區,,,1150711,土地1建物1車位1,地下一層,十六層,其他,停車空間,鋼筋混凝土造,0810324,102.17999999999999,0,0,0,無,有,2550000,,坡道平面,0.0,2550000,僅車位交易；,RPUUMLNLPHLGFBB09DA,0.0,0.0,0.0,有,0073
北區,房地(土地+建物)+車位,臺中市北區梅川西路四段１４７之９號１２樓之１,15.13,都市：其他:第二種住宅區,,,1150712,土地1建物1車位1,十二層,十七層,住宅大樓(11層含以上有電梯),住家用,鋼筋混凝土造,0831122,156.14000000000001,3,2,2,有,有,13600000,87101,坡道平面,0.0,0,,RPUTMLOLPHLGFBB09DA,95.94,0.7,11.03,有,0074
北區,房地(土地+建物),臺中市北區東光八街３７號四樓之１,9.26,都市：其他:第二種住宅區,,,1150718,土地1建物1車位0,四層,七層,華廈(10層含以下有電梯),住家用,鋼筋混凝土造,0821103,77.28,3,2,1,有,有,5750000,74405,,0.0,0,陽台外推；,RPUNMLOJQHLGFBB38DA,61.33,3.22,1.11,有,
北屯區,房地(土地+建物),臺中市北屯區天津路四段３０３號６樓之８,1.68,都市：其他:第一種商業區,,,1150731,土地1建物1車位0,六層,二十四層,住宅大樓(11層含以上有電梯),住家用,鋼筋混凝土造,0840626,25.6,1,1,1,有,有,2220000,86719,,0.0,0,,RPTNMLPJQHLGFBB38DA,14.68,0.0,2.58,有,
北屯區,土地,水湳段711-1地號,18.4,都市：其他:第二種商業區,,,1150722,土地1建物0車位0,,,其他,,,,0.0,0,0,0,無,無,3332240,181100,,0.0,0,親友、員工、共有人或其他特殊關係間之交易；,RPUPMLQJQHLGFBB78DA,0.0,0.0,0.0,無,
北區,土地,乾溝子段34-72地號,30.0,都市：其他:第三種住宅區。,,,1150727,土地1建物0車位0,,,其他,,,,0.0,0,0,0,無,無,6617400,220580,,0.0,0,政府機關標讓售；,RPUNMLKKQHLGFBB08DA,0.0,0.0,0.0,無,
西屯區,房地(土地+建物),臺中市西屯區逢甲路１５７號十樓之１５,3.36,都市：其他:第二種住宅區,,,1150726,土地1建物1車位0,十層,十二層,住宅大樓(11層含以上有電梯),住家用,鋼筋混凝土造,0821221,33.64,1,1,1,有,有,3180000,94530,,0.0,0,,RPVNMLQJQHLGFCB78DA,24.35,0.0,1.98,有,0075
南屯區,土地,鎮福段53地號,517.62,都市：其他:第一之一種住宅區,,,1150721,土地1建物0車位0,,,其他,,,,0.0,0,0,0,無,無,101777000,196625,,0.0,0,,RPPNMLMKQHLGFCB87DA,0.0,0.0,0.0,無,
豐原區,房地(土地+建物)+車位,臺中市豐原區豐勢路一段３３１號三樓之５,16.42,都市：其他:第三種住宅區。,,,1150709,土地1建物1車位1,三層,十五層,住宅大樓(11層含以上有電梯),住家用,鋼筋混凝土造,1080818,111.1,2,2,2,有,有,10000000,90009,坡道機械,18.39,0,,RPVNMLOKPHLGFDB68DA,52.38,2.05,7.22,有,0076
豐原區,土地,豐栗段524-1地號,9.83,都市：其他:農業區,,,1150729,土地1建物0車位0,,,其他,,,,0.0,0,0,0,無,無,306696,31200,,0.0,0,政府機關標讓售；,RPTNMLPJQHLGFDB58DA,0.0,0.0,0.0,無,
神岡區,土地,朝清段1148-1地號,864.4,都市：其他:道路用地,,,1150705,土地2建物0車位0,,,其他,,,,0.0,0,0,0,無,無,11370000,13154,,0.0,0,親友、員工、共有人或其他特殊關係間之交易；,RPPNMLLKQHLGFDB87DA,0.0,0.0,0.0,無,
外埔區,房地(土地+建物),臺中市外埔區甲后路三段８１８巷１２號,186.88,都市：其他:道路用地,,,1150710,土地4建物2車位0,全,二層,透天厝,住家用,鋼筋混凝土加強磚造,0650721,151.98,0,0,0,無,無,5250000,34544,,0.0,0,外埔區大同段947、960地號511建號，總價為新台幣260萬元整。外埔區大同段948、959地號510建號，總價為新台幣265萬元整。,RPSNMLOKPHLGFEB48DA,151.98,0.0,0.0,無,0077
東勢區,土地,石圍墻一段1097地號,9190.38,,山坡地保育區,農牧用地,1150728,土地1建物0車位0,,,其他,,,,0.0,0,0,0,無,無,1200000,131,,0.0,0,本案賣方所有費用含土地增值稅、代書費、履保費均由買方負擔。農作物；,RPQNMLTLPHLGFGB09DA,0.0,0.0,0.0,無,
東勢區,房地(土地+建物),臺中市東勢區東和街５７號六樓之３,15.02,都市：其他:商業區,,,1150722,土地1建物1車位0,六層,十層,華廈(10層含以下有電梯),住家用,鋼筋混凝土造,1070307,95.72999999999999,2,2,1,有,有,5800000,60587,,0.0,0,,RPQNMLNJQHLGFGB38DA,66.27,0.0,5.06,有,0078
潭子區,房地(土地+建物),臺中市潭子區祥和新莊東三巷３號,118.71,都市：其他:第一之二種住宅區,,,1150709,土地1建物1車位0,全,二層,透天厝,其他,鋼筋混凝土造,0740417,153.93,4,2,2,有,無,10000000,64965,,0.0,0,其他增建；,RPQNMLLLPHLGFHB38DA,146.03,0.0,7.9,無,0079
潭子區,土地,大豐段1000-1地號,48.88,都市：其他:農業區,,,1150721,土地1建物0車位0,,,其他,,,,0.0,0,0,0,無,無,2365792,48400,,0.0,0,政府機關標讓售；,RPPNMLKKQHLGFHB18DA,0.0,0.0,0.0,無,
霧峰區,土地,霧峰段北溝小段1-4027地號,4499.0,,山坡地保育區,農牧用地,1150712,土地1建物0車位0,,,其他,,,,0.0,0,0,0,無,無,800000,178,,0.0,0,農作物；,RPUNMLLKQHLGFIB88DA,0.0,0.0,0.0,無,
太平區,房地(土地+建物),臺中市太平區廣三街５２號五樓之１,8.61,都市：其他:住宅區,,,1150724,土地1建物1車位0,五層,七層,華廈(10層含以下有電梯),住家用,鋼筋混凝土造,0810430,50.82,3,2,2,有,有,3250000,63964,,0.0,0,親友、員工、共有人或其他特殊關係間之交易；,RPWNMLRLPHLGFJB17DA,39.78,0.0,4.87,有,
大肚區,土地,福和段287-1地號,90.11,都市：其他:農業用地,,,1150716,土地2建物0車位0,,,其他,,,,0.0,0,0,0,無,無,587517,6520,,0.0,0,政府機關標讓售；,RPRNMLRJQHLGFKB66DA,0.0,0.0,0.0,無,
龍井區,房地(土地+建物)+車位,臺中市龍井區新庄街二段３６巷２７號五樓之７,25.95,,鄉村區,乙種建築用地,1150703,土地1建物1車位1,五層,九層,華廈(10層含以下有電梯),住家用,鋼筋混凝土造,1130513,132.46,2,2,2,有,有,13500000,123132,坡道平面,37.44,1800000,,RPPNMLLKQHLGFKB58DA,57.2,0.0,5.29,有,
北屯區,土地,同榮段2225-1地號,32.33,都市：其他:第二種住宅區,,,1150703,土地1建物0車位0,,,其他,,,,0.0,0,0,0,無,無,9800000,303124,,0.0,0,,RPPNMLKKQHLGFBB67EA,0.0,0.0,0.0,無,0080
潭子區,房地(土地+建物),臺中市潭子區中山路一段７巷１０號十五樓之５,7.36,都市：其他:第一之一種住宅區,,,1150730,土地1建物1車位0,十五層,十七層,住宅大樓(11層含以上有電梯),住家用,鋼筋混凝土造,0831205,81.25,2,1,1,有,有,2500000,30769,,0.0,0,買方繳納增值稅17218親友、員工、共有人或其他特殊關係間之交易；,RPPNMLLKQHLGFHB38EA,53.75,0.42,8.69,有,
西區,房地(土地+建物)+車位,臺中市西區公館路５３號,17.73,都市：其他:第二種住宅區,,,1150711,土地1建物1車位1,一層，二層，騎樓,十三層,住宅大樓(11層含以上有電梯),住商用,鋼筋混凝土造,0830727,149.42000000000002,2,1,2,有,有,10800000,72279,坡道機械,0.0,0,,RPRNMLQKPHLGFAB18DA,102.81,7.27,5.92,有,
南區,房地(土地+建物)+車位,臺中市南區工學五街３１號三樓之３,21.59,都市：其他:第三種住宅區。,,,1150726,土地1建物1車位2,三層,十二層,住宅大樓(11層含以上有電梯),住家用,鋼筋混凝土造,1040529,189.4,3,2,2,有,有,19500000,129209,坡道平面,61.7,3000000,,RPUNMLSLPHLGFAB78DA,74.49,1.17,10.59,有,
西區,房地(土地+建物)+車位,臺中市西區五權西路一段１１８號,121.86,都市：其他:第一種商業區,,,1150721,土地3建物1車位1,一層，夾層,十二層,住宅大樓(11層含以上有電梯),商業用,鋼筋混凝土造,0960521,228.32,1,2,2,有,有,55000000,240890,坡道平面,21.51,0,夾層；含租約；,RPXNMLLMPHLGFAB48DA,136.44,0.0,10.37,有,0081
西區,房地(土地+建物),臺中市西區臺灣大道二段４０５號五樓之５,14.73,都市：其他:第三種商業區,,,1150708,土地2建物1車位0,五層,七層,華廈(10層含以下有電梯),住家用,鋼筋混凝土造,0691013,48.36,2,1,1,有,有,4500000,93052,,0.0,0,,RPROMLOJQHLGFAB08DA,48.36,0.0,0.0,有,
西區,房地(土地+建物)+車位,臺中市西區民權路２２９巷２０號五樓之２,25.06,都市：其他:第二種住宅區,,,1150713,土地1建物1車位1,五層,七層,華廈(10層含以下有電梯),住家用,鋼筋混凝土造,0770212,145.47,4,2,2,有,有,11500000,79060,坡道平面,0.0,0,,RPUOMLPJQHLGFAB48DA,108.3,0.0,12.66,有,
南區,房地(土地+建物)+車位,臺中市南區學府路１３５巷５號七樓之１,13.69,都市：其他:第二種住宅區,,,1150726,土地5建物1車位2,七層,二十四層,住宅大樓(11層含以上有電梯),住家用,鋼筋混凝土造,0851211,160.75,4,2,2,有,有,8800000,54743,坡道機械,0.0,0,含租約；,RPXNMLLKQHLGFAB38DA,103.92,1.07,10.26,有,0082
中區,房地(土地+建物),臺中市中區民族路１１０號４樓之５,4.74,都市：其他:第一種商業區,,,1150703,土地1建物1車位0,四層,七層,華廈(10層含以下有電梯),住家用,鋼筋混凝土造,0760826,39.54,1,0,1,有,無,1700000,42994,,0.0,0,陽台外推；,RPPPMLMKQHLGFAB87DA,25.33,0.0,0.0,有,0083
北屯區,土地,同榮段1042地號,177.0,都市：其他:道路用地,,,1150717,土地2建物0車位0,,,其他,,,,0.0,0,0,0,無,無,23395393,132177,,0.0,0,包含公共設施保留地用地；,RPSOMLRLPHLGFBB68DA,0.0,0.0,0.0,無,0084
北屯區,土地,松竹段602地號,12.0,都市：其他:第二種住宅區,,,1150717,土地1建物0車位0,,,其他,,,,0.0,0,0,0,無,無,595200,49600,,0.0,0,包含公共設施保留地用地；,RPTOMLRLPHLGFBB78DA,0.0,0.0,0.0,無,0085
北區,房地(土地+建物),臺中市北區漢口路四段２０８之３號,3.98,都市：其他:第二種住宅區,,,1150729,土地1建物1車位0,一層,七層,華廈(10層含以下有電梯),住家用,鋼筋混凝土造,0821109,22.61,1,1,1,有,有,2350000,103936,,0.0,0,其他增建；,RPTVMLPJQHLGFBB56DA,14.87,0.0,0.0,有,
北屯區,車位,臺中市北屯區青島路四段２１７號地下室２層,3.98,都市：其他:第二種住宅區,,,1150716,土地1建物1車位1,地下二層,十六層,其他,商業用,鋼筋混凝土造,0820306,46.980000000000004,0,0,0,無,有,2330000,,坡道平面,0.0,2330000,土地款:198萬元建物款:35萬元親友、員工、共有人或其他特殊關係間之交易；僅車位交易；,RPSRMLKKQHLGFBB28DA,0.0,0.0,0.0,有,0086
北屯區,車位,臺中市北屯區青島路四段２１７號地下室２層,27.86,都市：其他:第二種住宅區,,,1150716,土地1建物1車位7,地下二層,十六層,其他,商業用,鋼筋混凝土造,0820306,328.88,0,0,0,無,有,16310000,,坡道平面,0.0,16310000,1.土地款:1386萬元建物款:245萬元 2.共7個車位其中一個車位現供儲藏室使用受債權債務關係影響或債務抵償；僅車位交易；,RPWRMLKKQHLGFBB68DA,0.0,0.0,0.0,有,0086
北屯區,建物,臺中市北屯區崇德路一段６３１號１１樓之２,0.0,,,,1150709,土地0建物1車位2,十一層,二十二層,住宅大樓(11層含以上有電梯),商業用,鋼筋混凝土造,0800627,644.9200000000001,0,3,0,有,有,28280000,43850,坡道機械,0.0,0,土地價款2528萬建物價款300萬；建物坐落地號：東峰段255地號；,RPXNMLLKQHLGFBB48DA,401.49,0.0,0.0,有,
西屯區,房地(土地+建物),臺中市西屯區福星路１７０號五樓之２,14.05,都市：其他:第二種住宅區,,,1150703,土地1建物1車位0,五層,十三層,住宅大樓(11層含以上有電梯),住家用,鋼筋混凝土造,0960929,104.73,3,2,2,有,有,11900000,113626,,0.0,0,陽台外推；,RPVNMLRJPHLGFCB78DA,66.22,2.12,7.91,有,
南屯區,房地(土地+建物)+車位,臺中市南屯區大墩一街６８號十三樓之１,27.96,都市：其他:第二種住宅區,,,1150712,土地1建物1車位2,十三層,十五層,住宅大樓(11層含以上有電梯),住家用,鋼筋混凝土造,1131107,209.01,3,2,2,有,有,28800000,137792,坡道平面,58.86,0,,RPVNMLOKPHLGFCB58DA,89.81,0.0,9.09,有,0088
西屯區,土地,西屯段2265-4地號,19.0,都市：其他:公園用地,,,1150717,土地2建物0車位0,,,其他,,,,0.0,0,0,0,無,無,1719500,90500,,0.0,0,包含公共設施保留地用地；,RPROMLRLPHLGFCB68DA,0.0,0.0,0.0,無,0089
西屯區,房地(土地+建物)+車位,臺中市西屯區西屯路三段１６６之９９號十五樓之５,20.16,都市：其他:第六種住宅區,,,1150701,土地1建物1車位1,十五層,二十五層,住宅大樓(11層含以上有電梯),住家用,鋼筋混凝土造,1041008,197.12,2,2,2,有,有,23200000,117695,坡道平面,26.98,0,,RPVNMLLMPHLGFCB48DA,97.78,8.7,9.33,有,0090
南屯區,房地(土地+建物)+車位,臺中市南屯區文心南路２２７號四樓之１１,6.79,都市：其他:第四種商業區,,,1150708,土地1建物1車位1,四層,三十一層,住宅大樓(11層含以上有電梯),辦公用,鋼骨鋼筋混凝土造、鋼筋混凝土造,1130129,116.21,2,1,1,有,有,14500000,124774,坡道平面,31.62,0,,RPSNMLPJQHLGFCB38DA,49.7,0.0,4.96,有,0091
西屯區,房地(土地+建物),臺中市西屯區至善路１２１巷６號九樓之１２,3.58,都市：其他:第三之二種住宅區,,,1150726,土地1建物1車位0,九層,十二層,住宅大樓(11層含以上有電梯),住家用,鋼筋混凝土造,0821014,26.89,1,0,1,有,有,2450000,91112,,0.0,0,,RPWNMLPJQHLGFCB78DA,15.91,0.0,2.28,有,0092
西屯區,房地(土地+建物),臺中市西屯區西屯路二段２６８之８巷１號十樓之７,3.52,都市：其他:第三之二種住宅區,,,1150712,土地1建物1車位0,十層,十三層,住宅大樓(11層含以上有電梯),住家用,鋼筋混凝土造,0860408,34.78,1,1,1,有,有,2800000,80506,,0.0,0,,RPQSMLKKQHLGFCB28DA,17.96,0.0,3.42,有,0093
西屯區,土地,廣昌段360地號,29.59,都市：其他:道路保留地,,,1150715,土地1建物0車位0,,,其他,,,,0.0,0,0,0,無,無,3791686,128141,,0.0,0,包含公共設施保留地用地；,RPVNMLMKQHLGFCB48DA,0.0,0.0,0.0,無,
神岡區,房地(土地+建物),臺中市神岡區中山路４９７巷３０號,74.0,都市：其他:第一之一種住宅區,,,1150721,土地1建物1車位0,全,一層,透天厝,住家用,加強磚造,0631200,48.19,2,2,1,有,無,3880000,80515,,0.0,0,其他增建；,RPRNMLOLPHLGFDB38DA,48.19,0.0,0.0,無,
后里區,土地,圳寮段385地號,7.87,,山坡地保育區,農牧用地,1150729,土地1建物0車位0,,,其他,,,,0.0,0,0,0,無,無,8500,1080,,0.0,0,,RPPOMLTLPHLGFDB78DA,0.0,0.0,0.0,無,0094
神岡區,房地(土地+建物),臺中市神岡區中山路２０６號,85.88,都市：其他:乙種工業區,,,1150720,土地1建物1車位0,全,二層,透天厝,住家用,加強磚造,0640401,116.2,3,1,2,有,無,9250000,79604,,0.0,0,其他增建；,RPTNMLRJQHLGFDB78DA,116.2,0.0,0.0,無,
后里區,房地(土地+建物),臺中市后里區民生路４８巷９號,143.17,都市：其他:住宅區,,,1150707,土地1建物1車位0,全,五層,透天厝,住家用,鋼筋混凝土造,1110701,369.56,17,1,17,有,無,38500000,104178,,0.0,0,,RPVNMLLKQHLGFDB48DA,345.93,0.0,23.63,有,0095
神岡區,土地,神林段297地號,189.82,都市：其他:農業區,,,1150707,土地1建物0車位0,,,其他,,,,0.0,0,0,0,無,無,950000,5005,,0.0,0,地清或未辦繼承標售；,RPPNMLMKQHLGFDB97DA,0.0,0.0,0.0,無,
沙鹿區,房地(土地+建物),臺中市沙鹿區北勢五街４２之９號,104.34,都市：其他:第二種住宅區,,,1150701,土地2建物1車位0,全,四層,透天厝,住家用,鋼筋混凝土造,1010426,206.87,5,2,5,有,有,18300000,88461,,0.0,0,其他增建；,RPPNMLLMPHLGFFB18DA,201.85,0.0,5.02,無,
沙鹿區,土地,竹林東段760地號,281.26,都市：其他:文事研究中心區,,,1150726,土地1建物0車位0,,,其他,,,,0.0,0,0,0,無,無,1560000,5546,,0.0,0,,RPTOMLOJQHLGFFB78DA,0.0,0.0,0.0,無,0096
沙鹿區,房地(土地+建物),臺中市沙鹿區東晉路清雲巷２２之２號,212.18,都市：其他:第二種住宅區,,,1150708,土地2建物1車位0,全,一層,透天厝,住家用,鋼骨造,1081020,72.97,3,1,2,有,無,16000000,219268,,0.0,0,,RPUOMLOJQHLGFFB88DA,72.97,0.0,0.0,無,
大雅區,房地(土地+建物),臺中市大雅區中清東路１１８巷１７號,77.37,都市：其他:第二種商業區,,,1150708,土地1建物1車位0,全,三層,透天厝,住商用,鋼筋混凝土造,0711026,203.75,4,3,3,有,無,15200000,74601,,0.0,0,其他:鐵皮屋頂增建、一樓增建沿著加蓋其他增建；,RPXNMLKLPHLGFHB98DA,191.12,0.0,12.63,無,
潭子區,房地(土地+建物),臺中市潭子區祥和新莊５５號,64.3,都市：其他:第一之二種住宅區,,,1150727,土地1建物1車位0,全,二層,透天厝,住家用,加強磚造,0640125,82.4,3,3,2,有,無,7700000,93447,,0.0,0,頂樓加蓋；,RPPNMLSLPHLGFHB98DA,82.4,0.0,0.0,無,
大雅區,土地,山德段723地號,77.74,都市：其他:農業區,,,1150721,土地1建物0車位0,,,其他,,,,0.0,0,0,0,無,無,4548567,58510,,0.0,0,政府機關標讓售；,RPPNMLPJQHLGFHB58DA,0.0,0.0,0.0,無,
潭子區,土地,大新段184地號,858.35,,特定農業區,農牧用地,1150703,土地2建物0車位0,,,其他,,,,0.0,0,0,0,無,無,15318000,17846,,0.0,0,農作物；,RPQNMLRJQHLGFHB88DA,0.0,0.0,0.0,無,
太平區,房地(土地+建物)+車位,臺中市太平區太平二二街１０號四樓,20.46,都市：其他:第一種住宅區,,,1150707,土地1建物1車位1,四層,七層,華廈(10層含以下有電梯),住家用,鋼筋混凝土造,0840414,120.94999999999999,3,2,2,有,有,5880000,48615,升降機械,0.0,800000,,RPQNMLQJQHLGFJB98DA,73.84,0.0,12.18,有,
北區,房地(土地+建物),臺中市北區陝西路１０８號１０樓之８,4.23,都市：其他:第二種住宅區,,,1150717,土地1建物1車位0,十層,十五層,住宅大樓(11層含以上有電梯),住家用,鋼筋混凝土造,0781102,45.47,1,1,1,有,有,3600000,79173,,0.0,0,,RPQNMLMKQHLGFBB97EA,26.17,0.0,4.94,有,
太平區,土地,東興段141-1地號,258.86,,,,1150702,土地2建物0車位0,,,其他,,,,0.0,0,0,0,無,無,8790886,33960,,0.0,0,政府機關標讓售；,RPPNMLNKQHLGFJB78EA,0.0,0.0,0.0,無,
大肚區,房地(土地+建物),臺中市大肚區太平路１巷２弄１３號,55.48,,鄉村區,乙種建築用地,1150728,土地1建物1車位0,全,二層,透天厝,住商用,加強磚造,0691201,65.62,3,2,2,有,無,2800000,42670,,0.0,0,親友、員工、共有人或其他特殊關係間之交易；頂樓加蓋；,RPPNMLMKQHLGFKB78EA,65.62,0.0,0.0,無,
南區,房地(土地+建物)+車位,臺中市南區福田三街１６３號７樓,19.98,都市：其他:第二種住宅區,,,1150714,土地2建物1車位1,七層,七層,華廈(10層含以下有電梯),住家用,鋼筋混凝土造,0861207,127.15,3,2,2,有,有,8680000,68266,升降機械,0.0,0,其他增建；,RPWNMLRKPHLGFAB78DA,81.56,0.0,4.13,有,0097
北區,房地(土地+建物)+車位,臺中市北區進化北路２３８號６樓之３,19.78,都市：其他:第三種住宅區。,,,1150701,土地5建物1車位9,六層,二十層,住宅大樓(11層含以上有電梯),商業用,鋼骨造,0800613,267.09,7,2,0,有,有,16000000,59905,坡道機械,0.0,0,,RPOPMLRLPHLGFBB38DA,172.29,0.0,0.0,有,0098
北區,車位,臺中市北區柳川西路四段１號地下層１號,3.09,都市：其他:第二種商業區,,,1150721,土地6建物1車位1,地下一層,十二層,其他,停車空間、防空避難室,鋼筋混凝土造,0740713,33.81,0,0,0,無,有,1550000,,坡道平面,33.81,1550000,僅車位交易；,RPQPMLTLPHLGFBB78DA,0.0,0.0,0.0,有,0099
北屯區,房地(土地+建物),臺中市北屯區僑孝街２０巷７號三樓之２,22.17,都市：其他:第二種住宅區,,,1150716,土地1建物1車位0,三層,四層,公寓(5樓含以下無電梯),住家用,Ｒ.Ｃ造,0680719,59.11,2,2,1,有,無,3200000,54136,,0.0,0,,RPSNMLLMPHLGFBB08DA,50.38,0.0,8.73,無,
北屯區,房地(土地+建物),臺中市北屯區雷中街５９巷１３號,63.0,都市：其他:第二種住宅區,,,1150702,土地1建物1車位0,全,三層,透天厝,住家用,鋼筋混凝土造,0690630,119.1,4,3,3,有,無,10100000,84803,,0.0,0,,RPTPMLLMPHLGFBB38DA,119.1,0.0,0.0,無,
北區,房地(土地+建物),臺中市北區柳川西路四段１號１１樓１４號,3.22,都市：其他:第二種商業區,,,1150724,土地6建物1車位0,十一層,十二層,住宅大樓(11層含以上有電梯),住家用,鋼筋混凝土造,0740713,35.0,1,0,1,有,有,1600000,45714,,0.0,0,,RPVQMLOJQHLGFBB78DA,31.32,0.0,1.76,有,0100
北區,房地(土地+建物),臺中市北區柳川西路四段１號１１樓１７號,2.32,都市：其他:第二種商業區,,,1150724,土地6建物1車位0,十一層,十二層,住宅大樓(11層含以上有電梯),住家用,鋼筋混凝土造,0740713,24.79,1,0,1,有,有,1100000,44373,,0.0,0,,SPVQMLOJQHLGFBB88DA,21.21,0.0,2.2,有,
北區,房地(土地+建物),臺中市北區湖北街７０之５號,15.88,都市：其他:第二種住宅區,,,1150728,土地2建物1車位0,三層,五層,公寓(5樓含以下無電梯),住家用,鋼筋混凝土造,0720210,79.55,2,1,1,有,無,2200000,27656,,0.0,0,,RPUVMLPJQHLGFBB66DA,53.35,0.0,17.81,無,
北屯區,房地(土地+建物),臺中市北屯區北屯路２９８巷６之６弄４２號,85.57,都市：其他:第二種住宅區,,,1150716,土地5建物1車位0,全,四層,透天厝,其他,ＲＣ造,0930802,166.66,4,2,3,有,有,12500000,75003,,0.0,0,,RPXVMLPJQHLGFBB96DA,152.65,0.37,13.65,無,
北屯區,房地(土地+建物),臺中市北屯區天津路四段３０５號２０樓之８,1.76,都市：其他:第一種商業區,,,1150727,土地1建物1車位0,二十層,二十四層,住宅大樓(11層含以上有電梯),住家用,鋼筋混凝土造,0840626,26.91,1,0,1,有,有,2500000,92902,,0.0,0,,RPPNMLQJQHLGFBB08DA,14.68,0.0,3.89,有,
北區,房地(土地+建物),臺中市北區大德街９１巷５號二樓,34.2,都市：其他:第二種住宅區,,,1150715,土地1建物1車位0,二層,三層,公寓(5樓含以下無電梯),住家用,加強磚造,0610603,52.0,2,1,1,有,無,3380000,65000,,0.0,0,,RPRNMLLKQHLGFBB87DA,52.0,0.0,0.0,無,
北區,房地(土地+建物),臺中市北區民族路２７５之８號,1.5,都市：其他:第一種商業區,,,1150726,土地1建物1車位0,三層,七層,華廈(10層含以下有電梯),住家用,鋼筋混凝土造,0690916,42.8,1,1,1,有,無,2600000,60748,,0.0,0,跨所案件，另有基地為台中市西區後?子段85-66地號，持分面積6.84平方公尺。預售屋、或土地及建物分件登記案件；,RPORMLMKQHLGFBB08DA,35.14,0.0,0.0,有,
北區,房地(土地+建物),臺中市北區太原路二段１８２號１３樓之３,9.32,都市：其他:第一種商業區,,,1150716,土地1建物1車位0,十三層,十四層,住宅大樓(11層含以上有電梯),住家用,ＲＣ造,0930903,92.69999999999999,2,1,1,有,有,8800000,94930,,0.0,0,,RPPRMLMKQHLGFBB18DA,59.27,1.1,7.98,有,
西屯區,房地(土地+建物)+車位,臺中市西屯區惠來路三段１９８之２號九樓之１,13.63,都市：其他:第三之二種住宅區,,,1150707,土地1建物1車位1,九層,十五層,住宅大樓(11層含以上有電梯),住家用,鋼筋混凝土造,0951219,145.38,3,2,2,有,有,18500000,127253,坡道機械,11.57,0,陽台外推；,RPROMLSLPHLGFCB78DA,78.62,6.58,9.31,有,
南屯區,房地(土地+建物)+車位,臺中市南屯區文心南三路５２８號六樓之９,7.01,都市：其他:第三種商業區,,,1150702,土地1建物1車位1,六層,十九層,住宅大樓(11層含以上有電梯),住家用,鋼筋混凝土造,1090831,88.25999999999999,1,1,1,有,有,10800000,122366,坡道平面,27.0,0,,RPRNMLLJQHLGFCB87DA,32.59,1.46,3.74,有,0101
西屯區,房地(土地+建物)+車位,臺中市西屯區至善路１２２號四樓之９,12.62,都市：其他:第三之二種住宅區,,,1150727,土地1建物1車位1,四層,十四層,住宅大樓(11層含以上有電梯),住家用,鋼筋混凝土造,0831209,136.42000000000002,3,2,2,有,有,8700000,63774,坡道機械,0.0,0,,RPRPMLPJQHLGFCB48DA,79.7,0.0,11.67,有,
西屯區,土地,廣福段167地號,351.1,都市：其他:乙種工業區,,,1150709,土地3建物0車位0,,,其他,,,,0.0,0,0,0,無,無,13800000,39305,,0.0,0,,RPROMLMKQHLGFCB18DA,0.0,0.0,0.0,無,0102
西屯區,房地(土地+建物)+車位,臺中市西屯區福科路３４０巷２號六樓之２１,11.81,都市：其他:第三之一種住宅區,,,1150717,土地1建物1車位1,六層,十五層,住宅大樓(11層含以上有電梯),住家用,鋼筋混凝土造,0830826,121.28999999999999,3,2,2,有,有,11380000,93825,坡道平面,0.0,900000,,RPQTMLMKQHLGFCB58DA,79.57,0.0,9.82,有,0103
豐原區,房地(土地+建物),臺中市豐原區南陽路國民新村１４８號,108.0,都市：其他:第二種住宅區,,,1150707,土地1建物1車位0,全,二層,透天厝,住家用,鋼筋混凝土加強磚造,0561211,100.8,4,1,2,有,無,8000000,79365,,0.0,0,親友、員工、共有人或其他特殊關係間之交易；未登記建物；未登記建物；急買急賣；,RPRNMLMKQHLGFDB18DA,100.8,0.0,0.0,無,
沙鹿區,土地,慶安段1054地號,2133.85,都市：其他:保護區,,,1150724,土地2建物0車位0,,,其他,,,,0.0,0,0,0,無,無,55842400,26170,,0.0,0,沙鹿區慶安段1047地號價款3162400元。沙鹿區慶安段1054地號價款52680000元,RPPOMLOLPHLGFFB48DA,0.0,0.0,0.0,無,
東勢區,房地(土地+建物),臺中市東勢區第五橫街中和巷２４號,32.11,都市：其他:市場用地,,,1150709,土地1建物2車位0,全,二層,透天厝,住家用,加強磚造,,73.11,3,2,1,有,無,2200000,30092,,0.0,0,,RPRNMLOKQHLGFGB68DA,73.11,0.0,0.0,無,
霧峰區,房地(土地+建物),臺中市霧峰區德維街３６巷１１號,24.25,都市：其他:住宅區,,,1150721,土地1建物1車位0,全,三層,透天厝,住商用,鋼筋混凝土加強磚造,0640704,43.42,6,1,2,有,無,1000000,23031,,0.0,0,,RPVNMLNLPHLGFIB56DA,43.43,0.0,0.0,無,
大里區,房地(土地+建物)+車位,臺中市大里區日新路３４２號十一樓之１,22.94,都市：其他:住宅區,,,1150711,土地1建物1車位1,十一層,十三層,住宅大樓(11層含以上有電梯),住家用,鋼筋混凝土造,1071022,170.27,3,2,2,有,有,14580000,85629,坡道平面,43.01,0,,RPSOMLSLPHLGFIB86DA,77.53,0.0,7.84,有,0104
大里區,房地(土地+建物),臺中市大里區錦華街２２號,115.91,都市：其他:住宅區,,,1150707,土地2建物1車位0,全,二層,透天厝,商業用,加強磚造,0651108,120.49,3,2,2,有,無,9980000,82828,,0.0,0,頂樓加蓋；含租約；包含公共設施保留地用地；,RPPOMLPJQHLGFIB78DA,120.49,0.0,0.0,無,
大里區,房地(土地+建物),臺中市大里區至善路１３５號,88.31,都市：其他:住宅區,,,1150710,土地1建物1車位0,全,二層,透天厝,住家用,鋼筋混凝土造,0740120,130.98,6,4,3,有,無,12000000,91617,,0.0,0,其他增建；,RPPNMLMKQHLGFIB48DA,126.06,0.0,4.92,無,
大里區,房地(土地+建物),臺中市大里區新南路２８之３號,25.77,都市：其他:住宅區,,,1150721,土地1建物1車位0,三層,五層,公寓(5樓含以下無電梯),住家用,鋼筋混凝土造,0681213,72.19,2,2,1,有,無,3500000,48483,,0.0,0,親友、員工、共有人或其他特殊關係間之交易；,RPPNMLNKQHLGFIB58DA,72.19,0.0,0.0,無,
太平區,房地(土地+建物)+車位,臺中市太平區新興路１５６號七樓之２,22.18,都市：其他:住宅區,,,1150717,土地1建物1車位1,七層,十四層,住宅大樓(11層含以上有電梯),住家用,鋼筋混凝土造,1030221,167.42000000000002,3,2,2,有,有,15500000,92582,坡道平面,39.19,0,,RPSNMLMLPHLGFJB88DA,78.48,3.48,7.07,有,0105
太平區,土地,頭汴坑段264-36地號,2500.0,,山坡地保育區,農牧用地,1150728,土地1建物0車位0,,,其他,,,,0.0,0,0,0,無,無,2500000,1000,,0.0,0,親友、員工、共有人或其他特殊關係間之交易；,RPRNMLLMPHLGFJB78DA,0.0,0.0,0.0,無,
太平區,車位,育德路１６３號等公共設施,5.06,都市：其他:住宅區,,,1150730,土地1建物1車位1,,,其他,,,,24.8,0,0,0,無,有,1500000,,坡道平面,24.8,1500000,僅車位交易；,RPPNMLRJQHLGFJB98DA,0.0,0.0,0.0,有,0106
太平區,土地,中天段16地號,422.95,,,,1150727,土地2建物0車位0,,,其他,,,,0.0,0,0,0,無,無,36190000,85566,,0.0,0,政府機關標讓售；,RPTNMLMKQHLGFJB98DA,0.0,0.0,0.0,無,
太平區,房地(土地+建物)+車位,臺中市太平區祥順路一段９９號三樓之５,12.27,都市：其他:住宅區,,,1150708,土地1建物1車位1,三層,十一層,住宅大樓(11層含以上有電梯),住家用,鋼筋混凝土造,1091120,79.59,3,2,2,有,有,4200000,52770,坡道平面,15.61,0,親友、員工、共有人或其他特殊關係間之交易；,RPQNMLNKQHLGFJB78DA,38.34,3.0,2.53,有,0107
龍井區,土地,三德段1534-1地號,30.0,都市：其他:農業區,,,1150709,土地2建物0車位0,,,其他,,,,0.0,0,0,0,無,無,567000,18900,,0.0,0,政府機關標讓售；,RPVNMLTJPHLGFKB17DA,0.0,0.0,0.0,無,
龍井區,房地(土地+建物),臺中市龍井區遊園北路４７８巷５號,67.87,都市：其他:第二種住宅區,,,1150701,土地3建物1車位0,全,五層,透天厝,住商用,鋼筋混凝土造,0951226,225.83,3,2,3,有,無,16000000,70850,,0.0,0,陽台外推；,RPPNMLMKQHLGFKB68DA,198.56,0.68,26.59,無,
潭子區,房地(土地+建物),臺中市潭子區頭張路二段１１３巷７６弄６號,66.52,都市：其他:第一之一種住宅區,,,1150720,土地2建物1車位0,全,二層,透天厝,住商用,加強磚造,0690315,99.08,4,1,3,有,無,2600000,26241,,0.0,0,親友、員工、共有人或其他特殊關係間之交易；頂樓加蓋；其他增建；,RPPNMLNKQHLGFHB58EA,99.08,0.0,0.0,無,
西區,房地(土地+建物),臺中市西區五權六街８號,40.22,都市：其他:第二種住宅區,,,1150727,土地1建物1車位0,全,二層,透天厝,住家用,鐵筋加強磚,0590420,24.56,4,3,2,有,無,7200000,293160,,0.0,0,其他增建:壹樓親友、員工、共有人或其他特殊關係間之交易；其他增建；,RPOOMLTLPHLGFAB38DA,24.56,0.0,0.0,無,
東區,房地(土地+建物),臺中市東區復興路４段３０５號９樓之５,3.93,都市：其他:第二種商業區,,,1150703,土地2建物1車位0,九層,十層,華廈(10層含以下有電梯),住家用,鋼筋混凝土造,0680714,20.31,1,0,1,有,有,2600000,128016,,0.0,0,陽台外推；,RPXNMLPJQHLGFAB68DA,20.31,0.0,0.0,有,0108
南區,土地,下橋子頭段86-259地號,1.45,都市：其他:道路用地,,,1150722,土地2建物0車位0,,,其他,,,,0.0,0,0,0,無,無,115884,79920,,0.0,0,畸零地或有合併使用效益；包含公共設施保留地用地；,RPSNMLOKQHLGFAB18DA,0.0,0.0,0.0,無,
北區,房地(土地+建物),臺中市北區三民路三段２６６號八樓之８,2.08,都市：其他:第一種商業區,,,1150705,土地1建物1車位0,八層,十三層,住宅大樓(11層含以上有電梯),住家用,鋼筋混凝土造,0700806,21.62,1,1,1,有,有,1730000,80019,,0.0,0,其他增建：陽台。其他增建；,RPOOMLRKPHLGFBB18DA,13.8,0.0,1.96,有,0109
北屯區,房地(土地+建物),臺中市北屯區安順東十街７７號７樓,16.3,都市：其他:第二種住宅區,,,1150704,土地1建物1車位0,七層,七層,華廈(10層含以下有電梯),住家用,鋼筋混凝土造,0811113,99.37,3,2,2,有,無,7700000,77488,,0.0,0,其他增建；,RPUOMLRKPHLGFBB78DA,78.63,0.0,4.92,有,0110
北屯區,房地(土地+建物)+車位,臺中市北屯區環太東路５５７號八樓之７,25.47,都市：其他:第三種住宅區。,,,1150706,土地1建物1車位2,八層,十五層,住宅大樓(11層含以上有電梯),住家用,鋼筋混凝土造,1130605,182.98,3,2,2,有,有,13080000,71483,坡道平面,55.2,0,親友、員工、共有人或其他特殊關係間之交易；,RPXPMLMLPHLGFBB78DA,73.04,0.0,12.48,有,0111
北屯區,房地(土地+建物)+車位,臺中市北屯區瀋陽路三段１６號二樓之１,8.96,都市：其他:第四種商業區,,,1150709,土地1建物1車位1,二層,十八層,住宅大樓(11層含以上有電梯),住家用,鋼筋混凝土造,0990909,113.36000000000001,2,2,1,有,有,12000000,105857,坡道機械,14.29,0,陽台外推；,RPTNMLSLPHLGFBB78DA,54.45,0.65,14.27,有,0112
北屯區,房地(土地+建物)+車位,臺中市北屯區松竹路二段３２３號十二樓之１,26.04,都市：其他:第二種住宅區,,,1150729,土地1建物1車位1,十二層,十二層,住宅大樓(11層含以上有電梯),住家用,鋼筋混凝土造,1090820,143.85,3,2,2,有,有,16580000,115259,坡道平面,40.69,0,陽台外推；其他增建；,RPWNMLTLPHLGFBB56DA,64.61,0.0,5.44,有,0113
北區,房地(土地+建物),臺中市北區錦新街９０巷１４號二樓,33.0,都市：其他:第二種住宅區,,,1150706,土地1建物1車位0,二層,四層,公寓(5樓含以下無電梯),住家用,鋼筋混凝土造,0631203,92.15,3,2,1,有,無,5180000,56213,,0.0,0,,RPORMLOJQHLGFBB18DA,80.03,0.0,12.12,無,
北屯區,房地(土地+建物)+車位,臺中市北屯區興安路二段９８號十五樓之３,21.37,都市：其他:第二種住宅區,,,1150714,土地1建物1車位1,十五層,十五層,住宅大樓(11層含以上有電梯),住家用,鋼筋混凝土造,1150507,154.29000000000002,3,2,2,有,有,19140000,124052,坡道平面,22.99,0,,RPQRMLOJQHLGFBB38DA,78.4,0.0,8.94,有,0114
北屯區,土地,同榮段542-1地號,104.0,都市：其他:農業區,,,1150721,土地1建物0車位0,,,其他,,,,0.0,0,0,0,無,無,6070480,58370,,0.0,0,政府機關標讓售；,RPSRMLQJQHLGFBB78DA,0.0,0.0,0.0,無,
北區,房地(土地+建物)+車位,臺中市北區育樂街８６號十六樓之１,18.12,都市：其他:第二之一種商業區,,,1150710,土地2建物1車位1,十六層,二十二層,住宅大樓(11層含以上有電梯),住家用,鋼筋混凝土造,1101020,153.01,3,2,2,有,有,18000000,117639,坡道平面,35.31,0,,RPPNMLRJQHLGFBB18DA,78.05,0.0,4.43,有,0115
西屯區,房地(土地+建物),臺中市西屯區西屯路二段２９７之８巷３號五樓之１８,5.26,都市：其他:第三之二種住宅區,,,1150720,土地1建物1車位0,五層,八層,華廈(10層含以下有電梯),住家用,鋼筋混凝土造,0820628,35.46,1,0,1,有,有,2900000,81782,,0.0,0,,RPVNMLOJQHLGFCB58DA,24.36,0.5,3.06,有,0116
南屯區,房地(土地+建物)+車位,臺中市南屯區大墩一街６８號二樓之６,23.93,都市：其他:第二種住宅區,,,1150712,土地1建物1車位1,二層,十五層,住宅大樓(11層含以上有電梯),住家用,鋼筋混凝土造,1131107,157.87,3,2,2,有,有,22000000,139355,坡道平面,29.43,0,,RPRPMLOJQHLGFCB38DA,79.06,0.0,5.54,有,0117
南屯區,房地(土地+建物),臺中市南屯區寶山東二街１９巷１７號四樓之３,11.52,都市：其他:第二種住宅區,,,1150727,土地1建物1車位0,四層,十二層,住宅大樓(11層含以上有電梯),住家用,鋼筋混凝土造,1000428,72.38,2,1,1,有,有,8300000,114673,,0.0,0,,RPTNMLQJQHLGFCB58DA,44.34,1.27,3.16,有,
西屯區,土地,國安段303-11地號,67.3,都市：其他:第三之一種住宅區,,,1150723,土地2建物0車位0,,,其他,,,,0.0,0,0,0,無,無,3070654,45626,,0.0,0,包含公共設施保留地用地；,RPOOMLMKQHLGFCB87DA,0.0,0.0,0.0,無,0118
西屯區,房地(土地+建物),臺中市西屯區福雅路１２８巷７５號,74.65,都市：其他:第一種商業區,,,1150705,土地5建物1車位0,全,四層,透天厝,住商用,ＲＣ造,0930219,191.34,5,1,4,有,無,15000000,78394,,0.0,0,親友、員工、共有人或其他特殊關係間之交易；,RPXOMLMKQHLGFCB78DA,181.4,6.27,3.67,無,
西屯區,土地,安林段336-1地號,145.4,都市：其他:農業區,,,1150729,土地3建物0車位0,,,其他,,,,0.0,0,0,0,無,無,6500000,44704,,0.0,0,,RPVQMLNKQHLGFCB88DA,0.0,0.0,0.0,無,
西屯區,房地(土地+建物)+車位,臺中市西屯區永福路１３２號十七樓之６,13.63,都市：其他:第三之一種住宅區,,,1150725,土地1建物1車位1,十七層,十九層,住宅大樓(11層含以上有電梯),住家用,鋼筋混凝土造,0850527,126.81,3,2,2,有,有,12000000,94630,坡道平面,0.0,0,親友、員工、共有人或其他特殊關係間之交易；,RPPNMLOKQHLGFCB08DA,76.46,1.55,6.85,有,0119
豐原區,土地,博愛段646地號,120.58,都市：其他:第二種商業區,,,1150709,土地2建物0車位0,,,其他,,,,0.0,0,0,0,無,無,28601340,237198,,0.0,0,共有人承買，持分交易。646地號土地每坪以新台幣800000元計算，買賣價格26862000元；649地號土地每坪以新台幣600000元計算，買賣價格1739340元，合計28601340元整。未登記建物；,RPPNMLTLPHLGFDB68DA,0.0,0.0,0.0,無,
大甲區,房地(土地+建物),臺中市大甲區青三路７巷２６號,77.33,,工業區,丁種建築用地,1150720,土地1建物1車位0,全,二層,透天厝,住家用,鋼筋混凝土加強磚造,0680205,94.69,6,2,2,有,無,1460000,15419,,0.0,0,親友、員工、共有人或其他特殊關係間之交易；頂樓加蓋；其他增建；,RPWOMLRKQHLGFEB76DA,94.69,0.0,0.0,無,
沙鹿區,房地(土地+建物),臺中市沙鹿區大同街６７巷１５號,29.75,都市：其他:第四種住宅區,,,1150727,土地2建物1車位0,全,四層,透天厝,住商用,ＲＣ造、水泥平頂、磨石地床,0670223,86.11,4,2,4,有,無,4000000,46452,,0.0,0,親友、員工、共有人或其他特殊關係間之交易；,RPRNMLRLPHLGFFB88DA,86.11,0.0,0.0,無,0120
沙鹿區,房地(土地+建物)+車位,臺中市沙鹿區福田北街１２０號八樓之２,33.49,都市：其他:第四種住宅區,,,1150702,土地1建物1車位1,八層,八層,華廈(10層含以下有電梯),住家用,鋼筋混凝土造,1141219,152.19,3,2,2,有,有,9800000,64393,坡道平面,36.48,0,,RPQNMLLMPHLGFFB28DA,72.0,0.0,6.2,有,0121
東勢區,土地,新成段243-2地號,99.71,都市：其他:住宅區,,,1150729,土地2建物0車位0,,,其他,,,,0.0,0,0,0,無,無,3890640,39020,,0.0,0,,RPRNMLRKQHLGFGB98DA,0.0,0.0,0.0,無,
大雅區,土地,三和段989-1地號,270.5,都市：其他:第二種住宅區,,,1150724,土地1建物0車位0,,,其他,,,,0.0,0,0,0,無,無,32847897,121434,,0.0,0,協議價購；,RPRNMLOKQHLGFHB78DA,0.0,0.0,0.0,無,0122
大雅區,土地,三和段989-1地號,541.0,都市：其他:第二種住宅區,,,1150724,土地1建物0車位0,,,其他,,,,0.0,0,0,0,無,無,65695794,121434,,0.0,0,協議價購；,RPSNMLOKQHLGFHB88DA,0.0,0.0,0.0,無,0122
大里區,房地(土地+建物),臺中市大里區長興一街５２號,86.24,都市：其他:住宅區,,,1150708,土地1建物1車位0,全,三層,透天厝,商業用,鋼筋混凝土造,0710325,183.86,4,2,3,有,無,15800000,85935,,0.0,0,其他增建；,RPPNMLNJQHLGFIB48DA,181.25,0.0,2.61,無,0124
龍井區,房地(土地+建物),臺中市龍井區藝術北街８巷２號七樓之二,17.09,都市：其他:第二種住宅區,,,1150707,土地2建物1車位0,七層,八層,華廈(10層含以下有電梯),住家用,鋼筋混凝土造,0811016,98.74,3,2,2,有,有,5400000,54689,,0.0,0,,RPVNMLLKQHLGFKB56DA,65.12,0.0,5.07,有,
北屯區,房地(土地+建物)+車位,臺中市北屯區文昌東十一街７號二樓之２,18.82,都市：其他:第二種住宅區,,,1150705,土地2建物1車位1,二層,九層,華廈(10層含以下有電梯),住家用,鋼筋混凝土造,0840109,139.29000000000002,3,2,2,有,有,10310000,74018,坡道平面,0.0,0,親友、員工、共有人或其他特殊關係間之交易；陽台外推；,RPPNMLNKQHLGFBB97EA,75.85,2.64,7.46,有,0125
西區,房地(土地+建物),臺中市西區五廊街３８號二樓之２,25.54,都市：其他:第二種住宅區,,,1150723,土地2建物1車位0,二層,七層,華廈(10層含以下有電梯),住家用,鋼筋混凝土造,0720429,112.92,4,2,2,有,無,7500000,66419,,0.0,0,其他增建；,RPQOMLKMPHLGFAB77DA,102.83,0.0,10.09,有,
西區,房地(土地+建物),臺中市西區五權三街２６１號三樓,19.1,都市：其他:第二種住宅區,,,1150720,土地1建物1車位0,三層,四層,公寓(5樓含以下無電梯),住家用,鋼筋混凝土造,0660926,44.48,2,1,1,有,無,2700000,60701,,0.0,0,,RPSOMLNKQHLGFAB18DA,44.48,0.0,0.0,無,
北屯區,房地(土地+建物)+車位,臺中市北屯區建和路一段３９９號十三樓之２,20.02,都市：其他:第三種住宅區。,,,1150701,土地1建物1車位1,十三層,十四層,住宅大樓(11層含以上有電梯),住家用,鋼筋混凝土造,1040416,139.28,2,2,1,有,有,12500000,89747,坡道平面,34.81,0,,RPSWMLMLPHLGFBB98DA,60.24,2.18,7.63,有,
北屯區,房地(土地+建物),臺中市北屯區松竹南街１號,204.15,都市：其他:第三之一種商業區,,,1150715,土地1建物1車位0,全,二層,透天厝,辦公用,ＲＣ造,0880111,657.11,22,22,22,有,無,160550000,244327,,0.0,0,,RPXPMLTLPHLGFBB86DA,628.33,0.0,28.77,無,
北屯區,房地(土地+建物),臺中市北屯區松竹南街１號,275.35,都市：其他:第三之一種商業區,,,1150715,土地1建物1車位0,全,二層,透天厝,辦公用,ＲＣ造,0880111,657.11,22,22,22,有,無,216554000,329555,,0.0,0,,RPOQMLTLPHLGFBB68DA,628.33,0.0,28.77,無,
北屯區,房地(土地+建物)+車位,臺中市北屯區松竹路一段８８１號十樓之５,20.0,都市：其他:第一種商業區,,,1150717,土地1建物1車位1,十層,十五層,住宅大樓(11層含以上有電梯),住家用,鋼筋混凝土造,1041123,162.83999999999997,3,2,2,有,有,17030000,104581,坡道平面,24.47,0,,RPVQMLMKQHLGFBB68DA,80.53,3.3,9.05,有,
西屯區,房地(土地+建物)+車位,臺中市西屯區馬龍潭路１號六樓之１,47.82,都市：其他:第一之C種住宅區,,,1150713,土地1建物1車位2,六層,三十三層,住宅大樓(11層含以上有電梯),住家用,鋼骨鋼筋混凝土造,1130812,262.11,3,2,2,有,有,47500000,181222,坡道平面,41.64,0,親友、員工、共有人或其他特殊關係間之交易；,RPPOMLOLPHLGFCB18DA,127.21,0.0,12.59,有,
西屯區,房地(土地+建物)+車位,臺中市西屯區惠中路一段５１號五樓之１,28.25,都市：其他:第二種新市政中心專用區,,,1150715,土地1建物1車位2,五層,二十三層,住宅大樓(11層含以上有電梯),住家用,鋼骨鋼筋混凝土造,1020502,329.47,4,2,2,有,有,39600000,120193,坡道平面,79.76,0,,RPXOMLSLPHLGFCB76DA,143.25,11.37,13.18,有,
南屯區,車位,臺中市南屯區東興西街１１之５號地下三層１號,1.73,都市：其他:第二種住宅區,,,1150721,土地1建物1車位1,地下三層,十二層,其他,辦公室、停車空間,鋼筋混凝土造,0801206,20.7,0,0,0,無,有,1200000,,坡道平面,20.7,1200000,僅車位交易；,RPOPMLNJQHLGFCB97DA,0.0,0.0,0.0,有,
西屯區,房地(土地+建物),臺中市西屯區工業區一路５８巷１１弄６號十一樓之８,5.1,都市：其他:第二種住宅區,,,1150731,土地1建物1車位0,十一層,十二層,住宅大樓(11層含以上有電梯),住家用,鋼筋混凝土造,0800911,30.43,1,1,1,有,有,2480000,81499,,0.0,0,其他增建；,RPOQMLPJQHLGFCB28DA,17.88,0.0,2.84,有,
南屯區,房地(土地+建物)+車位,臺中市南屯區文心南三路４０８號十二樓之１,23.94,都市：其他:第三之一種商業區,,,1150718,土地1建物1車位2,十二層,二十五層,住宅大樓(11層含以上有電梯),住家用,鋼筋混凝土造,1031020,345.7,4,2,3,有,有,50500000,146080,坡道平面,62.28,0,,RPPNMLQJQHLGFCB18DA,159.06,9.09,22.02,有,
西屯區,房地(土地+建物),臺中市西屯區福上巷２１４號三樓之６,4.07,都市：其他:第三之二種住宅區,,,1150728,土地1建物1車位0,三層,六層,華廈(10層含以下有電梯),商業用,鋼筋混凝土造,0830204,21.36,1,0,1,有,有,1650000,77247,,0.0,0,,RPROMLQJQHLGFCB48DA,17.91,0.0,0.0,有,
西屯區,房地(土地+建物)+車位,臺中市西屯區工業區一路２巷３號三樓之５,11.85,都市：其他:第二種住宅區,,,1150720,土地1建物1車位1,三層,十四層,住宅大樓(11層含以上有電梯),商業用,鋼筋混凝土造,0801227,103.03,0,0,0,無,有,7500000,72794,坡道平面,13.86,0,,RPPNMLPKQHLGFCB18DA,49.13,0.0,8.2,有,
神岡區,土地,十五庄段215-2地號,56.44,都市：其他:第二種住宅區,,,1150702,土地1建物0車位0,,,其他,,,,0.0,0,0,0,無,無,7900000,139972,,0.0,0,未登記建物；,RPUNMLSJPHLGFDB88DA,0.0,0.0,0.0,無,
外埔區,房地(土地+建物)+車位,臺中市外埔區長生路６１８號七樓之５,23.93,,鄉村區,乙種建築用地,1150715,土地1建物1車位2,七層,七層,華廈(10層含以下有電梯),住家用,鋼筋混凝土造,1131021,138.97,3,2,2,有,有,11500000,100913,坡道平面,45.82,2100000,,RPPNMLKMPHLGFEB97DA,62.84,0.0,4.39,有,
大甲區,土地,海尾段582地號,445.73,,特定農業區,農牧用地,1150731,土地2建物0車位0,,,其他,,,,0.0,0,0,0,無,無,4000000,8974,,0.0,0,本標的為共有土地有分管協議未登記建物；,RPPNMLOKQHLGFEB28DA,0.0,0.0,0.0,無,
大甲區,房地(土地+建物),臺中市大甲區仁愛街７３巷６號,79.3,都市：其他:住宅區,,,1150731,土地2建物1車位0,全,二層,透天厝,住家用,鋼筋混凝土加強磚造,0590905,86.88,6,2,3,有,無,9810000,112914,,0.0,0,親友、員工、共有人或其他特殊關係間之交易；未登記建物；,RPPNMLSKQHLGFEB68DA,86.88,0.0,0.0,無,
外埔區,房地(土地+建物)+車位,臺中市外埔區中山路４５６巷５５號五樓之２,36.86,,鄉村區,乙種建築用地,1150702,土地1建物1車位1,五層,七層,華廈(10層含以下有電梯),住家用,鋼筋混凝土造,1120619,121.0,3,1,2,有,有,7300000,60331,升降機械,0.0,0,,RPSNMLSKQHLGFEB98DA,74.85,0.0,9.16,有,
沙鹿區,房地(土地+建物)+車位,臺中市沙鹿區光華路３９１巷５７號三樓之７,50.3,都市：其他:保護區,,,1150720,土地2建物1車位1,三層,八層,華廈(10層含以下有電梯),住家用,鋼筋混凝土造,1110112,137.89999999999998,2,2,1,有,有,9800000,71066,坡道平面,35.06,0,,RPWOMLOJQHLGFFB09DA,59.89,5.58,5.27,有,
大雅區,土地,自立段597地號,89.0,都市：其他:農業區,,,1150727,土地2建物0車位0,,,其他,,,,0.0,0,0,0,無,無,1250000,14045,,0.0,0,親友、員工、共有人或其他特殊關係間之交易；,RPTNMLOKQHLGFHB98DA,0.0,0.0,0.0,無,
烏日區,土地,榮泉段22-7地號,15.91,都市：其他:第一種住宅區,,,1150716,土地1建物0車位0,,,其他,,,,0.0,0,0,0,無,無,2373500,149183,,0.0,0,水利地承購；,RPXNMLRKPHLGFIB07DA,0.0,0.0,0.0,無,
霧峰區,房地(土地+建物)+車位,臺中市霧峰區民生路６２巷６號,99.2,都市：其他:住宅區,,,1150707,土地2建物1車位1,全,四層,透天厝,住家用,鋼筋混凝土造,1131231,268.59,4,3,5,有,有,35000000,130310,一樓平面,0.0,0,,RPSNMLKLPHLGFIB58DA,263.56,0.0,5.03,無,
大里區,房地(土地+建物),臺中市大里區新南路１４０號六樓之１３,5.62,都市：其他:住宅區,,,1150720,土地1建物1車位0,六層,七層,華廈(10層含以下有電梯),住家用,鋼筋混凝土造,0800515,33.26,1,0,1,有,有,2380000,71557,,0.0,0,,RPQNMLNJQHLGFIB58DA,22.43,0.0,1.97,有,
霧峰區,土地,樟公段381地號,81.09,都市：其他:住宅區,,,1150729,土地4建物0車位0,,,其他,,,,0.0,0,0,0,無,無,2200000,27130,,0.0,0,,RPUNMLPJQHLGFIB56DA,0.0,0.0,0.0,無,
烏日區,房地(土地+建物)+車位,臺中市烏日區九德街６５號八樓之１,18.87,都市：其他:第三種住宅區。,,,1150715,土地2建物1車位1,八層,十一層,住宅大樓(11層含以上有電梯),住家用,鋼筋混凝土造,1150421,102.15,2,2,1,有,有,9700000,113026,坡道平面,31.37,1700000,預售屋、或土地及建物分件登記案件；,RPQNMLKKQHLGFIB38DA,41.98,0.0,4.78,有,
霧峰區,房地(土地+建物),臺中市霧峰區民生路１７１巷２７號二樓,33.69,都市：其他:住宅區,,,1150716,土地1建物1車位0,二層,五層,華廈(10層含以下有電梯),住家用,鋼筋混凝土造,0821028,114.78,3,2,2,有,無,5500000,47922,,0.0,0,,RPVNMLRKQHLGFIB96DA,91.12,0.0,11.62,有,
龍井區,房地(土地+建物)+車位,臺中市龍井區遊園北路１０８號六樓之２,34.99,都市：其他:第一之二種住宅區,,,1150705,土地1建物1車位2,六層,十五層,住宅大樓(11層含以上有電梯),住家用,鋼筋混凝土造,1121102,177.78,3,2,2,有,有,21800000,122623,坡道平面,47.3,0,,RPRNMLRLPHLGFKB76DA,79.38,0.0,6.56,有,
大里區,土地,合信段188-4地號,4.87,,鄉村區,乙種建築用地,1150722,土地1建物0車位0,,,其他,,,,0.0,0,0,0,無,無,265025,54420,,0.0,0,水利地承購；,RPPNMLSKQHLGFIB56EA,0.0,0.0,0.0,無,
龍井區,土地,三德段1264-19地號,224.0,都市：其他:農業區,,,1150727,土地1建物0車位0,,,其他,,,,0.0,0,0,0,無,無,2500000,11161,,0.0,0,,RPPNMLLKQHLGFKB68EA,0.0,0.0,0.0,無,
南區,房地(土地+建物),臺中市南區福東街５９巷１號,85.0,都市：其他:第二種住宅區,,,1150620,土地2建物1車位0,全,四層,透天厝,住家用,鋼筋混凝土造,0830325,229.95,6,2,5,有,無,18000000,78278,,0.0,0,其他增建:側院其他增建；,RPWWMLQLOHLGFAB96DA,205.1,18.52,6.33,無,
西區,房地(土地+建物)+車位,臺中市西區五權七街１１２巷１３號六樓,13.31,都市：其他:第二種住宅區,,,1150607,土地1建物1車位1,六層,十三層,住宅大樓(11層含以上有電梯),住家用,鋼筋混凝土造,0800725,155.83,2,2,2,有,有,13500000,86633,坡道平面,0.0,0,陽台外推；,RPTNMLNKPHLGFAB08DA,123.48,2.49,10.62,有,0126
西區,房地(土地+建物),臺中市西區模範街３巷１３號,97.0,都市：其他:第二種住宅區,,,1150630,土地1建物1車位0,全,四層,透天厝,住商用,鋼筋混凝土造,1100916,259.67,5,4,7,有,無,50660000,195094,,0.0,0,買賣總價為新台幣5066萬元整，分別土地價金為新台幣28116300元整，建物價金為新台幣22543700元整。頂樓加蓋；夾層；其他增建；,RPUNMLPJQHLGFAB38DA,242.71,0.0,16.96,有,
北屯區,房地(土地+建物)+車位,臺中市北屯區熱河路二段１１９號九樓之９,14.02,都市：其他:第四種商業區,,,1150608,土地1建物1車位1,九層,十四層,住宅大樓(11層含以上有電梯),住家用,鋼筋混凝土造,0990629,153.85,3,2,2,有,有,19880000,135086,坡道平面,21.49,2000000,陽台外推；,RPPPNLMLOHLGFBB97DA,76.25,2.04,14.17,有,0127
北屯區,房地(土地+建物)+車位,臺中市北屯區南興二路２８５號三樓之５,34.4,都市：其他:第一之一種住宅區,,,1150629,土地1建物1車位1,三層,十五層,住宅大樓(11層含以上有電梯),住家用,鋼筋混凝土造,1091211,155.12,3,2,2,有,有,15000000,96699,坡道平面,0.0,0,親友、員工、共有人或其他特殊關係間之交易；,RPXQMLOJQHLGFBB98DA,77.68,0.0,6.08,有,0128
西屯區,房地(土地+建物)+車位,臺中市西屯區皇城街２７號五樓之５,33.4,都市：其他:第二種住宅區,,,1150610,土地1建物1車位1,五層,十四層,住宅大樓(11層含以上有電梯),住家用,鋼筋混凝土造,0961226,211.26,4,2,2,有,有,17400000,82363,坡道平面,0.0,0,陽台外推；,RPXRMLQJPHLGFCB66DA,111.78,0.0,13.49,有,
西屯區,房地(土地+建物)+車位,臺中市西屯區上安路１７３巷３號三樓之１,19.72,都市：其他:第二之一種商業區,,,1150628,土地1建物1車位1,三層,八層,華廈(10層含以下有電梯),住家用,鋼筋混凝土造,0840526,130.43,3,2,2,有,有,11680000,89543,坡道機械,0.0,0,,RPOOMLOLPHLGFCB08DA,78.64,9.83,13.97,有,0129
西屯區,房地(土地+建物)+車位,臺中市西屯區西屯路三段１６６之９９號十樓之３,19.75,都市：其他:第六種住宅區,,,1150607,土地1建物1車位1,十層,二十五層,住宅大樓(11層含以上有電梯),住家用,鋼筋混凝土造,1041008,198.78,3,2,2,有,有,23000000,115706,坡道平面,26.98,0,,RPWNMLTLPHLGFCB66DA,98.05,9.3,9.76,有,0130
后里區,房地(土地+建物),臺中市后里區福德路１６１巷７號,98.41,都市：其他:住宅區,,,1150625,土地1建物1車位0,全,二層,透天厝,住家用,加強磚造,0750612,109.22,4,3,2,有,無,2914062,26681,,0.0,0,親友、員工、共有人或其他特殊關係間之交易；,RPPNMLPLOHLGFDB18DA,102.94,0.0,6.28,無,
豐原區,房地(土地+建物)+車位,臺中市豐原區一心路４５號,68.74,都市：其他:第三種住宅區。,,,1150624,土地4建物1車位1,全,四層,透天厝,住家用,鋼筋混凝土造,1120908,178.56,3,3,3,有,有,23087500,129298,一樓平面,0.0,0,其他增建；,RPPNMLSJPHLGFDB38DA,178.56,0.0,0.0,無,0131
豐原區,房地(土地+建物),臺中市豐原區中正路６９５巷１５號五樓,10.04,都市：其他:第一之一種住宅區,,,1150601,土地1建物1車位0,五層,十六層,住宅大樓(11層含以上有電梯),住家用,鋼筋混凝土造,0820208,97.72,3,2,2,有,有,5650000,57818,,0.0,0,,RPVNMLKMPHLGFDB48DA,68.17,0.0,8.42,有,0132
大甲區,土地,臨江段177地號,49.7,都市：其他:商業區,,,1150602,土地1建物0車位0,,,其他,,,,0.0,0,0,0,無,無,2986250,60086,,0.0,0,土地上之未保存登記建物不計價金未登記建物；,RPQNMLSJOHLGFEB48DA,0.0,0.0,0.0,無,
大甲區,土地,臨江段180-1地號,29.63,都市：其他:商業區,,,1150602,土地1建物0車位0,,,其他,,,,0.0,0,0,0,無,無,2013750,67963,,0.0,0,土地上之未保存登記建物不計價金未登記建物；,RPPNMLPKPHLGFEB28DA,0.0,0.0,0.0,無,
外埔區,土地,新磁段764地號,129.76,都市：其他:第一種住宅區,,,1150611,土地4建物0車位0,,,其他,,,,0.0,0,0,0,無,無,6000000,46239,,0.0,0,本件買賣標的物上含未保存登記建物不計價金親友、員工、共有人或其他特殊關係間之交易；未登記建物；,RPSOMLQJQHLGFEB78DA,0.0,0.0,0.0,無,
大雅區,房地(土地+建物)+車位,臺中市大雅區樹德街２５６巷３２號六樓,12.22,都市：其他:第一種住宅區,,,1150628,土地1建物1車位1,六層,六層,華廈(10層含以下有電梯),住家用,鋼筋混凝土造,0810711,74.42,2,2,1,有,有,4380000,58855,坡道平面,14.38,0,頂樓加蓋；,RPWNMLTLPHLGFHB17DA,60.65,0.0,4.51,有,
大里區,土地,仁化段823地號,106.51,,,,1150622,土地5建物0車位0,,,其他,,,,0.0,0,0,0,無,無,2889599,27130,,0.0,0,包含公共設施保留地用地；,RPTNMLKKPHLGFIB58DA,0.0,0.0,0.0,無,0133
大里區,土地,成功段1411地號,1136.42,都市：其他:住宅區,,,1150622,土地1建物0車位0,,,其他,,,,0.0,0,0,0,無,無,22898863,20150,,0.0,0,包含公共設施保留地用地；,RPVNMLKKPHLGFIB78DA,0.0,0.0,0.0,無,0134
太平區,房地(土地+建物),臺中市太平區光興路８９０南巷５弄１２號,63.92,,鄉村區,乙種建築用地,1150619,土地1建物1車位0,全,三層,透天厝,住家用,加強磚造,0700827,83.2,3,2,1,有,無,4950000,59495,,0.0,0,頂樓加蓋；其他增建；,RPPOMLPLOHLGFJB88DA,83.2,0.0,0.0,無,
太平區,房地(土地+建物),臺中市太平區中山路一段１５１巷１５號,117.82,都市：其他:農業區,,,1150602,土地5建物1車位0,全,三層,透天厝,住家用,鋼筋混凝土造,1010904,168.25,4,3,3,有,無,17600000,104606,,0.0,0,其他增建；,RPWNMLQLOHLGFJB96DA,157.83,0.0,10.42,無,
太平區,房地(土地+建物),臺中市太平區中山路二段４７７巷１１６弄６２號,80.86,,鄉村區,乙種建築用地,1150625,土地1建物1車位0,全,二層,透天厝,住家用,加強磚造,0660411,83.98,3,2,2,有,無,2500000,29769,,0.0,0,親友、員工、共有人或其他特殊關係間之交易；,RPSOMLOKPHLGFJB09DA,83.98,0.0,0.0,無,
龍井區,房地(土地+建物)+車位,臺中市龍井區竹師路二段５６巷６號三樓之５,37.2,都市：其他:第四種住宅區,,,1150613,土地1建物1車位1,三層,七層,華廈(10層含以下有電梯),住家用,鋼筋混凝土造,1141231,122.85,3,2,2,有,有,8020000,65283,坡道機械,12.54,0,,RPPNMLNJPHLGFKB58DA,69.2,0.0,7.33,有,0135
后里區,土地,眉山東段213地號,22.21,都市：其他:農業區,,,1150609,土地1建物0車位0,,,其他,,,,0.0,0,0,0,無,無,69377,3124,,0.0,0,地清或未辦繼承標售；,RPPNMLQJQHLGFDB38EA,0.0,0.0,0.0,無,0136
后里區,土地,眉山東段213地號,11.11,都市：其他:農業區,,,1150609,土地1建物0車位0,,,其他,,,,0.0,0,0,0,無,無,34689,3122,,0.0,0,地清或未辦繼承標售；,SPPNMLQJQHLGFDB48EA,0.0,0.0,0.0,無,0136
太平區,房地(土地+建物),臺中市太平區宜欣一路９２號四樓,25.39,都市：其他:住宅區,,,1150611,土地1建物1車位0,四層,五層,公寓(5樓含以下無電梯),住家用,鋼筋混凝土造,0711231,87.85,3,2,1,有,無,2020005,22994,,0.0,0,親友、員工、共有人或其他特殊關係間之交易；,RPPNMLQJQHLGFJB98EA,76.28,0.0,9.02,無,
南區,房地(土地+建物),臺中市南區忠明南路７８７號１１樓之２,16.05,都市：其他:第三種住宅區。,,,1150604,土地1建物1車位0,十一層,四十二層,住宅大樓(11層含以上有電梯),商業用,見其他登記事項,0821218,376.97,0,0,0,無,有,16180000,42921,,0.0,0,,RPQQMLMLOHLGFAB97DA,239.43,0.0,37.39,有,0138
南區,房地(土地+建物)+車位,臺中市南區平順街２０６號地下室四層,1.65,都市：其他:第二種住宅區,,,1150604,土地1建物1車位1,地下四層,十六層,住宅大樓(11層含以上有電梯),其他,鋼筋混凝土造,0811125,11.29,0,0,0,無,有,2500000,221239,坡道平面,0.0,0,,SPQQMLMLOHLGFAB08DA,0.0,0.0,0.0,有,0139
西區,房地(土地+建物),臺中市西區民權路１８５號十一樓之１２,6.53,都市：其他:第二種商業區,,,1150615,土地3建物1車位0,十一層,十五層,住宅大樓(11層含以上有電梯),住家用,鋼筋混凝土造,0720819,91.98,1,0,1,有,有,5007600,54442,,0.0,0,親友、員工、共有人或其他特殊關係間之交易；,RPXQMLQLOHLGFAB09DA,57.38,0.0,4.64,有,
西區,房地(土地+建物),臺中市西區民權路１８５號十一樓之１３,3.56,都市：其他:第二種商業區,,,1150615,土地3建物1車位0,十一層,十五層,住宅大樓(11層含以上有電梯),住家用,鋼筋混凝土造,0720819,45.69,0,0,0,無,有,2487600,54445,,0.0,0,親友、員工、共有人或其他特殊關係間之交易；,SPXQMLQLOHLGFAB56DA,26.42,0.0,4.64,有,
西區,房地(土地+建物),臺中市西區民權路１８５號十一樓之６,6.23,都市：其他:第二種商業區,,,1150615,土地3建物1車位0,十一層,十五層,住宅大樓(11層含以上有電梯),住家用,鋼筋混凝土造,0720819,82.93,1,0,1,有,有,4516200,54458,,0.0,0,親友、員工、共有人或其他特殊關係間之交易；,TPXQMLQLOHLGFAB66DA,50.48,0.0,5.27,有,
西區,房地(土地+建物),臺中市西區民權路１８５號十一樓之７,6.23,都市：其他:第二種商業區,,,1150615,土地3建物1車位0,十一層,十五層,住宅大樓(11層含以上有電梯),住家用,鋼筋混凝土造,0720819,79.72,1,0,1,有,有,4341600,54461,,0.0,0,親友、員工、共有人或其他特殊關係間之交易；,UPXQMLQLOHLGFAB76DA,49.32,0.0,4.62,有,
西區,房地(土地+建物),臺中市西區民權路１８５號十一樓之８,7.12,都市：其他:第二種商業區,,,1150615,土地3建物1車位0,十一層,十五層,住宅大樓(11層含以上有電梯),住家用,鋼筋混凝土造,0720819,96.6,1,0,1,有,有,5259600,54447,,0.0,0,親友、員工、共有人或其他特殊關係間之交易；,VPXQMLQLOHLGFAB86DA,59.23,0.0,6.01,有,
西區,車位,臺中市西區民權路１８５號底二層,10.09,都市：其他:第二種商業區,,,1150615,土地3建物1車位3,地下二層,十五層,其他,停車場,鋼筋混凝土造,0720819,101.97,0,0,0,無,有,5553000,,坡道平面,101.97,0,車位總價中無法拆分個別車位價格親友、員工、共有人或其他特殊關係間之交易；僅車位交易；,WPXQMLQLOHLGFAB96DA,0.0,0.0,0.0,有,0140
南區,房地(土地+建物)+車位,臺中市南區忠明南路８０３號１５樓之６,6.52,都市：其他:第一種商業區,,,1150617,土地2建物1車位1,十五層,十八層,住宅大樓(11層含以上有電梯),住家用,鋼筋混凝土造,0931224,94.84,2,2,1,有,有,8590000,95524,坡道機械,13.29,800000,陽台外推；其他增建；,RPOOMLQKPHLGFAB97DA,50.65,0.0,9.78,有,0141
南區,房地(土地+建物),臺中市南區工學北路８６號１０樓之３６,1.72,都市：其他:第三種商業區,,,1150629,土地1建物1車位0,十層,十八層,住宅大樓(11層含以上有電梯),住家用,鋼筋混凝土造,0850506,28.490000000000002,1,1,1,有,有,2080000,73008,,0.0,0,,RPQNMLQLPHLGFAB18DA,14.66,0.0,4.61,有,0142
西區,房地(土地+建物),臺中市西區美村路一段６０８巷５號,115.0,都市：其他:第二種住宅區,,,1150629,土地1建物1車位0,全,二層,透天厝,住家用,鐵筋加強磚,0591001,97.4,4,2,2,有,無,28600000,293634,,0.0,0,含土地增值稅或其他稅費12922元；其他增建；,RPTNMLRJQHLGFAB48DA,97.4,0.0,0.0,無,
北區,房地(土地+建物),臺中市北區德化街４１５號五樓之２,12.25,都市：其他:第二種住宅區,,,1150616,土地3建物1車位0,五層,五層,公寓(5樓含以下無電梯),住家用,鋼筋混凝土造,0701230,34.9,1,1,1,有,無,1700000,48711,,0.0,0,,RPPPMLKKPHLGFBB67DA,30.96,0.0,3.94,無,
北屯區,房地(土地+建物)+車位,臺中市北屯區興安路二段４６１巷３３號１６樓,16.72,都市：其他:第二種住宅區,,,1150628,土地2建物1車位2,十六層,十六層,住宅大樓(11層含以上有電梯),住家用,鋼筋混凝土造,0890616,171.41,3,2,2,有,有,14680000,85643,坡道平面,45.0,0,,RPPRMLOJQHLGFBB28DA,84.13,0.0,11.93,有,
北屯區,房地(土地+建物)+車位,臺中市北屯區敦化路一段５３９號十樓,16.9,都市：其他:第二種住宅區,,,1150606,土地2建物1車位1,十層,十三層,住宅大樓(11層含以上有電梯),住家用,鋼筋混凝土造,0830511,152.5,3,2,2,有,有,12800000,83934,坡道平面,0.0,0,陽台外推；,RPQWMLPJQHLGFBB98DA,98.86,0.0,11.03,有,0143
北區,房地(土地+建物)+車位,臺中市北區太原路二段１８６號１３樓之２,11.88,都市：其他:第一種商業區,,,1150626,土地1建物1車位1,十三層,十四層,住宅大樓(11層含以上有電梯),住家用,ＲＣ造,0930903,113.85,3,2,2,有,有,11820000,103821,坡道機械,11.59,0,陽台外推為室內。其他增建；,RPXOMLQJQHLGFBB98DA,60.15,0.0,15.4,有,
南屯區,房地(土地+建物)+車位,臺中市南屯區龍富十二街６２號三樓之３,24.11,都市：其他:第一之C種住宅區,,,1150601,土地3建物1車位1,三層,九層,華廈(10層含以下有電梯),住家用,鋼筋混凝土造,1070516,145.70999999999998,3,2,2,有,有,18500000,126965,坡道平面,32.45,0,,RPXOMLOKPHLGFCB88DA,65.28,5.48,4.65,有,0144
西屯區,房地(土地+建物)+車位,臺中市西屯區四川路８７巷８２號八樓之１６,7.45,都市：其他:第二種住宅區,,,1150620,土地1建物1車位1,八層,十二層,住宅大樓(11層含以上有電梯),住家用,鋼筋混凝土造,0861121,54.12,1,1,1,有,有,4600000,84996,坡道平面,14.99,0,夾層；,RPVPMLLLPHLGFCB58DA,20.47,0.0,2.93,有,
西屯區,房地(土地+建物)+車位,臺中市西屯區臺灣大道三段７８９號十八樓之３,16.93,都市：其他:第四之一種商業區,,,1150605,土地1建物1車位2,十八層,二十九層,住宅大樓(11層含以上有電梯),辦公用,鋼骨鋼筋混凝土造、鋼筋混凝土造,1120327,307.38,0,0,0,無,有,35500000,115492,坡道平面,48.08,0,,RPQNMLQLPHLGFCB38DA,150.44,7.64,0.0,有,0145
西屯區,房地(土地+建物)+車位,臺中市西屯區臺灣大道三段７６３號十九樓之２,5.51,都市：其他:第四之一種商業區,,,1150630,土地1建物1車位1,十九層,三十六層,住宅大樓(11層含以上有電梯),住家用,鋼骨造,1141028,90.53,2,2,1,有,有,10500000,115984,坡道機械,12.14,0,,RPQOMLNJQHLGFCB08DA,45.26,1.96,4.1,有,0146
豐原區,房地(土地+建物),臺中市豐原區葫蘆墩一街２９３巷２１號,101.43,都市：其他:第二種住宅區,,,1150616,土地3建物1車位0,全,四層,透天厝,住家用,ＲＣ鋼筋混凝土造,0981103,160.18,4,3,3,有,有,17800000,111125,,0.0,0,其他增建；,RPPNMLRKOHLGFDB28DA,144.17,1.46,14.55,無,
大安區,房地(土地+建物),臺中市大安區南北七路１４２巷３號,94.0,,特定農業區,甲種建築用地,1150630,土地1建物1車位0,全,四層,透天厝,住家用,鋼骨造,1140506,174.83,5,2,3,有,無,16030000,91689,,0.0,0,安農段928-10地號土地售價:新台幣625萬元整安農段227建號房屋售價:新台幣978萬元整未登記建物；,RPRNMLPKPHLGFEB48DA,151.37,0.0,23.46,無,
大安區,土地,安農段434-2地號,88.83,,特定農業區,農牧用地,1150630,土地3建物0車位0,,,其他,,,,0.0,0,0,0,無,無,270000,3040,,0.0,0,未登記建物；,SPRNMLPKPHLGFEB58DA,0.0,0.0,0.0,無,
大甲區,土地,文武段285地號,75.0,都市：其他:住宅區,,,1150629,土地1建物0車位0,,,其他,,,,0.0,0,0,0,無,無,6200000,82667,,0.0,0,,RPUOMLMLPHLGFEB68DA,0.0,0.0,0.0,無,
大甲區,房地(土地+建物),臺中市大甲區新美街９１巷３２號,115.0,都市：其他:住宅區,,,1150619,土地1建物1車位0,全,二層,透天厝,住家用,加強磚造,0770113,143.42,7,2,2,有,無,12500000,87157,,0.0,0,頂樓加蓋；,RPPOMLSLPHLGFEB78DA,143.42,0.0,0.0,無,0147
沙鹿區,土地,正義段522地號,40.55,都市：其他:第二種住宅區,,,1150609,土地27建物0車位0,,,其他,,,,0.0,0,0,0,無,無,900000,22195,,0.0,0,,RPWNMLLJPHLGFFB58DA,0.0,0.0,0.0,無,0148
梧棲區,房地(土地+建物)+車位,臺中市梧棲區八德路一段７０號二十樓之６,9.42,都市：其他:第四種商業區,,,1150623,土地1建物1車位1,二十層,二十八層,住宅大樓(11層含以上有電梯),住家用,鋼筋混凝土造,1140606,130.9,3,2,2,有,有,7500000,57296,坡道平面,24.74,0,,RPROMLPKPHLGFFB68DA,66.47,0.0,4.34,有,0149
沙鹿區,房地(土地+建物),臺中市沙鹿區東晉路２８１號,109.47,都市：其他:第二種住宅區,,,1150622,土地1建物1車位0,全,四層,透天厝,住家用,鋼筋混凝土造,1130517,219.91,5,2,5,有,無,28000000,127325,,0.0,0,,RPTNMLQJQHLGFFB88DA,199.87,0.0,20.04,無,
潭子區,房地(土地+建物)+車位,臺中市潭子區復興路一段２之１７號五樓,11.9,都市：其他:第一之二種住宅區,,,1150622,土地1建物1車位1,五層,十層,華廈(10層含以下有電梯),住家用,鋼筋混凝土造,0840406,91.69999999999999,2,2,2,有,有,5950000,64885,坡道機械,0.0,0,,RPRNMLPKPHLGFHB78DA,56.25,0.0,12.35,有,
大雅區,房地(土地+建物)+車位,臺中市大雅區神林南路１８０巷３６號十四樓之３,20.17,都市：其他:第二種商業區,,,1150621,土地1建物1車位1,十四層,十五層,住宅大樓(11層含以上有電梯),住家用,鋼筋混凝土造,1040604,161.57,3,2,2,有,有,15780000,97667,坡道平面,31.13,0,,RPSNMLNLPHLGFHB78DA,74.41,2.75,11.95,有,
烏日區,土地,重建段220地號,868.0,都市：其他:農業區,,,1150630,土地1建物0車位0,,,其他,,,,0.0,0,0,0,無,無,15000000,17281,,0.0,0,,RPPOMLTLOHLGFIB56DA,0.0,0.0,0.0,無,
大里區,房地(土地+建物),臺中市大里區中湖路１３０巷３１號,12.77,都市：其他:住宅區,,,1150611,土地1建物1車位0,一層，騎樓,九層,華廈(10層含以下有電梯),商業用,鋼筋混凝土造,0960607,85.46000000000001,0,0,0,無,無,5680000,66464,,0.0,0,,RPWNMLLMPHLGFIB56DA,56.39,0.0,6.57,有,
東區,房地(土地+建物)+車位,臺中市東區和平街１１９－３號８樓之５,6.24,都市：其他:第一種商業區,,,1150623,土地1建物1車位1,八層,八層,華廈(10層含以下有電梯),住家用,鋼筋混凝土造,0830202,51.25,1,1,1,有,有,4320000,84293,坡道機械,0.0,0,,RPQOMLNJPHLGFAB77DA,25.47,0.0,3.29,有,
東區,房地(土地+建物),臺中市東區練武路１７７巷２號４樓之１,28.19,都市：其他:第二種住宅區,,,1150614,土地2建物1車位0,四層,七層,華廈(10層含以下有電梯),住家用,鋼筋混凝土造,0730423,80.53,3,2,1,有,有,6200000,76990,,0.0,0,,RPRPMLRJPHLGFAB38DA,70.35,0.01,10.17,有,
南區,房地(土地+建物)+車位,臺中市南區和昌街３１８號四樓之１,44.52,都市：其他:第二種住宅區,,,1150614,土地1建物1車位1,四層,十層,華廈(10層含以下有電梯),住家用,鋼筋混凝土造,1140328,205.58999999999997,3,2,2,有,有,26500000,153318,坡道平面,48.4,2400000,,RPRNMLPJQHLGFAB08DA,90.96,0.0,12.0,有,
西區,房地(土地+建物),臺中市西區向上路一段２８９巷９號四樓之１５,4.98,都市：其他:第二種住宅區,,,1150616,土地1建物1車位0,四層,八層,華廈(10層含以下有電梯),住家用,鋼筋混凝土造,0821124,31.19,1,0,1,有,有,3420000,109651,,0.0,0,親友、員工、共有人或其他特殊關係間之交易；,RPOQMLMKQHLGFAB87DA,17.4,0.0,3.97,有,
西區,房地(土地+建物),臺中市西區大業路２號９樓之１１,4.28,都市：其他:第二種住宅區,,,1150616,土地1建物1車位0,九層,十二層,住宅大樓(11層含以上有電梯),住家用,鋼筋混凝土造,0830625,34.34,1,0,1,有,有,3660000,106581,,0.0,0,親友、員工、共有人或其他特殊關係間之交易；,SPOQMLMKQHLGFAB97DA,20.24,0.0,4.6,有,
北屯區,房地(土地+建物)+車位,臺中市北屯區太順路８３號十三樓之５,17.95,都市：其他:第三種住宅區。,,,1150620,土地1建物1車位1,十三層,十五層,住宅大樓(11層含以上有電梯),住家用,鋼筋混凝土造,1080424,146.39,3,2,2,有,有,13300000,90853,坡道平面,27.54,0,,RPWPMLPLOHLGFBB88DA,70.36,1.95,8.4,有,0150
北屯區,房地(土地+建物)+車位,臺中市北屯區大連路二段６２號７樓之５,17.59,都市：其他:第三種住宅區。,,,1150615,土地1建物1車位1,七層,十四層,住宅大樓(11層含以上有電梯),住家用,鋼筋混凝土造,0870119,180.58999999999997,4,2,2,有,有,12300000,68110,坡道平面,38.27,0,陽台外推；,RPWOMLQLOHLGFBB88DA,93.55,0.0,15.19,有,
北屯區,房地(土地+建物),臺中市北屯區東山路一段１５４巷２２弄５號,159.0,都市：其他:第二種住宅區,,,1150625,土地1建物1車位0,全,二層,透天厝,住商用,加強磚造,0700601,166.42,5,3,3,有,無,20300000,121981,,0.0,0,一樓空地頂樓加蓋；其他增建；,RPOQMLKMOHLGFBB77DA,166.42,0.0,0.0,無,0151
北區,房地(土地+建物),臺中市北區三民路三段８９巷３號６樓之２,16.06,都市：其他:第一種商業區,,,1150626,土地2建物1車位0,六層,十二層,住宅大樓(11層含以上有電梯),住家用,鋼筋混凝土造,0721125,84.58,3,2,1,有,有,6700000,79215,,0.0,0,,RPTNNLMLPHLGFBB28DA,76.69,0.0,7.89,有,
北區,房地(土地+建物),臺中市北區青島東街２１之３號,24.36,都市：其他:第二種住宅區,,,1150628,土地2建物1車位0,四層,五層,公寓(5樓含以下無電梯),住家用,鋼筋混凝土造,0751219,87.62,3,2,2,有,有,5800000,66195,,0.0,0,,RPTWMLNLPHLGFBB56DA,74.89,0.0,5.54,無,
北屯區,房地(土地+建物),臺中市北屯區陳平路６５巷６７號,68.5,都市：其他:第二種住宅區,,,1150622,土地2建物1車位0,全,二層,透天厝,住家用,加強磚造,0710225,51.53,3,2,2,有,無,6000000,116437,,0.0,0,親友、員工、共有人或其他特殊關係間之交易；,RPTRMLQJQHLGFBB88DA,51.53,0.0,0.0,無,
北區,土地,錦村段32-68地號,254.1,都市：其他:兒童遊樂場用地,,,1150617,土地3建物0車位0,,,其他,,,,0.0,0,0,0,無,無,32200000,126722,,0.0,0,包含公共設施保留地用地；,RPPNMLSJQHLGFBB28DA,0.0,0.0,0.0,無,0152
南屯區,房地(土地+建物)+車位,臺中市南屯區益豐東街１８號四樓之２,41.16,都市：其他:第一之B種住宅區,,,1150601,土地2建物1車位1,四層,十二層,住宅大樓(11層含以上有電梯),住家用,鋼筋混凝土造,1100130,154.86,3,2,2,有,有,21590000,172179,坡道平面,38.76,1600000,,RPWNMLLLPHLGFCB48DA,68.2,0.0,7.03,有,0153
西屯區,房地(土地+建物)+車位,臺中市西屯區臺灣大道三段７６５號三十二樓之１３,4.95,都市：其他:第四之一種商業區,,,1150624,土地1建物1車位1,三十二層,三十六層,住宅大樓(11層含以上有電梯),住家用,鋼骨造,1141028,102.93,2,2,1,有,有,10080000,97931,坡道平面,30.55,0,,RPOQMLRLPHLGFCB58DA,43.16,0.0,4.24,有,0154
南屯區,車位,臺中市南屯區龍富路五段２８號二樓之１等公共設施,0.0,,,,1150618,土地0建物1車位1,,,其他,,,,29.35,0,0,0,無,有,2000000,,坡道平面,29.35,2000000,建物坐落地號：三富段82地號；僅車位交易；,RPSNMLTLPHLGFCB88DA,0.0,0.0,0.0,有,0053
西屯區,房地(土地+建物)+車位,臺中市西屯區甘肅路一段１００號五樓之１,14.92,都市：其他:第二種住宅區,,,1150614,土地1建物1車位1,五層,九層,華廈(10層含以下有電梯),住家用,鋼筋混凝土造,0881217,115.91,2,2,1,有,有,11200000,96627,坡道平面,12.95,0,陽台外推；,RPPOMLTLPHLGFCB68DA,59.61,2.28,8.7,有,0156
西屯區,房地(土地+建物)+車位,臺中市西屯區大墩十七街６０號十一樓之５,30.88,都市：其他:第二種住宅區,,,1150602,土地1建物1車位2,十一層,十五層,住宅大樓(11層含以上有電梯),住家用,鋼筋混凝土造,1130206,236.32999999999998,3,2,2,有,有,38500000,192682,坡道平面,61.43,4800000,,RPRNMLRJQHLGFCB48DA,96.55,6.7,10.78,有,
西屯區,房地(土地+建物)+車位,臺中市西屯區文心路三段１９９之２號三樓之２,4.23,都市：其他:捷運系統用地,,,1150603,土地1建物1車位1,三層,二十八層,住宅大樓(11層含以上有電梯),住家用,鋼筋混凝土造,1100304,79.35,1,1,1,有,有,10880000,137114,坡道機械,0.0,0,,RPTNMLRJQHLGFCB68DA,32.88,0.0,5.83,有,0157
梧棲區,房地(土地+建物)+車位,臺中市梧棲區八德路９０號,23.64,都市：其他:第三種商業區,,,1150626,土地1建物1車位1,一層，二層，騎樓,八層,華廈(10層含以下有電梯),住商用,鋼筋混凝土造,0890927,148.41,2,1,2,有,有,7500000,50536,升降機械,0.0,0,,RPQNMLOJQHLGFFB38DA,125.14,0.0,3.74,有,
梧棲區,房地(土地+建物)+車位,臺中市梧棲區八德路８８號,23.64,都市：其他:第三種商業區,,,1150626,土地1建物1車位1,一層，二層，騎樓,八層,華廈(10層含以下有電梯),住商用,鋼筋混凝土造,0890927,148.32,2,1,2,有,有,7500000,50566,升降機械,0.0,0,,RPRNMLOJQHLGFFB48DA,125.05,0.0,3.74,有,
沙鹿區,房地(土地+建物),臺中市沙鹿區平等路８０巷２２號,120.77,都市：其他:第二種住宅區,,,1150616,土地6建物1車位0,全,四層,透天厝,住家用,鋼筋混凝土造,1060613,213.31,8,0,8,有,有,16200000,75946,,0.0,0,其他增建；包含公共設施保留地用地；,RPTNMLPJQHLGFFB78DA,190.48,0.0,21.15,無,0158
東勢區,房地(土地+建物),臺中市東勢區聚福街１５巷３號四樓之２,17.64,都市：其他:住宅區,,,1150614,土地1建物1車位0,四層,六層,華廈(10層含以下有電梯),住家用,鋼筋混凝土造,0821130,82.73,2,2,1,有,有,3000000,36263,,0.0,0,,RPQNMLKKQHLGFGB18DA,71.29,0.0,2.0,有,
潭子區,房地(土地+建物)+車位,臺中市潭子區大通街１８８號十一樓之２,34.71,都市：其他:第一之一種住宅區,,,1150621,土地1建物1車位1,十一層,十二層,住宅大樓(11層含以上有電梯),住家用,鋼筋混凝土造,1090703,163.75,3,2,2,有,有,16500000,100763,坡道平面,41.44,0,,RPUNMLTLPHLGFHB96DA,72.72,2.15,7.89,有,0159
烏日區,房地(土地+建物)+車位,臺中市烏日區高鐵一路２６８號八樓之５,25.63,都市：其他:商業區,,,1150601,土地2建物1車位2,八層,二十二層,住宅大樓(11層含以上有電梯),辦公用,鋼筋混凝土造,1131223,275.36,0,0,0,無,有,32660000,138197,坡道平面,65.08,3600000,,RPUOMLMLPHLGFIB09DA,119.55,0.0,9.08,有,0160
太平區,房地(土地+建物)+車位,臺中市太平區太興路１０號十三樓之５,12.45,都市：其他:商業區,,,1150630,土地1建物1車位1,十三層,十五層,住宅大樓(11層含以上有電梯),住家用,鋼筋混凝土造,1030626,146.3,3,2,2,有,有,14000000,95694,坡道平面,26.45,0,,RPQNMLKMOHLGFJB48DA,67.62,2.52,10.48,有,
太平區,房地(土地+建物)+車位,臺中市太平區環中東路三段２６９號五樓之３,24.77,都市：其他:住宅區,,,1150615,土地1建物1車位1,五層,十五層,住宅大樓(11層含以上有電梯),住家用,鋼筋混凝土造,1140321,154.67000000000002,3,2,2,有,有,13320000,93204,坡道平面,28.71,1580000,,RPVNMLOJQHLGFJB66DA,71.75,0.0,10.23,有,
太平區,房地(土地+建物)+車位,臺中市太平區環中東路三段２６９號六樓之３,24.77,都市：其他:住宅區,,,1150629,土地1建物1車位1,六層,十五層,住宅大樓(11層含以上有電梯),住家用,鋼筋混凝土造,1140321,153.45,3,2,2,有,有,13480000,95268,坡道平面,27.49,1480000,,RPUNMLQJQHLGFJB76DA,71.75,0.0,10.23,有,
大肚區,房地(土地+建物),臺中市大肚區遊園路一段６號,102.76,,鄉村區,乙種建築用地,1150608,土地1建物1車位0,全,三層,透天厝,住商用,鋼筋混凝土造,0691130,197.76,0,3,3,有,無,6880000,34790,,0.0,0,其他增建；,RPUNMLTJPHLGFKB07DA,197.76,0.0,0.0,無,
東勢區,土地,義渡段130地號,4.51,都市：其他:住宅區,,,1150625,土地1建物0車位0,,,其他,,,,0.0,0,0,0,無,無,400000,88692,,0.0,0,親友、員工、共有人或其他特殊關係間之交易；,RPPNMLRJQHLGFGB78EA,0.0,0.0,0.0,無,0161
南區,房地(土地+建物),臺中市南區學府路１６８巷５號１９樓之１５,5.38,都市：其他:第二種住宅區,,,1150614,土地3建物1車位0,十九層,十九層,住宅大樓(11層含以上有電梯),住家用,鋼筋混凝土造,0860428,59.78,1,1,1,有,有,4300000,71930,,0.0,0,陽台外推；其他增建；,RPUOMLTLPHLGFAB98DA,23.91,14.83,3.68,有,0162
南區,房地(土地+建物)+車位,臺中市南區工學路１２６巷７號十一樓之１,15.89,都市：其他:第三種住宅區。,,,1150608,土地2建物1車位1,十一層,十七層,住宅大樓(11層含以上有電梯),住家用,鋼筋混凝土造,0841130,128.84,3,2,2,有,有,8400000,65197,坡道機械,0.0,0,,RPSNMLKMPHLGFAB87DA,77.78,0.0,8.37,有,
南區,房地(土地+建物)+車位,臺中市南區南平路３３８巷８號十二樓之７,13.34,都市：其他:第一種商業區,,,1150620,土地1建物1車位1,十二層,十五層,住宅大樓(11層含以上有電梯),住家用,鋼筋混凝土造,1140620,111.14,2,2,1,有,有,15050000,151427,坡道平面,24.96,2000000,,RPTNMLPJQHLGFAB28DA,51.73,0.0,4.91,有,
南區,房地(土地+建物)+車位,臺中市南區復興北路５１８號六樓之２,8.69,都市：其他:第三種住宅區。,,,1150607,土地2建物1車位1,六層,十七層,住宅大樓(11層含以上有電梯),住家用,鋼筋混凝土造,0831118,110.23,4,2,2,有,有,8000000,72576,坡道機械,0.0,0,其他:隔間增建其他增建；,RPPNMLTJQHLGFAB28DA,79.08,0.0,9.34,有,
南區,房地(土地+建物)+車位,臺中市南區南和一街６巷１７號１０樓之２,19.18,都市：其他:第二種住宅區,,,1150609,土地1建物1車位1,十層,十二層,住宅大樓(11層含以上有電梯),住家用,鋼筋混凝土造,0830718,129.26,3,2,1,有,有,7000000,54154,坡道機械,0.0,0,親友、員工、共有人或其他特殊關係間之交易；,RPUNMLKKQHLGFAB97DA,74.78,0.0,14.31,有,
東區,房地(土地+建物)+車位,臺中市東區東英十一街７９號八樓之２,32.05,都市：其他:第二種住宅區,,,1150626,土地1建物1車位2,八層,十層,華廈(10層含以下有電梯),住家用,鋼筋混凝土造,1100707,167.51999999999998,3,1,2,有,有,15000000,89542,坡道平面,32.0,0,車位編號29號謄本有記載 編號29a為社區住戶約定專用,RPTNMLLKQHLGFAB97DA,79.37,0.0,12.04,有,
北屯區,房地(土地+建物)+車位,臺中市北屯區太順路１４８號八樓之３,16.52,都市：其他:第三種住宅區。,,,1150608,土地1建物1車位1,八層,十二層,住宅大樓(11層含以上有電梯),住家用,鋼筋混凝土造,1070427,110.63,2,2,1,有,有,10000000,90391,坡道機械,20.66,0,,RPVOMLPKOHLGFBB58DA,53.31,0.96,6.28,有,0163
北屯區,房地(土地+建物)+車位,臺中市北屯區山西路三段４２９號十二樓之２,43.46,都市：其他:第一之一種住宅區,,,1150614,土地1建物1車位2,十二層,十四層,住宅大樓(11層含以上有電梯),住家用,鋼筋混凝土造,1140103,218.21,3,2,3,有,有,34350000,157417,坡道平面,56.16,0,,RPVNMLKKPHLGFBB08DA,97.37,0.0,8.72,有,0164
北區,房地(土地+建物),臺中市北區中清路一段４３７巷１３號,116.0,都市：其他:第二種住宅區,,,1150621,土地1建物1車位0,全,二層,透天厝,其他,鋼筋混凝土造,0671122,119.17,5,3,2,有,無,20400000,171184,,0.0,0,其他增建；,RPUNMLOKPHLGFBB38DA,119.17,0.0,0.0,無,
北屯區,房地(土地+建物)+車位,臺中市北屯區太祥路８１號,166.88,都市：其他:第一種住宅區,,,1150625,土地3建物1車位3,全,四層,透天厝,住家用,鋼筋混凝土造,1080124,480.53,5,3,7,有,有,52000000,108214,坡道平面,0.0,0,,RPSVMLMLPHLGFBB88DA,338.03,0.0,22.34,有,0165
北屯區,房地(土地+建物)+車位,臺中市北屯區敦富路６１１號三樓之６,16.37,都市：其他:第二之一種住宅區,,,1150609,土地1建物1車位1,三層,十九層,住宅大樓(11層含以上有電梯),住家用,鋼筋混凝土造,1091117,130.0,2,2,2,有,有,14400000,110769,坡道平面,36.2,0,社區名稱:登陽春賞,RPPPMLOJQHLGFBB08DA,56.05,0.96,5.61,有,0166
北屯區,房地(土地+建物)+車位,臺中市北屯區環太東路５１８號五樓之８,17.04,都市：其他:第三種住宅區。,,,1150626,土地1建物1車位1,五層,十五層,住宅大樓(11層含以上有電梯),住家用,鋼筋混凝土造,1110425,110.42,1,2,1,有,有,9300000,84224,坡道平面,0.0,0,,RPQOMLPJQHLGFBB18DA,51.18,0.0,5.96,有,0167
北區,房地(土地+建物),臺中市北區崇德路一段５０３巷３１號,57.0,都市：其他:第二種住宅區,,,1150626,土地2建物1車位0,全,一層,透天厝,住家用,磚造,0561020,44.53,3,2,1,有,無,7250000,162812,,0.0,0,,RPTQMLQJQHLGFBB78DA,44.53,0.0,0.0,無,0168
北區,房地(土地+建物)+車位,臺中市北區育興街１巷９號,31.86,都市：其他:第二之一種商業區,,,1150608,土地2建物1車位1,一層,五層,華廈(10層含以下有電梯),住家用,鋼筋混凝土造,0780602,121.14,3,2,2,有,有,7600000,62737,坡道平面,0.0,0,其他增建；,RPQOMLRJQHLGFBB38DA,74.2,2.63,0.0,有,0169
北屯區,房地(土地+建物)+車位,臺中市北屯區中清路二段４６９號十一樓之１,10.3,都市：其他:第五種住宅區,,,1150615,土地1建物1車位1,十一層,十六層,住宅大樓(11層含以上有電梯),住家用,鋼筋混凝土造,0811020,117.97,2,2,1,有,有,8100000,68662,坡道平面,17.92,0,,RPQNMLSJQHLGFBB38DA,60.38,0.0,8.69,有,
南屯區,土地,鎮南段801-7地號,1675.0,都市：其他:農業區,,,1150617,土地2建物0車位0,,,其他,,,,0.0,0,0,0,無,無,103870000,62012,,0.0,0,,RPOOMLQJPHLGFCB08DA,0.0,0.0,0.0,無,0170
西屯區,房地(土地+建物),臺中市西屯區順和七街４０號五樓之３,15.24,都市：其他:第二種住宅區,,,1150601,土地1建物1車位0,五層,七層,華廈(10層含以下有電梯),住家用,鋼筋混凝土造,0810814,85.75,2,2,2,有,有,4000000,46647,,0.0,0,,RPQOMLKKPHLGFCB77DA,55.16,4.88,1.77,有,
西屯區,房地(土地+建物)+車位,臺中市西屯區國安一路２２９號十九樓之３,16.13,都市：其他:第六種住宅區,,,1150626,土地1建物1車位1,十九層,二十一層,住宅大樓(11層含以上有電梯),住家用,鋼筋混凝土造,1031113,175.67000000000002,3,2,2,有,有,18680000,106336,坡道平面,40.26,0,,RPXPMLKLPHLGFCB68DA,77.09,3.81,8.82,有,0171
南屯區,房地(土地+建物)+車位,臺中市南屯區永春東三路３９７號三樓之１,24.61,都市：其他:第二種住宅區,,,1150620,土地1建物1車位1,三層,十四層,住宅大樓(11層含以上有電梯),住家用,鋼筋混凝土造,1141229,185.95,3,2,2,有,有,28500000,170188,坡道平面,32.59,2400000,,RPSPMLKMPHLGFCB28DA,93.96,0.0,8.8,有,
南屯區,房地(土地+建物)+車位,臺中市南屯區永春東三路３９７號三樓之５,24.95,都市：其他:第二種住宅區,,,1150622,土地1建物1車位1,三層,十四層,住宅大樓(11層含以上有電梯),住家用,鋼筋混凝土造,1141229,188.06,3,2,2,有,有,29300000,173667,坡道平面,32.59,2300000,,RPTPMLKMPHLGFCB38DA,91.66,0.0,12.48,有,
南屯區,房地(土地+建物)+車位,臺中市南屯區永春東三路３９９號十四樓之１,24.85,都市：其他:第二種住宅區,,,1150626,土地1建物1車位1,十四層,十四層,住宅大樓(11層含以上有電梯),住家用,鋼筋混凝土造,1141229,187.48,3,2,2,有,有,31180000,184841,坡道平面,32.59,2550000,,RPUPMLKMPHLGFCB48DA,91.66,0.0,12.11,有,
西屯區,房地(土地+建物)+車位,臺中市西屯區臺灣大道二段７１５號七樓之２,13.71,都市：其他:第三種商業區,,,1150630,土地1建物1車位1,七層,十二層,住宅大樓(11層含以上有電梯),商業用,鋼筋混凝土造,0780626,129.4,2,0,1,有,有,8050000,62210,升降機械,0.0,0,,RPXRMLKKQHLGFCB88DA,65.06,0.0,21.39,有,
神岡區,房地(土地+建物)+車位,臺中市神岡區文昌街３８２號七樓之１,32.03,都市：其他:第一之一種住宅區,,,1150610,土地1建物1車位1,七層,十二層,住宅大樓(11層含以上有電梯),住家用,鋼筋混凝土造,1120802,155.0,2,3,2,有,有,12640000,81548,坡道平面,34.12,0,其他增建；,RPVOMLLLPHLGFDB58DA,73.11,0.0,7.26,有,0172
后里區,土地,公安段990地號,93.62,都市：其他:農業區,,,1150629,土地1建物0車位0,,,其他,,,,0.0,0,0,0,無,無,2690000,28733,,0.0,0,農作物；,RPTNMLOLPHLGFDB58DA,0.0,0.0,0.0,無,
后里區,房地(土地+建物),臺中市后里區三光路１９７號,48.13,都市：其他:住宅區,,,1150611,土地7建物1車位0,全,四層,透天厝,住商用,鋼筋混凝土造,1080806,125.44,6,2,4,有,無,12000000,95663,,0.0,0,親友、員工、共有人或其他特殊關係間之交易；,RPSNMLNKQHLGFDB38DA,114.85,0.0,10.59,無,0173
梧棲區,房地(土地+建物)+車位,臺中市梧棲區大同街２８８號九樓之１,15.35,都市：其他:第一種商業區,,,1150614,土地1建物1車位1,九層,十二層,住宅大樓(11層含以上有電梯),住家用,鋼筋混凝土造,1140626,94.95,2,2,2,有,有,7420000,78146,坡道機械,10.92,0,,RPTSMLKKPHLGFFB78DA,51.26,0.0,4.16,有,
東勢區,土地,慶安段10地號,178.31,都市：其他:道路用地,,,1150601,土地2建物0車位0,,,其他,,,,0.0,0,0,0,無,無,2794921,15675,,0.0,0,包含公共設施保留地用地；,RPQNMLRLPHLGFGB88DA,0.0,0.0,0.0,無,
烏日區,房地(土地+建物),臺中市烏日區健行路７３８號,144.19,都市：其他:第二種住宅區,,,1150613,土地1建物1車位0,全,五層,透天厝,住家用,鋼筋混凝土造,1010821,318.63,5,2,6,有,無,43000000,134953,,0.0,0,其他增建；,RPVNMLLJPHLGFIB78DA,306.87,0.0,11.76,有,0174
太平區,房地(土地+建物),臺中市太平區育賢路１４６號七樓,12.63,都市：其他:住宅區,,,1150606,土地3建物1車位0,七層,十二層,住宅大樓(11層含以上有電梯),住家用,鋼筋混凝土造,0870626,95.71000000000001,3,2,1,有,有,6800000,71048,,0.0,0,,RPRNMLNJPHLGFJB68DA,64.85,0.0,11.4,有,
龍井區,房地(土地+建物)+車位,臺中市龍井區中山一路一段６２巷２弄２１號五樓之２,38.31,都市：其他:第四種住宅區,,,1150623,土地3建物1車位1,五層,五層,華廈(10層含以下有電梯),住家用,鋼筋混凝土造,1130329,111.47,3,1,2,有,有,10000000,87561,升降機械,6.4,800000,,RPUNMLPKPHLGFKB76DA,73.38,0.0,9.83,有,
龍井區,房地(土地+建物),臺中市龍井區東海街１７０號,79.06,都市：其他:第二種住宅區,,,1150628,土地2建物1車位0,全,五層,透天厝,住商用,鋼筋混凝土造,0940907,234.28,4,2,4,有,有,18900000,80673,,0.0,0,,RPSNMLOLPHLGFKB56DA,183.78,3.41,47.09,無,
南區,房地(土地+建物)+車位,臺中市南區工學二街１１７號八樓之２,17.86,都市：其他:第三種住宅區。,,,1150629,土地1建物1車位1,八層,十二層,住宅大樓(11層含以上有電梯),住家用,鋼筋混凝土造,0870930,130.78,3,2,2,有,有,9800000,74935,坡道平面,25.05,0,,RPPOMLPKPHLGFAB97DA,78.17,0.0,4.86,有,
東區,房地(土地+建物)+車位,臺中市東區進德路３６１號二十二樓之３,13.54,都市：其他:第三之一種商業區,,,1150615,土地1建物1車位1,二十二層,二十八層,住宅大樓(11層含以上有電梯),住家用,鋼筋混凝土造,1140521,162.36,3,2,2,有,有,22150000,136425,坡道平面,30.03,0,,RPPNMLLKQHLGFAB57DA,80.33,0.0,8.01,有,0175
北屯區,房地(土地+建物)+車位,臺中市北屯區北屯路４２６之８巷３號七樓之１,16.51,都市：其他:第三種住宅區。,,,1150608,土地2建物1車位1,七層,十一層,住宅大樓(11層含以上有電梯),住家用,鋼筋混凝土造,1081108,120.03,2,2,1,有,有,13880000,134844,坡道平面,28.22,1500000,,RPWPMLSJOHLGFBB98DA,54.87,3.89,4.91,有,0176
北屯區,房地(土地+建物),臺中市北屯區梅川東路四段１０５號１２樓之１２,4.01,都市：其他:第二種住宅區,,,1150627,土地1建物1車位0,十二層,十七層,住宅大樓(11層含以上有電梯),商業用,鋼筋混凝土造,0831222,42.05,1,1,1,有,有,3310000,78716,,0.0,0,,RPSPMLQJPHLGFBB48DA,25.46,0.0,3.29,有,
北屯區,房地(土地+建物)+車位,臺中市北屯區詔安街８８號十三樓之２３,21.14,都市：其他:第二之一種住宅區,,,1150621,土地1建物1車位1,十三層,十五層,住宅大樓(11層含以上有電梯),住家用,鋼筋混凝土造,1131228,132.57,2,2,2,有,有,17580000,132609,坡道平面,31.89,0,,RPVVMLPJQHLGFBB76DA,61.09,0.0,3.37,有,0177
北屯區,房地(土地+建物)+車位,臺中市北屯區文昌東三街８７號七樓,19.35,都市：其他:第二種住宅區,,,1150614,土地1建物2車位1,七層,八層,華廈(10層含以下有電梯),住家用,鋼筋混凝土造,0820414,117.88000000000001,3,2,3,有,有,10000000,84832,坡道機械,0.0,0,,RPVQMLKKQHLGFBB48DA,77.62,2.27,10.98,有,
西屯區,房地(土地+建物),臺中市西屯區工業區一路５８巷１０弄３５號十一樓之５,12.81,都市：其他:第二種住宅區,,,1150613,土地1建物1車位0,十一層,十三層,住宅大樓(11層含以上有電梯),住家用,鋼筋混凝土造,0810730,84.23,2,1,1,有,有,7390000,87736,,0.0,0,,RPWOMLQLOHLGFCB98DA,57.64,0.0,5.68,有,
西屯區,房地(土地+建物)+車位,臺中市西屯區臺灣大道三段６３０之１號十六樓之６,8.25,都市：其他:第三種商業區,,,1150621,土地4建物1車位1,十六層,二十三層,住宅大樓(11層含以上有電梯),住家用,鋼筋混凝土造,1140826,94.11000000000001,2,2,2,有,有,13060000,138774,坡道機械,20.0,0,,RPWOMLNKPHLGFCB68DA,47.52,0.0,0.0,有,0178
西屯區,房地(土地+建物)+車位,臺中市西屯區市政南一路９８號六樓之８,16.02,都市：其他:第一之C種住宅區,,,1150605,土地1建物1車位1,六層,十二層,住宅大樓(11層含以上有電梯),住家用,鋼筋混凝土造,1070129,109.95,2,1,1,有,有,12000000,109141,坡道平面,30.98,0,親友、員工、共有人或其他特殊關係間之交易；,RPWPMLLLPHLGFCB68DA,43.64,3.38,5.22,有,0179
西屯區,車位,臺中市西屯區工業區一路５８巷１０弄１５號地下一層,6.09,都市：其他:第二種住宅區,,,1150613,土地1建物1車位1,地下層,十三層,其他,商業用,鋼筋混凝土造,0810730,39.42,0,0,0,無,有,1300000,,坡道平面,34.64,1300000,僅車位交易；,RPVOMLOLPHLGFCB78DA,0.0,0.0,0.0,有,0180
西屯區,房地(土地+建物)+車位,臺中市西屯區福星北路８２巷３９號五樓之７,17.54,都市：其他:第二種創新研發專用區,,,1150627,土地1建物1車位1,五層,九層,華廈(10層含以下有電梯),住家用,鋼筋混凝土造,1111124,103.25,2,2,1,有,有,13600000,131719,坡道平面,34.63,0,,RPSQMLOLPHLGFCB68DA,40.14,0.0,4.44,有,0181
南屯區,土地,埔興段1315地號,217.24,都市：其他:第二之二種住宅區,,,1150625,土地1建物0車位0,,,其他,,,,0.0,0,0,0,無,無,23825752,109675,,0.0,0,包含公共設施保留地用地；,RPPOMLRLPHLGFCB48DA,0.0,0.0,0.0,無,0182
西屯區,土地,民安段1867-7地號,14.62,都市：其他:道路用地,,,1150625,土地1建物0車位0,,,其他,,,,0.0,0,0,0,無,無,2464223,168552,,0.0,0,包含公共設施保留地用地；,RPQOMLRLPHLGFCB58DA,0.0,0.0,0.0,無,0183
南屯區,房地(土地+建物),臺中市南屯區大墩二街２４３號,147.0,都市：其他:第三種住宅區。,,,1150617,土地1建物1車位0,全,二層,透天厝,住家用,加強磚造,0750624,163.03,4,2,3,有,無,33680000,206588,,0.0,0,頂樓加蓋；夾層；含租約；,RPTTMLMKQHLGFCB88DA,145.91,12.74,4.38,無,
豐原區,房地(土地+建物)+車位,臺中市豐原區陽明街８６號三樓之２,23.35,都市：其他:第三種住宅區。,,,1150630,土地1建物1車位1,三層,九層,華廈(10層含以下有電梯),住家用,鋼筋混凝土造,0900924,161.15,3,2,2,有,有,15000000,93081,坡道平面,22.27,0,,RPUNMLPJQHLGFDB68DA,84.94,2.25,13.57,有,
外埔區,房地(土地+建物),臺中市外埔區長生路２３１號八樓之１,21.66,,鄉村區,乙種建築用地,1150616,土地2建物1車位0,八層,十層,華廈(10層含以下有電梯),住家用,鋼筋混凝土造,1130828,116.16,3,2,2,有,有,7600000,65427,,0.0,0,,RPPNMLMKQHLGFEB08DA,83.69,0.0,7.82,有,0184
石岡區,房地(土地+建物),臺中市石岡區金順街３２巷３號,100.42,都市：其他:農業區,,,1150611,土地3建物1車位0,全,四層,透天厝,住家用,鋼筋混凝土造,1080425,176.82,3,2,3,有,無,13000000,73521,,0.0,0,,RPQNMLMKOHLGFGB18DA,164.09,0.0,12.73,無,0185
潭子區,房地(土地+建物)+車位,臺中市潭子區僑興路１０９號八樓之１,25.96,都市：其他:住宅區,,,1150630,土地1建物1車位2,八層,十五層,住宅大樓(11層含以上有電梯),住家用,鋼筋混凝土造,1131022,182.43,2,2,2,有,有,16200000,99915,坡道平面,52.32,3200000,,RPTNMLQJQHLGFHB09DA,78.1,0.0,8.92,有,0186
潭子區,房地(土地+建物),臺中市潭子區民生街９８巷１弄１４號,82.77,都市：其他:第一之二種住宅區,,,1150621,土地1建物1車位0,全,二層,透天厝,住家用,加強磚造,0680220,85.8,4,2,3,有,無,7160000,83450,,0.0,0,頂樓加蓋；其他增建；,RPSNMLKKQHLGFHB48DA,85.8,0.0,0.0,無,
太平區,房地(土地+建物),臺中市太平區新福路６６巷３６弄１６號,74.24,都市：其他:住宅區,,,1150621,土地3建物1車位0,全,五層,透天厝,其他,鋼筋混凝土造,0920627,204.82,4,3,3,有,有,19600000,95694,,0.0,0,陽台外推；,RPRNMLOLOHLGFJB88DA,185.75,0.9,18.17,無,
太平區,房地(土地+建物)+車位,臺中市太平區新興二街１３２號四樓之２,20.46,都市：其他:住宅區,,,1150623,土地1建物1車位1,四層,十四層,住宅大樓(11層含以上有電梯),住家用,鋼筋混凝土造,1030106,155.44,3,2,2,有,有,13000000,83634,坡道平面,34.66,0,,RPRNMLTLOHLGFJB76DA,71.62,3.13,8.22,有,
西屯區,房地(土地+建物),臺中市西屯區工業區一路８２之２３號,12.42,都市：其他:第三種住宅區。,,,1150622,土地1建物1車位0,十三層,十七層,住宅大樓(11層含以上有電梯),住家用,鋼筋混凝土造,0810313,151.36,3,2,2,有,有,8200000,54175,,0.0,0,,RPPNMLNJQHLGFCB97EA,101.39,0.0,8.79,有,
西區,房地(土地+建物),臺中市西區健行路１０４９號二十七樓之１５,2.09,都市：其他:第三種商業區,,,1150622,土地1建物1車位0,二十七層,三十二層,住宅大樓(11層含以上有電梯),辦公用,鋼骨鋼筋混凝土造,0870528,41.57,1,1,1,有,有,4200000,101034,,0.0,0,社區名稱 : 中港晶華陽台外推；,RPSRMLKKQHLGFAB18DA,22.77,0.0,4.75,有,
北屯區,房地(土地+建物),臺中市北屯區文昌二街６８號,85.0,都市：其他:第二種住宅區,,,1150622,土地1建物1車位0,全,二層,透天厝,住家用,加強磚造,0740522,141.3,4,2,3,有,無,13800000,97665,,0.0,0,3.4樓及後方廚房增建其他增建；,RPSPMLOJQHLGFBB38DA,121.73,14.43,5.14,無,0187
北屯區,房地(土地+建物),臺中市北屯區軍福十二路５８號五樓之１,20.1,都市：其他:第二種住宅區,,,1150601,土地1建物1車位0,五層,五層,華廈(10層含以下有電梯),住家用,鋼筋混凝土造,1140702,58.459999999999994,1,1,1,有,無,9300000,159083,,0.0,0,,RPSOMLMKQHLGFBB18DA,32.58,0.0,3.14,有,
北區,房地(土地+建物),臺中市北區育強街９８號,29.71,都市：其他:第二種住宅區,,,1150623,土地1建物1車位0,一層,七層,華廈(10層含以下有電梯),住家用,鋼筋混凝土造,0711016,141.68,4,2,2,有,有,6250000,44113,,0.0,0,平台增建室內，格局變更。其他增建；,RPXPMLMKQHLGFBB78DA,98.26,16.41,0.0,有,
西屯區,房地(土地+建物),臺中市西屯區重慶路１４５號,101.0,都市：其他:第二種住宅區,,,1150626,土地1建物1車位0,全,四層,透天厝,住商用,鋼筋混凝土造,0680623,261.06,3,4,4,有,無,25800000,98828,,0.0,0,頂樓加蓋；其他增建；,RPSNMLPKPHLGFCB38DA,261.06,0.0,0.0,無,
南屯區,房地(土地+建物)+車位,臺中市南屯區東興西街９號二樓之２９,12.03,都市：其他:第二種住宅區,,,1150622,土地1建物1車位1,二層,十二層,住宅大樓(11層含以上有電梯),住家用,鋼筋混凝土造,0801206,61.08,1,0,1,有,有,4750000,77780,坡道平面,0.0,0,陽台外推；,RPTPMLPKPHLGFCB68DA,18.96,1.0,2.78,有,0188
西屯區,房地(土地+建物),臺中市西屯區福強街１２７號十八樓之１,3.59,都市：其他:第一種住宅區,,,1150625,土地1建物1車位0,十八層,十九層,住宅大樓(11層含以上有電梯),住家用,鋼筋混凝土造,0840121,40.05,1,0,1,有,有,2780000,69413,,0.0,0,,RPXPMLQKPHLGFCB56DA,23.5,0.0,4.41,有,0189
西屯區,土地,永林段538地號,4121.01,都市：其他:農業區,,,1150629,土地1建物0車位0,,,其他,,,,0.0,0,0,0,無,無,30000000,7280,,0.0,0,親友、員工、共有人或其他特殊關係間之交易；急買急賣；,RPPNMLLJQHLGFCB67DA,0.0,0.0,0.0,無,
西屯區,房地(土地+建物),臺中市西屯區中工二路１５０號四樓之１,14.79,都市：其他:第三種住宅區。,,,1150627,土地1建物1車位0,四層,十層,華廈(10層含以下有電梯),住家用,鋼筋混凝土造,0820513,115.33,3,2,2,有,有,8200000,71100,,0.0,0,,RPXPMLOJQHLGFCB98DA,69.38,0.65,17.67,有,
后里區,房地(土地+建物)+車位,臺中市后里區成功路４８１巷２號二樓之１,42.6,都市：其他:住宅區,,,1150628,土地3建物1車位1,二層,十層,華廈(10層含以下有電梯),住家用,鋼筋混凝土造,1141226,184.22,3,2,2,有,有,12080000,65574,坡道平面,39.99,0,車位編號：B1-18,RPSNMLKLPHLGFDB08DA,92.46,0.0,8.76,有,0190
豐原區,房地(土地+建物),臺中市豐原區南陽路５８巷２５５弄１８之１７號,60.77,都市：其他:農業區,,,1150605,土地1建物1車位0,全,四層,透天厝,住家用,鋼筋混凝土造,1150417,181.38,3,3,3,有,無,16800000,92623,,0.0,0,,RPQNMLMKQHLGFDB08DA,167.0,0.0,14.38,無,
大甲區,房地(土地+建物)+車位,臺中市大甲區甲后路五段４５３巷８９號二樓之６,29.74,都市：其他:住宅區,,,1150630,土地1建物1車位1,二層,九層,華廈(10層含以下有電梯),住家用,鋼筋混凝土造,1150313,121.53,3,2,2,有,有,12480000,105369,坡道機械,12.58,1000000,,RPQOMLSLPHLGFEB88DA,68.1,0.0,6.41,有,
潭子區,房地(土地+建物),臺中市潭子區興華一路４０５巷３７號,73.27,都市：其他:第一之二種住宅區,,,1150603,土地1建物1車位0,全,三層,透天厝,住家用,鋼筋混凝土造,0750729,137.45,5,2,3,有,無,12880000,93707,,0.0,0,頂樓加蓋；其他增建；,RPUNMLKLPHLGFHB68DA,122.17,0.0,15.28,無,
大里區,房地(土地+建物),臺中市大里區新明路８號三樓,10.08,都市：其他:商業區,,,1150603,土地1建物1車位0,三層,十五層,住宅大樓(11層含以上有電梯),住家用,鋼筋混凝土造,0810909,126.79,3,2,2,有,有,7000000,55209,,0.0,0,陽台外推；其他增建；,RPWNMLKKOHLGFIB78DA,76.65,0.0,14.47,有,
大里區,土地,仁城段589地號,2202.81,,特定農業區,農牧用地,1150622,土地1建物0車位0,,,其他,,,,0.0,0,0,0,無,無,41980000,19057,,0.0,0,農作物；,RPROMLLLPHLGFIB68DA,0.0,0.0,0.0,無,0191
大里區,房地(土地+建物),臺中市大里區自強街２９巷１５號二樓之１,23.33,都市：其他:商業區,,,1150613,土地1建物1車位0,二層,十層,華廈(10層含以下有電梯),住家用,鋼筋混凝土造,0940906,123.28,3,2,2,有,有,8400000,68138,,0.0,0,陽台外推；其他增建；,RPPNMLLMPHLGFIB48DA,79.19,3.51,8.98,有,
太平區,房地(土地+建物)+車位,臺中市太平區環中東路三段６５８號十二樓之３,17.01,都市：其他:住宅區,,,1150622,土地1建物1車位1,十二層,十五層,住宅大樓(11層含以上有電梯),住家用,鋼筋混凝土造,1130701,111.56,2,2,1,有,有,10700000,95913,坡道平面,30.03,0,,RPPOMLOKPHLGFJB78DA,47.97,0.0,6.62,有,0192
太平區,房地(土地+建物)+車位,臺中市太平區環中東路三段３３３號四樓之３,23.34,都市：其他:住宅區,,,1150602,土地1建物1車位1,四層,十五層,住宅大樓(11層含以上有電梯),住家用,鋼筋混凝土造,1140123,152.06,3,2,2,有,有,13880000,96873,坡道平面,24.78,1550000,,RPQNMLKKQHLGFJB48DA,75.73,0.0,7.06,有,
太平區,房地(土地+建物),臺中市太平區宜仁街４０號二樓,20.99,都市：其他:商業區,,,1150612,土地1建物1車位0,二層,五層,公寓(5樓含以下無電梯),住家用,鋼筋混凝土造,0811027,74.50999999999999,3,2,1,有,無,6050000,81197,,0.0,0,,RPSNMLLKQHLGFJB78DA,57.03,0.0,7.69,無,0193
北區,房地(土地+建物),臺中市北區忠太西路３號,122.0,都市：其他:第三種住宅區。,,,1150630,土地2建物1車位0,全,五層,透天厝,商業用,鋼筋混凝土造,0821012,436.38,8,4,4,有,無,12586100,28842,,0.0,0,親友、員工、共有人或其他特殊關係間之交易；,RPQNMLKKQHLGFBB77EA,436.38,0.0,0.0,無,
東勢區,土地,新成段995-2地號,18.32,都市：其他:住宅區,,,1150618,土地1建物0車位0,,,其他,,,,0.0,0,0,0,無,無,643398,35120,,0.0,0,政府機關標讓售；,RPPNMLOKQHLGFGB58EA,0.0,0.0,0.0,無,
西區,房地(土地+建物),臺中市西區福人街７８巷１號,55.0,都市：其他:第二種住宅區,,,1150608,土地1建物1車位0,全,五層,透天厝,住家用,鋼筋混凝土造,1050909,177.07,5,2,6,有,無,16800000,94878,,0.0,0,親友、員工、共有人或其他特殊關係間之交易；,RPWOMLKKOHLGFAB08DA,163.96,0.0,13.12,無,
西區,房地(土地+建物),臺中市西區忠勤街３３７號四樓,21.0,都市：其他:第二種住宅區,,,1150623,土地2建物1車位0,四層,七層,華廈(10層含以下有電梯),住家用,鋼筋混凝土造,0800213,120.18,3,2,2,有,有,10500000,87369,,0.0,0,,RPXOMLMLPHLGFAB58DA,103.1,0.0,12.82,有,0194
南區,房地(土地+建物),臺中市南區復興路２段１３５巷２１之３號,22.1,都市：其他:第一種商業區,,,1150628,土地3建物1車位0,四層,五層,公寓(5樓含以下無電梯),住家用,鋼筋混凝土造,0740723,101.13,4,2,2,有,有,5600000,55374,,0.0,0,,RPSOMLRJQHLGFAB48DA,85.83,0.0,4.44,無,0195
西區,房地(土地+建物),臺中市西區三民路１段５０巷８號１９樓之５８,2.23,都市：其他:第二種住宅區,,,1150621,土地3建物1車位0,十九層,十九層,住宅大樓(11層含以上有電梯),住家用,鋼筋混凝土造,0840113,29.09,1,1,1,有,有,2200000,75627,,0.0,0,陽台外推；包含公共設施保留地用地；,RPQNMLLKQHLGFAB67DA,15.84,0.0,3.14,有,
南區,房地(土地+建物),臺中市南區合作街２９７之３號,30.1,都市：其他:第三種住宅區。,,,1150613,土地1建物1車位0,四層,五層,公寓(5樓含以下無電梯),住家用,鋼筋混凝土造,0740313,118.4,5,0,5,有,無,6950000,58699,,0.0,0,,RPQPMLLKQHLGFAB87DA,107.5,0.0,10.9,無,
北區,房地(土地+建物),臺中市北區梅川東路三段７６號五樓之１,22.45,都市：其他:第二種住宅區,,,1150609,土地1建物1車位0,五層,八層,華廈(10層含以下有電梯),住家用,鋼筋混凝土造,1141105,111.75,3,3,3,有,有,16800000,150336,,0.0,0,,RPPNMLPKPHLGFBB97DA,47.98,0.0,5.82,有,
北屯區,房地(土地+建物),臺中市北屯區長生巷２７之２６號,72.47,都市：其他:農業區,,,1150601,土地4建物1車位0,全,四層,透天厝,住家用,鋼筋混凝土造,0991108,192.95,5,3,4,有,無,19170000,99352,,0.0,0,,RPTRMLOLPHLGFBB78DA,186.07,4.72,2.16,無,
北區,房地(土地+建物)+車位,臺中市北區北平四街５號十樓之１,15.21,都市：其他:第二種商業區,,,1150630,土地1建物1車位1,十層,十五層,住宅大樓(11層含以上有電梯),住家用,鋼筋混凝土造,1071130,140.14,2,2,2,有,有,18500000,132011,坡道平面,28.36,0,,RPVOMLLMPHLGFBB48DA,62.46,4.06,5.05,有,0196
北屯區,房地(土地+建物)+車位,臺中市北屯區北屯路２１０號１３樓之２２,13.19,都市：其他:第二種商業區,,,1150629,土地1建物1車位1,十三層,十三層,住宅大樓(11層含以上有電梯),住家用,鋼筋混凝土造,0830208,144.81,3,2,2,有,有,11800000,81486,坡道平面,0.0,0,其他增建；,RPWOMLNKQHLGFBB68DA,86.9,0.0,16.78,有,0197
北屯區,土地,敦和段703-2地號,145.63,都市：其他:第一之一種住宅區,,,1150606,土地1建物0車位0,,,其他,,,,0.0,0,0,0,無,無,25000000,171668,,0.0,0,親友、員工、共有人或其他特殊關係間之交易；,RPWSNLOKQHLGFBB66DA,0.0,0.0,0.0,無,
北屯區,房地(土地+建物)+車位,臺中市北屯區南興路１０５０號十三樓之３,20.66,都市：其他:第二之一種住宅區,,,1150626,土地1建物1車位1,十三層,十五層,住宅大樓(11層含以上有電梯),住家用,鋼筋混凝土造,1091110,172.56,3,2,2,有,有,22800000,132128,坡道平面,36.57,0,,RPVVNLOKQHLGFBB86DA,79.52,4.24,8.26,有,0198
西屯區,房地(土地+建物)+車位,臺中市西屯區何厝街３７巷１７號八樓之７,25.9,都市：其他:第一種商業區,,,1150611,土地2建物1車位2,八層,十八層,住宅大樓(11層含以上有電梯),住家用,鋼筋混凝土造,1030507,210.26999999999998,3,2,2,有,有,27600000,131260,坡道平面,0.0,2400000,,RPOPMLKMOHLGFCB77DA,83.26,5.48,7.45,有,
西屯區,房地(土地+建物)+車位,臺中市西屯區青海路二段４０８號五樓之６,16.95,都市：其他:第二種住宅區,,,1150628,土地2建物1車位1,五層,十五層,住宅大樓(11層含以上有電梯),住家用,鋼筋混凝土造,1090619,121.18,2,2,1,有,有,15900000,131210,坡道平面,31.86,0,其他增建；,RPSNMLNKPHLGFCB18DA,53.69,0.0,7.76,有,0199
南屯區,房地(土地+建物)+車位,臺中市南屯區大進街６６９之１號七樓,19.19,都市：其他:第二種住宅區,,,1150630,土地1建物1車位1,七層,八層,華廈(10層含以下有電梯),住家用,鋼筋混凝土造,0820331,114.74,4,2,2,有,有,15300000,133345,坡道機械,0.0,0,,RPXNMLRKPHLGFCB09DA,81.15,0.65,10.95,有,
南屯區,房地(土地+建物)+車位,臺中市南屯區寶山六街５２號五樓之１３,21.89,都市：其他:第二種住宅區,,,1150607,土地1建物1車位1,五層,七層,華廈(10層含以下有電梯),住家用,鋼筋混凝土造,0830415,137.39,3,2,2,有,有,9800000,71330,坡道機械,0.0,0,,RPSOMLKLPHLGFCB08DA,90.14,0.0,9.35,有,
南屯區,房地(土地+建物)+車位,臺中市南屯區永春東七路５５０號十三樓之２,24.58,都市：其他:第一之一種住宅區,,,1150617,土地2建物1車位2,十三層,十五層,住宅大樓(11層含以上有電梯),住家用,鋼筋混凝土造,1140831,261.94,4,2,2,有,有,45380000,199682,坡道平面,60.72,5200000,,RPSNMLLMPHLGFCB18DA,120.07,0.0,12.64,有,
西屯區,房地(土地+建物),臺中市西屯區合江街１６號,142.0,都市：其他:第二種住宅區,,,1150630,土地1建物1車位0,全,二層,透天厝,住家用,加強磚造,0730917,170.03,5,2,2,有,無,25300000,148797,,0.0,0,,RPUOMLOJQHLGFCB58DA,146.8,18.88,4.35,無,
南屯區,房地(土地+建物)+車位,臺中市南屯區東興西街９號二樓之３號,7.19,都市：其他:第二種住宅區,,,1150619,土地1建物1車位1,地下一層,十二層,住宅大樓(11層含以上有電梯),辦公用,鋼筋混凝土造,0801206,62.47,1,1,1,有,有,3500000,56027,坡道平面,0.0,0,其他增建；,RPPQMLQJQHLGFCB48DA,18.96,1.0,2.78,有,0200
豐原區,房地(土地+建物),臺中市豐原區東北街４１號５樓之２,24.7,都市：其他:第二種商業區,,,1150621,土地1建物1車位0,五層，電梯樓梯間,五層,公寓(5樓含以下無電梯),住家用,鋼筋混凝土造,0680630,83.75,3,2,1,有,無,4500000,53731,,0.0,0,頂樓加蓋；,RPSNMLTJPHLGFDB78DA,83.75,0.0,0.0,無,
潭子區,房地(土地+建物),臺中市潭子區圓通南路８１巷２４號八樓,15.98,都市：其他:第一之二種住宅區,,,1150613,土地4建物1車位0,八層,十一層,住宅大樓(11層含以上有電梯),住家用,鋼筋混凝土造,0850916,116.5,3,2,2,有,有,9200000,78970,,0.0,0,陽台外推；,RPQNMLNJQHLGFHB48DA,72.58,1.06,9.57,有,0201
潭子區,房地(土地+建物)+車位,臺中市潭子區人和路１００巷１４號六樓,22.14,都市：其他:第一之二種住宅區,,,1150621,土地3建物1車位1,六層,六層,華廈(10層含以下有電梯),住家用,鋼筋混凝土造,0820120,138.01,3,2,2,有,有,8600000,62314,坡道平面,0.0,0,其他增建；,RPRNMLPJQHLGFHB78DA,92.48,0.0,10.35,有,0202
烏日區,房地(土地+建物),臺中市烏日區中華路３９６號,80.46,都市：其他:第三種住宅區。,,,1150618,土地1建物1車位0,全,二層,透天厝,住商用,加強磚造,0681105,111.81,8,1,3,有,無,10000000,89437,,0.0,0,親友、員工、共有人或其他特殊關係間之交易；,RPQOMLMLOHLGFIB58DA,111.81,0.0,0.0,無,
烏日區,土地,環河段208-29地號,1653.58,都市：其他:產業專用區,,,1150615,土地1建物0車位0,,,其他,,,,0.0,0,0,0,無,無,177100000,107101,,0.0,0,親友、員工、共有人或其他特殊關係間之交易；,RPVNMLNJPHLGFIB98DA,0.0,0.0,0.0,無,
大里區,房地(土地+建物),臺中市大里區吉隆路４巷７號,171.89,都市：其他:住宅區,,,1150611,土地1建物1車位0,全,三層,透天厝,其他,鋼筋混凝土造,0870826,299.06,4,2,7,有,無,5200000,17388,,0.0,0,親友、員工、共有人或其他特殊關係間之交易；,RPPNMLLKPHLGFIB28DA,285.41,0.0,13.65,無,
烏日區,房地(土地+建物)+車位,臺中市烏日區三榮二路２９號四樓之３,35.5,都市：其他:第二種住宅區,,,1150615,土地1建物1車位1,四層,十五層,住宅大樓(11層含以上有電梯),住家用,鋼筋混凝土造,1111110,154.78,2,2,1,有,有,23080000,149115,坡道平面,31.98,0,,RPXNMLOKPHLGFIB76DA,73.01,0.0,8.62,有,0203
大里區,房地(土地+建物),臺中市大里區德芳南路１９５號六樓之６,8.95,都市：其他:商業區,,,1150625,土地1建物1車位0,六層,二十四層,住宅大樓(11層含以上有電梯),住家用,鋼筋混凝土造,1130705,93.69999999999999,2,2,1,有,有,10900000,116329,,0.0,0,,RPTNMLRKPHLGFIB66DA,54.57,0.0,7.09,有,0204
太平區,房地(土地+建物),臺中市太平區坪林路４３之１７號,83.83,,鄉村區,乙種建築用地,1150628,土地4建物1車位0,全,三層,透天厝,住家用,鋼筋混凝土造,0840108,143.74,6,2,3,有,無,8000000,55656,,0.0,0,頂樓加蓋；其他增建；,RPPNMLQKPHLGFJB88DA,123.59,5.64,14.51,無,
太平區,房地(土地+建物)+車位,臺中市太平區育賢路３９號四樓之１,24.88,都市：其他:住宅區,,,1150621,土地1建物1車位1,四層,十五層,住宅大樓(11層含以上有電梯),住家用,鋼筋混凝土造,1140604,175.72,4,2,2,有,有,16600000,99784,坡道平面,27.4,1800000,,RPPNMLPJQHLGFJB78DA,88.43,0.0,9.81,有,
龍井區,房地(土地+建物)+車位,臺中市龍井區竹師路二段５６巷８號八樓之７,27.28,都市：其他:第四種住宅區,,,1150626,土地1建物1車位1,八層,八層,華廈(10層含以下有電梯),住家用,鋼筋混凝土造,1141231,93.66,2,2,1,有,有,5870000,62673,坡道機械,12.54,0,,RPVNMLLMPHLGFKB66DA,52.71,0.0,3.62,有,0205
南區,房地(土地+建物)+車位,臺中市南區工學二街１１５巷３０號１２樓之１,18.08,都市：其他:第三種住宅區。,,,1150613,土地1建物1車位1,十二層,十二層,住宅大樓(11層含以上有電梯),住家用,鋼筋混凝土造,0870930,131.85,3,2,2,有,有,4000000,30338,坡道平面,25.04,0,親友、員工、共有人或其他特殊關係間之交易；,RPPNMLRKQHLGFAB28EA,77.22,0.0,6.49,有,
南區,房地(土地+建物),臺中市南區明德街６６號,207.0,都市：其他:第二種住宅區,,,1150629,土地2建物1車位0,全,五層,透天厝,住商用,鋼筋混凝土造,0771110,430.48,28,1,28,有,無,29580000,68714,,0.0,0,其他增建；,RPWOMLSJPHLGFAB88DA,389.06,10.78,30.64,無,
南區,房地(土地+建物)+車位,臺中市南區德富路２２０之１號十樓之三,19.88,都市：其他:第三種住宅區。,,,1150603,土地1建物1車位1,十層,十層,華廈(10層含以下有電梯),住家用,鋼筋混凝土造,0990921,150.76,2,2,2,有,有,14500000,96179,坡道平面,28.21,0,,RPPNMLRLPHLGFAB18DA,70.94,5.89,5.3,有,
西區,房地(土地+建物)+車位,臺中市西區華美街３２巷８號５樓之２,21.82,都市：其他:第二種住宅區,,,1150619,土地1建物1車位1,五層,七層,華廈(10層含以下有電梯),住家用,鋼筋混凝土造,0821227,125.06,3,2,2,有,有,11850000,94755,坡道平面,0.0,0,,RPOOMLQJQHLGFAB97DA,73.75,1.02,11.26,有,
西區,房地(土地+建物),臺中市西區民生路４１６－１號５樓,9.95,都市：其他:第二種住宅區,,,1150608,土地2建物1車位0,五層,七層,華廈(10層含以下有電梯),住家用,鋼筋混凝土造,0840104,88.2,3,2,2,有,無,5700000,64626,,0.0,0,親友、員工、共有人或其他特殊關係間之交易；,RPWNMLMKQHLGFAB38DA,51.9,0.0,9.88,有,
南區,房地(土地+建物),臺中市南區大慶街二段４９之５１號,639.97,都市：其他:乙種工業區,,,1150619,土地2建物1車位0,全,一層,透天厝,工業用,鋼骨造,0921230,329.74,3,2,4,有,無,90000000,272942,,0.0,0,頂樓加蓋；夾層；其他增建；,RPVOMLNKQHLGFAB48DA,329.74,0.0,0.0,無,
北屯區,房地(土地+建物)+車位,臺中市北屯區太順路６６號三樓之５,20.23,都市：其他:第三種住宅區。,,,1150615,土地1建物1車位1,三層,十四層,住宅大樓(11層含以上有電梯),住家用,鋼筋混凝土造,1050602,174.64,3,2,2,有,有,14800000,84746,坡道平面,24.06,0,,RPPNMLPLOHLGFBB97DA,87.96,2.51,11.55,有,
北區,房地(土地+建物),臺中市北區錦南街４０之９號３樓,23.18,都市：其他:第二種住宅區,,,1150609,土地9建物1車位0,三層,十四層,住宅大樓(11層含以上有電梯),住家用,鋼筋混凝土造,0740323,93.08,3,2,2,有,有,6750000,72518,,0.0,0,,RPRNMLQJPHLGFBB18DA,80.7,2.2,10.18,有,
北屯區,房地(土地+建物),臺中市北屯區太祥西街４１號,139.68,都市：其他:住宅區,,,1150612,土地4建物1車位0,全,四層,透天厝,住家用,鋼筋混凝土造,1130418,272.04,3,3,5,有,有,37200000,136745,,0.0,0,,RPPOMLTJPHLGFBB38DA,249.88,0.0,22.17,有,
北屯區,房地(土地+建物),臺中市北屯區中清路二段４６７號四樓之２,7.99,都市：其他:第五種住宅區,,,1150626,土地1建物1車位0,四層,十六層,住宅大樓(11層含以上有電梯),住家用,鋼筋混凝土造,0811020,89.09,2,2,1,有,有,7450000,83623,,0.0,0,陽台外推；,RPXSMLOLPHLGFBB66DA,54.7,0.0,6.39,有,
北屯區,房地(土地+建物)+車位,臺中市北屯區敦富十街１１７號三樓之１,24.55,都市：其他:第二之一種住宅區,,,1150614,土地1建物1車位1,三層,十二層,住宅大樓(11層含以上有電梯),住家用,鋼筋混凝土造,1090625,155.94,3,2,2,有,有,15100000,96832,坡道平面,36.94,0,,RPWOMLNJQHLGFBB58DA,71.28,0.0,8.03,有,
北屯區,房地(土地+建物)+車位,臺中市北屯區敦富路７０６號十五樓之５,23.52,都市：其他:第二之一種住宅區,,,1150614,土地1建物1車位2,十五層,十五層,住宅大樓(11層含以上有電梯),住家用,鋼筋混凝土造,1140606,184.55,3,2,2,有,有,26600000,144134,坡道平面,50.6,0,,RPVOMLPJQHLGFBB68DA,81.22,0.0,5.9,有,
北區,房地(土地+建物)+車位,臺中市北區三民路三段３２９號十六樓之２,13.62,都市：其他:第二種住宅區,,,1150628,土地2建物1車位1,十六層,十八層,住宅大樓(11層含以上有電梯),住家用,鋼筋混凝土造,1130718,98.22,2,2,1,有,有,13500000,137447,坡道機械,11.73,0,,RPUPMLPJQHLGFBB68DA,49.09,0.0,7.11,有,
北區,房地(土地+建物)+車位,臺中市北區英才路３７７號五樓之３,16.84,都市：其他:第二種住宅區,,,1150630,土地1建物1車位1,五層,十四層,住宅大樓(11層含以上有電梯),住家用,鋼筋混凝土造,0961115,168.31,3,2,2,有,有,22000000,130711,坡道平面,24.81,0,,RPSNMLKKQHLGFBB87DA,88.16,9.77,4.32,有,
北屯區,土地,北屯段118-13地號,824.0,都市：其他:第一之一種住宅區,,,1150630,土地2建物0車位0,,,其他,,,,0.0,0,0,0,無,無,50566250,61367,,0.0,0,,RPPNMLOKQHLGFBB97DA,0.0,0.0,0.0,無,
北屯區,土地,北屯段118-31地號,554.0,都市：其他:第一之一種住宅區,,,1150630,土地2建物0車位0,,,其他,,,,0.0,0,0,0,無,無,33997209,61367,,0.0,0,,RPQNMLOKQHLGFBB08DA,0.0,0.0,0.0,無,
北屯區,土地,北屯段118-18地號,56.0,都市：其他:第一之一種住宅區,,,1150630,土地2建物0車位0,,,其他,,,,0.0,0,0,0,無,無,3436541,61367,,0.0,0,,RPRNMLOKQHLGFBB18DA,0.0,0.0,0.0,無,
北區,房地(土地+建物)+車位,臺中市北區三民路三段３２９號五樓之７,13.28,都市：其他:第二種住宅區,,,1150618,土地2建物1車位1,五層,十八層,住宅大樓(11層含以上有電梯),住家用,鋼筋混凝土造,1130718,95.94,2,2,1,有,有,12200000,134188,坡道機械,11.73,900000,,RPTSNLOKQHLGFBB98DA,47.59,0.0,7.16,有,
西屯區,房地(土地+建物)+車位,臺中市西屯區臺灣大道三段６４６號二十樓之１３,6.44,都市：其他:第三種商業區,,,1150604,土地1建物1車位1,二十層,二十九層,住宅大樓(11層含以上有電梯),住家用,鋼骨鋼筋混凝土造、鋼筋混凝土造,1140811,114.85,2,2,1,有,有,13880000,120853,坡道平面,34.74,0,,RPOOMLPKOHLGFCB97DA,45.94,0.0,5.67,有,
西屯區,房地(土地+建物)+車位,臺中市西屯區臺灣大道三段６３０之１號二十一樓之２,7.49,都市：其他:第三種商業區,,,1150624,土地4建物1車位1,二十一層,二十三層,住宅大樓(11層含以上有電梯),住家用,鋼筋混凝土造,1140826,110.38,1,2,1,有,有,16140000,182947,坡道平面,36.26,2580000,,RPQPMLPLOHLGFCB38DA,43.46,0.0,4.06,有,
西屯區,房地(土地+建物)+車位,臺中市西屯區文心路三段６之６號十八樓之５,9.74,都市：其他:第三種商業區,,,1150624,土地1建物1車位1,十八層,十八層,住宅大樓(11層含以上有電梯),住家用,鋼筋混凝土造,0980813,135.32,3,2,1,有,有,14200000,104936,坡道平面,37.8,0,,RPVNMLKLPHLGFCB28DA,59.76,1.06,7.4,有,
南屯區,房地(土地+建物),臺中市南屯區大墩六街２１８號十二樓之５,10.28,都市：其他:第二種住宅區,,,1150620,土地1建物1車位0,十二層,十六層,住宅大樓(11層含以上有電梯),住家用,鋼筋混凝土造,0811113,65.35,1,1,1,有,有,5760000,88141,,0.0,0,,RPQOMLKLPHLGFCB87DA,36.95,1.86,2.93,有,
西屯區,房地(土地+建物)+車位,臺中市西屯區中康街２５８號七樓之８,22.62,都市：其他:第二種住宅區,,,1150625,土地2建物1車位1,七層,七層,華廈(10層含以下有電梯),住家用,鋼筋混凝土造,0830120,117.07,3,2,2,有,有,10000000,85419,坡道機械,0.0,0,,RPXOMLOLPHLGFCB98DA,81.93,0.0,8.73,有,
西屯區,房地(土地+建物),臺中市西屯區文心路二段５６６之１３號三樓之１,7.78,都市：其他:第三種住宅區。,,,1150629,土地1建物1車位0,三層,二十三層,住宅大樓(11層含以上有電梯),住家用,鋼筋混凝土造,0941110,115.28999999999999,3,2,2,有,有,11450000,99315,,0.0,0,,RPTOMLTLPHLGFCB09DA,71.19,4.16,4.15,有,
西屯區,房地(土地+建物)+車位,臺中市西屯區臺灣大道三段７６３號七樓之３,5.35,都市：其他:第四之一種商業區,,,1150621,土地1建物1車位1,七層,三十六層,住宅大樓(11層含以上有電梯),住家用,鋼骨造,1141028,106.24000000000001,2,2,1,有,有,12480000,117470,坡道平面,30.56,0,,RPQOMLQJQHLGFCB38DA,43.32,1.93,4.34,有,
西屯區,房地(土地+建物)+車位,臺中市西屯區黎明路三段１７７號十四樓之５,24.49,都市：其他:第三種住宅區。,,,1150610,土地2建物1車位2,十四層,十五層,住宅大樓(11層含以上有電梯),住家用,鋼筋混凝土造,1021016,236.35,3,2,2,有,有,32800000,138777,坡道平面,53.28,0,,RPXOMLNKQHLGFCB88DA,106.1,8.01,11.69,有,
南屯區,房地(土地+建物),臺中市南屯區文心路一段３７８號十九樓之７,5.0,都市：其他:第三之一種商業區,,,1150601,土地1建物1車位0,十九層,二十九層,住宅大樓(11層含以上有電梯),商業用,鋼筋混凝土造,0830825,53.46,0,0,1,有,有,5100000,95398,,0.0,0,陽台外推；,RPWNMLOKQHLGFCB78DA,32.07,0.0,4.68,有,
大甲區,土地,文曲段233-8地號,125.47,,特定農業區,甲種建築用地,1150626,土地2建物0車位0,,,其他,,,,0.0,0,0,0,無,無,1680000,13390,,0.0,0,,RPUNMLQKPHLGFEB88DA,0.0,0.0,0.0,無,
大雅區,土地,六寶段92地號,1788.46,,特定農業區,農牧用地,1150619,土地1建物0車位0,,,其他,,,,0.0,0,0,0,無,無,18000000,10065,,0.0,0,農作物；,RPSNMLRKPHLGFHB09DA,0.0,0.0,0.0,無,
潭子區,房地(土地+建物),臺中市潭子區勝利路２５６號四樓之１,7.15,都市：其他:第一之二種住宅區,,,1150608,土地1建物1車位0,四層,十四層,住宅大樓(11層含以上有電梯),住家用,鋼筋混凝土造,0900112,57.53,1,1,1,有,有,5220000,90735,,0.0,0,,RPRNMLQJQHLGFHB88DA,38.9,0.0,4.22,有,
大雅區,房地(土地+建物),臺中市大雅區民豐街１５４巷１０號五樓之２,15.02,都市：其他:第一種住宅區,,,1150610,土地1建物1車位0,五層,八層,華廈(10層含以下有電梯),住家用,鋼筋混凝土造,0821204,105.83,3,2,2,有,有,6916000,65350,,0.0,0,,RPPNMLOKQHLGFHB58DA,75.14,0.0,19.59,有,
烏日區,房地(土地+建物)+車位,臺中市烏日區健行路８１０號九樓之１,28.02,都市：其他:第二種住宅區,,,1150611,土地1建物1車位1,九層,十四層,住宅大樓(11層含以上有電梯),住家用,鋼筋混凝土造,1091029,132.67000000000002,3,2,1,有,有,10500000,79144,坡道平面,30.18,0,,RPPNMLSJPHLGFIB88DA,60.33,2.13,7.58,有,
烏日區,房地(土地+建物),臺中市烏日區溪南路一段７１５巷１１號二樓之７,27.87,,特定農業區,甲種建築用地,1150622,土地8建物1車位0,二層,八層,華廈(10層含以下有電梯),住家用,鋼筋混凝土造,1121121,84.35,2,1,2,有,有,7200000,85359,,0.0,0,,RPUNMLLMPHLGFIB98DA,54.14,0.0,4.53,有,
大里區,房地(土地+建物)+車位,臺中市大里區中興路二段６７１巷８弄１５號十五樓,11.81,都市：其他:住宅區,,,1150627,土地1建物1車位1,十五層,十六層,住宅大樓(11層含以上有電梯),住家用,鋼筋混凝土造,0841222,123.88,4,2,1,有,有,7580000,61188,坡道機械,0.0,0,,RPPNMLQJQHLGFIB78DA,76.37,0.0,10.01,有,
霧峰區,房地(土地+建物),臺中市霧峰區民生路１６６號三樓之１,23.68,都市：其他:住宅區,,,1150624,土地1建物1車位0,三層,七層,華廈(10層含以下有電梯),住家用,鋼筋混凝土造,0811119,132.24,3,2,2,有,無,6150000,46506,,0.0,0,其他增建；,RPROMLLKQHLGFIB68DA,79.07,0.0,9.18,有,
大里區,房地(土地+建物)+車位,臺中市大里區日新路３４６號十二樓之２,21.75,都市：其他:住宅區,,,1150602,土地1建物1車位1,十二層,十三層,住宅大樓(11層含以上有電梯),住家用,鋼筋混凝土造,1071022,167.26999999999998,3,2,2,有,有,14100000,84295,坡道平面,45.78,0,,RPPNMLOKQHLGFIB68DA,73.59,0.0,7.08,有,
太平區,房地(土地+建物),臺中市太平區德安街８８巷２８號,85.37,,鄉村區,乙種建築用地,1150613,土地1建物1車位0,全,二層,透天厝,住家用,加強磚造,0680716,73.2,2,2,2,有,無,5000000,68306,,0.0,0,,RPSNMLTLPHLGFJB96DA,73.2,0.0,0.0,無,
太平區,房地(土地+建物)+車位,臺中市太平區長安路４９３巷２１號六樓之２,16.98,,鄉村區,乙種建築用地,1150612,土地1建物1車位1,六層,八層,華廈(10層含以下有電梯),住家用,鋼筋混凝土造,1100701,91.02000000000001,1,1,1,有,有,6560000,72072,一樓平面,32.99,0,,RPRNMLMKQHLGFJB78DA,36.72,0.0,4.62,有,
太平區,房地(土地+建物),臺中市太平區中山路二段４９９巷２弄３號,97.32,,鄉村區,乙種建築用地,1150608,土地1建物1車位0,全,二層,透天厝,住家用,鋼筋混凝土造,0680225,99.2,4,2,2,有,無,10000000,100806,,0.0,0,親友、員工、共有人或其他特殊關係間之交易；,RPVPMLRKQHLGFJB27DA,99.2,0.0,0.0,無,
西區,房地(土地+建物),臺中市西區康樂街２２巷５號,51.0,都市：其他:第二種住宅區,,,1150501,土地1建物1車位0,全,三層,透天厝,住家用,鐵筋加強磚,0650324,86.03,4,3,3,有,無,9920000,115309,,0.0,0,其他增建；,RPOOMLOJOHLGFAB57DA,86.03,0.0,0.0,無,
北屯區,房地(土地+建物)+車位,臺中市北屯區崇德二路一段１５７巷１３號三樓,17.15,都市：其他:第二種住宅區,,,1150519,土地1建物1車位1,三層,九層,華廈(10層含以下有電梯),住家用,鋼筋混凝土造,0830825,102.92999999999999,3,2,1,有,有,7800000,75787,坡道機械,0.0,0,,RPQNMLKKPHLGFBB57DA,61.7,2.18,7.6,有,0206
北屯區,房地(土地+建物)+車位,臺中市北屯區豐樂北二路７７號四樓之１,29.74,都市：其他:第二種住宅區,,,1150513,土地1建物1車位2,四層,二十三層,住宅大樓(11層含以上有電梯),住家用,鋼筋混凝土造,1140828,268.08000000000004,3,2,2,有,有,28780000,121206,坡道平面,64.46,4100000,,RPQOMLSLPHLGFBB58DA,83.93,0.0,8.41,有,
北區,房地(土地+建物)+車位,臺中市北區漢口路四段３６之１５號,262.9,都市：其他:第三種住宅區。,,,1150520,土地7建物1車位4,全,四層,透天厝,住家用,鋼筋混凝土造,0780203,403.85,5,3,4,有,有,19000000,47047,坡道平面,0.0,0,親友、員工、共有人或其他特殊關係間之交易；,RPSNMLPJQHLGFBB28DA,385.36,10.08,8.41,無,
南屯區,房地(土地+建物)+車位,臺中市南屯區大進街６６９號七樓,26.04,都市：其他:第二種住宅區,,,1150511,土地1建物1車位1,七層,八層,華廈(10層含以下有電梯),住家用,鋼筋混凝土造,0820331,151.7,3,2,2,有,有,11250000,74160,坡道機械,0.0,0,其他增建；,RPTNMLQLOHLGFCB58DA,106.76,0.0,12.47,有,
西屯區,房地(土地+建物),臺中市西屯區至善路２４２號四樓之７,2.67,都市：其他:第二種住宅區,,,1150527,土地1建物1車位0,四層,十四層,住宅大樓(11層含以上有電梯),住家用,鋼筋混凝土造,0870428,29.5,1,0,1,有,有,3300000,111864,,0.0,0,,RPRQMLRJPHLGFCB68DA,15.57,0.0,2.63,有,
西屯區,房地(土地+建物),臺中市西屯區上石路３８巷１９號,76.0,都市：其他:第二種住宅區,,,1150525,土地1建物1車位0,全,二層,透天厝,住家用,鐵筋加強磚造,0610601,81.9,4,2,2,有,無,13350000,163004,,0.0,0,,RPUNMLLMPHLGFCB38DA,81.9,0.0,0.0,無,
東勢區,土地,石圍墻二段719地號,2617.74,,山坡地保育區,農牧用地,1150518,土地2建物0車位0,,,其他,,,,0.0,0,0,0,無,無,14300000,5463,,0.0,0,,RPQNMLNKPHLGFGB38DA,0.0,0.0,0.0,無,
太平區,房地(土地+建物),臺中市太平區建和路一段２２巷８號,86.42,都市：其他:住宅區,,,1150530,土地2建物1車位0,全,三層,透天厝,住家用,鋼筋混凝土造,1011106,249.67999999999998,4,3,3,有,有,26600000,106536,,0.0,0,其他增建；,RPPOMLQLOHLGFJB98DA,219.23,0.0,0.0,無,
太平區,房地(土地+建物),臺中市太平區大興路５８１號,78.1,,鄉村區,乙種建築用地,1150527,土地1建物1車位0,全,二層,透天厝,住家用,加強磚造,0660130,92.9,4,2,3,有,無,7550000,81270,,0.0,0,其他增建；,RPSOMLOJQHLGFJB09DA,92.9,0.0,0.0,無,
西區,房地(土地+建物),臺中市西區五權路２－７２巷６號,106.39,都市：其他:第一種商業區,,,1150529,土地4建物1車位0,全,二層,透天厝,住家用,鐵筋加強磚,0570523,72.68,3,1,2,有,無,16000000,220143,,0.0,0,,RPQOMLTJPHLGFAB38DA,72.68,0.0,0.0,無,
南區,土地,頂橋子頭段115-27地號,106.0,都市：其他:第一種商業區,,,1150530,土地1建物0車位0,,,其他,,,,0.0,0,0,0,無,無,9619500,90750,,0.0,0,,RPPNMLQKPHLGFAB97DA,0.0,0.0,0.0,無,
北屯區,房地(土地+建物)+車位,臺中市北屯區遼寧路一段２８號九樓之２,25.04,都市：其他:第二種住宅區,,,1150526,土地1建物1車位1,九層,十四層,住宅大樓(11層含以上有電梯),住家用,鋼筋混凝土造,1080717,160.65,3,2,2,有,有,17300000,107688,坡道平面,40.12,0,,RPROMLNLOHLGFBB08DA,72.28,0.0,9.5,有,0207
北屯區,房地(土地+建物)+車位,臺中市北屯區軍福九路６２７號二樓之６,14.99,都市：其他:第三種住宅區。,,,1150530,土地1建物1車位1,二層,六層,華廈(10層含以下有電梯),住家用,鋼筋混凝土造,1140715,69.69,1,2,1,有,有,9300000,133448,升降機械,9.92,0,土地價格為4185000元整；建物價格為5115000元整。,RPPUMLNLPHLGFBB58DA,35.3,0.0,3.14,有,
西屯區,房地(土地+建物)+車位,臺中市西屯區西屯路三段１６６之１００號二十樓之１２,11.88,都市：其他:第六種住宅區,,,1150527,土地1建物1車位1,二十層,二十一層,住宅大樓(11層含以上有電梯),住家用,鋼筋混凝土造,1031119,136.05,2,2,2,有,有,15400000,113194,坡道平面,39.74,0,其他增建；,RPUNMLQJQHLGFCB68DA,55.93,2.39,5.48,有,0208
豐原區,房地(土地+建物)+車位,臺中市豐原區鎌村路１０７巷６３號五樓之５,32.04,,特定農業區,甲種建築用地,1150526,土地2建物1車位1,五層,五層,華廈(10層含以下有電梯),住家用,鋼筋混凝土造,1150324,93.06,2,1,2,有,無,10800000,111996,一樓平面,12.7,1800000,,RPTOMLSLPHLGFDB09DA,52.22,0.0,8.29,有,
烏日區,房地(土地+建物)+車位,臺中市烏日區健行路８０２號八樓之２,33.42,都市：其他:第二種住宅區,,,1150526,土地1建物1車位1,八層,十四層,住宅大樓(11層含以上有電梯),住家用,鋼筋混凝土造,1091029,152.17000000000002,3,2,2,有,有,13300000,87402,坡道平面,30.18,0,,RPRNMLNJPHLGFIB58DA,71.59,1.96,9.67,有,0209
霧峰區,土地,北柳南段1167地號,3525.17,,特定農業區,農牧用地,1150531,土地1建物0車位0,,,其他,,,,0.0,0,0,0,無,無,29000000,8227,,0.0,0,農作物；,RPXNMLOJQHLGFIB76DA,0.0,0.0,0.0,無,
太平區,房地(土地+建物)+車位,臺中市太平區立智街９６號九樓之１,23.54,都市：其他:商業區,,,1150519,土地1建物1車位1,九層,十四層,住宅大樓(11層含以上有電梯),住家用,鋼筋混凝土造,1030829,221.93,4,2,2,有,有,17880000,80566,坡道平面,28.84,0,,RPRNMLOKPHLGFJB88DA,116.2,2.76,13.24,有,0210
西區,土地,東昇段三小段2-48地號,29.0,都市：其他:第二種住宅區,,,1150520,土地1建物0車位0,,,其他,,,,0.0,0,0,0,無,無,3121125,107625,,0.0,0,包含公共設施保留地用地；,RPSOMLRJPHLGFAB38DA,0.0,0.0,0.0,無,0211
北屯區,房地(土地+建物)+車位,臺中市北屯區環太東路５１９號四樓之６,19.41,都市：其他:第三種住宅區。,,,1150514,土地1建物1車位1,四層,十五層,住宅大樓(11層含以上有電梯),住家用,鋼筋混凝土造,1110425,123.86,2,2,1,有,有,9950000,80333,坡道平面,24.59,0,,RPPNMLLKQHLGFBB67DA,58.84,0.0,7.05,有,0212
南屯區,房地(土地+建物),臺中市南屯區向上南路一段２８０號十七樓,9.53,都市：其他:第三種住宅區。,,,1150506,土地1建物1車位0,十七層,二十三層,住宅大樓(11層含以上有電梯),住家用,鋼筋混凝土造,0831108,128.02,3,2,2,有,有,13500000,105452,,0.0,0,,RPWNMLKKOHLGFCB18DA,80.29,2.01,12.04,有,0213
西屯區,房地(土地+建物)+車位,臺中市西屯區福裕路８９號十二樓之１,48.08,都市：其他:第一之B種住宅區,,,1150514,土地2建物1車位1,十二層,二十一層,住宅大樓(11層含以上有電梯),住家用,鋼筋混凝土造,1060629,260.9,3,2,2,有,有,30600000,117286,坡道平面,43.4,0,,RPPPMLOLPHLGFCB28DA,124.1,5.32,15.08,有,0214
南屯區,車位,臺中市南屯區龍富路五段２８號二樓之１等公共設施,0.0,,,,1150519,土地0建物1車位1,,,其他,,,,29.35,0,0,0,無,有,2000000,,坡道平面,29.35,2000000,建物坐落地號：三富段82地號；僅車位交易；,RPQNMLTLPHLGFCB68DA,0.0,0.0,0.0,有,0053
大雅區,房地(土地+建物),臺中市大雅區中和七路７３號,133.93,都市：其他:農業區,,,1150529,土地2建物1車位0,全,三層,透天厝,住家用,鋼筋混凝土造,0800503,179.05,4,2,3,有,無,17500000,97738,,0.0,0,後方空地比增建廚房，前後採光罩。頂樓加蓋；其他增建；,RPRNMLRJQHLGFHB98DA,170.65,0.0,8.4,無,
外埔區,房地(土地+建物),臺中市外埔區甲后路三段６９５巷２９號,35.55,,特定農業區,甲種建築用地,1150510,土地2建物1車位0,一層,七層,華廈(10層含以下有電梯),住家用,鋼筋混凝土造,1081230,105.98,2,2,2,有,有,8300000,78317,,0.0,0,其他增建；,RPPNMLRJQHLGFEB58EA,78.47,0.0,8.71,有,0216
東勢區,土地,茅埔西段12地號,233.02,,特定農業區,農牧用地,1150522,土地5建物0車位0,,,其他,,,,0.0,0,0,0,無,無,173475,744,,0.0,0,茅埔西段10、12地號交易單價每平方公尺310元；東勢段中嵙小段350地號交易單價每平方公尺400元；東崎一段166、167地號交易單價每平方公尺5600元地清或未辦繼承標售；,RPPNMLMKQHLGFGB38EA,0.0,0.0,0.0,無,
南區,房地(土地+建物)+車位,臺中市南區國光路２１８號３樓之２,16.79,都市：其他:第二種住宅區,,,1150514,土地2建物1車位1,三層,十二層,住宅大樓(11層含以上有電梯),住家用,鋼筋混凝土造,0801115,180.95,6,0,6,有,有,12900000,71294,坡道機械,0.0,0,親友、員工、共有人或其他特殊關係間之交易；,RPUNMLQJQHLGFAB48DA,121.95,1.86,18.63,有,0217
北屯區,房地(土地+建物),臺中市北屯區昌平二街２３號,238.32,都市：其他:第一種住宅區,,,1150526,土地1建物1車位0,全,二層,透天厝,住家用,鋼筋混凝土造,1031105,245.62,3,3,3,有,無,62000000,252422,,0.0,0,其他增建；,RPSNMLLKOHLGFBB77DA,225.83,0.0,19.79,無,
北屯區,土地,松觀段337地號,102.0,都市：其他:綠地綠帶,,,1150518,土地1建物0車位0,,,其他,,,,0.0,0,0,0,無,無,20142940,197480,,0.0,0,包含公共設施保留地用地；,RPPOMLRJPHLGFBB18DA,0.0,0.0,0.0,無,0218
北屯區,土地,青萍段509地號,281.0,都市：其他:第二種住宅區,,,1150518,土地1建物0車位0,,,其他,,,,0.0,0,0,0,無,無,30802630,109618,,0.0,0,包含公共設施保留地用地；,RPROMLRJPHLGFBB38DA,0.0,0.0,0.0,無,
北區,房地(土地+建物),臺中市北區漢口路四段３１０號,93.0,都市：其他:第二種住宅區,,,1150520,土地2建物1車位0,全,三層,透天厝,住商用,鋼筋混凝土造,0681122,215.4,4,2,3,有,無,31500000,146240,,0.0,0,鐵皮屋頂增建、一樓增建沿著加蓋頂樓加蓋；其他增建；,RPSNMLKMPHLGFBB97DA,215.4,0.0,0.0,無,
南屯區,房地(土地+建物),臺中市南屯區公益路二段６０８號十八樓之３,11.18,都市：其他:第三種住宅區。,,,1150523,土地1建物1車位0,十八層,二十五層,住宅大樓(11層含以上有電梯),住家用,鋼筋混凝土造,0860715,156.18,3,2,1,有,有,13380000,85670,,0.0,0,,RPQNMLNLNHLGFCB87DA,105.12,0.0,13.44,有,
南屯區,房地(土地+建物),臺中市南屯區龍德路一段１３６之５號,103.57,都市：其他:第一之B種住宅區,,,1150520,土地2建物1車位0,全,四層,透天厝,住家用,鋼筋混凝土造,1140310,257.11999999999995,5,2,3,有,有,39000000,151680,,0.0,0,毛胚屋；,RPRNMLKMOHLGFCB87DA,234.77,0.0,21.51,有,0219
西屯區,房地(土地+建物)+車位,臺中市西屯區櫻城一街１５６號二十樓之５,27.18,都市：其他:第二種住宅區,,,1150503,土地2建物1車位2,二十層,二十三層,住宅大樓(11層含以上有電梯),住家用,鋼筋混凝土造,1131121,193.25,3,2,2,有,有,29000000,150065,坡道平面,47.38,0,,RPTOMLOLPHLGFCB58DA,87.29,0.0,8.87,有,0220
大肚區,土地,文昌段1622-1地號,1122.0,都市：其他:農業區,,,1150511,土地1建物0車位0,,,其他,,,,0.0,0,0,0,無,無,16970000,15125,,0.0,0,親友、員工、共有人或其他特殊關係間之交易；,RPWNMLQKPHLGFKB07DA,0.0,0.0,0.0,無,
西區,土地,土庫段33-257地號,25.5,都市：其他:道路用地,,,1150518,土地2建物0車位0,,,其他,,,,0.0,0,0,0,無,無,2484111,97416,,0.0,0,包含公共設施保留地用地；,RPPNMLSJPHLGFAB08DA,0.0,0.0,0.0,無,0221
南區,房地(土地+建物)+車位,臺中市南區福田二街１８２號十五樓之２,24.56,都市：其他:第三種住宅區。,,,1150516,土地2建物1車位1,十五層,十五層,住宅大樓(11層含以上有電梯),住家用,鋼筋混凝土造,1150516,160.51999999999998,3,2,2,有,有,22350000,152163,坡道平面,27.11,2050000,預售屋、或土地及建物分件登記案件；,RPRSMLLLPHLGFAB28DA,80.4,0.0,7.51,有,
東區,房地(土地+建物),臺中市東區東英路４９５號,60.66,都市：其他:第一種商業區,,,1150514,土地3建物1車位0,全,四層,透天厝,住商用,鋼筋混凝土造,0861104,273.47,4,3,3,有,有,18330000,67027,,0.0,0,頂樓加蓋；,RPXQMLOLPHLGFAB98DA,199.58,1.94,15.06,無,
北屯區,房地(土地+建物)+車位,臺中市北屯區安順東二街１１號５樓,17.76,都市：其他:第二種住宅區,,,1150528,土地1建物1車位1,五層,十一層,住宅大樓(11層含以上有電梯),住家用,鋼筋混凝土造,0811124,135.03,3,2,2,有,有,10500000,77760,坡道機械,0.0,800000,陽台外推；其他增建；,RPSOMLSLNHLGFBB58DA,92.01,0.0,10.29,有,
神岡區,房地(土地+建物),臺中市神岡區中車路１３之１０號,85.41,,特定農業區,丁種建築用地,1150518,土地2建物1車位0,全,二層,透天厝,工業用,鋼骨混凝土造,0841002,103.83,4,3,4,有,無,4000000,38525,,0.0,0,親友、員工、共有人或其他特殊關係間之交易；,RPWNMLKKQHLGFDB48DA,97.17,3.33,3.33,無,
大里區,房地(土地+建物),臺中市大里區好來五街１４０巷１３號七樓,41.31,,鄉村區,乙種建築用地,1150531,土地1建物1車位0,七層,七層,華廈(10層含以下有電梯),住家用,鋼筋混凝土造,0821020,138.99,3,2,3,有,有,7700000,55400,,0.0,0,陽台外推；頂樓加蓋；,RPTOMLSLPHLGFIB96DA,88.83,3.95,12.84,有,
西區,房地(土地+建物)+車位,臺中市西區館前路７１號二十三樓,34.91,都市：其他:第二之一種商業區,,,1150510,土地1建物1車位3,二十三層,三十五層,住宅大樓(11層含以上有電梯),住家用,鋼骨造、鋼筋混凝土造、鋼骨鋼筋混凝土造,1120928,427.36,0,0,0,無,有,91880000,280149,坡道平面,120.63,5950000,特殊交易情況、條件:樣品屋跨所案件，另有基地為北區乾溝子段183-9地號持分480/100000，持分面積約為6.49平方公尺 車位總價無法拆分個別車位價格。,RPUNMLNKPHLGFAB18DA,182.61,0.0,18.65,有,
中區,房地(土地+建物)+車位,臺中市中區民權路１８０號十二樓之１,13.92,都市：其他:第二種商業區,,,1150520,土地2建物1車位1,十二層,十二層,住宅大樓(11層含以上有電梯),住家用,鋼筋混凝土造,1150524,134.63,3,2,2,有,有,18880000,155390,坡道平面,26.0,2000000,預售屋、或土地及建物分件登記案件；,RPRQMLKKQHLGFAB97DA,63.8,0.0,8.37,有,
西屯區,房地(土地+建物)+車位,臺中市西屯區國安一路２２９號十八樓之９,16.44,都市：其他:第六種住宅區,,,1150531,土地1建物1車位1,十八層,二十一層,住宅大樓(11層含以上有電梯),住家用,鋼筋混凝土造,1031113,175.67000000000002,3,2,2,有,有,19450000,110719,坡道平面,40.26,0,,RPPOMLPJOHLGFCB97DA,77.09,3.81,8.82,有,
南屯區,房地(土地+建物)+車位,臺中市南屯區文心路一段１號七樓之８,8.31,都市：其他:第四種商業區,,,1150530,土地1建物1車位1,七層,二十四層,住宅大樓(11層含以上有電梯),住家用,鋼筋混凝土造,1120419,110.02000000000001,2,1,1,有,有,15390000,139884,坡道機械,14.73,0,,RPWPMLPJQHLGFCB98DA,54.9,3.74,4.62,有,0222
豐原區,房地(土地+建物)+車位,臺中市豐原區育英路９４號,30.34,都市：其他:第二種住宅區,,,1150503,土地2建物1車位1,一層，二層，騎樓，夾層,十二層,住宅大樓(11層含以上有電梯),住商用,鋼筋混凝土造,0830627,181.57,3,3,3,有,有,13150000,72424,坡道機械,0.0,0,其他增建；,RPPNMLSLPHLGFDB58DA,126.77,8.7,4.42,有,
豐原區,房地(土地+建物)+車位,臺中市豐原區豐南街２４０巷２２之１號,36.95,都市：其他:第二種住宅區,,,1150529,土地1建物1車位1,一層,十一層,住宅大樓(11層含以上有電梯),住家用,鋼筋混凝土造,1100104,154.35,2,2,2,有,有,15350000,125948,坡道平面,43.59,1400000,,RPPOMLNKQHLGFDB18DA,64.43,0.0,11.43,有,
太平區,房地(土地+建物),臺中市太平區中源街２巷６號,73.1,,鄉村區,乙種建築用地,1150527,土地1建物1車位0,全,四層,透天厝,住家用,鋼筋混凝土造,0810120,184.66,5,2,3,有,有,10200000,55237,,0.0,0,頂樓加蓋；其他增建；,RPVNMLNJOHLGFJB98DA,156.87,11.69,16.1,無,
中區,房地(土地+建物),臺中市中區大誠街３５號,186.0,都市：其他:第二種商業區,,,1150529,土地2建物1車位0,全,三層,透天厝,商業用,鋼骨ＲＣ造,0950907,310.08,2,2,2,有,無,52000000,167699,,0.0,0,其他增建：頂樓、一樓增建沿著加蓋。其他增建；,RPUOMLLKOHLGFAB97DA,286.76,7.96,15.36,無,
北屯區,房地(土地+建物),臺中市北屯區安順東九街３８號,65.0,都市：其他:第二種住宅區,,,1150529,土地1建物1車位0,全,三層,透天厝,住商用,鋼筋混凝土造,0760407,205.1,4,3,4,有,無,18000000,87762,,0.0,0,頂樓加蓋；其他增建；,RPRRMLMKQHLGFBB38DA,195.78,9.32,0.0,無,0223
西屯區,房地(土地+建物)+車位,臺中市西屯區青海路二段４０８號十三樓之５,17.89,都市：其他:第二種住宅區,,,1150530,土地2建物1車位1,十三層,十五層,住宅大樓(11層含以上有電梯),住家用,鋼筋混凝土造,1090619,121.63,2,2,1,有,有,18380000,151114,坡道平面,31.86,0,,RPVOMLPLOHLGFCB78DA,54.08,0.0,7.82,有,0224
南屯區,房地(土地+建物),臺中市南屯區永春東七路５５０號四樓之１,24.38,都市：其他:第一之一種住宅區,,,1150511,土地2建物1車位0,四層,十五層,住宅大樓(11層含以上有電梯),住家用,鋼筋混凝土造,1140831,199.49,4,2,2,有,有,37580000,188380,,0.0,0,,RPRNMLLMPHLGFCB08DA,118.95,0.0,12.74,有,
南屯區,房地(土地+建物)+車位,臺中市南屯區永春東七路５５２號十三樓之３,27.69,都市：其他:第一之一種住宅區,,,1150511,土地2建物1車位2,十三層,十五層,住宅大樓(11層含以上有電梯),住家用,鋼筋混凝土造,1140831,287.46,4,2,3,有,有,49800000,196701,坡道平面,60.72,5200000,,RPTNMLLMPHLGFCB28DA,138.17,0.0,11.47,有,
烏日區,房地(土地+建物)+車位,臺中市烏日區環河路五段１１６號七樓之２,32.91,都市：其他:商業區,,,1150525,土地1建物1車位2,七層,二十五層,住宅大樓(11層含以上有電梯),住家用,鋼筋混凝土造,1060925,269.89,3,2,2,有,有,27500000,101893,坡道平面,62.08,0,,RPPNMLRKOHLGFIB78DA,116.0,7.95,15.35,有,0225
南區,房地(土地+建物)+車位,臺中市南區復興路二段７１巷７７弄５６號,23.26,都市：其他:第二種住宅區,,,1150516,土地1建物1車位1,一層，二層，三層，騎樓,十二層,住宅大樓(11層含以上有電梯),住商用,鋼筋混凝土造,0830825,211.63,3,3,3,有,有,11880000,56136,坡道機械,0.0,800000,其他增建；,RPQNMLQKNHLGFAB87DA,147.82,6.05,12.1,有,
北屯區,房地(土地+建物)+車位,臺中市北屯區河北西街８８號九樓之２,14.43,都市：其他:第二種商業區,,,1150516,土地1建物1車位1,九層,十五層,住宅大樓(11層含以上有電梯),住家用,鋼筋混凝土造,1081121,158.85,2,2,2,有,有,19500000,122757,坡道平面,35.83,0,,RPOPMLRLNHLGFBB18DA,76.0,0.0,7.57,有,
北屯區,房地(土地+建物),臺中市北屯區安順東三街２９之５號,9.71,都市：其他:第二種住宅區,,,1150509,土地1建物1車位0,一層,七層,華廈(10層含以下有電梯),商業用,鋼筋混凝土造,0801115,53.42,1,1,1,有,有,6000000,112317,,0.0,0,,RPPQMLNJOHLGFBB87DA,40.98,4.51,0.0,有,
北屯區,房地(土地+建物)+車位,臺中市北屯區九龍街９９號８樓之２,20.12,都市：其他:第二種商業區,,,1150529,土地1建物1車位1,八層,九層,華廈(10層含以下有電梯),住家用,鋼筋混凝土造,0880430,142.88,3,2,2,有,有,11000000,76988,坡道平面,0.0,0,,RPRRMLOLPHLGFBB58DA,80.33,2.17,10.31,有,
北屯區,房地(土地+建物)+車位,臺中市北屯區昌平路二段５０之６巷５１號,20.75,都市：其他:第一種商業區,,,1150526,土地4建物1車位1,一層,十五層,住宅大樓(11層含以上有電梯),商業用,鋼筋混凝土造,1130513,137.09,0,0,0,無,有,14680000,107083,坡道平面,27.43,0,,RPUPMLLKQHLGFBB38DA,73.61,0.0,0.0,有,
北屯區,房地(土地+建物)+車位,臺中市北屯區昌平路二段５０之６巷５３號,21.9,都市：其他:第一種商業區,,,1150526,土地4建物1車位1,一層,十五層,住宅大樓(11層含以上有電梯),商業用,鋼筋混凝土造,1130513,145.07,0,0,0,無,有,15180000,104639,坡道平面,27.43,0,,RPVPMLLKQHLGFBB48DA,78.91,0.0,0.0,有,
北區,房地(土地+建物),臺中市北區雙十路二段７５巷３之１號,31.48,都市：其他:第二種住宅區,,,1150531,土地2建物1車位0,二層,五層,公寓(5樓含以下無電梯),住家用,鋼筋混凝土造,0701104,109.19,3,2,2,有,無,6450000,59071,,0.0,0,其他增建：鐵鋁窗、雙方合意原成交價為670萬元，因主臥浴廁馬桶滲水等屋況問題，賣方減價貳拾伍萬元。其他增建；,RPPTMLNKQHLGFBB48DA,98.03,0.0,11.16,無,
西屯區,房地(土地+建物)+車位,臺中市西屯區文心路二段５６６之１５號二十二樓之２,9.64,都市：其他:第三種住宅區。,,,1150525,土地1建物1車位1,二十二層,二十三層,住宅大樓(11層含以上有電梯),住家用,鋼筋混凝土造,0941110,157.93,3,2,2,有,有,18200000,115241,坡道平面,15.03,0,陽台外推；,RPROMLPJOHLGFCB18DA,85.39,3.44,8.66,有,
南屯區,土地,保安段1008-1地號,166.0,都市：其他:學校用地,,,1150518,土地1建物0車位0,,,其他,,,,0.0,0,0,0,無,無,20288520,122220,,0.0,0,包含公共設施保留地用地；,RPPQMLRJPHLGFCB48DA,0.0,0.0,0.0,無,
南屯區,房地(土地+建物),臺中市南屯區干城街２４３巷１弄１３號,62.0,都市：其他:第二種住宅區,,,1150524,土地1建物1車位0,全,二層,透天厝,住家用,加強磚造,0640806,76.5,3,2,2,有,無,15420000,201569,,0.0,0,陽台外推；其他增建；,RPROMLNKPHLGFCB18DA,76.5,0.0,0.0,無,
西屯區,房地(土地+建物)+車位,臺中市西屯區中康街７號二樓之６,18.86,都市：其他:第二種住宅區,,,1150528,土地2建物1車位1,二層,二十一層,住宅大樓(11層含以上有電梯),住家用,鋼筋混凝土造,1130321,136.26999999999998,2,2,2,有,有,13400000,98334,坡道平面,32.7,0,,RPQPMLPJQHLGFCB38DA,64.11,0.0,4.1,有,
南屯區,房地(土地+建物),臺中市南屯區黎明路一段２４２巷２０號七樓,16.14,都市：其他:第二之二種住宅區,,,1150523,土地1建物1車位0,七層,七層,華廈(10層含以下有電梯),住家用,鋼筋混凝土造,0840929,105.58,3,2,2,有,有,7000000,66300,,0.0,0,,RPRNMLQJQHLGFCB38DA,77.72,0.0,7.86,有,
南屯區,房地(土地+建物)+車位,臺中市南屯區大業路３７９之１號六樓之２,21.82,都市：其他:第三種住宅區。,,,1150528,土地2建物1車位2,六層,二十一層,住宅大樓(11層含以上有電梯),住家用,鋼筋混凝土造,1131009,265.75,3,2,2,有,有,35680000,161230,坡道平面,68.02,3800000,,RPWNMLMKQHLGFCB58DA,112.81,2.46,13.77,有,
西屯區,土地,文商段39地號,3982.18,都市：其他:第二種文化商業專用區,,,1150529,土地2建物0車位0,,,其他,,,,0.0,0,0,0,無,無,3710627513,931808,,0.0,0,,RPVNMLPKQHLGFCB78DA,0.0,0.0,0.0,無,
大肚區,房地(土地+建物)+車位,臺中市大肚區遊園路二段１９０之６號二樓之２,20.13,,鄉村區,乙種建築用地,1150428,土地1建物1車位1,二層,九層,華廈(10層含以下有電梯),住家用,鋼筋混凝土造,1140519,102.79,2,1,1,有,有,14390000,155712,坡道平面,23.22,2000000,,RPUNMLKMPHLGFKB09DA,46.29,0.0,4.23,有,
西屯區,土地,惠來厝段2地號,39.83,都市：其他:第三之二種住宅區,,,1150415,土地1建物0車位0,,,其他,,,,0.0,0,0,0,無,無,2974529,74681,,0.0,0,地清或未辦繼承標售；,RPPNMLRJQHLGFCB38EA,0.0,0.0,0.0,無,0226
大安區,土地,新南埔段936地號,13.87,,特定農業區,農牧用地,1150409,土地1建物0車位0,,,其他,,,,0.0,0,0,0,無,無,15600,1125,,0.0,0,地清或未辦繼承標售；,RPPNMLKKQHLGFEB97EA,0.0,0.0,0.0,無,
大安區,土地,新南埔段937地號,50.67,,特定農業區,農牧用地,1150409,土地1建物0車位0,,,其他,,,,0.0,0,0,0,無,無,56000,1105,,0.0,0,地清或未辦繼承標售；,SPPNMLKKQHLGFEB08EA,0.0,0.0,0.0,無,
北屯區,房地(土地+建物)+車位,臺中市北屯區松竹五路一段２０１號三樓之１,36.25,都市：其他:第一之一種住宅區,,,1150412,土地1建物1車位1,三層,十二層,住宅大樓(11層含以上有電梯),住家用,鋼筋混凝土造,1091119,140.38,2,2,2,有,有,17000000,121100,坡道平面,29.1,0,其他增建；,RPVNMLOJQHLGFBB48DA,67.91,0.0,5.35,有,0227
北屯區,房地(土地+建物),臺中市北屯區三光一街７號１１樓之２,6.29,都市：其他:第二種住宅區,,,1150427,土地1建物1車位0,十一層,十四層,住宅大樓(11層含以上有電梯),住家用,鋼筋混凝土造,0850610,60.75,2,1,1,有,有,5200000,85597,,0.0,0,,RPXNMLRJQHLGFBB98DA,35.11,0.75,8.18,有,0228
西屯區,房地(土地+建物)+車位,臺中市西屯區上明一街５２號八樓之１,11.75,都市：其他:第二種住宅區,,,1150428,土地1建物1車位1,八層,八層,華廈(10層含以下有電梯),住家用,鋼筋混凝土造,0850709,131.6,3,2,3,有,有,12200000,92705,坡道平面,0.0,0,,RPUPMLLLPHLGFCB48DA,31.07,52.48,6.68,有,0229
北區,房地(土地+建物)+車位,臺中市北區華美街二段２２６號１２樓之２,10.09,都市：其他:第二種住宅區,,,1150411,土地1建物1車位1,十二層,十四層,住宅大樓(11層含以上有電梯),住家用,鋼筋混凝土造,0850209,116.93,3,2,2,有,有,9350000,79962,升降機械,0.0,0,陽台外推；,RPUPNLMLOHLGFBB48DA,67.21,1.97,13.13,有,
西屯區,房地(土地+建物)+車位,臺中市西屯區漢翔路１３５號五樓之３,18.03,都市：其他:第二種住宅區,,,1150430,土地2建物1車位1,五層,十二層,住宅大樓(11層含以上有電梯),住家用,鋼筋混凝土造,1100122,118.69,2,2,1,有,有,10300000,86781,坡道平面,33.42,0,親友、員工、共有人或其他特殊關係間之交易；,RPOPMLTJOHLGFCB38DA,48.36,2.22,4.81,有,0230
南屯區,車位,臺中市南屯區龍富路五段２８號二樓之１等公共設施,0.0,,,,1150428,土地0建物1車位1,,,其他,,,,29.35,0,0,0,無,有,2400000,,坡道平面,29.35,2400000,建物坐落地號：三富段82地號；僅車位交易；,RPUNMLTLPHLGFCB09DA,0.0,0.0,0.0,有,0053
大里區,房地(土地+建物),臺中市大里區新南路５３之２號,31.06,都市：其他:住宅區,,,1150430,土地2建物1車位0,二層,五層,公寓(5樓含以下無電梯),住家用,鋼筋混凝土造,0690105,86.22,3,2,1,有,無,4700000,54512,,0.0,0,其他增建；,RPWNMLKKQHLGFIB98DA,86.22,0.0,0.0,無,
南區,房地(土地+建物)+車位,臺中市南區福田二街１７２號三樓之３,23.14,都市：其他:第三種住宅區。,,,1150425,土地2建物1車位1,三層,十五層,住宅大樓(11層含以上有電梯),住家用,鋼筋混凝土造,1150516,152.95999999999998,3,2,2,有,有,19280000,138101,坡道平面,27.11,1900000,115年6月14日權利讓渡預售屋、或土地及建物分件登記案件；,RPSNMLLLPHLGFAB87DA,76.02,0.0,6.86,有,
北區,房地(土地+建物)+車位,臺中市北區三民路三段２６５號四樓之６,26.52,都市：其他:第二種住宅區,,,1150401,土地2建物1車位1,四層,十四層,住宅大樓(11層含以上有電梯),住家用,鋼筋混凝土造,0910322,232.60000000000002,6,4,3,有,有,21000000,90284,坡道平面,26.57,0,,RPVPMLSLPHLGFBB56DA,133.31,0.0,16.8,有,0232
潭子區,房地(土地+建物),臺中市潭子區潭興路二段１６９巷３４號,59.38,都市：其他:第一之二種住宅區,,,1150426,土地1建物1車位0,全,二層,透天厝,住家用,加強磚造,0640125,57.15,3,1,1,有,無,7000000,122485,,0.0,0,親友、員工、共有人或其他特殊關係間之交易；,RPXNMLLKQHLGFHB09DA,57.15,0.0,0.0,無,
霧峰區,房地(土地+建物),臺中市霧峰區柳豐路８５巷２６號,57.54,,鄉村區,乙種建築用地,1150422,土地1建物1車位0,全,二層,透天厝,住家用,加強磚造,0701030,87.94,4,2,2,有,無,5200000,59131,,0.0,0,頂樓加蓋；其他增建；,RPXNMLKKQHLGFIB09DA,82.01,0.0,5.93,無,
西區,房地(土地+建物)+車位,臺中市西區館前路６３號三十五樓,56.73,都市：其他:第二之一種商業區,,,1150423,土地1建物1車位4,三十五層,三十五層,住宅大樓(11層含以上有電梯),住家用,鋼骨造、鋼筋混凝土造、鋼骨鋼筋混凝土造,1120928,672.4100000000001,0,0,0,無,有,139280000,248021,坡道平面,160.84,12400000,跨所案件，另有基地為北區乾溝子段183-9地號持分780/100000，持分面積約為10.55平方公尺 車位總價無法拆分個別車位價格。毛胚屋；,RPQTMLLLPHLGFAB28DA,292.06,0.0,43.04,有,
東區,房地(土地+建物)+車位,臺中市東區福昌街３５號十四樓之３,23.71,都市：其他:第二種住宅區,,,1150421,土地1建物1車位1,十四層,十五層,住宅大樓(11層含以上有電梯),住家用,鋼筋混凝土造,1120810,152.86,3,2,2,有,有,17500000,114484,坡道平面,30.29,0,,RPTNMLNLPHLGFAB18DA,73.08,0.0,9.84,有,0233
北屯區,房地(土地+建物),臺中市北屯區熱河路三段５４巷１４號,75.0,都市：其他:第二種住宅區,,,1150420,土地1建物1車位0,全,二層,透天厝,住家用,鋼筋混凝土造,0730407,134.46,3,3,2,有,無,13000000,96683,,0.0,0,公契與私契權利人不一。頂樓加蓋；夾層；其他增建；,RPXVMLNLPHLGFBB86DA,108.47,20.29,5.7,無,
西屯區,房地(土地+建物),臺中市西屯區玉門路２５３號三樓之５,29.08,都市：其他:第六種住宅區,,,1150421,土地1建物1車位0,三層,十二層,住宅大樓(11層含以上有電梯),住家用,鋼筋混凝土造,0850615,138.23000000000002,3,2,2,有,有,10500000,75960,,0.0,0,,RPUOMLLMPHLGFCB48DA,80.31,1.41,7.67,有,0234
豐原區,房地(土地+建物),臺中市豐原區隆豐街２８巷２５弄９號,73.49,都市：其他:第二種住宅區,,,1150423,土地1建物1車位0,全,三層,透天厝,住家用,鋼筋混凝土造,0780324,170.4,3,3,4,有,無,15200000,89202,,0.0,0,頂樓加蓋；其他增建；,RPUNMLOKPHLGFDB58DA,163.2,0.0,7.2,無,
龍井區,房地(土地+建物)+車位,臺中市龍井區遊園北路２０８巷１６號六樓之８,19.99,都市：其他:第三種住宅區。,,,1150402,土地1建物1車位1,六層,八層,華廈(10層含以下有電梯),住家用,鋼筋混凝土造,1150130,116.58,2,1,1,有,有,10680000,113035,坡道平面,38.02,1800000,預售屋、或土地及建物分件登記案件；,RPTNMLLMPHLGFKB09DA,46.52,0.0,3.03,有,
東區,房地(土地+建物)+車位,臺中市東區樂業二路９２號十一樓之１９,10.59,都市：其他:第三之一種商業區,,,1150410,土地1建物1車位1,十一層,二十八層,住宅大樓(11層含以上有電梯),辦公用,鋼筋混凝土造,1140521,134.25,1,0,1,有,有,18020000,149646,坡道平面,29.87,2400000,,RPWOMLNKQHLGFAB58DA,57.19,0.0,6.24,有,
東區,房地(土地+建物)+車位,臺中市東區樂業二路９２號十六樓之１９,10.59,都市：其他:第三之一種商業區,,,1150410,土地1建物1車位1,十六層,二十八層,住宅大樓(11層含以上有電梯),辦公用,鋼筋混凝土造,1140521,134.25,1,0,1,有,有,18410000,152903,坡道平面,29.87,2450000,,RPXOMLNKQHLGFAB68DA,57.19,0.0,6.24,有,
潭子區,土地,新潭段908地號,2515.01,,特定農業區,農牧用地,1150430,土地1建物0車位0,,,其他,,,,0.0,0,0,0,無,無,80000000,31809,,0.0,0,未登記建物；,RPQNMLNKPHLGFHB48DA,0.0,0.0,0.0,無,
大甲區,房地(土地+建物)+車位,臺中市大甲區水美街５６號三樓之６,23.48,都市：其他:住宅區,,,1150402,土地1建物1車位2,三層,九層,華廈(10層含以下有電梯),住家用,鋼筋混凝土造,1150603,180.11,2,2,2,有,有,11280000,89903,坡道平面,78.0,2100000,預售屋、或土地及建物分件登記案件；,RPXNMLRJQHLGFEB66DA,61.73,0.0,5.69,有,
大甲區,房地(土地+建物),臺中市大甲區青年路７７號,75.0,,工業區,丁種建築用地,1150420,土地1建物1車位0,全,二層,透天厝,住家用,加強磚造,0690520,112.6,4,1,3,有,無,8000000,71048,,0.0,0,親友、員工、共有人或其他特殊關係間之交易；其他增建；,RPUNMLSKQHLGFEB56DA,112.6,0.0,0.0,無,
龍井區,土地,忠和段2789地號,1128.0,都市：其他:關連工業區,,,1150408,土地3建物0車位0,,,其他,,,,0.0,0,0,0,無,無,34122000,30250,,0.0,0,包含公共設施保留地用地；,RPUNMLNJQHLGFKB56DA,0.0,0.0,0.0,無,
北區,房地(土地+建物),臺中市北區育祥街２６號,110.0,都市：其他:第二之一種商業區,,,1150306,土地1建物1車位0,全,五層,透天厝,住家用,鋼筋混凝土造,1120112,353.82,20,1,20,有,無,62000000,175230,,0.0,0,其他增建:壹樓空地、天井、屋突1+2。本案買賣標的總價款陸仟貳佰萬元整土地貳仟壹佰柒拾萬元整、建物肆仟零參拾萬元整。夾層；其他增建；,RPTOMLLMPHLGFBB28DA,327.73,0.0,26.09,有,
后里區,房地(土地+建物)+車位,臺中市后里區民生路１００號九樓之５,26.17,都市：其他:住宅區,,,1150303,土地1建物1車位1,九層,十三層,住宅大樓(11層含以上有電梯),住家用,鋼筋混凝土造,1150510,147.07999999999998,3,2,2,有,有,16450000,120888,坡道平面,25.48,1750000,預售屋、或土地及建物分件登記案件；,RPSOMLTLPHLGFDB09DA,72.27,0.0,8.0,有,
后里區,房地(土地+建物)+車位,臺中市后里區民生路９８號十樓之３,26.39,都市：其他:住宅區,,,1150315,土地1建物1車位1,十層,十三層,住宅大樓(11層含以上有電梯),住家用,鋼筋混凝土造,1150510,148.07999999999998,3,2,2,有,有,15720000,113540,坡道平面,25.48,1800000,預售屋、或土地及建物分件登記案件；,RPRPMLTLPHLGFDB09DA,76.14,0.0,4.8,有,
后里區,房地(土地+建物)+車位,臺中市后里區民生路９８號十二樓之３,26.39,都市：其他:住宅區,,,1150315,土地1建物1車位1,十二層,十三層,住宅大樓(11層含以上有電梯),住家用,鋼筋混凝土造,1150510,148.07999999999998,3,2,2,有,有,16000000,115416,坡道平面,25.48,1850000,預售屋、或土地及建物分件登記案件；,RPVQMLTLPHLGFDB96DA,76.14,0.0,4.8,有,
沙鹿區,房地(土地+建物),臺中市沙鹿區沙田路２２之７號,87.54,都市：其他:第四種住宅區,,,1150326,土地2建物1車位0,全,五層,透天厝,住商用,鋼筋混凝土造,1130403,312.9,6,3,7,有,無,27500000,87888,,0.0,0,其他增建；,RPPNMLRKPHLGFFB58DA,287.24,0.0,25.66,有,
北屯區,房地(土地+建物),臺中市北屯區東山路二段１００巷９１弄５７號,179.03,都市：其他:特二種住宅區,,,1150329,土地6建物1車位0,全,四層,透天厝,住家用,鋼筋混凝土造,0851109,176.91,4,3,3,有,有,10800000,61048,,0.0,0,增建：天井、一樓空地增建。其他增建；,RPVPNLQJPHLGFBB88DA,151.61,4.02,15.12,無,
西屯區,車位,臺中市西屯區臺灣大道三段５９２號等公共設施,0.0,,,,1150326,土地0建物1車位2,,,其他,,,,26.46,0,0,0,無,無,2000000,,坡道機械,26.46,2000000,建物坐落地號：上石碑段2671地號；僅車位交易；,RPPPMLTKNHLGFCB48DA,0.0,0.0,0.0,無,0235
太平區,土地,新光段1104地號,3.25,都市：其他:住宅區,,,1150312,土地1建物0車位0,,,其他,,,,0.0,0,0,0,無,無,993056,305556,,0.0,0,,RPTNMLKKQHLGFJB78DA,0.0,0.0,0.0,無,
北屯區,房地(土地+建物)+車位,臺中市北屯區敦富五街８８號三樓之３,22.93,都市：其他:第二之一種住宅區,,,1150329,土地1建物1車位1,三層,十五層,住宅大樓(11層含以上有電梯),住家用,鋼筋混凝土造,1140522,157.64,2,2,2,有,有,21300000,135118,坡道平面,28.29,0,,RPXOMLKLPHLGFBB48DA,78.72,0.0,5.62,有,0236
大甲區,房地(土地+建物)+車位,臺中市大甲區甲后路五段４５３巷８９號一樓之３,31.6,都市：其他:住宅區,,,1150310,土地1建物1車位1,一層,九層,華廈(10層含以下有電梯),住家用,鋼筋混凝土造,1150313,128.22,3,2,2,有,有,9700000,77828,坡道機械,12.58,700000,預售屋、或土地及建物分件登記案件；,RPXNMLOLPHLGFEB09DA,71.88,0.0,7.18,有,
太平區,土地,瑞欣段28-2地號,137.0,都市：其他:乙種工業區,,,1150318,土地2建物0車位0,,,其他,,,,0.0,0,0,0,無,無,7891145,57600,,0.0,0,包含公共設施保留地用地；,RPSRMLQKOHLGFJB86DA,0.0,0.0,0.0,無,
太平區,土地,瑞欣段28-17地號,616.0,,,,1150318,土地2建物0車位0,,,其他,,,,0.0,0,0,0,無,無,33557653,54477,,0.0,0,包含公共設施保留地用地；,RPTRMLQKOHLGFJB96DA,0.0,0.0,0.0,無,0237
太平區,土地,瑞欣段28-18地號,616.0,,,,1150318,土地2建物0車位0,,,其他,,,,0.0,0,0,0,無,無,33557653,54477,,0.0,0,包含公共設施保留地用地；,RPURMLQKOHLGFJB07DA,0.0,0.0,0.0,無,0237
大甲區,房地(土地+建物)+車位,臺中市大甲區水美街５８號六樓之１,30.81,都市：其他:住宅區,,,1150310,土地1建物1車位1,六層,九層,華廈(10層含以下有電梯),住家用,鋼筋混凝土造,1150603,170.81,3,2,2,有,有,12590000,85654,坡道平面,39.0,1300000,預售屋、或土地及建物分件登記案件；,RPROMLRJQHLGFEB78DA,78.54,0.0,9.62,有,
霧峰區,房地(土地+建物),臺中市霧峰區吉峰東路５２８巷３３號,126.97,,鄉村區,乙種建築用地,1150307,土地3建物1車位0,全,四層,透天厝,住家用,鋼筋混凝土造,1120726,206.67,4,2,3,有,有,19600000,94837,,0.0,0,,RPQPMLMKQHLGFIB78DA,185.66,0.0,21.01,無,
豐原區,房地(土地+建物)+車位,臺中市豐原區豐原大道三段２３９巷１１２號三樓之５,27.54,都市：其他:第二種住宅區,,,1150214,土地1建物1車位1,三層,十四層,住宅大樓(11層含以上有電梯),住家用,鋼筋混凝土造,1150424,148.67000000000002,3,2,2,有,有,15180000,115008,坡道平面,32.33,1800000,預售屋、或土地及建物分件登記案件；,RPTQMLTJOHLGFDB09DA,71.91,0.0,4.99,有,
豐原區,房地(土地+建物)+車位,臺中市豐原區豐原大道三段２３９巷１１２號十一樓之２,28.31,都市：其他:第二種住宅區,,,1150213,土地1建物1車位1,十一層,十四層,住宅大樓(11層含以上有電梯),住家用,鋼筋混凝土造,1150424,152.26,3,2,2,有,有,16200000,120070,坡道平面,32.33,1800000,預售屋、或土地及建物分件登記案件；,RPRPMLOKOHLGFDB38DA,71.65,0.0,7.62,有,
北區,房地(土地+建物),臺中市北區梅川東路三段５１巷６號,97.57,都市：其他:第二種住宅區,,,1150226,土地1建物1車位0,全,二層,透天厝,住家用,加強磚造,0670620,118.66,5,4,2,有,無,14580000,122872,,0.0,0,其他增建:一樓空地增建頂樓加蓋；其他增建；,RPRQMLTJPHLGFBB78DA,118.66,0.0,0.0,無,
南屯區,房地(土地+建物)+車位,臺中市南屯區永春東五路３０號,90.59,都市：其他:第一之一種住宅區,,,1150201,土地3建物1車位1,全,四層,透天厝,住家用,鋼筋混凝土造,1150515,226.27,4,2,4,有,無,42980000,189950,一樓平面,0.0,0,預售屋、或土地及建物分件登記案件；,RPTPMLOJQHLGFCB58DA,201.08,0.0,25.19,有,
龍井區,房地(土地+建物),臺中市龍井區龍社路６１２號,158.25,都市：其他:保護區,,,1150205,土地5建物1車位0,全,三層,透天厝,住家用,鋼筋混凝土造,1130618,200.0,3,2,3,有,有,21380000,106900,,0.0,0,,RPTNMLQJQHLGFKB76DA,184.35,0.0,15.65,無,
西區,房地(土地+建物)+車位,臺中市西區五權七街１２３號十三樓之三,25.46,都市：其他:第二種住宅區,,,1150208,土地1建物1車位1,十三層,十三層,住宅大樓(11層含以上有電梯),住家用,鋼筋混凝土造,0951026,207.01999999999998,4,2,4,有,有,21880000,105690,坡道平面,21.17,0,,RPXOMLNKPHLGFAB58DA,115.51,6.3,18.64,有,0239
南屯區,房地(土地+建物)+車位,臺中市南屯區黎明路二段４２３號十一樓之２,17.21,都市：其他:第二種住宅區,,,1150117,土地1建物1車位1,十一層,十六層,住宅大樓(11層含以上有電梯),住家用,鋼筋混凝土造,0840919,166.45,3,2,2,有,有,14000000,84109,坡道機械,0.0,0,,RPRNMLMKQHLGFCB08DA,96.64,0.0,14.57,有,0240
霧峰區,房地(土地+建物),臺中市霧峰區四德路１９４巷８號,83.01,,鄉村區,乙種建築用地,1150121,土地1建物1車位0,全,四層,透天厝,住家用,鋼筋混凝土造,1141216,166.11,4,3,4,有,無,16380000,98609,,0.0,0,,RPQNMLMKQHLGFIB58DA,150.13,0.0,15.98,無,
大甲區,房地(土地+建物)+車位,臺中市大甲區甲后路五段４５３巷８９號七樓之３,27.04,都市：其他:住宅區,,,1150111,土地1建物1車位1,七層,九層,華廈(10層含以下有電梯),住家用,鋼筋混凝土造,1150313,111.21000000000001,2,2,2,有,有,11830000,109804,坡道機械,12.58,1000000,預售屋、或土地及建物分件登記案件；,RPOOMLOLPHLGFEB28DA,62.13,0.0,5.2,有,
大甲區,房地(土地+建物)+車位,臺中市大甲區甲后路五段４５３巷８９號五樓之２,30.13,都市：其他:住宅區,,,1150115,土地1建物1車位1,五層,九層,華廈(10層含以下有電梯),住家用,鋼筋混凝土造,1150313,130.37,3,2,2,有,有,13360000,104739,坡道平面,20.0,1800000,預售屋、或土地及建物分件登記案件；,RPQNMLRLPHLGFEB68DA,68.86,0.0,6.63,有,
后里區,房地(土地+建物)+車位,臺中市后里區民生路９８號十二樓之２,27.57,都市：其他:住宅區,,,1141203,土地1建物1車位1,十二層,十三層,住宅大樓(11層含以上有電梯),住家用,鋼筋混凝土造,1150510,153.65,3,2,2,有,有,16860000,117890,坡道平面,25.48,1750000,預售屋、或土地及建物分件登記案件；,RPUQMLTLPHLGFDB86DA,76.08,0.0,8.54,有,
沙鹿區,土地,正英段1173地號,115.35,都市：其他:第二種住宅區,,,1141220,土地1建物0車位0,,,其他,,,,0.0,0,0,0,無,無,11160000,96749,,0.0,0,未登記建物；,RPSOMLPJQHLGFFB78DA,0.0,0.0,0.0,無,
霧峰區,土地,霧峰段北溝小段5-1613地號,4423.0,,山坡地保育區,農牧用地,1141201,土地1建物0車位0,,,其他,,,,0.0,0,0,0,無,無,1769200,400,,0.0,0,,RPPNMLRJQHLGFIB88DA,0.0,0.0,0.0,無,
龍井區,房地(土地+建物)+車位,臺中市龍井區遊園北路２０８巷１６號六樓之１,15.87,都市：其他:第三種住宅區。,,,1141213,土地1建物1車位1,六層,八層,華廈(10層含以下有電梯),住家用,鋼筋混凝土造,1150130,100.38,2,2,1,有,有,9080000,118345,坡道平面,38.02,1700000,預售屋、或土地及建物分件登記案件；,RPSNMLNJQHLGFKB98DA,36.14,0.0,3.19,有,
東區,房地(土地+建物)+車位,臺中市東區樂業二路９２號十二樓之１９,10.59,都市：其他:第三之一種商業區,,,1141107,土地1建物1車位1,十二層,二十八層,住宅大樓(11層含以上有電梯),辦公用,鋼筋混凝土造,1140521,134.94,1,0,1,有,有,18430000,152615,坡道平面,30.56,2500000,,RPTNMLQJQHLGFAB38DA,57.19,0.0,6.24,有,
烏日區,土地,重建段262-1地號,7.0,,,,1141124,土地1建物0車位0,,,其他,,,,0.0,0,0,0,無,無,64400,9200,,0.0,0,親友、員工、共有人或其他特殊關係間之交易；,RPRNMLLMPHLGFIB68DA,0.0,0.0,0.0,無,
大雅區,房地(土地+建物),臺中市大雅區大林路２１２巷２１弄２１號,67.14,,特定農業區,甲種建築用地,1141115,土地2建物1車位0,全,五層,透天厝,住家用,鋼筋混凝土造,1150414,175.06,5,2,3,有,有,23500000,134240,,0.0,0,預售屋、或土地及建物分件登記案件；,RPSNMLSKPHLGFHB56DA,169.6,0.0,4.95,無,
西區,房地(土地+建物),臺中市西區忠明南路４８號,208.0,都市：其他:第三種住宅區。,,,1140807,土地4建物1車位0,全,一層,透天厝,商業用,鋼筋混凝土造,0970910,43.86,0,0,0,無,無,53880000,1228454,,0.0,0,其他增建；,RPQNMLPJQHLGFAB97DA,43.86,0.0,0.0,無,
豐原區,房地(土地+建物)+車位,臺中市豐原區豐原大道三段２３９巷１０８號三樓之１,19.44,都市：其他:第二種住宅區,,,1140611,土地1建物1車位1,三層,十四層,住宅大樓(11層含以上有電梯),住家用,鋼筋混凝土造,1150424,114.69999999999999,2,2,1,有,有,11950000,120796,坡道平面,32.33,2000000,預售屋、或土地及建物分件登記案件；,RPRPMLTJOHLGFDB78DA,50.84,0.0,3.6,有,
豐原區,房地(土地+建物)+車位,臺中市豐原區豐原大道三段２３９巷１０８號十三樓之２,20.78,都市：其他:第二種住宅區,,,1140614,土地1建物1車位1,十三層,十四層,住宅大樓(11層含以上有電梯),住家用,鋼筋混凝土造,1150424,120.4,2,2,1,有,有,12900000,123765,坡道平面,32.33,2000000,預售屋、或土地及建物分件登記案件；,RPTQMLOKOHLGFDB68DA,54.6,0.0,3.6,有,
大甲區,房地(土地+建物)+車位,臺中市大甲區義和二街５１號七樓之１,30.84,都市：其他:住宅區,,,1140622,土地2建物1車位1,七層,十一層,住宅大樓(11層含以上有電梯),住家用,鋼筋混凝土造,1150515,147.54,3,2,2,有,無,11600000,91646,坡道平面,34.06,1200000,預售屋、或土地及建物分件登記案件；,RPRPMLSLPHLGFEB09DA,69.59,0.0,8.38,有,
大甲區,房地(土地+建物)+車位,臺中市大甲區義和二街５１號十一樓之１,30.84,都市：其他:住宅區,,,1140609,土地2建物1車位1,十一層,十一層,住宅大樓(11層含以上有電梯),住家用,鋼筋混凝土造,1150515,147.54,3,2,2,有,無,12380000,97638,坡道平面,34.06,1300000,預售屋、或土地及建物分件登記案件；,RPQQMLSLPHLGFEB09DA,69.59,0.0,8.38,有,
南區,房地(土地+建物)+車位,臺中市南區福田二街１７２號十五樓之２,28.95,都市：其他:第三種住宅區。,,,1140411,土地2建物1車位2,十五層,十五層,住宅大樓(11層含以上有電梯),住家用,鋼筋混凝土造,1150516,211.69,4,2,2,有,有,27180000,146568,坡道平面,54.22,4100000,115年1月22日權利讓渡預售屋、或土地及建物分件登記案件；,RPRPMLLLPHLGFAB97DA,95.61,0.0,8.1,有,
北屯區,房地(土地+建物)+車位,臺中市北屯區敦富二街３６號三樓之３,9.2,都市：其他:特定商業區,,,1140430,土地1建物1車位1,三層,二十四層,住宅大樓(11層含以上有電梯),辦公用,鋼筋混凝土造,1150414,115.58,0,0,1,有,有,13490000,143970,坡道平面,34.73,1850000,預售屋、或土地及建物分件登記案件；,RPXPMLQJQHLGFBB09DA,45.34,0.0,3.96,有,
后里區,房地(土地+建物)+車位,臺中市后里區民生路１００號八樓之２,27.44,都市：其他:住宅區,,,1140317,土地1建物1車位1,八層,十三層,住宅大樓(11層含以上有電梯),住家用,鋼筋混凝土造,1150510,153.0,3,2,2,有,有,16450000,115668,坡道平面,25.48,1700000,預售屋、或土地及建物分件登記案件；,RPUQMLSLPHLGFDB76DA,75.9,0.0,8.32,有,
豐原區,房地(土地+建物)+車位,臺中市豐原區豐原大道三段２３９巷１１２號七樓之１,28.31,都市：其他:第二種住宅區,,,1140314,土地1建物1車位1,七層,十四層,住宅大樓(11層含以上有電梯),住家用,鋼筋混凝土造,1150424,152.26,3,2,2,有,有,15960000,117235,坡道平面,32.33,1900000,預售屋、或土地及建物分件登記案件；,RPPVMLLKOHLGFDB48DA,71.65,0.0,7.62,有,
南區,房地(土地+建物)+車位,臺中市南區福田二街１７０號七樓之７,29.99,都市：其他:第三種住宅區。,,,1140203,土地2建物1車位2,七層,十五層,住宅大樓(11層含以上有電梯),住家用,鋼筋混凝土造,1150516,217.14,4,2,2,有,有,26960000,142156,坡道平面,54.22,3800000,預售屋、或土地及建物分件登記案件；,RPXNMLOJPHLGFAB48DA,96.15,0.0,11.19,有,
中區,房地(土地+建物)+車位,臺中市中區民權路１８０號五樓之２,15.56,都市：其他:第二種商業區,,,1140227,土地2建物1車位1,五層,十二層,住宅大樓(11層含以上有電梯),住家用,鋼筋混凝土造,1150524,147.78,3,2,2,有,有,20270000,149203,坡道平面,26.0,2100000,預售屋、或土地及建物分件登記案件；,RPXNMLKKQHLGFAB28DA,71.73,0.0,9.16,有,
大甲區,房地(土地+建物)+車位,臺中市大甲區水美街５６號五樓之３,18.59,都市：其他:住宅區,,,1140205,土地1建物1車位1,五層,九層,華廈(10層含以下有電梯),住家用,鋼筋混凝土造,1150603,119.66,2,2,1,有,有,8800000,92983,坡道平面,39.0,1300000,預售屋、或土地及建物分件登記案件；,RPPOMLRJQHLGFEB58DA,47.3,0.0,5.97,有,
大甲區,房地(土地+建物)+車位,臺中市大甲區義和二街５１號三樓之３,33.9,都市：其他:住宅區,,,1140111,土地2建物1車位1,三層,十一層,住宅大樓(11層含以上有電梯),住家用,鋼筋混凝土造,1150515,158.35,3,2,2,有,無,11870000,85043,坡道平面,34.06,1300000,預售屋、或土地及建物分件登記案件；,RPWNMLRLPHLGFEB66DA,77.21,0.0,8.04,有,
大甲區,房地(土地+建物)+車位,臺中市大甲區義和二街５１號二樓之５,30.84,都市：其他:住宅區,,,1140125,土地2建物1車位1,二層,十一層,住宅大樓(11層含以上有電梯),住家用,鋼筋混凝土造,1150515,147.54,3,2,2,有,無,10650000,83275,坡道平面,34.06,1200000,預售屋、或土地及建物分件登記案件；,RPSOMLSLPHLGFEB09DA,69.59,0.0,8.38,有,
大甲區,房地(土地+建物)+車位,臺中市大甲區義和二街５１號二樓之３,33.9,都市：其他:住宅區,,,1140111,土地2建物1車位1,二層,十一層,住宅大樓(11層含以上有電梯),住家用,鋼筋混凝土造,1150515,173.81,3,2,2,有,無,13230000,89184,坡道平面,47.89,2000000,含共有部份約定專用約13.72平方公尺供停車使用預售屋、或土地及建物分件登記案件；,RPQNMLTLPHLGFEB88DA,78.85,0.0,8.04,有,
大甲區,房地(土地+建物)+車位,臺中市大甲區義和二街５１號九樓之３,64.74,都市：其他:住宅區,,,1131213,土地2建物1車位2,九層,十一層,住宅大樓(11層含以上有電梯),住家用,鋼筋混凝土造,1150515,305.89,4,2,4,有,無,24900000,93788,坡道平面,68.12,2600000,預售屋、或土地及建物分件登記案件；,RPUPMLSLPHLGFEB76DA,146.8,0.0,16.42,有,
中區,房地(土地+建物)+車位,臺中市中區民權路１８０號九樓之３,14.55,都市：其他:第二種商業區,,,1131219,土地2建物1車位1,九層,十二層,住宅大樓(11層含以上有電梯),住家用,鋼筋混凝土造,1150524,140.01,3,2,2,有,有,19630000,152881,坡道平面,26.0,2200000,預售屋、或土地及建物分件登記案件；,RPSOMLKKQHLGFAB87DA,68.15,0.0,7.59,有,
大甲區,房地(土地+建物)+車位,臺中市大甲區水美街５６號六樓之７,28.86,都市：其他:住宅區,,,1131206,土地1建物1車位2,六層,九層,華廈(10層含以下有電梯),住家用,鋼筋混凝土造,1150603,202.39,3,2,2,有,有,12840000,87145,坡道平面,78.0,2000000,114.10.08加購車位1位新台幣60萬元整預售屋、或土地及建物分件登記案件；,RPSOMLRJQHLGFEB88DA,73.65,0.0,8.53,有,
大甲區,房地(土地+建物)+車位,臺中市大甲區水美街５６號七樓之５,18.59,都市：其他:住宅區,,,1131209,土地1建物1車位1,七層,九層,華廈(10層含以下有電梯),住家用,鋼筋混凝土造,1150603,120.95000000000002,2,2,1,有,有,9000000,92971,坡道平面,40.28,1500000,預售屋、或土地及建物分件登記案件；,RPTOMLRJQHLGFEB98DA,47.3,0.0,5.97,有,
大甲區,房地(土地+建物)+車位,臺中市大甲區水美街５６號七樓之１,28.37,都市：其他:住宅區,,,1131223,土地1建物1車位2,七層,九層,華廈(10層含以下有電梯),住家用,鋼筋混凝土造,1150603,200.99,3,2,2,有,有,14150000,95536,坡道平面,78.0,2400000,預售屋、或土地及建物分件登記案件；,RPVOMLRJQHLGFEB56DA,72.46,0.0,8.8,有,
大甲區,房地(土地+建物)+車位,臺中市大甲區水美街５８號九樓之１,30.81,都市：其他:住宅區,,,1131213,土地1建物1車位1,九層,九層,華廈(10層含以下有電梯),住家用,鋼筋混凝土造,1150603,170.81,3,2,2,有,有,12930000,87474,坡道平面,39.0,1400000,預售屋、或土地及建物分件登記案件；,RPWOMLRJQHLGFEB66DA,78.54,0.0,9.62,有,
大甲區,房地(土地+建物)+車位,臺中市大甲區水美街５６號九樓之２,23.97,都市：其他:住宅區,,,1131217,土地1建物1車位1,九層,九層,華廈(10層含以下有電梯),住家用,鋼筋混凝土造,1150603,142.59,2,2,2,有,有,10930000,92963,坡道平面,39.0,1300000,預售屋、或土地及建物分件登記案件；,RPXOMLRJQHLGFEB76DA,60.87,0.0,7.56,有,
大甲區,房地(土地+建物)+車位,臺中市大甲區水美街５８號九樓之２,36.68,都市：其他:住宅區,,,1131224,土地1建物1車位2,九層,九層,華廈(10層含以下有電梯),住家用,鋼筋混凝土造,1150603,234.85999999999999,4,2,2,有,有,15880000,87849,坡道平面,78.0,2100000,預售屋、或土地及建物分件登記案件；,RPPPMLRJQHLGFEB68DA,95.49,0.0,9.39,有,
后里區,房地(土地+建物)+車位,臺中市后里區民生路１００號五樓之２,27.44,都市：其他:住宅區,,,1131119,土地1建物1車位1,五層,十三層,住宅大樓(11層含以上有電梯),住家用,鋼筋混凝土造,1150510,153.0,3,2,2,有,有,16200000,113316,坡道平面,25.48,1750000,預售屋、或土地及建物分件登記案件；,RPPPMLRLPHLGFDB68DA,75.9,0.0,8.32,有,
大甲區,房地(土地+建物)+車位,臺中市大甲區義和二街５１號五樓之１,30.84,都市：其他:住宅區,,,1131123,土地2建物1車位1,五層,十一層,住宅大樓(11層含以上有電梯),住家用,鋼筋混凝土造,1150515,147.54,3,2,2,有,無,11150000,87681,坡道平面,34.06,1200000,預售屋、或土地及建物分件登記案件；,RPVOMLSLPHLGFEB76DA,69.59,0.0,8.38,有,
大里區,房地(土地+建物)+車位,臺中市大里區永隆七街２３５號五樓之１,24.76,都市：其他:住宅區,,,1131101,土地1建物1車位1,五層,五層,華廈(10層含以下有電梯),住家用,鋼筋混凝土造,1150603,69.46000000000001,2,1,1,有,有,12630000,184948,其他,8.47,1350000,預售屋、或土地及建物分件登記案件；,RPVNMLLKQHLGFIB98DA,42.47,0.0,3.27,有,
大甲區,房地(土地+建物)+車位,臺中市大甲區義和二街５１號九樓之２,33.9,都市：其他:住宅區,,,1131120,土地2建物1車位1,九層,十一層,住宅大樓(11層含以上有電梯),住家用,鋼筋混凝土造,1150515,158.43,3,2,2,有,無,12980000,93913,坡道平面,34.06,1300000,預售屋、或土地及建物分件登記案件；,RPVPMLSLPHLGFEB86DA,77.29,0.0,8.04,有,
大甲區,房地(土地+建物)+車位,臺中市大甲區義和二街５１號九樓之１,30.84,都市：其他:住宅區,,,1131122,土地2建物1車位1,九層,十一層,住宅大樓(11層含以上有電梯),住家用,鋼筋混凝土造,1150515,147.54,3,2,2,有,無,11920000,93585,坡道平面,34.06,1300000,預售屋、或土地及建物分件登記案件；,RPWPMLSLPHLGFEB96DA,69.59,0.0,8.38,有,
南屯區,房地(土地+建物)+車位,臺中市南屯區精誠南路１３５巷１５號六樓之５,22.38,都市：其他:第二種住宅區,,,1131110,土地1建物1車位1,六層,十一層,住宅大樓(11層含以上有電梯),住家用,鋼筋混凝土造,1150601,100.5,2,2,2,有,有,17570000,193405,坡道機械,17.41,1500000,預售屋、或土地及建物分件登記案件；,RPSRMLNJPHLGFCB48DA,48.85,0.0,4.77,有,
大甲區,房地(土地+建物)+車位,臺中市大甲區水美街５６號九樓之１,28.37,都市：其他:住宅區,,,1131128,土地1建物1車位2,九層,九層,華廈(10層含以下有電梯),住家用,鋼筋混凝土造,1150603,200.99,3,2,2,有,有,14510000,92772,坡道平面,78.0,3100000,預售屋、或土地及建物分件登記案件；,RPUNMLLKQHLGFEB48DA,72.46,0.0,8.8,有,
大甲區,房地(土地+建物)+車位,臺中市大甲區水美街５８號一樓之３,17.61,都市：其他:住宅區,,,1131127,土地1建物1車位1,一層,九層,華廈(10層含以下有電梯),住家用,鋼筋混凝土造,1150603,112.77000000000001,2,2,1,有,有,7980000,90552,坡道平面,39.0,1300000,預售屋、或土地及建物分件登記案件；,RPUNMLRJQHLGFEB98DA,49.34,0.0,0.0,有,
大甲區,房地(土地+建物)+車位,臺中市大甲區水美街５８號二樓之１,30.81,都市：其他:住宅區,,,1131125,土地1建物1車位1,二層,九層,華廈(10層含以下有電梯),住家用,鋼筋混凝土造,1150603,170.81,3,2,2,有,有,11950000,80798,坡道平面,39.0,1300000,預售屋、或土地及建物分件登記案件；,RPVNMLRJQHLGFEB09DA,78.54,0.0,9.62,有,
大甲區,房地(土地+建物)+車位,臺中市大甲區水美街５６號二樓之１,28.37,都市：其他:住宅區,,,1131128,土地1建物1車位1,二層,九層,華廈(10層含以下有電梯),住家用,鋼筋混凝土造,1150603,161.99,3,2,2,有,有,11720000,84722,坡道平面,39.0,1300000,預售屋、或土地及建物分件登記案件；,RPWNMLRJQHLGFEB56DA,72.46,0.0,8.8,有,
大甲區,房地(土地+建物)+車位,臺中市大甲區水美街５６號四樓之７,28.86,都市：其他:住宅區,,,1131121,土地1建物1車位1,四層,九層,華廈(10層含以下有電梯),住家用,鋼筋混凝土造,1150603,163.39,3,2,2,有,有,11830000,83849,坡道平面,39.0,1400000,預售屋、或土地及建物分件登記案件；,RPOOMLRJQHLGFEB48DA,73.65,0.0,8.53,有,
大甲區,房地(土地+建物)+車位,臺中市大甲區水美街５６號五樓之１,28.37,都市：其他:住宅區,,,1131123,土地1建物1車位1,五層,九層,華廈(10層含以下有電梯),住家用,鋼筋混凝土造,1150603,161.99,3,2,2,有,有,12400000,89438,坡道平面,39.0,1400000,預售屋、或土地及建物分件登記案件；,RPQOMLRJQHLGFEB68DA,72.46,0.0,8.8,有,
大甲區,房地(土地+建物)+車位,臺中市大甲區水美街５６號七樓之３,18.59,都市：其他:住宅區,,,1131129,土地1建物1車位1,七層,九層,華廈(10層含以下有電梯),住家用,鋼筋混凝土造,1150603,119.66,2,2,1,有,有,8800000,92983,坡道平面,39.0,1300000,預售屋、或土地及建物分件登記案件；,RPUOMLRJQHLGFEB09DA,47.3,0.0,5.97,有,
后里區,房地(土地+建物)+車位,臺中市后里區民生路９８號十二樓之１,26.33,都市：其他:住宅區,,,1131010,土地1建物1車位1,十二層,十三層,住宅大樓(11層含以上有電梯),住家用,鋼筋混凝土造,1150510,147.82,3,2,2,有,有,16260000,118195,坡道平面,25.48,1800000,預售屋、或土地及建物分件登記案件；,RPTQMLTLPHLGFDB76DA,75.96,0.0,4.8,有,
西屯區,房地(土地+建物)+車位,臺中市西屯區經貿九路５００號三樓之６,39.7,都市：其他:第二種生態住宅專用區,,,1131004,土地2建物1車位2,三層,十層,華廈(10層含以下有電梯),住家用,鋼筋混凝土造,1141215,235.39,4,2,2,有,有,35700000,203767,坡道平面,79.82,4000000,預售屋、或土地及建物分件登記案件；,RPTRMLQJQHLGFCB98DA,99.2,0.0,3.71,有,
中區,房地(土地+建物)+車位,臺中市中區民權路１８０號七樓之２,15.56,都市：其他:第二種商業區,,,1131020,土地2建物1車位1,七層,十二層,住宅大樓(11層含以上有電梯),住家用,鋼筋混凝土造,1150524,147.78,3,2,2,有,有,20670000,151667,坡道平面,26.0,2200000,本筆為不動產讓渡案件，於民國115年4月20日由配偶讓渡預售屋、或土地及建物分件登記案件；,RPQOMLKKQHLGFAB67DA,71.73,0.0,9.16,有,
豐原區,土地,師範段1493地號,854.38,都市：其他:農業區,,,1131022,土地1建物0車位0,,,其他,,,,0.0,0,0,0,無,無,10596000,12402,,0.0,0,,RPPNMLOKQHLGFDB28EA,0.0,0.0,0.0,無,
后里區,房地(土地+建物)+車位,臺中市后里區民生路９８號三樓之３,26.39,都市：其他:住宅區,,,1130916,土地1建物1車位1,三層,十三層,住宅大樓(11層含以上有電梯),住家用,鋼筋混凝土造,1150510,148.07999999999998,3,2,2,有,有,15000000,108075,坡道平面,25.48,1750000,預售屋、或土地及建物分件登記案件；,RPTOMLRLPHLGFDB98DA,76.14,0.0,4.8,有,
后里區,房地(土地+建物)+車位,臺中市后里區民生路１００號十二樓之５,26.17,都市：其他:住宅區,,,1130930,土地1建物1車位1,十二層,十三層,住宅大樓(11層含以上有電梯),住家用,鋼筋混凝土造,1150510,147.07999999999998,3,2,2,有,有,15930000,115789,坡道平面,25.48,1850000,預售屋、或土地及建物分件登記案件；,RPSQMLTLPHLGFDB66DA,72.27,0.0,8.0,有,
豐原區,房地(土地+建物)+車位,臺中市豐原區豐原大道三段２３９巷１１２號八樓之３,27.54,都市：其他:第二種住宅區,,,1130908,土地1建物1車位1,八層,十四層,住宅大樓(11層含以上有電梯),住家用,鋼筋混凝土造,1150424,148.73000000000002,3,2,2,有,有,15810000,118643,坡道平面,32.33,2000000,預售屋、或土地及建物分件登記案件；,RPPPMLMKOHLGFDB97DA,71.95,0.0,4.99,有,
豐原區,房地(土地+建物)+車位,臺中市豐原區豐原大道三段２３９巷１１０號十二樓之２,28.31,都市：其他:第二種住宅區,,,1130924,土地1建物1車位2,十二層,十四層,住宅大樓(11層含以上有電梯),住家用,鋼筋混凝土造,1150424,184.6,3,2,2,有,有,18580000,121561,坡道平面,64.66,4000000,預售屋、或土地及建物分件登記案件；,RPPQMLOKOHLGFDB28DA,71.65,0.0,7.62,有,
龍井區,房地(土地+建物)+車位,臺中市龍井區沙田路五段龍目井１２６巷１號二樓之７,39.61,都市：其他:第四種住宅區,,,1130910,土地1建物1車位1,二層,五層,華廈(10層含以下有電梯),住家用,鋼筋混凝土造,1150427,109.72,3,2,2,有,無,8530000,79822,升降機械,11.0,650000,預售屋、或土地及建物分件登記案件；,RPQNMLQJQHLGFKB09DA,65.51,0.0,6.85,有,
南區,房地(土地+建物)+車位,臺中市南區福田二街１９２號,22.62,都市：其他:第三種住宅區。,,,1130917,土地2建物1車位1,一層,十五層,住宅大樓(11層含以上有電梯),商業用,鋼筋混凝土造,1150516,140.02,0,0,0,無,有,23050000,184218,坡道平面,27.11,2250000,預售屋、或土地及建物分件登記案件；,RPRNMLLLPHLGFAB77DA,81.28,0.0,0.0,有,
豐原區,房地(土地+建物),臺中市豐原區三豐路二段２３７巷８號,185.88,都市：其他:第一之二種住宅區,,,1130916,土地1建物1車位0,全,二層,透天厝,住家用,加強磚造,0690206,139.44,3,2,1,有,無,25800000,185026,,0.0,0,,RPVNMLTLPHLGFDB66DA,139.44,0.0,0.0,無,
豐原區,房地(土地+建物)+車位,臺中市豐原區豐原大道三段２３９巷１０６號八樓之７,19.51,都市：其他:第二種住宅區,,,1130831,土地1建物1車位1,八層,十四層,住宅大樓(11層含以上有電梯),住家用,鋼筋混凝土造,1150424,114.78999999999999,2,2,1,有,有,11980000,121028,坡道平面,32.33,2000000,預售屋、或土地及建物分件登記案件；,RPWNMLMKOHLGFDB48DA,50.91,0.0,3.6,有,
中區,房地(土地+建物)+車位,臺中市中區民權路１８０號二樓之５,11.72,都市：其他:第二種商業區,,,1130802,土地2建物1車位1,二層,十二層,住宅大樓(11層含以上有電梯),住家用,鋼筋混凝土造,1150524,104.78999999999999,2,2,1,有,有,14270000,145674,坡道機械,13.01,900000,預售屋、或土地及建物分件登記案件；,RPVNMLKKQHLGFAB08DA,53.84,0.0,7.13,有,
中區,房地(土地+建物)+車位,臺中市中區民權路１８０號十一樓之３,14.55,都市：其他:第二種商業區,,,1130804,土地2建物1車位1,十一層,十二層,住宅大樓(11層含以上有電梯),住家用,鋼筋混凝土造,1150524,140.01,3,2,2,有,有,19770000,154109,坡道平面,26.0,2200000,本筆為不動產讓渡案件，於民國115年4月20日由配偶讓渡預售屋、或土地及建物分件登記案件；,RPWPMLKKQHLGFAB38DA,68.15,0.0,7.59,有,
北屯區,房地(土地+建物)+車位,臺中市北屯區長富街１８８號十樓之３,24.8,都市：其他:第一之三種住宅區,,,1130803,土地1建物1車位1,十層,十層,華廈(10層含以下有電梯),住家用,鋼筋混凝土造,1150609,131.92000000000002,2,2,2,有,有,16360000,164875,坡道平面,45.43,2100000,預售屋、或土地及建物分件登記案件；,RPSPNLQJPHLGFBB58DA,51.49,0.0,3.84,有,
后里區,房地(土地+建物)+車位,臺中市后里區民生路９８號三樓之１,26.33,都市：其他:住宅區,,,1130705,土地1建物1車位1,三層,十三層,住宅大樓(11層含以上有電梯),住家用,鋼筋混凝土造,1150510,147.82,3,2,2,有,有,15100000,111166,坡道平面,25.48,1500000,預售屋、或土地及建物分件登記案件；,RPSOMLRLPHLGFDB88DA,75.96,0.0,4.8,有,
后里區,房地(土地+建物)+車位,臺中市后里區民生路１００號四樓之３,26.62,都市：其他:住宅區,,,1130717,土地1建物1車位1,四層,十三層,住宅大樓(11層含以上有電梯),住家用,鋼筋混凝土造,1150510,149.26,3,2,2,有,有,15150000,109872,坡道平面,25.48,1550000,預售屋、或土地及建物分件登記案件；,RPUOMLRLPHLGFDB09DA,74.05,0.0,7.66,有,
后里區,房地(土地+建物)+車位,臺中市后里區民生路１００號六樓之２,27.44,都市：其他:住宅區,,,1130722,土地1建物1車位1,六層,十三層,住宅大樓(11層含以上有電梯),住家用,鋼筋混凝土造,1150510,153.0,3,2,2,有,有,16150000,114492,坡道平面,25.48,1550000,預售屋、或土地及建物分件登記案件；,RPSPMLSLPHLGFDB09DA,75.9,0.0,8.32,有,
后里區,房地(土地+建物)+車位,臺中市后里區民生路９８號八樓之２,27.57,都市：其他:住宅區,,,1130713,土地1建物1車位1,八層,十三層,住宅大樓(11層含以上有電梯),住家用,鋼筋混凝土造,1150510,153.65,3,2,2,有,有,16550000,117032,坡道平面,25.48,1550000,預售屋、或土地及建物分件登記案件；,RPXQMLSLPHLGFDB07DA,76.08,0.0,8.54,有,
后里區,房地(土地+建物)+車位,臺中市后里區民生路１００號十一樓之５,26.17,都市：其他:住宅區,,,1130703,土地1建物1車位1,十一層,十三層,住宅大樓(11層含以上有電梯),住家用,鋼筋混凝土造,1150510,147.07999999999998,3,2,2,有,有,15830000,116612,坡道平面,25.48,1650000,預售屋、或土地及建物分件登記案件；,RPVPMLTLPHLGFDB86DA,72.27,0.0,8.0,有,
西屯區,土地,惠來厝段645地號,82.0,都市：其他:第三之二種住宅區,,,1130701,土地1建物0車位0,,,其他,,,,0.0,0,0,0,無,無,39000000,475610,,0.0,0,,RPPNMLPJQHLGFCB18EA,0.0,0.0,0.0,無,
大甲區,房地(土地+建物)+車位,臺中市大甲區義和二街５１號七樓之２,33.9,都市：其他:住宅區,,,1130702,土地2建物1車位1,七層,十一層,住宅大樓(11層含以上有電梯),住家用,鋼筋混凝土造,1150515,158.43,2,2,2,有,無,12610000,90938,坡道平面,34.06,1300000,預售屋、或土地及建物分件登記案件；,RPQPMLSLPHLGFEB98DA,77.29,0.0,8.04,有,
南區,房地(土地+建物)+車位,臺中市南區福田二街１７２號七樓之６,23.4,都市：其他:第三種住宅區。,,,1130728,土地2建物1車位1,七層,十五層,住宅大樓(11層含以上有電梯),住家用,鋼筋混凝土造,1150516,154.60000000000002,3,2,2,有,有,18770000,131540,坡道平面,27.11,2000000,預售屋、或土地及建物分件登記案件；,RPRTMLRLOHLGFAB88DA,76.51,0.0,7.44,有,
南區,房地(土地+建物)+車位,臺中市南區福田二街１７８號六樓之５,23.4,都市：其他:第三種住宅區。,,,1130723,土地2建物1車位1,六層,十五層,住宅大樓(11層含以上有電梯),住家用,鋼筋混凝土造,1150516,154.60000000000002,3,2,2,有,有,18620000,130363,坡道平面,27.11,2000000,預售屋、或土地及建物分件登記案件；,RPVNMLOJPHLGFAB28DA,76.51,0.0,7.44,有,
南區,房地(土地+建物)+車位,臺中市南區福田二街１７８號九樓之５,23.4,都市：其他:第三種住宅區。,,,1130712,土地2建物1車位1,九層,十五層,住宅大樓(11層含以上有電梯),住家用,鋼筋混凝土造,1150516,154.60000000000002,3,2,2,有,有,18650000,132167,坡道平面,27.11,1800000,預售屋、或土地及建物分件登記案件；,RPROMLLLPHLGFAB87DA,76.51,0.0,7.44,有,
南區,房地(土地+建物)+車位,臺中市南區福田二街１７６號十四樓之１,24.56,都市：其他:第三種住宅區。,,,1130731,土地2建物1車位1,十四層,十五層,住宅大樓(11層含以上有電梯),住家用,鋼筋混凝土造,1150516,160.51999999999998,3,2,2,有,有,20700000,139420,坡道平面,27.11,2100000,115年1月27日權利讓渡預售屋、或土地及建物分件登記案件；,RPQSMLLLPHLGFAB18DA,80.4,0.0,7.51,有,
南區,房地(土地+建物)+車位,臺中市南區福田二街１８２號十五樓之３,24.56,都市：其他:第三種住宅區。,,,1130729,土地2建物1車位1,十五層,十五層,住宅大樓(11層含以上有電梯),住家用,鋼筋混凝土造,1150516,160.92000000000002,3,2,2,有,有,20850000,141619,坡道平面,27.11,1900000,預售屋、或土地及建物分件登記案件；,RPRRMLRLPHLGFAB78DA,80.03,0.0,8.14,有,
南區,房地(土地+建物)+車位,臺中市南區福田二街１７２號六樓之６,23.4,都市：其他:第三種住宅區。,,,1130705,土地2建物1車位1,六層,十五層,住宅大樓(11層含以上有電梯),住家用,鋼筋混凝土造,1150516,154.60000000000002,3,2,2,有,有,18680000,130834,坡道平面,27.11,2000000,預售屋、或土地及建物分件登記案件；,RPPSMLRLPHLGFAB68DA,76.51,0.0,7.44,有,
北屯區,房地(土地+建物)+車位,臺中市北屯區興安路二段１００號十一樓之２,26.24,都市：其他:第二種住宅區,,,1130730,土地1建物1車位2,十一層,十四層,住宅大樓(11層含以上有電梯),住家用,鋼筋混凝土造,1150507,210.18,4,2,2,有,有,26200000,138543,坡道平面,49.58,3950000,預售屋、或土地及建物分件登記案件；,RPXQMLKKQHLGFBB68DA,96.27,0.0,10.55,有,
龍井區,房地(土地+建物)+車位,臺中市龍井區遊園北路２０８巷１６號二樓之８,19.99,都市：其他:第三種住宅區。,,,1130712,土地1建物1車位1,二層,八層,華廈(10層含以下有電梯),住家用,鋼筋混凝土造,1150130,116.58,2,2,1,有,有,9770000,102724,坡道平面,38.02,1700000,預售屋、或土地及建物分件登記案件；,RPSNMLMLPHLGFKB98DA,46.52,0.0,3.03,有,
南屯區,房地(土地+建物)+車位,臺中市南屯區精誠南路１３５巷１５號十樓之１,23.3,都市：其他:第二種住宅區,,,1130702,土地1建物1車位1,十層,十一層,住宅大樓(11層含以上有電梯),住家用,鋼筋混凝土造,1150601,120.07000000000001,2,2,2,有,有,19380000,196369,坡道平面,33.6,2400000,預售屋、或土地及建物分件登記案件；,RPUSMLNJPHLGFCB78DA,50.05,0.0,5.76,有,
北屯區,房地(土地+建物)+車位,臺中市北屯區長富街１８８號八樓之３,24.8,都市：其他:第一之三種住宅區,,,1130721,土地1建物1車位1,八層,十層,華廈(10層含以下有電梯),住家用,鋼筋混凝土造,1150609,131.92000000000002,2,2,2,有,有,16710000,167187,坡道平面,45.43,2250000,預售屋、或土地及建物分件登記案件；,RPTONLQJPHLGFBB58DA,51.49,0.0,3.84,有,
北屯區,房地(土地+建物)+車位,臺中市北屯區長富街１８８號九樓之１,25.82,都市：其他:第一之三種住宅區,,,1130714,土地1建物1車位1,九層,十層,華廈(10層含以下有電梯),住家用,鋼筋混凝土造,1150609,135.53,2,2,2,有,有,18390000,179134,坡道平面,45.43,2250000,預售屋、或土地及建物分件登記案件；,RPWONLQJPHLGFBB88DA,54.06,0.0,3.56,有,
北屯區,房地(土地+建物)+車位,臺中市北屯區長富街１８８號九樓之３,24.8,都市：其他:第一之三種住宅區,,,1130706,土地1建物1車位1,九層,十層,華廈(10層含以下有電梯),住家用,鋼筋混凝土造,1150609,131.92000000000002,2,2,2,有,有,17100000,171696,坡道平面,45.43,2250000,預售屋、或土地及建物分件登記案件；,RPOPNLQJPHLGFBB18DA,51.49,0.0,3.84,有,
北屯區,房地(土地+建物)+車位,臺中市北屯區長富街１８８號九樓之５,25.41,都市：其他:第一之三種住宅區,,,1130715,土地1建物1車位1,九層,十層,華廈(10層含以下有電梯),住家用,鋼筋混凝土造,1150609,134.07999999999998,2,2,2,有,有,17800000,177101,坡道平面,45.43,2100000,預售屋、或土地及建物分件登記案件；,RPPPNLQJPHLGFBB28DA,52.75,0.0,3.95,有,
后里區,房地(土地+建物)+車位,臺中市后里區民生路９８號四樓之１,26.33,都市：其他:住宅區,,,1130622,土地1建物1車位1,四層,十三層,住宅大樓(11層含以上有電梯),住家用,鋼筋混凝土造,1150510,147.82,3,2,2,有,有,14440000,105362,坡道平面,25.48,1550000,預售屋、或土地及建物分件登記案件；,RPWOMLRLPHLGFDB66DA,75.96,0.0,4.8,有,
后里區,房地(土地+建物)+車位,臺中市后里區民生路９８號四樓之３,26.39,都市：其他:住宅區,,,1130608,土地1建物1車位1,四層,十三層,住宅大樓(11層含以上有電梯),住家用,鋼筋混凝土造,1150510,148.07999999999998,3,2,2,有,有,14600000,106036,坡道平面,25.48,1600000,預售屋、或土地及建物分件登記案件；,RPXOMLRLPHLGFDB76DA,76.14,0.0,4.8,有,
后里區,房地(土地+建物)+車位,臺中市后里區民生路１００號五樓之３,26.62,都市：其他:住宅區,,,1130611,土地1建物1車位1,五層,十三層,住宅大樓(11層含以上有電梯),住家用,鋼筋混凝土造,1150510,149.26,3,2,2,有,有,15310000,111165,坡道平面,25.48,1550000,預售屋、或土地及建物分件登記案件；,RPQPMLRLPHLGFDB78DA,74.05,0.0,7.66,有,
后里區,房地(土地+建物),臺中市后里區民生路１００號五樓之７,26.46,都市：其他:住宅區,,,1130626,土地1建物1車位0,五層,十三層,住宅大樓(11層含以上有電梯),住家用,鋼筋混凝土造,1150510,123.06,3,2,2,有,有,12950000,105233,,0.0,0,預售屋、或土地及建物分件登記案件；,RPTPMLRLPHLGFDB09DA,76.43,0.0,4.8,有,
后里區,房地(土地+建物)+車位,臺中市后里區民生路９８號六樓之３,26.39,都市：其他:住宅區,,,1130607,土地1建物1車位1,六層,十三層,住宅大樓(11層含以上有電梯),住家用,鋼筋混凝土造,1150510,148.07999999999998,3,2,2,有,有,15130000,111582,坡道平面,25.48,1450000,預售屋、或土地及建物分件登記案件；,RPPQMLSLPHLGFDB88DA,76.14,0.0,4.8,有,
后里區,房地(土地+建物)+車位,臺中市后里區民生路９８號十樓之１,26.33,都市：其他:住宅區,,,1130602,土地1建物1車位1,十層,十三層,住宅大樓(11層含以上有電梯),住家用,鋼筋混凝土造,1150510,147.82,3,2,2,有,有,15790000,116397,坡道平面,25.48,1550000,預售屋、或土地及建物分件登記案件；,RPPPMLTLPHLGFDB88DA,75.96,0.0,4.8,有,
后里區,房地(土地+建物)+車位,臺中市后里區民生路９８號十一樓之３,26.39,都市：其他:住宅區,,,1130611,土地1建物1車位1,十一層,十三層,住宅大樓(11層含以上有電梯),住家用,鋼筋混凝土造,1150510,148.07999999999998,3,2,2,有,有,15750000,115824,坡道平面,25.48,1550000,預售屋、或土地及建物分件登記案件；,RPXPMLTLPHLGFDB07DA,76.14,0.0,4.8,有,
后里區,房地(土地+建物)+車位,臺中市后里區民生路９８號十一樓之５,27.57,都市：其他:住宅區,,,1130624,土地1建物1車位1,十一層,十三層,住宅大樓(11層含以上有電梯),住家用,鋼筋混凝土造,1150510,153.65,3,2,2,有,有,17000000,119763,坡道平面,25.48,1650000,預售屋、或土地及建物分件登記案件；,RPOQMLTLPHLGFDB88DA,76.08,0.0,8.54,有,
梧棲區,房地(土地+建物)+車位,臺中市梧棲區中華路二段５１號十一樓之２,26.26,都市：其他:第四種住宅區,,,1130601,土地1建物1車位1,十一層,十五層,住宅大樓(11層含以上有電梯),住家用,鋼筋混凝土造,1150515,137.91,3,2,2,有,有,10730000,82917,坡道機械,15.74,600000,預售屋、或土地及建物分件登記案件；,RPPQMLKKPHLGFFB18DA,74.02,0.0,7.22,有,
龍井區,房地(土地+建物)+車位,臺中市龍井區中沙路新庄仔巷３８號八樓之６,22.94,,鄉村區,乙種建築用地,1130602,土地1建物1車位1,八層,九層,華廈(10層含以下有電梯),住家用,鋼筋混凝土造,1150505,111.88,2,2,2,有,有,11150000,115603,坡道平面,31.0,1800000,預售屋、或土地及建物分件登記案件；,RPSPMLLKPHLGFKB98DA,49.1,0.0,4.23,有,
豐原區,房地(土地+建物)+車位,臺中市豐原區豐原大道三段２３９巷１０６號三樓之７,19.51,都市：其他:第二種住宅區,,,1130620,土地1建物1車位1,三層,十四層,住宅大樓(11層含以上有電梯),住家用,鋼筋混凝土造,1150424,114.78999999999999,2,2,1,有,有,11680000,118603,坡道平面,32.33,1900000,預售屋、或土地及建物分件登記案件；,RPQPMLTJOHLGFDB68DA,50.91,0.0,3.6,有,
豐原區,房地(土地+建物)+車位,臺中市豐原區豐原大道三段２３９巷１０８號三樓之５,19.44,都市：其他:第二種住宅區,,,1130628,土地1建物1車位1,三層,十四層,住宅大樓(11層含以上有電梯),住家用,鋼筋混凝土造,1150424,114.69999999999999,2,2,1,有,有,11300000,114119,坡道平面,32.33,1900000,預售屋、或土地及建物分件登記案件；,RPUPMLTJOHLGFDB09DA,50.84,0.0,3.6,有,
豐原區,房地(土地+建物)+車位,臺中市豐原區豐原大道三段２３９巷１１０號三樓之７,27.54,都市：其他:第二種住宅區,,,1130621,土地1建物1車位1,三層,十四層,住宅大樓(11層含以上有電梯),住家用,鋼筋混凝土造,1150424,148.73000000000002,3,2,2,有,有,15300000,115979,坡道平面,32.33,1800000,預售屋、或土地及建物分件登記案件；,RPQQMLTJOHLGFDB78DA,71.95,0.0,4.99,有,
豐原區,房地(土地+建物)+車位,臺中市豐原區豐原大道三段２３９巷１０８號七樓之５,19.44,都市：其他:第二種住宅區,,,1130629,土地1建物1車位1,七層,十四層,住宅大樓(11層含以上有電梯),住家用,鋼筋混凝土造,1150424,114.69999999999999,2,2,1,有,有,11770000,121039,坡道平面,32.33,1800000,預售屋、或土地及建物分件登記案件；,RPSUMLLKOHLGFDB68DA,50.84,0.0,3.6,有,
豐原區,房地(土地+建物)+車位,臺中市豐原區豐原大道三段２３９巷１１０號八樓之７,27.54,都市：其他:第二種住宅區,,,1130621,土地1建物1車位1,八層,十四層,住宅大樓(11層含以上有電梯),住家用,鋼筋混凝土造,1150424,148.73000000000002,3,2,2,有,有,15800000,119416,坡道平面,32.33,1900000,預售屋、或土地及建物分件登記案件；,RPVOMLMKOHLGFDB48DA,71.95,0.0,4.99,有,
豐原區,房地(土地+建物)+車位,臺中市豐原區豐原大道三段２３９巷１１２號八樓之７,26.2,都市：其他:第二種住宅區,,,1130601,土地1建物1車位1,八層,十四層,住宅大樓(11層含以上有電梯),住家用,鋼筋混凝土造,1150424,143.16,3,2,2,有,有,15200000,120004,坡道平面,32.33,1900000,預售屋、或土地及建物分件登記案件；,RPQPMLMKOHLGFDB08DA,68.26,0.0,4.99,有,
豐原區,房地(土地+建物)+車位,臺中市豐原區豐原大道三段２３９巷１１２號十樓之１,28.31,都市：其他:第二種住宅區,,,1130612,土地1建物1車位1,十層,十四層,住宅大樓(11層含以上有電梯),住家用,鋼筋混凝土造,1150424,152.26,3,2,2,有,有,16420000,121071,坡道平面,32.33,1900000,預售屋、或土地及建物分件登記案件；,RPROMLOKOHLGFDB28DA,71.65,0.0,7.62,有,
南區,房地(土地+建物)+車位,臺中市南區福田二街１７０號六樓之６,30.25,都市：其他:第三種住宅區。,,,1130626,土地2建物1車位2,六層,十五層,住宅大樓(11層含以上有電梯),住家用,鋼筋混凝土造,1150516,219.03,4,2,2,有,有,25750000,131970,坡道平面,54.22,4000000,115年3月25日權利讓渡預售屋、或土地及建物分件登記案件；,RPPTMLRLOHLGFAB68DA,98.24,0.0,10.29,有,
南區,房地(土地+建物)+車位,臺中市南區福田二街１７８號八樓之５,23.4,都市：其他:第三種住宅區。,,,1130608,土地2建物1車位1,八層,十五層,住宅大樓(11層含以上有電梯),住家用,鋼筋混凝土造,1150516,154.60000000000002,3,2,2,有,有,18670000,131540,坡道平面,27.11,1900000,預售屋、或土地及建物分件登記案件；,RPQOMLOJPHLGFAB87DA,76.51,0.0,7.44,有,
南區,房地(土地+建物)+車位,臺中市南區福田二街１７０號十二樓之５,23.4,都市：其他:第三種住宅區。,,,1130620,土地2建物1車位1,十二層,十五層,住宅大樓(11層含以上有電梯),住家用,鋼筋混凝土造,1150516,154.31,3,2,2,有,有,19850000,140330,坡道平面,27.11,2000000,預售屋、或土地及建物分件登記案件；,RPRPMLOJPHLGFAB08DA,75.96,0.0,7.84,有,
南區,房地(土地+建物)+車位,臺中市南區福田二街１７６號十四樓之７,24.56,都市：其他:第三種住宅區。,,,1130610,土地2建物1車位1,十四層,十五層,住宅大樓(11層含以上有電梯),住家用,鋼筋混凝土造,1150516,160.92000000000002,3,2,2,有,有,21080000,142590,坡道平面,27.11,2000000,預售屋、或土地及建物分件登記案件；,RPTTMLOJPHLGFAB68DA,80.03,0.0,8.14,有,
南區,房地(土地+建物)+車位,臺中市南區福田二街１７０號七樓之６,30.25,都市：其他:第三種住宅區。,,,1130606,土地2建物1車位2,七層,十五層,住宅大樓(11層含以上有電梯),住家用,鋼筋混凝土造,1150516,219.03,4,2,2,有,有,25660000,132638,坡道平面,54.22,3800000,預售屋、或土地及建物分件登記案件；,RPOOMLLLPHLGFAB57DA,98.24,0.0,10.29,有,
南區,房地(土地+建物)+車位,臺中市南區福田二街１８０號三樓之７,23.14,都市：其他:第三種住宅區。,,,1130630,土地2建物1車位1,三層,十五層,住宅大樓(11層含以上有電梯),住家用,鋼筋混凝土造,1150516,153.36,3,2,2,有,有,18530000,132515,坡道平面,27.11,1800000,預售屋、或土地及建物分件登記案件；,RPSOMLRLPHLGFAB58DA,76.81,0.0,6.33,有,
北屯區,房地(土地+建物)+車位,臺中市北屯區興安路二段９８號二樓之２,21.37,都市：其他:第二種住宅區,,,1130606,土地1建物1車位1,二層,十五層,住宅大樓(11層含以上有電梯),住家用,鋼筋混凝土造,1150507,154.25,3,2,2,有,有,17600000,121098,坡道平面,24.19,1850000,預售屋、或土地及建物分件登記案件；,RPORMLKKQHLGFBB87DA,77.41,0.0,9.05,有,
南屯區,房地(土地+建物)+車位,臺中市南屯區精誠南路１３５巷１５號六樓之２,23.3,都市：其他:第二種住宅區,,,1130601,土地1建物1車位1,六層,十一層,住宅大樓(11層含以上有電梯),住家用,鋼筋混凝土造,1150601,103.88,2,2,2,有,有,17960000,189199,坡道機械,17.41,1600000,預售屋、或土地及建物分件登記案件；,RPRRMLNJPHLGFCB38DA,50.05,0.0,5.76,有,
太平區,房地(土地+建物)+車位,臺中市太平區樹德五街１７號十四樓之１,30.02,都市：其他:住宅區,,,1130612,土地1建物1車位1,十四層,十五層,住宅大樓(11層含以上有電梯),住家用,鋼筋混凝土造,1150512,170.2,3,2,2,有,有,18230000,124703,坡道平面,39.65,1950000,預售屋、或土地及建物分件登記案件；,RPVOMLLKQHLGFJB56DA,75.77,0.0,9.27,有,
北屯區,房地(土地+建物)+車位,臺中市北屯區長富街１８８號六樓之６,23.1,都市：其他:第一之三種住宅區,,,1130630,土地1建物1車位1,六層,十層,華廈(10層含以下有電梯),住家用,鋼筋混凝土造,1150609,126.05,2,2,1,有,有,16470000,177623,坡道平面,45.43,2150000,預售屋、或土地及建物分件登記案件；,RPUNNLQJPHLGFBB58DA,47.39,0.0,4.17,有,
北屯區,房地(土地+建物)+車位,臺中市北屯區長富街１８８號七樓之１,25.82,都市：其他:第一之三種住宅區,,,1130622,土地1建物1車位1,七層,十層,華廈(10層含以下有電梯),住家用,鋼筋混凝土造,1150609,135.53,2,2,2,有,有,17850000,172031,坡道平面,45.43,2350000,預售屋、或土地及建物分件登記案件；,RPVNNLQJPHLGFBB68DA,54.06,0.0,3.56,有,
北屯區,房地(土地+建物)+車位,臺中市北屯區長富街１８８號七樓之３,24.8,都市：其他:第一之三種住宅區,,,1130626,土地1建物1車位1,七層,十層,華廈(10層含以下有電梯),住家用,鋼筋混凝土造,1150609,131.92000000000002,2,2,2,有,有,17100000,171696,坡道平面,45.43,2250000,預售屋、或土地及建物分件登記案件；,RPXNNLQJPHLGFBB88DA,51.49,0.0,3.84,有,
北屯區,房地(土地+建物)+車位,臺中市北屯區長富街１８８號九樓之２,25.85,都市：其他:第一之三種住宅區,,,1130629,土地1建物1車位1,九層,十層,華廈(10層含以下有電梯),住家用,鋼筋混凝土造,1150609,135.66,2,2,2,有,有,17620000,170342,坡道平面,45.43,2250000,預售屋、或土地及建物分件登記案件；,RPXONLQJPHLGFBB98DA,54.15,0.0,3.56,有,
后里區,房地(土地+建物)+車位,臺中市后里區民生路１００號二樓之６,26.36,都市：其他:住宅區,,,1130509,土地1建物1車位1,二層,十三層,住宅大樓(11層含以上有電梯),住家用,鋼筋混凝土造,1150510,147.98000000000002,3,2,2,有,有,14200000,103265,坡道平面,25.48,1550000,預售屋、或土地及建物分件登記案件；,RPPOMLRLPHLGFDB58DA,76.12,0.0,4.8,有,
后里區,房地(土地+建物)+車位,臺中市后里區民生路１００號四樓之７,26.46,都市：其他:住宅區,,,1130525,土地1建物1車位1,四層,十三層,住宅大樓(11層含以上有電梯),住家用,鋼筋混凝土造,1150510,148.53,3,2,2,有,有,14550000,106054,坡道平面,25.48,1500000,預售屋、或土地及建物分件登記案件；,RPVOMLRLPHLGFDB56DA,76.43,0.0,4.8,有,
后里區,房地(土地+建物)+車位,臺中市后里區民生路９８號五樓之３,26.39,都市：其他:住宅區,,,1130523,土地1建物1車位1,五層,十三層,住宅大樓(11層含以上有電梯),住家用,鋼筋混凝土造,1150510,148.07999999999998,3,2,2,有,有,14180000,103426,坡道平面,25.48,1500000,預售屋、或土地及建物分件登記案件；,RPVPMLRLPHLGFDB66DA,76.14,0.0,4.8,有,
后里區,房地(土地+建物)+車位,臺中市后里區民生路９８號五樓之５,27.57,都市：其他:住宅區,,,1130504,土地1建物1車位1,五層,十三層,住宅大樓(11層含以上有電梯),住家用,鋼筋混凝土造,1150510,153.65,3,2,2,有,有,15400000,108450,坡道平面,25.48,1500000,預售屋、或土地及建物分件登記案件；,RPWPMLRLPHLGFDB76DA,76.08,0.0,8.54,有,
后里區,房地(土地+建物)+車位,臺中市后里區民生路１００號六樓之３,26.62,都市：其他:住宅區,,,1130503,土地1建物1車位1,六層,十三層,住宅大樓(11層含以上有電梯),住家用,鋼筋混凝土造,1150510,149.26,3,2,2,有,有,15320000,111650,坡道平面,25.48,1500000,預售屋、或土地及建物分件登記案件；,RPTPMLSLPHLGFDB56DA,74.05,0.0,7.66,有,
后里區,房地(土地+建物)+車位,臺中市后里區民生路１００號六樓之７,26.46,都市：其他:住宅區,,,1130504,土地1建物1車位1,六層,十三層,住宅大樓(11層含以上有電梯),住家用,鋼筋混凝土造,1150510,148.53,3,2,2,有,有,14550000,105648,坡道平面,25.48,1550000,預售屋、或土地及建物分件登記案件；,RPWPMLSLPHLGFDB86DA,76.43,0.0,4.8,有,
后里區,房地(土地+建物)+車位,臺中市后里區民生路１００號七樓之５,26.17,都市：其他:住宅區,,,1130520,土地1建物1車位1,七層,十三層,住宅大樓(11層含以上有電梯),住家用,鋼筋混凝土造,1150510,147.07999999999998,3,2,2,有,有,15100000,111842,坡道平面,25.48,1500000,預售屋、或土地及建物分件登記案件；,RPQQMLSLPHLGFDB98DA,72.27,0.0,8.0,有,
梧棲區,房地(土地+建物)+車位,臺中市梧棲區中華路二段５１號十三樓之３,24.03,都市：其他:第四種住宅區,,,1130507,土地1建物1車位1,十三層,十五層,住宅大樓(11層含以上有電梯),住家用,鋼筋混凝土造,1150515,127.56,3,2,2,有,有,9710000,81470,坡道機械,15.74,600000,預售屋、或土地及建物分件登記案件；,RPSOMLKKPHLGFFB28DA,71.1,0.0,3.26,有,
南區,房地(土地+建物)+車位,臺中市南區復興路三段１６５號二樓之２,20.48,都市：其他:第二種住宅區,,,1130525,土地2建物1車位1,二層,十二層,住宅大樓(11層含以上有電梯),住家用,鋼筋混凝土造,1150606,152.95999999999998,3,2,2,有,有,18840000,140434,坡道平面,30.91,1700000,預售屋、或土地及建物分件登記案件；,RPPNMLPLOHLGFAB87DA,72.45,0.0,8.27,有,
南區,房地(土地+建物)+車位,臺中市南區復興路三段１６５號三樓之１,19.62,都市：其他:第二種住宅區,,,1130509,土地2建物1車位1,三層,十二層,住宅大樓(11層含以上有電梯),住家用,鋼筋混凝土造,1150606,147.85000000000002,3,2,2,有,有,17420000,136138,坡道平面,30.91,1500000,預售屋、或土地及建物分件登記案件；,RPROMLPLOHLGFAB18DA,69.41,0.0,7.93,有,
豐原區,房地(土地+建物)+車位,臺中市豐原區豐原大道三段２３９巷１１０號四樓之１,28.31,都市：其他:第二種住宅區,,,1130517,土地1建物1車位1,四層,十四層,住宅大樓(11層含以上有電梯),住家用,鋼筋混凝土造,1150424,152.26,3,2,2,有,有,15950000,117985,坡道平面,32.33,1800000,預售屋、或土地及建物分件登記案件；,RPWNMLLKOHLGFDB38DA,71.65,0.0,7.62,有,
豐原區,房地(土地+建物)+車位,臺中市豐原區豐原大道三段２３９巷１１２號四樓之３,27.54,都市：其他:第二種住宅區,,,1130522,土地1建物1車位1,四層,十四層,住宅大樓(11層含以上有電梯),住家用,鋼筋混凝土造,1150424,148.73000000000002,3,2,2,有,有,15450000,117268,坡道平面,32.33,1800000,預售屋、或土地及建物分件登記案件；,RPUOMLLKOHLGFDB28DA,71.95,0.0,4.99,有,
豐原區,房地(土地+建物)+車位,臺中市豐原區豐原大道三段２３９巷１０８號十四樓之１,19.44,都市：其他:第二種住宅區,,,1130524,土地1建物1車位1,十四層,十四層,住宅大樓(11層含以上有電梯),住家用,鋼筋混凝土造,1150424,114.69999999999999,2,2,1,有,有,12360000,125774,坡道平面,32.33,2000000,預售屋、或土地及建物分件登記案件；,RPXQMLOKOHLGFDB09DA,50.84,0.0,3.6,有,
大甲區,房地(土地+建物)+車位,臺中市大甲區義和二街５１號五樓之３,33.9,都市：其他:住宅區,,,1130519,土地2建物1車位1,五層,十一層,住宅大樓(11層含以上有電梯),住家用,鋼筋混凝土造,1150515,158.35,3,2,2,有,無,11770000,85043,坡道平面,34.06,1200000,預售屋、或土地及建物分件登記案件；,RPTOMLSLPHLGFEB56DA,77.21,0.0,8.04,有,
大甲區,房地(土地+建物)+車位,臺中市大甲區義和二街５１號八樓之２,33.9,都市：其他:住宅區,,,1130524,土地2建物1車位1,八層,十一層,住宅大樓(11層含以上有電梯),住家用,鋼筋混凝土造,1150515,158.43,3,2,2,有,無,12790000,92386,坡道平面,34.06,1300000,預售屋、或土地及建物分件登記案件；,RPTPMLSLPHLGFEB66DA,77.29,0.0,8.04,有,
大甲區,房地(土地+建物)+車位,臺中市大甲區義和二街５１號七樓之３,33.9,都市：其他:住宅區,,,1130519,土地2建物1車位1,七層,十一層,住宅大樓(11層含以上有電梯),住家用,鋼筋混凝土造,1150515,172.17000000000002,3,2,2,有,無,12940000,88027,坡道平面,47.89,2000000,含共有部份約定專用約13.72平方公尺供停車使用預售屋、或土地及建物分件登記案件；,RPSNMLTLPHLGFEB09DA,77.21,0.0,8.04,有,
南區,房地(土地+建物)+車位,臺中市南區福田二街１７０號十二樓之７,29.99,都市：其他:第三種住宅區。,,,1130528,土地2建物1車位2,十二層,十五層,住宅大樓(11層含以上有電梯),住家用,鋼筋混凝土造,1150516,217.14,4,2,2,有,有,26130000,135834,坡道平面,54.22,4000000,預售屋、或土地及建物分件登記案件；,RPWOMLLLPHLGFAB38DA,96.15,0.0,11.19,有,
南區,房地(土地+建物)+車位,臺中市南區福田二街１８０號七樓之３,29.99,都市：其他:第三種住宅區。,,,1130525,土地2建物1車位2,七層,十五層,住宅大樓(11層含以上有電梯),住家用,鋼筋混凝土造,1150516,217.14,4,2,2,有,有,26130000,135834,坡道平面,54.22,4000000,預售屋、或土地及建物分件登記案件；,RPPQMLLLPHLGFAB87DA,96.15,0.0,11.19,有,
南區,房地(土地+建物)+車位,臺中市南區福田二街１８２之３號,22.88,都市：其他:第三種住宅區。,,,1130530,土地2建物1車位1,一層,十五層,住宅大樓(11層含以上有電梯),住家用,鋼筋混凝土造,1150516,151.9,3,2,2,有,有,17530000,126052,坡道平面,27.11,1800000,民國115年2月5日權利讓渡預售屋、或土地及建物分件登記案件；,RPROMLRLPHLGFAB48DA,77.64,0.0,4.59,有,
南區,房地(土地+建物)+車位,臺中市南區福田二街１８０號八樓之１,23.65,都市：其他:第三種住宅區。,,,1130525,土地2建物1車位2,八層,十五層,住宅大樓(11層含以上有電梯),住家用,鋼筋混凝土造,1150516,183.07,3,2,2,有,有,21760000,139387,坡道平面,54.22,3800000,預售屋、或土地及建物分件登記案件；,RPVPMLRLPHLGFAB98DA,77.33,0.0,7.56,有,
南區,房地(土地+建物)+車位,臺中市南區福田二街１７２號九樓之１,24.56,都市：其他:第三種住宅區。,,,1130526,土地2建物1車位2,九層,十五層,住宅大樓(11層含以上有電梯),住家用,鋼筋混凝土造,1150516,187.79000000000002,3,2,2,有,有,22080000,139852,坡道平面,54.22,3400000,預售屋、或土地及建物分件登記案件；,RPUSMLRLPHLGFAB56DA,79.81,0.0,8.12,有,
南區,房地(土地+建物)+車位,臺中市南區福田二街１７０號十二樓之６,30.25,都市：其他:第三種住宅區。,,,1130527,土地2建物1車位1,十二層,十五層,住宅大樓(11層含以上有電梯),住家用,鋼筋混凝土造,1150516,191.92000000000002,4,2,2,有,有,24160000,135671,坡道平面,27.11,1800000,預售屋、或土地及建物分件登記案件；,RPOTMLRLPHLGFAB68DA,98.24,0.0,10.29,有,
大甲區,房地(土地+建物)+車位,臺中市大甲區義和二街５１號十一樓之２,33.9,都市：其他:住宅區,,,1130510,土地2建物1車位1,十一層,十一層,住宅大樓(11層含以上有電梯),住家用,鋼筋混凝土造,1150515,158.43,3,2,2,有,無,13070000,95441,坡道平面,34.06,1200000,預售屋、或土地及建物分件登記案件；,RPPQMLSLPHLGFEB98DA,77.29,0.0,8.04,有,
中區,房地(土地+建物)+車位,臺中市中區民權路１８０號十樓之５,11.72,都市：其他:第二種商業區,,,1130526,土地2建物1車位1,十層,十二層,住宅大樓(11層含以上有電梯),住家用,鋼筋混凝土造,1150524,117.78,2,2,1,有,有,15750000,148725,坡道平面,26.0,2100000,預售屋、或土地及建物分件登記案件；,RPXOMLKKQHLGFAB38DA,53.84,0.0,7.13,有,
中區,房地(土地+建物)+車位,臺中市中區民權路１８０號十一樓之２,15.5,都市：其他:第二種商業區,,,1130508,土地2建物1車位1,十一層,十二層,住宅大樓(11層含以上有電梯),住家用,鋼筋混凝土造,1150524,146.94,3,2,2,有,有,20050000,148421,坡道平面,26.0,2100000,預售屋、或土地及建物分件登記案件；,RPRPMLKKQHLGFAB87DA,71.19,0.0,9.16,有,
南屯區,房地(土地+建物)+車位,臺中市南屯區建功路７１號十樓之５,14.6,都市：其他:第五種住宅區,,,1130510,土地1建物1車位1,十層,二十三層,住宅大樓(11層含以上有電梯),住家用,鋼筋混凝土造,1141226,155.47,3,2,2,有,有,18520000,128895,坡道平面,26.14,1850000,預售屋、或土地及建物分件登記案件；,RPPQMLPJQHLGFCB38DA,72.54,0.0,11.42,有,
潭子區,房地(土地+建物)+車位,臺中市潭子區嘉豐路１巷７弄３號,94.6,都市：其他:農業區,,,1130530,土地2建物1車位1,全,四層,透天厝,住家用,鋼筋混凝土造,1150205,192.66,4,2,6,有,無,20880000,108377,一樓平面,0.0,0,停車位在一樓室內預售屋、或土地及建物分件登記案件；,RPQNMLLKQHLGFHB38DA,168.67,0.0,23.99,無,
北屯區,房地(土地+建物)+車位,臺中市北屯區榮德路３９８號二樓之１,37.09,都市：其他:第一之一種住宅區,,,1130501,土地1建物1車位1,二層,十三層,住宅大樓(11層含以上有電梯),住家用,鋼筋混凝土造,1150621,167.72,3,2,2,有,有,23640000,163372,坡道平面,36.18,2150000,預售屋、或土地及建物分件登記案件；,RPVPMLQJPHLGFBB78DA,76.45,0.0,8.14,有,
北屯區,房地(土地+建物)+車位,臺中市北屯區榮德路３９８號二樓之２,37.09,都市：其他:第一之一種住宅區,,,1130512,土地1建物1車位1,二層,十三層,住宅大樓(11層含以上有電梯),住家用,鋼筋混凝土造,1150621,167.68,3,2,2,有,有,22960000,157490,坡道平面,36.18,2250000,預售屋、或土地及建物分件登記案件；,RPWPMLQJPHLGFBB88DA,76.45,0.0,8.14,有,
北屯區,房地(土地+建物)+車位,臺中市北屯區榮德路３９８號十三樓之２,37.1,都市：其他:第一之一種住宅區,,,1130523,土地1建物1車位2,十三層,十三層,住宅大樓(11層含以上有電梯),住家用,鋼筋混凝土造,1150621,203.97,3,2,2,有,有,26990000,172023,坡道平面,72.36,4350000,預售屋、或土地及建物分件登記案件；,RPUWMLPJQHLGFBB76DA,76.52,0.0,8.14,有,
南屯區,房地(土地+建物)+車位,臺中市南屯區精誠南路１３５巷１５號二樓之１,23.3,都市：其他:第二種住宅區,,,1130525,土地1建物1車位1,二層,十一層,住宅大樓(11層含以上有電梯),住家用,鋼筋混凝土造,1150601,103.9,2,2,2,有,有,15870000,171927,坡道機械,17.41,1000000,預售屋、或土地及建物分件登記案件；,RPWPMLNJPHLGFCB68DA,50.05,0.0,5.76,有,
南屯區,房地(土地+建物)+車位,臺中市南屯區精誠南路１３５巷１５號四樓之２,23.3,都市：其他:第二種住宅區,,,1130519,土地1建物1車位1,四層,十一層,住宅大樓(11層含以上有電梯),住家用,鋼筋混凝土造,1150601,103.88,2,2,2,有,有,17750000,186770,坡道機械,17.41,1600000,預售屋、或土地及建物分件登記案件；,RPVQMLNJPHLGFCB68DA,50.05,0.0,5.76,有,
南屯區,房地(土地+建物)+車位,臺中市南屯區精誠南路１３５巷１５號五樓之１,23.3,都市：其他:第二種住宅區,,,1130510,土地1建物1車位1,五層,十一層,住宅大樓(11層含以上有電梯),住家用,鋼筋混凝土造,1150601,103.9,2,2,2,有,有,17210000,187421,坡道機械,17.41,1000000,預售屋、或土地及建物分件登記案件；,RPWQMLNJPHLGFCB78DA,50.05,0.0,5.76,有,
南屯區,房地(土地+建物)+車位,臺中市南屯區精誠南路１３５巷１５號六樓之１,23.3,都市：其他:第二種住宅區,,,1130521,土地1建物1車位1,六層,十一層,住宅大樓(11層含以上有電梯),住家用,鋼筋混凝土造,1150601,120.10000000000001,2,2,2,有,有,18590000,188324,坡道平面,33.6,2300000,預售屋、或土地及建物分件登記案件；,RPQRMLNJPHLGFCB28DA,50.05,0.0,5.76,有,
南屯區,房地(土地+建物)+車位,臺中市南屯區精誠南路１３５巷１５號七樓之５,22.38,都市：其他:第二種住宅區,,,1130515,土地1建物1車位1,七層,十一層,住宅大樓(11層含以上有電梯),住家用,鋼筋混凝土造,1150601,116.69,2,2,2,有,有,18350000,193164,坡道平面,33.6,2300000,預售屋、或土地及建物分件登記案件；,RPVRMLNJPHLGFCB78DA,48.85,0.0,4.77,有,
南屯區,房地(土地+建物)+車位,臺中市南屯區精誠南路１３５巷１５號八樓之５,22.38,都市：其他:第二種住宅區,,,1130530,土地1建物1車位1,八層,十一層,住宅大樓(11層含以上有電梯),住家用,鋼筋混凝土造,1150601,116.69,2,2,2,有,有,18490000,194849,坡道平面,33.6,2300000,預售屋、或土地及建物分件登記案件；,RPPSMLNJPHLGFCB28DA,48.85,0.0,4.77,有,
南屯區,房地(土地+建物)+車位,臺中市南屯區精誠南路１３５巷１５號九樓之５,22.38,都市：其他:第二種住宅區,,,1130521,土地1建物1車位1,九層,十一層,住宅大樓(11層含以上有電梯),住家用,鋼筋混凝土造,1150601,116.69,2,2,2,有,有,18740000,196654,坡道平面,33.6,2400000,預售屋、或土地及建物分件登記案件；,RPTSMLNJPHLGFCB68DA,48.85,0.0,4.77,有,
太平區,房地(土地+建物)+車位,臺中市太平區樹德五街１７號十三樓之５,29.76,都市：其他:住宅區,,,1130518,土地1建物1車位1,十三層,十五層,住宅大樓(11層含以上有電梯),住家用,鋼筋混凝土造,1150512,169.10000000000002,3,2,2,有,有,19500000,135574,坡道平面,39.65,1950000,預售屋、或土地及建物分件登記案件；,RPUOMLLKQHLGFJB09DA,75.77,0.0,8.57,有,
北屯區,房地(土地+建物)+車位,臺中市北屯區敦富路８１８號二樓之３,21.44,都市：其他:第二之一種住宅區,,,1130428,土地1建物1車位2,二層,十五層,住宅大樓(11層含以上有電梯),住家用,鋼筋混凝土造,1150613,205.73000000000002,3,2,2,有,有,22200000,136035,坡道平面,69.0,3600000,預售屋、或土地及建物分件登記案件；,RPRRMLLLPHLGFBB28DA,82.79,0.0,7.22,有,
北屯區,房地(土地+建物)+車位,臺中市北屯區敦富路８１８號三樓之５,21.27,都市：其他:第二之一種住宅區,,,1130420,土地1建物1車位1,三層,十五層,住宅大樓(11層含以上有電梯),住家用,鋼筋混凝土造,1150613,170.25,3,2,2,有,有,21360000,144825,坡道平面,34.5,1700000,預售屋、或土地及建物分件登記案件；,RPPTMLLLPHLGFBB28DA,78.11,0.0,11.25,有,
后里區,房地(土地+建物)+車位,臺中市后里區民生路１００號五樓之６,26.36,都市：其他:住宅區,,,1130430,土地1建物1車位1,五層,十三層,住宅大樓(11層含以上有電梯),住家用,鋼筋混凝土造,1150510,148.06,3,2,2,有,有,14350000,104422,坡道平面,25.48,1550000,預售屋、或土地及建物分件登記案件；,RPSPMLRLPHLGFDB98DA,76.12,0.0,4.8,有,
后里區,房地(土地+建物)+車位,臺中市后里區民生路９８號九樓之３,26.39,都市：其他:住宅區,,,1130418,土地1建物1車位1,九層,十三層,住宅大樓(11層含以上有電梯),住家用,鋼筋混凝土造,1150510,148.07999999999998,3,2,2,有,有,15100000,110930,坡道平面,25.48,1500000,預售屋、或土地及建物分件登記案件；,RPVOMLTLPHLGFDB76DA,76.14,0.0,4.8,有,
北屯區,房地(土地+建物)+車位,臺中市北屯區榮富街６３號四樓,36.07,都市：其他:第一之一種住宅區,,,1130418,土地1建物1車位2,四層,八層,華廈(10層含以下有電梯),住家用,鋼筋混凝土造,1150526,188.32,3,2,2,有,有,22200000,135483,坡道平面,56.2,4300000,增購1車位210萬元整預售屋、或土地及建物分件登記案件；,RPTQMLLJPHLGFBB18DA,62.8,0.0,5.87,有,
北屯區,房地(土地+建物)+車位,臺中市北屯區榮富街６５號五樓,29.9,都市：其他:第一之一種住宅區,,,1130406,土地1建物1車位1,五層,八層,華廈(10層含以下有電梯),住家用,鋼筋混凝土造,1150526,114.36,2,2,2,有,有,16930000,173081,坡道平面,28.1,2000000,預售屋、或土地及建物分件登記案件；,RPSNMLPJPHLGFBB18DA,50.26,0.0,6.68,有,
北屯區,房地(土地+建物),臺中市北屯區正道街１９９號,111.27,都市：其他:第一種住宅區,,,1130420,土地4建物1車位0,全,四層,透天厝,住家用,鋼筋混凝土造,1150212,225.83,5,2,6,有,有,39980000,177036,,0.0,0,預售屋、或土地及建物分件登記案件；,RPPPMLTJPHLGFBB48DA,204.59,0.0,21.24,無,
豐原區,房地(土地+建物)+車位,臺中市豐原區豐原大道三段２３９巷１１２號五樓之５,27.54,都市：其他:第二種住宅區,,,1130405,土地1建物1車位1,五層,十四層,住宅大樓(11層含以上有電梯),住家用,鋼筋混凝土造,1150424,148.67000000000002,3,2,2,有,有,14880000,112429,坡道平面,32.33,1800000,預售屋、或土地及建物分件登記案件；,RPPRMLLKOHLGFDB08DA,71.91,0.0,4.99,有,
豐原區,房地(土地+建物)+車位,臺中市豐原區豐原大道三段２３９巷１０８號九樓之２,20.78,都市：其他:第二種住宅區,,,1130427,土地1建物1車位1,九層,十四層,住宅大樓(11層含以上有電梯),住家用,鋼筋混凝土造,1150424,120.4,2,2,1,有,有,12700000,121494,坡道平面,32.33,2000000,預售屋、或土地及建物分件登記案件；,RPOQMLMKOHLGFDB97DA,54.6,0.0,3.6,有,
豐原區,房地(土地+建物)+車位,臺中市豐原區豐原大道三段２３９巷１０８號十樓之６,17.75,都市：其他:第二種住宅區,,,1130405,土地1建物1車位1,十層,十四層,住宅大樓(11層含以上有電梯),住家用,鋼筋混凝土造,1150424,107.31,2,2,1,有,有,10880000,121099,坡道平面,32.33,1800000,預售屋、或土地及建物分件登記案件；,RPWNMLOKOHLGFDB68DA,45.95,0.0,3.6,有,
大甲區,房地(土地+建物)+車位,臺中市大甲區義和二街５１號三樓之５,30.84,都市：其他:住宅區,,,1130428,土地2建物1車位1,三層,十一層,住宅大樓(11層含以上有電梯),住家用,鋼筋混凝土造,1150515,147.54,3,2,2,有,無,10770000,84332,坡道平面,34.06,1200000,預售屋、或土地及建物分件登記案件；,RPXNMLRLPHLGFEB76DA,69.59,0.0,8.38,有,
烏日區,房地(土地+建物)+車位,臺中市烏日區日新街５６巷３號二樓之５,29.73,都市：其他:第三種住宅區。,,,1130419,土地1建物1車位1,二層,十一層,住宅大樓(11層含以上有電梯),住家用,鋼筋混凝土造,1150513,150.18,3,2,2,有,有,16600000,118104,坡道平面,25.29,1850000,預售屋、或土地及建物分件登記案件；,RPUOMLKKPHLGFIB78DA,73.8,0.0,7.58,有,
龍井區,房地(土地+建物)+車位,臺中市龍井區沙田路五段龍目井１２６巷１號四樓之７,39.61,都市：其他:第四種住宅區,,,1130411,土地1建物1車位1,四層,五層,華廈(10層含以下有電梯),住家用,鋼筋混凝土造,1150427,109.91,3,2,2,有,無,8530000,79668,升降機械,11.0,650000,預售屋、或土地及建物分件登記案件；,RPPNMLQJQHLGFKB98DA,65.66,0.0,6.85,有,
南區,房地(土地+建物)+車位,臺中市南區福田二街１７２號十一樓之５,22.75,都市：其他:第三種住宅區。,,,1130414,土地2建物1車位1,十一層,十五層,住宅大樓(11層含以上有電梯),住家用,鋼筋混凝土造,1150516,150.65,3,2,2,有,有,18660000,136474,坡道平面,27.11,1800000,預售屋、或土地及建物分件登記案件；,RPVOMLLLPHLGFAB28DA,74.12,0.0,7.28,有,
南區,房地(土地+建物)+車位,臺中市南區福田二街１８０號七樓之１,23.65,都市：其他:第三種住宅區。,,,1130414,土地2建物1車位2,七層,十五層,住宅大樓(11層含以上有電梯),住家用,鋼筋混凝土造,1150516,183.07,3,2,2,有,有,21280000,138766,坡道平面,54.22,3400000,預售屋、或土地及建物分件登記案件；,RPOQMLLLPHLGFAB77DA,77.33,0.0,7.56,有,
南區,房地(土地+建物)+車位,臺中市南區福田二街１７６號十一樓之１,24.56,都市：其他:第三種住宅區。,,,1130417,土地2建物1車位1,十一層,十五層,住宅大樓(11層含以上有電梯),住家用,鋼筋混凝土造,1150516,160.51999999999998,3,2,2,有,有,20330000,138146,坡道平面,27.11,1900000,預售屋、或土地及建物分件登記案件；,RPRRMLLLPHLGFAB18DA,80.4,0.0,7.51,有,
南區,房地(土地+建物)+車位,臺中市南區福田二街１７０號三樓之１,29.34,都市：其他:第三種住宅區。,,,1130413,土地2建物1車位1,三層,十五層,住宅大樓(11層含以上有電梯),住家用,鋼筋混凝土造,1150516,186.74,4,2,2,有,有,22860000,131930,坡道平面,27.11,1800000,115年2月6日權利讓渡預售屋、或土地及建物分件登記案件；,RPVRMLRLPHLGFAB56DA,96.83,0.0,8.34,有,
北屯區,房地(土地+建物)+車位,臺中市北屯區興安路二段９８號十一樓之２,21.37,都市：其他:第二種住宅區,,,1130430,土地1建物1車位1,十一層,十五層,住宅大樓(11層含以上有電梯),住家用,鋼筋混凝土造,1150507,154.25,3,2,2,有,有,17810000,122713,坡道平面,24.19,1850000,預售屋、或土地及建物分件登記案件；,RPOQMLKKQHLGFBB77DA,77.41,0.0,9.05,有,
北屯區,房地(土地+建物)+車位,臺中市北屯區興安路二段９６號五樓之３,21.37,都市：其他:第二種住宅區,,,1130430,土地1建物1車位1,五層,十五層,住宅大樓(11層含以上有電梯),住家用,鋼筋混凝土造,1150507,155.72,3,2,2,有,有,17750000,120885,坡道平面,24.19,1850000,預售屋、或土地及建物分件登記案件；,RPPQMLKKQHLGFBB87DA,78.4,0.0,9.05,有,
北屯區,房地(土地+建物)+車位,臺中市北屯區興安路二段９８號十二樓之５,21.37,都市：其他:第二種住宅區,,,1130427,土地1建物1車位1,十二層,十五層,住宅大樓(11層含以上有電梯),住家用,鋼筋混凝土造,1150507,154.72,3,2,2,有,有,18550000,126791,坡道平面,24.19,2000000,預售屋、或土地及建物分件登記案件；,RPPRMLKKQHLGFBB97DA,77.61,0.0,9.2,有,
北屯區,房地(土地+建物)+車位,臺中市北屯區興安路二段９６號五樓之５,21.37,都市：其他:第二種住宅區,,,1130421,土地1建物1車位1,五層,十五層,住宅大樓(11層含以上有電梯),住家用,鋼筋混凝土造,1150507,154.72,3,2,2,有,有,17660000,121122,坡道平面,24.19,1850000,115.01.15預售屋讓渡，讓渡關係:配偶。預售屋、或土地及建物分件登記案件；,RPQRMLKKQHLGFBB08DA,77.61,0.0,9.2,有,
中區,房地(土地+建物)+車位,臺中市中區民權路１８０號五樓之５,11.72,都市：其他:第二種商業區,,,1130410,土地2建物1車位1,五層,十二層,住宅大樓(11層含以上有電梯),住家用,鋼筋混凝土造,1150524,104.78999999999999,2,2,1,有,有,14100000,143822,坡道機械,13.01,900000,預售屋、或土地及建物分件登記案件；,RPOOMLKKQHLGFAB47DA,53.84,0.0,7.13,有,
南屯區,房地(土地+建物)+車位,臺中市南屯區建功路６７號二十三樓之１,19.97,都市：其他:第五種住宅區,,,1130426,土地1建物1車位2,二十三層,二十三層,住宅大樓(11層含以上有電梯),住家用,鋼筋混凝土造,1141226,221.63,4,2,2,有,有,24500000,122823,坡道平面,52.28,3700000,預售屋、或土地及建物分件登記案件；,RPXRMLMLPHLGFCB09DA,102.97,0.0,13.32,有,
北屯區,房地(土地+建物)+車位,臺中市北屯區榮德路３９８號八樓之１,37.1,都市：其他:第一之一種住宅區,,,1130404,土地1建物1車位1,八層,十三層,住宅大樓(11層含以上有電梯),住家用,鋼筋混凝土造,1150621,167.82999999999998,3,2,2,有,有,24750000,170148,坡道平面,36.18,2350000,預售屋、或土地及建物分件登記案件；,RPPUMLQJPHLGFBB68DA,76.52,0.0,8.14,有,
大雅區,房地(土地+建物),臺中市大雅區大林路２１２巷２１弄２１之１８號,66.14,,特定農業區,甲種建築用地,1130416,土地2建物1車位0,全,四層,透天厝,住家用,鋼筋混凝土造,1150414,161.04999999999998,3,2,3,有,有,19880000,123440,,0.0,0,預售屋、或土地及建物分件登記案件；,RPPNMLSKPHLGFHB88DA,154.26,0.0,6.28,無,
北屯區,房地(土地+建物)+車位,臺中市北屯區敦富路８１８號七樓之６,22.63,都市：其他:第二之一種住宅區,,,1130304,土地1建物1車位1,七層,十五層,住宅大樓(11層含以上有電梯),住家用,鋼筋混凝土造,1150613,178.98000000000002,3,2,2,有,有,22670000,142373,坡道平面,34.5,2100000,預售屋、或土地及建物分件登記案件；,RPTWMLMLPHLGFBB09DA,84.65,0.0,10.46,有,
后里區,房地(土地+建物)+車位,臺中市后里區民生路９８號六樓之１,26.33,都市：其他:住宅區,,,1130315,土地1建物1車位1,六層,十三層,住宅大樓(11層含以上有電梯),住家用,鋼筋混凝土造,1150510,147.82,3,2,2,有,有,14600000,107079,坡道平面,25.48,1500000,預售屋、或土地及建物分件登記案件；,RPXPMLSLPHLGFDB96DA,75.96,0.0,4.8,有,
后里區,房地(土地+建物)+車位,臺中市后里區民生路９８號七樓之１,26.33,都市：其他:住宅區,,,1130315,土地1建物1車位1,七層,十三層,住宅大樓(11層含以上有電梯),住家用,鋼筋混凝土造,1150510,147.82,3,2,2,有,有,14700000,107487,坡道平面,25.48,1550000,預售屋、或土地及建物分件登記案件；,RPRQMLSLPHLGFDB09DA,75.96,0.0,4.8,有,
后里區,房地(土地+建物)+車位,臺中市后里區民生路９８號十一樓之２,27.57,都市：其他:住宅區,,,1130315,土地1建物1車位1,十一層,十三層,住宅大樓(11層含以上有電梯),住家用,鋼筋混凝土造,1150510,153.65,3,2,2,有,有,16100000,113131,坡道平面,25.48,1600000,預售屋、或土地及建物分件登記案件；,RPWPMLTLPHLGFDB96DA,76.08,0.0,8.54,有,
北屯區,房地(土地+建物)+車位,臺中市北屯區敦富路８１８號十五樓之５,21.27,都市：其他:第二之一種住宅區,,,1130305,土地1建物1車位1,十五層,十五層,住宅大樓(11層含以上有電梯),住家用,鋼筋混凝土造,1150613,170.25,3,2,2,有,有,22380000,152339,坡道平面,34.5,1700000,預售屋、或土地及建物分件登記案件；,RPRUMLLLPHLGFBB58DA,78.11,0.0,11.25,有,
北屯區,房地(土地+建物)+車位,臺中市北屯區敦富路８１８號五樓之６,22.63,都市：其他:第二之一種住宅區,,,1130330,土地1建物1車位1,五層,十五層,住宅大樓(11層含以上有電梯),住家用,鋼筋混凝土造,1150613,178.98000000000002,3,2,2,有,有,22300000,141196,坡道平面,34.5,1900000,預售屋、或土地及建物分件登記案件；,RPVUMLLLPHLGFBB98DA,84.65,0.0,10.46,有,
豐原區,房地(土地+建物)+車位,臺中市豐原區豐原大道三段２３９巷１１０號三樓之５,27.75,都市：其他:第二種住宅區,,,1130303,土地1建物1車位1,三層,十四層,住宅大樓(11層含以上有電梯),住家用,鋼筋混凝土造,1150424,149.66,3,2,2,有,有,14770000,111395,坡道平面,32.33,1700000,預售屋、或土地及建物分件登記案件；,RPOQMLTJOHLGFDB58DA,72.56,0.0,4.99,有,
豐原區,房地(土地+建物)+車位,臺中市豐原區豐原大道三段２３９巷１０６號七樓之６,19.44,都市：其他:第二種住宅區,,,1130308,土地1建物1車位1,七層,十四層,住宅大樓(11層含以上有電梯),住家用,鋼筋混凝土造,1150424,114.69999999999999,2,2,1,有,有,11580000,117519,坡道平面,32.33,1900000,預售屋、或土地及建物分件登記案件；,RPXTMLLKOHLGFDB09DA,50.84,0.0,3.6,有,
豐原區,房地(土地+建物)+車位,臺中市豐原區豐原大道三段２３９巷１０８號十三樓之７,19.44,都市：其他:第二種住宅區,,,1130312,土地1建物1車位1,十三層,十四層,住宅大樓(11層含以上有電梯),住家用,鋼筋混凝土造,1150424,114.69999999999999,2,2,1,有,有,11780000,118733,坡道平面,32.33,2000000,預售屋、或土地及建物分件登記案件；,RPVQMLOKOHLGFDB88DA,50.84,0.0,3.6,有,
大甲區,房地(土地+建物)+車位,臺中市大甲區義和二街５１號一樓之１,46.01,都市：其他:住宅區,,,1130320,土地2建物1車位2,一層,十一層,住宅大樓(11層含以上有電梯),住家用,鋼筋混凝土造,1150515,179.85000000000002,2,2,2,有,無,11410000,80641,坡道平面,68.12,2400000,861地號約定專用面積約15.5平方公尺預售屋、或土地及建物分件登記案件；,RPPNMLTLPHLGFEB78DA,72.96,0.0,3.71,有,
大甲區,房地(土地+建物)+車位,臺中市大甲區義和二街５１號六樓之３,33.9,都市：其他:住宅區,,,1130324,土地2建物1車位2,六層,十一層,住宅大樓(11層含以上有電梯),住家用,鋼筋混凝土造,1150515,192.41,2,2,2,有,無,13350000,86491,坡道平面,68.12,2600000,預售屋、或土地及建物分件登記案件；,RPXOMLSLPHLGFEB96DA,77.21,0.0,8.04,有,
烏日區,房地(土地+建物)+車位,臺中市烏日區日新街５６巷１號十一樓之３,29.99,都市：其他:第三種住宅區。,,,1130320,土地1建物1車位1,十一層,十一層,住宅大樓(11層含以上有電梯),住家用,鋼筋混凝土造,1150513,151.3,3,2,2,有,有,16880000,119276,坡道平面,25.29,1850000,預售屋、或土地及建物分件登記案件；,RPUPMLOJPHLGFIB56DA,74.98,0.0,7.13,有,
烏日區,房地(土地+建物)+車位,臺中市烏日區日新街５６巷３號七樓之２,32.07,都市：其他:第三種住宅區。,,,1130319,土地1建物1車位1,七層,十一層,住宅大樓(11層含以上有電梯),住家用,鋼筋混凝土造,1150513,159.4,3,2,2,有,有,18100000,120647,坡道平面,25.29,1920000,預售屋、或土地及建物分件登記案件；,RPURMLOJPHLGFIB76DA,80.26,0.0,7.13,有,
南區,房地(土地+建物)+車位,臺中市南區福田二街１８０號十四樓之２,29.34,都市：其他:第三種住宅區。,,,1130312,土地2建物1車位2,十四層,十五層,住宅大樓(11層含以上有電梯),住家用,鋼筋混凝土造,1150516,213.85000000000002,4,2,2,有,有,25450000,136879,坡道平面,54.22,3600000,民國115年1月29日權利讓渡預售屋、或土地及建物分件登記案件；,RPPTMLOJPHLGFAB28DA,96.83,0.0,8.34,有,
南區,房地(土地+建物)+車位,臺中市南區福田二街１７８號九樓之２,24.56,都市：其他:第三種住宅區。,,,1130331,土地2建物1車位1,九層,十五層,住宅大樓(11層含以上有電梯),住家用,鋼筋混凝土造,1150516,160.68,3,2,2,有,有,20580000,139852,坡道平面,27.11,1900000,預售屋、或土地及建物分件登記案件；,RPVSMLRLPHLGFAB66DA,79.81,0.0,8.12,有,
南區,房地(土地+建物)+車位,臺中市南區福田二街１７０號十樓之３,23.14,都市：其他:第三種住宅區。,,,1130329,土地2建物1車位1,十層,十五層,住宅大樓(11層含以上有電梯),住家用,鋼筋混凝土造,1150516,153.36,3,2,2,有,有,19160000,135921,坡道平面,27.11,2000000,115年1月30日權利讓渡預售屋、或土地及建物分件登記案件；,RPWSMLRLPHLGFAB76DA,76.81,0.0,6.33,有,
大甲區,房地(土地+建物)+車位,臺中市大甲區義和二街５１號十樓之３,33.9,都市：其他:住宅區,,,1130319,土地2建物1車位2,十層,十一層,住宅大樓(11層含以上有電梯),住家用,鋼筋混凝土造,1150515,192.41,2,2,2,有,無,14100000,92526,坡道平面,68.12,2600000,預售屋、或土地及建物分件登記案件；,RPXPMLSLPHLGFEB07DA,77.21,0.0,8.04,有,
大甲區,房地(土地+建物)+車位,臺中市大甲區義和二街５１號十一樓之３,33.9,都市：其他:住宅區,,,1130320,土地2建物1車位1,十一層,十一層,住宅大樓(11層含以上有電梯),住家用,鋼筋混凝土造,1150515,158.35,3,2,2,有,無,12690000,92445,坡道平面,34.06,1200000,預售屋、或土地及建物分件登記案件；,RPOQMLSLPHLGFEB88DA,77.21,0.0,8.04,有,
中區,房地(土地+建物)+車位,臺中市中區民權路１８０號四樓之５,11.72,都市：其他:第二種商業區,,,1130330,土地2建物1車位1,四層,十二層,住宅大樓(11層含以上有電梯),住家用,鋼筋混凝土造,1150524,104.78999999999999,2,2,1,有,有,13990000,142624,坡道機械,13.01,900000,預售屋、或土地及建物分件登記案件；,RPWNMLKKQHLGFAB18DA,53.84,0.0,7.13,有,
潭子區,房地(土地+建物),臺中市潭子區民生街３號,68.88,都市：其他:第一之二種住宅區,,,1130330,土地5建物1車位0,全,四層,透天厝,住家用,鋼筋混凝土造,1140522,148.2,4,2,3,有,無,21300000,143725,,0.0,0,另有一樓平面專有部分停車位1個。預售屋、或土地及建物分件登記案件；,RPVNMLNJIIKGFHB18DA,124.2,0.0,24.0,無,
北屯區,房地(土地+建物)+車位,臺中市北屯區榮德路３９８號八樓之２,37.1,都市：其他:第一之一種住宅區,,,1130329,土地1建物1車位1,八層,十三層,住宅大樓(11層含以上有電梯),住家用,鋼筋混凝土造,1150621,167.79,3,2,2,有,有,24380000,168908,坡道平面,36.18,2150000,預售屋、或土地及建物分件登記案件；,RPQUMLQJPHLGFBB78DA,76.52,0.0,8.14,有,
北屯區,房地(土地+建物)+車位,臺中市北屯區榮德路３９８號十樓之１,37.09,都市：其他:第一之一種住宅區,,,1130314,土地1建物1車位1,十層,十三層,住宅大樓(11層含以上有電梯),住家用,鋼筋混凝土造,1150621,167.68,3,2,2,有,有,24780000,171331,坡道平面,36.18,2250000,預售屋、或土地及建物分件登記案件；,RPSVMLQJPHLGFBB09DA,76.45,0.0,8.14,有,
北屯區,房地(土地+建物)+車位,臺中市北屯區榮德路３９８號十二樓之１,37.1,都市：其他:第一之一種住宅區,,,1130302,土地1建物1車位2,十二層,十三層,住宅大樓(11層含以上有電梯),住家用,鋼筋混凝土造,1150621,203.97,3,2,2,有,有,27170000,173771,坡道平面,72.36,4300000,預售屋、或土地及建物分件登記案件；,RPQWMLQJPHLGFBB98DA,76.52,0.0,8.14,有,
太平區,房地(土地+建物)+車位,臺中市太平區樹德五街１７號三樓之３,29.76,都市：其他:住宅區,,,1130320,土地1建物1車位1,三層,十五層,住宅大樓(11層含以上有電梯),住家用,鋼筋混凝土造,1150512,169.10000000000002,3,2,2,有,有,15850000,109695,坡道平面,39.65,1650000,預售屋、或土地及建物分件登記案件；,RPWNMLLKQHLGFJB56DA,75.77,0.0,8.57,有,
龍井區,房地(土地+建物),臺中市龍井區南社一街３７巷９弄２號,137.63,都市：其他:第二種住宅區,,,1130327,土地4建物1車位0,全,三層,透天厝,住家用,鋼筋混凝土造,1150305,179.88,4,1,4,有,有,17580000,97732,,0.0,0,預售屋、或土地及建物分件登記案件；,RPOOMLNKQHLGFKB78DA,175.23,0.0,4.39,無,
龍井區,房地(土地+建物),臺中市龍井區南社一街３７巷９弄９號,107.93,都市：其他:第二種住宅區,,,1130303,土地5建物1車位0,全,三層,透天厝,住家用,鋼筋混凝土造,1150305,162.72,4,1,4,有,有,14580000,89602,,0.0,0,預售屋、或土地及建物分件登記案件；,RPROMLNKQHLGFKB09DA,158.07,0.0,4.39,無,
龍井區,房地(土地+建物),臺中市龍井區南社一街３７巷９弄１１號,107.93,都市：其他:第二種住宅區,,,1130309,土地5建物1車位0,全,三層,透天厝,住家用,鋼筋混凝土造,1150305,162.72,4,1,4,有,有,14580000,89602,,0.0,0,預售屋、或土地及建物分件登記案件；,RPSOMLNKQHLGFKB56DA,158.07,0.0,4.39,無,
北屯區,房地(土地+建物)+車位,臺中市北屯區敦富路８１８號十三樓之６,22.63,都市：其他:第二之一種住宅區,,,1130228,土地1建物1車位2,十三層,十五層,住宅大樓(11層含以上有電梯),住家用,鋼筋混凝土造,1150613,213.49,3,2,2,有,有,25090000,145962,坡道平面,69.0,4000000,115.05.13配偶間讓渡權利範圍1/2，讓渡金額2509萬。預售屋、或土地及建物分件登記案件；,RPPNNLMLPHLGFBB87DA,84.65,0.0,10.46,有,
后里區,房地(土地+建物)+車位,臺中市后里區民生路１００號六樓之１,27.44,都市：其他:住宅區,,,1130215,土地1建物1車位1,六層,十三層,住宅大樓(11層含以上有電梯),住家用,鋼筋混凝土造,1150510,153.0,3,2,2,有,有,15250000,107042,坡道平面,25.48,1600000,預售屋、或土地及建物分件登記案件；,RPRPMLSLPHLGFDB98DA,75.9,0.0,8.32,有,
后里區,房地(土地+建物)+車位,臺中市后里區民生路１００號十二樓之３,26.62,都市：其他:住宅區,,,1130203,土地1建物1車位1,十二層,十三層,住宅大樓(11層含以上有電梯),住家用,鋼筋混凝土造,1150510,149.26,3,2,2,有,有,15450000,111892,坡道平面,25.48,1600000,預售屋、或土地及建物分件登記案件；,RPRQMLTLPHLGFDB56DA,74.05,0.0,7.66,有,
豐原區,房地(土地+建物)+車位,臺中市豐原區豐原大道三段２３９巷１０８號五樓之１,19.44,都市：其他:第二種住宅區,,,1130203,土地1建物1車位1,五層,十四層,住宅大樓(11層含以上有電梯),住家用,鋼筋混凝土造,1150424,114.69999999999999,2,2,1,有,有,11220000,114362,坡道平面,32.33,1800000,預售屋、或土地及建物分件登記案件；,RPUPMLLKOHLGFDB38DA,50.84,0.0,3.6,有,
豐原區,房地(土地+建物)+車位,臺中市豐原區豐原大道三段２３９巷１０８號七樓之３,19.51,都市：其他:第二種住宅區,,,1130227,土地1建物1車位1,七層,十四層,住宅大樓(11層含以上有電梯),住家用,鋼筋混凝土造,1150424,114.78999999999999,2,2,1,有,有,11500000,116420,坡道平面,32.33,1900000,預售屋、或土地及建物分件登記案件；,RPRUMLLKOHLGFDB58DA,50.91,0.0,3.6,有,
豐原區,房地(土地+建物),臺中市豐原區豐原大道三段２３９巷１０６號九樓之７,19.51,都市：其他:第二種住宅區,,,1130227,土地1建物1車位0,九層,十四層,住宅大樓(11層含以上有電梯),住家用,鋼筋混凝土造,1150424,82.46,2,2,1,有,有,9760000,118360,,0.0,0,預售屋、或土地及建物分件登記案件；,RPWPMLMKOHLGFDB68DA,50.91,0.0,3.6,有,
豐原區,房地(土地+建物)+車位,臺中市豐原區豐原大道三段２３９巷１０８號九樓之６,17.75,都市：其他:第二種住宅區,,,1130225,土地1建物1車位1,九層,十四層,住宅大樓(11層含以上有電梯),住家用,鋼筋混凝土造,1150424,107.31,2,2,1,有,有,10750000,118698,坡道平面,32.33,1850000,預售屋、或土地及建物分件登記案件；,RPQQMLMKOHLGFDB18DA,45.95,0.0,3.6,有,
豐原區,房地(土地+建物)+車位,臺中市豐原區豐原大道三段２３９巷１０８號十二樓之７,19.44,都市：其他:第二種住宅區,,,1130224,土地1建物1車位1,十二層,十四層,住宅大樓(11層含以上有電梯),住家用,鋼筋混凝土造,1150424,114.69999999999999,2,2,1,有,有,11480000,116304,坡道平面,32.33,1900000,預售屋、或土地及建物分件登記案件；,RPXPMLOKOHLGFDB98DA,50.84,0.0,3.6,有,
南區,房地(土地+建物)+車位,臺中市南區福田二街１７０號八樓之７,29.99,都市：其他:第三種住宅區。,,,1130223,土地2建物1車位2,八層,十五層,住宅大樓(11層含以上有電梯),住家用,鋼筋混凝土造,1150516,217.14,4,2,2,有,有,24880000,133071,坡道平面,54.22,3200000,預售屋、或土地及建物分件登記案件；,RPTSMLRLPHLGFAB09DA,96.15,0.0,11.19,有,
西屯區,房地(土地+建物),臺中市西屯區中清路二段１２５０巷３５號二樓之１,13.05,都市：其他:第二種住宅區,,,1130225,土地4建物1車位0,二層,六層,華廈(10層含以下有電梯),住家用,鋼筋混凝土造,1150512,55.83,1,1,1,有,有,10300000,184489,,0.0,0,毛胚屋；預售屋、或土地及建物分件登記案件；,RPSOMLNKQHLGFCB38DA,31.01,0.0,2.5,有,
中區,房地(土地+建物)+車位,臺中市中區民權路１８０號六樓之５,11.72,都市：其他:第二種商業區,,,1130208,土地2建物1車位1,六層,十二層,住宅大樓(11層含以上有電梯),住家用,鋼筋混凝土造,1150524,104.78999999999999,2,2,1,有,有,14210000,145021,坡道機械,13.01,900000,預售屋、或土地及建物分件登記案件；,RPPOMLKKQHLGFAB57DA,53.84,0.0,7.13,有,
龍井區,房地(土地+建物)+車位,臺中市龍井區遊園北路２０８巷１６號二樓之３,24.46,都市：其他:第三種住宅區。,,,1130205,土地1建物1車位1,二層,八層,華廈(10層含以下有電梯),住家用,鋼筋混凝土造,1150130,134.13,2,2,1,有,有,12510000,110394,坡道平面,38.02,1900000,預售屋、或土地及建物分件登記案件；,RPOOMLNJQHLGFKB68DA,55.55,0.0,5.07,有,
太平區,房地(土地+建物)+車位,臺中市太平區樹德五街１７號十二樓之３,29.76,都市：其他:住宅區,,,1130204,土地1建物1車位1,十二層,十五層,住宅大樓(11層含以上有電梯),住家用,鋼筋混凝土造,1150512,169.10000000000002,3,2,2,有,有,17100000,118965,坡道平面,39.65,1700000,預售屋、或土地及建物分件登記案件；,RPTOMLLKQHLGFJB98DA,75.77,0.0,8.57,有,
北屯區,房地(土地+建物)+車位,臺中市北屯區榮富街６３號,26.88,都市：其他:第一之一種住宅區,,,1130218,土地1建物1車位2,一層,八層,華廈(10層含以下有電梯),其他,鋼筋混凝土造,1150526,132.92000000000002,0,1,1,有,有,20000000,213764,坡道平面,56.2,3600000,增購1車位170萬元整預售屋、或土地及建物分件登記案件；,RPRPMLLJPHLGFBB87DA,50.64,0.0,0.0,有,
西屯區,房地(土地+建物)+車位,臺中市西屯區同志巷６０之１１號,102.38,都市：其他:農業區,,,1130201,土地5建物1車位1,全,四層,透天厝,住家用,鋼筋混凝土造,1150212,239.22,5,3,6,有,無,29900000,124990,一樓平面,0.0,0,預售屋、或土地及建物分件登記案件；,RPQOMLMJPHLGFCB87DA,229.65,0.0,9.5,有,
太平區,房地(土地+建物)+車位,臺中市太平區育才路１６９號九樓之１,37.22,都市：其他:住宅區,,,1130206,土地1建物1車位2,九層,十五層,住宅大樓(11層含以上有電梯),住家用,鋼筋混凝土造,1150113,235.22,4,2,3,有,有,22400000,108805,坡道平面,56.46,2950000,預售屋、或土地及建物分件登記案件；,RPTNMLSJPHLGFJB76DA,108.93,0.0,11.65,有,
北屯區,房地(土地+建物)+車位,臺中市北屯區敦富路８１８號五樓之３,21.83,都市：其他:第二之一種住宅區,,,1130115,土地1建物1車位1,五層,十五層,住宅大樓(11層含以上有電梯),住家用,鋼筋混凝土造,1150613,173.81,3,2,2,有,有,21590000,140622,坡道平面,34.5,2000000,預售屋、或土地及建物分件登記案件；,RPURMLLLPHLGFBB58DA,81.34,0.0,10.4,有,
北屯區,房地(土地+建物)+車位,臺中市北屯區敦富路８１８號十三樓之３,21.83,都市：其他:第二之一種住宅區,,,1130107,土地1建物1車位2,十三層,十五層,住宅大樓(11層含以上有電梯),住家用,鋼筋混凝土造,1150613,208.31,3,2,2,有,有,23660000,145431,坡道平面,69.0,3400000,預售屋、或土地及建物分件登記案件；,RPWSMLLLPHLGFBB88DA,81.34,0.0,10.4,有,
北屯區,房地(土地+建物)+車位,臺中市北屯區敦富路８１８號六樓之７,22.83,都市：其他:第二之一種住宅區,,,1130127,土地1建物1車位1,六層,十五層,住宅大樓(11層含以上有電梯),住家用,鋼筋混凝土造,1150613,180.19,3,2,2,有,有,23850000,149976,坡道平面,34.5,2000000,預售屋、或土地及建物分件登記案件；,RPUNMLNLPHLGFBB38DA,85.24,0.0,10.7,有,
后里區,房地(土地+建物)+車位,臺中市后里區民生路１００號八樓之５,26.17,都市：其他:住宅區,,,1130126,土地1建物1車位1,八層,十三層,住宅大樓(11層含以上有電梯),住家用,鋼筋混凝土造,1150510,147.07999999999998,3,2,2,有,有,14740000,107648,坡道平面,25.48,1650000,預售屋、或土地及建物分件登記案件；,RPWQMLSLPHLGFDB96DA,72.27,0.0,8.0,有,
后里區,房地(土地+建物)+車位,臺中市后里區民生路１００號十樓之３,26.62,都市：其他:住宅區,,,1130105,土地1建物1車位1,十層,十三層,住宅大樓(11層含以上有電梯),住家用,鋼筋混凝土造,1150510,149.26,3,2,2,有,有,15500000,111488,坡道平面,25.48,1700000,預售屋、或土地及建物分件登記案件；,RPOPMLTLPHLGFDB78DA,74.05,0.0,7.66,有,
后里區,房地(土地+建物)+車位,臺中市后里區民生路１００號十一樓之１,27.44,都市：其他:住宅區,,,1130102,土地1建物1車位1,十一層,十三層,住宅大樓(11層含以上有電梯),住家用,鋼筋混凝土造,1150510,153.0,3,2,2,有,有,16100000,112923,坡道平面,25.48,1700000,預售屋、或土地及建物分件登記案件；,RPTPMLTLPHLGFDB66DA,75.9,0.0,8.32,有,
南區,房地(土地+建物)+車位,臺中市南區復興路三段１６５號十樓之２,20.4,都市：其他:第二種住宅區,,,1130113,土地2建物1車位1,十層,十二層,住宅大樓(11層含以上有電梯),住家用,鋼筋混凝土造,1150606,152.47,3,2,2,有,有,18960000,141576,坡道平面,30.91,1750000,預售屋、或土地及建物分件登記案件；,RPWNMLPLOHLGFAB58DA,72.45,0.0,7.95,有,
南區,房地(土地+建物)+車位,臺中市南區復興路三段１６５號四樓之１,19.62,都市：其他:第二種住宅區,,,1130130,土地2建物1車位1,四層,十二層,住宅大樓(11層含以上有電梯),住家用,鋼筋混凝土造,1150606,147.85000000000002,3,2,2,有,有,16390000,127587,坡道平面,30.91,1470000,預售屋、或土地及建物分件登記案件；,RPSOMLPLOHLGFAB28DA,69.41,0.0,7.93,有,
豐原區,房地(土地+建物)+車位,臺中市豐原區豐原大道三段２３９巷１０８號七樓之２,20.78,都市：其他:第二種住宅區,,,1130121,土地1建物1車位1,七層,十四層,住宅大樓(11層含以上有電梯),住家用,鋼筋混凝土造,1150424,120.38,2,2,1,有,有,12180000,117320,坡道平面,32.33,1850000,預售屋、或土地及建物分件登記案件；,RPQUMLLKOHLGFDB48DA,54.6,0.0,3.6,有,
豐原區,房地(土地+建物)+車位,臺中市豐原區豐原大道三段２３９巷１０８號八樓之５,19.44,都市：其他:第二種住宅區,,,1130114,土地1建物1車位1,八層,十四層,住宅大樓(11層含以上有電梯),住家用,鋼筋混凝土造,1150424,114.69999999999999,2,2,1,有,有,11250000,114119,坡道平面,32.33,1850000,預售屋、或土地及建物分件登記案件；,RPQOMLMKOHLGFDB97DA,50.84,0.0,3.6,有,
豐原區,房地(土地+建物)+車位,臺中市豐原區豐原大道三段２３９巷１０８號十一樓之７,19.44,都市：其他:第二種住宅區,,,1130122,土地1建物1車位1,十一層,十四層,住宅大樓(11層含以上有電梯),住家用,鋼筋混凝土造,1150424,114.69999999999999,2,2,1,有,有,11380000,115090,坡道平面,32.33,1900000,預售屋、或土地及建物分件登記案件；,RPPPMLOKOHLGFDB18DA,50.84,0.0,3.6,有,
南區,房地(土地+建物)+車位,臺中市南區福田二街１７０號十四樓之７,29.99,都市：其他:第三種住宅區。,,,1130106,土地2建物1車位2,十四層,十五層,住宅大樓(11層含以上有電梯),住家用,鋼筋混凝土造,1150516,217.14,4,2,2,有,有,24170000,130555,坡道平面,54.22,2900000,預售屋、或土地及建物分件登記案件；,RPSPMLOJPHLGFAB18DA,96.15,0.0,11.19,有,
南區,房地(土地+建物)+車位,臺中市南區福田二街１７２號八樓之６,23.4,都市：其他:第三種住宅區。,,,1130109,土地2建物1車位1,八層,十五層,住宅大樓(11層含以上有電梯),住家用,鋼筋混凝土造,1150516,154.60000000000002,3,2,2,有,有,17300000,122363,坡道平面,27.11,1700000,預售屋、或土地及建物分件登記案件；,RPQOMLLLPHLGFAB77DA,76.51,0.0,7.44,有,
南區,房地(土地+建物)+車位,臺中市南區福田二街１７０號十四樓之６,30.25,都市：其他:第三種住宅區。,,,1130119,土地2建物1車位2,十四層,十五層,住宅大樓(11層含以上有電梯),住家用,鋼筋混凝土造,1150516,219.03,4,2,2,有,有,26200000,137128,坡道平面,54.22,3600000,預售屋、或土地及建物分件登記案件；,RPQPMLLLPHLGFAB87DA,98.24,0.0,10.29,有,
南區,房地(土地+建物)+車位,臺中市南區福田二街１７６號八樓之１,24.56,都市：其他:第三種住宅區。,,,1130102,土地2建物1車位1,八層,十五層,住宅大樓(11層含以上有電梯),住家用,鋼筋混凝土造,1150516,160.51999999999998,3,2,2,有,有,18650000,127052,坡道平面,27.11,1700000,115年1月29日權利讓渡預售屋、或土地及建物分件登記案件；,RPXPMLRLPHLGFAB56DA,80.4,0.0,7.51,有,
中區,房地(土地+建物)+車位,臺中市中區民權路１８０號十一樓之５,11.72,都市：其他:第二種商業區,,,1130107,土地2建物1車位1,十一層,十二層,住宅大樓(11層含以上有電梯),住家用,鋼筋混凝土造,1150524,117.78,2,2,1,有,有,15850000,148725,坡道平面,26.0,2200000,預售屋、或土地及建物分件登記案件；,RPPQMLKKQHLGFAB77DA,53.84,0.0,7.13,有,
西屯區,房地(土地+建物)+車位,臺中市西屯區青海南街２３３號十三樓之２,14.83,都市：其他:第二種住宅區,,,1130107,土地1建物1車位1,十三層,二十三層,住宅大樓(11層含以上有電梯),住家用,鋼筋混凝土造,1150407,117.78999999999999,2,1,1,有,有,17600000,183957,坡道平面,34.89,2350000,預售屋、或土地及建物分件登記案件；,RPUOMLKMPHLGFCB38DA,48.33,0.0,4.02,有,
南屯區,房地(土地+建物)+車位,臺中市南屯區建功路６９號二十樓之１,14.6,都市：其他:第五種住宅區,,,1130106,土地1建物1車位1,二十層,二十三層,住宅大樓(11層含以上有電梯),住家用,鋼筋混凝土造,1141226,158.44,3,2,2,有,有,17860000,121013,坡道平面,26.14,1850000,預售屋、或土地及建物分件登記案件；,RPRQMLPJQHLGFCB58DA,75.35,0.0,11.58,有,
北屯區,房地(土地+建物)+車位,臺中市北屯區榮德路３９８號二樓之３,28.6,都市：其他:第一之一種住宅區,,,1130109,土地1建物1車位1,二層,十三層,住宅大樓(11層含以上有電梯),住家用,鋼筋混凝土造,1150621,137.63,2,2,2,有,有,18460000,161262,坡道平面,36.18,2100000,預售屋、或土地及建物分件登記案件；,RPQQMLQJPHLGFBB38DA,58.63,0.0,6.64,有,
北屯區,房地(土地+建物)+車位,臺中市北屯區榮德路３９８號二樓之５,28.6,都市：其他:第一之一種住宅區,,,1130110,土地1建物1車位1,二層,十三層,住宅大樓(11層含以上有電梯),住家用,鋼筋混凝土造,1150621,137.63,2,2,2,有,有,20150000,178906,坡道平面,36.18,2000000,115.05.26讓渡權利於新所有權人，讓渡金額2015萬元整。預售屋、或土地及建物分件登記案件；,RPWPMLTJPHLGFBB56DA,58.63,0.0,6.64,有,
西屯區,房地(土地+建物)+車位,臺中市西屯區同志巷６０之３１號,77.53,都市：其他:農業區,,,1130124,土地4建物1車位1,全,四層,透天厝,住家用,鋼筋混凝土造,1150212,239.95,4,3,5,有,無,29800000,124193,一樓平面,0.0,0,預售屋、或土地及建物分件登記案件；,RPWPMLTLOHLGFCB76DA,230.57,0.0,9.31,有,
西屯區,房地(土地+建物)+車位,臺中市西屯區同志巷６０之８號,115.01,都市：其他:農業區,,,1130128,土地5建物1車位1,全,四層,透天厝,住家用,鋼筋混凝土造,1150212,229.78,4,3,5,有,無,29000000,126208,一樓平面,0.0,0,預售屋、或土地及建物分件登記案件；,RPTQMLMJPHLGFCB38DA,221.04,0.0,8.67,有,
西屯區,房地(土地+建物)+車位,臺中市西屯區同志巷６０之９號,119.25,都市：其他:農業區,,,1130128,土地6建物1車位1,全,四層,透天厝,住家用,鋼筋混凝土造,1150212,229.78,4,3,5,有,無,29000000,126208,一樓平面,0.0,0,預售屋、或土地及建物分件登記案件；,RPUQMLMJPHLGFCB48DA,221.04,0.0,8.67,有,
龍井區,房地(土地+建物),臺中市龍井區南社一街３７巷９弄１０號,87.27,都市：其他:第二種住宅區,,,1130120,土地4建物1車位0,全,四層,透天厝,住家用,鋼筋混凝土造,1150305,185.01,4,1,5,有,有,12880000,69618,,0.0,0,預售屋、或土地及建物分件登記案件；,RPQOMLNKQHLGFKB98DA,179.2,0.0,5.55,無,
北屯區,房地(土地+建物)+車位,臺中市北屯區敦富路８１８號六樓之５,21.27,都市：其他:第二之一種住宅區,,,1121227,土地1建物1車位1,六層,十五層,住宅大樓(11層含以上有電梯),住家用,鋼筋混凝土造,1150613,170.25,3,2,2,有,有,21630000,145341,坡道平面,34.5,1900000,預售屋、或土地及建物分件登記案件；,RPSTMLLLPHLGFBB58DA,78.11,0.0,11.25,有,
北屯區,房地(土地+建物)+車位,臺中市北屯區敦富路８１８號九樓之７,22.83,都市：其他:第二之一種住宅區,,,1121225,土地1建物1車位1,九層,十五層,住宅大樓(11層含以上有電梯),住家用,鋼筋混凝土造,1150613,180.19,3,2,2,有,有,24210000,151761,坡道平面,34.5,2100000,預售屋、或土地及建物分件登記案件；,RPXNMLNLPHLGFBB68DA,85.24,0.0,10.7,有,
豐原區,房地(土地+建物)+車位,臺中市豐原區豐原大道三段２３９巷１１０號三樓之３,26.2,都市：其他:第二種住宅區,,,1121231,土地1建物1車位1,三層,十四層,住宅大樓(11層含以上有電梯),住家用,鋼筋混凝土造,1150424,143.16,3,2,2,有,有,14730000,115763,坡道平面,32.33,1900000,預售屋、或土地及建物分件登記案件；,RPXPMLTJOHLGFDB76DA,68.26,0.0,4.99,有,
豐原區,房地(土地+建物)+車位,臺中市豐原區豐原大道三段２３９巷１１０號四樓之３,26.2,都市：其他:第二種住宅區,,,1121216,土地1建物1車位1,四層,十四層,住宅大樓(11層含以上有電梯),住家用,鋼筋混凝土造,1150424,143.16,3,2,2,有,有,13880000,109447,坡道平面,32.33,1750000,預售屋、或土地及建物分件登記案件；,RPOOMLLKOHLGFDB67DA,68.26,0.0,4.99,有,
豐原區,房地(土地+建物)+車位,臺中市豐原區豐原大道三段２３９巷１０６號九樓之６,19.44,都市：其他:第二種住宅區,,,1121201,土地1建物1車位1,九層,十四層,住宅大樓(11層含以上有電梯),住家用,鋼筋混凝土造,1150424,114.69999999999999,2,2,1,有,有,11320000,114362,坡道平面,32.33,1900000,預售屋、或土地及建物分件登記案件；,RPVPMLMKOHLGFDB58DA,50.84,0.0,3.6,有,
北屯區,房地(土地+建物)+車位,臺中市北屯區崇德二路二段２６６號十七樓之６,21.42,都市：其他:第一種商業區,,,1121216,土地1建物1車位1,十七層,二十二層,住宅大樓(11層含以上有電梯),住家用,鋼筋混凝土造,1150121,179.36,3,2,2,有,有,30750000,184815,坡道平面,29.21,3000000,預售屋、或土地及建物分件登記案件；,RPOPMLQJNHLGFBB87DA,91.09,0.0,8.24,有,
南屯區,房地(土地+建物)+車位,臺中市南屯區大墩十二街１００１號,86.82,都市：其他:第一之B種住宅區,,,1121212,土地3建物1車位1,全,四層,透天厝,住家用,鋼筋混凝土造,1141218,196.81,4,2,5,有,有,39200000,199177,一樓平面,0.0,0,預售屋、或土地及建物分件登記案件；,RPPPMLRJQHLGFCB48DA,169.6,0.0,27.21,有,
南屯區,房地(土地+建物)+車位,臺中市南屯區大墩十二街９９５號,79.98,都市：其他:第一之B種住宅區,,,1121215,土地3建物1車位1,全,四層,透天厝,住家用,鋼筋混凝土造,1141218,194.83,4,2,5,有,有,38800000,199148,一樓平面,0.0,0,預售屋、或土地及建物分件登記案件；,RPRVMLRJQHLGFCB66DA,169.6,0.0,25.23,有,
烏日區,房地(土地+建物)+車位,臺中市烏日區日新街５６巷３號六樓之３,29.73,都市：其他:第三種住宅區。,,,1121229,土地1建物1車位1,六層,十一層,住宅大樓(11層含以上有電梯),住家用,鋼筋混凝土造,1150513,150.18,3,2,2,有,有,16600000,118504,坡道平面,25.29,1800000,預售屋、或土地及建物分件登記案件；,RPRSMLOJPHLGFIB56DA,73.8,0.0,7.58,有,
烏日區,房地(土地+建物)+車位,臺中市烏日區日新街５６巷３號九樓之２,32.07,都市：其他:第三種住宅區。,,,1121208,土地1建物1車位2,九層,十一層,住宅大樓(11層含以上有電梯),住家用,鋼筋混凝土造,1150513,184.69,3,2,2,有,有,19520000,120945,坡道平面,50.58,3300000,預售屋、或土地及建物分件登記案件；,RPTOMLOLPHLGFIB56DA,80.26,0.0,7.13,有,
南區,房地(土地+建物)+車位,臺中市南區福田二街１７６號六樓之３,23.53,都市：其他:第三種住宅區。,,,1121209,土地2建物1車位1,六層,十五層,住宅大樓(11層含以上有電梯),住家用,鋼筋混凝土造,1150516,155.54,3,2,2,有,有,17300000,121467,坡道平面,27.11,1700000,預售屋、或土地及建物分件登記案件；,RPWQMLOJPHLGFAB68DA,77.64,0.0,6.96,有,
南區,房地(土地+建物)+車位,臺中市南區福田二街１７０號十三樓之７,29.99,都市：其他:第三種住宅區。,,,1121222,土地2建物1車位3,十三層,十五層,住宅大樓(11層含以上有電梯),住家用,鋼筋混凝土造,1150516,244.25,4,2,2,有,有,25530000,130002,坡道平面,81.33,4350000,預售屋、或土地及建物分件登記案件；,RPPPMLLLPHLGFAB77DA,96.15,0.0,11.19,有,
南區,房地(土地+建物)+車位,臺中市南區福田二街１８０號五樓之７,23.14,都市：其他:第三種住宅區。,,,1121229,土地2建物1車位1,五層,十五層,住宅大樓(11層含以上有電梯),住家用,鋼筋混凝土造,1150516,153.36,3,2,2,有,有,17200000,122772,坡道平面,27.11,1700000,預售屋、或土地及建物分件登記案件；,RPUOMLRLPHLGFAB78DA,76.81,0.0,6.33,有,
南區,房地(土地+建物)+車位,臺中市南區福田二街１７６號七樓之３,23.53,都市：其他:第三種住宅區。,,,1121225,土地2建物1車位2,七層,十五層,住宅大樓(11層含以上有電梯),住家用,鋼筋混凝土造,1150516,182.64999999999998,3,2,2,有,有,18750000,121856,坡道平面,54.22,3100000,預售屋、或土地及建物分件登記案件；,RPTPMLRLPHLGFAB78DA,77.64,0.0,6.96,有,
南區,房地(土地+建物)+車位,臺中市南區福田二街１７６號十四樓之６,25.33,都市：其他:第三種住宅區。,,,1121204,土地2建物1車位2,十四層,十五層,住宅大樓(11層含以上有電梯),住家用,鋼筋混凝土造,1150516,192.36,3,2,2,有,有,21080000,128710,坡道平面,54.22,3300000,預售屋、或土地及建物分件登記案件；,RPQRMLRLPHLGFAB68DA,83.03,0.0,7.94,有,
中區,房地(土地+建物)+車位,臺中市中區民權路１８０號七樓之３,14.55,都市：其他:第二種商業區,,,1121225,土地2建物1車位1,七層,十二層,住宅大樓(11層含以上有電梯),住家用,鋼筋混凝土造,1150524,140.01,3,2,2,有,有,18600000,145601,坡道平面,26.0,2000000,本筆為不動產讓渡案件，於民國115年4月20日由配偶讓渡預售屋、或土地及建物分件登記案件；,RPROMLKKQHLGFAB77DA,68.15,0.0,7.59,有,
南屯區,房地(土地+建物)+車位,臺中市南屯區建功路６５號七樓之５,13.83,都市：其他:第五種住宅區,,,1121231,土地1建物1車位1,七層,二十三層,住宅大樓(11層含以上有電梯),住家用,鋼筋混凝土造,1141226,148.3,3,2,2,有,有,15600000,112557,坡道平面,26.14,1850000,預售屋、或土地及建物分件登記案件；,RPORMLPJQHLGFCB38DA,72.39,0.0,7.86,有,
南屯區,房地(土地+建物)+車位,臺中市南屯區建功路６９號十六樓之７,10.75,都市：其他:第五種住宅區,,,1121216,土地1建物1車位1,十六層,二十三層,住宅大樓(11層含以上有電梯),住家用,鋼筋混凝土造,1141226,123.55000000000001,2,2,1,有,有,13340000,117955,坡道平面,26.14,1850000,預售屋、或土地及建物分件登記案件；,RPRRMLPJQHLGFCB68DA,57.83,0.0,6.13,有,
大甲區,房地(土地+建物)+車位,臺中市大甲區甲后路五段４５３巷８９號三樓之２,30.13,都市：其他:住宅區,,,1121224,土地1建物1車位1,三層,九層,華廈(10層含以下有電梯),住家用,鋼筋混凝土造,1150313,130.37,3,2,2,有,有,10660000,85259,坡道平面,20.0,1250000,預售屋、或土地及建物分件登記案件；,RPRNMLRLPHLGFEB78DA,68.86,0.0,6.63,有,
北屯區,房地(土地+建物)+車位,臺中市北屯區榮德路３９８號七樓之５,28.6,都市：其他:第一之一種住宅區,,,1121208,土地1建物1車位1,七層,十三層,住宅大樓(11層含以上有電梯),住家用,鋼筋混凝土造,1150621,137.63,2,2,2,有,有,19180000,169345,坡道平面,36.18,2000000,預售屋、或土地及建物分件登記案件；,RPXTMLQJPHLGFBB76DA,58.63,0.0,6.64,有,
神岡區,房地(土地+建物)+車位,臺中市神岡區神林路９０巷１５之５號五樓之１,29.55,,特定農業區,甲種建築用地,1121221,土地1建物1車位1,五層,九層,華廈(10層含以下有電梯),住家用,鋼筋混凝土造,1150515,146.39,3,2,2,有,有,12880000,102257,坡道平面,36.08,1600000,預售屋、或土地及建物分件登記案件；,RPPNMLMJPHLGFDB77DA,69.63,0.0,4.28,有,
大甲區,房地(土地+建物)+車位,臺中市大甲區甲后路五段４５３巷８９號八樓之１,27.47,都市：其他:住宅區,,,1121230,土地1建物1車位1,八層,九層,華廈(10層含以下有電梯),住家用,鋼筋混凝土造,1150313,113.49000000000001,3,2,2,有,有,9500000,89188,坡道機械,12.58,500000,預售屋、或土地及建物分件登記案件；,RPPOMLOLPHLGFEB38DA,65.98,0.0,3.13,有,
龍井區,房地(土地+建物),臺中市龍井區南社一街３７巷９弄８號,109.01,都市：其他:第二種住宅區,,,1121231,土地4建物1車位0,全,三層,透天厝,住家用,鋼筋混凝土造,1150305,166.89,4,1,4,有,有,13880000,83169,,0.0,0,預售屋、或土地及建物分件登記案件；,RPPOMLNKQHLGFKB88DA,160.32,0.0,6.31,無,
北屯區,房地(土地+建物)+車位,臺中市北屯區敦富路８１８號十樓之２,24.06,都市：其他:第二之一種住宅區,,,1121118,土地1建物1車位2,十層,十五層,住宅大樓(11層含以上有電梯),住家用,鋼筋混凝土造,1150613,221.47,3,2,2,有,有,27230000,153250,坡道平面,67.93,3700000,預售屋、或土地及建物分件登記案件；,RPVQMLLLPHLGFBB58DA,88.23,0.0,12.86,有,
北屯區,房地(土地+建物)+車位,臺中市北屯區敦富路８１８號九樓之３,21.83,都市：其他:第二之一種住宅區,,,1121125,土地1建物1車位2,九層,十五層,住宅大樓(11層含以上有電梯),住家用,鋼筋混凝土造,1150613,208.31,3,2,2,有,有,23330000,143062,坡道平面,69.0,3400000,預售屋、或土地及建物分件登記案件；,RPRSMLLLPHLGFBB38DA,81.34,0.0,10.4,有,
北屯區,房地(土地+建物)+車位,臺中市北屯區敦富路８１８號八樓之７,22.83,都市：其他:第二之一種住宅區,,,1121102,土地1建物1車位2,八層,十五層,住宅大樓(11層含以上有電梯),住家用,鋼筋混凝土造,1150613,214.69,3,2,2,有,有,25720000,151143,坡道平面,69.0,3700000,預售屋、或土地及建物分件登記案件；,RPWNMLNLPHLGFBB58DA,85.24,0.0,10.7,有,
北屯區,房地(土地+建物)+車位,臺中市北屯區敦富路８１８號十二樓之７,22.83,都市：其他:第二之一種住宅區,,,1121125,土地1建物1車位1,十二層,十五層,住宅大樓(11層含以上有電梯),住家用,鋼筋混凝土造,1150613,180.19,3,2,2,有,有,24380000,153614,坡道平面,34.5,2000000,115.02.05 辦理配偶間讓渡。預售屋、或土地及建物分件登記案件；,RPPOMLNLPHLGFBB97DA,85.24,0.0,10.7,有,
北屯區,房地(土地+建物)+車位,臺中市北屯區敦富路８１８號十四樓之１０,16.78,都市：其他:第二之一種住宅區,,,1121108,土地1建物1車位1,十四層,十五層,住宅大樓(11層含以上有電梯),住家用,鋼筋混凝土造,1150613,141.49,2,2,2,有,有,17290000,143845,坡道平面,34.5,1900000,預售屋、或土地及建物分件登記案件；,RPQONLNLPHLGFBB18DA,61.48,0.0,8.93,有,
北屯區,房地(土地+建物)+車位,臺中市北屯區敦富路８１８號二樓之１１,16.84,都市：其他:第二之一種住宅區,,,1121125,土地1建物1車位1,二層,十五層,住宅大樓(11層含以上有電梯),住家用,鋼筋混凝土造,1150613,141.96,2,2,2,有,有,18050000,150288,坡道平面,34.5,1900000,預售屋、或土地及建物分件登記案件；,RPUONLNLPHLGFBB58DA,63.13,0.0,7.66,有,
北屯區,房地(土地+建物)+車位,臺中市北屯區敦富路８１８號三樓之１１,17.07,都市：其他:第二之一種住宅區,,,1121117,土地1建物1車位1,三層,十五層,住宅大樓(11層含以上有電梯),住家用,鋼筋混凝土造,1150613,143.39,2,2,2,有,有,18420000,151713,坡道平面,34.5,1900000,預售屋、或土地及建物分件登記案件；,RPVONLNLPHLGFBB68DA,63.13,0.0,8.56,有,
北屯區,房地(土地+建物)+車位,臺中市北屯區敦富路８１８號五樓之１３,17.77,都市：其他:第二之一種住宅區,,,1121111,土地1建物1車位1,五層,十五層,住宅大樓(11層含以上有電梯),住家用,鋼筋混凝土造,1150613,147.87,3,2,2,有,有,19090000,151627,坡道平面,34.5,1900000,預售屋、或土地及建物分件登記案件；,RPOQMLOLPHLGFBB18DA,66.99,0.0,7.62,有,
北屯區,房地(土地+建物)+車位,臺中市北屯區敦富路８１８號十一樓之１３,17.77,都市：其他:第二之一種住宅區,,,1121118,土地1建物1車位1,十一層,十五層,住宅大樓(11層含以上有電梯),住家用,鋼筋混凝土造,1150613,147.87,3,2,2,有,有,19600000,155244,坡道平面,34.5,2000000,115.02.25辦理配偶間讓渡。預售屋、或土地及建物分件登記案件；,RPWQMLOLPHLGFBB98DA,66.99,0.0,7.62,有,
后里區,房地(土地+建物)+車位,臺中市后里區民生路９８號九樓之１,26.33,都市：其他:住宅區,,,1121118,土地1建物1車位1,九層,十三層,住宅大樓(11層含以上有電梯),住家用,鋼筋混凝土造,1150510,147.82,3,2,2,有,有,15180000,111002,坡道平面,25.48,1600000,預售屋、或土地及建物分件登記案件；,RPTOMLTLPHLGFDB56DA,75.96,0.0,4.8,有,
北屯區,房地(土地+建物)+車位,臺中市北屯區敦富路８１８號十樓之１,23.9,都市：其他:第二之一種住宅區,,,1121116,土地1建物1車位2,十層,十五層,住宅大樓(11層含以上有電梯),住家用,鋼筋混凝土造,1150613,221.52,3,2,2,有,有,27470000,153881,坡道平面,69.0,4000000,預售屋、或土地及建物分件登記案件；,RPXOMLLLPHLGFBB58DA,88.15,0.0,12.25,有,
北屯區,房地(土地+建物)+車位,臺中市北屯區敦富路８１８號七樓之３,21.83,都市：其他:第二之一種住宅區,,,1121124,土地1建物1車位1,七層,十五層,住宅大樓(11層含以上有電梯),住家用,鋼筋混凝土造,1150613,173.81,3,2,2,有,有,21760000,141842,坡道平面,34.5,2000000,預售屋、或土地及建物分件登記案件；,RPQSMLLLPHLGFBB28DA,81.34,0.0,10.4,有,
北屯區,房地(土地+建物)+車位,臺中市北屯區敦富路８１８號十二樓之９,16.48,都市：其他:第二之一種住宅區,,,1121114,土地1建物1車位1,十二層,十五層,住宅大樓(11層含以上有電梯),住家用,鋼筋混凝土造,1150613,139.64,2,2,2,有,有,17470000,149990,坡道平面,34.5,1700000,預售屋、或土地及建物分件登記案件；,RPOWMLNLPHLGFBB68DA,64.09,0.0,5.18,有,
豐原區,房地(土地+建物)+車位,臺中市豐原區豐原大道三段２３９巷１１０號十樓之７,27.54,都市：其他:第二種住宅區,,,1121118,土地1建物1車位1,十層,十四層,住宅大樓(11層含以上有電梯),住家用,鋼筋混凝土造,1150424,148.73000000000002,3,2,2,有,有,14930000,112371,坡道平面,32.33,1850000,預售屋、或土地及建物分件登記案件；,RPQOMLOKOHLGFDB18DA,71.95,0.0,4.99,有,
太平區,房地(土地+建物)+車位,臺中市太平區新平路三段２２７號八樓之２,23.64,都市：其他:住宅區,,,1121109,土地1建物1車位1,八層,十四層,住宅大樓(11層含以上有電梯),住家用,鋼筋混凝土造,1150527,119.31,2,2,1,有,有,11460000,112715,坡道平面,32.72,1700000,親友、員工、共有人或其他特殊關係間之交易；預售屋、或土地及建物分件登記案件；,RPWNMLSLPHLGFJB27DA,53.29,0.0,3.88,有,
南區,房地(土地+建物)+車位,臺中市南區福田二街１７８號十樓之６,22.75,都市：其他:第三種住宅區。,,,1121127,土地2建物1車位1,十層,十五層,住宅大樓(11層含以上有電梯),住家用,鋼筋混凝土造,1150516,150.65,3,2,2,有,有,16860000,123523,坡道平面,27.11,1600000,預售屋、或土地及建物分件登記案件；,RPPPMLOJPHLGFAB87DA,74.12,0.0,7.28,有,
南區,房地(土地+建物)+車位,臺中市南區福田二街１８２號七樓之６,24.82,都市：其他:第三種住宅區。,,,1121110,土地2建物1車位1,七層,十五層,住宅大樓(11層含以上有電梯),住家用,鋼筋混凝土造,1150516,162.45,3,2,2,有,有,18480000,124723,坡道平面,27.11,1600000,預售屋、或土地及建物分件登記案件；,RPORMLOJPHLGFAB97DA,81.85,0.0,7.29,有,
南區,房地(土地+建物)+車位,臺中市南區福田二街１８０號十樓之２,29.34,都市：其他:第三種住宅區。,,,1121126,土地2建物1車位2,十層,十五層,住宅大樓(11層含以上有電梯),住家用,鋼筋混凝土造,1150516,213.85000000000002,4,2,2,有,有,23660000,130051,坡道平面,54.22,2900000,預售屋、或土地及建物分件登記案件；,RPWQMLLLPHLGFAB58DA,96.83,0.0,8.34,有,
南區,房地(土地+建物)+車位,臺中市南區福田二街１７６號十樓之６,25.33,都市：其他:第三種住宅區。,,,1121126,土地2建物1車位2,十層,十五層,住宅大樓(11層含以上有電梯),住家用,鋼筋混凝土造,1150516,192.36,3,2,2,有,有,20600000,126683,坡道平面,54.22,3100000,115年1月29日權利讓渡預售屋、或土地及建物分件登記案件；,RPTQMLRLPHLGFAB88DA,83.03,0.0,7.94,有,
南屯區,房地(土地+建物)+車位,臺中市南屯區春安三街１９０號,10.75,都市：其他:第五種住宅區,,,1121105,土地1建物1車位1,一層,二十三層,住宅大樓(11層含以上有電梯),商業用,鋼筋混凝土造,1141226,104.25,0,0,0,無,有,13450000,152349,坡道平面,26.14,1550000,預售屋、或土地及建物分件登記案件；,RPQQMLPJQHLGFCB48DA,60.81,0.0,0.0,有,
南屯區,房地(土地+建物)+車位,臺中市南屯區建功路６９號二十一樓之２,11.52,都市：其他:第五種住宅區,,,1121119,土地1建物1車位1,二十一層,二十三層,住宅大樓(11層含以上有電梯),住家用,鋼筋混凝土造,1141226,126.93,2,2,1,有,有,13170000,115289,坡道平面,26.14,1550000,預售屋、或土地及建物分件登記案件；,RPTQMLPJQHLGFCB78DA,60.7,0.0,5.49,有,
南屯區,房地(土地+建物)+車位,臺中市南屯區建功路６５號二十一樓之１,14.6,都市：其他:第五種住宅區,,,1121105,土地1建物1車位1,二十一層,二十三層,住宅大樓(11層含以上有電梯),住家用,鋼筋混凝土造,1141226,158.16000000000003,3,2,2,有,有,16450000,111725,坡道平面,26.14,1700000,預售屋、或土地及建物分件登記案件；,RPXQMLPJQHLGFCB56DA,72.91,0.0,13.74,有,
南屯區,房地(土地+建物)+車位,臺中市南屯區建功路６５號二十樓之７,11.52,都市：其他:第五種住宅區,,,1121112,土地1建物1車位1,二十層,二十三層,住宅大樓(11層含以上有電梯),住家用,鋼筋混凝土造,1141226,126.93,2,2,1,有,有,13130000,114892,坡道平面,26.14,1550000,預售屋、或土地及建物分件登記案件；,RPPRMLPJQHLGFCB48DA,60.7,0.0,5.49,有,
南屯區,房地(土地+建物)+車位,臺中市南屯區建功路６５號二十二樓之７,11.52,都市：其他:第五種住宅區,,,1121112,土地1建物1車位1,二十二層,二十三層,住宅大樓(11層含以上有電梯),住家用,鋼筋混凝土造,1141226,126.93,2,2,1,有,有,13370000,114297,坡道平面,26.14,1850000,預售屋、或土地及建物分件登記案件；,RPQRMLPJQHLGFCB58DA,60.7,0.0,5.49,有,
南屯區,房地(土地+建物)+車位,臺中市南屯區建功路６９號十六樓之３,11.52,都市：其他:第五種住宅區,,,1121112,土地1建物1車位1,十六層,二十三層,住宅大樓(11層含以上有電梯),住家用,鋼筋混凝土造,1141226,126.9,2,2,1,有,有,13180000,113934,坡道平面,26.14,1700000,預售屋、或土地及建物分件登記案件；,RPSRMLPJQHLGFCB78DA,60.67,0.0,5.49,有,
南屯區,房地(土地+建物)+車位,臺中市南屯區建功路６５號十八樓之２,10.75,都市：其他:第五種住宅區,,,1121112,土地1建物1車位1,十八層,二十三層,住宅大樓(11層含以上有電梯),住家用,鋼筋混凝土造,1141226,123.55000000000001,2,2,1,有,有,12430000,111693,坡道平面,26.14,1550000,預售屋、或土地及建物分件登記案件；,RPQNMLRJQHLGFCB38DA,57.83,0.0,6.13,有,
大甲區,房地(土地+建物)+車位,臺中市大甲區甲后路五段４５３巷８９號三樓之５,27.0,都市：其他:住宅區,,,1121102,土地1建物1車位1,三層,九層,華廈(10層含以下有電梯),住家用,鋼筋混凝土造,1150313,111.06,2,2,2,有,有,9440000,89764,坡道機械,12.58,600000,預售屋、或土地及建物分件登記案件；,RPUNMLOKPHLGFEB68DA,62.13,0.0,5.1,有,
北屯區,房地(土地+建物)+車位,臺中市北屯區榮德路３９８號八樓之５,28.6,都市：其他:第一之一種住宅區,,,1121116,土地1建物1車位1,八層,十三層,住宅大樓(11層含以上有電梯),住家用,鋼筋混凝土造,1150621,134.74,2,2,2,有,有,19000000,168539,坡道平面,33.28,1900000,預售屋、或土地及建物分件登記案件；,RPUUMLQJPHLGFBB56DA,58.63,0.0,6.64,有,
北屯區,房地(土地+建物)+車位,臺中市北屯區榮德路３９８號十一樓之３,28.6,都市：其他:第一之一種住宅區,,,1121116,土地1建物1車位1,十一層,十三層,住宅大樓(11層含以上有電梯),住家用,鋼筋混凝土造,1150621,137.63,2,2,2,有,有,19380000,169837,坡道平面,36.18,2150000,預售屋、或土地及建物分件登記案件；,RPOWMLQJPHLGFBB78DA,58.63,0.0,6.64,有,
大甲區,房地(土地+建物)+車位,臺中市大甲區甲后路五段４５３巷８９號四樓之３,27.04,都市：其他:住宅區,,,1121128,土地1建物1車位1,四層,九層,華廈(10層含以下有電梯),住家用,鋼筋混凝土造,1150313,111.21000000000001,2,2,2,有,有,9860000,93886,坡道機械,12.58,600000,預售屋、或土地及建物分件登記案件；,RPVNMLOKPHLGFEB78DA,62.13,0.0,5.2,有,
太平區,房地(土地+建物)+車位,臺中市太平區樹德五街１７號七樓之３,29.76,都市：其他:住宅區,,,1121111,土地1建物1車位1,七層,十五層,住宅大樓(11層含以上有電梯),住家用,鋼筋混凝土造,1150512,169.10000000000002,3,2,2,有,有,16530000,113789,坡道平面,39.65,1800000,預售屋、或土地及建物分件登記案件；,RPPOMLLKQHLGFJB58DA,75.77,0.0,8.57,有,
太平區,房地(土地+建物)+車位,臺中市太平區樹德五街１７號九樓之５,29.76,都市：其他:住宅區,,,1121108,土地1建物1車位1,九層,十五層,住宅大樓(11層含以上有電梯),住家用,鋼筋混凝土造,1150512,169.10000000000002,3,2,2,有,有,16530000,113789,坡道平面,39.65,1800000,預售屋、或土地及建物分件登記案件；,RPQOMLLKQHLGFJB68DA,75.77,0.0,8.57,有,
龍井區,房地(土地+建物),臺中市龍井區南社一街３７巷１號,85.69,都市：其他:第二種住宅區,,,1121124,土地4建物1車位0,全,三層,透天厝,住家用,鋼筋混凝土造,1150305,166.91,4,1,5,有,有,13650000,81781,,0.0,0,預售屋、或土地及建物分件登記案件；,RPXNMLNKQHLGFKB96DA,158.27,0.0,8.38,無,
龍井區,房地(土地+建物),臺中市龍井區南社一街３７巷９弄１５號,87.31,都市：其他:第二種住宅區,,,1121115,土地5建物1車位0,全,四層,透天厝,住家用,鋼筋混凝土造,1150305,186.01999999999998,4,1,5,有,有,12580000,67627,,0.0,0,1.土地買賣價款新台幣504萬元正，建物買賣價款新台幣754萬元正。2.民國115年5月4日配偶換約，買賣總價不變。預售屋、或土地及建物分件登記案件；,RPTOMLNKQHLGFKB66DA,172.41,0.0,13.35,無,
北屯區,房地(土地+建物)+車位,臺中市北屯區敦富路８１８號六樓之２,24.06,都市：其他:第二之一種住宅區,,,1121014,土地1建物1車位2,六層,十五層,住宅大樓(11層含以上有電梯),住家用,鋼筋混凝土造,1150613,222.54000000000002,3,2,2,有,有,26560000,150840,坡道平面,69.0,3400000,預售屋、或土地及建物分件登記案件；,RPWPMLLLPHLGFBB58DA,88.23,0.0,12.86,有,
北屯區,房地(土地+建物)+車位,臺中市北屯區敦富路８１８號八樓之１１,17.14,都市：其他:第二之一種住宅區,,,1121007,土地1建物1車位1,八層,十五層,住宅大樓(11層含以上有電梯),住家用,鋼筋混凝土造,1150613,142.85000000000002,2,2,2,有,有,18670000,155090,坡道平面,33.43,1700000,預售屋、或土地及建物分件登記案件；,RPRNMLOLPHLGFBB18DA,63.13,0.0,8.91,有,
后里區,房地(土地+建物)+車位,臺中市后里區民生路９８號五樓之１,26.33,都市：其他:住宅區,,,1121009,土地1建物1車位1,五層,十三層,住宅大樓(11層含以上有電梯),住家用,鋼筋混凝土造,1150510,147.82,3,2,2,有,有,14680000,106098,坡道平面,25.48,1700000,預售屋、或土地及建物分件登記案件；,RPUPMLRLPHLGFDB56DA,75.96,0.0,4.8,有,
北屯區,房地(土地+建物)+車位,臺中市北屯區敦富路８１８號七樓之２,24.06,都市：其他:第二之一種住宅區,,,1121006,土地1建物1車位2,七層,十五層,住宅大樓(11層含以上有電梯),住家用,鋼筋混凝土造,1150613,221.39999999999998,3,2,2,有,有,27140000,151430,坡道平面,67.93,3900000,預售屋、或土地及建物分件登記案件；,RPPQMLLLPHLGFBB97DA,88.23,0.0,12.79,有,
北屯區,房地(土地+建物)+車位,臺中市北屯區敦富路８１８號十四樓之１３,17.77,都市：其他:第二之一種住宅區,,,1121004,土地1建物1車位1,十四層,十五層,住宅大樓(11層含以上有電梯),住家用,鋼筋混凝土造,1150613,147.87,3,2,2,有,有,19510000,157096,坡道平面,34.5,1700000,預售屋、或土地及建物分件登記案件；,RPPRMLOLPHLGFBB38DA,66.99,0.0,7.62,有,
豐原區,房地(土地+建物)+車位,臺中市豐原區豐原大道三段２３９巷１１２號五樓之６,27.75,都市：其他:第二種住宅區,,,1121008,土地1建物1車位1,五層,十四層,住宅大樓(11層含以上有電梯),住家用,鋼筋混凝土造,1150424,149.66,3,2,2,有,有,14600000,109520,坡道平面,32.33,1750000,預售屋、或土地及建物分件登記案件；,RPQRMLLKOHLGFDB18DA,72.56,0.0,4.99,有,
豐原區,房地(土地+建物)+車位,臺中市豐原區豐原大道三段２３９巷１０６號十樓之３,19.44,都市：其他:第二種住宅區,,,1121011,土地1建物1車位1,十層,十四層,住宅大樓(11層含以上有電梯),住家用,鋼筋混凝土造,1150424,114.69999999999999,2,2,1,有,有,11280000,113876,坡道平面,32.33,1900000,預售屋、或土地及建物分件登記案件；,RPRNMLOKOHLGFDB18DA,50.84,0.0,3.6,有,
沙鹿區,房地(土地+建物)+車位,臺中市沙鹿區光明街２２０號二樓之７,30.51,都市：其他:第四種住宅區,,,1121020,土地1建物1車位1,二層,十五層,住宅大樓(11層含以上有電梯),住家用,鋼筋混凝土造,1150513,142.5,2,2,2,有,有,10360000,80153,坡道平面,30.09,1350000,預售屋、或土地及建物分件登記案件；,RPSOMLRLNHLGFFB88DA,70.46,0.0,4.85,有,
沙鹿區,房地(土地+建物)+車位,臺中市沙鹿區光明街２２０號十一樓之６,29.7,都市：其他:第四種住宅區,,,1121013,土地1建物1車位1,十一層,十五層,住宅大樓(11層含以上有電梯),住家用,鋼筋混凝土造,1150513,141.61,3,2,2,有,有,10680000,85322,坡道平面,32.26,1350000,預售屋、或土地及建物分件登記案件；,RPPRMLSLNHLGFFB98DA,69.71,0.0,3.57,有,
太平區,房地(土地+建物)+車位,臺中市太平區新平路三段２２７號十樓之７,23.64,都市：其他:住宅區,,,1121026,土地1建物1車位1,十層,十四層,住宅大樓(11層含以上有電梯),住家用,鋼筋混凝土造,1150527,119.31,2,2,1,有,有,11810000,116757,坡道平面,32.72,1700000,預售屋、或土地及建物分件登記案件；,RPUNMLSLPHLGFJB07DA,53.29,0.0,3.88,有,
太平區,房地(土地+建物)+車位,臺中市太平區新平路三段２２７號二樓之１,23.83,都市：其他:住宅區,,,1121031,土地1建物1車位1,二層,十四層,住宅大樓(11層含以上有電梯),住家用,鋼筋混凝土造,1150527,120.14,2,2,1,有,有,11790000,113704,坡道平面,32.72,1850000,預售屋、或土地及建物分件登記案件；,RPVNMLSLPHLGFJB17DA,53.7,0.0,4.02,有,
太平區,房地(土地+建物)+車位,臺中市太平區新平路三段２２７號七樓之５,25.42,都市：其他:住宅區,,,1121028,土地1建物1車位1,七層,十四層,住宅大樓(11層含以上有電梯),住家用,鋼筋混凝土造,1150527,125.94,2,2,1,有,有,12670000,116070,坡道平面,32.72,1850000,預售屋、或土地及建物分件登記案件；,RPXNMLSLPHLGFJB37DA,57.69,0.0,3.88,有,
太平區,房地(土地+建物)+車位,臺中市太平區新平路三段２２７號八樓之７,23.64,都市：其他:住宅區,,,1121023,土地1建物1車位1,八層,十四層,住宅大樓(11層含以上有電梯),住家用,鋼筋混凝土造,1150527,119.31,2,2,1,有,有,11850000,115487,坡道平面,32.72,1850000,預售屋、或土地及建物分件登記案件；,RPROMLSLPHLGFJB86DA,53.29,0.0,3.88,有,
南區,房地(土地+建物)+車位,臺中市南區福田二街１７０號十樓之１,29.34,都市：其他:第三種住宅區。,,,1121012,土地2建物1車位2,十層,十五層,住宅大樓(11層含以上有電梯),住家用,鋼筋混凝土造,1150516,213.85000000000002,4,2,2,有,有,23800000,129675,坡道平面,54.22,3100000,預售屋、或土地及建物分件登記案件；,RPSOMLLLPHLGFAB97DA,96.83,0.0,8.34,有,
南區,房地(土地+建物)+車位,臺中市南區福田二街１８２號四樓之５,25.33,都市：其他:第三種住宅區。,,,1121024,土地2建物1車位2,四層,十五層,住宅大樓(11層含以上有電梯),住家用,鋼筋混凝土造,1150516,192.36,3,2,2,有,有,19660000,121326,坡道平面,54.22,2900000,民國115年1月28日權利讓渡預售屋、或土地及建物分件登記案件；,RPXPMLLLPHLGFAB58DA,83.03,0.0,7.94,有,
神岡區,房地(土地+建物)+車位,臺中市神岡區神林路９０巷１５之５號八樓之３,20.15,,特定農業區,甲種建築用地,1121021,土地1建物1車位1,八層,九層,華廈(10層含以下有電梯),住家用,鋼筋混凝土造,1150515,111.34,2,2,2,有,有,9400000,103641,坡道平面,36.08,1600000,預售屋、或土地及建物分件登記案件；,RPTOMLMJPHLGFDB28DA,47.45,0.0,2.98,有,
神岡區,房地(土地+建物)+車位,臺中市神岡區神林路９０巷１５之５號九樓之５,22.18,,特定農業區,甲種建築用地,1121026,土地1建物1車位1,九層,九層,華廈(10層含以下有電梯),住家用,鋼筋混凝土造,1150515,118.91,2,2,2,有,有,10200000,103827,坡道平面,36.08,1600000,預售屋、或土地及建物分件登記案件；,RPXNMLRLPHLGFDB66DA,52.46,0.0,3.03,有,
北屯區,房地(土地+建物)+車位,臺中市北屯區敦富路８１８號六樓之１,23.9,都市：其他:第二之一種住宅區,,,1120923,土地1建物1車位2,六層,十五層,住宅大樓(11層含以上有電梯),住家用,鋼筋混凝土造,1150613,221.52,3,2,2,有,有,26570000,149948,坡道平面,69.0,3700000,預售屋、或土地及建物分件登記案件；,RPTOMLLLPHLGFBB18DA,88.15,0.0,12.25,有,
北屯區,房地(土地+建物)+車位,臺中市北屯區敦富路８１８號十一樓之１,23.9,都市：其他:第二之一種住宅區,,,1120922,土地1建物1車位2,十一層,十五層,住宅大樓(11層含以上有電梯),住家用,鋼筋混凝土造,1150613,221.45,3,2,2,有,有,27110000,152903,坡道平面,69.0,3800000,預售屋、或土地及建物分件登記案件；,RPOPMLLLPHLGFBB77DA,88.15,0.0,12.18,有,
北屯區,房地(土地+建物)+車位,臺中市北屯區敦富路８１８號十二樓之１,23.9,都市：其他:第二之一種住宅區,,,1120922,土地1建物1車位2,十二層,十五層,住宅大樓(11層含以上有電梯),住家用,鋼筋混凝土造,1150613,221.52,3,2,2,有,有,27420000,153554,坡道平面,69.0,4000000,預售屋、或土地及建物分件登記案件；,RPPPMLLLPHLGFBB87DA,88.15,0.0,12.25,有,
北屯區,房地(土地+建物)+車位,臺中市北屯區敦富路８１８號八樓之２,24.06,都市：其他:第二之一種住宅區,,,1120923,土地1建物1車位2,八層,十五層,住宅大樓(11層含以上有電梯),住家用,鋼筋混凝土造,1150613,221.47,3,2,2,有,有,26610000,150515,坡道平面,67.93,3500000,預售屋、或土地及建物分件登記案件；,RPQQMLLLPHLGFBB08DA,88.23,0.0,12.86,有,
北屯區,房地(土地+建物)+車位,臺中市北屯區敦富路８１８號九樓之２,24.06,都市：其他:第二之一種住宅區,,,1120922,土地1建物1車位1,九層,十五層,住宅大樓(11層含以上有電梯),住家用,鋼筋混凝土造,1150613,187.97,3,2,2,有,有,25290000,151104,坡道平面,34.5,2100000,預售屋、或土地及建物分件登記案件；,RPRQMLLLPHLGFBB18DA,88.23,0.0,12.79,有,
北屯區,房地(土地+建物)+車位,臺中市北屯區敦富路８１８號十一樓之２,24.06,都市：其他:第二之一種住宅區,,,1120922,土地1建物1車位2,十一層,十五層,住宅大樓(11層含以上有電梯),住家用,鋼筋混凝土造,1150613,222.47,3,2,2,有,有,27180000,152342,坡道平面,69.0,3800000,預售屋、或土地及建物分件登記案件；,RPWQMLLLPHLGFBB68DA,88.23,0.0,12.79,有,
北屯區,房地(土地+建物)+車位,臺中市北屯區敦富路８１８號十二樓之２,24.06,都市：其他:第二之一種住宅區,,,1120922,土地1建物1車位2,十二層,十五層,住宅大樓(11層含以上有電梯),住家用,鋼筋混凝土造,1150613,222.54000000000002,3,2,2,有,有,27480000,152924,坡道平面,69.0,4000000,預售屋、或土地及建物分件登記案件；,RPXQMLLLPHLGFBB78DA,88.23,0.0,12.86,有,
北屯區,房地(土地+建物)+車位,臺中市北屯區敦富路８１８號五樓之５,21.27,都市：其他:第二之一種住宅區,,,1120930,土地1建物1車位1,五層,十五層,住宅大樓(11層含以上有電梯),住家用,鋼筋混凝土造,1150613,169.18,3,2,2,有,有,21560000,144825,坡道平面,33.43,1900000,預售屋、或土地及建物分件登記案件；,RPRTMLLLPHLGFBB48DA,78.11,0.0,11.25,有,
北屯區,房地(土地+建物)+車位,臺中市北屯區敦富路８１８號八樓之６,22.63,都市：其他:第二之一種住宅區,,,1120923,土地1建物1車位1,八層,十五層,住宅大樓(11層含以上有電梯),住家用,鋼筋混凝土造,1150613,178.98000000000002,3,2,2,有,有,22120000,139950,坡道平面,34.5,1900000,預售屋、或土地及建物分件登記案件；,RPUWMLMLPHLGFBB56DA,84.65,0.0,10.46,有,
北屯區,房地(土地+建物)+車位,臺中市北屯區敦富路８１８號十二樓之８,15.34,都市：其他:第二之一種住宅區,,,1120924,土地1建物1車位1,十二層,十五層,住宅大樓(11層含以上有電梯),住家用,鋼筋混凝土造,1150613,132.31,2,2,2,有,有,15690000,143032,坡道平面,34.5,1700000,114.12.17 辦理共有人間讓渡權利範圍1 / 2。預售屋、或土地及建物分件登記案件；,RPVPMLNLPHLGFBB68DA,59.48,0.0,4.93,有,
北屯區,房地(土地+建物)+車位,臺中市北屯區敦富路８１８號六樓之９,16.48,都市：其他:第二之一種住宅區,,,1120923,土地1建物1車位1,六層,十五層,住宅大樓(11層含以上有電梯),住家用,鋼筋混凝土造,1150613,139.64,2,2,2,有,有,17130000,144854,坡道平面,34.5,1900000,115.03.12 辦理配偶間讓渡。預售屋、或土地及建物分件登記案件；,RPOVMLNLPHLGFBB58DA,64.09,0.0,5.18,有,
北屯區,房地(土地+建物)+車位,臺中市北屯區敦富路８１８號十四樓之９,16.48,都市：其他:第二之一種住宅區,,,1120921,土地1建物1車位1,十四層,十五層,住宅大樓(11層含以上有電梯),住家用,鋼筋混凝土造,1150613,139.64,2,2,2,有,有,17730000,149610,坡道平面,34.5,2000000,預售屋、或土地及建物分件登記案件；,RPQWMLNLPHLGFBB88DA,64.09,0.0,5.18,有,
北屯區,房地(土地+建物)+車位,臺中市北屯區敦富路８１８號十五樓之９,16.48,都市：其他:第二之一種住宅區,,,1120926,土地1建物1車位1,十五層,十五層,住宅大樓(11層含以上有電梯),住家用,鋼筋混凝土造,1150613,139.64,2,2,2,有,有,17710000,150371,坡道平面,34.5,1900000,預售屋、或土地及建物分件登記案件；,RPRWMLNLPHLGFBB98DA,64.09,0.0,5.18,有,
北屯區,房地(土地+建物)+車位,臺中市北屯區敦富路８１８號五樓之１０,16.78,都市：其他:第二之一種住宅區,,,1120929,土地1建物1車位1,五層,十五層,住宅大樓(11層含以上有電梯),住家用,鋼筋混凝土造,1150613,142.76,2,2,2,有,有,16460000,138424,坡道平面,35.77,1650000,預售屋、或土地及建物分件登記案件；,RPQNNLNLPHLGFBB08DA,61.48,0.0,8.93,有,
北屯區,房地(土地+建物)+車位,臺中市北屯區敦富路８１８號十五樓之１０,16.78,都市：其他:第二之一種住宅區,,,1120922,土地1建物1車位1,十五層,十五層,住宅大樓(11層含以上有電梯),住家用,鋼筋混凝土造,1150613,141.49,2,2,2,有,有,16890000,142911,坡道平面,34.5,1600000,預售屋、或土地及建物分件登記案件；,RPRONLNLPHLGFBB28DA,61.48,0.0,8.93,有,
北屯區,房地(土地+建物)+車位,臺中市北屯區敦富路８１８號十樓之１１,17.14,都市：其他:第二之一種住宅區,,,1120922,土地1建物1車位1,十層,十五層,住宅大樓(11層含以上有電梯),住家用,鋼筋混凝土造,1150613,143.93,2,2,2,有,有,18930000,154711,坡道平面,34.5,2000000,預售屋、或土地及建物分件登記案件；,RPTNMLOLPHLGFBB38DA,63.13,0.0,8.91,有,
北屯區,房地(土地+建物)+車位,臺中市北屯區敦富路８１８號十二樓之１１,17.14,都市：其他:第二之一種住宅區,,,1120923,土地1建物1車位1,十二層,十五層,住宅大樓(11層含以上有電梯),住家用,鋼筋混凝土造,1150613,143.93,2,2,2,有,有,19070000,155990,坡道平面,34.5,2000000,預售屋、或土地及建物分件登記案件；,RPVNMLOLPHLGFBB58DA,63.13,0.0,8.91,有,
北屯區,房地(土地+建物)+車位,臺中市北屯區敦富路８１８號十三樓之１１,17.07,都市：其他:第二之一種住宅區,,,1120927,土地1建物1車位1,十三層,十五層,住宅大樓(11層含以上有電梯),住家用,鋼筋混凝土造,1150613,143.39,2,2,2,有,有,19050000,156580,坡道平面,34.5,2000000,預售屋、或土地及建物分件登記案件；,RPWNMLOLPHLGFBB68DA,63.13,0.0,8.56,有,
北屯區,房地(土地+建物)+車位,臺中市北屯區敦富路８１８號十四樓之１１,17.14,都市：其他:第二之一種住宅區,,,1120924,土地1建物1車位1,十四層,十五層,住宅大樓(11層含以上有電梯),住家用,鋼筋混凝土造,1150613,143.93,2,2,2,有,有,19100000,157178,坡道平面,34.5,1900000,預售屋、或土地及建物分件登記案件；,RPXNMLOLPHLGFBB78DA,63.13,0.0,8.91,有,
北屯區,房地(土地+建物)+車位,臺中市北屯區敦富路８１８號三樓之１２,17.17,都市：其他:第二之一種住宅區,,,1120922,土地1建物1車位1,三層,十五層,住宅大樓(11層含以上有電梯),住家用,鋼筋混凝土造,1150613,144.03,2,2,2,有,有,17460000,141149,坡道平面,34.5,2000000,預售屋、或土地及建物分件登記案件；,RPQOMLOLPHLGFBB18DA,63.54,0.0,8.56,有,
北屯區,房地(土地+建物)+車位,臺中市北屯區敦富路８１８號八樓之１２,17.21,都市：其他:第二之一種住宅區,,,1120922,土地1建物1車位1,八層,十五層,住宅大樓(11層含以上有電梯),住家用,鋼筋混凝土造,1150613,144.23000000000002,2,2,2,有,有,18850000,153559,坡道平面,34.5,2000000,預售屋、或土地及建物分件登記案件；,RPVOMLOLPHLGFBB68DA,63.54,0.0,8.71,有,
北屯區,房地(土地+建物)+車位,臺中市北屯區敦富路８１８號九樓之１２,17.17,都市：其他:第二之一種住宅區,,,1120923,土地1建物1車位1,九層,十五層,住宅大樓(11層含以上有電梯),住家用,鋼筋混凝土造,1150613,144.03,2,2,2,有,有,18780000,154113,坡道平面,34.5,1900000,預售屋、或土地及建物分件登記案件；,RPWOMLOLPHLGFBB78DA,63.54,0.0,8.56,有,
北屯區,房地(土地+建物)+車位,臺中市北屯區敦富路８１８號十樓之１２,17.21,都市：其他:第二之一種住宅區,,,1120922,土地1建物1車位1,十層,十五層,住宅大樓(11層含以上有電梯),住家用,鋼筋混凝土造,1150613,144.23000000000002,2,2,2,有,有,18980000,154743,坡道平面,34.5,2000000,預售屋、或土地及建物分件登記案件；,RPXOMLOLPHLGFBB88DA,63.54,0.0,8.71,有,
北屯區,房地(土地+建物)+車位,臺中市北屯區敦富路８１８號十四樓之１２,17.21,都市：其他:第二之一種住宅區,,,1120922,土地1建物1車位1,十四層,十五層,住宅大樓(11層含以上有電梯),住家用,鋼筋混凝土造,1150613,144.23000000000002,2,2,2,有,有,19150000,157204,坡道平面,34.5,1900000,預售屋、或土地及建物分件登記案件；,RPTPMLOLPHLGFBB58DA,63.54,0.0,8.71,有,
北屯區,房地(土地+建物)+車位,臺中市北屯區敦富路８１８號三樓之１３,17.77,都市：其他:第二之一種住宅區,,,1120922,土地1建物1車位1,三層,十五層,住宅大樓(11層含以上有電梯),住家用,鋼筋混凝土造,1150613,147.87,3,2,2,有,有,17520000,139543,坡道平面,34.5,1700000,預售屋、或土地及建物分件登記案件；,RPWPMLOLPHLGFBB88DA,66.99,0.0,7.62,有,
后里區,房地(土地+建物)+車位,臺中市后里區民生路１００號十三樓之３,26.62,都市：其他:住宅區,,,1120918,土地1建物1車位1,十三層,十三層,住宅大樓(11層含以上有電梯),住家用,鋼筋混凝土造,1150510,149.26,3,2,2,有,有,15500000,111892,坡道平面,25.48,1650000,預售屋、或土地及建物分件登記案件；,RPWQMLTLPHLGFDB07DA,74.05,0.0,7.66,有,
后里區,房地(土地+建物)+車位,臺中市后里區民生路９８號十三樓之２,27.57,都市：其他:住宅區,,,1120906,土地1建物1車位1,十三層,十三層,住宅大樓(11層含以上有電梯),住家用,鋼筋混凝土造,1150510,153.65,3,2,2,有,有,16280000,114145,坡道平面,25.48,1650000,預售屋、或土地及建物分件登記案件；,RPXQMLTLPHLGFDB17DA,76.08,0.0,8.54,有,
梧棲區,房地(土地+建物)+車位,臺中市梧棲區中華路二段５１號七樓之２,26.26,都市：其他:第四種住宅區,,,1120904,土地1建物1車位1,七層,十五層,住宅大樓(11層含以上有電梯),住家用,鋼筋混凝土造,1150515,153.64999999999998,3,2,2,有,有,10700000,77760,坡道平面,31.48,1200000,於民國114年01月 06日換約，二等親內換約價金不變預售屋、或土地及建物分件登記案件；,RPVNMLNKPHLGFFB78DA,74.02,0.0,7.22,有,
北屯區,房地(土地+建物)+車位,臺中市北屯區敦富路８１８號七樓之１,23.9,都市：其他:第二之一種住宅區,,,1120923,土地1建物1車位2,七層,十五層,住宅大樓(11層含以上有電梯),住家用,鋼筋混凝土造,1150613,221.45,3,2,2,有,有,27030000,150410,坡道平面,69.0,4100000,預售屋、或土地及建物分件登記案件；,RPUOMLLLPHLGFBB28DA,88.15,0.0,12.18,有,
北屯區,房地(土地+建物)+車位,臺中市北屯區敦富路８１８號九樓之１,23.9,都市：其他:第二之一種住宅區,,,1120923,土地1建物1車位1,九層,十五層,住宅大樓(11層含以上有電梯),住家用,鋼筋混凝土造,1150613,186.95,3,2,2,有,有,25220000,151656,坡道平面,34.5,2100000,預售屋、或土地及建物分件登記案件；,RPWOMLLLPHLGFBB48DA,88.15,0.0,12.18,有,
北屯區,房地(土地+建物)+車位,臺中市北屯區敦富路８１８號十三樓之１,23.9,都市：其他:第二之一種住宅區,,,1120922,土地1建物1車位2,十三層,十五層,住宅大樓(11層含以上有電梯),住家用,鋼筋混凝土造,1150613,221.45,3,2,2,有,有,27690000,154083,坡道平面,69.0,4200000,預售屋、或土地及建物分件登記案件；,RPTQMLLLPHLGFBB38DA,88.15,0.0,12.18,有,
北屯區,房地(土地+建物)+車位,臺中市北屯區敦富路８１８號十三樓之２,24.06,都市：其他:第二之一種住宅區,,,1120922,土地1建物1車位2,十三層,十五層,住宅大樓(11層含以上有電梯),住家用,鋼筋混凝土造,1150613,222.47,3,2,2,有,有,27760000,153515,坡道平面,69.0,4200000,預售屋、或土地及建物分件登記案件；,RPORMLLLPHLGFBB97DA,88.23,0.0,12.79,有,
北屯區,房地(土地+建物)+車位,臺中市北屯區敦富路８１８號六樓之３,21.83,都市：其他:第二之一種住宅區,,,1120924,土地1建物1車位1,六層,十五層,住宅大樓(11層含以上有電梯),住家用,鋼筋混凝土造,1150613,173.81,3,2,2,有,有,21460000,139688,坡道平面,34.5,2000000,預售屋、或土地及建物分件登記案件；,RPPSMLLLPHLGFBB18DA,81.34,0.0,10.4,有,
北屯區,房地(土地+建物)+車位,臺中市北屯區敦富路８１８號十三樓之８,15.34,都市：其他:第二之一種住宅區,,,1120925,土地1建物1車位1,十三層,十五層,住宅大樓(11層含以上有電梯),住家用,鋼筋混凝土造,1150613,132.31,2,2,2,有,有,15750000,143646,坡道平面,34.5,1700000,113.11.26 辦理讓渡權利範圍 2 / 3 。預售屋、或土地及建物分件登記案件；,RPWPMLNLPHLGFBB78DA,59.48,0.0,4.93,有,
北屯區,房地(土地+建物)+車位,臺中市北屯區敦富路８１８號七樓之９,16.48,都市：其他:第二之一種住宅區,,,1120921,土地1建物1車位1,七層,十五層,住宅大樓(11層含以上有電梯),住家用,鋼筋混凝土造,1150613,139.64,2,2,2,有,有,17000000,145520,坡道平面,34.5,1700000,預售屋、或土地及建物分件登記案件；,RPQVMLNLPHLGFBB78DA,64.09,0.0,5.18,有,
北屯區,房地(土地+建物)+車位,臺中市北屯區敦富路８１８號二樓之１０,16.78,都市：其他:第二之一種住宅區,,,1120926,土地1建物1車位1,二層,十五層,住宅大樓(11層含以上有電梯),住家用,鋼筋混凝土造,1150613,141.49,2,2,2,有,有,15380000,127862,坡道平面,34.5,1700000,預售屋、或土地及建物分件登記案件；,RPXWMLNLPHLGFBB96DA,61.48,0.0,8.93,有,
北屯區,房地(土地+建物)+車位,臺中市北屯區敦富路８１８號四樓之１２,17.21,都市：其他:第二之一種住宅區,,,1120926,土地1建物1車位1,四層,十五層,住宅大樓(11層含以上有電梯),住家用,鋼筋混凝土造,1150613,144.23000000000002,2,2,2,有,有,18250000,148091,坡道平面,34.5,2000000,預售屋、或土地及建物分件登記案件；,RPROMLOLPHLGFBB28DA,63.54,0.0,8.71,有,
北屯區,房地(土地+建物)+車位,臺中市北屯區敦富路８１８號五樓之１２,17.17,都市：其他:第二之一種住宅區,,,1120923,土地1建物1車位1,五層,十五層,住宅大樓(11層含以上有電梯),住家用,鋼筋混凝土造,1150613,144.03,2,2,2,有,有,18520000,151739,坡道平面,34.5,1900000,預售屋、或土地及建物分件登記案件；,RPSOMLOLPHLGFBB38DA,63.54,0.0,8.56,有,
北屯區,房地(土地+建物)+車位,臺中市北屯區敦富路８１８號七樓之１２,17.17,都市：其他:第二之一種住宅區,,,1120927,土地1建物1車位1,七層,十五層,住宅大樓(11層含以上有電梯),住家用,鋼筋混凝土造,1150613,144.03,2,2,2,有,有,18742190,152855,坡道平面,34.5,2000000,交易總價：1875萬，折讓金額：7810元，折讓原因：客變折讓。預售屋、或土地及建物分件登記案件；,RPUOMLOLPHLGFBB58DA,63.54,0.0,8.56,有,
北屯區,房地(土地+建物)+車位,臺中市北屯區敦富路８１８號四樓之１３,17.77,都市：其他:第二之一種住宅區,,,1120926,土地1建物1車位1,四層,十五層,住宅大樓(11層含以上有電梯),住家用,鋼筋混凝土造,1150613,147.87,3,2,2,有,有,18510000,146511,坡道平面,34.5,1900000,預售屋、或土地及建物分件登記案件；,RPXPMLOLPHLGFBB98DA,66.99,0.0,7.62,有,
北屯區,房地(土地+建物)+車位,臺中市北屯區敦富路８１８號九樓之１３,17.77,都市：其他:第二之一種住宅區,,,1120925,土地1建物1車位1,九層,十五層,住宅大樓(11層含以上有電梯),住家用,鋼筋混凝土造,1150613,146.8,3,2,2,有,有,18900000,152598,坡道平面,33.43,1600000,預售屋、或土地及建物分件登記案件；,RPTQMLOLPHLGFBB68DA,66.99,0.0,7.62,有,
北屯區,房地(土地+建物)+車位,臺中市北屯區敦富路８１８號十樓之１３,17.77,都市：其他:第二之一種住宅區,,,1120922,土地1建物1車位1,十層,十五層,住宅大樓(11層含以上有電梯),住家用,鋼筋混凝土造,1150613,147.87,3,2,2,有,有,19060000,153127,坡道平面,34.5,1700000,預售屋、或土地及建物分件登記案件；,RPVQMLOLPHLGFBB88DA,66.99,0.0,7.62,有,
豐原區,房地(土地+建物)+車位,臺中市豐原區豐原大道三段２３９巷１０６號八樓之３,19.44,都市：其他:第二種住宅區,,,1120923,土地1建物1車位1,八層,十四層,住宅大樓(11層含以上有電梯),住家用,鋼筋混凝土造,1150424,114.69999999999999,2,2,1,有,有,11180000,112662,坡道平面,32.33,1900000,預售屋、或土地及建物分件登記案件；,RPUNMLMKOHLGFDB28DA,50.84,0.0,3.6,有,
沙鹿區,房地(土地+建物)+車位,臺中市沙鹿區光明街２２０號二樓之５,23.72,都市：其他:第四種住宅區,,,1120921,土地1建物1車位1,二層,十五層,住宅大樓(11層含以上有電梯),住家用,鋼筋混凝土造,1150513,117.47999999999999,2,2,1,有,有,8320000,80902,坡道平面,30.09,1250000,預售屋、或土地及建物分件登記案件；,RPROMLRLNHLGFFB78DA,50.97,0.0,7.6,有,
沙鹿區,房地(土地+建物)+車位,臺中市沙鹿區光明街２２０號十二樓之７,29.98,都市：其他:第四種住宅區,,,1120923,土地1建物1車位1,十二層,十五層,住宅大樓(11層含以上有電梯),住家用,鋼筋混凝土造,1150513,142.74,2,2,2,有,有,11100000,88251,坡道平面,32.26,1350000,預售屋、或土地及建物分件登記案件；,RPOSMLSLNHLGFFB98DA,70.46,0.0,3.57,有,
烏日區,房地(土地+建物)+車位,臺中市烏日區日新街５６巷１號十一樓之２,32.86,都市：其他:第三種住宅區。,,,1120916,土地1建物1車位1,十一層,十一層,住宅大樓(11層含以上有電梯),住家用,鋼筋混凝土造,1150513,162.53,3,2,2,有,有,17310000,113014,坡道平面,25.29,1800000,預售屋、或土地及建物分件登記案件；,RPXOMLOJPHLGFIB76DA,81.91,0.0,7.52,有,
烏日區,房地(土地+建物)+車位,臺中市烏日區日新街５６巷３號八樓之５,29.73,都市：其他:第三種住宅區。,,,1120903,土地1建物1車位2,八層,十一層,住宅大樓(11層含以上有電梯),住家用,鋼筋混凝土造,1150513,175.47,3,2,2,有,有,17760000,115782,坡道平面,50.58,3300000,預售屋、或土地及建物分件登記案件；,RPSUMLOJPHLGFIB86DA,73.8,0.0,7.58,有,
南區,房地(土地+建物)+車位,臺中市南區福田二街１７０號八樓之２,23.65,都市：其他:第三種住宅區。,,,1120924,土地2建物1車位2,八層,十五層,住宅大樓(11層含以上有電梯),住家用,鋼筋混凝土造,1150516,183.07,3,2,2,有,有,20060000,130074,坡道平面,54.22,3300000,預售屋、或土地及建物分件登記案件；,RPPOMLLLPHLGFAB67DA,77.33,0.0,7.56,有,
南區,房地(土地+建物)+車位,臺中市南區福田二街１７６號十樓之３,23.53,都市：其他:第三種住宅區。,,,1120914,土地2建物1車位1,十層,十五層,住宅大樓(11層含以上有電梯),住家用,鋼筋混凝土造,1150516,155.54,3,2,2,有,有,17600000,123803,坡道平面,27.11,1700000,預售屋、或土地及建物分件登記案件；,RPPRMLLLPHLGFAB97DA,77.64,0.0,6.96,有,
南區,房地(土地+建物)+車位,臺中市南區福田二街１８０號十二樓之６,23.4,都市：其他:第三種住宅區。,,,1120926,土地2建物1車位2,十二層,十五層,住宅大樓(11層含以上有電梯),住家用,鋼筋混凝土造,1150516,181.42000000000002,3,2,2,有,有,19400000,128145,坡道平面,54.22,3100000,預售屋、或土地及建物分件登記案件；,RPORMLRLPHLGFAB48DA,75.96,0.0,7.84,有,
南區,房地(土地+建物)+車位,臺中市南區福田二街１８２號十二樓之３,24.56,都市：其他:第三種住宅區。,,,1120910,土地2建物1車位1,十二層,十五層,住宅大樓(11層含以上有電梯),住家用,鋼筋混凝土造,1150516,160.92000000000002,3,2,2,有,有,18730000,128017,坡道平面,27.11,1600000,預售屋、或土地及建物分件登記案件；,RPPRMLRLPHLGFAB58DA,80.03,0.0,8.14,有,
后里區,房地(土地+建物)+車位,臺中市后里區民生路１００號六樓之５,26.17,都市：其他:住宅區,,,1120818,土地1建物1車位1,六層,十三層,住宅大樓(11層含以上有電梯),住家用,鋼筋混凝土造,1150510,147.07999999999998,3,2,2,有,有,14360000,106168,坡道平面,25.48,1450000,預售屋、或土地及建物分件登記案件；,RPUPMLSLPHLGFDB66DA,72.27,0.0,8.0,有,
后里區,房地(土地+建物)+車位,臺中市后里區民生路９８號十樓之２,27.57,都市：其他:住宅區,,,1120826,土地1建物1車位1,十層,十三層,住宅大樓(11層含以上有電梯),住家用,鋼筋混凝土造,1150510,153.65,3,2,2,有,有,15860000,111258,坡道平面,25.48,1600000,預售屋、或土地及建物分件登記案件；,RPQPMLTLPHLGFDB98DA,76.08,0.0,8.54,有,
梧棲區,房地(土地+建物)+車位,臺中市梧棲區中華路二段５１號五樓之６,24.41,都市：其他:第四種住宅區,,,1120816,土地1建物1車位1,五層,十五層,住宅大樓(11層含以上有電梯),住家用,鋼筋混凝土造,1150515,129.3,3,2,2,有,有,8900000,71768,坡道機械,15.74,750000,預售屋、或土地及建物分件登記案件；,RPVOMLNKPHLGFFB88DA,69.49,0.0,6.03,有,
豐原區,房地(土地+建物)+車位,臺中市豐原區豐原大道三段２３９巷１１０號七樓之７,27.54,都市：其他:第二種住宅區,,,1120805,土地1建物1車位1,七層,十四層,住宅大樓(11層含以上有電梯),住家用,鋼筋混凝土造,1150424,148.73000000000002,3,2,2,有,有,14880000,111942,坡道平面,32.33,1850000,預售屋、或土地及建物分件登記案件；,RPOVMLLKOHLGFDB38DA,71.95,0.0,4.99,有,
沙鹿區,房地(土地+建物)+車位,臺中市沙鹿區光明街２２０號三樓之１,24.99,都市：其他:第四種住宅區,,,1120823,土地1建物1車位1,三層,十五層,住宅大樓(11層含以上有電梯),住家用,鋼筋混凝土造,1150513,124.37,2,2,2,有,有,8800000,80882,坡道平面,32.26,1350000,預售屋、或土地及建物分件登記案件；,RPRNMLSLNHLGFFB78DA,58.43,0.0,3.27,有,
烏日區,房地(土地+建物)+車位,臺中市烏日區日新街５６巷３號二樓之３,29.73,都市：其他:第三種住宅區。,,,1120827,土地1建物1車位1,二層,十一層,住宅大樓(11層含以上有電梯),住家用,鋼筋混凝土造,1150513,150.18,3,2,2,有,有,14900000,106494,坡道平面,25.29,1600000,預售屋、或土地及建物分件登記案件；,RPOSMLOJPHLGFIB88DA,73.8,0.0,7.58,有,
烏日區,房地(土地+建物)+車位,臺中市烏日區日新街５６巷３號三樓之５,29.73,都市：其他:第三種住宅區。,,,1120812,土地1建物1車位1,三層,十一層,住宅大樓(11層含以上有電梯),住家用,鋼筋混凝土造,1150513,150.18,3,2,2,有,有,14890000,105613,坡道平面,25.29,1700000,預售屋、或土地及建物分件登記案件；,RPWSMLOJPHLGFIB07DA,73.8,0.0,7.58,有,
后里區,房地(土地+建物)+車位,臺中市后里區民生路９８號二樓之３,26.39,都市：其他:住宅區,,,1120716,土地1建物1車位1,二層,十三層,住宅大樓(11層含以上有電梯),住家用,鋼筋混凝土造,1150510,148.0,3,2,2,有,有,13850000,101208,坡道平面,25.48,1450000,預售屋、或土地及建物分件登記案件；,RPQOMLRLPHLGFDB68DA,76.14,0.0,4.8,有,
南區,房地(土地+建物)+車位,臺中市南區復興路三段１６５號八樓之１,19.62,都市：其他:第二種住宅區,,,1120724,土地2建物1車位1,八層,十二層,住宅大樓(11層含以上有電梯),住家用,鋼筋混凝土造,1150606,147.85000000000002,3,2,2,有,有,18160000,140328,坡道平面,30.91,1750000,預售屋、或土地及建物分件登記案件；,RPQNMLMLPHLGFAB77DA,69.41,0.0,7.93,有,
北屯區,房地(土地+建物)+車位,臺中市北屯區崇德十六路８號十五樓之１,51.15,都市：其他:第一之一種住宅區,,,1120722,土地1建物1車位1,十五層,二十三層,住宅大樓(11層含以上有電梯),住家用,鋼筋混凝土造,1150630,222.5,4,2,2,有,有,38320000,189282,坡道平面,32.73,2400000,預售屋、或土地及建物分件登記案件；,RPRQMLNJQHLGFBB28DA,111.16,0.0,11.89,有,
北屯區,房地(土地+建物)+車位,臺中市北屯區崇德十六路８號三樓之２,51.11,都市：其他:第一之一種住宅區,,,1120725,土地1建物1車位1,三層,二十三層,住宅大樓(11層含以上有電梯),住家用,鋼筋混凝土造,1150630,222.47,4,2,2,有,有,37890000,188100,坡道平面,32.73,2200000,預售屋、或土地及建物分件登記案件；,RPQRMLNJQHLGFBB28DA,111.16,0.0,11.89,有,
沙鹿區,房地(土地+建物)+車位,臺中市沙鹿區光明街２２０號八樓之６,29.7,都市：其他:第四種住宅區,,,1120716,土地1建物1車位1,八層,十五層,住宅大樓(11層含以上有電梯),住家用,鋼筋混凝土造,1150513,141.61,3,2,2,有,有,10200000,81847,坡道平面,32.26,1250000,預售屋、或土地及建物分件登記案件；,RPVVMLSLNHLGFFB37DA,69.71,0.0,3.57,有,
烏日區,房地(土地+建物)+車位,臺中市烏日區日新街５６巷１號四樓之２,32.86,都市：其他:第三種住宅區。,,,1120716,土地1建物1車位1,四層,十一層,住宅大樓(11層含以上有電梯),住家用,鋼筋混凝土造,1150513,162.53,3,2,2,有,有,16400000,107112,坡道平面,25.29,1700000,預售屋、或土地及建物分件登記案件；,RPROMLOJPHLGFIB78DA,81.91,0.0,7.52,有,
神岡區,房地(土地+建物)+車位,臺中市神岡區神林路９０巷１５之５號八樓之１,29.55,,特定農業區,甲種建築用地,1120704,土地1建物1車位1,八層,九層,華廈(10層含以下有電梯),住家用,鋼筋混凝土造,1150515,146.39,3,2,2,有,有,12600000,100172,坡道平面,36.08,1550000,預售屋、或土地及建物分件登記案件；,RPRNMLKMOHLGFDB97DA,69.63,0.0,4.28,有,
后里區,房地(土地+建物)+車位,臺中市后里區民生路１００號五樓之１,27.44,都市：其他:住宅區,,,1120630,土地1建物1車位1,五層,十三層,住宅大樓(11層含以上有電梯),住家用,鋼筋混凝土造,1150510,153.0,3,2,2,有,有,15310000,108297,坡道平面,25.48,1500000,預售屋、或土地及建物分件登記案件；,RPOPMLRLPHLGFDB58DA,75.9,0.0,8.32,有,
南區,房地(土地+建物)+車位,臺中市南區復興路三段１６５號八樓之２,20.4,都市：其他:第二種住宅區,,,1120629,土地2建物1車位1,八層,十二層,住宅大樓(11層含以上有電梯),住家用,鋼筋混凝土造,1150606,151.63,3,2,2,有,有,18460000,140342,坡道平面,30.07,1400000,預售屋、或土地及建物分件登記案件；,RPUNMLPLOHLGFAB38DA,72.45,0.0,7.95,有,
南區,房地(土地+建物)+車位,臺中市南區復興路三段１６５號十樓之１,19.62,都市：其他:第二種住宅區,,,1120630,土地2建物1車位1,十層,十二層,住宅大樓(11層含以上有電梯),住家用,鋼筋混凝土造,1150606,147.85000000000002,3,2,2,有,有,18250000,141526,坡道平面,30.91,1700000,預售屋、或土地及建物分件登記案件；,RPRNMLMLPHLGFAB87DA,69.41,0.0,7.93,有,
南區,房地(土地+建物)+車位,臺中市南區復興路三段１６５號五樓之３,15.18,都市：其他:第二種住宅區,,,1120614,土地2建物1車位1,五層,十二層,住宅大樓(11層含以上有電梯),住家用,鋼筋混凝土造,1150606,121.39,2,2,1,有,有,14260000,138263,坡道平面,30.91,1750000,民國115年4月27日讓渡，交易總價1410萬元整預售屋、或土地及建物分件登記案件；,RPWNMLMLPHLGFAB38DA,53.35,0.0,6.49,有,
豐原區,房地(土地+建物)+車位,臺中市豐原區豐原大道三段２３９巷１１２號九樓之２,28.31,都市：其他:第二種住宅區,,,1120628,土地1建物1車位1,九層,十四層,住宅大樓(11層含以上有電梯),住家用,鋼筋混凝土造,1150424,152.26,3,2,2,有,有,16030000,117402,坡道平面,32.33,1950000,預售屋、或土地及建物分件登記案件；,RPXQMLMKOHLGFDB88DA,71.65,0.0,7.62,有,
沙鹿區,房地(土地+建物)+車位,臺中市沙鹿區光明街２２０號三樓之８,21.63,都市：其他:第四種住宅區,,,1120628,土地1建物1車位1,三層,十五層,住宅大樓(11層含以上有電梯),住家用,鋼筋混凝土造,1150513,112.03999999999999,2,2,1,有,有,7250000,76460,坡道平面,32.26,1150000,預售屋、或土地及建物分件登記案件；,RPOOMLSLNHLGFFB58DA,49.93,0.0,3.51,有,
沙鹿區,房地(土地+建物)+車位,臺中市沙鹿區光明街２２０號四樓之１,24.99,都市：其他:第四種住宅區,,,1120615,土地1建物1車位1,四層,十五層,住宅大樓(11層含以上有電梯),住家用,鋼筋混凝土造,1150513,124.37,2,2,2,有,有,8330000,77950,坡道平面,32.26,1150000,1. 本申報書地政士僅受託買賣案件申請登記，並未代理撰擬不動產買賣契約書，本成交資訊係由買賣雙方提供屬實。2. 本件買賣於民國113年 3月11日讓渡 ，總價為新台幣 875 萬元整。預售屋、或土地及建物分件登記案件；,RPPOMLSLNHLGFFB68DA,58.43,0.0,3.27,有,
沙鹿區,房地(土地+建物)+車位,臺中市沙鹿區光明街２２０號五樓之６,29.7,都市：其他:第四種住宅區,,,1120603,土地1建物1車位1,五層,十五層,住宅大樓(11層含以上有電梯),住家用,鋼筋混凝土造,1150513,141.61,3,2,2,有,有,9800000,79104,坡道平面,32.26,1150000,1. 本申報書地政士僅受託買賣案件申請登記，並未代理撰擬不動產買賣契約書，本成交資訊係由買賣雙方提供屬實。2. 於民國115年4月17日有買受人與其配偶，直系血親或二親等內旁系血親之讓渡，其讓渡價格不變。預售屋、或土地及建物分件登記案件；,RPTPMLSLNHLGFFB56DA,69.71,0.0,3.57,有,
沙鹿區,房地(土地+建物)+車位,臺中市沙鹿區光明街２２０號十一樓之８,21.63,都市：其他:第四種住宅區,,,1120630,土地1建物1車位1,十一層,十五層,住宅大樓(11層含以上有電梯),住家用,鋼筋混凝土造,1150513,112.03999999999999,2,2,1,有,有,7630000,81223,坡道平面,32.26,1150000,1. 本申報書地政士僅受託買賣案件申請登記，並未代理撰擬不動產買賣契約書，本成交資訊係由買賣雙方提供屬實。2. 本件買賣於民國115年 4月10日讓渡 ，總價為新台幣763 萬元整。預售屋、或土地及建物分件登記案件；,RPRRMLSLNHLGFFB56DA,49.93,0.0,3.51,有,
沙鹿區,房地(土地+建物)+車位,臺中市沙鹿區光明街２２０號十三樓之２,21.3,都市：其他:第四種住宅區,,,1120628,土地1建物1車位1,十三層,十五層,住宅大樓(11層含以上有電梯),住家用,鋼筋混凝土造,1150513,111.07,2,2,1,有,有,7600000,81842,坡道平面,32.26,1150000,預售屋、或土地及建物分件登記案件；,RPRSMLSLNHLGFFB66DA,49.56,0.0,3.23,有,
沙鹿區,房地(土地+建物)+車位,臺中市沙鹿區光明街２２０號十三樓之８,21.63,都市：其他:第四種住宅區,,,1120630,土地1建物1車位1,十三層,十五層,住宅大樓(11層含以上有電梯),住家用,鋼筋混凝土造,1150513,112.03999999999999,2,2,1,有,有,7630000,79970,坡道平面,32.26,1250000,1. 本申報書地政士僅受託買賣案件申請登記，並未代理撰擬不動產買賣契約書，本成交資訊係由買賣雙方提供屬實。2. 本件買賣於民國113年4月22日讓渡 ，總價為新台幣 860萬元整。預售屋、或土地及建物分件登記案件；,RPRTMLSLNHLGFFB76DA,49.93,0.0,3.51,有,
沙鹿區,房地(土地+建物)+車位,臺中市沙鹿區光明街２２０號十五樓之５,22.11,都市：其他:第四種住宅區,,,1120603,土地1建物1車位1,十五層,十五層,住宅大樓(11層含以上有電梯),住家用,鋼筋混凝土造,1150513,113.85,2,2,1,有,有,7700000,80279,坡道平面,32.26,1150000,預售屋、或土地及建物分件登記案件；,RPUUMLSLNHLGFFB17DA,50.97,0.0,3.71,有,
沙鹿區,房地(土地+建物)+車位,臺中市沙鹿區光明街２２０號十五樓之６,29.7,都市：其他:第四種住宅區,,,1120629,土地1建物1車位1,十五層,十五層,住宅大樓(11層含以上有電梯),住家用,鋼筋混凝土造,1150513,141.61,2,2,2,有,有,9860000,79652,坡道平面,32.26,1150000,預售屋、或土地及建物分件登記案件；,RPVUMLSLNHLGFFB27DA,69.71,0.0,3.57,有,
沙鹿區,房地(土地+建物)+車位,臺中市沙鹿區光明街２２０號七樓之６,29.7,都市：其他:第四種住宅區,,,1120625,土地1建物1車位1,七層,十五層,住宅大樓(11層含以上有電梯),住家用,鋼筋混凝土造,1150513,141.61,3,2,2,有,有,10060000,80567,坡道平面,32.26,1250000,預售屋、或土地及建物分件登記案件；,RPPVMLSLNHLGFFB76DA,69.71,0.0,3.57,有,
沙鹿區,房地(土地+建物)+車位,臺中市沙鹿區光明街２２０號七樓之８,21.63,都市：其他:第四種住宅區,,,1120623,土地1建物1車位1,七層,十五層,住宅大樓(11層含以上有電梯),住家用,鋼筋混凝土造,1150513,112.03999999999999,2,2,1,有,有,7510000,79719,坡道平面,32.26,1150000,預售屋、或土地及建物分件登記案件；,RPRVMLSLNHLGFFB96DA,49.93,0.0,3.51,有,
沙鹿區,房地(土地+建物)+車位,臺中市沙鹿區光明街２２０號八樓之２,21.3,都市：其他:第四種住宅區,,,1120613,土地1建物1車位1,八層,十五層,住宅大樓(11層含以上有電梯),住家用,鋼筋混凝土造,1150513,111.07,2,2,1,有,有,7450000,79939,坡道平面,32.26,1150000,預售屋、或土地及建物分件登記案件；,RPTVMLSLNHLGFFB17DA,49.56,0.0,3.23,有,
沙鹿區,房地(土地+建物)+車位,臺中市沙鹿區光明街２２０號七樓之５,22.11,都市：其他:第四種住宅區,,,1120617,土地1建物1車位1,七層,十五層,住宅大樓(11層含以上有電梯),住家用,鋼筋混凝土造,1150513,113.85,2,2,1,有,有,7700000,80279,坡道平面,32.26,1150000,預售屋、或土地及建物分件登記案件；,RPPNMLLJOHLGFFB77DA,50.97,0.0,3.71,有,
沙鹿區,房地(土地+建物)+車位,臺中市沙鹿區光明街２２０號五樓之８,21.63,都市：其他:第四種住宅區,,,1120624,土地1建物1車位1,五層,十五層,住宅大樓(11層含以上有電梯),住家用,鋼筋混凝土造,1150513,112.03999999999999,2,2,1,有,有,7360000,77839,坡道平面,32.26,1150000,1. 本申報書地政士僅受託買賣案件申請登記，並未代理撰擬不動產買賣契約書，本成交資訊係由買賣雙方提供屬實。2. 本件買賣於民國115年6月2日讓渡 ，總價為新台幣710萬元整。預售屋、或土地及建物分件登記案件；,RPTNMLSKOHLGFFB98DA,49.93,0.0,3.51,有,
沙鹿區,房地(土地+建物)+車位,臺中市沙鹿區光明街２２０號十一樓之１,24.99,都市：其他:第四種住宅區,,,1120612,土地1建物1車位1,十一層,十五層,住宅大樓(11層含以上有電梯),住家用,鋼筋混凝土造,1150513,124.37,2,2,2,有,有,8730000,82293,坡道平面,32.26,1150000,1.本申報書地政士僅受託買賣案件申請登記，並未代理撰擬不動產買賣契約書，本成交資訊係由買賣雙方提供屬實。2.本件買賣於民國113年2月22日讓渡 ，總價為新台幣897萬元整。3.於民國115年4月23日有買受人與其配偶，直系血親或二親等內旁系血親讓渡，其讓渡價格不變。預售屋、或土地及建物分件登記案件；,RPXNMLPKPHLGFFB56DA,58.43,0.0,3.27,有,
沙鹿區,房地(土地+建物)+車位,臺中市沙鹿區光明街２２０號八樓之７,29.98,都市：其他:第四種住宅區,,,1120603,土地1建物1車位2,八層,十五層,住宅大樓(11層含以上有電梯),住家用,鋼筋混凝土造,1150513,172.84,3,2,2,有,有,11340000,81817,坡道平面,62.35,2300000,預售屋、或土地及建物分件登記案件；,RPQNMLKLPHLGFFB08DA,70.46,0.0,3.57,有,
沙鹿區,房地(土地+建物)+車位,臺中市沙鹿區光明街２２０號三樓之５,22.11,都市：其他:第四種住宅區,,,1120616,土地1建物1車位1,三層,十五層,住宅大樓(11層含以上有電梯),住家用,鋼筋混凝土造,1150513,113.85,2,2,1,有,有,7660000,79789,坡道平面,32.26,1150000,預售屋、或土地及建物分件登記案件；,RPPNMLPJQHLGFFB38DA,50.97,0.0,3.71,有,
沙鹿區,房地(土地+建物)+車位,臺中市沙鹿區東晉一街６１號六樓之８,46.09,都市：其他:第二種住宅區,,,1120630,土地1建物1車位2,六層,六層,華廈(10層含以下有電梯),住家用,鋼筋混凝土造,1150318,190.82,3,2,2,有,有,12880000,97156,坡道平面,86.04,2700000,原承買人於115.6.23讓渡予新所有權人讓渡總價為新台幣1288萬元整。預售屋、或土地及建物分件登記案件；,RPQNMLRLPHLGFFB78DA,58.44,0.0,10.84,有,
南區,房地(土地+建物)+車位,臺中市南區福田二街１８２號五樓之６,24.82,都市：其他:第三種住宅區。,,,1120627,土地2建物1車位2,五層,十五層,住宅大樓(11層含以上有電梯),住家用,鋼筋混凝土造,1150516,189.56,3,2,2,有,有,19980000,121767,坡道平面,54.22,3500000,113年2月28日增購一個車位，車位價格新台幣180萬元整115年1月27日權利讓渡預售屋、或土地及建物分件登記案件；,RPVOMLRLPHLGFAB88DA,81.85,0.0,7.29,有,
南區,房地(土地+建物)+車位,臺中市南區福田二街１７６號十樓之５,24.82,都市：其他:第三種住宅區。,,,1120623,土地2建物1車位2,十層,十五層,住宅大樓(11層含以上有電梯),住家用,鋼筋混凝土造,1150516,189.56,3,2,2,有,有,20250000,126718,坡道平面,54.22,3100000,預售屋、或土地及建物分件登記案件；,RPSQMLRLPHLGFAB78DA,81.85,0.0,7.29,有,
西屯區,房地(土地+建物)+車位,臺中市西屯區中清路二段１２５０巷３５號六樓之２,13.8,都市：其他:第二種住宅區,,,1120630,土地4建物1車位1,六層,六層,華廈(10層含以下有電梯),住家用,鋼筋混凝土造,1150512,68.81,1,1,1,有,有,12300000,182099,升降機械,10.6,1700000,預售屋、或土地及建物分件登記案件；,RPTOMLNKQHLGFCB48DA,32.53,0.0,2.41,有,
龍井區,房地(土地+建物)+車位,臺中市龍井區遊園北路２０８巷１６號五樓之１,15.87,都市：其他:第三種住宅區。,,,1120626,土地1建物1車位1,五層,八層,華廈(10層含以下有電梯),住家用,鋼筋混凝土造,1150130,100.38,2,2,1,有,有,8490000,107280,坡道平面,38.02,1800000,114年11月2日換約，換約金額為新台幣880萬元整。預售屋、或土地及建物分件登記案件；,RPWOMLNKQHLGFKB96DA,36.14,0.0,3.19,有,
北屯區,房地(土地+建物)+車位,臺中市北屯區榮德路３９８號十樓之３,28.6,都市：其他:第一之一種住宅區,,,1120629,土地1建物1車位1,十層,十三層,住宅大樓(11層含以上有電梯),住家用,鋼筋混凝土造,1150621,144.88,2,2,2,有,有,18530000,163430,坡道平面,43.43,1950000,預售屋、或土地及建物分件登記案件；,RPUVMLQJPHLGFBB66DA,58.63,0.0,6.64,有,
北屯區,房地(土地+建物)+車位,臺中市北屯區榮德路３９８號十樓之５,28.6,都市：其他:第一之一種住宅區,,,1120628,土地1建物1車位1,十層,十三層,住宅大樓(11層含以上有電梯),住家用,鋼筋混凝土造,1150621,137.63,2,2,2,有,有,19000000,166092,坡道平面,36.18,2150000,115.05.22讓渡於新所有權人，讓渡金額1900萬元整。預售屋、或土地及建物分件登記案件；,RPVVMLQJPHLGFBB76DA,58.63,0.0,6.64,有,
北屯區,房地(土地+建物)+車位,臺中市北屯區榮德路３９８號六樓之３,28.6,都市：其他:第一之一種住宅區,,,1120623,土地1建物1車位1,六層,十三層,住宅大樓(11層含以上有電梯),住家用,鋼筋混凝土造,1150621,137.63,2,2,2,有,有,18320000,159389,坡道平面,36.18,2150000,預售屋、或土地及建物分件登記案件；,RPUPMLTJPHLGFBB98DA,58.63,0.0,6.64,有,
西屯區,房地(土地+建物)+車位,臺中市西屯區廣興巷１３號三樓之１９,29.95,都市：其他:農業區,,,1120530,土地1建物1車位1,三層,四層,華廈(10層含以下有電梯),住家用,鋼筋混凝土造,1141103,124.3,1,1,2,有,有,13420000,120911,坡道平面,28.61,1850000,預售屋、或土地及建物分件登記案件；,RPTNMLRKPHLGFCB68DA,53.29,0.0,4.21,有,
后里區,房地(土地+建物)+車位,臺中市后里區民生路１００號五樓之５,26.17,都市：其他:住宅區,,,1120506,土地1建物1車位1,五層,十三層,住宅大樓(11層含以上有電梯),住家用,鋼筋混凝土造,1150510,147.07999999999998,3,2,2,有,有,14150000,104852,坡道平面,25.48,1400000,預售屋、或土地及建物分件登記案件；,RPRPMLRLPHLGFDB88DA,72.27,0.0,8.0,有,
后里區,房地(土地+建物)+車位,臺中市后里區民生路９８號七樓之５,27.57,都市：其他:住宅區,,,1120527,土地1建物1車位1,七層,十三層,住宅大樓(11層含以上有電梯),住家用,鋼筋混凝土造,1150510,153.65,3,2,2,有,有,15790000,110712,坡道平面,25.48,1600000,預售屋、或土地及建物分件登記案件；,RPTQMLSLPHLGFDB66DA,76.08,0.0,8.54,有,
后里區,房地(土地+建物)+車位,臺中市后里區民生路９８號九樓之２,27.57,都市：其他:住宅區,,,1120502,土地1建物1車位1,九層,十三層,住宅大樓(11層含以上有電梯),住家用,鋼筋混凝土造,1150510,153.65,3,2,2,有,有,16000000,112741,坡道平面,25.48,1550000,預售屋、或土地及建物分件登記案件；,RPUOMLTLPHLGFDB66DA,76.08,0.0,8.54,有,
南區,房地(土地+建物)+車位,臺中市南區復興路三段１６５號十一樓之１,19.62,都市：其他:第二種住宅區,,,1120507,土地2建物1車位1,十一層,十二層,住宅大樓(11層含以上有電梯),住家用,鋼筋混凝土造,1150606,147.85000000000002,3,2,2,有,有,18620000,142124,坡道平面,30.91,2000000,預售屋、或土地及建物分件登記案件；,RPSNMLMLPHLGFAB97DA,69.41,0.0,7.93,有,
南區,房地(土地+建物)+車位,臺中市南區復興路三段１６５號五樓之５,15.04,都市：其他:第二種住宅區,,,1120506,土地2建物1車位1,五層,十二層,住宅大樓(11層含以上有電梯),住家用,鋼筋混凝土造,1150606,120.53999999999999,2,2,1,有,有,13940000,138235,坡道平面,30.91,1550000,預售屋、或土地及建物分件登記案件；,RPTNMLMLPHLGFAB08DA,53.52,0.0,5.76,有,
南區,房地(土地+建物)+車位,臺中市南區復興路三段１６５號九樓之５,15.04,都市：其他:第二種住宅區,,,1120513,土地2建物1車位1,九層,十二層,住宅大樓(11層含以上有電梯),住家用,鋼筋混凝土造,1150606,129.29000000000002,2,2,1,有,有,14730000,140913,坡道平面,39.66,2100000,預售屋、或土地及建物分件登記案件；,RPUNMLMLPHLGFAB18DA,53.52,0.0,5.76,有,
南區,房地(土地+建物)+車位,臺中市南區復興路三段１６５號十一樓之５,15.04,都市：其他:第二種住宅區,,,1120503,土地2建物1車位1,十一層,十二層,住宅大樓(11層含以上有電梯),住家用,鋼筋混凝土造,1150606,120.53999999999999,2,2,1,有,有,14490000,142140,坡道平面,30.91,1750000,預售屋、或土地及建物分件登記案件；,RPVNMLMLPHLGFAB28DA,53.52,0.0,5.76,有,
南區,房地(土地+建物)+車位,臺中市南區復興路三段１６５號八樓之３,15.18,都市：其他:第二種住宅區,,,1120531,土地2建物1車位1,八層,十二層,住宅大樓(11層含以上有電梯),住家用,鋼筋混凝土造,1150606,121.39,2,2,1,有,有,14470000,143347,坡道平面,30.91,1500000,預售屋、或土地及建物分件登記案件；,RPXNMLMLPHLGFAB48DA,53.35,0.0,6.49,有,
北屯區,房地(土地+建物)+車位,臺中市北屯區崇德十六路８號十四樓之２,51.15,都市：其他:第一之一種住宅區,,,1120513,土地1建物1車位2,十四層,二十三層,住宅大樓(11層含以上有電梯),住家用,鋼筋混凝土造,1150630,255.23000000000002,4,2,2,有,有,39810000,186594,坡道平面,65.46,4400000,預售屋、或土地及建物分件登記案件；,RPRSMLNJQHLGFBB48DA,111.16,0.0,11.89,有,
北屯區,房地(土地+建物)+車位,臺中市北屯區崇德十六路８號十二樓之５,40.9,都市：其他:第一之一種住宅區,,,1120527,土地1建物1車位2,十二層,二十三層,住宅大樓(11層含以上有電梯),住家用,鋼筋混凝土造,1150630,217.2,3,2,2,有,有,31290000,183142,坡道平面,65.46,3500000,本戶於115年03月28日辦理讓渡配偶，讓渡金額不變。預售屋、或土地及建物分件登記案件；,RPTOMLQJQHLGFBB58DA,91.55,0.0,6.89,有,
南區,房地(土地+建物)+車位,臺中市南區福田二街１７６號五樓之２,23.01,都市：其他:第三種住宅區。,,,1120507,土地2建物1車位2,五層,十五層,住宅大樓(11層含以上有電梯),住家用,鋼筋混凝土造,1150516,179.42000000000002,3,2,2,有,有,18020000,120767,坡道平面,54.22,2900000,預售屋、或土地及建物分件登記案件；,RPXOMLRLPHLGFAB09DA,75.82,0.0,6.68,有,
南區,房地(土地+建物)+車位,臺中市南區福田二街１７２號七樓之５,22.75,都市：其他:第三種住宅區。,,,1120503,土地2建物1車位1,七層,十五層,住宅大樓(11層含以上有電梯),住家用,鋼筋混凝土造,1150516,150.65,3,2,2,有,有,16740000,121742,坡道平面,27.11,1700000,預售屋、或土地及建物分件登記案件；,RPQSMLRLPHLGFAB78DA,74.12,0.0,7.28,有,
北屯區,房地(土地+建物)+車位,臺中市北屯區德和二街５３號七樓之１,29.41,都市：其他:第一之一種住宅區,,,1120515,土地1建物1車位1,七層,七層,華廈(10層含以下有電梯),住家用,鋼筋混凝土造,1150427,104.25999999999999,2,2,2,有,有,14920000,161360,坡道平面,25.12,2150000,預售屋、或土地及建物分件登記案件；,RPVPMLOJQHLGFBB68DA,50.39,0.0,3.18,有,
北屯區,房地(土地+建物)+車位,臺中市北屯區德和二街５３號五樓之５,30.89,都市：其他:第一之一種住宅區,,,1120514,土地1建物1車位1,五層,七層,華廈(10層含以下有電梯),住家用,鋼筋混凝土造,1150427,108.36,2,2,2,有,有,14850000,152571,坡道平面,25.12,2150000,預售屋、或土地及建物分件登記案件；,RPWPMLOJQHLGFBB78DA,53.15,0.0,3.2,有,
北屯區,房地(土地+建物)+車位,臺中市北屯區德和二街５５號六樓之１,31.55,都市：其他:第一之一種住宅區,,,1120529,土地1建物1車位1,六層,七層,華廈(10層含以下有電梯),住家用,鋼筋混凝土造,1150427,110.18,2,2,2,有,有,16050000,163414,坡道平面,25.12,2150000,預售屋、或土地及建物分件登記案件；,RPXPMLOJQHLGFBB88DA,54.4,0.0,3.15,有,
北屯區,房地(土地+建物)+車位,臺中市北屯區德和二街５３號三樓之２,29.41,都市：其他:第一之一種住宅區,,,1120515,土地1建物1車位1,三層,七層,華廈(10層含以下有電梯),住家用,鋼筋混凝土造,1150427,104.35,2,2,2,有,有,14000000,149565,坡道平面,25.12,2150000,轉讓日期: 113.7.5 ；轉讓金額:新台幣1463萬元整。預售屋、或土地及建物分件登記案件；,RPOQMLOJQHLGFBB08DA,50.45,0.0,3.18,有,
北屯區,房地(土地+建物)+車位,臺中市北屯區德和二街５３號六樓之５,30.89,都市：其他:第一之一種住宅區,,,1120525,土地1建物1車位1,六層,七層,華廈(10層含以下有電梯),住家用,鋼筋混凝土造,1150427,108.36,2,2,2,有,有,15000000,155574,坡道平面,25.12,2050000,轉讓日期: 115.4.27 ；轉讓金額:新台幣1500萬元整。預售屋、或土地及建物分件登記案件；,RPQOMLLKQHLGFBB87DA,53.15,0.0,3.2,有,
龍井區,房地(土地+建物)+車位,臺中市龍井區遊園北路２０８巷１６號六樓之２,20.22,都市：其他:第三種住宅區。,,,1120510,土地1建物1車位1,六層,八層,華廈(10層含以下有電梯),住家用,鋼筋混凝土造,1150130,117.5,2,2,1,有,有,10250000,108832,坡道平面,38.02,1600000,115年5月3日換約，換約金額為新台幣1000萬元整。預售屋、或土地及建物分件登記案件；,RPROMLQJQHLGFKB66DA,46.43,0.0,3.7,有,
北屯區,房地(土地+建物)+車位,臺中市北屯區榮德路３９８號三樓之３,28.6,都市：其他:第一之一種住宅區,,,1120518,土地1建物1車位1,三層,十三層,住宅大樓(11層含以上有電梯),住家用,鋼筋混凝土造,1150621,137.63,2,2,2,有,有,17800000,155742,坡道平面,36.18,2000000,預售屋、或土地及建物分件登記案件；,RPRSMLQJPHLGFBB68DA,58.63,0.0,6.64,有,
北屯區,房地(土地+建物)+車位,臺中市北屯區榮德路３９８號五樓之３,28.6,都市：其他:第一之一種住宅區,,,1120508,土地1建物1車位1,五層,十三層,住宅大樓(11層含以上有電梯),住家用,鋼筋混凝土造,1150621,137.63,2,2,2,有,有,18200000,158699,坡道平面,36.18,2100000,預售屋、或土地及建物分件登記案件；,RPQTMLQJPHLGFBB68DA,58.63,0.0,6.64,有,
北屯區,房地(土地+建物)+車位,臺中市北屯區榮德路３９８號六樓之１,37.09,都市：其他:第一之一種住宅區,,,1120525,土地1建物1車位1,六層,十三層,住宅大樓(11層含以上有電梯),住家用,鋼筋混凝土造,1150621,174.97,3,2,2,有,有,22820000,158659,坡道平面,43.43,1950000,113.11.21讓渡於新所有權人，讓渡金額2334萬元整。預售屋、或土地及建物分件登記案件；,RPSTMLQJPHLGFBB88DA,76.45,0.0,8.14,有,
北屯區,房地(土地+建物)+車位,臺中市北屯區榮德路３９８號六樓之２,37.07,都市：其他:第一之一種住宅區,,,1120510,土地1建物1車位1,六層,十三層,住宅大樓(11層含以上有電梯),住家用,鋼筋混凝土造,1150621,164.79000000000002,3,2,2,有,有,22150000,153220,坡道平面,33.28,2000000,113.09.23讓渡於新所有權人，讓渡金額2318萬元整。預售屋、或土地及建物分件登記案件；,RPTTMLQJPHLGFBB98DA,76.45,0.0,8.14,有,
神岡區,房地(土地+建物)+車位,臺中市神岡區神林路９０巷１５之５號三樓之６,22.17,,特定農業區,甲種建築用地,1120505,土地1建物1車位1,三層,九層,華廈(10層含以下有電梯),住家用,鋼筋混凝土造,1150515,118.91,2,2,2,有,有,9550000,97791,坡道平面,36.08,1450000,預售屋、或土地及建物分件登記案件；,RPVNMLMJPHLGFDB38DA,52.46,0.0,3.03,有,
神岡區,房地(土地+建物)+車位,臺中市神岡區神林路９０巷１５之５號八樓之６,22.17,,特定農業區,甲種建築用地,1120523,土地1建物1車位1,八層,九層,華廈(10層含以下有電梯),住家用,鋼筋混凝土造,1150515,118.91,2,2,2,有,有,9810000,99722,坡道平面,36.08,1550000,預售屋、或土地及建物分件登記案件；,RPVQMLLLPHLGFDB78DA,52.46,0.0,3.03,有,
北屯區,房地(土地+建物)+車位,臺中市北屯區敦仁街１１７號四樓,86.48,都市：其他:第一之一種住宅區,,,1120427,土地1建物1車位2,四層,六層,華廈(10層含以下有電梯),住家用,鋼筋混凝土造,1150112,296.78,0,0,0,無,有,35500000,127968,坡道平面,58.44,5000000,車位總價中，無法拆分個別車位價格預售屋、或土地及建物分件登記案件；,RPWWMLPJQHLGFBB96DA,134.69,0.0,20.4,有,
北屯區,房地(土地+建物)+車位,臺中市北屯區崇德十六路８號四樓之５,40.9,都市：其他:第一之一種住宅區,,,1120419,土地1建物1車位2,四層,二十三層,住宅大樓(11層含以上有電梯),住家用,鋼筋混凝土造,1150630,217.2,3,2,2,有,有,31300000,179913,坡道平面,65.46,4000000,本戶於115年04年29日辦理讓渡配偶，讓渡金額不變。預售屋、或土地及建物分件登記案件；,RPROMLQJQHLGFBB38DA,91.55,0.0,6.89,有,
豐原區,房地(土地+建物)+車位,臺中市豐原區豐原大道三段２３９巷１０８號六樓之５,19.44,都市：其他:第二種住宅區,,,1120415,土地1建物1車位1,六層,十四層,住宅大樓(11層含以上有電梯),住家用,鋼筋混凝土造,1150424,114.69999999999999,2,2,1,有,有,10780000,111448,坡道平面,32.33,1600000,預售屋、或土地及建物分件登記案件；,RPRSMLLKOHLGFDB38DA,50.84,0.0,3.6,有,
豐原區,房地(土地+建物)+車位,臺中市豐原區豐原大道三段２３９巷１１０號六樓之３,26.2,都市：其他:第二種住宅區,,,1120426,土地1建物1車位1,六層,十四層,住宅大樓(11層含以上有電梯),住家用,鋼筋混凝土造,1150424,143.16,3,2,2,有,有,14300000,113236,坡道平面,32.33,1750000,預售屋、或土地及建物分件登記案件；,RPUSMLLKOHLGFDB68DA,68.26,0.0,4.99,有,
豐原區,房地(土地+建物)+車位,臺中市豐原區豐原大道三段２３９巷１０６號十二樓之５,17.75,都市：其他:第二種住宅區,,,1120409,土地1建物1車位1,十二層,十四層,住宅大樓(11層含以上有電梯),住家用,鋼筋混凝土造,1150424,107.31,2,2,1,有,有,10880000,118432,坡道平面,32.33,2000000,預售屋、或土地及建物分件登記案件；,RPVPMLOKOHLGFDB78DA,45.95,0.0,3.6,有,
南區,房地(土地+建物)+車位,臺中市南區福田二街１７０號七樓之５,23.4,都市：其他:第三種住宅區。,,,1120415,土地2建物1車位1,七層,十五層,住宅大樓(11層含以上有電梯),住家用,鋼筋混凝土造,1150516,154.31,3,2,2,有,有,17350000,123821,坡道平面,27.11,1600000,113年11月30日換約，轉讓價為新台幣1870萬元整預售屋、或土地及建物分件登記案件；,RPXNMLLLPHLGFAB38DA,75.96,0.0,7.84,有,
南區,房地(土地+建物)+車位,臺中市南區福田二街１８２號七樓之１,23.01,都市：其他:第三種住宅區。,,,1120408,土地2建物1車位1,七層,十五層,住宅大樓(11層含以上有電梯),住家用,鋼筋混凝土造,1150516,152.31,3,2,2,有,有,16860000,121885,坡道平面,27.11,1600000,預售屋、或土地及建物分件登記案件；,RPRQMLLLPHLGFAB08DA,75.82,0.0,6.68,有,
南區,房地(土地+建物)+車位,臺中市南區福田二街１８０號九樓之６,23.4,都市：其他:第三種住宅區。,,,1120426,土地2建物1車位2,九層,十五層,住宅大樓(11層含以上有電梯),住家用,鋼筋混凝土造,1150516,181.42000000000002,3,2,2,有,有,19130000,126022,坡道平面,54.22,3100000,預售屋、或土地及建物分件登記案件；,RPUQMLLLPHLGFAB38DA,75.96,0.0,7.84,有,
龍井區,房地(土地+建物)+車位,臺中市龍井區遊園北路２０８巷１６號五樓之３,24.46,都市：其他:第三種住宅區。,,,1120418,土地1建物1車位1,五層,八層,華廈(10層含以下有電梯),住家用,鋼筋混凝土造,1150130,134.13,3,2,1,有,有,12000000,107169,坡道平面,38.02,1700000,預售屋、或土地及建物分件登記案件；,RPRNMLNJQHLGFKB88DA,55.55,0.0,5.07,有,
龍井區,房地(土地+建物)+車位,臺中市龍井區遊園北路２０８巷１６號六樓之５,22.01,都市：其他:第三種住宅區。,,,1120415,土地1建物1車位1,六層,八層,華廈(10層含以下有電梯),住家用,鋼筋混凝土造,1150130,124.50999999999999,2,2,1,有,有,11430000,110186,坡道平面,38.02,1900000,預售屋、或土地及建物分件登記案件；,RPVNMLNJQHLGFKB66DA,51.08,0.0,3.47,有,
龍井區,房地(土地+建物)+車位,臺中市龍井區遊園北路２０８巷１６號四樓之５,22.01,都市：其他:第三種住宅區。,,,1120407,土地1建物1車位1,四層,八層,華廈(10層含以下有電梯),住家用,鋼筋混凝土造,1150130,124.50999999999999,2,2,1,有,有,10620000,104290,坡道平面,38.02,1600000,115 年 2 月 15 日換約，換約金額為新臺幣1130 萬元整。預售屋、或土地及建物分件登記案件；,RPWNMLQJQHLGFKB07DA,51.08,0.0,3.47,有,
龍井區,房地(土地+建物)+車位,臺中市龍井區遊園北路２０８巷１６號四樓之６,16.96,都市：其他:第三種住宅區。,,,1120428,土地1建物1車位1,四層,八層,華廈(10層含以下有電梯),住家用,鋼筋混凝土造,1150130,104.66,2,2,1,有,有,8750000,104292,坡道平面,38.02,1800000,預售屋、或土地及建物分件登記案件；,RPPOMLQJQHLGFKB09DA,39.43,0.0,2.6,有,
北屯區,房地(土地+建物)+車位,臺中市北屯區榮德路３９８號四樓之３,28.6,都市：其他:第一之一種住宅區,,,1120404,土地1建物1車位1,四層,十三層,住宅大樓(11層含以上有電梯),住家用,鋼筋混凝土造,1150621,134.74,2,2,2,有,有,17670000,155431,坡道平面,33.28,1900000,115.05.28指定配偶為登記名義人預售屋、或土地及建物分件登記案件；,RPWSMLQJPHLGFBB56DA,58.63,0.0,6.64,有,
北屯區,房地(土地+建物)+車位,臺中市北屯區榮德路３９８號六樓之５,28.6,都市：其他:第一之一種住宅區,,,1120410,土地1建物1車位1,六層,十三層,住宅大樓(11層含以上有電梯),住家用,鋼筋混凝土造,1150621,137.63,2,2,2,有,有,18320000,159389,坡道平面,36.18,2150000,預售屋、或土地及建物分件登記案件；,RPUTMLQJPHLGFBB09DA,58.63,0.0,6.64,有,
北屯區,房地(土地+建物)+車位,臺中市北屯區榮德路３９８號十一樓之５,28.6,都市：其他:第一之一種住宅區,,,1120401,土地1建物1車位1,十一層,十三層,住宅大樓(11層含以上有電梯),住家用,鋼筋混凝土造,1150621,137.63,2,2,2,有,有,18680000,162937,坡道平面,36.18,2150000,預售屋、或土地及建物分件登記案件；,RPPWMLQJPHLGFBB88DA,58.63,0.0,6.64,有,
西屯區,房地(土地+建物)+車位,臺中市西屯區市政北一路３３５號十三樓之２,11.49,都市：其他:第六種新市政中心專用區,,,1120401,土地1建物1車位1,十三層,三十七層,住宅大樓(11層含以上有電梯),住家用,鋼骨鋼筋混凝土造、鋼筋混凝土造,1150313,210.7,4,2,2,有,有,38430000,186372,坡道平面,16.84,2300000,預售屋、或土地及建物分件登記案件；,RPWQNLMKQHLGFCB98DA,108.42,11.47,9.43,有,
北屯區,房地(土地+建物)+車位,臺中市北屯區崇德十六路８號六樓之１,51.11,都市：其他:第一之一種住宅區,,,1120325,土地1建物1車位2,六層,二十三層,住宅大樓(11層含以上有電梯),住家用,鋼筋混凝土造,1150630,255.2,4,2,2,有,有,38790000,183356,坡道平面,65.46,4000000,預售屋、或土地及建物分件登記案件；,RPRPMLNJQHLGFBB18DA,111.16,0.0,11.89,有,
北屯區,房地(土地+建物)+車位,臺中市北屯區崇德十六路８號十八樓之１,51.15,都市：其他:第一之一種住宅區,,,1120323,土地1建物1車位2,十八層,二十三層,住宅大樓(11層含以上有電梯),住家用,鋼筋混凝土造,1150630,255.23000000000002,4,2,2,有,有,39750000,188386,坡道平面,65.46,4000000,預售屋、或土地及建物分件登記案件；,RPUQMLNJQHLGFBB58DA,111.16,0.0,11.89,有,
北屯區,房地(土地+建物)+車位,臺中市北屯區崇德十六路８號二十樓之１,51.15,都市：其他:第一之一種住宅區,,,1120324,土地1建物1車位1,二十層,二十三層,住宅大樓(11層含以上有電梯),住家用,鋼筋混凝土造,1150630,222.5,4,2,2,有,有,38320000,189282,坡道平面,32.73,2400000,預售屋、或土地及建物分件登記案件；,RPWQMLNJQHLGFBB78DA,111.16,0.0,11.89,有,
北屯區,房地(土地+建物)+車位,臺中市北屯區崇德十六路８號十八樓之２,51.15,都市：其他:第一之一種住宅區,,,1120323,土地1建物1車位2,十八層,二十三層,住宅大樓(11層含以上有電梯),住家用,鋼筋混凝土造,1150630,255.23000000000002,4,2,2,有,有,39190000,185435,坡道平面,65.46,4000000,預售屋、或土地及建物分件登記案件；,RPWSMLNJQHLGFBB98DA,111.16,0.0,11.89,有,
北屯區,房地(土地+建物)+車位,臺中市北屯區崇德十六路８號二十一樓之３,40.9,都市：其他:第一之一種住宅區,,,1120326,土地1建物1車位2,二十一層,二十三層,住宅大樓(11層含以上有電梯),住家用,鋼筋混凝土造,1150630,217.2,3,2,2,有,有,32290000,183801,坡道平面,65.46,4400000,預售屋、或土地及建物分件登記案件；,RPPVMLNJQHLGFBB58DA,91.55,0.0,6.89,有,
北屯區,房地(土地+建物)+車位,臺中市北屯區崇德十六路８號八樓之５,40.9,都市：其他:第一之一種住宅區,,,1120323,土地1建物1車位2,八層,二十三層,住宅大樓(11層含以上有電梯),住家用,鋼筋混凝土造,1150630,217.2,3,2,2,有,有,32030000,184724,坡道平面,65.46,4000000,預售屋、或土地及建物分件登記案件；,RPOWMLNJQHLGFBB58DA,91.55,0.0,6.89,有,
北屯區,房地(土地+建物)+車位,臺中市北屯區崇德十六路８號六樓之２,51.11,都市：其他:第一之一種住宅區,,,1120325,土地1建物1車位2,六層,二十三層,住宅大樓(11層含以上有電梯),住家用,鋼筋混凝土造,1150630,255.2,4,2,2,有,有,38120000,180352,坡道平面,65.46,3900000,本戶於115年04月16日辦理讓渡配偶，讓渡金額不變。預售屋、或土地及建物分件登記案件；,RPUNMLQJQHLGFBB58DA,111.16,0.0,11.89,有,
北屯區,房地(土地+建物)+車位,臺中市北屯區崇德十六路８號二十二樓之３,40.9,都市：其他:第一之一種住宅區,,,1120326,土地1建物1車位2,二十二層,二十三層,住宅大樓(11層含以上有電梯),住家用,鋼筋混凝土造,1150630,217.2,3,2,2,有,有,31510000,178661,坡道平面,65.46,4400000,本戶於115年05月19日辦理讓渡配偶，讓渡金額不變。預售屋、或土地及建物分件登記案件；,RPPOMLQJQHLGFBB18DA,91.55,0.0,6.89,有,
北屯區,房地(土地+建物)+車位,臺中市北屯區崇德十六路８號十九樓之５,40.9,都市：其他:第一之一種住宅區,,,1120325,土地1建物1車位1,十九層,二十三層,住宅大樓(11層含以上有電梯),住家用,鋼筋混凝土造,1150630,184.47,3,2,2,有,有,31060000,188876,坡道平面,32.73,2400000,本戶於115年03月28日辦理讓渡配偶，讓渡金額不變。預售屋、或土地及建物分件登記案件；,RPUOMLQJQHLGFBB68DA,91.55,0.0,6.89,有,
南區,房地(土地+建物)+車位,臺中市南區福田二街１７８號四樓之６,22.75,都市：其他:第三種住宅區。,,,1120318,土地2建物1車位1,四層,十五層,住宅大樓(11層含以上有電梯),住家用,鋼筋混凝土造,1150516,150.65,3,2,2,有,有,16430000,120042,坡道平面,27.11,1600000,預售屋、或土地及建物分件登記案件；,RPWRMLRLPHLGFAB66DA,74.12,0.0,7.28,有,
龍井區,房地(土地+建物),臺中市龍井區遊園北路２０８巷１６號四樓之９,13.15,都市：其他:第三種住宅區。,,,1120325,土地1建物1車位0,四層,八層,華廈(10層含以下有電梯),住家用,鋼筋混凝土造,1150130,51.65,1,2,1,有,有,5290000,102420,,0.0,0,預售屋、或土地及建物分件登記案件；,RPPOMLNJQHLGFKB78DA,29.3,0.0,3.28,有,
龍井區,房地(土地+建物)+車位,臺中市龍井區遊園北路２０８巷１６號五樓之８,19.99,都市：其他:第三種住宅區。,,,1120325,土地1建物1車位1,五層,八層,華廈(10層含以下有電梯),住家用,鋼筋混凝土造,1150130,116.58,2,2,1,有,有,10110000,105779,坡道平面,38.02,1800000,115年5月30日換約，換約金額為新台幣1018萬元整。車位交換原B2-25變更為B2-24，車位價金不變。預售屋、或土地及建物分件登記案件；,RPOOMLQJQHLGFKB98DA,46.52,0.0,3.03,有,
烏日區,房地(土地+建物)+車位,臺中市烏日區九德街６５號二樓之６,22.24,都市：其他:第三種住宅區。,,,1120305,土地2建物1車位1,二層,十一層,住宅大樓(11層含以上有電梯),住家用,鋼筋混凝土造,1150421,117.56,2,2,1,有,有,10300000,101992,坡道平面,34.22,1800000,預售屋、或土地及建物分件登記案件；,RPVOMLMKOHLGFIB98DA,50.0,0.0,5.07,有,
烏日區,房地(土地+建物),臺中市烏日區九德街６５號十樓之７,22.46,都市：其他:第三種住宅區。,,,1120312,土地2建物1車位0,十層,十一層,住宅大樓(11層含以上有電梯),住家用,鋼筋混凝土造,1150421,84.21000000000001,2,2,1,有,有,9780000,116138,,0.0,0,原承買人於115.02.26指定登記配偶為名義人。預售屋、或土地及建物分件登記案件；,RPWPMLPKOHLGFIB86DA,50.25,0.0,5.39,有,
烏日區,房地(土地+建物)+車位,臺中市烏日區九德街６５號十樓之５,19.19,都市：其他:第三種住宅區。,,,1120315,土地2建物1車位1,十層,十一層,住宅大樓(11層含以上有電梯),住家用,鋼筋混凝土造,1150421,119.9,2,2,1,有,有,9980000,113690,坡道平面,47.95,1800000,原承買人於115.06.16讓渡，讓渡房地總價為新臺幣998萬元整。預售屋、或土地及建物分件登記案件；,RPXRMLQKOHLGFIB27DA,42.44,0.0,5.09,有,
梧棲區,房地(土地+建物)+車位,臺中市梧棲區中華路二段５１號八樓之１,25.95,都市：其他:第四種住宅區,,,1120206,土地1建物1車位1,八層,十五層,住宅大樓(11層含以上有電梯),住家用,鋼筋混凝土造,1150515,152.21,3,2,2,有,有,10300000,74961,坡道平面,31.48,1250000,預售屋、或土地及建物分件登記案件；,RPWRMLKKPHLGFFB98DA,73.43,0.0,6.85,有,
梧棲區,房地(土地+建物)+車位,臺中市梧棲區中華路二段５１號八樓之２,26.26,都市：其他:第四種住宅區,,,1120207,土地1建物1車位1,八層,十五層,住宅大樓(11層含以上有電梯),住家用,鋼筋混凝土造,1150515,153.64999999999998,3,2,2,有,有,10850000,78988,坡道平面,31.48,1200000,預售屋、或土地及建物分件登記案件；,RPPSMLKKPHLGFFB38DA,74.02,0.0,7.22,有,
南區,房地(土地+建物)+車位,臺中市南區福田二街１８０號九樓之５,30.25,都市：其他:第三種住宅區。,,,1120208,土地2建物1車位4,九層,十五層,住宅大樓(11層含以上有電梯),住家用,鋼筋混凝土造,1150516,273.25,4,2,2,有,有,27200000,126206,坡道平面,108.44,6400000,預售屋、或土地及建物分件登記案件；,RPOSMLOJPHLGFAB08DA,98.24,0.0,10.29,有,
烏日區,房地(土地+建物)+車位,臺中市烏日區九德街６５號十樓之２,26.69,都市：其他:第三種住宅區。,,,1120203,土地2建物1車位1,十層,十一層,住宅大樓(11層含以上有電梯),住家用,鋼筋混凝土造,1150421,131.39999999999998,3,2,2,有,有,13350000,115465,坡道平面,31.37,1800000,原承買人於115.02.04指定登記配偶為名義人。預售屋、或土地及建物分件登記案件；,RPOOMLPKOHLGFIB58DA,60.11,0.0,5.99,有,
西屯區,房地(土地+建物)+車位,臺中市西屯區市政北一路３３５號九樓之１,11.46,都市：其他:第六種新市政中心專用區,,,1120128,土地1建物1車位1,九層,三十七層,住宅大樓(11層含以上有電梯),住家用,鋼骨鋼筋混凝土造、鋼筋混凝土造,1150313,210.42,4,2,2,有,有,37430000,181475,坡道平面,16.84,2300000,預售屋、或土地及建物分件登記案件；,RPTQNLMKQHLGFCB68DA,108.42,11.19,9.43,有,
烏日區,房地(土地+建物)+車位,臺中市烏日區九德街６５號二樓之５,19.19,都市：其他:第三種住宅區。,,,1120103,土地2建物1車位1,二層,十一層,住宅大樓(11層含以上有電梯),住家用,鋼筋混凝土造,1150421,106.16,2,2,1,有,有,8800000,98693,坡道平面,34.22,1700000,原承買人於112.12.29讓渡，讓渡房地總價為新臺幣880萬元整。預售屋、或土地及建物分件登記案件；,RPUOMLMKOHLGFIB88DA,42.44,0.0,5.09,有,
烏日區,房地(土地+建物)+車位,臺中市烏日區九德街６５號三樓之２,26.69,都市：其他:第三種住宅區。,,,1120106,土地2建物1車位1,三層,十一層,住宅大樓(11層含以上有電梯),住家用,鋼筋混凝土造,1150421,131.39999999999998,3,2,2,有,有,12220000,105168,坡道平面,31.37,1700000,原承買人於115.02.09指定登記配偶為名義人。預售屋、或土地及建物分件登記案件；,RPOPMLMKOHLGFIB38DA,60.11,0.0,5.99,有,
烏日區,房地(土地+建物),臺中市烏日區九德街６５號五樓之５,19.19,都市：其他:第三種住宅區。,,,1120112,土地2建物1車位0,五層,十一層,住宅大樓(11層含以上有電梯),住家用,鋼筋混凝土造,1150421,71.94,2,2,1,有,有,7850000,109119,,0.0,0,原承買人於114.12.26讓渡，讓渡房地總價為新臺幣800萬元整。預售屋、或土地及建物分件登記案件；,RPSQMLMKOHLGFIB88DA,42.44,0.0,5.09,有,
烏日區,房地(土地+建物)+車位,臺中市烏日區九德街６５號五樓之２,26.69,都市：其他:第三種住宅區。,,,1120119,土地2建物1車位1,五層,十一層,住宅大樓(11層含以上有電梯),住家用,鋼筋混凝土造,1150421,131.39999999999998,3,2,2,有,有,12700000,109967,坡道平面,31.37,1700000,原承買人於115.07.01讓渡，讓渡房地總價為新臺幣1270萬元整。預售屋、或土地及建物分件登記案件；,RPUNMLMJPHLGFIB78DA,60.11,0.0,5.99,有,
梧棲區,房地(土地+建物)+車位,臺中市梧棲區中華路二段５１號九樓之５,17.74,都市：其他:第四種住宅區,,,1111209,土地1建物1車位1,九層,十五層,住宅大樓(11層含以上有電梯),住家用,鋼筋混凝土造,1150515,98.19,2,1,1,有,有,6900000,74591,坡道機械,15.74,750000,預售屋、或土地及建物分件登記案件；,RPRRMLKKPHLGFFB48DA,48.39,0.0,6.42,有,
豐原區,房地(土地+建物)+車位,臺中市豐原區豐原大道三段２３９巷１０６號四樓之５,17.75,都市：其他:第二種住宅區,,,1111203,土地1建物1車位1,四層,十四層,住宅大樓(11層含以上有電梯),住家用,鋼筋混凝土造,1150424,107.31,2,2,1,有,有,9590000,106562,坡道平面,32.33,1600000,預售屋、或土地及建物分件登記案件；,RPOOMLKKOHLGFDB57DA,45.95,0.0,3.6,有,
南區,房地(土地+建物)+車位,臺中市南區福田二街１７２號三樓之５,22.75,都市：其他:第三種住宅區。,,,1111230,土地2建物1車位1,三層,十五層,住宅大樓(11層含以上有電梯),住家用,鋼筋混凝土造,1150516,150.65,3,2,2,有,有,16460000,119475,坡道平面,27.11,1700000,預售屋、或土地及建物分件登記案件；,RPTNMLLLPHLGFAB97DA,74.12,0.0,7.28,有,
南區,房地(土地+建物)+車位,臺中市南區福田二街１８０號十二樓之３,29.99,都市：其他:第三種住宅區。,,,1111208,土地2建物1車位2,十二層,十五層,住宅大樓(11層含以上有電梯),住家用,鋼筋混凝土造,1150516,217.14,4,2,2,有,有,24090000,127609,坡道平面,54.22,3300000,預售屋、或土地及建物分件登記案件；,RPSRMLLLPHLGFAB28DA,96.15,0.0,11.19,有,
北屯區,房地(土地+建物),臺中市北屯區敦富路３３６號七樓之２２,7.85,都市：其他:特定商業區,,,1111213,土地1建物1車位0,七層,二十四層,住宅大樓(11層含以上有電梯),辦公用,鋼筋混凝土造,1150414,69.22,0,0,1,有,有,9260000,133776,,0.0,0,113年9月28日讓售總金額940萬元整預售屋、或土地及建物分件登記案件；,RPUQMLQJQHLGFBB88DA,39.39,0.0,2.66,有,
西屯區,房地(土地+建物)+車位,臺中市西屯區市政北一路３３５號二十二樓之１,11.49,都市：其他:第六種新市政中心專用區,,,1111210,土地1建物1車位1,二十二層,三十七層,住宅大樓(11層含以上有電梯),住家用,鋼骨鋼筋混凝土造、鋼筋混凝土造,1150313,210.7,4,2,2,有,有,38780000,188177,坡道平面,16.84,2300000,預售屋、或土地及建物分件登記案件；,RPUQNLMKQHLGFCB78DA,108.42,11.47,9.43,有,
西屯區,房地(土地+建物)+車位,臺中市西屯區市政北一路３３５號二十三樓之１,11.49,都市：其他:第六種新市政中心專用區,,,1111219,土地1建物1車位1,二十三層,三十七層,住宅大樓(11層含以上有電梯),住家用,鋼骨鋼筋混凝土造、鋼筋混凝土造,1150313,210.7,4,2,2,有,有,38890000,188744,坡道平面,16.84,2300000,預售屋、或土地及建物分件登記案件；,RPVQNLMKQHLGFCB88DA,108.42,11.47,9.43,有,
西屯區,房地(土地+建物)+車位,臺中市西屯區青海路二段５號十五樓之６,10.13,都市：其他:第三種商業區,,,1111126,土地1建物1車位1,十五層,二十四層,住宅大樓(11層含以上有電梯),住家用,鋼骨鋼筋混凝土造,1141103,142.38,3,2,2,有,有,23170000,179599,坡道平面,27.29,2500000,轉售價格新台幣2317萬元整含車位，轉售日期民國115年05月26日。預售屋、或土地及建物分件登記案件；,RPOPMLQJQHLGFCB28DA,69.4,0.0,5.92,有,
豐原區,房地(土地+建物)+車位,臺中市豐原區豐原大道三段２３９巷１０８號五樓之５,19.44,都市：其他:第二種住宅區,,,1111106,土地1建物1車位1,五層,十四層,住宅大樓(11層含以上有電梯),住家用,鋼筋混凝土造,1150424,114.69999999999999,2,2,1,有,有,10480000,107806,坡道平面,32.33,1600000,預售屋、或土地及建物分件登記案件；,RPXPMLLKOHLGFDB68DA,50.84,0.0,3.6,有,
南區,房地(土地+建物)+車位,臺中市南區福田二街１８０號六樓之３,29.99,都市：其他:第三種住宅區。,,,1111103,土地2建物1車位2,六層,十五層,住宅大樓(11層含以上有電梯),住家用,鋼筋混凝土造,1150516,217.14,4,2,2,有,有,23450000,124908,坡道平面,54.22,3100000,預售屋、或土地及建物分件登記案件；,RPTQMLOJPHLGFAB38DA,96.15,0.0,11.19,有,
南區,房地(土地+建物)+車位,臺中市南區福田二街１７８號五樓之６,22.75,都市：其他:第三種住宅區。,,,1111101,土地2建物1車位1,五層,十五層,住宅大樓(11層含以上有電梯),住家用,鋼筋混凝土造,1150516,150.65,3,2,2,有,有,16500000,120609,坡道平面,27.11,1600000,預售屋、或土地及建物分件登記案件；,RPUNMLLLPHLGFAB08DA,74.12,0.0,7.28,有,
南區,房地(土地+建物)+車位,臺中市南區福田二街１７８號六樓之６,22.75,都市：其他:第三種住宅區。,,,1111106,土地2建物1車位1,六層,十五層,住宅大樓(11層含以上有電梯),住家用,鋼筋混凝土造,1150516,150.65,3,2,2,有,有,16780000,121256,坡道平面,27.11,1800000,114年4月16日權利讓渡預售屋、或土地及建物分件登記案件；,RPWNMLLLPHLGFAB28DA,74.12,0.0,7.28,有,
南區,房地(土地+建物)+車位,臺中市南區福田二街１８０號十樓之３,29.99,都市：其他:第三種住宅區。,,,1111115,土地2建物1車位2,十層,十五層,住宅大樓(11層含以上有電梯),住家用,鋼筋混凝土造,1150516,217.14,4,2,2,有,有,23750000,126749,坡道平面,54.22,3100000,預售屋、或土地及建物分件登記案件；,RPXQMLLLPHLGFAB68DA,96.15,0.0,11.19,有,
南區,房地(土地+建物)+車位,臺中市南區福田二街１７６號十三樓之５,24.82,都市：其他:第三種住宅區。,,,1111116,土地2建物1車位2,十三層,十五層,住宅大樓(11層含以上有電梯),住家用,鋼筋混凝土造,1150516,189.56,3,2,2,有,有,20760000,129008,坡道平面,54.22,3300000,預售屋、或土地及建物分件登記案件；,RPXRMLLLPHLGFAB78DA,81.85,0.0,7.29,有,
南區,房地(土地+建物)+車位,臺中市南區福田二街１７６號十三樓之７,24.56,都市：其他:第三種住宅區。,,,1111105,土地2建物1車位2,十三層,十五層,住宅大樓(11層含以上有電梯),住家用,鋼筋混凝土造,1150516,188.03,3,2,2,有,有,20530000,130259,坡道平面,54.22,3100000,預售屋、或土地及建物分件登記案件；,RPOSMLLLPHLGFAB97DA,80.03,0.0,8.14,有,
南區,房地(土地+建物)+車位,臺中市南區福田二街１８０號十樓之６,23.4,都市：其他:第三種住宅區。,,,1111114,土地2建物1車位1,十層,十五層,住宅大樓(11層含以上有電梯),住家用,鋼筋混凝土造,1150516,154.31,3,2,2,有,有,17730000,126808,坡道平面,27.11,1600000,113年11月16日換約，轉讓價為新台幣1950萬元整。預售屋、或土地及建物分件登記案件；,RPQQMLRLPHLGFAB58DA,75.96,0.0,7.84,有,
南區,房地(土地+建物)+車位,臺中市南區福田二街１７０號八樓之５,23.4,都市：其他:第三種住宅區。,,,1111114,土地2建物1車位2,八層,十五層,住宅大樓(11層含以上有電梯),住家用,鋼筋混凝土造,1150516,181.42000000000002,3,2,2,有,有,19100000,125786,坡道平面,54.22,3100000,預售屋、或土地及建物分件登記案件；,RPSSMLRLPHLGFAB98DA,75.96,0.0,7.84,有,
南區,房地(土地+建物)+車位,臺中市南區福田二街１７０號十樓之７,29.99,都市：其他:第三種住宅區。,,,1111029,土地2建物1車位2,十層,十五層,住宅大樓(11層含以上有電梯),住家用,鋼筋混凝土造,1150516,217.14,4,2,2,有,有,23990000,128222,坡道平面,54.22,3100000,預售屋、或土地及建物分件登記案件；,RPTOMLLLPHLGFAB08DA,96.15,0.0,11.19,有,
西屯區,房地(土地+建物)+車位,臺中市西屯區經貿九路５００號七樓之１,40.01,都市：其他:第二種生態住宅專用區,,,1110901,土地2建物1車位2,七層,十層,華廈(10層含以下有電梯),住家用,鋼筋混凝土造,1141215,235.63,4,2,2,有,有,31450000,175855,坡道平面,79.82,4050000,預售屋、或土地及建物分件登記案件；,RPOSMLQJQHLGFCB58DA,95.64,0.0,6.99,有,
北屯區,房地(土地+建物),臺中市北屯區敦富路３３６號五樓之２５,7.66,都市：其他:特定商業區,,,1110906,土地1建物1車位0,五層,二十四層,住宅大樓(11層含以上有電梯),辦公用,鋼筋混凝土造,1150414,66.99,0,0,1,有,有,8800000,131363,,0.0,0,預售屋、或土地及建物分件登記案件；,RPRQMLQJQHLGFBB58DA,38.48,0.0,2.27,有,
西屯區,房地(土地+建物)+車位,臺中市西屯區青海路二段７號二十三樓之１０,6.51,都市：其他:第三種商業區,,,1110707,土地1建物1車位1,二十三層,二十四層,住宅大樓(11層含以上有電梯),住家用,鋼骨鋼筋混凝土造,1141103,84.49000000000001,2,2,1,有,有,14570000,175154,坡道機械,9.87,1500000,轉售價格新台幣1457萬元整含車位，轉售日期民國112年8月04日。預售屋、或土地及建物分件登記案件；,RPVQMLQJQHLGFCB09DA,43.86,0.0,4.92,有,
烏日區,房地(土地+建物),臺中市烏日區光明路２７號,87.5,都市：其他:農業區,,,1110621,土地4建物1車位0,全,四層,透天厝,住商用,鋼筋混凝土造,1150423,235.51,4,2,4,有,有,24800000,105308,,0.0,0,本案於民國111年11月17日讓渡一等親讓渡。預售屋、或土地及建物分件登記案件；,RPRTMLLLPHLGFIB56DA,224.05,0.0,11.18,無,
西屯區,房地(土地+建物)+車位,臺中市西屯區青海路二段５號十二樓之９,7.0,都市：其他:第三種商業區,,,1110623,土地1建物1車位1,十二層,二十四層,住宅大樓(11層含以上有電梯),住家用,鋼骨鋼筋混凝土造,1141103,89.53,2,2,1,有,有,14660000,165830,坡道機械,9.87,1450000,預售屋、或土地及建物分件登記案件；,RPPPMLQJQHLGFCB38DA,46.94,0.0,5.14,有,
豐原區,房地(土地+建物)+車位,臺中市豐原區豐原大道三段２３９巷１１２號六樓之２,28.31,都市：其他:第二種住宅區,,,1110625,土地1建物1車位1,六層,十四層,住宅大樓(11層含以上有電梯),住家用,鋼筋混凝土造,1150424,152.26,3,2,2,有,有,15960000,117652,坡道平面,32.33,1850000,預售屋、或土地及建物分件登記案件；,RPPTMLLKOHLGFDB28DA,71.65,0.0,7.62,有,
烏日區,房地(土地+建物),臺中市烏日區光明路４７巷３號,88.05,都市：其他:農業區,,,1110528,土地4建物1車位0,全,三層,透天厝,住家用,鋼筋混凝土造,1150423,148.52,3,2,4,有,有,18100000,121877,,0.0,0,預售屋、或土地及建物分件登記案件；,RPSRMLLLPHLGFIB09DA,137.14,0.0,11.1,無,
烏日區,房地(土地+建物),臺中市烏日區光明路４７巷９弄２０號,63.76,都市：其他:農業區,,,1110526,土地4建物1車位0,全,四層,透天厝,住家用,鋼筋混凝土造,1150423,145.08,4,2,3,有,有,15300000,105466,,0.0,0,本案於民國113年06月02日讓渡第三人讓渡，讓渡金額為1830萬元整。預售屋、或土地及建物分件登記案件；,RPTSMLLLPHLGFIB66DA,141.24,0.0,3.56,無,
西屯區,房地(土地+建物)+車位,臺中市西屯區青海路二段７號九樓之５,6.8,都市：其他:第三種商業區,,,1110403,土地1建物1車位1,九層,二十四層,住宅大樓(11層含以上有電梯),住家用,鋼骨鋼筋混凝土造,1141103,87.21000000000001,2,2,1,有,有,14120000,165762,坡道機械,9.87,1300000,預售屋、或土地及建物分件登記案件；,RPTQMLQJQHLGFCB88DA,45.49,0.0,5.14,有,
西屯區,房地(土地+建物)+車位,臺中市西屯區青海路二段７號十八樓之６,7.04,都市：其他:第三種商業區,,,1110402,土地1建物1車位1,十八層,二十四層,住宅大樓(11層含以上有電梯),住家用,鋼骨鋼筋混凝土造,1141103,107.16,2,2,1,有,有,15750000,169651,坡道平面,27.29,2200000,預售屋、或土地及建物分件登記案件；,RPUQMLQJQHLGFCB98DA,47.09,0.0,5.2,有,
西屯區,房地(土地+建物)+車位,臺中市西屯區青海路二段７號十一樓之１１,6.56,都市：其他:第三種商業區,,,1110414,土地1建物1車位1,十一層,二十四層,住宅大樓(11層含以上有電梯),住家用,鋼骨鋼筋混凝土造,1141103,84.07,2,2,1,有,有,13850000,167116,坡道機械,9.87,1450000,預售屋、或土地及建物分件登記案件；,RPWQMLQJQHLGFCB56DA,43.86,0.0,4.79,有,
北屯區,房地(土地+建物)+車位,臺中市北屯區仁平街９９號五樓之７,51.82,都市：其他:第一之一種住宅區,,,1110419,土地1建物1車位2,五層,三十四層,住宅大樓(11層含以上有電梯),住家用,鋼骨鋼筋混凝土造,1140804,254.51,3,2,2,有,有,36400000,164674,坡道平面,59.58,4300000,預售屋、或土地及建物分件登記案件；,RPXNMLKKQHLGFBB38DA,113.39,0.0,9.72,有,
北屯區,房地(土地+建物)+車位,臺中市北屯區仁平街９９號六樓之５,50.47,都市：其他:第一之一種住宅區,,,1110419,土地1建物1車位2,六層,三十四層,住宅大樓(11層含以上有電梯),住家用,鋼骨鋼筋混凝土造,1140804,249.51,3,2,2,有,有,35200000,160059,坡道平面,59.58,4800000,預售屋、或土地及建物分件登記案件；,RPOOMLKKQHLGFBB57DA,110.84,0.0,9.22,有,
西屯區,房地(土地+建物)+車位,臺中市西屯區市政北一路３３５號三十五樓之６,9.41,都市：其他:第六種新市政中心專用區,,,1110425,土地1建物1車位1,三十五層,三十七層,住宅大樓(11層含以上有電梯),住家用,鋼骨鋼筋混凝土造、鋼筋混凝土造,1150313,175.17000000000002,3,2,2,有,有,31810000,187014,坡道平面,16.84,2200000,預售屋、或土地及建物分件登記案件；,RPXQNLMKQHLGFCB09DA,85.65,10.96,9.05,有,
西屯區,房地(土地+建物)+車位,臺中市西屯區青海路二段５號二十樓之３,6.56,都市：其他:第三種商業區,,,1110322,土地1建物1車位1,二十層,二十四層,住宅大樓(11層含以上有電梯),住家用,鋼骨鋼筋混凝土造,1141103,84.62,2,2,1,有,有,14330000,172977,坡道機械,9.87,1400000,預售屋、或土地及建物分件登記案件；,RPWOMLQJQHLGFCB98DA,43.86,0.0,5.05,有,
西屯區,房地(土地+建物)+車位,臺中市西屯區青海路二段５號十九樓之５,6.56,都市：其他:第三種商業區,,,1110318,土地1建物1車位1,十九層,二十四層,住宅大樓(11層含以上有電梯),住家用,鋼骨鋼筋混凝土造,1141103,84.62,2,2,1,有,有,14370000,172174,坡道機械,9.87,1500000,預售屋、或土地及建物分件登記案件；,RPXOMLQJQHLGFCB09DA,43.86,0.0,5.05,有,
西屯區,房地(土地+建物)+車位,臺中市西屯區青海路二段５號十七樓之１０,7.0,都市：其他:第三種商業區,,,1110330,土地1建物1車位1,十七層,二十四層,住宅大樓(11層含以上有電梯),住家用,鋼骨鋼筋混凝土造,1141103,106.56,2,2,1,有,有,15400000,170304,坡道平面,27.29,1900000,預售屋、或土地及建物分件登記案件；,RPQPMLQJQHLGFCB48DA,46.76,0.0,5.22,有,
西屯區,房地(土地+建物)+車位,臺中市西屯區青海路二段７號十八樓之１２,10.52,都市：其他:第三種商業區,,,1110322,土地1建物1車位1,十八層,二十四層,住宅大樓(11層含以上有電梯),住家用,鋼骨鋼筋混凝土造,1141103,146.95,3,2,2,有,有,24140000,180846,坡道平面,27.29,2500000,預售屋、或土地及建物分件登記案件；,RPXQMLQJQHLGFCB66DA,69.41,3.11,5.92,有,
北屯區,房地(土地+建物)+車位,臺中市北屯區仁平街９９號二十九樓之３,60.13,都市：其他:第一之一種住宅區,,,1110309,土地1建物1車位3,二十九層,三十四層,住宅大樓(11層含以上有電梯),住家用,鋼骨鋼筋混凝土造,1140804,322.25,4,2,3,有,有,47950000,180134,坡道平面,96.03,7200000,預售屋、或土地及建物分件登記案件；,RPWNMLKKQHLGFBB28DA,132.17,0.0,10.8,有,
北屯區,房地(土地+建物)+車位,臺中市北屯區仁平街９９號二十八樓之３,60.13,都市：其他:第一之一種住宅區,,,1110309,土地1建物1車位4,二十八層,三十四層,住宅大樓(11層含以上有電梯),住家用,鋼骨鋼筋混凝土造,1140804,345.36,4,2,3,有,有,47420000,179576,坡道平面,119.16,6800000,預售屋、或土地及建物分件登記案件；,RPSOMLKKQHLGFBB97DA,132.17,0.0,10.8,有,
西屯區,房地(土地+建物)+車位,臺中市西屯區青海路二段５號二十四樓之１１,6.56,都市：其他:第三種商業區,,,1110326,土地1建物1車位1,二十四層,二十四層,住宅大樓(11層含以上有電梯),住家用,鋼骨鋼筋混凝土造,1141103,101.52000000000001,2,2,1,有,有,15370000,177422,坡道平面,27.29,2200000,轉售價格新台幣1590萬元整含車位，轉售日期民國115年04月15日。預售屋、或土地及建物分件登記案件；,RPRPMLQJQHLGFCB58DA,43.57,0.0,5.11,有,
北屯區,房地(土地+建物)+車位,臺中市北屯區仁平街９９號十一樓之７,51.82,都市：其他:第一之一種住宅區,,,1110121,土地1建物1車位3,十一層,三十四層,住宅大樓(11層含以上有電梯),住家用,鋼骨鋼筋混凝土造,1140804,284.29,3,2,2,有,有,37950000,166222,坡道平面,89.37,5550000,預售屋、或土地及建物分件登記案件；,RPQPMLLMPHLGFBB08DA,113.39,0.0,9.72,有,
北屯區,房地(土地+建物)+車位,臺中市北屯區仁平街９９號十四樓之５,50.47,都市：其他:第一之一種住宅區,,,1110114,土地1建物1車位2,十四層,三十四層,住宅大樓(11層含以上有電梯),住家用,鋼骨鋼筋混凝土造,1140804,249.51,3,2,2,有,有,35950000,163481,坡道平面,59.58,4900000,115年5月19日換約，換約價3595萬元。預售屋、或土地及建物分件登記案件；,RPPOMLKKQHLGFBB67DA,110.84,0.0,9.22,有,
北屯區,房地(土地+建物)+車位,臺中市北屯區仁平街９９號十四樓之３,60.13,都市：其他:第一之一種住宅區,,,1110114,土地1建物1車位2,十四層,三十四層,住宅大樓(11層含以上有電梯),住家用,鋼骨鋼筋混凝土造,1140804,285.78,4,2,3,有,有,43950000,172635,坡道平面,59.58,4900000,115年7月17日換約，換約價4395萬元整。預售屋、或土地及建物分件登記案件；,RPROMLKKQHLGFBB87DA,132.17,0.0,10.8,有,
沙鹿區,房地(土地+建物)+車位,臺中市沙鹿區福田北街１２０號五樓之５,29.68,都市：其他:第四種住宅區,,,1101126,土地1建物1車位1,五層,八層,華廈(10層含以下有電梯),住家用,鋼筋混凝土造,1141219,134.85,2,2,2,有,有,8370000,62069,坡道平面,36.48,0,113年09月25日讓渡價金不變,RPVNMLRKQHLGFFB66DA,61.87,0.0,4.59,有,
沙鹿區,房地(土地+建物)+車位,臺中市沙鹿區福田北街１２０號六樓之３,29.68,都市：其他:第四種住宅區,,,1101126,土地1建物1車位1,六層,八層,華廈(10層含以下有電梯),住家用,鋼筋混凝土造,1141219,134.85,2,2,2,有,有,8510000,63107,坡道平面,36.48,0,113年09月25日讓渡  價金不變,RPWNMLRKQHLGFFB76DA,61.87,0.0,4.59,有,
西屯區,房地(土地+建物)+車位,臺中市西屯區臺灣大道三段７６５號十三樓之１６,5.59,都市：其他:第四之一種商業區,,,1100429,土地1建物1車位1,十三層,三十六層,住宅大樓(11層含以上有電梯),住家用,鋼骨造,1141028,90.87,2,2,1,有,有,9020000,104407,坡道機械,12.14,800000,預售屋、或土地及建物分件登記案件；,RPVPMLRLPHLGFCB56DA,45.34,2.0,4.18,有,
西屯區,房地(土地+建物)+車位,臺中市西屯區臺灣大道三段７６５號二十三樓之１０,5.51,都市：其他:第四之一種商業區,,,1100104,土地1建物1車位1,二十三層,三十六層,住宅大樓(11層含以上有電梯),住家用,鋼骨造,1141028,108.19,2,2,1,有,有,10650000,115935,坡道平面,30.56,1650000,1.讓渡日期:112年11月20日2.此申報總價為原始買賣合約價格預售屋、或土地及建物分件登記案件；,RPSQMLRLPHLGFCB98DA,45.03,1.55,4.27,有,
西屯區,房地(土地+建物)+車位,臺中市西屯區臺灣大道三段７６５號十五樓之１６,5.59,都市：其他:第四之一種商業區,,,1091229,土地1建物1車位1,十五層,三十六層,住宅大樓(11層含以上有電梯),住家用,鋼骨造,1141028,90.87,2,2,1,有,有,9180000,105805,坡道機械,12.14,850000,1.讓渡日期:112年10月20日2.此申報總價為940萬元預售屋、或土地及建物分件登記案件；,RPQQMLRLPHLGFCB78DA,45.34,2.0,4.18,有,
西屯區,房地(土地+建物)+車位,臺中市西屯區臺灣大道三段７６５號二十樓之８,5.51,都市：其他:第四之一種商業區,,,1091213,土地1建物1車位1,二十層,三十六層,住宅大樓(11層含以上有電梯),住家用,鋼骨造,1141028,89.9,2,2,1,有,有,9650000,113169,坡道機械,12.14,850000,1.讓渡日期:113年5月3日2.此申報總價為995萬元預售屋、或土地及建物分件登記案件；,RPRQMLRLPHLGFCB88DA,45.03,1.67,4.27,有,
西屯區,房地(土地+建物)+車位,臺中市西屯區臺灣大道三段７６５號二十七樓之１１,8.03,都市：其他:第四之一種商業區,,,1091111,土地1建物1車位1,二十七層,三十六層,住宅大樓(11層含以上有電梯),住家用,鋼骨造,1141028,143.65,3,2,2,有,有,14580000,114334,坡道平面,30.56,1650000,預售屋、或土地及建物分件登記案件；,RPURMLOLOHLGFCB88DA,64.86,3.7,5.47,有,
西屯區,房地(土地+建物)+車位,臺中市西屯區臺灣大道三段７６５號二十九樓之１６,5.59,都市：其他:第四之一種商業區,,,1091123,土地1建物1車位1,二十九層,三十六層,住宅大樓(11層含以上有電梯),住家用,鋼骨造,1141028,109.28,2,2,1,有,有,9790000,107851,坡道平面,30.56,1300000,預售屋、或土地及建物分件登記案件；,RPUQMLRLPHLGFCB56DA,45.34,2.0,4.18,有,
西屯區,房地(土地+建物)+車位,臺中市西屯區臺灣大道三段７６１號十二樓之１,8.11,都市：其他:第四之一種商業區,,,1090801,土地1建物1車位1,十二層,三十六層,住宅大樓(11層含以上有電梯),住家用,鋼骨造,1141028,145.62,3,2,2,有,有,14000000,107546,坡道平面,31.25,1700000,1.讓渡日期:114年5月23日2.此申報總價為原始買賣合約價格預售屋、或土地及建物分件登記案件；,RPTPMLRLPHLGFCB98DA,65.84,4.21,4.83,有,
西屯區,房地(土地+建物)+車位,臺中市西屯區臺灣大道三段７６１號八樓之１０,6.0,都市：其他:第四之一種商業區,,,1090823,土地1建物1車位1,八層,三十六層,住宅大樓(11層含以上有電梯),住家用,鋼骨造,1141028,115.91,2,2,1,有,有,10320000,105682,坡道平面,30.56,1300000,預售屋、或土地及建物分件登記案件；,RPTOMLRLPHLGFCB88DA,49.04,2.96,3.92,有,
西屯區,房地(土地+建物)+車位,臺中市西屯區臺灣大道三段７６５號三十樓之１５,6.49,都市：其他:第四之一種商業區,,,1090704,土地1建物1車位1,三十層,三十六層,住宅大樓(11層含以上有電梯),住家用,鋼骨造,1141028,122.38999999999999,3,2,1,有,有,11300000,107808,坡道平面,30.56,1400000,預售屋、或土地及建物分件登記案件；,RPOSMLOLOHLGFCB38DA,52.69,2.97,4.5,有,
西屯區,房地(土地+建物)+車位,臺中市西屯區臺灣大道三段７６１號十九樓之７,5.35,都市：其他:第四之一種商業區,,,1090725,土地1建物1車位1,十九層,三十六層,住宅大樓(11層含以上有電梯),住家用,鋼骨造,1141028,87.72,2,2,1,有,有,9350000,111141,坡道機械,12.14,950000,預售屋、或土地及建物分件登記案件；,RPTOMLTJPHLGFCB88DA,43.39,1.82,4.28,有,
西屯區,房地(土地+建物)+車位,臺中市西屯區臺灣大道三段７６１號二十五樓之１０,6.0,都市：其他:第四之一種商業區,,,1090721,土地1建物1車位1,二十五層,三十六層,住宅大樓(11層含以上有電梯),住家用,鋼骨造,1141028,115.91,2,2,1,有,有,10850000,109549,坡道平面,30.56,1500000,1.讓渡日期:114年2月17日2.此申報總價為原始買賣合約價格預售屋、或土地及建物分件登記案件；,RPVOMLTJPHLGFCB09DA,49.04,2.96,3.92,有,
西屯區,房地(土地+建物)+車位,臺中市西屯區臺灣大道三段７６３號十一樓之１０,5.92,都市：其他:第四之一種商業區,,,1090716,土地1建物1車位1,十一層,三十六層,住宅大樓(11層含以上有電梯),住家用,鋼骨造,1141028,96.75,2,2,1,有,有,10000000,106961,坡道機械,12.14,950000,1.讓渡日期:111年6月9日2.此申報總價為1002萬元預售屋、或土地及建物分件登記案件；,RPPPMLRLPHLGFCB58DA,46.98,3.71,4.76,有,
西屯區,房地(土地+建物)+車位,臺中市西屯區臺灣大道三段７６１號十二樓之３,7.54,都市：其他:第四之一種商業區,,,1090717,土地1建物1車位1,十二層,三十六層,住宅大樓(11層含以上有電梯),住家用,鋼骨造,1141028,134.70999999999998,3,2,2,有,有,12760000,107717,坡道平面,28.32,1300000,預售屋、或土地及建物分件登記案件；,RPUPMLRLPHLGFCB09DA,63.52,2.16,4.01,有,
西屯區,房地(土地+建物)+車位,臺中市西屯區臺灣大道三段７６３號十四樓之９,5.27,都市：其他:第四之一種商業區,,,1090709,土地1建物1車位1,十四層,三十六層,住宅大樓(11層含以上有電梯),住家用,鋼骨造,1141028,105.43,2,2,1,有,有,9370000,107787,坡道平面,30.56,1300000,1.讓渡日期:113年2月13日2.此申報總價為1146萬元預售屋、或土地及建物分件登記案件；,RPPQMLRLPHLGFCB68DA,43.48,0.62,4.96,有,
西屯區,房地(土地+建物)+車位,臺中市西屯區臺灣大道三段７６５號三十樓之１１,8.03,都市：其他:第四之一種商業區,,,1090704,土地1建物1車位1,三十層,三十六層,住宅大樓(11層含以上有電梯),住家用,鋼骨造,1141028,143.65,3,2,2,有,有,14630000,113892,坡道平面,30.56,1750000,1.讓渡日期:112年12月4日2.此申報總價為1563萬元預售屋、或土地及建物分件登記案件；,RPVQMLRLPHLGFCB66DA,64.86,3.7,5.47,有,
西屯區,房地(土地+建物)+車位,臺中市西屯區臺灣大道三段７６１號三十六樓之５,7.54,都市：其他:第四之一種商業區,,,1090702,土地1建物1車位1,三十六層,三十六層,住宅大樓(11層含以上有電梯),住家用,鋼骨造,1141028,137.4,3,2,2,有,有,14000000,114657,坡道平面,30.56,1750000,1.讓渡日期:111年1月21日2.此申報總價為原始買賣合約價格預售屋、或土地及建物分件登記案件；,RPXQMLRLPHLGFCB86DA,62.09,2.96,4.96,有,
西屯區,房地(土地+建物)+車位,臺中市西屯區臺灣大道三段７６１號十八樓之１０,6.0,都市：其他:第四之一種商業區,,,1090704,土地1建物1車位1,十八層,三十六層,住宅大樓(11層含以上有電梯),住家用,鋼骨造,1141028,115.91,2,2,1,有,有,10690000,108846,坡道平面,30.56,1400000,1.讓渡日期:113/1/312.此申報總價為1070萬元預售屋、或土地及建物分件登記案件；,RPUOMLRLPHLGFCB98DA,49.04,2.96,3.92,有,
西屯區,房地(土地+建物)+車位,臺中市西屯區臺灣大道三段７６５號二十九樓之１２,6.57,都市：其他:第四之一種商業區,,,1090703,土地1建物1車位1,二十九層,三十六層,住宅大樓(11層含以上有電梯),住家用,鋼骨造,1141028,123.97,3,2,1,有,有,11960000,113050,坡道平面,30.56,1400000,預售屋、或土地及建物分件登記案件；,RPWOMLRLPHLGFCB56DA,55.26,1.55,4.38,有,
西屯區,房地(土地+建物),臺中市西屯區臺灣大道三段７６５號二十七樓之９,5.51,都市：其他:第四之一種商業區,,,1090626,土地1建物1車位1,二十七層,三十六層,住宅大樓(11層含以上有電梯),住家用,鋼骨造,1141028,106.00999999999999,2,2,1,有,有,10400000,98104,坡道平面,28.32,1650000,1.讓渡日期:111年10月6日2.此申報總價為原始買賣合約價格預售屋、或土地及建物分件登記案件；,RPTQMLRLPHLGFCB09DA,44.87,1.8,4.23,有,
