鄉鎮市區,交易標的,土地位置建物門牌,土地移轉總面積平方公尺,都市土地使用分區,非都市土地使用分區,非都市土地使用編定,交易年月日,交易筆棟數,移轉層次,總樓層數,建物型態,主要用途,主要建材,建築完成年月,建物移轉總面積平方公尺,建物現況格局-房,建物現況格局-廳,建物現況格局-衛,建物現況格局-隔間,有無管理組織,總價元,單價元平方公尺,車位類別,車位移轉總面積平方公尺,車位總價元,備註,編號,主建物面積,附屬建物面積,陽台面積,電梯,移轉編號
The villages and towns urban district,transaction sign,land sector position building sector house number plate,land shifting total area square meter,the use zoning or compiles and checks,the non-metropolis land use district,non-metropolis land use,transaction year month and day,transaction pen number,shifting level,total floor number,building state,main use,main building materials,construction to complete the years,building shifting total area,Building present situation pattern - room,building present situation pattern - hall,building present situation pattern - health,building present situation pattern - compartmented,Whether there is manages the organization,total price NTD,the unit price (NTD / square meter),the berth category,berth shifting total area square meter,the berth total price NTD,the note,serial number,main building area,auxiliary building area,balcony area,elevator,transaction number
南屯區,土地,寶山段239-14地號,6.0,住,,,1150707,土地1建物0車位0,,,其他,,,,0.0,0,0,0,無,無,274200,45700,,0.0,0,,RPXOMLRJPHLGFCB09DA,0.0,0.0,0.0,無,
南屯區,房地(土地+建物)+車位,臺中市南屯區忠勇路１０７之４號４樓之１,15.91,住,,,1150701,土地1建物1車位1,四層,十六層,住宅大樓(11層含以上有電梯),住家用,鋼筋混凝土造,0830905,127.25999999999999,2,2,2,有,有,7550000,59327,坡道機械,0.0,0,,RPOQMLRJPHLGFCB38DA,81.68,2.52,11.63,有,
大里區,土地,內新段65-3地號,423.83,,特定農業區,甲種建築用地,1150701,土地1建物0車位0,,,其他,,,,0.0,0,0,0,無,無,15384000,36298,,0.0,0,,RPPNMLTJPHLGFIB98DA,0.0,0.0,0.0,無,001
外埔區,土地,下鐵山段1126-3地號,2528.85,,特定農業區,農牧用地,1150707,土地1建物0車位0,,,其他,,,,0.0,0,0,0,無,無,19000000,7513,,0.0,0,親友、員工、共有人或其他特殊關係間之交易；,RPPNMLTJPHLGFEB58DA,0.0,0.0,0.0,無,002
外埔區,土地,下鐵山段1126-3地號,2528.85,,特定農業區,農牧用地,1150707,土地1建物0車位0,,,其他,,,,0.0,0,0,0,無,無,19000000,7513,,0.0,0,親友、員工、共有人或其他特殊關係間之交易；,RPQNMLTJPHLGFEB68DA,0.0,0.0,0.0,無,002
大肚區,房地(土地+建物),臺中市大肚區遊園路一段７０巷３弄１６之３號,43.56,,鄉村區,特定目的事業用地,1150703,土地1建物1車位0,四層,四層,公寓(5樓含以下無電梯),住家用,鋼筋混凝土造,0710815,73.16,3,1,1,有,無,1500000,20503,,0.0,0,,RPPOMLQJPHLGFKB98DA,73.16,0.0,0.0,無,
北屯區,房地(土地+建物)+車位,臺中市北屯區四平路５６８巷１號十六樓之５,13.8,住,,,1150701,土地1建物1車位1,十六層,二十三層,住宅大樓(11層含以上有電梯),住家用,鋼筋混凝土造,1110728,156.64999999999998,3,2,2,有,有,10510000,67092,坡道平面,31.79,0,親友、員工、共有人或其他特殊關係間之交易；,RPPNMLTJPHLGFBB38EA,73.56,0.0,9.51,有,004
西屯區,房地(土地+建物),臺中市西屯區上明二街１８號,20.54,住,,,1150702,土地1建物1車位0,一層,十四層,住宅大樓(11層含以上有電梯),商業用,鋼筋混凝土造,0850119,50.11,1,1,1,有,有,5620000,112153,,0.0,0,夾層；,RPXQMLQJPHLGFCB56DA,34.91,6.74,0.0,有,
東勢區,土地,下新段439-1地號,56.19,農,,,1150707,土地1建物0車位0,,,其他,,,,0.0,0,0,0,無,無,2000000,35594,,0.0,0,土地價金新台幣160萬未保存登記建物新台幣40萬未登記建物；,RPRNMLNKPHLGFGB48DA,0.0,0.0,0.0,無,
南屯區,土地,黎明段387-8地號,13.0,住,,,1150702,土地1建物0車位0,,,其他,,,,0.0,0,0,0,無,無,1976000,152000,,0.0,0,政府機關標讓售；,RPRNMLKKPHLGFCB87EA,0.0,0.0,0.0,無,
北區,車位,臺中市北區博館二街６號等公共設施,0.64,商,,,1150705,土地1建物1車位1,,,其他,,,,30.43,0,0,0,無,無,2000000,,坡道平面,30.43,0,僅車位交易；,RPVOMLOKPHLGFBB58DA,0.0,0.0,0.0,無,005
南屯區,房地(土地+建物),臺中市南屯區大光街１１９號六樓之１０,7.28,商,,,1150704,土地1建物1車位0,六層,十八層,住宅大樓(11層含以上有電梯),住家用,鋼筋混凝土造,0830825,91.95,2,1,1,有,有,6500000,70691,,0.0,0,,RPQNMLOKPHLGFCB08DA,60.23,0.0,5.49,有,006
豐原區,土地,豐陽段71地號,13.25,農,,,1150703,土地1建物0車位0,,,其他,,,,0.0,0,0,0,無,無,80000,6038,,0.0,0,,RPVNMLNJPHLGFDB48DA,0.0,0.0,0.0,無,
沙鹿區,土地,福至段501地號,6.14,住,,,1150710,土地1建物0車位0,,,其他,,,,0.0,0,0,0,無,無,148464,24180,,0.0,0,土地上現有巷道等由買方自理。親友、員工、共有人或其他特殊關係間之交易；,RPTNMLPKPHLGFFB78DA,0.0,0.0,0.0,無,007
龍井區,房地(土地+建物)+車位,臺中市龍井區龍新路２５５號,10.83,住,,,1150707,土地1建物1車位1,一層,六層,華廈(10層含以下有電梯),商業用,鋼筋混凝土造,1130729,59.519999999999996,0,1,1,有,有,5000000,84005,一樓平面,28.09,0,,RPQNMLSJPHLGFKB56DA,23.23,0.0,0.0,有,
南屯區,土地,黎明段387-7地號,13.0,住,,,1150702,土地1建物0車位0,,,其他,,,,0.0,0,0,0,無,無,1976000,152000,,0.0,0,政府機關標讓售；,RPQNMLKKPHLGFCB77EA,0.0,0.0,0.0,無,
西區,房地(土地+建物)+車位,臺中市西區臺灣大道二段２５２號五樓,18.13,商,,,1150701,土地1建物1車位1,五層,二十三層,住宅大樓(11層含以上有電梯),住家用,鋼筋混凝土造,1070910,204.57999999999998,3,2,2,有,有,30000000,161457,坡道平面,29.92,1800000,,RPVNMLTJPHLGFAB78DA,100.6,4.62,11.19,有,
北區,房地(土地+建物),臺中市北區五常街３８０號九樓之６,2.67,商,,,1150702,土地1建物1車位0,九層,十七層,住宅大樓(11層含以上有電梯),住家用,鋼筋混凝土造,0971128,30.130000000000003,1,1,1,有,有,3900000,129439,,0.0,0,夾層；,RPPPMLNJPHLGFBB87DA,17.02,0.0,1.48,有,
北屯區,房地(土地+建物)+車位,臺中市北屯區文心路四段２６８號五樓之１,27.35,住,,,1150705,土地1建物1車位2,五層,二十四層,住宅大樓(11層含以上有電梯),住家用,鋼筋混凝土造,1020705,295.02,4,2,2,有,有,32000000,108467,坡道平面,42.98,0,,RPQNMLRJPHLGFBB18DA,147.98,6.85,16.43,有,
太平區,房地(土地+建物)+車位,臺中市太平區環中東路三段３３３號十二樓之７,24.45,住,,,1150708,土地1建物1車位1,十二層,十五層,住宅大樓(11層含以上有電梯),住家用,鋼筋混凝土造,1140123,157.98000000000002,3,2,2,有,有,16700000,105710,坡道平面,24.78,0,,RPPNMLTJPHLGFJB09DA,78.7,0.0,7.91,有,
東勢區,土地,石城段1157地號,16.52,,,,1150710,土地1建物0車位0,,,其他,,,,0.0,0,0,0,無,無,540000,32688,,0.0,0,,RPQNMLPKPHLGFGB68EA,0.0,0.0,0.0,無,
太平區,土地,頂坪段242地號,8.99,,鄉村區,乙種建築用地,1150701,土地1建物0車位0,,,其他,,,,0.0,0,0,0,無,無,660000,73415,,0.0,0,,RPPNMLPKPHLGFJB88EA,0.0,0.0,0.0,無,
太平區,土地,義平段299-16地號,9.0,住,,,1150706,土地1建物0車位0,,,其他,,,,0.0,0,0,0,無,無,380000,42222,,0.0,0,親友、員工、共有人或其他特殊關係間之交易；未登記建物；,RPRNMLPKPHLGFJB09EA,0.0,0.0,0.0,無,
西區,房地(土地+建物)+車位,臺中市西區華美街５２２號二樓之八,12.94,,,,1150603,土地1建物1車位1,二層,十四層,住宅大樓(11層含以上有電梯),住家用,鋼筋混凝土造,0950323,137.05,2,2,2,有,有,16830000,122802,坡道機械,16.67,0,陽台外推；,RPSOMLQKOHLGFAB28DA,69.17,4.65,11.93,有,
南區,房地(土地+建物),臺中市南區南和路１７５－２號４樓之２,7.94,住,,,1150626,土地1建物1車位0,四層,二十二層,住宅大樓(11層含以上有電梯),住家用,鋼筋混凝土造,0840315,110.0,4,1,2,有,有,7300000,66364,,0.0,0,,RPPOMLQJPHLGFAB97DA,76.06,0.0,7.86,有,008
西區,房地(土地+建物),臺中市西區五權五街１３３巷３９號,78.0,住,,,1150607,土地4建物1車位0,全,二層,透天厝,住家用,見其他登記事項,0620504,78.26,0,0,0,無,無,17800000,227447,,0.0,0,買賣價金已含營業稅其他增建；,RPQOMLQJPHLGFAB08DA,78.26,0.0,0.0,無,009
西區,土地,麻園頭段171-106地號,21.64,住,,,1150621,土地1建物0車位0,,,其他,,,,0.0,0,0,0,無,無,2885307,133332,,0.0,0,包含公共設施保留地用地；,RPUPMLQJPHLGFAB58DA,0.0,0.0,0.0,無,
中區,房地(土地+建物),臺中市中區中華路一段１２１號１８樓之１３,1.65,商,,,1150630,土地1建物1車位0,十八層,十九層,住宅大樓(11層含以上有電梯),住家用,鋼骨鋼筋混凝土造,0850520,34.07,1,1,1,有,有,2300000,67508,,0.0,0,,RPWNMLRJPHLGFAB68DA,20.21,1.22,1.98,有,010
南區,車位,臺中市南區工學一街１６９號地下一層,3.66,住,,,1150629,土地1建物1車位1,地下一層,十三層,其他,停車空間、辦公室,鋼筋混凝土造,0870930,39.980000000000004,0,0,0,無,有,1430000,,坡道平面,27.17,0,僅車位交易；,RPOOMLRJPHLGFAB97DA,0.0,0.0,0.0,有,011
東區,房地(土地+建物),臺中市東區長福東街５８號五樓之７,11.61,住,,,1150627,土地1建物1車位0,五層,五層,華廈(10層含以下有電梯),住家用,鋼筋混凝土造,1110330,37.76,1,1,1,有,有,4550000,120498,,0.0,0,其他增建；,RPOPMLSJPHLGFAB18DA,21.52,0.0,2.63,有,012
北屯區,房地(土地+建物)+車位,臺中市北屯區四平路５７６號二十二樓之７,13.8,住,,,1150615,土地1建物1車位1,二十二層,二十四層,住宅大樓(11層含以上有電梯),住家用,鋼筋混凝土造,1110728,157.07,3,2,2,有,有,18000000,114599,坡道平面,31.79,0,親友、員工、共有人或其他特殊關係間之交易；,RPSQMLQKOHLGFBB58DA,74.43,0.0,9.06,有,013
北區,房地(土地+建物),臺中市北區梅川西路三段３９巷１８號１０樓之８,20.51,住,,,1150605,土地1建物1車位0,十層,十四層,住宅大樓(11層含以上有電梯),住家用,鋼筋混凝土造,0880908,167.75,4,2,2,有,有,13800000,82265,,0.0,0,,RPQPMLRKOHLGFBB38DA,103.46,3.71,17.54,有,
北屯區,房地(土地+建物)+車位,臺中市北屯區崇德二路一段１５７巷２９號４樓,15.52,住,,,1150610,土地1建物1車位1,四層,九層,華廈(10層含以下有電梯),住家用,鋼筋混凝土造,0830825,91.99000000000001,3,1,2,有,有,7250000,78813,坡道機械,0.0,0,,RPSQMLMLOHLGFBB28DA,57.26,0.02,6.92,有,
北屯區,房地(土地+建物),臺中市北屯區東山路二段１００巷１２弄９號,213.55,住,,,1150607,土地6建物1車位0,全,三層,透天厝,住家用,鋼筋混凝土造,0851109,155.97,5,3,4,有,有,11000000,70526,,0.0,0,其他增建:天井、後院採光罩其他增建；,RPOPMLKMOHLGFBB67DA,137.88,4.72,13.37,無,014
北區,房地(土地+建物),臺中市北區篤行路９０巷１１號,48.0,商,,,1150618,土地2建物1車位0,全,三層,透天厝,住家用,鋼筋混凝土造,0590630,193.83,7,2,3,有,無,5250000,27086,,0.0,0,,RPUNMLMJPHLGFBB08DA,193.83,0.0,0.0,無,
北屯區,房地(土地+建物)+車位,臺中市北屯區太原路三段１２８９號十二樓之２,17.66,住,,,1150626,土地1建物1車位1,十二層,十四層,住宅大樓(11層含以上有電梯),住家用,鋼筋混凝土造,1090811,172.39,3,2,2,有,有,20670000,119903,坡道平面,35.22,0,,RPWNMLSJPHLGFBB88DA,79.69,3.5,8.95,有,015
北屯區,車位,臺中市北屯區榮德路３０號等公共設施,0.0,,,,1150602,土地0建物1車位1,,,其他,,,,23.83,0,0,0,無,有,2500000,,坡道平面,23.83,2500000,建物坐落地號：仁平段390地號；僅車位交易；,RPTOMLSJPHLGFBB68DA,0.0,0.0,0.0,有,
西屯區,房地(土地+建物)+車位,臺中市西屯區黎明路三段１７７號八樓之５,24.77,住,,,1150604,土地2建物1車位2,八層,十五層,住宅大樓(11層含以上有電梯),住家用,鋼筋混凝土造,1021016,240.64,3,2,2,有,有,31650000,131524,坡道平面,57.62,0,,RPUNMLMKOHLGFCB18DA,106.1,7.29,12.36,有,016
西屯區,房地(土地+建物)+車位,臺中市西屯區市政路８９號三十七樓之３,35.69,商,,,1150626,土地1建物1車位2,三十七層,三十九層,住宅大樓(11層含以上有電梯),住家用,鋼骨鋼筋混凝土造,0991124,553.02,4,2,4,有,有,105000000,189867,坡道平面,66.64,0,,RPQOMLTLOHLGFCB68DA,276.62,13.33,26.73,有,017
南屯區,房地(土地+建物)+車位,臺中市南屯區三和街２１５號十二樓之７,20.57,住,,,1150613,土地1建物1車位2,十二層,十五層,住宅大樓(11層含以上有電梯),住家用,鋼筋混凝土造,1130207,185.4,3,2,2,有,有,24500000,132147,坡道平面,55.24,0,,RPOQMLMJPHLGFCB87DA,74.26,0.0,10.86,有,018
后里區,土地,牛稠坑段121-141地號,50.0,都市：其他:住宅區,,,1150629,土地2建物0車位0,,,其他,,,,0.0,0,0,0,無,無,788000,15760,,0.0,0,未登記建物；,RPTNMLTLOHLGFDB98DA,0.0,0.0,0.0,無,
豐原區,土地,三陽段437地號,153.81,住,,,1150601,土地1建物0車位0,,,其他,,,,0.0,0,0,0,無,無,23265000,151258,,0.0,0,,RPROMLQJPHLGFDB48DA,0.0,0.0,0.0,無,
梧棲區,土地,興農段1335地號,371.58,,,,1150605,土地4建物0車位0,,,其他,,,,0.0,0,0,0,無,無,6600000,17762,,0.0,0,,RPUOMLPJOHLGFFB78DA,0.0,0.0,0.0,無,
沙鹿區,房地(土地+建物)+車位,臺中市沙鹿區永寧路一段８０號十樓之５,14.75,住,,,1150610,土地1建物1車位1,十層,十五層,住宅大樓(11層含以上有電梯),住家用,鋼筋混凝土造,1140310,117.11,2,2,1,有,有,10220000,92819,坡道平面,24.78,1650000,,RPTNMLRJPHLGFFB88DA,53.59,0.0,8.07,有,
梧棲區,房地(土地+建物),臺中市梧棲區八德東路６９號七樓之９,6.73,商,,,1150615,土地1建物1車位0,七層,二十八層,住宅大樓(11層含以上有電梯),住家用,鋼筋混凝土造,1140606,74.17999999999999,2,2,1,有,有,4950000,66730,,0.0,0,,RPPNMLTJPHLGFFB68DA,45.5,0.0,3.94,有,019
沙鹿區,房地(土地+建物)+車位,臺中市沙鹿區福田北街１２０號四樓之９,37.34,住,,,1150611,土地1建物1車位1,四層,八層,華廈(10層含以下有電梯),住家用,鋼筋混凝土造,1141219,170.26999999999998,3,2,2,有,有,11550000,67833,坡道平面,36.48,0,,RPQOMLTJPHLGFFB88DA,81.92,0.0,8.63,有,020
烏日區,房地(土地+建物)+車位,臺中市烏日區公園路７９號十二樓之６,18.87,住,,,1150608,土地1建物1車位1,十二層,十五層,住宅大樓(11層含以上有電梯),住家用,鋼筋混凝土造,1050108,166.67000000000002,3,2,2,有,有,17580000,105478,坡道平面,23.67,0,,RPWPMLKMOHLGFIB56DA,82.18,3.53,10.24,有,021
烏日區,土地,溪尾北段80地號,197.2,,特定農業區,農牧用地,1150630,土地1建物0車位0,,,其他,,,,0.0,0,0,0,無,無,1491000,7561,,0.0,0,,RPWNMLNJPHLGFIB09DA,0.0,0.0,0.0,無,
大里區,土地,大元段455地號,47.57,住,,,1150604,土地2建物0車位0,,,其他,,,,0.0,0,0,0,無,無,6000000,126130,,0.0,0,,RPVNMLQJPHLGFIB66DA,0.0,0.0,0.0,無,
烏日區,土地,頭前厝北段614地號,23.96,工,,,1150623,土地1建物0車位0,,,其他,,,,0.0,0,0,0,無,無,4120000,171953,,0.0,0,地清或未辦繼承標售；,RPSQMLQJPHLGFIB66DA,0.0,0.0,0.0,無,
霧峰區,房地(土地+建物)+車位,臺中市霧峰區吉峰路２１８巷１號七樓之１,32.65,,鄉村區,乙種建築用地,1150602,土地1建物1車位1,七層,七層,華廈(10層含以下有電梯),住家用,鋼筋混凝土造,0840731,139.67000000000002,3,2,2,有,有,7280000,52123,坡道平面,0.0,0,,RPSNMLRJPHLGFIB09DA,71.34,0.0,10.2,有,022
龍井區,房地(土地+建物),臺中市龍井區綠園路９０號,110.08,,山坡地保育區,丙種建築用地,1150612,土地4建物1車位0,全,二層,透天厝,住商用,加強磚造,0680615,129.0,3,1,2,有,無,8100000,62791,,0.0,0,,RPSNMLTLOHLGFKB96DA,129.0,0.0,0.0,無,
龍井區,房地(土地+建物)+車位,臺中市龍井區遊園北路６０９號,100.15,住,,,1150623,土地4建物1車位1,全,三層,透天厝,其他,鋼筋混凝土造,0820601,179.47,4,2,3,有,有,7800000,43461,一樓平面,0.0,0,親友、員工、共有人或其他特殊關係間之交易；未登記建物；,RPPNMLSJPHLGFKB09DA,140.33,3.67,6.49,無,023
北區,房地(土地+建物),臺中市北區中清路一段４７３巷１０號,13.75,住,,,1150601,土地1建物1車位0,全,二層,透天厝,住家用,加強磚造,0660804,14.38,4,1,2,有,無,2600000,180807,,0.0,0,親友、員工、共有人或其他特殊關係間之交易；,RPPNMLRJPHLGFBB18EA,14.38,0.0,0.0,無,
太平區,土地,義平段124地號,32.0,住,,,1150616,土地1建物0車位0,,,其他,,,,0.0,0,0,0,無,無,1199999,37500,,0.0,0,政府機關標讓售；,RPPNMLSJPHLGFJB09EA,0.0,0.0,0.0,無,
西區,房地(土地+建物),臺中市西區梅川西路二段３０號５樓之６,2.59,住,,,1150601,土地1建物1車位0,五層,十二層,住宅大樓(11層含以上有電梯),住家用,鋼筋混凝土造,0790504,32.36,1,0,1,有,有,3950000,122064,,0.0,0,,RPQNMLSKOHLGFAB18DA,23.19,0.0,0.0,有,
西區,房地(土地+建物),臺中市西區忠仁街１３７巷１號,77.0,住,,,1150605,土地1建物1車位0,全,二層,透天厝,住家用,見其他登記事項,0580418,85.48,5,2,3,有,無,13600000,159102,,0.0,0,,RPQRMLKMOHLGFAB97DA,85.48,0.0,0.0,無,
南區,房地(土地+建物),臺中市南區復興路１段２０７巷３－１號８樓,12.43,住,,,1150603,土地2建物1車位0,八層,八層,華廈(10層含以下有電梯),住家用,鋼筋混凝土造,0830420,69.46000000000001,1,1,1,有,有,4550000,65505,,0.0,0,,RPUNMLNJPHLGFAB08DA,45.03,0.0,8.35,有,
東區,土地,旱溪段168-10地號,13.88,都市：其他:停車場用地,,,1150615,土地1建物0車位0,,,其他,,,,0.0,0,0,0,無,無,1426000,102738,,0.0,0,包含公共設施保留地用地；,RPROMLQJPHLGFAB18DA,0.0,0.0,0.0,無,024
東區,房地(土地+建物)+車位,臺中市東區福昌街２９號十四樓之３,23.71,住,,,1150602,土地1建物1車位1,十四層,十五層,住宅大樓(11層含以上有電梯),住家用,鋼筋混凝土造,1120810,155.22,3,2,2,有,有,17200000,110810,坡道平面,30.29,0,,RPVOMLQJPHLGFAB58DA,74.69,0.0,10.27,有,025
中區,房地(土地+建物),臺中市中區臺灣大道一段３０６巷３５號地下一層,3.72,商,,,1150625,土地1建物1車位0,一層，地下一層,七層,華廈(10層含以下有電梯),商業用,鋼筋混凝土造,0820827,17.64,0,0,0,無,無,550000,31161,,0.0,0,,RPPNMLRJPHLGFAB97DA,15.28,0.0,0.0,有,026
東區,土地,東勢子段68地號,37.47,住,,,1150604,土地1建物0車位0,,,其他,,,,0.0,0,0,0,無,無,4422600,118030,,0.0,0,,RPQNMLSJPHLGFAB18DA,0.0,0.0,0.0,無,027
東區,土地,東勢子段68-6地號,0.54,都市：其他:道路用地,,,1150604,土地1建物0車位0,,,其他,,,,0.0,0,0,0,無,無,26400,0,,0.0,0,包含公共設施保留地用地；,SPQNMLSJPHLGFAB28DA,0.0,0.0,0.0,無,
東區,土地,東勢子段68-7地號,1.66,都市：其他:道路用地兼作排水道使用,,,1150604,土地1建物0車位0,,,其他,,,,0.0,0,0,0,無,無,89000,53614,,0.0,0,包含公共設施保留地用地；,TPQNMLSJPHLGFAB38DA,0.0,0.0,0.0,無,
南區,房地(土地+建物)+車位,臺中市南區正氣街４７號十一樓之２,17.73,商,,,1150603,土地3建物1車位1,十一層,十五層,住宅大樓(11層含以上有電梯),住家用,鋼筋混凝土造,1040413,151.85000000000002,3,2,2,有,有,15760000,103787,坡道機械,9.94,0,,RPXOMLSJPHLGFAB98DA,78.17,3.5,11.09,有,
北屯區,房地(土地+建物)+車位,臺中市北屯區崇德六路１００號二樓之５,21.39,商,,,1150601,土地2建物1車位2,二層,十五層,住宅大樓(11層含以上有電梯),辦公用,鋼筋混凝土造,0970930,175.67,3,2,2,有,有,16550000,94211,坡道機械,26.46,0,陽台外推；,RPUPMLLJPHLGFBB18DA,89.47,2.59,11.29,有,
北屯區,土地,同榮段1042地號,177.0,都市：其他:道路用地,,,1150615,土地2建物0車位0,,,其他,,,,0.0,0,0,0,無,無,17132800,96795,,0.0,0,包含公共設施保留地用地；,RPPNMLTJPHLGFBB28DA,0.0,0.0,0.0,無,
北區,房地(土地+建物),臺中市北區青島西街７５號４樓之１０,5.71,住,,,1150624,土地1建物1車位0,四層,七層,華廈(10層含以下有電梯),住家用,鋼筋混凝土造,0780714,30.15,1,1,1,有,有,2700000,89552,,0.0,0,,RPSOMLTJPHLGFBB68DA,17.17,0.0,3.13,有,028
南屯區,房地(土地+建物)+車位,臺中市南屯區大墩七街５２６號九樓之１１,7.75,商,,,1150616,土地1建物1車位1,九層,二十四層,住宅大樓(11層含以上有電梯),住家用,鋼筋混凝土造,1101029,100.22999999999999,2,2,1,有,有,15600000,180984,坡道平面,23.98,1800000,其他增建；,RPPOMLQKOHLGFCB18DA,40.18,5.04,4.32,有,029
南屯區,土地,春社段762地號,1204.0,農,,,1150605,土地1建物0車位0,,,其他,,,,0.0,0,0,0,無,無,22581000,18755,,0.0,0,,RPXOMLRKOHLGFCB09DA,0.0,0.0,0.0,無,
西屯區,房地(土地+建物)+車位,臺中市西屯區大墩十九街２５７號三樓之６,4.23,住,,,1150629,土地1建物1車位1,三層,九層,華廈(10層含以下有電梯),住家用,鋼筋混凝土造,0850701,37.33,1,1,1,有,有,3725000,99786,坡道機械,0.0,0,,RPSNMLKMOHLGFCB97DA,15.43,0.59,3.01,有,030
西屯區,房地(土地+建物)+車位,臺中市西屯區國安一路３１之６號十一樓之５,12.57,住,,,1150603,土地1建物1車位1,十一層,十五層,住宅大樓(11層含以上有電梯),住家用,鋼筋混凝土造,0960108,126.78,2,2,1,有,有,13800000,108850,坡道平面,38.01,0,陽台外推；其他增建；,RPUTMLLJPHLGFCB68DA,51.02,1.38,9.99,有,031
西屯區,土地,惠來厝段1063地號,63.58,都市：其他:道路用地,,,1150623,土地1建物0車位0,,,其他,,,,0.0,0,0,0,無,無,48797759,767502,,0.0,0,包含公共設施保留地用地；,RPUOMLMJPHLGFCB28DA,0.0,0.0,0.0,無,032
西屯區,土地,惠來厝段1063地號,63.58,都市：其他:道路用地,,,1150623,土地1建物0車位0,,,其他,,,,0.0,0,0,0,無,無,48797759,767502,,0.0,0,包含公共設施保留地用地；,RPVOMLMJPHLGFCB38DA,0.0,0.0,0.0,無,032
西屯區,土地,惠來厝段1276地號,118.99,都市：其他:道路用地,,,1150623,土地3建物0車位0,,,其他,,,,0.0,0,0,0,無,無,84723014,712018,,0.0,0,包含公共設施保留地用地；,RPWOMLMJPHLGFCB48DA,0.0,0.0,0.0,無,034
西屯區,土地,惠來厝段1276地號,118.99,都市：其他:道路用地,,,1150623,土地3建物0車位0,,,其他,,,,0.0,0,0,0,無,無,84723014,712018,,0.0,0,包含公共設施保留地用地；,RPXOMLMJPHLGFCB58DA,0.0,0.0,0.0,無,034
西屯區,房地(土地+建物),臺中市西屯區臺灣大道二段８８８號九樓之１１,4.1,住,,,1150604,土地2建物1車位0,九層,十四層,住宅大樓(11層含以上有電梯),住家用,鋼筋混凝土造,0951124,46.14,1,1,1,有,有,5700000,123537,,0.0,0,,RPXNMLQJPHLGFCB88DA,29.14,0.39,2.29,有,
西屯區,房地(土地+建物)+車位,臺中市西屯區市政北一路２６９號十二樓之８,7.96,都市：其他:第六種新市政中心專用區,,,1150609,土地1建物1車位1,十二層,二十八層,住宅大樓(11層含以上有電梯),住家用,鋼筋混凝土造,0951113,111.19999999999999,2,1,1,有,有,12360000,111151,坡道平面,32.11,0,陽台外推；,RPORMLQJPHLGFCB38DA,43.13,2.56,10.47,有,036
南屯區,房地(土地+建物),臺中市南屯區文心南三路５３０巷４２號,93.92,住,,,1150616,土地1建物1車位0,全,四層,透天厝,住商用,鋼筋混凝土造,0860417,116.78,6,1,3,有,無,30000000,256893,,0.0,0,親友、員工、共有人或其他特殊關係間之交易；,RPUNMLRJPHLGFCB68DA,108.65,0.0,8.13,無,
南屯區,土地,楓樹段78-7地號,8.0,農,,,1150616,土地1建物0車位0,,,其他,,,,0.0,0,0,0,無,無,375840,46980,,0.0,0,政府機關標讓售；,RPVOMLRJPHLGFCB88DA,0.0,0.0,0.0,無,
西屯區,房地(土地+建物)+車位,臺中市西屯區河南東四街２８號六樓,29.99,住,,,1150609,土地1建物1車位2,六層，七層,七層,華廈(10層含以下有電梯),住家用,鋼筋混凝土造,0791203,225.79,4,2,2,有,有,10000000,44289,坡道機械,0.0,0,,RPUQMLRJPHLGFCB98DA,109.96,47.13,14.57,有,
南屯區,土地,永豐段161地號,202.44,商,,,1150617,土地1建物0車位0,,,其他,,,,0.0,0,0,0,無,無,28047920,138549,,0.0,0,親友、員工、共有人或其他特殊關係間之交易；,RPXPMLTJPHLGFCB76DA,0.0,0.0,0.0,無,037
南屯區,土地,永豐段161地號,989.69,商,,,1150622,土地1建物0車位0,,,其他,,,,0.0,0,0,0,無,無,137111460,138540,,0.0,0,親友、員工、共有人或其他特殊關係間之交易；,RPOQMLTJPHLGFCB58DA,0.0,0.0,0.0,無,037
南屯區,土地,永豐段161地號,202.44,商,,,1150625,土地1建物0車位0,,,其他,,,,0.0,0,0,0,無,無,28047920,138549,,0.0,0,親友、員工、共有人或其他特殊關係間之交易；,RPQQMLTJPHLGFCB78DA,0.0,0.0,0.0,無,037
西屯區,房地(土地+建物)+車位,臺中市西屯區黎明路二段７３７號十樓之５,24.98,住,,,1150605,土地1建物1車位1,十層,十三層,住宅大樓(11層含以上有電梯),住家用,鋼筋混凝土造,1141023,162.71,3,2,2,有,有,32310000,223883,坡道平面,30.9,2800000,,RPTRMLTJPHLGFCB56DA,77.06,0.0,8.61,有,
豐原區,房地(土地+建物),臺中市豐原區鎌村一街６巷９號,57.84,,鄉村區,乙種建築用地,1150624,土地1建物1車位0,全,三層,透天厝,住家用,鋼筋混凝土造,0970104,118.51,3,2,2,有,無,11800000,99570,,0.0,0,親友、員工、共有人或其他特殊關係間之交易；,RPTNMLSJPHLGFDB78DA,104.22,2.67,11.62,無,040
大安區,土地,安港段609地號,127.05,,鄉村區,乙種建築用地,1150616,土地3建物0車位0,,,其他,,,,0.0,0,0,0,無,無,1500000,11806,,0.0,0,買賣價款包含增值稅133136元、契稅738元及賣方應繳納房地合一稅稅額均由買方承受。含土地增值稅或其他稅費133874元；未登記建物；,RPTNMLSJPHLGFEB88DA,0.0,0.0,0.0,無,
梧棲區,房地(土地+建物)+車位,臺中市梧棲區中華路二段３９５號九樓之１,18.66,住,,,1150607,土地1建物1車位1,九層,十四層,住宅大樓(11層含以上有電梯),住家用,鋼筋混凝土造,1140730,116.35,2,2,1,有,有,7300000,62742,坡道平面,29.99,0,,RPPNMLRJPHLGFFB48DA,50.89,0.0,7.0,有,041
沙鹿區,房地(土地+建物),臺中市沙鹿區鎮南路二段５１８號,153.24,住,,,1150606,土地1建物1車位0,全,三層,透天厝,住商用,鋼筋混凝土造,0700425,345.95,8,2,3,有,無,31900000,92210,,0.0,0,頂樓加蓋；其他增建；,RPVNMLSJPHLGFFB56DA,345.95,0.0,0.0,無,042
東勢區,土地,福興段391地號,831.96,,特定農業區,農牧用地,1150628,土地1建物0車位0,,,其他,,,,0.0,0,0,0,無,無,4500000,5409,,0.0,0,,RPRNMLKKPHLGFGB18DA,0.0,0.0,0.0,無,
東勢區,房地(土地+建物),臺中市東勢區豐勢路５４７號,122.17,住,,,1150601,土地1建物1車位0,全,三層,透天厝,商業用,鋼筋混凝土造,0900803,297.67,7,6,5,有,無,14500000,48712,,0.0,0,,RPPNMLNKPHLGFGB28DA,289.33,0.0,8.34,無,
大雅區,土地,山德段427地號,442.41,農,,,1150622,土地1建物0車位0,,,其他,,,,0.0,0,0,0,無,無,26360000,59583,,0.0,0,未登記建物；,RPXNMLQJPHLGFHB76DA,0.0,0.0,0.0,無,
霧峰區,土地,樟公段269地號,47.18,住,,,1150601,土地1建物0車位0,,,其他,,,,0.0,0,0,0,無,無,5000000,105977,,0.0,0,未登記建物；,RPPNMLOJOHLGFIB38DA,0.0,0.0,0.0,無,
大里區,房地(土地+建物),臺中市大里區工業七路５巷３號,82.07,,工業區,丁種建築用地,1150605,土地2建物1車位0,全,四層,透天厝,住家用,鋼筋混凝土造,0930212,154.87,4,3,3,有,無,12260000,79163,,0.0,0,,RPUNMLTJOHLGFIB76DA,108.57,4.4,41.9,無,043
烏日區,房地(土地+建物)+車位,臺中市烏日區環河路五段２６６號八樓之３,31.74,住,,,1150606,土地1建物1車位2,八層,十二層,住宅大樓(11層含以上有電梯),住家用,鋼筋混凝土造,1030519,189.86,3,2,2,有,有,15900000,83746,坡道平面,62.78,0,,RPQOMLLJPHLGFIB38DA,79.17,5.08,5.14,有,044
大里區,房地(土地+建物)+車位,臺中市大里區樹王路２５５號七樓之２,24.7,,鄉村區,乙種建築用地,1150607,土地2建物1車位1,七層,十一層,住宅大樓(11層含以上有電梯),住家用,鋼筋混凝土造,1070214,129.81,2,2,1,有,有,11580000,89207,坡道平面,36.48,0,,RPTQMLQJPHLGFIB76DA,58.53,0.0,3.72,有,045
烏日區,房地(土地+建物)+車位,臺中市烏日區環河路五段１１６號十九樓之５,24.29,商,,,1150615,土地1建物1車位1,十九層,二十五層,住宅大樓(11層含以上有電梯),住家用,鋼筋混凝土造,1060925,185.55,2,2,2,有,有,18600000,100243,坡道平面,31.04,0,,RPQNMLSJPHLGFIB98DA,85.53,7.59,10.5,有,046
大里區,房地(土地+建物),臺中市大里區中興路二段７９４巷１號,100.62,住,,,1150622,土地1建物1車位0,全,二層,透天厝,住家用,加強磚造,0650620,129.5,9,1,9,有,無,7000000,54054,,0.0,0,含土地增值稅或其他稅費268312元；含地政士服務費3000元；親友、員工、共有人或其他特殊關係間之交易；其他增建；含租約；,RPTNMLTJPHLGFIB76DA,129.5,0.0,0.0,無,
太平區,車位,臺中市太平區新福路８７６號等公共設施,0.0,,,,1150603,土地0建物1車位1,,,其他,,,,25.83,0,0,0,無,無,1390000,,坡道平面,25.83,1390000,建物坐落地號：振興段451地號；僅車位交易；,RPSOMLPKOHLGFJB09DA,0.0,0.0,0.0,無,047
太平區,房地(土地+建物)+車位,臺中市太平區立文街１５７號七樓之１,16.9,商,,,1150603,土地1建物1車位1,七層,十五層,住宅大樓(11層含以上有電梯),住家用,鋼筋混凝土造,1060330,176.07999999999998,3,2,2,有,有,16200000,92004,坡道平面,33.06,0,,RPRQMLSKOHLGFJB86DA,85.3,2.08,9.17,有,048
太平區,房地(土地+建物)+車位,臺中市太平區環中東路三段９７號十一樓之３,17.57,住,,,1150614,土地1建物1車位1,十一層,十四層,住宅大樓(11層含以上有電梯),住家用,鋼筋混凝土造,1100901,126.21000000000001,2,2,1,有,有,11680000,92544,坡道平面,28.72,0,,RPSOMLKMOHLGFJB78DA,61.13,0.0,5.13,有,049
太平區,車位,臺中市太平區樹孝路２７３巷３０號等公共設施,0.0,,,,1150622,土地0建物1車位1,,,其他,,,,25.13,0,0,0,無,有,1700000,,坡道平面,25.13,1700000,建物坐落地號：育賢段184-4地號；親友、員工、共有人或其他特殊關係間之交易；僅車位交易；,RPQSMLLJPHLGFJB88DA,0.0,0.0,0.0,有,050
新社區,土地,大南段大南小段165-1071地號,480.5,,一般農業區,農牧用地,1150609,土地1建物0車位0,,,其他,,,,0.0,0,0,0,無,無,2460000,5120,,0.0,0,親友、員工、共有人或其他特殊關係間之交易；農作物；,RPPNMLTJPHLGFGB88EA,0.0,0.0,0.0,無,
潭子區,房地(土地+建物)+車位,臺中市潭子區僑興路１６９號二樓之３,27.96,住,,,1150601,土地1建物1車位1,二層,十五層,住宅大樓(11層含以上有電梯),住家用,鋼筋混凝土造,1130710,168.72,3,2,2,有,有,13550000,80311,坡道平面,35.76,0,,RPPNMLKKPHLGFHB18EA,79.33,0.0,9.07,有,051
南區,房地(土地+建物)+車位,臺中市南區工學北路９２號１１樓之１,12.45,商,,,1150626,土地1建物1車位1,十一層,十五層,住宅大樓(11層含以上有電梯),住家用,鋼筋混凝土造,0861224,165.71,4,2,2,有,有,13050000,78752,坡道平面,14.06,0,,RPXPMLQLOHLGFAB98DA,97.49,2.62,12.72,有,
南區,房地(土地+建物)+車位,臺中市南區復興北路７６９號十六樓之一,29.57,住,,,1150602,土地2建物1車位2,十六層,十九層,住宅大樓(11層含以上有電梯),住家用,鋼筋混凝土造,1030920,244.23000000000002,4,2,2,有,有,24380000,99824,坡道平面,66.82,0,,RPUQMLKMOHLGFAB28DA,109.4,0.0,11.46,有,052
西區,房地(土地+建物),臺中市西區三民路一段５０巷８號１２樓之５６,2.77,商,,,1150625,土地3建物1車位0,十二層,十九層,住宅大樓(11層含以上有電梯),住家用,鋼筋混凝土造,0840113,36.11,1,0,1,有,有,2250000,62310,,0.0,0,,RPVOMLSJPHLGFAB78DA,17.86,0.0,5.7,有,
北屯區,房地(土地+建物),臺中市北屯區中清路二段１２５０巷１１８弄４０號,162.0,住,,,1150602,土地2建物1車位0,全,一層,透天厝,住家用,加強磚造,0620520,45.87,3,2,1,有,無,24500000,534118,,0.0,0,親友、員工、共有人或其他特殊關係間之交易；,RPXNMLMJOHLGFBB28DA,45.87,0.0,0.0,無,053
北區,房地(土地+建物),臺中市北區太原四街８號４樓之７,5.1,住,,,1150628,土地1建物1車位0,四層,七層,華廈(10層含以下有電梯),住家用,鋼筋混凝土造,0841127,38.36,1,0,1,有,有,3100000,80813,,0.0,0,,RPXOMLKMOHLGFBB48DA,21.97,0.0,3.72,有,
北屯區,房地(土地+建物)+車位,臺中市北屯區祥順東路二段３８號十一樓之５,30.71,住,,,1150604,土地1建物1車位1,十一層,十三層,住宅大樓(11層含以上有電梯),住家用,鋼筋混凝土造,1071009,202.62,4,2,2,有,有,19800000,97720,坡道平面,31.13,0,,RPXNMLQJPHLGFBB78DA,101.48,1.71,14.07,有,054
北區,房地(土地+建物),臺中市北區柳川東路四段５９巷２號,65.0,住,,,1150609,土地2建物1車位0,全,二層,透天厝,住家用,鋼筋混凝土加強磚造,0550702,82.32,4,2,2,有,無,12388000,150486,,0.0,0,,RPOOMLSJPHLGFBB18DA,82.32,0.0,0.0,無,
北區,房地(土地+建物),臺中市北區中山路３７１號５樓之２１,4.95,商,,,1150625,土地1建物1車位0,五層,九層,華廈(10層含以下有電梯),住家用,鋼筋混凝土造,0840113,38.089999999999996,1,1,1,有,有,2750000,72197,,0.0,0,,RPQOMLSJPHLGFBB38DA,23.68,0.0,3.65,有,055
北區,房地(土地+建物),臺中市北區日興街１８０號８樓之３,21.18,住,,,1150629,土地1建物1車位0,八層,十四層,住宅大樓(11層含以上有電梯),住家用,鋼筋混凝土造,0890705,162.18,3,2,2,有,有,10500000,64743,,0.0,0,跨所案件，另有基地為：台中市西區後?子段391-13地號持分面積0.68平方公尺。預售屋、或土地及建物分件登記案件；,RPVPMLSJPHLGFBB98DA,86.42,0.0,11.06,有,
西屯區,房地(土地+建物)+車位,臺中市西屯區福安路５５巷３號十九樓之２,8.8,住,,,1150606,土地1建物1車位1,十九層,二十八層,住宅大樓(11層含以上有電梯),住家用,鋼筋混凝土造,0861023,112.3,1,1,1,有,有,8200000,73019,坡道平面,29.42,0,,RPWNMLLJPHLGFCB28DA,50.28,0.0,8.3,有,
西屯區,房地(土地+建物)+車位,臺中市西屯區青海路二段５號八樓之１,7.48,商,,,1150625,土地1建物1車位1,八層,二十四層,住宅大樓(11層含以上有電梯),住家用,鋼骨鋼筋混凝土造,1141103,112.32,2,2,1,有,有,16150000,143786,坡道平面,0.0,0,,RPSPMLRJPHLGFCB68DA,49.98,0.0,5.73,有,056
西屯區,土地,下石碑段2323-3地號,11.27,住,,,1150624,土地1建物0車位0,,,其他,,,,0.0,0,0,0,無,無,1900000,168589,,0.0,0,親友、員工、共有人或其他特殊關係間之交易；,RPWQMLRJPHLGFCB56DA,0.0,0.0,0.0,無,
南屯區,房地(土地+建物)+車位,臺中市南屯區大墩二街９８號十一樓之３,19.61,住,,,1150607,土地1建物1車位1,十一層,十二層,住宅大樓(11層含以上有電梯),住家用,鋼筋混凝土造,1091019,123.15,2,2,1,有,有,17050000,138449,坡道平面,30.12,0,,RPTNMLSJPHLGFCB68DA,53.04,1.41,6.38,有,057
南屯區,房地(土地+建物),臺中市南屯區文心一路４００之１號,24.62,住,,,1150617,土地1建物1車位0,一層，二層，騎樓,八層,華廈(10層含以下有電梯),住商用,鋼筋混凝土造,0831201,134.03,1,2,1,有,有,15300000,114154,,0.0,0,含租約；,RPRRMLTJPHLGFCB98DA,103.14,7.07,6.88,有,
大甲區,房地(土地+建物),臺中市大甲區甲后路五段２５３號,75.36,住,,,1150604,土地1建物1車位0,全,四層,透天厝,其他,鋼筋混凝土造,0820421,217.1,4,2,3,有,無,11800000,54353,,0.0,0,,RPRNMLMJPHLGFEB08DA,211.59,1.39,4.12,無,058
沙鹿區,房地(土地+建物),臺中市沙鹿區臺灣大道七段１０５９巷１０號,61.7,住,,,1150601,土地1建物1車位0,全,二層,透天厝,住家用,加強磚造、磨石地床,0630218,79.94,3,2,2,有,無,5200000,65049,,0.0,0,其他增建；,RPWOMLPJOHLGFFB98DA,79.94,0.0,0.0,無,
霧峰區,房地(土地+建物),臺中市霧峰區振祥街１號八樓之２,8.86,商,,,1150602,土地1建物1車位0,八層,八層,華廈(10層含以下有電梯),住家用,鋼筋混凝土造,0830709,72.89,2,1,2,有,有,5600000,76828,,0.0,0,,RPSNMLSJOHLGFIB09DA,59.2,0.0,2.93,有,
烏日區,房地(土地+建物),臺中市烏日區仁德街７３號,58.91,住,,,1150603,土地1建物1車位0,全,二層,透天厝,住商用,加強磚造,0670315,91.39,6,3,3,有,無,6900000,75501,,0.0,0,親友、員工、共有人或其他特殊關係間之交易；,RPVNMLRJPHLGFIB76DA,91.39,0.0,0.0,無,
太平區,房地(土地+建物),臺中市太平區光明路５１之６號,100.89,,鄉村區,乙種建築用地,1150617,土地1建物1車位0,全,二層,透天厝,住商用,加強磚造,0690700,103.16,3,3,1,有,無,7350000,71249,,0.0,0,頂樓加蓋；其他增建；,RPPSMLLJPHLGFJB78DA,103.16,0.0,0.0,無,
龍井區,土地,木本段111-11地號,85.72,住,,,1150620,土地3建物0車位0,,,其他,,,,0.0,0,0,0,無,無,1296500,15125,,0.0,0,,RPPNMLKLOHLGFKB38DA,0.0,0.0,0.0,無,
龍井區,土地,南寮段268地號,1254.65,都市：其他:保護區,,,1150627,土地2建物0車位0,,,其他,,,,0.0,0,0,0,無,無,3795329,3025,,0.0,0,親友、員工、共有人或其他特殊關係間之交易；,RPSNMLTJPHLGFKB86DA,0.0,0.0,0.0,無,059
北區,房地(土地+建物),臺中市北區三民路三段２６６號１２樓之９,3.04,商,,,1150620,土地1建物1車位0,十二層,十三層,住宅大樓(11層含以上有電梯),住家用,鋼筋混凝土造,0700806,31.840000000000003,1,0,1,有,有,1500000,47111,,0.0,0,,RPPNMLKKPHLGFBB57EA,21.21,0.0,2.57,有,
大甲區,土地,孟春段126-1地號,102.45,工,,,1150610,土地1建物0車位0,,,其他,,,,0.0,0,0,0,無,無,5083569,49620,,0.0,0,政府機關標讓售；,RPPNMLOKPHLGFEB28EA,0.0,0.0,0.0,無,
大甲區,土地,孟春段145地號,30.68,工,,,1150610,土地1建物0車位0,,,其他,,,,0.0,0,0,0,無,無,1750601,57060,,0.0,0,政府機關標讓售；,SPPNMLOKPHLGFEB38EA,0.0,0.0,0.0,無,
沙鹿區,土地,南勢東段516地號,46.62,住,,,1150624,土地1建物0車位0,,,其他,,,,0.0,0,0,0,無,無,2609055,55964,,0.0,0,含土地增值稅或其他稅費59505元；,RPPNMLOKPHLGFFB38EA,0.0,0.0,0.0,無,
潭子區,房地(土地+建物),臺中市潭子區勝利九街３２號三樓,18.22,住,,,1150606,土地1建物1車位0,三層,八層,華廈(10層含以下有電梯),住家用,鋼筋混凝土造,0890822,119.9,3,2,2,有,有,7900000,65888,,0.0,0,陽台外推；,RPPNMLTJPHLGFHB98EA,60.68,12.33,12.52,有,060
西區,房地(土地+建物)+車位,臺中市西區大進街２０２號７樓之５,26.63,住,,,1150608,土地1建物1車位2,七層,十四層,住宅大樓(11層含以上有電梯),住家用,鋼筋混凝土造,0890324,277.27,3,2,3,有,有,20000000,72132,坡道平面,52.92,0,陽台外推；,RPPNMLMKOHLGFAB47DA,142.4,3.79,15.45,有,
西區,土地,後子段164-59地號,24.0,商,,,1150610,土地1建物0車位0,,,其他,,,,0.0,0,0,0,無,無,5808000,242000,,0.0,0,,RPUPMLMLOHLGFAB28DA,0.0,0.0,0.0,無,
西區,房地(土地+建物),臺中市西區三民路１段５０巷８號１７樓之４９,2.01,商,,,1150609,土地3建物1車位0,十七層,十九層,住宅大樓(11層含以上有電梯),住家用,鋼筋混凝土造,0840113,26.14,0,0,0,無,有,1900000,72686,,0.0,0,親友、員工、共有人或其他特殊關係間之交易；,RPPNMLNJPHLGFAB57DA,15.84,1.21,0.0,有,061
北屯區,土地,建功段2-1地號,69.0,,,,1150601,土地1建物0車位0,,,其他,,,,0.0,0,0,0,無,無,3879939,56231,,0.0,0,包含公共設施保留地用地；,RPOQMLQLOHLGFBB28DA,0.0,0.0,0.0,無,
北屯區,土地,北屯段41-173地號,32.0,住,,,1150601,土地1建物0車位0,,,其他,,,,0.0,0,0,0,無,無,2923200,91350,,0.0,0,包含公共設施保留地用地；,RPSNMLTLOHLGFBB68DA,0.0,0.0,0.0,無,
北屯區,房地(土地+建物)+車位,臺中市北屯區景和街８號十六樓之１,17.78,商,,,1150606,土地1建物1車位2,十六層,二十三層,住宅大樓(11層含以上有電梯),住家用,鋼筋混凝土造,1131111,238.22000000000003,4,2,2,有,有,25000000,104945,坡道平面,79.28,0,,RPPPMLTLOHLGFBB58DA,97.77,0.0,7.71,有,062
北區,房地(土地+建物),臺中市北區柳川東路四段１３號７樓之３,1.64,住,,,1150625,土地2建物1車位0,七層,七層,華廈(10層含以下有電梯),住家用,鋼筋混凝土造,0741024,37.42,1,1,1,有,有,1768000,47247,,0.0,0,,RPPOMLPJPHLGFBB97DA,34.57,0.0,2.85,有,
北屯區,房地(土地+建物)+車位,臺中市北屯區僑孝街１６７號,25.48,住,,,1150625,土地1建物1車位1,一層,七層,華廈(10層含以下有電梯),商業用,鋼筋混凝土造,0821224,142.09,2,1,1,有,有,10280000,72349,坡道平面,0.0,0,,RPQOMLRJPHLGFBB28DA,97.47,12.24,0.0,有,063
北屯區,房地(土地+建物)+車位,臺中市北屯區熱河路一段９９號八樓之１,14.16,商,,,1150617,土地1建物1車位1,八層,十四層,住宅大樓(11層含以上有電梯),住家用,鋼筋混凝土造,1150116,147.03,3,2,2,有,有,17460000,139629,坡道平面,35.95,1950000,,RPSNMLKKPHLGFBB77DA,68.68,0.0,4.0,有,
西屯區,房地(土地+建物)+車位,臺中市西屯區環中路三段６１號二十四樓之５,10.19,商,,,1150605,土地1建物1車位1,二十四層,二十七層,住宅大樓(11層含以上有電梯),住家用,鋼骨鋼筋混凝土造,1060524,158.56,3,2,2,有,有,16000000,100908,坡道平面,0.0,0,,RPUNMLNLOHLGFCB38DA,69.17,4.21,8.76,有,064
西屯區,房地(土地+建物)+車位,臺中市西屯區環中路三段６９號六樓之１,19.25,商,,,1150607,土地1建物1車位1,六層,三十八層,住宅大樓(11層含以上有電梯),住家用,鋼骨鋼筋混凝土造,1040702,275.77,4,3,3,有,有,28700000,104068,坡道平面,25.6,0,,RPRTMLNLOHLGFCB68DA,142.91,3.38,20.99,有,065
西屯區,房地(土地+建物),臺中市西屯區大墩十九街２１０號二樓之１,18.65,商,,,1150613,土地1建物1車位0,二層,七層,華廈(10層含以下有電梯),住家用,鋼筋混凝土造,0820219,113.08,2,2,2,有,有,10250000,90644,,0.0,0,,RPOPMLPLOHLGFCB18DA,81.01,0.6,4.81,有,
西屯區,房地(土地+建物),臺中市西屯區大墩十九街２１０號二樓之２,18.26,商,,,1150613,土地1建物1車位0,二層,七層,華廈(10層含以下有電梯),住家用,鋼筋混凝土造,0820219,106.93,2,2,2,有,有,9700000,90714,,0.0,0,,RPPPMLPLOHLGFCB28DA,75.2,0.6,10.73,有,
西屯區,房地(土地+建物)+車位,臺中市西屯區市政北七路１８６號五樓之６,12.48,都市：其他:第六種新市政中心專用區,,,1150617,土地1建物1車位2,五層,二十八層,住宅大樓(11層含以上有電梯),辦公用,鋼筋混凝土造,1060321,239.64,0,0,0,無,有,32000000,133534,坡道平面,24.36,0,,RPQPMLTLOHLGFCB78DA,105.63,3.11,17.2,有,066
西屯區,房地(土地+建物)+車位,臺中市西屯區市政北一路２８號七樓之２,45.14,都市：其他:第三種新市政中心專用區,,,1150606,土地1建物1車位3,七層,十八層,住宅大樓(11層含以上有電梯),住家用,鋼筋混凝土造,0960726,453.3,3,2,3,有,有,38000000,83830,坡道平面,75.63,0,親友、員工、共有人或其他特殊關係間之交易；,RPVOMLLJPHLGFCB28DA,231.94,4.23,24.69,有,
西屯區,房地(土地+建物),臺中市西屯區福安八街１３號,94.61,住,,,1150613,土地1建物1車位0,全,五層,透天厝,住家用,鋼筋混凝土造,1140113,319.88,4,2,5,有,無,45300000,141616,,0.0,0,,RPUPMLTJPHLGFCB09DA,298.25,0.0,21.63,有,
南屯區,土地,山子腳段266-37地號,775.84,住,,,1150630,土地3建物0車位0,,,其他,,,,0.0,0,0,0,無,無,2000000,2578,,0.0,0,親友、員工、共有人或其他特殊關係間之交易；,RPSQMLTJPHLGFCB98DA,0.0,0.0,0.0,無,
南屯區,房地(土地+建物)+車位,臺中市南屯區向上路五段８號十七樓之３,3.09,住,,,1150630,土地4建物1車位1,十七層,十七層,住宅大樓(11層含以上有電梯),住家用,鋼筋混凝土造,0861128,32.8,3,1,2,有,有,200000,6096,坡道平面,4.09,0,親友、員工、共有人或其他特殊關係間之交易；,RPTQMLTJPHLGFCB09DA,16.84,0.42,2.94,有,
南屯區,房地(土地+建物),臺中市南屯區寶山五街１５０號,10.16,住,,,1150630,土地1建物1車位0,一層，二層，三層,十二層,住宅大樓(11層含以上有電梯),住商用,鋼筋混凝土造,0830118,37.51,3,2,3,有,有,200000,5332,,0.0,0,親友、員工、共有人或其他特殊關係間之交易；,RPWQMLTJPHLGFCB76DA,21.47,1.33,4.34,有,
南屯區,房地(土地+建物),臺中市南屯區寶山五街８號,20.55,住,,,1150630,土地1建物1車位0,一層，二層，三層，騎樓,十二層,住宅大樓(11層含以上有電梯),住商用,鋼筋混凝土造,0831007,229.9,3,2,3,有,有,1600000,6960,,0.0,0,親友、員工、共有人或其他特殊關係間之交易；,RPORMLTJPHLGFCB68DA,155.52,0.0,24.48,有,
神岡區,土地,三角東段1184-1地號,44.14,農,,,1150617,土地2建物0車位0,,,其他,,,,0.0,0,0,0,無,無,1525920,34570,,0.0,0,政府機關標讓售；,RPPNMLMKPHLGFDB87DA,0.0,0.0,0.0,無,
大甲區,房地(土地+建物),臺中市大甲區中山路一段８９８巷４８號,139.1,工,,,1150627,土地4建物1車位0,全,二層,透天厝,辦公用,加強磚造,0810511,123.79,4,1,2,有,無,9500000,76743,,0.0,0,,RPPNMLRJPHLGFEB38DA,111.54,0.0,12.25,無,
沙鹿區,土地,竹林東段764地號,1697.43,都市：其他:文事研究中心區,,,1150628,土地1建物0車位0,,,其他,,,,0.0,0,0,0,無,無,9260000,5455,,0.0,0,,RPVSMLKKPHLGFFB98DA,0.0,0.0,0.0,無,067
沙鹿區,土地,竹林東段760地號,843.78,都市：其他:文事研究中心區,,,1150628,土地1建物0車位0,,,其他,,,,0.0,0,0,0,無,無,4590000,5440,,0.0,0,,RPWSMLKKPHLGFFB09DA,0.0,0.0,0.0,無,
沙鹿區,土地,福壽段203地號,46.31,住,,,1150602,土地1建物0車位0,,,其他,,,,0.0,0,0,0,無,無,2350000,50745,,0.0,0,未登記建物；,RPXNMLOKPHLGFFB09DA,0.0,0.0,0.0,無,
東勢區,土地,詒福段861地號,126.31,農,,,1150616,土地1建物0車位0,,,其他,,,,0.0,0,0,0,無,無,1200000,9500,,0.0,0,親友、員工、共有人或其他特殊關係間之交易；未登記建物；,RPPNMLOKPHLGFGB38DA,0.0,0.0,0.0,無,
大雅區,房地(土地+建物)+車位,臺中市大雅區學府路４５２巷１９號十一樓之１,28.83,商,,,1150611,土地1建物1車位1,十一層,十四層,住宅大樓(11層含以上有電梯),住家用,鋼筋混凝土造,1010203,219.99,4,2,2,有,有,23880000,108550,坡道平面,30.2,0,,RPRNMLQJPHLGFHB78DA,118.87,3.85,11.5,有,
大雅區,土地,上楓段1432地號,82.0,工,,,1150602,土地1建物0車位0,,,其他,,,,0.0,0,0,0,無,無,7200000,87805,,0.0,0,,RPTNMLRJPHLGFHB09DA,0.0,0.0,0.0,無,
烏日區,房地(土地+建物),臺中市烏日區中山路一段６３８巷１６號,44.55,住,,,1150610,土地1建物1車位0,全,三層,透天厝,住家用,鋼筋混凝土造,0790118,59.8,5,2,4,有,無,2440000,40803,,0.0,0,親友、員工、共有人或其他特殊關係間之交易；,RPRNMLMJPHLGFIB48DA,58.32,0.0,1.49,無,
龍井區,房地(土地+建物)+車位,臺中市龍井區遊園北路９８號五樓之３,25.97,住,,,1150608,土地1建物1車位1,五層,十五層,住宅大樓(11層含以上有電梯),住家用,鋼筋混凝土造,1121102,120.43,2,2,2,有,有,15650000,129951,坡道平面,23.65,0,,RPPNMLQJPHLGFKB88DA,59.71,0.0,4.0,有,068
西區,房地(土地+建物),臺中市西區南屯路一段１５２之３號６樓,3.64,住,,,1150618,土地1建物1車位0,六層,十五層,住宅大樓(11層含以上有電梯),住家用,鋼筋混凝土造,0851101,26.700000000000003,3,2,2,有,有,1700000,63670,,0.0,0,,RPVQMLMLOHLGFAB48DA,17.8,0.0,1.61,有,
南區,房地(土地+建物),臺中市南區合作街３４７號３樓之３,4.3,,,,1150622,土地1建物1車位0,三層,七層,華廈(10層含以下有電梯),住家用,鋼筋混凝土造,0820205,26.9,1,0,1,有,有,2250000,83643,,0.0,0,,RPWOMLPLOHLGFAB68DA,16.54,1.38,3.87,有,
西區,房地(土地+建物)+車位,臺中市西區福人街７８巷５號,104.99,住,,,1150620,土地3建物1車位1,全,二層,透天厝,住家用,鐵筋加強磚,0621129,105.82,2,2,2,有,無,18000000,170100,一樓平面,0.0,0,其他增建；,RPUNMLMJPHLGFAB97DA,105.82,0.0,0.0,無,
中區,房地(土地+建物),臺中市中區中華路一段１２１號１３樓之１０,1.65,商,,,1150630,土地1建物1車位0,十三層,十九層,住宅大樓(11層含以上有電梯),住家用,鋼骨鋼筋混凝土造,0850520,33.76,2,1,2,有,有,1500000,44431,,0.0,0,,RPXNMLMJPHLGFAB28DA,18.48,1.35,2.71,有,069
西區,房地(土地+建物)+車位,臺中市西區五權七街１２５巷２０號六樓,21.94,住,,,1150618,土地1建物1車位2,六層,九層,華廈(10層含以下有電梯),住家用,鋼筋混凝土造,0790702,168.74,3,2,2,有,有,13800000,81783,坡道平面,0.0,0,其他增建；,RPTOMLMJPHLGFAB97DA,139.57,1.92,11.85,有,
南區,房地(土地+建物)+車位,臺中市南區復興路一段１７號十六樓之５,27.47,住,,,1150620,土地1建物1車位2,十六層,二十一層,住宅大樓(11層含以上有電梯),住家用,鋼筋混凝土造,1130916,210.07999999999998,4,2,2,有,有,19000000,90442,坡道平面,48.0,0,,RPPNMLMKPHLGFAB57DA,99.86,0.0,6.99,有,070
中區,房地(土地+建物),臺中市中區光復路１０４號５樓之９,4.02,商,,,1150619,土地1建物1車位0,五層,七層,華廈(10層含以下有電梯),住家用,鋼筋混凝土造,0781016,36.94,1,0,1,有,有,2330000,63075,,0.0,0,,RPQNMLOKPHLGFAB87DA,27.75,0.0,2.55,有,071
南區,房地(土地+建物)+車位,臺中市南區南平路３３８巷６號二樓之１,19.4,商,,,1150602,土地1建物1車位1,二層,十五層,住宅大樓(11層含以上有電梯),住家用,鋼筋混凝土造,1140620,151.28,3,2,2,有,有,21000000,147641,坡道平面,24.96,2350000,,RPSNMLOKPHLGFAB08DA,74.33,0.0,8.72,有,
北屯區,房地(土地+建物)+車位,臺中市北屯區敦富六街１８６號五樓之２,23.45,住,,,1150614,土地1建物1車位1,五層,十五層,住宅大樓(11層含以上有電梯),住家用,鋼筋混凝土造,1140611,176.76999999999998,3,2,2,有,有,24750000,140012,坡道平面,24.79,0,,RPPOMLPKOHLGFBB97DA,90.19,0.0,10.66,有,072
北屯區,房地(土地+建物),臺中市北屯區東山路一段２５４號,119.0,住,,,1150605,土地1建物1車位0,全,四層,透天厝,住商用,鋼筋混凝土造,0720526,357.76,9,1,4,有,無,36000000,100626,,0.0,0,房屋成交價係新台幣3050000元整，基地成交價係3295 0000元整，合計房地總成交價係36000000元整。頂樓加蓋；未登記建物；,RPWNMLNLOHLGFBB48DA,306.32,0.0,51.44,無,
北區,房地(土地+建物)+車位,臺中市北區英才路３７７號九樓之９,19.53,住,,,1150603,土地1建物1車位2,九層,十四層,住宅大樓(11層含以上有電梯),住家用,鋼筋混凝土造,0961115,184.82,3,2,2,有,有,23650000,127962,坡道平面,49.62,0,,RPPNMLQLOHLGFBB08DA,84.17,3.92,8.26,有,073
北屯區,房地(土地+建物),臺中市北屯區文昌東三街７９之４號,24.81,住,,,1150613,土地1建物1車位0,五層,五層,公寓(5樓含以下無電梯),住家用,鋼筋混凝土造,0720708,84.98,8,0,8,有,無,5150000,60602,,0.0,0,頂樓加蓋；,RPWOMLKMOHLGFBB38DA,69.18,0.0,15.8,無,074
北屯區,房地(土地+建物)+車位,臺中市北屯區九龍街１７６號２樓之１,34.4,住,,,1150607,土地1建物1車位1,二層，三層,五層,華廈(10層含以下有電梯),住家用,鋼筋混凝土造,0961017,135.57999999999998,2,2,3,有,有,12100000,89246,一樓平面,0.0,0,車位地上，2號車位,RPPNMLRJPHLGFBB08DA,83.94,0.0,14.7,有,075
北屯區,房地(土地+建物)+車位,臺中市北屯區敦富路６１１號十三樓之６,16.37,住,,,1150602,土地1建物1車位1,十三層,十九層,住宅大樓(11層含以上有電梯),住家用,鋼筋混凝土造,1091117,130.0,2,2,2,有,有,15100000,116154,坡道平面,36.2,0,,RPTOMLOKPHLGFBB38DA,56.05,0.96,5.61,有,076
西屯區,房地(土地+建物)+車位,臺中市西屯區臺灣大道三段５９２號二十二樓之３,23.75,商,,,1150606,土地1建物1車位2,二十二層,二十八層,住宅大樓(11層含以上有電梯),住家用,鋼筋混凝土造,0991021,340.03999999999996,4,2,5,有,有,34500000,101459,坡道機械,26.46,0,陽台外推；,RPQNMLKKOHLGFCB57DA,185.92,2.19,26.36,有,
西屯區,房地(土地+建物)+車位,臺中市西屯區逢大路５６號五樓之６,18.54,都市：其他:第二種創新研發專用區,,,1150607,土地1建物1車位1,五層,九層,華廈(10層含以下有電梯),住家用,鋼筋混凝土造,1121123,103.34,2,2,1,有,有,15360000,189369,坡道平面,32.79,2000000,,RPOQMLMLOHLGFCB97DA,42.17,0.0,3.28,有,077
西屯區,土地,民安段1716-2地號,45.61,住,,,1150625,土地1建物0車位0,,,其他,,,,0.0,0,0,0,無,無,5932200,130064,,0.0,0,,RPVPMLPLOHLGFCB88DA,0.0,0.0,0.0,無,078
西屯區,土地,永安段856-24地號,95.89,農,,,1150630,土地3建物0車位0,,,其他,,,,0.0,0,0,0,無,無,3500000,36500,,0.0,0,,RPPOMLQJPHLGFCB18DA,0.0,0.0,0.0,無,079
南屯區,房地(土地+建物)+車位,臺中市南屯區春安路１３０號三樓之１,10.37,住,,,1150604,土地1建物1車位1,三層,十三層,住宅大樓(11層含以上有電梯),住家用,鋼筋混凝土造,1081128,106.55,1,1,1,有,有,9500000,89160,坡道平面,37.43,0,親友、員工、共有人或其他特殊關係間之交易；,RPRNMLKKPHLGFCB77DA,42.05,0.0,4.61,有,080
南屯區,房地(土地+建物)+車位,臺中市南屯區五權五街３５６號三樓,54.39,住,,,1150617,土地1建物1車位1,三層,七層,華廈(10層含以下有電梯),辦公用,鋼筋混凝土造,0890118,307.61,0,0,1,有,無,22000000,71519,坡道機械,0.0,0,,RPUOMLNKPHLGFCB48DA,199.69,3.33,23.05,有,
豐原區,房地(土地+建物)+車位,臺中市豐原區安康路４５號五樓之１,13.7,住,,,1150622,土地3建物1車位1,五層,十四層,住宅大樓(11層含以上有電梯),住家用,鋼筋混凝土造,1060612,86.99000000000001,3,1,2,有,有,5000000,57478,坡道平面,11.66,0,親友、員工、共有人或其他特殊關係間之交易；,RPOOMLQLOHLGFDB28DA,43.59,2.01,4.75,有,081
豐原區,土地,豐陽段71地號,24.87,農,,,1150629,土地2建物0車位0,,,其他,,,,0.0,0,0,0,無,無,150400,6047,,0.0,0,,RPROMLKMOHLGFDB08DA,0.0,0.0,0.0,無,082
后里區,房地(土地+建物)+車位,臺中市后里區文明路３１巷１弄９號四樓之２,29.32,住,,,1150606,土地1建物1車位1,四層,五層,華廈(10層含以下有電梯),住家用,鋼筋混凝土造,1131128,63.59,2,2,1,有,有,5880000,92467,其他,0.0,0,,RPPOMLMJPHLGFDB87DA,35.33,0.0,2.27,有,
豐原區,土地,議前段374-1地號,1.47,住,,,1150618,土地2建物0車位0,,,其他,,,,0.0,0,0,0,無,無,186866,127120,,0.0,0,政府機關標讓售；,RPWOMLOKPHLGFDB88DA,0.0,0.0,0.0,無,
外埔區,房地(土地+建物)+車位,臺中市外埔區甲東路３６巷５１弄７３號六樓,30.77,,鄉村區,乙種建築用地,1150613,土地2建物1車位1,六層,八層,華廈(10層含以下有電梯),住家用,鋼筋混凝土造,0830826,128.02,3,2,2,有,有,4300000,33589,坡道機械,0.0,0,陽台外推；,RPPNMLNKPHLGFEB08DA,86.73,0.55,8.42,有,083
大甲區,房地(土地+建物),臺中市大甲區和平路２３號,60.0,住,,,1150616,土地1建物1車位0,全,二層,透天厝,住家用,鋼筋混凝土加強磚造,0681115,72.6,3,2,3,有,無,7800000,107438,,0.0,0,陽台外推；頂樓加蓋；,RPTNMLOKPHLGFEB58DA,72.6,0.0,0.0,無,
大甲區,房地(土地+建物),臺中市大甲區渭水路３１之３號,134.0,住,,,1150629,土地1建物1車位0,全,三層,透天厝,住家用,鋼筋混凝土加強磚造,1010302,226.44,4,3,4,有,無,11000000,48578,,0.0,0,未登記建物；,RPTNMLPKPHLGFEB68DA,218.18,0.0,8.26,無,
沙鹿區,房地(土地+建物)+車位,臺中市沙鹿區六路十二街９８號二樓之８,55.99,住,,,1150612,土地1建物1車位2,二層,七層,華廈(10層含以下有電梯),住家用,鋼筋混凝土造,1141202,232.94,3,2,2,有,有,25980000,138885,坡道平面,79.0,4600000,,RPRNMLMKOHLGFFB18DA,93.83,0.0,9.61,有,
霧峰區,房地(土地+建物),臺中市霧峰區民生路３３６巷２號,463.81,,山坡地保育區,丙種建築用地,1150610,土地1建物1車位0,全,一層,透天厝,住家用,加強磚造,0691000,105.13,0,0,0,無,無,4300000,40902,,0.0,0,,RPPNMLOKPHLGFIB58DA,105.13,0.0,0.0,無,
太平區,房地(土地+建物)+車位,臺中市太平區育仁路１８６號十一樓之７,22.34,住,,,1150621,土地1建物1車位1,十一層,十四層,住宅大樓(11層含以上有電梯),住家用,鋼筋混凝土造,1040915,150.63,3,2,2,有,有,14280000,94802,坡道平面,26.45,0,,RPSNMLKMOHLGFJB68DA,74.67,0.0,8.3,有,084
太平區,房地(土地+建物),臺中市太平區中山路一段２４５巷１８號八樓之２３,2.84,,鄉村區,乙種建築用地,1150627,土地2建物1車位0,八層,十層,華廈(10層含以下有電梯),住家用,鋼筋混凝土造,0880909,21.78,1,0,1,有,有,1500000,68871,,0.0,0,陽台外推；,RPQNMLMJPHLGFJB48DA,11.42,0.0,2.24,有,
太平區,房地(土地+建物)+車位,臺中市太平區環中東路三段３７５號二樓之３,22.16,住,,,1150603,土地1建物1車位1,二層,十五層,住宅大樓(11層含以上有電梯),住家用,鋼筋混凝土造,1121104,152.31,3,2,2,有,有,11800000,77474,坡道平面,29.63,0,,RPPNMLQJPHLGFJB78DA,73.47,0.0,7.96,有,085
大肚區,土地,瑞井段210地號,30.64,,鄉村區,乙種建築用地,1150601,土地1建物0車位0,,,其他,,,,0.0,0,0,0,無,無,583614,19047,,0.0,0,地清或未辦繼承標售；,RPQNMLNKPHLGFKB78DA,0.0,0.0,0.0,無,086
南區,房地(土地+建物),臺中市南區五權南路４８３號十四樓之三,5.27,住,,,1150613,土地1建物1車位0,十四層,二十二層,住宅大樓(11層含以上有電梯),住家用,鋼筋混凝土造,0970121,68.4,2,0,2,有,有,6850000,100146,,0.0,0,,RPPNMLQJPHLGFAB87DA,37.34,0.0,7.68,有,
南區,房地(土地+建物),臺中市南區南平路３９號十二樓之７,2.45,商,,,1150623,土地1建物1車位0,十二層,十三層,住宅大樓(11層含以上有電梯),住家用,鋼筋混凝土造,0840510,27.799999999999997,1,1,1,有,有,2200000,79137,,0.0,0,社區名稱 : 龍族儷園,RPRNMLKKPHLGFAB57DA,16.23,0.0,2.49,有,
西區,房地(土地+建物),臺中市西區福人街８６號,64.0,住,,,1150610,土地1建物1車位0,全,二層,透天厝,住家用,見其他登記事項,0590527,99.12,4,2,2,有,無,18200000,183616,,0.0,0,,RPVOMLPKPHLGFAB58DA,99.12,0.0,0.0,無,
北區,房地(土地+建物),臺中市北區育才北路８２號,71.0,住,,,1150607,土地3建物1車位0,全,二層,透天厝,住家用,鋼筋混凝土加強磚造,,118.76,0,0,0,無,無,25000000,210509,,0.0,0,頂樓加蓋；其他增建；,RPSPMLPKOHLGFBB38DA,118.76,0.0,0.0,無,
北屯區,房地(土地+建物),臺中市北屯區東光路８８４巷４３號,50.4,住,,,1150623,土地1建物1車位0,全,三層,透天厝,住商用,鋼筋混凝土造,0761021,128.36,4,3,3,有,無,6300000,49081,,0.0,0,親友、員工、共有人或其他特殊關係間之交易；,RPPOMLPLOHLGFBB08DA,110.7,8.68,8.98,無,
北屯區,房地(土地+建物),臺中市北屯區北屯路２９９之２號,21.93,住,,,1150605,土地1建物1車位0,一層，二層，騎樓,十一層,住宅大樓(11層含以上有電梯),住商用,鋼筋混凝土造,0761216,152.98000000000002,2,1,2,有,有,18000000,117662,,0.0,0,親友、員工、共有人或其他特殊關係間之交易；,RPUOMLPLOHLGFBB58DA,113.57,5.18,5.18,有,
北屯區,房地(土地+建物),臺中市北屯區北屯路４４１之３３號,71.61,住,,,1150613,土地2建物1車位0,全,五層,透天厝,住家用,鋼筋混凝土造,0951102,238.68,5,3,4,有,有,28150000,117940,,0.0,0,,RPPOMLQJPHLGFBB08DA,202.11,0.0,33.54,無,
北區,車位,臺中市北區健行路６０９巷２號二樓等公共設施,0.0,,,,1150603,土地0建物1車位1,,,其他,,,,35.07,0,0,0,無,無,1700000,,坡道平面,35.07,1700000,建物坐落地號：新賴厝六段46地號；僅車位交易；,RPXOMLRJPHLGFBB98DA,0.0,0.0,0.0,無,
西屯區,房地(土地+建物)+車位,臺中市西屯區永昌二街４２號六樓之１,26.46,住,,,1150616,土地1建物1車位1,六層,六層,華廈(10層含以下有電梯),住家用,鋼筋混凝土造,0850112,158.06,3,2,2,有,有,9380000,59345,升降機械,0.0,0,陽台外推；其他增建；,RPSRMLQKOHLGFCB78DA,94.82,4.19,17.07,有,
南屯區,土地,永豐段232地號,293.33,住,,,1150613,土地1建物0車位0,,,其他,,,,0.0,0,0,0,無,無,66547500,226869,,0.0,0,,RPWRMLMLOHLGFCB88DA,0.0,0.0,0.0,無,
西屯區,房地(土地+建物),臺中市西屯區福安十街７１巷１１號三樓,27.2,住,,,1150608,土地1建物1車位0,三層,五層,公寓(5樓含以下無電梯),住家用,鋼筋混凝土造,0800126,105.29,3,2,2,有,無,7500000,71232,,0.0,0,,RPQOMLKMOHLGFCB87DA,84.67,0.0,9.37,無,
西屯區,房地(土地+建物)+車位,臺中市西屯區西屯路二段２３６號三樓之９,19.25,住,,,1150601,土地4建物1車位1,三層,二十二層,住宅大樓(11層含以上有電梯),住家用,鋼筋混凝土造,1080627,189.03,2,2,2,有,有,30660000,162196,坡道平面,39.12,0,,RPTOMLRJPHLGFCB68DA,87.35,2.84,9.03,有,
南屯區,房地(土地+建物)+車位,臺中市南屯區忠勇路１０７號３樓之１,16.45,住,,,1150609,土地1建物1車位1,三層,十六層,住宅大樓(11層含以上有電梯),住家用,鋼筋混凝土造,0830905,128.95,3,2,2,有,有,8380000,64986,坡道機械,0.0,0,,RPVNMLSJPHLGFCB88DA,84.43,2.52,6.84,有,
西屯區,房地(土地+建物)+車位,臺中市西屯區寧夏路２１６巷７號五樓,15.36,住,,,1150611,土地1建物1車位1,五層,九層,華廈(10層含以下有電梯),住家用,鋼筋混凝土造,0780412,101.16,3,2,2,有,有,9480000,93713,坡道平面,0.0,0,陽台外推；,RPSNMLOKPHLGFCB28DA,66.99,2.08,10.84,有,
西屯區,房地(土地+建物),臺中市西屯區西屯路三段宏福三巷２之６號,92.71,住,,,1150610,土地1建物1車位0,全,五層,透天厝,商業用,鋼筋混凝土造,0821222,200.99,9,2,6,有,無,25300000,125877,,0.0,0,其他增建；,RPXNMLOKPHLGFCB78DA,167.49,11.15,22.35,無,
神岡區,房地(土地+建物)+車位,臺中市神岡區大裡街１３３號五樓,21.94,住,,,1150613,土地1建物1車位1,五層,八層,華廈(10層含以下有電梯),住家用,鋼筋混凝土造,0831111,125.59,3,2,2,有,有,6800000,54144,坡道平面,0.0,0,,RPQNMLPKOHLGFDB18DA,78.27,0.0,8.0,有,
神岡區,土地,國豐段673地號,17.05,農,,,1150603,土地1建物0車位0,,,其他,,,,0.0,0,0,0,無,無,96000,5630,,0.0,0,地清或未辦繼承標售；,RPUNMLPKPHLGFDB68DA,0.0,0.0,0.0,無,
沙鹿區,房地(土地+建物)+車位,臺中市沙鹿區保寧路２０號五樓之二,26.82,商,,,1150629,土地1建物1車位1,五層,九層,華廈(10層含以下有電梯),住家用,鋼筋混凝土造,0970325,172.22,3,2,2,有,有,11980000,69562,坡道平面,23.82,0,,RPRNMLOKPHLGFFB48DA,86.43,5.29,11.37,有,
新社區,房地(土地+建物),臺中市新社區井新街３１號,388.82,,一般農業區,甲種建築用地,1150605,土地6建物1車位0,全,二層,透天厝,住家用,鋼筋混凝土造,0940803,207.36,3,2,3,有,有,21100000,101755,,0.0,0,陽台外推；其他增建；,RPQNMLSJOHLGFGB68DA,197.1,0.0,10.26,無,
東勢區,土地,慶東段1020地號,11.48,,特定農業區,甲種建築用地,1150601,土地1建物0車位0,,,其他,,,,0.0,0,0,0,無,無,11000,958,,0.0,0,地清或未辦繼承標售；,RPPNMLQKPHLGFGB58DA,0.0,0.0,0.0,無,
潭子區,房地(土地+建物)+車位,臺中市潭子區頭家路１１２號六樓,17.95,住,,,1150608,土地1建物1車位1,六層,七層,華廈(10層含以下有電梯),住家用,鋼筋混凝土造,0811114,117.54,3,2,2,有,有,8500000,72316,坡道平面,0.0,0,,RPOOMLQJPHLGFHB58DA,103.95,0.0,3.06,有,
烏日區,房地(土地+建物),臺中市烏日區建國路３８９號,72.01,住,,,1150611,土地2建物1車位0,全,四層,透天厝,住商用,鋼筋混凝土造,1010111,176.89,4,4,4,有,有,21000000,118718,,0.0,0,陽台外推；其他增建；,RPUNMLLKOHLGFIB68DA,162.14,0.0,14.75,無,
烏日區,房地(土地+建物)+車位,臺中市烏日區環河路四段２７０號二樓之５,15.26,商,,,1150608,土地1建物1車位1,二層,十五層,住宅大樓(11層含以上有電梯),住家用,鋼筋混凝土造,1090713,121.44,2,2,1,有,有,10400000,85639,坡道平面,29.38,0,,RPTOMLLJPHLGFIB68DA,55.38,1.75,6.18,有,
太平區,房地(土地+建物)+車位,臺中市太平區環中東路三段３７９號五樓之２,22.53,住,,,1150615,土地1建物1車位1,五層,十五層,住宅大樓(11層含以上有電梯),住家用,鋼筋混凝土造,1121104,154.22,3,2,2,有,有,12000000,77811,坡道平面,29.63,0,,RPXNMLQKOHLGFJB96DA,76.33,0.0,7.27,有,
太平區,房地(土地+建物),臺中市太平區中山路四段２１３巷１２弄４號,16.13,住,,,1150622,土地1建物1車位0,全,二層,透天厝,住商用,加強磚造,0640600,28.14,4,1,1,有,無,2360000,83866,,0.0,0,親友、員工、共有人或其他特殊關係間之交易；其他增建；,RPQOMLNLOHLGFJB78DA,28.14,0.0,0.0,無,
太平區,房地(土地+建物),臺中市太平區長億十街３３巷１９弄２０號,161.47,住,,,1150619,土地4建物1車位0,全,五層,透天厝,其他,鋼筋混凝土造,0960111,157.13,5,3,3,有,無,16000000,101827,,0.0,0,夾層；,RPRNMLQLOHLGFJB09DA,146.6,4.22,6.31,無,
太平區,房地(土地+建物)+車位,臺中市太平區環中東路三段６１２號六樓之１,22.34,住,,,1150622,土地1建物1車位1,六層,十三層,住宅大樓(11層含以上有電梯),住家用,鋼筋混凝土造,1140911,142.54,3,2,2,有,有,13390000,93939,坡道平面,31.67,0,,RPQNMLTLOHLGFJB66DA,69.93,0.0,3.34,有,
中區,房地(土地+建物),臺中市中區公園路１９號９樓之３,3.03,商,,,1150609,土地4建物1車位0,九層,十二層,住宅大樓(11層含以上有電梯),住家用,鋼筋混凝土造,0761216,36.74,1,1,1,有,有,2000000,54437,,0.0,0,,RPSNMLPKPHLGFAB28EA,23.22,0.0,3.24,有,
南區,房地(土地+建物),臺中市南區東興路一段２５巷６號２樓,8.73,住,,,1150621,土地1建物1車位0,二層,十四層,住宅大樓(11層含以上有電梯),住家用,鋼筋混凝土造,0901126,75.82,2,2,1,有,有,6100000,80454,,0.0,0,陽台外推；夾層；,RPPNMLQKPHLGFAB08EA,50.45,0.0,5.77,有,
潭子區,土地,潭北段50-2地號,141.61,農,,,1150606,土地2建物0車位0,,,其他,,,,0.0,0,0,0,無,無,1090682,7702,,0.0,0,,RPPNMLPKPHLGFHB68EA,0.0,0.0,0.0,無,
西區,房地(土地+建物)+車位,臺中市西區五權三街３５８號八樓之三,22.33,住,,,1150517,土地1建物1車位1,八層,十二層,住宅大樓(11層含以上有電梯),住家用,鋼筋混凝土造,0970828,156.55,3,2,2,有,有,19000000,130699,坡道平面,26.48,2000000,陽台外推；,RPPNMLRKNHLGFAB87DA,82.46,3.32,7.7,有,
西區,房地(土地+建物)+車位,臺中市西區五權路１－１３９號１３樓之６,9.61,,,,1150524,土地1建物1車位1,十三層,十四層,住宅大樓(11層含以上有電梯),住家用,鋼筋混凝土造,0880317,120.71000000000001,1,2,2,有,有,8400000,65602,坡道機械,4.86,800000,,RPTNMLKLNHLGFAB67DA,74.38,0.0,9.38,有,
西區,房地(土地+建物),臺中市西區五權三街４６號二樓之２,29.85,,,,1150520,土地2建物1車位0,二層,五層,公寓(5樓含以下無電梯),住家用,鋼筋混凝土造,0701009,79.32,3,2,3,有,無,5700000,71861,,0.0,0,,RPTNMLQLNHLGFAB28DA,73.57,0.0,5.75,無,
西區,房地(土地+建物)+車位,臺中市西區館前路６３號三十四樓,56.73,商,,,1150522,土地1建物1車位4,三十四層,三十五層,住宅大樓(11層含以上有電梯),住家用,鋼骨造、鋼筋混凝土造、鋼骨鋼筋混凝土造,1120928,669.48,0,0,0,無,有,138500000,246523,坡道平面,157.56,12300000,跨所案件，另有基地為北區乾溝子段183-9地號持分780/100000，持分面積約為10.55平方公尺 車位總價無法拆分個別車位價格。毛胚屋；,RPRRMLKMOHLGFAB08DA,292.06,0.0,43.39,有,
北區,房地(土地+建物)+車位,臺中市北區陝西二街２１之１４號７樓,19.11,住,,,1150520,土地1建物1車位1,七層,九層,華廈(10層含以下有電梯),住家用,鋼筋混凝土造,0821110,146.22,3,2,2,有,有,11880000,81247,坡道平面,0.0,0,,RPRNMLKLNHLGFBB57DA,90.16,0.88,10.78,有,
北區,房地(土地+建物)+車位,臺中市北區進化路５１９號六樓之５,14.9,商,,,1150522,土地1建物1車位1,六層,二十四層,住宅大樓(11層含以上有電梯),住家用,鋼筋混凝土造,1140116,164.8,3,2,2,有,有,18500000,112257,坡道平面,28.74,0,,RPTOMLKKOHLGFBB87DA,83.73,0.0,8.02,有,087
北屯區,房地(土地+建物)+車位,臺中市北屯區太順路６２號七樓之１,20.23,住,,,1150521,土地1建物1車位1,七層,十四層,住宅大樓(11層含以上有電梯),住家用,鋼筋混凝土造,1050602,174.1,3,2,2,有,有,15500000,89029,坡道平面,24.06,0,,RPPPMLQKOHLGFBB18DA,87.96,2.51,11.19,有,
北區,房地(土地+建物),臺中市北區西屯路一段４１２巷８弄１１號,18.0,住,,,1150517,土地1建物1車位0,全,二層,透天厝,商業用,鋼筋混凝土加強磚造,0580425,31.91,4,1,1,有,無,800000,25071,,0.0,0,親友、員工、共有人或其他特殊關係間之交易；,RPRNMLTKOHLGFBB48DA,31.91,0.0,0.0,無,
北屯區,房地(土地+建物),臺中市北屯區東山路一段１４５之１３號,112.0,住,,,1150509,土地2建物1車位0,全,二層,透天厝,商業用,鋼筋混凝土加強磚造,0620601,129.78,1,2,2,有,無,20000000,154107,,0.0,0,,RPOPMLRJPHLGFBB18DA,129.78,0.0,0.0,無,
南屯區,土地,楓溪段31地號,198.07,住,,,1150512,土地1建物0車位0,,,其他,,,,0.0,0,0,0,無,無,31755000,160322,,0.0,0,,RPUNMLKLNHLGFCB97DA,0.0,0.0,0.0,無,088
西屯區,房地(土地+建物)+車位,臺中市西屯區市政北七路１６６號八樓之５,19.35,都市：其他:第六種新市政中心專用區,,,1150512,土地1建物1車位2,八層,三十二層,住宅大樓(11層含以上有電梯),住家用,鋼骨鋼筋混凝土造,0991013,363.73,3,2,3,有,有,57000000,156710,坡道平面,33.87,0,,RPVTMLOJOHLGFCB98DA,204.85,7.44,30.66,有,
西屯區,房地(土地+建物),臺中市西屯區協和北巷１之１９號,105.04,農,,,1150531,土地2建物1車位0,全,四層,透天厝,住家用,鋼筋混凝土造,0891005,168.71,4,3,3,有,有,17200000,101950,,0.0,0,其他增建；,RPTOMLLKOHLGFCB08DA,151.63,0.0,17.08,無,
南屯區,房地(土地+建物),臺中市南屯區文山三街１２７號十樓之１,12.97,商,,,1150516,土地2建物1車位0,十層,十二層,住宅大樓(11層含以上有電梯),住家用,鋼筋混凝土造,1010224,91.74,2,2,1,有,有,8980000,97885,,0.0,0,,RPSSMLNLOHLGFCB68DA,51.42,1.57,8.49,有,089
南屯區,房地(土地+建物),臺中市南屯區文心路一段１８６號四樓之１５,2.53,住,,,1150531,土地1建物1車位0,四層,二十一層,住宅大樓(11層含以上有電梯),辦公用,鋼筋混凝土造,0821110,39.92,1,0,1,有,有,2958000,74117,,0.0,0,,RPSPMLKMOHLGFCB18DA,26.09,1.68,3.76,有,
西屯區,房地(土地+建物),臺中市西屯區成都路１號,19.46,住,,,1150522,土地1建物1車位0,一層，二層，騎樓,九層,華廈(10層含以下有電梯),商辦用,鋼筋混凝土造,0881217,142.74,1,2,2,有,有,13000000,91075,,0.0,0,,RPUPMLRJPHLGFCB88DA,100.19,1.92,12.99,有,
西屯區,房地(土地+建物)+車位,臺中市西屯區市政北七路９８號十八樓之１,477.84,都市：其他:第四種新市政中心專用區,,,1150511,土地1建物2車位4,十八層,三十九層,住宅大樓(11層含以上有電梯),辦公用,鋼骨造,1070613,867.81,0,0,0,無,有,190920000,220002,坡道平面,127.64,0,,RPQNMLSJPHLGFCB38DA,419.33,0.0,25.12,有,
西屯區,房地(土地+建物)+車位,臺中市西屯區市政北七路９８號十八樓之２,477.84,都市：其他:第四種新市政中心專用區,,,1150511,土地1建物2車位4,十八層,三十九層,住宅大樓(11層含以上有電梯),辦公用,鋼骨造,1070613,867.81,0,0,0,無,有,190920000,220002,坡道平面,127.64,0,,SPQNMLSJPHLGFCB48DA,419.33,0.0,25.12,有,
西屯區,房地(土地+建物)+車位,臺中市西屯區青海路二段２４０之６號十八樓之７,11.36,商,,,1150504,土地1建物1車位1,十八層,二十二層,住宅大樓(11層含以上有電梯),住家用,鋼筋混凝土造,1060731,121.3,2,1,1,有,有,17300000,142622,坡道平面,0.0,0,,RPXNMLTJPHLGFCB56DA,52.16,2.37,3.23,有,090
豐原區,房地(土地+建物),臺中市豐原區水源路南坑巷３３之２１號,109.97,,山坡地保育區,丙種建築用地,1150524,土地1建物1車位0,全,二層,透天厝,住家用,加強磚造,0690521,83.48,3,2,2,有,無,6200000,74269,,0.0,0,頂樓加蓋；其他增建；,RPUNMLLJOHLGFDB08DA,83.48,0.0,0.0,無,
豐原區,房地(土地+建物)+車位,臺中市豐原區中興路２２巷１５號八樓,10.64,商,,,1150529,土地1建物1車位1,八層,十二層,住宅大樓(11層含以上有電梯),住家用,鋼筋混凝土造,0990119,120.19,3,2,2,有,有,11500000,95682,坡道平面,25.46,0,夾層；,RPTOMLMJOHLGFDB18DA,58.79,1.12,6.78,有,091
后里區,房地(土地+建物),臺中市后里區富春路１０９號,414.27,工,,,1150520,土地1建物1車位0,全,四層,透天厝,工業用,鋼骨造、鋼筋混凝土造,1090113,1002.09,0,0,0,無,無,88000000,87816,,0.0,0,,RPROMLTLOHLGFDB88DA,1002.09,0.0,0.0,無,
后里區,房地(土地+建物),臺中市后里區月湖路４１號,631.38,工,,,1150520,土地1建物1車位0,全,四層,透天厝,辦公用,鋼骨造、鋼筋混凝土造,1090113,1189.59,0,0,0,無,無,116800000,98185,,0.0,0,,RPSOMLTLOHLGFDB98DA,1189.59,0.0,0.0,無,
梧棲區,房地(土地+建物)+車位,臺中市梧棲區八德東路６７號二十六樓之５,9.42,商,,,1150524,土地1建物1車位1,二十六層,二十八層,住宅大樓(11層含以上有電梯),住家用,鋼筋混凝土造,1140606,131.05,3,2,2,有,有,8600000,65624,坡道平面,0.0,0,,RPVOMLPJOHLGFFB88DA,66.47,0.0,4.34,有,092
沙鹿區,房地(土地+建物)+車位,臺中市沙鹿區永寧路一段７６號十樓之１,15.42,住,,,1150518,土地1建物1車位1,十層,十五層,住宅大樓(11層含以上有電梯),住家用,鋼筋混凝土造,1140310,121.28999999999999,2,2,2,有,有,10120000,87763,坡道平面,24.78,1650000,,RPRNMLRJPHLGFFB68DA,60.34,0.0,4.08,有,
梧棲區,房地(土地+建物)+車位,臺中市梧棲區八德東路６５號二十七樓之５,7.62,商,,,1150530,土地1建物1車位1,二十七層,二十八層,住宅大樓(11層含以上有電梯),住家用,鋼筋混凝土造,1140606,110.34,2,2,1,有,有,7200000,65253,坡道平面,24.74,0,,RPQOMLSJPHLGFFB78DA,52.79,0.0,4.2,有,093
梧棲區,土地,南簡段777-14地號,99.0,住,,,1150514,土地1建物0車位0,,,其他,,,,0.0,0,0,0,無,無,7689320,77670,,0.0,0,,RPOOMLTJPHLGFFB68DA,0.0,0.0,0.0,無,
潭子區,土地,大富段337地號,1196.2,農,,,1150513,土地1建物0車位0,,,其他,,,,0.0,0,0,0,無,無,32000000,26751,,0.0,0,親友、員工、共有人或其他特殊關係間之交易；,RPQNMLNKNHLGFHB28DA,0.0,0.0,0.0,無,
潭子區,房地(土地+建物),臺中市潭子區福潭路２１５號,141.95,住,,,1150529,土地8建物1車位0,全,四層,透天厝,住商用,鋼筋混凝土造,0970305,268.27,6,3,6,有,無,26000000,96917,,0.0,0,其他增建:一樓後方增建至三樓其他增建；,RPTNMLPLOHLGFHB98DA,255.24,0.0,13.03,無,094
潭子區,房地(土地+建物),臺中市潭子區復興路二段１３０號三樓之６號,14.19,住,,,1150520,土地1建物1車位0,三層,六層,華廈(10層含以下有電梯),住家用,鋼筋混凝土造,0680505,76.41,2,2,1,有,無,5450000,71326,,0.0,0,,RPTNMLMJPHLGFHB58DA,76.41,0.0,0.0,有,
潭子區,房地(土地+建物),臺中市潭子區仁愛路二段２１１巷２號,99.84,住,,,1150515,土地2建物1車位0,全,二層,透天厝,住商用,加強磚造,0650310,95.0,4,4,2,有,無,4200000,44211,,0.0,0,親友、員工、共有人或其他特殊關係間之交易；頂樓加蓋；其他增建；,RPVNMLRJPHLGFHB66DA,95.0,0.0,0.0,無,
大雅區,房地(土地+建物)+車位,臺中市大雅區民權街３９巷９號七樓之１,24.9,住,,,1150508,土地1建物1車位1,七層，八層,十四層,住宅大樓(11層含以上有電梯),住家用,鋼筋混凝土造,0821231,179.13,3,3,2,有,有,7600000,42427,坡道平面,0.0,0,陽台外推；,RPPNMLTJPHLGFHB88DA,101.23,17.83,21.56,有,
大里區,房地(土地+建物)+車位,臺中市大里區大里路３２０號十五樓之２,13.97,商,,,1150503,土地1建物1車位1,十五層,二十四層,住宅大樓(11層含以上有電梯),住家用,鋼筋混凝土造,1090302,160.38,3,2,2,有,有,13800000,89272,坡道平面,28.2,2000000,,RPPNMLNJNHLGFIB18DA,72.97,7.91,3.71,有,095
霧峰區,房地(土地+建物),臺中市霧峰區萊園路１５之２號,80.0,商,,,1150523,土地1建物1車位0,全,三層,透天厝,住商用,鋼筋混凝土造,0661231,217.98,3,3,3,有,無,15000000,68814,,0.0,0,頂樓加蓋；其他增建；,RPPNMLNLNHLGFIB38DA,217.98,0.0,0.0,無,
烏日區,房地(土地+建物)+車位,臺中市烏日區中山路三段４１８號十三樓之５,14.86,商,,,1150506,土地1建物1車位1,十三層,十五層,住宅大樓(11層含以上有電梯),住家用,鋼筋混凝土造,1120822,120.84,2,2,1,有,有,10500000,86892,坡道平面,33.2,0,,RPRNMLNLOHLGFIB68DA,53.3,0.0,4.28,有,096
霧峰區,房地(土地+建物),臺中市霧峰區五福路２７８之５號三樓,17.94,,鄉村區,乙種建築用地,1150525,土地2建物1車位0,三層,七層,華廈(10層含以下有電梯),住家用,鋼筋混凝土造,1080826,70.05,2,1,2,有,有,5300000,75660,,0.0,0,陽台外推；,RPROMLLJPHLGFIB48DA,37.12,2.15,4.64,有,097
大里區,房地(土地+建物),臺中市大里區永隆九街１３６巷８號,57.91,住,,,1150531,土地2建物1車位0,全,四層,透天厝,其他,鋼筋混凝土造,0900514,169.09,4,3,3,有,有,17500000,103495,,0.0,0,,RPSOMLQJPHLGFIB09DA,169.09,0.0,0.0,無,
太平區,房地(土地+建物),臺中市太平區中山路一段３２２巷４２弄１９號,87.03,,鄉村區,乙種建築用地,1150509,土地1建物1車位0,全,四層,透天厝,住家用,鋼筋混凝土造,1140808,219.8,4,3,6,有,無,20500000,93267,,0.0,0,其他增建；,RPVOMLQKOHLGFJB86DA,195.36,0.0,24.44,有,
龍井區,房地(土地+建物),臺中市龍井區龍港路５０１巷２８弄８之５號,105.77,住,,,1150509,土地3建物1車位0,全,三層,透天厝,住家用,鋼筋混凝土造,1060703,135.03,4,2,3,有,無,9000000,66652,,0.0,0,其他增建；,RPXNMLQJPHLGFKB07DA,119.07,0.0,15.96,無,098
沙鹿區,土地,福壽段995地號,15.58,工,,,1150518,土地1建物0車位0,,,其他,,,,0.0,0,0,0,無,無,244645,15703,,0.0,0,親友、員工、共有人或其他特殊關係間之交易；,RPPNMLTJPHLGFFB78EA,0.0,0.0,0.0,無,099
南區,房地(土地+建物),臺中市南區復興北路５３７號十一樓,16.21,住,,,1150510,土地2建物1車位0,十一層,十二層,住宅大樓(11層含以上有電梯),住家用,鋼筋混凝土造,0821125,118.19000000000001,4,2,2,有,有,8600000,72764,,0.0,0,,RPQOMLMKOHLGFAB67DA,91.64,0.0,11.4,有,
南區,房地(土地+建物)+車位,臺中市南區文心南路９０１巷３１號９樓,23.93,住,,,1150517,土地2建物1車位1,九層,十四層,住宅大樓(11層含以上有電梯),住家用,鋼筋混凝土造,0880515,207.95999999999998,3,2,2,有,有,13060000,62801,坡道平面,0.0,0,陽台外推；,RPQPMLSJPHLGFAB38DA,115.88,6.81,17.41,有,
北屯區,房地(土地+建物)+車位,臺中市北屯區樹孝路７５６號六樓之２,25.26,住,,,1150507,土地1建物1車位1,六層,十四層,住宅大樓(11層含以上有電梯),住家用,鋼筋混凝土造,1091006,193.26,4,2,2,有,有,19000000,98313,坡道平面,0.0,0,親友、員工、共有人或其他特殊關係間之交易；,RPXOMLSJNHLGFBB88DA,92.62,0.0,9.44,有,100
北屯區,房地(土地+建物)+車位,臺中市北屯區長生一街２９號十樓之２,38.41,商,,,1150512,土地3建物1車位2,十層，十一層,十一層,住宅大樓(11層含以上有電梯),住家用,鋼筋混凝土造,1010222,270.08000000000004,5,2,3,有,有,31000000,114781,坡道平面,65.26,0,,RPPQMLLKNHLGFBB67DA,127.96,1.39,11.45,有,101
北屯區,房地(土地+建物)+車位,臺中市北屯區遼寧路一段１６０巷１８號１１樓,13.63,住,,,1150531,土地2建物1車位1,十一層,十四層,住宅大樓(11層含以上有電梯),住家用,鋼筋混凝土造,0890218,128.39,3,2,2,有,有,12550000,97749,坡道平面,18.4,0,陽台外推；,RPTOMLLJOHLGFBB87DA,70.82,0.0,10.21,有,102
北區,房地(土地+建物),臺中市北區山西路二段１５６號５樓,28.43,住,,,1150511,土地1建物1車位0,五層,七層,華廈(10層含以下有電梯),住家用,鋼筋混凝土造,0831024,161.05,4,2,2,有,有,10980000,68178,,0.0,0,其他增建；,RPTPMLTJOHLGFBB78DA,122.35,0.0,12.37,有,103
北屯區,房地(土地+建物)+車位,臺中市北屯區中清路二段７４２巷８１號七樓,23.04,住,,,1150528,土地1建物1車位1,七層,八層,華廈(10層含以下有電梯),住家用,鋼筋混凝土造,0820716,144.85,3,2,2,有,有,9900000,68347,坡道平面,0.0,0,陽台外推；,RPTOMLPKOHLGFBB38DA,93.39,1.79,14.05,有,
北屯區,房地(土地+建物)+車位,臺中市北屯區松竹五路二段１７７號十一樓之３,17.02,住,,,1150518,土地1建物1車位1,十一層,十四層,住宅大樓(11層含以上有電梯),住家用,鋼筋混凝土造,1020927,153.25,3,2,2,有,有,14500000,94617,坡道平面,23.42,0,,RPWOMLSKOHLGFBB98DA,81.09,0.0,8.86,有,
北屯區,房地(土地+建物)+車位,臺中市北屯區興安路二段４４９號６樓,16.72,住,,,1150512,土地2建物1車位1,六層,十六層,住宅大樓(11層含以上有電梯),住家用,鋼筋混凝土造,0890616,146.65,3,2,2,有,有,12000000,81827,坡道平面,22.5,0,親友、員工、共有人或其他特殊關係間之交易；,RPUPMLPLOHLGFBB68DA,83.3,0.0,11.93,有,
北區,房地(土地+建物)+車位,臺中市北區進化路５１１號十四樓之２,16.36,商,,,1150513,土地1建物1車位1,十四層,二十四層,住宅大樓(11層含以上有電梯),住家用,鋼筋混凝土造,1140116,178.32,4,2,2,有,有,16560000,92867,坡道平面,28.74,0,親友、員工、共有人或其他特殊關係間之交易；,RPPOMLTLOHLGFBB48DA,92.39,0.0,8.68,有,104
西屯區,房地(土地+建物)+車位,臺中市西屯區臺灣大道四段１１５６號三樓之６,12.79,住,,,1150519,土地1建物1車位1,三層,十五層,住宅大樓(11層含以上有電梯),住家用,鋼筋混凝土造,0951113,136.59,2,2,1,有,有,13100000,95907,坡道平面,36.6,0,陽台外推；,RPOPMLLLNHLGFCB67DA,63.24,3.64,5.92,有,
南屯區,房地(土地+建物)+車位,臺中市南屯區三和街１２８之５號八樓之１,20.61,住,,,1150531,土地1建物1車位1,八層,八層,華廈(10層含以下有電梯),住家用,鋼筋混凝土造,0860924,125.74,3,2,2,有,有,12950000,102990,坡道機械,0.0,0,,RPPOMLKMOHLGFCB77DA,76.59,0.0,13.18,有,
西屯區,房地(土地+建物)+車位,臺中市西屯區臺灣大道四段１２１６號七樓之３,15.09,住,,,1150531,土地1建物1車位2,七層,二十六層,住宅大樓(11層含以上有電梯),住家用,鋼筋混凝土造,0980506,225.68,4,2,2,有,有,26800000,118752,坡道機械,31.44,0,其他增建；,RPXOMLKMOHLGFCB58DA,118.75,3.75,13.52,有,
南屯區,房地(土地+建物),臺中市南屯區黎明路二段５３０之２號,24.98,住,,,1150523,土地1建物1車位0,二層,七層,華廈(10層含以下有電梯),住家用,鋼筋混凝土造,0720303,79.77,3,2,1,有,有,7000000,87752,,0.0,0,陽台外推；,RPPOMLLJPHLGFCB67DA,72.53,0.0,7.24,有,
南屯區,房地(土地+建物)+車位,臺中市南屯區黎明東街８０號十三樓,11.82,住,,,1150531,土地1建物1車位1,十三層,十四層,住宅大樓(11層含以上有電梯),住家用,鋼筋混凝土造,0950222,125.50999999999999,3,2,1,有,有,14800000,117919,坡道平面,20.92,0,,RPPPMLRJPHLGFCB38DA,63.7,1.6,10.45,有,
南屯區,房地(土地+建物)+車位,臺中市南屯區文心南三路４０８號八樓之２,26.1,商,,,1150506,土地1建物1車位3,八層,二十五層,住宅大樓(11層含以上有電梯),住家用,鋼筋混凝土造,1031020,376.84,4,2,3,有,有,48800000,129498,坡道平面,93.42,0,,RPQPMLRJPHLGFCB48DA,159.06,9.09,22.02,有,105
南屯區,房地(土地+建物)+車位,臺中市南屯區向上路五段５１號十三樓之９,38.25,住,,,1150522,土地1建物1車位2,十三層,十五層,住宅大樓(11層含以上有電梯),住家用,鋼筋混凝土造,1050826,253.97,4,2,2,有,有,24800000,97649,坡道平面,59.64,0,,RPSNMLSJPHLGFCB58DA,113.34,6.35,11.96,有,106
南屯區,房地(土地+建物)+車位,臺中市南屯區文心南路２２７號九樓之１０,7.23,商,,,1150512,土地1建物1車位1,九層,三十一層,住宅大樓(11層含以上有電梯),辦公用,鋼骨鋼筋混凝土造、鋼筋混凝土造,1130129,123.17000000000002,0,1,1,有,有,12500000,101486,坡道平面,31.62,0,,RPVNMLTJPHLGFCB98DA,52.49,0.0,6.64,有,107
神岡區,房地(土地+建物),臺中市神岡區昌平路五段１２９號,1561.12,農,,,1150520,土地3建物1車位0,全,三層,透天厝,農業用,鋼筋混凝土造,0780807,255.2,7,2,3,有,無,9463530,37083,,0.0,0,親友、員工、共有人或其他特殊關係間之交易；,RPSPMLTKNHLGFDB88DA,217.4,0.0,37.8,無,
神岡區,房地(土地+建物),臺中市神岡區豐社一街３８號,51.91,住,,,1150502,土地1建物1車位0,全,二層,透天厝,住家用,加強磚造,0621014,103.32,2,2,1,有,無,5800000,56136,,0.0,0,其他增建；,RPUNMLQKOHLGFDB68DA,103.32,0.0,0.0,無,108
豐原區,房地(土地+建物),臺中市豐原區明義街４９號,86.84,住,,,1150529,土地1建物1車位0,全,四層,透天厝,住商用,鋼筋混凝土造,0971008,243.14,5,3,3,有,無,20000000,82257,,0.0,0,,RPXNMLRKOHLGFDB09DA,211.55,8.39,23.2,無,109
豐原區,車位,臺中市豐原區豐南街２４０巷２２號等公共設施,0.0,,,,1150519,土地0建物1車位1,,,其他,,,,62.81,0,0,0,無,有,1700000,,坡道平面,62.81,1700000,建物坐落地號：福德段426地號；僅車位交易；,RPSOMLSKOHLGFDB78DA,0.0,0.0,0.0,有,110
后里區,房地(土地+建物),臺中市后里區公安路２６９巷１０號,45.98,農,,,1150528,土地2建物1車位0,全,三層,透天厝,住家用,鋼筋混凝土造,0840527,75.72,4,2,3,有,無,3000000,39620,,0.0,0,親友、員工、共有人或其他特殊關係間之交易；未登記建物；,RPPNMLKKPHLGFDB67DA,71.2,1.05,3.48,無,
大甲區,房地(土地+建物)+車位,臺中市大甲區經國路２４３８巷１３弄２６號,105.85,住,,,1150521,土地1建物1車位1,全,四層,透天厝,住家用,鋼筋混凝土造,0820922,206.69,4,3,3,有,無,6200000,29997,坡道平面,0.0,0,其他增建；,RPSNMLMLOHLGFEB28DA,166.27,2.89,10.71,無,
梧棲區,土地,市鎮南段14地號,251.82,商,,,1150504,土地3建物0車位0,,,其他,,,,0.0,0,0,0,無,無,21200000,84187,,0.0,0,,RPTNMLRKOHLGFFB88DA,0.0,0.0,0.0,無,111
沙鹿區,房地(土地+建物),臺中市沙鹿區北勢東路１５５巷３２號,76.49,住,,,1150519,土地1建物1車位0,全,三層,透天厝,住家用,鋼筋混凝土造,0940518,157.01,4,3,3,有,無,14180000,90313,,0.0,0,,RPUNMLNLOHLGFFB68DA,134.29,2.85,19.87,無,112
大雅區,房地(土地+建物)+車位,臺中市大雅區大林路３１３號七樓之３,24.76,,特定農業區,甲種建築用地,1150515,土地2建物1車位1,七層,十二層,住宅大樓(11層含以上有電梯),住家用,鋼筋混凝土造,1110928,104.0,2,1,1,有,有,11300000,108654,坡道平面,24.73,0,,RPQNMLRKOHLGFHB78DA,46.18,0.0,6.44,有,113
大里區,房地(土地+建物),臺中市大里區甲堤六街１１號,109.98,,鄉村區,乙種建築用地,1150503,土地1建物1車位0,全,四層,透天厝,住家用,鋼筋混凝土造,1070914,222.59,4,3,5,有,無,28000000,125792,,0.0,0,頂樓加蓋；其他增建；,RPTNMLMJOHLGFIB58DA,208.96,0.0,13.63,有,114
霧峰區,土地,霧峰段霧峰小段365-1456地號,5291.0,,山坡地保育區,農牧用地,1150529,土地1建物0車位0,,,其他,,,,0.0,0,0,0,無,無,6400000,1210,,0.0,0,農作物；,RPUOMLMJPHLGFIB88DA,0.0,0.0,0.0,無,
烏日區,房地(土地+建物)+車位,臺中市烏日區高鐵東路３９９號二十一樓之３,10.6,商,,,1150523,土地1建物1車位1,二十一層,二十四層,住宅大樓(11層含以上有電梯),住家用,鋼筋混凝土造,1141215,111.88,2,2,1,有,有,16300000,145692,坡道平面,24.57,0,,RPRNMLSJPHLGFIB09DA,52.12,0.0,4.71,有,115
烏日區,房地(土地+建物),臺中市烏日區新興路３１９巷２１號,29.19,住,,,1150525,土地1建物1車位0,一層,五層,公寓(5樓含以下無電梯),住家用,鋼筋混凝土造,0800117,96.05000000000001,3,2,1,有,無,5880000,61218,,0.0,0,其他增建；,RPTNMLSJPHLGFIB66DA,84.04,0.0,0.0,無,
大里區,房地(土地+建物)+車位,臺中市大里區長春路７８巷３１弄９之６號,19.68,住,,,1150520,土地1建物1車位2,六層,十一層,住宅大樓(11層含以上有電梯),住家用,鋼筋混凝土造,0791201,112.74000000000001,3,2,2,有,有,6900000,61203,坡道機械,0.0,1000000,,RPUNMLTJPHLGFIB86DA,91.62,0.0,5.03,有,
太平區,房地(土地+建物),臺中市太平區長安路２３７號,132.67,,鄉村區,乙種建築用地,1150526,土地2建物1車位0,全,二層,透天厝,住家用,加強磚造,0681127,117.93,4,2,2,有,無,11000000,93276,,0.0,0,頂樓加蓋；,RPSNMLRKOHLGFJB56DA,117.93,0.0,0.0,無,
太平區,房地(土地+建物),臺中市太平區新吉路３０號,143.35,住,,,1150504,土地1建物1車位0,全,二層,透天厝,住家用,鋼筋混凝土造,0760112,151.2,4,2,3,有,無,19500000,128968,,0.0,0,其他增建；,RPUNMLTJPHLGFJB96DA,134.95,7.14,9.11,無,
龍井區,房地(土地+建物)+車位,臺中市龍井區新庄街二段３６巷２７號九樓之２,17.46,,鄉村區,乙種建築用地,1150520,土地1建物1車位1,九層,九層,華廈(10層含以下有電梯),住家用,鋼筋混凝土造,1130513,101.47999999999999,2,2,1,有,有,10980000,136321,坡道平面,37.44,2250000,,RPQNMLSLNHLGFKB56DA,38.55,0.0,3.57,有,
大肚區,房地(土地+建物),臺中市大肚區沙田路一段７７４巷８之９號,134.35,住,,,1150522,土地7建物1車位0,全,四層,透天厝,住家用,鋼筋混凝土造,1131122,299.23,5,2,7,有,無,20100000,67172,,0.0,0,,RPRNMLPJOHLGFKB88DA,272.17,0.0,27.06,有,
龍井區,房地(土地+建物),臺中市龍井區新興路５９巷１號五樓之十八,8.56,,鄉村區,乙種建築用地,1150515,土地1建物1車位0,五層,八層,華廈(10層含以下有電梯),住家用,鋼筋混凝土造,0820731,29.659999999999997,1,0,1,有,有,1720000,57991,,0.0,0,,RPRNMLSJPHLGFKB66DA,15.0,0.0,2.88,有,116
西區,房地(土地+建物),臺中市西區公益路３４９號９樓之９,6.04,住,,,1150523,土地1建物1車位0,九層,十六層,住宅大樓(11層含以上有電梯),住家用,鋼筋混凝土造,0830825,75.4,2,2,2,有,有,7000000,92838,,0.0,0,其他增建；,RPTNMLNLNHLGFAB97DA,49.01,2.1,1.88,有,
西區,房地(土地+建物)+車位,臺中市西區大忠街１４號八樓,23.62,住,,,1150508,土地1建物1車位1,八層，九層,十四層,住宅大樓(11層含以上有電梯),住家用,鋼筋混凝土造,0770507,196.66,5,2,3,有,有,15600000,79325,坡道平面,0.0,0,其他增建；,RPVNMLSJOHLGFAB58DA,154.34,0.0,17.7,有,
南區,房地(土地+建物),臺中市南區仁義街１２６號,59.0,住,,,1150513,土地1建物1車位0,全,二層,透天厝,住家用,鐵筋加強磚,0630628,83.08,3,2,2,有,無,12380000,149013,,0.0,0,頂樓加蓋；其他增建；,RPXNMLSJOHLGFAB78DA,83.08,0.0,0.0,無,
南區,房地(土地+建物),臺中市南區復興路２段１１３號３樓之１,10.72,商,,,1150511,土地2建物1車位0,三層,十二層,住宅大樓(11層含以上有電梯),住家用,鋼筋混凝土造,0710918,80.66,3,2,1,有,有,5450000,67568,,0.0,0,,RPUOMLSJOHLGFAB58DA,63.95,0.0,3.15,有,117
南區,房地(土地+建物),臺中市南區復興路一段２０７巷６０號３樓之２,15.09,住,,,1150525,土地4建物1車位0,三層,十二層,住宅大樓(11層含以上有電梯),住家用,鋼筋混凝土造,0851004,87.72,3,2,2,有,有,6600000,75239,,0.0,0,,RPWPMLLJPHLGFAB28DA,67.6,1.41,3.32,有,
東區,房地(土地+建物)+車位,臺中市東區六順路２８號四樓之３,28.12,住,,,1150523,土地1建物1車位2,四層,十四層,住宅大樓(11層含以上有電梯),住家用,鋼筋混凝土造,1050719,189.76999999999998,3,2,2,有,有,14851400,78260,坡道平面,57.87,0,,RPROMLTJPHLGFAB48DA,76.27,0.0,12.29,有,
北屯區,房地(土地+建物)+車位,臺中市北屯區詔安街８８號八樓之１５,21.87,住,,,1150503,土地1建物1車位1,八層,十五層,住宅大樓(11層含以上有電梯),住家用,鋼筋混凝土造,1131228,133.34,2,2,2,有,有,17500000,131243,坡道平面,29.43,0,,RPQPMLLLNHLGFBB77DA,63.25,0.0,3.26,有,118
北屯區,房地(土地+建物)+車位,臺中市北屯區環太東路５１８號三樓之１３,14.26,住,,,1150505,土地1建物1車位1,三層,十五層,住宅大樓(11層含以上有電梯),住家用,鋼筋混凝土造,1110425,94.4,1,2,1,有,有,8570000,90784,坡道平面,24.59,0,,RPRQMLMLOHLGFBB18DA,41.49,0.0,4.9,有,119
北區,房地(土地+建物)+車位,臺中市北區華富街９４巷６號４樓之１,29.21,商,,,1150512,土地2建物1車位1,四層,八層,華廈(10層含以下有電梯),住家用,鋼筋混凝土造,0870416,198.74,4,2,2,有,有,14080000,70846,坡道機械,0.0,0,,RPSPNLMLOHLGFBB28DA,138.21,0.0,9.06,有,120
北區,房地(土地+建物)+車位,臺中市北區三民路三段３０２號八樓之６,13.56,住,,,1150531,土地4建物1車位1,八層,二十四層,住宅大樓(11層含以上有電梯),住家用,鋼筋混凝土造,1111028,159.04000000000002,3,2,2,有,有,17080000,107394,坡道平面,41.25,0,,RPOOMLKMOHLGFBB57DA,71.05,0.0,7.32,有,121
北屯區,土地,大富段204-20地號,630.06,農,,,1150526,土地1建物0車位0,,,其他,,,,0.0,0,0,0,無,無,2750000,4365,,0.0,0,,RPPNMLKKPHLGFBB47DA,0.0,0.0,0.0,無,
北屯區,房地(土地+建物)+車位,臺中市北屯區太原路三段１２９９號七樓之５,22.75,住,,,1150507,土地1建物1車位2,七層,十五層,住宅大樓(11層含以上有電梯),住家用,鋼筋混凝土造,1101108,225.45,3,2,2,有,有,22500000,99800,坡道平面,74.46,0,,RPRNMLKKPHLGFBB67DA,85.37,3.56,10.89,有,122
西屯區,房地(土地+建物)+車位,臺中市西屯區臺灣大道三段７６３號十五樓之９,5.27,商,,,1150524,土地1建物1車位1,十五層,三十六層,住宅大樓(11層含以上有電梯),住家用,鋼骨造,1141028,105.43,2,2,1,有,有,12500000,118562,坡道平面,30.56,0,,RPXSMLQKOHLGFCB76DA,43.48,0.62,4.96,有,123
西屯區,房地(土地+建物)+車位,臺中市西屯區長安路二段１３１巷１０８號七樓之３,17.63,住,,,1150525,土地1建物1車位1,七層,十二層,住宅大樓(11層含以上有電梯),住家用,鋼筋混凝土造,1021105,122.21000000000001,2,2,2,有,有,13500000,110466,坡道平面,35.97,0,,RPROMLLJPHLGFCB87DA,54.9,1.71,4.06,有,124
西屯區,房地(土地+建物),臺中市西屯區國安一路２０８巷１０號,26.03,住,,,1150531,土地1建物1車位0,一層,十二層,住宅大樓(11層含以上有電梯),商業用,鋼筋混凝土造,0850615,125.78999999999999,0,0,0,無,有,6500000,51673,,0.0,0,親友、員工、共有人或其他特殊關係間之交易；,RPOOMLRJPHLGFCB18DA,71.51,0.62,3.86,有,
南屯區,房地(土地+建物)+車位,臺中市南屯區大墩二街９８號四樓之２,19.22,住,,,1150513,土地1建物1車位1,四層,十二層,住宅大樓(11層含以上有電梯),住家用,鋼筋混凝土造,1091019,120.7,2,2,1,有,有,15270000,126512,坡道平面,30.12,0,,RPVPMLTJPHLGFCB56DA,49.09,2.59,7.57,有,125
豐原區,房地(土地+建物)+車位,臺中市豐原區大明路２３６巷２５號十樓,24.29,住,,,1150524,土地1建物1車位1,十層,十二層,住宅大樓(11層含以上有電梯),住家用,鋼筋混凝土造,1060920,132.16,2,2,2,有,有,12750000,96474,坡道平面,33.02,0,,RPTNMLLJOHLGFDB97DA,53.75,0.0,10.2,有,126
豐原區,房地(土地+建物),臺中市豐原區豐勢路一段２１２巷５號四樓之１,25.79,住,,,1150501,土地1建物1車位0,四層,五層,公寓(5樓含以下無電梯),住家用,鋼筋混凝土造,0770912,101.34,3,2,1,有,有,6680000,65917,,0.0,0,,RPRNMLPKOHLGFDB28DA,76.0,0.0,11.43,無,127
豐原區,房地(土地+建物),臺中市豐原區社皮路１８５巷１１號四樓,18.61,住,,,1150519,土地2建物1車位0,四層,九層,華廈(10層含以下有電梯),住家用,鋼筋混凝土造,0830827,131.2,3,2,2,有,有,8500000,64787,,0.0,0,,RPSNMLSJPHLGFDB68DA,83.75,4.99,11.28,有,
外埔區,土地,下土城段1157地號,712.46,,特定農業區,農牧用地,1150512,土地1建物0車位0,,,其他,,,,0.0,0,0,0,無,無,1508640,2118,,0.0,0,,RPQNMLQLNHLGFEB38DA,0.0,0.0,0.0,無,
外埔區,房地(土地+建物),臺中市外埔區中山路２２３巷３號,94.85,住,,,1150515,土地2建物1車位0,全,三層,透天厝,住家用,鋼筋混凝土造,1140509,151.38,4,3,3,有,有,13850000,91492,,0.0,0,本案拆價內容如下:土地售價為新臺幣4848000元正建物售價為新臺幣9002000元正陽台外推；其他增建；,RPQNMLSKOHLGFEB58DA,135.38,0.0,16.0,無,
外埔區,房地(土地+建物)+車位,臺中市外埔區中山路１９７號五樓之２,26.56,住,,,1150515,土地1建物1車位1,五層,七層,華廈(10層含以下有電梯),住家用,鋼筋混凝土造,1140509,121.57,3,2,2,有,有,9330000,76746,坡道機械,0.0,800000,本案拆價內容如下:土地售價為新臺幣2133000元正建物售價為新臺幣6397000元正,RPRNMLSKOHLGFEB68DA,68.0,0.0,6.83,有,
大安區,土地,安實段246地號,1950.0,,特定農業區,農牧用地,1150523,土地1建物0車位0,,,其他,,,,0.0,0,0,0,無,無,4601064,2360,,0.0,0,,RPQNMLOLOHLGFEB28DA,0.0,0.0,0.0,無,
外埔區,房地(土地+建物),臺中市外埔區中山路２２３巷５號,94.85,住,,,1150530,土地2建物1車位0,全,三層,透天厝,住家用,鋼筋混凝土造,1140509,151.38,4,3,3,有,無,14300000,94464,,0.0,0,本案拆價內容如下土地售價為新台幣5005000元整建物售價為新台幣9295000元整其他增建；,RPQNMLNJPHLGFEB08DA,135.38,0.0,16.0,無,
沙鹿區,房地(土地+建物),臺中市沙鹿區中樂街４７號,82.81,住,,,1150509,土地4建物1車位0,全,四層,透天厝,住家用,鋼筋混凝土造,1021002,185.72,5,2,4,有,有,15200000,81844,,0.0,0,其他增建；,RPOWMLQKOHLGFFB56DA,143.41,0.0,42.06,無,
沙鹿區,房地(土地+建物),臺中市沙鹿區天仁街２０巷３７弄９號,79.39,住,,,1150531,土地1建物1車位0,全,二層,透天厝,住商用,加強磚造,0680618,115.36,6,2,2,有,無,5200000,45076,,0.0,0,頂樓加蓋；其他增建；,RPWNMLSKOHLGFFB66DA,115.36,0.0,0.0,無,
梧棲區,房地(土地+建物)+車位,臺中市梧棲區中華路二段３９１號十樓之１,23.82,住,,,1150526,土地1建物1車位1,十層,十四層,住宅大樓(11層含以上有電梯),住家用,鋼筋混凝土造,1140730,140.92000000000002,3,2,2,有,有,9300000,65995,坡道平面,29.99,0,,RPSNMLQLOHLGFFB78DA,66.43,0.0,7.91,有,128
梧棲區,房地(土地+建物)+車位,臺中市梧棲區八德路８５號十樓之６,10.75,商,,,1150528,土地1建物1車位1,十層,十五層,住宅大樓(11層含以上有電梯),住家用,鋼筋混凝土造,1121104,117.62,2,2,1,有,有,6780000,57643,坡道平面,26.54,0,,RPSNMLNJPHLGFFB38DA,52.13,0.0,9.87,有,129
潭子區,房地(土地+建物)+車位,臺中市潭子區中山路一段１巷５６弄９號十二樓,32.95,住,,,1150505,土地1建物1車位1,十二層，十三層,十三層,住宅大樓(11層含以上有電梯),住家用,鋼筋混凝土造,0840110,225.66,5,2,2,有,有,11500000,50962,坡道平面,0.0,0,,RPQNMLSKOHLGFHB88DA,142.57,23.43,10.82,有,
烏日區,房地(土地+建物)+車位,臺中市烏日區環河北路２１６號十四樓之２,18.68,住,,,1150514,土地1建物1車位1,十四層,十五層,住宅大樓(11層含以上有電梯),住家用,鋼筋混凝土造,1080812,161.97,3,2,2,有,有,18000000,111132,坡道平面,38.26,0,,RPQPMLPKOHLGFIB88DA,75.09,0.0,8.1,有,130
烏日區,房地(土地+建物)+車位,臺中市烏日區三榮路一段３８１號八樓之１,21.27,住,,,1150531,土地1建物1車位1,八層,十二層,住宅大樓(11層含以上有電梯),住家用,鋼筋混凝土造,1021118,121.21000000000001,2,2,1,有,有,11000000,90752,坡道平面,31.54,0,,RPVNMLPLOHLGFIB66DA,52.13,1.5,9.44,有,131
大里區,房地(土地+建物),臺中市大里區福大路２４巷８１號,82.75,,鄉村區,乙種建築用地,1150507,土地1建物1車位0,全,二層,透天厝,住家用,加強磚造,0630730,110.84,3,2,2,有,無,7880000,71093,,0.0,0,頂樓加蓋；其他增建；,RPPOMLLJPHLGFIB28DA,110.84,0.0,0.0,無,
太平區,房地(土地+建物),臺中市太平區樹孝路６７巷２弄８號七樓,18.83,住,,,1150517,土地2建物1車位0,七層,七層,華廈(10層含以下有電梯),住家用,鋼筋混凝土造,0810630,90.75,3,2,1,有,有,5250000,57851,,0.0,0,陽台外推；其他增建；,RPPNMLRKNHLGFJB78DA,61.45,0.0,7.62,有,
龍井區,房地(土地+建物),臺中市龍井區新興路５９巷１號五樓之十九,8.56,,鄉村區,乙種建築用地,1150514,土地1建物1車位0,五層,八層,華廈(10層含以下有電梯),住家用,鋼筋混凝土造,0820731,29.659999999999997,1,0,1,有,有,1720000,57991,,0.0,0,,RPVNMLTLOHLGFKB27DA,15.0,0.0,2.88,有,132
龍井區,房地(土地+建物),臺中市龍井區藝術北街１７８巷３２號,65.87,住,,,1150518,土地1建物1車位0,全,二層,透天厝,住商用,加強磚造,0691200,110.58,5,2,3,有,無,6800000,61494,,0.0,0,其他增建；,RPUNMLRJPHLGFKB86DA,110.58,0.0,0.0,無,133
東勢區,土地,福興段656地號,19.82,,鄉村區,乙種建築用地,1150527,土地1建物0車位0,,,其他,,,,0.0,0,0,0,無,無,118651,5986,,0.0,0,地清或未辦繼承標售；,RPPNMLPKPHLGFGB58EA,0.0,0.0,0.0,無,134
西區,房地(土地+建物),臺中市西區模範街１８巷９號三樓,28.82,住,,,1150506,土地1建物1車位0,三層,五層,公寓(5樓含以下無電梯),住家用,鋼筋混凝土造,0720623,81.89,3,2,1,有,無,6680000,81573,,0.0,0,,RPUPMLSJNHLGFAB58DA,75.23,0.0,6.66,無,
東區,土地,東勢子段1-1地號,157.0,,,,1150518,土地2建物0車位0,,,其他,,,,0.0,0,0,0,無,無,12333474,78557,,0.0,0,包含公共設施保留地用地；,RPXNNLQLOHLGFAB88DA,0.0,0.0,0.0,無,
西區,土地,科博段1323地號,22.03,,,,1150518,土地1建物0車位0,,,其他,,,,0.0,0,0,0,無,無,2696142,122385,,0.0,0,包含公共設施保留地用地；,RPQONLQLOHLGFAB28DA,0.0,0.0,0.0,無,135
東區,房地(土地+建物),臺中市東區自由路三段４１號３樓,6.63,住,,,1150520,土地1建物1車位0,三層,十二層,住宅大樓(11層含以上有電梯),住家用,鋼筋混凝土造,0880210,61.74,1,1,1,有,有,3120000,50534,,0.0,0,,RPRNNLTLOHLGFAB58DA,41.78,0.0,4.06,有,
東區,房地(土地+建物),臺中市東區自由路三段４３號３樓,15.44,住,,,1150520,土地1建物1車位0,三層,十二層,住宅大樓(11層含以上有電梯),住家用,鋼筋混凝土造,0880210,144.24,3,2,2,有,有,7280000,50471,,0.0,0,,RPSNNLTLOHLGFAB68DA,95.12,0.0,11.96,有,
東區,房地(土地+建物),臺中市東區自由路三段３９號３樓,15.71,住,,,1150520,土地1建物1車位0,三層,十二層,住宅大樓(11層含以上有電梯),住家用,鋼筋混凝土造,0880210,146.46,3,2,2,有,有,7400000,50526,,0.0,0,,RPTNNLTLOHLGFAB78DA,104.22,0.0,4.53,有,
南區,房地(土地+建物)+車位,臺中市南區建國南路一段２２６號三樓之三,15.8,住,,,1150505,土地1建物1車位1,三層,十五層,住宅大樓(11層含以上有電梯),住家用,鋼筋混凝土造,1020625,151.56,3,2,2,有,有,15500000,102270,坡道平面,24.05,0,,RPROMLKKPHLGFAB67DA,74.23,5.96,7.39,有,136
北屯區,土地,仁和段887地號,54.0,住,,,1150508,土地2建物0車位0,,,其他,,,,0.0,2,2,1,有,無,9800000,181481,,0.0,0,未登記建物；,RPOPMLTLNHLGFBB38DA,0.0,0.0,0.0,無,
北屯區,房地(土地+建物)+車位,臺中市北屯區敦富六街１８８號十五樓之５,21.87,住,,,1150530,土地1建物1車位1,十五層,十五層,住宅大樓(11層含以上有電梯),住家用,鋼筋混凝土造,1140611,167.01999999999998,3,2,2,有,有,22550000,135014,坡道平面,24.79,0,,RPVOMLMJOHLGFBB18DA,84.2,0.0,10.32,有,137
北屯區,房地(土地+建物)+車位,臺中市北屯區熱河路二段２１５號４樓,15.71,商,,,1150527,土地1建物1車位1,四層,十層,華廈(10層含以下有電梯),住家用,鋼筋混凝土造,0820908,144.0,3,2,2,有,有,11050000,76736,坡道平面,0.0,0,陽台外推；,RPXPMLMLOHLGFBB68DA,88.17,0.0,13.35,有,138
北屯區,房地(土地+建物)+車位,臺中市北屯區建和路一段４３０號九樓之５,17.28,住,,,1150524,土地1建物1車位1,九層,十四層,住宅大樓(11層含以上有電梯),住家用,鋼筋混凝土造,1030923,119.64,2,2,1,有,有,11000000,91942,坡道機械,15.35,0,,RPWNMLOLOHLGFBB58DA,59.79,2.42,7.57,有,
北屯區,土地,松竹段580-1地號,2.91,,,,1150518,土地1建物0車位0,,,其他,,,,0.0,0,0,0,無,無,295464,101534,,0.0,0,包含公共設施保留地用地；,RPVPMLQLOHLGFBB88DA,0.0,0.0,0.0,無,139
北屯區,房地(土地+建物)+車位,臺中市北屯區南興北一路１１６號十六樓之７,22.14,住,,,1150515,土地1建物1車位1,十六層,十七層,住宅大樓(11層含以上有電梯),住家用,鋼筋混凝土造,1150205,172.06,3,2,2,有,有,25300000,166171,坡道平面,34.25,2400000,,RPPNMLNJPHLGFBB67DA,80.84,0.0,9.43,有,
北屯區,房地(土地+建物)+車位,臺中市北屯區建和路二段３０５號十三樓之２,15.93,商,,,1150504,土地1建物1車位1,十三層,十五層,住宅大樓(11層含以上有電梯),住家用,鋼筋混凝土造,1090916,156.41,3,2,2,有,有,16300000,104213,坡道平面,0.0,0,,RPWOMLRJPHLGFBB88DA,75.28,2.08,9.6,有,140
北屯區,房地(土地+建物),臺中市北屯區文心路四段８２１號１９樓之１３,3.32,商,,,1150523,土地1建物1車位0,十九層,二十四層,住宅大樓(11層含以上有電梯),住家用,鋼筋混凝土造,0850627,61.290000000000006,2,1,1,有,有,5700000,93000,,0.0,0,,RPOQMLTJPHLGFBB48DA,36.06,1.3,2.99,有,
北屯區,建物,臺中市北屯區南興北一路１１２號,0.0,,,,1150510,土地0建物1車位2,一層，二層,十七層,住宅大樓(11層含以上有電梯),商業用,鋼筋混凝土造,1150205,297.15,0,0,0,無,有,26000000,97966,坡道平面,68.5,3600000,建物坐落地號：溝背段143地號；,RPWNMLKKPHLGFBB18DA,168.36,0.0,14.44,有,
北屯區,房地(土地+建物)+車位,臺中市北屯區太原路三段５６０號７樓,12.0,住,,,1150529,土地1建物1車位1,七層,十四層,住宅大樓(11層含以上有電梯),住家用,鋼筋混凝土造,0840409,126.97,3,2,2,有,有,7700000,60644,坡道機械,0.0,0,,RPSOMLKKPHLGFBB87DA,78.11,1.39,10.84,有,
西屯區,房地(土地+建物)+車位,臺中市西屯區西屯路二段２３６號十七樓之９,19.38,住,,,1150517,土地4建物1車位1,十七層,二十二層,住宅大樓(11層含以上有電梯),住家用,鋼筋混凝土造,1080627,190.32,2,2,2,有,有,28300000,176773,坡道平面,40.41,1800000,其他增建；,RPWNMLKLNHLGFCB18DA,87.35,2.84,9.03,有,141
西屯區,房地(土地+建物)+車位,臺中市西屯區市政北七路１０１號十八樓之１,16.71,都市：其他:第六種新市政中心專用區,,,1150524,土地1建物1車位2,十八層,二十一層,住宅大樓(11層含以上有電梯),住家用,鋼筋混凝土造,0970724,244.61,4,2,2,有,有,31500000,128776,坡道平面,36.37,0,陽台外推；,RPOSMLNLOHLGFCB28DA,123.49,2.2,13.34,有,
南屯區,土地,春安段524-6地號,14.0,都市：其他:道路用地,,,1150518,土地1建物0車位0,,,其他,,,,0.0,0,0,0,無,無,1653120,118080,,0.0,0,包含公共設施保留地用地；,RPQPMLQLOHLGFCB48DA,0.0,0.0,0.0,無,142
西屯區,房地(土地+建物)+車位,臺中市西屯區青海路二段３５０號十二樓,11.53,住,,,1150531,土地1建物1車位1,十二層,十四層,住宅大樓(11層含以上有電梯),住家用,ＲＣ造,0940126,121.18,2,2,1,有,有,14650000,120895,坡道平面,0.0,0,陽台外推；,RPXNMLKMOHLGFCB48DA,59.89,1.36,8.33,有,143
南屯區,房地(土地+建物)+車位,臺中市南屯區大進街５３６之１７號十一樓,12.56,住,,,1150520,土地1建物1車位1,十一層,十四層,住宅大樓(11層含以上有電梯),住家用,鋼筋混凝土造,0830616,127.35,3,2,2,有,有,12710000,99804,坡道機械,0.0,0,陽台外推；,RPQRMLMJPHLGFCB18DA,87.69,1.48,9.45,有,
南屯區,房地(土地+建物),臺中市南屯區干城街１１６巷１０弄１１號,62.0,住,,,1150527,土地1建物1車位0,全,二層,透天厝,住家用,加強磚造,0640806,76.5,3,2,2,有,無,16000000,209150,,0.0,0,其他增建；,RPTNMLNJPHLGFCB18DA,76.5,0.0,0.0,無,
南屯區,房地(土地+建物)+車位,臺中市南屯區文心路一段１號十一樓之６,12.4,商,,,1150522,土地1建物1車位1,十一層,二十四層,住宅大樓(11層含以上有電梯),住家用,鋼筋混凝土造,1120419,171.6,3,2,2,有,有,25200000,146853,坡道平面,29.46,0,,RPVNMLQJPHLGFCB68DA,82.51,4.6,7.22,有,144
西屯區,房地(土地+建物),臺中市西屯區西屯路三段１５５之９號,151.79,住,,,1150519,土地2建物1車位0,全,三層,透天厝,住商用,鋼筋混凝土造,0771015,312.8,4,3,5,有,無,21500000,68734,,0.0,0,親友、員工、共有人或其他特殊關係間之交易；,RPUNMLNKPHLGFCB38DA,312.8,0.0,0.0,無,
南屯區,房地(土地+建物)+車位,臺中市南屯區楓樹西街１８９號二樓之８,40.05,住,,,1150527,土地3建物1車位2,二層,十四層,住宅大樓(11層含以上有電梯),住家用,鋼筋混凝土造,1120828,253.43,4,2,2,有,有,31500000,143294,坡道平面,53.84,2900000,車位B2F-123-1號增購日期為：115年6月25日，金額為100萬元整。親友、員工、共有人或其他特殊關係間之交易；,RPTNMLOKPHLGFCB38DA,102.71,0.0,29.35,有,
神岡區,房地(土地+建物),臺中市神岡區神林路７０巷１３之３１號,83.1,農,,,1150501,土地2建物1車位0,全,四層,透天厝,住家用,鋼筋混凝土造,1130417,191.55,4,2,4,有,無,18200000,95014,,0.0,0,,RPWNMLSLNHLGFDB09DA,181.35,0.0,9.58,無,145
后里區,房地(土地+建物),臺中市后里區甲后路三段２００巷４１號,100.15,,鄉村區,乙種建築用地,1150530,土地1建物1車位0,全,二層,透天厝,住商用,加強磚造,0700317,126.9,4,3,2,有,無,7800000,61466,,0.0,0,頂樓加蓋；其他增建；,RPOOMLTJOHLGFDB38DA,126.9,0.0,0.0,無,
豐原區,房地(土地+建物),臺中市豐原區圓環東路３１２巷３７號,24.01,住,,,1150527,土地1建物1車位0,一層,五層,華廈(10層含以下有電梯),住家用,鋼筋混凝土造,0810108,86.85999999999999,3,2,1,有,有,6500000,74833,,0.0,0,,RPTNMLLJPHLGFDB08DA,53.46,13.36,0.0,有,146
神岡區,土地,社南段120地號,3454.0,農,,,1150529,土地1建物0車位0,,,其他,,,,0.0,0,0,0,無,無,35520000,10284,,0.0,0,,RPWSMLNKPHLGFDB56DA,0.0,0.0,0.0,無,
沙鹿區,土地,公館南段101-2地號,381.59,農,,,1150521,土地1建物0車位0,,,其他,,,,0.0,0,0,0,無,無,6000000,15724,,0.0,0,,RPQNMLLLNHLGFFB97DA,0.0,0.0,0.0,無,
沙鹿區,土地,犁份東段620地號,2592.75,都市：其他:保護區,,,1150516,土地1建物0車位0,,,其他,,,,0.0,0,0,0,無,無,29020000,11193,,0.0,0,,RPOOMLPLOHLGFFB38DA,0.0,0.0,0.0,無,
沙鹿區,房地(土地+建物),臺中市沙鹿區北勢東路７２９號,107.85,住,,,1150520,土地2建物1車位0,全,四層,透天厝,住商用,鋼筋混凝土造,1010529,332.52,10,1,11,有,無,4240000,12751,,0.0,0,,RPXNMLSJPHLGFFB76DA,273.36,0.0,23.95,無,
沙鹿區,房地(土地+建物),臺中市沙鹿區正義路２４６號,96.58,住,,,1150523,土地1建物1車位0,全,三層,透天厝,住家用,鋼筋混凝土造,1140310,177.66,4,2,3,有,有,22000000,123832,,0.0,0,陽台外推；,RPPNMLOKPHLGFFB28DA,160.29,0.0,17.37,無,
大雅區,土地,上楓段1304-26地號,0.6,都市：其他:道路用地,,,1150525,土地1建物0車位0,,,其他,,,,0.0,0,0,0,無,無,57600,0,,0.0,0,協議價購；,RPSNMLPJOHLGFHB68DA,0.0,0.0,0.0,無,147
潭子區,房地(土地+建物)+車位,臺中市潭子區僑興一街１５８號六樓之５,31.83,住,,,1150521,土地1建物1車位1,六層,十五層,住宅大樓(11層含以上有電梯),住家用,鋼筋混凝土造,1131022,185.9,4,2,2,有,有,17600000,94675,坡道平面,26.16,0,,RPWNMLMJPHLGFHB88DA,96.44,0.0,10.43,有,148
大雅區,房地(土地+建物),臺中市大雅區昌平路四段２８２南十三巷２６之２號,92.58,農,,,1150515,土地3建物1車位0,全,四層,透天厝,住家用,鋼筋混凝土造,1140227,206.39,4,3,5,有,有,22200000,107563,,0.0,0,,RPUNMLTJPHLGFHB76DA,188.75,0.0,17.64,無,
太平區,房地(土地+建物)+車位,臺中市太平區育賢路３２９號十五樓之５,17.22,商,,,1150512,土地1建物1車位1,十五層,十五層,住宅大樓(11層含以上有電梯),住家用,鋼筋混凝土造,1040901,179.65,3,2,2,有,有,17800000,99082,坡道平面,23.17,0,其他增建；,RPRNMLRLNHLGFJB09DA,92.82,3.18,11.89,有,
太平區,房地(土地+建物),臺中市太平區大興三街３９號,96.26,,鄉村區,乙種建築用地,1150517,土地1建物1車位0,全,四層,透天厝,住家用,鋼筋混凝土造,1041026,239.37,5,2,4,有,無,23750000,99219,,0.0,0,其他增建；,RPUNMLNJOHLGFJB88DA,219.05,0.0,20.32,有,149
太平區,房地(土地+建物),臺中市太平區大興五街５０巷６號,82.47,,鄉村區,乙種建築用地,1150530,土地1建物1車位0,全,二層,透天厝,住家用,加強磚造,0680113,91.0,4,2,4,有,無,10600000,116484,,0.0,0,其他增建；,RPPNMLTJOHLGFJB98DA,91.0,0.0,0.0,無,150
太平區,房地(土地+建物)+車位,臺中市太平區環中東路三段６６６號十一樓之７,25.18,住,,,1150521,土地1建物1車位2,十一層,十四層,住宅大樓(11層含以上有電梯),住家用,鋼筋混凝土造,1120522,182.84,3,2,2,有,有,15880000,86852,坡道平面,59.92,0,,RPRNMLRKOHLGFJB09DA,72.48,0.0,9.49,有,151
太平區,房地(土地+建物)+車位,臺中市太平區立文街１５７號三樓之２,16.98,商,,,1150507,土地1建物1車位1,三層,十五層,住宅大樓(11層含以上有電梯),住家用,鋼筋混凝土造,1060330,176.95,3,2,2,有,有,15800000,89291,坡道平面,31.1,0,,RPSNMLTLOHLGFJB86DA,85.78,4.27,8.41,有,152
龍井區,房地(土地+建物)+車位,臺中市龍井區遊園北路１０８號十五樓之３,31.8,住,,,1150524,土地1建物1車位1,十五層,十五層,住宅大樓(11層含以上有電梯),住家用,鋼筋混凝土造,1121102,141.94,3,2,2,有,有,17660000,124419,坡道平面,23.65,0,,RPPNMLKKPHLGFKB38DA,74.57,0.0,3.28,有,153
南區,土地,正義段九小段10-3地號,19.0,都市：其他:道路用地,,,1150518,土地1建物0車位0,,,其他,,,,0.0,0,0,0,無,無,2574595,135505,,0.0,0,包含公共設施保留地用地；,RPPNMLKKPHLGFAB47EA,0.0,0.0,0.0,無,154
南屯區,土地,永定段292地號,51.03,住,,,1150518,土地1建物0車位0,,,其他,,,,0.0,0,0,0,無,無,7113982,139408,,0.0,0,包含公共設施保留地用地；,RPPNMLKKPHLGFCB67EA,0.0,0.0,0.0,無,155
南區,房地(土地+建物)+車位,臺中市南區工學一街１６９號１１樓之３,13.56,住,,,1150519,土地1建物1車位1,十一層,十二層,住宅大樓(11層含以上有電梯),住家用,鋼筋混凝土造,0870930,92.56,2,1,1,有,有,7000000,75627,坡道機械,12.52,0,,RPVNMLNKPHLGFAB28DA,58.33,0.0,4.48,有,156
北屯區,房地(土地+建物)+車位,臺中市北屯區軍福十五路３１８號十二樓之７,20.37,商,,,1150502,土地1建物1車位1,十二層,十五層,住宅大樓(11層含以上有電梯),住家用,鋼筋混凝土造,1070907,189.39,4,2,2,有,有,15080000,87267,坡道平面,32.63,1400000,,RPRNMLMJNHLGFBB57DA,98.58,0.0,6.99,有,157
北屯區,房地(土地+建物),臺中市北屯區遼寧路一段８之５號５樓,16.01,住,,,1150512,土地2建物1車位0,五層,九層,華廈(10層含以下有電梯),住家用,鋼筋混凝土造,0850618,92.5,3,2,1,有,有,7460000,80649,,0.0,0,,RPTOMLNLOHLGFBB28DA,63.76,1.02,7.92,有,158
北屯區,房地(土地+建物)+車位,臺中市北屯區興安路一段３０號６樓之１３　,22.29,住,,,1150513,土地1建物1車位1,六層,九層,華廈(10層含以下有電梯),住家用,鋼筋混凝土造,0880309,162.29000000000002,3,2,2,有,有,14720000,90702,坡道平面,0.0,0,親友、員工、共有人或其他特殊關係間之交易；,RPUPMLQLOHLGFBB78DA,89.18,0.0,12.05,有,
北屯區,房地(土地+建物)+車位,臺中市北屯區東光路８５２巷２號１４樓,11.25,住,,,1150512,土地1建物1車位1,十四層,十四層,住宅大樓(11層含以上有電梯),住家用,鋼筋混凝土造,0810918,135.96,3,2,2,有,有,8800000,64725,坡道機械,0.0,0,陽台外推；其他增建；,RPPQMLKMOHLGFBB87DA,105.0,0.0,13.22,有,159
北屯區,房地(土地+建物)+車位,臺中市北屯區敦富六街１８６號十四樓之７,25.96,住,,,1150504,土地1建物1車位2,十四層,十五層,住宅大樓(11層含以上有電梯),住家用,鋼筋混凝土造,1140611,216.61,3,2,2,有,有,26600000,122801,坡道平面,47.65,0,,RPWOMLMJPHLGFBB38DA,101.25,0.0,11.07,有,
北屯區,房地(土地+建物),臺中市北屯區環太東路６７２號,76.87,住,,,1150531,土地2建物1車位0,全,四層,透天厝,住家用,鋼筋混凝土造,1030224,174.21,4,3,3,有,無,23200000,133173,,0.0,0,,RPROMLKKPHLGFBB77DA,161.4,0.0,12.81,無,
西屯區,房地(土地+建物)+車位,臺中市西屯區市政路１０５號十一樓之５,18.7,商,,,1150530,土地1建物1車位2,十一層,十九層,住宅大樓(11層含以上有電梯),住家用,鋼筋混凝土造,0970926,209.64999999999998,3,2,2,有,有,28100000,138631,坡道機械,21.38,2000000,,RPQNMLKMNHLGFCB67DA,111.72,2.17,12.55,有,
西屯區,房地(土地+建物)+車位,臺中市西屯區永福路６０號十樓之１２,16.06,住,,,1150524,土地2建物1車位1,十層,十六層,住宅大樓(11層含以上有電梯),住家用,鋼筋混凝土造,0830106,150.13,3,2,2,有,有,12010000,79997,坡道機械,0.0,0,,RPTNMLLKOHLGFCB97DA,114.91,0.0,5.21,有,
南屯區,房地(土地+建物)+車位,臺中市南屯區忠勇路５２之２１３號六樓,11.38,住,,,1150503,土地1建物1車位1,六層,十四層,住宅大樓(11層含以上有電梯),住家用,鋼筋混凝土造,1021017,112.00999999999999,2,2,1,有,有,10700000,95527,坡道機械,12.15,0,,RPWNMLSKOHLGFCB98DA,60.62,0.64,8.23,有,
南屯區,房地(土地+建物)+車位,臺中市南屯區忠勇路５２之１９８號八樓,18.02,住,,,1150531,土地1建物1車位1,八層,十四層,住宅大樓(11層含以上有電梯),住家用,鋼筋混凝土造,1021017,181.83,4,2,2,有,有,16900000,92944,坡道平面,21.95,0,陽台外推；,RPUNMLQLOHLGFCB68DA,98.47,1.96,10.86,有,
西屯區,房地(土地+建物)+車位,臺中市西屯區臺灣大道二段７１６號五樓之３,37.64,住,,,1150513,土地2建物1車位2,五層,十九層,住宅大樓(11層含以上有電梯),住家用,鋼筋混凝土造,1070619,271.43,3,2,2,有,有,37230000,137162,坡道平面,59.5,0,,RPOSMLQJPHLGFCB48DA,114.96,6.5,16.84,有,160
西屯區,房地(土地+建物)+車位,臺中市西屯區臺灣大道二段８８８號十一樓之９,7.88,住,,,1150510,土地2建物1車位1,十一層,十四層,住宅大樓(11層含以上有電梯),住家用,鋼筋混凝土造,0951124,88.43,1,1,1,有,有,9800000,110822,坡道平面,18.76,0,陽台外推；,RPUNMLMKPHLGFCB28DA,41.07,0.0,7.0,有,161
豐原區,房地(土地+建物),臺中市豐原區北陽路１９０巷９號,165.4,住,,,1150521,土地6建物1車位0,全,二層,透天厝,住家用,加強磚造,0770912,167.0,4,3,3,有,無,20000000,119760,,0.0,0,其他增建；,RPPNMLLLNHLGFDB67DA,162.86,0.0,4.14,無,
豐原區,房地(土地+建物),臺中市豐原區向陽路７５巷１８號,110.0,商,,,1150507,土地3建物1車位0,全,二層,透天厝,住家用,加強磚造,0750412,125.89,4,3,3,有,無,11000000,87378,,0.0,0,頂樓加蓋；,RPRNMLTJOHLGFDB58DA,120.73,0.0,5.16,無,
豐原區,房地(土地+建物),臺中市豐原區豐原大道一段２７０巷５號,153.72,住,,,1150515,土地1建物1車位0,全,四層,透天厝,住家用,鋼筋混凝土造,0921120,296.16,5,4,3,有,無,34500000,116491,,0.0,0,陽台外推；其他增建；,RPPNMLKKOHLGFDB57DA,270.17,0.0,25.99,有,
豐原區,房地(土地+建物),臺中市豐原區水源路７１巷５７號,107.25,住,,,1150516,土地3建物1車位0,全,三層,透天厝,住家用,鋼筋混凝土造,0810730,143.39,3,2,3,有,無,12000000,83688,,0.0,0,親友、員工、共有人或其他特殊關係間之交易；其他增建；,RPQRNLNKPHLGFDB58DA,138.22,1.78,3.39,無,
東勢區,房地(土地+建物)+車位,臺中市東勢區文新二街３１號十樓之５,35.25,住,,,1150527,土地1建物1車位2,十層,十四層,住宅大樓(11層含以上有電梯),住家用,鋼筋混凝土造,1140417,182.59,3,2,2,有,有,12000000,65721,坡道平面,64.46,0,,RPSNMLQJPHLGFGB78DA,71.8,0.0,7.63,有,162
潭子區,房地(土地+建物)+車位,臺中市潭子區僑興一街２１８號九樓之２,26.93,住,,,1150529,土地1建物1車位1,九層,十五層,住宅大樓(11層含以上有電梯),住家用,鋼筋混凝土造,1140604,162.55,3,2,2,有,有,15000000,92279,坡道平面,28.17,0,,RPUNMLRKOHLGFHB56DA,79.82,0.0,9.78,有,163
潭子區,房地(土地+建物),臺中市潭子區潭興路二段１６９巷４８號,57.45,住,,,1150501,土地1建物1車位0,全,二層,透天厝,住家用,加強磚造,0640110,73.3,5,2,2,有,無,7300000,99591,,0.0,0,陽台外推；頂樓加蓋；,RPUNMLQLOHLGFHB56DA,73.3,0.0,0.0,無,164
大雅區,土地,山德段813地號,698.34,農,,,1150508,土地1建物0車位0,,,其他,,,,0.0,0,0,0,無,無,41580000,59541,,0.0,0,未登記建物；,RPRNMLNJPHLGFHB48DA,0.0,0.0,0.0,無,
潭子區,房地(土地+建物)+車位,臺中市潭子區中山路一段１５巷６號五樓之１,10.69,住,,,1150502,土地1建物1車位1,五層,十四層,住宅大樓(11層含以上有電梯),住家用,鋼筋混凝土造,0970225,110.58,2,2,1,有,有,10500000,94954,坡道機械,12.98,0,社區名稱 : 佳茂中山會館陽台外推；,RPPNMLKKPHLGFHB08DA,57.71,0.0,13.17,有,165
烏日區,房地(土地+建物)+車位,臺中市烏日區溪南路一段１２６巷３１８號十二樓之７,47.04,,鄉村區,乙種建築用地,1150531,土地1建物1車位1,十二層,十三層,住宅大樓(11層含以上有電梯),住家用,鋼筋混凝土造,1050713,199.94,3,2,2,有,有,13750000,68771,坡道平面,30.2,0,,RPQOMLMJPHLGFIB48DA,97.02,0.0,18.85,有,166
霧峰區,房地(土地+建物),臺中市霧峰區中正路７６９巷１９號七樓,10.67,商,,,1150524,土地1建物1車位0,七層,十二層,住宅大樓(11層含以上有電梯),住家用,鋼筋混凝土造,0821108,112.46000000000001,3,2,2,有,有,5150000,45794,,0.0,0,,RPPNMLNKPHLGFIB48DA,78.45,0.07,13.38,有,
太平區,房地(土地+建物)+車位,臺中市太平區環中東路三段６６６號十四樓之１,14.09,住,,,1150519,土地1建物1車位1,十四層,十四層,住宅大樓(11層含以上有電梯),住家用,鋼筋混凝土造,1120522,96.56,2,2,1,有,有,10500000,133198,坡道平面,27.49,1300000,,RPXPMLPLNHLGFJB07DA,42.27,0.0,3.72,有,167
太平區,房地(土地+建物),臺中市太平區坪林路６０之５號,98.64,,鄉村區,乙種建築用地,1150502,土地1建物1車位0,全,三層,透天厝,其他,鋼筋混凝土造,0870311,156.44,5,1,3,有,無,10360000,66223,,0.0,0,其他增建；,RPQNMLPLOHLGFJB88DA,140.87,0.0,15.57,無,
太平區,土地,黃竹段216地號,3484.74,,山坡地保育區,農牧用地,1150531,土地1建物0車位0,,,其他,,,,0.0,0,0,0,無,無,2500000,717,,0.0,0,親友、員工、共有人或其他特殊關係間之交易；農作物；,RPPNMLKKPHLGFJB28DA,0.0,0.0,0.0,無,
龍井區,房地(土地+建物)+車位,臺中市龍井區新仁路２２巷３７號四樓,25.06,,鄉村區,乙種建築用地,1150518,土地1建物1車位1,四層,八層,華廈(10層含以下有電梯),住家用,鋼筋混凝土造,1080402,123.86000000000001,2,2,1,有,有,9800000,79122,坡道機械,25.87,0,,RPSNMLKKOHLGFKB58DA,58.58,2.45,5.56,有,168
北區,房地(土地+建物),臺中市北區德化街２７９號五樓,29.3,住,,,1150528,土地1建物1車位0,五層，夾層,五層,華廈(10層含以下有電梯),住家用,ＲＣ造,0720110,100.25,4,1,2,有,有,5500000,54863,,0.0,0,,RPPNMLOKPHLGFBB97EA,92.28,0.0,7.97,有,
西區,房地(土地+建物)+車位,臺中市西區大進街１３２號８樓之１,25.63,住,,,1150529,土地1建物1車位1,八層,十五層,住宅大樓(11層含以上有電梯),住家用,鋼筋混凝土造,0830714,249.18,3,2,2,有,有,19000000,75311,坡道平面,16.81,1500000,陽台外推；其他增建；,RPXOMLTLNHLGFAB09DA,158.18,0.0,22.44,有,
東區,房地(土地+建物),臺中市東區大振街６號,75.63,,,,1150531,土地2建物1車位0,全,三層,透天厝,商業用,見其他登記事項,0610610,147.0,0,0,2,有,無,12050000,81973,,0.0,0,頂樓加蓋；其他增建；,RPTNMLTJOHLGFAB48DA,147.0,0.0,0.0,無,
中區,房地(土地+建物),臺中市中區成功路２４８巷２２號２樓之四,7.03,商,,,1150522,土地4建物1車位0,二層,八層,華廈(10層含以下有電梯),住商用,鋼筋混凝土造,,38.17,1,1,1,有,有,1500000,39298,,0.0,0,,RPROMLPKOHLGFAB08DA,32.14,0.0,0.0,有,
西區,房地(土地+建物),臺中市西區福龍街３９號五樓之七,4.25,商,,,1150501,土地2建物1車位0,五層,七層,華廈(10層含以下有電梯),住家用,鋼筋混凝土造,0831216,37.019999999999996,1,1,1,有,有,2800000,75635,,0.0,0,跨所案件，另有基地為：台中市北區文正段7地號，持分面積1.21陽台外推；預售屋、或土地及建物分件登記案件；,RPQPMLPLOHLGFAB18DA,23.32,0.0,4.75,有,
東區,房地(土地+建物),臺中市東區富榮街２３之７號１０樓,31.52,住,,,1150531,土地1建物1車位0,十層,十六層,住宅大樓(11層含以上有電梯),住家用,鋼筋混凝土造,0890815,159.82,4,2,2,有,有,12000000,75084,,0.0,0,,RPXNMLTJPHLGFAB98DA,101.51,0.0,14.16,有,
中區,房地(土地+建物)+車位,臺中市中區臺灣大道一段１９９巷８號九樓之３,15.13,商,,,1150528,土地1建物1車位1,九層,九層,華廈(10層含以下有電梯),住家用,鋼筋混凝土造,1130731,99.22999999999999,2,2,1,有,有,11500000,115892,坡道機械,21.9,0,,RPOOMLNKPHLGFAB67DA,42.11,0.0,5.36,有,
南區,房地(土地+建物)+車位,臺中市南區文心南路９０１巷７號１５樓之１,11.29,住,,,1150530,土地1建物1車位1,十五層,十七層,住宅大樓(11層含以上有電梯),住家用,鋼筋混凝土造,0860204,152.68,3,2,2,有,有,10800000,70736,坡道機械,0.0,0,陽台外推；,RPQNMLQKPHLGFAB08DA,84.99,0.0,12.89,有,
北屯區,房地(土地+建物)+車位,臺中市北屯區崇德六路１００號六樓之７,17.38,商,,,1150522,土地2建物1車位1,六層,十五層,住宅大樓(11層含以上有電梯),住家用,鋼筋混凝土造,0970930,141.46,3,2,2,有,有,16100000,113813,坡道機械,13.23,0,陽台外推；,RPUPMLNJOHLGFBB28DA,75.83,2.14,10.9,有,
北區,房地(土地+建物)+車位,臺中市北區陝西二街２１之１２號４樓,15.89,住,,,1150529,土地1建物1車位1,四層,九層,華廈(10層含以下有電梯),住家用,鋼筋混凝土造,0821110,120.65,2,2,2,有,有,8450000,70037,坡道平面,0.0,0,,RPRNMLPJOHLGFBB97DA,73.66,0.0,7.13,有,
北屯區,房地(土地+建物)+車位,臺中市北屯區敦富六街１８６號十四樓之１,28.25,住,,,1150522,土地1建物1車位2,十四層,十五層,住宅大樓(11層含以上有電梯),住家用,鋼筋混凝土造,1140611,233.34,4,2,2,有,有,29200000,125139,坡道平面,49.58,0,,RPOQNLMLOHLGFBB97DA,108.31,0.0,13.83,有,
北區,房地(土地+建物)+車位,臺中市北區進化路５１１號二樓之３,13.54,商,,,1150515,土地1建物1車位1,二層,二十四層,住宅大樓(11層含以上有電梯),住家用,鋼筋混凝土造,1140116,153.91,2,2,2,有,有,15500000,100708,坡道平面,28.74,0,,RPRPMLKMOHLGFBB97DA,77.06,0.0,7.39,有,
北屯區,房地(土地+建物)+車位,臺中市北屯區瀋陽路三段５６號,29.05,商,,,1150527,土地1建物1車位1,一層,七層,華廈(10層含以下有電梯),住家用,鋼筋混凝土造,0781220,177.43,4,1,2,有,有,11360000,64025,坡道機械,0.0,0,其他增建；,RPOOMLQJPHLGFBB97DA,133.97,21.11,0.0,有,
北屯區,房地(土地+建物)+車位,臺中市北屯區熱河路二段２號３樓之２,25.81,住,,,1150528,土地1建物1車位1,三層,七層,華廈(10層含以下有電梯),住家用,鋼筋混凝土造,0810723,185.01999999999998,3,2,2,有,有,11580000,62591,坡道平面,0.0,0,其他增建；,RPOPMLSJPHLGFBB28DA,106.53,6.2,6.21,有,
北屯區,房地(土地+建物)+車位,臺中市北屯區文心路四段２８８號三樓之１７,11.13,住,,,1150505,土地1建物1車位1,三層,二十二層,住宅大樓(11層含以上有電梯),住家用,鋼筋混凝土造,1020725,127.00999999999999,2,1,2,有,有,13860000,109125,坡道平面,27.23,0,,RPRPMLOKPHLGFBB28DA,60.56,3.38,3.34,有,
西屯區,房地(土地+建物)+車位,臺中市西屯區臺灣大道三段６８６巷３２號三樓之２,23.23,商,,,1150517,土地1建物1車位1,三層,九層,華廈(10層含以下有電梯),住家用,鋼筋混凝土造,0880116,159.28,3,2,2,有,有,15900000,99824,坡道機械,20.21,0,,RPXNMLPKOHLGFCB78DA,90.53,1.64,12.48,有,
西屯區,房地(土地+建物)+車位,臺中市西屯區逢大路２９號四樓之１,39.18,住,,,1150521,土地1建物1車位1,四層,十一層,住宅大樓(11層含以上有電梯),住家用,鋼筋混凝土造,0940704,187.0,3,2,2,有,有,13000000,69519,坡道平面,0.0,0,,RPSNMLSKOHLGFCB58DA,102.29,0.0,14.2,有,
南屯區,房地(土地+建物),臺中市南屯區萬和路一段２０之１７號,91.43,住,,,1150501,土地1建物1車位0,全,五層,透天厝,住家用,鋼筋混凝土造,1010418,203.71,3,3,4,有,無,35580000,174660,,0.0,0,其他增建；,RPQQMLNLOHLGFCB28DA,179.16,0.0,24.55,無,
南屯區,土地,埔興段1465地號,52.28,都市：其他:第二之二種住宅區,,,1150506,土地7建物0車位0,,,其他,,,,0.0,0,0,0,無,無,2400000,45907,,0.0,0,,RPWNMLOKPHLGFCB68DA,0.0,0.0,0.0,無,
神岡區,房地(土地+建物),臺中市神岡區神岡路２８９號,75.44,農,,,1150531,土地4建物1車位0,全,四層,透天厝,住家用,鋼筋混凝土造,1110805,241.4,4,3,4,有,有,23000000,95278,,0.0,0,,RPQNMLQJPHLGFDB28DA,229.67,0.0,11.73,有,
豐原區,房地(土地+建物),臺中市豐原區和平街１８巷６號,82.0,商,,,1150525,土地1建物1車位0,全,五層,透天厝,住家用,鋼筋混凝土造,0710826,330.25,6,6,5,有,無,14000000,42392,,0.0,0,含土地增值稅或其他稅費305577元；親友、員工、共有人或其他特殊關係間之交易；,RPPNMLLKPHLGFDB77DA,323.5,0.0,6.75,無,
沙鹿區,房地(土地+建物),臺中市沙鹿區正德路３２１巷１９弄１號,102.43,住,,,1150503,土地3建物1車位0,全,四層,透天厝,住家用,鋼筋混凝土造,0940202,165.09,4,2,5,有,無,12630000,76504,,0.0,0,陽台外推；其他增建；,RPXNMLKKOHLGFFB58DA,146.24,0.0,18.85,無,
沙鹿區,房地(土地+建物),臺中市沙鹿區保成五街１７９號,124.13,住,,,1150526,土地4建物1車位0,全,四層,透天厝,住家用,鋼筋混凝土造,1111227,178.59,4,3,5,有,有,20200000,113108,,0.0,0,,RPTOMLOLOHLGFFB78DA,165.71,0.0,12.87,無,
沙鹿區,房地(土地+建物),臺中市沙鹿區保成五街８９號,228.8,住,,,1150504,土地4建物1車位0,全,五層,透天厝,住家用,鋼筋混凝土造,1111227,287.78,4,3,6,有,有,38880000,135103,,0.0,0,,RPSPMLQJPHLGFFB88DA,276.02,0.0,11.75,有,
沙鹿區,房地(土地+建物),臺中市沙鹿區鎮南路二段５６７號,126.85,住,,,1150520,土地2建物1車位0,全,三層,透天厝,住商用,鋼筋混凝土造,0711231,192.86,9,0,3,有,無,20100000,104221,,0.0,0,親友、員工、共有人或其他特殊關係間之交易；其他增建；含租約；,RPWNMLOKPHLGFFB98DA,192.86,0.0,0.0,無,
新社區,房地(土地+建物),臺中市新社區井新街８９號,635.8,,一般農業區,甲種建築用地,1150515,土地6建物1車位0,全,二層,透天厝,住家用,鋼筋混凝土造,0960103,184.65,4,2,3,有,有,29900000,161928,,0.0,0,陽台外推；頂樓加蓋；其他增建；,RPQNMLLKOHLGFGB08DA,179.57,0.0,5.08,無,
大雅區,房地(土地+建物),臺中市大雅區中清路四段８１１巷６弄９號,79.44,住,,,1150527,土地2建物1車位0,全,四層,透天厝,住家用,鋼筋混凝土造,0960418,239.75,4,1,3,有,無,12000000,50052,,0.0,0,親友、員工、共有人或其他特殊關係間之交易；,RPRNMLOKPHLGFHB68DA,202.14,0.0,10.8,無,
太平區,房地(土地+建物)+車位,臺中市太平區樹孝路３２１巷９號七樓,13.28,住,,,1150530,土地1建物1車位1,七層,十二層,住宅大樓(11層含以上有電梯),住家用,鋼筋混凝土造,0810812,117.19,3,2,2,有,有,8360000,71337,坡道平面,0.0,1200000,其他增建；,RPQNMLKMNHLGFJB38DA,68.88,0.0,10.2,有,
太平區,房地(土地+建物),臺中市太平區中山路一段３２２巷１６之１號一樓之１,12.28,,鄉村區,乙種建築用地,1150520,土地1建物1車位0,一層,五層,華廈(10層含以下有電梯),住家用,鋼筋混凝土造,1150126,41.31,1,1,1,有,有,4500000,108932,,0.0,0,,RPSNMLRJPHLGFJB56DA,27.92,0.0,1.65,有,
太平區,房地(土地+建物),臺中市太平區樹孝路２７４巷８弄３６號,87.36,住,,,1150502,土地1建物1車位0,全,三層,透天厝,住商用,ＲＣ鋼筋混凝土造,0991207,186.05,4,3,3,有,無,22500000,120935,,0.0,0,其他增建；,RPXNMLOKPHLGFJB86DA,166.15,1.76,18.14,無,
東區,房地(土地+建物),臺中市東區東富街１７０號,107.0,住,,,1150521,土地1建物1車位0,全,二層,透天厝,住工用,加強磚造,0741003,133.72,3,2,2,有,無,13800000,103201,,0.0,0,其他增建；,RPPNMLPKPHLGFAB97EA,120.95,7.3,5.47,無,
西區,房地(土地+建物)+車位,臺中市西區向上路一段７９巷２號三樓,21.57,商,,,1150428,土地2建物1車位1,三層,二十七層,住宅大樓(11層含以上有電梯),住家用,鋼筋混凝土造,0951019,360.78999999999996,3,2,4,有,有,35000000,99772,其他,28.03,1800000,陽台外推；其他增建；,RPVNMLKKOHLGFAB87DA,205.78,1.19,26.63,有,169
南區,土地,下橋子頭段86-191地號,290.55,住,,,1150429,土地2建物0車位0,,,其他,,,,0.0,0,0,0,無,無,23220756,79920,,0.0,0,包含公共設施保留地用地；,RPQNMLRJPHLGFAB08DA,0.0,0.0,0.0,無,
北屯區,房地(土地+建物),臺中市北屯區崇德路二段３４６巷２５弄１２３號,69.0,住,,,1150426,土地1建物1車位0,全,二層,透天厝,住家用,加強磚造,0751218,124.54,4,3,2,有,無,12200000,97960,,0.0,0,,RPTNMLPJOHLGFBB18DA,95.18,21.92,7.44,無,
北屯區,房地(土地+建物)+車位,臺中市北屯區環太東路５６３號五樓之５,15.73,住,,,1150430,土地1建物1車位1,五層,十五層,住宅大樓(11層含以上有電梯),住家用,鋼筋混凝土造,1130605,108.03999999999999,2,2,1,有,有,9100000,84228,坡道平面,27.6,0,,RPWOMLMKOHLGFBB38DA,47.79,0.0,6.1,有,170
北屯區,房地(土地+建物)+車位,臺中市北屯區文心路四段９５７號６樓之１,15.1,住,,,1150428,土地1建物1車位2,六層,十四層,住宅大樓(11層含以上有電梯),住家用,鋼筋混凝土造,0811127,266.32,4,2,2,有,有,15000000,56323,坡道平面,0.0,0,增建:陽台,RPOOMLTLOHLGFBB38DA,119.49,0.0,14.98,有,171
北區,房地(土地+建物)+車位,臺中市北區進化路５１１號十五樓之５,13.54,商,,,1150423,土地1建物1車位1,十五層,二十四層,住宅大樓(11層含以上有電梯),住家用,鋼筋混凝土造,1140116,153.95,3,2,2,有,有,16500000,107178,坡道平面,28.74,0,,RPOOMLRJPHLGFBB08DA,77.06,0.0,7.43,有,172
北屯區,房地(土地+建物)+車位,臺中市北屯區軍福十九路１６號四樓之２,19.75,住,,,1150426,土地2建物1車位1,四層,十五層,住宅大樓(11層含以上有電梯),住家用,鋼筋混凝土造,1020925,148.63,3,2,2,有,有,12100000,81410,坡道機械,20.72,0,,RPTNMLSJPHLGFBB58DA,78.89,0.0,8.89,有,
西屯區,房地(土地+建物)+車位,臺中市西屯區臺灣大道三段７６１號十二樓之１０,6.0,商,,,1150409,土地1建物1車位1,十二層,三十六層,住宅大樓(11層含以上有電梯),住家用,鋼骨造,1141028,113.68,2,2,1,有,有,11550000,120665,坡道平面,28.32,1250000,,RPSQMLOLOHLGFCB58DA,49.04,2.96,3.92,有,
大甲區,房地(土地+建物),臺中市大甲區順天路４１號,103.0,住,,,1150430,土地3建物1車位0,全,三層,透天厝,住商用,鋼筋混凝土加強磚造,0651219,108.3,5,3,3,有,無,15200000,140351,,0.0,0,本約買賣總價新台幣1520萬元內含明細土地價款新台幣1480萬元正建物價款新台幣40萬元正.頂樓加蓋；其他增建；,RPPNMLQJPHLGFEB28DA,108.3,0.0,0.0,無,
沙鹿區,房地(土地+建物)+車位,臺中市沙鹿區永寧路一段６８號九樓之１,20.78,住,,,1150410,土地1建物1車位1,九層,十五層,住宅大樓(11層含以上有電梯),住家用,鋼筋混凝土造,1140310,149.41,3,2,2,有,有,13050000,90779,坡道平面,23.83,1650000,,RPVNMLRJPHLGFFB09DA,74.63,0.0,9.18,有,
潭子區,房地(土地+建物)+車位,臺中市潭子區福潭路６０６巷１５號九樓,18.46,住,,,1150408,土地1建物1車位1,九層,十層,華廈(10層含以下有電梯),住家用,鋼筋混凝土造,0800916,114.1,3,2,2,有,有,7900000,69231,坡道機械,0.0,0,,RPOOMLMJOHLGFHB08DA,80.54,0.0,9.96,有,173
太平區,房地(土地+建物)+車位,臺中市太平區環中東路三段３５１號十二樓之１,22.24,住,,,1150414,土地1建物1車位1,十二層,十四層,住宅大樓(11層含以上有電梯),住家用,鋼筋混凝土造,1140625,153.03,3,2,2,有,有,14200000,99295,坡道平面,29.66,1950000,,RPPNMLKMOHLGFJB38DA,73.81,0.0,7.97,有,
西區,房地(土地+建物),臺中市西區華美街４９號五樓,22.62,住,,,1150419,土地1建物1車位0,五層,五層,公寓(5樓含以下無電梯),住家用,鋼筋混凝土造,0700907,100.24,2,2,2,有,無,6200000,61852,,0.0,0,六樓增建空間其他增建；,RPPPMLQJPHLGFAB08DA,83.97,0.0,16.27,無,
北屯區,房地(土地+建物),臺中市北屯區敦富二街３６號五樓之２２,7.85,商,,,1150413,土地1建物1車位0,五層,二十四層,住宅大樓(11層含以上有電梯),辦公用,鋼筋混凝土造,1150414,69.22,0,0,1,有,有,9530000,137677,,0.0,0,預售屋、或土地及建物分件登記案件；,RPPOMLQLNHLGFBB08DA,39.39,0.0,2.66,有,
北屯區,房地(土地+建物)+車位,臺中市北屯區崇德六路１００號四樓之１３,11.7,商,,,1150428,土地2建物1車位1,四層,十五層,住宅大樓(11層含以上有電梯),住家用,鋼筋混凝土造,0970930,95.82,2,2,1,有,有,11200000,116886,坡道機械,13.23,0,,RPXOMLLJOHLGFBB28DA,50.37,1.7,5.07,有,
北屯區,房地(土地+建物)+車位,臺中市北屯區敦富七街５５號十一樓之１７,32.15,住,,,1150414,土地1建物1車位2,十一層,十四層,住宅大樓(11層含以上有電梯),住家用,鋼筋混凝土造,1110126,240.72000000000003,2,2,2,有,有,28680000,119143,坡道平面,65.12,0,,RPOQMLPJOHLGFBB97DA,103.78,3.53,11.12,有,174
北屯區,房地(土地+建物)+車位,臺中市北屯區敦富六街２１號十四樓之６,24.55,住,,,1150412,土地1建物1車位1,十四層,十五層,住宅大樓(11層含以上有電梯),住家用,鋼筋混凝土造,1100805,158.26999999999998,3,2,2,有,有,19680000,124344,坡道平面,28.33,0,,RPQOMLNLOHLGFBB97DA,76.71,5.03,5.47,有,175
北屯區,房地(土地+建物)+車位,臺中市北屯區建和路二段３０７號十樓之３,18.33,商,,,1150424,土地1建物1車位2,十層,十五層,住宅大樓(11層含以上有電梯),住家用,鋼筋混凝土造,1090916,205.6,2,1,2,有,有,18570000,90321,坡道平面,53.0,0,,RPSNMLSJPHLGFBB48DA,87.35,2.75,12.06,有,176
北屯區,房地(土地+建物),臺中市北屯區軍榮街２５２巷１號,92.53,商,,,1150430,土地3建物1車位0,全,四層,透天厝,住家用,鋼筋混凝土造,0921114,184.59,4,2,4,有,無,20300000,109973,,0.0,0,,RPVPMLTJPHLGFBB09DA,153.53,0.0,31.06,無,
西屯區,房地(土地+建物)+車位,臺中市西屯區臺灣大道三段６４６號二十樓之９,6.75,商,,,1150428,土地1建物1車位1,二十層,二十九層,住宅大樓(11層含以上有電梯),住家用,鋼骨鋼筋混凝土造、鋼筋混凝土造,1140811,118.46000000000001,2,2,1,有,有,15000000,126625,坡道平面,34.74,0,,RPPTMLNLOHLGFCB48DA,49.63,0.0,4.25,有,177
豐原區,房地(土地+建物),臺中市豐原區西勢路１２８號,81.0,住,,,1150416,土地1建物1車位0,全,二層,透天厝,商業用,加強磚造,0631012,103.61,4,2,3,有,無,12800000,123540,,0.0,0,親友、員工、共有人或其他特殊關係間之交易；其他增建；,RPPNMLTJPHLGFDB58EA,103.61,0.0,0.0,無,
大里區,房地(土地+建物),臺中市大里區永隆二街１９０號,71.4,住,,,1150421,土地1建物1車位0,全,四層,透天厝,商辦用,鋼筋混凝土造,0930412,173.04,4,2,4,有,無,23000000,132917,,0.0,0,,RPPNMLTJPHLGFIB09EA,147.0,0.0,26.04,無,178
東區,房地(土地+建物)+車位,臺中市東區德興一街５０號八樓之７,25.84,住,,,1150425,土地1建物1車位1,八層,十五層,住宅大樓(11層含以上有電梯),住家用,鋼筋混凝土造,1130328,152.31,3,2,2,有,有,17930000,117720,坡道平面,27.69,0,,RPROMLLKOHLGFAB67DA,78.0,0.0,5.4,有,179
西區,房地(土地+建物)+車位,臺中市西區臺灣大道二段２６２號十四樓,16.13,商,,,1150402,土地1建物1車位1,十四層,二十三層,住宅大樓(11層含以上有電梯),住家用,鋼筋混凝土造,1070910,181.87,4,1,2,有,有,18900000,103920,其他,0.0,0,親友、員工、共有人或其他特殊關係間之交易；,RPPNMLNKPHLGFAB67DA,88.84,2.59,9.9,有,180
北屯區,房地(土地+建物),臺中市北屯區后庄三街２１０號,116.0,住,,,1150426,土地1建物1車位0,全,二層,透天厝,住家用,加強磚造,0660210,94.15,3,1,2,有,無,22600000,240042,,0.0,0,,RPVPMLMLOHLGFBB48DA,94.15,0.0,0.0,無,
北區,房地(土地+建物),臺中市北區進化北路３６７號１２樓之１７,5.02,商,,,1150425,土地1建物1車位0,十二層,十八層,住宅大樓(11層含以上有電梯),住家用,鋼筋混凝土造,0830207,59.9,1,1,1,有,有,4200000,70117,,0.0,0,,RPOOMLKKPHLGFBB47DA,35.44,1.18,4.42,有,181
西屯區,房地(土地+建物),臺中市西屯區福聯街２２巷１２號三樓之３０,3.09,住,,,1150429,土地1建物1車位0,三層,十二層,住宅大樓(11層含以上有電梯),住家用,鋼筋混凝土造,0830930,21.060000000000002,1,0,1,有,有,1430000,67901,,0.0,0,,RPPNMLMLNHLGFCB67DA,12.58,0.0,1.41,有,
南屯區,土地,山子腳段282地號,1323.76,工,,,1150428,土地1建物0車位0,,,其他,,,,0.0,0,0,0,無,無,37040000,27981,,0.0,0,,RPTOMLSLNHLGFCB78DA,0.0,0.0,0.0,無,182
西屯區,房地(土地+建物)+車位,臺中市西屯區漢翔路１３５號七樓之６,17.91,住,,,1150405,土地2建物1車位1,七層,十二層,住宅大樓(11層含以上有電梯),住家用,鋼筋混凝土造,1100122,117.82,2,1,1,有,有,16500000,140044,坡道平面,33.42,0,,RPXUMLOLOHLGFCB86DA,46.05,3.92,4.86,有,183
豐原區,房地(土地+建物),臺中市豐原區中正路８８號,99.0,商,,,1150416,土地2建物1車位0,全,三層,透天厝,商業用,加強磚造,0530300,225.9,3,2,2,有,無,36000000,159363,,0.0,0,,RPSNMLMJPHLGFDB08DA,225.9,0.0,0.0,無,
梧棲區,房地(土地+建物)+車位,臺中市梧棲區八德路一段７０號二十八樓之１３,13.0,商,,,1150426,土地1建物1車位1,二十八層,二十八層,住宅大樓(11層含以上有電梯),住家用,鋼筋混凝土造,1140606,171.84,4,2,2,有,有,9280000,54004,坡道平面,24.74,0,,RPVNMLMJPHLGFFB58DA,88.14,0.0,9.94,有,184
潭子區,房地(土地+建物)+車位,臺中市潭子區僑興一街８８號十五樓之１,25.75,住,,,1150422,土地1建物1車位1,十五層,十五層,住宅大樓(11層含以上有電梯),住家用,鋼筋混凝土造,1130426,153.87,3,2,2,有,有,14880000,103170,坡道平面,26.12,1700000,,RPRNMLMLMHLGFHB28DA,75.52,0.0,9.66,有,185
潭子區,房地(土地+建物)+車位,臺中市潭子區弘仁街７７號十一樓,27.88,住,,,1150423,土地1建物1車位1,十一層,十四層,住宅大樓(11層含以上有電梯),住家用,鋼筋混凝土造,1130502,158.72,3,2,2,有,有,16200000,102067,坡道平面,35.54,0,,RPPNMLSLNHLGFHB78DA,73.66,0.0,7.89,有,186
烏日區,房地(土地+建物),臺中市烏日區三榮路一段３３５號,72.33,住,,,1150426,土地1建物1車位0,全,四層,透天厝,住商用,鋼筋混凝土造,1000926,186.65,5,2,6,有,無,32500000,174123,,0.0,0,其他增建；,RPWNMLLJPHLGFIB88DA,178.89,3.14,1.46,無,
太平區,房地(土地+建物)+車位,臺中市太平區宜昌路８７巷６７弄３０號,78.37,住,,,1150422,土地1建物1車位1,全,四層,透天厝,住家用,鋼筋混凝土造,1021216,248.99,4,3,6,有,無,24300000,97594,一樓平面,0.0,0,陽台外推；頂樓加蓋；其他增建；,RPSNMLSJNHLGFJB09DA,211.06,0.0,37.93,有,
龍井區,土地,福麗段257-21地號,156.37,農,,,1150427,土地2建物0車位0,,,其他,,,,0.0,0,0,0,無,無,3800000,24301,,0.0,0,未登記建物；,RPXNMLTLOHLGFKB47DA,0.0,0.0,0.0,無,187
南區,房地(土地+建物)+車位,臺中市南區三民西路３４９號５樓,12.53,商,,,1150419,土地2建物1車位1,五層,十五層,住宅大樓(11層含以上有電梯),住家用,鋼筋混凝土造,0941011,136.25,3,2,2,有,有,14700000,107890,坡道平面,10.94,0,,RPXNMLNLOHLGFAB48DA,81.32,0.0,11.4,有,188
北區,房地(土地+建物)+車位,臺中市北區文心路四段１７２號１３樓之３,19.01,住,,,1150427,土地1建物1車位1,十三層,十四層,住宅大樓(11層含以上有電梯),住家用,鋼筋混凝土造,0880908,201.99,3,2,2,有,有,17000000,86481,坡道平面,22.76,1500000,其他增建；,RPPNMLMJNHLGFBB37DA,108.24,0.0,21.31,有,
北屯區,房地(土地+建物)+車位,臺中市北屯區文昌東六街７號７樓之１,24.38,商,,,1150416,土地2建物1車位1,七層,七層,華廈(10層含以下有電梯),住家用,鋼筋混凝土造,0791029,141.33,3,2,2,有,有,13200000,93398,升降機械,0.0,0,土地總價:新台幣12906600元整、建物總價:新台幣293400元整、合計總價:新台幣13200000元整,RPSNMLTJPHLGFBB58DA,101.54,0.0,12.3,有,189
南屯區,房地(土地+建物),臺中市南屯區五權西路二段４２５號,86.0,住,,,1150403,土地2建物1車位0,全,四層,透天厝,住商用,鋼筋混凝土造,0720920,235.26,6,2,4,有,無,29200000,124118,,0.0,0,陽台外推；其他增建；,RPRVMLOJNHLGFCB68DA,222.06,0.0,13.2,無,
西屯區,房地(土地+建物)+車位,臺中市西屯區臺灣大道四段１２６８號二十三樓之５,16.82,住,,,1150426,土地1建物1車位1,二十三層,二十六層,住宅大樓(11層含以上有電梯),住家用,鋼筋混凝土造,1020125,228.26,4,2,2,有,有,25600000,112153,坡道平面,22.57,0,,RPSNMLMJPHLGFCB97DA,123.17,1.98,13.75,有,
外埔區,房地(土地+建物)+車位,臺中市外埔區六分路２８０巷４８號３樓之２,31.13,住,,,1150419,土地1建物1車位1,三層,七層,華廈(10層含以下有電梯),住家用,鋼筋混凝土造,0850429,159.06,3,2,2,有,有,6560000,41242,坡道機械,0.0,0,其他增建；,RPPNMLSKNHLGFEB38DA,95.12,3.41,12.61,有,190
烏日區,房地(土地+建物),臺中市烏日區信義街１９３巷２２弄７號,79.84,住,,,1150428,土地1建物1車位0,全,三層,透天厝,住家用,鋼筋混凝土造,0750410,143.66,3,2,2,有,無,12350000,85967,,0.0,0,其他增建；,RPRNMLNKPHLGFIB68DA,133.76,5.35,4.55,無,
南區,房地(土地+建物),臺中市南區光輝一街１號四樓,9.1,住,,,1150407,土地1建物1車位0,四層,七層,華廈(10層含以下有電梯),住家用,鋼筋混凝土造,0810902,53.03,1,1,1,有,有,3580000,67509,,0.0,0,,RPVNMLOJOHLGFAB18DA,32.22,0.0,5.93,有,
北屯區,房地(土地+建物)+車位,臺中市北屯區同榮路８６號７樓,17.23,住,,,1150425,土地1建物1車位1,七層,八層,華廈(10層含以下有電梯),住家用,鋼筋混凝土造,0820106,109.92,3,2,2,有,有,7600000,69141,坡道機械,0.0,800000,其他增建；,RPROMLPKOHLGFBB18DA,75.51,0.0,10.3,有,191
北屯區,房地(土地+建物)+車位,臺中市北屯區崇興路一段１７號十一樓之１,58.95,住,,,1150428,土地1建物1車位2,十一層,十一層,住宅大樓(11層含以上有電梯),住家用,鋼筋混凝土造,1070502,301.71000000000004,4,2,3,有,有,28150000,93302,坡道平面,73.4,0,,RPSNMLNKPHLGFBB08DA,128.34,0.83,21.54,有,192
南屯區,房地(土地+建物)+車位,臺中市南屯區三和街６５號十三樓之１,19.01,住,,,1150420,土地1建物1車位1,十三層,十四層,住宅大樓(11層含以上有電梯),住家用,鋼筋混凝土造,0960918,191.82,3,2,2,有,有,25450000,132676,坡道平面,24.75,0,陽台外推；,RPWNMLOJOHLGFCB48DA,102.52,3.13,14.05,有,
沙鹿區,房地(土地+建物)+車位,臺中市沙鹿區永寧路一段８２號三樓之３,19.44,住,,,1150428,土地1建物1車位1,三層,十五層,住宅大樓(11層含以上有電梯),住家用,鋼筋混凝土造,1140310,145.06,3,2,2,有,有,12280000,89209,坡道平面,24.78,1550000,,RPQNMLOKPHLGFFB38DA,69.33,0.0,11.08,有,
大里區,房地(土地+建物)+車位,臺中市大里區忠孝路６號六樓之２,28.91,住,,,1150403,土地1建物1車位1,六層,十五層,住宅大樓(11層含以上有電梯),住家用,鋼筋混凝土造,1150516,148.71,3,2,2,有,無,17600000,122739,坡道平面,24.87,2400000,預售屋、或土地及建物分件登記案件；,RPORMLTKOHLGFIB66DA,73.94,0.0,8.04,有,
烏日區,土地,三和段226-3地號,95.45,住,,,1150430,土地1建物0車位0,,,其他,,,,0.0,0,0,0,無,無,13880000,145416,,0.0,0,,RPRNMLMKPHLGFIB58DA,0.0,0.0,0.0,無,
太平區,房地(土地+建物)+車位,臺中市太平區新平路三段２２７號十四樓之５,25.42,住,,,1150413,土地1建物1車位1,十四層,十四層,住宅大樓(11層含以上有電梯),住家用,鋼筋混凝土造,1150527,125.94,2,2,1,有,有,12860000,119180,坡道平面,32.72,1750000,預售屋、或土地及建物分件登記案件；,RPWQMLLJPHLGFJB66DA,57.69,0.0,3.88,有,
大肚區,土地,瑞井段210地號,19.25,,鄉村區,乙種建築用地,1150421,土地1建物0車位0,,,其他,,,,0.0,0,0,0,無,無,366730,19051,,0.0,0,地清或未辦繼承標售；,RPPNMLNKPHLGFKB68DA,0.0,0.0,0.0,無,086
東區,房地(土地+建物)+車位,臺中市東區東英二街７８巷８號,84.89,商,,,1150420,土地2建物1車位1,全,四層,透天厝,其他,鋼筋混凝土造,0900725,263.9,3,3,3,有,有,22280000,84426,坡道平面,15.02,0,陽台外推；頂樓加蓋；其他增建；,RPWOMLKLMHLGFAB97DA,178.11,0.0,8.17,無,
南區,土地,番婆段215-1地號,269.0,工,,,1150407,土地1建物0車位0,,,其他,,,,0.0,0,0,0,無,無,40500000,150558,,0.0,0,,RPPNMLSKNHLGFAB97DA,0.0,0.0,0.0,無,
南區,土地,番婆段215地號,269.0,工,,,1150407,土地1建物0車位0,,,其他,,,,0.0,0,0,0,無,無,40500000,150558,,0.0,0,,RPQNMLSKNHLGFAB08DA,0.0,0.0,0.0,無,
西區,房地(土地+建物),臺中市西區中興街３２５巷９號,100.13,,,,1150410,土地1建物1車位0,全,一層,透天厝,住家用,鋼筋混凝土造,0541230,64.32,5,3,3,有,無,41000000,637438,,0.0,0,,RPPOMLLKOHLGFAB47DA,64.32,0.0,0.0,無,
西區,房地(土地+建物)+車位,臺中市西區存中街１７０號,22.29,住,,,1150417,土地1建物1車位1,一層，二層，騎樓,十二層,住宅大樓(11層含以上有電梯),住商用,鋼筋混凝土造,0851127,235.4,2,2,2,有,有,24000000,101954,升降平面,0.0,0,其他增建；,RPQOMLQKOHLGFAB08DA,152.64,13.18,13.45,有,
中區,房地(土地+建物),臺中市中區中華路１段１２１號５樓之５,1.65,商,,,1150408,土地1建物1車位0,五層,十九層,住宅大樓(11層含以上有電梯),住家用,鋼骨鋼筋混凝土造,0850520,33.75,1,1,2,有,有,1800000,53333,,0.0,0,夾層；,RPRNMLRJPHLGFAB18DA,18.91,1.65,2.28,有,
北屯區,房地(土地+建物)+車位,臺中市北屯區北平路四段１５９號二十四樓之１,19.69,商,,,1150416,土地1建物1車位2,二十四層,二十四層,住宅大樓(11層含以上有電梯),住家用,鋼筋混凝土造,1140822,213.84,3,2,2,有,有,32500000,172158,坡道平面,52.36,4700000,,RPPQMLOKNHLGFBB97DA,96.84,0.0,8.61,有,
北區,房地(土地+建物)+車位,臺中市北區東光東街５５號,11.48,住,,,1150429,土地1建物1車位1,一層,十七層,住宅大樓(11層含以上有電梯),住家用,鋼筋混凝土造,0831214,92.4,3,2,2,有,有,8500000,91991,坡道機械,0.0,0,,RPUNMLNJOHLGFBB08DA,65.36,9.2,0.0,有,
北屯區,房地(土地+建物)+車位,臺中市北屯區景和街８號十八樓之３,13.52,商,,,1150411,土地1建物1車位1,十八層,二十三層,住宅大樓(11層含以上有電梯),住家用,鋼筋混凝土造,1131111,160.32999999999998,3,2,2,有,有,18380000,114639,坡道平面,39.64,0,,RPWOMLOJOHLGFBB48DA,75.42,0.0,4.67,有,
北屯區,房地(土地+建物)+車位,臺中市北屯區松竹路二段３４６巷６號九樓之１,34.38,住,,,1150425,土地1建物1車位1,九層,十二層,住宅大樓(11層含以上有電梯),住家用,鋼筋混凝土造,1031022,195.56,3,2,2,有,有,21000000,107384,坡道平面,25.43,0,親友、員工、共有人或其他特殊關係間之交易；,RPVOMLNKPHLGFBB48DA,104.79,5.5,11.31,有,
北屯區,房地(土地+建物),臺中市北屯區安順一街５２號,24.0,住,,,1150420,土地2建物1車位0,一層,五層,公寓(5樓含以下無電梯),住家用,鋼筋混凝土造,0720719,81.96,3,2,2,有,無,10680000,130307,,0.0,0,其他增建；,RPSSMLQKPHLGFBB88DA,78.05,0.0,0.0,無,
南屯區,房地(土地+建物)+車位,臺中市南屯區大墩一街２４１之３號十二樓,10.71,住,,,1150411,土地1建物1車位1,十二層,十二層,住宅大樓(11層含以上有電梯),住家用,鋼筋混凝土造,0820213,106.85,2,2,1,有,有,9750000,91249,坡道平面,14.15,0,,RPTNMLTLOHLGFCB88DA,59.42,3.74,6.9,有,
西屯區,房地(土地+建物)+車位,臺中市西屯區文心路三段６之６號十樓之９,10.18,商,,,1150410,土地1建物1車位1,十層,十八層,住宅大樓(11層含以上有電梯),住家用,鋼筋混凝土造,0980813,125.06,3,2,1,有,有,17800000,156500,坡道機械,18.99,1200000,親友、員工、共有人或其他特殊關係間之交易；,RPWNMLSJPHLGFCB98DA,62.86,4.24,6.86,有,
西屯區,房地(土地+建物)+車位,臺中市西屯區玉門路４９６號二十一樓之２,19.51,住,,,1150430,土地1建物1車位2,二十一層,二十三層,住宅大樓(11層含以上有電梯),住家用,鋼筋混凝土造,0970630,256.22,4,2,2,有,有,26200000,107885,坡道平面,36.17,2460000,,RPVOMLOKPHLGFCB68DA,133.28,6.02,15.14,有,
太平區,房地(土地+建物)+車位,臺中市太平區環中東路三段３９７號二樓之７,23.55,住,,,1150425,土地1建物1車位1,二層,十四層,住宅大樓(11層含以上有電梯),住家用,鋼筋混凝土造,1131017,152.26,3,2,2,有,有,13670000,95686,坡道平面,24.55,1450000,,RPVNMLLLNHLGFJB88DA,76.68,0.0,7.96,有,
太平區,房地(土地+建物),臺中市太平區中山路一段３２２巷１６之１號四樓之２,12.28,,鄉村區,乙種建築用地,1150417,土地1建物1車位0,四層,五層,華廈(10層含以下有電梯),住家用,鋼筋混凝土造,1150126,41.83,1,1,1,有,有,4420000,105666,,0.0,0,,RPRNMLRJPHLGFJB09DA,26.67,0.0,2.89,有,
太平區,房地(土地+建物),臺中市太平區中山路一段３２２巷１６之１號一樓之２,12.28,,鄉村區,乙種建築用地,1150426,土地1建物1車位0,一層,五層,華廈(10層含以下有電梯),住家用,鋼筋混凝土造,1150126,41.83,1,1,1,有,有,4500000,107578,,0.0,0,,RPQNMLNKPHLGFJB68DA,26.67,0.0,2.89,有,
太平區,土地,瑞欣段60-16地號,2146.0,工,,,1150402,土地3建物0車位0,,,其他,,,,0.0,0,0,0,無,無,230395000,107360,,0.0,0,,RPPNMLPKPHLGFJB78DA,0.0,0.0,0.0,無,
太平區,土地,瑞欣段60-15地號,2125.0,工,,,1150402,土地7建物0車位0,,,其他,,,,0.0,0,0,0,無,無,142773500,67188,,0.0,0,,RPQNMLPKPHLGFJB88DA,0.0,0.0,0.0,無,
太平區,土地,瑞欣段60-18地號,2032.0,,,,1150402,土地3建物0車位0,,,其他,,,,0.0,0,0,0,無,無,186831500,91945,,0.0,0,未登記建物；,RPRNMLPKPHLGFJB98DA,0.0,0.0,0.0,無,
外埔區,房地(土地+建物),臺中市外埔區甲后路五段１８６巷３６號,90.81,,鄉村區,乙種建築用地,1150315,土地3建物1車位0,全,二層,透天厝,住商用,鋼筋混凝土加強磚造,0690510,121.0,3,2,2,有,無,6250000,51653,,0.0,0,頂樓加蓋；,RPTNMLTJMHLGFEB68DA,121.0,0.0,0.0,無,194
大里區,房地(土地+建物),臺中市大里區立新街２０６號,107.86,,鄉村區,乙種建築用地,1150330,土地1建物1車位0,全,二層,透天厝,住商用,加強磚造,0700131,111.8,3,2,2,有,無,10000000,89445,,0.0,0,,RPUNMLSJPHLGFIB76DA,111.8,0.0,0.0,無,
南屯區,房地(土地+建物),臺中市南屯區大英街４９３之１號四樓,19.59,住,,,1150330,土地1建物1車位0,四層,七層,華廈(10層含以下有電梯),住家用,鋼筋混凝土造,0810801,113.25999999999999,3,2,2,有,有,10120000,89352,,0.0,0,其他增建；,RPPNMLTJPHLGFCB48EA,80.27,3.01,9.69,有,
北區,房地(土地+建物),臺中市北區陝西七街８號,109.0,住,,,1150305,土地1建物1車位0,全,二層,透天厝,住家用,加強磚造,0730913,149.41,3,1,2,有,無,5600000,37481,,0.0,0,,RPOOMLLJPHLGFBB47DA,119.79,15.07,14.55,無,
西屯區,房地(土地+建物),臺中市西屯區福科路４７７巷１７號,113.17,住,,,1150322,土地1建物1車位0,全,四層,透天厝,住家用,ＲＣ造,0921211,176.65,4,3,3,有,無,26260000,148656,,0.0,0,陽台外推；頂樓加蓋；其他增建；,RPQNMLSKOHLGFCB38DA,111.84,4.01,60.8,無,
梧棲區,房地(土地+建物),臺中市梧棲區四維路７１巷２號十樓之６,11.74,商,,,1150303,土地1建物2車位0,十層,十三層,住宅大樓(11層含以上有電梯),住家用,鋼筋混凝土造,0820627,99.7,3,1,3,有,有,5500000,55165,,0.0,0,,RPRQMLLJOHLGFFB28DA,74.92,0.0,0.0,有,
梧棲區,房地(土地+建物),臺中市梧棲區八德路一段６６號九樓之１０,6.73,商,,,1150327,土地1建物1車位0,九層,二十八層,住宅大樓(11層含以上有電梯),住家用,鋼筋混凝土造,1140606,75.03,2,2,1,有,有,5950000,79302,,0.0,0,,RPQNMLMJPHLGFFB08DA,46.08,0.0,3.82,有,
東區,建物,臺中市東區育英路８２之２３號,0.0,,,,1150331,土地0建物1車位0,全,五層,透天厝,住商用,鋼筋混凝土造,1071121,277.85,0,0,0,無,無,13000000,46788,,0.0,0,建物坐落地號：旱溪段244-12地號；,RPRNMLSJPHLGFAB28DA,232.96,9.77,35.12,無,
西區,房地(土地+建物)+車位,臺中市西區忠明南路１２０號六樓之八,19.98,住,,,1150319,土地1建物1車位2,六層,十五層,住宅大樓(11層含以上有電梯),住家用,鋼筋混凝土造,0951222,217.86,4,2,2,有,有,25600000,117507,坡道機械,24.38,0,,RPRNMLMJOHLGFAB57DA,131.16,1.23,7.6,有,
大里區,房地(土地+建物)+車位,臺中市大里區忠孝路６號四樓之５,35.26,住,,,1150305,土地1建物1車位1,四層,十五層,住宅大樓(11層含以上有電梯),住家用,鋼筋混凝土造,1150516,175.76,4,2,2,有,無,19880000,115846,坡道平面,24.87,2400000,預售屋、或土地及建物分件登記案件；,RPXOMLTKOHLGFIB27DA,90.2,0.0,9.73,有,
太平區,房地(土地+建物)+車位,臺中市太平區環中東路三段７７２號二樓之３,17.0,住,,,1150329,土地1建物1車位1,二層,十五層,住宅大樓(11層含以上有電梯),住家用,鋼筋混凝土造,1140414,114.65,2,2,1,有,有,10800000,104250,坡道平面,27.36,1700000,,RPRNMLMKNHLGFJB48DA,53.08,0.0,5.05,有,195
沙鹿區,房地(土地+建物),臺中市沙鹿區保成五街１５３號,131.46,住,,,1150316,土地4建物1車位0,全,四層,透天厝,住家用,鋼筋混凝土造,1131127,207.29999999999998,4,3,5,有,有,26500000,127828,,0.0,0,,RPTPMLQJPHLGFFB98DA,183.89,0.0,23.41,有,
南屯區,房地(土地+建物)+車位,臺中市南屯區大業路５５６號十一樓之１,44.22,住,,,1150207,土地1建物1車位3,十一層,十五層,住宅大樓(11層含以上有電梯),住家用,鋼筋混凝土造,1130707,340.24,4,2,3,有,有,63600000,234515,坡道平面,106.14,8700000,,RPXNMLLJPHLGFCB38DA,138.5,0.0,16.47,有,
南屯區,房地(土地+建物)+車位,臺中市南屯區新富路３０５號八樓之１,66.84,住,,,1150221,土地1建物1車位2,八層,十七層,住宅大樓(11層含以上有電梯),住家用,鋼筋混凝土造,1060409,272.08000000000004,3,2,2,有,有,28680000,105410,坡道平面,70.68,0,,RPOOMLTJOHLGFCB28DA,131.98,0.0,11.35,有,196
大里區,土地,大忠段109地號,1100.3,商,,,1150210,土地3建物0車位0,,,其他,,,,0.0,0,0,0,無,無,305280000,277452,,0.0,0,未登記建物；,RPXNMLTJPHLGFIB17DA,0.0,0.0,0.0,無,
北區,房地(土地+建物),臺中市北區英才路３６６號,415.0,住,,,1150227,土地5建物1車位0,全,五層,透天厝,住商用,鋼骨造,1080927,981.95,6,9,12,有,無,128880000,131249,,0.0,0,土地價款：新台幣77328000元整，建物價款：新台幣51552000元整。其他增建；,RPPNMLSJPHLGFBB28EA,953.51,0.0,28.44,有,
北區,房地(土地+建物),臺中市北區英才路３７２號,140.0,住,,,1150227,土地1建物1車位0,全,三層,透天厝,商業用,鋼筋混凝土加強磚造,0630713,202.28,3,2,5,有,無,33000000,163140,,0.0,0,土地價款：新台幣19800000元整，建物價款：新台幣13200000元整。其他增建；,RPQNMLSJPHLGFBB38EA,202.28,0.0,0.0,無,
北屯區,房地(土地+建物),臺中市北屯區遼陽二街１９號,136.0,住,,,1150201,土地1建物1車位0,全,二層,透天厝,住家用,加強磚造,0730727,212.47,4,3,3,有,無,27880000,131219,,0.0,0,陽台外推；頂樓加蓋；其他增建；,RPRPMLMJPHLGFBB97DA,173.07,22.86,3.73,無,
西屯區,房地(土地+建物)+車位,臺中市西屯區臺灣大道三段６３０之１號五樓之６,8.25,商,,,1150130,土地4建物1車位1,五層,二十三層,住宅大樓(11層含以上有電梯),住家用,鋼筋混凝土造,1140826,114.11000000000001,2,2,2,有,有,10310000,90351,坡道平面,40.0,0,,RPWPMLTJPHLGFCB66DA,47.52,0.0,0.0,有,197
西屯區,土地,永安段695-10地號,91.11,農,,,1150114,土地1建物0車位0,,,其他,,,,0.0,0,0,0,無,無,7580000,83196,,0.0,0,未登記建物；,RPSPMLRLNHLGFCB68DA,0.0,0.0,0.0,無,
沙鹿區,土地,鹿峰東段1578-10地號,901.38,住,,,1150116,土地11建物0車位0,,,其他,,,,0.0,0,0,0,無,無,90000000,99847,,0.0,0,,RPPTMLKKPHLGFFB48DA,0.0,0.0,0.0,無,
大雅區,房地(土地+建物),臺中市大雅區大林路３７３巷１６之６號,80.29,,特定農業區,甲種建築用地,1150125,土地3建物1車位0,全,四層,透天厝,住家用,鋼筋混凝土造,0830806,144.66,4,3,3,有,無,13000000,89866,,0.0,0,頂樓加蓋；其他增建；,RPVNMLLJPHLGFHB68DA,131.02,4.1,9.54,無,
太平區,房地(土地+建物),臺中市太平區宜欣一路３２號,170.0,住,,,1150123,土地2建物1車位0,全,二層,透天厝,住家用,加強磚造,0660228,134.14,4,2,2,有,無,19680000,146712,,0.0,0,其他增建；,RPXNMLMKOHLGFJB56DA,134.14,0.0,0.0,無,
北屯區,房地(土地+建物)+車位,臺中市北屯區敦富路７０９號十三樓之８,14.98,住,,,1150106,土地2建物1車位1,十三層,二十二層,住宅大樓(11層含以上有電梯),住家用,鋼筋混凝土造,1130521,123.44999999999999,2,2,1,有,有,13700000,110976,坡道平面,30.08,0,,RPSOMLOKPHLGFBB28DA,56.98,0.0,4.81,有,
北區,房地(土地+建物),臺中市北區太平路２２７號,47.0,商,,,1141202,土地2建物1車位0,全,三層,透天厝,住家用,鋼筋混凝土加強磚造,0580230,145.61,5,1,3,有,無,13000000,89280,,0.0,0,頂樓加蓋；,RPSPMLNLMHLGFBB08DA,145.61,0.0,0.0,無,
沙鹿區,房地(土地+建物)+車位,臺中市沙鹿區永寧路一段５號二樓之５,19.41,商,,,1141226,土地1建物1車位1,二層,十五層,住宅大樓(11層含以上有電梯),住家用,鋼筋混凝土造,1140627,163.19,3,2,2,有,有,13000000,85761,坡道平面,29.68,1550000,,RPQTMLKKPHLGFFB58DA,81.22,0.0,8.46,有,
豐原區,房地(土地+建物),臺中市豐原區府前街９３巷２２之１號,174.0,商,,,1141220,土地2建物1車位0,全,五層,透天厝,住家用,鋼骨造,1060822,625.83,26,0,26,有,無,47580000,76027,,0.0,0,其他增建；含租約；,RPQNMLRLNHLGFDB38DA,625.83,0.0,0.0,有,
西屯區,房地(土地+建物)+車位,臺中市西屯區惠中三街２１號十樓之５,22.58,都市：其他:第六種新市政中心專用區,,,1141029,土地1建物1車位2,十層,三十四層,住宅大樓(11層含以上有電梯),住家用,鋼骨鋼筋混凝土造,1020207,391.95000000000005,4,2,3,有,有,45000000,121258,坡道平面,33.21,1500000,,RPQOMLSKOHLGFCB48DA,206.39,6.97,25.66,有,
潭子區,房地(土地+建物),臺中市潭子區豐興路一段４００巷２２號,103.06,,特定農業區,甲種建築用地,1140906,土地2建物1車位0,全,五層,透天厝,住家用,鋼筋混凝土造,1141226,267.75,4,3,6,有,有,32600000,121755,,0.0,0,另有一樓平面專有部分停車位1個預售屋、或土地及建物分件登記案件；,RPXNMLMJPHLGFHB98DA,259.85,0.0,6.76,有,
西屯區,土地,永安段696地號,271.56,農,,,1140912,土地1建物0車位0,,,其他,,,,0.0,0,0,0,無,無,20000000,73649,,0.0,0,,RPPQMLTJPHLGFCB68DA,0.0,0.0,0.0,無,
太平區,土地,頭汴坑段242地號,3326.0,,山坡地保育區,農牧用地,1140727,土地1建物0車位0,,,其他,,,,0.0,0,0,0,無,無,3500000,1052,,0.0,0,,RPXNMLMLOHLGFJB66DA,0.0,0.0,0.0,無,
西屯區,土地,西屯段2358地號,17.23,住,,,1140610,土地4建物0車位0,,,其他,,,,0.0,0,0,0,無,無,4169580,241995,,0.0,0,未登記建物；,RPPNMLSJPHLGFCB28DA,0.0,0.0,0.0,無,198
大里區,房地(土地+建物)+車位,臺中市大里區忠孝路１６號十樓之６,35.35,住,,,1140411,土地1建物1車位2,十層,十五層,住宅大樓(11層含以上有電梯),住家用,鋼筋混凝土造,1150516,200.98000000000002,4,2,2,有,無,22700000,121000,坡道平面,49.74,4400000,預售屋、或土地及建物分件登記案件；,RPSPMLQJPHLGFIB56DA,90.44,0.0,9.73,有,
沙鹿區,房地(土地+建物),臺中市沙鹿區明秀一街２９號,68.62,住,,,1140227,土地1建物1車位0,全,四層,透天厝,住家用,鋼筋混凝土造,1150109,181.17,2,2,4,有,無,20000000,110394,,0.0,0,預售屋、或土地及建物分件登記案件；,RPWNMLPLOHLGFFB09DA,171.24,0.0,9.93,無,
沙鹿區,房地(土地+建物),臺中市沙鹿區明秀一街２７號,65.69,住,,,1140227,土地1建物1車位0,全,四層,透天厝,住家用,鋼筋混凝土造,1150109,181.17,2,2,4,有,無,20000000,110394,,0.0,0,,RPXNMLPLOHLGFFB56DA,171.24,0.0,9.93,無,
南屯區,房地(土地+建物)+車位,臺中市南屯區龍富路五段２８號二十樓之１,43.39,住,,,1140104,土地1建物1車位2,二十層,二十三層,住宅大樓(11層含以上有電梯),住家用,鋼筋混凝土造,1141008,259.72,3,2,2,有,有,53700000,240275,坡道平面,58.7,5400000,預售屋、或土地及建物分件登記案件；,RPTSMLNLOHLGFCB78DA,117.84,0.0,14.79,有,
北屯區,房地(土地+建物)+車位,臺中市北屯區興安路二段１００號八樓之２,26.24,住,,,1140112,土地1建物1車位1,八層,十四層,住宅大樓(11層含以上有電梯),住家用,鋼筋混凝土造,1150507,185.98,4,2,2,有,有,24880000,141852,坡道平面,25.39,2100000,預售屋、或土地及建物分件登記案件；,RPSPMLKKOHLGFBB87DA,96.27,0.0,10.55,有,
北屯區,房地(土地+建物)+車位,臺中市北屯區興安路二段１００號八樓之５,21.74,住,,,1140104,土地1建物1車位1,八層,十四層,住宅大樓(11層含以上有電梯),住家用,鋼筋混凝土造,1150507,156.98,3,2,2,有,有,20930000,144616,坡道平面,25.39,1900000,預售屋、或土地及建物分件登記案件；,RPQPMLSJPHLGFBB48DA,78.47,0.0,9.05,有,
潭子區,房地(土地+建物),臺中市潭子區豐興路一段４００巷３１號,124.15,,特定農業區,甲種建築用地,1131209,土地2建物1車位0,全,四層,透天厝,住家用,鋼筋混凝土造,1141226,226.70999999999998,4,3,5,有,有,33800000,149089,,0.0,0,預售屋、或土地及建物分件登記案件；,RPVNMLMJPHLGFHB78DA,214.32,0.0,11.25,有,
大里區,房地(土地+建物)+車位,臺中市大里區忠孝路６號十三樓之５,28.72,住,,,1131218,土地1建物1車位2,十三層,十五層,住宅大樓(11層含以上有電梯),住家用,鋼筋混凝土造,1150516,172.97,3,2,2,有,無,20000000,126593,坡道平面,49.74,4400000,預售屋、或土地及建物分件登記案件；,RPXPMLQJPHLGFIB07DA,73.61,0.0,7.98,有,
大雅區,房地(土地+建物),臺中市大雅區大林路１４０巷６６弄２７之６號,114.75,,特定農業區,甲種建築用地,1131130,土地2建物1車位0,全,四層,透天厝,住家用,鋼筋混凝土造,1150417,273.57,5,3,6,有,無,28300000,103447,,0.0,0,2258、2258-11地號土地拆價：127500002518建號建物拆價：15550000預售屋、或土地及建物分件登記案件；,RPRNMLPLOHLGFHB78DA,258.48,0.0,15.09,有,
北屯區,房地(土地+建物),臺中市北屯區德和一街１０７號,158.9,住,,,1131129,土地2建物1車位0,全,五層,透天厝,住家用,鋼筋混凝土造,1150130,374.47,6,3,6,有,有,66000000,176249,,0.0,0,預售屋、或土地及建物分件登記案件；,RPQPMLRJPHLGFBB38DA,353.19,0.0,21.28,無,
東區,房地(土地+建物)+車位,臺中市東區東英三街１００號十樓之５,12.88,商,,,1131107,土地1建物1車位1,十層,十四層,住宅大樓(11層含以上有電梯),住家用,鋼筋混凝土造,1150403,115.96000000000001,2,2,2,有,有,14680000,144400,坡道平面,28.01,1980000,預售屋、或土地及建物分件登記案件；,RPWNMLQJPHLGFAB58DA,54.24,0.0,4.18,有,
大里區,房地(土地+建物)+車位,臺中市大里區忠孝路６號十四樓之２,28.91,住,,,1131002,土地1建物1車位1,十四層,十五層,住宅大樓(11層含以上有電梯),住家用,鋼筋混凝土造,1150516,148.71,3,2,2,有,無,18800000,134044,坡道平面,24.87,2200000,預售屋、或土地及建物分件登記案件；,RPUNNLTKOHLGFIB96DA,73.94,0.0,8.04,有,
大里區,房地(土地+建物)+車位,臺中市大里區忠孝路６號十五樓之２,28.91,住,,,1131006,土地1建物1車位1,十五層,十五層,住宅大樓(11層含以上有電梯),住家用,鋼筋混凝土造,1150516,148.71,3,2,2,有,無,19080000,134690,坡道平面,24.87,2400000,預售屋、或土地及建物分件登記案件；,RPXNNLTKOHLGFIB27DA,73.94,0.0,8.04,有,
潭子區,房地(土地+建物),臺中市潭子區豐興路一段４００巷２１號,121.34,,特定農業區,甲種建築用地,1130918,土地2建物1車位0,全,四層,透天厝,住家用,鋼筋混凝土造,1141226,219.5,4,3,5,有,有,33500000,152620,,0.0,0,預售屋、或土地及建物分件登記案件；,RPUNMLMJPHLGFHB68DA,207.71,0.0,10.65,有,
北屯區,房地(土地+建物)+車位,臺中市北屯區興安路二段１００號三樓之３,21.74,住,,,1130907,土地1建物1車位1,三層,十四層,住宅大樓(11層含以上有電梯),住家用,鋼筋混凝土造,1150507,157.04,3,2,2,有,有,20300000,138245,坡道平面,25.39,2100000,預售屋、或土地及建物分件登記案件；,RPTPMLKKOHLGFBB97DA,78.53,0.0,9.05,有,
龍井區,房地(土地+建物)+車位,臺中市龍井區龍北路１１５巷７號,102.25,住,,,1130906,土地2建物1車位1,全,四層,透天厝,住家用,鋼筋混凝土造,1150304,201.67,4,2,4,有,無,16480000,81718,一樓平面,0.0,0,預售屋、或土地及建物分件登記案件；,RPXNMLPKPHLGFKB07DA,187.16,0.0,14.51,無,
北屯區,房地(土地+建物)+車位,臺中市北屯區興安路二段１００號十四樓之１,25.49,住,,,1130822,土地1建物1車位1,十四層,十四層,住宅大樓(11層含以上有電梯),住家用,鋼筋混凝土造,1150507,177.34,3,2,2,有,有,22930000,137643,坡道平面,24.19,1850000,預售屋、或土地及建物分件登記案件；,RPPPMLKKOHLGFBB57DA,91.36,0.0,10.53,有,
北屯區,房地(土地+建物)+車位,臺中市北屯區興安路二段９８號七樓之５,21.37,住,,,1130812,土地1建物1車位1,七層,十五層,住宅大樓(11層含以上有電梯),住家用,鋼筋混凝土造,1150507,154.72,3,2,2,有,有,19760000,137976,坡道平面,24.19,1750000,預售屋、或土地及建物分件登記案件；,RPUPMLSJPHLGFBB88DA,77.61,0.0,9.2,有,
北屯區,房地(土地+建物)+車位,臺中市北屯區洲際路２８號二樓之１,33.39,住,,,1130801,土地1建物1車位1,二層,十五層,住宅大樓(11層含以上有電梯),住家用,鋼筋混凝土造,1140908,154.49,3,2,2,有,有,21760000,164964,坡道平面,34.1,1900000,預售屋、或土地及建物分件登記案件；,RPVNMLNKPHLGFBB38DA,70.68,0.0,8.8,有,
大里區,房地(土地+建物)+車位,臺中市大里區忠孝路１６號四樓之１,29.18,住,,,1130811,土地1建物1車位1,四層,十五層,住宅大樓(11層含以上有電梯),住家用,鋼筋混凝土造,1150516,150.44,3,2,2,有,無,16980000,117703,坡道平面,24.87,2200000,預售屋、或土地及建物分件登記案件；,RPPOMLTKOHLGFIB09DA,74.37,0.0,8.79,有,
東區,房地(土地+建物)+車位,臺中市東區東英三街１００號九樓之８,10.9,商,,,1130720,土地1建物1車位1,九層,十四層,住宅大樓(11層含以上有電梯),住家用,鋼筋混凝土造,1150403,102.21000000000001,2,2,1,有,有,12260000,139892,坡道平面,28.01,1880000,預售屋、或土地及建物分件登記案件；,RPTOMLTLNHLGFAB68DA,45.43,0.0,3.88,有,
東區,房地(土地+建物)+車位,臺中市東區東英三街１００號四樓之６,13.47,商,,,1130719,土地1建物1車位1,四層,十四層,住宅大樓(11層含以上有電梯),住家用,鋼筋混凝土造,1150403,119.85,2,2,2,有,有,13730000,129029,坡道平面,28.01,1880000,預售屋、或土地及建物分件登記案件；,RPUNMLNJOHLGFAB97DA,56.37,0.0,4.67,有,
東區,房地(土地+建物)+車位,臺中市東區東英三街１００號十三樓之６,13.47,商,,,1130721,土地1建物1車位1,十三層,十四層,住宅大樓(11層含以上有電梯),住家用,鋼筋混凝土造,1150403,119.85,2,2,2,有,有,14510000,135344,坡道平面,28.01,2080000,預售屋、或土地及建物分件登記案件；,RPUNMLRJPHLGFAB48DA,56.37,0.0,4.67,有,
東區,房地(土地+建物)+車位,臺中市東區東英三街１００號三樓之６,13.47,商,,,1130720,土地1建物1車位1,三層,十四層,住宅大樓(11層含以上有電梯),住家用,鋼筋混凝土造,1150403,118.83,2,2,2,有,有,13820000,130023,坡道平面,27.0,1880000,預售屋、或土地及建物分件登記案件；,RPVNMLRJPHLGFAB58DA,56.37,0.0,4.67,有,
北屯區,房地(土地+建物)+車位,臺中市北屯區興安路二段９８號八樓之１,20.99,住,,,1130715,土地1建物1車位1,八層,十五層,住宅大樓(11層含以上有電梯),住家用,鋼筋混凝土造,1150507,152.32999999999998,3,2,2,有,有,19110000,133916,坡道平面,24.19,1950000,預售屋、或土地及建物分件登記案件；,RPUQMLKKOHLGFBB18DA,77.61,0.0,7.65,有,
西屯區,房地(土地+建物)+車位,臺中市西屯區朝馬二街８號三樓之２,29.44,住,,,1130727,土地1建物1車位2,三層,十二層,住宅大樓(11層含以上有電梯),住家用,鋼筋混凝土造,1141124,232.39999999999998,3,2,2,有,有,32680000,185152,坡道平面,77.5,4000000,114.11.8夫妻贈與讓渡預售屋、或土地及建物分件登記案件；,RPUNMLKKPHLGFCB08DA,90.56,0.0,11.99,有,
大里區,房地(土地+建物)+車位,臺中市大里區忠孝路６號七樓之２,28.91,住,,,1130713,土地1建物1車位1,七層,十五層,住宅大樓(11層含以上有電梯),住家用,鋼筋混凝土造,1150516,148.71,3,2,2,有,無,17390000,121043,坡道平面,24.87,2400000,預售屋、或土地及建物分件登記案件；,RPPSMLTKOHLGFIB86DA,73.94,0.0,8.04,有,
大里區,房地(土地+建物)+車位,臺中市大里區忠孝路６號十樓之２,28.91,住,,,1130718,土地1建物1車位1,十層,十五層,住宅大樓(11層含以上有電梯),住家用,鋼筋混凝土造,1150516,148.71,3,2,2,有,無,17900000,125161,坡道平面,24.87,2400000,預售屋、或土地及建物分件登記案件；,RPRVMLTKOHLGFIB37DA,73.94,0.0,8.04,有,
東區,房地(土地+建物)+車位,臺中市東區東英三街１００號七樓之２,13.27,商,,,1130720,土地1建物1車位1,七層,十四層,住宅大樓(11層含以上有電梯),住家用,鋼筋混凝土造,1150403,118.78,2,2,2,有,有,14170000,134295,坡道平面,28.01,1980000,預售屋、或土地及建物分件登記案件；,RPXOMLPLOHLGFAB78DA,56.83,0.0,3.56,有,
東區,房地(土地+建物)+車位,臺中市東區東英三街１００號八樓之７,16.25,商,,,1130719,土地1建物1車位1,八層,十四層,住宅大樓(11層含以上有電梯),住家用,鋼筋混凝土造,1150403,139.48000000000002,3,2,2,有,有,16750000,131605,坡道平面,28.01,2080000,預售屋、或土地及建物分件登記案件；,RPROMLMJPHLGFAB77DA,68.16,0.0,5.93,有,
東區,房地(土地+建物)+車位,臺中市東區東英三街１００號十三樓之８,10.9,商,,,1130723,土地1建物1車位1,十三層,十四層,住宅大樓(11層含以上有電梯),住家用,鋼筋混凝土造,1150403,102.21000000000001,2,2,1,有,有,12320000,138005,坡道平面,28.01,2080000,115.2.6權利轉讓總價為新台幣1232萬元整配偶預售屋、或土地及建物分件登記案件；,RPWNMLNJPHLGFAB28DA,45.43,0.0,3.88,有,
東區,房地(土地+建物)+車位,臺中市東區東英三街１００號六樓之８,10.9,商,,,1130722,土地1建物1車位1,六層,十四層,住宅大樓(11層含以上有電梯),住家用,鋼筋混凝土造,1150403,102.21000000000001,2,2,1,有,有,11930000,135445,坡道平面,28.01,1880000,115.2.4權利轉讓總價為新台幣1193萬元整配偶預售屋、或土地及建物分件登記案件；,RPOOMLQJPHLGFAB87DA,45.43,0.0,3.88,有,
東區,房地(土地+建物)+車位,臺中市東區東英三街１００號六樓之１１,12.68,商,,,1130720,土地1建物1車位1,六層,十四層,住宅大樓(11層含以上有電梯),住家用,鋼筋混凝土造,1150403,114.47999999999999,2,2,2,有,有,13640000,134844,坡道平面,28.01,1980000,預售屋、或土地及建物分件登記案件；,RPSNMLNKPHLGFAB97DA,53.26,0.0,4.18,有,
北屯區,房地(土地+建物)+車位,臺中市北屯區敦富一街３６６號四樓之１,23.7,住,,,1130612,土地1建物1車位1,四層,十七層,住宅大樓(11層含以上有電梯),住家用,鋼筋混凝土造,1150318,162.82,3,2,2,有,有,21000000,144526,坡道平面,32.74,2200000,權利讓渡日期:115/02/13預售屋、或土地及建物分件登記案件；,RPOPMLQJPHLGFBB08DA,78.53,0.0,7.5,有,
西屯區,房地(土地+建物)+車位,臺中市西屯區青海南街２３３號十五樓之５,11.31,住,,,1130619,土地1建物1車位1,十五層,二十三層,住宅大樓(11層含以上有電梯),住家用,鋼筋混凝土造,1150407,82.53,1,1,1,有,有,14300000,206951,坡道機械,19.23,1200000,預售屋、或土地及建物分件登記案件；,RPORMLTKNHLGFCB58DA,35.59,0.0,4.36,有,
西屯區,房地(土地+建物)+車位,臺中市西屯區青海南街２３３號二十樓之２,14.83,住,,,1130604,土地1建物1車位1,二十層,二十三層,住宅大樓(11層含以上有電梯),住家用,鋼筋混凝土造,1150407,117.78999999999999,2,1,1,有,有,18630000,196381,坡道平面,34.89,2350000,預售屋、或土地及建物分件登記案件；,RPPRMLTKNHLGFCB68DA,48.33,0.0,4.02,有,
北屯區,房地(土地+建物)+車位,臺中市北屯區興安路二段１００號五樓之１,26.24,住,,,1130606,土地1建物1車位1,五層,十四層,住宅大樓(11層含以上有電梯),住家用,鋼筋混凝土造,1150507,184.76999999999998,4,2,2,有,有,22460000,128347,坡道平面,24.19,1850000,114.12.15預售屋讓渡，讓渡關係:母女。預售屋、或土地及建物分件登記案件；,RPRNMLNKOHLGFBB87DA,96.27,0.0,10.53,有,
北屯區,房地(土地+建物)+車位,臺中市北屯區興安路二段９６號二樓之３,21.37,住,,,1130627,土地1建物1車位1,二層,十五層,住宅大樓(11層含以上有電梯),住家用,鋼筋混凝土造,1150507,154.51999999999998,3,2,2,有,有,18400000,126207,坡道平面,22.99,1800000,預售屋、或土地及建物分件登記案件；,RPSNMLNKOHLGFBB97DA,78.4,0.0,9.05,有,
大里區,房地(土地+建物)+車位,臺中市大里區忠孝路１６號二樓之３,28.86,住,,,1130618,土地1建物1車位1,二層,十五層,住宅大樓(11層含以上有電梯),住家用,鋼筋混凝土造,1150516,149.29000000000002,3,2,2,有,無,17000000,116541,坡道平面,24.87,2500000,預售屋、或土地及建物分件登記案件；,RPRNMLTKOHLGFIB56DA,74.47,0.0,7.98,有,
大里區,房地(土地+建物)+車位,臺中市大里區忠孝路６號三樓之２,28.86,住,,,1130611,土地1建物1車位1,三層,十五層,住宅大樓(11層含以上有電梯),住家用,鋼筋混凝土造,1150516,148.71,3,2,2,有,無,16100000,112242,坡道平面,24.87,2200000,預售屋、或土地及建物分件登記案件；,RPWNMLTKOHLGFIB07DA,73.94,0.0,8.04,有,
大里區,房地(土地+建物)+車位,臺中市大里區忠孝路１６號七樓之２,28.86,住,,,1130602,土地1建物1車位1,七層,十五層,住宅大樓(11層含以上有電梯),住家用,鋼筋混凝土造,1150516,148.82,3,2,2,有,無,16210000,113029,坡道平面,24.87,2200000,預售屋、或土地及建物分件登記案件；,RPURMLTKOHLGFIB27DA,73.3,0.0,8.79,有,
大里區,房地(土地+建物)+車位,臺中市大里區忠孝路１６號十三樓之１,29.23,住,,,1130618,土地1建物1車位1,十三層,十五層,住宅大樓(11層含以上有電梯),住家用,鋼筋混凝土造,1150516,150.44,3,2,2,有,無,17770000,122402,坡道平面,24.87,2400000,預售屋、或土地及建物分件登記案件；,RPUWMLTKOHLGFIB77DA,74.37,0.0,8.79,有,
大里區,房地(土地+建物)+車位,臺中市大里區忠孝路６號十三樓之１,28.86,住,,,1130612,土地1建物1車位1,十三層,十五層,住宅大樓(11層含以上有電梯),住家用,鋼筋混凝土造,1150516,148.76,3,2,2,有,無,17450000,121479,坡道平面,24.87,2400000,預售屋、或土地及建物分件登記案件；,RPONNLTKOHLGFIB98DA,73.24,0.0,8.79,有,
大里區,房地(土地+建物)+車位,臺中市大里區忠孝路１６號四樓之３,28.86,住,,,1130605,土地1建物1車位2,四層,十五層,住宅大樓(11層含以上有電梯),住家用,鋼筋混凝土造,1150516,174.26999999999998,3,2,2,有,無,18450000,112824,坡道平面,49.74,4400000,預售屋、或土地及建物分件登記案件；,RPXNMLKMOHLGFIB09DA,74.47,0.0,7.98,有,
大里區,房地(土地+建物)+車位,臺中市大里區忠孝路６號九樓之１,28.86,住,,,1130608,土地1建物1車位2,九層,十五層,住宅大樓(11層含以上有電梯),住家用,鋼筋混凝土造,1150516,173.69,3,2,2,有,無,19180000,116821,坡道平面,49.74,4700000,預售屋、或土地及建物分件登記案件；,RPQPMLQJPHLGFIB98DA,73.3,0.0,8.79,有,
東勢區,房地(土地+建物),臺中市東勢區東關路六段２９６之６號,75.64,住,,,1130612,土地1建物1車位0,全,四層,透天厝,住商用,鋼筋混凝土造,1141023,195.12,3,3,4,有,無,16600000,85076,,0.0,0,未登記建物；預售屋、或土地及建物分件登記案件；,RPQNMLQKPHLGFGB68DA,176.86,0.0,18.26,無,
南屯區,房地(土地+建物)+車位,臺中市南屯區建功路６７號十六樓之１,19.97,住,,,1130505,土地1建物1車位2,十六層,二十三層,住宅大樓(11層含以上有電梯),住家用,鋼筋混凝土造,1141226,221.63,4,2,2,有,有,24600000,122232,坡道平面,52.28,3900000,預售屋、或土地及建物分件登記案件；,RPQWMLMLOHLGFCB78DA,102.97,0.0,13.32,有,
太平區,房地(土地+建物)+車位,臺中市太平區環中東路三段１９７號,22.33,住,,,1130518,土地1建物1車位1,一層,十五層,住宅大樓(11層含以上有電梯),其他,鋼筋混凝土造,1150113,118.1,0,0,0,無,有,14100000,134639,坡道平面,28.23,2000000,預售屋、或土地及建物分件登記案件；,RPSNMLSJPHLGFJB66DA,68.53,0.0,0.0,有,
北屯區,房地(土地+建物)+車位,臺中市北屯區興安路二段９８號五樓之１,20.99,住,,,1130502,土地1建物1車位1,五層,十五層,住宅大樓(11層含以上有電梯),住家用,鋼筋混凝土造,1150507,145.38,3,2,2,有,有,16500000,122532,坡道機械,17.25,800000,預售屋、或土地及建物分件登記案件；,RPTQMLKKOHLGFBB08DA,77.61,0.0,7.65,有,
北屯區,房地(土地+建物)+車位,臺中市北屯區興安路二段９６號五樓之１,20.99,住,,,1130510,土地1建物1車位1,五層,十五層,住宅大樓(11層含以上有電梯),住家用,鋼筋混凝土造,1150507,152.32999999999998,3,2,2,有,有,18370000,129702,坡道平面,24.19,1750000,預售屋、或土地及建物分件登記案件；,RPSSMLKKOHLGFBB18DA,77.61,0.0,7.65,有,
北屯區,房地(土地+建物)+車位,臺中市北屯區興安路二段９６號二樓之２,21.37,住,,,1130504,土地1建物1車位1,二層,十五層,住宅大樓(11層含以上有電梯),住家用,鋼筋混凝土造,1150507,147.3,3,2,2,有,有,16860000,123491,坡道機械,17.25,800000,預售屋、或土地及建物分件登記案件；,RPSPMLSJPHLGFBB68DA,77.41,0.0,9.05,有,
大里區,房地(土地+建物)+車位,臺中市大里區忠孝路６號三樓之７,28.68,住,,,1130520,土地1建物1車位1,三層,十五層,住宅大樓(11層含以上有電梯),住家用,鋼筋混凝土造,1150516,148.10000000000002,3,2,2,有,無,16320000,112960,坡道平面,24.87,2400000,預售屋、或土地及建物分件登記案件；,RPOOMLTKOHLGFIB98DA,73.61,0.0,7.98,有,
大里區,房地(土地+建物)+車位,臺中市大里區忠孝路１６號九樓之１,29.23,住,,,1130510,土地1建物1車位1,九層,十五層,住宅大樓(11層含以上有電梯),住家用,鋼筋混凝土造,1150516,150.44,3,2,2,有,無,17000000,116270,坡道平面,24.87,2400000,預售屋、或土地及建物分件登記案件；,RPWTMLTKOHLGFIB67DA,74.37,0.0,8.79,有,
大里區,房地(土地+建物)+車位,臺中市大里區忠孝路１６號十樓之３,28.91,住,,,1130512,土地1建物1車位1,十層,十五層,住宅大樓(11層含以上有電梯),住家用,鋼筋混凝土造,1150516,149.4,3,2,2,有,無,17160000,120132,坡道平面,24.87,2200000,預售屋、或土地及建物分件登記案件；,RPOVMLTKOHLGFIB07DA,74.47,0.0,7.98,有,
大里區,房地(土地+建物)+車位,臺中市大里區忠孝路６號十一樓之１,28.86,住,,,1130529,土地1建物1車位1,十一層,十五層,住宅大樓(11層含以上有電梯),住家用,鋼筋混凝土造,1150516,148.82,3,2,2,有,無,16850000,116579,坡道平面,24.87,2400000,預售屋、或土地及建物分件登記案件；,RPVVMLTKOHLGFIB77DA,73.3,0.0,8.79,有,
大里區,房地(土地+建物)+車位,臺中市大里區忠孝路１６號八樓之６,35.35,住,,,1130506,土地1建物1車位2,八層,十五層,住宅大樓(11層含以上有電梯),住家用,鋼筋混凝土造,1150516,200.98000000000002,4,2,2,有,無,22900000,119677,坡道平面,49.74,4800000,預售屋、或土地及建物分件登記案件；,RPWOMLQJPHLGFIB86DA,90.44,0.0,9.73,有,
大里區,房地(土地+建物)+車位,臺中市大里區忠孝路１６號九樓之５,31.51,住,,,1130510,土地1建物1車位2,九層,十五層,住宅大樓(11層含以上有電梯),住家用,鋼筋混凝土造,1150516,184.68,3,2,2,有,無,20960000,123462,坡道平面,49.74,4300000,預售屋、或土地及建物分件登記案件；,RPOPMLQJPHLGFIB78DA,80.07,0.0,9.24,有,
大里區,房地(土地+建物)+車位,臺中市大里區忠孝路６號十樓之３,28.95,住,,,1130520,土地1建物1車位2,十層,十五層,住宅大樓(11層含以上有電梯),住家用,鋼筋混凝土造,1150516,174.18,3,2,2,有,無,20300000,127772,坡道平面,49.74,4400000,預售屋、或土地及建物分件登記案件；,RPTPMLQJPHLGFIB66DA,74.81,0.0,7.55,有,
大里區,房地(土地+建物)+車位,臺中市大里區忠孝路１６號十四樓之１,29.23,住,,,1130505,土地1建物1車位2,十四層,十五層,住宅大樓(11層含以上有電梯),住家用,鋼筋混凝土造,1150516,175.31,3,2,2,有,無,19080000,116907,坡道平面,49.74,4400000,預售屋、或土地及建物分件登記案件；,RPPQMLQJPHLGFIB98DA,74.37,0.0,8.79,有,
南屯區,房地(土地+建物)+車位,臺中市南屯區建功路７１號十九樓之３,13.83,住,,,1130423,土地1建物1車位1,十九層,二十三層,住宅大樓(11層含以上有電梯),住家用,鋼筋混凝土造,1141226,150.81,3,2,2,有,有,18220000,130505,坡道平面,26.14,1950000,預售屋、或土地及建物分件登記案件；,RPVVMLMLOHLGFCB56DA,71.43,0.0,9.41,有,
南屯區,房地(土地+建物)+車位,臺中市南屯區建功路６９號二十二樓之８,14.6,住,,,1130411,土地1建物1車位1,二十二層,二十三層,住宅大樓(11層含以上有電梯),住家用,鋼筋混凝土造,1141226,158.16000000000003,3,2,2,有,有,18100000,124224,坡道平面,26.14,1700000,預售屋、或土地及建物分件登記案件；,RPPWMLMLOHLGFCB68DA,72.91,0.0,13.74,有,
西屯區,房地(土地+建物)+車位,臺中市西屯區青海南街２３３號十九樓之２,14.83,住,,,1130422,土地1建物1車位1,十九層,二十三層,住宅大樓(11層含以上有電梯),住家用,鋼筋混凝土造,1150407,117.78999999999999,2,1,1,有,有,18000000,187575,坡道平面,34.89,2450000,預售屋、或土地及建物分件登記案件；,RPTVMLMLOHLGFCB98DA,48.33,0.0,4.02,有,
太平區,房地(土地+建物)+車位,臺中市太平區育才路１７３號十四樓之５,32.96,住,,,1130422,土地1建物1車位2,十四層,十五層,住宅大樓(11層含以上有電梯),住家用,鋼筋混凝土造,1150113,215.6,4,2,2,有,有,20610000,110657,坡道平面,56.46,3000000,預售屋、或土地及建物分件登記案件；,RPVNMLSJPHLGFJB96DA,98.88,0.0,10.0,有,
大里區,房地(土地+建物)+車位,臺中市大里區忠孝路６號五樓之１,28.86,住,,,1130420,土地1建物1車位1,五層,十五層,住宅大樓(11層含以上有電梯),住家用,鋼筋混凝土造,1150516,148.82,3,2,2,有,無,15990000,109641,坡道平面,24.87,2400000,預售屋、或土地及建物分件登記案件；,RPVPMLTKOHLGFIB17DA,73.3,0.0,8.79,有,
大里區,房地(土地+建物)+車位,臺中市大里區忠孝路６號五樓之２,28.91,住,,,1130408,土地1建物1車位1,五層,十五層,住宅大樓(11層含以上有電梯),住家用,鋼筋混凝土造,1150516,148.71,3,2,2,有,無,16290000,113776,坡道平面,24.87,2200000,預售屋、或土地及建物分件登記案件；,RPWPMLTKOHLGFIB27DA,73.94,0.0,8.04,有,
大里區,房地(土地+建物)+車位,臺中市大里區忠孝路１６號六樓之５,31.51,住,,,1130415,土地1建物1車位1,六層,十五層,住宅大樓(11層含以上有電梯),住家用,鋼筋混凝土造,1150516,159.81,3,2,2,有,無,17880000,114718,坡道平面,24.87,2400000,預售屋、或土地及建物分件登記案件；,RPUQMLTKOHLGFIB17DA,80.07,0.0,9.24,有,
大里區,房地(土地+建物)+車位,臺中市大里區忠孝路１６號十樓之５,31.51,住,,,1130426,土地1建物1車位2,十層,十五層,住宅大樓(11層含以上有電梯),住家用,鋼筋混凝土造,1150516,184.68,3,2,2,有,無,21000000,120053,坡道平面,49.74,4800000,預售屋、或土地及建物分件登記案件；,RPRPMLQJPHLGFIB09DA,80.07,0.0,9.24,有,
北區,房地(土地+建物)+車位,臺中市北區太原八街８３號三樓之６,20.93,住,,,1130317,土地1建物1車位1,三層,七層,華廈(10層含以下有電梯),住家用,鋼筋混凝土造、鋼骨造,1150310,87.87,2,2,2,有,有,11240000,126961,升降機械,5.64,800000,預售屋、或土地及建物分件登記案件；,RPPRMLPLNHLGFBB28DA,45.27,0.0,5.3,有,
神岡區,房地(土地+建物)+車位,臺中市神岡區豐社路１９６號十樓之２,35.01,住,,,1130311,土地1建物1車位2,十層,十四層,住宅大樓(11層含以上有電梯),住家用,鋼筋混凝土造,1150402,187.64,4,2,2,有,有,18060000,104748,坡道平面,48.64,3500000,預售屋、或土地及建物分件登記案件；,RPXNMLTLOHLGFDB76DA,85.24,0.0,6.73,有,
外埔區,房地(土地+建物),臺中市外埔區三崁路２３之５０號七樓之６,32.76,,特定農業區,甲種建築用地,1130309,土地1建物1車位0,七層,八層,華廈(10層含以下有電梯),住家用,鋼筋混凝土造,1150226,113.8,3,2,2,有,有,9550000,83919,,0.0,0,預售屋、或土地及建物分件登記案件；,RPVNMLOJOHLGFEB58DA,74.29,0.0,8.27,有,
沙鹿區,房地(土地+建物)+車位,臺中市沙鹿區星河路２０３之１１號四樓之３,25.89,住,,,1130317,土地1建物1車位1,四層,七層,華廈(10層含以下有電梯),住家用,鋼筋混凝土造,1150507,102.06,2,2,2,有,有,9400000,91392,坡道機械,7.96,800000,預售屋、或土地及建物分件登記案件；,RPQNMLPKOHLGFFB38DA,57.95,0.0,6.5,有,
大里區,房地(土地+建物)+車位,臺中市大里區忠孝路６號三樓之１,28.82,住,,,1130325,土地1建物1車位1,三層,十五層,住宅大樓(11層含以上有電梯),住家用,鋼筋混凝土造,1150516,148.82,3,2,2,有,無,15680000,108754,坡道平面,24.87,2200000,預售屋、或土地及建物分件登記案件；,RPVNMLTKOHLGFIB96DA,73.3,0.0,8.79,有,
大里區,房地(土地+建物)+車位,臺中市大里區忠孝路６號四樓之１,28.86,住,,,1130322,土地1建物1車位1,四層,十五層,住宅大樓(11層含以上有電梯),住家用,鋼筋混凝土造,1150516,148.82,3,2,2,有,無,15580000,107947,坡道平面,24.87,2200000,預售屋、或土地及建物分件登記案件；,RPUOMLTKOHLGFIB96DA,73.3,0.0,8.79,有,
大里區,房地(土地+建物)+車位,臺中市大里區忠孝路１６號八樓之１,29.23,住,,,1130324,土地1建物1車位1,八層,十五層,住宅大樓(11層含以上有電梯),住家用,鋼筋混凝土造,1150516,150.44,3,2,2,有,無,16690000,113801,坡道平面,24.87,2400000,預售屋、或土地及建物分件登記案件；,RPVSMLTKOHLGFIB47DA,74.37,0.0,8.79,有,
大里區,房地(土地+建物)+車位,臺中市大里區忠孝路６號八樓之１,28.86,住,,,1130324,土地1建物1車位1,八層,十五層,住宅大樓(11層含以上有電梯),住家用,鋼筋混凝土造,1150516,148.82,3,2,2,有,無,16100000,112142,坡道平面,24.87,2200000,預售屋、或土地及建物分件登記案件；,RPRTMLTKOHLGFIB17DA,73.3,0.0,8.79,有,
東勢區,房地(土地+建物),臺中市東勢區東關路六段２９６號,78.09,住,,,1130318,土地1建物1車位0,全,四層,透天厝,住商用,鋼筋混凝土造,1140627,200.82,3,3,4,有,無,16390000,81615,,0.0,0,未登記建物；預售屋、或土地及建物分件登記案件；,RPRNMLQKPHLGFGB78DA,182.56,0.0,18.26,無,
南屯區,房地(土地+建物)+車位,臺中市南屯區建功路６９號三樓之１,14.6,住,,,1130225,土地1建物1車位1,三層,二十三層,住宅大樓(11層含以上有電梯),住家用,鋼筋混凝土造,1141226,158.44,3,2,2,有,有,17330000,118141,坡道平面,26.14,1700000,預售屋、或土地及建物分件登記案件；,RPWVMLMLOHLGFCB66DA,75.35,0.0,11.58,有,
西屯區,房地(土地+建物)+車位,臺中市西屯區青海南街２３３號十二樓之６,14.71,住,,,1130207,土地1建物1車位1,十二層,二十三層,住宅大樓(11層含以上有電梯),住家用,鋼筋混凝土造,1150407,101.47,2,1,1,有,有,17550000,196984,坡道機械,19.23,1350000,預售屋、或土地及建物分件登記案件；,RPPSMLQJPHLGFCB58DA,47.88,0.0,4.02,有,
沙鹿區,房地(土地+建物),臺中市沙鹿區星河路２０３之１６號,77.42,住,,,1130201,土地1建物1車位0,全,四層,透天厝,住家用,鋼筋混凝土造,1150507,175.49,5,3,4,有,無,17000000,96872,,0.0,0,預售屋、或土地及建物分件登記案件；,RPWWMLSLNHLGFFB57DA,154.59,0.0,20.9,無,
沙鹿區,房地(土地+建物),臺中市沙鹿區星河路２０３之１８號,84.9,住,,,1130206,土地1建物1車位0,全,四層,透天厝,住家用,鋼筋混凝土造,1150507,178.54,5,3,4,有,無,17000000,95217,,0.0,0,原權利人於民國115年5月13日原價讓與28/100給新權利人預售屋、或土地及建物分件登記案件；,RPWNMLTLNHLGFFB76DA,157.32,0.0,21.22,無,
大里區,房地(土地+建物)+車位,臺中市大里區忠孝路１６號六樓之６,35.35,住,,,1130223,土地1建物1車位1,六層,十五層,住宅大樓(11層含以上有電梯),住家用,鋼筋混凝土造,1150516,176.11,4,2,2,有,無,20050000,118024,坡道平面,24.87,2200000,預售屋、或土地及建物分件登記案件；,RPVQMLTKOHLGFIB27DA,90.44,0.0,9.73,有,
大里區,房地(土地+建物)+車位,臺中市大里區忠孝路６號七樓之６,31.6,住,,,1130202,土地1建物1車位1,七層,十五層,住宅大樓(11層含以上有電梯),住家用,鋼筋混凝土造,1150516,160.16,3,2,2,有,無,18110000,117599,坡道平面,24.87,2200000,預售屋、或土地及建物分件登記案件；,RPTSMLTKOHLGFIB27DA,80.31,0.0,9.24,有,
太平區,房地(土地+建物)+車位,臺中市太平區新平路三段２２７號三樓之１,30.83,住,,,1130220,土地1建物1車位1,三層,十四層,住宅大樓(11層含以上有電梯),住家用,鋼筋混凝土造,1150527,145.76,3,2,2,有,有,14250000,111023,坡道平面,32.72,1700000,預售屋、或土地及建物分件登記案件；,RPRNMLMKOHLGFJB58DA,67.4,0.0,7.23,有,
西屯區,房地(土地+建物)+車位,臺中市西屯區青海路二段５１６號十九樓之６,17.15,住,,,1130226,土地2建物1車位1,十九層,十九層,住宅大樓(11層含以上有電梯),住家用,鋼筋混凝土造,1150108,142.48000000000002,3,2,2,有,有,22780000,179366,坡道平面,28.3,2300000,預售屋、或土地及建物分件登記案件；,RPQQMLOKPHLGFCB38DA,65.73,0.0,7.96,有,
西屯區,房地(土地+建物)+車位,臺中市西屯區青海南街２３３號二十二樓之２,14.83,住,,,1130105,土地1建物1車位1,二十二層,二十三層,住宅大樓(11層含以上有電梯),住家用,鋼筋混凝土造,1150407,117.86000000000001,2,1,1,有,有,18150000,189225,坡道平面,34.89,2450000,預售屋、或土地及建物分件登記案件；,RPTNMLLJPHLGFCB97DA,48.33,0.0,4.02,有,
大里區,房地(土地+建物)+車位,臺中市大里區忠孝路１６號六樓之３,28.91,住,,,1130112,土地1建物1車位1,六層,十五層,住宅大樓(11層含以上有電梯),住家用,鋼筋混凝土造,1150516,149.4,3,2,2,有,無,16440000,114350,坡道平面,24.87,2200000,預售屋、或土地及建物分件登記案件；,RPTQMLTKOHLGFIB07DA,74.47,0.0,7.98,有,
大里區,房地(土地+建物)+車位,臺中市大里區忠孝路１６號八樓之３,28.91,住,,,1130111,土地1建物1車位1,八層,十五層,住宅大樓(11層含以上有電梯),住家用,鋼筋混凝土造,1150516,149.4,3,2,2,有,無,16510000,115715,坡道平面,24.87,2100000,預售屋、或土地及建物分件登記案件；,RPXSMLTKOHLGFIB67DA,74.47,0.0,7.98,有,
大里區,房地(土地+建物)+車位,臺中市大里區忠孝路１６號十三樓之３,28.91,住,,,1130108,土地1建物1車位1,十三層,十五層,住宅大樓(11層含以上有電梯),住家用,鋼筋混凝土造,1150516,149.4,3,2,2,有,無,17200000,118847,坡道平面,24.87,2400000,預售屋、或土地及建物分件登記案件；,RPWWMLTKOHLGFIB97DA,74.47,0.0,7.98,有,
大里區,房地(土地+建物)+車位,臺中市大里區忠孝路６號十一樓之３,28.95,住,,,1130115,土地1建物1車位2,十一層,十五層,住宅大樓(11層含以上有電梯),住家用,鋼筋混凝土造,1150516,174.18,3,2,2,有,無,19910000,124638,坡道平面,49.74,4400000,預售屋、或土地及建物分件登記案件；,RPUPMLQJPHLGFIB76DA,74.81,0.0,7.55,有,
南屯區,房地(土地+建物)+車位,臺中市南屯區建功路６９號六樓之１,14.6,住,,,1121224,土地1建物1車位1,六層,二十三層,住宅大樓(11層含以上有電梯),住家用,鋼筋混凝土造,1141226,158.44,3,2,2,有,有,16630000,113983,坡道平面,26.14,1550000,預售屋、或土地及建物分件登記案件；,RPXVMLMLOHLGFCB76DA,75.35,0.0,11.58,有,
沙鹿區,房地(土地+建物)+車位,臺中市沙鹿區東晉一街６１號三樓之７,35.21,住,,,1121205,土地1建物1車位1,三層,六層,華廈(10層含以下有電梯),住家用,鋼筋混凝土造,1150318,123.09,2,2,2,有,有,10380000,111527,坡道平面,43.02,1450000,預售屋、或土地及建物分件登記案件；,RPRPMLTLMHLGFFB98DA,46.62,0.0,6.32,有,
西屯區,房地(土地+建物)+車位,臺中市西屯區青海南街２３３號六樓之１,13.9,住,,,1121222,土地1建物1車位1,六層,二十三層,住宅大樓(11層含以上有電梯),住家用,鋼筋混凝土造,1150407,93.49000000000001,2,1,1,有,有,15250000,180041,坡道機械,15.73,1250000,預售屋、或土地及建物分件登記案件；,RPVRMLQJPHLGFCB09DA,45.08,0.0,4.02,有,
神岡區,房地(土地+建物)+車位,臺中市神岡區豐社路１９６號十樓之６,31.03,住,,,1121213,土地1建物1車位2,十層,十四層,住宅大樓(11層含以上有電梯),住家用,鋼筋混凝土造,1150402,171.87,3,2,2,有,有,16500000,103059,坡道平面,48.64,3800000,預售屋、或土地及建物分件登記案件；,RPOOMLTLOHLGFDB58DA,76.07,0.0,5.44,有,
太平區,房地(土地+建物)+車位,臺中市太平區育才路１７５號十樓之５,26.58,住,,,1121205,土地1建物1車位2,十層,十五層,住宅大樓(11層含以上有電梯),住家用,鋼筋混凝土造,1150113,183.76999999999998,3,2,2,有,有,17410000,113188,坡道平面,56.46,3000000,預售屋、或土地及建物分件登記案件；,RPUNMLSJPHLGFJB86DA,76.02,0.0,9.29,有,
西屯區,房地(土地+建物),臺中市西屯區中清路二段１２５０巷３５號五樓之３,13.64,住,,,1121211,土地4建物1車位0,五層,六層,華廈(10層含以下有電梯),住家用,鋼筋混凝土造,1150512,58.040000000000006,1,1,1,有,有,11000000,189524,,0.0,0,預售屋、或土地及建物分件登記案件；,RPTNMLMKPHLGFCB18DA,32.06,0.0,2.78,有,
豐原區,房地(土地+建物),臺中市豐原區向陽路３４９巷３５號四樓,24.25,住,,,1121215,土地1建物1車位0,四層,五層,華廈(10層含以下有電梯),住家用,鋼筋混凝土造,1150115,80.77000000000001,2,2,2,有,有,7600000,94094,,0.0,0,1.土地交易總價3800000元2.建物交易總價3800000元3.115年5月19日指定登記名義人姊姊。預售屋、或土地及建物分件登記案件；,RPRNMLSJPHLGFDB58DA,54.8,0.0,4.47,有,
大里區,房地(土地+建物)+車位,臺中市大里區忠孝路６號六樓之５,35.26,住,,,1121202,土地1建物1車位1,六層,十五層,住宅大樓(11層含以上有電梯),住家用,鋼筋混凝土造,1150516,175.76,4,2,2,有,無,19500000,114653,坡道平面,24.87,2200000,預售屋、或土地及建物分件登記案件；,RPQRMLTKOHLGFIB86DA,90.2,0.0,9.73,有,
大里區,房地(土地+建物)+車位,臺中市大里區忠孝路６號九樓之５,35.26,住,,,1121206,土地1建物1車位1,九層,十五層,住宅大樓(11層含以上有電梯),住家用,鋼筋混凝土造,1150516,175.76,4,2,2,有,無,20000000,117967,坡道平面,24.87,2200000,預售屋、或土地及建物分件登記案件；,RPUUMLTKOHLGFIB57DA,90.2,0.0,9.73,有,
南屯區,房地(土地+建物)+車位,臺中市南屯區建功路６５號十三樓之８,14.6,住,,,1121125,土地1建物1車位1,十三層,二十三層,住宅大樓(11層含以上有電梯),住家用,鋼筋混凝土造,1141226,158.82,3,2,2,有,有,16580000,111019,坡道平面,26.14,1850000,預售屋、或土地及建物分件登記案件；,RPUQMLPJOHLGFCB68DA,75.35,0.0,11.58,有,
南屯區,房地(土地+建物)+車位,臺中市南屯區建功路６９號十四樓之３,11.52,住,,,1121111,土地1建物1車位1,十四層,二十三層,住宅大樓(11層含以上有電梯),住家用,鋼筋混凝土造,1141226,126.9,2,2,1,有,有,13130000,113438,坡道平面,26.14,1700000,預售屋、或土地及建物分件登記案件；,RPOPMLKKOHLGFCB57DA,60.67,0.0,5.49,有,
南屯區,房地(土地+建物)+車位,臺中市南屯區建功路６５號十六樓之５,13.83,住,,,1121118,土地1建物1車位1,十六層,二十三層,住宅大樓(11層含以上有電梯),住家用,鋼筋混凝土造,1141226,148.3,3,2,2,有,有,15220000,109447,坡道平面,26.14,1850000,預售屋、或土地及建物分件登記案件；,RPSWMLMLOHLGFCB98DA,72.39,0.0,7.86,有,
神岡區,房地(土地+建物)+車位,臺中市神岡區豐社路１９６號十一樓之３,31.3,住,,,1121105,土地1建物1車位1,十一層,十四層,住宅大樓(11層含以上有電梯),住家用,鋼筋混凝土造,1150402,149.45,3,2,2,有,有,14800000,104691,坡道平面,24.32,1700000,預售屋、或土地及建物分件登記案件；,RPPOMLTLOHLGFDB68DA,76.7,0.0,6.09,有,
神岡區,房地(土地+建物)+車位,臺中市神岡區豐社路１９６號十三樓之３,31.3,住,,,1121121,土地1建物1車位1,十三層,十四層,住宅大樓(11層含以上有電梯),住家用,鋼筋混凝土造,1150402,149.45,3,2,2,有,有,15150000,107488,坡道平面,24.32,1700000,預售屋、或土地及建物分件登記案件；,RPQOMLTLOHLGFDB78DA,76.7,0.0,6.09,有,
大里區,房地(土地+建物)+車位,臺中市大里區忠孝路６號十二樓之３,28.95,住,,,1121117,土地1建物1車位1,十二層,十五層,住宅大樓(11層含以上有電梯),住家用,鋼筋混凝土造,1150516,149.31,3,2,2,有,無,17560000,123433,坡道平面,24.87,2200000,112/11/17平轉預售屋、或土地及建物分件登記案件；,RPQWMLTKOHLGFIB37DA,74.81,0.0,7.55,有,
太平區,房地(土地+建物)+車位,臺中市太平區新平路三段２２７號四樓之１,30.83,住,,,1121130,土地1建物1車位1,四層,十四層,住宅大樓(11層含以上有電梯),住家用,鋼筋混凝土造,1150527,145.76,3,2,2,有,有,14300000,110138,坡道平面,32.72,1850000,預售屋、或土地及建物分件登記案件；,RPSNMLMKOHLGFJB68DA,67.4,0.0,7.23,有,
太平區,房地(土地+建物)+車位,臺中市太平區新平路三段２２７號六樓之１,30.83,住,,,1121110,土地1建物1車位1,六層,十四層,住宅大樓(11層含以上有電梯),住家用,鋼筋混凝土造,1150527,145.76,3,2,2,有,有,14600000,112792,坡道平面,32.72,1850000,預售屋、或土地及建物分件登記案件；,RPUNMLMKOHLGFJB88DA,67.4,0.0,7.23,有,
太平區,房地(土地+建物)+車位,臺中市太平區新平路三段２２７號七樓之３,31.33,住,,,1121111,土地1建物1車位2,七層,十四層,住宅大樓(11層含以上有電梯),住家用,鋼筋混凝土造,1150527,180.24,3,2,2,有,有,16800000,114983,坡道平面,65.44,3600000,115年6月4日增購車位預售屋、或土地及建物分件登記案件；,RPVQMLMKOHLGFJB66DA,68.66,0.0,7.13,有,
太平區,房地(土地+建物)+車位,臺中市太平區新平路三段２２７號四樓之７,23.64,住,,,1121110,土地1建物1車位1,四層,十四層,住宅大樓(11層含以上有電梯),住家用,鋼筋混凝土造,1150527,119.31,2,2,1,有,有,11340000,111329,坡道平面,32.72,1700000,預售屋、或土地及建物分件登記案件；,RPRQMLQKOHLGFJB66DA,53.29,0.0,3.88,有,
太平區,房地(土地+建物)+車位,臺中市太平區新平路三段２２７號二樓之３,25.42,住,,,1121103,土地1建物1車位1,二層,十四層,住宅大樓(11層含以上有電梯),住家用,鋼筋混凝土造,1150527,125.94,2,2,1,有,有,12840000,119502,坡道平面,32.72,1700000,預售屋、或土地及建物分件登記案件；,RPWPMLLJPHLGFJB56DA,57.69,0.0,3.88,有,
太平區,房地(土地+建物)+車位,臺中市太平區新平路三段２２７號六樓之５,25.42,住,,,1121101,土地1建物1車位1,六層,十四層,住宅大樓(11層含以上有電梯),住家用,鋼筋混凝土造,1150527,125.94,2,2,1,有,有,12410000,114890,坡道平面,32.72,1700000,預售屋、或土地及建物分件登記案件；,RPPQMLLJPHLGFJB58DA,57.69,0.0,3.88,有,
太平區,房地(土地+建物)+車位,臺中市太平區新平路三段２２７號十二樓之５,25.42,住,,,1121105,土地1建物1車位1,十二層,十四層,住宅大樓(11層含以上有電梯),住家用,鋼筋混凝土造,1150527,125.94,2,2,1,有,有,11820000,108560,坡道平面,32.72,1700000,親友、員工、共有人或其他特殊關係間之交易；預售屋、或土地及建物分件登記案件；,RPUQMLLJPHLGFJB09DA,57.69,0.0,3.88,有,
南區,房地(土地+建物)+車位,臺中市南區新華街１５８號二樓之１１,18.37,住,,,1121015,土地3建物1車位1,二層,二十六層,住宅大樓(11層含以上有電梯),住家用,鋼筋混凝土造,1150528,163.57,3,2,2,有,有,20390000,140249,坡道平面,31.02,1800000,預售屋、或土地及建物分件登記案件；,RPUNMLTLOHLGFAB78DA,80.64,0.0,6.96,有,
南區,房地(土地+建物)+車位,臺中市南區新華街１５８號四樓之１１,18.37,住,,,1121007,土地3建物1車位1,四層,二十六層,住宅大樓(11層含以上有電梯),住家用,鋼筋混凝土造,1150528,163.57,3,2,2,有,有,20690000,141758,坡道平面,31.02,1900000,預售屋、或土地及建物分件登記案件；,RPVNMLTLOHLGFAB88DA,80.64,0.0,6.96,有,
南區,房地(土地+建物)+車位,臺中市南區新華街１５８號四樓之１２,17.74,住,,,1121014,土地3建物1車位1,四層,二十六層,住宅大樓(11層含以上有電梯),住家用,鋼筋混凝土造,1150528,158.63,3,2,2,有,有,19200000,137920,坡道平面,31.02,1600000,預售屋、或土地及建物分件登記案件；,RPXOMLTLOHLGFAB56DA,76.68,0.0,7.71,有,
沙鹿區,房地(土地+建物)+車位,臺中市沙鹿區星河路２０３之１１號五樓之７,32.11,住,,,1121022,土地1建物1車位1,五層,七層,華廈(10層含以下有電梯),住家用,鋼筋混凝土造,1150507,124.97999999999999,3,2,2,有,有,11880000,93403,坡道機械,7.96,950000,原權利人於民國115年5月14日原價讓與配偶預售屋、或土地及建物分件登記案件；,RPVOMLLJOHLGFFB48DA,69.23,0.0,10.99,有,
北屯區,房地(土地+建物)+車位,臺中市北屯區崇德二路二段２６６號五樓之１,18.18,商,,,1121026,土地1建物1車位1,五層,二十二層,住宅大樓(11層含以上有電梯),住家用,鋼筋混凝土造,1150121,156.7,3,2,2,有,有,23680000,166131,坡道平面,29.21,2500000,民國114年12月18日讓渡讓渡金額2368萬元整配偶讓渡預售屋、或土地及建物分件登記案件；,RPPOMLOKPHLGFBB97DA,76.56,0.0,7.8,有,
太平區,房地(土地+建物)+車位,臺中市太平區新平路三段２２７號七樓之１,30.83,住,,,1121029,土地1建物1車位1,七層,十四層,住宅大樓(11層含以上有電梯),住家用,鋼筋混凝土造,1150527,145.76,3,2,2,有,有,14740000,114030,坡道平面,32.72,1850000,預售屋、或土地及建物分件登記案件；,RPVNMLMKOHLGFJB98DA,67.4,0.0,7.23,有,
太平區,房地(土地+建物)+車位,臺中市太平區新平路三段２２７號十樓之１,30.83,住,,,1121015,土地1建物1車位2,十層,十四層,住宅大樓(11層含以上有電梯),住家用,鋼筋混凝土造,1150527,178.48,3,2,2,有,有,16760000,115534,坡道平面,65.44,3700000,預售屋、或土地及建物分件登記案件；,RPQOMLMKOHLGFJB58DA,67.4,0.0,7.23,有,
太平區,房地(土地+建物)+車位,臺中市太平區新平路三段２２７號十一樓之１,30.83,住,,,1121029,土地1建物1車位1,十一層,十四層,住宅大樓(11層含以上有電梯),住家用,鋼筋混凝土造,1150527,145.76,3,2,2,有,有,14980000,116154,坡道平面,32.72,1850000,預售屋、或土地及建物分件登記案件；,RPROMLMKOHLGFJB68DA,67.4,0.0,7.23,有,
太平區,房地(土地+建物)+車位,臺中市太平區新平路三段２２７號十二樓之１,30.83,住,,,1121026,土地1建物1車位1,十二層,十四層,住宅大樓(11層含以上有電梯),住家用,鋼筋混凝土造,1150527,145.76,3,2,2,有,有,15010000,116419,坡道平面,32.72,1850000,預售屋、或土地及建物分件登記案件；,RPSOMLMKOHLGFJB78DA,67.4,0.0,7.23,有,
太平區,房地(土地+建物)+車位,臺中市太平區新平路三段２２７號十三樓之１,30.83,住,,,1121012,土地1建物1車位2,十三層,十四層,住宅大樓(11層含以上有電梯),住家用,鋼筋混凝土造,1150527,178.48,3,2,2,有,有,16830000,117038,坡道平面,65.44,3600000,預售屋、或土地及建物分件登記案件；,RPTOMLMKOHLGFJB88DA,67.4,0.0,7.23,有,
太平區,房地(土地+建物)+車位,臺中市太平區新平路三段２２７號十四樓之１,30.83,住,,,1121025,土地1建物1車位2,十四層,十四層,住宅大樓(11層含以上有電梯),住家用,鋼筋混凝土造,1150527,178.48,3,2,2,有,有,16930000,117038,坡道平面,65.44,3700000,預售屋、或土地及建物分件登記案件；,RPUOMLMKOHLGFJB98DA,67.4,0.0,7.23,有,
太平區,房地(土地+建物)+車位,臺中市太平區新平路三段２２７號五樓之２,23.64,住,,,1121016,土地1建物1車位1,五層,十四層,住宅大樓(11層含以上有電梯),住家用,鋼筋混凝土造,1150527,119.31,2,2,1,有,有,11570000,113985,坡道平面,32.72,1700000,預售屋、或土地及建物分件登記案件；,RPOPMLMKOHLGFJB48DA,53.29,0.0,3.88,有,
太平區,房地(土地+建物)+車位,臺中市太平區新平路三段２２７號七樓之２,23.64,住,,,1121030,土地1建物1車位1,七層,十四層,住宅大樓(11層含以上有電梯),住家用,鋼筋混凝土造,1150527,119.31,2,2,1,有,有,11730000,115833,坡道平面,32.72,1700000,預售屋、或土地及建物分件登記案件；,RPPPMLMKOHLGFJB58DA,53.29,0.0,3.88,有,
太平區,房地(土地+建物)+車位,臺中市太平區新平路三段２２７號九樓之２,23.64,住,,,1121015,土地1建物1車位1,九層,十四層,住宅大樓(11層含以上有電梯),住家用,鋼筋混凝土造,1150527,119.31,2,2,1,有,有,11860000,117335,坡道平面,32.72,1700000,預售屋、或土地及建物分件登記案件；,RPTPMLMKOHLGFJB98DA,53.29,0.0,3.88,有,
太平區,房地(土地+建物)+車位,臺中市太平區新平路三段２２７號十樓之２,23.64,住,,,1121021,土地1建物1車位1,十層,十四層,住宅大樓(11層含以上有電梯),住家用,鋼筋混凝土造,1150527,119.31,2,2,1,有,有,12010000,117335,坡道平面,32.72,1850000,預售屋、或土地及建物分件登記案件；,RPUPMLMKOHLGFJB09DA,53.29,0.0,3.88,有,
太平區,房地(土地+建物)+車位,臺中市太平區新平路三段２２７號十一樓之２,23.64,住,,,1121014,土地1建物1車位1,十一層,十四層,住宅大樓(11層含以上有電梯),住家用,鋼筋混凝土造,1150527,129.22,2,2,1,有,有,12310000,117912,坡道平面,42.63,2100000,預售屋、或土地及建物分件登記案件；,RPWPMLMKOHLGFJB66DA,53.29,0.0,3.88,有,
太平區,房地(土地+建物)+車位,臺中市太平區新平路三段２２７號十三樓之２,23.64,住,,,1121012,土地1建物1車位1,十三層,十四層,住宅大樓(11層含以上有電梯),住家用,鋼筋混凝土造,1150527,119.31,2,2,1,有,有,11990000,118836,坡道平面,32.72,1700000,預售屋、或土地及建物分件登記案件；,RPOQMLMKOHLGFJB58DA,53.29,0.0,3.88,有,
太平區,房地(土地+建物)+車位,臺中市太平區新平路三段２２７號十四樓之２,23.64,住,,,1121014,土地1建物1車位1,十四層,十四層,住宅大樓(11層含以上有電梯),住家用,鋼筋混凝土造,1150527,119.31,2,2,1,有,有,11990000,118836,坡道平面,32.72,1700000,預售屋、或土地及建物分件登記案件；,RPPQMLMKOHLGFJB68DA,53.29,0.0,3.88,有,
太平區,房地(土地+建物)+車位,臺中市太平區新平路三段２２７號三樓之３,31.33,住,,,1121016,土地1建物1車位1,三層,十四層,住宅大樓(11層含以上有電梯),住家用,鋼筋混凝土造,1150527,147.52,3,2,2,有,有,14700000,111934,坡道平面,32.72,1850000,預售屋、或土地及建物分件登記案件；,RPRQMLMKOHLGFJB88DA,68.66,0.0,7.13,有,
太平區,房地(土地+建物)+車位,臺中市太平區新平路三段２２７號四樓之３,31.33,住,,,1121027,土地1建物1車位1,四層,十四層,住宅大樓(11層含以上有電梯),住家用,鋼筋混凝土造,1150527,147.52,3,2,2,有,有,14450000,111063,坡道平面,32.72,1700000,預售屋、或土地及建物分件登記案件；,RPSQMLMKOHLGFJB98DA,68.66,0.0,7.13,有,
太平區,房地(土地+建物)+車位,臺中市太平區新平路三段２２７號五樓之３,31.33,住,,,1121020,土地1建物1車位1,五層,十四層,住宅大樓(11層含以上有電梯),住家用,鋼筋混凝土造,1150527,147.52,3,2,2,有,有,14840000,113153,坡道平面,32.72,1850000,預售屋、或土地及建物分件登記案件；,RPTQMLMKOHLGFJB09DA,68.66,0.0,7.13,有,
太平區,房地(土地+建物)+車位,臺中市太平區新平路三段２２７號六樓之３,31.33,住,,,1121013,土地1建物1車位1,六層,十四層,住宅大樓(11層含以上有電梯),住家用,鋼筋混凝土造,1150527,147.52,3,2,2,有,有,14910000,113763,坡道平面,32.72,1850000,預售屋、或土地及建物分件登記案件；,RPUQMLMKOHLGFJB56DA,68.66,0.0,7.13,有,
太平區,房地(土地+建物)+車位,臺中市太平區新平路三段２２７號八樓之３,31.33,住,,,1121013,土地1建物1車位1,八層,十四層,住宅大樓(11層含以上有電梯),住家用,鋼筋混凝土造,1150527,147.52,3,2,2,有,有,14930000,115244,坡道平面,32.72,1700000,預售屋、或土地及建物分件登記案件；,RPWQMLMKOHLGFJB76DA,68.66,0.0,7.13,有,
太平區,房地(土地+建物)+車位,臺中市太平區新平路三段２２７號九樓之３,31.33,住,,,1121031,土地1建物1車位1,九層,十四層,住宅大樓(11層含以上有電梯),住家用,鋼筋混凝土造,1150527,147.52,3,2,2,有,有,14820000,112979,坡道平面,32.72,1850000,親友、員工、共有人或其他特殊關係間之交易；預售屋、或土地及建物分件登記案件；,RPXQMLMKOHLGFJB86DA,68.66,0.0,7.13,有,
太平區,房地(土地+建物)+車位,臺中市太平區新平路三段２２７號十樓之３,31.33,住,,,1121021,土地1建物1車位1,十層,十四層,住宅大樓(11層含以上有電梯),住家用,鋼筋混凝土造,1150527,147.52,3,2,2,有,有,15070000,116463,坡道平面,32.72,1700000,預售屋、或土地及建物分件登記案件；,RPORMLMKOHLGFJB68DA,68.66,0.0,7.13,有,
太平區,房地(土地+建物)+車位,臺中市太平區新平路三段２２７號十一樓之３,31.33,住,,,1121013,土地1建物1車位1,十一層,十四層,住宅大樓(11層含以上有電梯),住家用,鋼筋混凝土造,1150527,147.52,3,2,2,有,有,15140000,117073,坡道平面,32.72,1700000,預售屋、或土地及建物分件登記案件；,RPPRMLMKOHLGFJB78DA,68.66,0.0,7.13,有,
太平區,房地(土地+建物)+車位,臺中市太平區新平路三段２２７號十四樓之３,31.33,住,,,1121025,土地1建物1車位1,十四層,十四層,住宅大樓(11層含以上有電梯),住家用,鋼筋混凝土造,1150527,147.52,3,2,2,有,有,15390000,117944,坡道平面,32.72,1850000,預售屋、或土地及建物分件登記案件；,RPRRMLMKOHLGFJB98DA,68.66,0.0,7.13,有,
太平區,房地(土地+建物)+車位,臺中市太平區新平路三段２２７號五樓之６,31.53,住,,,1121029,土地1建物1車位1,五層,十四層,住宅大樓(11層含以上有電梯),住家用,鋼筋混凝土造,1150527,148.28,3,2,2,有,有,14740000,112842,坡道平面,32.72,1700000,預售屋、或土地及建物分件登記案件；,RPPPMLQKOHLGFJB98DA,69.16,0.0,7.13,有,
太平區,房地(土地+建物)+車位,臺中市太平區新平路三段２２７號六樓之６,31.53,住,,,1121014,土地1建物1車位1,六層,十四層,住宅大樓(11層含以上有電梯),住家用,鋼筋混凝土造,1150527,148.28,3,2,2,有,有,14960000,113448,坡道平面,32.72,1850000,預售屋、或土地及建物分件登記案件；,RPQPMLQKOHLGFJB09DA,69.16,0.0,7.13,有,
太平區,房地(土地+建物)+車位,臺中市太平區新平路三段２２７號七樓之６,31.53,住,,,1121012,土地1建物1車位1,七層,十四層,住宅大樓(11層含以上有電梯),住家用,鋼筋混凝土造,1150527,148.28,3,2,2,有,有,14950000,114659,坡道平面,32.72,1700000,預售屋、或土地及建物分件登記案件；,RPRPMLQKOHLGFJB56DA,69.16,0.0,7.13,有,
太平區,房地(土地+建物)+車位,臺中市太平區新平路三段２２７號八樓之６,31.53,住,,,1121022,土地1建物1車位1,八層,十四層,住宅大樓(11層含以上有電梯),住家用,鋼筋混凝土造,1150527,148.28,3,2,2,有,有,14980000,114919,坡道平面,32.72,1700000,預售屋、或土地及建物分件登記案件；,RPSPMLQKOHLGFJB66DA,69.16,0.0,7.13,有,
太平區,房地(土地+建物)+車位,臺中市太平區新平路三段２２７號九樓之６,31.53,住,,,1121014,土地1建物1車位1,九層,十四層,住宅大樓(11層含以上有電梯),住家用,鋼筋混凝土造,1150527,148.28,3,2,2,有,有,15270000,116130,坡道平面,32.72,1850000,預售屋、或土地及建物分件登記案件；,RPTPMLQKOHLGFJB76DA,69.16,0.0,7.13,有,
太平區,房地(土地+建物)+車位,臺中市太平區新平路三段２２７號十樓之６,31.53,住,,,1121020,土地1建物1車位1,十層,十四層,住宅大樓(11層含以上有電梯),住家用,鋼筋混凝土造,1150527,148.28,3,2,2,有,有,15120000,116130,坡道平面,32.72,1700000,預售屋、或土地及建物分件登記案件；,RPUPMLQKOHLGFJB86DA,69.16,0.0,7.13,有,
太平區,房地(土地+建物)+車位,臺中市太平區新平路三段２２７號十一樓之６,31.53,住,,,1121020,土地1建物1車位1,十一層,十四層,住宅大樓(11層含以上有電梯),住家用,鋼筋混凝土造,1150527,148.28,3,2,2,有,有,15190000,116736,坡道平面,32.72,1700000,預售屋、或土地及建物分件登記案件；,RPVPMLQKOHLGFJB96DA,69.16,0.0,7.13,有,
太平區,房地(土地+建物)+車位,臺中市太平區新平路三段２２７號十二樓之６,31.53,住,,,1121013,土地1建物1車位1,十二層,十四層,住宅大樓(11層含以上有電梯),住家用,鋼筋混凝土造,1150527,148.28,3,2,2,有,有,15380000,117082,坡道平面,32.72,1850000,預售屋、或土地及建物分件登記案件；,RPWPMLQKOHLGFJB07DA,69.16,0.0,7.13,有,
太平區,房地(土地+建物)+車位,臺中市太平區新平路三段２２７號二樓之６,23.83,住,,,1121014,土地1建物1車位1,二層,十四層,住宅大樓(11層含以上有電梯),住家用,鋼筋混凝土造,1150527,130.06,2,2,1,有,有,11990000,113119,坡道平面,42.63,2100000,預售屋、或土地及建物分件登記案件；,RPPQMLQKOHLGFJB09DA,53.7,0.0,4.02,有,
太平區,房地(土地+建物)+車位,臺中市太平區新平路三段２２７號三樓之７,23.64,住,,,1121015,土地1建物1車位1,三層,十四層,住宅大樓(11層含以上有電梯),住家用,鋼筋混凝土造,1150527,119.31,2,2,1,有,有,11420000,112253,坡道平面,32.72,1700000,預售屋、或土地及建物分件登記案件；,RPQQMLQKOHLGFJB56DA,53.29,0.0,3.88,有,
太平區,房地(土地+建物)+車位,臺中市太平區新平路三段２２７號六樓之７,23.64,住,,,1121026,土地1建物1車位1,六層,十四層,住宅大樓(11層含以上有電梯),住家用,鋼筋混凝土造,1150527,119.31,2,2,1,有,有,11570000,113985,坡道平面,32.72,1700000,預售屋、或土地及建物分件登記案件；,RPTQMLQKOHLGFJB86DA,53.29,0.0,3.88,有,
太平區,房地(土地+建物)+車位,臺中市太平區新平路三段２２７號九樓之７,23.64,住,,,1121030,土地1建物1車位1,九層,十四層,住宅大樓(11層含以上有電梯),住家用,鋼筋混凝土造,1150527,119.31,2,2,1,有,有,11960000,116757,坡道平面,32.72,1850000,預售屋、或土地及建物分件登記案件；,RPWQMLQKOHLGFJB17DA,53.29,0.0,3.88,有,
太平區,房地(土地+建物)+車位,臺中市太平區新平路三段２２７號十二樓之７,23.64,住,,,1121017,土地1建物1車位1,十二層,十四層,住宅大樓(11層含以上有電梯),住家用,鋼筋混凝土造,1150527,119.31,2,2,1,有,有,11890000,117681,坡道平面,32.72,1700000,預售屋、或土地及建物分件登記案件；,RPORMLQKOHLGFJB09DA,53.29,0.0,3.88,有,
太平區,房地(土地+建物)+車位,臺中市太平區新平路三段２２７號十三樓之７,23.64,住,,,1121031,土地1建物1車位1,十三層,十四層,住宅大樓(11層含以上有電梯),住家用,鋼筋混凝土造,1150527,119.31,2,2,1,有,有,11940000,118258,坡道平面,32.72,1700000,預售屋、或土地及建物分件登記案件；,RPPRMLQKOHLGFJB56DA,53.29,0.0,3.88,有,
太平區,房地(土地+建物)+車位,臺中市太平區新平路三段２２７號十四樓之７,23.64,住,,,1121025,土地1建物1車位1,十四層,十四層,住宅大樓(11層含以上有電梯),住家用,鋼筋混凝土造,1150527,119.31,2,2,1,有,有,12090000,118258,坡道平面,32.72,1850000,預售屋、或土地及建物分件登記案件；,RPQRMLQKOHLGFJB66DA,53.29,0.0,3.88,有,
太平區,房地(土地+建物)+車位,臺中市太平區新平路三段２２７號三樓之８,29.88,住,,,1121020,土地1建物1車位1,三層,十四層,住宅大樓(11層含以上有電梯),住家用,鋼筋混凝土造,1150527,136.01,3,2,2,有,有,13830000,110716,坡道平面,26.45,1700000,預售屋、或土地及建物分件登記案件；,RPQOMLSKOHLGFJB56DA,65.11,0.0,7.23,有,
太平區,房地(土地+建物)+車位,臺中市太平區新平路三段２２７號四樓之８,29.88,住,,,1121030,土地1建物1車位1,四層,十四層,住宅大樓(11層含以上有電梯),住家用,鋼筋混凝土造,1150527,142.29000000000002,3,2,2,有,有,13730000,109793,坡道平面,32.72,1700000,預售屋、或土地及建物分件登記案件；,RPROMLSKOHLGFJB66DA,65.11,0.0,7.23,有,
太平區,房地(土地+建物)+車位,臺中市太平區新平路三段２２７號五樓之８,29.88,住,,,1121016,土地1建物1車位1,五層,十四層,住宅大樓(11層含以上有電梯),住家用,鋼筋混凝土造,1150527,142.29000000000002,3,2,2,有,有,13960000,111892,坡道平面,32.72,1700000,預售屋、或土地及建物分件登記案件；,RPSOMLSKOHLGFJB76DA,65.11,0.0,7.23,有,
太平區,房地(土地+建物)+車位,臺中市太平區新平路三段２２７號七樓之８,29.88,住,,,1121015,土地1建物1車位1,七層,十四層,住宅大樓(11層含以上有電梯),住家用,鋼筋混凝土造,1150527,142.29000000000002,3,2,2,有,有,14310000,113717,坡道平面,32.72,1850000,預售屋、或土地及建物分件登記案件；,RPUOMLSKOHLGFJB96DA,65.11,0.0,7.23,有,
太平區,房地(土地+建物)+車位,臺中市太平區新平路三段２２７號九樓之８,29.88,住,,,1121019,土地1建物1車位1,九層,十四層,住宅大樓(11層含以上有電梯),住家用,鋼筋混凝土造,1150527,142.29000000000002,3,2,2,有,有,14330000,115269,坡道平面,32.72,1700000,預售屋、或土地及建物分件登記案件；,RPWOMLSKOHLGFJB17DA,65.11,0.0,7.23,有,
太平區,房地(土地+建物)+車位,臺中市太平區新平路三段２２７號十三樓之８,29.88,住,,,1121026,土地1建物1車位1,十三層,十四層,住宅大樓(11層含以上有電梯),住家用,鋼筋混凝土造,1150527,142.29000000000002,3,2,2,有,有,14640000,116729,坡道平面,32.72,1850000,預售屋、或土地及建物分件登記案件；,RPPPMLSKOHLGFJB56DA,65.11,0.0,7.23,有,
太平區,房地(土地+建物)+車位,臺中市太平區新平路三段２２７號十四樓之８,29.88,住,,,1121031,土地1建物1車位1,十四層,十四層,住宅大樓(11層含以上有電梯),住家用,鋼筋混凝土造,1150527,142.29000000000002,3,2,2,有,有,14640000,116729,坡道平面,32.72,1850000,預售屋、或土地及建物分件登記案件；,RPQPMLSKOHLGFJB66DA,65.11,0.0,7.23,有,
太平區,房地(土地+建物)+車位,臺中市太平區新平路三段２２７號八樓之５,25.42,住,,,1121017,土地1建物1車位1,八層,十四層,住宅大樓(11層含以上有電梯),住家用,鋼筋混凝土造,1150527,125.94,2,2,1,有,有,12550000,116391,坡道平面,32.72,1700000,預售屋、或土地及建物分件登記案件；,RPWNMLLJPHLGFJB98DA,57.69,0.0,3.88,有,
太平區,房地(土地+建物)+車位,臺中市太平區新平路三段２２７號二樓之５,31.36,住,,,1121014,土地1建物1車位1,二層,十四層,住宅大樓(11層含以上有電梯),住家用,鋼筋混凝土造,1150527,147.69,3,2,2,有,有,15070000,116291,坡道平面,32.72,1700000,預售屋、或土地及建物分件登記案件；,RPVPMLLJPHLGFJB09DA,68.99,0.0,6.92,有,
太平區,房地(土地+建物)+車位,臺中市太平區新平路三段２２７號三樓之５,25.42,住,,,1121019,土地1建物1車位1,三層,十四層,住宅大樓(11層含以上有電梯),住家用,鋼筋混凝土造,1150527,125.94,2,2,1,有,有,12240000,113066,坡道平面,32.72,1700000,預售屋、或土地及建物分件登記案件；,RPXPMLLJPHLGFJB66DA,57.69,0.0,3.88,有,
太平區,房地(土地+建物)+車位,臺中市太平區新平路三段２２７號五樓之５,25.42,住,,,1121012,土地1建物1車位1,五層,十四層,住宅大樓(11層含以上有電梯),住家用,鋼筋混凝土造,1150527,125.94,2,2,1,有,有,12360000,114353,坡道平面,32.72,1700000,預售屋、或土地及建物分件登記案件；,RPOQMLLJPHLGFJB48DA,57.69,0.0,3.88,有,
太平區,房地(土地+建物)+車位,臺中市太平區新平路三段２２７號九樓之５,25.42,住,,,1121017,土地1建物1車位1,九層,十四層,住宅大樓(11層含以上有電梯),住家用,鋼筋混凝土造,1150527,125.94,2,2,1,有,有,12670000,117679,坡道平面,32.72,1700000,預售屋、或土地及建物分件登記案件；,RPQQMLLJPHLGFJB68DA,57.69,0.0,3.88,有,
太平區,房地(土地+建物)+車位,臺中市太平區新平路三段２２７號十樓之５,25.42,住,,,1121017,土地1建物1車位1,十層,十四層,住宅大樓(11層含以上有電梯),住家用,鋼筋混凝土造,1150527,125.94,2,2,1,有,有,12670000,117679,坡道平面,32.72,1700000,預售屋、或土地及建物分件登記案件；,RPRQMLLJPHLGFJB78DA,57.69,0.0,3.88,有,
太平區,房地(土地+建物)+車位,臺中市太平區新平路三段２２７號十一樓之５,25.42,住,,,1121025,土地1建物1車位1,十一層,十四層,住宅大樓(11層含以上有電梯),住家用,鋼筋混凝土造,1150527,125.94,2,2,1,有,有,12870000,118215,坡道平面,32.72,1850000,預售屋、或土地及建物分件登記案件；,RPTQMLLJPHLGFJB98DA,57.69,0.0,3.88,有,
太平區,房地(土地+建物)+車位,臺中市太平區新平路三段２２７號十三樓之５,25.42,住,,,1121020,土地1建物1車位1,十三層,十四層,住宅大樓(11層含以上有電梯),住家用,鋼筋混凝土造,1150527,125.94,2,2,1,有,有,12960000,119180,坡道平面,32.72,1850000,預售屋、或土地及建物分件登記案件；,RPVQMLLJPHLGFJB56DA,57.69,0.0,3.88,有,
太平區,房地(土地+建物)+車位,臺中市太平區新平路三段２２７號四樓之９,24.73,住,,,1121024,土地1建物1車位1,四層,十四層,住宅大樓(11層含以上有電梯),住家用,鋼筋混凝土造,1150527,123.3,2,2,1,有,有,11780000,111283,坡道平面,32.72,1700000,預售屋、或土地及建物分件登記案件；,RPXQMLLJPHLGFJB76DA,55.92,0.0,3.88,有,
太平區,房地(土地+建物)+車位,臺中市太平區新平路三段２２７號五樓之９,24.73,住,,,1121012,土地1建物1車位1,五層,十四層,住宅大樓(11層含以上有電梯),住家用,鋼筋混凝土造,1150527,123.3,2,2,1,有,有,11980000,113491,坡道平面,32.72,1700000,預售屋、或土地及建物分件登記案件；,RPORMLLJPHLGFJB58DA,55.92,0.0,3.88,有,
太平區,房地(土地+建物)+車位,臺中市太平區新平路三段２２７號七樓之９,24.73,住,,,1121014,土地1建物1車位1,七層,十四層,住宅大樓(11層含以上有電梯),住家用,鋼筋混凝土造,1150527,123.3,2,2,1,有,有,12290000,115257,坡道平面,32.72,1850000,預售屋、或土地及建物分件登記案件；,RPPRMLLJPHLGFJB68DA,55.92,0.0,3.88,有,
太平區,房地(土地+建物)+車位,臺中市太平區新平路三段２２７號九樓之９,24.73,住,,,1121019,土地1建物1車位1,九層,十四層,住宅大樓(11層含以上有電梯),住家用,鋼筋混凝土造,1150527,123.3,2,2,1,有,有,12280000,116803,坡道平面,32.72,1700000,預售屋、或土地及建物分件登記案件；,RPQRMLLJPHLGFJB78DA,55.92,0.0,3.88,有,
太平區,房地(土地+建物)+車位,臺中市太平區新平路三段２２７號十樓之９,24.73,住,,,1121013,土地1建物1車位1,十層,十四層,住宅大樓(11層含以上有電梯),住家用,鋼筋混凝土造,1150527,123.3,2,2,1,有,有,12430000,116803,坡道平面,32.72,1850000,預售屋、或土地及建物分件登記案件；,RPRRMLLJPHLGFJB88DA,55.92,0.0,3.88,有,
太平區,房地(土地+建物)+車位,臺中市太平區新平路三段２２７號十一樓之９,24.73,住,,,1121012,土地1建物1車位1,十一層,十四層,住宅大樓(11層含以上有電梯),住家用,鋼筋混凝土造,1150527,123.3,2,2,1,有,有,12480000,117355,坡道平面,32.72,1850000,預售屋、或土地及建物分件登記案件；,RPSRMLLJPHLGFJB98DA,55.92,0.0,3.88,有,
太平區,房地(土地+建物)+車位,臺中市太平區新平路三段２２７號十二樓之９,24.73,住,,,1121012,土地1建物1車位1,十二層,十四層,住宅大樓(11層含以上有電梯),住家用,鋼筋混凝土造,1150527,123.3,2,2,1,有,有,12360000,117686,坡道平面,32.72,1700000,預售屋、或土地及建物分件登記案件；,RPTRMLLJPHLGFJB09DA,55.92,0.0,3.88,有,
太平區,房地(土地+建物)+車位,臺中市太平區新平路三段２２７號十三樓之９,24.73,住,,,1121012,土地1建物1車位1,十三層,十四層,住宅大樓(11層含以上有電梯),住家用,鋼筋混凝土造,1150527,123.3,2,2,1,有,有,12410000,118238,坡道平面,32.72,1700000,預售屋、或土地及建物分件登記案件；,RPURMLLJPHLGFJB56DA,55.92,0.0,3.88,有,
太平區,房地(土地+建物)+車位,臺中市太平區新平路三段２２７號十四樓之９,24.73,住,,,1121014,土地1建物1車位1,十四層,十四層,住宅大樓(11層含以上有電梯),住家用,鋼筋混凝土造,1150527,123.3,2,2,1,有,有,12560000,118238,坡道平面,32.72,1850000,預售屋、或土地及建物分件登記案件；,RPVRMLLJPHLGFJB66DA,55.92,0.0,3.88,有,
太平區,房地(土地+建物)+車位,臺中市太平區新平路三段２２７號六樓之２,23.64,住,,,1121012,土地1建物1車位2,六層,十四層,住宅大樓(11層含以上有電梯),住家用,鋼筋混凝土造,1150527,152.03,2,2,1,有,有,13330000,114678,坡道平面,65.44,3400000,民國112年12月19日增購車位預售屋、或土地及建物分件登記案件；,RPRNMLSJPHLGFJB56DA,53.29,0.0,3.88,有,
西屯區,房地(土地+建物)+車位,臺中市西屯區青海路二段５１６號十三樓之５,20.18,住,,,1121027,土地2建物1車位1,十三層,十九層,住宅大樓(11層含以上有電梯),住家用,鋼筋混凝土造,1150108,162.56,3,2,2,有,有,24990000,170490,坡道平面,28.3,2100000,預售屋、或土地及建物分件登記案件；,RPUPMLOKPHLGFCB68DA,77.31,0.0,9.37,有,
西屯區,房地(土地+建物)+車位,臺中市西屯區青海路二段５１６號三樓之６,17.15,住,,,1121020,土地2建物1車位1,三層,十九層,住宅大樓(11層含以上有電梯),住家用,鋼筋混凝土造,1150108,142.48000000000002,3,2,2,有,有,19600000,155018,坡道平面,28.3,1900000,預售屋、或土地及建物分件登記案件；,RPXPMLOKPHLGFCB98DA,65.73,0.0,7.96,有,
南區,房地(土地+建物)+車位,臺中市南區新華街１５８號七樓之１１,18.37,住,,,1120911,土地3建物1車位1,七層,二十六層,住宅大樓(11層含以上有電梯),住家用,鋼筋混凝土造,1150528,163.57,3,2,2,有,有,20910000,142663,坡道平面,31.02,2000000,預售屋、或土地及建物分件登記案件；,RPWNMLTLOHLGFAB98DA,80.64,0.0,6.96,有,
南區,房地(土地+建物)+車位,臺中市南區新華街１５８號八樓之１１,18.37,住,,,1120909,土地3建物1車位1,八層,二十六層,住宅大樓(11層含以上有電梯),住家用,鋼筋混凝土造,1150528,162.36,3,2,2,有,有,21050000,142965,坡道平面,29.81,2100000,預售屋、或土地及建物分件登記案件；,RPXNMLTLOHLGFAB09DA,80.64,0.0,6.96,有,
南區,房地(土地+建物)+車位,臺中市南區新華街１５８號十樓之１１,18.37,住,,,1120901,土地3建物1車位1,十層,二十六層,住宅大樓(11層含以上有電梯),住家用,鋼筋混凝土造,1150528,162.36,3,2,2,有,有,20530000,143568,坡道平面,29.81,1500000,預售屋、或土地及建物分件登記案件；,RPOOMLTLOHLGFAB28DA,80.64,0.0,6.96,有,
南區,房地(土地+建物)+車位,臺中市南區新華街１５８號九樓之１２,17.74,住,,,1120910,土地3建物1車位1,九層,二十六層,住宅大樓(11層含以上有電梯),住家用,鋼筋混凝土造,1150528,158.63,3,2,2,有,有,19470000,140036,坡道平面,31.02,1600000,預售屋、或土地及建物分件登記案件；,RPQPMLTLOHLGFAB58DA,76.68,0.0,7.71,有,
南區,房地(土地+建物)+車位,臺中市南區新華街１５８號十樓之１２,17.74,住,,,1120910,土地3建物1車位1,十層,二十六層,住宅大樓(11層含以上有電梯),住家用,鋼筋混凝土造,1150528,157.42000000000002,3,2,2,有,有,19810000,140350,坡道平面,29.81,1900000,預售屋、或土地及建物分件登記案件；,RPRPMLTLOHLGFAB68DA,76.68,0.0,7.71,有,
沙鹿區,房地(土地+建物)+車位,臺中市沙鹿區東晉一街６１號三樓之２,36.6,住,,,1120905,土地1建物1車位1,三層,六層,華廈(10層含以下有電梯),住家用,鋼筋混凝土造,1150318,126.19999999999999,2,2,2,有,有,9040000,92450,坡道平面,43.02,1350000,預售屋、或土地及建物分件登記案件；,RPXOMLTLMHLGFFB86DA,48.44,0.0,6.57,有,
沙鹿區,房地(土地+建物)+車位,臺中市沙鹿區東晉一街６１號三樓之６,35.21,住,,,1120906,土地1建物1車位1,三層,六層,華廈(10層含以下有電梯),住家用,鋼筋混凝土造,1150318,122.65,2,2,2,有,有,9720000,105111,坡道平面,43.02,1350000,預售屋、或土地及建物分件登記案件；,RPQPMLTLMHLGFFB88DA,46.62,0.0,6.03,有,
北屯區,房地(土地+建物)+車位,臺中市北屯區敦富路８１８號十五樓之１,23.9,住,,,1120922,土地1建物1車位2,十五層,十五層,住宅大樓(11層含以上有電梯),住家用,鋼筋混凝土造,1150613,221.45,3,2,2,有,有,27070000,155264,坡道平面,69.0,3400000,預售屋、或土地及建物分件登記案件；,RPTNMLTJPHLGFBB68DA,88.15,0.0,12.18,有,
大里區,房地(土地+建物)+車位,臺中市大里區忠孝路１６號七樓之７,28.77,住,,,1120905,土地1建物1車位1,七層,十五層,住宅大樓(11層含以上有電梯),住家用,鋼筋混凝土造,1150516,148.18,3,2,2,有,無,16580000,116617,坡道平面,24.87,2200000,預售屋、或土地及建物分件登記案件；,RPXRMLTKOHLGFIB57DA,74.12,0.0,7.55,有,
大里區,房地(土地+建物)+車位,臺中市大里區忠孝路６號九樓之３,28.95,住,,,1120916,土地1建物1車位1,九層,十五層,住宅大樓(11層含以上有電梯),住家用,鋼筋混凝土造,1150516,149.31,3,2,2,有,無,17380000,121986,坡道平面,24.87,2200000,預售屋、或土地及建物分件登記案件；,RPTUMLTKOHLGFIB47DA,74.81,0.0,7.55,有,
大里區,房地(土地+建物)+車位,臺中市大里區忠孝路６號八樓之５,35.26,住,,,1120929,土地1建物1車位2,八層,十五層,住宅大樓(11層含以上有電梯),住家用,鋼筋混凝土造,1150516,200.63,4,2,2,有,無,21380000,112532,坡道平面,49.74,4400000,115/03/13平轉預售屋、或土地及建物分件登記案件；,RPXOMLQJPHLGFIB96DA,90.2,0.0,9.73,有,
西屯區,房地(土地+建物)+車位,臺中市西屯區青海路二段５１６號十四樓之１,20.16,住,,,1120919,土地2建物1車位1,十四層,十九層,住宅大樓(11層含以上有電梯),住家用,鋼筋混凝土造,1150108,162.64,3,2,2,有,有,25580000,176269,坡道平面,28.3,1900000,預售屋、或土地及建物分件登記案件；,RPOQMLOKPHLGFCB18DA,77.31,0.0,9.37,有,
南區,房地(土地+建物)+車位,臺中市南區新華街１５８號十一樓之１１,18.37,住,,,1120802,土地3建物1車位1,十一層,二十六層,住宅大樓(11層含以上有電梯),住家用,鋼筋混凝土造,1150528,163.57,3,2,2,有,有,20500000,144097,坡道平面,31.02,1400000,預售屋、或土地及建物分件登記案件；,RPPOMLTLOHLGFAB38DA,80.64,0.0,6.96,有,
南區,房地(土地+建物)+車位,臺中市南區新華街１５８號二樓之１３,19.22,住,,,1120807,土地3建物1車位1,二層,二十六層,住宅大樓(11層含以上有電梯),住家用,鋼筋混凝土造,1150528,169.39999999999998,3,2,2,有,有,21300000,140916,坡道平面,31.02,1800000,預售屋、或土地及建物分件登記案件；,RPUQMLTLOHLGFAB09DA,82.44,0.0,9.08,有,
南區,房地(土地+建物)+車位,臺中市南區新華街１５８號十三樓之１１,18.37,住,,,1120831,土地3建物1車位1,十三層,二十六層,住宅大樓(11層含以上有電梯),住家用,鋼筋混凝土造,1150528,163.57,3,2,2,有,有,21470000,145379,坡道平面,31.02,2200000,預售屋、或土地及建物分件登記案件；,RPSWMLTLOHLGFAB86DA,80.64,0.0,6.96,有,
北屯區,房地(土地+建物)+車位,臺中市北屯區敦和路１６８號十九樓之１,35.68,住,,,1120805,土地1建物1車位1,十九層,二十層,住宅大樓(11層含以上有電梯),住家用,鋼筋混凝土造,1150310,172.55,3,2,2,有,有,30650000,213164,坡道平面,41.43,2700000,原承買人於115.1.23讓渡予新所有權人讓渡總價為新台幣3065萬元整。預售屋、或土地及建物分件登記案件；,RPVNMLRJPHLGFBB68DA,78.76,0.0,4.48,有,
沙鹿區,房地(土地+建物)+車位,臺中市沙鹿區東晉一街６１號四樓之２,36.6,住,,,1120828,土地1建物1車位1,四層,六層,華廈(10層含以下有電梯),住家用,鋼筋混凝土造,1150318,126.19999999999999,2,2,2,有,有,9040000,91248,坡道平面,43.02,1450000,預售屋、或土地及建物分件登記案件；,RPUPMLTLMHLGFFB66DA,48.44,0.0,6.57,有,
沙鹿區,房地(土地+建物)+車位,臺中市沙鹿區東晉一街６１號五樓之２,36.6,住,,,1120828,土地1建物1車位1,五層,六層,華廈(10層含以下有電梯),住家用,鋼筋混凝土造,1150318,126.19999999999999,2,2,2,有,有,9400000,96778,坡道平面,43.02,1350000,預售屋、或土地及建物分件登記案件；,RPRQMLTLMHLGFFB09DA,48.44,0.0,6.57,有,
沙鹿區,房地(土地+建物)+車位,臺中市沙鹿區東晉一街６１號五樓之３,38.57,住,,,1120810,土地1建物1車位1,五層,六層,華廈(10層含以下有電梯),住家用,鋼筋混凝土造,1150318,130.7,2,2,2,有,有,10200000,99795,坡道平面,43.02,1450000,預售屋、或土地及建物分件登記案件；,RPSQMLTLMHLGFFB56DA,51.78,0.0,6.2,有,
沙鹿區,房地(土地+建物)+車位,臺中市沙鹿區東晉一街６１號五樓之７,35.21,住,,,1120807,土地1建物1車位1,五層,六層,華廈(10層含以下有電梯),住家用,鋼筋混凝土造,1150318,123.09,2,2,2,有,有,9730000,104658,坡道平面,43.02,1350000,預售屋、或土地及建物分件登記案件；,RPVQMLTLMHLGFFB86DA,46.62,0.0,6.32,有,
沙鹿區,房地(土地+建物)+車位,臺中市沙鹿區東晉一街６１號六樓之２,36.6,住,,,1120821,土地1建物1車位1,六層,六層,華廈(10層含以下有電梯),住家用,鋼筋混凝土造,1150318,126.19999999999999,2,2,2,有,有,9280000,95335,坡道平面,43.02,1350000,原承買人於114.12.16讓渡予新所有權人讓渡總價為新台幣928萬元整。預售屋、或土地及建物分件登記案件；,RPORMLTLMHLGFFB88DA,48.44,0.0,6.57,有,
沙鹿區,房地(土地+建物)+車位,臺中市沙鹿區東晉一街６１號六樓之６,35.21,住,,,1120828,土地1建物1車位1,六層,六層,華廈(10層含以下有電梯),住家用,鋼筋混凝土造,1150318,122.65,2,2,2,有,有,9680000,103353,坡道平面,43.02,1450000,預售屋、或土地及建物分件登記案件；,RPRRMLTLMHLGFFB56DA,46.62,0.0,6.03,有,
西屯區,房地(土地+建物)+車位,臺中市西屯區青海南街２３３號四樓之５,11.31,住,,,1120803,土地1建物1車位1,四層,二十三層,住宅大樓(11層含以上有電梯),住家用,鋼筋混凝土造,1150407,79.03,1,1,1,有,有,12560000,180253,坡道機械,15.73,1150000,預售屋、或土地及建物分件登記案件；,RPTQMLRJPHLGFCB88DA,35.59,0.0,4.36,有,
沙鹿區,房地(土地+建物)+車位,臺中市沙鹿區星河路２０３之１１號七樓之２,32.07,住,,,1120826,土地1建物1車位1,七層,七層,華廈(10層含以下有電梯),住家用,鋼筋混凝土造,1150507,124.91,3,2,2,有,有,10980000,85763,坡道機械,7.96,950000,預售屋、或土地及建物分件登記案件；,RPSNMLPKOHLGFFB58DA,73.42,0.0,6.8,有,
北屯區,房地(土地+建物)+車位,臺中市北屯區崇德二路二段２６６號十七樓之３,17.53,商,,,1120827,土地1建物1車位1,十七層,二十二層,住宅大樓(11層含以上有電梯),住家用,鋼筋混凝土造,1150121,152.39,3,2,2,有,有,23500000,173730,坡道平面,29.21,2100000,預售屋、或土地及建物分件登記案件；,RPOOMLOKPHLGFBB87DA,74.45,0.0,7.06,有,
大里區,房地(土地+建物)+車位,臺中市大里區忠孝路１６號六樓之７,28.77,住,,,1120827,土地1建物1車位1,六層,十五層,住宅大樓(11層含以上有電梯),住家用,鋼筋混凝土造,1150516,148.18,3,2,2,有,無,16420000,115319,坡道平面,24.87,2200000,預售屋、或土地及建物分件登記案件；,RPWQMLTKOHLGFIB37DA,74.12,0.0,7.55,有,
南區,房地(土地+建物)+車位,臺中市南區新華街１５８號十四樓之１１,18.37,住,,,1120731,土地3建物1車位2,十四層,二十六層,住宅大樓(11層含以上有電梯),住家用,鋼筋混凝土造,1150528,193.38,3,2,2,有,有,22650000,145983,坡道平面,60.83,3300000,預售屋、或土地及建物分件登記案件；,RPROMLTLOHLGFAB58DA,80.64,0.0,6.96,有,
南區,房地(土地+建物)+車位,臺中市南區新華街１５８號二十二樓之１２,17.74,住,,,1120715,土地3建物1車位2,二十二層,二十六層,住宅大樓(11層含以上有電梯),住家用,鋼筋混凝土造,1150528,188.44,3,2,2,有,有,23160000,150929,坡道平面,60.83,3900000,預售屋、或土地及建物分件登記案件；,RPPQMLTLOHLGFAB58DA,76.68,0.0,7.71,有,
南區,房地(土地+建物)+車位,臺中市南區新華街１５８號二十三樓之１２,17.74,住,,,1120708,土地3建物1車位2,二十三層,二十六層,住宅大樓(11層含以上有電梯),住家用,鋼筋混凝土造,1150528,189.64,3,2,2,有,有,22180000,151881,坡道平面,62.04,2800000,預售屋、或土地及建物分件登記案件；,RPQQMLTLOHLGFAB68DA,76.68,0.0,7.71,有,
南區,房地(土地+建物)+車位,臺中市南區新華街１５８號二十四樓之１２,17.74,住,,,1120717,土地3建物1車位1,二十四層,二十六層,住宅大樓(11層含以上有電梯),住家用,鋼筋混凝土造,1150528,157.42000000000002,3,2,2,有,有,20790000,152731,坡道平面,29.81,1300000,預售屋、或土地及建物分件登記案件；,RPTQMLTLOHLGFAB98DA,76.68,0.0,7.71,有,
沙鹿區,房地(土地+建物)+車位,臺中市沙鹿區東晉一街６１之２號,30.92,住,,,1120710,土地1建物1車位1,一層,六層,華廈(10層含以下有電梯),住家用,鋼筋混凝土造,1150318,113.38,2,2,2,有,有,9900000,120097,坡道平面,43.02,1450000,預售屋、或土地及建物分件登記案件；,RPWNMLTLMHLGFFB66DA,46.52,0.0,0.0,有,
沙鹿區,房地(土地+建物)+車位,臺中市沙鹿區東晉一街６１號二樓之７,35.21,住,,,1120710,土地1建物1車位1,二層,六層,華廈(10層含以下有電梯),住家用,鋼筋混凝土造,1150318,123.09,2,2,2,有,有,9300000,98039,坡道平面,43.02,1450000,預售屋、或土地及建物分件登記案件；,RPUOMLTLMHLGFFB56DA,46.62,0.0,6.32,有,
南區,房地(土地+建物)+車位,臺中市南區新華街１５８號二十四樓之９,18.06,住,,,1120712,土地3建物1車位1,二十四層,二十六層,住宅大樓(11層含以上有電梯),住家用,鋼筋混凝土造,1150528,160.85,3,2,2,有,有,21420000,154972,坡道平面,31.02,1300000,預售屋、或土地及建物分件登記案件；,RPSWMLQLOHLGFAB56DA,77.1,0.0,8.65,有,
神岡區,房地(土地+建物)+車位,臺中市神岡區豐社路１９６號三樓之５,31.3,住,,,1120723,土地1建物1車位1,三層,十四層,住宅大樓(11層含以上有電梯),住家用,鋼筋混凝土造,1150402,148.70999999999998,3,2,2,有,有,13890000,97998,坡道平面,24.32,1700000,預售屋、或土地及建物分件登記案件；,RPXNMLSJPHLGFDB56DA,76.8,0.0,5.5,有,
大里區,房地(土地+建物)+車位,臺中市大里區忠孝路６號三樓之３,28.91,住,,,1120716,土地1建物1車位1,三層,十五層,住宅大樓(11層含以上有電梯),住家用,鋼筋混凝土造,1150516,149.31,3,2,2,有,無,16790000,117245,坡道平面,24.87,2200000,預售屋、或土地及建物分件登記案件；,RPXNMLTKOHLGFIB17DA,74.81,0.0,7.55,有,
大里區,房地(土地+建物)+車位,臺中市大里區忠孝路１６號七樓之３,28.91,住,,,1120716,土地1建物1車位1,七層,十五層,住宅大樓(11層含以上有電梯),住家用,鋼筋混凝土造,1150516,149.4,3,2,2,有,無,16580000,115474,坡道平面,24.87,2200000,預售屋、或土地及建物分件登記案件；,RPVRMLTKOHLGFIB37DA,74.47,0.0,7.98,有,
南區,房地(土地+建物)+車位,臺中市南區新華街１５８號十六樓之１１,18.37,住,,,1120610,土地3建物1車位2,十六層,二十六層,住宅大樓(11層含以上有電梯),住家用,鋼筋混凝土造,1150528,194.58999999999997,3,2,2,有,有,22790000,147793,坡道平面,62.04,3200000,預售屋、或土地及建物分件登記案件；,RPSOMLTLOHLGFAB68DA,80.64,0.0,6.96,有,
南區,房地(土地+建物)+車位,臺中市南區新華街１５８號八樓之１２,17.74,住,,,1120612,土地3建物1車位1,八層,二十六層,住宅大樓(11層含以上有電梯),住家用,鋼筋混凝土造,1150528,158.63,3,2,2,有,有,19930000,139723,坡道平面,31.02,2100000,預售屋、或土地及建物分件登記案件；,RPPPMLTLOHLGFAB48DA,76.68,0.0,7.71,有,
南區,房地(土地+建物)+車位,臺中市南區新華街１５８號十四樓之９,18.06,住,,,1120625,土地3建物1車位1,十四層,二十六層,住宅大樓(11層含以上有電梯),住家用,鋼筋混凝土造,1150528,160.85,3,2,2,有,有,21330000,147347,坡道平面,31.02,2200000,預售屋、或土地及建物分件登記案件；,RPRUMLTLOHLGFAB56DA,77.1,0.0,8.65,有,
南區,房地(土地+建物)+車位,臺中市南區新華街１５８號十五樓之９,18.06,住,,,1120610,土地3建物1車位1,十五層,二十六層,住宅大樓(11層含以上有電梯),住家用,鋼筋混凝土造,1150528,160.85,3,2,2,有,有,21020000,148040,坡道平面,31.02,1800000,115.2.26配偶間讓渡權利範圍1/2。預售屋、或土地及建物分件登記案件；,RPSUMLTLOHLGFAB66DA,77.1,0.0,8.65,有,
北屯區,房地(土地+建物)+車位,臺中市北屯區敦富一街３６８號五樓之６,22.42,住,,,1120601,土地1建物1車位1,五層,十七層,住宅大樓(11層含以上有電梯),住家用,鋼筋混凝土造,1150318,156.61,3,2,2,有,有,19860000,143829,坡道平面,33.13,2100000,預售屋、或土地及建物分件登記案件；,RPXOMLQJPHLGFBB88DA,75.09,0.0,6.61,有,
沙鹿區,房地(土地+建物)+車位,臺中市沙鹿區東晉一街６１號四樓之３,38.57,住,,,1120608,土地1建物1車位1,四層,六層,華廈(10層含以下有電梯),住家用,鋼筋混凝土造,1150318,130.7,2,2,2,有,有,9700000,95233,坡道平面,43.02,1350000,預售屋、或土地及建物分件登記案件；,RPVPMLTLMHLGFFB76DA,51.78,0.0,6.2,有,
沙鹿區,房地(土地+建物)+車位,臺中市沙鹿區東晉一街６１號五樓之５,46.09,住,,,1120629,土地1建物1車位1,五層,六層,華廈(10層含以下有電梯),住家用,鋼筋混凝土造,1150318,147.82999999999998,3,2,2,有,有,11900000,99704,坡道平面,43.02,1450000,預售屋、或土地及建物分件登記案件；,RPTQMLTLMHLGFFB66DA,58.44,0.0,10.84,有,
沙鹿區,房地(土地+建物)+車位,臺中市沙鹿區東晉一街６１號五樓之８,46.09,住,,,1120629,土地1建物1車位1,五層,六層,華廈(10層含以下有電梯),住家用,鋼筋混凝土造,1150318,147.8,3,2,2,有,有,11800000,98778,坡道平面,43.02,1450000,預售屋、或土地及建物分件登記案件；,RPWQMLTLMHLGFFB96DA,58.44,0.0,10.84,有,
潭子區,房地(土地+建物),臺中市潭子區豐興路一段４００巷３７號,95.14,,特定農業區,甲種建築用地,1120625,土地2建物1車位0,全,五層,透天厝,住家用,鋼筋混凝土造,1141226,239.01,4,3,6,有,有,28000000,117150,,0.0,0,另有一樓平面專有部分停車位1個預售屋、或土地及建物分件登記案件；,RPOOMLMJPHLGFHB18DA,232.07,0.0,5.8,有,
南區,房地(土地+建物)+車位,臺中市南區新華街１５８號二十二樓之９,18.06,住,,,1120620,土地3建物1車位2,二十二層,二十六層,住宅大樓(11層含以上有電梯),住家用,鋼筋混凝土造,1150528,190.66,3,2,2,有,有,23380000,153123,坡道平面,60.83,3500000,預售屋、或土地及建物分件登記案件；,RPRWMLQLOHLGFAB09DA,77.1,0.0,8.65,有,
南區,房地(土地+建物)+車位,臺中市南區新華街１５８號二十六樓之９,18.06,住,,,1120622,土地3建物1車位2,二十六層,二十六層,住宅大樓(11層含以上有電梯),住家用,鋼筋混凝土造,1150528,190.66,3,2,2,有,有,23860000,156820,坡道平面,60.83,3500000,114.9.28讓渡，讓渡金額：2500萬。預售屋、或土地及建物分件登記案件；,RPVWMLQLOHLGFAB86DA,77.1,0.0,8.65,有,
西屯區,房地(土地+建物)+車位,臺中市西屯區青海南街２３３號十六樓之５,11.31,住,,,1120617,土地1建物1車位1,十六層,二十三層,住宅大樓(11層含以上有電梯),住家用,鋼筋混凝土造,1150407,82.53,1,1,1,有,有,13280000,190837,坡道機械,19.23,1200000,預售屋、或土地及建物分件登記案件；,RPRVMLMLOHLGFCB78DA,35.59,0.0,4.36,有,
西屯區,房地(土地+建物)+車位,臺中市西屯區青海南街２３３號十一樓之６,14.71,住,,,1120630,土地1建物1車位1,十一層,二十三層,住宅大樓(11層含以上有電梯),住家用,鋼筋混凝土造,1150407,101.47,2,1,1,有,有,16600000,185433,坡道機械,19.23,1350000,預售屋、或土地及建物分件登記案件；,RPUVMLMLOHLGFCB09DA,47.88,0.0,4.02,有,
西屯區,房地(土地+建物)+車位,臺中市西屯區青海南街２３３號九樓之１,13.9,住,,,1120629,土地1建物1車位1,九層,二十三層,住宅大樓(11層含以上有電梯),住家用,鋼筋混凝土造,1150407,112.65,2,1,1,有,有,16180000,177855,坡道平面,34.89,2350000,預售屋、或土地及建物分件登記案件；,RPSNMLLJPHLGFCB87DA,45.08,0.0,4.02,有,
西屯區,房地(土地+建物)+車位,臺中市西屯區青海南街２３３號十樓之１,13.9,住,,,1120613,土地1建物1車位1,十層,二十三層,住宅大樓(11層含以上有電梯),住家用,鋼筋混凝土造,1150407,112.65,2,1,1,有,有,16140000,177341,坡道平面,34.89,2350000,預售屋、或土地及建物分件登記案件；,RPQSMLQJPHLGFCB68DA,45.08,0.0,4.02,有,
大里區,房地(土地+建物)+車位,臺中市大里區忠孝路６號七樓之３,28.95,住,,,1120622,土地1建物1車位1,七層,十五層,住宅大樓(11層含以上有電梯),住家用,鋼筋混凝土造,1150516,149.31,3,2,2,有,無,17110000,119817,坡道平面,24.87,2200000,預售屋、或土地及建物分件登記案件；,RPRSMLTKOHLGFIB07DA,74.81,0.0,7.55,有,
大里區,房地(土地+建物)+車位,臺中市大里區忠孝路１６號八樓之５,31.51,住,,,1120627,土地1建物1車位1,八層,十五層,住宅大樓(11層含以上有電梯),住家用,鋼筋混凝土造,1150516,159.81,3,2,2,有,無,17450000,113013,坡道平面,24.87,2200000,115/03/05平轉預售屋、或土地及建物分件登記案件；,RPOTMLTKOHLGFIB86DA,80.07,0.0,9.24,有,
大里區,房地(土地+建物)+車位,臺中市大里區忠孝路６號九樓之６,31.6,住,,,1120628,土地1建物1車位1,九層,十五層,住宅大樓(11層含以上有電梯),住家用,鋼筋混凝土造,1150516,160.16,3,2,2,有,無,18000000,116786,坡道平面,24.87,2200000,預售屋、或土地及建物分件登記案件；,RPVUMLTKOHLGFIB67DA,80.31,0.0,9.24,有,
南區,房地(土地+建物)+車位,臺中市南區新華街１５８號十七樓之１１,18.37,住,,,1120521,土地3建物1車位2,十七層,二十六層,住宅大樓(11層含以上有電梯),住家用,鋼筋混凝土造,1150528,193.38,3,2,2,有,有,22370000,148397,坡道平面,60.83,2700000,預售屋、或土地及建物分件登記案件；,RPTOMLTLOHLGFAB78DA,80.64,0.0,6.96,有,
南區,房地(土地+建物)+車位,臺中市南區新華街１５８號三樓之１３,19.22,住,,,1120513,土地3建物1車位2,三層,二十六層,住宅大樓(11層含以上有電梯),住家用,鋼筋混凝土造,1150528,199.26999999999998,3,2,2,有,有,23970000,144973,坡道平面,60.83,3900000,預售屋、或土地及建物分件登記案件；,RPVQMLTLOHLGFAB56DA,82.44,0.0,9.14,有,
南區,房地(土地+建物)+車位,臺中市南區新華街１５８號五樓之１３,19.22,住,,,1120506,土地3建物1車位1,五層,二十六層,住宅大樓(11層含以上有電梯),住家用,鋼筋混凝土造,1150528,169.45999999999998,3,2,2,有,有,21590000,145839,坡道平面,31.02,1400000,預售屋、或土地及建物分件登記案件；,RPWQMLTLOHLGFAB66DA,82.44,0.0,9.14,有,
南區,房地(土地+建物)+車位,臺中市南區新華街１５８號十五樓之１３,19.22,住,,,1120502,土地3建物1車位2,十五層,二十六層,住宅大樓(11層含以上有電梯),住家用,鋼筋混凝土造,1150528,200.47,3,2,2,有,有,24720000,150401,坡道平面,62.04,3900000,預售屋、或土地及建物分件登記案件；,RPTRMLTLOHLGFAB09DA,82.44,0.0,9.14,有,
南區,房地(土地+建物)+車位,臺中市南區新華街１５８號四樓之８,19.38,住,,,1120529,土地3建物1車位1,四層,二十六層,住宅大樓(11層含以上有電梯),住家用,鋼筋混凝土造,1150528,170.57999999999998,3,2,2,有,有,22470000,146675,坡道平面,31.02,2000000,預售屋、或土地及建物分件登記案件；,RPOUMLTLOHLGFAB88DA,83.13,0.0,9.14,有,
南區,房地(土地+建物)+車位,臺中市南區新華街１５８號十二樓之１２,17.74,住,,,1120524,土地3建物1車位2,十二層,二十六層,住宅大樓(11層含以上有電梯),住家用,鋼筋混凝土造,1150528,189.64,3,2,2,有,有,20980000,142476,坡道平面,62.04,2800000,預售屋、或土地及建物分件登記案件；,RPWVMLTLOHLGFAB17DA,76.68,0.0,7.71,有,
北屯區,房地(土地+建物)+車位,臺中市北屯區敦富一街３６８號五樓之５,22.46,住,,,1120531,土地1建物1車位1,五層,十七層,住宅大樓(11層含以上有電梯),住家用,鋼筋混凝土造,1150318,156.26,3,2,2,有,有,19700000,142892,坡道平面,32.74,2050000,權利讓渡日期:115/04/07預售屋、或土地及建物分件登記案件；,RPWOMLQJPHLGFBB78DA,73.96,0.0,7.77,有,
北屯區,房地(土地+建物)+車位,臺中市北屯區敦富一街３６６號五樓之６,22.46,住,,,1120516,土地1建物1車位2,五層,十七層,住宅大樓(11層含以上有電梯),住家用,鋼筋混凝土造,1150318,188.42000000000002,3,2,2,有,有,22300000,145714,坡道平面,64.89,4300000,權利讓渡日期:114/12/12預售屋、或土地及建物分件登記案件；,RPQPMLQJPHLGFBB28DA,73.96,0.0,7.77,有,
沙鹿區,房地(土地+建物)+車位,臺中市沙鹿區東晉一街６１號二樓之５,46.09,住,,,1120518,土地1建物1車位1,二層,六層,華廈(10層含以下有電梯),住家用,鋼筋混凝土造,1150318,147.82999999999998,3,2,2,有,有,11410000,95029,坡道平面,43.02,1450000,預售屋、或土地及建物分件登記案件；,RPSOMLTLMHLGFFB98DA,58.44,0.0,10.84,有,
沙鹿區,房地(土地+建物)+車位,臺中市沙鹿區東晉一街６１號四樓之５,46.09,住,,,1120503,土地1建物1車位1,四層,六層,華廈(10層含以下有電梯),住家用,鋼筋混凝土造,1150318,147.82999999999998,3,2,2,有,有,11400000,95888,坡道平面,43.02,1350000,預售屋、或土地及建物分件登記案件；,RPWPMLTLMHLGFFB86DA,58.44,0.0,10.84,有,
沙鹿區,房地(土地+建物)+車位,臺中市沙鹿區東晉一街６１號四樓之６,35.21,住,,,1120514,土地1建物1車位1,四層,六層,華廈(10層含以下有電梯),住家用,鋼筋混凝土造,1150318,122.65,2,2,2,有,有,9350000,100465,坡道平面,43.02,1350000,原承買人於114.12.5讓渡予新所有權人讓渡總價為新台幣935萬元整。預售屋、或土地及建物分件登記案件；,RPXPMLTLMHLGFFB96DA,46.62,0.0,6.03,有,
南區,房地(土地+建物)+車位,臺中市南區新華街１５８號十三樓之５,18.27,住,,,1120501,土地3建物1車位1,十三層,二十六層,住宅大樓(11層含以上有電梯),住家用,鋼筋混凝土造,1150528,162.62,3,2,2,有,有,20700000,146657,坡道平面,31.02,1400000,預售屋、或土地及建物分件登記案件；,RPUQMLQLOHLGFAB78DA,78.63,0.0,8.37,有,
南區,房地(土地+建物)+車位,臺中市南區新華街１５８號二十五樓之８,18.85,住,,,1120522,土地3建物1車位2,二十五層,二十六層,住宅大樓(11層含以上有電梯),住家用,鋼筋混凝土造,1150528,197.59,3,2,2,有,有,24410000,159425,坡道平面,62.04,2800000,預售屋、或土地及建物分件登記案件；,RPVPMLKMOHLGFAB28DA,81.36,0.0,8.29,有,
南區,房地(土地+建物)+車位,臺中市南區新華街１５８號二十五樓之１３,18.9,住,,,1120522,土地3建物1車位2,二十五層,二十六層,住宅大樓(11層含以上有電梯),住家用,鋼筋混凝土造,1150528,198.11,3,2,2,有,有,24310000,158080,坡道平面,62.04,2800000,預售屋、或土地及建物分件登記案件；,SPVPMLKMOHLGFAB38DA,80.54,0.0,9.37,有,
神岡區,房地(土地+建物)+車位,臺中市神岡區豐社路１９６號十二樓之７,31.03,住,,,1120509,土地1建物1車位1,十二層,十四層,住宅大樓(11層含以上有電梯),住家用,鋼筋混凝土造,1150402,147.65,3,2,2,有,有,14380000,102408,坡道平面,24.32,1750000,預售屋、或土地及建物分件登記案件；,RPWNMLSJPHLGFDB09DA,76.25,0.0,5.36,有,
大里區,房地(土地+建物)+車位,臺中市大里區忠孝路６號五樓之３,28.95,住,,,1120515,土地1建物1車位1,五層,十五層,住宅大樓(11層含以上有電梯),住家用,鋼筋混凝土造,1150516,149.31,3,2,2,有,無,16350000,113709,坡道平面,24.87,2200000,預售屋、或土地及建物分件登記案件；,RPXPMLTKOHLGFIB37DA,74.81,0.0,7.55,有,
南區,房地(土地+建物)+車位,臺中市南區新華街１５８號十樓之５,18.27,住,,,1120417,土地3建物1車位1,十層,二十六層,住宅大樓(11層含以上有電梯),住家用,鋼筋混凝土造,1150528,162.62,3,2,2,有,有,20680000,144985,坡道平面,31.02,1600000,預售屋、或土地及建物分件登記案件；,RPRQMLQLOHLGFAB48DA,78.63,0.0,8.37,有,
南區,房地(土地+建物)+車位,臺中市南區新華街１５８號二十樓之８,19.38,住,,,1120409,土地3建物1車位2,二十層,二十六層,住宅大樓(11層含以上有電梯),住家用,鋼筋混凝土造,1150528,201.6,3,2,2,有,有,24390000,154700,坡道平面,62.04,2800000,預售屋、或土地及建物分件登記案件；,RPWUMLQLOHLGFAB76DA,83.13,0.0,9.14,有,
南區,房地(土地+建物)+車位,臺中市南區新華街１５８號二十一樓之１２,17.74,住,,,1120408,土地3建物1車位2,二十一層,二十六層,住宅大樓(11層含以上有電梯),住家用,鋼筋混凝土造,1150528,189.64,3,2,2,有,有,21880000,149530,坡道平面,62.04,2800000,114.9.15讓渡，讓渡金額：2349萬。預售屋、或土地及建物分件登記案件；,RPOQMLTLOHLGFAB48DA,76.68,0.0,7.71,有,
南區,房地(土地+建物)+車位,臺中市南區新華街１５８號十二樓之１３,19.22,住,,,1120409,土地3建物1車位1,十二層,二十六層,住宅大樓(11層含以上有電梯),住家用,鋼筋混凝土造,1150528,169.45999999999998,3,2,2,有,有,21900000,148079,坡道平面,31.02,1400000,115.1.8配偶間讓渡。預售屋、或土地及建物分件登記案件；,RPRRMLTLOHLGFAB88DA,82.44,0.0,9.14,有,
沙鹿區,房地(土地+建物)+車位,臺中市沙鹿區東晉一街６１號二樓之８,46.09,住,,,1120424,土地1建物1車位1,二層,六層,華廈(10層含以下有電梯),住家用,鋼筋混凝土造,1150318,147.8,3,2,2,有,有,11000000,92098,坡道平面,43.02,1350000,原承買人於113.10.22讓渡予新所有權人讓渡總價為新台幣1140萬元整。預售屋、或土地及建物分件登記案件；,RPVOMLTLMHLGFFB66DA,58.44,0.0,10.84,有,
沙鹿區,房地(土地+建物)+車位,臺中市沙鹿區東晉一街６１號四樓之１,38.56,住,,,1120429,土地1建物1車位1,四層,六層,華廈(10層含以下有電梯),住家用,鋼筋混凝土造,1150318,130.7,2,2,2,有,有,9600000,92952,坡道平面,43.02,1450000,預售屋、或土地及建物分件登記案件；,RPTPMLTLMHLGFFB56DA,51.78,0.0,6.2,有,
南區,房地(土地+建物)+車位,臺中市南區新華街１５８號十七樓之５,18.27,住,,,1120422,土地3建物1車位2,十七層,二十六層,住宅大樓(11層含以上有電梯),住家用,鋼筋混凝土造,1150528,193.64,3,2,2,有,有,22800000,148936,坡道平面,62.04,3200000,預售屋、或土地及建物分件登記案件；,RPVQMLQLOHLGFAB88DA,78.63,0.0,8.37,有,
南區,房地(土地+建物)+車位,臺中市南區新華街１５８號二十三樓之１１,18.37,住,,,1120402,土地3建物1車位2,二十三層,二十六層,住宅大樓(11層含以上有電梯),住家用,鋼筋混凝土造,1150528,194.58999999999997,3,2,2,有,有,24180000,152999,坡道平面,62.04,3900000,預售屋、或土地及建物分件登記案件；,RPUOMLTLOHLGFAB88DA,80.64,0.0,6.96,有,
西屯區,房地(土地+建物)+車位,臺中市西屯區青海南街２３３號五樓之２,14.83,住,,,1120410,土地1建物1車位1,五層,二十三層,住宅大樓(11層含以上有電梯),住家用,鋼筋混凝土造,1150407,98.63,2,1,1,有,有,15560000,173824,坡道機械,15.73,1150000,預售屋、或土地及建物分件登記案件；,RPRNMLLJPHLGFCB77DA,48.33,0.0,4.02,有,
大里區,房地(土地+建物)+車位,臺中市大里區忠孝路６號五樓之５,35.26,住,,,1120421,土地1建物1車位1,五層,十五層,住宅大樓(11層含以上有電梯),住家用,鋼筋混凝土造,1150516,175.76,4,2,2,有,無,19100000,112002,坡道平面,24.87,2200000,預售屋、或土地及建物分件登記案件；,RPOQMLTKOHLGFIB56DA,90.2,0.0,9.73,有,
大里區,房地(土地+建物)+車位,臺中市大里區忠孝路６號五樓之６,31.6,住,,,1120424,土地1建物1車位1,五層,十五層,住宅大樓(11層含以上有電梯),住家用,鋼筋混凝土造,1150516,160.16,3,2,2,有,無,17100000,110134,坡道平面,24.87,2200000,115/04/28 平轉預售屋、或土地及建物分件登記案件；,RPPQMLTKOHLGFIB66DA,80.31,0.0,9.24,有,
大里區,房地(土地+建物)+車位,臺中市大里區忠孝路６號十四樓之３,30.09,住,,,1120410,土地1建物1車位2,十四層,十五層,住宅大樓(11層含以上有電梯),住家用,鋼筋混凝土造,1150516,179.79,3,2,2,有,無,20000000,119954,坡道平面,49.74,4400000,115/05/12平轉預售屋、或土地及建物分件登記案件；,RPQQMLQJPHLGFIB09DA,78.53,0.0,7.55,有,
西屯區,房地(土地+建物)+車位,臺中市西屯區青海路二段５１６號六樓之２,12.61,住,,,1120412,土地2建物1車位2,六層,十九層,住宅大樓(11層含以上有電梯),住家用,鋼筋混凝土造,1150108,140.49,2,2,2,有,有,18550000,169269,坡道平面,56.6,4350000,預售屋、或土地及建物分件登記案件；,RPRQMLOKPHLGFCB48DA,49.41,0.0,4.76,有,
西屯區,房地(土地+建物)+車位,臺中市西屯區青海路二段５１６號九樓之３,12.61,住,,,1120419,土地2建物1車位1,九層,十九層,住宅大樓(11層含以上有電梯),住家用,鋼筋混凝土造,1150108,112.2,2,2,2,有,有,16300000,171037,坡道平面,28.3,1950000,預售屋、或土地及建物分件登記案件；,RPSQMLOKPHLGFCB58DA,49.41,0.0,4.76,有,
南區,房地(土地+建物)+車位,臺中市南區新華街１５８號六樓之８,19.38,住,,,1120320,土地3建物1車位1,六層,二十六層,住宅大樓(11層含以上有電梯),住家用,鋼筋混凝土造,1150528,170.57999999999998,3,2,2,有,有,22550000,147248,坡道平面,31.02,2000000,預售屋、或土地及建物分件登記案件；,RPWTMLQLOHLGFAB66DA,83.13,0.0,9.14,有,
南區,房地(土地+建物)+車位,臺中市南區新華街１５８號二十二樓之８,19.38,住,,,1120324,土地3建物1車位2,二十二層,二十六層,住宅大樓(11層含以上有電梯),住家用,鋼筋混凝土造,1150528,201.6,3,2,2,有,有,25060000,156635,坡道平面,62.04,3200000,114.12.4 配偶間讓渡。預售屋、或土地及建物分件登記案件；,RPXUMLQLOHLGFAB86DA,83.13,0.0,9.14,有,
南區,房地(土地+建物)+車位,臺中市南區新華街１５８號二十二樓之１１,18.37,住,,,1120327,土地3建物1車位2,二十二層,二十六層,住宅大樓(11層含以上有電梯),住家用,鋼筋混凝土造,1150528,193.38,3,2,2,有,有,23300000,152395,坡道平面,60.83,3100000,預售屋、或土地及建物分件登記案件；,RPUVMLTLOHLGFAB96DA,80.64,0.0,6.96,有,
東勢區,房地(土地+建物),臺中市東勢區東關路六段２６２巷５號,76.25,住,,,1120319,土地1建物1車位0,全,三層,透天厝,住家用,鋼筋混凝土造,1140627,159.19,4,2,3,有,無,12000000,75382,,0.0,0,未登記建物；預售屋、或土地及建物分件登記案件；,RPRNMLTKOHLGFGB98DA,148.22,0.0,10.97,無,
南區,房地(土地+建物)+車位,臺中市南區新華街１５８號六樓之１３,19.22,住,,,1120224,土地3建物1車位1,六層,二十六層,住宅大樓(11層含以上有電梯),住家用,鋼筋混凝土造,1150528,169.45999999999998,3,2,2,有,有,21830000,146128,坡道平面,31.02,1600000,預售屋、或土地及建物分件登記案件；,RPXQMLTLOHLGFAB76DA,82.44,0.0,9.14,有,
南區,房地(土地+建物)+車位,臺中市南區新華街１５８號七樓之１２,17.74,住,,,1120218,土地3建物1車位1,七層,二十六層,住宅大樓(11層含以上有電梯),住家用,鋼筋混凝土造,1150528,158.63,3,2,2,有,有,19180000,139331,坡道平面,31.02,1400000,預售屋、或土地及建物分件登記案件；,RPVVMLTLOHLGFAB07DA,76.68,0.0,7.71,有,
南區,房地(土地+建物)+車位,臺中市南區新華街１５８號十三樓之１３,19.22,住,,,1120202,土地3建物1車位1,十三層,二十六層,住宅大樓(11層含以上有電梯),住家用,鋼筋混凝土造,1150528,169.45999999999998,3,2,2,有,有,22200000,148801,坡道平面,31.02,1600000,預售屋、或土地及建物分件登記案件；,RPSRMLTLOHLGFAB98DA,82.44,0.0,9.14,有,
沙鹿區,房地(土地+建物)+車位,臺中市沙鹿區星河路２０３之１１號三樓之３,25.89,住,,,1120205,土地1建物1車位1,三層,七層,華廈(10層含以下有電梯),住家用,鋼筋混凝土造,1150507,102.06,2,2,2,有,有,8230000,78959,坡道機械,7.96,800000,預售屋、或土地及建物分件登記案件；,RPUNMLLJOHLGFFB28DA,57.95,0.0,6.5,有,
沙鹿區,房地(土地+建物),臺中市沙鹿區星河路２０３之１５號,91.84,住,,,1120108,土地1建物1車位0,全,四層,透天厝,住家用,鋼筋混凝土造,1150507,205.97,5,3,4,有,無,18300000,88848,,0.0,0,原權利人於民國115年4月24日原價讓與新權利人預售屋、或土地及建物分件登記案件；,RPPNMLTLNHLGFFB68DA,181.37,0.0,24.6,無,
南區,房地(土地+建物)+車位,臺中市南區新華街１５８號二十三樓之８,19.38,住,,,1111211,土地3建物1車位2,二十三層,二十六層,住宅大樓(11層含以上有電梯),住家用,鋼筋混凝土造,1150528,200.39,3,2,2,有,有,25090000,157567,坡道平面,60.83,3100000,預售屋、或土地及建物分件登記案件；,RPOVMLQLOHLGFAB68DA,83.13,0.0,9.14,有,
南區,房地(土地+建物)+車位,臺中市南區新華街１５８號二十樓之１２,17.74,住,,,1111225,土地3建物1車位2,二十層,二十六層,住宅大樓(11層含以上有電梯),住家用,鋼筋混凝土造,1150528,188.44,3,2,2,有,有,21730000,149126,坡道平面,60.83,2700000,預售屋、或土地及建物分件登記案件；,RPXPMLTLOHLGFAB66DA,76.68,0.0,7.71,有,
南區,房地(土地+建物)+車位,臺中市南區新華街１５８號十八樓之６,18.8,住,,,1111221,土地3建物1車位2,十八層,二十六層,住宅大樓(11層含以上有電梯),住家用,鋼筋混凝土造,1150528,197.37,3,2,2,有,有,24000000,151482,坡道平面,62.04,3500000,114.11.29讓渡，讓渡金額：2400萬。預售屋、或土地及建物分件登記案件；,RPTTMLTLOHLGFAB66DA,81.15,0.0,8.37,有,
北屯區,房地(土地+建物)+車位,臺中市北屯區敦富二街３６號九樓之７,9.0,商,,,1111219,土地1建物1車位1,九層,二十四層,住宅大樓(11層含以上有電梯),辦公用,鋼筋混凝土造,1150414,113.30000000000001,0,0,1,有,有,14130000,156294,坡道平面,34.73,1850000,原總價1413萬元整，於112年02月24日讓售總金額1413萬元整，又於112年07月18日原購車位編號B4-501，車位價格205萬元整，更換為車位編號B6-143-1，車位價格185萬元整後，總價為1393萬元整預售屋、或土地及建物分件登記案件；,RPTPMLLJOHLGFBB97DA,44.44,0.0,3.35,有,
潭子區,車位,臺中市潭子區弘福街１２８號二樓之５等公共設施,0.0,,,,1111213,土地0建物1車位1,,,其他,,,,27.61,0,0,0,無,有,1850000,,坡道平面,27.61,1850000,建物坐落地號：弘富段93地號；僅車位交易；,RPSNMLTJPHLGFHB56DA,0.0,0.0,0.0,有,
南區,房地(土地+建物)+車位,臺中市南區新華街１５８號二十三樓之１３,19.22,住,,,1111126,土地3建物1車位2,二十三層,二十六層,住宅大樓(11層含以上有電梯),住家用,鋼筋混凝土造,1150528,200.47,3,2,2,有,有,25180000,155891,坡道平面,62.04,3600000,預售屋、或土地及建物分件登記案件；,RPXRMLTLOHLGFAB86DA,82.44,0.0,9.14,有,
南區,房地(土地+建物)+車位,臺中市南區新華街１５８號四樓之７,19.91,住,,,1111112,土地3建物1車位1,四層,二十六層,住宅大樓(11層含以上有電梯),住家用,鋼筋混凝土造,1150528,174.36,3,2,2,有,有,22700000,143714,坡道平面,31.02,2100000,預售屋、或土地及建物分件登記案件；,RPVTMLTLOHLGFAB86DA,85.83,0.0,9.01,有,
北屯區,房地(土地+建物)+車位,臺中市北屯區敦富二街３６號十六樓之９,9.0,商,,,1111117,土地1建物1車位1,十六層,二十四層,住宅大樓(11層含以上有電梯),辦公用,鋼筋混凝土造,1150414,113.30000000000001,0,0,1,有,有,14800000,158457,坡道平面,34.73,2350000,預售屋、或土地及建物分件登記案件；,RPTOMLOKMHLGFBB08DA,44.44,0.0,3.35,有,
神岡區,房地(土地+建物)+車位,臺中市神岡區豐社路１９６號四樓之３,31.3,住,,,1111123,土地1建物1車位1,四層,十四層,住宅大樓(11層含以上有電梯),住家用,鋼筋混凝土造,1150402,149.45,3,2,2,有,有,14070000,98857,坡道平面,24.32,1700000,預售屋、或土地及建物分件登記案件；,RPWNMLTLOHLGFDB66DA,76.7,0.0,6.09,有,
南區,房地(土地+建物)+車位,臺中市南區新華街１５８號九樓之８,19.38,住,,,1111016,土地3建物1車位1,九層,二十六層,住宅大樓(11層含以上有電梯),住家用,鋼筋混凝土造,1150528,170.57999999999998,3,2,2,有,有,22780000,148180,坡道平面,31.02,2100000,預售屋、或土地及建物分件登記案件；,RPOUMLQLOHLGFAB58DA,83.13,0.0,9.14,有,
南區,房地(土地+建物)+車位,臺中市南區新華街１５８號十四樓之１２,17.74,住,,,1111008,土地3建物1車位1,十四層,二十六層,住宅大樓(11層含以上有電梯),住家用,鋼筋混凝土造,1150528,158.63,3,2,2,有,有,19700000,143406,坡道平面,31.02,1400000,預售屋、或土地及建物分件登記案件；,RPTPMLTLOHLGFAB88DA,76.68,0.0,7.71,有,
西屯區,房地(土地+建物)+車位,臺中市西屯區經貿九路５００號五樓之５,34.03,都市：其他:第二種生態住宅專用區,,,1111031,土地2建物1車位2,五層,十層,華廈(10層含以下有電梯),住家用,鋼筋混凝土造,1141215,212.23000000000002,3,2,2,有,有,27040000,176271,坡道平面,79.82,3700000,1.登記名義人與簽約人不同2.113.2.26加購車位，車位金額190萬元整預售屋、或土地及建物分件登記案件；,RPWNMLQJPHLGFCB78DA,77.84,0.0,9.31,有,
沙鹿區,房地(土地+建物)+車位,臺中市沙鹿區星河路２０３之１１號五樓之２,32.06,住,,,1111024,土地1建物1車位1,五層,七層,華廈(10層含以下有電梯),住家用,鋼筋混凝土造,1150507,124.91,3,2,2,有,有,10380000,80633,坡道機械,7.96,950000,預售屋、或土地及建物分件登記案件；,RPUPMLLJOHLGFFB48DA,73.42,0.0,6.8,有,
南區,房地(土地+建物)+車位,臺中市南區新華街１５８號二十一樓之５,18.27,住,,,1110929,土地3建物1車位2,二十一層,二十六層,住宅大樓(11層含以上有電梯),住家用,鋼筋混凝土造,1150528,193.64,3,2,2,有,有,24450000,152356,坡道平面,62.04,4400000,114.8.3讓渡，讓渡金額：2380萬。預售屋、或土地及建物分件登記案件；,RPPRMLQLOHLGFAB38DA,78.63,0.0,8.37,有,
南區,房地(土地+建物)+車位,臺中市南區新華街１５８號十四樓之１０,19.11,住,,,1110911,土地3建物1車位1,十四層,二十六層,住宅大樓(11層含以上有電梯),住家用,鋼筋混凝土造,1150528,168.76,3,2,2,有,有,22450000,149920,坡道平面,31.02,1800000,預售屋、或土地及建物分件登記案件；,RPUNNLQLOHLGFAB58DA,83.09,0.0,7.97,有,
南區,房地(土地+建物)+車位,臺中市南區新華街１５８號十五樓之１２,17.74,住,,,1110921,土地3建物1車位1,十五層,二十六層,住宅大樓(11層含以上有電梯),住家用,鋼筋混凝土造,1150528,158.63,3,2,2,有,有,20400000,144189,坡道平面,31.02,2000000,預售屋、或土地及建物分件登記案件；,RPUPMLTLOHLGFAB98DA,76.68,0.0,7.71,有,
南區,房地(土地+建物)+車位,臺中市南區新華街１５８號七樓之１０,19.11,住,,,1110919,土地3建物1車位1,七層,二十六層,住宅大樓(11層含以上有電梯),住家用,鋼筋混凝土造,1150528,168.76,3,2,2,有,有,21900000,146653,坡道平面,31.02,1700000,預售屋、或土地及建物分件登記案件；,RPWUMLTLOHLGFAB07DA,83.09,0.0,7.97,有,
南區,房地(土地+建物)+車位,臺中市南區新華街１５８號二十一樓之１３,19.22,住,,,1110921,土地3建物1車位2,二十一層,二十六層,住宅大樓(11層含以上有電梯),住家用,鋼筋混凝土造,1150528,200.47,3,2,2,有,有,25380000,154446,坡道平面,62.04,4000000,預售屋、或土地及建物分件登記案件；,RPPWMLTLOHLGFAB56DA,82.44,0.0,9.14,有,
西屯區,房地(土地+建物)+車位,臺中市西屯區經貿九路５００號四樓之３,33.08,都市：其他:第二種生態住宅專用區,,,1110904,土地2建物1車位1,四層,十層,華廈(10層含以下有電梯),住家用,鋼筋混凝土造,1141215,168.45,3,2,2,有,有,22930000,164774,坡道平面,39.91,1750000,預售屋、或土地及建物分件登記案件；,RPUNMLQJPHLGFCB58DA,76.49,0.0,8.34,有,
南區,房地(土地+建物)+車位,臺中市南區新華街１５８號五樓之２,23.46,住,,,1110809,土地3建物1車位2,五層,二十六層,住宅大樓(11層含以上有電梯),住家用,鋼筋混凝土造,1150528,230.97000000000003,4,2,2,有,有,29650000,149470,坡道平面,62.04,4400000,預售屋、或土地及建物分件登記案件；,RPVNMLQLOHLGFAB58DA,101.98,0.0,9.7,有,
南區,房地(土地+建物)+車位,臺中市南區新華街１５８號十四樓之３,20.12,住,,,1110820,土地3建物1車位1,十四層,二十六層,住宅大樓(11層含以上有電梯),住家用,鋼筋混凝土造,1150528,175.87,3,2,2,有,有,24470000,153745,坡道平面,31.02,2200000,預售屋、或土地及建物分件登記案件；,RPPPMLQLOHLGFAB18DA,87.08,0.0,8.75,有,
南區,房地(土地+建物)+車位,臺中市南區新華街１５８號二十三樓之３,20.12,住,,,1110826,土地3建物1車位2,二十三層,二十六層,住宅大樓(11層含以上有電梯),住家用,鋼筋混凝土造,1150528,206.89,3,2,2,有,有,26830000,160373,坡道平面,62.04,3600000,預售屋、或土地及建物分件登記案件；,RPTPMLQLOHLGFAB58DA,87.08,0.0,8.75,有,
南區,房地(土地+建物)+車位,臺中市南區新華街１５８號十七樓之１３,19.22,住,,,1110823,土地3建物1車位1,十七層,二十六層,住宅大樓(11層含以上有電梯),住家用,鋼筋混凝土造,1150528,169.45999999999998,3,2,2,有,有,22160000,149957,坡道平面,31.02,1400000,112.12.28 讓渡權利範圍1/2，讓渡金額：2216萬。預售屋、或土地及建物分件登記案件；,RPVRMLTLOHLGFAB66DA,82.44,0.0,9.14,有,
南區,房地(土地+建物)+車位,臺中市南區新華街１５８號十一樓之６,18.8,住,,,1110819,土地3建物1車位2,十一層,二十六層,住宅大樓(11層含以上有電梯),住家用,鋼筋混凝土造,1150528,197.37,3,2,2,有,有,22580000,146161,坡道平面,62.04,2800000,預售屋、或土地及建物分件登記案件；,RPQTMLTLOHLGFAB98DA,81.15,0.0,8.37,有,
南區,房地(土地+建物)+車位,臺中市南區新華街１５８號十九樓之１３,19.22,住,,,1110823,土地3建物1車位1,十九層,二十六層,住宅大樓(11層含以上有電梯),住家用,鋼筋混凝土造,1150528,169.45999999999998,3,2,2,有,有,22330000,151185,坡道平面,31.02,1400000,113.12.29讓渡，讓渡金額：2500萬。預售屋、或土地及建物分件登記案件；,RPWRMLTLOHLGFAB76DA,82.44,0.0,9.14,有,
神岡區,房地(土地+建物)+車位,臺中市神岡區豐社路１９６號三樓之７,31.03,住,,,1110807,土地1建物1車位1,三層,十四層,住宅大樓(11層含以上有電梯),住家用,鋼筋混凝土造,1150402,147.65,3,2,2,有,有,13230000,93489,坡道平面,24.32,1700000,預售屋、或土地及建物分件登記案件；,RPVNMLTLOHLGFDB56DA,76.25,0.0,5.36,有,
神岡區,房地(土地+建物)+車位,臺中市神岡區豐社路１９６號,32.36,住,,,1110831,土地1建物1車位1,一層,十四層,住宅大樓(11層含以上有電梯),商業用,鋼筋混凝土造,1150402,147.13,0,0,1,有,有,18100000,133132,坡道平面,24.32,1750000,轉售價格新台幣1820萬元整含車位，轉售日期民國113年9月27日。預售屋、或土地及建物分件登記案件；,RPUOMLQJPHLGFDB78DA,86.34,0.0,0.0,有,
南區,房地(土地+建物)+車位,臺中市南區新華街１５８號三樓之１,25.26,住,,,1110717,土地3建物1車位2,三層,二十六層,住宅大樓(11層含以上有電梯),住家用,鋼筋混凝土造,1150528,243.79000000000002,4,2,2,有,有,31160000,149436,坡道平面,62.04,4000000,預售屋、或土地及建物分件登記案件；,RPOQMLPLOHLGFAB08DA,110.28,0.0,9.89,有,
南區,房地(土地+建物)+車位,臺中市南區新華街１５８號四樓之１,25.26,住,,,1110715,土地3建物1車位2,四層,二十六層,住宅大樓(11層含以上有電梯),住家用,鋼筋混凝土造,1150528,240.34,4,2,2,有,有,31670000,150033,坡道平面,58.58,4400000,預售屋、或土地及建物分件登記案件；,RPPQMLPLOHLGFAB18DA,110.28,0.0,9.89,有,
南區,房地(土地+建物)+車位,臺中市南區新華街１５８號九樓之１,25.26,住,,,1110716,土地3建物1車位2,九層,二十六層,住宅大樓(11層含以上有電梯),住家用,鋼筋混凝土造,1150528,243.79000000000002,4,2,2,有,有,31130000,151472,坡道平面,62.04,3600000,預售屋、或土地及建物分件登記案件；,RPRQMLPLOHLGFAB38DA,110.28,0.0,9.89,有,
南區,房地(土地+建物)+車位,臺中市南區新華街１５８號十樓之１,25.26,住,,,1110718,土地3建物1車位2,十層,二十六層,住宅大樓(11層含以上有電梯),住家用,鋼筋混凝土造,1150528,243.79000000000002,4,2,2,有,有,31190000,151802,坡道平面,62.04,3600000,預售屋、或土地及建物分件登記案件；,RPSQMLPLOHLGFAB48DA,110.28,0.0,9.89,有,
南區,房地(土地+建物)+車位,臺中市南區新華街１５８號十七樓之１,25.26,住,,,1110717,土地3建物1車位3,十七層,二十六層,住宅大樓(11層含以上有電梯),住家用,鋼筋混凝土造,1150528,274.8,4,2,2,有,有,34360000,156047,坡道平面,93.06,6000000,預售屋、或土地及建物分件登記案件；,RPXQMLPLOHLGFAB98DA,110.28,0.0,9.89,有,
南區,房地(土地+建物)+車位,臺中市南區新華街１５８號三樓之２,23.46,住,,,1110720,土地3建物1車位2,三層,二十六層,住宅大樓(11層含以上有電梯),住家用,鋼筋混凝土造,1150528,230.97000000000003,4,2,2,有,有,28180000,147872,坡道平面,62.04,3200000,預售屋、或土地及建物分件登記案件；,RPTNMLQLOHLGFAB38DA,101.98,0.0,9.7,有,
南區,房地(土地+建物)+車位,臺中市南區新華街１５８號十三樓之２,23.46,住,,,1110717,土地3建物1車位2,十三層,二十六層,住宅大樓(11層含以上有電梯),住家用,鋼筋混凝土造,1150528,230.97000000000003,4,2,2,有,有,29300000,152134,坡道平面,62.04,3600000,預售屋、或土地及建物分件登記案件；,RPPOMLQLOHLGFAB08DA,101.98,0.0,9.7,有,
南區,房地(土地+建物)+車位,臺中市南區新華街１５８號十六樓之２,23.46,住,,,1110715,土地3建物1車位2,十六層,二十六層,住宅大樓(11層含以上有電梯),住家用,鋼筋混凝土造,1150528,230.97000000000003,4,2,2,有,有,29200000,153910,坡道平面,62.04,3200000,預售屋、或土地及建物分件登記案件；,RPQOMLQLOHLGFAB18DA,101.98,0.0,9.7,有,
南區,房地(土地+建物)+車位,臺中市南區新華街１５８號十八樓之２,23.46,住,,,1110715,土地3建物1車位2,十八層,二十六層,住宅大樓(11層含以上有電梯),住家用,鋼筋混凝土造,1150528,230.97000000000003,4,2,2,有,有,30210000,155153,坡道平面,62.04,4000000,112.3.16讓渡，讓渡金額：3021萬。預售屋、或土地及建物分件登記案件；,RPROMLQLOHLGFAB28DA,101.98,0.0,9.7,有,
南區,房地(土地+建物)+車位,臺中市南區新華街１５８號十一樓之３,20.12,住,,,1110723,土地3建物1車位2,十一層,二十六層,住宅大樓(11層含以上有電梯),住家用,鋼筋混凝土造,1150528,205.68,3,2,2,有,有,25280000,150362,坡道平面,60.83,3500000,預售屋、或土地及建物分件登記案件；,RPXOMLQLOHLGFAB88DA,87.08,0.0,8.75,有,
南區,房地(土地+建物)+車位,臺中市南區新華街１５８號八樓之６,18.8,住,,,1110716,土地3建物1車位1,八層,二十六層,住宅大樓(11層含以上有電梯),住家用,鋼筋混凝土造,1150528,166.36,3,2,2,有,有,21010000,143417,坡道平面,31.02,1600000,預售屋、或土地及建物分件登記案件；,RPWRMLQLOHLGFAB09DA,81.15,0.0,8.37,有,
南區,房地(土地+建物)+車位,臺中市南區新華街１５８號十樓之７,19.91,住,,,1110717,土地3建物1車位1,十層,二十六層,住宅大樓(11層含以上有電梯),住家用,鋼筋混凝土造,1150528,174.36,3,2,2,有,有,22120000,143156,坡道平面,31.02,1600000,預售屋、或土地及建物分件登記案件；,RPWSMLQLOHLGFAB56DA,85.83,0.0,9.01,有,
南區,房地(土地+建物)+車位,臺中市南區新華街１５８號十八樓之７,19.91,住,,,1110715,土地3建物1車位2,十八層,二十六層,住宅大樓(11層含以上有電梯),住家用,鋼筋混凝土造,1150528,205.38,3,2,2,有,有,24810000,147970,坡道平面,62.04,3600000,預售屋、或土地及建物分件登記案件；,RPTTMLQLOHLGFAB98DA,85.83,0.0,9.01,有,
南區,房地(土地+建物)+車位,臺中市南區新華街１５８號三樓之９,17.95,住,,,1110715,土地3建物1車位1,三層,二十六層,住宅大樓(11層含以上有電梯),住家用,鋼筋混凝土造,1150528,160.51,3,2,2,有,有,19100000,136690,坡道平面,31.02,1400000,115.2.3配偶間讓渡。預售屋、或土地及建物分件登記案件；,RPQVMLQLOHLGFAB88DA,77.1,0.0,8.48,有,
南區,房地(土地+建物)+車位,臺中市南區新華街１５８號十三樓之１０,19.11,住,,,1110728,土地3建物1車位2,十三層,二十六層,住宅大樓(11層含以上有電梯),住家用,鋼筋混凝土造,1150528,198.57,3,2,2,有,有,23100000,148105,坡道平面,60.83,2700000,預售屋、或土地及建物分件登記案件；,RPTNNLQLOHLGFAB48DA,83.09,0.0,7.97,有,
南區,房地(土地+建物)+車位,臺中市南區新華街１５８號二樓之１２,17.74,住,,,1110716,土地3建物1車位1,二層,二十六層,住宅大樓(11層含以上有電梯),住家用,鋼筋混凝土造,1150528,158.63,3,2,2,有,有,18420000,133375,坡道平面,31.02,1400000,115.3.6讓渡，讓渡金額：1920萬。預售屋、或土地及建物分件登記案件；,RPWOMLTLOHLGFAB09DA,76.68,0.0,7.71,有,
南區,房地(土地+建物)+車位,臺中市南區新華街１５８號五樓之１２,17.74,住,,,1110716,土地3建物1車位1,五層,二十六層,住宅大樓(11層含以上有電梯),住家用,鋼筋混凝土造,1150528,158.63,3,2,2,有,有,18650000,135177,坡道平面,31.02,1400000,預售屋、或土地及建物分件登記案件；,RPOPMLTLOHLGFAB38DA,76.68,0.0,7.71,有,
南區,房地(土地+建物)+車位,臺中市南區新華街１５８號十八樓之１２,17.74,住,,,1110721,土地3建物1車位1,十八層,二十六層,住宅大樓(11層含以上有電梯),住家用,鋼筋混凝土造,1150528,158.63,3,2,2,有,有,19660000,143092,坡道平面,31.02,1400000,112.6.3讓渡，讓渡金額：2065萬。預售屋、或土地及建物分件登記案件；,RPWPMLTLOHLGFAB56DA,76.68,0.0,7.71,有,
南區,房地(土地+建物)+車位,臺中市南區新華街１５８號八樓之１３,19.22,住,,,1110717,土地3建物1車位2,八層,二十六層,住宅大樓(11層含以上有電梯),住家用,鋼筋混凝土造,1150528,199.26999999999998,3,2,2,有,有,22600000,143745,坡道平面,60.83,2700000,預售屋、或土地及建物分件登記案件；,RPORMLTLOHLGFAB58DA,82.44,0.0,9.14,有,
南區,房地(土地+建物)+車位,臺中市南區新華街１５８號十樓之１３,19.22,住,,,1110717,土地3建物1車位1,十層,二十六層,住宅大樓(11層含以上有電梯),住家用,鋼筋混凝土造,1150528,169.45999999999998,3,2,2,有,有,21980000,144322,坡道平面,31.02,2000000,預售屋、或土地及建物分件登記案件；,RPPRMLTLOHLGFAB68DA,82.44,0.0,9.14,有,
南區,房地(土地+建物)+車位,臺中市南區新華街１５８號十一樓之１３,19.22,住,,,1110715,土地3建物1車位2,十一層,二十六層,住宅大樓(11層含以上有電梯),住家用,鋼筋混凝土造,1150528,200.47,3,2,2,有,有,23070000,144983,坡道平面,62.04,3000000,預售屋、或土地及建物分件登記案件；,RPQRMLTLOHLGFAB78DA,82.44,0.0,9.14,有,
南區,房地(土地+建物)+車位,臺中市南區新華街１５８號十六樓之１３,19.22,住,,,1110719,土地3建物1車位2,十六層,二十六層,住宅大樓(11層含以上有電梯),住家用,鋼筋混凝土造,1150528,199.26999999999998,3,2,2,有,有,23580000,147934,坡道平面,60.83,3100000,預售屋、或土地及建物分件登記案件；,RPURMLTLOHLGFAB56DA,82.44,0.0,9.14,有,
南區,房地(土地+建物)+車位,臺中市南區新華街１５８號十五樓之３,20.12,住,,,1110714,土地3建物1車位1,十五層,二十六層,住宅大樓(11層含以上有電梯),住家用,鋼筋混凝土造,1150528,175.87,3,2,2,有,有,23930000,152779,坡道平面,31.02,1800000,預售屋、或土地及建物分件登記案件；,RPRSMLTLOHLGFAB98DA,87.08,0.0,8.75,有,
南區,房地(土地+建物)+車位,臺中市南區新華街１５８號九樓之９,18.06,住,,,1110718,土地3建物1車位1,九層,二十六層,住宅大樓(11層含以上有電梯),住家用,鋼筋混凝土造,1150528,159.65,3,2,2,有,有,19890000,141636,坡道平面,29.81,1500000,預售屋、或土地及建物分件登記案件；,RPTUMLTLOHLGFAB76DA,77.1,0.0,8.65,有,
南區,房地(土地+建物)+車位,臺中市南區新華街１５８號十樓之２,23.46,住,,,1110714,土地3建物1車位2,十層,二十六層,住宅大樓(11層含以上有電梯),住家用,鋼筋混凝土造,1150528,230.97000000000003,4,2,2,有,有,28990000,150299,坡道平面,62.04,3600000,預售屋、或土地及建物分件登記案件；,RPXNMLQLOHLGFAB78DA,101.98,0.0,9.7,有,
南區,房地(土地+建物)+車位,臺中市南區新華街１５８號十八樓之３,20.12,住,,,1110716,土地3建物1車位1,十八層,二十六層,住宅大樓(11層含以上有電梯),住家用,鋼筋混凝土造,1150528,175.87,3,2,2,有,有,24400000,154643,坡道平面,31.02,2000000,預售屋、或土地及建物分件登記案件；,RPRPMLQLOHLGFAB38DA,87.08,0.0,8.75,有,
南區,房地(土地+建物)+車位,臺中市南區新華街１５８號十九樓之３,20.12,住,,,1110720,土地3建物1車位1,十九層,二十六層,住宅大樓(11層含以上有電梯),住家用,鋼筋混凝土造,1150528,175.87,3,2,2,有,有,24280000,155195,坡道平面,31.02,1800000,預售屋、或土地及建物分件登記案件；,RPSPMLQLOHLGFAB48DA,87.08,0.0,8.75,有,
南區,房地(土地+建物)+車位,臺中市南區新華街１５８號二樓之５,18.27,住,,,1110715,土地3建物1車位2,二層,二十六層,住宅大樓(11層含以上有電梯),住家用,鋼筋混凝土造,1150528,192.43,3,2,2,有,有,18970000,123632,坡道平面,60.83,2700000,預售屋、或土地及建物分件登記案件；,RPUPMLQLOHLGFAB68DA,78.63,0.0,8.37,有,
南區,房地(土地+建物)+車位,臺中市南區新華街１５８號二樓之６,18.8,住,,,1110719,土地3建物1車位1,二層,二十六層,住宅大樓(11層含以上有電梯),住家用,鋼筋混凝土造,1150528,166.36,3,2,2,有,有,19000000,128565,坡道平面,31.02,1600000,115.3.23讓渡，讓渡金額：2028萬。預售屋、或土地及建物分件登記案件；,RPSRMLQLOHLGFAB68DA,81.15,0.0,8.37,有,
南區,房地(土地+建物)+車位,臺中市南區新華街１５８號二十二樓之６,18.8,住,,,1110717,土地3建物1車位2,二十二層,二十六層,住宅大樓(11層含以上有電梯),住家用,鋼筋混凝土造,1150528,197.37,3,2,2,有,有,25000000,152220,坡道平面,62.04,4400000,預售屋、或土地及建物分件登記案件；,RPTSMLQLOHLGFAB88DA,81.15,0.0,8.37,有,
南區,房地(土地+建物)+車位,臺中市南區新華街１５８號十一樓之７,19.91,住,,,1110717,土地3建物1車位1,十一層,二十六層,住宅大樓(11層含以上有電梯),住家用,鋼筋混凝土造,1150528,174.36,3,2,2,有,有,22610000,143784,坡道平面,31.02,2000000,預售屋、或土地及建物分件登記案件；,RPXSMLQLOHLGFAB66DA,85.83,0.0,9.01,有,
南區,房地(土地+建物)+車位,臺中市南區新華街１５８號十二樓之７,19.91,住,,,1110716,土地3建物1車位2,十二層,二十六層,住宅大樓(11層含以上有電梯),住家用,鋼筋混凝土造,1150528,205.38,3,2,2,有,有,24290000,144342,坡道平面,62.04,3600000,預售屋、或土地及建物分件登記案件；,RPOTMLQLOHLGFAB48DA,85.83,0.0,9.01,有,
南區,房地(土地+建物)+車位,臺中市南區新華街１５８號十七樓之７,19.91,住,,,1110718,土地3建物1車位2,十七層,二十六層,住宅大樓(11層含以上有電梯),住家用,鋼筋混凝土造,1150528,205.38,3,2,2,有,有,25530000,147412,坡道平面,62.04,4400000,預售屋、或土地及建物分件登記案件；,RPSTMLQLOHLGFAB88DA,85.83,0.0,9.01,有,
南區,房地(土地+建物)+車位,臺中市南區新華街１５８號十九樓之７,19.91,住,,,1110721,土地3建物1車位1,十九層,二十六層,住宅大樓(11層含以上有電梯),住家用,鋼筋混凝土造,1150528,174.36,3,2,2,有,有,23400000,148598,坡道平面,31.02,2100000,113.12.15讓渡，讓渡金額:2697萬預售屋、或土地及建物分件登記案件；,RPUTMLQLOHLGFAB09DA,85.83,0.0,9.01,有,
南區,房地(土地+建物)+車位,臺中市南區新華街１５８號八樓之９,18.06,住,,,1110715,土地3建物1車位1,八層,二十六層,住宅大樓(11層含以上有電梯),住家用,鋼筋混凝土造,1150528,160.85,3,2,2,有,有,19950000,141339,坡道平面,31.02,1600000,115.2.11讓渡，讓渡金額：2127萬。預售屋、或土地及建物分件登記案件；,RPTVMLQLOHLGFAB56DA,77.1,0.0,8.65,有,
南區,房地(土地+建物)+車位,臺中市南區新華街１５８號五樓之１０,19.11,住,,,1110716,土地3建物1車位1,五層,二十六層,住宅大樓(11層含以上有電梯),住家用,鋼筋混凝土造,1150528,168.76,3,2,2,有,有,21870000,144257,坡道平面,31.02,2000000,115.1.28配偶間讓渡。預售屋、或土地及建物分件登記案件；,RPQNNLQLOHLGFAB18DA,83.09,0.0,7.97,有,
南區,房地(土地+建物)+車位,臺中市南區新華街１５８號十五樓之１０,19.11,住,,,1110720,土地3建物1車位1,十五層,二十六層,住宅大樓(11層含以上有電梯),住家用,鋼筋混凝土造,1150528,168.76,3,2,2,有,有,22290000,148759,坡道平面,31.02,1800000,預售屋、或土地及建物分件登記案件；,RPVNNLQLOHLGFAB68DA,83.09,0.0,7.97,有,
南區,房地(土地+建物)+車位,臺中市南區新華街１５８號二十五樓之１０,19.11,住,,,1110718,土地3建物1車位2,二十五層,二十六層,住宅大樓(11層含以上有電梯),住家用,鋼筋混凝土造,1150528,199.78,3,2,2,有,有,25570000,156599,坡道平面,62.04,4000000,113.7.23讓渡，讓渡金額：2660萬。預售屋、或土地及建物分件登記案件；,RPSNMLTLOHLGFAB58DA,83.09,0.0,7.97,有,
南區,房地(土地+建物)+車位,臺中市南區新華街１５８號二十五樓之１１,18.37,住,,,1110717,土地3建物1車位2,二十五層,二十六層,住宅大樓(11層含以上有電梯),住家用,鋼筋混凝土造,1150528,194.58999999999997,3,2,2,有,有,23260000,152094,坡道平面,62.04,3100000,預售屋、或土地及建物分件登記案件；,RPVOMLTLOHLGFAB98DA,80.64,0.0,6.96,有,
南區,房地(土地+建物)+車位,臺中市南區新華街１５８號十七樓之１２,17.74,住,,,1110718,土地3建物1車位1,十七層,二十六層,住宅大樓(11層含以上有電梯),住家用,鋼筋混凝土造,1150528,158.63,3,2,2,有,有,19780000,142465,坡道平面,31.02,1600000,112.2.7讓渡，讓渡金額：1978萬。預售屋、或土地及建物分件登記案件；,RPVPMLTLOHLGFAB09DA,76.68,0.0,7.71,有,
南區,房地(土地+建物)+車位,臺中市南區新華街１５８號八樓之１,25.26,住,,,1110718,土地3建物1車位2,八層,二十六層,住宅大樓(11層含以上有電梯),住家用,鋼筋混凝土造,1150528,243.79000000000002,4,2,2,有,有,31490000,151252,坡道平面,62.04,4000000,預售屋、或土地及建物分件登記案件；,RPOSMLTLOHLGFAB68DA,110.28,0.0,9.89,有,
南區,房地(土地+建物)+車位,臺中市南區新華街１５８號二十一樓之３,20.12,住,,,1110723,土地3建物1車位2,二十一層,二十六層,住宅大樓(11層含以上有電梯),住家用,鋼筋混凝土造,1150528,206.89,3,2,2,有,有,26150000,157059,坡道平面,62.04,3400000,預售屋、或土地及建物分件登記案件；,RPUSMLTLOHLGFAB66DA,87.08,0.0,8.75,有,
南區,房地(土地+建物)+車位,臺中市南區新華街１５８號二十三樓之６,18.8,住,,,1110715,土地3建物1車位2,二十三層,二十六層,住宅大樓(11層含以上有電梯),住家用,鋼筋混凝土造,1150528,197.37,3,2,2,有,有,25120000,153107,坡道平面,62.04,4400000,114.8.31讓渡，讓渡金額：2588萬。預售屋、或土地及建物分件登記案件；,RPUTMLTLOHLGFAB76DA,81.15,0.0,8.37,有,
南區,房地(土地+建物)+車位,臺中市南區新華街１５８號八樓之１０,19.11,住,,,1110721,土地3建物1車位1,八層,二十六層,住宅大樓(11層含以上有電梯),住家用,鋼筋混凝土造,1150528,168.76,3,2,2,有,有,21990000,145129,坡道平面,31.02,2000000,預售屋、或土地及建物分件登記案件；,RPXUMLTLOHLGFAB17DA,83.09,0.0,7.97,有,
南區,房地(土地+建物)+車位,臺中市南區新華街１５８號十八樓之１０,19.11,住,,,1110715,土地3建物1車位2,十八層,二十六層,住宅大樓(11層含以上有電梯),住家用,鋼筋混凝土造,1150528,199.78,3,2,2,有,有,23930000,150501,坡道平面,62.04,3200000,114.8.22讓渡，讓渡金額：2410萬。預售屋、或土地及建物分件登記案件；,RPPVMLTLOHLGFAB09DA,83.09,0.0,7.97,有,
南區,房地(土地+建物)+車位,臺中市南區新華街１５８號二十樓之１１,18.37,住,,,1110716,土地3建物1車位2,二十層,二十六層,住宅大樓(11層含以上有電梯),住家用,鋼筋混凝土造,1150528,193.38,3,2,2,有,有,22650000,147492,坡道平面,60.83,3100000,預售屋、或土地及建物分件登記案件；,RPTVMLTLOHLGFAB86DA,80.64,0.0,6.96,有,
南區,房地(土地+建物)+車位,臺中市南區新華街１５８號六樓之２,23.46,住,,,1110721,土地3建物1車位2,六層,二十六層,住宅大樓(11層含以上有電梯),住家用,鋼筋混凝土造,1150528,230.97000000000003,4,2,2,有,有,28000000,149174,坡道平面,62.04,2800000,112.05.05讓渡，讓渡金額:2800萬預售屋、或土地及建物分件登記案件；,RPRWMLTLOHLGFAB76DA,101.98,0.0,9.7,有,
南屯區,房地(土地+建物),臺中市南屯區永春東七路５５８之２號,221.23,住,,,1101125,土地3建物1車位0,一層，二層，三層，四層，地下一層，見其他登記事項,十五層,住宅大樓(11層含以上有電梯),住家用,鋼筋混凝土造,1140831,577.23,4,4,5,有,有,67680000,117250,,0.0,0,預售屋、或土地及建物分件登記案件；,RPPOMLMKOHLGFCB77DA,443.69,0.0,26.29,有,
南屯區,房地(土地+建物),臺中市南屯區永春東七路５６８之２號,273.56,住,,,1101022,土地3建物1車位0,一層，二層，三層，四層，地下一層，見其他登記事項,十五層,住宅大樓(11層含以上有電梯),住家用,鋼筋混凝土造,1140831,577.85,4,4,5,有,有,77770000,134585,,0.0,0,預售屋、或土地及建物分件登記案件；,RPROMLMKOHLGFCB97DA,444.2,0.0,26.29,有,
南屯區,房地(土地+建物),臺中市南屯區永春東七路５５６號,252.72,住,,,1101013,土地3建物1車位0,一層，二層，三層，四層，地下一層，見其他登記事項,十五層,住宅大樓(11層含以上有電梯),住家用,鋼筋混凝土造,1140831,576.9200000000001,4,4,5,有,有,75700000,131214,,0.0,0,預售屋、或土地及建物分件登記案件；,RPOOMLQKOHLGFCB08DA,443.43,0.0,26.29,有,
梧棲區,房地(土地+建物),臺中市梧棲區八德路一段７０號十二樓之１１,6.5,商,,,1101023,土地1建物1車位0,十二層,二十八層,住宅大樓(11層含以上有電梯),住家用,鋼筋混凝土造,1140606,73.03,2,2,1,有,有,3610000,49432,,0.0,0,民國114年4月25日父女讓渡，讓渡金額不變預售屋、或土地及建物分件登記案件；,RPPNMLMJPHLGFFB97DA,45.06,0.0,3.66,有,
南屯區,房地(土地+建物),臺中市南屯區永春東七路５６０號,230.45,住,,,1100629,土地3建物1車位0,一層，二層，三層，四層，地下一層，見其他登記事項,十五層,住宅大樓(11層含以上有電梯),住家用,鋼筋混凝土造,1140831,581.17,4,4,5,有,有,68460000,117797,,0.0,0,,SPPOMLMKOHLGFCB87DA,446.92,0.0,26.29,有,
西屯區,房地(土地+建物)+車位,臺中市西屯區臺灣大道三段７６３號二十七樓之８,6.08,商,,,1100414,土地1建物1車位1,二十七層,三十六層,住宅大樓(11層含以上有電梯),住家用,鋼骨造,1141028,116.31,2,2,1,有,有,10980000,107638,坡道平面,30.56,1750000,預售屋、或土地及建物分件登記案件；,RPOOMLRLNHLGFCB18DA,46.38,4.0,5.8,有,
西屯區,房地(土地+建物)+車位,臺中市西屯區臺灣大道三段７６３號二十五樓之６,6.65,商,,,1100323,土地1建物1車位1,二十五層,三十六層,住宅大樓(11層含以上有電梯),住家用,鋼骨造,1141028,124.00999999999999,3,2,1,有,有,11900000,108614,坡道平面,30.56,1750000,預售屋、或土地及建物分件登記案件；,RPTRMLOLOHLGFCB78DA,54.06,3.01,4.16,有,
西屯區,房地(土地+建物)+車位,臺中市西屯區臺灣大道三段７６３號二十七樓之６,6.65,商,,,1100329,土地1建物1車位1,二十七層,三十六層,住宅大樓(11層含以上有電梯),住家用,鋼骨造,1141028,124.00999999999999,3,2,1,有,有,11800000,108614,坡道平面,30.56,1650000,1.讓渡日期:114年2月14日2.此申報總價為1183萬預售屋、或土地及建物分件登記案件；,RPVRMLOLOHLGFCB98DA,54.06,3.01,4.16,有,
西屯區,房地(土地+建物)+車位,臺中市西屯區臺灣大道三段７６５號二十樓之１１,7.78,商,,,1100218,土地1建物1車位1,二十層,三十六層,住宅大樓(11層含以上有電梯),住家用,鋼骨造,1141028,141.05,3,2,2,有,有,14160000,115486,坡道平面,30.56,1400000,預售屋、或土地及建物分件登記案件；,RPORMLOLOHLGFCB28DA,64.86,2.08,5.47,有,
西屯區,房地(土地+建物)+車位,臺中市西屯區臺灣大道三段７６５號三十四樓之１,5.84,商,,,1100218,土地1建物1車位1,三十四層,三十六層,住宅大樓(11層含以上有電梯),住家用,鋼骨造,1141028,112.65,2,2,1,有,有,10400000,109636,坡道平面,30.56,1400000,1.讓渡日期:114年1月15日2.此申報總價為1112萬元預售屋、或土地及建物分件登記案件；,RPQSMLOLOHLGFCB58DA,47.11,1.85,4.81,有,
西屯區,房地(土地+建物)+車位,臺中市西屯區臺灣大道三段７６５號十八樓之８,5.51,商,,,1091209,土地1建物1車位1,十八層,三十六層,住宅大樓(11層含以上有電梯),住家用,鋼骨造,1141028,89.9,2,2,1,有,有,9480000,110983,坡道機械,12.14,850000,預售屋、或土地及建物分件登記案件；,RPUSMLMLNHLGFCB68DA,45.03,1.67,4.27,有,
西屯區,房地(土地+建物)+車位,臺中市西屯區臺灣大道三段７６５號四樓之１５,6.16,商,,,1091206,土地1建物1車位1,四層,三十六層,住宅大樓(11層含以上有電梯),住家用,鋼骨造,1141028,99.46000000000001,3,2,1,有,有,9650000,99634,坡道機械,12.14,950000,預售屋、或土地及建物分件登記案件；,RPUPMLOLOHLGFCB68DA,52.69,0.0,4.5,有,
西屯區,房地(土地+建物)+車位,臺中市西屯區臺灣大道三段７６３號二十二樓之１１,6.32,商,,,1091218,土地1建物1車位1,二十二層,三十六層,住宅大樓(11層含以上有電梯),住家用,鋼骨造,1141028,101.58,2,2,1,有,有,10630000,109347,坡道機械,12.14,850000,1.讓渡日期:111年12月16日2.此申報總價為1073萬元預售屋、或土地及建物分件登記案件；,RPRRMLOLOHLGFCB58DA,49.55,4.73,4.33,有,
西屯區,房地(土地+建物)+車位,臺中市西屯區臺灣大道三段７６５號十六樓之８,5.51,商,,,1091204,土地1建物1車位1,十六層,三十六層,住宅大樓(11層含以上有電梯),住家用,鋼骨造,1141028,89.9,2,2,1,有,有,9630000,113555,坡道機械,12.14,800000,預售屋、或土地及建物分件登記案件；,RPVNMLPLOHLGFCB68DA,45.03,1.67,4.27,有,
西屯區,房地(土地+建物)+車位,臺中市西屯區臺灣大道三段７６５號十七樓之１１,8.03,商,,,1091115,土地1建物1車位1,十七層,三十六層,住宅大樓(11層含以上有電梯),住家用,鋼骨造,1141028,143.65,3,2,2,有,有,14350000,112300,坡道平面,30.56,1650000,1.讓渡日期:112年11月27日2.此申報總價為原始買賣合約價格預售屋、或土地及建物分件登記案件；,RPSSMLMLNHLGFCB48DA,64.86,3.7,5.47,有,
西屯區,房地(土地+建物)+車位,臺中市西屯區臺灣大道三段７６５號五樓之１５,6.49,商,,,1091122,土地1建物1車位1,五層,三十六層,住宅大樓(11層含以上有電梯),住家用,鋼骨造,1141028,122.38999999999999,3,2,1,有,有,10980000,100512,坡道平面,30.56,1750000,預售屋、或土地及建物分件登記案件；,RPWPMLOLOHLGFCB88DA,52.69,2.97,4.5,有,
西屯區,房地(土地+建物)+車位,臺中市西屯區臺灣大道三段７６５號十五樓之８,5.51,商,,,1091121,土地1建物1車位1,十五層,三十六層,住宅大樓(11層含以上有電梯),住家用,鋼骨造,1141028,89.9,2,2,1,有,有,9700000,112526,坡道機械,12.14,950000,1.讓渡日期:113年10月29日2.此申報總價為1110萬預售屋、或土地及建物分件登記案件；,RPVQMLOLOHLGFCB88DA,45.03,1.67,4.27,有,
西屯區,房地(土地+建物)+車位,臺中市西屯區臺灣大道三段７６５號十三樓之１２,6.57,商,,,1091121,土地1建物1車位1,十三層,三十六層,住宅大樓(11層含以上有電梯),住家用,鋼骨造,1141028,123.97,3,2,1,有,有,11900000,109731,坡道平面,30.56,1650000,1.讓渡日期:112年4月13日2.此申報總價為原始買賣合約價格預售屋、或土地及建物分件登記案件；,RPTNMLPLOHLGFCB48DA,55.26,1.55,4.38,有,
西屯區,房地(土地+建物)+車位,臺中市西屯區臺灣大道三段７６１號二十六樓之９,5.92,商,,,1091010,土地1建物1車位1,二十六層,三十六層,住宅大樓(11層含以上有電梯),住家用,鋼骨造,1141028,130.55,2,2,1,有,有,10750000,107623,坡道平面,46.46,1700000,1.讓渡日期:115年1月16日2.此申報總價為1118萬元3.車位分類為平面-行動不便預售屋、或土地及建物分件登記案件；,RPTNMLPKOHLGFCB38DA,47.86,3.06,4.15,有,
西屯區,房地(土地+建物)+車位,臺中市西屯區臺灣大道三段７６３號十四樓之３,5.35,商,,,1091007,土地1建物1車位1,十四層,三十六層,住宅大樓(11層含以上有電梯),住家用,鋼骨造,1141028,87.82,2,2,1,有,有,8880000,106765,坡道機械,12.14,800000,預售屋、或土地及建物分件登記案件；,RPUQMLOLOHLGFCB78DA,43.32,1.93,4.34,有,
西屯區,房地(土地+建物)+車位,臺中市西屯區臺灣大道三段７６１號二十一樓之３,7.54,商,,,1090902,土地1建物1車位1,二十一層,三十六層,住宅大樓(11層含以上有電梯),住家用,鋼骨造,1141028,137.37,3,2,2,有,有,13180000,110289,坡道平面,30.56,1400000,1.讓渡日期:113年12月20日2.此申報總價為1320萬元預售屋、或土地及建物分件登記案件；,RPQRMLOLOHLGFCB48DA,63.81,2.16,4.01,有,
西屯區,房地(土地+建物)+車位,臺中市西屯區臺灣大道三段７６１號二十二樓之１０,6.0,商,,,1090812,土地1建物1車位1,二十二層,三十六層,住宅大樓(11層含以上有電梯),住家用,鋼骨造,1141028,115.91,2,2,1,有,有,10850000,110721,坡道平面,30.56,1400000,預售屋、或土地及建物分件登記案件；,RPTTMLMLNHLGFCB68DA,49.04,2.96,3.92,有,
西屯區,房地(土地+建物)+車位,臺中市西屯區臺灣大道三段７６５號五樓之２,5.59,商,,,1090813,土地1建物1車位1,五層,三十六層,住宅大樓(11層含以上有電梯),住家用,鋼骨造,1141028,90.87,2,2,1,有,有,8800000,101613,坡道機械,12.14,800000,1.讓渡日期:113年1月4日2.此申報總價為1000萬元預售屋、或土地及建物分件登記案件；,RPVPMLOLOHLGFCB78DA,45.34,2.0,4.18,有,
西屯區,房地(土地+建物)+車位,臺中市西屯區臺灣大道三段７６３號八樓之７,5.68,商,,,1090809,土地1建物1車位1,八層,三十六層,住宅大樓(11層含以上有電梯),住家用,鋼骨造,1141028,93.07,2,2,1,有,有,9260000,102681,坡道機械,12.14,950000,1.讓渡日期:114年2月27日2.此申報總價為原始買賣合約價格預售屋、或土地及建物分件登記案件；,RPQQMLOLOHLGFCB38DA,47.1,1.43,4.5,有,
西屯區,房地(土地+建物)+車位,臺中市西屯區臺灣大道三段７６３號十八樓之１,5.92,商,,,1090816,土地1建物1車位1,十八層,三十六層,住宅大樓(11層含以上有電梯),住家用,鋼骨造,1141028,114.74,2,2,1,有,有,10670000,105963,坡道平面,30.56,1750000,1.讓渡日期:112年3月22日2.此申報總價為原始買賣合約價格預售屋、或土地及建物分件登記案件；,RPXQMLOLOHLGFCB09DA,47.86,3.15,4.15,有,
西屯區,房地(土地+建物)+車位,臺中市西屯區臺灣大道三段７６５號二十八樓之３,7.54,商,,,1090804,土地1建物1車位1,二十八層,三十六層,住宅大樓(11層含以上有電梯),住家用,鋼骨造,1141028,136.36,3,2,2,有,有,13230000,109496,坡道平面,28.32,1400000,1.讓渡日期:112年12月29日2.此申報總價為1338萬元預售屋、或土地及建物分件登記案件；,RPSNMLPLOHLGFCB38DA,64.84,1.84,4.1,有,
西屯區,房地(土地+建物)+車位,臺中市西屯區臺灣大道三段７６５號三十五樓之７,7.87,商,,,1090831,土地1建物1車位1,三十五層,三十六層,住宅大樓(11層含以上有電梯),住家用,鋼骨造,1141028,141.25,3,2,2,有,有,14520000,115367,坡道平面,30.56,1750000,預售屋、或土地及建物分件登記案件；,RPUNMLPLOHLGFCB58DA,63.71,3.57,5.19,有,
西屯區,房地(土地+建物)+車位,臺中市西屯區臺灣大道三段７６３號二十一樓之９,5.27,商,,,1090720,土地1建物1車位1,二十一層,三十六層,住宅大樓(11層含以上有電梯),住家用,鋼骨造,1141028,87.01,2,2,1,有,有,9150000,110859,坡道機械,12.14,850000,1.讓渡日期:112年7月21日2.此申報總價為原始買賣合約價格預售屋、或土地及建物分件登記案件；,RPOTMLRLMHLGFCB58DA,43.48,0.62,4.96,有,
西屯區,房地(土地+建物)+車位,臺中市西屯區臺灣大道三段７６１號十七樓之１０,6.0,商,,,1090722,土地1建物1車位1,十七層,三十六層,住宅大樓(11層含以上有電梯),住家用,鋼骨造,1141028,97.5,2,2,1,有,有,10290000,109419,坡道機械,12.14,950000,1.讓渡日期:112年4月26日2.此申報總價為原始買賣合約價格預售屋、或土地及建物分件登記案件；,RPTSMLMLNHLGFCB58DA,49.04,2.96,3.92,有,
西屯區,房地(土地+建物)+車位,臺中市西屯區臺灣大道三段７６１號三十二樓之１１,5.68,商,,,1090705,土地1建物1車位1,三十二層,三十六層,住宅大樓(11層含以上有電梯),住家用,鋼骨造,1141028,110.27,2,2,1,有,有,10450000,110400,坡道平面,30.56,1650000,1.讓渡日期:112年9月11日2.此申報總價為1165萬元預售屋、或土地及建物分件登記案件；,RPVNMLPKOHLGFCB58DA,46.59,1.53,4.11,有,
西屯區,房地(土地+建物)+車位,臺中市西屯區臺灣大道三段７６５號三樓之８,5.51,商,,,1090729,土地1建物1車位1,三層,三十六層,住宅大樓(11層含以上有電梯),辦公用,鋼骨造,1141028,111.1,0,0,0,無,有,10840000,119486,坡道平面,33.35,1550000,預售屋、或土地及建物分件登記案件；,RPTPMLOLOHLGFCB58DA,45.03,1.67,4.27,有,
西屯區,房地(土地+建物)+車位,臺中市西屯區臺灣大道三段７６３號六樓之２,5.51,商,,,1090707,土地1建物1車位1,六層,三十六層,住宅大樓(11層含以上有電梯),住家用,鋼骨造,1141028,90.53,2,2,1,有,有,8900000,101416,坡道機械,12.14,950000,1.讓渡日期:110年11月23日2.此申報總價為920萬預售屋、或土地及建物分件登記案件；,RPXPMLOLOHLGFCB98DA,45.26,1.96,4.1,有,
西屯區,房地(土地+建物)+車位,臺中市西屯區臺灣大道三段７６３號七樓之１,5.92,商,,,1090717,土地1建物1車位1,七層,三十六層,住宅大樓(11層含以上有電梯),住家用,鋼骨造,1141028,114.74,2,2,1,有,有,9960000,101687,坡道平面,30.56,1400000,預售屋、或土地及建物分件登記案件；,RPPQMLOLOHLGFCB28DA,47.86,3.15,4.15,有,
西屯區,房地(土地+建物)+車位,臺中市西屯區臺灣大道三段７６３號八樓之８,6.08,商,,,1090707,土地1建物1車位1,八層,三十六層,住宅大樓(11層含以上有電梯),住家用,鋼骨造,1141028,97.9,2,2,1,有,有,9880000,104128,坡道機械,12.14,950000,1.讓渡日期:114年1月3日2.此申報總價為原始買賣合約價格預售屋、或土地及建物分件登記案件；,RPRQMLOLOHLGFCB48DA,46.38,4.0,5.8,有,
西屯區,房地(土地+建物)+車位,臺中市西屯區臺灣大道三段７６５號十六樓之１３,5.03,商,,,1090717,土地1建物1車位1,十六層,三十六層,住宅大樓(11層含以上有電梯),住家用,鋼骨造,1141028,84.5,2,2,1,有,有,8790000,108347,坡道機械,12.14,950000,1.讓渡日期:110年10月26日2.此申報總價為906萬元預售屋、或土地及建物分件登記案件；,RPWQMLOLOHLGFCB98DA,42.98,0.0,4.41,有,
西屯區,房地(土地+建物)+車位,臺中市西屯區臺灣大道三段７６３號二十二樓之１３,6.08,商,,,1090725,土地1建物1車位1,二十二層,三十六層,住宅大樓(11層含以上有電梯),住家用,鋼骨造,1141028,115.95,2,2,1,有,有,10800000,108912,坡道平面,30.56,1500000,預售屋、或土地及建物分件登記案件；,RPSRMLOLOHLGFCB68DA,49.04,3.0,3.92,有,
西屯區,房地(土地+建物)+車位,臺中市西屯區臺灣大道三段７６５號三十三樓之１１,8.03,商,,,1090708,土地1建物1車位1,三十三層,三十六層,住宅大樓(11層含以上有電梯),住家用,鋼骨造,1141028,143.65,3,2,2,有,有,14630000,114776,坡道平面,30.56,1650000,預售屋、或土地及建物分件登記案件；,RPPSMLOLOHLGFCB48DA,64.86,3.7,5.47,有,
西屯區,房地(土地+建物)+車位,臺中市西屯區臺灣大道三段７６５號三十五樓之１０,5.51,商,,,1090725,土地1建物1車位1,三十五層,三十六層,住宅大樓(11層含以上有電梯),住家用,鋼骨造,1141028,108.19,2,2,1,有,有,10130000,113745,坡道平面,30.56,1300000,1.讓渡日期:113年12月13日2.此申報總價為原始買賣合約價格預售屋、或土地及建物分件登記案件；,RPRSMLOLOHLGFCB68DA,45.03,1.55,4.27,有,
西屯區,房地(土地+建物)+車位,臺中市西屯區臺灣大道三段７６１號二十四樓之８,5.51,商,,,1090629,土地1建物1車位1,二十四層,三十六層,住宅大樓(11層含以上有電梯),住家用,鋼骨造,1141028,90.53,2,2,1,有,有,9390000,108942,坡道機械,12.14,850000,1.讓渡日期:114年4月8日2.此申報總價為原始買賣合約價格預售屋、或土地及建物分件登記案件；,RPQUMLMLNHLGFCB48DA,45.21,1.96,4.15,有,
